ISO-10303-21;
HEADER;
/* Generated by software containing ST-Developer
 * from STEP Tools, Inc. (www.steptools.com) 
 */

FILE_DESCRIPTION(
/* description */ (''),
/* implementation_level */ '2;1');

FILE_NAME(
/* name */ 'bottom-cover-main-x1.step',
/* time_stamp */ '2026-09-30T23:19:15+03:00',
/* author */ (''),
/* organization */ (''),
/* preprocessor_version */ 'ST-DEVELOPER v20.1',
/* originating_system */ 'Autodesk Translation Framework v15.8.0.0',
/* authorisation */ '');

FILE_SCHEMA (('AUTOMOTIVE_DESIGN { 1 0 10303 214 3 1 1 }'));
ENDSEC;

DATA;
#10=MECHANICAL_DESIGN_GEOMETRIC_PRESENTATION_REPRESENTATION('',(#13),#13225);
#11=SHAPE_REPRESENTATION_RELATIONSHIP('SRR','None',#13232,#12);
#12=ADVANCED_BREP_SHAPE_REPRESENTATION('',(#14),#13224);
#13=STYLED_ITEM('',(#13241),#14);
#14=MANIFOLD_SOLID_BREP('bottom-cover-main-x1',#6315);
#15=B_SPLINE_SURFACE_WITH_KNOTS('',3,3,((#9531,#9532,#9533,#9534),(#9535,
#9536,#9537,#9538),(#9539,#9540,#9541,#9542),(#9543,#9544,#9545,#9546)),
 .UNSPECIFIED.,.F.,.F.,.F.,(4,4),(4,4),(0.,1.),(0.805985938741547,0.924363560032898),
 .UNSPECIFIED.);
#16=B_SPLINE_SURFACE_WITH_KNOTS('',3,3,((#9558,#9559,#9560,#9561),(#9562,
#9563,#9564,#9565),(#9566,#9567,#9568,#9569),(#9570,#9571,#9572,#9573)),
 .UNSPECIFIED.,.F.,.F.,.F.,(4,4),(4,4),(0.,1.),(2.65415171037715,2.72768216918797),
 .UNSPECIFIED.);
#17=B_SPLINE_SURFACE_WITH_KNOTS('',3,3,((#9740,#9741,#9742,#9743),(#9744,
#9745,#9746,#9747),(#9748,#9749,#9750,#9751),(#9752,#9753,#9754,#9755)),
 .UNSPECIFIED.,.F.,.F.,.F.,(4,4),(4,4),(0.,1.),(-4.27127971464383,-4.19774925583321),
 .UNSPECIFIED.);
#18=B_SPLINE_SURFACE_WITH_KNOTS('',3,3,((#9806,#9807,#9808,#9809),(#9810,
#9811,#9812,#9813),(#9814,#9815,#9816,#9817),(#9818,#9819,#9820,#9821)),
 .UNSPECIFIED.,.F.,.F.,.F.,(4,4),(4,4),(0.,1.),(-0.924363560041403,-0.805985938737845),
 .UNSPECIFIED.);
#19=B_SPLINE_SURFACE_WITH_KNOTS('',3,3,((#9915,#9916,#9917,#9918),(#9919,
#9920,#9921,#9922),(#9923,#9924,#9925,#9926),(#9927,#9928,#9929,#9930)),
 .UNSPECIFIED.,.F.,.F.,.F.,(4,4),(4,4),(0.,1.),(-0.865888355041057,-0.771800232524382),
 .UNSPECIFIED.);
#20=B_SPLINE_SURFACE_WITH_KNOTS('',3,3,((#9944,#9945,#9946,#9947),(#9948,
#9949,#9950,#9951),(#9952,#9953,#9954,#9955),(#9956,#9957,#9958,#9959)),
 .UNSPECIFIED.,.F.,.F.,.F.,(4,4),(4,4),(0.,1.),(4.71238898039185,5.21774949059213),
 .UNSPECIFIED.);
#21=B_SPLINE_SURFACE_WITH_KNOTS('',3,3,((#9971,#9972,#9973,#9974),(#9975,
#9976,#9977,#9978),(#9979,#9980,#9981,#9982),(#9983,#9984,#9985,#9986)),
 .UNSPECIFIED.,.F.,.F.,.F.,(4,4),(4,4),(0.,1.),(0.592190715328461,0.616535240271134),
 .UNSPECIFIED.);
#22=B_SPLINE_SURFACE_WITH_KNOTS('',3,3,((#10012,#10013,#10014,#10015,#10016,
#10017,#10018),(#10019,#10020,#10021,#10022,#10023,#10024,#10025),(#10026,
#10027,#10028,#10029,#10030,#10031,#10032),(#10033,#10034,#10035,#10036,
#10037,#10038,#10039)),.UNSPECIFIED.,.F.,.F.,.F.,(4,4),(4,1,1,1,4),(0.,
1.),(2.98525928293908,3.47872491077974,3.72545772470007,4.21892335254073,
4.71238898038139),.UNSPECIFIED.);
#23=B_SPLINE_SURFACE_WITH_KNOTS('',3,3,((#10081,#10082,#10083,#10084,#10085,
#10086),(#10087,#10088,#10089,#10090,#10091,#10092),(#10093,#10094,#10095,
#10096,#10097,#10098),(#10099,#10100,#10101,#10102,#10103,#10104)),
 .UNSPECIFIED.,.F.,.F.,.F.,(4,4),(4,1,1,4),(0.,1.),(1.47273628842765,2.03153752023371,
2.40407167477108,2.77660582930845),.UNSPECIFIED.);
#24=B_SPLINE_SURFACE_WITH_KNOTS('',3,3,((#10113,#10114,#10115,#10116),(#10117,
#10118,#10119,#10120),(#10121,#10122,#10123,#10124),(#10125,#10126,#10127,
#10128)),.UNSPECIFIED.,.F.,.F.,.F.,(4,4),(4,4),(0.,1.),(0.218962870649118,
0.230628091466006),.UNSPECIFIED.);
#25=B_SPLINE_SURFACE_WITH_KNOTS('',3,3,((#10135,#10136,#10137,#10138),(#10139,
#10140,#10141,#10142),(#10143,#10144,#10145,#10146),(#10147,#10148,#10149,
#10150)),.UNSPECIFIED.,.F.,.F.,.F.,(4,4),(4,4),(0.,1.),(-0.433425103851394,
-0.152260439523559),.UNSPECIFIED.);
#26=B_SPLINE_SURFACE_WITH_KNOTS('',3,3,((#10159,#10160,#10161,#10162),(#10163,
#10164,#10165,#10166),(#10167,#10168,#10169,#10170),(#10171,#10172,#10173,
#10174)),.UNSPECIFIED.,.F.,.F.,.F.,(4,4),(4,4),(0.,1.),(-0.771800232525524,
-0.746898420941614),.UNSPECIFIED.);
#27=B_SPLINE_SURFACE_WITH_KNOTS('',3,3,((#10179,#10180,#10181,#10182),(#10183,
#10184,#10185,#10186),(#10187,#10188,#10189,#10190),(#10191,#10192,#10193,
#10194)),.UNSPECIFIED.,.F.,.F.,.F.,(4,4),(4,4),(0.,1.),(0.,0.592190715328461),
 .UNSPECIFIED.);
#28=B_SPLINE_SURFACE_WITH_KNOTS('',3,3,((#10223,#10224,#10225,#10226,#10227,
#10228),(#10229,#10230,#10231,#10232,#10233,#10234),(#10235,#10236,#10237,
#10238,#10239,#10240),(#10241,#10242,#10243,#10244,#10245,#10246)),
 .UNSPECIFIED.,.F.,.F.,.F.,(4,4),(4,1,1,4),(0.,1.),(1.57079632679526,2.24399475255179,
2.69279370305615,3.1415926535605),.UNSPECIFIED.);
#29=B_SPLINE_SURFACE_WITH_KNOTS('',3,3,((#10253,#10254,#10255,#10256,#10257,
#10258),(#10259,#10260,#10261,#10262,#10263,#10264),(#10265,#10266,#10267,
#10268,#10269,#10270),(#10271,#10272,#10273,#10274,#10275,#10276)),
 .UNSPECIFIED.,.F.,.F.,.F.,(4,4),(4,1,1,4),(0.,1.),(1.65157193476873E-11,
0.448798950531692,0.897597901046868,1.57079632681963),.UNSPECIFIED.);
#30=B_SPLINE_SURFACE_WITH_KNOTS('',3,3,((#10298,#10299,#10300,#10301),(#10302,
#10303,#10304,#10305),(#10306,#10307,#10308,#10309),(#10310,#10311,#10312,
#10313)),.UNSPECIFIED.,.F.,.F.,.F.,(4,4),(4,4),(0.,1.),(0.263738029771348,
0.433425103854679),.UNSPECIFIED.);
#31=B_SPLINE_SURFACE_WITH_KNOTS('',3,3,((#10319,#10320,#10321,#10322),(#10323,
#10324,#10325,#10326),(#10327,#10328,#10329,#10330),(#10331,#10332,#10333,
#10334)),.UNSPECIFIED.,.F.,.F.,.F.,(4,4),(4,4),(0.,1.),(-0.0972266276254951,
-0.0593248131311918),.UNSPECIFIED.);
#32=B_SPLINE_SURFACE_WITH_KNOTS('',3,3,((#10335,#10336,#10337,#10338),(#10339,
#10340,#10341,#10342),(#10343,#10344,#10345,#10346),(#10347,#10348,#10349,
#10350)),.UNSPECIFIED.,.F.,.F.,.F.,(4,4),(4,4),(0.,1.),(0.200349217817879,
0.238251032309018),.UNSPECIFIED.);
#33=B_SPLINE_SURFACE_WITH_KNOTS('',3,3,((#10357,#10358,#10359,#10360),(#10361,
#10362,#10363,#10364),(#10365,#10366,#10367,#10368),(#10369,#10370,#10371,
#10372)),.UNSPECIFIED.,.F.,.F.,.F.,(4,4),(4,4),(0.,1.),(-0.43342510384864,
-0.263738029831536),.UNSPECIFIED.);
#34=B_SPLINE_SURFACE_WITH_KNOTS('',3,3,((#10440,#10441,#10442,#10443),(#10444,
#10445,#10446,#10447),(#10448,#10449,#10450,#10451),(#10452,#10453,#10454,
#10455)),.UNSPECIFIED.,.F.,.F.,.F.,(4,4),(4,4),(0.,1.),(0.770428734450615,
0.864515824854806),.UNSPECIFIED.);
#35=B_SPLINE_SURFACE_WITH_KNOTS('',3,3,((#10469,#10470,#10471,#10472),(#10473,
#10474,#10475,#10476),(#10477,#10478,#10479,#10480),(#10481,#10482,#10483,
#10484)),.UNSPECIFIED.,.F.,.F.,.F.,(4,4),(4,4),(0.,1.),(-1.57079632679577,
-1.06543581655978),.UNSPECIFIED.);
#36=B_SPLINE_SURFACE_WITH_KNOTS('',3,3,((#10496,#10497,#10498,#10499),(#10500,
#10501,#10502,#10503),(#10504,#10505,#10506,#10507),(#10508,#10509,#10510,
#10511)),.UNSPECIFIED.,.F.,.F.,.F.,(4,4),(4,4),(0.,1.),(-0.616535240260801,
-0.592190715318586),.UNSPECIFIED.);
#37=B_SPLINE_SURFACE_WITH_KNOTS('',3,3,((#10523,#10524,#10525,#10526,#10527),
(#10528,#10529,#10530,#10531,#10532),(#10533,#10534,#10535,#10536,#10537),
(#10538,#10539,#10540,#10541,#10542)),.UNSPECIFIED.,.F.,.F.,.F.,(4,4),(4,
1,4),(0.,1.),(-2.7766058293792,-2.21780459753934,-1.47273628841953),
 .UNSPECIFIED.);
#38=B_SPLINE_SURFACE_WITH_KNOTS('',3,3,((#10557,#10558,#10559,#10560,#10561,
#10562,#10563),(#10564,#10565,#10566,#10567,#10568,#10569,#10570),(#10571,
#10572,#10573,#10574,#10575,#10576,#10577),(#10578,#10579,#10580,#10581,
#10582,#10583,#10584)),.UNSPECIFIED.,.F.,.F.,.F.,(4,4),(4,1,1,1,4),(0.,
1.),(1.57079632679526,2.06426195463467,2.55772758247408,2.80446039639378,
3.29792602423319),.UNSPECIFIED.);
#39=B_SPLINE_SURFACE_WITH_KNOTS('',3,3,((#10605,#10606,#10607,#10608),(#10609,
#10610,#10611,#10612),(#10613,#10614,#10615,#10616),(#10617,#10618,#10619,
#10620)),.UNSPECIFIED.,.F.,.F.,.F.,(4,4),(4,4),(0.,1.),(0.15226043955338,
0.43342510385158),.UNSPECIFIED.);
#40=B_SPLINE_SURFACE_WITH_KNOTS('',3,3,((#10627,#10628,#10629,#10630),(#10631,
#10632,#10633,#10634),(#10635,#10636,#10637,#10638),(#10639,#10640,#10641,
#10642)),.UNSPECIFIED.,.F.,.F.,.F.,(4,4),(4,4),(0.,1.),(-0.0972266276159415,
-0.0855614067926384),.UNSPECIFIED.);
#41=B_SPLINE_SURFACE_WITH_KNOTS('',3,3,((#10647,#10648,#10649,#10650),(#10651,
#10652,#10653,#10654),(#10655,#10656,#10657,#10658),(#10659,#10660,#10661,
#10662)),.UNSPECIFIED.,.F.,.F.,.F.,(4,4),(4,4),(0.,1.),(-0.77042873445182,
-0.74552591019131),.UNSPECIFIED.);
#42=B_SPLINE_SURFACE_WITH_KNOTS('',3,3,((#10667,#10668,#10669,#10670),(#10671,
#10672,#10673,#10674),(#10675,#10676,#10677,#10678),(#10679,#10680,#10681,
#10682)),.UNSPECIFIED.,.F.,.F.,.F.,(4,4),(4,4),(0.,1.),(-5.55111512312578E-17,
0.592190715318586),.UNSPECIFIED.);
#43=B_SPLINE_SURFACE_WITH_KNOTS('',3,3,((#10697,#10698,#10699,#10700,#10701,
#10702),(#10703,#10704,#10705,#10706,#10707,#10708),(#10709,#10710,#10711,
#10712,#10713,#10714),(#10715,#10716,#10717,#10718,#10719,#10720)),
 .UNSPECIFIED.,.F.,.F.,.F.,(4,4),(4,1,1,4),(0.,1.),(0.364986824345063,0.737520978862196,
1.11005513337933,1.66885636515503),.UNSPECIFIED.);
#44=B_SPLINE_SURFACE_WITH_KNOTS('',3,3,((#10736,#10737,#10738,#10739,#10740,
#10741),(#10742,#10743,#10744,#10745,#10746,#10747),(#10748,#10749,#10750,
#10751,#10752,#10753),(#10754,#10755,#10756,#10757,#10758,#10759)),
 .UNSPECIFIED.,.F.,.F.,.F.,(4,4),(4,1,1,4),(0.,1.),(-1.57079632679122,-0.830597884996799,
-0.337132257133855,0.15633337072909),.UNSPECIFIED.);
#45=B_SPLINE_SURFACE_WITH_KNOTS('',3,3,((#10782,#10783,#10784,#10785),(#10786,
#10787,#10788,#10789),(#10790,#10791,#10792,#10793),(#10794,#10795,#10796,
#10797)),.UNSPECIFIED.,.F.,.F.,.F.,(4,4),(4,4),(0.,1.),(0.152260439505975,
0.433425103851308),.UNSPECIFIED.);
#46=B_SPLINE_SURFACE_WITH_KNOTS('',3,3,((#10808,#10809,#10810,#10811),(#10812,
#10813,#10814,#10815),(#10816,#10817,#10818,#10819),(#10820,#10821,#10822,
#10823)),.UNSPECIFIED.,.F.,.F.,.F.,(4,4),(4,4),(0.,1.),(-0.0972266276117706,
-0.0855614067986169),.UNSPECIFIED.);
#47=B_SPLINE_SURFACE_WITH_KNOTS('',3,3,((#10828,#10829,#10830,#10831),(#10832,
#10833,#10834,#10835),(#10836,#10837,#10838,#10839),(#10840,#10841,#10842,
#10843)),.UNSPECIFIED.,.F.,.F.,.F.,(4,4),(4,4),(0.,1.),(0.770428734442111,
0.864515824868614),.UNSPECIFIED.);
#48=B_SPLINE_SURFACE_WITH_KNOTS('',3,3,((#10857,#10858,#10859,#10860),(#10861,
#10862,#10863,#10864),(#10865,#10866,#10867,#10868),(#10869,#10870,#10871,
#10872)),.UNSPECIFIED.,.F.,.F.,.F.,(4,4),(4,4),(0.,1.),(0.745525910181231,
0.770428734443246),.UNSPECIFIED.);
#49=B_SPLINE_SURFACE_WITH_KNOTS('',3,3,((#10877,#10878,#10879,#10880),(#10881,
#10882,#10883,#10884),(#10885,#10886,#10887,#10888),(#10889,#10890,#10891,
#10892)),.UNSPECIFIED.,.F.,.F.,.F.,(4,4),(4,4),(0.,1.),(1.06543581661363,
1.57079632680563),.UNSPECIFIED.);
#50=B_SPLINE_SURFACE_WITH_KNOTS('',3,3,((#10904,#10905,#10906,#10907),(#10908,
#10909,#10910,#10911),(#10912,#10913,#10914,#10915),(#10916,#10917,#10918,
#10919)),.UNSPECIFIED.,.F.,.F.,.F.,(4,4),(4,4),(0.,1.),(-0.616535240274243,
-0.592190715331621),.UNSPECIFIED.);
#51=B_SPLINE_SURFACE_WITH_KNOTS('',3,3,((#10931,#10932,#10933,#10934),(#10935,
#10936,#10937,#10938),(#10939,#10940,#10941,#10942),(#10943,#10944,#10945,
#10946)),.UNSPECIFIED.,.F.,.F.,.F.,(4,4),(4,4),(0.,1.),(-2.77555756156289E-17,
0.592190715331621),.UNSPECIFIED.);
#52=B_SPLINE_SURFACE_WITH_KNOTS('',3,3,((#11002,#11003,#11004,#11005,#11006,
#11007),(#11008,#11009,#11010,#11011,#11012,#11013),(#11014,#11015,#11016,
#11017,#11018,#11019),(#11020,#11021,#11022,#11023,#11024,#11025)),
 .UNSPECIFIED.,.F.,.F.,.F.,(4,4),(4,1,1,4),(0.,1.),(1.57079632679491,2.24399475256415,
2.69279370307697,3.1415926535898),.UNSPECIFIED.);
#53=B_SPLINE_SURFACE_WITH_KNOTS('',3,3,((#11032,#11033,#11034,#11035,#11036,
#11037),(#11038,#11039,#11040,#11041,#11042,#11043),(#11044,#11045,#11046,
#11047,#11048,#11049),(#11050,#11051,#11052,#11053,#11054,#11055)),
 .UNSPECIFIED.,.F.,.F.,.F.,(4,4),(4,1,1,4),(0.,1.),(4.27435864480685E-15,
0.67319842576925,1.12199737628208,1.57079632679491),.UNSPECIFIED.);
#54=B_SPLINE_SURFACE_WITH_KNOTS('',3,3,((#11077,#11078,#11079,#11080),(#11081,
#11082,#11083,#11084),(#11085,#11086,#11087,#11088),(#11089,#11090,#11091,
#11092)),.UNSPECIFIED.,.F.,.F.,.F.,(4,4),(4,4),(0.,1.),(0.263738029798087,
0.433425103851657),.UNSPECIFIED.);
#55=B_SPLINE_SURFACE_WITH_KNOTS('',3,3,((#11098,#11099,#11100,#11101),(#11102,
#11103,#11104,#11105),(#11106,#11107,#11108,#11109),(#11110,#11111,#11112,
#11113)),.UNSPECIFIED.,.F.,.F.,.F.,(4,4),(4,4),(0.,1.),(-0.0972266276168882,
-0.0593248131264436),.UNSPECIFIED.);
#56=B_SPLINE_SURFACE_WITH_KNOTS('',3,3,((#11114,#11115,#11116,#11117),(#11118,
#11119,#11120,#11121),(#11122,#11123,#11124,#11125),(#11126,#11127,#11128,
#11129)),.UNSPECIFIED.,.F.,.F.,.F.,(4,4),(4,4),(0.,1.),(0.200349217773335,
0.238251032263668),.UNSPECIFIED.);
#57=B_SPLINE_SURFACE_WITH_KNOTS('',3,3,((#11136,#11137,#11138,#11139),(#11140,
#11141,#11142,#11143),(#11144,#11145,#11146,#11147),(#11148,#11149,#11150,
#11151)),.UNSPECIFIED.,.F.,.F.,.F.,(4,4),(4,4),(0.,1.),(-0.433425103851668,
-0.263738029797666),.UNSPECIFIED.);
#58=B_SPLINE_SURFACE_WITH_KNOTS('',3,3,((#11191,#11192,#11193,#11194),(#11195,
#11196,#11197,#11198),(#11199,#11200,#11201,#11202),(#11203,#11204,#11205,
#11206)),.UNSPECIFIED.,.F.,.F.,.F.,(4,4),(4,4),(0.,1.),(-0.865888355028803,
-0.771800232531987),.UNSPECIFIED.);
#59=B_SPLINE_SURFACE_WITH_KNOTS('',3,3,((#11220,#11221,#11222,#11223),(#11224,
#11225,#11226,#11227),(#11228,#11229,#11230,#11231),(#11232,#11233,#11234,
#11235)),.UNSPECIFIED.,.F.,.F.,.F.,(4,4),(4,4),(0.,1.),(4.71238898038914,
5.21774949063369),.UNSPECIFIED.);
#60=B_SPLINE_SURFACE_WITH_KNOTS('',3,3,((#11247,#11248,#11249,#11250),(#11251,
#11252,#11253,#11254),(#11255,#11256,#11257,#11258),(#11259,#11260,#11261,
#11262)),.UNSPECIFIED.,.F.,.F.,.F.,(4,4),(4,4),(0.,1.),(0.592190715323115,
0.616535240265395),.UNSPECIFIED.);
#61=B_SPLINE_SURFACE_WITH_KNOTS('',3,3,((#11274,#11275,#11276,#11277,#11278,
#11279,#11280),(#11281,#11282,#11283,#11284,#11285,#11286,#11287),(#11288,
#11289,#11290,#11291,#11292,#11293,#11294),(#11295,#11296,#11297,#11298,
#11299,#11300,#11301)),.UNSPECIFIED.,.F.,.F.,.F.,(4,4),(4,1,1,1,4),(0.,
1.),(-0.156333370623938,0.337132257210018,0.583865071126996,1.07733069896095,
1.57079632679491),.UNSPECIFIED.);
#62=B_SPLINE_SURFACE_WITH_KNOTS('',3,3,((#11337,#11338,#11339,#11340,#11341,
#11342),(#11343,#11344,#11345,#11346,#11347,#11348),(#11349,#11350,#11351,
#11352,#11353,#11354),(#11355,#11356,#11357,#11358,#11359,#11360)),
 .UNSPECIFIED.,.F.,.F.,.F.,(4,4),(4,1,1,4),(0.,1.),(-1.66885636517534,-1.11005513334111,
-0.737520978784963,-0.364986824228812),.UNSPECIFIED.);
#63=B_SPLINE_SURFACE_WITH_KNOTS('',3,3,((#11380,#11381,#11382,#11383),(#11384,
#11385,#11386,#11387),(#11388,#11389,#11390,#11391),(#11392,#11393,#11394,
#11395)),.UNSPECIFIED.,.F.,.F.,.F.,(4,4),(4,4),(0.,1.),(0.152260439564446,
0.433425103851663),.UNSPECIFIED.);
#64=B_SPLINE_SURFACE_WITH_KNOTS('',3,3,((#11402,#11403,#11404,#11405),(#11406,
#11407,#11408,#11409),(#11410,#11411,#11412,#11413),(#11414,#11415,#11416,
#11417)),.UNSPECIFIED.,.F.,.F.,.F.,(4,4),(4,4),(0.,1.),(-0.230628091468912,
-0.218962870643288),.UNSPECIFIED.);
#65=B_SPLINE_SURFACE_WITH_KNOTS('',3,3,((#11422,#11423,#11424,#11425),(#11426,
#11427,#11428,#11429),(#11430,#11431,#11432,#11433),(#11434,#11435,#11436,
#11437)),.UNSPECIFIED.,.F.,.F.,.F.,(4,4),(4,4),(0.,1.),(-0.771800232533126,
-0.746898420950649),.UNSPECIFIED.);
#66=B_SPLINE_SURFACE_WITH_KNOTS('',3,3,((#11442,#11443,#11444,#11445),(#11446,
#11447,#11448,#11449),(#11450,#11451,#11452,#11453),(#11454,#11455,#11456,
#11457)),.UNSPECIFIED.,.F.,.F.,.F.,(4,4),(4,4),(0.,1.),(-2.77555756156289E-17,
0.592190715323115),.UNSPECIFIED.);
#67=B_SPLINE_SURFACE_WITH_KNOTS('',3,3,((#11740,#11741,#11742,#11743,#11744,
#11745,#11746,#11747,#11748,#11749),(#11750,#11751,#11752,#11753,#11754,
#11755,#11756,#11757,#11758,#11759),(#11760,#11761,#11762,#11763,#11764,
#11765,#11766,#11767,#11768,#11769),(#11770,#11771,#11772,#11773,#11774,
#11775,#11776,#11777,#11778,#11779)),.UNSPECIFIED.,.F.,.F.,.F.,(4,4),(4,
1,1,1,1,1,1,4),(0.,1.),(0.,0.0714285714285714,0.142857142857143,0.428571428571429,
0.571428571428571,0.857142857142857,0.928571428571429,1.),.UNSPECIFIED.);
#68=B_SPLINE_SURFACE_WITH_KNOTS('',3,3,((#11965,#11966,#11967,#11968,#11969,
#11970,#11971,#11972,#11973,#11974),(#11975,#11976,#11977,#11978,#11979,
#11980,#11981,#11982,#11983,#11984),(#11985,#11986,#11987,#11988,#11989,
#11990,#11991,#11992,#11993,#11994),(#11995,#11996,#11997,#11998,#11999,
#12000,#12001,#12002,#12003,#12004)),.UNSPECIFIED.,.F.,.F.,.F.,(4,4),(4,
1,1,1,1,1,1,4),(0.,1.),(0.,0.0714285714285714,0.142857142857143,0.428571428571429,
0.571428571428571,0.857142857142857,0.928571428571429,1.),.UNSPECIFIED.);
#69=B_SPLINE_SURFACE_WITH_KNOTS('',3,3,((#12190,#12191,#12192,#12193,#12194),
(#12195,#12196,#12197,#12198,#12199),(#12200,#12201,#12202,#12203,#12204),
(#12205,#12206,#12207,#12208,#12209)),.UNSPECIFIED.,.F.,.F.,.F.,(4,4),(4,
1,4),(0.,1.),(9.99937012937946E-5,0.174629186167496,0.349158378633698),
 .UNSPECIFIED.);
#70=B_SPLINE_SURFACE_WITH_KNOTS('',3,3,((#12222,#12223,#12224,#12225),(#12226,
#12227,#12228,#12229),(#12230,#12231,#12232,#12233),(#12234,#12235,#12236,
#12237)),.UNSPECIFIED.,.F.,.F.,.F.,(4,4),(4,4),(0.,1.),(5.90543176283903,
5.94928621411693),.UNSPECIFIED.);
#71=B_SPLINE_SURFACE_WITH_KNOTS('',3,3,((#12245,#12246,#12247,#12248,#12249,
#12250),(#12251,#12252,#12253,#12254,#12255,#12256),(#12257,#12258,#12259,
#12260,#12261,#12262),(#12263,#12264,#12265,#12266,#12267,#12268)),
 .UNSPECIFIED.,.F.,.F.,.F.,(4,4),(4,2,4),(0.,1.),(0.349158378632553,0.375781831874877,
0.444885757684135),.UNSPECIFIED.);
#72=B_SPLINE_SURFACE_WITH_KNOTS('',3,3,((#12275,#12276,#12277,#12278),(#12279,
#12280,#12281,#12282),(#12283,#12284,#12285,#12286),(#12287,#12288,#12289,
#12290)),.UNSPECIFIED.,.F.,.F.,.F.,(4,4),(4,4),(0.,1.),(-5.90543176283903,
-5.86701108627736),.UNSPECIFIED.);
#73=B_SPLINE_SURFACE_WITH_KNOTS('',3,3,((#12291,#12292,#12293,#12294),(#12295,
#12296,#12297,#12298),(#12299,#12300,#12301,#12302),(#12303,#12304,#12305,
#12306)),.UNSPECIFIED.,.F.,.F.,.F.,(4,4),(4,4),(0.,1.),(0.805985938764171,
0.924363559978837),.UNSPECIFIED.);
#74=B_SPLINE_SURFACE_WITH_KNOTS('',3,3,((#12308,#12309,#12310,#12311),(#12312,
#12313,#12314,#12315),(#12316,#12317,#12318,#12319),(#12320,#12321,#12322,
#12323)),.UNSPECIFIED.,.F.,.F.,.F.,(4,4),(4,4),(0.,1.),(-0.924363560111263,
-0.805985938761263),.UNSPECIFIED.);
#75=B_SPLINE_SURFACE_WITH_KNOTS('',3,3,((#12327,#12328,#12329,#12330),(#12331,
#12332,#12333,#12334),(#12335,#12336,#12337,#12338),(#12339,#12340,#12341,
#12342)),.UNSPECIFIED.,.F.,.F.,.F.,(4,4),(4,4),(0.,1.),(-3.73663599588074,
-3.66310553706889),.UNSPECIFIED.);
#76=B_SPLINE_SURFACE_WITH_KNOTS('',3,3,((#12343,#12344,#12345,#12346),(#12347,
#12348,#12349,#12350),(#12351,#12352,#12353,#12354),(#12355,#12356,#12357,
#12358)),.UNSPECIFIED.,.F.,.F.,.F.,(4,4),(4,4),(0.,1.),(0.333899093063897,
0.377753544343173),.UNSPECIFIED.);
#77=B_SPLINE_SURFACE_WITH_KNOTS('',3,3,((#12366,#12367,#12368,#12369),(#12370,
#12371,#12372,#12373),(#12374,#12375,#12376,#12377),(#12378,#12379,#12380,
#12381)),.UNSPECIFIED.,.F.,.F.,.F.,(4,4),(4,4),(0.,1.),(-0.416174220905329,
-0.377753544343173),.UNSPECIFIED.);
#78=B_SPLINE_SURFACE_WITH_KNOTS('',3,3,((#12382,#12383,#12384,#12385,#12386),
(#12387,#12388,#12389,#12390,#12391),(#12392,#12393,#12394,#12395,#12396),
(#12397,#12398,#12399,#12400,#12401)),.UNSPECIFIED.,.F.,.F.,.F.,(4,4),(4,
1,4),(0.,1.),(1.96470111395565,2.1392303933992,2.31375967284276),
 .UNSPECIFIED.);
#79=B_SPLINE_SURFACE_WITH_KNOTS('',3,3,((#12414,#12415,#12416,#12417),(#12418,
#12419,#12420,#12421),(#12422,#12423,#12424,#12425),(#12426,#12427,#12428,
#12429)),.UNSPECIFIED.,.F.,.F.,.F.,(4,4),(4,4),(0.,1.),(1.86897373490496,
1.96470111395679),.UNSPECIFIED.);
#80=B_SPLINE_SURFACE_WITH_KNOTS('',3,3,((#12434,#12435,#12436,#12437),(#12438,
#12439,#12440,#12441),(#12442,#12443,#12444,#12445),(#12446,#12447,#12448,
#12449)),.UNSPECIFIED.,.F.,.F.,.F.,(4,4),(4,4),(0.,1.),(2.11950799174237,
2.19303845055437),.UNSPECIFIED.);
#81=B_SPLINE_SURFACE_WITH_KNOTS('',3,3,((#12459,#12460,#12461,#12462,#12463,
#12464,#12465,#12466,#12467,#12468),(#12469,#12470,#12471,#12472,#12473,
#12474,#12475,#12476,#12477,#12478),(#12479,#12480,#12481,#12482,#12483,
#12484,#12485,#12486,#12487,#12488),(#12489,#12490,#12491,#12492,#12493,
#12494,#12495,#12496,#12497,#12498)),.UNSPECIFIED.,.F.,.F.,.F.,(4,4),(4,
1,1,1,1,1,1,4),(0.,1.),(0.,0.0714285714285714,0.142857142857143,0.428571428571429,
0.571428571428571,0.857142857142857,0.928571428571429,1.),.UNSPECIFIED.);
#82=B_SPLINE_SURFACE_WITH_KNOTS('',3,3,((#12684,#12685,#12686,#12687,#12688,
#12689,#12690,#12691,#12692,#12693),(#12694,#12695,#12696,#12697,#12698,
#12699,#12700,#12701,#12702,#12703),(#12704,#12705,#12706,#12707,#12708,
#12709,#12710,#12711,#12712,#12713),(#12714,#12715,#12716,#12717,#12718,
#12719,#12720,#12721,#12722,#12723)),.UNSPECIFIED.,.F.,.F.,.F.,(4,4),(4,
1,1,1,1,1,1,4),(0.,1.),(0.,0.0714285714285714,0.142857142857143,0.428571428571429,
0.571428571428571,0.857142857142857,0.928571428571429,1.),.UNSPECIFIED.);
#83=B_SPLINE_SURFACE_WITH_KNOTS('',3,3,((#12912,#12913,#12914,#12915,#12916,
#12917),(#12918,#12919,#12920,#12921,#12922,#12923),(#12924,#12925,#12926,
#12927,#12928,#12929),(#12930,#12931,#12932,#12933,#12934,#12935)),
 .UNSPECIFIED.,.F.,.F.,.F.,(4,4),(4,2,4),(0.,1.),(9.99937012938013E-5,0.187890915937565,
0.349158378621628),.UNSPECIFIED.);
#84=B_SPLINE_SURFACE_WITH_KNOTS('',3,3,((#12950,#12951,#12952,#12953),(#12954,
#12955,#12956,#12957),(#12958,#12959,#12960,#12961),(#12962,#12963,#12964,
#12965)),.UNSPECIFIED.,.F.,.F.,.F.,(4,4),(4,4),(0.,1.),(5.90543176281868,
5.94928621410724),.UNSPECIFIED.);
#85=B_SPLINE_SURFACE_WITH_KNOTS('',3,3,((#12973,#12974,#12975,#12976),(#12977,
#12978,#12979,#12980),(#12981,#12982,#12983,#12984),(#12985,#12986,#12987,
#12988)),.UNSPECIFIED.,.F.,.F.,.F.,(4,4),(4,4),(0.,1.),(0.349158378620482,
0.444885757674044),.UNSPECIFIED.);
#86=B_SPLINE_SURFACE_WITH_KNOTS('',3,3,((#12993,#12994,#12995,#12996),(#12997,
#12998,#12999,#13000),(#13001,#13002,#13003,#13004),(#13005,#13006,#13007,
#13008)),.UNSPECIFIED.,.F.,.F.,.F.,(4,4),(4,4),(0.,1.),(-5.90543176281868,
-5.86701108625324),.UNSPECIFIED.);
#87=B_SPLINE_SURFACE_WITH_KNOTS('',3,3,((#13011,#13012,#13013,#13014),(#13015,
#13016,#13017,#13018),(#13019,#13020,#13021,#13022),(#13023,#13024,#13025,
#13026)),.UNSPECIFIED.,.F.,.F.,.F.,(4,4),(4,4),(0.,1.),(0.333899093073935,
0.377753544364235),.UNSPECIFIED.);
#88=B_SPLINE_SURFACE_WITH_KNOTS('',3,3,((#13034,#13035,#13036,#13037),(#13038,
#13039,#13040,#13041),(#13042,#13043,#13044,#13045),(#13046,#13047,#13048,
#13049)),.UNSPECIFIED.,.F.,.F.,.F.,(4,4),(4,4),(0.,1.),(-0.416174220930291,
-0.377753544364232),.UNSPECIFIED.);
#89=B_SPLINE_SURFACE_WITH_KNOTS('',3,3,((#13050,#13051,#13052,#13053,#13054,
#13055),(#13056,#13057,#13058,#13059,#13060,#13061),(#13062,#13063,#13064,
#13065,#13066,#13067),(#13068,#13069,#13070,#13071,#13072,#13073)),
 .UNSPECIFIED.,.F.,.F.,.F.,(4,4),(4,2,4),(0.,1.),(1.96414911812285,2.14401492825826,
2.31374587444094),.UNSPECIFIED.);
#90=B_SPLINE_SURFACE_WITH_KNOTS('',3,3,((#13088,#13089,#13090,#13091),(#13092,
#13093,#13094,#13095),(#13096,#13097,#13098,#13099),(#13100,#13101,#13102,
#13103)),.UNSPECIFIED.,.F.,.F.,.F.,(4,4),(4,4),(0.,1.),(1.87004625758778,
1.96414911812285),.UNSPECIFIED.);
#91=CONICAL_SURFACE('',#6538,5.5,0.785398163397449);
#92=CONICAL_SURFACE('',#6541,5.5,0.78539816339745);
#93=CONICAL_SURFACE('',#6567,5.5,0.785398163397447);
#94=CONICAL_SURFACE('',#6575,5.5,0.785398163397448);
#95=CONICAL_SURFACE('',#6576,3.49999999999874,0.785398163390498);
#96=CONICAL_SURFACE('',#6583,3.49999999998563,0.785398163324571);
#97=CONICAL_SURFACE('',#6589,3.50000000001437,0.785398163587528);
#98=CONICAL_SURFACE('',#6600,3.4999999999996,0.785398163392177);
#99=CONICAL_SURFACE('',#6607,3.49999999999833,0.785398163375288);
#100=CONICAL_SURFACE('',#6616,3.50000000000002,0.785398163397513);
#101=CONICAL_SURFACE('',#6621,3.49999999999999,0.785398163397245);
#102=CONICAL_SURFACE('',#6631,3.50000000000002,0.785398163397535);
#103=(
BOUNDED_CURVE()
B_SPLINE_CURVE(2,(#9357,#9358,#9359),.UNSPECIFIED.,.F.,.F.)
B_SPLINE_CURVE_WITH_KNOTS((3,3),(0.0306863220594725,0.0638574284174455),
 .UNSPECIFIED.)
CURVE()
GEOMETRIC_REPRESENTATION_ITEM()
RATIONAL_B_SPLINE_CURVE((1.00105012383659,1.00161332197972,1.00216705086092))
REPRESENTATION_ITEM('')
);
#104=(
BOUNDED_CURVE()
B_SPLINE_CURVE(2,(#9499,#9500,#9501),.UNSPECIFIED.,.F.,.F.)
B_SPLINE_CURVE_WITH_KNOTS((3,3),(3.95779618253225,3.99107163787906),
 .UNSPECIFIED.)
CURVE()
GEOMETRIC_REPRESENTATION_ITEM()
RATIONAL_B_SPLINE_CURVE((1.00112451821195,1.00056698633975,1.))
REPRESENTATION_ITEM('')
);
#105=(
BOUNDED_CURVE()
B_SPLINE_CURVE(2,(#9673,#9674,#9675),.UNSPECIFIED.,.F.,.F.)
B_SPLINE_CURVE_WITH_KNOTS((3,3),(3.94331493117055,3.97648603754218),
 .UNSPECIFIED.)
CURVE()
GEOMETRIC_REPRESENTATION_ITEM()
RATIONAL_B_SPLINE_CURVE((1.00216705086204,1.00161332198044,1.0010501238369))
REPRESENTATION_ITEM('')
);
#106=(
BOUNDED_CURVE()
B_SPLINE_CURVE(2,(#9700,#9701,#9702),.UNSPECIFIED.,.F.,.F.)
B_SPLINE_CURVE_WITH_KNOTS((3,3),(0.,0.0332754553459934),.UNSPECIFIED.)
CURVE()
GEOMETRIC_REPRESENTATION_ITEM()
RATIONAL_B_SPLINE_CURVE((1.,1.00056698633975,1.00112451821195))
REPRESENTATION_ITEM('')
);
#107=FACE_BOUND('',#999,.T.);
#108=FACE_BOUND('',#1000,.T.);
#109=FACE_BOUND('',#1001,.T.);
#110=FACE_BOUND('',#1002,.T.);
#111=FACE_BOUND('',#1003,.T.);
#112=FACE_BOUND('',#1029,.T.);
#113=FACE_BOUND('',#1030,.T.);
#114=FACE_BOUND('',#1031,.T.);
#115=FACE_BOUND('',#1032,.T.);
#116=FACE_BOUND('',#1033,.T.);
#117=FACE_BOUND('',#1070,.T.);
#118=FACE_BOUND('',#1079,.T.);
#119=FACE_BOUND('',#1091,.T.);
#120=FACE_BOUND('',#1093,.T.);
#121=FACE_BOUND('',#1217,.T.);
#122=FACE_BOUND('',#1220,.T.);
#123=FACE_BOUND('',#1223,.T.);
#124=FACE_BOUND('',#1226,.T.);
#125=CIRCLE('',#6394,2.);
#126=CIRCLE('',#6396,2.);
#127=CIRCLE('',#6397,2.);
#128=CIRCLE('',#6398,2.);
#129=CIRCLE('',#6399,2.);
#130=CIRCLE('',#6400,2.);
#131=CIRCLE('',#6401,2.);
#132=CIRCLE('',#6402,2.);
#133=CIRCLE('',#6403,1.);
#134=CIRCLE('',#6404,5.1);
#135=CIRCLE('',#6405,3.);
#136=CIRCLE('',#6406,6.);
#137=CIRCLE('',#6407,6.);
#138=CIRCLE('',#6408,3.);
#139=CIRCLE('',#6409,5.1);
#140=CIRCLE('',#6410,1.);
#141=CIRCLE('',#6411,1.7);
#142=CIRCLE('',#6412,1.7);
#143=CIRCLE('',#6413,1.85);
#144=CIRCLE('',#6414,1.85);
#145=CIRCLE('',#6415,1.85);
#146=CIRCLE('',#6439,2.);
#147=CIRCLE('',#6442,2.);
#148=CIRCLE('',#6446,2.);
#149=CIRCLE('',#6450,2.);
#150=CIRCLE('',#6458,2.);
#151=CIRCLE('',#6460,1.);
#152=CIRCLE('',#6461,5.1);
#153=CIRCLE('',#6462,3.);
#154=CIRCLE('',#6463,6.);
#155=CIRCLE('',#6464,6.);
#156=CIRCLE('',#6465,3.);
#157=CIRCLE('',#6466,5.1);
#158=CIRCLE('',#6467,1.);
#159=CIRCLE('',#6468,2.);
#160=CIRCLE('',#6469,2.);
#161=CIRCLE('',#6470,2.);
#162=CIRCLE('',#6471,1.85);
#163=CIRCLE('',#6472,1.85);
#164=CIRCLE('',#6473,1.85);
#165=CIRCLE('',#6474,1.7);
#166=CIRCLE('',#6475,1.7);
#167=CIRCLE('',#6482,1.85);
#168=CIRCLE('',#6485,1.85);
#169=CIRCLE('',#6488,1.85);
#170=CIRCLE('',#6491,1.85);
#171=CIRCLE('',#6494,1.85);
#172=CIRCLE('',#6497,1.85);
#173=CIRCLE('',#6511,4.70000000012048);
#174=CIRCLE('',#6513,4.70000000000001);
#175=CIRCLE('',#6514,2.70000000000001);
#176=CIRCLE('',#6515,2.70000000012048);
#177=CIRCLE('',#6520,4.7);
#178=CIRCLE('',#6522,4.7);
#179=CIRCLE('',#6523,2.7);
#180=CIRCLE('',#6524,2.7);
#181=CIRCLE('',#6539,6.);
#182=CIRCLE('',#6540,5.);
#183=CIRCLE('',#6542,5.);
#184=CIRCLE('',#6543,6.);
#185=CIRCLE('',#6568,5.);
#186=CIRCLE('',#6569,6.);
#187=CIRCLE('',#6572,5.);
#188=CIRCLE('',#6574,6.);
#189=CIRCLE('',#6577,4.);
#190=CIRCLE('',#6578,2.99999999999748);
#191=CIRCLE('',#6584,4.);
#192=CIRCLE('',#6585,2.99999999997125);
#193=CIRCLE('',#6590,3.00000000002875);
#194=CIRCLE('',#6591,4.);
#195=CIRCLE('',#6593,2.);
#196=CIRCLE('',#6595,4.);
#197=CIRCLE('',#6598,1.99999999999989);
#198=CIRCLE('',#6601,2.99999999999919);
#199=CIRCLE('',#6605,1.99999999999999);
#200=CIRCLE('',#6608,2.99999999999665);
#201=CIRCLE('',#6609,4.);
#202=CIRCLE('',#6611,4.);
#203=CIRCLE('',#6613,1.99999999999999);
#204=CIRCLE('',#6617,3.00000000000003);
#205=CIRCLE('',#6622,2.99999999999997);
#206=CIRCLE('',#6623,4.);
#207=CIRCLE('',#6625,1.99999999999989);
#208=CIRCLE('',#6627,4.);
#209=CIRCLE('',#6629,2.);
#210=CIRCLE('',#6632,3.00000000000003);
#211=CIRCLE('',#6636,1.99999999999999);
#212=CIRCLE('',#6637,1.99999999999999);
#213=CIRCLE('',#6639,2.);
#214=CIRCLE('',#6644,1.99999999999989);
#215=CIRCLE('',#6646,1.99999999999999);
#216=CIRCLE('',#6651,6.);
#217=CIRCLE('',#6652,6.);
#218=CIRCLE('',#6656,6.);
#219=CIRCLE('',#6657,6.);
#220=CIRCLE('',#6660,1.99999999999999);
#221=CIRCLE('',#6664,2.);
#222=CIRCLE('',#6667,1.99999999999989);
#223=CIRCLE('',#6671,1.99999999999999);
#224=CIRCLE('',#6672,1.99999999999999);
#225=CIRCLE('',#6680,1.7);
#226=CIRCLE('',#6682,3.1);
#227=CIRCLE('',#6684,1.7);
#228=CIRCLE('',#6686,3.1);
#229=CIRCLE('',#6688,1.7);
#230=CIRCLE('',#6690,3.1);
#231=CIRCLE('',#6692,1.7);
#232=CIRCLE('',#6694,3.1);
#233=CIRCLE('',#6710,0.999999999999996);
#234=CIRCLE('',#6711,1.);
#235=CIRCLE('',#6718,1.);
#236=CIRCLE('',#6719,0.999999999999996);
#237=CIRCLE('',#6743,6.);
#238=CIRCLE('',#6744,6.);
#239=CIRCLE('',#6747,6.);
#240=CIRCLE('',#6748,6.);
#241=B_SPLINE_CURVE_WITH_KNOTS('',3,(#8225,#8226,#8227,#8228,#8229,#8230,
#8231,#8232),.UNSPECIFIED.,.F.,.F.,(4,2,2,4),(0.418738341712096,0.484893741284539,
0.572250076134163,0.654526558477021),.UNSPECIFIED.);
#242=B_SPLINE_CURVE_WITH_KNOTS('',3,(#8241,#8242,#8243,#8244,#8245,#8246,
#8247,#8248,#8249,#8250),.UNSPECIFIED.,.F.,.F.,(4,2,2,2,4),(0.822715468368741,
0.829066299594975,0.926304041441656,1.02354178328834,1.04367157167502),
 .UNSPECIFIED.);
#243=B_SPLINE_CURVE_WITH_KNOTS('',3,(#8266,#8267,#8268,#8269,#8270,#8271,
#8272,#8273,#8274,#8275),.UNSPECIFIED.,.F.,.F.,(4,2,2,2,4),(0.559033388341522,
0.573131608892768,0.673501187015721,0.773870765138674,0.780222027600933),
 .UNSPECIFIED.);
#244=B_SPLINE_CURVE_WITH_KNOTS('',3,(#8290,#8291,#8292,#8293,#8294,#8295,
#8296,#8297),.UNSPECIFIED.,.F.,.F.,(4,2,2,4),(0.629225324404141,0.711501806746747,
0.798858141596167,0.865013541165789),.UNSPECIFIED.);
#245=B_SPLINE_CURVE_WITH_KNOTS('',3,(#8342,#8343,#8344,#8345,#8346,#8347),
 .UNSPECIFIED.,.F.,.F.,(4,2,4),(0.211255258067578,0.239936529649162,0.251538603150699),
 .UNSPECIFIED.);
#246=B_SPLINE_CURVE_WITH_KNOTS('',3,(#8351,#8352,#8353,#8354,#8355,#8356,
#8357,#8358),.UNSPECIFIED.,.F.,.F.,(4,2,2,4),(2.55442806303504,2.56498583072271,
2.78016162795204,2.99533742518137),.UNSPECIFIED.);
#247=B_SPLINE_CURVE_WITH_KNOTS('',3,(#8362,#8363,#8364,#8365,#8366,#8367),
 .UNSPECIFIED.,.F.,.F.,(4,2,4),(0.,0.19309433474299,0.2639981798353),
 .UNSPECIFIED.);
#248=B_SPLINE_CURVE_WITH_KNOTS('',3,(#8403,#8404,#8405,#8406,#8407,#8408,
#8409,#8410),.UNSPECIFIED.,.F.,.F.,(4,2,2,4),(0.00507985250681489,0.0873563348505342,
0.174712669701068,0.240868069263539),.UNSPECIFIED.);
#249=B_SPLINE_CURVE_WITH_KNOTS('',3,(#8415,#8416,#8417,#8418,#8419,#8420,
#8421,#8422,#8423,#8424,#8425),.UNSPECIFIED.,.F.,.F.,(4,2,2,3,4),(-0.214546248521347,
-0.192840410164993,-0.0964202050824965,0.,0.00635126246226053),
 .UNSPECIFIED.);
#250=B_SPLINE_CURVE_WITH_KNOTS('',3,(#8451,#8452,#8453,#8454,#8455,#8456,
#8457,#8458,#8459,#8460,#8461),.UNSPECIFIED.,.F.,.F.,(4,3,2,2,4),(-0.00635286270488397,
0.,0.0964202050825364,0.192840410165073,0.214546248556849),
 .UNSPECIFIED.);
#251=B_SPLINE_CURVE_WITH_KNOTS('',3,(#8499,#8500,#8501,#8502,#8503,#8504,
#8505,#8506),.UNSPECIFIED.,.F.,.F.,(4,2,2,4),(1.04262067185909,1.10440186649456,
1.19402572864265,1.27856873380804),.UNSPECIFIED.);
#252=B_SPLINE_CURVE_WITH_KNOTS('',3,(#8518,#8519,#8520,#8521,#8522,#8523,
#8524,#8525),.UNSPECIFIED.,.F.,.F.,(4,2,2,4),(2.5544280630523,2.56498583073782,
2.78016162796543,2.99533742519303),.UNSPECIFIED.);
#253=B_SPLINE_CURVE_WITH_KNOTS('',3,(#8529,#8530,#8531,#8532,#8533,#8534),
 .UNSPECIFIED.,.F.,.F.,(4,2,4),(0.,0.193094334742423,0.263998179827981),
 .UNSPECIFIED.);
#254=B_SPLINE_CURVE_WITH_KNOTS('',3,(#8569,#8570,#8571,#8572,#8573,#8574),
 .UNSPECIFIED.,.F.,.F.,(4,2,4),(1.1857954806013,1.19524607596829,1.22600078474779),
 .UNSPECIFIED.);
#255=B_SPLINE_CURVE_WITH_KNOTS('',3,(#8613,#8614,#8615,#8616,#8617,#8618),
 .UNSPECIFIED.,.F.,.F.,(4,2,4),(0.,0.0715730161034253,0.143146032206851),
 .UNSPECIFIED.);
#256=B_SPLINE_CURVE_WITH_KNOTS('',3,(#8654,#8655,#8656,#8657,#8658,#8659),
 .UNSPECIFIED.,.F.,.F.,(4,2,4),(0.,0.0715730161156166,0.143146032231233),
 .UNSPECIFIED.);
#257=B_SPLINE_CURVE_WITH_KNOTS('',3,(#8693,#8694,#8695,#8696,#8697,#8698,
#8699,#8700),.UNSPECIFIED.,.F.,.F.,(4,2,2,4),(1.16716795931486,1.20096947751811,
1.31360658618801,1.4262436948579),.UNSPECIFIED.);
#258=B_SPLINE_CURVE_WITH_KNOTS('',3,(#8710,#8711,#8712,#8713,#8714,#8715,
#8716,#8717),.UNSPECIFIED.,.F.,.F.,(4,2,2,4),(1.18266486659176,1.18290241160749,
1.30447235006823,1.42604228852897),.UNSPECIFIED.);
#259=B_SPLINE_CURVE_WITH_KNOTS('',3,(#8727,#8728,#8729,#8730,#8731,#8732,
#8733,#8734),.UNSPECIFIED.,.F.,.F.,(4,2,2,4),(0.,0.12156993846073,0.24313987692146,
0.271547068072328),.UNSPECIFIED.);
#260=B_SPLINE_CURVE_WITH_KNOTS('',3,(#8742,#8743,#8744,#8745,#8746,#8747,
#8748,#8749),.UNSPECIFIED.,.F.,.F.,(4,2,2,4),(0.526852261312649,0.559125994755529,
0.636070207544361,0.713014420333194),.UNSPECIFIED.);
#261=B_SPLINE_CURVE_WITH_KNOTS('',3,(#8752,#8753,#8754,#8755,#8756,#8757,
#8758,#8759),.UNSPECIFIED.,.F.,.F.,(4,2,2,4),(0.713027868195784,0.789972080984616,
0.866916293773449,0.878065165270744),.UNSPECIFIED.);
#262=B_SPLINE_CURVE_WITH_KNOTS('',3,(#8762,#8763,#8764,#8765,#8766,#8767,
#8768,#8769),.UNSPECIFIED.,.F.,.F.,(4,2,2,4),(0.,0.121569938460738,0.243139876921476,
0.292474166340232),.UNSPECIFIED.);
#263=B_SPLINE_CURVE_WITH_KNOTS('',3,(#8794,#8795,#8796,#8797,#8798,#8799,
#8800,#8801),.UNSPECIFIED.,.F.,.F.,(4,2,2,4),(1.13355467432602,1.18288896374481,
1.30445890220559,1.42602884066638),.UNSPECIFIED.);
#264=B_SPLINE_CURVE_WITH_KNOTS('',3,(#8815,#8816,#8817,#8818,#8819,#8820,
#8821,#8822),.UNSPECIFIED.,.F.,.F.,(4,2,2,4),(1.15513574648374,1.20095602965546,
1.3135931383254,1.42623024699534),.UNSPECIFIED.);
#265=B_SPLINE_CURVE_WITH_KNOTS('',3,(#8837,#8838,#8839,#8840,#8841,#8842,
#8843,#8844),.UNSPECIFIED.,.F.,.F.,(4,2,2,4),(0.,0.121569938460713,0.243139876921426,
0.243377421937082),.UNSPECIFIED.);
#266=B_SPLINE_CURVE_WITH_KNOTS('',3,(#8855,#8856,#8857,#8858,#8859,#8860,
#8861,#8862),.UNSPECIFIED.,.F.,.F.,(4,2,2,4),(0.547977123258576,0.559125994755643,
0.636070207544476,0.713014420333308),.UNSPECIFIED.);
#267=B_SPLINE_CURVE_WITH_KNOTS('',3,(#8865,#8866,#8867,#8868,#8869,#8870,
#8871,#8872),.UNSPECIFIED.,.F.,.F.,(4,2,2,4),(0.713014420333308,0.789958633122141,
0.866902845910974,0.899176579353843),.UNSPECIFIED.);
#268=B_SPLINE_CURVE_WITH_KNOTS('',3,(#8876,#8877,#8878,#8879,#8880,#8881,
#8882,#8883),.UNSPECIFIED.,.F.,.F.,(4,2,2,4),(0.,0.121569938460709,0.243139876921418,
0.259374571030274),.UNSPECIFIED.);
#269=B_SPLINE_CURVE_WITH_KNOTS('',3,(#8907,#8908,#8909,#8910,#8911,#8912),
 .UNSPECIFIED.,.F.,.F.,(4,2,4),(0.,0.0715730161072529,0.143146032214506),
 .UNSPECIFIED.);
#270=B_SPLINE_CURVE_WITH_KNOTS('',3,(#8948,#8949,#8950,#8951,#8952,#8953),
 .UNSPECIFIED.,.F.,.F.,(4,2,4),(0.,0.071573016107083,0.143146032214167),
 .UNSPECIFIED.);
#271=B_SPLINE_CURVE_WITH_KNOTS('',3,(#9024,#9025,#9026,#9027),
 .UNSPECIFIED.,.F.,.F.,(4,4),(0.,0.00986107051261497),.UNSPECIFIED.);
#272=B_SPLINE_CURVE_WITH_KNOTS('',3,(#9029,#9030,#9031,#9032,#9033,#9034),
 .UNSPECIFIED.,.F.,.F.,(4,1,1,4),(1.47273628842765,2.03153752023371,2.40407167477108,
2.7700417725484),.UNSPECIFIED.);
#273=B_SPLINE_CURVE_WITH_KNOTS('',3,(#9036,#9037,#9038,#9039),
 .UNSPECIFIED.,.F.,.F.,(4,4),(-0.771800232525524,-0.746898420941614),
 .UNSPECIFIED.);
#274=B_SPLINE_CURVE_WITH_KNOTS('',3,(#9045,#9046,#9047,#9048,#9049,#9050,
#9051),.UNSPECIFIED.,.F.,.F.,(4,1,1,1,4),(1.57079632679526,2.06426195463467,
2.55772758247408,2.80446039639378,3.28404111003809),.UNSPECIFIED.);
#275=B_SPLINE_CURVE_WITH_KNOTS('',3,(#9053,#9054,#9055,#9056),
 .UNSPECIFIED.,.F.,.F.,(4,4),(-0.0972266276159415,-0.0855614067926384),
 .UNSPECIFIED.);
#276=B_SPLINE_CURVE_WITH_KNOTS('',3,(#9060,#9061,#9062,#9063),
 .UNSPECIFIED.,.F.,.F.,(4,4),(0.200349217817879,0.238251032309018),
 .UNSPECIFIED.);
#277=B_SPLINE_CURVE_WITH_KNOTS('',3,(#9065,#9066,#9067,#9068,#9069,#9070),
 .UNSPECIFIED.,.F.,.F.,(4,1,1,4),(1.65157193476873E-11,0.448798950531692,
0.897597901046868,1.57079632681963),.UNSPECIFIED.);
#278=B_SPLINE_CURVE_WITH_KNOTS('',3,(#9074,#9075,#9076,#9077,#9078,#9079),
 .UNSPECIFIED.,.F.,.F.,(4,1,1,4),(1.57079632679526,2.24399475255179,2.69279370305615,
3.1415926535605),.UNSPECIFIED.);
#279=B_SPLINE_CURVE_WITH_KNOTS('',3,(#9081,#9082,#9083,#9084),
 .UNSPECIFIED.,.F.,.F.,(4,4),(-0.0972266276254951,-0.0593248131311918),
 .UNSPECIFIED.);
#280=B_SPLINE_CURVE_WITH_KNOTS('',3,(#9088,#9089,#9090,#9091),
 .UNSPECIFIED.,.F.,.F.,(4,4),(0.218962870649118,0.230628091466006),
 .UNSPECIFIED.);
#281=B_SPLINE_CURVE_WITH_KNOTS('',3,(#9092,#9093,#9094,#9095,#9096,#9097,
#9098),.UNSPECIFIED.,.F.,.F.,(4,1,1,1,4),(2.99914419709376,3.47872491077974,
3.72545772470007,4.21892335254073,4.71238898038139),.UNSPECIFIED.);
#282=B_SPLINE_CURVE_WITH_KNOTS('',3,(#9104,#9105,#9106,#9107),
 .UNSPECIFIED.,.F.,.F.,(4,4),(0.,0.00986100447439422),.UNSPECIFIED.);
#283=B_SPLINE_CURVE_WITH_KNOTS('',3,(#9109,#9110,#9111,#9112,#9113,#9114),
 .UNSPECIFIED.,.F.,.F.,(4,1,1,4),(-1.66885636517534,-1.11005513334111,-0.737520978784963,
-0.371550873672604),.UNSPECIFIED.);
#284=B_SPLINE_CURVE_WITH_KNOTS('',3,(#9116,#9117,#9118,#9119),
 .UNSPECIFIED.,.F.,.F.,(4,4),(-0.771800232533126,-0.746898420950649),
 .UNSPECIFIED.);
#285=B_SPLINE_CURVE_WITH_KNOTS('',3,(#9125,#9126,#9127,#9128,#9129,#9130),
 .UNSPECIFIED.,.F.,.F.,(4,1,1,4),(-1.57079632679122,-0.830597884996799,
-0.337132257133855,0.142448930969581),.UNSPECIFIED.);
#286=B_SPLINE_CURVE_WITH_KNOTS('',3,(#9132,#9133,#9134,#9135),
 .UNSPECIFIED.,.F.,.F.,(4,4),(-0.0972266276117706,-0.0855614067986169),
 .UNSPECIFIED.);
#287=B_SPLINE_CURVE_WITH_KNOTS('',3,(#9139,#9140,#9141,#9142),
 .UNSPECIFIED.,.F.,.F.,(4,4),(0.200349217773335,0.238251032263668),
 .UNSPECIFIED.);
#288=B_SPLINE_CURVE_WITH_KNOTS('',3,(#9144,#9145,#9146,#9147,#9148,#9149),
 .UNSPECIFIED.,.F.,.F.,(4,1,1,4),(4.27435864480685E-15,0.67319842576925,
1.12199737628208,1.57079632679491),.UNSPECIFIED.);
#289=B_SPLINE_CURVE_WITH_KNOTS('',3,(#9153,#9154,#9155,#9156,#9157,#9158),
 .UNSPECIFIED.,.F.,.F.,(4,1,1,4),(1.57079632679491,2.24399475256415,2.69279370307697,
3.1415926535898),.UNSPECIFIED.);
#290=B_SPLINE_CURVE_WITH_KNOTS('',3,(#9160,#9161,#9162,#9163),
 .UNSPECIFIED.,.F.,.F.,(4,4),(-0.0972266276168882,-0.0593248131264436),
 .UNSPECIFIED.);
#291=B_SPLINE_CURVE_WITH_KNOTS('',3,(#9167,#9168,#9169,#9170),
 .UNSPECIFIED.,.F.,.F.,(4,4),(0.218962870643288,0.230628091468912),
 .UNSPECIFIED.);
#292=B_SPLINE_CURVE_WITH_KNOTS('',3,(#9171,#9172,#9173,#9174,#9175,#9176,
#9177),.UNSPECIFIED.,.F.,.F.,(4,1,1,1,4),(-0.142448528226536,0.337132257210018,
0.583865071126996,1.07733069896095,1.57079632679491),.UNSPECIFIED.);
#293=B_SPLINE_CURVE_WITH_KNOTS('',3,(#9184,#9185,#9186,#9187),
 .UNSPECIFIED.,.F.,.F.,(4,4),(0.745525910181231,0.770428734443246),
 .UNSPECIFIED.);
#294=B_SPLINE_CURVE_WITH_KNOTS('',3,(#9189,#9190,#9191,#9192,#9193,#9194),
 .UNSPECIFIED.,.F.,.F.,(4,1,1,4),(0.371550873752335,0.737520978862196,1.11005513337933,
1.66885636515503),.UNSPECIFIED.);
#295=B_SPLINE_CURVE_WITH_KNOTS('',3,(#9195,#9196,#9197,#9198),
 .UNSPECIFIED.,.F.,.F.,(4,4),(0.675845878469052,0.687784866010498),
 .UNSPECIFIED.);
#296=B_SPLINE_CURVE_WITH_KNOTS('',3,(#9205,#9206,#9207,#9208),
 .UNSPECIFIED.,.F.,.F.,(4,4),(0.74552591019131,0.77042873445182),
 .UNSPECIFIED.);
#297=B_SPLINE_CURVE_WITH_KNOTS('',3,(#9210,#9211,#9212,#9213,#9214),
 .UNSPECIFIED.,.F.,.F.,(4,1,4),(-2.7700415490626,-2.21780459753934,-1.47273628841953),
 .UNSPECIFIED.);
#298=B_SPLINE_CURVE_WITH_KNOTS('',3,(#9215,#9216,#9217,#9218),
 .UNSPECIFIED.,.F.,.F.,(4,4),(0.675845878430647,0.687784865984171),
 .UNSPECIFIED.);
#299=B_SPLINE_CURVE_WITH_KNOTS('',3,(#9234,#9235,#9236,#9237),
 .UNSPECIFIED.,.F.,.F.,(4,4),(-0.433425103854679,-0.263738029771348),
 .UNSPECIFIED.);
#300=B_SPLINE_CURVE_WITH_KNOTS('',3,(#9239,#9240,#9241,#9242),
 .UNSPECIFIED.,.F.,.F.,(4,4),(0.0593248131311918,0.0972266276254951),
 .UNSPECIFIED.);
#301=B_SPLINE_CURVE_WITH_KNOTS('',3,(#9244,#9245,#9246,#9247,#9248,#9249),
 .UNSPECIFIED.,.F.,.F.,(4,1,1,4),(-3.1415926535605,-2.69279370305615,-2.24399475255179,
-1.57079632679526),.UNSPECIFIED.);
#302=B_SPLINE_CURVE_WITH_KNOTS('',3,(#9294,#9295,#9296,#9297),
 .UNSPECIFIED.,.F.,.F.,(4,4),(-0.433425103851657,-0.263738029798087),
 .UNSPECIFIED.);
#303=B_SPLINE_CURVE_WITH_KNOTS('',3,(#9299,#9300,#9301,#9302),
 .UNSPECIFIED.,.F.,.F.,(4,4),(0.0593248131264436,0.0972266276168882),
 .UNSPECIFIED.);
#304=B_SPLINE_CURVE_WITH_KNOTS('',3,(#9304,#9305,#9306,#9307,#9308,#9309),
 .UNSPECIFIED.,.F.,.F.,(4,1,1,4),(-3.1415926535898,-2.69279370307697,-2.24399475256415,
-1.57079632679491),.UNSPECIFIED.);
#305=B_SPLINE_CURVE_WITH_KNOTS('',3,(#9347,#9348,#9349,#9350),
 .UNSPECIFIED.,.F.,.F.,(4,4),(-3.73663599588074,-3.66310553706889),
 .UNSPECIFIED.);
#306=B_SPLINE_CURVE_WITH_KNOTS('',3,(#9352,#9353,#9354,#9355),
 .UNSPECIFIED.,.F.,.F.,(4,4),(-0.870347638564811,-0.805985938761263),
 .UNSPECIFIED.);
#307=B_SPLINE_CURVE_WITH_KNOTS('',3,(#9370,#9371,#9372,#9373),
 .UNSPECIFIED.,.F.,.F.,(4,4),(-0.416174220905329,-0.377753544343173),
 .UNSPECIFIED.);
#308=B_SPLINE_CURVE_WITH_KNOTS('',3,(#9376,#9377,#9378,#9379,#9380,#9381,
#9382,#9383),.UNSPECIFIED.,.F.,.F.,(4,2,2,4),(1.1132076688496,1.17732402638133,
1.27692620832072,1.3765283902601),.UNSPECIFIED.);
#309=B_SPLINE_CURVE_WITH_KNOTS('',3,(#9386,#9387,#9388,#9389,#9390,#9391,
#9392,#9393),.UNSPECIFIED.,.F.,.F.,(4,2,2,4),(0.,0.215175797229111,0.430351594458223,
0.440909362145611),.UNSPECIFIED.);
#310=B_SPLINE_CURVE_WITH_KNOTS('',3,(#9429,#9430,#9431,#9432),
 .UNSPECIFIED.,.F.,.F.,(4,4),(0.377753544343173,0.416174220905329),
 .UNSPECIFIED.);
#311=B_SPLINE_CURVE_WITH_KNOTS('',3,(#9434,#9435,#9436,#9437),
 .UNSPECIFIED.,.F.,.F.,(4,4),(0.333899093063897,0.377753544343173),
 .UNSPECIFIED.);
#312=B_SPLINE_CURVE_WITH_KNOTS('',3,(#9439,#9440,#9441,#9442),
 .UNSPECIFIED.,.F.,.F.,(4,4),(-1.96470111395679,-1.86897373490496),
 .UNSPECIFIED.);
#313=B_SPLINE_CURVE_WITH_KNOTS('',3,(#9451,#9452,#9453,#9454,#9455,#9456,
#9457,#9458,#9459,#9460,#9461,#9462,#9463,#9464,#9465,#9466,#9467,#9468,
#9469,#9470,#9471,#9472),.UNSPECIFIED.,.F.,.F.,(4,3,3,3,3,3,3,4),(0.,0.0327916518630985,
0.0653858305734362,0.0844168935636017,0.112549081938053,0.140346550601989,
0.167608678371708,0.172071976717345),.UNSPECIFIED.);
#314=B_SPLINE_CURVE_WITH_KNOTS('',3,(#9476,#9477,#9478,#9479,#9480,#9481,
#9482,#9483,#9484,#9485,#9486,#9487,#9488,#9489,#9490,#9491,#9492,#9493,
#9494,#9495,#9496,#9497),.UNSPECIFIED.,.F.,.F.,(4,3,3,3,3,3,3,4),(0.,0.0273745381104062,
0.0551305278668946,0.0833426304549178,0.0867530547490083,0.119310946135299,
0.152070304608837,0.172182651780096),.UNSPECIFIED.);
#315=B_SPLINE_CURVE_WITH_KNOTS('',3,(#9510,#9511,#9512,#9513,#9514,#9515,
#9516,#9517,#9518,#9519),.UNSPECIFIED.,.F.,.F.,(4,2,2,2,4),(0.302189831946371,
0.339887209023503,0.377584586100635,0.415284261247588,0.420846151055129),
 .UNSPECIFIED.);
#316=B_SPLINE_CURVE_WITH_KNOTS('',3,(#9522,#9523,#9524,#9525),
 .UNSPECIFIED.,.F.,.F.,(4,4),(0.805985938761263,0.924363559928791),
 .UNSPECIFIED.);
#317=B_SPLINE_CURVE_WITH_KNOTS('',3,(#9526,#9527,#9528,#9529),
 .UNSPECIFIED.,.F.,.F.,(4,4),(3.66310553706889,3.73663599588074),
 .UNSPECIFIED.);
#318=B_SPLINE_CURVE_WITH_KNOTS('',3,(#9550,#9551,#9552,#9553),
 .UNSPECIFIED.,.F.,.F.,(4,4),(0.805985938741547,0.87034763846083),
 .UNSPECIFIED.);
#319=B_SPLINE_CURVE_WITH_KNOTS('',3,(#9554,#9555,#9556,#9557),
 .UNSPECIFIED.,.F.,.F.,(4,4),(-0.924363559850429,-0.805985938741547),
 .UNSPECIFIED.);
#320=B_SPLINE_CURVE_WITH_KNOTS('',3,(#9577,#9578,#9579,#9580),
 .UNSPECIFIED.,.F.,.F.,(4,4),(2.65415171037715,2.72768216918797),
 .UNSPECIFIED.);
#321=B_SPLINE_CURVE_WITH_KNOTS('',3,(#9581,#9582,#9583,#9584),
 .UNSPECIFIED.,.F.,.F.,(4,4),(-2.72768216918797,-2.65415171037715),
 .UNSPECIFIED.);
#322=B_SPLINE_CURVE_WITH_KNOTS('',3,(#9593,#9594,#9595,#9596),
 .UNSPECIFIED.,.F.,.F.,(4,4),(-5.90543176281868,-5.86701108625324),
 .UNSPECIFIED.);
#323=B_SPLINE_CURVE_WITH_KNOTS('',3,(#9607,#9608,#9609,#9610),
 .UNSPECIFIED.,.F.,.F.,(4,4),(-0.444885757674044,-0.349158378620482),
 .UNSPECIFIED.);
#324=B_SPLINE_CURVE_WITH_KNOTS('',3,(#9612,#9613,#9614,#9615),
 .UNSPECIFIED.,.F.,.F.,(4,4),(5.90543176281868,5.94928621410724),
 .UNSPECIFIED.);
#325=B_SPLINE_CURVE_WITH_KNOTS('',3,(#9617,#9618,#9619,#9620),
 .UNSPECIFIED.,.F.,.F.,(4,4),(5.86701108625324,5.90543176281868),
 .UNSPECIFIED.);
#326=B_SPLINE_CURVE_WITH_KNOTS('',3,(#9661,#9662,#9663,#9664),
 .UNSPECIFIED.,.F.,.F.,(4,4),(-5.90543176283903,-5.86701108627736),
 .UNSPECIFIED.);
#327=B_SPLINE_CURVE_WITH_KNOTS('',3,(#9677,#9678,#9679,#9680),
 .UNSPECIFIED.,.F.,.F.,(4,4),(0.805985938764171,0.870347638388186),
 .UNSPECIFIED.);
#328=B_SPLINE_CURVE_WITH_KNOTS('',3,(#9681,#9682,#9683,#9684),
 .UNSPECIFIED.,.F.,.F.,(4,4),(2.11950799174237,2.19303845055437),
 .UNSPECIFIED.);
#329=B_SPLINE_CURVE_WITH_KNOTS('',3,(#9690,#9691,#9692,#9693),
 .UNSPECIFIED.,.F.,.F.,(4,4),(-4.27127971464383,-4.19774925583321),
 .UNSPECIFIED.);
#330=B_SPLINE_CURVE_WITH_KNOTS('',3,(#9695,#9696,#9697,#9698),
 .UNSPECIFIED.,.F.,.F.,(4,4),(-0.870347638472268,-0.805985938737845),
 .UNSPECIFIED.);
#331=B_SPLINE_CURVE_WITH_KNOTS('',3,(#9710,#9711,#9712,#9713),
 .UNSPECIFIED.,.F.,.F.,(4,4),(-0.416174220930291,-0.377753544364232),
 .UNSPECIFIED.);
#332=B_SPLINE_CURVE_WITH_KNOTS('',3,(#9716,#9717,#9718,#9719,#9720,#9721,
#9722,#9723),.UNSPECIFIED.,.F.,.F.,(4,2,2,4),(1.11344762542265,1.17756398294745,
1.27716616488658,1.3767683468257),.UNSPECIFIED.);
#333=B_SPLINE_CURVE_WITH_KNOTS('',3,(#9726,#9727,#9728,#9729,#9730,#9731,
#9732,#9733),.UNSPECIFIED.,.F.,.F.,(4,2,2,4),(0.,0.215175797227322,0.430351594454644,
0.440909362139816),.UNSPECIFIED.);
#334=B_SPLINE_CURVE_WITH_KNOTS('',3,(#9760,#9761,#9762,#9763),
 .UNSPECIFIED.,.F.,.F.,(4,4),(4.19774925583321,4.27127971464383),
 .UNSPECIFIED.);
#335=B_SPLINE_CURVE_WITH_KNOTS('',3,(#9772,#9773,#9774,#9775,#9776,#9777),
 .UNSPECIFIED.,.F.,.F.,(4,2,4),(-0.444885757684135,-0.375781831874877,-0.349158378632553),
 .UNSPECIFIED.);
#336=B_SPLINE_CURVE_WITH_KNOTS('',3,(#9779,#9780,#9781,#9782),
 .UNSPECIFIED.,.F.,.F.,(4,4),(5.90543176283903,5.94928621411693),
 .UNSPECIFIED.);
#337=B_SPLINE_CURVE_WITH_KNOTS('',3,(#9783,#9784,#9785,#9786),
 .UNSPECIFIED.,.F.,.F.,(4,4),(5.86701108627736,5.90543176283903),
 .UNSPECIFIED.);
#338=B_SPLINE_CURVE_WITH_KNOTS('',3,(#9791,#9792,#9793,#9794),
 .UNSPECIFIED.,.F.,.F.,(4,4),(0.377753544364232,0.416174220930291),
 .UNSPECIFIED.);
#339=B_SPLINE_CURVE_WITH_KNOTS('',3,(#9796,#9797,#9798,#9799),
 .UNSPECIFIED.,.F.,.F.,(4,4),(0.333899093073935,0.377753544364235),
 .UNSPECIFIED.);
#340=B_SPLINE_CURVE_WITH_KNOTS('',3,(#9801,#9802,#9803,#9804),
 .UNSPECIFIED.,.F.,.F.,(4,4),(-1.96414911812285,-1.87004625758778),
 .UNSPECIFIED.);
#341=B_SPLINE_CURVE_WITH_KNOTS('',3,(#9823,#9824,#9825,#9826,#9827,#9828,
#9829,#9830,#9831,#9832,#9833,#9834,#9835,#9836,#9837,#9838,#9839,#9840,
#9841,#9842,#9843,#9844),.UNSPECIFIED.,.F.,.F.,(4,3,3,3,3,3,3,4),(0.,0.0327916518612887,
0.0653858305700894,0.0844168935654076,0.112549081937609,0.140346550599062,
0.167608678365994,0.172071976722668),.UNSPECIFIED.);
#342=B_SPLINE_CURVE_WITH_KNOTS('',3,(#9845,#9846,#9847,#9848),
 .UNSPECIFIED.,.F.,.F.,(4,4),(0.805985938737845,0.924363559858936),
 .UNSPECIFIED.);
#343=B_SPLINE_CURVE_WITH_KNOTS('',3,(#9872,#9873,#9874,#9875,#9876,#9877,
#9878,#9879,#9880,#9881),.UNSPECIFIED.,.F.,.F.,(4,2,2,2,4),(-0.118656319183278,
-0.113094429301375,-0.0753947541544235,-0.0376973770772118,0.),
 .UNSPECIFIED.);
#344=B_SPLINE_CURVE_WITH_KNOTS('',3,(#9883,#9884,#9885,#9886),
 .UNSPECIFIED.,.F.,.F.,(4,4),(-2.19303845055437,-2.11950799174237),
 .UNSPECIFIED.);
#345=B_SPLINE_CURVE_WITH_KNOTS('',3,(#9887,#9888,#9889,#9890),
 .UNSPECIFIED.,.F.,.F.,(4,4),(-0.92436355979637,-0.805985938764171),
 .UNSPECIFIED.);
#346=B_SPLINE_CURVE_WITH_KNOTS('',3,(#9892,#9893,#9894,#9895,#9896,#9897,
#9898,#9899,#9900,#9901,#9902,#9903,#9904,#9905,#9906,#9907,#9908,#9909,
#9910,#9911,#9912,#9913),.UNSPECIFIED.,.F.,.F.,(4,3,3,3,3,3,3,4),(0.,0.0273745381085975,
0.0551305278632737,0.083342630449802,0.0867530547514624,0.119310946136913,
0.152070304608836,0.172182651785117),.UNSPECIFIED.);
#347=B_SPLINE_CURVE_WITH_KNOTS('',3,(#9934,#9935,#9936,#9937),
 .UNSPECIFIED.,.F.,.F.,(4,4),(0.771800232524382,0.865888355041057),
 .UNSPECIFIED.);
#348=B_SPLINE_CURVE_WITH_KNOTS('',3,(#9940,#9941,#9942,#9943),
 .UNSPECIFIED.,.F.,.F.,(4,4),(-0.865888355041057,-0.771800232524382),
 .UNSPECIFIED.);
#349=B_SPLINE_CURVE_WITH_KNOTS('',3,(#9963,#9964,#9965,#9966),
 .UNSPECIFIED.,.F.,.F.,(4,4),(4.71238898039185,5.21774949059213),
 .UNSPECIFIED.);
#350=B_SPLINE_CURVE_WITH_KNOTS('',3,(#9967,#9968,#9969,#9970),
 .UNSPECIFIED.,.F.,.F.,(4,4),(-5.21774949059213,-4.71238898039185),
 .UNSPECIFIED.);
#351=B_SPLINE_CURVE_WITH_KNOTS('',3,(#9990,#9991,#9992,#9993),
 .UNSPECIFIED.,.F.,.F.,(4,4),(0.592190715328461,0.616535240271134),
 .UNSPECIFIED.);
#352=B_SPLINE_CURVE_WITH_KNOTS('',3,(#9994,#9995,#9996,#9997),
 .UNSPECIFIED.,.F.,.F.,(4,4),(-0.616535240271134,-0.592190715328461),
 .UNSPECIFIED.);
#353=B_SPLINE_CURVE_WITH_KNOTS('',3,(#10043,#10044,#10045,#10046,#10047,
#10048,#10049),.UNSPECIFIED.,.F.,.F.,(4,1,1,1,4),(-4.71238898038139,-4.21892335254073,
-3.72545772470007,-3.47872491077974,-3.07354954421775),.UNSPECIFIED.);
#354=B_SPLINE_CURVE_WITH_KNOTS('',3,(#10050,#10051,#10052,#10053,#10054,
#10055,#10056,#10057,#10058,#10059,#10060,#10061,#10062,#10063,#10064,#10065,
#10066,#10067,#10068,#10069,#10070,#10071,#10072,#10073,#10074,#10075,#10076,
#10077,#10078,#10079,#10080),.UNSPECIFIED.,.F.,.F.,(4,3,3,3,3,3,3,3,3,3,
4),(-0.183613571583826,-0.16686657898364,-0.1497654820429,-0.132198443104696,
-0.11441487005385,-0.0964564673195776,-0.0919776589292717,-0.067161442008348,
-0.0425052090448972,-0.017998756862879,0.),.UNSPECIFIED.);
#355=B_SPLINE_CURVE_WITH_KNOTS('',3,(#10106,#10107,#10108,#10109,#10110,
#10111),.UNSPECIFIED.,.F.,.F.,(4,1,1,4),(-2.77660582930845,-2.40407167477108,
-2.03153752023371,-1.47273628842765),.UNSPECIFIED.);
#356=B_SPLINE_CURVE_WITH_KNOTS('',3,(#10131,#10132,#10133,#10134),
 .UNSPECIFIED.,.F.,.F.,(4,4),(-0.230628091466006,-0.218962870649118),
 .UNSPECIFIED.);
#357=B_SPLINE_CURVE_WITH_KNOTS('',3,(#10151,#10152,#10153,#10154),
 .UNSPECIFIED.,.F.,.F.,(4,4),(-0.433425103851394,-0.152260439523559),
 .UNSPECIFIED.);
#358=B_SPLINE_CURVE_WITH_KNOTS('',3,(#10155,#10156,#10157,#10158),
 .UNSPECIFIED.,.F.,.F.,(4,4),(0.152260439523559,0.433425103851394),
 .UNSPECIFIED.);
#359=B_SPLINE_CURVE_WITH_KNOTS('',3,(#10175,#10176,#10177,#10178),
 .UNSPECIFIED.,.F.,.F.,(4,4),(0.746898420941614,0.771800232525524),
 .UNSPECIFIED.);
#360=B_SPLINE_CURVE_WITH_KNOTS('',3,(#10195,#10196,#10197,#10198),
 .UNSPECIFIED.,.F.,.F.,(4,4),(0.,0.592190715328461),.UNSPECIFIED.);
#361=B_SPLINE_CURVE_WITH_KNOTS('',3,(#10199,#10200,#10201,#10202),
 .UNSPECIFIED.,.F.,.F.,(4,4),(-0.592190715328461,0.),.UNSPECIFIED.);
#362=B_SPLINE_CURVE_WITH_KNOTS('',3,(#10279,#10280,#10281,#10282,#10283,
#10284),.UNSPECIFIED.,.F.,.F.,(4,1,1,4),(-1.57079632681963,-0.897597901046868,
-0.448798950531692,-1.65157193476873E-11),.UNSPECIFIED.);
#363=B_SPLINE_CURVE_WITH_KNOTS('',3,(#10315,#10316,#10317,#10318),
 .UNSPECIFIED.,.F.,.F.,(4,4),(0.263738029771348,0.433425103854679),
 .UNSPECIFIED.);
#364=B_SPLINE_CURVE_WITH_KNOTS('',3,(#10353,#10354,#10355,#10356),
 .UNSPECIFIED.,.F.,.F.,(4,4),(-0.238251032309018,-0.200349217817879),
 .UNSPECIFIED.);
#365=B_SPLINE_CURVE_WITH_KNOTS('',3,(#10373,#10374,#10375,#10376),
 .UNSPECIFIED.,.F.,.F.,(4,4),(-0.43342510384864,-0.263738029831536),
 .UNSPECIFIED.);
#366=B_SPLINE_CURVE_WITH_KNOTS('',3,(#10377,#10378,#10379,#10380),
 .UNSPECIFIED.,.F.,.F.,(4,4),(0.263738029831536,0.43342510384864),
 .UNSPECIFIED.);
#367=B_SPLINE_CURVE_WITH_KNOTS('',3,(#10387,#10388,#10389,#10390),
 .UNSPECIFIED.,.F.,.F.,(4,4),(0.15226043955338,0.43342510385158),
 .UNSPECIFIED.);
#368=B_SPLINE_CURVE_WITH_KNOTS('',3,(#10396,#10397,#10398,#10399,#10400,
#10401,#10402,#10403),.UNSPECIFIED.,.F.,.F.,(4,2,2,4),(-0.187969083788854,
-0.1522766070339,-0.0761383035169501,0.),.UNSPECIFIED.);
#369=B_SPLINE_CURVE_WITH_KNOTS('',3,(#10406,#10407,#10408,#10409,#10410,
#10411,#10412,#10413),.UNSPECIFIED.,.F.,.F.,(4,2,2,4),(0.,0.075518336758773,
0.151036673517546,0.187920057109181),.UNSPECIFIED.);
#370=B_SPLINE_CURVE_WITH_KNOTS('',3,(#10418,#10419,#10420,#10421,#10422,
#10423,#10424,#10425),.UNSPECIFIED.,.F.,.F.,(4,2,2,4),(-0.187969083788963,
-0.152276607033894,-0.0761383035169467,0.),.UNSPECIFIED.);
#371=B_SPLINE_CURVE_WITH_KNOTS('',3,(#10429,#10430,#10431,#10432,#10433,
#10434,#10435,#10436),.UNSPECIFIED.,.F.,.F.,(4,2,2,4),(0.,0.076138303516966,
0.152276607033932,0.187969083674715),.UNSPECIFIED.);
#372=B_SPLINE_CURVE_WITH_KNOTS('',3,(#10459,#10460,#10461,#10462),
 .UNSPECIFIED.,.F.,.F.,(4,4),(0.770428734450615,0.864515824854806),
 .UNSPECIFIED.);
#373=B_SPLINE_CURVE_WITH_KNOTS('',3,(#10465,#10466,#10467,#10468),
 .UNSPECIFIED.,.F.,.F.,(4,4),(-0.864515824854806,-0.770428734450615),
 .UNSPECIFIED.);
#374=B_SPLINE_CURVE_WITH_KNOTS('',3,(#10488,#10489,#10490,#10491),
 .UNSPECIFIED.,.F.,.F.,(4,4),(-1.57079632679577,-1.06543581655978),
 .UNSPECIFIED.);
#375=B_SPLINE_CURVE_WITH_KNOTS('',3,(#10492,#10493,#10494,#10495),
 .UNSPECIFIED.,.F.,.F.,(4,4),(1.06543581655978,1.57079632679577),
 .UNSPECIFIED.);
#376=B_SPLINE_CURVE_WITH_KNOTS('',3,(#10515,#10516,#10517,#10518),
 .UNSPECIFIED.,.F.,.F.,(4,4),(0.592190715318586,0.616535240260801),
 .UNSPECIFIED.);
#377=B_SPLINE_CURVE_WITH_KNOTS('',3,(#10519,#10520,#10521,#10522),
 .UNSPECIFIED.,.F.,.F.,(4,4),(-0.616535240260801,-0.592190715318586),
 .UNSPECIFIED.);
#378=B_SPLINE_CURVE_WITH_KNOTS('',3,(#10546,#10547,#10548,#10549,#10550),
 .UNSPECIFIED.,.F.,.F.,(4,1,4),(1.47273628841953,2.21780459753934,2.7766058293792),
 .UNSPECIFIED.);
#379=B_SPLINE_CURVE_WITH_KNOTS('',3,(#10551,#10552,#10553,#10554,#10555,
#10556),.UNSPECIFIED.,.F.,.F.,(4,2,4),(0.,0.0985680758400067,0.188653132770991),
 .UNSPECIFIED.);
#380=B_SPLINE_CURVE_WITH_KNOTS('',3,(#10586,#10587,#10588,#10589,#10590,
#10591,#10592),.UNSPECIFIED.,.F.,.F.,(4,1,1,1,4),(-3.20963576289537,-2.80446039639378,
-2.55772758247408,-2.06426195463467,-1.57079632679526),.UNSPECIFIED.);
#381=B_SPLINE_CURVE_WITH_KNOTS('',3,(#10623,#10624,#10625,#10626),
 .UNSPECIFIED.,.F.,.F.,(4,4),(-0.43342510385158,-0.15226043955338),
 .UNSPECIFIED.);
#382=B_SPLINE_CURVE_WITH_KNOTS('',3,(#10643,#10644,#10645,#10646),
 .UNSPECIFIED.,.F.,.F.,(4,4),(0.0855614067926384,0.0972266276159415),
 .UNSPECIFIED.);
#383=B_SPLINE_CURVE_WITH_KNOTS('',3,(#10663,#10664,#10665,#10666),
 .UNSPECIFIED.,.F.,.F.,(4,4),(-0.77042873445182,-0.74552591019131),
 .UNSPECIFIED.);
#384=B_SPLINE_CURVE_WITH_KNOTS('',3,(#10683,#10684,#10685,#10686),
 .UNSPECIFIED.,.F.,.F.,(4,4),(-5.55111512312578E-17,0.592190715318586),
 .UNSPECIFIED.);
#385=B_SPLINE_CURVE_WITH_KNOTS('',3,(#10687,#10688,#10689,#10690),
 .UNSPECIFIED.,.F.,.F.,(4,4),(-0.592190715318586,5.55111512312578E-17),
 .UNSPECIFIED.);
#386=B_SPLINE_CURVE_WITH_KNOTS('',3,(#10724,#10725,#10726,#10727,#10728,
#10729),.UNSPECIFIED.,.F.,.F.,(4,1,1,4),(-1.66885636515503,-1.11005513337933,
-0.737520978862196,-0.364986824345063),.UNSPECIFIED.);
#387=B_SPLINE_CURVE_WITH_KNOTS('',3,(#10730,#10731,#10732,#10733,#10734,
#10735),.UNSPECIFIED.,.F.,.F.,(4,2,4),(0.,0.0985680758322375,0.18865313276199),
 .UNSPECIFIED.);
#388=B_SPLINE_CURVE_WITH_KNOTS('',3,(#10761,#10762,#10763,#10764,#10765,
#10766),.UNSPECIFIED.,.F.,.F.,(4,1,1,4),(-0.0679892983295861,0.337132257133855,
0.830597884996799,1.57079632679122),.UNSPECIFIED.);
#389=B_SPLINE_CURVE_WITH_KNOTS('',3,(#10800,#10801,#10802,#10803),
 .UNSPECIFIED.,.F.,.F.,(4,4),(-0.433425103851308,-0.152260439505975),
 .UNSPECIFIED.);
#390=B_SPLINE_CURVE_WITH_KNOTS('',3,(#10804,#10805,#10806,#10807),
 .UNSPECIFIED.,.F.,.F.,(4,4),(0.152260439505975,0.433425103851308),
 .UNSPECIFIED.);
#391=B_SPLINE_CURVE_WITH_KNOTS('',3,(#10824,#10825,#10826,#10827),
 .UNSPECIFIED.,.F.,.F.,(4,4),(0.0855614067986169,0.0972266276117706),
 .UNSPECIFIED.);
#392=B_SPLINE_CURVE_WITH_KNOTS('',3,(#10847,#10848,#10849,#10850),
 .UNSPECIFIED.,.F.,.F.,(4,4),(0.770428734442111,0.864515824868614),
 .UNSPECIFIED.);
#393=B_SPLINE_CURVE_WITH_KNOTS('',3,(#10853,#10854,#10855,#10856),
 .UNSPECIFIED.,.F.,.F.,(4,4),(-0.864515824868614,-0.770428734442111),
 .UNSPECIFIED.);
#394=B_SPLINE_CURVE_WITH_KNOTS('',3,(#10873,#10874,#10875,#10876),
 .UNSPECIFIED.,.F.,.F.,(4,4),(-0.770428734443246,-0.745525910181231),
 .UNSPECIFIED.);
#395=B_SPLINE_CURVE_WITH_KNOTS('',3,(#10896,#10897,#10898,#10899),
 .UNSPECIFIED.,.F.,.F.,(4,4),(-1.57079632680563,-1.06543581661363),
 .UNSPECIFIED.);
#396=B_SPLINE_CURVE_WITH_KNOTS('',3,(#10900,#10901,#10902,#10903),
 .UNSPECIFIED.,.F.,.F.,(4,4),(1.06543581661363,1.57079632680563),
 .UNSPECIFIED.);
#397=B_SPLINE_CURVE_WITH_KNOTS('',3,(#10923,#10924,#10925,#10926),
 .UNSPECIFIED.,.F.,.F.,(4,4),(0.592190715331621,0.616535240274243),
 .UNSPECIFIED.);
#398=B_SPLINE_CURVE_WITH_KNOTS('',3,(#10927,#10928,#10929,#10930),
 .UNSPECIFIED.,.F.,.F.,(4,4),(-0.616535240274243,-0.592190715331621),
 .UNSPECIFIED.);
#399=B_SPLINE_CURVE_WITH_KNOTS('',3,(#10947,#10948,#10949,#10950),
 .UNSPECIFIED.,.F.,.F.,(4,4),(-2.77555756156289E-17,0.592190715331621),
 .UNSPECIFIED.);
#400=B_SPLINE_CURVE_WITH_KNOTS('',3,(#10951,#10952,#10953,#10954),
 .UNSPECIFIED.,.F.,.F.,(4,4),(-0.592190715331621,2.77555756156289E-17),
 .UNSPECIFIED.);
#401=B_SPLINE_CURVE_WITH_KNOTS('',3,(#10959,#10960,#10961,#10962,#10963,
#10964,#10965,#10966),.UNSPECIFIED.,.F.,.F.,(4,2,2,4),(0.448200942145841,
0.485084325737664,0.560602662496434,0.636120999255204),.UNSPECIFIED.);
#402=B_SPLINE_CURVE_WITH_KNOTS('',3,(#10970,#10971,#10972,#10973,#10974,
#10975,#10976,#10977),.UNSPECIFIED.,.F.,.F.,(4,2,2,4),(0.636312662590955,
0.712450966107909,0.788589269624864,0.824281746265582),.UNSPECIFIED.);
#403=B_SPLINE_CURVE_WITH_KNOTS('',3,(#10982,#10983,#10984,#10985),
 .UNSPECIFIED.,.F.,.F.,(4,4),(-0.433425103851668,-0.263738029797666),
 .UNSPECIFIED.);
#404=B_SPLINE_CURVE_WITH_KNOTS('',3,(#11058,#11059,#11060,#11061,#11062,
#11063),.UNSPECIFIED.,.F.,.F.,(4,1,1,4),(-1.57079632679491,-1.12199737628208,
-0.67319842576925,-4.27435864480685E-15),.UNSPECIFIED.);
#405=B_SPLINE_CURVE_WITH_KNOTS('',3,(#11094,#11095,#11096,#11097),
 .UNSPECIFIED.,.F.,.F.,(4,4),(0.263738029798087,0.433425103851657),
 .UNSPECIFIED.);
#406=B_SPLINE_CURVE_WITH_KNOTS('',3,(#11132,#11133,#11134,#11135),
 .UNSPECIFIED.,.F.,.F.,(4,4),(-0.238251032263668,-0.200349217773335),
 .UNSPECIFIED.);
#407=B_SPLINE_CURVE_WITH_KNOTS('',3,(#11152,#11153,#11154,#11155),
 .UNSPECIFIED.,.F.,.F.,(4,4),(0.263738029797666,0.433425103851668),
 .UNSPECIFIED.);
#408=B_SPLINE_CURVE_WITH_KNOTS('',3,(#11162,#11163,#11164,#11165,#11166,
#11167,#11168,#11169),.UNSPECIFIED.,.F.,.F.,(4,2,2,4),(0.448392605481868,
0.485275989073502,0.560794325832272,0.636312662591041),.UNSPECIFIED.);
#409=B_SPLINE_CURVE_WITH_KNOTS('',3,(#11173,#11174,#11175,#11176,#11177,
#11178,#11179,#11180),.UNSPECIFIED.,.F.,.F.,(4,2,2,4),(0.636116271693321,
0.712254575210278,0.788392878727235,0.824085355367839),.UNSPECIFIED.);
#410=B_SPLINE_CURVE_WITH_KNOTS('',3,(#11185,#11186,#11187,#11188),
 .UNSPECIFIED.,.F.,.F.,(4,4),(-0.433425103851663,-0.152260439564446),
 .UNSPECIFIED.);
#411=B_SPLINE_CURVE_WITH_KNOTS('',3,(#11210,#11211,#11212,#11213),
 .UNSPECIFIED.,.F.,.F.,(4,4),(0.771800232531987,0.865888355028803),
 .UNSPECIFIED.);
#412=B_SPLINE_CURVE_WITH_KNOTS('',3,(#11216,#11217,#11218,#11219),
 .UNSPECIFIED.,.F.,.F.,(4,4),(-0.865888355028803,-0.771800232531987),
 .UNSPECIFIED.);
#413=B_SPLINE_CURVE_WITH_KNOTS('',3,(#11239,#11240,#11241,#11242),
 .UNSPECIFIED.,.F.,.F.,(4,4),(4.71238898038914,5.21774949063369),
 .UNSPECIFIED.);
#414=B_SPLINE_CURVE_WITH_KNOTS('',3,(#11243,#11244,#11245,#11246),
 .UNSPECIFIED.,.F.,.F.,(4,4),(-5.21774949063369,-4.71238898038914),
 .UNSPECIFIED.);
#415=B_SPLINE_CURVE_WITH_KNOTS('',3,(#11266,#11267,#11268,#11269),
 .UNSPECIFIED.,.F.,.F.,(4,4),(0.592190715323115,0.616535240265395),
 .UNSPECIFIED.);
#416=B_SPLINE_CURVE_WITH_KNOTS('',3,(#11270,#11271,#11272,#11273),
 .UNSPECIFIED.,.F.,.F.,(4,4),(-0.616535240265395,-0.592190715323115),
 .UNSPECIFIED.);
#417=B_SPLINE_CURVE_WITH_KNOTS('',3,(#11305,#11306,#11307,#11308,#11309,
#11310,#11311),.UNSPECIFIED.,.F.,.F.,(4,1,1,1,4),(-1.57079632679491,-1.07733069896095,
-0.583865071126996,-0.337132257210018,0.0680426849292859),.UNSPECIFIED.);
#418=B_SPLINE_CURVE_WITH_KNOTS('',3,(#11312,#11313,#11314,#11315,#11316,
#11317,#11318,#11319,#11320,#11321,#11322,#11323,#11324,#11325,#11326,#11327,
#11328,#11329,#11330,#11331,#11332,#11333,#11334,#11335,#11336),
 .UNSPECIFIED.,.F.,.F.,(4,3,3,3,3,3,3,3,4),(0.,0.0215597268215051,0.0446408374267709,
0.0697080988484826,0.0947753602701944,0.123640323465242,0.152558241981496,
0.181510934883923,0.188285899016638),.UNSPECIFIED.);
#419=B_SPLINE_CURVE_WITH_KNOTS('',3,(#11362,#11363,#11364,#11365,#11366,
#11367),.UNSPECIFIED.,.F.,.F.,(4,1,1,4),(0.364986824228812,0.737520978784963,
1.11005513334111,1.66885636517534),.UNSPECIFIED.);
#420=B_SPLINE_CURVE_WITH_KNOTS('',3,(#11398,#11399,#11400,#11401),
 .UNSPECIFIED.,.F.,.F.,(4,4),(0.152260439564446,0.433425103851663),
 .UNSPECIFIED.);
#421=B_SPLINE_CURVE_WITH_KNOTS('',3,(#11418,#11419,#11420,#11421),
 .UNSPECIFIED.,.F.,.F.,(4,4),(-0.230628091468912,-0.218962870643288),
 .UNSPECIFIED.);
#422=B_SPLINE_CURVE_WITH_KNOTS('',3,(#11438,#11439,#11440,#11441),
 .UNSPECIFIED.,.F.,.F.,(4,4),(0.746898420950649,0.771800232533126),
 .UNSPECIFIED.);
#423=B_SPLINE_CURVE_WITH_KNOTS('',3,(#11458,#11459,#11460,#11461),
 .UNSPECIFIED.,.F.,.F.,(4,4),(-2.77555756156289E-17,0.592190715323115),
 .UNSPECIFIED.);
#424=B_SPLINE_CURVE_WITH_KNOTS('',3,(#11462,#11463,#11464,#11465),
 .UNSPECIFIED.,.F.,.F.,(4,4),(-0.592190715323115,2.77555756156289E-17),
 .UNSPECIFIED.);
#425=B_SPLINE_CURVE_WITH_KNOTS('',3,(#11473,#11474,#11475,#11476,#11477,
#11478,#11479,#11480),.UNSPECIFIED.,.F.,.F.,(4,2,2,4),(0.426565856406758,
0.462884027142492,0.538572642748096,0.614261258353701),.UNSPECIFIED.);
#426=B_SPLINE_CURVE_WITH_KNOTS('',3,(#11491,#11492,#11493,#11494,#11495,
#11496,#11497,#11498),.UNSPECIFIED.,.F.,.F.,(4,2,2,4),(0.614261258353703,
0.689949873959308,0.765638489564913,0.801956660300644),.UNSPECIFIED.);
#427=B_SPLINE_CURVE_WITH_KNOTS('',3,(#11510,#11511,#11512,#11513,#11514,
#11515,#11516,#11517),.UNSPECIFIED.,.F.,.F.,(4,2,2,4),(0.426579058644681,
0.46289722938053,0.538585844986131,0.614274460591732),.UNSPECIFIED.);
#428=B_SPLINE_CURVE_WITH_KNOTS('',3,(#11527,#11528,#11529,#11530,#11531,
#11532,#11533,#11534),.UNSPECIFIED.,.F.,.F.,(4,2,2,4),(0.614261258353683,
0.689949873959288,0.765638489564893,0.801956660300812),.UNSPECIFIED.);
#429=B_SPLINE_CURVE_WITH_KNOTS('',3,(#11574,#11575,#11576,#11577,#11578,
#11579,#11580,#11581),.UNSPECIFIED.,.F.,.F.,(4,2,2,4),(0.,0.0756886156055997,
0.151377231211199,0.187695401946513),.UNSPECIFIED.);
#430=B_SPLINE_CURVE_WITH_KNOTS('',3,(#11596,#11597,#11598,#11599,#11600,
#11601,#11602,#11603),.UNSPECIFIED.,.F.,.F.,(4,2,2,4),(-0.187695401993187,
-0.15137723121122,-0.0756886156056098,0.),.UNSPECIFIED.);
#431=B_SPLINE_CURVE_WITH_KNOTS('',3,(#11610,#11611,#11612,#11613,#11614,
#11615,#11616,#11617),.UNSPECIFIED.,.F.,.F.,(4,2,2,4),(0.,0.0754164131682778,
0.150832826336556,0.187674355251675),.UNSPECIFIED.);
#432=B_SPLINE_CURVE_WITH_KNOTS('',3,(#11632,#11633,#11634,#11635,#11636,
#11637,#11638,#11639),.UNSPECIFIED.,.F.,.F.,(4,2,2,4),(-0.187695401993376,
-0.15137723121122,-0.0756886156056102,0.),.UNSPECIFIED.);
#433=B_SPLINE_CURVE_WITH_KNOTS('',3,(#11781,#11782,#11783,#11784,#11785,
#11786,#11787,#11788,#11789,#11790,#11791,#11792,#11793,#11794,#11795,#11796,
#11797,#11798,#11799,#11800,#11801,#11802,#11803,#11804,#11805,#11806,#11807,
#11808,#11809,#11810,#11811,#11812,#11813,#11814,#11815,#11816,#11817,#11818,
#11819,#11820,#11821,#11822,#11823,#11824,#11825,#11826,#11827,#11828,#11829,
#11830,#11831,#11832,#11833,#11834,#11835,#11836,#11837,#11838,#11839,#11840,
#11841,#11842,#11843,#11844,#11845,#11846,#11847,#11848,#11849,#11850,#11851,
#11852,#11853,#11854,#11855,#11856,#11857,#11858,#11859,#11860,#11861,#11862,
#11863,#11864,#11865,#11866,#11867,#11868,#11869,#11870,#11871,#11872,#11873,
#11874,#11875,#11876,#11877,#11878,#11879,#11880),.UNSPECIFIED.,.F.,.F.,
(4,3,3,3,3,3,3,3,3,3,3,3,3,3,3,3,3,3,3,3,3,3,3,3,3,3,3,3,3,3,3,3,3,4),(0.,
0.02424500211946,0.0490649823405167,0.0745512942523697,0.100826340330739,
0.128925517195403,0.158158257930281,0.189308870650746,0.22345538993028,
0.264126236389637,0.310118346615285,0.346885577152393,0.379089250680443,
0.408894557416672,0.437098460039418,0.464113933135997,0.490289847874783,
0.520214170823545,0.546868463415255,0.575218539265805,0.605061528036847,
0.63701547518076,0.672399795380668,0.718878368268519,0.758709865472472,
0.792473819914748,0.823435547460839,0.852605489637267,0.880475944970522,
0.907336261333037,0.933013900135745,0.958141599174929,0.982532996400106,
1.),.UNSPECIFIED.);
#434=B_SPLINE_CURVE_WITH_KNOTS('',3,(#11882,#11883,#11884,#11885),
 .UNSPECIFIED.,.F.,.F.,(4,4),(-1.,0.),.UNSPECIFIED.);
#435=B_SPLINE_CURVE_WITH_KNOTS('',3,(#11886,#11887,#11888,#11889,#11890,
#11891,#11892,#11893,#11894,#11895,#11896,#11897,#11898,#11899,#11900,#11901,
#11902,#11903,#11904,#11905,#11906,#11907,#11908,#11909,#11910,#11911,#11912,
#11913,#11914,#11915,#11916,#11917,#11918,#11919,#11920,#11921,#11922,#11923,
#11924,#11925,#11926,#11927,#11928,#11929,#11930,#11931,#11932,#11933,#11934,
#11935,#11936,#11937,#11938,#11939,#11940,#11941,#11942,#11943,#11944,#11945,
#11946,#11947,#11948,#11949,#11950,#11951,#11952,#11953,#11954,#11955,#11956,
#11957,#11958,#11959,#11960,#11961,#11962,#11963,#11964),.UNSPECIFIED.,
 .F.,.F.,(4,3,3,3,3,3,3,3,3,3,3,3,3,3,3,3,3,3,3,3,3,3,3,3,3,3,4),(0.,0.03125,
0.0632248084673688,0.0964335885695204,0.131224492998345,0.168178780596176,
0.208434214835438,0.255813784308114,0.313525662072716,0.356430308193171,
0.396653413931098,0.434362575560404,0.469714914587879,0.503392244413023,
0.536847506042751,0.571905714947492,0.609159014512514,0.649771619236938,
0.698470017799418,0.758027988371634,0.800585242376112,0.838847732119885,
0.874600733382523,0.907872868563368,0.940123638043343,0.971041049834189,
1.),.UNSPECIFIED.);
#436=B_SPLINE_CURVE_WITH_KNOTS('',3,(#12006,#12007,#12008,#12009,#12010,
#12011,#12012,#12013,#12014,#12015,#12016,#12017,#12018,#12019,#12020,#12021,
#12022,#12023,#12024,#12025,#12026,#12027,#12028,#12029,#12030,#12031,#12032,
#12033,#12034,#12035,#12036,#12037,#12038,#12039,#12040,#12041,#12042,#12043,
#12044,#12045,#12046,#12047,#12048,#12049,#12050,#12051,#12052,#12053,#12054,
#12055,#12056,#12057,#12058,#12059,#12060,#12061,#12062,#12063,#12064,#12065,
#12066,#12067,#12068,#12069,#12070,#12071,#12072,#12073,#12074,#12075,#12076,
#12077,#12078,#12079,#12080,#12081,#12082,#12083,#12084),.UNSPECIFIED.,
 .F.,.F.,(4,3,3,3,3,3,3,3,3,3,3,3,3,3,3,3,3,3,3,3,3,3,3,3,3,3,4),(0.,0.03125,
0.0632201077870528,0.0964237174677433,0.131208750231643,0.168155992238256,
0.208401983845375,0.255759036187282,0.313507965640481,0.356413717787951,
0.396637860426204,0.434347994149566,0.469701244515218,0.503394213884967,
0.536853226626097,0.571915447522805,0.609173155885171,0.649790891369595,
0.698498466032545,0.758056219621291,0.80061740358452,0.838883600773238,
0.874640132672559,0.90791588622735,0.940170136467753,0.971091262321845,
1.),.UNSPECIFIED.);
#437=B_SPLINE_CURVE_WITH_KNOTS('',3,(#12086,#12087,#12088,#12089),
 .UNSPECIFIED.,.F.,.F.,(4,4),(0.,1.),.UNSPECIFIED.);
#438=B_SPLINE_CURVE_WITH_KNOTS('',3,(#12090,#12091,#12092,#12093,#12094,
#12095,#12096,#12097,#12098,#12099,#12100,#12101,#12102,#12103,#12104,#12105,
#12106,#12107,#12108,#12109,#12110,#12111,#12112,#12113,#12114,#12115,#12116,
#12117,#12118,#12119,#12120,#12121,#12122,#12123,#12124,#12125,#12126,#12127,
#12128,#12129,#12130,#12131,#12132,#12133,#12134,#12135,#12136,#12137,#12138,
#12139,#12140,#12141,#12142,#12143,#12144,#12145,#12146,#12147,#12148,#12149,
#12150,#12151,#12152,#12153,#12154,#12155,#12156,#12157,#12158,#12159,#12160,
#12161,#12162,#12163,#12164,#12165,#12166,#12167,#12168,#12169,#12170,#12171,
#12172,#12173,#12174,#12175,#12176,#12177,#12178,#12179,#12180,#12181,#12182,
#12183,#12184,#12185,#12186,#12187,#12188,#12189),.UNSPECIFIED.,.F.,.F.,
(4,3,3,3,3,3,3,3,3,3,3,3,3,3,3,3,3,3,3,3,3,3,3,3,3,3,3,3,3,3,3,3,3,4),(0.,
0.0242691127244571,0.0491146326433725,0.0746283083222017,0.100933122777403,
0.129028962690609,0.158299981167005,0.189498108310553,0.223712461057252,
0.264595868488489,0.310558626707959,0.347269725331909,0.379459429850324,
0.409262756505446,0.437470114906993,0.464492027351614,0.490661991335714,
0.520173579567087,0.546805997498961,0.575132427395198,0.604949420435792,
0.636873211084214,0.672217623962206,0.718494158105173,0.758344418710946,
0.792102649314536,0.823053272830402,0.852210027352626,0.880066339870173,
0.906912063870676,0.932573077743045,0.957684349273794,0.982056779057111,
1.),.UNSPECIFIED.);
#439=B_SPLINE_CURVE_WITH_KNOTS('',3,(#12211,#12212,#12213,#12214,#12215),
 .UNSPECIFIED.,.F.,.F.,(4,1,4),(9.99937012937946E-5,0.174629186167496,0.349158378633698),
 .UNSPECIFIED.);
#440=B_SPLINE_CURVE_WITH_KNOTS('',3,(#12217,#12218,#12219,#12220,#12221),
 .UNSPECIFIED.,.F.,.F.,(4,1,4),(-0.349158378633698,-0.174629186167496,-9.99937012937946E-5),
 .UNSPECIFIED.);
#441=B_SPLINE_CURVE_WITH_KNOTS('',3,(#12241,#12242,#12243,#12244),
 .UNSPECIFIED.,.F.,.F.,(4,4),(-5.94928621411693,-5.90543176283903),
 .UNSPECIFIED.);
#442=B_SPLINE_CURVE_WITH_KNOTS('',3,(#12269,#12270,#12271,#12272,#12273,
#12274),.UNSPECIFIED.,.F.,.F.,(4,2,4),(0.349158378632553,0.375781831874877,
0.444885757684135),.UNSPECIFIED.);
#443=B_SPLINE_CURVE_WITH_KNOTS('',3,(#12361,#12362,#12363,#12364),
 .UNSPECIFIED.,.F.,.F.,(4,4),(-0.377753544343173,-0.333899093063897),
 .UNSPECIFIED.);
#444=B_SPLINE_CURVE_WITH_KNOTS('',3,(#12402,#12403,#12404,#12405,#12406),
 .UNSPECIFIED.,.F.,.F.,(4,1,4),(-2.31375967284276,-2.1392303933992,-1.96470111395565),
 .UNSPECIFIED.);
#445=B_SPLINE_CURVE_WITH_KNOTS('',3,(#12409,#12410,#12411,#12412,#12413),
 .UNSPECIFIED.,.F.,.F.,(4,1,4),(1.96470111395565,2.1392303933992,2.31375967284276),
 .UNSPECIFIED.);
#446=B_SPLINE_CURVE_WITH_KNOTS('',3,(#12430,#12431,#12432,#12433),
 .UNSPECIFIED.,.F.,.F.,(4,4),(1.86897373490496,1.96470111395679),
 .UNSPECIFIED.);
#447=B_SPLINE_CURVE_WITH_KNOTS('',3,(#12500,#12501,#12502,#12503,#12504,
#12505,#12506,#12507,#12508,#12509,#12510,#12511,#12512,#12513,#12514,#12515,
#12516,#12517,#12518,#12519,#12520,#12521,#12522,#12523,#12524,#12525,#12526,
#12527,#12528,#12529,#12530,#12531,#12532,#12533,#12534,#12535,#12536,#12537,
#12538,#12539,#12540,#12541,#12542,#12543,#12544,#12545,#12546,#12547,#12548,
#12549,#12550,#12551,#12552,#12553,#12554,#12555,#12556,#12557,#12558,#12559,
#12560,#12561,#12562,#12563,#12564,#12565,#12566,#12567,#12568,#12569,#12570,
#12571,#12572,#12573,#12574,#12575,#12576,#12577,#12578,#12579,#12580,#12581,
#12582,#12583,#12584,#12585,#12586,#12587,#12588,#12589,#12590,#12591,#12592,
#12593,#12594,#12595,#12596,#12597,#12598,#12599),.UNSPECIFIED.,.F.,.F.,
(4,3,3,3,3,3,3,3,3,3,3,3,3,3,3,3,3,3,3,3,3,3,3,3,3,3,3,3,3,3,3,3,3,4),(0.,
0.0242450027865653,0.049064983729578,0.0745512964356571,0.100826343406996,
0.128925520175528,0.15815826220072,0.189308876621117,0.223455398508179,
0.264126254225907,0.310118363336788,0.346885590448426,0.37908926264619,
0.408894568667815,0.437098470868469,0.464113943713595,0.490289858110416,
0.52021417442218,0.546868469674447,0.575218548253013,0.605061539838271,
0.637015489858624,0.672399812798662,0.718878376921266,0.7587098824617,0.792473842122138,
0.823435573916804,0.852605519837863,0.880475978600488,0.907336298175282,
0.933013940144381,0.958141642231211,0.982533042634633,1.),.UNSPECIFIED.);
#448=B_SPLINE_CURVE_WITH_KNOTS('',3,(#12601,#12602,#12603,#12604),
 .UNSPECIFIED.,.F.,.F.,(4,4),(-1.,0.),.UNSPECIFIED.);
#449=B_SPLINE_CURVE_WITH_KNOTS('',3,(#12605,#12606,#12607,#12608,#12609,
#12610,#12611,#12612,#12613,#12614,#12615,#12616,#12617,#12618,#12619,#12620,
#12621,#12622,#12623,#12624,#12625,#12626,#12627,#12628,#12629,#12630,#12631,
#12632,#12633,#12634,#12635,#12636,#12637,#12638,#12639,#12640,#12641,#12642,
#12643,#12644,#12645,#12646,#12647,#12648,#12649,#12650,#12651,#12652,#12653,
#12654,#12655,#12656,#12657,#12658,#12659,#12660,#12661,#12662,#12663,#12664,
#12665,#12666,#12667,#12668,#12669,#12670,#12671,#12672,#12673,#12674,#12675,
#12676,#12677,#12678,#12679,#12680,#12681,#12682,#12683),.UNSPECIFIED.,
 .F.,.F.,(4,3,3,3,3,3,3,3,3,3,3,3,3,3,3,3,3,3,3,3,3,3,3,3,3,3,4),(0.,0.03125,
0.0632248119522709,0.096433595888281,0.131224504672118,0.168178797497166,
0.208434238744726,0.255813824945097,0.3135256751689,0.356430320470844,0.396653425441416,
0.434362586351328,0.46971492470437,0.503392256030606,0.536847519518595,
0.571905730540258,0.609159032657505,0.649771640829221,0.69847004850307,
0.758028003309964,0.800585257857127,0.838847748485131,0.87460075071835,
0.90787288701628,0.940123657593674,0.971041070617989,1.),.UNSPECIFIED.);
#450=B_SPLINE_CURVE_WITH_KNOTS('',3,(#12726,#12727,#12728,#12729,#12730,
#12731,#12732,#12733,#12734,#12735,#12736,#12737,#12738,#12739,#12740,#12741,
#12742,#12743,#12744,#12745,#12746,#12747,#12748,#12749,#12750,#12751,#12752,
#12753,#12754,#12755,#12756,#12757,#12758,#12759,#12760,#12761,#12762,#12763,
#12764,#12765,#12766,#12767,#12768,#12769,#12770,#12771,#12772,#12773,#12774,
#12775,#12776,#12777,#12778,#12779,#12780,#12781,#12782,#12783,#12784,#12785,
#12786,#12787,#12788,#12789,#12790,#12791,#12792,#12793,#12794,#12795,#12796,
#12797,#12798,#12799,#12800,#12801,#12802,#12803,#12804),.UNSPECIFIED.,
 .F.,.F.,(4,3,3,3,3,3,3,3,3,3,3,3,3,3,3,3,3,3,3,3,3,3,3,3,3,3,4),(0.,0.03125,
0.06322010874659,0.0964237194648828,0.131208753380473,0.168155996725175,
0.208401990040743,0.255759046068045,0.313507971029796,0.356413722840433,
0.396637865162906,0.434347998590225,0.469701248678336,0.503394219582597,
0.536853233571627,0.571915455895714,0.609173165987995,0.64979090382506,
0.698498484739038,0.758056226843377,0.800617411120568,0.838883608868598,
0.874640141390661,0.9079158956541,0.940170146594442,0.971091273221276,1.),
 .UNSPECIFIED.);
#451=B_SPLINE_CURVE_WITH_KNOTS('',3,(#12806,#12807,#12808,#12809),
 .UNSPECIFIED.,.F.,.F.,(4,4),(0.,1.),.UNSPECIFIED.);
#452=B_SPLINE_CURVE_WITH_KNOTS('',3,(#12811,#12812,#12813,#12814,#12815,
#12816,#12817,#12818,#12819,#12820,#12821,#12822,#12823,#12824,#12825,#12826,
#12827,#12828,#12829,#12830,#12831,#12832,#12833,#12834,#12835,#12836,#12837,
#12838,#12839,#12840,#12841,#12842,#12843,#12844,#12845,#12846,#12847,#12848,
#12849,#12850,#12851,#12852,#12853,#12854,#12855,#12856,#12857,#12858,#12859,
#12860,#12861,#12862,#12863,#12864,#12865,#12866,#12867,#12868,#12869,#12870,
#12871,#12872,#12873,#12874,#12875,#12876,#12877,#12878,#12879,#12880,#12881,
#12882,#12883,#12884,#12885,#12886,#12887,#12888,#12889,#12890,#12891,#12892,
#12893,#12894,#12895,#12896,#12897,#12898,#12899,#12900,#12901,#12902,#12903,
#12904,#12905,#12906,#12907,#12908,#12909,#12910),.UNSPECIFIED.,.F.,.F.,
(4,3,3,3,3,3,3,3,3,3,3,3,3,3,3,3,3,3,3,3,3,3,3,3,3,3,3,3,3,3,3,3,3,4),(0.,
0.0242691123521723,0.0491146318847163,0.0746283071622822,0.100933121197569,
0.129028961160145,0.158299979157689,0.189498105763965,0.223712457942803,
0.264595867640507,0.310558625912976,0.347269724740992,0.379459428930279,
0.409262755210902,0.437470113248673,0.46449202534706,0.490661989078314,
0.520173579107882,0.54680599666098,0.5751324261144,0.604949418623722,0.636873208561635,
0.672217620248609,0.718494143047295,0.758344406136561,0.792102637546799,
0.823053261437888,0.852210016145376,0.880066328746349,0.906912052769755,
0.932573066569016,0.957684338011501,0.982056767621764,1.),.UNSPECIFIED.);
#453=B_SPLINE_CURVE_WITH_KNOTS('',3,(#12937,#12938,#12939,#12940,#12941,
#12942),.UNSPECIFIED.,.F.,.F.,(4,2,4),(9.99937012938013E-5,0.187890915937565,
0.349158378621628),.UNSPECIFIED.);
#454=B_SPLINE_CURVE_WITH_KNOTS('',3,(#12944,#12945,#12946,#12947,#12948,
#12949),.UNSPECIFIED.,.F.,.F.,(4,2,4),(-0.349158378621628,-0.187890915937565,
-9.99937012938013E-5),.UNSPECIFIED.);
#455=B_SPLINE_CURVE_WITH_KNOTS('',3,(#12969,#12970,#12971,#12972),
 .UNSPECIFIED.,.F.,.F.,(4,4),(-5.94928621410724,-5.90543176281868),
 .UNSPECIFIED.);
#456=B_SPLINE_CURVE_WITH_KNOTS('',3,(#12989,#12990,#12991,#12992),
 .UNSPECIFIED.,.F.,.F.,(4,4),(0.349158378620482,0.444885757674044),
 .UNSPECIFIED.);
#457=B_SPLINE_CURVE_WITH_KNOTS('',3,(#13029,#13030,#13031,#13032),
 .UNSPECIFIED.,.F.,.F.,(4,4),(-0.377753544364235,-0.333899093073935),
 .UNSPECIFIED.);
#458=B_SPLINE_CURVE_WITH_KNOTS('',3,(#13074,#13075,#13076,#13077,#13078,
#13079),.UNSPECIFIED.,.F.,.F.,(4,2,4),(-2.31374587444094,-2.14401492825826,
-1.96414911812285),.UNSPECIFIED.);
#459=B_SPLINE_CURVE_WITH_KNOTS('',3,(#13082,#13083,#13084,#13085,#13086,
#13087),.UNSPECIFIED.,.F.,.F.,(4,2,4),(1.96414911812285,2.14401492825826,
2.31374587444094),.UNSPECIFIED.);
#460=B_SPLINE_CURVE_WITH_KNOTS('',3,(#13104,#13105,#13106,#13107),
 .UNSPECIFIED.,.F.,.F.,(4,4),(1.87004625758778,1.96414911812285),
 .UNSPECIFIED.);
#461=B_SPLINE_CURVE_WITH_KNOTS('',3,(#13117,#13118,#13119,#13120,#13121,
#13122,#13123,#13124,#13125,#13126),.UNSPECIFIED.,.F.,.F.,(4,2,2,2,4),(0.183533588621286,
0.189095478475578,0.22679515362253,0.264492530699712,0.302189907776894),
 .UNSPECIFIED.);
#462=B_SPLINE_CURVE_WITH_KNOTS('',3,(#13136,#13137,#13138,#13139,#13140,
#13141,#13142,#13143,#13144,#13145),.UNSPECIFIED.,.F.,.F.,(4,2,2,2,4),(0.,
0.0376973770771807,0.0753947541543614,0.113094429301314,0.118656319154221),
 .UNSPECIFIED.);
#463=ELLIPSE('',#6333,2.30940107675962,2.00000000000001);
#464=ELLIPSE('',#6334,2.30940107675962,2.00000000000001);
#465=ELLIPSE('',#6336,328.723458809528,7.);
#466=ELLIPSE('',#6338,2.88675134594948,2.49999999999997);
#467=ELLIPSE('',#6340,10.0328107745317,7.);
#468=ELLIPSE('',#6342,2.88675134594496,2.49999999999998);
#469=ELLIPSE('',#6344,328.723458805624,7.00000000000001);
#470=ELLIPSE('',#6346,2.30940107675601,2.00000000000001);
#471=ELLIPSE('',#6347,2.30940107675601,2.00000000000001);
#472=ELLIPSE('',#6349,10.0328107745233,7.);
#473=ELLIPSE('',#6356,10.0328107745237,7.);
#474=ELLIPSE('',#6357,10.0328107745183,7.);
#475=ELLIPSE('',#6361,328.72345881236,7.);
#476=ELLIPSE('',#6364,2.30940107679217,2.00000000000001);
#477=ELLIPSE('',#6365,2.30940107679217,2.00000000000001);
#478=ELLIPSE('',#6367,2.88675134599017,2.49999999999997);
#479=ELLIPSE('',#6371,10.0328107746236,7.);
#480=ELLIPSE('',#6373,2.88675134599631,2.49999999999998);
#481=ELLIPSE('',#6375,10.0328107746357,7.);
#482=ELLIPSE('',#6379,328.723458816419,7.);
#483=ELLIPSE('',#6382,2.30940107679708,2.00000000000001);
#484=ELLIPSE('',#6383,2.30940107679708,2.00000000000001);
#485=ELLIPSE('',#6385,10.0328107746236,7.);
#486=ELLIPSE('',#6386,10.0328107746235,7.);
#487=ELLIPSE('',#6391,10.0328107746356,7.);
#488=ELLIPSE('',#6393,2.85558618443322,2.);
#489=ELLIPSE('',#6417,3.46410161513747,3.);
#490=ELLIPSE('',#6419,2.85558618444027,2.);
#491=ELLIPSE('',#6423,3.79034259457002,3.);
#492=ELLIPSE('',#6426,3.98389297734891,3.);
#493=ELLIPSE('',#6429,3.65896575753475,3.);
#494=ELLIPSE('',#6430,17.5948361561594,3.);
#495=ELLIPSE('',#6431,17.594836156451,3.);
#496=ELLIPSE('',#6440,2.85558618443217,2.);
#497=ELLIPSE('',#6444,3.46410161513749,3.00000000000001);
#498=ELLIPSE('',#6448,3.65896575753477,3.00000000000001);
#499=ELLIPSE('',#6452,3.9838929773489,3.00000000000001);
#500=ELLIPSE('',#6453,3.79034259457002,3.00000000000001);
#501=ELLIPSE('',#6454,17.5948361564965,3.00000000000001);
#502=ELLIPSE('',#6455,17.5948361561257,3.00000000000001);
#503=ELLIPSE('',#6480,2.8555861844416,2.);
#504=ELLIPSE('',#6508,6.64680374315355,4.70000000000001);
#505=ELLIPSE('',#6509,6.64680374332391,4.70000000012048);
#506=ELLIPSE('',#6517,6.64680374315354,4.7);
#507=ELLIPSE('',#6518,6.64680374315354,4.7);
#508=ELLIPSE('',#6526,10.032810774532,7.);
#509=ELLIPSE('',#6528,4.42615858587149,3.1);
#510=ELLIPSE('',#6530,10.0328107745319,7.);
#511=ELLIPSE('',#6533,4.06667201636852,3.1);
#512=ELLIPSE('',#6534,3.54194014328871,2.7);
#513=ELLIPSE('',#6535,3.54194014328871,2.7);
#514=ELLIPSE('',#6536,4.06667201636852,3.1);
#515=ELLIPSE('',#6547,4.42615858588242,3.1);
#516=ELLIPSE('',#6553,4.06667201636853,3.10000000000001);
#517=ELLIPSE('',#6554,3.54194014344676,2.70000000012048);
#518=ELLIPSE('',#6555,3.54194014328873,2.70000000000001);
#519=ELLIPSE('',#6556,4.06667201636853,3.10000000000001);
#520=ELLIPSE('',#6558,4.42615858586988,3.1);
#521=ELLIPSE('',#6560,4.42615858588448,3.1);
#522=ELLIPSE('',#6562,10.0328107746407,7.);
#523=ELLIPSE('',#6707,6.17523774610046,6.);
#524=ELLIPSE('',#6714,6.17523774609488,6.);
#525=ELLIPSE('',#6737,6.17523774609975,6.);
#526=ELLIPSE('',#6740,6.17523774609397,6.);
#527=CYLINDRICAL_SURFACE('',#6332,2.00000000000001);
#528=CYLINDRICAL_SURFACE('',#6337,2.49999999999997);
#529=CYLINDRICAL_SURFACE('',#6341,2.49999999999998);
#530=CYLINDRICAL_SURFACE('',#6345,2.00000000000001);
#531=CYLINDRICAL_SURFACE('',#6355,7.);
#532=CYLINDRICAL_SURFACE('',#6363,2.00000000000001);
#533=CYLINDRICAL_SURFACE('',#6366,2.49999999999997);
#534=CYLINDRICAL_SURFACE('',#6372,2.49999999999998);
#535=CYLINDRICAL_SURFACE('',#6381,2.00000000000001);
#536=CYLINDRICAL_SURFACE('',#6384,7.);
#537=CYLINDRICAL_SURFACE('',#6392,2.);
#538=CYLINDRICAL_SURFACE('',#6418,2.);
#539=CYLINDRICAL_SURFACE('',#6421,2.);
#540=CYLINDRICAL_SURFACE('',#6424,2.);
#541=CYLINDRICAL_SURFACE('',#6427,2.);
#542=CYLINDRICAL_SURFACE('',#6428,3.);
#543=CYLINDRICAL_SURFACE('',#6433,2.);
#544=CYLINDRICAL_SURFACE('',#6435,2.);
#545=CYLINDRICAL_SURFACE('',#6436,2.);
#546=CYLINDRICAL_SURFACE('',#6438,2.);
#547=CYLINDRICAL_SURFACE('',#6441,2.);
#548=CYLINDRICAL_SURFACE('',#6445,2.);
#549=CYLINDRICAL_SURFACE('',#6449,2.);
#550=CYLINDRICAL_SURFACE('',#6451,3.00000000000001);
#551=CYLINDRICAL_SURFACE('',#6457,2.);
#552=CYLINDRICAL_SURFACE('',#6476,2.);
#553=CYLINDRICAL_SURFACE('',#6477,2.);
#554=CYLINDRICAL_SURFACE('',#6479,2.);
#555=CYLINDRICAL_SURFACE('',#6481,1.85);
#556=CYLINDRICAL_SURFACE('',#6484,1.85);
#557=CYLINDRICAL_SURFACE('',#6487,1.85);
#558=CYLINDRICAL_SURFACE('',#6490,1.85);
#559=CYLINDRICAL_SURFACE('',#6493,1.85);
#560=CYLINDRICAL_SURFACE('',#6496,1.85);
#561=CYLINDRICAL_SURFACE('',#6510,4.70000000012048);
#562=CYLINDRICAL_SURFACE('',#6519,4.7);
#563=CYLINDRICAL_SURFACE('',#6529,7.);
#564=CYLINDRICAL_SURFACE('',#6544,6.);
#565=CYLINDRICAL_SURFACE('',#6561,7.);
#566=CYLINDRICAL_SURFACE('',#6573,6.);
#567=CYLINDRICAL_SURFACE('',#6580,4.);
#568=CYLINDRICAL_SURFACE('',#6582,5.1);
#569=CYLINDRICAL_SURFACE('',#6594,4.);
#570=CYLINDRICAL_SURFACE('',#6596,4.);
#571=CYLINDRICAL_SURFACE('',#6603,4.);
#572=CYLINDRICAL_SURFACE('',#6610,4.);
#573=CYLINDRICAL_SURFACE('',#6615,5.1);
#574=CYLINDRICAL_SURFACE('',#6626,4.);
#575=CYLINDRICAL_SURFACE('',#6633,5.1);
#576=CYLINDRICAL_SURFACE('',#6635,1.99999999999999);
#577=CYLINDRICAL_SURFACE('',#6638,2.);
#578=CYLINDRICAL_SURFACE('',#6643,1.99999999999989);
#579=CYLINDRICAL_SURFACE('',#6645,1.99999999999999);
#580=CYLINDRICAL_SURFACE('',#6650,6.);
#581=CYLINDRICAL_SURFACE('',#6655,6.);
#582=CYLINDRICAL_SURFACE('',#6659,1.99999999999999);
#583=CYLINDRICAL_SURFACE('',#6663,2.);
#584=CYLINDRICAL_SURFACE('',#6666,1.99999999999989);
#585=CYLINDRICAL_SURFACE('',#6670,1.99999999999999);
#586=CYLINDRICAL_SURFACE('',#6679,1.7);
#587=CYLINDRICAL_SURFACE('',#6683,1.7);
#588=CYLINDRICAL_SURFACE('',#6687,1.7);
#589=CYLINDRICAL_SURFACE('',#6691,1.7);
#590=CYLINDRICAL_SURFACE('',#6696,1.);
#591=CYLINDRICAL_SURFACE('',#6699,4.);
#592=CYLINDRICAL_SURFACE('',#6700,1.);
#593=CYLINDRICAL_SURFACE('',#6701,4.);
#594=CYLINDRICAL_SURFACE('',#6703,1.);
#595=CYLINDRICAL_SURFACE('',#6704,1.);
#596=CYLINDRICAL_SURFACE('',#6706,6.);
#597=CYLINDRICAL_SURFACE('',#6708,3.);
#598=CYLINDRICAL_SURFACE('',#6713,6.);
#599=CYLINDRICAL_SURFACE('',#6715,3.);
#600=CYLINDRICAL_SURFACE('',#6716,6.);
#601=CYLINDRICAL_SURFACE('',#6720,6.);
#602=CYLINDRICAL_SURFACE('',#6721,0.999999999999996);
#603=CYLINDRICAL_SURFACE('',#6722,1.);
#604=CYLINDRICAL_SURFACE('',#6726,4.70000000000001);
#605=CYLINDRICAL_SURFACE('',#6729,5.1);
#606=CYLINDRICAL_SURFACE('',#6732,4.7);
#607=CYLINDRICAL_SURFACE('',#6734,3.);
#608=CYLINDRICAL_SURFACE('',#6736,6.);
#609=CYLINDRICAL_SURFACE('',#6738,3.);
#610=CYLINDRICAL_SURFACE('',#6739,6.);
#611=CYLINDRICAL_SURFACE('',#6742,6.);
#612=CYLINDRICAL_SURFACE('',#6746,6.);
#613=CYLINDRICAL_SURFACE('',#6754,3.1);
#614=CYLINDRICAL_SURFACE('',#6755,3.1);
#615=CYLINDRICAL_SURFACE('',#6757,2.70000000000001);
#616=CYLINDRICAL_SURFACE('',#6759,2.70000000012048);
#617=CYLINDRICAL_SURFACE('',#6762,3.1);
#618=CYLINDRICAL_SURFACE('',#6765,3.1);
#619=CYLINDRICAL_SURFACE('',#6768,2.7);
#620=CYLINDRICAL_SURFACE('',#6770,2.7);
#621=FACE_OUTER_BOUND('',#959,.T.);
#622=FACE_OUTER_BOUND('',#960,.T.);
#623=FACE_OUTER_BOUND('',#961,.T.);
#624=FACE_OUTER_BOUND('',#962,.T.);
#625=FACE_OUTER_BOUND('',#963,.T.);
#626=FACE_OUTER_BOUND('',#964,.T.);
#627=FACE_OUTER_BOUND('',#965,.T.);
#628=FACE_OUTER_BOUND('',#966,.T.);
#629=FACE_OUTER_BOUND('',#967,.T.);
#630=FACE_OUTER_BOUND('',#968,.T.);
#631=FACE_OUTER_BOUND('',#969,.T.);
#632=FACE_OUTER_BOUND('',#970,.T.);
#633=FACE_OUTER_BOUND('',#971,.T.);
#634=FACE_OUTER_BOUND('',#972,.T.);
#635=FACE_OUTER_BOUND('',#973,.T.);
#636=FACE_OUTER_BOUND('',#974,.T.);
#637=FACE_OUTER_BOUND('',#975,.T.);
#638=FACE_OUTER_BOUND('',#976,.T.);
#639=FACE_OUTER_BOUND('',#977,.T.);
#640=FACE_OUTER_BOUND('',#978,.T.);
#641=FACE_OUTER_BOUND('',#979,.T.);
#642=FACE_OUTER_BOUND('',#980,.T.);
#643=FACE_OUTER_BOUND('',#981,.T.);
#644=FACE_OUTER_BOUND('',#982,.T.);
#645=FACE_OUTER_BOUND('',#983,.T.);
#646=FACE_OUTER_BOUND('',#984,.T.);
#647=FACE_OUTER_BOUND('',#985,.T.);
#648=FACE_OUTER_BOUND('',#986,.T.);
#649=FACE_OUTER_BOUND('',#987,.T.);
#650=FACE_OUTER_BOUND('',#988,.T.);
#651=FACE_OUTER_BOUND('',#989,.T.);
#652=FACE_OUTER_BOUND('',#990,.T.);
#653=FACE_OUTER_BOUND('',#991,.T.);
#654=FACE_OUTER_BOUND('',#992,.T.);
#655=FACE_OUTER_BOUND('',#993,.T.);
#656=FACE_OUTER_BOUND('',#994,.T.);
#657=FACE_OUTER_BOUND('',#995,.T.);
#658=FACE_OUTER_BOUND('',#996,.T.);
#659=FACE_OUTER_BOUND('',#997,.T.);
#660=FACE_OUTER_BOUND('',#998,.T.);
#661=FACE_OUTER_BOUND('',#1004,.T.);
#662=FACE_OUTER_BOUND('',#1005,.T.);
#663=FACE_OUTER_BOUND('',#1006,.T.);
#664=FACE_OUTER_BOUND('',#1007,.T.);
#665=FACE_OUTER_BOUND('',#1008,.T.);
#666=FACE_OUTER_BOUND('',#1009,.T.);
#667=FACE_OUTER_BOUND('',#1010,.T.);
#668=FACE_OUTER_BOUND('',#1011,.T.);
#669=FACE_OUTER_BOUND('',#1012,.T.);
#670=FACE_OUTER_BOUND('',#1013,.T.);
#671=FACE_OUTER_BOUND('',#1014,.T.);
#672=FACE_OUTER_BOUND('',#1015,.T.);
#673=FACE_OUTER_BOUND('',#1016,.T.);
#674=FACE_OUTER_BOUND('',#1017,.T.);
#675=FACE_OUTER_BOUND('',#1018,.T.);
#676=FACE_OUTER_BOUND('',#1019,.T.);
#677=FACE_OUTER_BOUND('',#1020,.T.);
#678=FACE_OUTER_BOUND('',#1021,.T.);
#679=FACE_OUTER_BOUND('',#1022,.T.);
#680=FACE_OUTER_BOUND('',#1023,.T.);
#681=FACE_OUTER_BOUND('',#1024,.T.);
#682=FACE_OUTER_BOUND('',#1025,.T.);
#683=FACE_OUTER_BOUND('',#1026,.T.);
#684=FACE_OUTER_BOUND('',#1027,.T.);
#685=FACE_OUTER_BOUND('',#1028,.T.);
#686=FACE_OUTER_BOUND('',#1034,.T.);
#687=FACE_OUTER_BOUND('',#1035,.T.);
#688=FACE_OUTER_BOUND('',#1036,.T.);
#689=FACE_OUTER_BOUND('',#1037,.T.);
#690=FACE_OUTER_BOUND('',#1038,.T.);
#691=FACE_OUTER_BOUND('',#1039,.T.);
#692=FACE_OUTER_BOUND('',#1040,.T.);
#693=FACE_OUTER_BOUND('',#1041,.T.);
#694=FACE_OUTER_BOUND('',#1042,.T.);
#695=FACE_OUTER_BOUND('',#1043,.T.);
#696=FACE_OUTER_BOUND('',#1044,.T.);
#697=FACE_OUTER_BOUND('',#1045,.T.);
#698=FACE_OUTER_BOUND('',#1046,.T.);
#699=FACE_OUTER_BOUND('',#1047,.T.);
#700=FACE_OUTER_BOUND('',#1048,.T.);
#701=FACE_OUTER_BOUND('',#1049,.T.);
#702=FACE_OUTER_BOUND('',#1050,.T.);
#703=FACE_OUTER_BOUND('',#1051,.T.);
#704=FACE_OUTER_BOUND('',#1052,.T.);
#705=FACE_OUTER_BOUND('',#1053,.T.);
#706=FACE_OUTER_BOUND('',#1054,.T.);
#707=FACE_OUTER_BOUND('',#1055,.T.);
#708=FACE_OUTER_BOUND('',#1056,.T.);
#709=FACE_OUTER_BOUND('',#1057,.T.);
#710=FACE_OUTER_BOUND('',#1058,.T.);
#711=FACE_OUTER_BOUND('',#1059,.T.);
#712=FACE_OUTER_BOUND('',#1060,.T.);
#713=FACE_OUTER_BOUND('',#1061,.T.);
#714=FACE_OUTER_BOUND('',#1062,.T.);
#715=FACE_OUTER_BOUND('',#1063,.T.);
#716=FACE_OUTER_BOUND('',#1064,.T.);
#717=FACE_OUTER_BOUND('',#1065,.T.);
#718=FACE_OUTER_BOUND('',#1066,.T.);
#719=FACE_OUTER_BOUND('',#1067,.T.);
#720=FACE_OUTER_BOUND('',#1068,.T.);
#721=FACE_OUTER_BOUND('',#1069,.T.);
#722=FACE_OUTER_BOUND('',#1071,.T.);
#723=FACE_OUTER_BOUND('',#1072,.T.);
#724=FACE_OUTER_BOUND('',#1073,.T.);
#725=FACE_OUTER_BOUND('',#1074,.T.);
#726=FACE_OUTER_BOUND('',#1075,.T.);
#727=FACE_OUTER_BOUND('',#1076,.T.);
#728=FACE_OUTER_BOUND('',#1077,.T.);
#729=FACE_OUTER_BOUND('',#1078,.T.);
#730=FACE_OUTER_BOUND('',#1080,.T.);
#731=FACE_OUTER_BOUND('',#1081,.T.);
#732=FACE_OUTER_BOUND('',#1082,.T.);
#733=FACE_OUTER_BOUND('',#1083,.T.);
#734=FACE_OUTER_BOUND('',#1084,.T.);
#735=FACE_OUTER_BOUND('',#1085,.T.);
#736=FACE_OUTER_BOUND('',#1086,.T.);
#737=FACE_OUTER_BOUND('',#1087,.T.);
#738=FACE_OUTER_BOUND('',#1088,.T.);
#739=FACE_OUTER_BOUND('',#1089,.T.);
#740=FACE_OUTER_BOUND('',#1090,.T.);
#741=FACE_OUTER_BOUND('',#1092,.T.);
#742=FACE_OUTER_BOUND('',#1094,.T.);
#743=FACE_OUTER_BOUND('',#1095,.T.);
#744=FACE_OUTER_BOUND('',#1096,.T.);
#745=FACE_OUTER_BOUND('',#1097,.T.);
#746=FACE_OUTER_BOUND('',#1098,.T.);
#747=FACE_OUTER_BOUND('',#1099,.T.);
#748=FACE_OUTER_BOUND('',#1100,.T.);
#749=FACE_OUTER_BOUND('',#1101,.T.);
#750=FACE_OUTER_BOUND('',#1102,.T.);
#751=FACE_OUTER_BOUND('',#1103,.T.);
#752=FACE_OUTER_BOUND('',#1104,.T.);
#753=FACE_OUTER_BOUND('',#1105,.T.);
#754=FACE_OUTER_BOUND('',#1106,.T.);
#755=FACE_OUTER_BOUND('',#1107,.T.);
#756=FACE_OUTER_BOUND('',#1108,.T.);
#757=FACE_OUTER_BOUND('',#1109,.T.);
#758=FACE_OUTER_BOUND('',#1110,.T.);
#759=FACE_OUTER_BOUND('',#1111,.T.);
#760=FACE_OUTER_BOUND('',#1112,.T.);
#761=FACE_OUTER_BOUND('',#1113,.T.);
#762=FACE_OUTER_BOUND('',#1114,.T.);
#763=FACE_OUTER_BOUND('',#1115,.T.);
#764=FACE_OUTER_BOUND('',#1116,.T.);
#765=FACE_OUTER_BOUND('',#1117,.T.);
#766=FACE_OUTER_BOUND('',#1118,.T.);
#767=FACE_OUTER_BOUND('',#1119,.T.);
#768=FACE_OUTER_BOUND('',#1120,.T.);
#769=FACE_OUTER_BOUND('',#1121,.T.);
#770=FACE_OUTER_BOUND('',#1122,.T.);
#771=FACE_OUTER_BOUND('',#1123,.T.);
#772=FACE_OUTER_BOUND('',#1124,.T.);
#773=FACE_OUTER_BOUND('',#1125,.T.);
#774=FACE_OUTER_BOUND('',#1126,.T.);
#775=FACE_OUTER_BOUND('',#1127,.T.);
#776=FACE_OUTER_BOUND('',#1128,.T.);
#777=FACE_OUTER_BOUND('',#1129,.T.);
#778=FACE_OUTER_BOUND('',#1130,.T.);
#779=FACE_OUTER_BOUND('',#1131,.T.);
#780=FACE_OUTER_BOUND('',#1132,.T.);
#781=FACE_OUTER_BOUND('',#1133,.T.);
#782=FACE_OUTER_BOUND('',#1134,.T.);
#783=FACE_OUTER_BOUND('',#1135,.T.);
#784=FACE_OUTER_BOUND('',#1136,.T.);
#785=FACE_OUTER_BOUND('',#1137,.T.);
#786=FACE_OUTER_BOUND('',#1138,.T.);
#787=FACE_OUTER_BOUND('',#1139,.T.);
#788=FACE_OUTER_BOUND('',#1140,.T.);
#789=FACE_OUTER_BOUND('',#1141,.T.);
#790=FACE_OUTER_BOUND('',#1142,.T.);
#791=FACE_OUTER_BOUND('',#1143,.T.);
#792=FACE_OUTER_BOUND('',#1144,.T.);
#793=FACE_OUTER_BOUND('',#1145,.T.);
#794=FACE_OUTER_BOUND('',#1146,.T.);
#795=FACE_OUTER_BOUND('',#1147,.T.);
#796=FACE_OUTER_BOUND('',#1148,.T.);
#797=FACE_OUTER_BOUND('',#1149,.T.);
#798=FACE_OUTER_BOUND('',#1150,.T.);
#799=FACE_OUTER_BOUND('',#1151,.T.);
#800=FACE_OUTER_BOUND('',#1152,.T.);
#801=FACE_OUTER_BOUND('',#1153,.T.);
#802=FACE_OUTER_BOUND('',#1154,.T.);
#803=FACE_OUTER_BOUND('',#1155,.T.);
#804=FACE_OUTER_BOUND('',#1156,.T.);
#805=FACE_OUTER_BOUND('',#1157,.T.);
#806=FACE_OUTER_BOUND('',#1158,.T.);
#807=FACE_OUTER_BOUND('',#1159,.T.);
#808=FACE_OUTER_BOUND('',#1160,.T.);
#809=FACE_OUTER_BOUND('',#1161,.T.);
#810=FACE_OUTER_BOUND('',#1162,.T.);
#811=FACE_OUTER_BOUND('',#1163,.T.);
#812=FACE_OUTER_BOUND('',#1164,.T.);
#813=FACE_OUTER_BOUND('',#1165,.T.);
#814=FACE_OUTER_BOUND('',#1166,.T.);
#815=FACE_OUTER_BOUND('',#1167,.T.);
#816=FACE_OUTER_BOUND('',#1168,.T.);
#817=FACE_OUTER_BOUND('',#1169,.T.);
#818=FACE_OUTER_BOUND('',#1170,.T.);
#819=FACE_OUTER_BOUND('',#1171,.T.);
#820=FACE_OUTER_BOUND('',#1172,.T.);
#821=FACE_OUTER_BOUND('',#1173,.T.);
#822=FACE_OUTER_BOUND('',#1174,.T.);
#823=FACE_OUTER_BOUND('',#1175,.T.);
#824=FACE_OUTER_BOUND('',#1176,.T.);
#825=FACE_OUTER_BOUND('',#1177,.T.);
#826=FACE_OUTER_BOUND('',#1178,.T.);
#827=FACE_OUTER_BOUND('',#1179,.T.);
#828=FACE_OUTER_BOUND('',#1180,.T.);
#829=FACE_OUTER_BOUND('',#1181,.T.);
#830=FACE_OUTER_BOUND('',#1182,.T.);
#831=FACE_OUTER_BOUND('',#1183,.T.);
#832=FACE_OUTER_BOUND('',#1184,.T.);
#833=FACE_OUTER_BOUND('',#1185,.T.);
#834=FACE_OUTER_BOUND('',#1186,.T.);
#835=FACE_OUTER_BOUND('',#1187,.T.);
#836=FACE_OUTER_BOUND('',#1188,.T.);
#837=FACE_OUTER_BOUND('',#1189,.T.);
#838=FACE_OUTER_BOUND('',#1190,.T.);
#839=FACE_OUTER_BOUND('',#1191,.T.);
#840=FACE_OUTER_BOUND('',#1192,.T.);
#841=FACE_OUTER_BOUND('',#1193,.T.);
#842=FACE_OUTER_BOUND('',#1194,.T.);
#843=FACE_OUTER_BOUND('',#1195,.T.);
#844=FACE_OUTER_BOUND('',#1196,.T.);
#845=FACE_OUTER_BOUND('',#1197,.T.);
#846=FACE_OUTER_BOUND('',#1198,.T.);
#847=FACE_OUTER_BOUND('',#1199,.T.);
#848=FACE_OUTER_BOUND('',#1200,.T.);
#849=FACE_OUTER_BOUND('',#1201,.T.);
#850=FACE_OUTER_BOUND('',#1202,.T.);
#851=FACE_OUTER_BOUND('',#1203,.T.);
#852=FACE_OUTER_BOUND('',#1204,.T.);
#853=FACE_OUTER_BOUND('',#1205,.T.);
#854=FACE_OUTER_BOUND('',#1206,.T.);
#855=FACE_OUTER_BOUND('',#1207,.T.);
#856=FACE_OUTER_BOUND('',#1208,.T.);
#857=FACE_OUTER_BOUND('',#1209,.T.);
#858=FACE_OUTER_BOUND('',#1210,.T.);
#859=FACE_OUTER_BOUND('',#1211,.T.);
#860=FACE_OUTER_BOUND('',#1212,.T.);
#861=FACE_OUTER_BOUND('',#1213,.T.);
#862=FACE_OUTER_BOUND('',#1214,.T.);
#863=FACE_OUTER_BOUND('',#1215,.T.);
#864=FACE_OUTER_BOUND('',#1216,.T.);
#865=FACE_OUTER_BOUND('',#1218,.T.);
#866=FACE_OUTER_BOUND('',#1219,.T.);
#867=FACE_OUTER_BOUND('',#1221,.T.);
#868=FACE_OUTER_BOUND('',#1222,.T.);
#869=FACE_OUTER_BOUND('',#1224,.T.);
#870=FACE_OUTER_BOUND('',#1225,.T.);
#871=FACE_OUTER_BOUND('',#1227,.T.);
#872=FACE_OUTER_BOUND('',#1228,.T.);
#873=FACE_OUTER_BOUND('',#1229,.T.);
#874=FACE_OUTER_BOUND('',#1230,.T.);
#875=FACE_OUTER_BOUND('',#1231,.T.);
#876=FACE_OUTER_BOUND('',#1232,.T.);
#877=FACE_OUTER_BOUND('',#1233,.T.);
#878=FACE_OUTER_BOUND('',#1234,.T.);
#879=FACE_OUTER_BOUND('',#1235,.T.);
#880=FACE_OUTER_BOUND('',#1236,.T.);
#881=FACE_OUTER_BOUND('',#1237,.T.);
#882=FACE_OUTER_BOUND('',#1238,.T.);
#883=FACE_OUTER_BOUND('',#1239,.T.);
#884=FACE_OUTER_BOUND('',#1240,.T.);
#885=FACE_OUTER_BOUND('',#1241,.T.);
#886=FACE_OUTER_BOUND('',#1242,.T.);
#887=FACE_OUTER_BOUND('',#1243,.T.);
#888=FACE_OUTER_BOUND('',#1244,.T.);
#889=FACE_OUTER_BOUND('',#1245,.T.);
#890=FACE_OUTER_BOUND('',#1246,.T.);
#891=FACE_OUTER_BOUND('',#1247,.T.);
#892=FACE_OUTER_BOUND('',#1248,.T.);
#893=FACE_OUTER_BOUND('',#1249,.T.);
#894=FACE_OUTER_BOUND('',#1250,.T.);
#895=FACE_OUTER_BOUND('',#1251,.T.);
#896=FACE_OUTER_BOUND('',#1252,.T.);
#897=FACE_OUTER_BOUND('',#1253,.T.);
#898=FACE_OUTER_BOUND('',#1254,.T.);
#899=FACE_OUTER_BOUND('',#1255,.T.);
#900=FACE_OUTER_BOUND('',#1256,.T.);
#901=FACE_OUTER_BOUND('',#1257,.T.);
#902=FACE_OUTER_BOUND('',#1258,.T.);
#903=FACE_OUTER_BOUND('',#1259,.T.);
#904=FACE_OUTER_BOUND('',#1260,.T.);
#905=FACE_OUTER_BOUND('',#1261,.T.);
#906=FACE_OUTER_BOUND('',#1262,.T.);
#907=FACE_OUTER_BOUND('',#1263,.T.);
#908=FACE_OUTER_BOUND('',#1264,.T.);
#909=FACE_OUTER_BOUND('',#1265,.T.);
#910=FACE_OUTER_BOUND('',#1266,.T.);
#911=FACE_OUTER_BOUND('',#1267,.T.);
#912=FACE_OUTER_BOUND('',#1268,.T.);
#913=FACE_OUTER_BOUND('',#1269,.T.);
#914=FACE_OUTER_BOUND('',#1270,.T.);
#915=FACE_OUTER_BOUND('',#1271,.T.);
#916=FACE_OUTER_BOUND('',#1272,.T.);
#917=FACE_OUTER_BOUND('',#1273,.T.);
#918=FACE_OUTER_BOUND('',#1274,.T.);
#919=FACE_OUTER_BOUND('',#1275,.T.);
#920=FACE_OUTER_BOUND('',#1276,.T.);
#921=FACE_OUTER_BOUND('',#1277,.T.);
#922=FACE_OUTER_BOUND('',#1278,.T.);
#923=FACE_OUTER_BOUND('',#1279,.T.);
#924=FACE_OUTER_BOUND('',#1280,.T.);
#925=FACE_OUTER_BOUND('',#1281,.T.);
#926=FACE_OUTER_BOUND('',#1282,.T.);
#927=FACE_OUTER_BOUND('',#1283,.T.);
#928=FACE_OUTER_BOUND('',#1284,.T.);
#929=FACE_OUTER_BOUND('',#1285,.T.);
#930=FACE_OUTER_BOUND('',#1286,.T.);
#931=FACE_OUTER_BOUND('',#1287,.T.);
#932=FACE_OUTER_BOUND('',#1288,.T.);
#933=FACE_OUTER_BOUND('',#1289,.T.);
#934=FACE_OUTER_BOUND('',#1290,.T.);
#935=FACE_OUTER_BOUND('',#1291,.T.);
#936=FACE_OUTER_BOUND('',#1292,.T.);
#937=FACE_OUTER_BOUND('',#1293,.T.);
#938=FACE_OUTER_BOUND('',#1294,.T.);
#939=FACE_OUTER_BOUND('',#1295,.T.);
#940=FACE_OUTER_BOUND('',#1296,.T.);
#941=FACE_OUTER_BOUND('',#1297,.T.);
#942=FACE_OUTER_BOUND('',#1298,.T.);
#943=FACE_OUTER_BOUND('',#1299,.T.);
#944=FACE_OUTER_BOUND('',#1300,.T.);
#945=FACE_OUTER_BOUND('',#1301,.T.);
#946=FACE_OUTER_BOUND('',#1302,.T.);
#947=FACE_OUTER_BOUND('',#1303,.T.);
#948=FACE_OUTER_BOUND('',#1304,.T.);
#949=FACE_OUTER_BOUND('',#1305,.T.);
#950=FACE_OUTER_BOUND('',#1306,.T.);
#951=FACE_OUTER_BOUND('',#1307,.T.);
#952=FACE_OUTER_BOUND('',#1308,.T.);
#953=FACE_OUTER_BOUND('',#1309,.T.);
#954=FACE_OUTER_BOUND('',#1310,.T.);
#955=FACE_OUTER_BOUND('',#1311,.T.);
#956=FACE_OUTER_BOUND('',#1312,.T.);
#957=FACE_OUTER_BOUND('',#1313,.T.);
#958=FACE_OUTER_BOUND('',#1314,.T.);
#959=EDGE_LOOP('',(#3937,#3938,#3939,#3940));
#960=EDGE_LOOP('',(#3941,#3942,#3943,#3944));
#961=EDGE_LOOP('',(#3945,#3946,#3947,#3948));
#962=EDGE_LOOP('',(#3949,#3950,#3951,#3952,#3953));
#963=EDGE_LOOP('',(#3954,#3955,#3956,#3957));
#964=EDGE_LOOP('',(#3958,#3959,#3960,#3961));
#965=EDGE_LOOP('',(#3962,#3963,#3964,#3965,#3966));
#966=EDGE_LOOP('',(#3967,#3968,#3969,#3970));
#967=EDGE_LOOP('',(#3971,#3972,#3973,#3974));
#968=EDGE_LOOP('',(#3975,#3976,#3977,#3978,#3979));
#969=EDGE_LOOP('',(#3980,#3981,#3982,#3983,#3984));
#970=EDGE_LOOP('',(#3985,#3986,#3987,#3988));
#971=EDGE_LOOP('',(#3989,#3990,#3991,#3992));
#972=EDGE_LOOP('',(#3993,#3994,#3995,#3996));
#973=EDGE_LOOP('',(#3997,#3998,#3999));
#974=EDGE_LOOP('',(#4000,#4001,#4002,#4003,#4004,#4005,#4006,#4007));
#975=EDGE_LOOP('',(#4008,#4009,#4010,#4011,#4012,#4013,#4014,#4015,#4016,
#4017,#4018,#4019));
#976=EDGE_LOOP('',(#4020,#4021,#4022));
#977=EDGE_LOOP('',(#4023,#4024,#4025,#4026,#4027,#4028,#4029,#4030));
#978=EDGE_LOOP('',(#4031,#4032,#4033,#4034));
#979=EDGE_LOOP('',(#4035,#4036,#4037,#4038));
#980=EDGE_LOOP('',(#4039,#4040,#4041,#4042,#4043));
#981=EDGE_LOOP('',(#4044,#4045,#4046,#4047));
#982=EDGE_LOOP('',(#4048,#4049,#4050,#4051));
#983=EDGE_LOOP('',(#4052,#4053,#4054,#4055));
#984=EDGE_LOOP('',(#4056,#4057,#4058,#4059,#4060));
#985=EDGE_LOOP('',(#4061,#4062,#4063,#4064));
#986=EDGE_LOOP('',(#4065,#4066,#4067,#4068,#4069));
#987=EDGE_LOOP('',(#4070,#4071,#4072,#4073));
#988=EDGE_LOOP('',(#4074,#4075,#4076,#4077));
#989=EDGE_LOOP('',(#4078,#4079,#4080,#4081));
#990=EDGE_LOOP('',(#4082,#4083,#4084,#4085));
#991=EDGE_LOOP('',(#4086,#4087,#4088,#4089,#4090));
#992=EDGE_LOOP('',(#4091,#4092,#4093,#4094,#4095,#4096,#4097,#4098,#4099,
#4100,#4101));
#993=EDGE_LOOP('',(#4102,#4103,#4104));
#994=EDGE_LOOP('',(#4105,#4106,#4107));
#995=EDGE_LOOP('',(#4108,#4109,#4110,#4111,#4112,#4113,#4114,#4115));
#996=EDGE_LOOP('',(#4116,#4117,#4118,#4119,#4120,#4121,#4122,#4123,#4124));
#997=EDGE_LOOP('',(#4125,#4126,#4127,#4128,#4129));
#998=EDGE_LOOP('',(#4130,#4131,#4132,#4133,#4134,#4135,#4136,#4137,#4138,
#4139,#4140,#4141,#4142,#4143,#4144,#4145,#4146,#4147,#4148,#4149,#4150,
#4151,#4152,#4153,#4154,#4155,#4156,#4157,#4158,#4159,#4160,#4161,#4162,
#4163,#4164,#4165,#4166,#4167,#4168,#4169,#4170,#4171));
#999=EDGE_LOOP('',(#4172));
#1000=EDGE_LOOP('',(#4173));
#1001=EDGE_LOOP('',(#4174));
#1002=EDGE_LOOP('',(#4175));
#1003=EDGE_LOOP('',(#4176));
#1004=EDGE_LOOP('',(#4177,#4178,#4179,#4180,#4181));
#1005=EDGE_LOOP('',(#4182,#4183,#4184,#4185));
#1006=EDGE_LOOP('',(#4186,#4187,#4188,#4189,#4190,#4191,#4192,#4193,#4194));
#1007=EDGE_LOOP('',(#4195,#4196,#4197,#4198));
#1008=EDGE_LOOP('',(#4199,#4200,#4201,#4202,#4203));
#1009=EDGE_LOOP('',(#4204,#4205,#4206,#4207));
#1010=EDGE_LOOP('',(#4208,#4209,#4210,#4211));
#1011=EDGE_LOOP('',(#4212,#4213,#4214,#4215));
#1012=EDGE_LOOP('',(#4216,#4217,#4218,#4219,#4220,#4221,#4222,#4223,#4224,
#4225,#4226,#4227,#4228,#4229,#4230,#4231));
#1013=EDGE_LOOP('',(#4232,#4233,#4234,#4235));
#1014=EDGE_LOOP('',(#4236,#4237,#4238,#4239));
#1015=EDGE_LOOP('',(#4240,#4241,#4242,#4243));
#1016=EDGE_LOOP('',(#4244,#4245,#4246,#4247));
#1017=EDGE_LOOP('',(#4248,#4249,#4250,#4251));
#1018=EDGE_LOOP('',(#4252,#4253,#4254,#4255));
#1019=EDGE_LOOP('',(#4256,#4257,#4258,#4259,#4260));
#1020=EDGE_LOOP('',(#4261,#4262,#4263,#4264));
#1021=EDGE_LOOP('',(#4265,#4266,#4267,#4268,#4269));
#1022=EDGE_LOOP('',(#4270,#4271,#4272,#4273));
#1023=EDGE_LOOP('',(#4274,#4275,#4276,#4277));
#1024=EDGE_LOOP('',(#4278,#4279,#4280,#4281));
#1025=EDGE_LOOP('',(#4282,#4283,#4284,#4285,#4286,#4287,#4288,#4289,#4290,
#4291,#4292,#4293,#4294,#4295,#4296,#4297));
#1026=EDGE_LOOP('',(#4298,#4299,#4300,#4301));
#1027=EDGE_LOOP('',(#4302,#4303,#4304,#4305));
#1028=EDGE_LOOP('',(#4306,#4307,#4308,#4309,#4310,#4311,#4312,#4313,#4314,
#4315,#4316,#4317,#4318,#4319,#4320,#4321,#4322,#4323,#4324,#4325,#4326,
#4327,#4328,#4329,#4330,#4331,#4332,#4333,#4334,#4335,#4336,#4337,#4338,
#4339,#4340,#4341,#4342,#4343,#4344,#4345,#4346,#4347));
#1029=EDGE_LOOP('',(#4348));
#1030=EDGE_LOOP('',(#4349));
#1031=EDGE_LOOP('',(#4350));
#1032=EDGE_LOOP('',(#4351));
#1033=EDGE_LOOP('',(#4352));
#1034=EDGE_LOOP('',(#4353,#4354,#4355,#4356));
#1035=EDGE_LOOP('',(#4357,#4358,#4359,#4360));
#1036=EDGE_LOOP('',(#4361,#4362,#4363,#4364,#4365));
#1037=EDGE_LOOP('',(#4366,#4367,#4368,#4369));
#1038=EDGE_LOOP('',(#4370,#4371,#4372,#4373));
#1039=EDGE_LOOP('',(#4374));
#1040=EDGE_LOOP('',(#4375,#4376,#4377,#4378));
#1041=EDGE_LOOP('',(#4379));
#1042=EDGE_LOOP('',(#4380,#4381,#4382,#4383));
#1043=EDGE_LOOP('',(#4384));
#1044=EDGE_LOOP('',(#4385,#4386,#4387,#4388));
#1045=EDGE_LOOP('',(#4389));
#1046=EDGE_LOOP('',(#4390,#4391,#4392,#4393));
#1047=EDGE_LOOP('',(#4394));
#1048=EDGE_LOOP('',(#4395,#4396,#4397,#4398));
#1049=EDGE_LOOP('',(#4399));
#1050=EDGE_LOOP('',(#4400,#4401,#4402,#4403));
#1051=EDGE_LOOP('',(#4404,#4405,#4406,#4407,#4408,#4409,#4410,#4411,#4412));
#1052=EDGE_LOOP('',(#4413,#4414,#4415,#4416,#4417,#4418,#4419,#4420,#4421,
#4422,#4423,#4424,#4425,#4426));
#1053=EDGE_LOOP('',(#4427,#4428,#4429,#4430));
#1054=EDGE_LOOP('',(#4431,#4432,#4433,#4434,#4435,#4436,#4437,#4438,#4439,
#4440));
#1055=EDGE_LOOP('',(#4441,#4442,#4443,#4444,#4445,#4446,#4447,#4448,#4449,
#4450,#4451,#4452,#4453,#4454));
#1056=EDGE_LOOP('',(#4455,#4456,#4457,#4458,#4459,#4460,#4461,#4462,#4463));
#1057=EDGE_LOOP('',(#4464,#4465,#4466,#4467,#4468,#4469,#4470,#4471,#4472,
#4473));
#1058=EDGE_LOOP('',(#4474,#4475,#4476,#4477));
#1059=EDGE_LOOP('',(#4478,#4479,#4480,#4481,#4482,#4483,#4484));
#1060=EDGE_LOOP('',(#4485,#4486,#4487,#4488,#4489,#4490,#4491,#4492,#4493,
#4494,#4495,#4496,#4497,#4498,#4499,#4500));
#1061=EDGE_LOOP('',(#4501,#4502,#4503,#4504));
#1062=EDGE_LOOP('',(#4505,#4506,#4507,#4508,#4509,#4510,#4511));
#1063=EDGE_LOOP('',(#4512,#4513,#4514,#4515,#4516,#4517,#4518,#4519,#4520,
#4521,#4522,#4523,#4524,#4525,#4526,#4527));
#1064=EDGE_LOOP('',(#4528,#4529,#4530,#4531,#4532,#4533,#4534,#4535));
#1065=EDGE_LOOP('',(#4536,#4537,#4538,#4539,#4540,#4541,#4542,#4543,#4544,
#4545));
#1066=EDGE_LOOP('',(#4546,#4547,#4548,#4549,#4550,#4551,#4552,#4553,#4554,
#4555,#4556,#4557));
#1067=EDGE_LOOP('',(#4558,#4559,#4560,#4561));
#1068=EDGE_LOOP('',(#4562,#4563,#4564,#4565,#4566,#4567,#4568,#4569,#4570,
#4571,#4572,#4573,#4574,#4575));
#1069=EDGE_LOOP('',(#4576,#4577,#4578,#4579,#4580,#4581,#4582));
#1070=EDGE_LOOP('',(#4583,#4584,#4585,#4586,#4587,#4588,#4589,#4590));
#1071=EDGE_LOOP('',(#4591,#4592,#4593,#4594,#4595));
#1072=EDGE_LOOP('',(#4596,#4597,#4598,#4599,#4600));
#1073=EDGE_LOOP('',(#4601,#4602,#4603,#4604,#4605,#4606,#4607,#4608));
#1074=EDGE_LOOP('',(#4609,#4610,#4611,#4612));
#1075=EDGE_LOOP('',(#4613,#4614,#4615,#4616));
#1076=EDGE_LOOP('',(#4617,#4618,#4619,#4620));
#1077=EDGE_LOOP('',(#4621,#4622,#4623,#4624,#4625,#4626,#4627,#4628,#4629,
#4630));
#1078=EDGE_LOOP('',(#4631,#4632,#4633,#4634,#4635,#4636,#4637));
#1079=EDGE_LOOP('',(#4638,#4639,#4640,#4641,#4642,#4643,#4644,#4645));
#1080=EDGE_LOOP('',(#4646,#4647,#4648,#4649));
#1081=EDGE_LOOP('',(#4650,#4651,#4652,#4653));
#1082=EDGE_LOOP('',(#4654,#4655,#4656,#4657));
#1083=EDGE_LOOP('',(#4658,#4659,#4660,#4661,#4662,#4663,#4664,#4665,#4666,
#4667,#4668,#4669,#4670,#4671));
#1084=EDGE_LOOP('',(#4672,#4673,#4674,#4675,#4676,#4677,#4678,#4679,#4680,
#4681));
#1085=EDGE_LOOP('',(#4682,#4683,#4684,#4685,#4686,#4687,#4688,#4689,#4690,
#4691));
#1086=EDGE_LOOP('',(#4692,#4693,#4694,#4695,#4696,#4697,#4698,#4699,#4700,
#4701,#4702));
#1087=EDGE_LOOP('',(#4703,#4704,#4705,#4706));
#1088=EDGE_LOOP('',(#4707,#4708,#4709,#4710));
#1089=EDGE_LOOP('',(#4711,#4712,#4713,#4714));
#1090=EDGE_LOOP('',(#4715,#4716,#4717,#4718,#4719,#4720,#4721));
#1091=EDGE_LOOP('',(#4722,#4723,#4724,#4725,#4726,#4727,#4728,#4729));
#1092=EDGE_LOOP('',(#4730,#4731,#4732,#4733,#4734,#4735,#4736));
#1093=EDGE_LOOP('',(#4737,#4738,#4739,#4740,#4741,#4742,#4743,#4744));
#1094=EDGE_LOOP('',(#4745,#4746,#4747,#4748));
#1095=EDGE_LOOP('',(#4749,#4750,#4751,#4752,#4753));
#1096=EDGE_LOOP('',(#4754,#4755,#4756,#4757));
#1097=EDGE_LOOP('',(#4758,#4759,#4760,#4761,#4762,#4763,#4764,#4765,#4766,
#4767,#4768,#4769));
#1098=EDGE_LOOP('',(#4770,#4771,#4772,#4773,#4774,#4775,#4776,#4777));
#1099=EDGE_LOOP('',(#4778,#4779,#4780,#4781,#4782));
#1100=EDGE_LOOP('',(#4783,#4784,#4785,#4786));
#1101=EDGE_LOOP('',(#4787,#4788,#4789,#4790));
#1102=EDGE_LOOP('',(#4791,#4792,#4793,#4794));
#1103=EDGE_LOOP('',(#4795,#4796,#4797,#4798));
#1104=EDGE_LOOP('',(#4799,#4800,#4801,#4802,#4803));
#1105=EDGE_LOOP('',(#4804,#4805,#4806,#4807,#4808));
#1106=EDGE_LOOP('',(#4809,#4810,#4811,#4812));
#1107=EDGE_LOOP('',(#4813,#4814,#4815,#4816));
#1108=EDGE_LOOP('',(#4817,#4818,#4819,#4820));
#1109=EDGE_LOOP('',(#4821,#4822,#4823,#4824));
#1110=EDGE_LOOP('',(#4825,#4826,#4827,#4828));
#1111=EDGE_LOOP('',(#4829,#4830,#4831,#4832,#4833,#4834));
#1112=EDGE_LOOP('',(#4835,#4836,#4837,#4838,#4839));
#1113=EDGE_LOOP('',(#4840,#4841,#4842,#4843,#4844,#4845,#4846,#4847,#4848,
#4849,#4850));
#1114=EDGE_LOOP('',(#4851,#4852,#4853,#4854));
#1115=EDGE_LOOP('',(#4855,#4856,#4857,#4858,#4859));
#1116=EDGE_LOOP('',(#4860,#4861,#4862,#4863));
#1117=EDGE_LOOP('',(#4864,#4865,#4866,#4867));
#1118=EDGE_LOOP('',(#4868,#4869,#4870,#4871));
#1119=EDGE_LOOP('',(#4872,#4873,#4874,#4875,#4876));
#1120=EDGE_LOOP('',(#4877,#4878,#4879,#4880));
#1121=EDGE_LOOP('',(#4881,#4882,#4883,#4884));
#1122=EDGE_LOOP('',(#4885,#4886,#4887,#4888));
#1123=EDGE_LOOP('',(#4889,#4890,#4891,#4892));
#1124=EDGE_LOOP('',(#4893,#4894,#4895,#4896));
#1125=EDGE_LOOP('',(#4897,#4898,#4899));
#1126=EDGE_LOOP('',(#4900,#4901,#4902,#4903,#4904,#4905,#4906,#4907,#4908,
#4909));
#1127=EDGE_LOOP('',(#4910,#4911,#4912,#4913,#4914,#4915,#4916,#4917,#4918,
#4919));
#1128=EDGE_LOOP('',(#4920,#4921,#4922));
#1129=EDGE_LOOP('',(#4923,#4924,#4925,#4926));
#1130=EDGE_LOOP('',(#4927,#4928,#4929,#4930));
#1131=EDGE_LOOP('',(#4931,#4932,#4933,#4934));
#1132=EDGE_LOOP('',(#4935,#4936,#4937,#4938));
#1133=EDGE_LOOP('',(#4939,#4940,#4941,#4942,#4943));
#1134=EDGE_LOOP('',(#4944,#4945,#4946,#4947,#4948));
#1135=EDGE_LOOP('',(#4949,#4950,#4951,#4952));
#1136=EDGE_LOOP('',(#4953,#4954,#4955,#4956));
#1137=EDGE_LOOP('',(#4957,#4958,#4959,#4960));
#1138=EDGE_LOOP('',(#4961,#4962,#4963,#4964));
#1139=EDGE_LOOP('',(#4965,#4966,#4967,#4968));
#1140=EDGE_LOOP('',(#4969,#4970,#4971,#4972,#4973));
#1141=EDGE_LOOP('',(#4974,#4975,#4976,#4977,#4978,#4979));
#1142=EDGE_LOOP('',(#4980,#4981,#4982));
#1143=EDGE_LOOP('',(#4983,#4984,#4985,#4986));
#1144=EDGE_LOOP('',(#4987,#4988,#4989,#4990,#4991));
#1145=EDGE_LOOP('',(#4992,#4993,#4994,#4995,#4996));
#1146=EDGE_LOOP('',(#4997,#4998,#4999,#5000));
#1147=EDGE_LOOP('',(#5001,#5002,#5003,#5004));
#1148=EDGE_LOOP('',(#5005,#5006,#5007,#5008));
#1149=EDGE_LOOP('',(#5009,#5010,#5011,#5012));
#1150=EDGE_LOOP('',(#5013,#5014,#5015,#5016));
#1151=EDGE_LOOP('',(#5017,#5018,#5019,#5020));
#1152=EDGE_LOOP('',(#5021,#5022,#5023,#5024));
#1153=EDGE_LOOP('',(#5025,#5026,#5027,#5028));
#1154=EDGE_LOOP('',(#5029,#5030,#5031,#5032,#5033,#5034,#5035,#5036,#5037,
#5038));
#1155=EDGE_LOOP('',(#5039,#5040,#5041));
#1156=EDGE_LOOP('',(#5042,#5043,#5044,#5045));
#1157=EDGE_LOOP('',(#5046,#5047,#5048,#5049,#5050,#5051,#5052,#5053,#5054,
#5055,#5056));
#1158=EDGE_LOOP('',(#5057,#5058,#5059,#5060));
#1159=EDGE_LOOP('',(#5061,#5062,#5063,#5064,#5065));
#1160=EDGE_LOOP('',(#5066,#5067,#5068,#5069));
#1161=EDGE_LOOP('',(#5070,#5071,#5072,#5073));
#1162=EDGE_LOOP('',(#5074,#5075,#5076,#5077));
#1163=EDGE_LOOP('',(#5078,#5079,#5080,#5081,#5082));
#1164=EDGE_LOOP('',(#5083,#5084,#5085,#5086));
#1165=EDGE_LOOP('',(#5087,#5088,#5089,#5090));
#1166=EDGE_LOOP('',(#5091,#5092,#5093,#5094));
#1167=EDGE_LOOP('',(#5095,#5096,#5097,#5098));
#1168=EDGE_LOOP('',(#5099,#5100,#5101,#5102));
#1169=EDGE_LOOP('',(#5103,#5104,#5105));
#1170=EDGE_LOOP('',(#5106,#5107,#5108,#5109,#5110,#5111,#5112,#5113,#5114,
#5115));
#1171=EDGE_LOOP('',(#5116,#5117,#5118));
#1172=EDGE_LOOP('',(#5119,#5120,#5121,#5122));
#1173=EDGE_LOOP('',(#5123,#5124,#5125,#5126));
#1174=EDGE_LOOP('',(#5127,#5128,#5129,#5130));
#1175=EDGE_LOOP('',(#5131,#5132,#5133,#5134,#5135));
#1176=EDGE_LOOP('',(#5136,#5137,#5138,#5139));
#1177=EDGE_LOOP('',(#5140,#5141,#5142,#5143,#5144));
#1178=EDGE_LOOP('',(#5145,#5146,#5147,#5148));
#1179=EDGE_LOOP('',(#5149,#5150,#5151,#5152));
#1180=EDGE_LOOP('',(#5153,#5154,#5155,#5156));
#1181=EDGE_LOOP('',(#5157,#5158,#5159,#5160));
#1182=EDGE_LOOP('',(#5161,#5162,#5163,#5164));
#1183=EDGE_LOOP('',(#5165,#5166,#5167,#5168,#5169,#5170,#5171,#5172,#5173,
#5174,#5175));
#1184=EDGE_LOOP('',(#5176,#5177,#5178,#5179));
#1185=EDGE_LOOP('',(#5180,#5181,#5182,#5183,#5184,#5185));
#1186=EDGE_LOOP('',(#5186,#5187,#5188,#5189,#5190,#5191));
#1187=EDGE_LOOP('',(#5192,#5193,#5194,#5195));
#1188=EDGE_LOOP('',(#5196,#5197,#5198,#5199));
#1189=EDGE_LOOP('',(#5200,#5201,#5202,#5203));
#1190=EDGE_LOOP('',(#5204,#5205,#5206,#5207,#5208,#5209));
#1191=EDGE_LOOP('',(#5210,#5211,#5212,#5213,#5214,#5215));
#1192=EDGE_LOOP('',(#5216,#5217,#5218,#5219));
#1193=EDGE_LOOP('',(#5220,#5221,#5222,#5223));
#1194=EDGE_LOOP('',(#5224,#5225,#5226,#5227));
#1195=EDGE_LOOP('',(#5228,#5229,#5230,#5231,#5232,#5233,#5234,#5235));
#1196=EDGE_LOOP('',(#5236,#5237,#5238));
#1197=EDGE_LOOP('',(#5239,#5240,#5241,#5242,#5243));
#1198=EDGE_LOOP('',(#5244,#5245,#5246,#5247,#5248,#5249,#5250,#5251));
#1199=EDGE_LOOP('',(#5252,#5253,#5254,#5255,#5256,#5257,#5258,#5259,#5260,
#5261));
#1200=EDGE_LOOP('',(#5262,#5263,#5264,#5265,#5266,#5267));
#1201=EDGE_LOOP('',(#5268,#5269,#5270,#5271));
#1202=EDGE_LOOP('',(#5272,#5273,#5274,#5275));
#1203=EDGE_LOOP('',(#5276,#5277,#5278,#5279,#5280,#5281));
#1204=EDGE_LOOP('',(#5282,#5283,#5284,#5285));
#1205=EDGE_LOOP('',(#5286,#5287,#5288,#5289,#5290,#5291));
#1206=EDGE_LOOP('',(#5292,#5293,#5294,#5295));
#1207=EDGE_LOOP('',(#5296,#5297,#5298,#5299));
#1208=EDGE_LOOP('',(#5300,#5301,#5302,#5303,#5304,#5305));
#1209=EDGE_LOOP('',(#5306,#5307,#5308,#5309));
#1210=EDGE_LOOP('',(#5310,#5311,#5312,#5313,#5314));
#1211=EDGE_LOOP('',(#5315,#5316,#5317,#5318,#5319,#5320,#5321,#5322,#5323,
#5324));
#1212=EDGE_LOOP('',(#5325,#5326,#5327,#5328,#5329,#5330,#5331,#5332,#5333,
#5334));
#1213=EDGE_LOOP('',(#5335,#5336,#5337,#5338,#5339));
#1214=EDGE_LOOP('',(#5340,#5341,#5342));
#1215=EDGE_LOOP('',(#5343,#5344,#5345,#5346));
#1216=EDGE_LOOP('',(#5347,#5348,#5349,#5350));
#1217=EDGE_LOOP('',(#5351));
#1218=EDGE_LOOP('',(#5352,#5353,#5354,#5355));
#1219=EDGE_LOOP('',(#5356,#5357,#5358,#5359));
#1220=EDGE_LOOP('',(#5360));
#1221=EDGE_LOOP('',(#5361,#5362,#5363,#5364));
#1222=EDGE_LOOP('',(#5365,#5366,#5367,#5368));
#1223=EDGE_LOOP('',(#5369));
#1224=EDGE_LOOP('',(#5370,#5371,#5372,#5373));
#1225=EDGE_LOOP('',(#5374,#5375,#5376,#5377));
#1226=EDGE_LOOP('',(#5378));
#1227=EDGE_LOOP('',(#5379,#5380,#5381,#5382,#5383,#5384,#5385,#5386));
#1228=EDGE_LOOP('',(#5387,#5388,#5389,#5390));
#1229=EDGE_LOOP('',(#5391,#5392,#5393,#5394,#5395));
#1230=EDGE_LOOP('',(#5396,#5397,#5398,#5399,#5400,#5401,#5402,#5403));
#1231=EDGE_LOOP('',(#5404,#5405,#5406,#5407,#5408,#5409));
#1232=EDGE_LOOP('',(#5410,#5411,#5412,#5413));
#1233=EDGE_LOOP('',(#5414,#5415,#5416,#5417,#5418,#5419));
#1234=EDGE_LOOP('',(#5420,#5421,#5422,#5423,#5424));
#1235=EDGE_LOOP('',(#5425,#5426,#5427,#5428));
#1236=EDGE_LOOP('',(#5429,#5430,#5431,#5432));
#1237=EDGE_LOOP('',(#5433,#5434,#5435,#5436));
#1238=EDGE_LOOP('',(#5437,#5438,#5439,#5440));
#1239=EDGE_LOOP('',(#5441,#5442,#5443,#5444));
#1240=EDGE_LOOP('',(#5445,#5446,#5447,#5448));
#1241=EDGE_LOOP('',(#5449,#5450,#5451,#5452));
#1242=EDGE_LOOP('',(#5453,#5454,#5455,#5456));
#1243=EDGE_LOOP('',(#5457,#5458,#5459,#5460));
#1244=EDGE_LOOP('',(#5461,#5462,#5463,#5464));
#1245=EDGE_LOOP('',(#5465,#5466,#5467,#5468));
#1246=EDGE_LOOP('',(#5469,#5470,#5471,#5472));
#1247=EDGE_LOOP('',(#5473,#5474,#5475,#5476));
#1248=EDGE_LOOP('',(#5477,#5478,#5479,#5480));
#1249=EDGE_LOOP('',(#5481,#5482,#5483,#5484));
#1250=EDGE_LOOP('',(#5485,#5486,#5487,#5488));
#1251=EDGE_LOOP('',(#5489,#5490,#5491,#5492));
#1252=EDGE_LOOP('',(#5493,#5494,#5495,#5496,#5497,#5498,#5499));
#1253=EDGE_LOOP('',(#5500,#5501,#5502,#5503,#5504));
#1254=EDGE_LOOP('',(#5505,#5506,#5507,#5508,#5509,#5510));
#1255=EDGE_LOOP('',(#5511,#5512,#5513,#5514));
#1256=EDGE_LOOP('',(#5515,#5516,#5517,#5518));
#1257=EDGE_LOOP('',(#5519,#5520,#5521,#5522));
#1258=EDGE_LOOP('',(#5523,#5524,#5525,#5526));
#1259=EDGE_LOOP('',(#5527,#5528,#5529,#5530));
#1260=EDGE_LOOP('',(#5531,#5532,#5533,#5534));
#1261=EDGE_LOOP('',(#5535,#5536,#5537,#5538));
#1262=EDGE_LOOP('',(#5539,#5540,#5541,#5542));
#1263=EDGE_LOOP('',(#5543,#5544,#5545,#5546));
#1264=EDGE_LOOP('',(#5547,#5548,#5549,#5550));
#1265=EDGE_LOOP('',(#5551,#5552,#5553,#5554));
#1266=EDGE_LOOP('',(#5555,#5556,#5557,#5558,#5559,#5560,#5561));
#1267=EDGE_LOOP('',(#5562,#5563,#5564,#5565,#5566));
#1268=EDGE_LOOP('',(#5567,#5568,#5569,#5570,#5571,#5572,#5573,#5574));
#1269=EDGE_LOOP('',(#5575,#5576,#5577,#5578,#5579,#5580));
#1270=EDGE_LOOP('',(#5581,#5582,#5583,#5584,#5585,#5586,#5587,#5588));
#1271=EDGE_LOOP('',(#5589,#5590,#5591,#5592,#5593,#5594));
#1272=EDGE_LOOP('',(#5595,#5596,#5597,#5598,#5599,#5600));
#1273=EDGE_LOOP('',(#5601,#5602,#5603,#5604));
#1274=EDGE_LOOP('',(#5605,#5606,#5607,#5608));
#1275=EDGE_LOOP('',(#5609,#5610,#5611,#5612));
#1276=EDGE_LOOP('',(#5613,#5614,#5615,#5616,#5617,#5618,#5619));
#1277=EDGE_LOOP('',(#5620,#5621,#5622,#5623));
#1278=EDGE_LOOP('',(#5624,#5625,#5626,#5627));
#1279=EDGE_LOOP('',(#5628,#5629,#5630,#5631,#5632,#5633,#5634,#5635,#5636,
#5637,#5638));
#1280=EDGE_LOOP('',(#5639,#5640,#5641,#5642));
#1281=EDGE_LOOP('',(#5643,#5644,#5645,#5646));
#1282=EDGE_LOOP('',(#5647,#5648,#5649,#5650,#5651,#5652,#5653));
#1283=EDGE_LOOP('',(#5654,#5655,#5656,#5657));
#1284=EDGE_LOOP('',(#5658,#5659,#5660,#5661,#5662));
#1285=EDGE_LOOP('',(#5663,#5664,#5665,#5666,#5667));
#1286=EDGE_LOOP('',(#5668,#5669,#5670,#5671,#5672,#5673,#5674));
#1287=EDGE_LOOP('',(#5675,#5676,#5677,#5678,#5679));
#1288=EDGE_LOOP('',(#5680,#5681,#5682,#5683,#5684,#5685,#5686));
#1289=EDGE_LOOP('',(#5687,#5688,#5689,#5690,#5691));
#1290=EDGE_LOOP('',(#5692,#5693,#5694,#5695,#5696,#5697,#5698,#5699));
#1291=EDGE_LOOP('',(#5700,#5701,#5702,#5703,#5704));
#1292=EDGE_LOOP('',(#5705,#5706,#5707,#5708,#5709,#5710,#5711,#5712));
#1293=EDGE_LOOP('',(#5713,#5714,#5715,#5716,#5717));
#1294=EDGE_LOOP('',(#5718,#5719,#5720,#5721,#5722));
#1295=EDGE_LOOP('',(#5723,#5724,#5725,#5726,#5727));
#1296=EDGE_LOOP('',(#5728,#5729,#5730,#5731,#5732));
#1297=EDGE_LOOP('',(#5733,#5734,#5735,#5736,#5737));
#1298=EDGE_LOOP('',(#5738,#5739,#5740,#5741,#5742));
#1299=EDGE_LOOP('',(#5743,#5744,#5745,#5746,#5747));
#1300=EDGE_LOOP('',(#5748,#5749,#5750,#5751,#5752));
#1301=EDGE_LOOP('',(#5753,#5754,#5755,#5756));
#1302=EDGE_LOOP('',(#5757,#5758,#5759,#5760));
#1303=EDGE_LOOP('',(#5761,#5762,#5763,#5764));
#1304=EDGE_LOOP('',(#5765,#5766,#5767,#5768,#5769));
#1305=EDGE_LOOP('',(#5770,#5771,#5772,#5773,#5774,#5775,#5776,#5777,#5778,
#5779));
#1306=EDGE_LOOP('',(#5780,#5781,#5782,#5783,#5784));
#1307=EDGE_LOOP('',(#5785,#5786,#5787,#5788));
#1308=EDGE_LOOP('',(#5789,#5790,#5791,#5792,#5793));
#1309=EDGE_LOOP('',(#5794,#5795,#5796,#5797,#5798));
#1310=EDGE_LOOP('',(#5799,#5800,#5801,#5802,#5803));
#1311=EDGE_LOOP('',(#5804,#5805,#5806,#5807,#5808));
#1312=EDGE_LOOP('',(#5809,#5810,#5811,#5812));
#1313=EDGE_LOOP('',(#5813,#5814,#5815,#5816));
#1314=EDGE_LOOP('',(#5817,#5818,#5819,#5820));
#1315=LINE('',#8197,#1851);
#1316=LINE('',#8199,#1852);
#1317=LINE('',#8201,#1853);
#1318=LINE('',#8202,#1854);
#1319=LINE('',#8205,#1855);
#1320=LINE('',#8207,#1856);
#1321=LINE('',#8208,#1857);
#1322=LINE('',#8211,#1858);
#1323=LINE('',#8213,#1859);
#1324=LINE('',#8214,#1860);
#1325=LINE('',#8220,#1861);
#1326=LINE('',#8224,#1862);
#1327=LINE('',#8237,#1863);
#1328=LINE('',#8238,#1864);
#1329=LINE('',#8253,#1865);
#1330=LINE('',#8256,#1866);
#1331=LINE('',#8258,#1867);
#1332=LINE('',#8264,#1868);
#1333=LINE('',#8276,#1869);
#1334=LINE('',#8279,#1870);
#1335=LINE('',#8281,#1871);
#1336=LINE('',#8287,#1872);
#1337=LINE('',#8300,#1873);
#1338=LINE('',#8304,#1874);
#1339=LINE('',#8305,#1875);
#1340=LINE('',#8308,#1876);
#1341=LINE('',#8310,#1877);
#1342=LINE('',#8311,#1878);
#1343=LINE('',#8314,#1879);
#1344=LINE('',#8316,#1880);
#1345=LINE('',#8317,#1881);
#1346=LINE('',#8320,#1882);
#1347=LINE('',#8322,#1883);
#1348=LINE('',#8323,#1884);
#1349=LINE('',#8326,#1885);
#1350=LINE('',#8327,#1886);
#1351=LINE('',#8330,#1887);
#1352=LINE('',#8332,#1888);
#1353=LINE('',#8334,#1889);
#1354=LINE('',#8335,#1890);
#1355=LINE('',#8338,#1891);
#1356=LINE('',#8349,#1892);
#1357=LINE('',#8368,#1893);
#1358=LINE('',#8370,#1894);
#1359=LINE('',#8373,#1895);
#1360=LINE('',#8375,#1896);
#1361=LINE('',#8376,#1897);
#1362=LINE('',#8377,#1898);
#1363=LINE('',#8381,#1899);
#1364=LINE('',#8383,#1900);
#1365=LINE('',#8386,#1901);
#1366=LINE('',#8390,#1902);
#1367=LINE('',#8392,#1903);
#1368=LINE('',#8394,#1904);
#1369=LINE('',#8395,#1905);
#1370=LINE('',#8400,#1906);
#1371=LINE('',#8426,#1907);
#1372=LINE('',#8429,#1908);
#1373=LINE('',#8431,#1909);
#1374=LINE('',#8432,#1910);
#1375=LINE('',#8435,#1911);
#1376=LINE('',#8437,#1912);
#1377=LINE('',#8438,#1913);
#1378=LINE('',#8440,#1914);
#1379=LINE('',#8443,#1915);
#1380=LINE('',#8449,#1916);
#1381=LINE('',#8462,#1917);
#1382=LINE('',#8465,#1918);
#1383=LINE('',#8467,#1919);
#1384=LINE('',#8469,#1920);
#1385=LINE('',#8473,#1921);
#1386=LINE('',#8475,#1922);
#1387=LINE('',#8476,#1923);
#1388=LINE('',#8479,#1924);
#1389=LINE('',#8481,#1925);
#1390=LINE('',#8482,#1926);
#1391=LINE('',#8485,#1927);
#1392=LINE('',#8488,#1928);
#1393=LINE('',#8491,#1929);
#1394=LINE('',#8493,#1930);
#1395=LINE('',#8494,#1931);
#1396=LINE('',#8509,#1932);
#1397=LINE('',#8512,#1933);
#1398=LINE('',#8516,#1934);
#1399=LINE('',#8535,#1935);
#1400=LINE('',#8537,#1936);
#1401=LINE('',#8540,#1937);
#1402=LINE('',#8541,#1938);
#1403=LINE('',#8544,#1939);
#1404=LINE('',#8546,#1940);
#1405=LINE('',#8548,#1941);
#1406=LINE('',#8549,#1942);
#1407=LINE('',#8553,#1943);
#1408=LINE('',#8554,#1944);
#1409=LINE('',#8555,#1945);
#1410=LINE('',#8558,#1946);
#1411=LINE('',#8564,#1947);
#1412=LINE('',#8568,#1948);
#1413=LINE('',#8577,#1949);
#1414=LINE('',#8581,#1950);
#1415=LINE('',#8585,#1951);
#1416=LINE('',#8589,#1952);
#1417=LINE('',#8593,#1953);
#1418=LINE('',#8597,#1954);
#1419=LINE('',#8601,#1955);
#1420=LINE('',#8605,#1956);
#1421=LINE('',#8607,#1957);
#1422=LINE('',#8611,#1958);
#1423=LINE('',#8622,#1959);
#1424=LINE('',#8624,#1960);
#1425=LINE('',#8626,#1961);
#1426=LINE('',#8628,#1962);
#1427=LINE('',#8632,#1963);
#1428=LINE('',#8636,#1964);
#1429=LINE('',#8640,#1965);
#1430=LINE('',#8644,#1966);
#1431=LINE('',#8646,#1967);
#1432=LINE('',#8648,#1968);
#1433=LINE('',#8650,#1969);
#1434=LINE('',#8661,#1970);
#1435=LINE('',#8663,#1971);
#1436=LINE('',#8676,#1972);
#1437=LINE('',#8679,#1973);
#1438=LINE('',#8682,#1974);
#1439=LINE('',#8685,#1975);
#1440=LINE('',#8687,#1976);
#1441=LINE('',#8688,#1977);
#1442=LINE('',#8689,#1978);
#1443=LINE('',#8701,#1979);
#1444=LINE('',#8702,#1980);
#1445=LINE('',#8706,#1981);
#1446=LINE('',#8718,#1982);
#1447=LINE('',#8719,#1983);
#1448=LINE('',#8723,#1984);
#1449=LINE('',#8735,#1985);
#1450=LINE('',#8736,#1986);
#1451=LINE('',#8738,#1987);
#1452=LINE('',#8751,#1988);
#1453=LINE('',#8761,#1989);
#1454=LINE('',#8773,#1990);
#1455=LINE('',#8776,#1991);
#1456=LINE('',#8778,#1992);
#1457=LINE('',#8780,#1993);
#1458=LINE('',#8783,#1994);
#1459=LINE('',#8789,#1995);
#1460=LINE('',#8803,#1996);
#1461=LINE('',#8806,#1997);
#1462=LINE('',#8808,#1998);
#1463=LINE('',#8811,#1999);
#1464=LINE('',#8824,#2000);
#1465=LINE('',#8827,#2001);
#1466=LINE('',#8832,#2002);
#1467=LINE('',#8833,#2003);
#1468=LINE('',#8846,#2004);
#1469=LINE('',#8849,#2005);
#1470=LINE('',#8851,#2006);
#1471=LINE('',#8864,#2007);
#1472=LINE('',#8874,#2008);
#1473=LINE('',#8889,#2009);
#1474=LINE('',#8893,#2010);
#1475=LINE('',#8894,#2011);
#1476=LINE('',#8898,#2012);
#1477=LINE('',#8901,#2013);
#1478=LINE('',#8905,#2014);
#1479=LINE('',#8916,#2015);
#1480=LINE('',#8918,#2016);
#1481=LINE('',#8920,#2017);
#1482=LINE('',#8922,#2018);
#1483=LINE('',#8926,#2019);
#1484=LINE('',#8930,#2020);
#1485=LINE('',#8934,#2021);
#1486=LINE('',#8938,#2022);
#1487=LINE('',#8940,#2023);
#1488=LINE('',#8942,#2024);
#1489=LINE('',#8944,#2025);
#1490=LINE('',#8955,#2026);
#1491=LINE('',#8960,#2027);
#1492=LINE('',#8963,#2028);
#1493=LINE('',#8965,#2029);
#1494=LINE('',#8967,#2030);
#1495=LINE('',#8979,#2031);
#1496=LINE('',#8981,#2032);
#1497=LINE('',#8982,#2033);
#1498=LINE('',#8985,#2034);
#1499=LINE('',#8986,#2035);
#1500=LINE('',#8991,#2036);
#1501=LINE('',#8996,#2037);
#1502=LINE('',#9001,#2038);
#1503=LINE('',#9006,#2039);
#1504=LINE('',#9011,#2040);
#1505=LINE('',#9016,#2041);
#1506=LINE('',#9022,#2042);
#1507=LINE('',#9040,#2043);
#1508=LINE('',#9043,#2044);
#1509=LINE('',#9058,#2045);
#1510=LINE('',#9072,#2046);
#1511=LINE('',#9086,#2047);
#1512=LINE('',#9102,#2048);
#1513=LINE('',#9120,#2049);
#1514=LINE('',#9123,#2050);
#1515=LINE('',#9137,#2051);
#1516=LINE('',#9151,#2052);
#1517=LINE('',#9165,#2053);
#1518=LINE('',#9180,#2054);
#1519=LINE('',#9182,#2055);
#1520=LINE('',#9201,#2056);
#1521=LINE('',#9203,#2057);
#1522=LINE('',#9224,#2058);
#1523=LINE('',#9227,#2059);
#1524=LINE('',#9232,#2060);
#1525=LINE('',#9250,#2061);
#1526=LINE('',#9255,#2062);
#1527=LINE('',#9257,#2063);
#1528=LINE('',#9259,#2064);
#1529=LINE('',#9261,#2065);
#1530=LINE('',#9263,#2066);
#1531=LINE('',#9267,#2067);
#1532=LINE('',#9271,#2068);
#1533=LINE('',#9273,#2069);
#1534=LINE('',#9275,#2070);
#1535=LINE('',#9277,#2071);
#1536=LINE('',#9278,#2072);
#1537=LINE('',#9284,#2073);
#1538=LINE('',#9287,#2074);
#1539=LINE('',#9292,#2075);
#1540=LINE('',#9310,#2076);
#1541=LINE('',#9315,#2077);
#1542=LINE('',#9317,#2078);
#1543=LINE('',#9319,#2079);
#1544=LINE('',#9321,#2080);
#1545=LINE('',#9323,#2081);
#1546=LINE('',#9327,#2082);
#1547=LINE('',#9331,#2083);
#1548=LINE('',#9333,#2084);
#1549=LINE('',#9335,#2085);
#1550=LINE('',#9337,#2086);
#1551=LINE('',#9338,#2087);
#1552=LINE('',#9340,#2088);
#1553=LINE('',#9345,#2089);
#1554=LINE('',#9361,#2090);
#1555=LINE('',#9363,#2091);
#1556=LINE('',#9367,#2092);
#1557=LINE('',#9369,#2093);
#1558=LINE('',#9397,#2094);
#1559=LINE('',#9398,#2095);
#1560=LINE('',#9399,#2096);
#1561=LINE('',#9402,#2097);
#1562=LINE('',#9404,#2098);
#1563=LINE('',#9408,#2099);
#1564=LINE('',#9410,#2100);
#1565=LINE('',#9412,#2101);
#1566=LINE('',#9416,#2102);
#1567=LINE('',#9420,#2103);
#1568=LINE('',#9422,#2104);
#1569=LINE('',#9424,#2105);
#1570=LINE('',#9427,#2106);
#1571=LINE('',#9443,#2107);
#1572=LINE('',#9449,#2108);
#1573=LINE('',#9505,#2109);
#1574=LINE('',#9520,#2110);
#1575=LINE('',#9530,#2111);
#1576=LINE('',#9549,#2112);
#1577=LINE('',#9576,#2113);
#1578=LINE('',#9587,#2114);
#1579=LINE('',#9588,#2115);
#1580=LINE('',#9591,#2116);
#1581=LINE('',#9598,#2117);
#1582=LINE('',#9600,#2118);
#1583=LINE('',#9602,#2119);
#1584=LINE('',#9605,#2120);
#1585=LINE('',#9621,#2121);
#1586=LINE('',#9622,#2122);
#1587=LINE('',#9624,#2123);
#1588=LINE('',#9630,#2124);
#1589=LINE('',#9632,#2125);
#1590=LINE('',#9636,#2126);
#1591=LINE('',#9638,#2127);
#1592=LINE('',#9640,#2128);
#1593=LINE('',#9644,#2129);
#1594=LINE('',#9648,#2130);
#1595=LINE('',#9650,#2131);
#1596=LINE('',#9652,#2132);
#1597=LINE('',#9655,#2133);
#1598=LINE('',#9659,#2134);
#1599=LINE('',#9666,#2135);
#1600=LINE('',#9668,#2136);
#1601=LINE('',#9671,#2137);
#1602=LINE('',#9688,#2138);
#1603=LINE('',#9703,#2139);
#1604=LINE('',#9707,#2140);
#1605=LINE('',#9709,#2141);
#1606=LINE('',#9737,#2142);
#1607=LINE('',#9738,#2143);
#1608=LINE('',#9739,#2144);
#1609=LINE('',#9757,#2145);
#1610=LINE('',#9759,#2146);
#1611=LINE('',#9766,#2147);
#1612=LINE('',#9767,#2148);
#1613=LINE('',#9770,#2149);
#1614=LINE('',#9787,#2150);
#1615=LINE('',#9789,#2151);
#1616=LINE('',#9805,#2152);
#1617=LINE('',#9854,#2153);
#1618=LINE('',#9858,#2154);
#1619=LINE('',#9859,#2155);
#1620=LINE('',#9860,#2156);
#1621=LINE('',#9862,#2157);
#1622=LINE('',#9864,#2158);
#1623=LINE('',#9871,#2159);
#1624=LINE('',#9914,#2160);
#1625=LINE('',#9932,#2161);
#1626=LINE('',#9939,#2162);
#1627=LINE('',#9962,#2163);
#1628=LINE('',#9989,#2164);
#1629=LINE('',#10001,#2165);
#1630=LINE('',#10005,#2166);
#1631=LINE('',#10008,#2167);
#1632=LINE('',#10010,#2168);
#1633=LINE('',#10011,#2169);
#1634=LINE('',#10041,#2170);
#1635=LINE('',#10112,#2171);
#1636=LINE('',#10130,#2172);
#1637=LINE('',#10204,#2173);
#1638=LINE('',#10206,#2174);
#1639=LINE('',#10208,#2175);
#1640=LINE('',#10212,#2176);
#1641=LINE('',#10216,#2177);
#1642=LINE('',#10219,#2178);
#1643=LINE('',#10221,#2179);
#1644=LINE('',#10222,#2180);
#1645=LINE('',#10247,#2181);
#1646=LINE('',#10248,#2182);
#1647=LINE('',#10251,#2183);
#1648=LINE('',#10252,#2184);
#1649=LINE('',#10278,#2185);
#1650=LINE('',#10287,#2186);
#1651=LINE('',#10289,#2187);
#1652=LINE('',#10291,#2188);
#1653=LINE('',#10292,#2189);
#1654=LINE('',#10295,#2190);
#1655=LINE('',#10314,#2191);
#1656=LINE('',#10352,#2192);
#1657=LINE('',#10383,#2193);
#1658=LINE('',#10394,#2194);
#1659=LINE('',#10405,#2195);
#1660=LINE('',#10416,#2196);
#1661=LINE('',#10427,#2197);
#1662=LINE('',#10437,#2198);
#1663=LINE('',#10457,#2199);
#1664=LINE('',#10464,#2200);
#1665=LINE('',#10487,#2201);
#1666=LINE('',#10514,#2202);
#1667=LINE('',#10544,#2203);
#1668=LINE('',#10593,#2204);
#1669=LINE('',#10596,#2205);
#1670=LINE('',#10597,#2206);
#1671=LINE('',#10599,#2207);
#1672=LINE('',#10600,#2208);
#1673=LINE('',#10603,#2209);
#1674=LINE('',#10622,#2210);
#1675=LINE('',#10692,#2211);
#1676=LINE('',#10693,#2212);
#1677=LINE('',#10722,#2213);
#1678=LINE('',#10767,#2214);
#1679=LINE('',#10770,#2215);
#1680=LINE('',#10772,#2216);
#1681=LINE('',#10774,#2217);
#1682=LINE('',#10775,#2218);
#1683=LINE('',#10779,#2219);
#1684=LINE('',#10799,#2220);
#1685=LINE('',#10845,#2221);
#1686=LINE('',#10852,#2222);
#1687=LINE('',#10895,#2223);
#1688=LINE('',#10922,#2224);
#1689=LINE('',#10957,#2225);
#1690=LINE('',#10968,#2226);
#1691=LINE('',#10979,#2227);
#1692=LINE('',#10989,#2228);
#1693=LINE('',#10993,#2229);
#1694=LINE('',#10995,#2230);
#1695=LINE('',#10998,#2231);
#1696=LINE('',#11000,#2232);
#1697=LINE('',#11001,#2233);
#1698=LINE('',#11026,#2234);
#1699=LINE('',#11027,#2235);
#1700=LINE('',#11030,#2236);
#1701=LINE('',#11031,#2237);
#1702=LINE('',#11057,#2238);
#1703=LINE('',#11066,#2239);
#1704=LINE('',#11068,#2240);
#1705=LINE('',#11070,#2241);
#1706=LINE('',#11071,#2242);
#1707=LINE('',#11074,#2243);
#1708=LINE('',#11093,#2244);
#1709=LINE('',#11131,#2245);
#1710=LINE('',#11160,#2246);
#1711=LINE('',#11171,#2247);
#1712=LINE('',#11182,#2248);
#1713=LINE('',#11208,#2249);
#1714=LINE('',#11215,#2250);
#1715=LINE('',#11238,#2251);
#1716=LINE('',#11265,#2252);
#1717=LINE('',#11303,#2253);
#1718=LINE('',#11368,#2254);
#1719=LINE('',#11371,#2255);
#1720=LINE('',#11372,#2256);
#1721=LINE('',#11374,#2257);
#1722=LINE('',#11375,#2258);
#1723=LINE('',#11378,#2259);
#1724=LINE('',#11397,#2260);
#1725=LINE('',#11467,#2261);
#1726=LINE('',#11471,#2262);
#1727=LINE('',#11483,#2263);
#1728=LINE('',#11487,#2264);
#1729=LINE('',#11499,#2265);
#1730=LINE('',#11501,#2266);
#1731=LINE('',#11503,#2267);
#1732=LINE('',#11505,#2268);
#1733=LINE('',#11508,#2269);
#1734=LINE('',#11520,#2270);
#1735=LINE('',#11523,#2271);
#1736=LINE('',#11535,#2272);
#1737=LINE('',#11537,#2273);
#1738=LINE('',#11539,#2274);
#1739=LINE('',#11541,#2275);
#1740=LINE('',#11544,#2276);
#1741=LINE('',#11548,#2277);
#1742=LINE('',#11551,#2278);
#1743=LINE('',#11554,#2279);
#1744=LINE('',#11558,#2280);
#1745=LINE('',#11561,#2281);
#1746=LINE('',#11563,#2282);
#1747=LINE('',#11565,#2283);
#1748=LINE('',#11567,#2284);
#1749=LINE('',#11569,#2285);
#1750=LINE('',#11570,#2286);
#1751=LINE('',#11582,#2287);
#1752=LINE('',#11584,#2288);
#1753=LINE('',#11588,#2289);
#1754=LINE('',#11589,#2290);
#1755=LINE('',#11592,#2291);
#1756=LINE('',#11593,#2292);
#1757=LINE('',#11606,#2293);
#1758=LINE('',#11618,#2294);
#1759=LINE('',#11620,#2295);
#1760=LINE('',#11624,#2296);
#1761=LINE('',#11625,#2297);
#1762=LINE('',#11628,#2298);
#1763=LINE('',#11629,#2299);
#1764=LINE('',#11643,#2300);
#1765=LINE('',#11646,#2301);
#1766=LINE('',#11647,#2302);
#1767=LINE('',#11650,#2303);
#1768=LINE('',#11652,#2304);
#1769=LINE('',#11654,#2305);
#1770=LINE('',#11656,#2306);
#1771=LINE('',#11658,#2307);
#1772=LINE('',#11660,#2308);
#1773=LINE('',#11661,#2309);
#1774=LINE('',#11664,#2310);
#1775=LINE('',#11666,#2311);
#1776=LINE('',#11668,#2312);
#1777=LINE('',#11670,#2313);
#1778=LINE('',#11672,#2314);
#1779=LINE('',#11674,#2315);
#1780=LINE('',#11675,#2316);
#1781=LINE('',#11678,#2317);
#1782=LINE('',#11679,#2318);
#1783=LINE('',#11684,#2319);
#1784=LINE('',#11687,#2320);
#1785=LINE('',#11689,#2321);
#1786=LINE('',#11694,#2322);
#1787=LINE('',#11699,#2323);
#1788=LINE('',#11700,#2324);
#1789=LINE('',#11704,#2325);
#1790=LINE('',#11710,#2326);
#1791=LINE('',#11712,#2327);
#1792=LINE('',#11713,#2328);
#1793=LINE('',#11717,#2329);
#1794=LINE('',#11720,#2330);
#1795=LINE('',#11722,#2331);
#1796=LINE('',#11725,#2332);
#1797=LINE('',#11727,#2333);
#1798=LINE('',#11729,#2334);
#1799=LINE('',#11731,#2335);
#1800=LINE('',#11734,#2336);
#1801=LINE('',#11736,#2337);
#1802=LINE('',#12216,#2338);
#1803=LINE('',#12238,#2339);
#1804=LINE('',#12240,#2340);
#1805=LINE('',#12307,#2341);
#1806=LINE('',#12324,#2342);
#1807=LINE('',#12326,#2343);
#1808=LINE('',#12359,#2344);
#1809=LINE('',#12365,#2345);
#1810=LINE('',#12408,#2346);
#1811=LINE('',#12457,#2347);
#1812=LINE('',#12911,#2348);
#1813=LINE('',#12943,#2349);
#1814=LINE('',#12966,#2350);
#1815=LINE('',#12968,#2351);
#1816=LINE('',#13010,#2352);
#1817=LINE('',#13027,#2353);
#1818=LINE('',#13033,#2354);
#1819=LINE('',#13081,#2355);
#1820=LINE('',#13110,#2356);
#1821=LINE('',#13113,#2357);
#1822=LINE('',#13116,#2358);
#1823=LINE('',#13129,#2359);
#1824=LINE('',#13133,#2360);
#1825=LINE('',#13147,#2361);
#1826=LINE('',#13149,#2362);
#1827=LINE('',#13153,#2363);
#1828=LINE('',#13155,#2364);
#1829=LINE('',#13158,#2365);
#1830=LINE('',#13161,#2366);
#1831=LINE('',#13164,#2367);
#1832=LINE('',#13168,#2368);
#1833=LINE('',#13175,#2369);
#1834=LINE('',#13180,#2370);
#1835=LINE('',#13185,#2371);
#1836=LINE('',#13187,#2372);
#1837=LINE('',#13189,#2373);
#1838=LINE('',#13191,#2374);
#1839=LINE('',#13192,#2375);
#1840=LINE('',#13194,#2376);
#1841=LINE('',#13195,#2377);
#1842=LINE('',#13197,#2378);
#1843=LINE('',#13199,#2379);
#1844=LINE('',#13202,#2380);
#1845=LINE('',#13204,#2381);
#1846=LINE('',#13206,#2382);
#1847=LINE('',#13208,#2383);
#1848=LINE('',#13214,#2384);
#1849=LINE('',#13218,#2385);
#1850=LINE('',#13220,#2386);
#1851=VECTOR('',#6775,10.);
#1852=VECTOR('',#6776,10.);
#1853=VECTOR('',#6777,10.);
#1854=VECTOR('',#6778,10.);
#1855=VECTOR('',#6781,10.);
#1856=VECTOR('',#6782,10.);
#1857=VECTOR('',#6783,10.);
#1858=VECTOR('',#6786,10.);
#1859=VECTOR('',#6787,10.);
#1860=VECTOR('',#6788,10.);
#1861=VECTOR('',#6793,10.);
#1862=VECTOR('',#6796,10.);
#1863=VECTOR('',#6801,10.);
#1864=VECTOR('',#6802,10.);
#1865=VECTOR('',#6807,10.);
#1866=VECTOR('',#6810,10.);
#1867=VECTOR('',#6813,10.);
#1868=VECTOR('',#6818,10.);
#1869=VECTOR('',#6819,10.);
#1870=VECTOR('',#6822,10.);
#1871=VECTOR('',#6823,10.);
#1872=VECTOR('',#6830,10.);
#1873=VECTOR('',#6835,10.);
#1874=VECTOR('',#6838,10.);
#1875=VECTOR('',#6839,10.);
#1876=VECTOR('',#6842,10.);
#1877=VECTOR('',#6843,10.);
#1878=VECTOR('',#6844,10.);
#1879=VECTOR('',#6847,10.);
#1880=VECTOR('',#6848,10.);
#1881=VECTOR('',#6849,10.);
#1882=VECTOR('',#6852,10.);
#1883=VECTOR('',#6853,10.);
#1884=VECTOR('',#6854,10.);
#1885=VECTOR('',#6857,10.);
#1886=VECTOR('',#6858,10.);
#1887=VECTOR('',#6861,10.);
#1888=VECTOR('',#6862,10.);
#1889=VECTOR('',#6863,10.);
#1890=VECTOR('',#6864,10.);
#1891=VECTOR('',#6867,10.);
#1892=VECTOR('',#6870,10.);
#1893=VECTOR('',#6873,10.);
#1894=VECTOR('',#6876,10.);
#1895=VECTOR('',#6879,10.);
#1896=VECTOR('',#6880,10.);
#1897=VECTOR('',#6881,10.);
#1898=VECTOR('',#6882,10.);
#1899=VECTOR('',#6885,10.);
#1900=VECTOR('',#6886,10.);
#1901=VECTOR('',#6889,10.);
#1902=VECTOR('',#6892,10.);
#1903=VECTOR('',#6893,10.);
#1904=VECTOR('',#6894,10.);
#1905=VECTOR('',#6895,10.);
#1906=VECTOR('',#6900,10.);
#1907=VECTOR('',#6907,10.);
#1908=VECTOR('',#6910,10.);
#1909=VECTOR('',#6911,10.);
#1910=VECTOR('',#6912,10.);
#1911=VECTOR('',#6915,10.);
#1912=VECTOR('',#6916,10.);
#1913=VECTOR('',#6917,10.);
#1914=VECTOR('',#6920,10.);
#1915=VECTOR('',#6923,10.);
#1916=VECTOR('',#6928,10.);
#1917=VECTOR('',#6929,10.);
#1918=VECTOR('',#6932,10.);
#1919=VECTOR('',#6933,10.);
#1920=VECTOR('',#6934,10.);
#1921=VECTOR('',#6939,10.);
#1922=VECTOR('',#6940,10.);
#1923=VECTOR('',#6941,10.);
#1924=VECTOR('',#6944,10.);
#1925=VECTOR('',#6945,10.);
#1926=VECTOR('',#6946,10.);
#1927=VECTOR('',#6949,10.);
#1928=VECTOR('',#6952,10.);
#1929=VECTOR('',#6955,10.);
#1930=VECTOR('',#6956,10.);
#1931=VECTOR('',#6957,10.);
#1932=VECTOR('',#6964,10.);
#1933=VECTOR('',#6967,10.);
#1934=VECTOR('',#6970,10.);
#1935=VECTOR('',#6973,10.);
#1936=VECTOR('',#6976,10.);
#1937=VECTOR('',#6979,10.);
#1938=VECTOR('',#6980,10.);
#1939=VECTOR('',#6983,10.);
#1940=VECTOR('',#6984,10.);
#1941=VECTOR('',#6985,10.);
#1942=VECTOR('',#6986,10.);
#1943=VECTOR('',#6989,10.);
#1944=VECTOR('',#6990,10.);
#1945=VECTOR('',#6991,10.);
#1946=VECTOR('',#6994,10.);
#1947=VECTOR('',#6999,10.);
#1948=VECTOR('',#7002,10.);
#1949=VECTOR('',#7005,10.);
#1950=VECTOR('',#7008,10.);
#1951=VECTOR('',#7011,10.);
#1952=VECTOR('',#7014,10.);
#1953=VECTOR('',#7017,10.);
#1954=VECTOR('',#7020,10.);
#1955=VECTOR('',#7023,10.);
#1956=VECTOR('',#7026,10.);
#1957=VECTOR('',#7027,10.);
#1958=VECTOR('',#7030,10.);
#1959=VECTOR('',#7033,10.);
#1960=VECTOR('',#7034,10.);
#1961=VECTOR('',#7035,10.);
#1962=VECTOR('',#7036,10.);
#1963=VECTOR('',#7039,10.);
#1964=VECTOR('',#7042,10.);
#1965=VECTOR('',#7045,10.);
#1966=VECTOR('',#7048,10.);
#1967=VECTOR('',#7049,10.);
#1968=VECTOR('',#7050,10.);
#1969=VECTOR('',#7051,10.);
#1970=VECTOR('',#7054,10.);
#1971=VECTOR('',#7057,10.);
#1972=VECTOR('',#7070,10.);
#1973=VECTOR('',#7073,10.);
#1974=VECTOR('',#7076,10.);
#1975=VECTOR('',#7079,10.);
#1976=VECTOR('',#7082,10.);
#1977=VECTOR('',#7083,10.);
#1978=VECTOR('',#7084,10.);
#1979=VECTOR('',#7087,10.);
#1980=VECTOR('',#7088,10.);
#1981=VECTOR('',#7093,10.);
#1982=VECTOR('',#7096,10.);
#1983=VECTOR('',#7097,10.);
#1984=VECTOR('',#7102,10.);
#1985=VECTOR('',#7105,10.);
#1986=VECTOR('',#7106,10.);
#1987=VECTOR('',#7109,10.);
#1988=VECTOR('',#7112,10.);
#1989=VECTOR('',#7113,3.);
#1990=VECTOR('',#7116,3.);
#1991=VECTOR('',#7121,10.);
#1992=VECTOR('',#7124,10.);
#1993=VECTOR('',#7127,10.);
#1994=VECTOR('',#7132,10.);
#1995=VECTOR('',#7139,10.);
#1996=VECTOR('',#7144,10.);
#1997=VECTOR('',#7147,10.);
#1998=VECTOR('',#7150,10.);
#1999=VECTOR('',#7153,10.);
#2000=VECTOR('',#7156,10.);
#2001=VECTOR('',#7159,10.);
#2002=VECTOR('',#7164,10.);
#2003=VECTOR('',#7165,10.);
#2004=VECTOR('',#7168,10.);
#2005=VECTOR('',#7171,10.);
#2006=VECTOR('',#7174,10.);
#2007=VECTOR('',#7177,10.);
#2008=VECTOR('',#7178,3.);
#2009=VECTOR('',#7183,3.);
#2010=VECTOR('',#7188,10.);
#2011=VECTOR('',#7189,10.);
#2012=VECTOR('',#7194,10.);
#2013=VECTOR('',#7197,10.);
#2014=VECTOR('',#7200,10.);
#2015=VECTOR('',#7203,10.);
#2016=VECTOR('',#7204,10.);
#2017=VECTOR('',#7205,10.);
#2018=VECTOR('',#7206,10.);
#2019=VECTOR('',#7209,10.);
#2020=VECTOR('',#7212,10.);
#2021=VECTOR('',#7215,10.);
#2022=VECTOR('',#7218,10.);
#2023=VECTOR('',#7219,10.);
#2024=VECTOR('',#7220,10.);
#2025=VECTOR('',#7221,10.);
#2026=VECTOR('',#7224,10.);
#2027=VECTOR('',#7229,10.);
#2028=VECTOR('',#7232,10.);
#2029=VECTOR('',#7233,10.);
#2030=VECTOR('',#7236,10.);
#2031=VECTOR('',#7249,10.);
#2032=VECTOR('',#7252,10.);
#2033=VECTOR('',#7253,10.);
#2034=VECTOR('',#7256,10.);
#2035=VECTOR('',#7257,10.);
#2036=VECTOR('',#7264,1.85);
#2037=VECTOR('',#7271,1.85);
#2038=VECTOR('',#7278,1.85);
#2039=VECTOR('',#7285,1.85);
#2040=VECTOR('',#7292,1.85);
#2041=VECTOR('',#7299,1.85);
#2042=VECTOR('',#7308,10.);
#2043=VECTOR('',#7309,10.);
#2044=VECTOR('',#7312,10.);
#2045=VECTOR('',#7313,10.);
#2046=VECTOR('',#7314,10.);
#2047=VECTOR('',#7315,10.);
#2048=VECTOR('',#7320,10.);
#2049=VECTOR('',#7321,10.);
#2050=VECTOR('',#7324,10.);
#2051=VECTOR('',#7325,10.);
#2052=VECTOR('',#7326,10.);
#2053=VECTOR('',#7327,10.);
#2054=VECTOR('',#7330,10.);
#2055=VECTOR('',#7331,10.);
#2056=VECTOR('',#7334,10.);
#2057=VECTOR('',#7335,10.);
#2058=VECTOR('',#7340,10.);
#2059=VECTOR('',#7343,10.);
#2060=VECTOR('',#7348,10.);
#2061=VECTOR('',#7349,10.);
#2062=VECTOR('',#7354,10.);
#2063=VECTOR('',#7355,10.);
#2064=VECTOR('',#7356,10.);
#2065=VECTOR('',#7357,10.);
#2066=VECTOR('',#7358,10.);
#2067=VECTOR('',#7361,10.);
#2068=VECTOR('',#7364,10.);
#2069=VECTOR('',#7365,10.);
#2070=VECTOR('',#7366,10.);
#2071=VECTOR('',#7367,10.);
#2072=VECTOR('',#7368,10.);
#2073=VECTOR('',#7373,10.);
#2074=VECTOR('',#7376,10.);
#2075=VECTOR('',#7381,10.);
#2076=VECTOR('',#7382,10.);
#2077=VECTOR('',#7387,10.);
#2078=VECTOR('',#7388,10.);
#2079=VECTOR('',#7389,10.);
#2080=VECTOR('',#7390,10.);
#2081=VECTOR('',#7391,10.);
#2082=VECTOR('',#7394,10.);
#2083=VECTOR('',#7397,10.);
#2084=VECTOR('',#7398,10.);
#2085=VECTOR('',#7399,10.);
#2086=VECTOR('',#7400,10.);
#2087=VECTOR('',#7401,10.);
#2088=VECTOR('',#7404,10.);
#2089=VECTOR('',#7409,10.);
#2090=VECTOR('',#7410,10.);
#2091=VECTOR('',#7411,10.);
#2092=VECTOR('',#7414,10.);
#2093=VECTOR('',#7415,10.);
#2094=VECTOR('',#7422,10.);
#2095=VECTOR('',#7423,10.);
#2096=VECTOR('',#7424,10.);
#2097=VECTOR('',#7427,10.);
#2098=VECTOR('',#7428,10.);
#2099=VECTOR('',#7431,10.);
#2100=VECTOR('',#7432,10.);
#2101=VECTOR('',#7433,10.);
#2102=VECTOR('',#7436,10.);
#2103=VECTOR('',#7439,10.);
#2104=VECTOR('',#7440,10.);
#2105=VECTOR('',#7441,10.);
#2106=VECTOR('',#7446,10.);
#2107=VECTOR('',#7447,10.);
#2108=VECTOR('',#7452,10.);
#2109=VECTOR('',#7459,10.);
#2110=VECTOR('',#7464,10.);
#2111=VECTOR('',#7465,10.);
#2112=VECTOR('',#7466,10.);
#2113=VECTOR('',#7467,10.);
#2114=VECTOR('',#7470,10.);
#2115=VECTOR('',#7471,10.);
#2116=VECTOR('',#7474,10.);
#2117=VECTOR('',#7475,10.);
#2118=VECTOR('',#7476,10.);
#2119=VECTOR('',#7479,10.);
#2120=VECTOR('',#7482,10.);
#2121=VECTOR('',#7483,10.);
#2122=VECTOR('',#7484,10.);
#2123=VECTOR('',#7487,10.);
#2124=VECTOR('',#7494,10.);
#2125=VECTOR('',#7495,10.);
#2126=VECTOR('',#7498,10.);
#2127=VECTOR('',#7499,10.);
#2128=VECTOR('',#7500,10.);
#2129=VECTOR('',#7503,10.);
#2130=VECTOR('',#7506,10.);
#2131=VECTOR('',#7507,10.);
#2132=VECTOR('',#7508,10.);
#2133=VECTOR('',#7511,10.);
#2134=VECTOR('',#7514,10.);
#2135=VECTOR('',#7515,10.);
#2136=VECTOR('',#7516,10.);
#2137=VECTOR('',#7519,10.);
#2138=VECTOR('',#7522,10.);
#2139=VECTOR('',#7523,10.);
#2140=VECTOR('',#7526,10.);
#2141=VECTOR('',#7527,10.);
#2142=VECTOR('',#7534,10.);
#2143=VECTOR('',#7535,10.);
#2144=VECTOR('',#7536,10.);
#2145=VECTOR('',#7537,10.);
#2146=VECTOR('',#7538,10.);
#2147=VECTOR('',#7541,10.);
#2148=VECTOR('',#7542,10.);
#2149=VECTOR('',#7545,10.);
#2150=VECTOR('',#7546,10.);
#2151=VECTOR('',#7549,10.);
#2152=VECTOR('',#7550,10.);
#2153=VECTOR('',#7557,10.);
#2154=VECTOR('',#7560,10.);
#2155=VECTOR('',#7561,10.);
#2156=VECTOR('',#7562,10.);
#2157=VECTOR('',#7565,10.);
#2158=VECTOR('',#7566,10.);
#2159=VECTOR('',#7573,10.);
#2160=VECTOR('',#7576,10.);
#2161=VECTOR('',#7577,10.);
#2162=VECTOR('',#7578,10.);
#2163=VECTOR('',#7579,10.);
#2164=VECTOR('',#7580,10.);
#2165=VECTOR('',#7583,10.);
#2166=VECTOR('',#7586,10.);
#2167=VECTOR('',#7591,10.);
#2168=VECTOR('',#7592,10.);
#2169=VECTOR('',#7593,10.);
#2170=VECTOR('',#7594,10.);
#2171=VECTOR('',#7595,10.);
#2172=VECTOR('',#7596,10.);
#2173=VECTOR('',#7599,10.);
#2174=VECTOR('',#7602,10.);
#2175=VECTOR('',#7605,10.);
#2176=VECTOR('',#7608,10.);
#2177=VECTOR('',#7611,10.);
#2178=VECTOR('',#7616,10.);
#2179=VECTOR('',#7617,10.);
#2180=VECTOR('',#7618,10.);
#2181=VECTOR('',#7619,10.);
#2182=VECTOR('',#7620,10.);
#2183=VECTOR('',#7623,10.);
#2184=VECTOR('',#7624,10.);
#2185=VECTOR('',#7625,10.);
#2186=VECTOR('',#7628,10.);
#2187=VECTOR('',#7629,10.);
#2188=VECTOR('',#7630,10.);
#2189=VECTOR('',#7631,10.);
#2190=VECTOR('',#7634,10.);
#2191=VECTOR('',#7639,10.);
#2192=VECTOR('',#7640,10.);
#2193=VECTOR('',#7643,10.);
#2194=VECTOR('',#7650,10.);
#2195=VECTOR('',#7651,10.);
#2196=VECTOR('',#7654,10.);
#2197=VECTOR('',#7655,10.);
#2198=VECTOR('',#7656,10.);
#2199=VECTOR('',#7661,10.);
#2200=VECTOR('',#7662,10.);
#2201=VECTOR('',#7663,10.);
#2202=VECTOR('',#7664,10.);
#2203=VECTOR('',#7665,10.);
#2204=VECTOR('',#7666,10.);
#2205=VECTOR('',#7669,10.);
#2206=VECTOR('',#7670,10.);
#2207=VECTOR('',#7671,10.);
#2208=VECTOR('',#7672,10.);
#2209=VECTOR('',#7675,10.);
#2210=VECTOR('',#7678,10.);
#2211=VECTOR('',#7681,10.);
#2212=VECTOR('',#7682,10.);
#2213=VECTOR('',#7689,10.);
#2214=VECTOR('',#7690,10.);
#2215=VECTOR('',#7693,10.);
#2216=VECTOR('',#7694,10.);
#2217=VECTOR('',#7695,10.);
#2218=VECTOR('',#7696,10.);
#2219=VECTOR('',#7699,10.);
#2220=VECTOR('',#7704,10.);
#2221=VECTOR('',#7705,10.);
#2222=VECTOR('',#7706,10.);
#2223=VECTOR('',#7707,10.);
#2224=VECTOR('',#7708,10.);
#2225=VECTOR('',#7711,10.);
#2226=VECTOR('',#7712,10.);
#2227=VECTOR('',#7713,10.);
#2228=VECTOR('',#7722,10.);
#2229=VECTOR('',#7727,10.);
#2230=VECTOR('',#7728,10.);
#2231=VECTOR('',#7733,10.);
#2232=VECTOR('',#7734,10.);
#2233=VECTOR('',#7735,10.);
#2234=VECTOR('',#7736,10.);
#2235=VECTOR('',#7737,10.);
#2236=VECTOR('',#7740,10.);
#2237=VECTOR('',#7741,10.);
#2238=VECTOR('',#7742,10.);
#2239=VECTOR('',#7745,10.);
#2240=VECTOR('',#7746,10.);
#2241=VECTOR('',#7747,10.);
#2242=VECTOR('',#7748,10.);
#2243=VECTOR('',#7751,10.);
#2244=VECTOR('',#7756,10.);
#2245=VECTOR('',#7757,10.);
#2246=VECTOR('',#7764,10.);
#2247=VECTOR('',#7765,10.);
#2248=VECTOR('',#7766,10.);
#2249=VECTOR('',#7773,10.);
#2250=VECTOR('',#7774,10.);
#2251=VECTOR('',#7775,10.);
#2252=VECTOR('',#7776,10.);
#2253=VECTOR('',#7777,10.);
#2254=VECTOR('',#7778,10.);
#2255=VECTOR('',#7781,10.);
#2256=VECTOR('',#7782,10.);
#2257=VECTOR('',#7783,10.);
#2258=VECTOR('',#7784,10.);
#2259=VECTOR('',#7787,10.);
#2260=VECTOR('',#7790,10.);
#2261=VECTOR('',#7793,10.);
#2262=VECTOR('',#7798,10.);
#2263=VECTOR('',#7801,10.);
#2264=VECTOR('',#7806,10.);
#2265=VECTOR('',#7809,10.);
#2266=VECTOR('',#7812,10.);
#2267=VECTOR('',#7815,10.);
#2268=VECTOR('',#7818,10.);
#2269=VECTOR('',#7821,10.);
#2270=VECTOR('',#7824,10.);
#2271=VECTOR('',#7827,10.);
#2272=VECTOR('',#7830,10.);
#2273=VECTOR('',#7833,10.);
#2274=VECTOR('',#7836,10.);
#2275=VECTOR('',#7839,10.);
#2276=VECTOR('',#7842,10.);
#2277=VECTOR('',#7847,10.);
#2278=VECTOR('',#7852,10.);
#2279=VECTOR('',#7855,10.);
#2280=VECTOR('',#7860,10.);
#2281=VECTOR('',#7863,10.);
#2282=VECTOR('',#7864,10.);
#2283=VECTOR('',#7865,10.);
#2284=VECTOR('',#7866,10.);
#2285=VECTOR('',#7867,10.);
#2286=VECTOR('',#7868,10.);
#2287=VECTOR('',#7871,10.);
#2288=VECTOR('',#7872,10.);
#2289=VECTOR('',#7877,10.);
#2290=VECTOR('',#7878,10.);
#2291=VECTOR('',#7881,10.);
#2292=VECTOR('',#7882,10.);
#2293=VECTOR('',#7889,10.);
#2294=VECTOR('',#7892,10.);
#2295=VECTOR('',#7893,10.);
#2296=VECTOR('',#7898,10.);
#2297=VECTOR('',#7899,10.);
#2298=VECTOR('',#7902,10.);
#2299=VECTOR('',#7903,10.);
#2300=VECTOR('',#7912,10.);
#2301=VECTOR('',#7915,10.);
#2302=VECTOR('',#7916,10.);
#2303=VECTOR('',#7919,10.);
#2304=VECTOR('',#7920,10.);
#2305=VECTOR('',#7921,10.);
#2306=VECTOR('',#7922,10.);
#2307=VECTOR('',#7923,10.);
#2308=VECTOR('',#7924,10.);
#2309=VECTOR('',#7925,10.);
#2310=VECTOR('',#7928,10.);
#2311=VECTOR('',#7929,10.);
#2312=VECTOR('',#7930,10.);
#2313=VECTOR('',#7931,10.);
#2314=VECTOR('',#7932,10.);
#2315=VECTOR('',#7933,10.);
#2316=VECTOR('',#7934,10.);
#2317=VECTOR('',#7937,10.);
#2318=VECTOR('',#7938,10.);
#2319=VECTOR('',#7945,1.7);
#2320=VECTOR('',#7948,10.);
#2321=VECTOR('',#7949,10.);
#2322=VECTOR('',#7956,1.7);
#2323=VECTOR('',#7961,10.);
#2324=VECTOR('',#7962,10.);
#2325=VECTOR('',#7967,1.7);
#2326=VECTOR('',#7972,10.);
#2327=VECTOR('',#7973,10.);
#2328=VECTOR('',#7974,10.);
#2329=VECTOR('',#7979,1.7);
#2330=VECTOR('',#7982,10.);
#2331=VECTOR('',#7983,10.);
#2332=VECTOR('',#7988,10.);
#2333=VECTOR('',#7991,10.);
#2334=VECTOR('',#7994,10.);
#2335=VECTOR('',#7997,10.);
#2336=VECTOR('',#8002,10.);
#2337=VECTOR('',#8005,10.);
#2338=VECTOR('',#8012,10.);
#2339=VECTOR('',#8013,10.);
#2340=VECTOR('',#8014,10.);
#2341=VECTOR('',#8015,10.);
#2342=VECTOR('',#8016,10.);
#2343=VECTOR('',#8019,10.);
#2344=VECTOR('',#8020,10.);
#2345=VECTOR('',#8021,10.);
#2346=VECTOR('',#8022,10.);
#2347=VECTOR('',#8033,10.);
#2348=VECTOR('',#8036,10.);
#2349=VECTOR('',#8037,10.);
#2350=VECTOR('',#8038,10.);
#2351=VECTOR('',#8039,10.);
#2352=VECTOR('',#8042,10.);
#2353=VECTOR('',#8043,10.);
#2354=VECTOR('',#8044,10.);
#2355=VECTOR('',#8045,10.);
#2356=VECTOR('',#8048,10.);
#2357=VECTOR('',#8053,10.);
#2358=VECTOR('',#8056,10.);
#2359=VECTOR('',#8059,10.);
#2360=VECTOR('',#8062,10.);
#2361=VECTOR('',#8069,10.);
#2362=VECTOR('',#8072,10.);
#2363=VECTOR('',#8079,10.);
#2364=VECTOR('',#8082,10.);
#2365=VECTOR('',#8087,10.);
#2366=VECTOR('',#8092,10.);
#2367=VECTOR('',#8097,10.);
#2368=VECTOR('',#8104,10.);
#2369=VECTOR('',#8117,10.);
#2370=VECTOR('',#8126,10.);
#2371=VECTOR('',#8135,10.);
#2372=VECTOR('',#8138,10.);
#2373=VECTOR('',#8141,10.);
#2374=VECTOR('',#8144,10.);
#2375=VECTOR('',#8145,10.);
#2376=VECTOR('',#8148,10.);
#2377=VECTOR('',#8149,10.);
#2378=VECTOR('',#8152,10.);
#2379=VECTOR('',#8155,10.);
#2380=VECTOR('',#8160,10.);
#2381=VECTOR('',#8163,10.);
#2382=VECTOR('',#8166,10.);
#2383=VECTOR('',#8169,10.);
#2384=VECTOR('',#8180,10.);
#2385=VECTOR('',#8187,10.);
#2386=VECTOR('',#8190,10.);
#2387=VERTEX_POINT('',#8195);
#2388=VERTEX_POINT('',#8196);
#2389=VERTEX_POINT('',#8198);
#2390=VERTEX_POINT('',#8200);
#2391=VERTEX_POINT('',#8204);
#2392=VERTEX_POINT('',#8206);
#2393=VERTEX_POINT('',#8210);
#2394=VERTEX_POINT('',#8212);
#2395=VERTEX_POINT('',#8216);
#2396=VERTEX_POINT('',#8217);
#2397=VERTEX_POINT('',#8219);
#2398=VERTEX_POINT('',#8221);
#2399=VERTEX_POINT('',#8223);
#2400=VERTEX_POINT('',#8234);
#2401=VERTEX_POINT('',#8236);
#2402=VERTEX_POINT('',#8240);
#2403=VERTEX_POINT('',#8251);
#2404=VERTEX_POINT('',#8255);
#2405=VERTEX_POINT('',#8260);
#2406=VERTEX_POINT('',#8261);
#2407=VERTEX_POINT('',#8263);
#2408=VERTEX_POINT('',#8265);
#2409=VERTEX_POINT('',#8278);
#2410=VERTEX_POINT('',#8280);
#2411=VERTEX_POINT('',#8284);
#2412=VERTEX_POINT('',#8286);
#2413=VERTEX_POINT('',#8288);
#2414=VERTEX_POINT('',#8299);
#2415=VERTEX_POINT('',#8301);
#2416=VERTEX_POINT('',#8303);
#2417=VERTEX_POINT('',#8307);
#2418=VERTEX_POINT('',#8309);
#2419=VERTEX_POINT('',#8313);
#2420=VERTEX_POINT('',#8315);
#2421=VERTEX_POINT('',#8319);
#2422=VERTEX_POINT('',#8321);
#2423=VERTEX_POINT('',#8325);
#2424=VERTEX_POINT('',#8329);
#2425=VERTEX_POINT('',#8331);
#2426=VERTEX_POINT('',#8333);
#2427=VERTEX_POINT('',#8337);
#2428=VERTEX_POINT('',#8339);
#2429=VERTEX_POINT('',#8341);
#2430=VERTEX_POINT('',#8348);
#2431=VERTEX_POINT('',#8350);
#2432=VERTEX_POINT('',#8359);
#2433=VERTEX_POINT('',#8361);
#2434=VERTEX_POINT('',#8372);
#2435=VERTEX_POINT('',#8374);
#2436=VERTEX_POINT('',#8379);
#2437=VERTEX_POINT('',#8380);
#2438=VERTEX_POINT('',#8382);
#2439=VERTEX_POINT('',#8384);
#2440=VERTEX_POINT('',#8388);
#2441=VERTEX_POINT('',#8389);
#2442=VERTEX_POINT('',#8391);
#2443=VERTEX_POINT('',#8393);
#2444=VERTEX_POINT('',#8397);
#2445=VERTEX_POINT('',#8399);
#2446=VERTEX_POINT('',#8401);
#2447=VERTEX_POINT('',#8412);
#2448=VERTEX_POINT('',#8414);
#2449=VERTEX_POINT('',#8428);
#2450=VERTEX_POINT('',#8430);
#2451=VERTEX_POINT('',#8434);
#2452=VERTEX_POINT('',#8436);
#2453=VERTEX_POINT('',#8441);
#2454=VERTEX_POINT('',#8445);
#2455=VERTEX_POINT('',#8446);
#2456=VERTEX_POINT('',#8448);
#2457=VERTEX_POINT('',#8450);
#2458=VERTEX_POINT('',#8464);
#2459=VERTEX_POINT('',#8466);
#2460=VERTEX_POINT('',#8468);
#2461=VERTEX_POINT('',#8472);
#2462=VERTEX_POINT('',#8474);
#2463=VERTEX_POINT('',#8478);
#2464=VERTEX_POINT('',#8480);
#2465=VERTEX_POINT('',#8484);
#2466=VERTEX_POINT('',#8486);
#2467=VERTEX_POINT('',#8490);
#2468=VERTEX_POINT('',#8492);
#2469=VERTEX_POINT('',#8496);
#2470=VERTEX_POINT('',#8498);
#2471=VERTEX_POINT('',#8507);
#2472=VERTEX_POINT('',#8511);
#2473=VERTEX_POINT('',#8513);
#2474=VERTEX_POINT('',#8515);
#2475=VERTEX_POINT('',#8517);
#2476=VERTEX_POINT('',#8526);
#2477=VERTEX_POINT('',#8528);
#2478=VERTEX_POINT('',#8539);
#2479=VERTEX_POINT('',#8543);
#2480=VERTEX_POINT('',#8545);
#2481=VERTEX_POINT('',#8547);
#2482=VERTEX_POINT('',#8551);
#2483=VERTEX_POINT('',#8552);
#2484=VERTEX_POINT('',#8556);
#2485=VERTEX_POINT('',#8560);
#2486=VERTEX_POINT('',#8561);
#2487=VERTEX_POINT('',#8563);
#2488=VERTEX_POINT('',#8565);
#2489=VERTEX_POINT('',#8567);
#2490=VERTEX_POINT('',#8576);
#2491=VERTEX_POINT('',#8578);
#2492=VERTEX_POINT('',#8580);
#2493=VERTEX_POINT('',#8582);
#2494=VERTEX_POINT('',#8584);
#2495=VERTEX_POINT('',#8586);
#2496=VERTEX_POINT('',#8588);
#2497=VERTEX_POINT('',#8590);
#2498=VERTEX_POINT('',#8592);
#2499=VERTEX_POINT('',#8594);
#2500=VERTEX_POINT('',#8596);
#2501=VERTEX_POINT('',#8598);
#2502=VERTEX_POINT('',#8600);
#2503=VERTEX_POINT('',#8602);
#2504=VERTEX_POINT('',#8604);
#2505=VERTEX_POINT('',#8606);
#2506=VERTEX_POINT('',#8608);
#2507=VERTEX_POINT('',#8610);
#2508=VERTEX_POINT('',#8612);
#2509=VERTEX_POINT('',#8619);
#2510=VERTEX_POINT('',#8621);
#2511=VERTEX_POINT('',#8623);
#2512=VERTEX_POINT('',#8625);
#2513=VERTEX_POINT('',#8627);
#2514=VERTEX_POINT('',#8629);
#2515=VERTEX_POINT('',#8631);
#2516=VERTEX_POINT('',#8633);
#2517=VERTEX_POINT('',#8635);
#2518=VERTEX_POINT('',#8637);
#2519=VERTEX_POINT('',#8639);
#2520=VERTEX_POINT('',#8641);
#2521=VERTEX_POINT('',#8643);
#2522=VERTEX_POINT('',#8645);
#2523=VERTEX_POINT('',#8647);
#2524=VERTEX_POINT('',#8649);
#2525=VERTEX_POINT('',#8651);
#2526=VERTEX_POINT('',#8653);
#2527=VERTEX_POINT('',#8660);
#2528=VERTEX_POINT('',#8664);
#2529=VERTEX_POINT('',#8666);
#2530=VERTEX_POINT('',#8668);
#2531=VERTEX_POINT('',#8670);
#2532=VERTEX_POINT('',#8672);
#2533=VERTEX_POINT('',#8675);
#2534=VERTEX_POINT('',#8677);
#2535=VERTEX_POINT('',#8681);
#2536=VERTEX_POINT('',#8683);
#2537=VERTEX_POINT('',#8691);
#2538=VERTEX_POINT('',#8692);
#2539=VERTEX_POINT('',#8704);
#2540=VERTEX_POINT('',#8708);
#2541=VERTEX_POINT('',#8709);
#2542=VERTEX_POINT('',#8721);
#2543=VERTEX_POINT('',#8725);
#2544=VERTEX_POINT('',#8726);
#2545=VERTEX_POINT('',#8739);
#2546=VERTEX_POINT('',#8741);
#2547=VERTEX_POINT('',#8750);
#2548=VERTEX_POINT('',#8760);
#2549=VERTEX_POINT('',#8770);
#2550=VERTEX_POINT('',#8772);
#2551=VERTEX_POINT('',#8786);
#2552=VERTEX_POINT('',#8788);
#2553=VERTEX_POINT('',#8792);
#2554=VERTEX_POINT('',#8793);
#2555=VERTEX_POINT('',#8802);
#2556=VERTEX_POINT('',#8804);
#2557=VERTEX_POINT('',#8809);
#2558=VERTEX_POINT('',#8813);
#2559=VERTEX_POINT('',#8814);
#2560=VERTEX_POINT('',#8823);
#2561=VERTEX_POINT('',#8825);
#2562=VERTEX_POINT('',#8829);
#2563=VERTEX_POINT('',#8831);
#2564=VERTEX_POINT('',#8835);
#2565=VERTEX_POINT('',#8836);
#2566=VERTEX_POINT('',#8845);
#2567=VERTEX_POINT('',#8847);
#2568=VERTEX_POINT('',#8852);
#2569=VERTEX_POINT('',#8854);
#2570=VERTEX_POINT('',#8863);
#2571=VERTEX_POINT('',#8873);
#2572=VERTEX_POINT('',#8875);
#2573=VERTEX_POINT('',#8884);
#2574=VERTEX_POINT('',#8886);
#2575=VERTEX_POINT('',#8888);
#2576=VERTEX_POINT('',#8892);
#2577=VERTEX_POINT('',#8896);
#2578=VERTEX_POINT('',#8900);
#2579=VERTEX_POINT('',#8902);
#2580=VERTEX_POINT('',#8904);
#2581=VERTEX_POINT('',#8906);
#2582=VERTEX_POINT('',#8913);
#2583=VERTEX_POINT('',#8915);
#2584=VERTEX_POINT('',#8917);
#2585=VERTEX_POINT('',#8919);
#2586=VERTEX_POINT('',#8921);
#2587=VERTEX_POINT('',#8923);
#2588=VERTEX_POINT('',#8925);
#2589=VERTEX_POINT('',#8927);
#2590=VERTEX_POINT('',#8929);
#2591=VERTEX_POINT('',#8931);
#2592=VERTEX_POINT('',#8933);
#2593=VERTEX_POINT('',#8935);
#2594=VERTEX_POINT('',#8937);
#2595=VERTEX_POINT('',#8939);
#2596=VERTEX_POINT('',#8941);
#2597=VERTEX_POINT('',#8943);
#2598=VERTEX_POINT('',#8945);
#2599=VERTEX_POINT('',#8947);
#2600=VERTEX_POINT('',#8954);
#2601=VERTEX_POINT('',#8957);
#2602=VERTEX_POINT('',#8959);
#2603=VERTEX_POINT('',#8961);
#2604=VERTEX_POINT('',#8964);
#2605=VERTEX_POINT('',#8968);
#2606=VERTEX_POINT('',#8970);
#2607=VERTEX_POINT('',#8972);
#2608=VERTEX_POINT('',#8974);
#2609=VERTEX_POINT('',#8976);
#2610=VERTEX_POINT('',#8984);
#2611=VERTEX_POINT('',#8990);
#2612=VERTEX_POINT('',#8995);
#2613=VERTEX_POINT('',#9000);
#2614=VERTEX_POINT('',#9005);
#2615=VERTEX_POINT('',#9010);
#2616=VERTEX_POINT('',#9015);
#2617=VERTEX_POINT('',#9021);
#2618=VERTEX_POINT('',#9023);
#2619=VERTEX_POINT('',#9028);
#2620=VERTEX_POINT('',#9035);
#2621=VERTEX_POINT('',#9042);
#2622=VERTEX_POINT('',#9044);
#2623=VERTEX_POINT('',#9052);
#2624=VERTEX_POINT('',#9057);
#2625=VERTEX_POINT('',#9059);
#2626=VERTEX_POINT('',#9064);
#2627=VERTEX_POINT('',#9071);
#2628=VERTEX_POINT('',#9073);
#2629=VERTEX_POINT('',#9080);
#2630=VERTEX_POINT('',#9085);
#2631=VERTEX_POINT('',#9087);
#2632=VERTEX_POINT('',#9101);
#2633=VERTEX_POINT('',#9103);
#2634=VERTEX_POINT('',#9108);
#2635=VERTEX_POINT('',#9115);
#2636=VERTEX_POINT('',#9122);
#2637=VERTEX_POINT('',#9124);
#2638=VERTEX_POINT('',#9131);
#2639=VERTEX_POINT('',#9136);
#2640=VERTEX_POINT('',#9138);
#2641=VERTEX_POINT('',#9143);
#2642=VERTEX_POINT('',#9150);
#2643=VERTEX_POINT('',#9152);
#2644=VERTEX_POINT('',#9159);
#2645=VERTEX_POINT('',#9164);
#2646=VERTEX_POINT('',#9166);
#2647=VERTEX_POINT('',#9179);
#2648=VERTEX_POINT('',#9181);
#2649=VERTEX_POINT('',#9183);
#2650=VERTEX_POINT('',#9188);
#2651=VERTEX_POINT('',#9200);
#2652=VERTEX_POINT('',#9202);
#2653=VERTEX_POINT('',#9204);
#2654=VERTEX_POINT('',#9209);
#2655=VERTEX_POINT('',#9220);
#2656=VERTEX_POINT('',#9221);
#2657=VERTEX_POINT('',#9223);
#2658=VERTEX_POINT('',#9225);
#2659=VERTEX_POINT('',#9229);
#2660=VERTEX_POINT('',#9231);
#2661=VERTEX_POINT('',#9233);
#2662=VERTEX_POINT('',#9238);
#2663=VERTEX_POINT('',#9243);
#2664=VERTEX_POINT('',#9252);
#2665=VERTEX_POINT('',#9254);
#2666=VERTEX_POINT('',#9256);
#2667=VERTEX_POINT('',#9258);
#2668=VERTEX_POINT('',#9260);
#2669=VERTEX_POINT('',#9262);
#2670=VERTEX_POINT('',#9264);
#2671=VERTEX_POINT('',#9266);
#2672=VERTEX_POINT('',#9268);
#2673=VERTEX_POINT('',#9270);
#2674=VERTEX_POINT('',#9272);
#2675=VERTEX_POINT('',#9274);
#2676=VERTEX_POINT('',#9276);
#2677=VERTEX_POINT('',#9280);
#2678=VERTEX_POINT('',#9281);
#2679=VERTEX_POINT('',#9283);
#2680=VERTEX_POINT('',#9285);
#2681=VERTEX_POINT('',#9289);
#2682=VERTEX_POINT('',#9291);
#2683=VERTEX_POINT('',#9293);
#2684=VERTEX_POINT('',#9298);
#2685=VERTEX_POINT('',#9303);
#2686=VERTEX_POINT('',#9312);
#2687=VERTEX_POINT('',#9314);
#2688=VERTEX_POINT('',#9316);
#2689=VERTEX_POINT('',#9318);
#2690=VERTEX_POINT('',#9320);
#2691=VERTEX_POINT('',#9322);
#2692=VERTEX_POINT('',#9324);
#2693=VERTEX_POINT('',#9326);
#2694=VERTEX_POINT('',#9328);
#2695=VERTEX_POINT('',#9330);
#2696=VERTEX_POINT('',#9332);
#2697=VERTEX_POINT('',#9334);
#2698=VERTEX_POINT('',#9336);
#2699=VERTEX_POINT('',#9343);
#2700=VERTEX_POINT('',#9344);
#2701=VERTEX_POINT('',#9346);
#2702=VERTEX_POINT('',#9351);
#2703=VERTEX_POINT('',#9356);
#2704=VERTEX_POINT('',#9360);
#2705=VERTEX_POINT('',#9362);
#2706=VERTEX_POINT('',#9364);
#2707=VERTEX_POINT('',#9366);
#2708=VERTEX_POINT('',#9368);
#2709=VERTEX_POINT('',#9375);
#2710=VERTEX_POINT('',#9384);
#2711=VERTEX_POINT('',#9395);
#2712=VERTEX_POINT('',#9396);
#2713=VERTEX_POINT('',#9401);
#2714=VERTEX_POINT('',#9403);
#2715=VERTEX_POINT('',#9405);
#2716=VERTEX_POINT('',#9407);
#2717=VERTEX_POINT('',#9409);
#2718=VERTEX_POINT('',#9411);
#2719=VERTEX_POINT('',#9413);
#2720=VERTEX_POINT('',#9415);
#2721=VERTEX_POINT('',#9417);
#2722=VERTEX_POINT('',#9419);
#2723=VERTEX_POINT('',#9421);
#2724=VERTEX_POINT('',#9423);
#2725=VERTEX_POINT('',#9428);
#2726=VERTEX_POINT('',#9433);
#2727=VERTEX_POINT('',#9438);
#2728=VERTEX_POINT('',#9445);
#2729=VERTEX_POINT('',#9446);
#2730=VERTEX_POINT('',#9448);
#2731=VERTEX_POINT('',#9474);
#2732=VERTEX_POINT('',#9475);
#2733=VERTEX_POINT('',#9498);
#2734=VERTEX_POINT('',#9502);
#2735=VERTEX_POINT('',#9504);
#2736=VERTEX_POINT('',#9508);
#2737=VERTEX_POINT('',#9509);
#2738=VERTEX_POINT('',#9521);
#2739=VERTEX_POINT('',#9547);
#2740=VERTEX_POINT('',#9548);
#2741=VERTEX_POINT('',#9574);
#2742=VERTEX_POINT('',#9575);
#2743=VERTEX_POINT('',#9586);
#2744=VERTEX_POINT('',#9590);
#2745=VERTEX_POINT('',#9592);
#2746=VERTEX_POINT('',#9597);
#2747=VERTEX_POINT('',#9599);
#2748=VERTEX_POINT('',#9604);
#2749=VERTEX_POINT('',#9606);
#2750=VERTEX_POINT('',#9611);
#2751=VERTEX_POINT('',#9616);
#2752=VERTEX_POINT('',#9628);
#2753=VERTEX_POINT('',#9629);
#2754=VERTEX_POINT('',#9631);
#2755=VERTEX_POINT('',#9633);
#2756=VERTEX_POINT('',#9635);
#2757=VERTEX_POINT('',#9637);
#2758=VERTEX_POINT('',#9639);
#2759=VERTEX_POINT('',#9641);
#2760=VERTEX_POINT('',#9643);
#2761=VERTEX_POINT('',#9645);
#2762=VERTEX_POINT('',#9647);
#2763=VERTEX_POINT('',#9649);
#2764=VERTEX_POINT('',#9651);
#2765=VERTEX_POINT('',#9653);
#2766=VERTEX_POINT('',#9657);
#2767=VERTEX_POINT('',#9658);
#2768=VERTEX_POINT('',#9660);
#2769=VERTEX_POINT('',#9665);
#2770=VERTEX_POINT('',#9667);
#2771=VERTEX_POINT('',#9670);
#2772=VERTEX_POINT('',#9672);
#2773=VERTEX_POINT('',#9676);
#2774=VERTEX_POINT('',#9686);
#2775=VERTEX_POINT('',#9687);
#2776=VERTEX_POINT('',#9689);
#2777=VERTEX_POINT('',#9694);
#2778=VERTEX_POINT('',#9699);
#2779=VERTEX_POINT('',#9704);
#2780=VERTEX_POINT('',#9706);
#2781=VERTEX_POINT('',#9708);
#2782=VERTEX_POINT('',#9715);
#2783=VERTEX_POINT('',#9724);
#2784=VERTEX_POINT('',#9735);
#2785=VERTEX_POINT('',#9736);
#2786=VERTEX_POINT('',#9756);
#2787=VERTEX_POINT('',#9758);
#2788=VERTEX_POINT('',#9765);
#2789=VERTEX_POINT('',#9769);
#2790=VERTEX_POINT('',#9771);
#2791=VERTEX_POINT('',#9778);
#2792=VERTEX_POINT('',#9790);
#2793=VERTEX_POINT('',#9795);
#2794=VERTEX_POINT('',#9800);
#2795=VERTEX_POINT('',#9822);
#2796=VERTEX_POINT('',#9850);
#2797=VERTEX_POINT('',#9852);
#2798=VERTEX_POINT('',#9856);
#2799=VERTEX_POINT('',#9857);
#2800=VERTEX_POINT('',#9863);
#2801=VERTEX_POINT('',#9867);
#2802=VERTEX_POINT('',#9868);
#2803=VERTEX_POINT('',#9870);
#2804=VERTEX_POINT('',#9882);
#2805=VERTEX_POINT('',#9931);
#2806=VERTEX_POINT('',#9933);
#2807=VERTEX_POINT('',#9938);
#2808=VERTEX_POINT('',#9960);
#2809=VERTEX_POINT('',#9961);
#2810=VERTEX_POINT('',#9987);
#2811=VERTEX_POINT('',#9988);
#2812=VERTEX_POINT('',#9999);
#2813=VERTEX_POINT('',#10000);
#2814=VERTEX_POINT('',#10002);
#2815=VERTEX_POINT('',#10004);
#2816=VERTEX_POINT('',#10009);
#2817=VERTEX_POINT('',#10040);
#2818=VERTEX_POINT('',#10042);
#2819=VERTEX_POINT('',#10105);
#2820=VERTEX_POINT('',#10129);
#2821=VERTEX_POINT('',#10210);
#2822=VERTEX_POINT('',#10211);
#2823=VERTEX_POINT('',#10213);
#2824=VERTEX_POINT('',#10215);
#2825=VERTEX_POINT('',#10220);
#2826=VERTEX_POINT('',#10250);
#2827=VERTEX_POINT('',#10277);
#2828=VERTEX_POINT('',#10286);
#2829=VERTEX_POINT('',#10288);
#2830=VERTEX_POINT('',#10290);
#2831=VERTEX_POINT('',#10294);
#2832=VERTEX_POINT('',#10351);
#2833=VERTEX_POINT('',#10382);
#2834=VERTEX_POINT('',#10386);
#2835=VERTEX_POINT('',#10391);
#2836=VERTEX_POINT('',#10393);
#2837=VERTEX_POINT('',#10395);
#2838=VERTEX_POINT('',#10404);
#2839=VERTEX_POINT('',#10415);
#2840=VERTEX_POINT('',#10417);
#2841=VERTEX_POINT('',#10426);
#2842=VERTEX_POINT('',#10428);
#2843=VERTEX_POINT('',#10456);
#2844=VERTEX_POINT('',#10458);
#2845=VERTEX_POINT('',#10463);
#2846=VERTEX_POINT('',#10485);
#2847=VERTEX_POINT('',#10486);
#2848=VERTEX_POINT('',#10512);
#2849=VERTEX_POINT('',#10513);
#2850=VERTEX_POINT('',#10543);
#2851=VERTEX_POINT('',#10545);
#2852=VERTEX_POINT('',#10585);
#2853=VERTEX_POINT('',#10595);
#2854=VERTEX_POINT('',#10598);
#2855=VERTEX_POINT('',#10602);
#2856=VERTEX_POINT('',#10621);
#2857=VERTEX_POINT('',#10721);
#2858=VERTEX_POINT('',#10723);
#2859=VERTEX_POINT('',#10760);
#2860=VERTEX_POINT('',#10769);
#2861=VERTEX_POINT('',#10771);
#2862=VERTEX_POINT('',#10773);
#2863=VERTEX_POINT('',#10777);
#2864=VERTEX_POINT('',#10778);
#2865=VERTEX_POINT('',#10798);
#2866=VERTEX_POINT('',#10844);
#2867=VERTEX_POINT('',#10846);
#2868=VERTEX_POINT('',#10851);
#2869=VERTEX_POINT('',#10893);
#2870=VERTEX_POINT('',#10894);
#2871=VERTEX_POINT('',#10920);
#2872=VERTEX_POINT('',#10921);
#2873=VERTEX_POINT('',#10956);
#2874=VERTEX_POINT('',#10958);
#2875=VERTEX_POINT('',#10967);
#2876=VERTEX_POINT('',#10969);
#2877=VERTEX_POINT('',#10978);
#2878=VERTEX_POINT('',#10980);
#2879=VERTEX_POINT('',#10992);
#2880=VERTEX_POINT('',#10994);
#2881=VERTEX_POINT('',#10999);
#2882=VERTEX_POINT('',#11029);
#2883=VERTEX_POINT('',#11056);
#2884=VERTEX_POINT('',#11065);
#2885=VERTEX_POINT('',#11067);
#2886=VERTEX_POINT('',#11069);
#2887=VERTEX_POINT('',#11073);
#2888=VERTEX_POINT('',#11130);
#2889=VERTEX_POINT('',#11159);
#2890=VERTEX_POINT('',#11161);
#2891=VERTEX_POINT('',#11170);
#2892=VERTEX_POINT('',#11172);
#2893=VERTEX_POINT('',#11181);
#2894=VERTEX_POINT('',#11183);
#2895=VERTEX_POINT('',#11207);
#2896=VERTEX_POINT('',#11209);
#2897=VERTEX_POINT('',#11214);
#2898=VERTEX_POINT('',#11236);
#2899=VERTEX_POINT('',#11237);
#2900=VERTEX_POINT('',#11263);
#2901=VERTEX_POINT('',#11264);
#2902=VERTEX_POINT('',#11302);
#2903=VERTEX_POINT('',#11304);
#2904=VERTEX_POINT('',#11361);
#2905=VERTEX_POINT('',#11370);
#2906=VERTEX_POINT('',#11373);
#2907=VERTEX_POINT('',#11377);
#2908=VERTEX_POINT('',#11396);
#2909=VERTEX_POINT('',#11470);
#2910=VERTEX_POINT('',#11472);
#2911=VERTEX_POINT('',#11481);
#2912=VERTEX_POINT('',#11486);
#2913=VERTEX_POINT('',#11488);
#2914=VERTEX_POINT('',#11490);
#2915=VERTEX_POINT('',#11507);
#2916=VERTEX_POINT('',#11509);
#2917=VERTEX_POINT('',#11518);
#2918=VERTEX_POINT('',#11522);
#2919=VERTEX_POINT('',#11524);
#2920=VERTEX_POINT('',#11526);
#2921=VERTEX_POINT('',#11543);
#2922=VERTEX_POINT('',#11546);
#2923=VERTEX_POINT('',#11553);
#2924=VERTEX_POINT('',#11556);
#2925=VERTEX_POINT('',#11560);
#2926=VERTEX_POINT('',#11562);
#2927=VERTEX_POINT('',#11564);
#2928=VERTEX_POINT('',#11566);
#2929=VERTEX_POINT('',#11568);
#2930=VERTEX_POINT('',#11572);
#2931=VERTEX_POINT('',#11573);
#2932=VERTEX_POINT('',#11583);
#2933=VERTEX_POINT('',#11587);
#2934=VERTEX_POINT('',#11591);
#2935=VERTEX_POINT('',#11595);
#2936=VERTEX_POINT('',#11608);
#2937=VERTEX_POINT('',#11609);
#2938=VERTEX_POINT('',#11619);
#2939=VERTEX_POINT('',#11623);
#2940=VERTEX_POINT('',#11627);
#2941=VERTEX_POINT('',#11631);
#2942=VERTEX_POINT('',#11645);
#2943=VERTEX_POINT('',#11649);
#2944=VERTEX_POINT('',#11651);
#2945=VERTEX_POINT('',#11653);
#2946=VERTEX_POINT('',#11655);
#2947=VERTEX_POINT('',#11657);
#2948=VERTEX_POINT('',#11659);
#2949=VERTEX_POINT('',#11663);
#2950=VERTEX_POINT('',#11665);
#2951=VERTEX_POINT('',#11667);
#2952=VERTEX_POINT('',#11669);
#2953=VERTEX_POINT('',#11671);
#2954=VERTEX_POINT('',#11673);
#2955=VERTEX_POINT('',#11677);
#2956=VERTEX_POINT('',#11682);
#2957=VERTEX_POINT('',#11686);
#2958=VERTEX_POINT('',#11688);
#2959=VERTEX_POINT('',#11692);
#2960=VERTEX_POINT('',#11696);
#2961=VERTEX_POINT('',#11697);
#2962=VERTEX_POINT('',#11702);
#2963=VERTEX_POINT('',#11706);
#2964=VERTEX_POINT('',#11707);
#2965=VERTEX_POINT('',#11709);
#2966=VERTEX_POINT('',#11711);
#2967=VERTEX_POINT('',#11715);
#2968=VERTEX_POINT('',#11719);
#2969=VERTEX_POINT('',#11721);
#2970=VERTEX_POINT('',#11780);
#2971=VERTEX_POINT('',#11881);
#2972=VERTEX_POINT('',#12005);
#2973=VERTEX_POINT('',#12085);
#2974=VERTEX_POINT('',#12210);
#2975=VERTEX_POINT('',#12239);
#2976=VERTEX_POINT('',#12360);
#2977=VERTEX_POINT('',#12407);
#2978=VERTEX_POINT('',#12454);
#2979=VERTEX_POINT('',#12456);
#2980=VERTEX_POINT('',#12499);
#2981=VERTEX_POINT('',#12600);
#2982=VERTEX_POINT('',#12724);
#2983=VERTEX_POINT('',#12725);
#2984=VERTEX_POINT('',#12805);
#2985=VERTEX_POINT('',#12810);
#2986=VERTEX_POINT('',#12936);
#2987=VERTEX_POINT('',#12967);
#2988=VERTEX_POINT('',#13028);
#2989=VERTEX_POINT('',#13080);
#2990=VERTEX_POINT('',#13109);
#2991=VERTEX_POINT('',#13115);
#2992=VERTEX_POINT('',#13128);
#2993=VERTEX_POINT('',#13130);
#2994=VERTEX_POINT('',#13132);
#2995=EDGE_CURVE('',#2387,#2388,#1315,.T.);
#2996=EDGE_CURVE('',#2387,#2389,#1316,.T.);
#2997=EDGE_CURVE('',#2390,#2389,#1317,.T.);
#2998=EDGE_CURVE('',#2388,#2390,#1318,.T.);
#2999=EDGE_CURVE('',#2388,#2391,#1319,.T.);
#3000=EDGE_CURVE('',#2392,#2390,#1320,.T.);
#3001=EDGE_CURVE('',#2391,#2392,#1321,.T.);
#3002=EDGE_CURVE('',#2391,#2393,#1322,.T.);
#3003=EDGE_CURVE('',#2394,#2392,#1323,.T.);
#3004=EDGE_CURVE('',#2393,#2394,#1324,.T.);
#3005=EDGE_CURVE('',#2395,#2396,#463,.T.);
#3006=EDGE_CURVE('',#2395,#2397,#1325,.T.);
#3007=EDGE_CURVE('',#2398,#2397,#464,.T.);
#3008=EDGE_CURVE('',#2399,#2398,#1326,.T.);
#3009=EDGE_CURVE('',#2396,#2399,#241,.T.);
#3010=EDGE_CURVE('',#2399,#2400,#465,.T.);
#3011=EDGE_CURVE('',#2401,#2398,#1327,.T.);
#3012=EDGE_CURVE('',#2400,#2401,#1328,.T.);
#3013=EDGE_CURVE('',#2400,#2402,#242,.T.);
#3014=EDGE_CURVE('',#2403,#2401,#466,.T.);
#3015=EDGE_CURVE('',#2402,#2403,#1329,.T.);
#3016=EDGE_CURVE('',#2404,#2387,#1330,.T.);
#3017=EDGE_CURVE('',#2402,#2404,#467,.T.);
#3018=EDGE_CURVE('',#2389,#2403,#1331,.T.);
#3019=EDGE_CURVE('',#2405,#2406,#468,.T.);
#3020=EDGE_CURVE('',#2407,#2405,#1332,.T.);
#3021=EDGE_CURVE('',#2408,#2407,#243,.T.);
#3022=EDGE_CURVE('',#2408,#2406,#1333,.T.);
#3023=EDGE_CURVE('',#2409,#2405,#1334,.T.);
#3024=EDGE_CURVE('',#2410,#2409,#1335,.T.);
#3025=EDGE_CURVE('',#2407,#2410,#469,.T.);
#3026=EDGE_CURVE('',#2411,#2409,#470,.T.);
#3027=EDGE_CURVE('',#2412,#2411,#1336,.T.);
#3028=EDGE_CURVE('',#2413,#2412,#471,.T.);
#3029=EDGE_CURVE('',#2410,#2413,#244,.T.);
#3030=EDGE_CURVE('',#2406,#2414,#1337,.T.);
#3031=EDGE_CURVE('',#2415,#2408,#472,.T.);
#3032=EDGE_CURVE('',#2416,#2415,#1338,.T.);
#3033=EDGE_CURVE('',#2416,#2414,#1339,.T.);
#3034=EDGE_CURVE('',#2414,#2417,#1340,.T.);
#3035=EDGE_CURVE('',#2418,#2416,#1341,.T.);
#3036=EDGE_CURVE('',#2418,#2417,#1342,.T.);
#3037=EDGE_CURVE('',#2417,#2419,#1343,.T.);
#3038=EDGE_CURVE('',#2420,#2418,#1344,.T.);
#3039=EDGE_CURVE('',#2420,#2419,#1345,.T.);
#3040=EDGE_CURVE('',#2419,#2421,#1346,.T.);
#3041=EDGE_CURVE('',#2422,#2420,#1347,.T.);
#3042=EDGE_CURVE('',#2422,#2421,#1348,.T.);
#3043=EDGE_CURVE('',#2423,#2396,#1349,.T.);
#3044=EDGE_CURVE('',#2423,#2395,#1350,.T.);
#3045=EDGE_CURVE('',#2393,#2424,#1351,.T.);
#3046=EDGE_CURVE('',#2425,#2424,#1352,.T.);
#3047=EDGE_CURVE('',#2426,#2425,#1353,.T.);
#3048=EDGE_CURVE('',#2404,#2426,#1354,.T.);
#3049=EDGE_CURVE('',#2413,#2427,#1355,.T.);
#3050=EDGE_CURVE('',#2427,#2428,#473,.T.);
#3051=EDGE_CURVE('',#2429,#2428,#245,.F.);
#3052=EDGE_CURVE('',#2429,#2430,#1356,.F.);
#3053=EDGE_CURVE('',#2431,#2430,#246,.T.);
#3054=EDGE_CURVE('',#2432,#2431,#474,.T.);
#3055=EDGE_CURVE('',#2433,#2432,#247,.T.);
#3056=EDGE_CURVE('',#2433,#2415,#1357,.T.);
#3057=EDGE_CURVE('',#2412,#2427,#1358,.T.);
#3058=EDGE_CURVE('',#2434,#2422,#1359,.T.);
#3059=EDGE_CURVE('',#2434,#2435,#1360,.T.);
#3060=EDGE_CURVE('',#2428,#2435,#1361,.T.);
#3061=EDGE_CURVE('',#2421,#2411,#1362,.T.);
#3062=EDGE_CURVE('',#2436,#2437,#1363,.T.);
#3063=EDGE_CURVE('',#2436,#2438,#1364,.T.);
#3064=EDGE_CURVE('',#2439,#2438,#475,.T.);
#3065=EDGE_CURVE('',#2437,#2439,#1365,.T.);
#3066=EDGE_CURVE('',#2440,#2441,#1366,.T.);
#3067=EDGE_CURVE('',#2440,#2442,#1367,.T.);
#3068=EDGE_CURVE('',#2443,#2442,#1368,.T.);
#3069=EDGE_CURVE('',#2441,#2443,#1369,.T.);
#3070=EDGE_CURVE('',#2444,#2436,#476,.T.);
#3071=EDGE_CURVE('',#2444,#2445,#1370,.T.);
#3072=EDGE_CURVE('',#2446,#2445,#477,.T.);
#3073=EDGE_CURVE('',#2438,#2446,#248,.T.);
#3074=EDGE_CURVE('',#2437,#2447,#478,.T.);
#3075=EDGE_CURVE('',#2448,#2439,#249,.T.);
#3076=EDGE_CURVE('',#2447,#2448,#1371,.T.);
#3077=EDGE_CURVE('',#2449,#2440,#1372,.T.);
#3078=EDGE_CURVE('',#2449,#2450,#1373,.T.);
#3079=EDGE_CURVE('',#2442,#2450,#1374,.T.);
#3080=EDGE_CURVE('',#2451,#2449,#1375,.T.);
#3081=EDGE_CURVE('',#2451,#2452,#1376,.T.);
#3082=EDGE_CURVE('',#2450,#2452,#1377,.T.);
#3083=EDGE_CURVE('',#2447,#2451,#1378,.T.);
#3084=EDGE_CURVE('',#2453,#2448,#479,.T.);
#3085=EDGE_CURVE('',#2452,#2453,#1379,.T.);
#3086=EDGE_CURVE('',#2454,#2455,#480,.T.);
#3087=EDGE_CURVE('',#2454,#2456,#1380,.T.);
#3088=EDGE_CURVE('',#2457,#2456,#250,.T.);
#3089=EDGE_CURVE('',#2455,#2457,#1381,.T.);
#3090=EDGE_CURVE('',#2458,#2454,#1382,.T.);
#3091=EDGE_CURVE('',#2458,#2459,#1383,.T.);
#3092=EDGE_CURVE('',#2460,#2459,#1384,.T.);
#3093=EDGE_CURVE('',#2456,#2460,#481,.T.);
#3094=EDGE_CURVE('',#2461,#2458,#1385,.T.);
#3095=EDGE_CURVE('',#2461,#2462,#1386,.T.);
#3096=EDGE_CURVE('',#2459,#2462,#1387,.T.);
#3097=EDGE_CURVE('',#2463,#2461,#1388,.T.);
#3098=EDGE_CURVE('',#2463,#2464,#1389,.T.);
#3099=EDGE_CURVE('',#2462,#2464,#1390,.T.);
#3100=EDGE_CURVE('',#2455,#2465,#1391,.T.);
#3101=EDGE_CURVE('',#2466,#2457,#482,.T.);
#3102=EDGE_CURVE('',#2465,#2466,#1392,.T.);
#3103=EDGE_CURVE('',#2467,#2463,#1393,.T.);
#3104=EDGE_CURVE('',#2467,#2468,#1394,.T.);
#3105=EDGE_CURVE('',#2464,#2468,#1395,.T.);
#3106=EDGE_CURVE('',#2465,#2469,#483,.T.);
#3107=EDGE_CURVE('',#2470,#2466,#251,.T.);
#3108=EDGE_CURVE('',#2471,#2470,#484,.T.);
#3109=EDGE_CURVE('',#2469,#2471,#1396,.T.);
#3110=EDGE_CURVE('',#2446,#2472,#1397,.T.);
#3111=EDGE_CURVE('',#2472,#2473,#485,.T.);
#3112=EDGE_CURVE('',#2473,#2474,#1398,.T.);
#3113=EDGE_CURVE('',#2475,#2474,#252,.T.);
#3114=EDGE_CURVE('',#2476,#2475,#486,.T.);
#3115=EDGE_CURVE('',#2477,#2476,#253,.T.);
#3116=EDGE_CURVE('',#2477,#2453,#1399,.T.);
#3117=EDGE_CURVE('',#2445,#2472,#1400,.T.);
#3118=EDGE_CURVE('',#2478,#2470,#1401,.T.);
#3119=EDGE_CURVE('',#2478,#2471,#1402,.T.);
#3120=EDGE_CURVE('',#2468,#2479,#1403,.T.);
#3121=EDGE_CURVE('',#2479,#2480,#1404,.F.);
#3122=EDGE_CURVE('',#2481,#2480,#1405,.T.);
#3123=EDGE_CURVE('',#2460,#2481,#1406,.T.);
#3124=EDGE_CURVE('',#2482,#2483,#1407,.T.);
#3125=EDGE_CURVE('',#2479,#2482,#1408,.T.);
#3126=EDGE_CURVE('',#2469,#2467,#1409,.T.);
#3127=EDGE_CURVE('',#2484,#2478,#487,.T.);
#3128=EDGE_CURVE('',#2483,#2484,#1410,.T.);
#3129=EDGE_CURVE('',#2485,#2486,#488,.T.);
#3130=EDGE_CURVE('',#2485,#2487,#1411,.T.);
#3131=EDGE_CURVE('',#2487,#2488,#125,.T.);
#3132=EDGE_CURVE('',#2488,#2489,#1412,.T.);
#3133=EDGE_CURVE('',#2486,#2489,#254,.T.);
#3134=EDGE_CURVE('',#2487,#2490,#1413,.T.);
#3135=EDGE_CURVE('',#2491,#2490,#126,.T.);
#3136=EDGE_CURVE('',#2491,#2492,#1414,.T.);
#3137=EDGE_CURVE('',#2493,#2492,#127,.T.);
#3138=EDGE_CURVE('',#2494,#2493,#1415,.T.);
#3139=EDGE_CURVE('',#2495,#2494,#128,.T.);
#3140=EDGE_CURVE('',#2495,#2496,#1416,.T.);
#3141=EDGE_CURVE('',#2497,#2496,#129,.T.);
#3142=EDGE_CURVE('',#2497,#2498,#1417,.T.);
#3143=EDGE_CURVE('',#2499,#2498,#130,.T.);
#3144=EDGE_CURVE('',#2499,#2500,#1418,.T.);
#3145=EDGE_CURVE('',#2501,#2500,#131,.T.);
#3146=EDGE_CURVE('',#2502,#2501,#1419,.T.);
#3147=EDGE_CURVE('',#2503,#2502,#132,.T.);
#3148=EDGE_CURVE('',#2504,#2503,#1420,.T.);
#3149=EDGE_CURVE('',#2504,#2505,#1421,.T.);
#3150=EDGE_CURVE('',#2506,#2505,#133,.T.);
#3151=EDGE_CURVE('',#2506,#2507,#1422,.T.);
#3152=EDGE_CURVE('',#2508,#2507,#255,.T.);
#3153=EDGE_CURVE('',#2508,#2509,#134,.T.);
#3154=EDGE_CURVE('',#2509,#2510,#1423,.T.);
#3155=EDGE_CURVE('',#2511,#2510,#1424,.T.);
#3156=EDGE_CURVE('',#2511,#2512,#1425,.T.);
#3157=EDGE_CURVE('',#2512,#2513,#1426,.T.);
#3158=EDGE_CURVE('',#2514,#2513,#135,.T.);
#3159=EDGE_CURVE('',#2514,#2515,#1427,.T.);
#3160=EDGE_CURVE('',#2516,#2515,#136,.T.);
#3161=EDGE_CURVE('',#2516,#2517,#1428,.T.);
#3162=EDGE_CURVE('',#2518,#2517,#137,.T.);
#3163=EDGE_CURVE('',#2518,#2519,#1429,.T.);
#3164=EDGE_CURVE('',#2520,#2519,#138,.T.);
#3165=EDGE_CURVE('',#2520,#2521,#1430,.T.);
#3166=EDGE_CURVE('',#2521,#2522,#1431,.T.);
#3167=EDGE_CURVE('',#2523,#2522,#1432,.T.);
#3168=EDGE_CURVE('',#2523,#2524,#1433,.T.);
#3169=EDGE_CURVE('',#2524,#2525,#139,.T.);
#3170=EDGE_CURVE('',#2525,#2526,#256,.F.);
#3171=EDGE_CURVE('',#2526,#2527,#1434,.T.);
#3172=EDGE_CURVE('',#2425,#2527,#140,.T.);
#3173=EDGE_CURVE('',#2424,#2488,#1435,.T.);
#3174=EDGE_CURVE('',#2528,#2528,#141,.T.);
#3175=EDGE_CURVE('',#2529,#2529,#142,.T.);
#3176=EDGE_CURVE('',#2530,#2530,#143,.T.);
#3177=EDGE_CURVE('',#2531,#2531,#144,.T.);
#3178=EDGE_CURVE('',#2532,#2532,#145,.T.);
#3179=EDGE_CURVE('',#2533,#2485,#1436,.T.);
#3180=EDGE_CURVE('',#2533,#2534,#489,.T.);
#3181=EDGE_CURVE('',#2490,#2534,#1437,.T.);
#3182=EDGE_CURVE('',#2502,#2535,#1438,.T.);
#3183=EDGE_CURVE('',#2535,#2536,#490,.F.);
#3184=EDGE_CURVE('',#2536,#2503,#1439,.T.);
#3185=EDGE_CURVE('',#2504,#2443,#1440,.T.);
#3186=EDGE_CURVE('',#2473,#2536,#1441,.T.);
#3187=EDGE_CURVE('',#2441,#2444,#1442,.T.);
#3188=EDGE_CURVE('',#2537,#2538,#257,.T.);
#3189=EDGE_CURVE('',#2537,#2501,#1443,.T.);
#3190=EDGE_CURVE('',#2500,#2538,#1444,.T.);
#3191=EDGE_CURVE('',#2537,#2539,#491,.T.);
#3192=EDGE_CURVE('',#2535,#2539,#1445,.T.);
#3193=EDGE_CURVE('',#2540,#2541,#258,.T.);
#3194=EDGE_CURVE('',#2540,#2493,#1446,.T.);
#3195=EDGE_CURVE('',#2492,#2541,#1447,.T.);
#3196=EDGE_CURVE('',#2540,#2542,#492,.T.);
#3197=EDGE_CURVE('',#2494,#2542,#1448,.T.);
#3198=EDGE_CURVE('',#2543,#2544,#259,.T.);
#3199=EDGE_CURVE('',#2543,#2499,#1449,.T.);
#3200=EDGE_CURVE('',#2498,#2544,#1450,.T.);
#3201=EDGE_CURVE('',#2543,#2538,#1451,.T.);
#3202=EDGE_CURVE('',#2545,#2544,#493,.T.);
#3203=EDGE_CURVE('',#2546,#2545,#260,.F.);
#3204=EDGE_CURVE('',#2547,#2546,#1452,.T.);
#3205=EDGE_CURVE('',#2542,#2547,#261,.F.);
#3206=EDGE_CURVE('',#2541,#2548,#1453,.T.);
#3207=EDGE_CURVE('',#2548,#2534,#262,.T.);
#3208=EDGE_CURVE('',#2549,#2533,#494,.T.);
#3209=EDGE_CURVE('',#2549,#2550,#1454,.T.);
#3210=EDGE_CURVE('',#2539,#2550,#495,.T.);
#3211=EDGE_CURVE('',#2545,#2497,#1455,.T.);
#3212=EDGE_CURVE('',#2547,#2495,#1456,.T.);
#3213=EDGE_CURVE('',#2496,#2546,#1457,.T.);
#3214=EDGE_CURVE('',#2548,#2491,#1458,.T.);
#3215=EDGE_CURVE('',#2435,#2551,#146,.T.);
#3216=EDGE_CURVE('',#2551,#2552,#1459,.T.);
#3217=EDGE_CURVE('',#2552,#2429,#496,.F.);
#3218=EDGE_CURVE('',#2553,#2554,#263,.T.);
#3219=EDGE_CURVE('',#2553,#2555,#1460,.T.);
#3220=EDGE_CURVE('',#2555,#2556,#147,.T.);
#3221=EDGE_CURVE('',#2556,#2554,#1461,.T.);
#3222=EDGE_CURVE('',#2551,#2555,#1462,.T.);
#3223=EDGE_CURVE('',#2553,#2557,#497,.T.);
#3224=EDGE_CURVE('',#2552,#2557,#1463,.T.);
#3225=EDGE_CURVE('',#2558,#2559,#264,.T.);
#3226=EDGE_CURVE('',#2558,#2560,#1464,.T.);
#3227=EDGE_CURVE('',#2560,#2561,#148,.T.);
#3228=EDGE_CURVE('',#2561,#2559,#1465,.T.);
#3229=EDGE_CURVE('',#2558,#2562,#498,.T.);
#3230=EDGE_CURVE('',#2563,#2562,#1466,.T.);
#3231=EDGE_CURVE('',#2563,#2560,#1467,.T.);
#3232=EDGE_CURVE('',#2564,#2565,#265,.T.);
#3233=EDGE_CURVE('',#2564,#2566,#1468,.T.);
#3234=EDGE_CURVE('',#2566,#2567,#149,.T.);
#3235=EDGE_CURVE('',#2567,#2565,#1469,.T.);
#3236=EDGE_CURVE('',#2564,#2554,#1470,.T.);
#3237=EDGE_CURVE('',#2568,#2565,#499,.T.);
#3238=EDGE_CURVE('',#2569,#2568,#266,.F.);
#3239=EDGE_CURVE('',#2570,#2569,#1471,.T.);
#3240=EDGE_CURVE('',#2562,#2570,#267,.F.);
#3241=EDGE_CURVE('',#2559,#2571,#1472,.T.);
#3242=EDGE_CURVE('',#2571,#2572,#268,.T.);
#3243=EDGE_CURVE('',#2573,#2572,#500,.T.);
#3244=EDGE_CURVE('',#2574,#2573,#501,.T.);
#3245=EDGE_CURVE('',#2574,#2575,#1473,.T.);
#3246=EDGE_CURVE('',#2557,#2575,#502,.T.);
#3247=EDGE_CURVE('',#2576,#2567,#1474,.T.);
#3248=EDGE_CURVE('',#2568,#2576,#1475,.T.);
#3249=EDGE_CURVE('',#2577,#2563,#150,.T.);
#3250=EDGE_CURVE('',#2570,#2577,#1476,.T.);
#3251=EDGE_CURVE('',#2434,#2578,#1477,.T.);
#3252=EDGE_CURVE('',#2579,#2578,#151,.T.);
#3253=EDGE_CURVE('',#2579,#2580,#1478,.T.);
#3254=EDGE_CURVE('',#2581,#2580,#269,.T.);
#3255=EDGE_CURVE('',#2581,#2582,#152,.T.);
#3256=EDGE_CURVE('',#2582,#2583,#1479,.T.);
#3257=EDGE_CURVE('',#2584,#2583,#1480,.T.);
#3258=EDGE_CURVE('',#2584,#2585,#1481,.T.);
#3259=EDGE_CURVE('',#2585,#2586,#1482,.T.);
#3260=EDGE_CURVE('',#2587,#2586,#153,.T.);
#3261=EDGE_CURVE('',#2587,#2588,#1483,.T.);
#3262=EDGE_CURVE('',#2589,#2588,#154,.T.);
#3263=EDGE_CURVE('',#2589,#2590,#1484,.T.);
#3264=EDGE_CURVE('',#2591,#2590,#155,.T.);
#3265=EDGE_CURVE('',#2591,#2592,#1485,.T.);
#3266=EDGE_CURVE('',#2593,#2592,#156,.T.);
#3267=EDGE_CURVE('',#2593,#2594,#1486,.T.);
#3268=EDGE_CURVE('',#2594,#2595,#1487,.T.);
#3269=EDGE_CURVE('',#2596,#2595,#1488,.T.);
#3270=EDGE_CURVE('',#2596,#2597,#1489,.T.);
#3271=EDGE_CURVE('',#2597,#2598,#157,.T.);
#3272=EDGE_CURVE('',#2598,#2599,#270,.F.);
#3273=EDGE_CURVE('',#2599,#2600,#1490,.T.);
#3274=EDGE_CURVE('',#2480,#2600,#158,.T.);
#3275=EDGE_CURVE('',#2601,#2482,#159,.T.);
#3276=EDGE_CURVE('',#2601,#2602,#1491,.T.);
#3277=EDGE_CURVE('',#2603,#2602,#160,.T.);
#3278=EDGE_CURVE('',#2603,#2561,#1492,.T.);
#3279=EDGE_CURVE('',#2604,#2577,#1493,.T.);
#3280=EDGE_CURVE('',#2576,#2604,#161,.T.);
#3281=EDGE_CURVE('',#2566,#2556,#1494,.T.);
#3282=EDGE_CURVE('',#2605,#2605,#162,.T.);
#3283=EDGE_CURVE('',#2606,#2606,#163,.T.);
#3284=EDGE_CURVE('',#2607,#2607,#164,.T.);
#3285=EDGE_CURVE('',#2608,#2608,#165,.T.);
#3286=EDGE_CURVE('',#2609,#2609,#166,.T.);
#3287=EDGE_CURVE('',#2604,#2569,#1495,.T.);
#3288=EDGE_CURVE('',#2571,#2603,#1496,.T.);
#3289=EDGE_CURVE('',#2602,#2572,#1497,.T.);
#3290=EDGE_CURVE('',#2610,#2601,#1498,.T.);
#3291=EDGE_CURVE('',#2573,#2610,#1499,.T.);
#3292=EDGE_CURVE('',#2483,#2610,#503,.F.);
#3293=EDGE_CURVE('',#2605,#2611,#1500,.T.);
#3294=EDGE_CURVE('',#2611,#2611,#167,.T.);
#3295=EDGE_CURVE('',#2532,#2612,#1501,.T.);
#3296=EDGE_CURVE('',#2612,#2612,#168,.T.);
#3297=EDGE_CURVE('',#2606,#2613,#1502,.T.);
#3298=EDGE_CURVE('',#2613,#2613,#169,.T.);
#3299=EDGE_CURVE('',#2531,#2614,#1503,.T.);
#3300=EDGE_CURVE('',#2614,#2614,#170,.T.);
#3301=EDGE_CURVE('',#2530,#2615,#1504,.T.);
#3302=EDGE_CURVE('',#2615,#2615,#171,.T.);
#3303=EDGE_CURVE('',#2607,#2616,#1505,.T.);
#3304=EDGE_CURVE('',#2616,#2616,#172,.T.);
#3305=EDGE_CURVE('',#2617,#2575,#1506,.F.);
#3306=EDGE_CURVE('',#2617,#2618,#271,.T.);
#3307=EDGE_CURVE('',#2619,#2618,#272,.T.);
#3308=EDGE_CURVE('',#2620,#2619,#273,.T.);
#3309=EDGE_CURVE('',#2430,#2620,#1507,.T.);
#3310=EDGE_CURVE('',#2574,#2621,#1508,.T.);
#3311=EDGE_CURVE('',#2622,#2621,#274,.T.);
#3312=EDGE_CURVE('',#2623,#2622,#275,.T.);
#3313=EDGE_CURVE('',#2623,#2624,#1509,.T.);
#3314=EDGE_CURVE('',#2625,#2624,#276,.T.);
#3315=EDGE_CURVE('',#2626,#2625,#277,.T.);
#3316=EDGE_CURVE('',#2627,#2626,#1510,.T.);
#3317=EDGE_CURVE('',#2628,#2627,#278,.T.);
#3318=EDGE_CURVE('',#2629,#2628,#279,.T.);
#3319=EDGE_CURVE('',#2629,#2630,#1511,.T.);
#3320=EDGE_CURVE('',#2631,#2630,#280,.T.);
#3321=EDGE_CURVE('',#2617,#2631,#281,.T.);
#3322=EDGE_CURVE('',#2632,#2550,#1512,.F.);
#3323=EDGE_CURVE('',#2632,#2633,#282,.T.);
#3324=EDGE_CURVE('',#2634,#2633,#283,.T.);
#3325=EDGE_CURVE('',#2635,#2634,#284,.T.);
#3326=EDGE_CURVE('',#2474,#2635,#1513,.T.);
#3327=EDGE_CURVE('',#2549,#2636,#1514,.T.);
#3328=EDGE_CURVE('',#2637,#2636,#285,.T.);
#3329=EDGE_CURVE('',#2638,#2637,#286,.T.);
#3330=EDGE_CURVE('',#2638,#2639,#1515,.T.);
#3331=EDGE_CURVE('',#2640,#2639,#287,.T.);
#3332=EDGE_CURVE('',#2641,#2640,#288,.T.);
#3333=EDGE_CURVE('',#2642,#2641,#1516,.T.);
#3334=EDGE_CURVE('',#2643,#2642,#289,.T.);
#3335=EDGE_CURVE('',#2644,#2643,#290,.T.);
#3336=EDGE_CURVE('',#2644,#2645,#1517,.T.);
#3337=EDGE_CURVE('',#2646,#2645,#291,.T.);
#3338=EDGE_CURVE('',#2632,#2646,#292,.T.);
#3339=EDGE_CURVE('',#2647,#2486,#1518,.T.);
#3340=EDGE_CURVE('',#2648,#2647,#1519,.T.);
#3341=EDGE_CURVE('',#2649,#2648,#293,.T.);
#3342=EDGE_CURVE('',#2650,#2649,#294,.T.);
#3343=EDGE_CURVE('',#2650,#2636,#295,.T.);
#3344=EDGE_CURVE('',#2651,#2484,#1520,.T.);
#3345=EDGE_CURVE('',#2652,#2651,#1521,.T.);
#3346=EDGE_CURVE('',#2653,#2652,#296,.T.);
#3347=EDGE_CURVE('',#2654,#2653,#297,.T.);
#3348=EDGE_CURVE('',#2654,#2621,#298,.T.);
#3349=EDGE_CURVE('',#2655,#2656,#504,.T.);
#3350=EDGE_CURVE('',#2656,#2657,#1522,.T.);
#3351=EDGE_CURVE('',#2657,#2658,#505,.T.);
#3352=EDGE_CURVE('',#2658,#2655,#1523,.T.);
#3353=EDGE_CURVE('',#2659,#2657,#173,.T.);
#3354=EDGE_CURVE('',#2659,#2660,#1524,.T.);
#3355=EDGE_CURVE('',#2661,#2660,#299,.T.);
#3356=EDGE_CURVE('',#2662,#2661,#300,.T.);
#3357=EDGE_CURVE('',#2663,#2662,#301,.T.);
#3358=EDGE_CURVE('',#2658,#2663,#1525,.T.);
#3359=EDGE_CURVE('',#2656,#2664,#174,.T.);
#3360=EDGE_CURVE('',#2664,#2665,#1526,.T.);
#3361=EDGE_CURVE('',#2666,#2665,#1527,.T.);
#3362=EDGE_CURVE('',#2666,#2667,#1528,.T.);
#3363=EDGE_CURVE('',#2667,#2668,#1529,.T.);
#3364=EDGE_CURVE('',#2668,#2669,#1530,.T.);
#3365=EDGE_CURVE('',#2670,#2669,#175,.T.);
#3366=EDGE_CURVE('',#2670,#2671,#1531,.T.);
#3367=EDGE_CURVE('',#2672,#2671,#176,.T.);
#3368=EDGE_CURVE('',#2672,#2673,#1532,.T.);
#3369=EDGE_CURVE('',#2673,#2674,#1533,.T.);
#3370=EDGE_CURVE('',#2674,#2675,#1534,.T.);
#3371=EDGE_CURVE('',#2676,#2675,#1535,.T.);
#3372=EDGE_CURVE('',#2676,#2659,#1536,.T.);
#3373=EDGE_CURVE('',#2677,#2678,#506,.T.);
#3374=EDGE_CURVE('',#2678,#2679,#1537,.T.);
#3375=EDGE_CURVE('',#2679,#2680,#507,.T.);
#3376=EDGE_CURVE('',#2680,#2677,#1538,.T.);
#3377=EDGE_CURVE('',#2681,#2679,#177,.T.);
#3378=EDGE_CURVE('',#2681,#2682,#1539,.T.);
#3379=EDGE_CURVE('',#2683,#2682,#302,.T.);
#3380=EDGE_CURVE('',#2684,#2683,#303,.T.);
#3381=EDGE_CURVE('',#2685,#2684,#304,.T.);
#3382=EDGE_CURVE('',#2680,#2685,#1540,.T.);
#3383=EDGE_CURVE('',#2678,#2686,#178,.T.);
#3384=EDGE_CURVE('',#2686,#2687,#1541,.T.);
#3385=EDGE_CURVE('',#2688,#2687,#1542,.T.);
#3386=EDGE_CURVE('',#2688,#2689,#1543,.T.);
#3387=EDGE_CURVE('',#2689,#2690,#1544,.T.);
#3388=EDGE_CURVE('',#2691,#2690,#1545,.T.);
#3389=EDGE_CURVE('',#2692,#2691,#179,.T.);
#3390=EDGE_CURVE('',#2693,#2692,#1546,.T.);
#3391=EDGE_CURVE('',#2694,#2693,#180,.T.);
#3392=EDGE_CURVE('',#2695,#2694,#1547,.T.);
#3393=EDGE_CURVE('',#2695,#2696,#1548,.T.);
#3394=EDGE_CURVE('',#2696,#2697,#1549,.T.);
#3395=EDGE_CURVE('',#2698,#2697,#1550,.T.);
#3396=EDGE_CURVE('',#2698,#2681,#1551,.T.);
#3397=EDGE_CURVE('',#2397,#2394,#1552,.T.);
#3398=EDGE_CURVE('',#2489,#2423,#508,.T.);
#3399=EDGE_CURVE('',#2699,#2700,#1553,.T.);
#3400=EDGE_CURVE('',#2701,#2699,#305,.T.);
#3401=EDGE_CURVE('',#2702,#2701,#306,.T.);
#3402=EDGE_CURVE('',#2703,#2702,#103,.T.);
#3403=EDGE_CURVE('',#2703,#2704,#1554,.T.);
#3404=EDGE_CURVE('',#2704,#2705,#1555,.T.);
#3405=EDGE_CURVE('',#2705,#2706,#509,.T.);
#3406=EDGE_CURVE('',#2706,#2707,#1556,.T.);
#3407=EDGE_CURVE('',#2708,#2707,#1557,.T.);
#3408=EDGE_CURVE('',#2700,#2708,#307,.T.);
#3409=EDGE_CURVE('',#2709,#2426,#308,.T.);
#3410=EDGE_CURVE('',#2710,#2709,#510,.T.);
#3411=EDGE_CURVE('',#2647,#2710,#309,.T.);
#3412=EDGE_CURVE('',#2711,#2712,#1558,.T.);
#3413=EDGE_CURVE('',#2712,#2699,#1559,.T.);
#3414=EDGE_CURVE('',#2700,#2711,#1560,.T.);
#3415=EDGE_CURVE('',#2704,#2713,#1561,.T.);
#3416=EDGE_CURVE('',#2714,#2713,#1562,.T.);
#3417=EDGE_CURVE('',#2714,#2715,#511,.T.);
#3418=EDGE_CURVE('',#2715,#2716,#1563,.T.);
#3419=EDGE_CURVE('',#2717,#2716,#1564,.T.);
#3420=EDGE_CURVE('',#2717,#2718,#1565,.T.);
#3421=EDGE_CURVE('',#2718,#2719,#512,.T.);
#3422=EDGE_CURVE('',#2719,#2720,#1566,.T.);
#3423=EDGE_CURVE('',#2720,#2721,#513,.T.);
#3424=EDGE_CURVE('',#2721,#2722,#1567,.T.);
#3425=EDGE_CURVE('',#2723,#2722,#1568,.T.);
#3426=EDGE_CURVE('',#2723,#2724,#1569,.T.);
#3427=EDGE_CURVE('',#2724,#2705,#514,.T.);
#3428=EDGE_CURVE('',#2712,#2518,#1570,.T.);
#3429=EDGE_CURVE('',#2725,#2711,#310,.T.);
#3430=EDGE_CURVE('',#2726,#2725,#311,.T.);
#3431=EDGE_CURVE('',#2727,#2726,#312,.T.);
#3432=EDGE_CURVE('',#2519,#2727,#1571,.T.);
#3433=EDGE_CURVE('',#2728,#2729,#181,.T.);
#3434=EDGE_CURVE('',#2730,#2729,#1572,.T.);
#3435=EDGE_CURVE('',#2730,#2703,#182,.T.);
#3436=EDGE_CURVE('',#2728,#2702,#313,.T.);
#3437=EDGE_CURVE('',#2731,#2732,#314,.T.);
#3438=EDGE_CURVE('',#2731,#2733,#104,.T.);
#3439=EDGE_CURVE('',#2733,#2734,#183,.T.);
#3440=EDGE_CURVE('',#2734,#2735,#1573,.T.);
#3441=EDGE_CURVE('',#2735,#2732,#184,.T.);
#3442=EDGE_CURVE('',#2736,#2737,#315,.T.);
#3443=EDGE_CURVE('',#2737,#2729,#1574,.T.);
#3444=EDGE_CURVE('',#2738,#2728,#316,.T.);
#3445=EDGE_CURVE('',#2712,#2738,#317,.T.);
#3446=EDGE_CURVE('',#2517,#2736,#1575,.T.);
#3447=EDGE_CURVE('',#2739,#2740,#1576,.T.);
#3448=EDGE_CURVE('',#2740,#2731,#318,.T.);
#3449=EDGE_CURVE('',#2732,#2739,#319,.T.);
#3450=EDGE_CURVE('',#2741,#2742,#1577,.T.);
#3451=EDGE_CURVE('',#2741,#2740,#320,.T.);
#3452=EDGE_CURVE('',#2739,#2742,#321,.T.);
#3453=EDGE_CURVE('',#2743,#2516,#1578,.T.);
#3454=EDGE_CURVE('',#2743,#2736,#1579,.T.);
#3455=EDGE_CURVE('',#2744,#2741,#1580,.T.);
#3456=EDGE_CURVE('',#2745,#2744,#322,.T.);
#3457=EDGE_CURVE('',#2746,#2745,#1581,.T.);
#3458=EDGE_CURVE('',#2746,#2747,#1582,.T.);
#3459=EDGE_CURVE('',#2747,#2714,#515,.T.);
#3460=EDGE_CURVE('',#2713,#2733,#1583,.T.);
#3461=EDGE_CURVE('',#2748,#2514,#1584,.T.);
#3462=EDGE_CURVE('',#2749,#2748,#323,.T.);
#3463=EDGE_CURVE('',#2750,#2749,#324,.T.);
#3464=EDGE_CURVE('',#2751,#2750,#325,.T.);
#3465=EDGE_CURVE('',#2742,#2751,#1585,.T.);
#3466=EDGE_CURVE('',#2515,#2742,#1586,.T.);
#3467=EDGE_CURVE('',#2751,#2744,#1587,.T.);
#3468=EDGE_CURVE('',#2752,#2753,#1588,.T.);
#3469=EDGE_CURVE('',#2754,#2753,#1589,.T.);
#3470=EDGE_CURVE('',#2754,#2755,#516,.T.);
#3471=EDGE_CURVE('',#2755,#2756,#1590,.T.);
#3472=EDGE_CURVE('',#2757,#2756,#1591,.T.);
#3473=EDGE_CURVE('',#2757,#2758,#1592,.T.);
#3474=EDGE_CURVE('',#2758,#2759,#517,.T.);
#3475=EDGE_CURVE('',#2759,#2760,#1593,.T.);
#3476=EDGE_CURVE('',#2760,#2761,#518,.T.);
#3477=EDGE_CURVE('',#2761,#2762,#1594,.T.);
#3478=EDGE_CURVE('',#2763,#2762,#1595,.T.);
#3479=EDGE_CURVE('',#2763,#2764,#1596,.T.);
#3480=EDGE_CURVE('',#2764,#2765,#519,.T.);
#3481=EDGE_CURVE('',#2752,#2765,#1597,.T.);
#3482=EDGE_CURVE('',#2766,#2767,#1598,.T.);
#3483=EDGE_CURVE('',#2768,#2766,#326,.T.);
#3484=EDGE_CURVE('',#2769,#2768,#1599,.T.);
#3485=EDGE_CURVE('',#2769,#2770,#1600,.T.);
#3486=EDGE_CURVE('',#2770,#2754,#520,.T.);
#3487=EDGE_CURVE('',#2753,#2771,#1601,.T.);
#3488=EDGE_CURVE('',#2772,#2771,#105,.T.);
#3489=EDGE_CURVE('',#2773,#2772,#327,.T.);
#3490=EDGE_CURVE('',#2767,#2773,#328,.T.);
#3491=EDGE_CURVE('',#2774,#2775,#1602,.T.);
#3492=EDGE_CURVE('',#2776,#2774,#329,.T.);
#3493=EDGE_CURVE('',#2777,#2776,#330,.T.);
#3494=EDGE_CURVE('',#2778,#2777,#106,.T.);
#3495=EDGE_CURVE('',#2778,#2752,#1603,.T.);
#3496=EDGE_CURVE('',#2765,#2779,#521,.T.);
#3497=EDGE_CURVE('',#2779,#2780,#1604,.T.);
#3498=EDGE_CURVE('',#2781,#2780,#1605,.T.);
#3499=EDGE_CURVE('',#2775,#2781,#331,.T.);
#3500=EDGE_CURVE('',#2782,#2481,#332,.T.);
#3501=EDGE_CURVE('',#2783,#2782,#522,.T.);
#3502=EDGE_CURVE('',#2651,#2783,#333,.T.);
#3503=EDGE_CURVE('',#2784,#2785,#1606,.T.);
#3504=EDGE_CURVE('',#2785,#2766,#1607,.T.);
#3505=EDGE_CURVE('',#2767,#2784,#1608,.T.);
#3506=EDGE_CURVE('',#2776,#2786,#1609,.T.);
#3507=EDGE_CURVE('',#2787,#2774,#1610,.T.);
#3508=EDGE_CURVE('',#2787,#2786,#334,.T.);
#3509=EDGE_CURVE('',#2788,#2787,#1611,.T.);
#3510=EDGE_CURVE('',#2775,#2788,#1612,.T.);
#3511=EDGE_CURVE('',#2789,#2587,#1613,.T.);
#3512=EDGE_CURVE('',#2790,#2789,#335,.T.);
#3513=EDGE_CURVE('',#2791,#2790,#336,.T.);
#3514=EDGE_CURVE('',#2785,#2791,#337,.T.);
#3515=EDGE_CURVE('',#2588,#2784,#1614,.T.);
#3516=EDGE_CURVE('',#2787,#2591,#1615,.T.);
#3517=EDGE_CURVE('',#2792,#2788,#338,.T.);
#3518=EDGE_CURVE('',#2793,#2792,#339,.T.);
#3519=EDGE_CURVE('',#2794,#2793,#340,.T.);
#3520=EDGE_CURVE('',#2592,#2794,#1616,.T.);
#3521=EDGE_CURVE('',#2795,#2777,#341,.T.);
#3522=EDGE_CURVE('',#2786,#2795,#342,.T.);
#3523=EDGE_CURVE('',#2796,#2778,#185,.T.);
#3524=EDGE_CURVE('',#2795,#2797,#186,.T.);
#3525=EDGE_CURVE('',#2796,#2797,#1617,.T.);
#3526=EDGE_CURVE('',#2798,#2799,#1618,.T.);
#3527=EDGE_CURVE('',#2590,#2798,#1619,.T.);
#3528=EDGE_CURVE('',#2799,#2589,#1620,.T.);
#3529=EDGE_CURVE('',#2734,#2796,#1621,.T.);
#3530=EDGE_CURVE('',#2800,#2730,#1622,.T.);
#3531=EDGE_CURVE('',#2771,#2800,#187,.T.);
#3532=EDGE_CURVE('',#2801,#2802,#188,.T.);
#3533=EDGE_CURVE('',#2801,#2803,#1623,.T.);
#3534=EDGE_CURVE('',#2803,#2799,#343,.T.);
#3535=EDGE_CURVE('',#2804,#2784,#344,.T.);
#3536=EDGE_CURVE('',#2802,#2804,#345,.T.);
#3537=EDGE_CURVE('',#2772,#2802,#346,.T.);
#3538=EDGE_CURVE('',#2800,#2801,#1624,.T.);
#3539=EDGE_CURVE('',#2620,#2805,#1625,.T.);
#3540=EDGE_CURVE('',#2805,#2806,#347,.T.);
#3541=EDGE_CURVE('',#2806,#2807,#1626,.T.);
#3542=EDGE_CURVE('',#2807,#2620,#348,.T.);
#3543=EDGE_CURVE('',#2808,#2809,#1627,.T.);
#3544=EDGE_CURVE('',#2809,#2807,#349,.T.);
#3545=EDGE_CURVE('',#2806,#2808,#350,.T.);
#3546=EDGE_CURVE('',#2810,#2811,#1628,.T.);
#3547=EDGE_CURVE('',#2811,#2809,#351,.T.);
#3548=EDGE_CURVE('',#2808,#2810,#352,.T.);
#3549=EDGE_CURVE('',#2812,#2813,#1629,.T.);
#3550=EDGE_CURVE('',#2813,#2814,#189,.T.);
#3551=EDGE_CURVE('',#2814,#2815,#1630,.T.);
#3552=EDGE_CURVE('',#2815,#2812,#190,.T.);
#3553=EDGE_CURVE('',#2583,#2815,#1631,.T.);
#3554=EDGE_CURVE('',#2814,#2816,#1632,.T.);
#3555=EDGE_CURVE('',#2816,#2584,#1633,.T.);
#3556=EDGE_CURVE('',#2631,#2817,#1634,.T.);
#3557=EDGE_CURVE('',#2817,#2818,#353,.T.);
#3558=EDGE_CURVE('',#2818,#2618,#354,.T.);
#3559=EDGE_CURVE('',#2818,#2819,#355,.T.);
#3560=EDGE_CURVE('',#2819,#2619,#1635,.T.);
#3561=EDGE_CURVE('',#2630,#2820,#1636,.T.);
#3562=EDGE_CURVE('',#2820,#2817,#356,.T.);
#3563=EDGE_CURVE('',#2630,#2813,#357,.T.);
#3564=EDGE_CURVE('',#2812,#2820,#358,.T.);
#3565=EDGE_CURVE('',#2819,#2805,#359,.T.);
#3566=EDGE_CURVE('',#2580,#2811,#360,.T.);
#3567=EDGE_CURVE('',#2810,#2581,#361,.T.);
#3568=EDGE_CURVE('',#2811,#2431,#1637,.T.);
#3569=EDGE_CURVE('',#2432,#2579,#1638,.T.);
#3570=EDGE_CURVE('',#2582,#2812,#1639,.T.);
#3571=EDGE_CURVE('',#2821,#2822,#1640,.T.);
#3572=EDGE_CURVE('',#2822,#2823,#191,.T.);
#3573=EDGE_CURVE('',#2823,#2824,#1641,.T.);
#3574=EDGE_CURVE('',#2824,#2821,#192,.T.);
#3575=EDGE_CURVE('',#2665,#2824,#1642,.T.);
#3576=EDGE_CURVE('',#2823,#2825,#1643,.T.);
#3577=EDGE_CURVE('',#2825,#2666,#1644,.T.);
#3578=EDGE_CURVE('',#2627,#2663,#1645,.T.);
#3579=EDGE_CURVE('',#2662,#2628,#1646,.T.);
#3580=EDGE_CURVE('',#2626,#2826,#1647,.T.);
#3581=EDGE_CURVE('',#2826,#2663,#1648,.T.);
#3582=EDGE_CURVE('',#2625,#2827,#1649,.T.);
#3583=EDGE_CURVE('',#2827,#2826,#362,.T.);
#3584=EDGE_CURVE('',#2675,#2828,#1650,.T.);
#3585=EDGE_CURVE('',#2828,#2829,#1651,.T.);
#3586=EDGE_CURVE('',#2829,#2830,#1652,.T.);
#3587=EDGE_CURVE('',#2830,#2676,#1653,.T.);
#3588=EDGE_CURVE('',#2831,#2660,#1654,.T.);
#3589=EDGE_CURVE('',#2660,#2830,#193,.T.);
#3590=EDGE_CURVE('',#2829,#2831,#194,.T.);
#3591=EDGE_CURVE('',#2629,#2661,#1655,.T.);
#3592=EDGE_CURVE('',#2831,#2629,#363,.T.);
#3593=EDGE_CURVE('',#2624,#2832,#1656,.T.);
#3594=EDGE_CURVE('',#2832,#2827,#364,.T.);
#3595=EDGE_CURVE('',#2624,#2822,#365,.T.);
#3596=EDGE_CURVE('',#2821,#2832,#366,.T.);
#3597=EDGE_CURVE('',#2823,#2833,#1657,.T.);
#3598=EDGE_CURVE('',#2833,#2825,#195,.T.);
#3599=EDGE_CURVE('',#2834,#2623,#367,.T.);
#3600=EDGE_CURVE('',#2835,#2834,#196,.T.);
#3601=EDGE_CURVE('',#2836,#2835,#1658,.T.);
#3602=EDGE_CURVE('',#2836,#2837,#368,.T.);
#3603=EDGE_CURVE('',#2837,#2838,#1659,.T.);
#3604=EDGE_CURVE('',#2838,#2833,#369,.T.);
#3605=EDGE_CURVE('',#2839,#2829,#1660,.T.);
#3606=EDGE_CURVE('',#2839,#2840,#370,.T.);
#3607=EDGE_CURVE('',#2840,#2841,#1661,.T.);
#3608=EDGE_CURVE('',#2841,#2842,#371,.T.);
#3609=EDGE_CURVE('',#2814,#2842,#1662,.T.);
#3610=EDGE_CURVE('',#2828,#2839,#197,.T.);
#3611=EDGE_CURVE('',#2843,#2652,#1663,.T.);
#3612=EDGE_CURVE('',#2652,#2844,#372,.T.);
#3613=EDGE_CURVE('',#2844,#2845,#1664,.T.);
#3614=EDGE_CURVE('',#2845,#2843,#373,.T.);
#3615=EDGE_CURVE('',#2846,#2847,#1665,.T.);
#3616=EDGE_CURVE('',#2847,#2845,#374,.T.);
#3617=EDGE_CURVE('',#2844,#2846,#375,.T.);
#3618=EDGE_CURVE('',#2848,#2849,#1666,.T.);
#3619=EDGE_CURVE('',#2849,#2847,#376,.T.);
#3620=EDGE_CURVE('',#2846,#2848,#377,.T.);
#3621=EDGE_CURVE('',#2653,#2850,#1667,.T.);
#3622=EDGE_CURVE('',#2850,#2851,#378,.T.);
#3623=EDGE_CURVE('',#2851,#2654,#379,.T.);
#3624=EDGE_CURVE('',#2851,#2852,#380,.T.);
#3625=EDGE_CURVE('',#2852,#2622,#1668,.T.);
#3626=EDGE_CURVE('',#2595,#2853,#1669,.T.);
#3627=EDGE_CURVE('',#2853,#2835,#1670,.T.);
#3628=EDGE_CURVE('',#2835,#2854,#1671,.T.);
#3629=EDGE_CURVE('',#2854,#2596,#1672,.T.);
#3630=EDGE_CURVE('',#2834,#2855,#1673,.T.);
#3631=EDGE_CURVE('',#2855,#2854,#198,.T.);
#3632=EDGE_CURVE('',#2623,#2856,#1674,.T.);
#3633=EDGE_CURVE('',#2856,#2855,#381,.T.);
#3634=EDGE_CURVE('',#2852,#2856,#382,.T.);
#3635=EDGE_CURVE('',#2843,#2850,#383,.T.);
#3636=EDGE_CURVE('',#2598,#2849,#384,.T.);
#3637=EDGE_CURVE('',#2848,#2599,#385,.T.);
#3638=EDGE_CURVE('',#2783,#2848,#1675,.T.);
#3639=EDGE_CURVE('',#2600,#2782,#1676,.T.);
#3640=EDGE_CURVE('',#2853,#2836,#199,.T.);
#3641=EDGE_CURVE('',#2649,#2857,#1677,.T.);
#3642=EDGE_CURVE('',#2857,#2858,#386,.T.);
#3643=EDGE_CURVE('',#2858,#2650,#387,.T.);
#3644=EDGE_CURVE('',#2858,#2859,#388,.T.);
#3645=EDGE_CURVE('',#2859,#2637,#1678,.T.);
#3646=EDGE_CURVE('',#2522,#2860,#1679,.T.);
#3647=EDGE_CURVE('',#2860,#2861,#1680,.T.);
#3648=EDGE_CURVE('',#2861,#2862,#1681,.T.);
#3649=EDGE_CURVE('',#2862,#2523,#1682,.T.);
#3650=EDGE_CURVE('',#2863,#2864,#1683,.T.);
#3651=EDGE_CURVE('',#2864,#2862,#200,.T.);
#3652=EDGE_CURVE('',#2861,#2863,#201,.T.);
#3653=EDGE_CURVE('',#2638,#2865,#1684,.T.);
#3654=EDGE_CURVE('',#2865,#2864,#389,.T.);
#3655=EDGE_CURVE('',#2863,#2638,#390,.T.);
#3656=EDGE_CURVE('',#2859,#2865,#391,.T.);
#3657=EDGE_CURVE('',#2866,#2648,#1685,.T.);
#3658=EDGE_CURVE('',#2648,#2867,#392,.T.);
#3659=EDGE_CURVE('',#2867,#2868,#1686,.T.);
#3660=EDGE_CURVE('',#2868,#2866,#393,.T.);
#3661=EDGE_CURVE('',#2866,#2857,#394,.T.);
#3662=EDGE_CURVE('',#2869,#2870,#1687,.T.);
#3663=EDGE_CURVE('',#2870,#2868,#395,.T.);
#3664=EDGE_CURVE('',#2867,#2869,#396,.T.);
#3665=EDGE_CURVE('',#2871,#2872,#1688,.T.);
#3666=EDGE_CURVE('',#2872,#2870,#397,.T.);
#3667=EDGE_CURVE('',#2869,#2871,#398,.T.);
#3668=EDGE_CURVE('',#2525,#2872,#399,.T.);
#3669=EDGE_CURVE('',#2871,#2526,#400,.T.);
#3670=EDGE_CURVE('',#2873,#2861,#1689,.T.);
#3671=EDGE_CURVE('',#2873,#2874,#401,.T.);
#3672=EDGE_CURVE('',#2874,#2875,#1690,.T.);
#3673=EDGE_CURVE('',#2875,#2876,#402,.T.);
#3674=EDGE_CURVE('',#2877,#2876,#1691,.T.);
#3675=EDGE_CURVE('',#2878,#2877,#202,.T.);
#3676=EDGE_CURVE('',#2639,#2878,#403,.T.);
#3677=EDGE_CURVE('',#2860,#2873,#203,.T.);
#3678=EDGE_CURVE('',#2524,#2864,#1692,.T.);
#3679=EDGE_CURVE('',#2879,#2878,#1693,.T.);
#3680=EDGE_CURVE('',#2877,#2880,#1694,.T.);
#3681=EDGE_CURVE('',#2880,#2879,#204,.T.);
#3682=EDGE_CURVE('',#2687,#2880,#1695,.T.);
#3683=EDGE_CURVE('',#2877,#2881,#1696,.T.);
#3684=EDGE_CURVE('',#2881,#2688,#1697,.T.);
#3685=EDGE_CURVE('',#2642,#2685,#1698,.T.);
#3686=EDGE_CURVE('',#2684,#2643,#1699,.T.);
#3687=EDGE_CURVE('',#2641,#2882,#1700,.T.);
#3688=EDGE_CURVE('',#2882,#2685,#1701,.T.);
#3689=EDGE_CURVE('',#2640,#2883,#1702,.T.);
#3690=EDGE_CURVE('',#2883,#2882,#404,.T.);
#3691=EDGE_CURVE('',#2697,#2884,#1703,.T.);
#3692=EDGE_CURVE('',#2884,#2885,#1704,.T.);
#3693=EDGE_CURVE('',#2885,#2886,#1705,.T.);
#3694=EDGE_CURVE('',#2886,#2698,#1706,.T.);
#3695=EDGE_CURVE('',#2887,#2682,#1707,.T.);
#3696=EDGE_CURVE('',#2682,#2886,#205,.T.);
#3697=EDGE_CURVE('',#2885,#2887,#206,.T.);
#3698=EDGE_CURVE('',#2644,#2683,#1708,.T.);
#3699=EDGE_CURVE('',#2887,#2644,#405,.T.);
#3700=EDGE_CURVE('',#2639,#2888,#1709,.T.);
#3701=EDGE_CURVE('',#2888,#2883,#406,.T.);
#3702=EDGE_CURVE('',#2879,#2888,#407,.T.);
#3703=EDGE_CURVE('',#2876,#2881,#207,.T.);
#3704=EDGE_CURVE('',#2889,#2885,#1710,.T.);
#3705=EDGE_CURVE('',#2889,#2890,#408,.T.);
#3706=EDGE_CURVE('',#2890,#2891,#1711,.T.);
#3707=EDGE_CURVE('',#2891,#2892,#409,.T.);
#3708=EDGE_CURVE('',#2893,#2892,#1712,.T.);
#3709=EDGE_CURVE('',#2894,#2893,#208,.T.);
#3710=EDGE_CURVE('',#2645,#2894,#410,.T.);
#3711=EDGE_CURVE('',#2884,#2889,#209,.T.);
#3712=EDGE_CURVE('',#2635,#2895,#1713,.T.);
#3713=EDGE_CURVE('',#2895,#2896,#411,.T.);
#3714=EDGE_CURVE('',#2896,#2897,#1714,.T.);
#3715=EDGE_CURVE('',#2897,#2635,#412,.T.);
#3716=EDGE_CURVE('',#2898,#2899,#1715,.T.);
#3717=EDGE_CURVE('',#2899,#2897,#413,.T.);
#3718=EDGE_CURVE('',#2896,#2898,#414,.T.);
#3719=EDGE_CURVE('',#2900,#2901,#1716,.T.);
#3720=EDGE_CURVE('',#2901,#2899,#415,.T.);
#3721=EDGE_CURVE('',#2898,#2900,#416,.T.);
#3722=EDGE_CURVE('',#2646,#2902,#1717,.T.);
#3723=EDGE_CURVE('',#2902,#2903,#417,.T.);
#3724=EDGE_CURVE('',#2903,#2633,#418,.T.);
#3725=EDGE_CURVE('',#2903,#2904,#419,.T.);
#3726=EDGE_CURVE('',#2904,#2634,#1718,.T.);
#3727=EDGE_CURVE('',#2510,#2905,#1719,.T.);
#3728=EDGE_CURVE('',#2905,#2893,#1720,.T.);
#3729=EDGE_CURVE('',#2893,#2906,#1721,.T.);
#3730=EDGE_CURVE('',#2906,#2511,#1722,.T.);
#3731=EDGE_CURVE('',#2907,#2894,#1723,.T.);
#3732=EDGE_CURVE('',#2905,#2907,#210,.T.);
#3733=EDGE_CURVE('',#2908,#2645,#1724,.T.);
#3734=EDGE_CURVE('',#2907,#2908,#420,.T.);
#3735=EDGE_CURVE('',#2908,#2902,#421,.T.);
#3736=EDGE_CURVE('',#2904,#2895,#422,.T.);
#3737=EDGE_CURVE('',#2507,#2901,#423,.T.);
#3738=EDGE_CURVE('',#2900,#2508,#424,.T.);
#3739=EDGE_CURVE('',#2509,#2907,#1725,.T.);
#3740=EDGE_CURVE('',#2891,#2909,#1726,.T.);
#3741=EDGE_CURVE('',#2910,#2909,#425,.T.);
#3742=EDGE_CURVE('',#2911,#2910,#211,.T.);
#3743=EDGE_CURVE('',#2906,#2911,#1727,.T.);
#3744=EDGE_CURVE('',#2892,#2906,#212,.T.);
#3745=EDGE_CURVE('',#2884,#2912,#1728,.T.);
#3746=EDGE_CURVE('',#2913,#2912,#213,.T.);
#3747=EDGE_CURVE('',#2914,#2913,#426,.T.);
#3748=EDGE_CURVE('',#2890,#2914,#1729,.T.);
#3749=EDGE_CURVE('',#2909,#2914,#1730,.T.);
#3750=EDGE_CURVE('',#2912,#2696,#1731,.T.);
#3751=EDGE_CURVE('',#2512,#2911,#1732,.T.);
#3752=EDGE_CURVE('',#2875,#2915,#1733,.T.);
#3753=EDGE_CURVE('',#2916,#2915,#427,.T.);
#3754=EDGE_CURVE('',#2917,#2916,#214,.T.);
#3755=EDGE_CURVE('',#2881,#2917,#1734,.T.);
#3756=EDGE_CURVE('',#2860,#2918,#1735,.T.);
#3757=EDGE_CURVE('',#2919,#2918,#215,.T.);
#3758=EDGE_CURVE('',#2920,#2919,#428,.T.);
#3759=EDGE_CURVE('',#2874,#2920,#1736,.T.);
#3760=EDGE_CURVE('',#2915,#2920,#1737,.T.);
#3761=EDGE_CURVE('',#2918,#2521,#1738,.T.);
#3762=EDGE_CURVE('',#2689,#2917,#1739,.T.);
#3763=EDGE_CURVE('',#2913,#2921,#1740,.T.);
#3764=EDGE_CURVE('',#2921,#2717,#216,.T.);
#3765=EDGE_CURVE('',#2716,#2922,#217,.T.);
#3766=EDGE_CURVE('',#2922,#2910,#1741,.T.);
#3767=EDGE_CURVE('',#2695,#2921,#1742,.T.);
#3768=EDGE_CURVE('',#2919,#2923,#1743,.T.);
#3769=EDGE_CURVE('',#2923,#2723,#218,.T.);
#3770=EDGE_CURVE('',#2722,#2924,#219,.T.);
#3771=EDGE_CURVE('',#2924,#2916,#1744,.T.);
#3772=EDGE_CURVE('',#2925,#2520,#1745,.T.);
#3773=EDGE_CURVE('',#2926,#2925,#1746,.T.);
#3774=EDGE_CURVE('',#2927,#2926,#1747,.T.);
#3775=EDGE_CURVE('',#2928,#2927,#1748,.T.);
#3776=EDGE_CURVE('',#2929,#2928,#1749,.T.);
#3777=EDGE_CURVE('',#2929,#2923,#1750,.T.);
#3778=EDGE_CURVE('',#2930,#2931,#429,.T.);
#3779=EDGE_CURVE('',#2930,#2837,#1751,.T.);
#3780=EDGE_CURVE('',#2932,#2853,#1752,.T.);
#3781=EDGE_CURVE('',#2931,#2932,#220,.T.);
#3782=EDGE_CURVE('',#2933,#2825,#1753,.T.);
#3783=EDGE_CURVE('',#2667,#2933,#1754,.T.);
#3784=EDGE_CURVE('',#2934,#2930,#1755,.T.);
#3785=EDGE_CURVE('',#2934,#2838,#1756,.T.);
#3786=EDGE_CURVE('',#2935,#2934,#430,.T.);
#3787=EDGE_CURVE('',#2933,#2935,#221,.T.);
#3788=EDGE_CURVE('',#2932,#2594,#1757,.T.);
#3789=EDGE_CURVE('',#2936,#2937,#431,.T.);
#3790=EDGE_CURVE('',#2936,#2840,#1758,.T.);
#3791=EDGE_CURVE('',#2938,#2828,#1759,.T.);
#3792=EDGE_CURVE('',#2937,#2938,#222,.T.);
#3793=EDGE_CURVE('',#2939,#2816,#1760,.T.);
#3794=EDGE_CURVE('',#2585,#2939,#1761,.T.);
#3795=EDGE_CURVE('',#2940,#2936,#1762,.T.);
#3796=EDGE_CURVE('',#2940,#2841,#1763,.T.);
#3797=EDGE_CURVE('',#2941,#2940,#432,.T.);
#3798=EDGE_CURVE('',#2939,#2941,#223,.T.);
#3799=EDGE_CURVE('',#2842,#2816,#224,.T.);
#3800=EDGE_CURVE('',#2938,#2674,#1764,.T.);
#3801=EDGE_CURVE('',#2942,#2935,#1765,.T.);
#3802=EDGE_CURVE('',#2668,#2942,#1766,.T.);
#3803=EDGE_CURVE('',#2943,#2593,#1767,.T.);
#3804=EDGE_CURVE('',#2944,#2943,#1768,.T.);
#3805=EDGE_CURVE('',#2945,#2944,#1769,.T.);
#3806=EDGE_CURVE('',#2946,#2945,#1770,.T.);
#3807=EDGE_CURVE('',#2947,#2946,#1771,.T.);
#3808=EDGE_CURVE('',#2947,#2948,#1772,.T.);
#3809=EDGE_CURVE('',#2931,#2948,#1773,.T.);
#3810=EDGE_CURVE('',#2949,#2941,#1774,.T.);
#3811=EDGE_CURVE('',#2950,#2949,#1775,.T.);
#3812=EDGE_CURVE('',#2951,#2950,#1776,.T.);
#3813=EDGE_CURVE('',#2951,#2952,#1777,.T.);
#3814=EDGE_CURVE('',#2953,#2952,#1778,.T.);
#3815=EDGE_CURVE('',#2954,#2953,#1779,.T.);
#3816=EDGE_CURVE('',#2586,#2954,#1780,.T.);
#3817=EDGE_CURVE('',#2673,#2955,#1781,.T.);
#3818=EDGE_CURVE('',#2937,#2955,#1782,.T.);
#3819=EDGE_CURVE('',#2956,#2956,#225,.T.);
#3820=EDGE_CURVE('',#2956,#2528,#1783,.T.);
#3821=EDGE_CURVE('',#2929,#2957,#1784,.T.);
#3822=EDGE_CURVE('',#2958,#2928,#1785,.T.);
#3823=EDGE_CURVE('',#2957,#2958,#226,.T.);
#3824=EDGE_CURVE('',#2959,#2959,#227,.T.);
#3825=EDGE_CURVE('',#2959,#2608,#1786,.T.);
#3826=EDGE_CURVE('',#2960,#2961,#228,.T.);
#3827=EDGE_CURVE('',#2951,#2960,#1787,.T.);
#3828=EDGE_CURVE('',#2961,#2950,#1788,.T.);
#3829=EDGE_CURVE('',#2962,#2962,#229,.T.);
#3830=EDGE_CURVE('',#2962,#2529,#1789,.T.);
#3831=EDGE_CURVE('',#2963,#2964,#230,.T.);
#3832=EDGE_CURVE('',#2965,#2963,#1790,.T.);
#3833=EDGE_CURVE('',#2965,#2966,#1791,.T.);
#3834=EDGE_CURVE('',#2964,#2966,#1792,.T.);
#3835=EDGE_CURVE('',#2967,#2967,#231,.T.);
#3836=EDGE_CURVE('',#2967,#2609,#1793,.T.);
#3837=EDGE_CURVE('',#2947,#2968,#1794,.T.);
#3838=EDGE_CURVE('',#2969,#2946,#1795,.T.);
#3839=EDGE_CURVE('',#2968,#2969,#232,.T.);
#3840=EDGE_CURVE('',#2505,#2477,#1796,.T.);
#3841=EDGE_CURVE('',#2476,#2506,#1797,.T.);
#3842=EDGE_CURVE('',#2901,#2475,#1798,.T.);
#3843=EDGE_CURVE('',#2578,#2433,#1799,.T.);
#3844=EDGE_CURVE('',#2527,#2709,#1800,.T.);
#3845=EDGE_CURVE('',#2710,#2871,#1801,.T.);
#3846=EDGE_CURVE('',#2925,#2970,#433,.T.);
#3847=EDGE_CURVE('',#2971,#2970,#434,.T.);
#3848=EDGE_CURVE('',#2971,#2926,#435,.T.);
#3849=EDGE_CURVE('',#2953,#2972,#436,.T.);
#3850=EDGE_CURVE('',#2973,#2972,#437,.T.);
#3851=EDGE_CURVE('',#2973,#2954,#438,.T.);
#3852=EDGE_CURVE('',#2972,#2974,#439,.T.);
#3853=EDGE_CURVE('',#2974,#2789,#1802,.T.);
#3854=EDGE_CURVE('',#2789,#2973,#440,.T.);
#3855=EDGE_CURVE('',#2768,#2791,#1803,.T.);
#3856=EDGE_CURVE('',#2790,#2975,#1804,.T.);
#3857=EDGE_CURVE('',#2975,#2768,#441,.T.);
#3858=EDGE_CURVE('',#2974,#2975,#442,.T.);
#3859=EDGE_CURVE('',#2804,#2773,#1805,.T.);
#3860=EDGE_CURVE('',#2701,#2738,#1806,.T.);
#3861=EDGE_CURVE('',#2729,#2801,#1807,.T.);
#3862=EDGE_CURVE('',#2725,#2708,#1808,.T.);
#3863=EDGE_CURVE('',#2708,#2976,#443,.T.);
#3864=EDGE_CURVE('',#2976,#2726,#1809,.T.);
#3865=EDGE_CURVE('',#2970,#2727,#444,.T.);
#3866=EDGE_CURVE('',#2727,#2977,#1810,.T.);
#3867=EDGE_CURVE('',#2977,#2971,#445,.T.);
#3868=EDGE_CURVE('',#2976,#2977,#446,.T.);
#3869=EDGE_CURVE('',#2952,#2769,#523,.T.);
#3870=EDGE_CURVE('',#2737,#2978,#233,.T.);
#3871=EDGE_CURVE('',#2978,#2979,#1811,.T.);
#3872=EDGE_CURVE('',#2979,#2803,#234,.T.);
#3873=EDGE_CURVE('',#2943,#2980,#447,.T.);
#3874=EDGE_CURVE('',#2981,#2980,#448,.T.);
#3875=EDGE_CURVE('',#2981,#2944,#449,.T.);
#3876=EDGE_CURVE('',#2982,#2983,#450,.T.);
#3877=EDGE_CURVE('',#2984,#2983,#451,.T.);
#3878=EDGE_CURVE('',#2984,#2985,#452,.T.);
#3879=EDGE_CURVE('',#2985,#2982,#1812,.T.);
#3880=EDGE_CURVE('',#2983,#2986,#453,.T.);
#3881=EDGE_CURVE('',#2986,#2748,#1813,.T.);
#3882=EDGE_CURVE('',#2748,#2984,#454,.T.);
#3883=EDGE_CURVE('',#2745,#2750,#1814,.T.);
#3884=EDGE_CURVE('',#2749,#2987,#1815,.T.);
#3885=EDGE_CURVE('',#2987,#2745,#455,.T.);
#3886=EDGE_CURVE('',#2986,#2987,#456,.T.);
#3887=EDGE_CURVE('',#2797,#2735,#1816,.T.);
#3888=EDGE_CURVE('',#2792,#2781,#1817,.T.);
#3889=EDGE_CURVE('',#2781,#2988,#457,.T.);
#3890=EDGE_CURVE('',#2988,#2793,#1818,.T.);
#3891=EDGE_CURVE('',#2980,#2794,#458,.T.);
#3892=EDGE_CURVE('',#2794,#2989,#1819,.T.);
#3893=EDGE_CURVE('',#2989,#2981,#459,.T.);
#3894=EDGE_CURVE('',#2988,#2989,#460,.T.);
#3895=EDGE_CURVE('',#2982,#2990,#1820,.T.);
#3896=EDGE_CURVE('',#2990,#2746,#524,.T.);
#3897=EDGE_CURVE('',#2513,#2985,#1821,.T.);
#3898=EDGE_CURVE('',#2735,#2991,#1822,.T.);
#3899=EDGE_CURVE('',#2991,#2743,#461,.T.);
#3900=EDGE_CURVE('',#2992,#2797,#1823,.T.);
#3901=EDGE_CURVE('',#2992,#2993,#235,.T.);
#3902=EDGE_CURVE('',#2993,#2994,#1824,.T.);
#3903=EDGE_CURVE('',#2994,#2991,#236,.T.);
#3904=EDGE_CURVE('',#2798,#2992,#462,.T.);
#3905=EDGE_CURVE('',#2994,#2978,#1825,.T.);
#3906=EDGE_CURVE('',#2993,#2979,#1826,.T.);
#3907=EDGE_CURVE('',#2655,#2826,#1827,.T.);
#3908=EDGE_CURVE('',#2664,#2821,#1828,.T.);
#3909=EDGE_CURVE('',#2597,#2855,#1829,.T.);
#3910=EDGE_CURVE('',#2686,#2879,#1830,.T.);
#3911=EDGE_CURVE('',#2677,#2882,#1831,.T.);
#3912=EDGE_CURVE('',#2690,#2924,#1832,.T.);
#3913=EDGE_CURVE('',#2707,#2927,#525,.T.);
#3914=EDGE_CURVE('',#2780,#2945,#526,.T.);
#3915=EDGE_CURVE('',#2969,#2779,#1833,.T.);
#3916=EDGE_CURVE('',#2948,#2763,#237,.T.);
#3917=EDGE_CURVE('',#2762,#2942,#238,.T.);
#3918=EDGE_CURVE('',#2669,#2761,#1834,.T.);
#3919=EDGE_CURVE('',#2955,#2757,#239,.T.);
#3920=EDGE_CURVE('',#2756,#2949,#240,.T.);
#3921=EDGE_CURVE('',#2961,#2755,#1835,.T.);
#3922=EDGE_CURVE('',#2958,#2706,#1836,.T.);
#3923=EDGE_CURVE('',#2691,#2721,#1837,.T.);
#3924=EDGE_CURVE('',#2966,#2922,#1838,.T.);
#3925=EDGE_CURVE('',#2964,#2715,#1839,.T.);
#3926=EDGE_CURVE('',#2963,#2747,#1840,.T.);
#3927=EDGE_CURVE('',#2965,#2990,#1841,.T.);
#3928=EDGE_CURVE('',#2957,#2724,#1842,.T.);
#3929=EDGE_CURVE('',#2968,#2764,#1843,.T.);
#3930=EDGE_CURVE('',#2670,#2760,#1844,.T.);
#3931=EDGE_CURVE('',#2671,#2759,#1845,.T.);
#3932=EDGE_CURVE('',#2672,#2758,#1846,.T.);
#3933=EDGE_CURVE('',#2694,#2718,#1847,.T.);
#3934=EDGE_CURVE('',#2960,#2770,#1848,.T.);
#3935=EDGE_CURVE('',#2692,#2720,#1849,.T.);
#3936=EDGE_CURVE('',#2693,#2719,#1850,.T.);
#3937=ORIENTED_EDGE('',*,*,#2995,.F.);
#3938=ORIENTED_EDGE('',*,*,#2996,.T.);
#3939=ORIENTED_EDGE('',*,*,#2997,.F.);
#3940=ORIENTED_EDGE('',*,*,#2998,.F.);
#3941=ORIENTED_EDGE('',*,*,#2999,.F.);
#3942=ORIENTED_EDGE('',*,*,#2998,.T.);
#3943=ORIENTED_EDGE('',*,*,#3000,.F.);
#3944=ORIENTED_EDGE('',*,*,#3001,.F.);
#3945=ORIENTED_EDGE('',*,*,#3002,.F.);
#3946=ORIENTED_EDGE('',*,*,#3001,.T.);
#3947=ORIENTED_EDGE('',*,*,#3003,.F.);
#3948=ORIENTED_EDGE('',*,*,#3004,.F.);
#3949=ORIENTED_EDGE('',*,*,#3005,.F.);
#3950=ORIENTED_EDGE('',*,*,#3006,.T.);
#3951=ORIENTED_EDGE('',*,*,#3007,.F.);
#3952=ORIENTED_EDGE('',*,*,#3008,.F.);
#3953=ORIENTED_EDGE('',*,*,#3009,.F.);
#3954=ORIENTED_EDGE('',*,*,#3010,.F.);
#3955=ORIENTED_EDGE('',*,*,#3008,.T.);
#3956=ORIENTED_EDGE('',*,*,#3011,.F.);
#3957=ORIENTED_EDGE('',*,*,#3012,.F.);
#3958=ORIENTED_EDGE('',*,*,#3013,.F.);
#3959=ORIENTED_EDGE('',*,*,#3012,.T.);
#3960=ORIENTED_EDGE('',*,*,#3014,.F.);
#3961=ORIENTED_EDGE('',*,*,#3015,.F.);
#3962=ORIENTED_EDGE('',*,*,#3016,.F.);
#3963=ORIENTED_EDGE('',*,*,#3017,.F.);
#3964=ORIENTED_EDGE('',*,*,#3015,.T.);
#3965=ORIENTED_EDGE('',*,*,#3018,.F.);
#3966=ORIENTED_EDGE('',*,*,#2996,.F.);
#3967=ORIENTED_EDGE('',*,*,#3019,.F.);
#3968=ORIENTED_EDGE('',*,*,#3020,.F.);
#3969=ORIENTED_EDGE('',*,*,#3021,.F.);
#3970=ORIENTED_EDGE('',*,*,#3022,.T.);
#3971=ORIENTED_EDGE('',*,*,#3023,.F.);
#3972=ORIENTED_EDGE('',*,*,#3024,.F.);
#3973=ORIENTED_EDGE('',*,*,#3025,.F.);
#3974=ORIENTED_EDGE('',*,*,#3020,.T.);
#3975=ORIENTED_EDGE('',*,*,#3026,.F.);
#3976=ORIENTED_EDGE('',*,*,#3027,.F.);
#3977=ORIENTED_EDGE('',*,*,#3028,.F.);
#3978=ORIENTED_EDGE('',*,*,#3029,.F.);
#3979=ORIENTED_EDGE('',*,*,#3024,.T.);
#3980=ORIENTED_EDGE('',*,*,#3030,.F.);
#3981=ORIENTED_EDGE('',*,*,#3022,.F.);
#3982=ORIENTED_EDGE('',*,*,#3031,.F.);
#3983=ORIENTED_EDGE('',*,*,#3032,.F.);
#3984=ORIENTED_EDGE('',*,*,#3033,.T.);
#3985=ORIENTED_EDGE('',*,*,#3034,.F.);
#3986=ORIENTED_EDGE('',*,*,#3033,.F.);
#3987=ORIENTED_EDGE('',*,*,#3035,.F.);
#3988=ORIENTED_EDGE('',*,*,#3036,.T.);
#3989=ORIENTED_EDGE('',*,*,#3037,.F.);
#3990=ORIENTED_EDGE('',*,*,#3036,.F.);
#3991=ORIENTED_EDGE('',*,*,#3038,.F.);
#3992=ORIENTED_EDGE('',*,*,#3039,.T.);
#3993=ORIENTED_EDGE('',*,*,#3040,.F.);
#3994=ORIENTED_EDGE('',*,*,#3039,.F.);
#3995=ORIENTED_EDGE('',*,*,#3041,.F.);
#3996=ORIENTED_EDGE('',*,*,#3042,.T.);
#3997=ORIENTED_EDGE('',*,*,#3005,.T.);
#3998=ORIENTED_EDGE('',*,*,#3043,.F.);
#3999=ORIENTED_EDGE('',*,*,#3044,.T.);
#4000=ORIENTED_EDGE('',*,*,#3016,.T.);
#4001=ORIENTED_EDGE('',*,*,#2995,.T.);
#4002=ORIENTED_EDGE('',*,*,#2999,.T.);
#4003=ORIENTED_EDGE('',*,*,#3002,.T.);
#4004=ORIENTED_EDGE('',*,*,#3045,.T.);
#4005=ORIENTED_EDGE('',*,*,#3046,.F.);
#4006=ORIENTED_EDGE('',*,*,#3047,.F.);
#4007=ORIENTED_EDGE('',*,*,#3048,.F.);
#4008=ORIENTED_EDGE('',*,*,#3031,.T.);
#4009=ORIENTED_EDGE('',*,*,#3021,.T.);
#4010=ORIENTED_EDGE('',*,*,#3025,.T.);
#4011=ORIENTED_EDGE('',*,*,#3029,.T.);
#4012=ORIENTED_EDGE('',*,*,#3049,.T.);
#4013=ORIENTED_EDGE('',*,*,#3050,.T.);
#4014=ORIENTED_EDGE('',*,*,#3051,.F.);
#4015=ORIENTED_EDGE('',*,*,#3052,.T.);
#4016=ORIENTED_EDGE('',*,*,#3053,.F.);
#4017=ORIENTED_EDGE('',*,*,#3054,.F.);
#4018=ORIENTED_EDGE('',*,*,#3055,.F.);
#4019=ORIENTED_EDGE('',*,*,#3056,.T.);
#4020=ORIENTED_EDGE('',*,*,#3028,.T.);
#4021=ORIENTED_EDGE('',*,*,#3057,.T.);
#4022=ORIENTED_EDGE('',*,*,#3049,.F.);
#4023=ORIENTED_EDGE('',*,*,#3058,.F.);
#4024=ORIENTED_EDGE('',*,*,#3059,.T.);
#4025=ORIENTED_EDGE('',*,*,#3060,.F.);
#4026=ORIENTED_EDGE('',*,*,#3050,.F.);
#4027=ORIENTED_EDGE('',*,*,#3057,.F.);
#4028=ORIENTED_EDGE('',*,*,#3027,.T.);
#4029=ORIENTED_EDGE('',*,*,#3061,.F.);
#4030=ORIENTED_EDGE('',*,*,#3042,.F.);
#4031=ORIENTED_EDGE('',*,*,#3062,.F.);
#4032=ORIENTED_EDGE('',*,*,#3063,.T.);
#4033=ORIENTED_EDGE('',*,*,#3064,.F.);
#4034=ORIENTED_EDGE('',*,*,#3065,.F.);
#4035=ORIENTED_EDGE('',*,*,#3066,.F.);
#4036=ORIENTED_EDGE('',*,*,#3067,.T.);
#4037=ORIENTED_EDGE('',*,*,#3068,.F.);
#4038=ORIENTED_EDGE('',*,*,#3069,.F.);
#4039=ORIENTED_EDGE('',*,*,#3070,.F.);
#4040=ORIENTED_EDGE('',*,*,#3071,.T.);
#4041=ORIENTED_EDGE('',*,*,#3072,.F.);
#4042=ORIENTED_EDGE('',*,*,#3073,.F.);
#4043=ORIENTED_EDGE('',*,*,#3063,.F.);
#4044=ORIENTED_EDGE('',*,*,#3074,.F.);
#4045=ORIENTED_EDGE('',*,*,#3065,.T.);
#4046=ORIENTED_EDGE('',*,*,#3075,.F.);
#4047=ORIENTED_EDGE('',*,*,#3076,.F.);
#4048=ORIENTED_EDGE('',*,*,#3077,.F.);
#4049=ORIENTED_EDGE('',*,*,#3078,.T.);
#4050=ORIENTED_EDGE('',*,*,#3079,.F.);
#4051=ORIENTED_EDGE('',*,*,#3067,.F.);
#4052=ORIENTED_EDGE('',*,*,#3080,.F.);
#4053=ORIENTED_EDGE('',*,*,#3081,.T.);
#4054=ORIENTED_EDGE('',*,*,#3082,.F.);
#4055=ORIENTED_EDGE('',*,*,#3078,.F.);
#4056=ORIENTED_EDGE('',*,*,#3083,.F.);
#4057=ORIENTED_EDGE('',*,*,#3076,.T.);
#4058=ORIENTED_EDGE('',*,*,#3084,.F.);
#4059=ORIENTED_EDGE('',*,*,#3085,.F.);
#4060=ORIENTED_EDGE('',*,*,#3081,.F.);
#4061=ORIENTED_EDGE('',*,*,#3086,.F.);
#4062=ORIENTED_EDGE('',*,*,#3087,.T.);
#4063=ORIENTED_EDGE('',*,*,#3088,.F.);
#4064=ORIENTED_EDGE('',*,*,#3089,.F.);
#4065=ORIENTED_EDGE('',*,*,#3090,.F.);
#4066=ORIENTED_EDGE('',*,*,#3091,.T.);
#4067=ORIENTED_EDGE('',*,*,#3092,.F.);
#4068=ORIENTED_EDGE('',*,*,#3093,.F.);
#4069=ORIENTED_EDGE('',*,*,#3087,.F.);
#4070=ORIENTED_EDGE('',*,*,#3094,.F.);
#4071=ORIENTED_EDGE('',*,*,#3095,.T.);
#4072=ORIENTED_EDGE('',*,*,#3096,.F.);
#4073=ORIENTED_EDGE('',*,*,#3091,.F.);
#4074=ORIENTED_EDGE('',*,*,#3097,.F.);
#4075=ORIENTED_EDGE('',*,*,#3098,.T.);
#4076=ORIENTED_EDGE('',*,*,#3099,.F.);
#4077=ORIENTED_EDGE('',*,*,#3095,.F.);
#4078=ORIENTED_EDGE('',*,*,#3100,.F.);
#4079=ORIENTED_EDGE('',*,*,#3089,.T.);
#4080=ORIENTED_EDGE('',*,*,#3101,.F.);
#4081=ORIENTED_EDGE('',*,*,#3102,.F.);
#4082=ORIENTED_EDGE('',*,*,#3103,.F.);
#4083=ORIENTED_EDGE('',*,*,#3104,.T.);
#4084=ORIENTED_EDGE('',*,*,#3105,.F.);
#4085=ORIENTED_EDGE('',*,*,#3098,.F.);
#4086=ORIENTED_EDGE('',*,*,#3106,.F.);
#4087=ORIENTED_EDGE('',*,*,#3102,.T.);
#4088=ORIENTED_EDGE('',*,*,#3107,.F.);
#4089=ORIENTED_EDGE('',*,*,#3108,.F.);
#4090=ORIENTED_EDGE('',*,*,#3109,.F.);
#4091=ORIENTED_EDGE('',*,*,#3084,.T.);
#4092=ORIENTED_EDGE('',*,*,#3075,.T.);
#4093=ORIENTED_EDGE('',*,*,#3064,.T.);
#4094=ORIENTED_EDGE('',*,*,#3073,.T.);
#4095=ORIENTED_EDGE('',*,*,#3110,.T.);
#4096=ORIENTED_EDGE('',*,*,#3111,.T.);
#4097=ORIENTED_EDGE('',*,*,#3112,.T.);
#4098=ORIENTED_EDGE('',*,*,#3113,.F.);
#4099=ORIENTED_EDGE('',*,*,#3114,.F.);
#4100=ORIENTED_EDGE('',*,*,#3115,.F.);
#4101=ORIENTED_EDGE('',*,*,#3116,.T.);
#4102=ORIENTED_EDGE('',*,*,#3072,.T.);
#4103=ORIENTED_EDGE('',*,*,#3117,.T.);
#4104=ORIENTED_EDGE('',*,*,#3110,.F.);
#4105=ORIENTED_EDGE('',*,*,#3108,.T.);
#4106=ORIENTED_EDGE('',*,*,#3118,.F.);
#4107=ORIENTED_EDGE('',*,*,#3119,.T.);
#4108=ORIENTED_EDGE('',*,*,#3092,.T.);
#4109=ORIENTED_EDGE('',*,*,#3096,.T.);
#4110=ORIENTED_EDGE('',*,*,#3099,.T.);
#4111=ORIENTED_EDGE('',*,*,#3105,.T.);
#4112=ORIENTED_EDGE('',*,*,#3120,.T.);
#4113=ORIENTED_EDGE('',*,*,#3121,.T.);
#4114=ORIENTED_EDGE('',*,*,#3122,.F.);
#4115=ORIENTED_EDGE('',*,*,#3123,.F.);
#4116=ORIENTED_EDGE('',*,*,#3124,.F.);
#4117=ORIENTED_EDGE('',*,*,#3125,.F.);
#4118=ORIENTED_EDGE('',*,*,#3120,.F.);
#4119=ORIENTED_EDGE('',*,*,#3104,.F.);
#4120=ORIENTED_EDGE('',*,*,#3126,.F.);
#4121=ORIENTED_EDGE('',*,*,#3109,.T.);
#4122=ORIENTED_EDGE('',*,*,#3119,.F.);
#4123=ORIENTED_EDGE('',*,*,#3127,.F.);
#4124=ORIENTED_EDGE('',*,*,#3128,.F.);
#4125=ORIENTED_EDGE('',*,*,#3129,.F.);
#4126=ORIENTED_EDGE('',*,*,#3130,.T.);
#4127=ORIENTED_EDGE('',*,*,#3131,.T.);
#4128=ORIENTED_EDGE('',*,*,#3132,.T.);
#4129=ORIENTED_EDGE('',*,*,#3133,.F.);
#4130=ORIENTED_EDGE('',*,*,#3131,.F.);
#4131=ORIENTED_EDGE('',*,*,#3134,.T.);
#4132=ORIENTED_EDGE('',*,*,#3135,.F.);
#4133=ORIENTED_EDGE('',*,*,#3136,.T.);
#4134=ORIENTED_EDGE('',*,*,#3137,.F.);
#4135=ORIENTED_EDGE('',*,*,#3138,.F.);
#4136=ORIENTED_EDGE('',*,*,#3139,.F.);
#4137=ORIENTED_EDGE('',*,*,#3140,.T.);
#4138=ORIENTED_EDGE('',*,*,#3141,.F.);
#4139=ORIENTED_EDGE('',*,*,#3142,.T.);
#4140=ORIENTED_EDGE('',*,*,#3143,.F.);
#4141=ORIENTED_EDGE('',*,*,#3144,.T.);
#4142=ORIENTED_EDGE('',*,*,#3145,.F.);
#4143=ORIENTED_EDGE('',*,*,#3146,.F.);
#4144=ORIENTED_EDGE('',*,*,#3147,.F.);
#4145=ORIENTED_EDGE('',*,*,#3148,.F.);
#4146=ORIENTED_EDGE('',*,*,#3149,.T.);
#4147=ORIENTED_EDGE('',*,*,#3150,.F.);
#4148=ORIENTED_EDGE('',*,*,#3151,.T.);
#4149=ORIENTED_EDGE('',*,*,#3152,.F.);
#4150=ORIENTED_EDGE('',*,*,#3153,.T.);
#4151=ORIENTED_EDGE('',*,*,#3154,.T.);
#4152=ORIENTED_EDGE('',*,*,#3155,.F.);
#4153=ORIENTED_EDGE('',*,*,#3156,.T.);
#4154=ORIENTED_EDGE('',*,*,#3157,.T.);
#4155=ORIENTED_EDGE('',*,*,#3158,.F.);
#4156=ORIENTED_EDGE('',*,*,#3159,.T.);
#4157=ORIENTED_EDGE('',*,*,#3160,.F.);
#4158=ORIENTED_EDGE('',*,*,#3161,.T.);
#4159=ORIENTED_EDGE('',*,*,#3162,.F.);
#4160=ORIENTED_EDGE('',*,*,#3163,.T.);
#4161=ORIENTED_EDGE('',*,*,#3164,.F.);
#4162=ORIENTED_EDGE('',*,*,#3165,.T.);
#4163=ORIENTED_EDGE('',*,*,#3166,.T.);
#4164=ORIENTED_EDGE('',*,*,#3167,.F.);
#4165=ORIENTED_EDGE('',*,*,#3168,.T.);
#4166=ORIENTED_EDGE('',*,*,#3169,.T.);
#4167=ORIENTED_EDGE('',*,*,#3170,.T.);
#4168=ORIENTED_EDGE('',*,*,#3171,.T.);
#4169=ORIENTED_EDGE('',*,*,#3172,.F.);
#4170=ORIENTED_EDGE('',*,*,#3046,.T.);
#4171=ORIENTED_EDGE('',*,*,#3173,.T.);
#4172=ORIENTED_EDGE('',*,*,#3174,.T.);
#4173=ORIENTED_EDGE('',*,*,#3175,.T.);
#4174=ORIENTED_EDGE('',*,*,#3176,.T.);
#4175=ORIENTED_EDGE('',*,*,#3177,.T.);
#4176=ORIENTED_EDGE('',*,*,#3178,.T.);
#4177=ORIENTED_EDGE('',*,*,#3130,.F.);
#4178=ORIENTED_EDGE('',*,*,#3179,.F.);
#4179=ORIENTED_EDGE('',*,*,#3180,.T.);
#4180=ORIENTED_EDGE('',*,*,#3181,.F.);
#4181=ORIENTED_EDGE('',*,*,#3134,.F.);
#4182=ORIENTED_EDGE('',*,*,#3147,.T.);
#4183=ORIENTED_EDGE('',*,*,#3182,.T.);
#4184=ORIENTED_EDGE('',*,*,#3183,.T.);
#4185=ORIENTED_EDGE('',*,*,#3184,.T.);
#4186=ORIENTED_EDGE('',*,*,#3185,.F.);
#4187=ORIENTED_EDGE('',*,*,#3148,.T.);
#4188=ORIENTED_EDGE('',*,*,#3184,.F.);
#4189=ORIENTED_EDGE('',*,*,#3186,.F.);
#4190=ORIENTED_EDGE('',*,*,#3111,.F.);
#4191=ORIENTED_EDGE('',*,*,#3117,.F.);
#4192=ORIENTED_EDGE('',*,*,#3071,.F.);
#4193=ORIENTED_EDGE('',*,*,#3187,.F.);
#4194=ORIENTED_EDGE('',*,*,#3069,.T.);
#4195=ORIENTED_EDGE('',*,*,#3188,.F.);
#4196=ORIENTED_EDGE('',*,*,#3189,.T.);
#4197=ORIENTED_EDGE('',*,*,#3145,.T.);
#4198=ORIENTED_EDGE('',*,*,#3190,.T.);
#4199=ORIENTED_EDGE('',*,*,#3182,.F.);
#4200=ORIENTED_EDGE('',*,*,#3146,.T.);
#4201=ORIENTED_EDGE('',*,*,#3189,.F.);
#4202=ORIENTED_EDGE('',*,*,#3191,.T.);
#4203=ORIENTED_EDGE('',*,*,#3192,.F.);
#4204=ORIENTED_EDGE('',*,*,#3193,.F.);
#4205=ORIENTED_EDGE('',*,*,#3194,.T.);
#4206=ORIENTED_EDGE('',*,*,#3137,.T.);
#4207=ORIENTED_EDGE('',*,*,#3195,.T.);
#4208=ORIENTED_EDGE('',*,*,#3194,.F.);
#4209=ORIENTED_EDGE('',*,*,#3196,.T.);
#4210=ORIENTED_EDGE('',*,*,#3197,.F.);
#4211=ORIENTED_EDGE('',*,*,#3138,.T.);
#4212=ORIENTED_EDGE('',*,*,#3198,.F.);
#4213=ORIENTED_EDGE('',*,*,#3199,.T.);
#4214=ORIENTED_EDGE('',*,*,#3143,.T.);
#4215=ORIENTED_EDGE('',*,*,#3200,.T.);
#4216=ORIENTED_EDGE('',*,*,#3188,.T.);
#4217=ORIENTED_EDGE('',*,*,#3201,.F.);
#4218=ORIENTED_EDGE('',*,*,#3198,.T.);
#4219=ORIENTED_EDGE('',*,*,#3202,.F.);
#4220=ORIENTED_EDGE('',*,*,#3203,.F.);
#4221=ORIENTED_EDGE('',*,*,#3204,.F.);
#4222=ORIENTED_EDGE('',*,*,#3205,.F.);
#4223=ORIENTED_EDGE('',*,*,#3196,.F.);
#4224=ORIENTED_EDGE('',*,*,#3193,.T.);
#4225=ORIENTED_EDGE('',*,*,#3206,.T.);
#4226=ORIENTED_EDGE('',*,*,#3207,.T.);
#4227=ORIENTED_EDGE('',*,*,#3180,.F.);
#4228=ORIENTED_EDGE('',*,*,#3208,.F.);
#4229=ORIENTED_EDGE('',*,*,#3209,.T.);
#4230=ORIENTED_EDGE('',*,*,#3210,.F.);
#4231=ORIENTED_EDGE('',*,*,#3191,.F.);
#4232=ORIENTED_EDGE('',*,*,#3200,.F.);
#4233=ORIENTED_EDGE('',*,*,#3142,.F.);
#4234=ORIENTED_EDGE('',*,*,#3211,.F.);
#4235=ORIENTED_EDGE('',*,*,#3202,.T.);
#4236=ORIENTED_EDGE('',*,*,#3139,.T.);
#4237=ORIENTED_EDGE('',*,*,#3197,.T.);
#4238=ORIENTED_EDGE('',*,*,#3205,.T.);
#4239=ORIENTED_EDGE('',*,*,#3212,.T.);
#4240=ORIENTED_EDGE('',*,*,#3212,.F.);
#4241=ORIENTED_EDGE('',*,*,#3204,.T.);
#4242=ORIENTED_EDGE('',*,*,#3213,.F.);
#4243=ORIENTED_EDGE('',*,*,#3140,.F.);
#4244=ORIENTED_EDGE('',*,*,#3141,.T.);
#4245=ORIENTED_EDGE('',*,*,#3213,.T.);
#4246=ORIENTED_EDGE('',*,*,#3203,.T.);
#4247=ORIENTED_EDGE('',*,*,#3211,.T.);
#4248=ORIENTED_EDGE('',*,*,#3207,.F.);
#4249=ORIENTED_EDGE('',*,*,#3214,.T.);
#4250=ORIENTED_EDGE('',*,*,#3135,.T.);
#4251=ORIENTED_EDGE('',*,*,#3181,.T.);
#4252=ORIENTED_EDGE('',*,*,#3195,.F.);
#4253=ORIENTED_EDGE('',*,*,#3136,.F.);
#4254=ORIENTED_EDGE('',*,*,#3214,.F.);
#4255=ORIENTED_EDGE('',*,*,#3206,.F.);
#4256=ORIENTED_EDGE('',*,*,#3051,.T.);
#4257=ORIENTED_EDGE('',*,*,#3060,.T.);
#4258=ORIENTED_EDGE('',*,*,#3215,.T.);
#4259=ORIENTED_EDGE('',*,*,#3216,.T.);
#4260=ORIENTED_EDGE('',*,*,#3217,.T.);
#4261=ORIENTED_EDGE('',*,*,#3218,.F.);
#4262=ORIENTED_EDGE('',*,*,#3219,.T.);
#4263=ORIENTED_EDGE('',*,*,#3220,.T.);
#4264=ORIENTED_EDGE('',*,*,#3221,.T.);
#4265=ORIENTED_EDGE('',*,*,#3216,.F.);
#4266=ORIENTED_EDGE('',*,*,#3222,.T.);
#4267=ORIENTED_EDGE('',*,*,#3219,.F.);
#4268=ORIENTED_EDGE('',*,*,#3223,.T.);
#4269=ORIENTED_EDGE('',*,*,#3224,.F.);
#4270=ORIENTED_EDGE('',*,*,#3225,.F.);
#4271=ORIENTED_EDGE('',*,*,#3226,.T.);
#4272=ORIENTED_EDGE('',*,*,#3227,.T.);
#4273=ORIENTED_EDGE('',*,*,#3228,.T.);
#4274=ORIENTED_EDGE('',*,*,#3226,.F.);
#4275=ORIENTED_EDGE('',*,*,#3229,.T.);
#4276=ORIENTED_EDGE('',*,*,#3230,.F.);
#4277=ORIENTED_EDGE('',*,*,#3231,.T.);
#4278=ORIENTED_EDGE('',*,*,#3232,.F.);
#4279=ORIENTED_EDGE('',*,*,#3233,.T.);
#4280=ORIENTED_EDGE('',*,*,#3234,.T.);
#4281=ORIENTED_EDGE('',*,*,#3235,.T.);
#4282=ORIENTED_EDGE('',*,*,#3218,.T.);
#4283=ORIENTED_EDGE('',*,*,#3236,.F.);
#4284=ORIENTED_EDGE('',*,*,#3232,.T.);
#4285=ORIENTED_EDGE('',*,*,#3237,.F.);
#4286=ORIENTED_EDGE('',*,*,#3238,.F.);
#4287=ORIENTED_EDGE('',*,*,#3239,.F.);
#4288=ORIENTED_EDGE('',*,*,#3240,.F.);
#4289=ORIENTED_EDGE('',*,*,#3229,.F.);
#4290=ORIENTED_EDGE('',*,*,#3225,.T.);
#4291=ORIENTED_EDGE('',*,*,#3241,.T.);
#4292=ORIENTED_EDGE('',*,*,#3242,.T.);
#4293=ORIENTED_EDGE('',*,*,#3243,.F.);
#4294=ORIENTED_EDGE('',*,*,#3244,.F.);
#4295=ORIENTED_EDGE('',*,*,#3245,.T.);
#4296=ORIENTED_EDGE('',*,*,#3246,.F.);
#4297=ORIENTED_EDGE('',*,*,#3223,.F.);
#4298=ORIENTED_EDGE('',*,*,#3235,.F.);
#4299=ORIENTED_EDGE('',*,*,#3247,.F.);
#4300=ORIENTED_EDGE('',*,*,#3248,.F.);
#4301=ORIENTED_EDGE('',*,*,#3237,.T.);
#4302=ORIENTED_EDGE('',*,*,#3249,.T.);
#4303=ORIENTED_EDGE('',*,*,#3230,.T.);
#4304=ORIENTED_EDGE('',*,*,#3240,.T.);
#4305=ORIENTED_EDGE('',*,*,#3250,.T.);
#4306=ORIENTED_EDGE('',*,*,#3215,.F.);
#4307=ORIENTED_EDGE('',*,*,#3059,.F.);
#4308=ORIENTED_EDGE('',*,*,#3251,.T.);
#4309=ORIENTED_EDGE('',*,*,#3252,.F.);
#4310=ORIENTED_EDGE('',*,*,#3253,.T.);
#4311=ORIENTED_EDGE('',*,*,#3254,.F.);
#4312=ORIENTED_EDGE('',*,*,#3255,.T.);
#4313=ORIENTED_EDGE('',*,*,#3256,.T.);
#4314=ORIENTED_EDGE('',*,*,#3257,.F.);
#4315=ORIENTED_EDGE('',*,*,#3258,.T.);
#4316=ORIENTED_EDGE('',*,*,#3259,.T.);
#4317=ORIENTED_EDGE('',*,*,#3260,.F.);
#4318=ORIENTED_EDGE('',*,*,#3261,.T.);
#4319=ORIENTED_EDGE('',*,*,#3262,.F.);
#4320=ORIENTED_EDGE('',*,*,#3263,.T.);
#4321=ORIENTED_EDGE('',*,*,#3264,.F.);
#4322=ORIENTED_EDGE('',*,*,#3265,.T.);
#4323=ORIENTED_EDGE('',*,*,#3266,.F.);
#4324=ORIENTED_EDGE('',*,*,#3267,.T.);
#4325=ORIENTED_EDGE('',*,*,#3268,.T.);
#4326=ORIENTED_EDGE('',*,*,#3269,.F.);
#4327=ORIENTED_EDGE('',*,*,#3270,.T.);
#4328=ORIENTED_EDGE('',*,*,#3271,.T.);
#4329=ORIENTED_EDGE('',*,*,#3272,.T.);
#4330=ORIENTED_EDGE('',*,*,#3273,.T.);
#4331=ORIENTED_EDGE('',*,*,#3274,.F.);
#4332=ORIENTED_EDGE('',*,*,#3121,.F.);
#4333=ORIENTED_EDGE('',*,*,#3125,.T.);
#4334=ORIENTED_EDGE('',*,*,#3275,.F.);
#4335=ORIENTED_EDGE('',*,*,#3276,.T.);
#4336=ORIENTED_EDGE('',*,*,#3277,.F.);
#4337=ORIENTED_EDGE('',*,*,#3278,.T.);
#4338=ORIENTED_EDGE('',*,*,#3227,.F.);
#4339=ORIENTED_EDGE('',*,*,#3231,.F.);
#4340=ORIENTED_EDGE('',*,*,#3249,.F.);
#4341=ORIENTED_EDGE('',*,*,#3279,.F.);
#4342=ORIENTED_EDGE('',*,*,#3280,.F.);
#4343=ORIENTED_EDGE('',*,*,#3247,.T.);
#4344=ORIENTED_EDGE('',*,*,#3234,.F.);
#4345=ORIENTED_EDGE('',*,*,#3281,.T.);
#4346=ORIENTED_EDGE('',*,*,#3220,.F.);
#4347=ORIENTED_EDGE('',*,*,#3222,.F.);
#4348=ORIENTED_EDGE('',*,*,#3282,.T.);
#4349=ORIENTED_EDGE('',*,*,#3283,.T.);
#4350=ORIENTED_EDGE('',*,*,#3284,.T.);
#4351=ORIENTED_EDGE('',*,*,#3285,.T.);
#4352=ORIENTED_EDGE('',*,*,#3286,.T.);
#4353=ORIENTED_EDGE('',*,*,#3280,.T.);
#4354=ORIENTED_EDGE('',*,*,#3287,.T.);
#4355=ORIENTED_EDGE('',*,*,#3238,.T.);
#4356=ORIENTED_EDGE('',*,*,#3248,.T.);
#4357=ORIENTED_EDGE('',*,*,#3242,.F.);
#4358=ORIENTED_EDGE('',*,*,#3288,.T.);
#4359=ORIENTED_EDGE('',*,*,#3277,.T.);
#4360=ORIENTED_EDGE('',*,*,#3289,.T.);
#4361=ORIENTED_EDGE('',*,*,#3289,.F.);
#4362=ORIENTED_EDGE('',*,*,#3276,.F.);
#4363=ORIENTED_EDGE('',*,*,#3290,.F.);
#4364=ORIENTED_EDGE('',*,*,#3291,.F.);
#4365=ORIENTED_EDGE('',*,*,#3243,.T.);
#4366=ORIENTED_EDGE('',*,*,#3275,.T.);
#4367=ORIENTED_EDGE('',*,*,#3124,.T.);
#4368=ORIENTED_EDGE('',*,*,#3292,.T.);
#4369=ORIENTED_EDGE('',*,*,#3290,.T.);
#4370=ORIENTED_EDGE('',*,*,#3282,.F.);
#4371=ORIENTED_EDGE('',*,*,#3293,.T.);
#4372=ORIENTED_EDGE('',*,*,#3294,.T.);
#4373=ORIENTED_EDGE('',*,*,#3293,.F.);
#4374=ORIENTED_EDGE('',*,*,#3294,.F.);
#4375=ORIENTED_EDGE('',*,*,#3178,.F.);
#4376=ORIENTED_EDGE('',*,*,#3295,.T.);
#4377=ORIENTED_EDGE('',*,*,#3296,.T.);
#4378=ORIENTED_EDGE('',*,*,#3295,.F.);
#4379=ORIENTED_EDGE('',*,*,#3296,.F.);
#4380=ORIENTED_EDGE('',*,*,#3283,.F.);
#4381=ORIENTED_EDGE('',*,*,#3297,.T.);
#4382=ORIENTED_EDGE('',*,*,#3298,.T.);
#4383=ORIENTED_EDGE('',*,*,#3297,.F.);
#4384=ORIENTED_EDGE('',*,*,#3298,.F.);
#4385=ORIENTED_EDGE('',*,*,#3177,.F.);
#4386=ORIENTED_EDGE('',*,*,#3299,.T.);
#4387=ORIENTED_EDGE('',*,*,#3300,.T.);
#4388=ORIENTED_EDGE('',*,*,#3299,.F.);
#4389=ORIENTED_EDGE('',*,*,#3300,.F.);
#4390=ORIENTED_EDGE('',*,*,#3176,.F.);
#4391=ORIENTED_EDGE('',*,*,#3301,.T.);
#4392=ORIENTED_EDGE('',*,*,#3302,.T.);
#4393=ORIENTED_EDGE('',*,*,#3301,.F.);
#4394=ORIENTED_EDGE('',*,*,#3302,.F.);
#4395=ORIENTED_EDGE('',*,*,#3284,.F.);
#4396=ORIENTED_EDGE('',*,*,#3303,.T.);
#4397=ORIENTED_EDGE('',*,*,#3304,.T.);
#4398=ORIENTED_EDGE('',*,*,#3303,.F.);
#4399=ORIENTED_EDGE('',*,*,#3304,.F.);
#4400=ORIENTED_EDGE('',*,*,#3221,.F.);
#4401=ORIENTED_EDGE('',*,*,#3281,.F.);
#4402=ORIENTED_EDGE('',*,*,#3233,.F.);
#4403=ORIENTED_EDGE('',*,*,#3236,.T.);
#4404=ORIENTED_EDGE('',*,*,#3246,.T.);
#4405=ORIENTED_EDGE('',*,*,#3305,.F.);
#4406=ORIENTED_EDGE('',*,*,#3306,.T.);
#4407=ORIENTED_EDGE('',*,*,#3307,.F.);
#4408=ORIENTED_EDGE('',*,*,#3308,.F.);
#4409=ORIENTED_EDGE('',*,*,#3309,.F.);
#4410=ORIENTED_EDGE('',*,*,#3052,.F.);
#4411=ORIENTED_EDGE('',*,*,#3217,.F.);
#4412=ORIENTED_EDGE('',*,*,#3224,.T.);
#4413=ORIENTED_EDGE('',*,*,#3245,.F.);
#4414=ORIENTED_EDGE('',*,*,#3310,.T.);
#4415=ORIENTED_EDGE('',*,*,#3311,.F.);
#4416=ORIENTED_EDGE('',*,*,#3312,.F.);
#4417=ORIENTED_EDGE('',*,*,#3313,.T.);
#4418=ORIENTED_EDGE('',*,*,#3314,.F.);
#4419=ORIENTED_EDGE('',*,*,#3315,.F.);
#4420=ORIENTED_EDGE('',*,*,#3316,.F.);
#4421=ORIENTED_EDGE('',*,*,#3317,.F.);
#4422=ORIENTED_EDGE('',*,*,#3318,.F.);
#4423=ORIENTED_EDGE('',*,*,#3319,.T.);
#4424=ORIENTED_EDGE('',*,*,#3320,.F.);
#4425=ORIENTED_EDGE('',*,*,#3321,.F.);
#4426=ORIENTED_EDGE('',*,*,#3305,.T.);
#4427=ORIENTED_EDGE('',*,*,#3190,.F.);
#4428=ORIENTED_EDGE('',*,*,#3144,.F.);
#4429=ORIENTED_EDGE('',*,*,#3199,.F.);
#4430=ORIENTED_EDGE('',*,*,#3201,.T.);
#4431=ORIENTED_EDGE('',*,*,#3210,.T.);
#4432=ORIENTED_EDGE('',*,*,#3322,.F.);
#4433=ORIENTED_EDGE('',*,*,#3323,.T.);
#4434=ORIENTED_EDGE('',*,*,#3324,.F.);
#4435=ORIENTED_EDGE('',*,*,#3325,.F.);
#4436=ORIENTED_EDGE('',*,*,#3326,.F.);
#4437=ORIENTED_EDGE('',*,*,#3112,.F.);
#4438=ORIENTED_EDGE('',*,*,#3186,.T.);
#4439=ORIENTED_EDGE('',*,*,#3183,.F.);
#4440=ORIENTED_EDGE('',*,*,#3192,.T.);
#4441=ORIENTED_EDGE('',*,*,#3209,.F.);
#4442=ORIENTED_EDGE('',*,*,#3327,.T.);
#4443=ORIENTED_EDGE('',*,*,#3328,.F.);
#4444=ORIENTED_EDGE('',*,*,#3329,.F.);
#4445=ORIENTED_EDGE('',*,*,#3330,.T.);
#4446=ORIENTED_EDGE('',*,*,#3331,.F.);
#4447=ORIENTED_EDGE('',*,*,#3332,.F.);
#4448=ORIENTED_EDGE('',*,*,#3333,.F.);
#4449=ORIENTED_EDGE('',*,*,#3334,.F.);
#4450=ORIENTED_EDGE('',*,*,#3335,.F.);
#4451=ORIENTED_EDGE('',*,*,#3336,.T.);
#4452=ORIENTED_EDGE('',*,*,#3337,.F.);
#4453=ORIENTED_EDGE('',*,*,#3338,.F.);
#4454=ORIENTED_EDGE('',*,*,#3322,.T.);
#4455=ORIENTED_EDGE('',*,*,#3208,.T.);
#4456=ORIENTED_EDGE('',*,*,#3179,.T.);
#4457=ORIENTED_EDGE('',*,*,#3129,.T.);
#4458=ORIENTED_EDGE('',*,*,#3339,.F.);
#4459=ORIENTED_EDGE('',*,*,#3340,.F.);
#4460=ORIENTED_EDGE('',*,*,#3341,.F.);
#4461=ORIENTED_EDGE('',*,*,#3342,.F.);
#4462=ORIENTED_EDGE('',*,*,#3343,.T.);
#4463=ORIENTED_EDGE('',*,*,#3327,.F.);
#4464=ORIENTED_EDGE('',*,*,#3244,.T.);
#4465=ORIENTED_EDGE('',*,*,#3291,.T.);
#4466=ORIENTED_EDGE('',*,*,#3292,.F.);
#4467=ORIENTED_EDGE('',*,*,#3128,.T.);
#4468=ORIENTED_EDGE('',*,*,#3344,.F.);
#4469=ORIENTED_EDGE('',*,*,#3345,.F.);
#4470=ORIENTED_EDGE('',*,*,#3346,.F.);
#4471=ORIENTED_EDGE('',*,*,#3347,.F.);
#4472=ORIENTED_EDGE('',*,*,#3348,.T.);
#4473=ORIENTED_EDGE('',*,*,#3310,.F.);
#4474=ORIENTED_EDGE('',*,*,#3349,.T.);
#4475=ORIENTED_EDGE('',*,*,#3350,.T.);
#4476=ORIENTED_EDGE('',*,*,#3351,.T.);
#4477=ORIENTED_EDGE('',*,*,#3352,.T.);
#4478=ORIENTED_EDGE('',*,*,#3351,.F.);
#4479=ORIENTED_EDGE('',*,*,#3353,.F.);
#4480=ORIENTED_EDGE('',*,*,#3354,.T.);
#4481=ORIENTED_EDGE('',*,*,#3355,.F.);
#4482=ORIENTED_EDGE('',*,*,#3356,.F.);
#4483=ORIENTED_EDGE('',*,*,#3357,.F.);
#4484=ORIENTED_EDGE('',*,*,#3358,.F.);
#4485=ORIENTED_EDGE('',*,*,#3350,.F.);
#4486=ORIENTED_EDGE('',*,*,#3359,.T.);
#4487=ORIENTED_EDGE('',*,*,#3360,.T.);
#4488=ORIENTED_EDGE('',*,*,#3361,.F.);
#4489=ORIENTED_EDGE('',*,*,#3362,.T.);
#4490=ORIENTED_EDGE('',*,*,#3363,.T.);
#4491=ORIENTED_EDGE('',*,*,#3364,.T.);
#4492=ORIENTED_EDGE('',*,*,#3365,.F.);
#4493=ORIENTED_EDGE('',*,*,#3366,.T.);
#4494=ORIENTED_EDGE('',*,*,#3367,.F.);
#4495=ORIENTED_EDGE('',*,*,#3368,.T.);
#4496=ORIENTED_EDGE('',*,*,#3369,.T.);
#4497=ORIENTED_EDGE('',*,*,#3370,.T.);
#4498=ORIENTED_EDGE('',*,*,#3371,.F.);
#4499=ORIENTED_EDGE('',*,*,#3372,.T.);
#4500=ORIENTED_EDGE('',*,*,#3353,.T.);
#4501=ORIENTED_EDGE('',*,*,#3373,.T.);
#4502=ORIENTED_EDGE('',*,*,#3374,.T.);
#4503=ORIENTED_EDGE('',*,*,#3375,.T.);
#4504=ORIENTED_EDGE('',*,*,#3376,.T.);
#4505=ORIENTED_EDGE('',*,*,#3375,.F.);
#4506=ORIENTED_EDGE('',*,*,#3377,.F.);
#4507=ORIENTED_EDGE('',*,*,#3378,.T.);
#4508=ORIENTED_EDGE('',*,*,#3379,.F.);
#4509=ORIENTED_EDGE('',*,*,#3380,.F.);
#4510=ORIENTED_EDGE('',*,*,#3381,.F.);
#4511=ORIENTED_EDGE('',*,*,#3382,.F.);
#4512=ORIENTED_EDGE('',*,*,#3374,.F.);
#4513=ORIENTED_EDGE('',*,*,#3383,.T.);
#4514=ORIENTED_EDGE('',*,*,#3384,.T.);
#4515=ORIENTED_EDGE('',*,*,#3385,.F.);
#4516=ORIENTED_EDGE('',*,*,#3386,.T.);
#4517=ORIENTED_EDGE('',*,*,#3387,.T.);
#4518=ORIENTED_EDGE('',*,*,#3388,.F.);
#4519=ORIENTED_EDGE('',*,*,#3389,.F.);
#4520=ORIENTED_EDGE('',*,*,#3390,.F.);
#4521=ORIENTED_EDGE('',*,*,#3391,.F.);
#4522=ORIENTED_EDGE('',*,*,#3392,.F.);
#4523=ORIENTED_EDGE('',*,*,#3393,.T.);
#4524=ORIENTED_EDGE('',*,*,#3394,.T.);
#4525=ORIENTED_EDGE('',*,*,#3395,.F.);
#4526=ORIENTED_EDGE('',*,*,#3396,.T.);
#4527=ORIENTED_EDGE('',*,*,#3377,.T.);
#4528=ORIENTED_EDGE('',*,*,#3132,.F.);
#4529=ORIENTED_EDGE('',*,*,#3173,.F.);
#4530=ORIENTED_EDGE('',*,*,#3045,.F.);
#4531=ORIENTED_EDGE('',*,*,#3004,.T.);
#4532=ORIENTED_EDGE('',*,*,#3397,.F.);
#4533=ORIENTED_EDGE('',*,*,#3006,.F.);
#4534=ORIENTED_EDGE('',*,*,#3044,.F.);
#4535=ORIENTED_EDGE('',*,*,#3398,.F.);
#4536=ORIENTED_EDGE('',*,*,#3399,.F.);
#4537=ORIENTED_EDGE('',*,*,#3400,.F.);
#4538=ORIENTED_EDGE('',*,*,#3401,.F.);
#4539=ORIENTED_EDGE('',*,*,#3402,.F.);
#4540=ORIENTED_EDGE('',*,*,#3403,.T.);
#4541=ORIENTED_EDGE('',*,*,#3404,.T.);
#4542=ORIENTED_EDGE('',*,*,#3405,.T.);
#4543=ORIENTED_EDGE('',*,*,#3406,.T.);
#4544=ORIENTED_EDGE('',*,*,#3407,.F.);
#4545=ORIENTED_EDGE('',*,*,#3408,.F.);
#4546=ORIENTED_EDGE('',*,*,#3017,.T.);
#4547=ORIENTED_EDGE('',*,*,#3048,.T.);
#4548=ORIENTED_EDGE('',*,*,#3409,.F.);
#4549=ORIENTED_EDGE('',*,*,#3410,.F.);
#4550=ORIENTED_EDGE('',*,*,#3411,.F.);
#4551=ORIENTED_EDGE('',*,*,#3339,.T.);
#4552=ORIENTED_EDGE('',*,*,#3133,.T.);
#4553=ORIENTED_EDGE('',*,*,#3398,.T.);
#4554=ORIENTED_EDGE('',*,*,#3043,.T.);
#4555=ORIENTED_EDGE('',*,*,#3009,.T.);
#4556=ORIENTED_EDGE('',*,*,#3010,.T.);
#4557=ORIENTED_EDGE('',*,*,#3013,.T.);
#4558=ORIENTED_EDGE('',*,*,#3412,.T.);
#4559=ORIENTED_EDGE('',*,*,#3413,.T.);
#4560=ORIENTED_EDGE('',*,*,#3399,.T.);
#4561=ORIENTED_EDGE('',*,*,#3414,.T.);
#4562=ORIENTED_EDGE('',*,*,#3415,.T.);
#4563=ORIENTED_EDGE('',*,*,#3416,.F.);
#4564=ORIENTED_EDGE('',*,*,#3417,.T.);
#4565=ORIENTED_EDGE('',*,*,#3418,.T.);
#4566=ORIENTED_EDGE('',*,*,#3419,.F.);
#4567=ORIENTED_EDGE('',*,*,#3420,.T.);
#4568=ORIENTED_EDGE('',*,*,#3421,.T.);
#4569=ORIENTED_EDGE('',*,*,#3422,.T.);
#4570=ORIENTED_EDGE('',*,*,#3423,.T.);
#4571=ORIENTED_EDGE('',*,*,#3424,.T.);
#4572=ORIENTED_EDGE('',*,*,#3425,.F.);
#4573=ORIENTED_EDGE('',*,*,#3426,.T.);
#4574=ORIENTED_EDGE('',*,*,#3427,.T.);
#4575=ORIENTED_EDGE('',*,*,#3404,.F.);
#4576=ORIENTED_EDGE('',*,*,#3163,.F.);
#4577=ORIENTED_EDGE('',*,*,#3428,.F.);
#4578=ORIENTED_EDGE('',*,*,#3412,.F.);
#4579=ORIENTED_EDGE('',*,*,#3429,.F.);
#4580=ORIENTED_EDGE('',*,*,#3430,.F.);
#4581=ORIENTED_EDGE('',*,*,#3431,.F.);
#4582=ORIENTED_EDGE('',*,*,#3432,.F.);
#4583=ORIENTED_EDGE('',*,*,#3007,.T.);
#4584=ORIENTED_EDGE('',*,*,#3397,.T.);
#4585=ORIENTED_EDGE('',*,*,#3003,.T.);
#4586=ORIENTED_EDGE('',*,*,#3000,.T.);
#4587=ORIENTED_EDGE('',*,*,#2997,.T.);
#4588=ORIENTED_EDGE('',*,*,#3018,.T.);
#4589=ORIENTED_EDGE('',*,*,#3014,.T.);
#4590=ORIENTED_EDGE('',*,*,#3011,.T.);
#4591=ORIENTED_EDGE('',*,*,#3433,.T.);
#4592=ORIENTED_EDGE('',*,*,#3434,.F.);
#4593=ORIENTED_EDGE('',*,*,#3435,.T.);
#4594=ORIENTED_EDGE('',*,*,#3402,.T.);
#4595=ORIENTED_EDGE('',*,*,#3436,.F.);
#4596=ORIENTED_EDGE('',*,*,#3437,.F.);
#4597=ORIENTED_EDGE('',*,*,#3438,.T.);
#4598=ORIENTED_EDGE('',*,*,#3439,.T.);
#4599=ORIENTED_EDGE('',*,*,#3440,.T.);
#4600=ORIENTED_EDGE('',*,*,#3441,.T.);
#4601=ORIENTED_EDGE('',*,*,#3442,.T.);
#4602=ORIENTED_EDGE('',*,*,#3443,.T.);
#4603=ORIENTED_EDGE('',*,*,#3433,.F.);
#4604=ORIENTED_EDGE('',*,*,#3444,.F.);
#4605=ORIENTED_EDGE('',*,*,#3445,.F.);
#4606=ORIENTED_EDGE('',*,*,#3428,.T.);
#4607=ORIENTED_EDGE('',*,*,#3162,.T.);
#4608=ORIENTED_EDGE('',*,*,#3446,.T.);
#4609=ORIENTED_EDGE('',*,*,#3447,.T.);
#4610=ORIENTED_EDGE('',*,*,#3448,.T.);
#4611=ORIENTED_EDGE('',*,*,#3437,.T.);
#4612=ORIENTED_EDGE('',*,*,#3449,.T.);
#4613=ORIENTED_EDGE('',*,*,#3450,.F.);
#4614=ORIENTED_EDGE('',*,*,#3451,.T.);
#4615=ORIENTED_EDGE('',*,*,#3447,.F.);
#4616=ORIENTED_EDGE('',*,*,#3452,.T.);
#4617=ORIENTED_EDGE('',*,*,#3161,.F.);
#4618=ORIENTED_EDGE('',*,*,#3453,.F.);
#4619=ORIENTED_EDGE('',*,*,#3454,.T.);
#4620=ORIENTED_EDGE('',*,*,#3446,.F.);
#4621=ORIENTED_EDGE('',*,*,#3455,.F.);
#4622=ORIENTED_EDGE('',*,*,#3456,.F.);
#4623=ORIENTED_EDGE('',*,*,#3457,.F.);
#4624=ORIENTED_EDGE('',*,*,#3458,.T.);
#4625=ORIENTED_EDGE('',*,*,#3459,.T.);
#4626=ORIENTED_EDGE('',*,*,#3416,.T.);
#4627=ORIENTED_EDGE('',*,*,#3460,.T.);
#4628=ORIENTED_EDGE('',*,*,#3438,.F.);
#4629=ORIENTED_EDGE('',*,*,#3448,.F.);
#4630=ORIENTED_EDGE('',*,*,#3451,.F.);
#4631=ORIENTED_EDGE('',*,*,#3159,.F.);
#4632=ORIENTED_EDGE('',*,*,#3461,.F.);
#4633=ORIENTED_EDGE('',*,*,#3462,.F.);
#4634=ORIENTED_EDGE('',*,*,#3463,.F.);
#4635=ORIENTED_EDGE('',*,*,#3464,.F.);
#4636=ORIENTED_EDGE('',*,*,#3465,.F.);
#4637=ORIENTED_EDGE('',*,*,#3466,.F.);
#4638=ORIENTED_EDGE('',*,*,#3074,.T.);
#4639=ORIENTED_EDGE('',*,*,#3083,.T.);
#4640=ORIENTED_EDGE('',*,*,#3080,.T.);
#4641=ORIENTED_EDGE('',*,*,#3077,.T.);
#4642=ORIENTED_EDGE('',*,*,#3066,.T.);
#4643=ORIENTED_EDGE('',*,*,#3187,.T.);
#4644=ORIENTED_EDGE('',*,*,#3070,.T.);
#4645=ORIENTED_EDGE('',*,*,#3062,.T.);
#4646=ORIENTED_EDGE('',*,*,#3465,.T.);
#4647=ORIENTED_EDGE('',*,*,#3467,.T.);
#4648=ORIENTED_EDGE('',*,*,#3455,.T.);
#4649=ORIENTED_EDGE('',*,*,#3450,.T.);
#4650=ORIENTED_EDGE('',*,*,#3228,.F.);
#4651=ORIENTED_EDGE('',*,*,#3278,.F.);
#4652=ORIENTED_EDGE('',*,*,#3288,.F.);
#4653=ORIENTED_EDGE('',*,*,#3241,.F.);
#4654=ORIENTED_EDGE('',*,*,#3250,.F.);
#4655=ORIENTED_EDGE('',*,*,#3239,.T.);
#4656=ORIENTED_EDGE('',*,*,#3287,.F.);
#4657=ORIENTED_EDGE('',*,*,#3279,.T.);
#4658=ORIENTED_EDGE('',*,*,#3468,.T.);
#4659=ORIENTED_EDGE('',*,*,#3469,.F.);
#4660=ORIENTED_EDGE('',*,*,#3470,.T.);
#4661=ORIENTED_EDGE('',*,*,#3471,.T.);
#4662=ORIENTED_EDGE('',*,*,#3472,.F.);
#4663=ORIENTED_EDGE('',*,*,#3473,.T.);
#4664=ORIENTED_EDGE('',*,*,#3474,.T.);
#4665=ORIENTED_EDGE('',*,*,#3475,.T.);
#4666=ORIENTED_EDGE('',*,*,#3476,.T.);
#4667=ORIENTED_EDGE('',*,*,#3477,.T.);
#4668=ORIENTED_EDGE('',*,*,#3478,.F.);
#4669=ORIENTED_EDGE('',*,*,#3479,.T.);
#4670=ORIENTED_EDGE('',*,*,#3480,.T.);
#4671=ORIENTED_EDGE('',*,*,#3481,.F.);
#4672=ORIENTED_EDGE('',*,*,#3482,.F.);
#4673=ORIENTED_EDGE('',*,*,#3483,.F.);
#4674=ORIENTED_EDGE('',*,*,#3484,.F.);
#4675=ORIENTED_EDGE('',*,*,#3485,.T.);
#4676=ORIENTED_EDGE('',*,*,#3486,.T.);
#4677=ORIENTED_EDGE('',*,*,#3469,.T.);
#4678=ORIENTED_EDGE('',*,*,#3487,.T.);
#4679=ORIENTED_EDGE('',*,*,#3488,.F.);
#4680=ORIENTED_EDGE('',*,*,#3489,.F.);
#4681=ORIENTED_EDGE('',*,*,#3490,.F.);
#4682=ORIENTED_EDGE('',*,*,#3491,.F.);
#4683=ORIENTED_EDGE('',*,*,#3492,.F.);
#4684=ORIENTED_EDGE('',*,*,#3493,.F.);
#4685=ORIENTED_EDGE('',*,*,#3494,.F.);
#4686=ORIENTED_EDGE('',*,*,#3495,.T.);
#4687=ORIENTED_EDGE('',*,*,#3481,.T.);
#4688=ORIENTED_EDGE('',*,*,#3496,.T.);
#4689=ORIENTED_EDGE('',*,*,#3497,.T.);
#4690=ORIENTED_EDGE('',*,*,#3498,.F.);
#4691=ORIENTED_EDGE('',*,*,#3499,.F.);
#4692=ORIENTED_EDGE('',*,*,#3093,.T.);
#4693=ORIENTED_EDGE('',*,*,#3123,.T.);
#4694=ORIENTED_EDGE('',*,*,#3500,.F.);
#4695=ORIENTED_EDGE('',*,*,#3501,.F.);
#4696=ORIENTED_EDGE('',*,*,#3502,.F.);
#4697=ORIENTED_EDGE('',*,*,#3344,.T.);
#4698=ORIENTED_EDGE('',*,*,#3127,.T.);
#4699=ORIENTED_EDGE('',*,*,#3118,.T.);
#4700=ORIENTED_EDGE('',*,*,#3107,.T.);
#4701=ORIENTED_EDGE('',*,*,#3101,.T.);
#4702=ORIENTED_EDGE('',*,*,#3088,.T.);
#4703=ORIENTED_EDGE('',*,*,#3503,.T.);
#4704=ORIENTED_EDGE('',*,*,#3504,.T.);
#4705=ORIENTED_EDGE('',*,*,#3482,.T.);
#4706=ORIENTED_EDGE('',*,*,#3505,.T.);
#4707=ORIENTED_EDGE('',*,*,#3506,.F.);
#4708=ORIENTED_EDGE('',*,*,#3492,.T.);
#4709=ORIENTED_EDGE('',*,*,#3507,.F.);
#4710=ORIENTED_EDGE('',*,*,#3508,.T.);
#4711=ORIENTED_EDGE('',*,*,#3509,.T.);
#4712=ORIENTED_EDGE('',*,*,#3507,.T.);
#4713=ORIENTED_EDGE('',*,*,#3491,.T.);
#4714=ORIENTED_EDGE('',*,*,#3510,.T.);
#4715=ORIENTED_EDGE('',*,*,#3261,.F.);
#4716=ORIENTED_EDGE('',*,*,#3511,.F.);
#4717=ORIENTED_EDGE('',*,*,#3512,.F.);
#4718=ORIENTED_EDGE('',*,*,#3513,.F.);
#4719=ORIENTED_EDGE('',*,*,#3514,.F.);
#4720=ORIENTED_EDGE('',*,*,#3503,.F.);
#4721=ORIENTED_EDGE('',*,*,#3515,.F.);
#4722=ORIENTED_EDGE('',*,*,#3030,.T.);
#4723=ORIENTED_EDGE('',*,*,#3034,.T.);
#4724=ORIENTED_EDGE('',*,*,#3037,.T.);
#4725=ORIENTED_EDGE('',*,*,#3040,.T.);
#4726=ORIENTED_EDGE('',*,*,#3061,.T.);
#4727=ORIENTED_EDGE('',*,*,#3026,.T.);
#4728=ORIENTED_EDGE('',*,*,#3023,.T.);
#4729=ORIENTED_EDGE('',*,*,#3019,.T.);
#4730=ORIENTED_EDGE('',*,*,#3265,.F.);
#4731=ORIENTED_EDGE('',*,*,#3516,.F.);
#4732=ORIENTED_EDGE('',*,*,#3509,.F.);
#4733=ORIENTED_EDGE('',*,*,#3517,.F.);
#4734=ORIENTED_EDGE('',*,*,#3518,.F.);
#4735=ORIENTED_EDGE('',*,*,#3519,.F.);
#4736=ORIENTED_EDGE('',*,*,#3520,.F.);
#4737=ORIENTED_EDGE('',*,*,#3100,.T.);
#4738=ORIENTED_EDGE('',*,*,#3106,.T.);
#4739=ORIENTED_EDGE('',*,*,#3126,.T.);
#4740=ORIENTED_EDGE('',*,*,#3103,.T.);
#4741=ORIENTED_EDGE('',*,*,#3097,.T.);
#4742=ORIENTED_EDGE('',*,*,#3094,.T.);
#4743=ORIENTED_EDGE('',*,*,#3090,.T.);
#4744=ORIENTED_EDGE('',*,*,#3086,.T.);
#4745=ORIENTED_EDGE('',*,*,#3521,.T.);
#4746=ORIENTED_EDGE('',*,*,#3493,.T.);
#4747=ORIENTED_EDGE('',*,*,#3506,.T.);
#4748=ORIENTED_EDGE('',*,*,#3522,.T.);
#4749=ORIENTED_EDGE('',*,*,#3523,.T.);
#4750=ORIENTED_EDGE('',*,*,#3494,.T.);
#4751=ORIENTED_EDGE('',*,*,#3521,.F.);
#4752=ORIENTED_EDGE('',*,*,#3524,.T.);
#4753=ORIENTED_EDGE('',*,*,#3525,.F.);
#4754=ORIENTED_EDGE('',*,*,#3526,.F.);
#4755=ORIENTED_EDGE('',*,*,#3527,.F.);
#4756=ORIENTED_EDGE('',*,*,#3263,.F.);
#4757=ORIENTED_EDGE('',*,*,#3528,.F.);
#4758=ORIENTED_EDGE('',*,*,#3487,.F.);
#4759=ORIENTED_EDGE('',*,*,#3468,.F.);
#4760=ORIENTED_EDGE('',*,*,#3495,.F.);
#4761=ORIENTED_EDGE('',*,*,#3523,.F.);
#4762=ORIENTED_EDGE('',*,*,#3529,.F.);
#4763=ORIENTED_EDGE('',*,*,#3439,.F.);
#4764=ORIENTED_EDGE('',*,*,#3460,.F.);
#4765=ORIENTED_EDGE('',*,*,#3415,.F.);
#4766=ORIENTED_EDGE('',*,*,#3403,.F.);
#4767=ORIENTED_EDGE('',*,*,#3435,.F.);
#4768=ORIENTED_EDGE('',*,*,#3530,.F.);
#4769=ORIENTED_EDGE('',*,*,#3531,.F.);
#4770=ORIENTED_EDGE('',*,*,#3532,.F.);
#4771=ORIENTED_EDGE('',*,*,#3533,.T.);
#4772=ORIENTED_EDGE('',*,*,#3534,.T.);
#4773=ORIENTED_EDGE('',*,*,#3528,.T.);
#4774=ORIENTED_EDGE('',*,*,#3262,.T.);
#4775=ORIENTED_EDGE('',*,*,#3515,.T.);
#4776=ORIENTED_EDGE('',*,*,#3535,.F.);
#4777=ORIENTED_EDGE('',*,*,#3536,.F.);
#4778=ORIENTED_EDGE('',*,*,#3532,.T.);
#4779=ORIENTED_EDGE('',*,*,#3537,.F.);
#4780=ORIENTED_EDGE('',*,*,#3488,.T.);
#4781=ORIENTED_EDGE('',*,*,#3531,.T.);
#4782=ORIENTED_EDGE('',*,*,#3538,.T.);
#4783=ORIENTED_EDGE('',*,*,#3539,.T.);
#4784=ORIENTED_EDGE('',*,*,#3540,.T.);
#4785=ORIENTED_EDGE('',*,*,#3541,.T.);
#4786=ORIENTED_EDGE('',*,*,#3542,.T.);
#4787=ORIENTED_EDGE('',*,*,#3543,.T.);
#4788=ORIENTED_EDGE('',*,*,#3544,.T.);
#4789=ORIENTED_EDGE('',*,*,#3541,.F.);
#4790=ORIENTED_EDGE('',*,*,#3545,.T.);
#4791=ORIENTED_EDGE('',*,*,#3546,.T.);
#4792=ORIENTED_EDGE('',*,*,#3547,.T.);
#4793=ORIENTED_EDGE('',*,*,#3543,.F.);
#4794=ORIENTED_EDGE('',*,*,#3548,.T.);
#4795=ORIENTED_EDGE('',*,*,#3549,.T.);
#4796=ORIENTED_EDGE('',*,*,#3550,.T.);
#4797=ORIENTED_EDGE('',*,*,#3551,.T.);
#4798=ORIENTED_EDGE('',*,*,#3552,.T.);
#4799=ORIENTED_EDGE('',*,*,#3257,.T.);
#4800=ORIENTED_EDGE('',*,*,#3553,.T.);
#4801=ORIENTED_EDGE('',*,*,#3551,.F.);
#4802=ORIENTED_EDGE('',*,*,#3554,.T.);
#4803=ORIENTED_EDGE('',*,*,#3555,.T.);
#4804=ORIENTED_EDGE('',*,*,#3321,.T.);
#4805=ORIENTED_EDGE('',*,*,#3556,.T.);
#4806=ORIENTED_EDGE('',*,*,#3557,.T.);
#4807=ORIENTED_EDGE('',*,*,#3558,.T.);
#4808=ORIENTED_EDGE('',*,*,#3306,.F.);
#4809=ORIENTED_EDGE('',*,*,#3559,.T.);
#4810=ORIENTED_EDGE('',*,*,#3560,.T.);
#4811=ORIENTED_EDGE('',*,*,#3307,.T.);
#4812=ORIENTED_EDGE('',*,*,#3558,.F.);
#4813=ORIENTED_EDGE('',*,*,#3561,.T.);
#4814=ORIENTED_EDGE('',*,*,#3562,.T.);
#4815=ORIENTED_EDGE('',*,*,#3556,.F.);
#4816=ORIENTED_EDGE('',*,*,#3320,.T.);
#4817=ORIENTED_EDGE('',*,*,#3561,.F.);
#4818=ORIENTED_EDGE('',*,*,#3563,.T.);
#4819=ORIENTED_EDGE('',*,*,#3549,.F.);
#4820=ORIENTED_EDGE('',*,*,#3564,.T.);
#4821=ORIENTED_EDGE('',*,*,#3560,.F.);
#4822=ORIENTED_EDGE('',*,*,#3565,.T.);
#4823=ORIENTED_EDGE('',*,*,#3539,.F.);
#4824=ORIENTED_EDGE('',*,*,#3308,.T.);
#4825=ORIENTED_EDGE('',*,*,#3254,.T.);
#4826=ORIENTED_EDGE('',*,*,#3566,.T.);
#4827=ORIENTED_EDGE('',*,*,#3546,.F.);
#4828=ORIENTED_EDGE('',*,*,#3567,.T.);
#4829=ORIENTED_EDGE('',*,*,#3542,.F.);
#4830=ORIENTED_EDGE('',*,*,#3544,.F.);
#4831=ORIENTED_EDGE('',*,*,#3547,.F.);
#4832=ORIENTED_EDGE('',*,*,#3568,.T.);
#4833=ORIENTED_EDGE('',*,*,#3053,.T.);
#4834=ORIENTED_EDGE('',*,*,#3309,.T.);
#4835=ORIENTED_EDGE('',*,*,#3566,.F.);
#4836=ORIENTED_EDGE('',*,*,#3253,.F.);
#4837=ORIENTED_EDGE('',*,*,#3569,.F.);
#4838=ORIENTED_EDGE('',*,*,#3054,.T.);
#4839=ORIENTED_EDGE('',*,*,#3568,.F.);
#4840=ORIENTED_EDGE('',*,*,#3567,.F.);
#4841=ORIENTED_EDGE('',*,*,#3548,.F.);
#4842=ORIENTED_EDGE('',*,*,#3545,.F.);
#4843=ORIENTED_EDGE('',*,*,#3540,.F.);
#4844=ORIENTED_EDGE('',*,*,#3565,.F.);
#4845=ORIENTED_EDGE('',*,*,#3559,.F.);
#4846=ORIENTED_EDGE('',*,*,#3557,.F.);
#4847=ORIENTED_EDGE('',*,*,#3562,.F.);
#4848=ORIENTED_EDGE('',*,*,#3564,.F.);
#4849=ORIENTED_EDGE('',*,*,#3570,.F.);
#4850=ORIENTED_EDGE('',*,*,#3255,.F.);
#4851=ORIENTED_EDGE('',*,*,#3571,.T.);
#4852=ORIENTED_EDGE('',*,*,#3572,.T.);
#4853=ORIENTED_EDGE('',*,*,#3573,.T.);
#4854=ORIENTED_EDGE('',*,*,#3574,.T.);
#4855=ORIENTED_EDGE('',*,*,#3361,.T.);
#4856=ORIENTED_EDGE('',*,*,#3575,.T.);
#4857=ORIENTED_EDGE('',*,*,#3573,.F.);
#4858=ORIENTED_EDGE('',*,*,#3576,.T.);
#4859=ORIENTED_EDGE('',*,*,#3577,.T.);
#4860=ORIENTED_EDGE('',*,*,#3578,.T.);
#4861=ORIENTED_EDGE('',*,*,#3357,.T.);
#4862=ORIENTED_EDGE('',*,*,#3579,.T.);
#4863=ORIENTED_EDGE('',*,*,#3317,.T.);
#4864=ORIENTED_EDGE('',*,*,#3580,.T.);
#4865=ORIENTED_EDGE('',*,*,#3581,.T.);
#4866=ORIENTED_EDGE('',*,*,#3578,.F.);
#4867=ORIENTED_EDGE('',*,*,#3316,.T.);
#4868=ORIENTED_EDGE('',*,*,#3582,.T.);
#4869=ORIENTED_EDGE('',*,*,#3583,.T.);
#4870=ORIENTED_EDGE('',*,*,#3580,.F.);
#4871=ORIENTED_EDGE('',*,*,#3315,.T.);
#4872=ORIENTED_EDGE('',*,*,#3371,.T.);
#4873=ORIENTED_EDGE('',*,*,#3584,.T.);
#4874=ORIENTED_EDGE('',*,*,#3585,.T.);
#4875=ORIENTED_EDGE('',*,*,#3586,.T.);
#4876=ORIENTED_EDGE('',*,*,#3587,.T.);
#4877=ORIENTED_EDGE('',*,*,#3588,.T.);
#4878=ORIENTED_EDGE('',*,*,#3589,.T.);
#4879=ORIENTED_EDGE('',*,*,#3586,.F.);
#4880=ORIENTED_EDGE('',*,*,#3590,.T.);
#4881=ORIENTED_EDGE('',*,*,#3591,.T.);
#4882=ORIENTED_EDGE('',*,*,#3355,.T.);
#4883=ORIENTED_EDGE('',*,*,#3588,.F.);
#4884=ORIENTED_EDGE('',*,*,#3592,.T.);
#4885=ORIENTED_EDGE('',*,*,#3591,.F.);
#4886=ORIENTED_EDGE('',*,*,#3318,.T.);
#4887=ORIENTED_EDGE('',*,*,#3579,.F.);
#4888=ORIENTED_EDGE('',*,*,#3356,.T.);
#4889=ORIENTED_EDGE('',*,*,#3593,.T.);
#4890=ORIENTED_EDGE('',*,*,#3594,.T.);
#4891=ORIENTED_EDGE('',*,*,#3582,.F.);
#4892=ORIENTED_EDGE('',*,*,#3314,.T.);
#4893=ORIENTED_EDGE('',*,*,#3593,.F.);
#4894=ORIENTED_EDGE('',*,*,#3595,.T.);
#4895=ORIENTED_EDGE('',*,*,#3571,.F.);
#4896=ORIENTED_EDGE('',*,*,#3596,.T.);
#4897=ORIENTED_EDGE('',*,*,#3576,.F.);
#4898=ORIENTED_EDGE('',*,*,#3597,.T.);
#4899=ORIENTED_EDGE('',*,*,#3598,.T.);
#4900=ORIENTED_EDGE('',*,*,#3572,.F.);
#4901=ORIENTED_EDGE('',*,*,#3595,.F.);
#4902=ORIENTED_EDGE('',*,*,#3313,.F.);
#4903=ORIENTED_EDGE('',*,*,#3599,.F.);
#4904=ORIENTED_EDGE('',*,*,#3600,.F.);
#4905=ORIENTED_EDGE('',*,*,#3601,.F.);
#4906=ORIENTED_EDGE('',*,*,#3602,.T.);
#4907=ORIENTED_EDGE('',*,*,#3603,.T.);
#4908=ORIENTED_EDGE('',*,*,#3604,.T.);
#4909=ORIENTED_EDGE('',*,*,#3597,.F.);
#4910=ORIENTED_EDGE('',*,*,#3563,.F.);
#4911=ORIENTED_EDGE('',*,*,#3319,.F.);
#4912=ORIENTED_EDGE('',*,*,#3592,.F.);
#4913=ORIENTED_EDGE('',*,*,#3590,.F.);
#4914=ORIENTED_EDGE('',*,*,#3605,.F.);
#4915=ORIENTED_EDGE('',*,*,#3606,.T.);
#4916=ORIENTED_EDGE('',*,*,#3607,.T.);
#4917=ORIENTED_EDGE('',*,*,#3608,.T.);
#4918=ORIENTED_EDGE('',*,*,#3609,.F.);
#4919=ORIENTED_EDGE('',*,*,#3550,.F.);
#4920=ORIENTED_EDGE('',*,*,#3585,.F.);
#4921=ORIENTED_EDGE('',*,*,#3610,.T.);
#4922=ORIENTED_EDGE('',*,*,#3605,.T.);
#4923=ORIENTED_EDGE('',*,*,#3611,.T.);
#4924=ORIENTED_EDGE('',*,*,#3612,.T.);
#4925=ORIENTED_EDGE('',*,*,#3613,.T.);
#4926=ORIENTED_EDGE('',*,*,#3614,.T.);
#4927=ORIENTED_EDGE('',*,*,#3615,.T.);
#4928=ORIENTED_EDGE('',*,*,#3616,.T.);
#4929=ORIENTED_EDGE('',*,*,#3613,.F.);
#4930=ORIENTED_EDGE('',*,*,#3617,.T.);
#4931=ORIENTED_EDGE('',*,*,#3618,.T.);
#4932=ORIENTED_EDGE('',*,*,#3619,.T.);
#4933=ORIENTED_EDGE('',*,*,#3615,.F.);
#4934=ORIENTED_EDGE('',*,*,#3620,.T.);
#4935=ORIENTED_EDGE('',*,*,#3347,.T.);
#4936=ORIENTED_EDGE('',*,*,#3621,.T.);
#4937=ORIENTED_EDGE('',*,*,#3622,.T.);
#4938=ORIENTED_EDGE('',*,*,#3623,.T.);
#4939=ORIENTED_EDGE('',*,*,#3624,.T.);
#4940=ORIENTED_EDGE('',*,*,#3625,.T.);
#4941=ORIENTED_EDGE('',*,*,#3311,.T.);
#4942=ORIENTED_EDGE('',*,*,#3348,.F.);
#4943=ORIENTED_EDGE('',*,*,#3623,.F.);
#4944=ORIENTED_EDGE('',*,*,#3269,.T.);
#4945=ORIENTED_EDGE('',*,*,#3626,.T.);
#4946=ORIENTED_EDGE('',*,*,#3627,.T.);
#4947=ORIENTED_EDGE('',*,*,#3628,.T.);
#4948=ORIENTED_EDGE('',*,*,#3629,.T.);
#4949=ORIENTED_EDGE('',*,*,#3630,.T.);
#4950=ORIENTED_EDGE('',*,*,#3631,.T.);
#4951=ORIENTED_EDGE('',*,*,#3628,.F.);
#4952=ORIENTED_EDGE('',*,*,#3600,.T.);
#4953=ORIENTED_EDGE('',*,*,#3632,.T.);
#4954=ORIENTED_EDGE('',*,*,#3633,.T.);
#4955=ORIENTED_EDGE('',*,*,#3630,.F.);
#4956=ORIENTED_EDGE('',*,*,#3599,.T.);
#4957=ORIENTED_EDGE('',*,*,#3632,.F.);
#4958=ORIENTED_EDGE('',*,*,#3312,.T.);
#4959=ORIENTED_EDGE('',*,*,#3625,.F.);
#4960=ORIENTED_EDGE('',*,*,#3634,.T.);
#4961=ORIENTED_EDGE('',*,*,#3621,.F.);
#4962=ORIENTED_EDGE('',*,*,#3346,.T.);
#4963=ORIENTED_EDGE('',*,*,#3611,.F.);
#4964=ORIENTED_EDGE('',*,*,#3635,.T.);
#4965=ORIENTED_EDGE('',*,*,#3272,.F.);
#4966=ORIENTED_EDGE('',*,*,#3636,.T.);
#4967=ORIENTED_EDGE('',*,*,#3618,.F.);
#4968=ORIENTED_EDGE('',*,*,#3637,.T.);
#4969=ORIENTED_EDGE('',*,*,#3637,.F.);
#4970=ORIENTED_EDGE('',*,*,#3638,.F.);
#4971=ORIENTED_EDGE('',*,*,#3501,.T.);
#4972=ORIENTED_EDGE('',*,*,#3639,.F.);
#4973=ORIENTED_EDGE('',*,*,#3273,.F.);
#4974=ORIENTED_EDGE('',*,*,#3620,.F.);
#4975=ORIENTED_EDGE('',*,*,#3617,.F.);
#4976=ORIENTED_EDGE('',*,*,#3612,.F.);
#4977=ORIENTED_EDGE('',*,*,#3345,.T.);
#4978=ORIENTED_EDGE('',*,*,#3502,.T.);
#4979=ORIENTED_EDGE('',*,*,#3638,.T.);
#4980=ORIENTED_EDGE('',*,*,#3627,.F.);
#4981=ORIENTED_EDGE('',*,*,#3640,.T.);
#4982=ORIENTED_EDGE('',*,*,#3601,.T.);
#4983=ORIENTED_EDGE('',*,*,#3342,.T.);
#4984=ORIENTED_EDGE('',*,*,#3641,.T.);
#4985=ORIENTED_EDGE('',*,*,#3642,.T.);
#4986=ORIENTED_EDGE('',*,*,#3643,.T.);
#4987=ORIENTED_EDGE('',*,*,#3644,.T.);
#4988=ORIENTED_EDGE('',*,*,#3645,.T.);
#4989=ORIENTED_EDGE('',*,*,#3328,.T.);
#4990=ORIENTED_EDGE('',*,*,#3343,.F.);
#4991=ORIENTED_EDGE('',*,*,#3643,.F.);
#4992=ORIENTED_EDGE('',*,*,#3167,.T.);
#4993=ORIENTED_EDGE('',*,*,#3646,.T.);
#4994=ORIENTED_EDGE('',*,*,#3647,.T.);
#4995=ORIENTED_EDGE('',*,*,#3648,.T.);
#4996=ORIENTED_EDGE('',*,*,#3649,.T.);
#4997=ORIENTED_EDGE('',*,*,#3650,.T.);
#4998=ORIENTED_EDGE('',*,*,#3651,.T.);
#4999=ORIENTED_EDGE('',*,*,#3648,.F.);
#5000=ORIENTED_EDGE('',*,*,#3652,.T.);
#5001=ORIENTED_EDGE('',*,*,#3653,.T.);
#5002=ORIENTED_EDGE('',*,*,#3654,.T.);
#5003=ORIENTED_EDGE('',*,*,#3650,.F.);
#5004=ORIENTED_EDGE('',*,*,#3655,.T.);
#5005=ORIENTED_EDGE('',*,*,#3653,.F.);
#5006=ORIENTED_EDGE('',*,*,#3329,.T.);
#5007=ORIENTED_EDGE('',*,*,#3645,.F.);
#5008=ORIENTED_EDGE('',*,*,#3656,.T.);
#5009=ORIENTED_EDGE('',*,*,#3657,.T.);
#5010=ORIENTED_EDGE('',*,*,#3658,.T.);
#5011=ORIENTED_EDGE('',*,*,#3659,.T.);
#5012=ORIENTED_EDGE('',*,*,#3660,.T.);
#5013=ORIENTED_EDGE('',*,*,#3657,.F.);
#5014=ORIENTED_EDGE('',*,*,#3661,.T.);
#5015=ORIENTED_EDGE('',*,*,#3641,.F.);
#5016=ORIENTED_EDGE('',*,*,#3341,.T.);
#5017=ORIENTED_EDGE('',*,*,#3662,.T.);
#5018=ORIENTED_EDGE('',*,*,#3663,.T.);
#5019=ORIENTED_EDGE('',*,*,#3659,.F.);
#5020=ORIENTED_EDGE('',*,*,#3664,.T.);
#5021=ORIENTED_EDGE('',*,*,#3665,.T.);
#5022=ORIENTED_EDGE('',*,*,#3666,.T.);
#5023=ORIENTED_EDGE('',*,*,#3662,.F.);
#5024=ORIENTED_EDGE('',*,*,#3667,.T.);
#5025=ORIENTED_EDGE('',*,*,#3170,.F.);
#5026=ORIENTED_EDGE('',*,*,#3668,.T.);
#5027=ORIENTED_EDGE('',*,*,#3665,.F.);
#5028=ORIENTED_EDGE('',*,*,#3669,.T.);
#5029=ORIENTED_EDGE('',*,*,#3655,.F.);
#5030=ORIENTED_EDGE('',*,*,#3652,.F.);
#5031=ORIENTED_EDGE('',*,*,#3670,.F.);
#5032=ORIENTED_EDGE('',*,*,#3671,.T.);
#5033=ORIENTED_EDGE('',*,*,#3672,.T.);
#5034=ORIENTED_EDGE('',*,*,#3673,.T.);
#5035=ORIENTED_EDGE('',*,*,#3674,.F.);
#5036=ORIENTED_EDGE('',*,*,#3675,.F.);
#5037=ORIENTED_EDGE('',*,*,#3676,.F.);
#5038=ORIENTED_EDGE('',*,*,#3330,.F.);
#5039=ORIENTED_EDGE('',*,*,#3647,.F.);
#5040=ORIENTED_EDGE('',*,*,#3677,.T.);
#5041=ORIENTED_EDGE('',*,*,#3670,.T.);
#5042=ORIENTED_EDGE('',*,*,#3649,.F.);
#5043=ORIENTED_EDGE('',*,*,#3651,.F.);
#5044=ORIENTED_EDGE('',*,*,#3678,.F.);
#5045=ORIENTED_EDGE('',*,*,#3168,.F.);
#5046=ORIENTED_EDGE('',*,*,#3654,.F.);
#5047=ORIENTED_EDGE('',*,*,#3656,.F.);
#5048=ORIENTED_EDGE('',*,*,#3644,.F.);
#5049=ORIENTED_EDGE('',*,*,#3642,.F.);
#5050=ORIENTED_EDGE('',*,*,#3661,.F.);
#5051=ORIENTED_EDGE('',*,*,#3660,.F.);
#5052=ORIENTED_EDGE('',*,*,#3663,.F.);
#5053=ORIENTED_EDGE('',*,*,#3666,.F.);
#5054=ORIENTED_EDGE('',*,*,#3668,.F.);
#5055=ORIENTED_EDGE('',*,*,#3169,.F.);
#5056=ORIENTED_EDGE('',*,*,#3678,.T.);
#5057=ORIENTED_EDGE('',*,*,#3679,.T.);
#5058=ORIENTED_EDGE('',*,*,#3675,.T.);
#5059=ORIENTED_EDGE('',*,*,#3680,.T.);
#5060=ORIENTED_EDGE('',*,*,#3681,.T.);
#5061=ORIENTED_EDGE('',*,*,#3385,.T.);
#5062=ORIENTED_EDGE('',*,*,#3682,.T.);
#5063=ORIENTED_EDGE('',*,*,#3680,.F.);
#5064=ORIENTED_EDGE('',*,*,#3683,.T.);
#5065=ORIENTED_EDGE('',*,*,#3684,.T.);
#5066=ORIENTED_EDGE('',*,*,#3685,.T.);
#5067=ORIENTED_EDGE('',*,*,#3381,.T.);
#5068=ORIENTED_EDGE('',*,*,#3686,.T.);
#5069=ORIENTED_EDGE('',*,*,#3334,.T.);
#5070=ORIENTED_EDGE('',*,*,#3687,.T.);
#5071=ORIENTED_EDGE('',*,*,#3688,.T.);
#5072=ORIENTED_EDGE('',*,*,#3685,.F.);
#5073=ORIENTED_EDGE('',*,*,#3333,.T.);
#5074=ORIENTED_EDGE('',*,*,#3689,.T.);
#5075=ORIENTED_EDGE('',*,*,#3690,.T.);
#5076=ORIENTED_EDGE('',*,*,#3687,.F.);
#5077=ORIENTED_EDGE('',*,*,#3332,.T.);
#5078=ORIENTED_EDGE('',*,*,#3395,.T.);
#5079=ORIENTED_EDGE('',*,*,#3691,.T.);
#5080=ORIENTED_EDGE('',*,*,#3692,.T.);
#5081=ORIENTED_EDGE('',*,*,#3693,.T.);
#5082=ORIENTED_EDGE('',*,*,#3694,.T.);
#5083=ORIENTED_EDGE('',*,*,#3695,.T.);
#5084=ORIENTED_EDGE('',*,*,#3696,.T.);
#5085=ORIENTED_EDGE('',*,*,#3693,.F.);
#5086=ORIENTED_EDGE('',*,*,#3697,.T.);
#5087=ORIENTED_EDGE('',*,*,#3698,.T.);
#5088=ORIENTED_EDGE('',*,*,#3379,.T.);
#5089=ORIENTED_EDGE('',*,*,#3695,.F.);
#5090=ORIENTED_EDGE('',*,*,#3699,.T.);
#5091=ORIENTED_EDGE('',*,*,#3698,.F.);
#5092=ORIENTED_EDGE('',*,*,#3335,.T.);
#5093=ORIENTED_EDGE('',*,*,#3686,.F.);
#5094=ORIENTED_EDGE('',*,*,#3380,.T.);
#5095=ORIENTED_EDGE('',*,*,#3700,.T.);
#5096=ORIENTED_EDGE('',*,*,#3701,.T.);
#5097=ORIENTED_EDGE('',*,*,#3689,.F.);
#5098=ORIENTED_EDGE('',*,*,#3331,.T.);
#5099=ORIENTED_EDGE('',*,*,#3700,.F.);
#5100=ORIENTED_EDGE('',*,*,#3676,.T.);
#5101=ORIENTED_EDGE('',*,*,#3679,.F.);
#5102=ORIENTED_EDGE('',*,*,#3702,.T.);
#5103=ORIENTED_EDGE('',*,*,#3683,.F.);
#5104=ORIENTED_EDGE('',*,*,#3674,.T.);
#5105=ORIENTED_EDGE('',*,*,#3703,.T.);
#5106=ORIENTED_EDGE('',*,*,#3699,.F.);
#5107=ORIENTED_EDGE('',*,*,#3697,.F.);
#5108=ORIENTED_EDGE('',*,*,#3704,.F.);
#5109=ORIENTED_EDGE('',*,*,#3705,.T.);
#5110=ORIENTED_EDGE('',*,*,#3706,.T.);
#5111=ORIENTED_EDGE('',*,*,#3707,.T.);
#5112=ORIENTED_EDGE('',*,*,#3708,.F.);
#5113=ORIENTED_EDGE('',*,*,#3709,.F.);
#5114=ORIENTED_EDGE('',*,*,#3710,.F.);
#5115=ORIENTED_EDGE('',*,*,#3336,.F.);
#5116=ORIENTED_EDGE('',*,*,#3692,.F.);
#5117=ORIENTED_EDGE('',*,*,#3711,.T.);
#5118=ORIENTED_EDGE('',*,*,#3704,.T.);
#5119=ORIENTED_EDGE('',*,*,#3712,.T.);
#5120=ORIENTED_EDGE('',*,*,#3713,.T.);
#5121=ORIENTED_EDGE('',*,*,#3714,.T.);
#5122=ORIENTED_EDGE('',*,*,#3715,.T.);
#5123=ORIENTED_EDGE('',*,*,#3716,.T.);
#5124=ORIENTED_EDGE('',*,*,#3717,.T.);
#5125=ORIENTED_EDGE('',*,*,#3714,.F.);
#5126=ORIENTED_EDGE('',*,*,#3718,.T.);
#5127=ORIENTED_EDGE('',*,*,#3719,.T.);
#5128=ORIENTED_EDGE('',*,*,#3720,.T.);
#5129=ORIENTED_EDGE('',*,*,#3716,.F.);
#5130=ORIENTED_EDGE('',*,*,#3721,.T.);
#5131=ORIENTED_EDGE('',*,*,#3338,.T.);
#5132=ORIENTED_EDGE('',*,*,#3722,.T.);
#5133=ORIENTED_EDGE('',*,*,#3723,.T.);
#5134=ORIENTED_EDGE('',*,*,#3724,.T.);
#5135=ORIENTED_EDGE('',*,*,#3323,.F.);
#5136=ORIENTED_EDGE('',*,*,#3725,.T.);
#5137=ORIENTED_EDGE('',*,*,#3726,.T.);
#5138=ORIENTED_EDGE('',*,*,#3324,.T.);
#5139=ORIENTED_EDGE('',*,*,#3724,.F.);
#5140=ORIENTED_EDGE('',*,*,#3155,.T.);
#5141=ORIENTED_EDGE('',*,*,#3727,.T.);
#5142=ORIENTED_EDGE('',*,*,#3728,.T.);
#5143=ORIENTED_EDGE('',*,*,#3729,.T.);
#5144=ORIENTED_EDGE('',*,*,#3730,.T.);
#5145=ORIENTED_EDGE('',*,*,#3731,.T.);
#5146=ORIENTED_EDGE('',*,*,#3709,.T.);
#5147=ORIENTED_EDGE('',*,*,#3728,.F.);
#5148=ORIENTED_EDGE('',*,*,#3732,.T.);
#5149=ORIENTED_EDGE('',*,*,#3733,.T.);
#5150=ORIENTED_EDGE('',*,*,#3710,.T.);
#5151=ORIENTED_EDGE('',*,*,#3731,.F.);
#5152=ORIENTED_EDGE('',*,*,#3734,.T.);
#5153=ORIENTED_EDGE('',*,*,#3733,.F.);
#5154=ORIENTED_EDGE('',*,*,#3735,.T.);
#5155=ORIENTED_EDGE('',*,*,#3722,.F.);
#5156=ORIENTED_EDGE('',*,*,#3337,.T.);
#5157=ORIENTED_EDGE('',*,*,#3726,.F.);
#5158=ORIENTED_EDGE('',*,*,#3736,.T.);
#5159=ORIENTED_EDGE('',*,*,#3712,.F.);
#5160=ORIENTED_EDGE('',*,*,#3325,.T.);
#5161=ORIENTED_EDGE('',*,*,#3152,.T.);
#5162=ORIENTED_EDGE('',*,*,#3737,.T.);
#5163=ORIENTED_EDGE('',*,*,#3719,.F.);
#5164=ORIENTED_EDGE('',*,*,#3738,.T.);
#5165=ORIENTED_EDGE('',*,*,#3738,.F.);
#5166=ORIENTED_EDGE('',*,*,#3721,.F.);
#5167=ORIENTED_EDGE('',*,*,#3718,.F.);
#5168=ORIENTED_EDGE('',*,*,#3713,.F.);
#5169=ORIENTED_EDGE('',*,*,#3736,.F.);
#5170=ORIENTED_EDGE('',*,*,#3725,.F.);
#5171=ORIENTED_EDGE('',*,*,#3723,.F.);
#5172=ORIENTED_EDGE('',*,*,#3735,.F.);
#5173=ORIENTED_EDGE('',*,*,#3734,.F.);
#5174=ORIENTED_EDGE('',*,*,#3739,.F.);
#5175=ORIENTED_EDGE('',*,*,#3153,.F.);
#5176=ORIENTED_EDGE('',*,*,#3732,.F.);
#5177=ORIENTED_EDGE('',*,*,#3727,.F.);
#5178=ORIENTED_EDGE('',*,*,#3154,.F.);
#5179=ORIENTED_EDGE('',*,*,#3739,.T.);
#5180=ORIENTED_EDGE('',*,*,#3707,.F.);
#5181=ORIENTED_EDGE('',*,*,#3740,.T.);
#5182=ORIENTED_EDGE('',*,*,#3741,.F.);
#5183=ORIENTED_EDGE('',*,*,#3742,.F.);
#5184=ORIENTED_EDGE('',*,*,#3743,.F.);
#5185=ORIENTED_EDGE('',*,*,#3744,.F.);
#5186=ORIENTED_EDGE('',*,*,#3705,.F.);
#5187=ORIENTED_EDGE('',*,*,#3711,.F.);
#5188=ORIENTED_EDGE('',*,*,#3745,.T.);
#5189=ORIENTED_EDGE('',*,*,#3746,.F.);
#5190=ORIENTED_EDGE('',*,*,#3747,.F.);
#5191=ORIENTED_EDGE('',*,*,#3748,.F.);
#5192=ORIENTED_EDGE('',*,*,#3706,.F.);
#5193=ORIENTED_EDGE('',*,*,#3748,.T.);
#5194=ORIENTED_EDGE('',*,*,#3749,.F.);
#5195=ORIENTED_EDGE('',*,*,#3740,.F.);
#5196=ORIENTED_EDGE('',*,*,#3691,.F.);
#5197=ORIENTED_EDGE('',*,*,#3394,.F.);
#5198=ORIENTED_EDGE('',*,*,#3750,.F.);
#5199=ORIENTED_EDGE('',*,*,#3745,.F.);
#5200=ORIENTED_EDGE('',*,*,#3751,.F.);
#5201=ORIENTED_EDGE('',*,*,#3156,.F.);
#5202=ORIENTED_EDGE('',*,*,#3730,.F.);
#5203=ORIENTED_EDGE('',*,*,#3743,.T.);
#5204=ORIENTED_EDGE('',*,*,#3673,.F.);
#5205=ORIENTED_EDGE('',*,*,#3752,.T.);
#5206=ORIENTED_EDGE('',*,*,#3753,.F.);
#5207=ORIENTED_EDGE('',*,*,#3754,.F.);
#5208=ORIENTED_EDGE('',*,*,#3755,.F.);
#5209=ORIENTED_EDGE('',*,*,#3703,.F.);
#5210=ORIENTED_EDGE('',*,*,#3671,.F.);
#5211=ORIENTED_EDGE('',*,*,#3677,.F.);
#5212=ORIENTED_EDGE('',*,*,#3756,.T.);
#5213=ORIENTED_EDGE('',*,*,#3757,.F.);
#5214=ORIENTED_EDGE('',*,*,#3758,.F.);
#5215=ORIENTED_EDGE('',*,*,#3759,.F.);
#5216=ORIENTED_EDGE('',*,*,#3672,.F.);
#5217=ORIENTED_EDGE('',*,*,#3759,.T.);
#5218=ORIENTED_EDGE('',*,*,#3760,.F.);
#5219=ORIENTED_EDGE('',*,*,#3752,.F.);
#5220=ORIENTED_EDGE('',*,*,#3646,.F.);
#5221=ORIENTED_EDGE('',*,*,#3166,.F.);
#5222=ORIENTED_EDGE('',*,*,#3761,.F.);
#5223=ORIENTED_EDGE('',*,*,#3756,.F.);
#5224=ORIENTED_EDGE('',*,*,#3762,.F.);
#5225=ORIENTED_EDGE('',*,*,#3386,.F.);
#5226=ORIENTED_EDGE('',*,*,#3684,.F.);
#5227=ORIENTED_EDGE('',*,*,#3755,.T.);
#5228=ORIENTED_EDGE('',*,*,#3741,.T.);
#5229=ORIENTED_EDGE('',*,*,#3749,.T.);
#5230=ORIENTED_EDGE('',*,*,#3747,.T.);
#5231=ORIENTED_EDGE('',*,*,#3763,.T.);
#5232=ORIENTED_EDGE('',*,*,#3764,.T.);
#5233=ORIENTED_EDGE('',*,*,#3419,.T.);
#5234=ORIENTED_EDGE('',*,*,#3765,.T.);
#5235=ORIENTED_EDGE('',*,*,#3766,.T.);
#5236=ORIENTED_EDGE('',*,*,#3729,.F.);
#5237=ORIENTED_EDGE('',*,*,#3708,.T.);
#5238=ORIENTED_EDGE('',*,*,#3744,.T.);
#5239=ORIENTED_EDGE('',*,*,#3746,.T.);
#5240=ORIENTED_EDGE('',*,*,#3750,.T.);
#5241=ORIENTED_EDGE('',*,*,#3393,.F.);
#5242=ORIENTED_EDGE('',*,*,#3767,.T.);
#5243=ORIENTED_EDGE('',*,*,#3763,.F.);
#5244=ORIENTED_EDGE('',*,*,#3753,.T.);
#5245=ORIENTED_EDGE('',*,*,#3760,.T.);
#5246=ORIENTED_EDGE('',*,*,#3758,.T.);
#5247=ORIENTED_EDGE('',*,*,#3768,.T.);
#5248=ORIENTED_EDGE('',*,*,#3769,.T.);
#5249=ORIENTED_EDGE('',*,*,#3425,.T.);
#5250=ORIENTED_EDGE('',*,*,#3770,.T.);
#5251=ORIENTED_EDGE('',*,*,#3771,.T.);
#5252=ORIENTED_EDGE('',*,*,#3757,.T.);
#5253=ORIENTED_EDGE('',*,*,#3761,.T.);
#5254=ORIENTED_EDGE('',*,*,#3165,.F.);
#5255=ORIENTED_EDGE('',*,*,#3772,.F.);
#5256=ORIENTED_EDGE('',*,*,#3773,.F.);
#5257=ORIENTED_EDGE('',*,*,#3774,.F.);
#5258=ORIENTED_EDGE('',*,*,#3775,.F.);
#5259=ORIENTED_EDGE('',*,*,#3776,.F.);
#5260=ORIENTED_EDGE('',*,*,#3777,.T.);
#5261=ORIENTED_EDGE('',*,*,#3768,.F.);
#5262=ORIENTED_EDGE('',*,*,#3778,.F.);
#5263=ORIENTED_EDGE('',*,*,#3779,.T.);
#5264=ORIENTED_EDGE('',*,*,#3602,.F.);
#5265=ORIENTED_EDGE('',*,*,#3640,.F.);
#5266=ORIENTED_EDGE('',*,*,#3780,.F.);
#5267=ORIENTED_EDGE('',*,*,#3781,.F.);
#5268=ORIENTED_EDGE('',*,*,#3577,.F.);
#5269=ORIENTED_EDGE('',*,*,#3782,.F.);
#5270=ORIENTED_EDGE('',*,*,#3783,.F.);
#5271=ORIENTED_EDGE('',*,*,#3362,.F.);
#5272=ORIENTED_EDGE('',*,*,#3784,.F.);
#5273=ORIENTED_EDGE('',*,*,#3785,.T.);
#5274=ORIENTED_EDGE('',*,*,#3603,.F.);
#5275=ORIENTED_EDGE('',*,*,#3779,.F.);
#5276=ORIENTED_EDGE('',*,*,#3786,.F.);
#5277=ORIENTED_EDGE('',*,*,#3787,.F.);
#5278=ORIENTED_EDGE('',*,*,#3782,.T.);
#5279=ORIENTED_EDGE('',*,*,#3598,.F.);
#5280=ORIENTED_EDGE('',*,*,#3604,.F.);
#5281=ORIENTED_EDGE('',*,*,#3785,.F.);
#5282=ORIENTED_EDGE('',*,*,#3626,.F.);
#5283=ORIENTED_EDGE('',*,*,#3268,.F.);
#5284=ORIENTED_EDGE('',*,*,#3788,.F.);
#5285=ORIENTED_EDGE('',*,*,#3780,.T.);
#5286=ORIENTED_EDGE('',*,*,#3789,.F.);
#5287=ORIENTED_EDGE('',*,*,#3790,.T.);
#5288=ORIENTED_EDGE('',*,*,#3606,.F.);
#5289=ORIENTED_EDGE('',*,*,#3610,.F.);
#5290=ORIENTED_EDGE('',*,*,#3791,.F.);
#5291=ORIENTED_EDGE('',*,*,#3792,.F.);
#5292=ORIENTED_EDGE('',*,*,#3555,.F.);
#5293=ORIENTED_EDGE('',*,*,#3793,.F.);
#5294=ORIENTED_EDGE('',*,*,#3794,.F.);
#5295=ORIENTED_EDGE('',*,*,#3258,.F.);
#5296=ORIENTED_EDGE('',*,*,#3795,.F.);
#5297=ORIENTED_EDGE('',*,*,#3796,.T.);
#5298=ORIENTED_EDGE('',*,*,#3607,.F.);
#5299=ORIENTED_EDGE('',*,*,#3790,.F.);
#5300=ORIENTED_EDGE('',*,*,#3797,.F.);
#5301=ORIENTED_EDGE('',*,*,#3798,.F.);
#5302=ORIENTED_EDGE('',*,*,#3793,.T.);
#5303=ORIENTED_EDGE('',*,*,#3799,.F.);
#5304=ORIENTED_EDGE('',*,*,#3608,.F.);
#5305=ORIENTED_EDGE('',*,*,#3796,.F.);
#5306=ORIENTED_EDGE('',*,*,#3584,.F.);
#5307=ORIENTED_EDGE('',*,*,#3370,.F.);
#5308=ORIENTED_EDGE('',*,*,#3800,.F.);
#5309=ORIENTED_EDGE('',*,*,#3791,.T.);
#5310=ORIENTED_EDGE('',*,*,#3787,.T.);
#5311=ORIENTED_EDGE('',*,*,#3801,.F.);
#5312=ORIENTED_EDGE('',*,*,#3802,.F.);
#5313=ORIENTED_EDGE('',*,*,#3363,.F.);
#5314=ORIENTED_EDGE('',*,*,#3783,.T.);
#5315=ORIENTED_EDGE('',*,*,#3781,.T.);
#5316=ORIENTED_EDGE('',*,*,#3788,.T.);
#5317=ORIENTED_EDGE('',*,*,#3267,.F.);
#5318=ORIENTED_EDGE('',*,*,#3803,.F.);
#5319=ORIENTED_EDGE('',*,*,#3804,.F.);
#5320=ORIENTED_EDGE('',*,*,#3805,.F.);
#5321=ORIENTED_EDGE('',*,*,#3806,.F.);
#5322=ORIENTED_EDGE('',*,*,#3807,.F.);
#5323=ORIENTED_EDGE('',*,*,#3808,.T.);
#5324=ORIENTED_EDGE('',*,*,#3809,.F.);
#5325=ORIENTED_EDGE('',*,*,#3798,.T.);
#5326=ORIENTED_EDGE('',*,*,#3810,.F.);
#5327=ORIENTED_EDGE('',*,*,#3811,.F.);
#5328=ORIENTED_EDGE('',*,*,#3812,.F.);
#5329=ORIENTED_EDGE('',*,*,#3813,.T.);
#5330=ORIENTED_EDGE('',*,*,#3814,.F.);
#5331=ORIENTED_EDGE('',*,*,#3815,.F.);
#5332=ORIENTED_EDGE('',*,*,#3816,.F.);
#5333=ORIENTED_EDGE('',*,*,#3259,.F.);
#5334=ORIENTED_EDGE('',*,*,#3794,.T.);
#5335=ORIENTED_EDGE('',*,*,#3792,.T.);
#5336=ORIENTED_EDGE('',*,*,#3800,.T.);
#5337=ORIENTED_EDGE('',*,*,#3369,.F.);
#5338=ORIENTED_EDGE('',*,*,#3817,.T.);
#5339=ORIENTED_EDGE('',*,*,#3818,.F.);
#5340=ORIENTED_EDGE('',*,*,#3554,.F.);
#5341=ORIENTED_EDGE('',*,*,#3609,.T.);
#5342=ORIENTED_EDGE('',*,*,#3799,.T.);
#5343=ORIENTED_EDGE('',*,*,#3819,.F.);
#5344=ORIENTED_EDGE('',*,*,#3820,.T.);
#5345=ORIENTED_EDGE('',*,*,#3174,.F.);
#5346=ORIENTED_EDGE('',*,*,#3820,.F.);
#5347=ORIENTED_EDGE('',*,*,#3821,.F.);
#5348=ORIENTED_EDGE('',*,*,#3776,.T.);
#5349=ORIENTED_EDGE('',*,*,#3822,.F.);
#5350=ORIENTED_EDGE('',*,*,#3823,.F.);
#5351=ORIENTED_EDGE('',*,*,#3819,.T.);
#5352=ORIENTED_EDGE('',*,*,#3824,.F.);
#5353=ORIENTED_EDGE('',*,*,#3825,.T.);
#5354=ORIENTED_EDGE('',*,*,#3285,.F.);
#5355=ORIENTED_EDGE('',*,*,#3825,.F.);
#5356=ORIENTED_EDGE('',*,*,#3826,.F.);
#5357=ORIENTED_EDGE('',*,*,#3827,.F.);
#5358=ORIENTED_EDGE('',*,*,#3812,.T.);
#5359=ORIENTED_EDGE('',*,*,#3828,.F.);
#5360=ORIENTED_EDGE('',*,*,#3824,.T.);
#5361=ORIENTED_EDGE('',*,*,#3829,.F.);
#5362=ORIENTED_EDGE('',*,*,#3830,.T.);
#5363=ORIENTED_EDGE('',*,*,#3175,.F.);
#5364=ORIENTED_EDGE('',*,*,#3830,.F.);
#5365=ORIENTED_EDGE('',*,*,#3831,.F.);
#5366=ORIENTED_EDGE('',*,*,#3832,.F.);
#5367=ORIENTED_EDGE('',*,*,#3833,.T.);
#5368=ORIENTED_EDGE('',*,*,#3834,.F.);
#5369=ORIENTED_EDGE('',*,*,#3829,.T.);
#5370=ORIENTED_EDGE('',*,*,#3835,.F.);
#5371=ORIENTED_EDGE('',*,*,#3836,.T.);
#5372=ORIENTED_EDGE('',*,*,#3286,.F.);
#5373=ORIENTED_EDGE('',*,*,#3836,.F.);
#5374=ORIENTED_EDGE('',*,*,#3837,.F.);
#5375=ORIENTED_EDGE('',*,*,#3807,.T.);
#5376=ORIENTED_EDGE('',*,*,#3838,.F.);
#5377=ORIENTED_EDGE('',*,*,#3839,.F.);
#5378=ORIENTED_EDGE('',*,*,#3835,.T.);
#5379=ORIENTED_EDGE('',*,*,#3085,.T.);
#5380=ORIENTED_EDGE('',*,*,#3116,.F.);
#5381=ORIENTED_EDGE('',*,*,#3840,.F.);
#5382=ORIENTED_EDGE('',*,*,#3149,.F.);
#5383=ORIENTED_EDGE('',*,*,#3185,.T.);
#5384=ORIENTED_EDGE('',*,*,#3068,.T.);
#5385=ORIENTED_EDGE('',*,*,#3079,.T.);
#5386=ORIENTED_EDGE('',*,*,#3082,.T.);
#5387=ORIENTED_EDGE('',*,*,#3115,.T.);
#5388=ORIENTED_EDGE('',*,*,#3841,.T.);
#5389=ORIENTED_EDGE('',*,*,#3150,.T.);
#5390=ORIENTED_EDGE('',*,*,#3840,.T.);
#5391=ORIENTED_EDGE('',*,*,#3737,.F.);
#5392=ORIENTED_EDGE('',*,*,#3151,.F.);
#5393=ORIENTED_EDGE('',*,*,#3841,.F.);
#5394=ORIENTED_EDGE('',*,*,#3114,.T.);
#5395=ORIENTED_EDGE('',*,*,#3842,.F.);
#5396=ORIENTED_EDGE('',*,*,#3032,.T.);
#5397=ORIENTED_EDGE('',*,*,#3056,.F.);
#5398=ORIENTED_EDGE('',*,*,#3843,.F.);
#5399=ORIENTED_EDGE('',*,*,#3251,.F.);
#5400=ORIENTED_EDGE('',*,*,#3058,.T.);
#5401=ORIENTED_EDGE('',*,*,#3041,.T.);
#5402=ORIENTED_EDGE('',*,*,#3038,.T.);
#5403=ORIENTED_EDGE('',*,*,#3035,.T.);
#5404=ORIENTED_EDGE('',*,*,#3720,.F.);
#5405=ORIENTED_EDGE('',*,*,#3842,.T.);
#5406=ORIENTED_EDGE('',*,*,#3113,.T.);
#5407=ORIENTED_EDGE('',*,*,#3326,.T.);
#5408=ORIENTED_EDGE('',*,*,#3715,.F.);
#5409=ORIENTED_EDGE('',*,*,#3717,.F.);
#5410=ORIENTED_EDGE('',*,*,#3409,.T.);
#5411=ORIENTED_EDGE('',*,*,#3047,.T.);
#5412=ORIENTED_EDGE('',*,*,#3172,.T.);
#5413=ORIENTED_EDGE('',*,*,#3844,.T.);
#5414=ORIENTED_EDGE('',*,*,#3658,.F.);
#5415=ORIENTED_EDGE('',*,*,#3340,.T.);
#5416=ORIENTED_EDGE('',*,*,#3411,.T.);
#5417=ORIENTED_EDGE('',*,*,#3845,.T.);
#5418=ORIENTED_EDGE('',*,*,#3667,.F.);
#5419=ORIENTED_EDGE('',*,*,#3664,.F.);
#5420=ORIENTED_EDGE('',*,*,#3669,.F.);
#5421=ORIENTED_EDGE('',*,*,#3845,.F.);
#5422=ORIENTED_EDGE('',*,*,#3410,.T.);
#5423=ORIENTED_EDGE('',*,*,#3844,.F.);
#5424=ORIENTED_EDGE('',*,*,#3171,.F.);
#5425=ORIENTED_EDGE('',*,*,#3055,.T.);
#5426=ORIENTED_EDGE('',*,*,#3569,.T.);
#5427=ORIENTED_EDGE('',*,*,#3252,.T.);
#5428=ORIENTED_EDGE('',*,*,#3843,.T.);
#5429=ORIENTED_EDGE('',*,*,#3500,.T.);
#5430=ORIENTED_EDGE('',*,*,#3122,.T.);
#5431=ORIENTED_EDGE('',*,*,#3274,.T.);
#5432=ORIENTED_EDGE('',*,*,#3639,.T.);
#5433=ORIENTED_EDGE('',*,*,#3846,.T.);
#5434=ORIENTED_EDGE('',*,*,#3847,.F.);
#5435=ORIENTED_EDGE('',*,*,#3848,.T.);
#5436=ORIENTED_EDGE('',*,*,#3773,.T.);
#5437=ORIENTED_EDGE('',*,*,#3849,.T.);
#5438=ORIENTED_EDGE('',*,*,#3850,.F.);
#5439=ORIENTED_EDGE('',*,*,#3851,.T.);
#5440=ORIENTED_EDGE('',*,*,#3815,.T.);
#5441=ORIENTED_EDGE('',*,*,#3850,.T.);
#5442=ORIENTED_EDGE('',*,*,#3852,.T.);
#5443=ORIENTED_EDGE('',*,*,#3853,.T.);
#5444=ORIENTED_EDGE('',*,*,#3854,.T.);
#5445=ORIENTED_EDGE('',*,*,#3855,.T.);
#5446=ORIENTED_EDGE('',*,*,#3513,.T.);
#5447=ORIENTED_EDGE('',*,*,#3856,.T.);
#5448=ORIENTED_EDGE('',*,*,#3857,.T.);
#5449=ORIENTED_EDGE('',*,*,#3856,.F.);
#5450=ORIENTED_EDGE('',*,*,#3512,.T.);
#5451=ORIENTED_EDGE('',*,*,#3853,.F.);
#5452=ORIENTED_EDGE('',*,*,#3858,.T.);
#5453=ORIENTED_EDGE('',*,*,#3504,.F.);
#5454=ORIENTED_EDGE('',*,*,#3514,.T.);
#5455=ORIENTED_EDGE('',*,*,#3855,.F.);
#5456=ORIENTED_EDGE('',*,*,#3483,.T.);
#5457=ORIENTED_EDGE('',*,*,#3536,.T.);
#5458=ORIENTED_EDGE('',*,*,#3859,.T.);
#5459=ORIENTED_EDGE('',*,*,#3489,.T.);
#5460=ORIENTED_EDGE('',*,*,#3537,.T.);
#5461=ORIENTED_EDGE('',*,*,#3401,.T.);
#5462=ORIENTED_EDGE('',*,*,#3860,.T.);
#5463=ORIENTED_EDGE('',*,*,#3444,.T.);
#5464=ORIENTED_EDGE('',*,*,#3436,.T.);
#5465=ORIENTED_EDGE('',*,*,#3538,.F.);
#5466=ORIENTED_EDGE('',*,*,#3530,.T.);
#5467=ORIENTED_EDGE('',*,*,#3434,.T.);
#5468=ORIENTED_EDGE('',*,*,#3861,.T.);
#5469=ORIENTED_EDGE('',*,*,#3413,.F.);
#5470=ORIENTED_EDGE('',*,*,#3445,.T.);
#5471=ORIENTED_EDGE('',*,*,#3860,.F.);
#5472=ORIENTED_EDGE('',*,*,#3400,.T.);
#5473=ORIENTED_EDGE('',*,*,#3862,.T.);
#5474=ORIENTED_EDGE('',*,*,#3863,.T.);
#5475=ORIENTED_EDGE('',*,*,#3864,.T.);
#5476=ORIENTED_EDGE('',*,*,#3430,.T.);
#5477=ORIENTED_EDGE('',*,*,#3862,.F.);
#5478=ORIENTED_EDGE('',*,*,#3429,.T.);
#5479=ORIENTED_EDGE('',*,*,#3414,.F.);
#5480=ORIENTED_EDGE('',*,*,#3408,.T.);
#5481=ORIENTED_EDGE('',*,*,#3847,.T.);
#5482=ORIENTED_EDGE('',*,*,#3865,.T.);
#5483=ORIENTED_EDGE('',*,*,#3866,.T.);
#5484=ORIENTED_EDGE('',*,*,#3867,.T.);
#5485=ORIENTED_EDGE('',*,*,#3866,.F.);
#5486=ORIENTED_EDGE('',*,*,#3431,.T.);
#5487=ORIENTED_EDGE('',*,*,#3864,.F.);
#5488=ORIENTED_EDGE('',*,*,#3868,.T.);
#5489=ORIENTED_EDGE('',*,*,#3859,.F.);
#5490=ORIENTED_EDGE('',*,*,#3535,.T.);
#5491=ORIENTED_EDGE('',*,*,#3505,.F.);
#5492=ORIENTED_EDGE('',*,*,#3490,.T.);
#5493=ORIENTED_EDGE('',*,*,#3857,.F.);
#5494=ORIENTED_EDGE('',*,*,#3858,.F.);
#5495=ORIENTED_EDGE('',*,*,#3852,.F.);
#5496=ORIENTED_EDGE('',*,*,#3849,.F.);
#5497=ORIENTED_EDGE('',*,*,#3814,.T.);
#5498=ORIENTED_EDGE('',*,*,#3869,.T.);
#5499=ORIENTED_EDGE('',*,*,#3484,.T.);
#5500=ORIENTED_EDGE('',*,*,#3851,.F.);
#5501=ORIENTED_EDGE('',*,*,#3854,.F.);
#5502=ORIENTED_EDGE('',*,*,#3511,.T.);
#5503=ORIENTED_EDGE('',*,*,#3260,.T.);
#5504=ORIENTED_EDGE('',*,*,#3816,.T.);
#5505=ORIENTED_EDGE('',*,*,#3861,.F.);
#5506=ORIENTED_EDGE('',*,*,#3443,.F.);
#5507=ORIENTED_EDGE('',*,*,#3870,.T.);
#5508=ORIENTED_EDGE('',*,*,#3871,.T.);
#5509=ORIENTED_EDGE('',*,*,#3872,.T.);
#5510=ORIENTED_EDGE('',*,*,#3533,.F.);
#5511=ORIENTED_EDGE('',*,*,#3873,.T.);
#5512=ORIENTED_EDGE('',*,*,#3874,.F.);
#5513=ORIENTED_EDGE('',*,*,#3875,.T.);
#5514=ORIENTED_EDGE('',*,*,#3804,.T.);
#5515=ORIENTED_EDGE('',*,*,#3876,.T.);
#5516=ORIENTED_EDGE('',*,*,#3877,.F.);
#5517=ORIENTED_EDGE('',*,*,#3878,.T.);
#5518=ORIENTED_EDGE('',*,*,#3879,.T.);
#5519=ORIENTED_EDGE('',*,*,#3877,.T.);
#5520=ORIENTED_EDGE('',*,*,#3880,.T.);
#5521=ORIENTED_EDGE('',*,*,#3881,.T.);
#5522=ORIENTED_EDGE('',*,*,#3882,.T.);
#5523=ORIENTED_EDGE('',*,*,#3883,.T.);
#5524=ORIENTED_EDGE('',*,*,#3463,.T.);
#5525=ORIENTED_EDGE('',*,*,#3884,.T.);
#5526=ORIENTED_EDGE('',*,*,#3885,.T.);
#5527=ORIENTED_EDGE('',*,*,#3884,.F.);
#5528=ORIENTED_EDGE('',*,*,#3462,.T.);
#5529=ORIENTED_EDGE('',*,*,#3881,.F.);
#5530=ORIENTED_EDGE('',*,*,#3886,.T.);
#5531=ORIENTED_EDGE('',*,*,#3467,.F.);
#5532=ORIENTED_EDGE('',*,*,#3464,.T.);
#5533=ORIENTED_EDGE('',*,*,#3883,.F.);
#5534=ORIENTED_EDGE('',*,*,#3456,.T.);
#5535=ORIENTED_EDGE('',*,*,#3440,.F.);
#5536=ORIENTED_EDGE('',*,*,#3529,.T.);
#5537=ORIENTED_EDGE('',*,*,#3525,.T.);
#5538=ORIENTED_EDGE('',*,*,#3887,.T.);
#5539=ORIENTED_EDGE('',*,*,#3888,.T.);
#5540=ORIENTED_EDGE('',*,*,#3889,.T.);
#5541=ORIENTED_EDGE('',*,*,#3890,.T.);
#5542=ORIENTED_EDGE('',*,*,#3518,.T.);
#5543=ORIENTED_EDGE('',*,*,#3888,.F.);
#5544=ORIENTED_EDGE('',*,*,#3517,.T.);
#5545=ORIENTED_EDGE('',*,*,#3510,.F.);
#5546=ORIENTED_EDGE('',*,*,#3499,.T.);
#5547=ORIENTED_EDGE('',*,*,#3874,.T.);
#5548=ORIENTED_EDGE('',*,*,#3891,.T.);
#5549=ORIENTED_EDGE('',*,*,#3892,.T.);
#5550=ORIENTED_EDGE('',*,*,#3893,.T.);
#5551=ORIENTED_EDGE('',*,*,#3892,.F.);
#5552=ORIENTED_EDGE('',*,*,#3519,.T.);
#5553=ORIENTED_EDGE('',*,*,#3890,.F.);
#5554=ORIENTED_EDGE('',*,*,#3894,.T.);
#5555=ORIENTED_EDGE('',*,*,#3885,.F.);
#5556=ORIENTED_EDGE('',*,*,#3886,.F.);
#5557=ORIENTED_EDGE('',*,*,#3880,.F.);
#5558=ORIENTED_EDGE('',*,*,#3876,.F.);
#5559=ORIENTED_EDGE('',*,*,#3895,.T.);
#5560=ORIENTED_EDGE('',*,*,#3896,.T.);
#5561=ORIENTED_EDGE('',*,*,#3457,.T.);
#5562=ORIENTED_EDGE('',*,*,#3878,.F.);
#5563=ORIENTED_EDGE('',*,*,#3882,.F.);
#5564=ORIENTED_EDGE('',*,*,#3461,.T.);
#5565=ORIENTED_EDGE('',*,*,#3158,.T.);
#5566=ORIENTED_EDGE('',*,*,#3897,.T.);
#5567=ORIENTED_EDGE('',*,*,#3452,.F.);
#5568=ORIENTED_EDGE('',*,*,#3449,.F.);
#5569=ORIENTED_EDGE('',*,*,#3441,.F.);
#5570=ORIENTED_EDGE('',*,*,#3898,.T.);
#5571=ORIENTED_EDGE('',*,*,#3899,.T.);
#5572=ORIENTED_EDGE('',*,*,#3453,.T.);
#5573=ORIENTED_EDGE('',*,*,#3160,.T.);
#5574=ORIENTED_EDGE('',*,*,#3466,.T.);
#5575=ORIENTED_EDGE('',*,*,#3887,.F.);
#5576=ORIENTED_EDGE('',*,*,#3900,.F.);
#5577=ORIENTED_EDGE('',*,*,#3901,.T.);
#5578=ORIENTED_EDGE('',*,*,#3902,.T.);
#5579=ORIENTED_EDGE('',*,*,#3903,.T.);
#5580=ORIENTED_EDGE('',*,*,#3898,.F.);
#5581=ORIENTED_EDGE('',*,*,#3524,.F.);
#5582=ORIENTED_EDGE('',*,*,#3522,.F.);
#5583=ORIENTED_EDGE('',*,*,#3508,.F.);
#5584=ORIENTED_EDGE('',*,*,#3516,.T.);
#5585=ORIENTED_EDGE('',*,*,#3264,.T.);
#5586=ORIENTED_EDGE('',*,*,#3527,.T.);
#5587=ORIENTED_EDGE('',*,*,#3904,.T.);
#5588=ORIENTED_EDGE('',*,*,#3900,.T.);
#5589=ORIENTED_EDGE('',*,*,#3442,.F.);
#5590=ORIENTED_EDGE('',*,*,#3454,.F.);
#5591=ORIENTED_EDGE('',*,*,#3899,.F.);
#5592=ORIENTED_EDGE('',*,*,#3903,.F.);
#5593=ORIENTED_EDGE('',*,*,#3905,.T.);
#5594=ORIENTED_EDGE('',*,*,#3870,.F.);
#5595=ORIENTED_EDGE('',*,*,#3534,.F.);
#5596=ORIENTED_EDGE('',*,*,#3872,.F.);
#5597=ORIENTED_EDGE('',*,*,#3906,.F.);
#5598=ORIENTED_EDGE('',*,*,#3901,.F.);
#5599=ORIENTED_EDGE('',*,*,#3904,.F.);
#5600=ORIENTED_EDGE('',*,*,#3526,.T.);
#5601=ORIENTED_EDGE('',*,*,#3553,.F.);
#5602=ORIENTED_EDGE('',*,*,#3256,.F.);
#5603=ORIENTED_EDGE('',*,*,#3570,.T.);
#5604=ORIENTED_EDGE('',*,*,#3552,.F.);
#5605=ORIENTED_EDGE('',*,*,#3589,.F.);
#5606=ORIENTED_EDGE('',*,*,#3354,.F.);
#5607=ORIENTED_EDGE('',*,*,#3372,.F.);
#5608=ORIENTED_EDGE('',*,*,#3587,.F.);
#5609=ORIENTED_EDGE('',*,*,#3352,.F.);
#5610=ORIENTED_EDGE('',*,*,#3358,.T.);
#5611=ORIENTED_EDGE('',*,*,#3581,.F.);
#5612=ORIENTED_EDGE('',*,*,#3907,.F.);
#5613=ORIENTED_EDGE('',*,*,#3349,.F.);
#5614=ORIENTED_EDGE('',*,*,#3907,.T.);
#5615=ORIENTED_EDGE('',*,*,#3583,.F.);
#5616=ORIENTED_EDGE('',*,*,#3594,.F.);
#5617=ORIENTED_EDGE('',*,*,#3596,.F.);
#5618=ORIENTED_EDGE('',*,*,#3908,.F.);
#5619=ORIENTED_EDGE('',*,*,#3359,.F.);
#5620=ORIENTED_EDGE('',*,*,#3575,.F.);
#5621=ORIENTED_EDGE('',*,*,#3360,.F.);
#5622=ORIENTED_EDGE('',*,*,#3908,.T.);
#5623=ORIENTED_EDGE('',*,*,#3574,.F.);
#5624=ORIENTED_EDGE('',*,*,#3631,.F.);
#5625=ORIENTED_EDGE('',*,*,#3909,.F.);
#5626=ORIENTED_EDGE('',*,*,#3270,.F.);
#5627=ORIENTED_EDGE('',*,*,#3629,.F.);
#5628=ORIENTED_EDGE('',*,*,#3636,.F.);
#5629=ORIENTED_EDGE('',*,*,#3271,.F.);
#5630=ORIENTED_EDGE('',*,*,#3909,.T.);
#5631=ORIENTED_EDGE('',*,*,#3633,.F.);
#5632=ORIENTED_EDGE('',*,*,#3634,.F.);
#5633=ORIENTED_EDGE('',*,*,#3624,.F.);
#5634=ORIENTED_EDGE('',*,*,#3622,.F.);
#5635=ORIENTED_EDGE('',*,*,#3635,.F.);
#5636=ORIENTED_EDGE('',*,*,#3614,.F.);
#5637=ORIENTED_EDGE('',*,*,#3616,.F.);
#5638=ORIENTED_EDGE('',*,*,#3619,.F.);
#5639=ORIENTED_EDGE('',*,*,#3682,.F.);
#5640=ORIENTED_EDGE('',*,*,#3384,.F.);
#5641=ORIENTED_EDGE('',*,*,#3910,.T.);
#5642=ORIENTED_EDGE('',*,*,#3681,.F.);
#5643=ORIENTED_EDGE('',*,*,#3696,.F.);
#5644=ORIENTED_EDGE('',*,*,#3378,.F.);
#5645=ORIENTED_EDGE('',*,*,#3396,.F.);
#5646=ORIENTED_EDGE('',*,*,#3694,.F.);
#5647=ORIENTED_EDGE('',*,*,#3373,.F.);
#5648=ORIENTED_EDGE('',*,*,#3911,.T.);
#5649=ORIENTED_EDGE('',*,*,#3690,.F.);
#5650=ORIENTED_EDGE('',*,*,#3701,.F.);
#5651=ORIENTED_EDGE('',*,*,#3702,.F.);
#5652=ORIENTED_EDGE('',*,*,#3910,.F.);
#5653=ORIENTED_EDGE('',*,*,#3383,.F.);
#5654=ORIENTED_EDGE('',*,*,#3376,.F.);
#5655=ORIENTED_EDGE('',*,*,#3382,.T.);
#5656=ORIENTED_EDGE('',*,*,#3688,.F.);
#5657=ORIENTED_EDGE('',*,*,#3911,.F.);
#5658=ORIENTED_EDGE('',*,*,#3846,.F.);
#5659=ORIENTED_EDGE('',*,*,#3772,.T.);
#5660=ORIENTED_EDGE('',*,*,#3164,.T.);
#5661=ORIENTED_EDGE('',*,*,#3432,.T.);
#5662=ORIENTED_EDGE('',*,*,#3865,.F.);
#5663=ORIENTED_EDGE('',*,*,#3754,.T.);
#5664=ORIENTED_EDGE('',*,*,#3771,.F.);
#5665=ORIENTED_EDGE('',*,*,#3912,.F.);
#5666=ORIENTED_EDGE('',*,*,#3387,.F.);
#5667=ORIENTED_EDGE('',*,*,#3762,.T.);
#5668=ORIENTED_EDGE('',*,*,#3863,.F.);
#5669=ORIENTED_EDGE('',*,*,#3407,.T.);
#5670=ORIENTED_EDGE('',*,*,#3913,.T.);
#5671=ORIENTED_EDGE('',*,*,#3774,.T.);
#5672=ORIENTED_EDGE('',*,*,#3848,.F.);
#5673=ORIENTED_EDGE('',*,*,#3867,.F.);
#5674=ORIENTED_EDGE('',*,*,#3868,.F.);
#5675=ORIENTED_EDGE('',*,*,#3873,.F.);
#5676=ORIENTED_EDGE('',*,*,#3803,.T.);
#5677=ORIENTED_EDGE('',*,*,#3266,.T.);
#5678=ORIENTED_EDGE('',*,*,#3520,.T.);
#5679=ORIENTED_EDGE('',*,*,#3891,.F.);
#5680=ORIENTED_EDGE('',*,*,#3889,.F.);
#5681=ORIENTED_EDGE('',*,*,#3498,.T.);
#5682=ORIENTED_EDGE('',*,*,#3914,.T.);
#5683=ORIENTED_EDGE('',*,*,#3805,.T.);
#5684=ORIENTED_EDGE('',*,*,#3875,.F.);
#5685=ORIENTED_EDGE('',*,*,#3893,.F.);
#5686=ORIENTED_EDGE('',*,*,#3894,.F.);
#5687=ORIENTED_EDGE('',*,*,#3838,.T.);
#5688=ORIENTED_EDGE('',*,*,#3806,.T.);
#5689=ORIENTED_EDGE('',*,*,#3914,.F.);
#5690=ORIENTED_EDGE('',*,*,#3497,.F.);
#5691=ORIENTED_EDGE('',*,*,#3915,.F.);
#5692=ORIENTED_EDGE('',*,*,#3778,.T.);
#5693=ORIENTED_EDGE('',*,*,#3809,.T.);
#5694=ORIENTED_EDGE('',*,*,#3916,.T.);
#5695=ORIENTED_EDGE('',*,*,#3478,.T.);
#5696=ORIENTED_EDGE('',*,*,#3917,.T.);
#5697=ORIENTED_EDGE('',*,*,#3801,.T.);
#5698=ORIENTED_EDGE('',*,*,#3786,.T.);
#5699=ORIENTED_EDGE('',*,*,#3784,.T.);
#5700=ORIENTED_EDGE('',*,*,#3917,.F.);
#5701=ORIENTED_EDGE('',*,*,#3477,.F.);
#5702=ORIENTED_EDGE('',*,*,#3918,.F.);
#5703=ORIENTED_EDGE('',*,*,#3364,.F.);
#5704=ORIENTED_EDGE('',*,*,#3802,.T.);
#5705=ORIENTED_EDGE('',*,*,#3789,.T.);
#5706=ORIENTED_EDGE('',*,*,#3818,.T.);
#5707=ORIENTED_EDGE('',*,*,#3919,.T.);
#5708=ORIENTED_EDGE('',*,*,#3472,.T.);
#5709=ORIENTED_EDGE('',*,*,#3920,.T.);
#5710=ORIENTED_EDGE('',*,*,#3810,.T.);
#5711=ORIENTED_EDGE('',*,*,#3797,.T.);
#5712=ORIENTED_EDGE('',*,*,#3795,.T.);
#5713=ORIENTED_EDGE('',*,*,#3828,.T.);
#5714=ORIENTED_EDGE('',*,*,#3811,.T.);
#5715=ORIENTED_EDGE('',*,*,#3920,.F.);
#5716=ORIENTED_EDGE('',*,*,#3471,.F.);
#5717=ORIENTED_EDGE('',*,*,#3921,.F.);
#5718=ORIENTED_EDGE('',*,*,#3822,.T.);
#5719=ORIENTED_EDGE('',*,*,#3775,.T.);
#5720=ORIENTED_EDGE('',*,*,#3913,.F.);
#5721=ORIENTED_EDGE('',*,*,#3406,.F.);
#5722=ORIENTED_EDGE('',*,*,#3922,.F.);
#5723=ORIENTED_EDGE('',*,*,#3770,.F.);
#5724=ORIENTED_EDGE('',*,*,#3424,.F.);
#5725=ORIENTED_EDGE('',*,*,#3923,.F.);
#5726=ORIENTED_EDGE('',*,*,#3388,.T.);
#5727=ORIENTED_EDGE('',*,*,#3912,.T.);
#5728=ORIENTED_EDGE('',*,*,#3834,.T.);
#5729=ORIENTED_EDGE('',*,*,#3924,.T.);
#5730=ORIENTED_EDGE('',*,*,#3765,.F.);
#5731=ORIENTED_EDGE('',*,*,#3418,.F.);
#5732=ORIENTED_EDGE('',*,*,#3925,.F.);
#5733=ORIENTED_EDGE('',*,*,#3832,.T.);
#5734=ORIENTED_EDGE('',*,*,#3926,.T.);
#5735=ORIENTED_EDGE('',*,*,#3458,.F.);
#5736=ORIENTED_EDGE('',*,*,#3896,.F.);
#5737=ORIENTED_EDGE('',*,*,#3927,.F.);
#5738=ORIENTED_EDGE('',*,*,#3823,.T.);
#5739=ORIENTED_EDGE('',*,*,#3922,.T.);
#5740=ORIENTED_EDGE('',*,*,#3405,.F.);
#5741=ORIENTED_EDGE('',*,*,#3427,.F.);
#5742=ORIENTED_EDGE('',*,*,#3928,.F.);
#5743=ORIENTED_EDGE('',*,*,#3839,.T.);
#5744=ORIENTED_EDGE('',*,*,#3915,.T.);
#5745=ORIENTED_EDGE('',*,*,#3496,.F.);
#5746=ORIENTED_EDGE('',*,*,#3480,.F.);
#5747=ORIENTED_EDGE('',*,*,#3929,.F.);
#5748=ORIENTED_EDGE('',*,*,#3837,.T.);
#5749=ORIENTED_EDGE('',*,*,#3929,.T.);
#5750=ORIENTED_EDGE('',*,*,#3479,.F.);
#5751=ORIENTED_EDGE('',*,*,#3916,.F.);
#5752=ORIENTED_EDGE('',*,*,#3808,.F.);
#5753=ORIENTED_EDGE('',*,*,#3476,.F.);
#5754=ORIENTED_EDGE('',*,*,#3930,.F.);
#5755=ORIENTED_EDGE('',*,*,#3365,.T.);
#5756=ORIENTED_EDGE('',*,*,#3918,.T.);
#5757=ORIENTED_EDGE('',*,*,#3475,.F.);
#5758=ORIENTED_EDGE('',*,*,#3931,.F.);
#5759=ORIENTED_EDGE('',*,*,#3366,.F.);
#5760=ORIENTED_EDGE('',*,*,#3930,.T.);
#5761=ORIENTED_EDGE('',*,*,#3474,.F.);
#5762=ORIENTED_EDGE('',*,*,#3932,.F.);
#5763=ORIENTED_EDGE('',*,*,#3367,.T.);
#5764=ORIENTED_EDGE('',*,*,#3931,.T.);
#5765=ORIENTED_EDGE('',*,*,#3764,.F.);
#5766=ORIENTED_EDGE('',*,*,#3767,.F.);
#5767=ORIENTED_EDGE('',*,*,#3392,.T.);
#5768=ORIENTED_EDGE('',*,*,#3933,.T.);
#5769=ORIENTED_EDGE('',*,*,#3420,.F.);
#5770=ORIENTED_EDGE('',*,*,#3742,.T.);
#5771=ORIENTED_EDGE('',*,*,#3766,.F.);
#5772=ORIENTED_EDGE('',*,*,#3924,.F.);
#5773=ORIENTED_EDGE('',*,*,#3833,.F.);
#5774=ORIENTED_EDGE('',*,*,#3927,.T.);
#5775=ORIENTED_EDGE('',*,*,#3895,.F.);
#5776=ORIENTED_EDGE('',*,*,#3879,.F.);
#5777=ORIENTED_EDGE('',*,*,#3897,.F.);
#5778=ORIENTED_EDGE('',*,*,#3157,.F.);
#5779=ORIENTED_EDGE('',*,*,#3751,.T.);
#5780=ORIENTED_EDGE('',*,*,#3831,.T.);
#5781=ORIENTED_EDGE('',*,*,#3925,.T.);
#5782=ORIENTED_EDGE('',*,*,#3417,.F.);
#5783=ORIENTED_EDGE('',*,*,#3459,.F.);
#5784=ORIENTED_EDGE('',*,*,#3926,.F.);
#5785=ORIENTED_EDGE('',*,*,#3871,.F.);
#5786=ORIENTED_EDGE('',*,*,#3905,.F.);
#5787=ORIENTED_EDGE('',*,*,#3902,.F.);
#5788=ORIENTED_EDGE('',*,*,#3906,.T.);
#5789=ORIENTED_EDGE('',*,*,#3919,.F.);
#5790=ORIENTED_EDGE('',*,*,#3817,.F.);
#5791=ORIENTED_EDGE('',*,*,#3368,.F.);
#5792=ORIENTED_EDGE('',*,*,#3932,.T.);
#5793=ORIENTED_EDGE('',*,*,#3473,.F.);
#5794=ORIENTED_EDGE('',*,*,#3826,.T.);
#5795=ORIENTED_EDGE('',*,*,#3921,.T.);
#5796=ORIENTED_EDGE('',*,*,#3470,.F.);
#5797=ORIENTED_EDGE('',*,*,#3486,.F.);
#5798=ORIENTED_EDGE('',*,*,#3934,.F.);
#5799=ORIENTED_EDGE('',*,*,#3827,.T.);
#5800=ORIENTED_EDGE('',*,*,#3934,.T.);
#5801=ORIENTED_EDGE('',*,*,#3485,.F.);
#5802=ORIENTED_EDGE('',*,*,#3869,.F.);
#5803=ORIENTED_EDGE('',*,*,#3813,.F.);
#5804=ORIENTED_EDGE('',*,*,#3821,.T.);
#5805=ORIENTED_EDGE('',*,*,#3928,.T.);
#5806=ORIENTED_EDGE('',*,*,#3426,.F.);
#5807=ORIENTED_EDGE('',*,*,#3769,.F.);
#5808=ORIENTED_EDGE('',*,*,#3777,.F.);
#5809=ORIENTED_EDGE('',*,*,#3423,.F.);
#5810=ORIENTED_EDGE('',*,*,#3935,.F.);
#5811=ORIENTED_EDGE('',*,*,#3389,.T.);
#5812=ORIENTED_EDGE('',*,*,#3923,.T.);
#5813=ORIENTED_EDGE('',*,*,#3422,.F.);
#5814=ORIENTED_EDGE('',*,*,#3936,.F.);
#5815=ORIENTED_EDGE('',*,*,#3390,.T.);
#5816=ORIENTED_EDGE('',*,*,#3935,.T.);
#5817=ORIENTED_EDGE('',*,*,#3421,.F.);
#5818=ORIENTED_EDGE('',*,*,#3933,.F.);
#5819=ORIENTED_EDGE('',*,*,#3391,.T.);
#5820=ORIENTED_EDGE('',*,*,#3936,.T.);
#5821=PLANE('',#6329);
#5822=PLANE('',#6330);
#5823=PLANE('',#6331);
#5824=PLANE('',#6335);
#5825=PLANE('',#6339);
#5826=PLANE('',#6343);
#5827=PLANE('',#6348);
#5828=PLANE('',#6350);
#5829=PLANE('',#6351);
#5830=PLANE('',#6352);
#5831=PLANE('',#6353);
#5832=PLANE('',#6354);
#5833=PLANE('',#6358);
#5834=PLANE('',#6359);
#5835=PLANE('',#6360);
#5836=PLANE('',#6362);
#5837=PLANE('',#6368);
#5838=PLANE('',#6369);
#5839=PLANE('',#6370);
#5840=PLANE('',#6374);
#5841=PLANE('',#6376);
#5842=PLANE('',#6377);
#5843=PLANE('',#6378);
#5844=PLANE('',#6380);
#5845=PLANE('',#6387);
#5846=PLANE('',#6388);
#5847=PLANE('',#6389);
#5848=PLANE('',#6390);
#5849=PLANE('',#6395);
#5850=PLANE('',#6416);
#5851=PLANE('',#6420);
#5852=PLANE('',#6422);
#5853=PLANE('',#6425);
#5854=PLANE('',#6432);
#5855=PLANE('',#6434);
#5856=PLANE('',#6437);
#5857=PLANE('',#6443);
#5858=PLANE('',#6447);
#5859=PLANE('',#6456);
#5860=PLANE('',#6459);
#5861=PLANE('',#6478);
#5862=PLANE('',#6483);
#5863=PLANE('',#6486);
#5864=PLANE('',#6489);
#5865=PLANE('',#6492);
#5866=PLANE('',#6495);
#5867=PLANE('',#6498);
#5868=PLANE('',#6499);
#5869=PLANE('',#6500);
#5870=PLANE('',#6501);
#5871=PLANE('',#6502);
#5872=PLANE('',#6503);
#5873=PLANE('',#6504);
#5874=PLANE('',#6505);
#5875=PLANE('',#6506);
#5876=PLANE('',#6507);
#5877=PLANE('',#6512);
#5878=PLANE('',#6516);
#5879=PLANE('',#6521);
#5880=PLANE('',#6525);
#5881=PLANE('',#6527);
#5882=PLANE('',#6531);
#5883=PLANE('',#6532);
#5884=PLANE('',#6537);
#5885=PLANE('',#6545);
#5886=PLANE('',#6546);
#5887=PLANE('',#6548);
#5888=PLANE('',#6549);
#5889=PLANE('',#6550);
#5890=PLANE('',#6551);
#5891=PLANE('',#6552);
#5892=PLANE('',#6557);
#5893=PLANE('',#6559);
#5894=PLANE('',#6563);
#5895=PLANE('',#6564);
#5896=PLANE('',#6565);
#5897=PLANE('',#6566);
#5898=PLANE('',#6570);
#5899=PLANE('',#6571);
#5900=PLANE('',#6579);
#5901=PLANE('',#6581);
#5902=PLANE('',#6586);
#5903=PLANE('',#6587);
#5904=PLANE('',#6588);
#5905=PLANE('',#6592);
#5906=PLANE('',#6597);
#5907=PLANE('',#6599);
#5908=PLANE('',#6602);
#5909=PLANE('',#6604);
#5910=PLANE('',#6606);
#5911=PLANE('',#6612);
#5912=PLANE('',#6614);
#5913=PLANE('',#6618);
#5914=PLANE('',#6619);
#5915=PLANE('',#6620);
#5916=PLANE('',#6624);
#5917=PLANE('',#6628);
#5918=PLANE('',#6630);
#5919=PLANE('',#6634);
#5920=PLANE('',#6640);
#5921=PLANE('',#6641);
#5922=PLANE('',#6642);
#5923=PLANE('',#6647);
#5924=PLANE('',#6648);
#5925=PLANE('',#6649);
#5926=PLANE('',#6653);
#5927=PLANE('',#6654);
#5928=PLANE('',#6658);
#5929=PLANE('',#6661);
#5930=PLANE('',#6662);
#5931=PLANE('',#6665);
#5932=PLANE('',#6668);
#5933=PLANE('',#6669);
#5934=PLANE('',#6673);
#5935=PLANE('',#6674);
#5936=PLANE('',#6675);
#5937=PLANE('',#6676);
#5938=PLANE('',#6677);
#5939=PLANE('',#6678);
#5940=PLANE('',#6681);
#5941=PLANE('',#6685);
#5942=PLANE('',#6689);
#5943=PLANE('',#6693);
#5944=PLANE('',#6695);
#5945=PLANE('',#6697);
#5946=PLANE('',#6698);
#5947=PLANE('',#6702);
#5948=PLANE('',#6705);
#5949=PLANE('',#6709);
#5950=PLANE('',#6712);
#5951=PLANE('',#6717);
#5952=PLANE('',#6723);
#5953=PLANE('',#6724);
#5954=PLANE('',#6725);
#5955=PLANE('',#6727);
#5956=PLANE('',#6728);
#5957=PLANE('',#6730);
#5958=PLANE('',#6731);
#5959=PLANE('',#6733);
#5960=PLANE('',#6735);
#5961=PLANE('',#6741);
#5962=PLANE('',#6745);
#5963=PLANE('',#6749);
#5964=PLANE('',#6750);
#5965=PLANE('',#6751);
#5966=PLANE('',#6752);
#5967=PLANE('',#6753);
#5968=PLANE('',#6756);
#5969=PLANE('',#6758);
#5970=PLANE('',#6760);
#5971=PLANE('',#6761);
#5972=PLANE('',#6763);
#5973=PLANE('',#6764);
#5974=PLANE('',#6766);
#5975=PLANE('',#6767);
#5976=PLANE('',#6769);
#5977=ADVANCED_FACE('',(#621),#5821,.F.);
#5978=ADVANCED_FACE('',(#622),#5822,.F.);
#5979=ADVANCED_FACE('',(#623),#5823,.F.);
#5980=ADVANCED_FACE('',(#624),#527,.F.);
#5981=ADVANCED_FACE('',(#625),#5824,.F.);
#5982=ADVANCED_FACE('',(#626),#528,.F.);
#5983=ADVANCED_FACE('',(#627),#5825,.F.);
#5984=ADVANCED_FACE('',(#628),#529,.F.);
#5985=ADVANCED_FACE('',(#629),#5826,.F.);
#5986=ADVANCED_FACE('',(#630),#530,.F.);
#5987=ADVANCED_FACE('',(#631),#5827,.F.);
#5988=ADVANCED_FACE('',(#632),#5828,.F.);
#5989=ADVANCED_FACE('',(#633),#5829,.F.);
#5990=ADVANCED_FACE('',(#634),#5830,.F.);
#5991=ADVANCED_FACE('',(#635),#5831,.F.);
#5992=ADVANCED_FACE('',(#636),#5832,.F.);
#5993=ADVANCED_FACE('',(#637),#531,.F.);
#5994=ADVANCED_FACE('',(#638),#5833,.F.);
#5995=ADVANCED_FACE('',(#639),#5834,.T.);
#5996=ADVANCED_FACE('',(#640),#5835,.F.);
#5997=ADVANCED_FACE('',(#641),#5836,.F.);
#5998=ADVANCED_FACE('',(#642),#532,.F.);
#5999=ADVANCED_FACE('',(#643),#533,.F.);
#6000=ADVANCED_FACE('',(#644),#5837,.F.);
#6001=ADVANCED_FACE('',(#645),#5838,.F.);
#6002=ADVANCED_FACE('',(#646),#5839,.F.);
#6003=ADVANCED_FACE('',(#647),#534,.F.);
#6004=ADVANCED_FACE('',(#648),#5840,.F.);
#6005=ADVANCED_FACE('',(#649),#5841,.F.);
#6006=ADVANCED_FACE('',(#650),#5842,.F.);
#6007=ADVANCED_FACE('',(#651),#5843,.F.);
#6008=ADVANCED_FACE('',(#652),#5844,.F.);
#6009=ADVANCED_FACE('',(#653),#535,.F.);
#6010=ADVANCED_FACE('',(#654),#536,.F.);
#6011=ADVANCED_FACE('',(#655),#5845,.F.);
#6012=ADVANCED_FACE('',(#656),#5846,.F.);
#6013=ADVANCED_FACE('',(#657),#5847,.F.);
#6014=ADVANCED_FACE('',(#658),#5848,.T.);
#6015=ADVANCED_FACE('',(#659),#537,.T.);
#6016=ADVANCED_FACE('',(#660,#107,#108,#109,#110,#111),#5849,.T.);
#6017=ADVANCED_FACE('',(#661),#5850,.T.);
#6018=ADVANCED_FACE('',(#662),#538,.T.);
#6019=ADVANCED_FACE('',(#663),#5851,.T.);
#6020=ADVANCED_FACE('',(#664),#539,.F.);
#6021=ADVANCED_FACE('',(#665),#5852,.T.);
#6022=ADVANCED_FACE('',(#666),#540,.F.);
#6023=ADVANCED_FACE('',(#667),#5853,.T.);
#6024=ADVANCED_FACE('',(#668),#541,.F.);
#6025=ADVANCED_FACE('',(#669),#542,.F.);
#6026=ADVANCED_FACE('',(#670),#5854,.T.);
#6027=ADVANCED_FACE('',(#671),#543,.T.);
#6028=ADVANCED_FACE('',(#672),#5855,.T.);
#6029=ADVANCED_FACE('',(#673),#544,.T.);
#6030=ADVANCED_FACE('',(#674),#545,.F.);
#6031=ADVANCED_FACE('',(#675),#5856,.T.);
#6032=ADVANCED_FACE('',(#676),#546,.T.);
#6033=ADVANCED_FACE('',(#677),#547,.F.);
#6034=ADVANCED_FACE('',(#678),#5857,.T.);
#6035=ADVANCED_FACE('',(#679),#548,.F.);
#6036=ADVANCED_FACE('',(#680),#5858,.T.);
#6037=ADVANCED_FACE('',(#681),#549,.F.);
#6038=ADVANCED_FACE('',(#682),#550,.F.);
#6039=ADVANCED_FACE('',(#683),#5859,.T.);
#6040=ADVANCED_FACE('',(#684),#551,.T.);
#6041=ADVANCED_FACE('',(#685,#112,#113,#114,#115,#116),#5860,.T.);
#6042=ADVANCED_FACE('',(#686),#552,.T.);
#6043=ADVANCED_FACE('',(#687),#553,.F.);
#6044=ADVANCED_FACE('',(#688),#5861,.T.);
#6045=ADVANCED_FACE('',(#689),#554,.T.);
#6046=ADVANCED_FACE('',(#690),#555,.F.);
#6047=ADVANCED_FACE('',(#691),#5862,.T.);
#6048=ADVANCED_FACE('',(#692),#556,.F.);
#6049=ADVANCED_FACE('',(#693),#5863,.T.);
#6050=ADVANCED_FACE('',(#694),#557,.F.);
#6051=ADVANCED_FACE('',(#695),#5864,.T.);
#6052=ADVANCED_FACE('',(#696),#558,.F.);
#6053=ADVANCED_FACE('',(#697),#5865,.T.);
#6054=ADVANCED_FACE('',(#698),#559,.F.);
#6055=ADVANCED_FACE('',(#699),#5866,.T.);
#6056=ADVANCED_FACE('',(#700),#560,.F.);
#6057=ADVANCED_FACE('',(#701),#5867,.T.);
#6058=ADVANCED_FACE('',(#702),#5868,.T.);
#6059=ADVANCED_FACE('',(#703),#5869,.F.);
#6060=ADVANCED_FACE('',(#704),#5870,.F.);
#6061=ADVANCED_FACE('',(#705),#5871,.T.);
#6062=ADVANCED_FACE('',(#706),#5872,.F.);
#6063=ADVANCED_FACE('',(#707),#5873,.F.);
#6064=ADVANCED_FACE('',(#708),#5874,.F.);
#6065=ADVANCED_FACE('',(#709),#5875,.F.);
#6066=ADVANCED_FACE('',(#710),#5876,.T.);
#6067=ADVANCED_FACE('',(#711),#561,.T.);
#6068=ADVANCED_FACE('',(#712),#5877,.T.);
#6069=ADVANCED_FACE('',(#713),#5878,.T.);
#6070=ADVANCED_FACE('',(#714),#562,.T.);
#6071=ADVANCED_FACE('',(#715),#5879,.T.);
#6072=ADVANCED_FACE('',(#716),#5880,.T.);
#6073=ADVANCED_FACE('',(#717),#5881,.T.);
#6074=ADVANCED_FACE('',(#718),#563,.F.);
#6075=ADVANCED_FACE('',(#719),#5882,.T.);
#6076=ADVANCED_FACE('',(#720),#5883,.T.);
#6077=ADVANCED_FACE('',(#721,#117),#5884,.T.);
#6078=ADVANCED_FACE('',(#722),#91,.T.);
#6079=ADVANCED_FACE('',(#723),#92,.T.);
#6080=ADVANCED_FACE('',(#724),#564,.T.);
#6081=ADVANCED_FACE('',(#725),#15,.T.);
#6082=ADVANCED_FACE('',(#726),#16,.T.);
#6083=ADVANCED_FACE('',(#727),#5885,.F.);
#6084=ADVANCED_FACE('',(#728),#5886,.T.);
#6085=ADVANCED_FACE('',(#729,#118),#5887,.T.);
#6086=ADVANCED_FACE('',(#730),#5888,.T.);
#6087=ADVANCED_FACE('',(#731),#5889,.T.);
#6088=ADVANCED_FACE('',(#732),#5890,.T.);
#6089=ADVANCED_FACE('',(#733),#5891,.T.);
#6090=ADVANCED_FACE('',(#734),#5892,.T.);
#6091=ADVANCED_FACE('',(#735),#5893,.T.);
#6092=ADVANCED_FACE('',(#736),#565,.F.);
#6093=ADVANCED_FACE('',(#737),#5894,.T.);
#6094=ADVANCED_FACE('',(#738),#17,.T.);
#6095=ADVANCED_FACE('',(#739),#5895,.T.);
#6096=ADVANCED_FACE('',(#740,#119),#5896,.T.);
#6097=ADVANCED_FACE('',(#741,#120),#5897,.T.);
#6098=ADVANCED_FACE('',(#742),#18,.T.);
#6099=ADVANCED_FACE('',(#743),#93,.T.);
#6100=ADVANCED_FACE('',(#744),#5898,.F.);
#6101=ADVANCED_FACE('',(#745),#5899,.F.);
#6102=ADVANCED_FACE('',(#746),#566,.T.);
#6103=ADVANCED_FACE('',(#747),#94,.T.);
#6104=ADVANCED_FACE('',(#748),#19,.T.);
#6105=ADVANCED_FACE('',(#749),#20,.T.);
#6106=ADVANCED_FACE('',(#750),#21,.T.);
#6107=ADVANCED_FACE('',(#751),#95,.F.);
#6108=ADVANCED_FACE('',(#752),#5900,.T.);
#6109=ADVANCED_FACE('',(#753),#22,.T.);
#6110=ADVANCED_FACE('',(#754),#23,.T.);
#6111=ADVANCED_FACE('',(#755),#24,.T.);
#6112=ADVANCED_FACE('',(#756),#25,.T.);
#6113=ADVANCED_FACE('',(#757),#26,.T.);
#6114=ADVANCED_FACE('',(#758),#27,.T.);
#6115=ADVANCED_FACE('',(#759),#567,.F.);
#6116=ADVANCED_FACE('',(#760),#5901,.F.);
#6117=ADVANCED_FACE('',(#761),#568,.T.);
#6118=ADVANCED_FACE('',(#762),#96,.F.);
#6119=ADVANCED_FACE('',(#763),#5902,.T.);
#6120=ADVANCED_FACE('',(#764),#28,.T.);
#6121=ADVANCED_FACE('',(#765),#5903,.T.);
#6122=ADVANCED_FACE('',(#766),#29,.T.);
#6123=ADVANCED_FACE('',(#767),#5904,.T.);
#6124=ADVANCED_FACE('',(#768),#97,.F.);
#6125=ADVANCED_FACE('',(#769),#30,.T.);
#6126=ADVANCED_FACE('',(#770),#31,.T.);
#6127=ADVANCED_FACE('',(#771),#32,.T.);
#6128=ADVANCED_FACE('',(#772),#33,.T.);
#6129=ADVANCED_FACE('',(#773),#5905,.F.);
#6130=ADVANCED_FACE('',(#774),#569,.F.);
#6131=ADVANCED_FACE('',(#775),#570,.F.);
#6132=ADVANCED_FACE('',(#776),#5906,.F.);
#6133=ADVANCED_FACE('',(#777),#34,.T.);
#6134=ADVANCED_FACE('',(#778),#35,.T.);
#6135=ADVANCED_FACE('',(#779),#36,.T.);
#6136=ADVANCED_FACE('',(#780),#37,.T.);
#6137=ADVANCED_FACE('',(#781),#38,.T.);
#6138=ADVANCED_FACE('',(#782),#5907,.T.);
#6139=ADVANCED_FACE('',(#783),#98,.F.);
#6140=ADVANCED_FACE('',(#784),#39,.T.);
#6141=ADVANCED_FACE('',(#785),#40,.T.);
#6142=ADVANCED_FACE('',(#786),#41,.T.);
#6143=ADVANCED_FACE('',(#787),#42,.T.);
#6144=ADVANCED_FACE('',(#788),#5908,.F.);
#6145=ADVANCED_FACE('',(#789),#571,.F.);
#6146=ADVANCED_FACE('',(#790),#5909,.F.);
#6147=ADVANCED_FACE('',(#791),#43,.T.);
#6148=ADVANCED_FACE('',(#792),#44,.T.);
#6149=ADVANCED_FACE('',(#793),#5910,.T.);
#6150=ADVANCED_FACE('',(#794),#99,.F.);
#6151=ADVANCED_FACE('',(#795),#45,.T.);
#6152=ADVANCED_FACE('',(#796),#46,.T.);
#6153=ADVANCED_FACE('',(#797),#47,.T.);
#6154=ADVANCED_FACE('',(#798),#48,.T.);
#6155=ADVANCED_FACE('',(#799),#49,.T.);
#6156=ADVANCED_FACE('',(#800),#50,.T.);
#6157=ADVANCED_FACE('',(#801),#51,.T.);
#6158=ADVANCED_FACE('',(#802),#572,.F.);
#6159=ADVANCED_FACE('',(#803),#5911,.F.);
#6160=ADVANCED_FACE('',(#804),#5912,.F.);
#6161=ADVANCED_FACE('',(#805),#573,.T.);
#6162=ADVANCED_FACE('',(#806),#100,.F.);
#6163=ADVANCED_FACE('',(#807),#5913,.T.);
#6164=ADVANCED_FACE('',(#808),#52,.T.);
#6165=ADVANCED_FACE('',(#809),#5914,.T.);
#6166=ADVANCED_FACE('',(#810),#53,.T.);
#6167=ADVANCED_FACE('',(#811),#5915,.T.);
#6168=ADVANCED_FACE('',(#812),#101,.F.);
#6169=ADVANCED_FACE('',(#813),#54,.T.);
#6170=ADVANCED_FACE('',(#814),#55,.T.);
#6171=ADVANCED_FACE('',(#815),#56,.T.);
#6172=ADVANCED_FACE('',(#816),#57,.T.);
#6173=ADVANCED_FACE('',(#817),#5916,.F.);
#6174=ADVANCED_FACE('',(#818),#574,.F.);
#6175=ADVANCED_FACE('',(#819),#5917,.F.);
#6176=ADVANCED_FACE('',(#820),#58,.T.);
#6177=ADVANCED_FACE('',(#821),#59,.T.);
#6178=ADVANCED_FACE('',(#822),#60,.T.);
#6179=ADVANCED_FACE('',(#823),#61,.T.);
#6180=ADVANCED_FACE('',(#824),#62,.T.);
#6181=ADVANCED_FACE('',(#825),#5918,.T.);
#6182=ADVANCED_FACE('',(#826),#102,.F.);
#6183=ADVANCED_FACE('',(#827),#63,.T.);
#6184=ADVANCED_FACE('',(#828),#64,.T.);
#6185=ADVANCED_FACE('',(#829),#65,.T.);
#6186=ADVANCED_FACE('',(#830),#66,.T.);
#6187=ADVANCED_FACE('',(#831),#575,.T.);
#6188=ADVANCED_FACE('',(#832),#5919,.F.);
#6189=ADVANCED_FACE('',(#833),#576,.F.);
#6190=ADVANCED_FACE('',(#834),#577,.F.);
#6191=ADVANCED_FACE('',(#835),#5920,.F.);
#6192=ADVANCED_FACE('',(#836),#5921,.F.);
#6193=ADVANCED_FACE('',(#837),#5922,.F.);
#6194=ADVANCED_FACE('',(#838),#578,.F.);
#6195=ADVANCED_FACE('',(#839),#579,.F.);
#6196=ADVANCED_FACE('',(#840),#5923,.F.);
#6197=ADVANCED_FACE('',(#841),#5924,.F.);
#6198=ADVANCED_FACE('',(#842),#5925,.F.);
#6199=ADVANCED_FACE('',(#843),#580,.T.);
#6200=ADVANCED_FACE('',(#844),#5926,.F.);
#6201=ADVANCED_FACE('',(#845),#5927,.T.);
#6202=ADVANCED_FACE('',(#846),#581,.T.);
#6203=ADVANCED_FACE('',(#847),#5928,.T.);
#6204=ADVANCED_FACE('',(#848),#582,.F.);
#6205=ADVANCED_FACE('',(#849),#5929,.F.);
#6206=ADVANCED_FACE('',(#850),#5930,.F.);
#6207=ADVANCED_FACE('',(#851),#583,.F.);
#6208=ADVANCED_FACE('',(#852),#5931,.F.);
#6209=ADVANCED_FACE('',(#853),#584,.F.);
#6210=ADVANCED_FACE('',(#854),#5932,.F.);
#6211=ADVANCED_FACE('',(#855),#5933,.F.);
#6212=ADVANCED_FACE('',(#856),#585,.F.);
#6213=ADVANCED_FACE('',(#857),#5934,.F.);
#6214=ADVANCED_FACE('',(#858),#5935,.T.);
#6215=ADVANCED_FACE('',(#859),#5936,.T.);
#6216=ADVANCED_FACE('',(#860),#5937,.T.);
#6217=ADVANCED_FACE('',(#861),#5938,.T.);
#6218=ADVANCED_FACE('',(#862),#5939,.F.);
#6219=ADVANCED_FACE('',(#863),#586,.F.);
#6220=ADVANCED_FACE('',(#864,#121),#5940,.F.);
#6221=ADVANCED_FACE('',(#865),#587,.F.);
#6222=ADVANCED_FACE('',(#866,#122),#5941,.F.);
#6223=ADVANCED_FACE('',(#867),#588,.F.);
#6224=ADVANCED_FACE('',(#868,#123),#5942,.F.);
#6225=ADVANCED_FACE('',(#869),#589,.F.);
#6226=ADVANCED_FACE('',(#870,#124),#5943,.F.);
#6227=ADVANCED_FACE('',(#871),#5944,.F.);
#6228=ADVANCED_FACE('',(#872),#590,.F.);
#6229=ADVANCED_FACE('',(#873),#5945,.F.);
#6230=ADVANCED_FACE('',(#874),#5946,.F.);
#6231=ADVANCED_FACE('',(#875),#591,.F.);
#6232=ADVANCED_FACE('',(#876),#592,.F.);
#6233=ADVANCED_FACE('',(#877),#593,.F.);
#6234=ADVANCED_FACE('',(#878),#5947,.F.);
#6235=ADVANCED_FACE('',(#879),#594,.F.);
#6236=ADVANCED_FACE('',(#880),#595,.F.);
#6237=ADVANCED_FACE('',(#881),#67,.T.);
#6238=ADVANCED_FACE('',(#882),#68,.T.);
#6239=ADVANCED_FACE('',(#883),#69,.T.);
#6240=ADVANCED_FACE('',(#884),#70,.T.);
#6241=ADVANCED_FACE('',(#885),#71,.T.);
#6242=ADVANCED_FACE('',(#886),#72,.T.);
#6243=ADVANCED_FACE('',(#887),#73,.T.);
#6244=ADVANCED_FACE('',(#888),#74,.T.);
#6245=ADVANCED_FACE('',(#889),#5948,.T.);
#6246=ADVANCED_FACE('',(#890),#75,.T.);
#6247=ADVANCED_FACE('',(#891),#76,.T.);
#6248=ADVANCED_FACE('',(#892),#77,.T.);
#6249=ADVANCED_FACE('',(#893),#78,.T.);
#6250=ADVANCED_FACE('',(#894),#79,.T.);
#6251=ADVANCED_FACE('',(#895),#80,.T.);
#6252=ADVANCED_FACE('',(#896),#596,.T.);
#6253=ADVANCED_FACE('',(#897),#597,.T.);
#6254=ADVANCED_FACE('',(#898),#5949,.T.);
#6255=ADVANCED_FACE('',(#899),#81,.T.);
#6256=ADVANCED_FACE('',(#900),#82,.T.);
#6257=ADVANCED_FACE('',(#901),#83,.T.);
#6258=ADVANCED_FACE('',(#902),#84,.T.);
#6259=ADVANCED_FACE('',(#903),#85,.T.);
#6260=ADVANCED_FACE('',(#904),#86,.T.);
#6261=ADVANCED_FACE('',(#905),#5950,.T.);
#6262=ADVANCED_FACE('',(#906),#87,.T.);
#6263=ADVANCED_FACE('',(#907),#88,.T.);
#6264=ADVANCED_FACE('',(#908),#89,.T.);
#6265=ADVANCED_FACE('',(#909),#90,.T.);
#6266=ADVANCED_FACE('',(#910),#598,.T.);
#6267=ADVANCED_FACE('',(#911),#599,.T.);
#6268=ADVANCED_FACE('',(#912),#600,.T.);
#6269=ADVANCED_FACE('',(#913),#5951,.T.);
#6270=ADVANCED_FACE('',(#914),#601,.T.);
#6271=ADVANCED_FACE('',(#915),#602,.F.);
#6272=ADVANCED_FACE('',(#916),#603,.F.);
#6273=ADVANCED_FACE('',(#917),#5952,.F.);
#6274=ADVANCED_FACE('',(#918),#5953,.F.);
#6275=ADVANCED_FACE('',(#919),#5954,.F.);
#6276=ADVANCED_FACE('',(#920),#604,.T.);
#6277=ADVANCED_FACE('',(#921),#5955,.F.);
#6278=ADVANCED_FACE('',(#922),#5956,.F.);
#6279=ADVANCED_FACE('',(#923),#605,.T.);
#6280=ADVANCED_FACE('',(#924),#5957,.F.);
#6281=ADVANCED_FACE('',(#925),#5958,.F.);
#6282=ADVANCED_FACE('',(#926),#606,.T.);
#6283=ADVANCED_FACE('',(#927),#5959,.F.);
#6284=ADVANCED_FACE('',(#928),#607,.T.);
#6285=ADVANCED_FACE('',(#929),#5960,.T.);
#6286=ADVANCED_FACE('',(#930),#608,.T.);
#6287=ADVANCED_FACE('',(#931),#609,.T.);
#6288=ADVANCED_FACE('',(#932),#610,.T.);
#6289=ADVANCED_FACE('',(#933),#5961,.T.);
#6290=ADVANCED_FACE('',(#934),#611,.T.);
#6291=ADVANCED_FACE('',(#935),#5962,.T.);
#6292=ADVANCED_FACE('',(#936),#612,.T.);
#6293=ADVANCED_FACE('',(#937),#5963,.T.);
#6294=ADVANCED_FACE('',(#938),#5964,.T.);
#6295=ADVANCED_FACE('',(#939),#5965,.T.);
#6296=ADVANCED_FACE('',(#940),#5966,.T.);
#6297=ADVANCED_FACE('',(#941),#5967,.T.);
#6298=ADVANCED_FACE('',(#942),#613,.F.);
#6299=ADVANCED_FACE('',(#943),#614,.F.);
#6300=ADVANCED_FACE('',(#944),#5968,.T.);
#6301=ADVANCED_FACE('',(#945),#615,.F.);
#6302=ADVANCED_FACE('',(#946),#5969,.T.);
#6303=ADVANCED_FACE('',(#947),#616,.F.);
#6304=ADVANCED_FACE('',(#948),#5970,.T.);
#6305=ADVANCED_FACE('',(#949),#5971,.T.);
#6306=ADVANCED_FACE('',(#950),#617,.F.);
#6307=ADVANCED_FACE('',(#951),#5972,.F.);
#6308=ADVANCED_FACE('',(#952),#5973,.T.);
#6309=ADVANCED_FACE('',(#953),#618,.F.);
#6310=ADVANCED_FACE('',(#954),#5974,.T.);
#6311=ADVANCED_FACE('',(#955),#5975,.T.);
#6312=ADVANCED_FACE('',(#956),#619,.F.);
#6313=ADVANCED_FACE('',(#957),#5976,.T.);
#6314=ADVANCED_FACE('',(#958),#620,.F.);
#6315=CLOSED_SHELL('',(#5977,#5978,#5979,#5980,#5981,#5982,#5983,#5984,
#5985,#5986,#5987,#5988,#5989,#5990,#5991,#5992,#5993,#5994,#5995,#5996,
#5997,#5998,#5999,#6000,#6001,#6002,#6003,#6004,#6005,#6006,#6007,#6008,
#6009,#6010,#6011,#6012,#6013,#6014,#6015,#6016,#6017,#6018,#6019,#6020,
#6021,#6022,#6023,#6024,#6025,#6026,#6027,#6028,#6029,#6030,#6031,#6032,
#6033,#6034,#6035,#6036,#6037,#6038,#6039,#6040,#6041,#6042,#6043,#6044,
#6045,#6046,#6047,#6048,#6049,#6050,#6051,#6052,#6053,#6054,#6055,#6056,
#6057,#6058,#6059,#6060,#6061,#6062,#6063,#6064,#6065,#6066,#6067,#6068,
#6069,#6070,#6071,#6072,#6073,#6074,#6075,#6076,#6077,#6078,#6079,#6080,
#6081,#6082,#6083,#6084,#6085,#6086,#6087,#6088,#6089,#6090,#6091,#6092,
#6093,#6094,#6095,#6096,#6097,#6098,#6099,#6100,#6101,#6102,#6103,#6104,
#6105,#6106,#6107,#6108,#6109,#6110,#6111,#6112,#6113,#6114,#6115,#6116,
#6117,#6118,#6119,#6120,#6121,#6122,#6123,#6124,#6125,#6126,#6127,#6128,
#6129,#6130,#6131,#6132,#6133,#6134,#6135,#6136,#6137,#6138,#6139,#6140,
#6141,#6142,#6143,#6144,#6145,#6146,#6147,#6148,#6149,#6150,#6151,#6152,
#6153,#6154,#6155,#6156,#6157,#6158,#6159,#6160,#6161,#6162,#6163,#6164,
#6165,#6166,#6167,#6168,#6169,#6170,#6171,#6172,#6173,#6174,#6175,#6176,
#6177,#6178,#6179,#6180,#6181,#6182,#6183,#6184,#6185,#6186,#6187,#6188,
#6189,#6190,#6191,#6192,#6193,#6194,#6195,#6196,#6197,#6198,#6199,#6200,
#6201,#6202,#6203,#6204,#6205,#6206,#6207,#6208,#6209,#6210,#6211,#6212,
#6213,#6214,#6215,#6216,#6217,#6218,#6219,#6220,#6221,#6222,#6223,#6224,
#6225,#6226,#6227,#6228,#6229,#6230,#6231,#6232,#6233,#6234,#6235,#6236,
#6237,#6238,#6239,#6240,#6241,#6242,#6243,#6244,#6245,#6246,#6247,#6248,
#6249,#6250,#6251,#6252,#6253,#6254,#6255,#6256,#6257,#6258,#6259,#6260,
#6261,#6262,#6263,#6264,#6265,#6266,#6267,#6268,#6269,#6270,#6271,#6272,
#6273,#6274,#6275,#6276,#6277,#6278,#6279,#6280,#6281,#6282,#6283,#6284,
#6285,#6286,#6287,#6288,#6289,#6290,#6291,#6292,#6293,#6294,#6295,#6296,
#6297,#6298,#6299,#6300,#6301,#6302,#6303,#6304,#6305,#6306,#6307,#6308,
#6309,#6310,#6311,#6312,#6313,#6314));
#6316=DERIVED_UNIT_ELEMENT(#6318,1.);
#6317=DERIVED_UNIT_ELEMENT(#13227,-3.);
#6318=(
MASS_UNIT()
NAMED_UNIT(*)
SI_UNIT(.KILO.,.GRAM.)
);
#6319=DERIVED_UNIT((#6316,#6317));
#6320=MEASURE_REPRESENTATION_ITEM('density measure',
POSITIVE_RATIO_MEASURE(7850.),#6319);
#6321=PROPERTY_DEFINITION_REPRESENTATION(#6326,#6323);
#6322=PROPERTY_DEFINITION_REPRESENTATION(#6327,#6324);
#6323=REPRESENTATION('material name',(#6325),#13224);
#6324=REPRESENTATION('density',(#6320),#13224);
#6325=DESCRIPTIVE_REPRESENTATION_ITEM('Steel','Steel');
#6326=PROPERTY_DEFINITION('material property','material name',#13234);
#6327=PROPERTY_DEFINITION('material property','density of part',#13234);
#6328=AXIS2_PLACEMENT_3D('',#8193,#6771,#6772);
#6329=AXIS2_PLACEMENT_3D('',#8194,#6773,#6774);
#6330=AXIS2_PLACEMENT_3D('',#8203,#6779,#6780);
#6331=AXIS2_PLACEMENT_3D('',#8209,#6784,#6785);
#6332=AXIS2_PLACEMENT_3D('',#8215,#6789,#6790);
#6333=AXIS2_PLACEMENT_3D('',#8218,#6791,#6792);
#6334=AXIS2_PLACEMENT_3D('',#8222,#6794,#6795);
#6335=AXIS2_PLACEMENT_3D('',#8233,#6797,#6798);
#6336=AXIS2_PLACEMENT_3D('',#8235,#6799,#6800);
#6337=AXIS2_PLACEMENT_3D('',#8239,#6803,#6804);
#6338=AXIS2_PLACEMENT_3D('',#8252,#6805,#6806);
#6339=AXIS2_PLACEMENT_3D('',#8254,#6808,#6809);
#6340=AXIS2_PLACEMENT_3D('',#8257,#6811,#6812);
#6341=AXIS2_PLACEMENT_3D('',#8259,#6814,#6815);
#6342=AXIS2_PLACEMENT_3D('',#8262,#6816,#6817);
#6343=AXIS2_PLACEMENT_3D('',#8277,#6820,#6821);
#6344=AXIS2_PLACEMENT_3D('',#8282,#6824,#6825);
#6345=AXIS2_PLACEMENT_3D('',#8283,#6826,#6827);
#6346=AXIS2_PLACEMENT_3D('',#8285,#6828,#6829);
#6347=AXIS2_PLACEMENT_3D('',#8289,#6831,#6832);
#6348=AXIS2_PLACEMENT_3D('',#8298,#6833,#6834);
#6349=AXIS2_PLACEMENT_3D('',#8302,#6836,#6837);
#6350=AXIS2_PLACEMENT_3D('',#8306,#6840,#6841);
#6351=AXIS2_PLACEMENT_3D('',#8312,#6845,#6846);
#6352=AXIS2_PLACEMENT_3D('',#8318,#6850,#6851);
#6353=AXIS2_PLACEMENT_3D('',#8324,#6855,#6856);
#6354=AXIS2_PLACEMENT_3D('',#8328,#6859,#6860);
#6355=AXIS2_PLACEMENT_3D('',#8336,#6865,#6866);
#6356=AXIS2_PLACEMENT_3D('',#8340,#6868,#6869);
#6357=AXIS2_PLACEMENT_3D('',#8360,#6871,#6872);
#6358=AXIS2_PLACEMENT_3D('',#8369,#6874,#6875);
#6359=AXIS2_PLACEMENT_3D('',#8371,#6877,#6878);
#6360=AXIS2_PLACEMENT_3D('',#8378,#6883,#6884);
#6361=AXIS2_PLACEMENT_3D('',#8385,#6887,#6888);
#6362=AXIS2_PLACEMENT_3D('',#8387,#6890,#6891);
#6363=AXIS2_PLACEMENT_3D('',#8396,#6896,#6897);
#6364=AXIS2_PLACEMENT_3D('',#8398,#6898,#6899);
#6365=AXIS2_PLACEMENT_3D('',#8402,#6901,#6902);
#6366=AXIS2_PLACEMENT_3D('',#8411,#6903,#6904);
#6367=AXIS2_PLACEMENT_3D('',#8413,#6905,#6906);
#6368=AXIS2_PLACEMENT_3D('',#8427,#6908,#6909);
#6369=AXIS2_PLACEMENT_3D('',#8433,#6913,#6914);
#6370=AXIS2_PLACEMENT_3D('',#8439,#6918,#6919);
#6371=AXIS2_PLACEMENT_3D('',#8442,#6921,#6922);
#6372=AXIS2_PLACEMENT_3D('',#8444,#6924,#6925);
#6373=AXIS2_PLACEMENT_3D('',#8447,#6926,#6927);
#6374=AXIS2_PLACEMENT_3D('',#8463,#6930,#6931);
#6375=AXIS2_PLACEMENT_3D('',#8470,#6935,#6936);
#6376=AXIS2_PLACEMENT_3D('',#8471,#6937,#6938);
#6377=AXIS2_PLACEMENT_3D('',#8477,#6942,#6943);
#6378=AXIS2_PLACEMENT_3D('',#8483,#6947,#6948);
#6379=AXIS2_PLACEMENT_3D('',#8487,#6950,#6951);
#6380=AXIS2_PLACEMENT_3D('',#8489,#6953,#6954);
#6381=AXIS2_PLACEMENT_3D('',#8495,#6958,#6959);
#6382=AXIS2_PLACEMENT_3D('',#8497,#6960,#6961);
#6383=AXIS2_PLACEMENT_3D('',#8508,#6962,#6963);
#6384=AXIS2_PLACEMENT_3D('',#8510,#6965,#6966);
#6385=AXIS2_PLACEMENT_3D('',#8514,#6968,#6969);
#6386=AXIS2_PLACEMENT_3D('',#8527,#6971,#6972);
#6387=AXIS2_PLACEMENT_3D('',#8536,#6974,#6975);
#6388=AXIS2_PLACEMENT_3D('',#8538,#6977,#6978);
#6389=AXIS2_PLACEMENT_3D('',#8542,#6981,#6982);
#6390=AXIS2_PLACEMENT_3D('',#8550,#6987,#6988);
#6391=AXIS2_PLACEMENT_3D('',#8557,#6992,#6993);
#6392=AXIS2_PLACEMENT_3D('',#8559,#6995,#6996);
#6393=AXIS2_PLACEMENT_3D('',#8562,#6997,#6998);
#6394=AXIS2_PLACEMENT_3D('',#8566,#7000,#7001);
#6395=AXIS2_PLACEMENT_3D('',#8575,#7003,#7004);
#6396=AXIS2_PLACEMENT_3D('',#8579,#7006,#7007);
#6397=AXIS2_PLACEMENT_3D('',#8583,#7009,#7010);
#6398=AXIS2_PLACEMENT_3D('',#8587,#7012,#7013);
#6399=AXIS2_PLACEMENT_3D('',#8591,#7015,#7016);
#6400=AXIS2_PLACEMENT_3D('',#8595,#7018,#7019);
#6401=AXIS2_PLACEMENT_3D('',#8599,#7021,#7022);
#6402=AXIS2_PLACEMENT_3D('',#8603,#7024,#7025);
#6403=AXIS2_PLACEMENT_3D('',#8609,#7028,#7029);
#6404=AXIS2_PLACEMENT_3D('',#8620,#7031,#7032);
#6405=AXIS2_PLACEMENT_3D('',#8630,#7037,#7038);
#6406=AXIS2_PLACEMENT_3D('',#8634,#7040,#7041);
#6407=AXIS2_PLACEMENT_3D('',#8638,#7043,#7044);
#6408=AXIS2_PLACEMENT_3D('',#8642,#7046,#7047);
#6409=AXIS2_PLACEMENT_3D('',#8652,#7052,#7053);
#6410=AXIS2_PLACEMENT_3D('',#8662,#7055,#7056);
#6411=AXIS2_PLACEMENT_3D('',#8665,#7058,#7059);
#6412=AXIS2_PLACEMENT_3D('',#8667,#7060,#7061);
#6413=AXIS2_PLACEMENT_3D('',#8669,#7062,#7063);
#6414=AXIS2_PLACEMENT_3D('',#8671,#7064,#7065);
#6415=AXIS2_PLACEMENT_3D('',#8673,#7066,#7067);
#6416=AXIS2_PLACEMENT_3D('',#8674,#7068,#7069);
#6417=AXIS2_PLACEMENT_3D('',#8678,#7071,#7072);
#6418=AXIS2_PLACEMENT_3D('',#8680,#7074,#7075);
#6419=AXIS2_PLACEMENT_3D('',#8684,#7077,#7078);
#6420=AXIS2_PLACEMENT_3D('',#8686,#7080,#7081);
#6421=AXIS2_PLACEMENT_3D('',#8690,#7085,#7086);
#6422=AXIS2_PLACEMENT_3D('',#8703,#7089,#7090);
#6423=AXIS2_PLACEMENT_3D('',#8705,#7091,#7092);
#6424=AXIS2_PLACEMENT_3D('',#8707,#7094,#7095);
#6425=AXIS2_PLACEMENT_3D('',#8720,#7098,#7099);
#6426=AXIS2_PLACEMENT_3D('',#8722,#7100,#7101);
#6427=AXIS2_PLACEMENT_3D('',#8724,#7103,#7104);
#6428=AXIS2_PLACEMENT_3D('',#8737,#7107,#7108);
#6429=AXIS2_PLACEMENT_3D('',#8740,#7110,#7111);
#6430=AXIS2_PLACEMENT_3D('',#8771,#7114,#7115);
#6431=AXIS2_PLACEMENT_3D('',#8774,#7117,#7118);
#6432=AXIS2_PLACEMENT_3D('',#8775,#7119,#7120);
#6433=AXIS2_PLACEMENT_3D('',#8777,#7122,#7123);
#6434=AXIS2_PLACEMENT_3D('',#8779,#7125,#7126);
#6435=AXIS2_PLACEMENT_3D('',#8781,#7128,#7129);
#6436=AXIS2_PLACEMENT_3D('',#8782,#7130,#7131);
#6437=AXIS2_PLACEMENT_3D('',#8784,#7133,#7134);
#6438=AXIS2_PLACEMENT_3D('',#8785,#7135,#7136);
#6439=AXIS2_PLACEMENT_3D('',#8787,#7137,#7138);
#6440=AXIS2_PLACEMENT_3D('',#8790,#7140,#7141);
#6441=AXIS2_PLACEMENT_3D('',#8791,#7142,#7143);
#6442=AXIS2_PLACEMENT_3D('',#8805,#7145,#7146);
#6443=AXIS2_PLACEMENT_3D('',#8807,#7148,#7149);
#6444=AXIS2_PLACEMENT_3D('',#8810,#7151,#7152);
#6445=AXIS2_PLACEMENT_3D('',#8812,#7154,#7155);
#6446=AXIS2_PLACEMENT_3D('',#8826,#7157,#7158);
#6447=AXIS2_PLACEMENT_3D('',#8828,#7160,#7161);
#6448=AXIS2_PLACEMENT_3D('',#8830,#7162,#7163);
#6449=AXIS2_PLACEMENT_3D('',#8834,#7166,#7167);
#6450=AXIS2_PLACEMENT_3D('',#8848,#7169,#7170);
#6451=AXIS2_PLACEMENT_3D('',#8850,#7172,#7173);
#6452=AXIS2_PLACEMENT_3D('',#8853,#7175,#7176);
#6453=AXIS2_PLACEMENT_3D('',#8885,#7179,#7180);
#6454=AXIS2_PLACEMENT_3D('',#8887,#7181,#7182);
#6455=AXIS2_PLACEMENT_3D('',#8890,#7184,#7185);
#6456=AXIS2_PLACEMENT_3D('',#8891,#7186,#7187);
#6457=AXIS2_PLACEMENT_3D('',#8895,#7190,#7191);
#6458=AXIS2_PLACEMENT_3D('',#8897,#7192,#7193);
#6459=AXIS2_PLACEMENT_3D('',#8899,#7195,#7196);
#6460=AXIS2_PLACEMENT_3D('',#8903,#7198,#7199);
#6461=AXIS2_PLACEMENT_3D('',#8914,#7201,#7202);
#6462=AXIS2_PLACEMENT_3D('',#8924,#7207,#7208);
#6463=AXIS2_PLACEMENT_3D('',#8928,#7210,#7211);
#6464=AXIS2_PLACEMENT_3D('',#8932,#7213,#7214);
#6465=AXIS2_PLACEMENT_3D('',#8936,#7216,#7217);
#6466=AXIS2_PLACEMENT_3D('',#8946,#7222,#7223);
#6467=AXIS2_PLACEMENT_3D('',#8956,#7225,#7226);
#6468=AXIS2_PLACEMENT_3D('',#8958,#7227,#7228);
#6469=AXIS2_PLACEMENT_3D('',#8962,#7230,#7231);
#6470=AXIS2_PLACEMENT_3D('',#8966,#7234,#7235);
#6471=AXIS2_PLACEMENT_3D('',#8969,#7237,#7238);
#6472=AXIS2_PLACEMENT_3D('',#8971,#7239,#7240);
#6473=AXIS2_PLACEMENT_3D('',#8973,#7241,#7242);
#6474=AXIS2_PLACEMENT_3D('',#8975,#7243,#7244);
#6475=AXIS2_PLACEMENT_3D('',#8977,#7245,#7246);
#6476=AXIS2_PLACEMENT_3D('',#8978,#7247,#7248);
#6477=AXIS2_PLACEMENT_3D('',#8980,#7250,#7251);
#6478=AXIS2_PLACEMENT_3D('',#8983,#7254,#7255);
#6479=AXIS2_PLACEMENT_3D('',#8987,#7258,#7259);
#6480=AXIS2_PLACEMENT_3D('',#8988,#7260,#7261);
#6481=AXIS2_PLACEMENT_3D('',#8989,#7262,#7263);
#6482=AXIS2_PLACEMENT_3D('',#8992,#7265,#7266);
#6483=AXIS2_PLACEMENT_3D('',#8993,#7267,#7268);
#6484=AXIS2_PLACEMENT_3D('',#8994,#7269,#7270);
#6485=AXIS2_PLACEMENT_3D('',#8997,#7272,#7273);
#6486=AXIS2_PLACEMENT_3D('',#8998,#7274,#7275);
#6487=AXIS2_PLACEMENT_3D('',#8999,#7276,#7277);
#6488=AXIS2_PLACEMENT_3D('',#9002,#7279,#7280);
#6489=AXIS2_PLACEMENT_3D('',#9003,#7281,#7282);
#6490=AXIS2_PLACEMENT_3D('',#9004,#7283,#7284);
#6491=AXIS2_PLACEMENT_3D('',#9007,#7286,#7287);
#6492=AXIS2_PLACEMENT_3D('',#9008,#7288,#7289);
#6493=AXIS2_PLACEMENT_3D('',#9009,#7290,#7291);
#6494=AXIS2_PLACEMENT_3D('',#9012,#7293,#7294);
#6495=AXIS2_PLACEMENT_3D('',#9013,#7295,#7296);
#6496=AXIS2_PLACEMENT_3D('',#9014,#7297,#7298);
#6497=AXIS2_PLACEMENT_3D('',#9017,#7300,#7301);
#6498=AXIS2_PLACEMENT_3D('',#9018,#7302,#7303);
#6499=AXIS2_PLACEMENT_3D('',#9019,#7304,#7305);
#6500=AXIS2_PLACEMENT_3D('',#9020,#7306,#7307);
#6501=AXIS2_PLACEMENT_3D('',#9041,#7310,#7311);
#6502=AXIS2_PLACEMENT_3D('',#9099,#7316,#7317);
#6503=AXIS2_PLACEMENT_3D('',#9100,#7318,#7319);
#6504=AXIS2_PLACEMENT_3D('',#9121,#7322,#7323);
#6505=AXIS2_PLACEMENT_3D('',#9178,#7328,#7329);
#6506=AXIS2_PLACEMENT_3D('',#9199,#7332,#7333);
#6507=AXIS2_PLACEMENT_3D('',#9219,#7336,#7337);
#6508=AXIS2_PLACEMENT_3D('',#9222,#7338,#7339);
#6509=AXIS2_PLACEMENT_3D('',#9226,#7341,#7342);
#6510=AXIS2_PLACEMENT_3D('',#9228,#7344,#7345);
#6511=AXIS2_PLACEMENT_3D('',#9230,#7346,#7347);
#6512=AXIS2_PLACEMENT_3D('',#9251,#7350,#7351);
#6513=AXIS2_PLACEMENT_3D('',#9253,#7352,#7353);
#6514=AXIS2_PLACEMENT_3D('',#9265,#7359,#7360);
#6515=AXIS2_PLACEMENT_3D('',#9269,#7362,#7363);
#6516=AXIS2_PLACEMENT_3D('',#9279,#7369,#7370);
#6517=AXIS2_PLACEMENT_3D('',#9282,#7371,#7372);
#6518=AXIS2_PLACEMENT_3D('',#9286,#7374,#7375);
#6519=AXIS2_PLACEMENT_3D('',#9288,#7377,#7378);
#6520=AXIS2_PLACEMENT_3D('',#9290,#7379,#7380);
#6521=AXIS2_PLACEMENT_3D('',#9311,#7383,#7384);
#6522=AXIS2_PLACEMENT_3D('',#9313,#7385,#7386);
#6523=AXIS2_PLACEMENT_3D('',#9325,#7392,#7393);
#6524=AXIS2_PLACEMENT_3D('',#9329,#7395,#7396);
#6525=AXIS2_PLACEMENT_3D('',#9339,#7402,#7403);
#6526=AXIS2_PLACEMENT_3D('',#9341,#7405,#7406);
#6527=AXIS2_PLACEMENT_3D('',#9342,#7407,#7408);
#6528=AXIS2_PLACEMENT_3D('',#9365,#7412,#7413);
#6529=AXIS2_PLACEMENT_3D('',#9374,#7416,#7417);
#6530=AXIS2_PLACEMENT_3D('',#9385,#7418,#7419);
#6531=AXIS2_PLACEMENT_3D('',#9394,#7420,#7421);
#6532=AXIS2_PLACEMENT_3D('',#9400,#7425,#7426);
#6533=AXIS2_PLACEMENT_3D('',#9406,#7429,#7430);
#6534=AXIS2_PLACEMENT_3D('',#9414,#7434,#7435);
#6535=AXIS2_PLACEMENT_3D('',#9418,#7437,#7438);
#6536=AXIS2_PLACEMENT_3D('',#9425,#7442,#7443);
#6537=AXIS2_PLACEMENT_3D('',#9426,#7444,#7445);
#6538=AXIS2_PLACEMENT_3D('',#9444,#7448,#7449);
#6539=AXIS2_PLACEMENT_3D('',#9447,#7450,#7451);
#6540=AXIS2_PLACEMENT_3D('',#9450,#7453,#7454);
#6541=AXIS2_PLACEMENT_3D('',#9473,#7455,#7456);
#6542=AXIS2_PLACEMENT_3D('',#9503,#7457,#7458);
#6543=AXIS2_PLACEMENT_3D('',#9506,#7460,#7461);
#6544=AXIS2_PLACEMENT_3D('',#9507,#7462,#7463);
#6545=AXIS2_PLACEMENT_3D('',#9585,#7468,#7469);
#6546=AXIS2_PLACEMENT_3D('',#9589,#7472,#7473);
#6547=AXIS2_PLACEMENT_3D('',#9601,#7477,#7478);
#6548=AXIS2_PLACEMENT_3D('',#9603,#7480,#7481);
#6549=AXIS2_PLACEMENT_3D('',#9623,#7485,#7486);
#6550=AXIS2_PLACEMENT_3D('',#9625,#7488,#7489);
#6551=AXIS2_PLACEMENT_3D('',#9626,#7490,#7491);
#6552=AXIS2_PLACEMENT_3D('',#9627,#7492,#7493);
#6553=AXIS2_PLACEMENT_3D('',#9634,#7496,#7497);
#6554=AXIS2_PLACEMENT_3D('',#9642,#7501,#7502);
#6555=AXIS2_PLACEMENT_3D('',#9646,#7504,#7505);
#6556=AXIS2_PLACEMENT_3D('',#9654,#7509,#7510);
#6557=AXIS2_PLACEMENT_3D('',#9656,#7512,#7513);
#6558=AXIS2_PLACEMENT_3D('',#9669,#7517,#7518);
#6559=AXIS2_PLACEMENT_3D('',#9685,#7520,#7521);
#6560=AXIS2_PLACEMENT_3D('',#9705,#7524,#7525);
#6561=AXIS2_PLACEMENT_3D('',#9714,#7528,#7529);
#6562=AXIS2_PLACEMENT_3D('',#9725,#7530,#7531);
#6563=AXIS2_PLACEMENT_3D('',#9734,#7532,#7533);
#6564=AXIS2_PLACEMENT_3D('',#9764,#7539,#7540);
#6565=AXIS2_PLACEMENT_3D('',#9768,#7543,#7544);
#6566=AXIS2_PLACEMENT_3D('',#9788,#7547,#7548);
#6567=AXIS2_PLACEMENT_3D('',#9849,#7551,#7552);
#6568=AXIS2_PLACEMENT_3D('',#9851,#7553,#7554);
#6569=AXIS2_PLACEMENT_3D('',#9853,#7555,#7556);
#6570=AXIS2_PLACEMENT_3D('',#9855,#7558,#7559);
#6571=AXIS2_PLACEMENT_3D('',#9861,#7563,#7564);
#6572=AXIS2_PLACEMENT_3D('',#9865,#7567,#7568);
#6573=AXIS2_PLACEMENT_3D('',#9866,#7569,#7570);
#6574=AXIS2_PLACEMENT_3D('',#9869,#7571,#7572);
#6575=AXIS2_PLACEMENT_3D('',#9891,#7574,#7575);
#6576=AXIS2_PLACEMENT_3D('',#9998,#7581,#7582);
#6577=AXIS2_PLACEMENT_3D('',#10003,#7584,#7585);
#6578=AXIS2_PLACEMENT_3D('',#10006,#7587,#7588);
#6579=AXIS2_PLACEMENT_3D('',#10007,#7589,#7590);
#6580=AXIS2_PLACEMENT_3D('',#10203,#7597,#7598);
#6581=AXIS2_PLACEMENT_3D('',#10205,#7600,#7601);
#6582=AXIS2_PLACEMENT_3D('',#10207,#7603,#7604);
#6583=AXIS2_PLACEMENT_3D('',#10209,#7606,#7607);
#6584=AXIS2_PLACEMENT_3D('',#10214,#7609,#7610);
#6585=AXIS2_PLACEMENT_3D('',#10217,#7612,#7613);
#6586=AXIS2_PLACEMENT_3D('',#10218,#7614,#7615);
#6587=AXIS2_PLACEMENT_3D('',#10249,#7621,#7622);
#6588=AXIS2_PLACEMENT_3D('',#10285,#7626,#7627);
#6589=AXIS2_PLACEMENT_3D('',#10293,#7632,#7633);
#6590=AXIS2_PLACEMENT_3D('',#10296,#7635,#7636);
#6591=AXIS2_PLACEMENT_3D('',#10297,#7637,#7638);
#6592=AXIS2_PLACEMENT_3D('',#10381,#7641,#7642);
#6593=AXIS2_PLACEMENT_3D('',#10384,#7644,#7645);
#6594=AXIS2_PLACEMENT_3D('',#10385,#7646,#7647);
#6595=AXIS2_PLACEMENT_3D('',#10392,#7648,#7649);
#6596=AXIS2_PLACEMENT_3D('',#10414,#7652,#7653);
#6597=AXIS2_PLACEMENT_3D('',#10438,#7657,#7658);
#6598=AXIS2_PLACEMENT_3D('',#10439,#7659,#7660);
#6599=AXIS2_PLACEMENT_3D('',#10594,#7667,#7668);
#6600=AXIS2_PLACEMENT_3D('',#10601,#7673,#7674);
#6601=AXIS2_PLACEMENT_3D('',#10604,#7676,#7677);
#6602=AXIS2_PLACEMENT_3D('',#10691,#7679,#7680);
#6603=AXIS2_PLACEMENT_3D('',#10694,#7683,#7684);
#6604=AXIS2_PLACEMENT_3D('',#10695,#7685,#7686);
#6605=AXIS2_PLACEMENT_3D('',#10696,#7687,#7688);
#6606=AXIS2_PLACEMENT_3D('',#10768,#7691,#7692);
#6607=AXIS2_PLACEMENT_3D('',#10776,#7697,#7698);
#6608=AXIS2_PLACEMENT_3D('',#10780,#7700,#7701);
#6609=AXIS2_PLACEMENT_3D('',#10781,#7702,#7703);
#6610=AXIS2_PLACEMENT_3D('',#10955,#7709,#7710);
#6611=AXIS2_PLACEMENT_3D('',#10981,#7714,#7715);
#6612=AXIS2_PLACEMENT_3D('',#10986,#7716,#7717);
#6613=AXIS2_PLACEMENT_3D('',#10987,#7718,#7719);
#6614=AXIS2_PLACEMENT_3D('',#10988,#7720,#7721);
#6615=AXIS2_PLACEMENT_3D('',#10990,#7723,#7724);
#6616=AXIS2_PLACEMENT_3D('',#10991,#7725,#7726);
#6617=AXIS2_PLACEMENT_3D('',#10996,#7729,#7730);
#6618=AXIS2_PLACEMENT_3D('',#10997,#7731,#7732);
#6619=AXIS2_PLACEMENT_3D('',#11028,#7738,#7739);
#6620=AXIS2_PLACEMENT_3D('',#11064,#7743,#7744);
#6621=AXIS2_PLACEMENT_3D('',#11072,#7749,#7750);
#6622=AXIS2_PLACEMENT_3D('',#11075,#7752,#7753);
#6623=AXIS2_PLACEMENT_3D('',#11076,#7754,#7755);
#6624=AXIS2_PLACEMENT_3D('',#11156,#7758,#7759);
#6625=AXIS2_PLACEMENT_3D('',#11157,#7760,#7761);
#6626=AXIS2_PLACEMENT_3D('',#11158,#7762,#7763);
#6627=AXIS2_PLACEMENT_3D('',#11184,#7767,#7768);
#6628=AXIS2_PLACEMENT_3D('',#11189,#7769,#7770);
#6629=AXIS2_PLACEMENT_3D('',#11190,#7771,#7772);
#6630=AXIS2_PLACEMENT_3D('',#11369,#7779,#7780);
#6631=AXIS2_PLACEMENT_3D('',#11376,#7785,#7786);
#6632=AXIS2_PLACEMENT_3D('',#11379,#7788,#7789);
#6633=AXIS2_PLACEMENT_3D('',#11466,#7791,#7792);
#6634=AXIS2_PLACEMENT_3D('',#11468,#7794,#7795);
#6635=AXIS2_PLACEMENT_3D('',#11469,#7796,#7797);
#6636=AXIS2_PLACEMENT_3D('',#11482,#7799,#7800);
#6637=AXIS2_PLACEMENT_3D('',#11484,#7802,#7803);
#6638=AXIS2_PLACEMENT_3D('',#11485,#7804,#7805);
#6639=AXIS2_PLACEMENT_3D('',#11489,#7807,#7808);
#6640=AXIS2_PLACEMENT_3D('',#11500,#7810,#7811);
#6641=AXIS2_PLACEMENT_3D('',#11502,#7813,#7814);
#6642=AXIS2_PLACEMENT_3D('',#11504,#7816,#7817);
#6643=AXIS2_PLACEMENT_3D('',#11506,#7819,#7820);
#6644=AXIS2_PLACEMENT_3D('',#11519,#7822,#7823);
#6645=AXIS2_PLACEMENT_3D('',#11521,#7825,#7826);
#6646=AXIS2_PLACEMENT_3D('',#11525,#7828,#7829);
#6647=AXIS2_PLACEMENT_3D('',#11536,#7831,#7832);
#6648=AXIS2_PLACEMENT_3D('',#11538,#7834,#7835);
#6649=AXIS2_PLACEMENT_3D('',#11540,#7837,#7838);
#6650=AXIS2_PLACEMENT_3D('',#11542,#7840,#7841);
#6651=AXIS2_PLACEMENT_3D('',#11545,#7843,#7844);
#6652=AXIS2_PLACEMENT_3D('',#11547,#7845,#7846);
#6653=AXIS2_PLACEMENT_3D('',#11549,#7848,#7849);
#6654=AXIS2_PLACEMENT_3D('',#11550,#7850,#7851);
#6655=AXIS2_PLACEMENT_3D('',#11552,#7853,#7854);
#6656=AXIS2_PLACEMENT_3D('',#11555,#7856,#7857);
#6657=AXIS2_PLACEMENT_3D('',#11557,#7858,#7859);
#6658=AXIS2_PLACEMENT_3D('',#11559,#7861,#7862);
#6659=AXIS2_PLACEMENT_3D('',#11571,#7869,#7870);
#6660=AXIS2_PLACEMENT_3D('',#11585,#7873,#7874);
#6661=AXIS2_PLACEMENT_3D('',#11586,#7875,#7876);
#6662=AXIS2_PLACEMENT_3D('',#11590,#7879,#7880);
#6663=AXIS2_PLACEMENT_3D('',#11594,#7883,#7884);
#6664=AXIS2_PLACEMENT_3D('',#11604,#7885,#7886);
#6665=AXIS2_PLACEMENT_3D('',#11605,#7887,#7888);
#6666=AXIS2_PLACEMENT_3D('',#11607,#7890,#7891);
#6667=AXIS2_PLACEMENT_3D('',#11621,#7894,#7895);
#6668=AXIS2_PLACEMENT_3D('',#11622,#7896,#7897);
#6669=AXIS2_PLACEMENT_3D('',#11626,#7900,#7901);
#6670=AXIS2_PLACEMENT_3D('',#11630,#7904,#7905);
#6671=AXIS2_PLACEMENT_3D('',#11640,#7906,#7907);
#6672=AXIS2_PLACEMENT_3D('',#11641,#7908,#7909);
#6673=AXIS2_PLACEMENT_3D('',#11642,#7910,#7911);
#6674=AXIS2_PLACEMENT_3D('',#11644,#7913,#7914);
#6675=AXIS2_PLACEMENT_3D('',#11648,#7917,#7918);
#6676=AXIS2_PLACEMENT_3D('',#11662,#7926,#7927);
#6677=AXIS2_PLACEMENT_3D('',#11676,#7935,#7936);
#6678=AXIS2_PLACEMENT_3D('',#11680,#7939,#7940);
#6679=AXIS2_PLACEMENT_3D('',#11681,#7941,#7942);
#6680=AXIS2_PLACEMENT_3D('',#11683,#7943,#7944);
#6681=AXIS2_PLACEMENT_3D('',#11685,#7946,#7947);
#6682=AXIS2_PLACEMENT_3D('',#11690,#7950,#7951);
#6683=AXIS2_PLACEMENT_3D('',#11691,#7952,#7953);
#6684=AXIS2_PLACEMENT_3D('',#11693,#7954,#7955);
#6685=AXIS2_PLACEMENT_3D('',#11695,#7957,#7958);
#6686=AXIS2_PLACEMENT_3D('',#11698,#7959,#7960);
#6687=AXIS2_PLACEMENT_3D('',#11701,#7963,#7964);
#6688=AXIS2_PLACEMENT_3D('',#11703,#7965,#7966);
#6689=AXIS2_PLACEMENT_3D('',#11705,#7968,#7969);
#6690=AXIS2_PLACEMENT_3D('',#11708,#7970,#7971);
#6691=AXIS2_PLACEMENT_3D('',#11714,#7975,#7976);
#6692=AXIS2_PLACEMENT_3D('',#11716,#7977,#7978);
#6693=AXIS2_PLACEMENT_3D('',#11718,#7980,#7981);
#6694=AXIS2_PLACEMENT_3D('',#11723,#7984,#7985);
#6695=AXIS2_PLACEMENT_3D('',#11724,#7986,#7987);
#6696=AXIS2_PLACEMENT_3D('',#11726,#7989,#7990);
#6697=AXIS2_PLACEMENT_3D('',#11728,#7992,#7993);
#6698=AXIS2_PLACEMENT_3D('',#11730,#7995,#7996);
#6699=AXIS2_PLACEMENT_3D('',#11732,#7998,#7999);
#6700=AXIS2_PLACEMENT_3D('',#11733,#8000,#8001);
#6701=AXIS2_PLACEMENT_3D('',#11735,#8003,#8004);
#6702=AXIS2_PLACEMENT_3D('',#11737,#8006,#8007);
#6703=AXIS2_PLACEMENT_3D('',#11738,#8008,#8009);
#6704=AXIS2_PLACEMENT_3D('',#11739,#8010,#8011);
#6705=AXIS2_PLACEMENT_3D('',#12325,#8017,#8018);
#6706=AXIS2_PLACEMENT_3D('',#12450,#8023,#8024);
#6707=AXIS2_PLACEMENT_3D('',#12451,#8025,#8026);
#6708=AXIS2_PLACEMENT_3D('',#12452,#8027,#8028);
#6709=AXIS2_PLACEMENT_3D('',#12453,#8029,#8030);
#6710=AXIS2_PLACEMENT_3D('',#12455,#8031,#8032);
#6711=AXIS2_PLACEMENT_3D('',#12458,#8034,#8035);
#6712=AXIS2_PLACEMENT_3D('',#13009,#8040,#8041);
#6713=AXIS2_PLACEMENT_3D('',#13108,#8046,#8047);
#6714=AXIS2_PLACEMENT_3D('',#13111,#8049,#8050);
#6715=AXIS2_PLACEMENT_3D('',#13112,#8051,#8052);
#6716=AXIS2_PLACEMENT_3D('',#13114,#8054,#8055);
#6717=AXIS2_PLACEMENT_3D('',#13127,#8057,#8058);
#6718=AXIS2_PLACEMENT_3D('',#13131,#8060,#8061);
#6719=AXIS2_PLACEMENT_3D('',#13134,#8063,#8064);
#6720=AXIS2_PLACEMENT_3D('',#13135,#8065,#8066);
#6721=AXIS2_PLACEMENT_3D('',#13146,#8067,#8068);
#6722=AXIS2_PLACEMENT_3D('',#13148,#8070,#8071);
#6723=AXIS2_PLACEMENT_3D('',#13150,#8073,#8074);
#6724=AXIS2_PLACEMENT_3D('',#13151,#8075,#8076);
#6725=AXIS2_PLACEMENT_3D('',#13152,#8077,#8078);
#6726=AXIS2_PLACEMENT_3D('',#13154,#8080,#8081);
#6727=AXIS2_PLACEMENT_3D('',#13156,#8083,#8084);
#6728=AXIS2_PLACEMENT_3D('',#13157,#8085,#8086);
#6729=AXIS2_PLACEMENT_3D('',#13159,#8088,#8089);
#6730=AXIS2_PLACEMENT_3D('',#13160,#8090,#8091);
#6731=AXIS2_PLACEMENT_3D('',#13162,#8093,#8094);
#6732=AXIS2_PLACEMENT_3D('',#13163,#8095,#8096);
#6733=AXIS2_PLACEMENT_3D('',#13165,#8098,#8099);
#6734=AXIS2_PLACEMENT_3D('',#13166,#8100,#8101);
#6735=AXIS2_PLACEMENT_3D('',#13167,#8102,#8103);
#6736=AXIS2_PLACEMENT_3D('',#13169,#8105,#8106);
#6737=AXIS2_PLACEMENT_3D('',#13170,#8107,#8108);
#6738=AXIS2_PLACEMENT_3D('',#13171,#8109,#8110);
#6739=AXIS2_PLACEMENT_3D('',#13172,#8111,#8112);
#6740=AXIS2_PLACEMENT_3D('',#13173,#8113,#8114);
#6741=AXIS2_PLACEMENT_3D('',#13174,#8115,#8116);
#6742=AXIS2_PLACEMENT_3D('',#13176,#8118,#8119);
#6743=AXIS2_PLACEMENT_3D('',#13177,#8120,#8121);
#6744=AXIS2_PLACEMENT_3D('',#13178,#8122,#8123);
#6745=AXIS2_PLACEMENT_3D('',#13179,#8124,#8125);
#6746=AXIS2_PLACEMENT_3D('',#13181,#8127,#8128);
#6747=AXIS2_PLACEMENT_3D('',#13182,#8129,#8130);
#6748=AXIS2_PLACEMENT_3D('',#13183,#8131,#8132);
#6749=AXIS2_PLACEMENT_3D('',#13184,#8133,#8134);
#6750=AXIS2_PLACEMENT_3D('',#13186,#8136,#8137);
#6751=AXIS2_PLACEMENT_3D('',#13188,#8139,#8140);
#6752=AXIS2_PLACEMENT_3D('',#13190,#8142,#8143);
#6753=AXIS2_PLACEMENT_3D('',#13193,#8146,#8147);
#6754=AXIS2_PLACEMENT_3D('',#13196,#8150,#8151);
#6755=AXIS2_PLACEMENT_3D('',#13198,#8153,#8154);
#6756=AXIS2_PLACEMENT_3D('',#13200,#8156,#8157);
#6757=AXIS2_PLACEMENT_3D('',#13201,#8158,#8159);
#6758=AXIS2_PLACEMENT_3D('',#13203,#8161,#8162);
#6759=AXIS2_PLACEMENT_3D('',#13205,#8164,#8165);
#6760=AXIS2_PLACEMENT_3D('',#13207,#8167,#8168);
#6761=AXIS2_PLACEMENT_3D('',#13209,#8170,#8171);
#6762=AXIS2_PLACEMENT_3D('',#13210,#8172,#8173);
#6763=AXIS2_PLACEMENT_3D('',#13211,#8174,#8175);
#6764=AXIS2_PLACEMENT_3D('',#13212,#8176,#8177);
#6765=AXIS2_PLACEMENT_3D('',#13213,#8178,#8179);
#6766=AXIS2_PLACEMENT_3D('',#13215,#8181,#8182);
#6767=AXIS2_PLACEMENT_3D('',#13216,#8183,#8184);
#6768=AXIS2_PLACEMENT_3D('',#13217,#8185,#8186);
#6769=AXIS2_PLACEMENT_3D('',#13219,#8188,#8189);
#6770=AXIS2_PLACEMENT_3D('',#13221,#8191,#8192);
#6771=DIRECTION('axis',(0.,0.,1.));
#6772=DIRECTION('refdir',(1.,0.,0.));
#6773=DIRECTION('center_axis',(-0.707106781186549,8.55096508267781E-15,
0.707106781186546));
#6774=DIRECTION('ref_axis',(0.707106781186546,-8.56332067741654E-15,0.707106781186549));
#6775=DIRECTION('',(0.654653670707802,0.377964473009838,0.6546536707078));
#6776=DIRECTION('',(1.20928907913017E-14,1.,0.));
#6777=DIRECTION('',(-0.654653670707802,-0.377964473009838,-0.6546536707078));
#6778=DIRECTION('',(1.20928907913017E-14,1.,0.));
#6779=DIRECTION('center_axis',(0.,0.,1.));
#6780=DIRECTION('ref_axis',(1.,-1.21103642409525E-14,0.));
#6781=DIRECTION('',(0.866025403784031,0.500000000000706,0.));
#6782=DIRECTION('',(-0.866025403784031,-0.500000000000706,0.));
#6783=DIRECTION('',(1.20928907913017E-14,1.,0.));
#6784=DIRECTION('center_axis',(0.707106781186549,-8.55096508267781E-15,
0.707106781186546));
#6785=DIRECTION('ref_axis',(0.707106781186546,-8.56332067741654E-15,-0.707106781186549));
#6786=DIRECTION('',(0.654653670707802,0.377964473009838,-0.6546536707078));
#6787=DIRECTION('',(-0.654653670707802,-0.377964473009838,0.6546536707078));
#6788=DIRECTION('',(1.20928907913017E-14,1.,0.));
#6789=DIRECTION('center_axis',(1.20928907913017E-14,1.,0.));
#6790=DIRECTION('ref_axis',(-0.629320391049843,7.61030276170503E-15,-0.777145961456967));
#6791=DIRECTION('center_axis',(-0.500000000000706,0.866025403784031,0.));
#6792=DIRECTION('ref_axis',(-0.866025403784031,-0.500000000000706,-1.80277751848372E-16));
#6793=DIRECTION('',(1.20928907913017E-14,1.,0.));
#6794=DIRECTION('center_axis',(0.500000000000706,-0.866025403784031,0.));
#6795=DIRECTION('ref_axis',(-0.866025403784031,-0.500000000000706,-1.80277751848372E-16));
#6796=DIRECTION('',(1.20928907913017E-14,1.,0.));
#6797=DIRECTION('center_axis',(-0.629320391049842,7.61030276170502E-15,
-0.777145961456967));
#6798=DIRECTION('ref_axis',(-0.777145961456967,9.41152066162907E-15,0.629320391049842));
#6799=DIRECTION('center_axis',(0.629320391049842,-7.61030276170502E-15,
0.777145961456967));
#6800=DIRECTION('ref_axis',(-0.711273100430727,-0.402914855691073,0.575977599969914));
#6801=DIRECTION('',(0.709044497562965,0.409367031536172,-0.574172912951268));
#6802=DIRECTION('',(1.20928907913017E-14,1.,0.));
#6803=DIRECTION('center_axis',(1.20928907913017E-14,1.,0.));
#6804=DIRECTION('ref_axis',(-1.,1.20928907913017E-14,0.));
#6805=DIRECTION('center_axis',(0.500000000000706,-0.866025403784031,0.));
#6806=DIRECTION('ref_axis',(-0.866025403784031,-0.500000000000706,0.));
#6807=DIRECTION('',(1.20928907913017E-14,1.,0.));
#6808=DIRECTION('center_axis',(-1.,1.20928907913017E-14,0.));
#6809=DIRECTION('ref_axis',(0.,0.,1.));
#6810=DIRECTION('',(0.,0.,1.));
#6811=DIRECTION('center_axis',(1.,-1.20928907913017E-14,0.));
#6812=DIRECTION('ref_axis',(6.79007212825644E-15,0.562304546062201,-0.826930225277672));
#6813=DIRECTION('',(0.,0.,-1.));
#6814=DIRECTION('center_axis',(1.21612122082017E-14,1.,0.));
#6815=DIRECTION('ref_axis',(0.629320391049843,-7.65329882250563E-15,-0.777145961456966));
#6816=DIRECTION('center_axis',(-0.49999999999838,-0.866025403785374,0.));
#6817=DIRECTION('ref_axis',(0.866025403785374,-0.49999999999838,-1.44222201478925E-16));
#6818=DIRECTION('',(1.21612122082017E-14,1.,0.));
#6819=DIRECTION('',(1.21612122082017E-14,1.,0.));
#6820=DIRECTION('center_axis',(0.629320391049842,-7.65329882250562E-15,
-0.777145961456967));
#6821=DIRECTION('ref_axis',(-0.777145961456967,9.41152066162906E-15,-0.629320391049842));
#6822=DIRECTION('',(0.709044497563699,-0.409367031534056,0.574172912951871));
#6823=DIRECTION('',(1.21612122082017E-14,1.,0.));
#6824=DIRECTION('center_axis',(-0.629320391049842,7.65329882250562E-15,
0.777145961456967));
#6825=DIRECTION('ref_axis',(0.711273100431463,-0.402914855688908,0.575977599970519));
#6826=DIRECTION('center_axis',(1.21612122082017E-14,1.,0.));
#6827=DIRECTION('ref_axis',(-1.,1.21612122082017E-14,0.));
#6828=DIRECTION('center_axis',(-0.49999999999838,-0.866025403785374,0.));
#6829=DIRECTION('ref_axis',(-0.866025403785374,0.49999999999838,0.));
#6830=DIRECTION('',(1.21612122082017E-14,1.,0.));
#6831=DIRECTION('center_axis',(0.49999999999838,0.866025403785374,0.));
#6832=DIRECTION('ref_axis',(-0.866025403785374,0.49999999999838,0.));
#6833=DIRECTION('center_axis',(1.,-1.21612122082017E-14,0.));
#6834=DIRECTION('ref_axis',(0.,0.,-1.));
#6835=DIRECTION('',(0.,0.,1.));
#6836=DIRECTION('center_axis',(-1.,1.21612122082017E-14,0.));
#6837=DIRECTION('ref_axis',(6.83596313511847E-15,0.562304546059598,-0.826930225279442));
#6838=DIRECTION('',(0.,0.,-1.));
#6839=DIRECTION('',(1.21612122082017E-14,1.,0.));
#6840=DIRECTION('center_axis',(0.707106781186549,-8.59927561986808E-15,
0.707106781186546));
#6841=DIRECTION('ref_axis',(0.707106781186546,-8.56332067741654E-15,-0.707106781186549));
#6842=DIRECTION('',(-0.654653670708378,0.377964473007826,0.654653670708385));
#6843=DIRECTION('',(0.654653670708378,-0.377964473007826,-0.654653670708385));
#6844=DIRECTION('',(1.21612122082017E-14,1.,0.));
#6845=DIRECTION('center_axis',(0.,0.,1.));
#6846=DIRECTION('ref_axis',(1.,-1.21103642409525E-14,0.));
#6847=DIRECTION('',(-0.866025403785374,0.49999999999838,0.));
#6848=DIRECTION('',(0.866025403785374,-0.49999999999838,0.));
#6849=DIRECTION('',(1.21612122082017E-14,1.,0.));
#6850=DIRECTION('center_axis',(-0.707106781186549,8.59927561986808E-15,
0.707106781186546));
#6851=DIRECTION('ref_axis',(0.707106781186546,-8.56332067741654E-15,0.707106781186549));
#6852=DIRECTION('',(-0.654653670708378,0.377964473007826,-0.654653670708385));
#6853=DIRECTION('',(0.654653670708378,-0.377964473007826,0.654653670708385));
#6854=DIRECTION('',(1.21612122082017E-14,1.,0.));
#6855=DIRECTION('center_axis',(-0.500000000000706,0.866025403784031,0.));
#6856=DIRECTION('ref_axis',(0.866025403784031,0.500000000000706,0.));
#6857=DIRECTION('',(-0.697710756966486,-0.402823493351857,0.59239592572625));
#6858=DIRECTION('',(0.,0.,1.));
#6859=DIRECTION('center_axis',(-0.500000000000706,0.866025403784031,0.));
#6860=DIRECTION('ref_axis',(0.866025403784031,0.500000000000706,0.));
#6861=DIRECTION('',(0.,0.,1.));
#6862=DIRECTION('',(0.866025403784031,0.500000000000706,0.));
#6863=DIRECTION('',(0.,0.,1.));
#6864=DIRECTION('',(-0.697710756966486,-0.402823493351857,0.59239592572625));
#6865=DIRECTION('center_axis',(0.697710756967059,-0.402823493349689,0.592395925727048));
#6866=DIRECTION('ref_axis',(0.690171696692658,0.599598497608925,-0.405147714728218));
#6867=DIRECTION('',(-0.697710756967059,0.402823493349689,-0.592395925727048));
#6868=DIRECTION('center_axis',(-1.,-4.97379915032071E-14,0.));
#6869=DIRECTION('ref_axis',(-2.79107778831557E-14,0.562304546059639,-0.826930225279414));
#6870=DIRECTION('',(-0.697710756967059,0.402823493349689,-0.592395925727048));
#6871=DIRECTION('center_axis',(-1.,8.79302212104504E-13,0.));
#6872=DIRECTION('ref_axis',(4.94402337268627E-13,0.56230454605902,-0.826930225279835));
#6873=DIRECTION('',(-0.697710756967059,0.402823493349689,-0.592395925727048));
#6874=DIRECTION('center_axis',(0.49999999999838,0.866025403785374,0.));
#6875=DIRECTION('ref_axis',(0.866025403785374,-0.49999999999838,0.));
#6876=DIRECTION('',(0.,0.,-1.));
#6877=DIRECTION('center_axis',(1.,4.97379915032071E-14,0.));
#6878=DIRECTION('ref_axis',(4.97379915032071E-14,-1.,0.));
#6879=DIRECTION('',(0.,0.,-1.));
#6880=DIRECTION('',(4.97379915032071E-14,-1.,0.));
#6881=DIRECTION('',(0.,0.,1.));
#6882=DIRECTION('',(0.,0.,-1.));
#6883=DIRECTION('center_axis',(-0.629320391049842,7.53365760984309E-15,
-0.777145961456967));
#6884=DIRECTION('ref_axis',(-0.777145961456967,9.41152066162907E-15,0.629320391049842));
#6885=DIRECTION('',(-0.709044497556257,0.409367031555401,0.574172912945843));
#6886=DIRECTION('',(1.19711004394365E-14,1.,0.));
#6887=DIRECTION('center_axis',(0.629320391049842,-7.53365760984309E-15,
0.777145961456967));
#6888=DIRECTION('ref_axis',(-0.711273100424208,0.402914855710115,0.575977599964644));
#6889=DIRECTION('',(1.19711004394365E-14,1.,0.));
#6890=DIRECTION('center_axis',(0.707106781186549,-8.4648462989908E-15,0.707106781186546));
#6891=DIRECTION('ref_axis',(0.707106781186546,-8.56332067741654E-15,-0.707106781186549));
#6892=DIRECTION('',(0.65465367070252,-0.377964473028118,-0.654653670702527));
#6893=DIRECTION('',(1.19711004394365E-14,1.,0.));
#6894=DIRECTION('',(-0.65465367070252,0.377964473028118,0.654653670702527));
#6895=DIRECTION('',(1.19711004394365E-14,1.,0.));
#6896=DIRECTION('center_axis',(1.19711004394365E-14,1.,0.));
#6897=DIRECTION('ref_axis',(-0.629320391049843,7.5336576098431E-15,-0.777145961456967));
#6898=DIRECTION('center_axis',(0.500000000021869,0.866025403771813,0.));
#6899=DIRECTION('ref_axis',(-0.866025403771813,0.500000000021869,-1.80277751845831E-16));
#6900=DIRECTION('',(1.19711004394365E-14,1.,0.));
#6901=DIRECTION('center_axis',(-0.500000000021869,-0.866025403771813,0.));
#6902=DIRECTION('ref_axis',(-0.866025403771813,0.500000000021869,-1.80277751845831E-16));
#6903=DIRECTION('center_axis',(1.19711004394365E-14,1.,0.));
#6904=DIRECTION('ref_axis',(-1.,1.19711004394365E-14,0.));
#6905=DIRECTION('center_axis',(0.500000000021869,0.866025403771813,0.));
#6906=DIRECTION('ref_axis',(-0.866025403771812,0.500000000021869,0.));
#6907=DIRECTION('',(1.19711004394365E-14,1.,0.));
#6908=DIRECTION('center_axis',(0.,0.,1.));
#6909=DIRECTION('ref_axis',(1.,-1.21103642409525E-14,0.));
#6910=DIRECTION('',(0.866025403771813,-0.500000000021869,0.));
#6911=DIRECTION('',(1.19711004394365E-14,1.,0.));
#6912=DIRECTION('',(-0.866025403771813,0.500000000021869,0.));
#6913=DIRECTION('center_axis',(-0.707106781186549,8.4648462989908E-15,0.707106781186546));
#6914=DIRECTION('ref_axis',(0.707106781186546,-8.56332067741654E-15,0.707106781186549));
#6915=DIRECTION('',(0.65465367070252,-0.377964473028118,0.654653670702527));
#6916=DIRECTION('',(1.19711004394365E-14,1.,0.));
#6917=DIRECTION('',(-0.65465367070252,0.377964473028118,-0.654653670702527));
#6918=DIRECTION('center_axis',(-1.,1.19711004394365E-14,0.));
#6919=DIRECTION('ref_axis',(0.,0.,1.));
#6920=DIRECTION('',(0.,0.,1.));
#6921=DIRECTION('center_axis',(1.,-1.19711004394365E-14,0.));
#6922=DIRECTION('ref_axis',(-6.74418112150022E-15,-0.56230454608387,-0.826930225262938));
#6923=DIRECTION('',(0.,0.,-1.));
#6924=DIRECTION('center_axis',(1.23572649697409E-14,1.,0.));
#6925=DIRECTION('ref_axis',(0.629320391049843,-7.77667882306386E-15,-0.777145961456966));
#6926=DIRECTION('center_axis',(-0.500000000025041,0.866025403769981,0.));
#6927=DIRECTION('ref_axis',(0.866025403769981,0.500000000025041,1.92296268635147E-16));
#6928=DIRECTION('',(1.23572649697409E-14,1.,0.));
#6929=DIRECTION('',(1.23572649697409E-14,1.,0.));
#6930=DIRECTION('center_axis',(1.,-1.23572649697409E-14,0.));
#6931=DIRECTION('ref_axis',(0.,0.,-1.));
#6932=DIRECTION('',(0.,0.,-1.));
#6933=DIRECTION('',(1.23572649697409E-14,1.,0.));
#6934=DIRECTION('',(0.,0.,1.));
#6935=DIRECTION('center_axis',(-1.,1.23572649697409E-14,0.));
#6936=DIRECTION('ref_axis',(-6.92033071235075E-15,-0.562304546087341,-0.826930225260577));
#6937=DIRECTION('center_axis',(0.707106781186549,-8.73790585702277E-15,
0.707106781186546));
#6938=DIRECTION('ref_axis',(0.707106781186546,-8.56332067741654E-15,-0.707106781186549));
#6939=DIRECTION('',(0.654653670701733,0.377964473030861,-0.654653670701731));
#6940=DIRECTION('',(1.23572649697409E-14,1.,0.));
#6941=DIRECTION('',(-0.654653670701733,-0.377964473030861,0.654653670701731));
#6942=DIRECTION('center_axis',(0.,0.,1.));
#6943=DIRECTION('ref_axis',(1.,-1.21103642409525E-14,0.));
#6944=DIRECTION('',(0.866025403769981,0.500000000025041,0.));
#6945=DIRECTION('',(1.23572649697409E-14,1.,0.));
#6946=DIRECTION('',(-0.866025403769981,-0.500000000025041,0.));
#6947=DIRECTION('center_axis',(0.629320391049842,-7.77667882306385E-15,
-0.777145961456967));
#6948=DIRECTION('ref_axis',(-0.777145961456967,9.41152066162906E-15,-0.629320391049842));
#6949=DIRECTION('',(-0.709044497555254,-0.409367031558285,-0.574172912945025));
#6950=DIRECTION('center_axis',(-0.629320391049842,7.77667882306385E-15,
0.777145961456967));
#6951=DIRECTION('ref_axis',(0.711273100423211,0.402914855713042,0.575977599963828));
#6952=DIRECTION('',(1.23572649697409E-14,1.,0.));
#6953=DIRECTION('center_axis',(-0.707106781186549,8.73790585702277E-15,
0.707106781186546));
#6954=DIRECTION('ref_axis',(0.707106781186546,-8.56332067741654E-15,0.707106781186549));
#6955=DIRECTION('',(0.654653670701733,0.377964473030861,0.654653670701731));
#6956=DIRECTION('',(1.23572649697409E-14,1.,0.));
#6957=DIRECTION('',(-0.654653670701733,-0.377964473030861,-0.654653670701731));
#6958=DIRECTION('center_axis',(1.23572649697409E-14,1.,0.));
#6959=DIRECTION('ref_axis',(-1.,1.23572649697409E-14,0.));
#6960=DIRECTION('center_axis',(-0.500000000025041,0.866025403769981,0.));
#6961=DIRECTION('ref_axis',(-0.866025403769981,-0.500000000025041,0.));
#6962=DIRECTION('center_axis',(0.500000000025041,-0.866025403769981,0.));
#6963=DIRECTION('ref_axis',(-0.866025403769981,-0.500000000025041,0.));
#6964=DIRECTION('',(1.23572649697409E-14,1.,0.));
#6965=DIRECTION('center_axis',(-0.697710756960087,0.402823493370895,0.59239592572084));
#6966=DIRECTION('ref_axis',(-0.690171696704781,-0.599598497596939,-0.405147714725307));
#6967=DIRECTION('',(0.697710756960087,-0.402823493370895,-0.59239592572084));
#6968=DIRECTION('center_axis',(1.,-5.46571335200077E-15,0.));
#6969=DIRECTION('ref_axis',(-3.03902966418807E-15,-0.562304546083874,-0.826930225262935));
#6970=DIRECTION('',(-0.697710756960087,0.402823493370895,0.59239592572084));
#6971=DIRECTION('center_axis',(1.,-3.36246322883557E-14,0.));
#6972=DIRECTION('ref_axis',(-1.89002997782522E-14,-0.562304546083856,-0.826930225262947));
#6973=DIRECTION('',(0.697710756960087,-0.402823493370895,-0.59239592572084));
#6974=DIRECTION('center_axis',(-0.500000000021869,-0.866025403771813,0.));
#6975=DIRECTION('ref_axis',(-0.866025403771813,0.500000000021869,0.));
#6976=DIRECTION('',(0.,0.,-1.));
#6977=DIRECTION('center_axis',(0.500000000025041,-0.866025403769981,0.));
#6978=DIRECTION('ref_axis',(-0.866025403769981,-0.500000000025041,0.));
#6979=DIRECTION('',(0.697710756959259,0.402823493373824,0.592395925719824));
#6980=DIRECTION('',(0.,0.,1.));
#6981=DIRECTION('center_axis',(0.500000000025041,-0.866025403769981,0.));
#6982=DIRECTION('ref_axis',(-0.866025403769981,-0.500000000025041,0.));
#6983=DIRECTION('',(0.,0.,1.));
#6984=DIRECTION('',(-0.866025403769981,-0.500000000025041,0.));
#6985=DIRECTION('',(0.,0.,1.));
#6986=DIRECTION('',(0.697710756959259,0.402823493373824,0.592395925719824));
#6987=DIRECTION('center_axis',(1.,0.,0.));
#6988=DIRECTION('ref_axis',(0.,-1.,0.));
#6989=DIRECTION('',(0.,0.,-1.));
#6990=DIRECTION('',(0.,1.,0.));
#6991=DIRECTION('',(0.,0.,1.));
#6992=DIRECTION('center_axis',(-1.,0.,0.));
#6993=DIRECTION('ref_axis',(0.,-0.562304546087333,-0.826930225260583));
#6994=DIRECTION('',(0.,-0.97162251020926,0.236536884342919));
#6995=DIRECTION('center_axis',(0.,0.,-1.));
#6996=DIRECTION('ref_axis',(-0.866025403784418,-0.500000000000036,0.));
#6997=DIRECTION('center_axis',(-0.693104476732463,0.170504571533061,-0.700381592719102));
#6998=DIRECTION('ref_axis',(-0.680105026277166,0.167306690399044,0.713768607169196));
#6999=DIRECTION('',(0.,0.,1.));
#7000=DIRECTION('center_axis',(0.,0.,-1.));
#7001=DIRECTION('ref_axis',(-0.866025403784418,-0.500000000000036,0.));
#7002=DIRECTION('',(0.,0.,-1.));
#7003=DIRECTION('center_axis',(0.,0.,1.));
#7004=DIRECTION('ref_axis',(1.,0.,0.));
#7005=DIRECTION('',(0.866025403784507,-0.499999999999882,0.));
#7006=DIRECTION('center_axis',(0.,0.,1.));
#7007=DIRECTION('ref_axis',(0.866025403784407,0.500000000000055,0.));
#7008=DIRECTION('',(-1.15687105086991E-14,-1.,0.));
#7009=DIRECTION('center_axis',(0.,0.,1.));
#7010=DIRECTION('ref_axis',(0.910489862295031,-0.41353139017247,0.));
#7011=DIRECTION('',(0.753032276985606,0.657983578684053,0.));
#7012=DIRECTION('center_axis',(0.,0.,-1.));
#7013=DIRECTION('ref_axis',(-0.910489862295033,0.413531390172466,0.));
#7014=DIRECTION('',(0.,-1.,0.));
#7015=DIRECTION('center_axis',(0.,0.,-1.));
#7016=DIRECTION('ref_axis',(-0.886707756186388,-0.462330352798625,0.));
#7017=DIRECTION('',(0.819903819493861,-0.572501289762196,0.));
#7018=DIRECTION('center_axis',(0.,0.,1.));
#7019=DIRECTION('ref_axis',(0.886707756186388,0.462330352798625,0.));
#7020=DIRECTION('',(-1.15687105086991E-14,-1.,0.));
#7021=DIRECTION('center_axis',(0.,0.,1.));
#7022=DIRECTION('ref_axis',(0.897548983497732,-0.440914756185578,0.));
#7023=DIRECTION('',(0.791485182447032,0.611188355555624,0.));
#7024=DIRECTION('center_axis',(0.,0.,-1.));
#7025=DIRECTION('ref_axis',(-0.897548983497731,0.440914756185581,0.));
#7026=DIRECTION('',(5.46571335200077E-15,1.,0.));
#7027=DIRECTION('',(-0.866025403771813,0.500000000021869,0.));
#7028=DIRECTION('center_axis',(0.,0.,1.));
#7029=DIRECTION('ref_axis',(-0.866025403790757,-0.499999999989056,0.));
#7030=DIRECTION('',(3.36246322883557E-14,1.,0.));
#7031=DIRECTION('center_axis',(0.,0.,1.));
#7032=DIRECTION('ref_axis',(1.,0.,0.));
#7033=DIRECTION('',(-1.,0.,0.));
#7034=DIRECTION('',(0.707106781186533,-0.707106781186562,0.));
#7035=DIRECTION('',(-1.,-2.32702745961433E-14,0.));
#7036=DIRECTION('',(-3.36246322883557E-14,-1.,0.));
#7037=DIRECTION('center_axis',(0.,0.,-1.));
#7038=DIRECTION('ref_axis',(-0.866025403790761,-0.49999999998905,0.));
#7039=DIRECTION('',(0.866025403771813,-0.500000000021869,0.));
#7040=DIRECTION('center_axis',(0.,0.,-1.));
#7041=DIRECTION('ref_axis',(-0.258819045114722,-0.965925826285799,0.));
#7042=DIRECTION('',(1.15687105086991E-14,1.,0.));
#7043=DIRECTION('center_axis',(0.,0.,-1.));
#7044=DIRECTION('ref_axis',(-0.258819045102937,0.965925826288957,0.));
#7045=DIRECTION('',(-0.866025403784031,-0.500000000000706,0.));
#7046=DIRECTION('center_axis',(0.,0.,-1.));
#7047=DIRECTION('ref_axis',(-0.866025403784634,0.499999999999662,0.));
#7048=DIRECTION('',(-3.36246322883557E-14,-1.,0.));
#7049=DIRECTION('',(1.,2.32880381645373E-14,0.));
#7050=DIRECTION('',(-0.707106781185265,-0.70710678118783,0.));
#7051=DIRECTION('',(1.,3.65929508927044E-12,0.));
#7052=DIRECTION('center_axis',(0.,0.,1.));
#7053=DIRECTION('ref_axis',(1.,0.,0.));
#7054=DIRECTION('',(3.36246322883557E-14,1.,0.));
#7055=DIRECTION('center_axis',(0.,0.,1.));
#7056=DIRECTION('ref_axis',(-0.866025403784635,0.49999999999966,0.));
#7057=DIRECTION('',(-5.50670620214079E-14,-1.,0.));
#7058=DIRECTION('center_axis',(0.,0.,-1.));
#7059=DIRECTION('ref_axis',(1.,0.,0.));
#7060=DIRECTION('center_axis',(0.,0.,-1.));
#7061=DIRECTION('ref_axis',(1.,0.,0.));
#7062=DIRECTION('center_axis',(0.,0.,-1.));
#7063=DIRECTION('ref_axis',(1.,0.,0.));
#7064=DIRECTION('center_axis',(0.,0.,-1.));
#7065=DIRECTION('ref_axis',(1.,0.,0.));
#7066=DIRECTION('center_axis',(0.,0.,-1.));
#7067=DIRECTION('ref_axis',(1.,0.,0.));
#7068=DIRECTION('center_axis',(-0.499999999999882,-0.866025403784507,0.));
#7069=DIRECTION('ref_axis',(-0.866025403784507,0.499999999999882,0.));
#7070=DIRECTION('',(-0.618913128521508,0.357329661356774,0.699472696006336));
#7071=DIRECTION('center_axis',(-0.499999999999882,-0.866025403784507,0.));
#7072=DIRECTION('ref_axis',(0.866025403784507,-0.499999999999882,-1.1729477501235E-14));
#7073=DIRECTION('',(0.,0.,-1.));
#7074=DIRECTION('center_axis',(0.,0.,-1.));
#7075=DIRECTION('ref_axis',(-0.897548983497731,0.440914756185581,0.));
#7076=DIRECTION('',(0.,0.,-1.));
#7077=DIRECTION('center_axis',(-0.693104476734917,-0.170504571530194,-0.700381592717371));
#7078=DIRECTION('ref_axis',(-0.680105026276276,-0.167306690395419,0.713768607170894));
#7079=DIRECTION('',(0.,0.,1.));
#7080=DIRECTION('center_axis',(-1.,5.46571335200077E-15,0.));
#7081=DIRECTION('ref_axis',(5.46571335200077E-15,1.,0.));
#7082=DIRECTION('',(0.,0.,-1.));
#7083=DIRECTION('',(5.31061012715557E-15,0.971622510209317,-0.236536884342685));
#7084=DIRECTION('',(0.,0.,-1.));
#7085=DIRECTION('center_axis',(0.,0.,-1.));
#7086=DIRECTION('ref_axis',(0.897548983497732,-0.440914756185578,0.));
#7087=DIRECTION('',(0.,0.,1.));
#7088=DIRECTION('',(0.,0.,-1.));
#7089=DIRECTION('center_axis',(-0.611188355555624,0.791485182447032,0.));
#7090=DIRECTION('ref_axis',(0.791485182447032,0.611188355555624,0.));
#7091=DIRECTION('center_axis',(-0.611188355555624,0.791485182447032,0.));
#7092=DIRECTION('ref_axis',(0.791485182447032,0.611188355555624,1.43378401310167E-14));
#7093=DIRECTION('',(0.578989224236283,0.447098037579601,-0.681817294449721));
#7094=DIRECTION('center_axis',(0.,0.,1.));
#7095=DIRECTION('ref_axis',(0.910489862295031,-0.41353139017247,0.));
#7096=DIRECTION('',(0.,0.,1.));
#7097=DIRECTION('',(0.,0.,-1.));
#7098=DIRECTION('center_axis',(-0.657983578684054,0.753032276985606,0.));
#7099=DIRECTION('ref_axis',(0.753032276985606,0.657983578684054,0.));
#7100=DIRECTION('center_axis',(-0.657983578684054,0.753032276985606,0.));
#7101=DIRECTION('ref_axis',(0.753032276985606,0.657983578684053,1.54356071647173E-14));
#7102=DIRECTION('',(0.,0.,-1.));
#7103=DIRECTION('center_axis',(0.,0.,-1.));
#7104=DIRECTION('ref_axis',(0.886707756186388,0.462330352798625,0.));
#7105=DIRECTION('',(0.,0.,1.));
#7106=DIRECTION('',(0.,0.,-1.));
#7107=DIRECTION('center_axis',(5.99519639655087E-15,1.,2.34589550024758E-14));
#7108=DIRECTION('ref_axis',(1.,-5.9211894646675E-15,0.));
#7109=DIRECTION('',(-5.99519639655087E-15,-1.,-2.34589550024758E-14));
#7110=DIRECTION('center_axis',(-0.572501289762196,-0.819903819493861,0.));
#7111=DIRECTION('ref_axis',(0.819903819493861,-0.572501289762196,-1.34302819953906E-14));
#7112=DIRECTION('',(-5.99519639655087E-15,-1.,-2.34589550024758E-14));
#7113=DIRECTION('',(5.99519639655087E-15,1.,2.34589550024758E-14));
#7114=DIRECTION('center_axis',(0.693104476732463,-0.170504571533061,0.700381592719102));
#7115=DIRECTION('ref_axis',(0.119933684551775,0.985356885136714,0.121192905004823));
#7116=DIRECTION('',(-5.99519639655087E-15,-1.,-2.34589550024758E-14));
#7117=DIRECTION('center_axis',(0.693104476734917,0.170504571530194,0.700381592717371));
#7118=DIRECTION('ref_axis',(0.11993368455014,-0.98535688513721,0.121192905002407));
#7119=DIRECTION('center_axis',(-0.572501289762196,-0.819903819493861,0.));
#7120=DIRECTION('ref_axis',(-0.819903819493861,0.572501289762196,0.));
#7121=DIRECTION('',(0.,0.,1.));
#7122=DIRECTION('center_axis',(0.,0.,-1.));
#7123=DIRECTION('ref_axis',(-0.910489862295033,0.413531390172466,0.));
#7124=DIRECTION('',(0.,0.,1.));
#7125=DIRECTION('center_axis',(-1.,0.,0.));
#7126=DIRECTION('ref_axis',(0.,1.,0.));
#7127=DIRECTION('',(0.,0.,-1.));
#7128=DIRECTION('center_axis',(0.,0.,-1.));
#7129=DIRECTION('ref_axis',(-0.886707756186388,-0.462330352798625,0.));
#7130=DIRECTION('center_axis',(0.,0.,-1.));
#7131=DIRECTION('ref_axis',(0.866025403784407,0.500000000000055,0.));
#7132=DIRECTION('',(0.,0.,1.));
#7133=DIRECTION('center_axis',(-1.,5.99519639655087E-15,0.));
#7134=DIRECTION('ref_axis',(5.99519639655087E-15,1.,0.));
#7135=DIRECTION('center_axis',(0.,0.,-1.));
#7136=DIRECTION('ref_axis',(0.866025403784418,-0.500000000000036,0.));
#7137=DIRECTION('center_axis',(0.,0.,-1.));
#7138=DIRECTION('ref_axis',(0.866025403784418,-0.500000000000036,0.));
#7139=DIRECTION('',(0.,0.,-1.));
#7140=DIRECTION('center_axis',(0.693104476732258,0.170504571532844,-0.700381592719358));
#7141=DIRECTION('ref_axis',(0.680105026277452,0.167306690398951,0.713768607168945));
#7142=DIRECTION('center_axis',(0.,0.,1.));
#7143=DIRECTION('ref_axis',(-0.866025403784405,0.500000000000059,0.));
#7144=DIRECTION('',(0.,0.,1.));
#7145=DIRECTION('center_axis',(0.,0.,1.));
#7146=DIRECTION('ref_axis',(-0.866025403784405,0.500000000000059,0.));
#7147=DIRECTION('',(0.,0.,-1.));
#7148=DIRECTION('center_axis',(0.499999999999882,-0.866025403784507,0.));
#7149=DIRECTION('ref_axis',(-0.866025403784507,-0.499999999999882,0.));
#7150=DIRECTION('',(-0.866025403784507,-0.499999999999882,0.));
#7151=DIRECTION('center_axis',(0.499999999999882,-0.866025403784507,0.));
#7152=DIRECTION('ref_axis',(-0.866025403784507,-0.499999999999882,3.73071077157451E-13));
#7153=DIRECTION('',(-0.618913128521745,-0.357329661356911,-0.699472696006057));
#7154=DIRECTION('center_axis',(0.,0.,-1.));
#7155=DIRECTION('ref_axis',(-0.886707756186387,0.462330352798627,0.));
#7156=DIRECTION('',(0.,0.,1.));
#7157=DIRECTION('center_axis',(0.,0.,1.));
#7158=DIRECTION('ref_axis',(-0.886707756186387,0.462330352798627,0.));
#7159=DIRECTION('',(0.,0.,-1.));
#7160=DIRECTION('center_axis',(0.572501289762194,-0.819903819493862,0.));
#7161=DIRECTION('ref_axis',(-0.819903819493862,-0.572501289762194,0.));
#7162=DIRECTION('center_axis',(0.572501289762194,-0.819903819493862,0.));
#7163=DIRECTION('ref_axis',(-0.819903819493862,-0.572501289762194,4.27167345691324E-13));
#7164=DIRECTION('',(0.,0.,-1.));
#7165=DIRECTION('',(-0.819903819493862,-0.572501289762194,0.));
#7166=DIRECTION('center_axis',(0.,0.,-1.));
#7167=DIRECTION('ref_axis',(-0.910489862295031,-0.41353139017247,0.));
#7168=DIRECTION('',(0.,0.,1.));
#7169=DIRECTION('center_axis',(0.,0.,1.));
#7170=DIRECTION('ref_axis',(-0.910489862295031,-0.41353139017247,0.));
#7171=DIRECTION('',(0.,0.,-1.));
#7172=DIRECTION('center_axis',(-5.12563688968013E-16,-1.,7.46142154315078E-13));
#7173=DIRECTION('ref_axis',(-1.,3.70074341541718E-16,0.));
#7174=DIRECTION('',(5.12563688968013E-16,1.,-7.46142154315078E-13));
#7175=DIRECTION('center_axis',(0.657983578684055,0.753032276985605,0.));
#7176=DIRECTION('ref_axis',(-0.753032276985605,0.657983578684054,-4.90949284903265E-13));
#7177=DIRECTION('',(5.12563688968013E-16,1.,-7.46142154315078E-13));
#7178=DIRECTION('',(-5.12563688968013E-16,-1.,7.46142154315078E-13));
#7179=DIRECTION('center_axis',(0.611188355555625,0.791485182447032,0.));
#7180=DIRECTION('ref_axis',(-0.791485182447032,0.611188355555625,-4.56033396306563E-13));
#7181=DIRECTION('center_axis',(-0.69310447673522,0.170504571530297,0.700381592717047));
#7182=DIRECTION('ref_axis',(-0.11993368454988,-0.985356885137192,0.121192905002809));
#7183=DIRECTION('',(5.12563688968013E-16,1.,-7.46142154315078E-13));
#7184=DIRECTION('center_axis',(-0.693104476732258,-0.170504571532844,0.700381592719358));
#7185=DIRECTION('ref_axis',(-0.11993368455197,0.985356885136752,0.121192905004325));
#7186=DIRECTION('center_axis',(0.657983578684055,0.753032276985605,0.));
#7187=DIRECTION('ref_axis',(0.753032276985605,-0.657983578684054,0.));
#7188=DIRECTION('',(-0.753032276985605,0.657983578684054,0.));
#7189=DIRECTION('',(0.,0.,1.));
#7190=DIRECTION('center_axis',(0.,0.,-1.));
#7191=DIRECTION('ref_axis',(0.886707756186387,-0.462330352798628,0.));
#7192=DIRECTION('center_axis',(0.,0.,-1.));
#7193=DIRECTION('ref_axis',(0.886707756186387,-0.462330352798628,0.));
#7194=DIRECTION('',(0.,0.,1.));
#7195=DIRECTION('center_axis',(0.,0.,1.));
#7196=DIRECTION('ref_axis',(1.,0.,0.));
#7197=DIRECTION('',(0.866025403785374,-0.49999999999838,0.));
#7198=DIRECTION('center_axis',(0.,0.,1.));
#7199=DIRECTION('ref_axis',(0.866025403784194,0.500000000000424,0.));
#7200=DIRECTION('',(-8.79302212104504E-13,-1.,0.));
#7201=DIRECTION('center_axis',(0.,0.,1.));
#7202=DIRECTION('ref_axis',(1.,0.,0.));
#7203=DIRECTION('',(1.,-3.65929508927083E-12,0.));
#7204=DIRECTION('',(-0.707106781184938,0.707106781188157,0.));
#7205=DIRECTION('',(1.,2.32406686488199E-14,0.));
#7206=DIRECTION('',(8.79302212104504E-13,1.,0.));
#7207=DIRECTION('center_axis',(0.,0.,-1.));
#7208=DIRECTION('ref_axis',(0.866025403784192,0.500000000000427,0.));
#7209=DIRECTION('',(-0.866025403785374,0.49999999999838,0.));
#7210=DIRECTION('center_axis',(0.,0.,-1.));
#7211=DIRECTION('ref_axis',(0.258819045101597,0.965925826289316,0.));
#7212=DIRECTION('',(-1.15687105086991E-14,-1.,0.));
#7213=DIRECTION('center_axis',(0.,0.,-1.));
#7214=DIRECTION('ref_axis',(0.25881904511648,-0.965925826285328,0.));
#7215=DIRECTION('',(0.866025403769981,0.500000000025041,0.));
#7216=DIRECTION('center_axis',(0.,0.,-1.));
#7217=DIRECTION('ref_axis',(0.866025403791447,-0.49999999998786,0.));
#7218=DIRECTION('',(8.79302212104504E-13,1.,0.));
#7219=DIRECTION('',(-1.,-2.33886983854366E-14,0.));
#7220=DIRECTION('',(0.707106781186854,0.707106781186241,0.));
#7221=DIRECTION('',(-1.,0.,0.));
#7222=DIRECTION('center_axis',(0.,0.,1.));
#7223=DIRECTION('ref_axis',(1.,0.,0.));
#7224=DIRECTION('',(-8.79302212104504E-13,-1.,0.));
#7225=DIRECTION('center_axis',(0.,0.,1.));
#7226=DIRECTION('ref_axis',(0.866025403791445,-0.499999999987865,0.));
#7227=DIRECTION('center_axis',(0.,0.,-1.));
#7228=DIRECTION('ref_axis',(0.897548983497732,0.440914756185578,0.));
#7229=DIRECTION('',(-0.791485182447032,0.611188355555625,0.));
#7230=DIRECTION('center_axis',(0.,0.,1.));
#7231=DIRECTION('ref_axis',(-0.897548983497734,-0.440914756185574,0.));
#7232=DIRECTION('',(1.15687105086991E-14,1.,0.));
#7233=DIRECTION('',(0.,-1.,0.));
#7234=DIRECTION('center_axis',(0.,0.,-1.));
#7235=DIRECTION('ref_axis',(0.910489862295033,0.413531390172465,0.));
#7236=DIRECTION('',(1.15687105086991E-14,1.,0.));
#7237=DIRECTION('center_axis',(0.,0.,-1.));
#7238=DIRECTION('ref_axis',(1.,0.,0.));
#7239=DIRECTION('center_axis',(0.,0.,-1.));
#7240=DIRECTION('ref_axis',(1.,0.,0.));
#7241=DIRECTION('center_axis',(0.,0.,-1.));
#7242=DIRECTION('ref_axis',(1.,0.,0.));
#7243=DIRECTION('center_axis',(0.,0.,-1.));
#7244=DIRECTION('ref_axis',(1.,0.,0.));
#7245=DIRECTION('center_axis',(0.,0.,-1.));
#7246=DIRECTION('ref_axis',(1.,0.,0.));
#7247=DIRECTION('center_axis',(0.,0.,-1.));
#7248=DIRECTION('ref_axis',(0.910489862295033,0.413531390172465,0.));
#7249=DIRECTION('',(0.,0.,-1.));
#7250=DIRECTION('center_axis',(0.,0.,-1.));
#7251=DIRECTION('ref_axis',(-0.897548983497734,-0.440914756185574,0.));
#7252=DIRECTION('',(0.,0.,1.));
#7253=DIRECTION('',(0.,0.,-1.));
#7254=DIRECTION('center_axis',(0.611188355555625,0.791485182447032,0.));
#7255=DIRECTION('ref_axis',(0.791485182447032,-0.611188355555625,0.));
#7256=DIRECTION('',(0.,0.,1.));
#7257=DIRECTION('',(0.578989224236033,-0.447098037579408,0.681817294450059));
#7258=DIRECTION('center_axis',(0.,0.,-1.));
#7259=DIRECTION('ref_axis',(0.897548983497732,0.440914756185578,0.));
#7260=DIRECTION('center_axis',(0.69310447673522,-0.170504571530297,-0.700381592717047));
#7261=DIRECTION('ref_axis',(0.680105026275953,-0.167306690395368,0.713768607171213));
#7262=DIRECTION('center_axis',(0.,0.,-1.));
#7263=DIRECTION('ref_axis',(1.,0.,0.));
#7264=DIRECTION('',(0.,0.,-1.));
#7265=DIRECTION('center_axis',(0.,0.,-1.));
#7266=DIRECTION('ref_axis',(1.,0.,0.));
#7267=DIRECTION('center_axis',(0.,0.,1.));
#7268=DIRECTION('ref_axis',(1.,0.,0.));
#7269=DIRECTION('center_axis',(0.,0.,-1.));
#7270=DIRECTION('ref_axis',(1.,0.,0.));
#7271=DIRECTION('',(0.,0.,-1.));
#7272=DIRECTION('center_axis',(0.,0.,-1.));
#7273=DIRECTION('ref_axis',(1.,0.,0.));
#7274=DIRECTION('center_axis',(0.,0.,1.));
#7275=DIRECTION('ref_axis',(1.,0.,0.));
#7276=DIRECTION('center_axis',(0.,0.,-1.));
#7277=DIRECTION('ref_axis',(1.,0.,0.));
#7278=DIRECTION('',(0.,0.,-1.));
#7279=DIRECTION('center_axis',(0.,0.,-1.));
#7280=DIRECTION('ref_axis',(1.,0.,0.));
#7281=DIRECTION('center_axis',(0.,0.,1.));
#7282=DIRECTION('ref_axis',(1.,0.,0.));
#7283=DIRECTION('center_axis',(0.,0.,-1.));
#7284=DIRECTION('ref_axis',(1.,0.,0.));
#7285=DIRECTION('',(0.,0.,-1.));
#7286=DIRECTION('center_axis',(0.,0.,-1.));
#7287=DIRECTION('ref_axis',(1.,0.,0.));
#7288=DIRECTION('center_axis',(0.,0.,1.));
#7289=DIRECTION('ref_axis',(1.,0.,0.));
#7290=DIRECTION('center_axis',(0.,0.,-1.));
#7291=DIRECTION('ref_axis',(1.,0.,0.));
#7292=DIRECTION('',(0.,0.,-1.));
#7293=DIRECTION('center_axis',(0.,0.,-1.));
#7294=DIRECTION('ref_axis',(1.,0.,0.));
#7295=DIRECTION('center_axis',(0.,0.,1.));
#7296=DIRECTION('ref_axis',(1.,0.,0.));
#7297=DIRECTION('center_axis',(0.,0.,-1.));
#7298=DIRECTION('ref_axis',(1.,0.,0.));
#7299=DIRECTION('',(0.,0.,-1.));
#7300=DIRECTION('center_axis',(0.,0.,-1.));
#7301=DIRECTION('ref_axis',(1.,0.,0.));
#7302=DIRECTION('center_axis',(0.,0.,1.));
#7303=DIRECTION('ref_axis',(1.,0.,0.));
#7304=DIRECTION('center_axis',(1.,3.22818267506585E-15,0.));
#7305=DIRECTION('ref_axis',(3.22818267506585E-15,-1.,0.));
#7306=DIRECTION('center_axis',(0.693104476732258,0.170504571532844,-0.700381592719358));
#7307=DIRECTION('ref_axis',(-0.71078976894971,0.,-0.70340450976406));
#7308=DIRECTION('',(0.697710756967059,-0.402823493349689,0.592395925727048));
#7309=DIRECTION('',(-8.54349822556807E-13,-0.971622510208433,-0.236536884346317));
#7310=DIRECTION('center_axis',(0.647230821935946,-5.69111493470494E-13,
-0.762294079169004));
#7311=DIRECTION('ref_axis',(-0.762294079169004,0.,-0.647230821935946));
#7312=DIRECTION('',(0.697710756959258,0.402823493373824,0.592395925719824));
#7313=DIRECTION('',(8.79302212104504E-13,1.,-1.32460947326738E-28));
#7314=DIRECTION('',(-4.80096443081149E-15,-1.,7.42501059345588E-13));
#7315=DIRECTION('',(8.79302212104504E-13,1.,-1.32460947326738E-28));
#7316=DIRECTION('center_axis',(-1.,2.30653660035606E-15,0.));
#7317=DIRECTION('ref_axis',(2.30653660035606E-15,1.,0.));
#7318=DIRECTION('center_axis',(-0.693104476734917,-0.170504571530194,-0.700381592717371));
#7319=DIRECTION('ref_axis',(-0.710789768947364,0.,0.703404509766431));
#7320=DIRECTION('',(-0.697710756960087,0.402823493370896,0.59239592572084));
#7321=DIRECTION('',(3.26704496288772E-14,0.971622510209311,-0.236536884342711));
#7322=DIRECTION('center_axis',(-0.647230821935946,2.17628983932864E-14,
-0.762294079169004));
#7323=DIRECTION('ref_axis',(-0.762294079169004,0.,0.647230821935946));
#7324=DIRECTION('',(-0.697710756966485,-0.402823493351857,0.59239592572625));
#7325=DIRECTION('',(-3.36246322883557E-14,-1.,0.));
#7326=DIRECTION('',(0.,1.,2.85492160938869E-14));
#7327=DIRECTION('',(-3.36246322883557E-14,-1.,0.));
#7328=DIRECTION('center_axis',(-0.693104476732463,0.170504571533061,-0.700381592719102));
#7329=DIRECTION('ref_axis',(-0.710789768949478,0.,0.703404509764295));
#7330=DIRECTION('',(0.697710756966486,0.402823493351857,-0.59239592572625));
#7331=DIRECTION('',(3.26704496288515E-14,0.971622510208546,0.236536884345853));
#7332=DIRECTION('center_axis',(0.69310447673522,-0.170504571530297,-0.700381592717047));
#7333=DIRECTION('ref_axis',(-0.710789768947047,0.,-0.703404509766751));
#7334=DIRECTION('',(-0.697710756959259,-0.402823493373824,-0.592395925719824));
#7335=DIRECTION('',(-8.54349822557705E-13,-0.971622510209455,0.236536884342121));
#7336=DIRECTION('center_axis',(-0.707106781186545,3.39479450526221E-15,
0.70710678118655));
#7337=DIRECTION('ref_axis',(0.70710678118655,0.,0.707106781186545));
#7338=DIRECTION('center_axis',(-0.707106781186545,3.39479450526221E-15,
0.70710678118655));
#7339=DIRECTION('ref_axis',(-0.70710678118655,2.9651196082243E-11,-0.707106781186545));
#7340=DIRECTION('',(4.80096443081149E-15,1.,0.));
#7341=DIRECTION('center_axis',(-0.707106781186545,3.39479450526221E-15,
0.70710678118655));
#7342=DIRECTION('ref_axis',(0.70710678118655,0.,0.707106781186545));
#7343=DIRECTION('',(-4.80096443081149E-15,-1.,0.));
#7344=DIRECTION('center_axis',(0.,0.,-1.));
#7345=DIRECTION('ref_axis',(0.,1.,0.));
#7346=DIRECTION('center_axis',(0.,0.,1.));
#7347=DIRECTION('ref_axis',(0.,1.,0.));
#7348=DIRECTION('',(0.,0.,-1.));
#7349=DIRECTION('',(0.,0.,-1.));
#7350=DIRECTION('center_axis',(0.,0.,1.));
#7351=DIRECTION('ref_axis',(1.,0.,0.));
#7352=DIRECTION('center_axis',(0.,0.,1.));
#7353=DIRECTION('ref_axis',(-1.,4.1933123640092E-11,0.));
#7354=DIRECTION('',(1.,-3.25643416135026E-11,0.));
#7355=DIRECTION('',(-0.707106781174712,0.707106781198383,0.));
#7356=DIRECTION('',(1.,2.33886983854366E-14,0.));
#7357=DIRECTION('',(8.79302212104504E-13,1.,0.));
#7358=DIRECTION('',(-1.,3.25643416135026E-11,0.));
#7359=DIRECTION('center_axis',(0.,0.,1.));
#7360=DIRECTION('ref_axis',(-1.,4.1933123640092E-11,0.));
#7361=DIRECTION('',(4.80096443081149E-15,1.,0.));
#7362=DIRECTION('center_axis',(0.,0.,1.));
#7363=DIRECTION('ref_axis',(0.,1.,0.));
#7364=DIRECTION('',(1.,-3.25589405285232E-11,0.));
#7365=DIRECTION('',(8.79302212104504E-13,1.,0.));
#7366=DIRECTION('',(-1.,-2.32406686488199E-14,0.));
#7367=DIRECTION('',(0.707106781198365,0.70710678117473,0.));
#7368=DIRECTION('',(-1.,3.25589405285232E-11,0.));
#7369=DIRECTION('center_axis',(0.707106781186546,0.,0.707106781186549));
#7370=DIRECTION('ref_axis',(0.707106781186549,0.,-0.707106781186546));
#7371=DIRECTION('center_axis',(0.707106781186546,0.,0.707106781186549));
#7372=DIRECTION('ref_axis',(0.707106781186549,0.,-0.707106781186546));
#7373=DIRECTION('',(0.,-1.,0.));
#7374=DIRECTION('center_axis',(0.707106781186546,0.,0.707106781186549));
#7375=DIRECTION('ref_axis',(-0.707106781186549,0.,0.707106781186546));
#7376=DIRECTION('',(0.,1.,0.));
#7377=DIRECTION('center_axis',(0.,0.,-1.));
#7378=DIRECTION('ref_axis',(0.,-1.,0.));
#7379=DIRECTION('center_axis',(0.,0.,1.));
#7380=DIRECTION('ref_axis',(0.,-1.,0.));
#7381=DIRECTION('',(0.,0.,-1.));
#7382=DIRECTION('',(0.,0.,-1.));
#7383=DIRECTION('center_axis',(0.,0.,1.));
#7384=DIRECTION('ref_axis',(1.,0.,0.));
#7385=DIRECTION('center_axis',(0.,0.,1.));
#7386=DIRECTION('ref_axis',(1.,0.,0.));
#7387=DIRECTION('',(-1.,4.80096443079256E-15,0.));
#7388=DIRECTION('',(0.707106781186534,-0.707106781186561,0.));
#7389=DIRECTION('',(-1.,-2.32880381645373E-14,0.));
#7390=DIRECTION('',(-3.36246322883557E-14,-1.,0.));
#7391=DIRECTION('',(-1.,4.80096443079256E-15,0.));
#7392=DIRECTION('center_axis',(0.,0.,1.));
#7393=DIRECTION('ref_axis',(1.,0.,0.));
#7394=DIRECTION('',(0.,1.,0.));
#7395=DIRECTION('center_axis',(0.,0.,1.));
#7396=DIRECTION('ref_axis',(0.,-1.,0.));
#7397=DIRECTION('',(1.,0.,0.));
#7398=DIRECTION('',(-3.36246322883557E-14,-1.,0.));
#7399=DIRECTION('',(1.,2.32702745961433E-14,0.));
#7400=DIRECTION('',(-0.707106781186559,-0.707106781186536,0.));
#7401=DIRECTION('',(1.,0.,0.));
#7402=DIRECTION('center_axis',(-1.,5.50670620214079E-14,0.));
#7403=DIRECTION('ref_axis',(5.50670620214079E-14,1.,0.));
#7404=DIRECTION('',(0.,0.,1.));
#7405=DIRECTION('center_axis',(1.,-5.50670620214079E-14,0.));
#7406=DIRECTION('ref_axis',(3.09646364207023E-14,0.56230454606223,-0.826930225277652));
#7407=DIRECTION('center_axis',(-0.693104476732463,0.170504571533061,-0.700381592719102));
#7408=DIRECTION('ref_axis',(-0.710789768949478,0.,0.703404509764295));
#7409=DIRECTION('',(-0.697710756966486,-0.402823493351857,0.59239592572625));
#7410=DIRECTION('',(-0.238879336833377,-0.971049258500333,0.));
#7411=DIRECTION('',(-0.697710756966486,-0.402823493351857,0.59239592572625));
#7412=DIRECTION('center_axis',(0.693104476732463,-0.170504571533061,0.700381592719102));
#7413=DIRECTION('ref_axis',(0.680105026277166,-0.167306690399044,-0.713768607169196));
#7414=DIRECTION('',(-0.710789768949734,-2.10947103546424E-12,0.703404509764036));
#7415=DIRECTION('',(-3.26704496288515E-14,-0.971622510208546,-0.236536884345853));
#7416=DIRECTION('center_axis',(0.697710756966486,0.402823493351857,-0.59239592572625));
#7417=DIRECTION('ref_axis',(-0.690171696693735,0.599598497607938,-0.405147714727843));
#7418=DIRECTION('center_axis',(1.,-3.36246322883557E-14,0.));
#7419=DIRECTION('ref_axis',(1.88469943343639E-14,0.562304546062216,-0.826930225277662));
#7420=DIRECTION('center_axis',(-0.690171696693735,0.599598497607939,-0.405147714727842));
#7421=DIRECTION('ref_axis',(-0.506244188380479,0.,0.862390179519103));
#7422=DIRECTION('',(0.697710756966486,0.402823493351857,-0.59239592572625));
#7423=DIRECTION('',(-0.191996689284333,-0.691530819898942,-0.696363695516755));
#7424=DIRECTION('',(0.191996689284333,0.691530819898944,0.696363695516753));
#7425=DIRECTION('center_axis',(-0.647230821935946,2.17628983932864E-14,
-0.762294079169004));
#7426=DIRECTION('ref_axis',(-0.762294079169004,0.,0.647230821935946));
#7427=DIRECTION('',(-3.36246322883557E-14,-1.,0.));
#7428=DIRECTION('',(0.697710756960087,-0.402823493370895,-0.59239592572084));
#7429=DIRECTION('center_axis',(0.647230821935946,-2.17628983932864E-14,
0.762294079169004));
#7430=DIRECTION('ref_axis',(0.762294079169004,0.,-0.647230821935946));
#7431=DIRECTION('',(-0.762294079169004,0.,0.647230821935946));
#7432=DIRECTION('',(-3.36246322883557E-14,-1.,0.));
#7433=DIRECTION('',(0.762294079169004,0.,-0.647230821935946));
#7434=DIRECTION('center_axis',(0.647230821935946,-2.17628983932864E-14,
0.762294079169004));
#7435=DIRECTION('ref_axis',(-0.762294079169004,0.,0.647230821935946));
#7436=DIRECTION('',(0.,1.,2.85492160938869E-14));
#7437=DIRECTION('center_axis',(0.647230821935946,-2.17628983932864E-14,
0.762294079169004));
#7438=DIRECTION('ref_axis',(0.762294079169004,0.,-0.647230821935946));
#7439=DIRECTION('',(-0.762294079169004,3.65974675989416E-15,0.647230821935946));
#7440=DIRECTION('',(-3.36246322883557E-14,-1.,0.));
#7441=DIRECTION('',(0.762294079169004,2.78945898048306E-12,-0.647230821935946));
#7442=DIRECTION('center_axis',(0.647230821935946,-2.17628983932864E-14,
0.762294079169004));
#7443=DIRECTION('ref_axis',(0.762294079169004,0.,-0.647230821935946));
#7444=DIRECTION('center_axis',(-0.500000000000706,0.866025403784031,0.));
#7445=DIRECTION('ref_axis',(0.866025403784031,0.500000000000706,0.));
#7446=DIRECTION('',(0.,0.,1.));
#7447=DIRECTION('',(0.,0.,-1.));
#7448=DIRECTION('center_axis',(0.,0.,1.));
#7449=DIRECTION('ref_axis',(-0.258819045102937,0.965925826288957,0.));
#7450=DIRECTION('center_axis',(0.,0.,-1.));
#7451=DIRECTION('ref_axis',(-0.258819045102937,0.965925826288957,0.));
#7452=DIRECTION('',(-3.14018491736755E-14,0.707106781186546,0.707106781186549));
#7453=DIRECTION('center_axis',(0.,0.,1.));
#7454=DIRECTION('ref_axis',(-0.258819045102937,0.965925826288957,0.));
#7455=DIRECTION('center_axis',(0.,0.,1.));
#7456=DIRECTION('ref_axis',(-0.258819045114722,-0.965925826285799,0.));
#7457=DIRECTION('center_axis',(0.,0.,1.));
#7458=DIRECTION('ref_axis',(-0.258819045114722,-0.965925826285799,0.));
#7459=DIRECTION('',(-6.28036983473511E-15,-0.707106781186546,0.707106781186549));
#7460=DIRECTION('center_axis',(0.,0.,-1.));
#7461=DIRECTION('ref_axis',(-0.258819045114722,-0.965925826285799,0.));
#7462=DIRECTION('center_axis',(0.,0.,-1.));
#7463=DIRECTION('ref_axis',(-0.258819045102937,0.965925826288957,0.));
#7464=DIRECTION('',(0.,0.,-1.));
#7465=DIRECTION('',(0.,0.,-1.));
#7466=DIRECTION('',(-0.202085024017947,0.682674330513321,-0.702223184981708));
#7467=DIRECTION('',(0.191996689267884,-0.691530819897392,0.69636369552283));
#7468=DIRECTION('center_axis',(-1.,1.15687105086991E-14,0.));
#7469=DIRECTION('ref_axis',(0.,0.,1.));
#7470=DIRECTION('',(0.,0.,1.));
#7471=DIRECTION('',(1.15687105086991E-14,1.,0.));
#7472=DIRECTION('center_axis',(-0.693104476734917,-0.170504571530194,-0.700381592717371));
#7473=DIRECTION('ref_axis',(-0.710789768947364,0.,0.703404509766431));
#7474=DIRECTION('',(0.697710756960087,-0.402823493370895,-0.59239592572084));
#7475=DIRECTION('',(-3.26704496288772E-14,-0.971622510209311,0.236536884342711));
#7476=DIRECTION('',(0.710789768947304,4.91518475555401E-13,-0.703404509766492));
#7477=DIRECTION('center_axis',(0.693104476734917,0.170504571530194,0.700381592717371));
#7478=DIRECTION('ref_axis',(0.680105026276276,0.167306690395419,-0.713768607170894));
#7479=DIRECTION('',(0.238879336828792,-0.971049258501461,0.));
#7480=DIRECTION('center_axis',(-0.500000000021869,-0.866025403771813,0.));
#7481=DIRECTION('ref_axis',(-0.866025403771813,0.500000000021869,0.));
#7482=DIRECTION('',(0.,0.,1.));
#7483=DIRECTION('',(-0.697710756960087,0.402823493370895,0.59239592572084));
#7484=DIRECTION('',(0.,0.,-1.));
#7485=DIRECTION('center_axis',(-0.690171696704781,-0.599598497596939,-0.405147714725306));
#7486=DIRECTION('ref_axis',(-0.506244188372097,0.,0.862390179524023));
#7487=DIRECTION('',(-0.191996689267884,0.691530819897396,-0.696363695522826));
#7488=DIRECTION('center_axis',(1.,-5.12563688968013E-16,0.));
#7489=DIRECTION('ref_axis',(-5.12563688968013E-16,-1.,0.));
#7490=DIRECTION('center_axis',(1.,0.,0.));
#7491=DIRECTION('ref_axis',(0.,-1.,0.));
#7492=DIRECTION('center_axis',(0.647230821935946,-5.69111493470494E-13,
-0.762294079169004));
#7493=DIRECTION('ref_axis',(-0.762294079169004,0.,-0.647230821935946));
#7494=DIRECTION('',(8.79302212104504E-13,1.,0.));
#7495=DIRECTION('',(-0.697710756967059,0.402823493349689,-0.592395925727048));
#7496=DIRECTION('center_axis',(-0.647230821935946,5.69111493470494E-13,
0.762294079169004));
#7497=DIRECTION('ref_axis',(0.762294079169004,0.,0.647230821935946));
#7498=DIRECTION('',(0.762294079169004,-2.78945898048336E-12,0.647230821935946));
#7499=DIRECTION('',(8.79302212104504E-13,1.,-1.32460947326738E-28));
#7500=DIRECTION('',(-0.762294079169004,2.48194875889089E-11,-0.647230821935946));
#7501=DIRECTION('center_axis',(-0.647230821935946,5.69111493470494E-13,
0.762294079169004));
#7502=DIRECTION('ref_axis',(0.762294079169004,0.,0.647230821935946));
#7503=DIRECTION('',(-4.80096443081149E-15,-1.,7.42501059345588E-13));
#7504=DIRECTION('center_axis',(-0.647230821935946,5.69111493470494E-13,
0.762294079169004));
#7505=DIRECTION('ref_axis',(-0.762294079169004,3.19653718719039E-11,-0.647230821935946));
#7506=DIRECTION('',(0.762294079169004,-2.48236048040099E-11,0.647230821935946));
#7507=DIRECTION('',(8.79302212104504E-13,1.,-1.32460947326738E-28));
#7508=DIRECTION('',(-0.762294079169004,0.,-0.647230821935946));
#7509=DIRECTION('center_axis',(-0.647230821935946,5.69111493470494E-13,
0.762294079169004));
#7510=DIRECTION('ref_axis',(0.762294079169004,0.,0.647230821935946));
#7511=DIRECTION('',(0.697710756959258,0.402823493373824,0.592395925719824));
#7512=DIRECTION('center_axis',(0.693104476732258,0.170504571532844,-0.700381592719358));
#7513=DIRECTION('ref_axis',(-0.71078976894971,0.,-0.70340450976406));
#7514=DIRECTION('',(-0.697710756967059,0.402823493349689,-0.592395925727048));
#7515=DIRECTION('',(8.54349822556807E-13,0.971622510208433,0.236536884346317));
#7516=DIRECTION('',(-0.710789768949933,1.82898985033054E-12,-0.703404509763835));
#7517=DIRECTION('center_axis',(-0.693104476732258,-0.170504571532844,0.700381592719358));
#7518=DIRECTION('ref_axis',(0.680105026277452,0.167306690398951,0.713768607168945));
#7519=DIRECTION('',(-0.238879336833158,0.971049258500387,0.));
#7520=DIRECTION('center_axis',(0.69310447673522,-0.170504571530297,-0.700381592717047));
#7521=DIRECTION('ref_axis',(-0.710789768947047,0.,-0.703404509766751));
#7522=DIRECTION('',(0.697710756959259,0.402823493373824,0.592395925719824));
#7523=DIRECTION('',(0.23887933682883,0.971049258501451,0.));
#7524=DIRECTION('center_axis',(-0.69310447673522,0.170504571530297,0.700381592717047));
#7525=DIRECTION('ref_axis',(0.680105026275954,-0.167306690395368,0.713768607171213));
#7526=DIRECTION('',(0.710789768946953,-7.7199966068855E-13,0.703404509766846));
#7527=DIRECTION('',(8.54349822557705E-13,0.971622510209455,-0.236536884342121));
#7528=DIRECTION('center_axis',(-0.697710756959259,-0.402823493373824,-0.592395925719824));
#7529=DIRECTION('ref_axis',(0.690171696706299,-0.599598497595513,-0.405147714724831));
#7530=DIRECTION('center_axis',(-1.,8.79302212104504E-13,0.));
#7531=DIRECTION('ref_axis',(-4.94402337280333E-13,-0.562304546087919,-0.826930225260185));
#7532=DIRECTION('center_axis',(0.690171696692657,0.599598497608927,-0.405147714728217));
#7533=DIRECTION('ref_axis',(-0.506244188381415,0.,-0.862390179518553));
#7534=DIRECTION('',(0.697710756967059,-0.402823493349689,0.592395925727048));
#7535=DIRECTION('',(0.191996689286125,-0.691530819899353,-0.696363695515853));
#7536=DIRECTION('',(-0.191996689286125,0.691530819899352,0.696363695515855));
#7537=DIRECTION('',(-0.202085024015486,-0.682674330512903,0.702223184982823));
#7538=DIRECTION('',(0.191996689265425,0.691530819896929,-0.696363695523968));
#7539=DIRECTION('center_axis',(0.6901716967063,-0.599598497595509,-0.405147714724834));
#7540=DIRECTION('ref_axis',(-0.506244188370829,0.,-0.862390179524767));
#7541=DIRECTION('',(-0.697710756959259,-0.402823493373824,-0.592395925719824));
#7542=DIRECTION('',(-0.191996689265425,-0.691530819896927,0.696363695523969));
#7543=DIRECTION('center_axis',(0.49999999999838,0.866025403785374,0.));
#7544=DIRECTION('ref_axis',(0.866025403785374,-0.49999999999838,0.));
#7545=DIRECTION('',(0.,0.,1.));
#7546=DIRECTION('',(0.,0.,-1.));
#7547=DIRECTION('center_axis',(0.500000000025041,-0.866025403769981,0.));
#7548=DIRECTION('ref_axis',(-0.866025403769981,-0.500000000025041,0.));
#7549=DIRECTION('',(0.,0.,1.));
#7550=DIRECTION('',(0.,0.,-1.));
#7551=DIRECTION('center_axis',(0.,0.,1.));
#7552=DIRECTION('ref_axis',(0.25881904511648,-0.965925826285328,0.));
#7553=DIRECTION('center_axis',(0.,0.,1.));
#7554=DIRECTION('ref_axis',(0.25881904511648,-0.965925826285328,0.));
#7555=DIRECTION('center_axis',(0.,0.,-1.));
#7556=DIRECTION('ref_axis',(0.25881904511648,-0.965925826285328,0.));
#7557=DIRECTION('',(-1.25607396694702E-14,-0.707106781186546,0.707106781186549));
#7558=DIRECTION('center_axis',(1.,-1.15687105086991E-14,-1.45603019622971E-15));
#7559=DIRECTION('ref_axis',(-1.45603019622971E-15,1.68025027163339E-29,
-1.));
#7560=DIRECTION('',(1.15687105086991E-14,1.,0.));
#7561=DIRECTION('',(0.,0.,-1.));
#7562=DIRECTION('',(0.,0.,1.));
#7563=DIRECTION('center_axis',(0.,0.,1.));
#7564=DIRECTION('ref_axis',(1.,0.,0.));
#7565=DIRECTION('',(1.,-1.09044979712971E-14,0.));
#7566=DIRECTION('',(-1.,-4.85250159722723E-14,0.));
#7567=DIRECTION('center_axis',(0.,0.,1.));
#7568=DIRECTION('ref_axis',(0.258819045101597,0.965925826289316,0.));
#7569=DIRECTION('center_axis',(0.,0.,-1.));
#7570=DIRECTION('ref_axis',(0.258819045101597,0.965925826289316,0.));
#7571=DIRECTION('center_axis',(0.,0.,-1.));
#7572=DIRECTION('ref_axis',(0.258819045101597,0.965925826289316,0.));
#7573=DIRECTION('',(0.,0.,1.));
#7574=DIRECTION('center_axis',(0.,0.,1.));
#7575=DIRECTION('ref_axis',(0.258819045101597,0.965925826289316,0.));
#7576=DIRECTION('',(-3.76822190084107E-14,0.707106781186546,0.707106781186549));
#7577=DIRECTION('',(-0.407357355369653,-0.804657929287264,0.431955555423673));
#7578=DIRECTION('',(0.558734259985846,0.773043609609108,-0.300365784270763));
#7579=DIRECTION('',(0.695867763410936,0.718169935214126,-1.55650025588676E-15));
#7580=DIRECTION('',(0.698376930125816,0.715730161071923,0.));
#7581=DIRECTION('center_axis',(-3.65929508914136E-12,-1.,0.));
#7582=DIRECTION('ref_axis',(0.907532594989278,-1.87903792272037E-12,-0.419981653208837));
#7583=DIRECTION('',(0.589255651019934,-0.707106781186519,-0.390867979938385));
#7584=DIRECTION('center_axis',(-3.65929508927083E-12,-1.,0.));
#7585=DIRECTION('ref_axis',(0.907532594989278,-7.97619188613448E-13,-0.419981653208837));
#7586=DIRECTION('',(-0.707106781182607,0.707106781190488,0.));
#7587=DIRECTION('center_axis',(3.65929508927083E-12,1.,0.));
#7588=DIRECTION('ref_axis',(0.907532594989278,-3.32092956819747E-12,-0.419981653208837));
#7589=DIRECTION('center_axis',(-0.707106781188157,-0.707106781184938,0.));
#7590=DIRECTION('ref_axis',(0.,0.,1.));
#7591=DIRECTION('',(0.,0.,-1.));
#7592=DIRECTION('',(0.,0.,1.));
#7593=DIRECTION('',(-1.02828671142638E-24,-1.16943491927002E-12,1.));
#7594=DIRECTION('',(-0.448142282497038,0.721514355007479,0.527812021610428));
#7595=DIRECTION('',(0.360905607654829,0.807917316160192,-0.465850568972295));
#7596=DIRECTION('',(-0.450600443808078,0.717850345952053,0.530707189377043));
#7597=DIRECTION('center_axis',(8.54349822556807E-13,0.971622510208433,0.236536884346317));
#7598=DIRECTION('ref_axis',(0.920082734522393,0.0926571954534541,-0.380607942329763));
#7599=DIRECTION('',(8.54349822556807E-13,0.971622510208433,0.236536884346317));
#7600=DIRECTION('center_axis',(1.,-8.79302212104504E-13,0.));
#7601=DIRECTION('ref_axis',(-8.79302212104504E-13,-1.,0.));
#7602=DIRECTION('',(0.,0.,1.));
#7603=DIRECTION('center_axis',(0.,0.,-1.));
#7604=DIRECTION('ref_axis',(-0.998796367451186,-0.0490491219729208,0.));
#7605=DIRECTION('',(0.,0.,-1.));
#7606=DIRECTION('center_axis',(-3.25606208642697E-11,-1.,0.));
#7607=DIRECTION('ref_axis',(0.907532594989278,-1.31216731747035E-11,-0.419981653208836));
#7608=DIRECTION('',(0.54211519892103,-0.70710678113321,-0.453994615798737));
#7609=DIRECTION('center_axis',(-3.25643416135026E-11,-1.,0.));
#7610=DIRECTION('ref_axis',(0.907532594989278,-7.9802696938472E-13,-0.419981653208836));
#7611=DIRECTION('',(-0.707106781152651,0.707106781220444,0.));
#7612=DIRECTION('center_axis',(3.25643416135026E-11,1.,0.));
#7613=DIRECTION('ref_axis',(0.907532594989278,-2.95532014486194E-11,-0.419981653208836));
#7614=DIRECTION('center_axis',(-0.707106781198383,-0.707106781174712,0.));
#7615=DIRECTION('ref_axis',(0.,0.,1.));
#7616=DIRECTION('',(0.,0.,-1.));
#7617=DIRECTION('',(0.,0.,1.));
#7618=DIRECTION('',(0.,0.,1.));
#7619=DIRECTION('',(0.419981653208834,-3.46328209043661E-11,0.907532594989279));
#7620=DIRECTION('',(0.447318423293892,0.722733735793871,-0.526841698546444));
#7621=DIRECTION('center_axis',(-0.90753259498928,3.16193854121615E-13,0.419981653208833));
#7622=DIRECTION('ref_axis',(0.419981653208833,0.,0.90753259498928));
#7623=DIRECTION('',(0.419981653208833,6.71614930289541E-13,0.90753259498928));
#7624=DIRECTION('',(4.80096443081149E-15,1.,-7.42501059345588E-13));
#7625=DIRECTION('',(-0.447318423286305,0.722733735794638,0.526841698551834));
#7626=DIRECTION('center_axis',(-0.70710678117473,0.707106781198365,0.));
#7627=DIRECTION('ref_axis',(0.,0.,1.));
#7628=DIRECTION('',(-6.18273655604213E-26,-7.03141248927885E-14,-1.));
#7629=DIRECTION('',(0.,0.,-1.));
#7630=DIRECTION('',(-0.707106781198365,-0.70710678117473,0.));
#7631=DIRECTION('',(0.,0.,1.));
#7632=DIRECTION('center_axis',(3.25606208757761E-11,1.,0.));
#7633=DIRECTION('ref_axis',(0.907532594989278,-1.31193394455404E-11,-0.419981653208837));
#7634=DIRECTION('',(-0.542115198984668,-0.707106781114406,0.453994615752034));
#7635=DIRECTION('center_axis',(-3.25589405285232E-11,-1.,0.));
#7636=DIRECTION('ref_axis',(0.907532594989278,-2.95482997879522E-11,-0.419981653208837));
#7637=DIRECTION('center_axis',(3.25589405285232E-11,1.,0.));
#7638=DIRECTION('ref_axis',(0.907532594989278,-7.97619188613448E-13,-0.419981653208837));
#7639=DIRECTION('',(-0.454521691513307,-0.711924567525899,0.535325547771581));
#7640=DIRECTION('',(-0.45452169149794,0.711924567520703,0.535325547791539));
#7641=DIRECTION('center_axis',(1.,-8.79302212104504E-13,0.));
#7642=DIRECTION('ref_axis',(-8.79302212104504E-13,-1.,0.));
#7643=DIRECTION('',(-8.79302212104504E-13,-1.,1.32460947326738E-28));
#7644=DIRECTION('center_axis',(1.,-8.79302212104504E-13,0.));
#7645=DIRECTION('ref_axis',(2.89788053532939E-26,-1.23900889548168E-12,
-1.));
#7646=DIRECTION('center_axis',(-8.79302212104504E-13,-1.,1.32460947326738E-28));
#7647=DIRECTION('ref_axis',(0.907532594989278,-7.9802696938472E-13,-0.419981653208836));
#7648=DIRECTION('center_axis',(0.,1.,0.));
#7649=DIRECTION('ref_axis',(0.907532594989278,-7.9802696938472E-13,-0.419981653208836));
#7650=DIRECTION('',(-8.79302212104504E-13,-1.,1.32460947326738E-28));
#7651=DIRECTION('',(8.79302212104504E-13,1.,-1.32460947326738E-28));
#7652=DIRECTION('center_axis',(-8.79302212104504E-13,-1.,1.32460947326738E-28));
#7653=DIRECTION('ref_axis',(0.907532594989278,-7.97619188613448E-13,-0.419981653208837));
#7654=DIRECTION('',(-8.79302212104504E-13,-1.,1.32460947326738E-28));
#7655=DIRECTION('',(8.79302212104504E-13,1.,-1.32460947326738E-28));
#7656=DIRECTION('',(-8.79302212104504E-13,-1.,1.32460947326738E-28));
#7657=DIRECTION('center_axis',(1.,-8.79302212104504E-13,0.));
#7658=DIRECTION('ref_axis',(-8.79302212104504E-13,-1.,0.));
#7659=DIRECTION('center_axis',(1.,-8.79302212104504E-13,0.));
#7660=DIRECTION('ref_axis',(2.32406686488199E-14,-1.,7.10542735760139E-14));
#7661=DIRECTION('',(0.407357355380137,-0.804657929286045,-0.431955555416058));
#7662=DIRECTION('',(-0.558734259972211,0.773043609611306,0.300365784290469));
#7663=DIRECTION('',(-0.695867763411506,0.718169935213574,-1.55650025589032E-15));
#7664=DIRECTION('',(-0.698376930126312,0.715730161071439,-1.55117540801146E-15));
#7665=DIRECTION('',(-0.360905607664346,0.807917316157665,0.465850568969305));
#7666=DIRECTION('',(0.44814228249909,0.721514355006265,-0.527812021610345));
#7667=DIRECTION('center_axis',(-0.707106781186241,0.707106781186854,0.));
#7668=DIRECTION('ref_axis',(0.,0.,1.));
#7669=DIRECTION('',(-1.0894632626125E-24,-1.23900889547975E-12,-1.));
#7670=DIRECTION('',(0.,0.,-1.));
#7671=DIRECTION('',(-0.707106781186858,-0.707106781186237,0.));
#7672=DIRECTION('',(0.,0.,1.));
#7673=DIRECTION('center_axis',(0.,1.,0.));
#7674=DIRECTION('ref_axis',(0.907532594989278,-4.56015411077035E-13,-0.419981653208836));
#7675=DIRECTION('',(-0.589255651007892,-0.707106781188026,0.390867979953814));
#7676=DIRECTION('center_axis',(0.,-1.,0.));
#7677=DIRECTION('ref_axis',(0.907532594989278,0.,-0.419981653208836));
#7678=DIRECTION('',(-0.450600443811324,-0.717850345949816,0.530707189377313));
#7679=DIRECTION('center_axis',(1.,-8.79302212104504E-13,0.));
#7680=DIRECTION('ref_axis',(-8.79302212104504E-13,-1.,0.));
#7681=DIRECTION('',(8.54349822557705E-13,0.971622510209455,-0.236536884342121));
#7682=DIRECTION('',(0.,0.,-1.));
#7683=DIRECTION('center_axis',(8.54349822557705E-13,0.971622510209455,-0.236536884342121));
#7684=DIRECTION('ref_axis',(0.920082734523116,-0.0926571954529376,-0.380607942328142));
#7685=DIRECTION('center_axis',(1.,-8.79302212104504E-13,0.));
#7686=DIRECTION('ref_axis',(-8.79302212104504E-13,-1.,0.));
#7687=DIRECTION('center_axis',(1.,-8.79302212104504E-13,0.));
#7688=DIRECTION('ref_axis',(2.33886983854366E-14,-1.,1.23900889548168E-12));
#7689=DIRECTION('',(0.360905607650774,-0.807917316161443,0.465850568973267));
#7690=DIRECTION('',(-0.448142282497017,-0.721514355007278,-0.52781202161072));
#7691=DIRECTION('center_axis',(0.70710678118783,-0.707106781185265,0.));
#7692=DIRECTION('ref_axis',(0.,0.,-1.));
#7693=DIRECTION('',(3.93218191456174E-26,1.16943491927002E-12,-1.));
#7694=DIRECTION('',(0.,0.,-1.));
#7695=DIRECTION('',(0.707106781185265,0.70710678118783,0.));
#7696=DIRECTION('',(0.,0.,1.));
#7697=DIRECTION('center_axis',(3.65929508903914E-12,-1.,0.));
#7698=DIRECTION('ref_axis',(-0.907532594989278,-1.4057792104575E-12,-0.419981653208836));
#7699=DIRECTION('',(0.589255651019747,0.707106781194948,0.390867979923419));
#7700=DIRECTION('center_axis',(-3.65929508927044E-12,1.,0.));
#7701=DIRECTION('ref_axis',(-0.907532594989278,-3.32092956819712E-12,-0.419981653208836));
#7702=DIRECTION('center_axis',(3.65929508927044E-12,-1.,0.));
#7703=DIRECTION('ref_axis',(-0.907532594989278,3.05835578456075E-14,-0.419981653208836));
#7704=DIRECTION('',(0.450600443806082,0.717850345956473,0.53070718937276));
#7705=DIRECTION('',(-0.407357355369704,0.804657929290282,-0.431955555418003));
#7706=DIRECTION('',(0.558734259992547,-0.77304360960845,0.300365784259992));
#7707=DIRECTION('',(0.695867763324283,-0.718169935298088,-1.55650025570362E-15));
#7708=DIRECTION('',(0.698376930039465,-0.71573016115618,0.));
#7709=DIRECTION('center_axis',(3.36246322883557E-14,1.,0.));
#7710=DIRECTION('ref_axis',(-0.907532594989278,3.05835578456075E-14,-0.419981653208836));
#7711=DIRECTION('',(3.36246322883557E-14,1.,0.));
#7712=DIRECTION('',(-3.36246322883557E-14,-1.,0.));
#7713=DIRECTION('',(3.36246322883557E-14,1.,0.));
#7714=DIRECTION('center_axis',(4.80096443079256E-15,1.,0.));
#7715=DIRECTION('ref_axis',(-0.907532594989278,3.05835578456075E-14,-0.419981653208836));
#7716=DIRECTION('center_axis',(-1.,3.36246322883557E-14,0.));
#7717=DIRECTION('ref_axis',(3.36246322883557E-14,1.,0.));
#7718=DIRECTION('center_axis',(-1.,3.36246322883557E-14,0.));
#7719=DIRECTION('ref_axis',(1.6547146347916E-27,-7.10542735760102E-14,-1.));
#7720=DIRECTION('center_axis',(-3.65929508927044E-12,1.,0.));
#7721=DIRECTION('ref_axis',(1.,3.65929508927044E-12,0.));
#7722=DIRECTION('',(0.,0.,-1.));
#7723=DIRECTION('center_axis',(0.,0.,-1.));
#7724=DIRECTION('ref_axis',(1.,0.,0.));
#7725=DIRECTION('center_axis',(4.44089209850087E-15,1.,0.));
#7726=DIRECTION('ref_axis',(-0.907532594989278,1.93436180724878E-14,-0.419981653208836));
#7727=DIRECTION('',(-0.542115198906444,0.707106781186576,-0.453994615733035));
#7728=DIRECTION('',(0.707106781186553,-0.707106781186542,0.));
#7729=DIRECTION('center_axis',(-4.80096443079256E-15,-1.,0.));
#7730=DIRECTION('ref_axis',(-0.907532594989278,4.3570317083284E-15,-0.419981653208836));
#7731=DIRECTION('center_axis',(0.707106781186561,0.707106781186534,0.));
#7732=DIRECTION('ref_axis',(0.,0.,-1.));
#7733=DIRECTION('',(0.,0.,-1.));
#7734=DIRECTION('',(0.,0.,1.));
#7735=DIRECTION('',(2.36428659419753E-27,7.03141248927885E-14,1.));
#7736=DIRECTION('',(-0.419981653208836,-1.40684366089795E-14,0.907532594989278));
#7737=DIRECTION('',(-0.447318423293637,-0.72273373579446,-0.526841698545852));
#7738=DIRECTION('center_axis',(0.907532594989278,-1.19901469729269E-14,
0.419981653208836));
#7739=DIRECTION('ref_axis',(0.419981653208836,0.,-0.907532594989278));
#7740=DIRECTION('',(-0.419981653208836,-2.56901885903104E-14,0.907532594989278));
#7741=DIRECTION('',(0.,-1.,-2.85492160938869E-14));
#7742=DIRECTION('',(0.447318423293637,-0.722733735794476,0.52684169854583));
#7743=DIRECTION('center_axis',(0.707106781186536,-0.707106781186559,0.));
#7744=DIRECTION('ref_axis',(0.,0.,-1.));
#7745=DIRECTION('',(0.,0.,-1.));
#7746=DIRECTION('',(0.,0.,-1.));
#7747=DIRECTION('',(0.707106781186561,0.707106781186534,0.));
#7748=DIRECTION('',(0.,0.,1.));
#7749=DIRECTION('center_axis',(0.,-1.,0.));
#7750=DIRECTION('ref_axis',(-0.907532594989278,1.74763187689187E-14,-0.419981653208835));
#7751=DIRECTION('',(0.542115198906227,0.707106781186606,0.453994615733246));
#7752=DIRECTION('center_axis',(0.,1.,0.));
#7753=DIRECTION('ref_axis',(-0.907532594989278,0.,-0.419981653208835));
#7754=DIRECTION('center_axis',(0.,-1.,0.));
#7755=DIRECTION('ref_axis',(-0.907532594989278,3.05835578456075E-14,-0.419981653208835));
#7756=DIRECTION('',(0.454521691485701,0.711924567559898,0.535325547749807));
#7757=DIRECTION('',(0.454521691485688,-0.711924567559904,0.535325547749809));
#7758=DIRECTION('center_axis',(-1.,3.36246322883557E-14,0.));
#7759=DIRECTION('ref_axis',(3.36246322883557E-14,1.,0.));
#7760=DIRECTION('center_axis',(-1.,3.36246322883557E-14,0.));
#7761=DIRECTION('ref_axis',(2.32880381645373E-14,-1.,7.10542735760139E-14));
#7762=DIRECTION('center_axis',(3.36246322883557E-14,1.,0.));
#7763=DIRECTION('ref_axis',(-0.907532594989278,3.05835578456075E-14,-0.419981653208836));
#7764=DIRECTION('',(3.36246322883557E-14,1.,0.));
#7765=DIRECTION('',(-3.36246322883557E-14,-1.,0.));
#7766=DIRECTION('',(3.36246322883557E-14,1.,0.));
#7767=DIRECTION('center_axis',(0.,1.,0.));
#7768=DIRECTION('ref_axis',(-0.907532594989278,3.05835578456075E-14,-0.419981653208836));
#7769=DIRECTION('center_axis',(-1.,3.36246322883557E-14,0.));
#7770=DIRECTION('ref_axis',(3.36246322883557E-14,1.,0.));
#7771=DIRECTION('center_axis',(-1.,3.36246322883557E-14,0.));
#7772=DIRECTION('ref_axis',(2.88320772249228E-26,-1.23900889548168E-12,
-1.));
#7773=DIRECTION('',(0.407357355379038,0.804657929283461,0.431955555421908));
#7774=DIRECTION('',(-0.558734259967786,-0.773043609611651,-0.300365784297811));
#7775=DIRECTION('',(-0.695867763449764,-0.718169935176503,1.55650025597045E-15));
#7776=DIRECTION('',(-0.698376930164445,-0.715730161034231,0.));
#7777=DIRECTION('',(0.448142282499107,-0.721514355006471,0.527812021610049));
#7778=DIRECTION('',(-0.360905607667059,-0.807917316156794,-0.465850568968714));
#7779=DIRECTION('center_axis',(0.707106781186562,0.707106781186533,0.));
#7780=DIRECTION('ref_axis',(0.,0.,-1.));
#7781=DIRECTION('',(0.,0.,-1.));
#7782=DIRECTION('',(-0.707106781186535,0.70710678118656,0.));
#7783=DIRECTION('',(0.,0.,1.));
#7784=DIRECTION('',(4.16612185125084E-26,1.23900889547975E-12,1.));
#7785=DIRECTION('center_axis',(0.,1.,0.));
#7786=DIRECTION('ref_axis',(-0.907532594989278,1.74763187689185E-14,-0.419981653208836));
#7787=DIRECTION('',(-0.589255651004815,0.707106781186572,-0.390867979961083));
#7788=DIRECTION('center_axis',(0.,-1.,0.));
#7789=DIRECTION('ref_axis',(-0.907532594989278,0.,-0.419981653208836));
#7790=DIRECTION('',(-0.450600443811955,0.71785034594851,-0.530707189378544));
#7791=DIRECTION('center_axis',(0.,0.,-1.));
#7792=DIRECTION('ref_axis',(1.,0.,0.));
#7793=DIRECTION('',(0.,0.,-1.));
#7794=DIRECTION('center_axis',(0.,-1.,0.));
#7795=DIRECTION('ref_axis',(-1.,0.,0.));
#7796=DIRECTION('center_axis',(-1.,-2.32702745961433E-14,0.));
#7797=DIRECTION('ref_axis',(2.32702745961433E-14,-1.,1.23900889548168E-12));
#7798=DIRECTION('',(-1.,-2.32702745961433E-14,0.));
#7799=DIRECTION('center_axis',(1.,-3.36246322883557E-14,0.));
#7800=DIRECTION('ref_axis',(2.32702745961433E-14,-1.,1.23900889548168E-12));
#7801=DIRECTION('',(-1.,-2.32702745961433E-14,0.));
#7802=DIRECTION('center_axis',(-1.,3.36246322883557E-14,0.));
#7803=DIRECTION('ref_axis',(2.32702745961433E-14,-1.,1.23900889548168E-12));
#7804=DIRECTION('center_axis',(-1.,-2.32702745961433E-14,0.));
#7805=DIRECTION('ref_axis',(2.88320772249228E-26,-1.23900889548168E-12,
-1.));
#7806=DIRECTION('',(-1.,-2.32702745961433E-14,0.));
#7807=DIRECTION('center_axis',(1.,-3.36246322883557E-14,0.));
#7808=DIRECTION('ref_axis',(2.88320772249228E-26,-1.23900889548168E-12,
-1.));
#7809=DIRECTION('',(-1.,-2.32702745961433E-14,0.));
#7810=DIRECTION('center_axis',(-4.84409899614422E-29,2.08166817118139E-15,
-1.));
#7811=DIRECTION('ref_axis',(2.32808083640546E-14,-1.,-2.08166817118139E-15));
#7812=DIRECTION('',(3.36246322883557E-14,1.,0.));
#7813=DIRECTION('center_axis',(-2.32702745961433E-14,1.,0.));
#7814=DIRECTION('ref_axis',(0.,0.,-1.));
#7815=DIRECTION('',(0.,0.,1.));
#7816=DIRECTION('center_axis',(2.32702745961433E-14,-1.,1.23900889547975E-12));
#7817=DIRECTION('ref_axis',(-2.88451286570231E-26,1.23900889547975E-12,
1.));
#7818=DIRECTION('',(-4.16612185125084E-26,-1.23900889547975E-12,-1.));
#7819=DIRECTION('center_axis',(-1.,-2.32880381645373E-14,0.));
#7820=DIRECTION('ref_axis',(2.32880381645373E-14,-1.,7.10542735760139E-14));
#7821=DIRECTION('',(-1.,-2.32880381645373E-14,0.));
#7822=DIRECTION('center_axis',(1.,-3.36246322883557E-14,0.));
#7823=DIRECTION('ref_axis',(2.32880381645373E-14,-1.,7.10542735760139E-14));
#7824=DIRECTION('',(-1.,-2.32880381645373E-14,0.));
#7825=DIRECTION('center_axis',(-1.,-2.32880381645373E-14,0.));
#7826=DIRECTION('ref_axis',(1.6547146347916E-27,-7.10542735760102E-14,-1.));
#7827=DIRECTION('',(-1.,-2.32880381645373E-14,0.));
#7828=DIRECTION('center_axis',(1.,-3.36246322883557E-14,0.));
#7829=DIRECTION('ref_axis',(1.6547146347916E-27,-7.10542735760102E-14,-1.));
#7830=DIRECTION('',(-1.,-2.32880381645373E-14,0.));
#7831=DIRECTION('center_axis',(1.58038175081381E-27,-6.78623823805132E-14,
-1.));
#7832=DIRECTION('ref_axis',(2.32808083640546E-14,-1.,6.78623823805132E-14));
#7833=DIRECTION('',(3.36246322883557E-14,1.,0.));
#7834=DIRECTION('center_axis',(-2.32880381645373E-14,1.,1.16943491927002E-12));
#7835=DIRECTION('ref_axis',(-2.7225390249759E-26,1.16943491927002E-12,-1.));
#7836=DIRECTION('',(-3.93218191456174E-26,-1.16943491927002E-12,1.));
#7837=DIRECTION('center_axis',(2.32880381645373E-14,-1.,7.03141248927885E-14));
#7838=DIRECTION('ref_axis',(-1.63696966691521E-27,7.03141248927885E-14,
1.));
#7839=DIRECTION('',(-2.36428659419753E-27,-7.03141248927885E-14,-1.));
#7840=DIRECTION('center_axis',(3.36246322883557E-14,1.,0.));
#7841=DIRECTION('ref_axis',(-0.907532594989278,3.05835578456075E-14,-0.419981653208836));
#7842=DIRECTION('',(3.36246322883557E-14,1.,0.));
#7843=DIRECTION('center_axis',(0.,-1.,0.));
#7844=DIRECTION('ref_axis',(-0.907532594989278,3.05835578456075E-14,-0.419981653208836));
#7845=DIRECTION('center_axis',(0.,1.,0.));
#7846=DIRECTION('ref_axis',(-0.907532594989278,3.05835578456075E-14,-0.419981653208836));
#7847=DIRECTION('',(3.36246322883557E-14,1.,0.));
#7848=DIRECTION('center_axis',(-1.,3.36246322883557E-14,0.));
#7849=DIRECTION('ref_axis',(3.36246322883557E-14,1.,0.));
#7850=DIRECTION('center_axis',(-1.,3.36246322883557E-14,0.));
#7851=DIRECTION('ref_axis',(3.36246322883557E-14,1.,0.));
#7852=DIRECTION('',(0.,0.,-1.));
#7853=DIRECTION('center_axis',(3.36246322883557E-14,1.,0.));
#7854=DIRECTION('ref_axis',(-0.907532594989278,3.05835578456075E-14,-0.419981653208836));
#7855=DIRECTION('',(3.36246322883557E-14,1.,0.));
#7856=DIRECTION('center_axis',(3.65929508927044E-12,-1.,0.));
#7857=DIRECTION('ref_axis',(-0.907532594989278,3.05835578456075E-14,-0.419981653208836));
#7858=DIRECTION('center_axis',(4.80096443079256E-15,1.,0.));
#7859=DIRECTION('ref_axis',(-0.907532594989278,3.05835578456075E-14,-0.419981653208836));
#7860=DIRECTION('',(3.36246322883557E-14,1.,0.));
#7861=DIRECTION('center_axis',(-1.,3.36246322883557E-14,0.));
#7862=DIRECTION('ref_axis',(3.36246322883557E-14,1.,0.));
#7863=DIRECTION('',(0.,0.,1.));
#7864=DIRECTION('',(2.08659769341869E-14,0.507250044586192,0.861798927979901));
#7865=DIRECTION('',(3.26704496288515E-14,0.971622510208546,0.236536884345853));
#7866=DIRECTION('',(0.,0.,-1.));
#7867=DIRECTION('',(3.36246322883557E-14,1.,0.));
#7868=DIRECTION('',(0.,0.,-1.));
#7869=DIRECTION('center_axis',(-1.,-2.33886983854366E-14,0.));
#7870=DIRECTION('ref_axis',(2.33886983854366E-14,-1.,1.23900889548168E-12));
#7871=DIRECTION('',(-1.,-2.33886983854366E-14,0.));
#7872=DIRECTION('',(-1.,-2.33886983854366E-14,0.));
#7873=DIRECTION('center_axis',(-1.,8.79302212104504E-13,0.));
#7874=DIRECTION('ref_axis',(2.33886983854366E-14,-1.,1.23900889548168E-12));
#7875=DIRECTION('center_axis',(-2.33886983854366E-14,1.,0.));
#7876=DIRECTION('ref_axis',(0.,0.,-1.));
#7877=DIRECTION('',(-1.,-2.33886983854366E-14,0.));
#7878=DIRECTION('',(0.,0.,-1.));
#7879=DIRECTION('center_axis',(-4.86875089943249E-29,2.08166817118139E-15,
-1.));
#7880=DIRECTION('ref_axis',(2.32808083640546E-14,-1.,-2.08166817118139E-15));
#7881=DIRECTION('',(-8.79302212104504E-13,-1.,1.32460947326738E-28));
#7882=DIRECTION('',(-1.,-2.33886983854366E-14,0.));
#7883=DIRECTION('center_axis',(-1.,-2.33886983854366E-14,0.));
#7884=DIRECTION('ref_axis',(2.89788053532939E-26,-1.23900889548168E-12,
-1.));
#7885=DIRECTION('center_axis',(-1.,8.79302212104504E-13,0.));
#7886=DIRECTION('ref_axis',(2.89788053532939E-26,-1.23900889548168E-12,
-1.));
#7887=DIRECTION('center_axis',(2.33886983854366E-14,-1.,1.23900889547975E-12));
#7888=DIRECTION('ref_axis',(-2.88451286570231E-26,1.23900889547975E-12,
1.));
#7889=DIRECTION('',(1.0894632626125E-24,1.23900889547975E-12,1.));
#7890=DIRECTION('center_axis',(-1.,-2.32406686488199E-14,0.));
#7891=DIRECTION('ref_axis',(2.32406686488199E-14,-1.,7.10542735760139E-14));
#7892=DIRECTION('',(-1.,-2.32406686488199E-14,0.));
#7893=DIRECTION('',(-1.,-2.32406686488199E-14,0.));
#7894=DIRECTION('center_axis',(-1.,8.79302212104504E-13,0.));
#7895=DIRECTION('ref_axis',(2.32406686488199E-14,-1.,7.10542735760139E-14));
#7896=DIRECTION('center_axis',(-2.32406686488199E-14,1.,1.16943491927002E-12));
#7897=DIRECTION('ref_axis',(-2.7225390249759E-26,1.16943491927002E-12,-1.));
#7898=DIRECTION('',(-1.,-2.32406686488199E-14,0.));
#7899=DIRECTION('',(1.02828671142638E-24,1.16943491927002E-12,-1.));
#7900=DIRECTION('center_axis',(1.57716714262502E-27,-6.78623823805132E-14,
-1.));
#7901=DIRECTION('ref_axis',(2.32808083640546E-14,-1.,6.78623823805132E-14));
#7902=DIRECTION('',(-8.79302212104504E-13,-1.,1.32460947326738E-28));
#7903=DIRECTION('',(-1.,-2.32406686488199E-14,0.));
#7904=DIRECTION('center_axis',(-1.,-2.32406686488199E-14,0.));
#7905=DIRECTION('ref_axis',(1.65134882826266E-27,-7.10542735760102E-14,
-1.));
#7906=DIRECTION('center_axis',(-1.,8.79302212104504E-13,0.));
#7907=DIRECTION('ref_axis',(1.65134882826266E-27,-7.10542735760102E-14,
-1.));
#7908=DIRECTION('center_axis',(1.,-8.79302212104504E-13,0.));
#7909=DIRECTION('ref_axis',(1.65134882826266E-27,-7.10542735760102E-14,
-1.));
#7910=DIRECTION('center_axis',(2.32406686488199E-14,-1.,7.03141248927885E-14));
#7911=DIRECTION('ref_axis',(-1.63696966691521E-27,7.03141248927885E-14,
1.));
#7912=DIRECTION('',(6.18273655604213E-26,7.03141248927885E-14,1.));
#7913=DIRECTION('center_axis',(1.,-8.79302212104504E-13,0.));
#7914=DIRECTION('ref_axis',(-8.79302212104504E-13,-1.,0.));
#7915=DIRECTION('',(-8.79302212104504E-13,-1.,1.32460947326738E-28));
#7916=DIRECTION('',(0.,0.,-1.));
#7917=DIRECTION('center_axis',(1.,-8.79302212104504E-13,0.));
#7918=DIRECTION('ref_axis',(-8.79302212104504E-13,-1.,0.));
#7919=DIRECTION('',(0.,0.,1.));
#7920=DIRECTION('',(-4.50705101778487E-13,-0.507250044587397,0.861798927979192));
#7921=DIRECTION('',(-8.54349822557705E-13,-0.971622510209455,0.236536884342121));
#7922=DIRECTION('',(0.,0.,-1.));
#7923=DIRECTION('',(-8.79302212104504E-13,-1.,0.));
#7924=DIRECTION('',(0.,0.,-1.));
#7925=DIRECTION('',(-8.79302212104504E-13,-1.,1.32460947326738E-28));
#7926=DIRECTION('center_axis',(1.,-8.79302212104504E-13,0.));
#7927=DIRECTION('ref_axis',(-8.79302212104504E-13,-1.,0.));
#7928=DIRECTION('',(-8.79302212104504E-13,-1.,1.32460947326738E-28));
#7929=DIRECTION('',(0.,0.,-1.));
#7930=DIRECTION('',(-8.79302212104504E-13,-1.,0.));
#7931=DIRECTION('',(0.,0.,-1.));
#7932=DIRECTION('',(-8.54349822556807E-13,-0.971622510208433,-0.236536884346317));
#7933=DIRECTION('',(-4.42358711004756E-13,-0.507250044586044,-0.861798927979988));
#7934=DIRECTION('',(0.,0.,-1.));
#7935=DIRECTION('center_axis',(1.,-8.79302212104504E-13,0.));
#7936=DIRECTION('ref_axis',(-8.79302212104504E-13,-1.,0.));
#7937=DIRECTION('',(0.,0.,-1.));
#7938=DIRECTION('',(-8.79302212104504E-13,-1.,1.32460947326738E-28));
#7939=DIRECTION('center_axis',(1.,-8.79302212104504E-13,0.));
#7940=DIRECTION('ref_axis',(-8.79302212104504E-13,-1.,0.));
#7941=DIRECTION('center_axis',(0.,0.,-1.));
#7942=DIRECTION('ref_axis',(1.,0.,0.));
#7943=DIRECTION('center_axis',(0.,0.,1.));
#7944=DIRECTION('ref_axis',(1.,0.,0.));
#7945=DIRECTION('',(0.,0.,1.));
#7946=DIRECTION('center_axis',(0.,0.,1.));
#7947=DIRECTION('ref_axis',(1.,0.,0.));
#7948=DIRECTION('',(1.,3.65929508927044E-12,0.));
#7949=DIRECTION('',(-1.,-2.96778474819806E-12,0.));
#7950=DIRECTION('center_axis',(0.,0.,1.));
#7951=DIRECTION('ref_axis',(1.,0.,0.));
#7952=DIRECTION('center_axis',(0.,0.,-1.));
#7953=DIRECTION('ref_axis',(1.,0.,0.));
#7954=DIRECTION('center_axis',(0.,0.,1.));
#7955=DIRECTION('ref_axis',(1.,0.,0.));
#7956=DIRECTION('',(0.,0.,1.));
#7957=DIRECTION('center_axis',(0.,0.,1.));
#7958=DIRECTION('ref_axis',(1.,0.,0.));
#7959=DIRECTION('center_axis',(0.,0.,1.));
#7960=DIRECTION('ref_axis',(1.,0.,0.));
#7961=DIRECTION('',(-1.,2.5731797645773E-12,0.));
#7962=DIRECTION('',(1.,-3.65929508927083E-12,0.));
#7963=DIRECTION('center_axis',(0.,0.,-1.));
#7964=DIRECTION('ref_axis',(1.,0.,0.));
#7965=DIRECTION('center_axis',(0.,0.,1.));
#7966=DIRECTION('ref_axis',(1.,0.,0.));
#7967=DIRECTION('',(0.,0.,1.));
#7968=DIRECTION('center_axis',(0.,0.,1.));
#7969=DIRECTION('ref_axis',(1.,0.,0.));
#7970=DIRECTION('center_axis',(0.,0.,1.));
#7971=DIRECTION('ref_axis',(1.,0.,0.));
#7972=DIRECTION('',(1.,6.91510341072228E-13,0.));
#7973=DIRECTION('',(3.36246322883557E-14,1.,0.));
#7974=DIRECTION('',(-1.,0.,0.));
#7975=DIRECTION('center_axis',(0.,0.,-1.));
#7976=DIRECTION('ref_axis',(1.,0.,0.));
#7977=DIRECTION('center_axis',(0.,0.,1.));
#7978=DIRECTION('ref_axis',(1.,0.,0.));
#7979=DIRECTION('',(0.,0.,1.));
#7980=DIRECTION('center_axis',(0.,0.,1.));
#7981=DIRECTION('ref_axis',(1.,0.,0.));
#7982=DIRECTION('',(-1.,0.,0.));
#7983=DIRECTION('',(1.,-1.08611532469338E-12,0.));
#7984=DIRECTION('center_axis',(0.,0.,1.));
#7985=DIRECTION('ref_axis',(1.,0.,0.));
#7986=DIRECTION('center_axis',(-0.500000000021869,-0.866025403771813,0.));
#7987=DIRECTION('ref_axis',(-0.866025403771813,0.500000000021869,0.));
#7988=DIRECTION('',(0.,0.,-1.));
#7989=DIRECTION('center_axis',(0.,0.,1.));
#7990=DIRECTION('ref_axis',(-0.866025403790757,-0.499999999989056,0.));
#7991=DIRECTION('',(0.,0.,1.));
#7992=DIRECTION('center_axis',(-1.,3.36246322883557E-14,0.));
#7993=DIRECTION('ref_axis',(3.36246322883557E-14,1.,0.));
#7994=DIRECTION('',(-3.26704496288772E-14,-0.971622510209311,0.236536884342711));
#7995=DIRECTION('center_axis',(0.49999999999838,0.866025403785374,0.));
#7996=DIRECTION('ref_axis',(0.866025403785374,-0.49999999999838,0.));
#7997=DIRECTION('',(0.,0.,-1.));
#7998=DIRECTION('center_axis',(-3.26704496288772E-14,-0.971622510209311,
0.236536884342711));
#7999=DIRECTION('ref_axis',(-0.920082734523076,-0.0926571954523968,-0.380607942328369));
#8000=DIRECTION('center_axis',(0.,0.,1.));
#8001=DIRECTION('ref_axis',(-0.866025403784635,0.49999999999966,0.));
#8002=DIRECTION('',(0.,0.,-1.));
#8003=DIRECTION('center_axis',(-3.26704496288515E-14,-0.971622510208546,
-0.236536884345853));
#8004=DIRECTION('ref_axis',(-0.920082734522406,0.0926571954540582,-0.380607942329584));
#8005=DIRECTION('',(-3.26704496288515E-14,-0.971622510208546,-0.236536884345853));
#8006=DIRECTION('center_axis',(-1.,3.36246322883557E-14,0.));
#8007=DIRECTION('ref_axis',(3.36246322883557E-14,1.,0.));
#8008=DIRECTION('center_axis',(0.,0.,1.));
#8009=DIRECTION('ref_axis',(0.866025403784194,0.500000000000424,0.));
#8010=DIRECTION('center_axis',(0.,0.,1.));
#8011=DIRECTION('ref_axis',(0.866025403791445,-0.499999999987865,0.));
#8012=DIRECTION('',(-0.224249313977715,0.722007614658645,0.654535903946803));
#8013=DIRECTION('',(-0.219216975082333,0.704835140562356,0.674649051332761));
#8014=DIRECTION('',(0.251393774624044,-0.718174881236436,-0.648865170926369));
#8015=DIRECTION('',(0.202085024036229,-0.682674330514917,-0.702223184974896));
#8016=DIRECTION('',(0.202085024034421,0.682674330514554,0.702223184975769));
#8017=DIRECTION('center_axis',(-3.43123678511793E-14,0.707106781186549,
-0.707106781186546));
#8018=DIRECTION('ref_axis',(-1.,0.,4.85250159722725E-14));
#8019=DIRECTION('',(1.,4.85250159722723E-14,0.));
#8020=DIRECTION('',(-0.219216975080897,-0.704835140562195,-0.674649051333397));
#8021=DIRECTION('',(0.251393774623669,0.718174881236759,0.648865170926157));
#8022=DIRECTION('',(-0.224249313977477,-0.722007614658916,-0.654535903946585));
#8023=DIRECTION('center_axis',(-8.54349822556807E-13,-0.971622510208433,
-0.236536884346317));
#8024=DIRECTION('ref_axis',(0.920082734522392,0.0926571954534557,-0.380607942329764));
#8025=DIRECTION('center_axis',(2.5731797645773E-12,1.,0.));
#8026=DIRECTION('ref_axis',(6.95912239307252E-12,1.17696375299738E-17,-1.));
#8027=DIRECTION('center_axis',(0.,0.,-1.));
#8028=DIRECTION('ref_axis',(0.866025403784192,0.500000000000427,0.));
#8029=DIRECTION('center_axis',(-4.85250159722723E-14,1.,0.));
#8030=DIRECTION('ref_axis',(1.,4.85250159722723E-14,0.));
#8031=DIRECTION('center_axis',(4.85250159722723E-14,-1.,0.));
#8032=DIRECTION('ref_axis',(-1.,1.15687105086991E-14,0.));
#8033=DIRECTION('',(1.,4.85250159722723E-14,0.));
#8034=DIRECTION('center_axis',(4.85250159722723E-14,-1.,0.));
#8035=DIRECTION('ref_axis',(0.,0.,-1.));
#8036=DIRECTION('',(1.87793792407699E-14,0.507250044587208,-0.861798927979303));
#8037=DIRECTION('',(0.224249313971285,-0.722007614662183,0.654535903945103));
#8038=DIRECTION('',(0.219216975066846,-0.704835140562458,0.674649051337688));
#8039=DIRECTION('',(-0.25139377461662,0.718174881240483,-0.648865170924766));
#8040=DIRECTION('center_axis',(-7.71064446093918E-15,-0.707106781186549,
-0.707106781186546));
#8041=DIRECTION('ref_axis',(-1.,0.,1.09044979712972E-14));
#8042=DIRECTION('',(-1.,1.09044979712971E-14,0.));
#8043=DIRECTION('',(0.219216975064862,0.704835140562304,-0.674649051338493));
#8044=DIRECTION('',(-0.251393774615957,-0.718174881240951,0.648865170924505));
#8045=DIRECTION('',(0.224249313958641,0.72200761467549,-0.654535903934756));
#8046=DIRECTION('center_axis',(3.26704496288772E-14,0.971622510209311,-0.236536884342711));
#8047=DIRECTION('ref_axis',(-0.920082734523076,-0.0926571954523973,-0.380607942328369));
#8048=DIRECTION('',(3.26704496288772E-14,0.971622510209311,-0.236536884342711));
#8049=DIRECTION('center_axis',(6.91510341072228E-13,-1.,0.));
#8050=DIRECTION('ref_axis',(2.97910361191012E-12,1.03996498704472E-17,-1.));
#8051=DIRECTION('center_axis',(0.,0.,-1.));
#8052=DIRECTION('ref_axis',(-0.866025403790761,-0.49999999998905,0.));
#8053=DIRECTION('',(0.,0.,-1.));
#8054=DIRECTION('center_axis',(0.,0.,-1.));
#8055=DIRECTION('ref_axis',(-0.258819045114722,-0.965925826285799,0.));
#8056=DIRECTION('',(0.,0.,1.));
#8057=DIRECTION('center_axis',(-1.09044979712971E-14,-1.,0.));
#8058=DIRECTION('ref_axis',(-1.,1.09044979712971E-14,0.));
#8059=DIRECTION('',(0.,0.,-1.));
#8060=DIRECTION('center_axis',(1.09044979712971E-14,1.,0.));
#8061=DIRECTION('ref_axis',(0.,0.,-1.));
#8062=DIRECTION('',(-1.,1.09044979712971E-14,0.));
#8063=DIRECTION('center_axis',(1.09044979712971E-14,1.,0.));
#8064=DIRECTION('ref_axis',(-1.,1.15687105086991E-14,0.));
#8065=DIRECTION('center_axis',(0.,0.,-1.));
#8066=DIRECTION('ref_axis',(0.25881904511648,-0.965925826285328,0.));
#8067=DIRECTION('center_axis',(1.15687105086991E-14,1.,0.));
#8068=DIRECTION('ref_axis',(-1.,1.15687105086991E-14,0.));
#8069=DIRECTION('',(1.15687105086991E-14,1.,0.));
#8070=DIRECTION('center_axis',(1.15687105086991E-14,1.,0.));
#8071=DIRECTION('ref_axis',(0.,0.,-1.));
#8072=DIRECTION('',(1.15687105086991E-14,1.,0.));
#8073=DIRECTION('center_axis',(3.65929508927083E-12,1.,0.));
#8074=DIRECTION('ref_axis',(1.,-3.65929508927083E-12,0.));
#8075=DIRECTION('center_axis',(-3.25589405285232E-11,-1.,0.));
#8076=DIRECTION('ref_axis',(-1.,3.25589405285232E-11,0.));
#8077=DIRECTION('center_axis',(1.,-4.80096443081149E-15,0.));
#8078=DIRECTION('ref_axis',(-4.80096443081149E-15,-1.,0.));
#8079=DIRECTION('',(0.,0.,-1.));
#8080=DIRECTION('center_axis',(0.,0.,-1.));
#8081=DIRECTION('ref_axis',(-1.,4.1933123640092E-11,0.));
#8082=DIRECTION('',(0.,0.,-1.));
#8083=DIRECTION('center_axis',(3.25643416135026E-11,1.,0.));
#8084=DIRECTION('ref_axis',(1.,-3.25643416135026E-11,0.));
#8085=DIRECTION('center_axis',(0.,-1.,0.));
#8086=DIRECTION('ref_axis',(-1.,0.,0.));
#8087=DIRECTION('',(0.,0.,-1.));
#8088=DIRECTION('center_axis',(0.,0.,-1.));
#8089=DIRECTION('ref_axis',(-0.998796367451339,0.0490491219698062,0.));
#8090=DIRECTION('center_axis',(-4.80096443079256E-15,-1.,0.));
#8091=DIRECTION('ref_axis',(-1.,4.80096443079256E-15,0.));
#8092=DIRECTION('',(0.,0.,-1.));
#8093=DIRECTION('center_axis',(0.,1.,0.));
#8094=DIRECTION('ref_axis',(1.,0.,0.));
#8095=DIRECTION('center_axis',(0.,0.,-1.));
#8096=DIRECTION('ref_axis',(1.,0.,0.));
#8097=DIRECTION('',(0.,0.,-1.));
#8098=DIRECTION('center_axis',(-1.,0.,0.));
#8099=DIRECTION('ref_axis',(0.,1.,0.));
#8100=DIRECTION('center_axis',(0.,0.,-1.));
#8101=DIRECTION('ref_axis',(-0.866025403784634,0.499999999999662,0.));
#8102=DIRECTION('center_axis',(-1.,3.36246322883557E-14,0.));
#8103=DIRECTION('ref_axis',(3.36246322883557E-14,1.,0.));
#8104=DIRECTION('',(0.,0.,-1.));
#8105=DIRECTION('center_axis',(3.26704496288515E-14,0.971622510208546,0.236536884345853));
#8106=DIRECTION('ref_axis',(-0.920082734522406,0.0926571954540577,-0.380607942329584));
#8107=DIRECTION('center_axis',(-2.96778474819806E-12,1.,0.));
#8108=DIRECTION('ref_axis',(-1.23298779458574E-11,-8.46055220660565E-18,
-1.));
#8109=DIRECTION('center_axis',(0.,0.,-1.));
#8110=DIRECTION('ref_axis',(0.866025403791447,-0.49999999998786,0.));
#8111=DIRECTION('center_axis',(-8.54349822557705E-13,-0.971622510209455,
0.236536884342121));
#8112=DIRECTION('ref_axis',(0.920082734523116,-0.0926571954529366,-0.380607942328141));
#8113=DIRECTION('center_axis',(-1.08611532469338E-12,-1.,0.));
#8114=DIRECTION('ref_axis',(-8.50254266328392E-13,-9.83052196252109E-18,
-1.));
#8115=DIRECTION('center_axis',(1.08611532469338E-12,1.,0.));
#8116=DIRECTION('ref_axis',(1.,-1.08611532469338E-12,0.));
#8117=DIRECTION('',(0.,0.,-1.));
#8118=DIRECTION('center_axis',(-8.79302212104504E-13,-1.,1.32460947326738E-28));
#8119=DIRECTION('ref_axis',(0.907532594989278,-7.9802696938472E-13,-0.419981653208836));
#8120=DIRECTION('center_axis',(0.,1.,0.));
#8121=DIRECTION('ref_axis',(0.907532594989278,-7.9802696938472E-13,-0.419981653208836));
#8122=DIRECTION('center_axis',(-3.25643416135026E-11,-1.,0.));
#8123=DIRECTION('ref_axis',(0.907532594989278,-7.9802696938472E-13,-0.419981653208836));
#8124=DIRECTION('center_axis',(3.25643416135026E-11,1.,0.));
#8125=DIRECTION('ref_axis',(1.,-3.25643416135026E-11,0.));
#8126=DIRECTION('',(0.,0.,-1.));
#8127=DIRECTION('center_axis',(-8.79302212104504E-13,-1.,1.32460947326738E-28));
#8128=DIRECTION('ref_axis',(0.907532594989278,-7.97619188613448E-13,-0.419981653208837));
#8129=DIRECTION('center_axis',(3.25589405285232E-11,1.,0.));
#8130=DIRECTION('ref_axis',(0.907532594989278,-7.97619188613448E-13,-0.419981653208837));
#8131=DIRECTION('center_axis',(-3.65929508927083E-12,-1.,0.));
#8132=DIRECTION('ref_axis',(0.907532594989278,-7.97619188613448E-13,-0.419981653208837));
#8133=DIRECTION('center_axis',(3.65929508927083E-12,1.,0.));
#8134=DIRECTION('ref_axis',(1.,-3.65929508927083E-12,0.));
#8135=DIRECTION('',(0.,0.,-1.));
#8136=DIRECTION('center_axis',(2.96778474819806E-12,-1.,0.));
#8137=DIRECTION('ref_axis',(-1.,-2.96778474819806E-12,0.));
#8138=DIRECTION('',(0.,0.,-1.));
#8139=DIRECTION('center_axis',(-4.80096443079256E-15,-1.,0.));
#8140=DIRECTION('ref_axis',(-1.,4.80096443079256E-15,0.));
#8141=DIRECTION('',(0.,0.,-1.));
#8142=DIRECTION('center_axis',(0.,-1.,0.));
#8143=DIRECTION('ref_axis',(-1.,0.,0.));
#8144=DIRECTION('',(0.,0.,-1.));
#8145=DIRECTION('',(0.,0.,-1.));
#8146=DIRECTION('center_axis',(-6.91510341072228E-13,1.,0.));
#8147=DIRECTION('ref_axis',(1.,6.91510341072228E-13,0.));
#8148=DIRECTION('',(0.,0.,-1.));
#8149=DIRECTION('',(0.,0.,-1.));
#8150=DIRECTION('center_axis',(0.,0.,-1.));
#8151=DIRECTION('ref_axis',(1.,0.,0.));
#8152=DIRECTION('',(0.,0.,-1.));
#8153=DIRECTION('center_axis',(0.,0.,-1.));
#8154=DIRECTION('ref_axis',(-1.,-1.22464679914735E-16,0.));
#8155=DIRECTION('',(0.,0.,-1.));
#8156=DIRECTION('center_axis',(0.,-1.,0.));
#8157=DIRECTION('ref_axis',(-1.,0.,0.));
#8158=DIRECTION('center_axis',(0.,0.,-1.));
#8159=DIRECTION('ref_axis',(-1.,4.1933123640092E-11,0.));
#8160=DIRECTION('',(0.,0.,-1.));
#8161=DIRECTION('center_axis',(1.,-4.80096443081149E-15,0.));
#8162=DIRECTION('ref_axis',(-4.80096443081149E-15,-1.,0.));
#8163=DIRECTION('',(0.,0.,-1.));
#8164=DIRECTION('center_axis',(0.,0.,-1.));
#8165=DIRECTION('ref_axis',(0.,1.,0.));
#8166=DIRECTION('',(0.,0.,-1.));
#8167=DIRECTION('center_axis',(0.,1.,0.));
#8168=DIRECTION('ref_axis',(1.,0.,0.));
#8169=DIRECTION('',(0.,0.,-1.));
#8170=DIRECTION('center_axis',(-1.,3.36246322883557E-14,0.));
#8171=DIRECTION('ref_axis',(3.36246322883557E-14,1.,0.));
#8172=DIRECTION('center_axis',(0.,0.,-1.));
#8173=DIRECTION('ref_axis',(1.,0.,0.));
#8174=DIRECTION('center_axis',(0.,0.,-1.));
#8175=DIRECTION('ref_axis',(-1.,1.15399411082564E-14,0.));
#8176=DIRECTION('center_axis',(-3.25589405285232E-11,-1.,0.));
#8177=DIRECTION('ref_axis',(-1.,3.25589405285232E-11,0.));
#8178=DIRECTION('center_axis',(0.,0.,-1.));
#8179=DIRECTION('ref_axis',(-1.,3.66139307053385E-12,0.));
#8180=DIRECTION('',(0.,0.,-1.));
#8181=DIRECTION('center_axis',(-2.5731797645773E-12,-1.,0.));
#8182=DIRECTION('ref_axis',(-1.,2.5731797645773E-12,0.));
#8183=DIRECTION('center_axis',(-3.65929508927044E-12,1.,0.));
#8184=DIRECTION('ref_axis',(1.,3.65929508927044E-12,0.));
#8185=DIRECTION('center_axis',(0.,0.,-1.));
#8186=DIRECTION('ref_axis',(1.,0.,0.));
#8187=DIRECTION('',(0.,0.,-1.));
#8188=DIRECTION('center_axis',(-1.,0.,0.));
#8189=DIRECTION('ref_axis',(0.,1.,0.));
#8190=DIRECTION('',(0.,0.,-1.));
#8191=DIRECTION('center_axis',(0.,0.,-1.));
#8192=DIRECTION('ref_axis',(0.,-1.,0.));
#8193=CARTESIAN_POINT('',(0.,0.,0.));
#8194=CARTESIAN_POINT('Origin',(43.4999999999985,-58.0381489732565,13.5499999999997));
#8195=CARTESIAN_POINT('',(43.4999999999998,46.4537279602903,13.5499999999997));
#8196=CARTESIAN_POINT('',(44.4999999999998,47.031078229481,14.5499999999997));
#8197=CARTESIAN_POINT('',(28.4724828694676,37.7775868997095,-1.47751713053239));
#8198=CARTESIAN_POINT('',(43.4999999999998,49.9178295754297,13.5499999999997));
#8199=CARTESIAN_POINT('',(43.4999999999985,-58.0381489732565,13.5499999999997));
#8200=CARTESIAN_POINT('',(44.4999999999998,50.4951798446204,14.5499999999997));
#8201=CARTESIAN_POINT('',(27.6153400123232,40.7468168555417,-2.33465998767683));
#8202=CARTESIAN_POINT('',(44.4999999999985,-58.0381489732565,14.5499999999997));
#8203=CARTESIAN_POINT('Origin',(44.4999999999985,-58.0381489732565,14.5499999999997));
#8204=CARTESIAN_POINT('',(51.4999999999998,51.0725301138161,14.5499999999997));
#8205=CARTESIAN_POINT('',(16.0018450215803,30.5776607812519,14.5499999999997));
#8206=CARTESIAN_POINT('',(51.4999999999999,54.5366317289554,14.5499999999997));
#8207=CARTESIAN_POINT('',(14.5018450215782,33.175736992604,14.5499999999997));
#8208=CARTESIAN_POINT('',(51.4999999999985,-58.0381489732566,14.5499999999997));
#8209=CARTESIAN_POINT('Origin',(51.4999999999985,-58.0381489732566,14.5499999999997));
#8210=CARTESIAN_POINT('',(52.4999999999998,51.6498803830068,13.5499999999997));
#8211=CARTESIAN_POINT('',(32.0296257266086,39.8313042858297,34.0203742733909));
#8212=CARTESIAN_POINT('',(52.4999999999999,55.1139819981462,13.5499999999997));
#8213=CARTESIAN_POINT('',(31.1724828694642,42.8005342416619,34.8775171305354));
#8214=CARTESIAN_POINT('',(52.4999999999985,-58.0381489732566,13.5499999999997));
#8215=CARTESIAN_POINT('Origin',(50.4999999999985,-58.0381489732565,3.74308719817617));
#8216=CARTESIAN_POINT('',(52.5,51.6498803830069,3.74308719817617));
#8217=CARTESIAN_POINT('',(51.2365418863855,50.9204225010003,1.88365017326795));
#8218=CARTESIAN_POINT('Origin',(50.4999999999998,50.4951798446253,3.74308719817617));
#8219=CARTESIAN_POINT('',(52.4999999999999,55.1139819981462,3.74308719817617));
#8220=CARTESIAN_POINT('',(52.4999999999985,-58.0381489732566,3.74308719817617));
#8221=CARTESIAN_POINT('',(49.2413592179001,53.2326048654051,2.18879527526223));
#8222=CARTESIAN_POINT('Origin',(50.4999999999998,53.9592814597647,3.74308719817617));
#8223=CARTESIAN_POINT('',(49.2413592179001,49.65837817302,2.18879527526223));
#8224=CARTESIAN_POINT('',(49.2413592178988,-58.0381489732565,2.18879527526223));
#8225=CARTESIAN_POINT('Ctrl Pts',(51.2365418863855,50.9204225010003,1.88365017326795));
#8226=CARTESIAN_POINT('Ctrl Pts',(51.0449118027294,50.8097848206165,1.80774355131004));
#8227=CARTESIAN_POINT('Ctrl Pts',(50.8478729700935,50.6867510773847,1.76483216662758));
#8228=CARTESIAN_POINT('Ctrl Pts',(50.4182400632356,50.4110187403378,1.72976009259836));
#8229=CARTESIAN_POINT('Ctrl Pts',(50.1548276858388,50.2356170940243,1.75544177772831));
#8230=CARTESIAN_POINT('Ctrl Pts',(49.6649498978066,49.9166676408225,1.90878136240228));
#8231=CARTESIAN_POINT('Ctrl Pts',(49.4367680795431,49.7724602413971,2.03055629915891));
#8232=CARTESIAN_POINT('Ctrl Pts',(49.2413592179001,49.65837817302,2.18879527526223));
#8233=CARTESIAN_POINT('Origin',(49.2413592178988,-58.0381489732565,2.18879527526223));
#8234=CARTESIAN_POINT('',(44.4266990223752,46.8451114942563,6.0876302268579));
#8235=CARTESIAN_POINT('Origin',(160.274988221304,105.790895075944,-87.7244646393926));
#8236=CARTESIAN_POINT('',(44.4266990223752,50.4528595054569,6.0876302268579));
#8237=CARTESIAN_POINT('',(23.9788300846953,38.647276869911,22.6459880054553));
#8238=CARTESIAN_POINT('',(44.4266990223739,-58.0381489732565,6.0876302268579));
#8239=CARTESIAN_POINT('Origin',(45.9999999999985,-58.0381489732565,8.0304951305003));
#8240=CARTESIAN_POINT('',(43.4999999999998,46.4440305789644,8.0304951305003));
#8241=CARTESIAN_POINT('Ctrl Pts',(44.4266990223752,46.8451114942563,6.0876302268579));
#8242=CARTESIAN_POINT('Ctrl Pts',(44.4116204301949,46.8362932371836,6.09984063004854));
#8243=CARTESIAN_POINT('Ctrl Pts',(44.3966930893673,46.8276186680188,6.11221924409981));
#8244=CARTESIAN_POINT('Ctrl Pts',(44.1557768835947,46.6885256317636,6.31677073956711));
#8245=CARTESIAN_POINT('Ctrl Pts',(43.9409362757339,46.5800791286305,6.57360492656243));
#8246=CARTESIAN_POINT('Ctrl Pts',(43.6299725285481,46.4526254394715,7.16722344783248));
#8247=CARTESIAN_POINT('Ctrl Pts',(43.5346562043764,46.4320168694937,7.50408524368205));
#8248=CARTESIAN_POINT('Ctrl Pts',(43.5028299101362,46.4386432298734,7.89395734812364));
#8249=CARTESIAN_POINT('Ctrl Pts',(43.4999999999998,46.4408488924659,7.96190694514489));
#8250=CARTESIAN_POINT('Ctrl Pts',(43.4999999999998,46.4440305789644,8.0304951305003));
#8251=CARTESIAN_POINT('',(43.4999999999998,49.9178295754297,8.0304951305003));
#8252=CARTESIAN_POINT('Origin',(45.9999999999998,51.3612052484065,8.0304951305003));
#8253=CARTESIAN_POINT('',(43.4999999999985,-58.0381489732565,8.0304951305003));
#8254=CARTESIAN_POINT('Origin',(43.4999999999985,-58.0381489732565,8.0304951305003));
#8255=CARTESIAN_POINT('',(43.4999999999998,46.4537279602903,8.45241215227454));
#8256=CARTESIAN_POINT('',(43.4999999999998,46.4537279602903,12.89024756525));
#8257=CARTESIAN_POINT('Origin',(43.4999999999997,38.3708241916317,11.4241102654863));
#8258=CARTESIAN_POINT('',(43.4999999999998,49.9178295754297,12.89024756525));
#8259=CARTESIAN_POINT('Origin',(117.999999999999,-58.0381489732574,8.0304951305003));
#8260=CARTESIAN_POINT('',(119.573300977624,50.452859505072,6.0876302268579));
#8261=CARTESIAN_POINT('',(120.5,49.9178295750482,8.0304951305003));
#8262=CARTESIAN_POINT('Origin',(118.,51.361205248016,8.0304951305003));
#8263=CARTESIAN_POINT('',(119.573300977624,46.8451114938823,6.0876302268579));
#8264=CARTESIAN_POINT('',(119.573300977623,-58.0381489732574,6.0876302268579));
#8265=CARTESIAN_POINT('',(120.5,46.4440305785894,8.03049513050029));
#8266=CARTESIAN_POINT('Ctrl Pts',(120.5,46.4440305785894,8.03049513050029));
#8267=CARTESIAN_POINT('Ctrl Pts',(120.5,46.4418132810336,7.9826964501987));
#8268=CARTESIAN_POINT('Ctrl Pts',(120.498627284135,46.4400719466795,7.93526587304374));
#8269=CARTESIAN_POINT('Ctrl Pts',(120.476942200291,46.4300421454914,7.55445531422466));
#8270=CARTESIAN_POINT('Ctrl Pts',(120.384959235931,46.4476260233622,7.20510916096202));
#8271=CARTESIAN_POINT('Ctrl Pts',(120.071827793525,46.5738212168807,6.58937511634574));
#8272=CARTESIAN_POINT('Ctrl Pts',(119.851506835936,46.6843203739588,6.3229550297348));
#8273=CARTESIAN_POINT('Ctrl Pts',(119.603305907706,46.8276192466846,6.11221839255865));
#8274=CARTESIAN_POINT('Ctrl Pts',(119.588378586818,46.8362938116795,6.09983983404168));
#8275=CARTESIAN_POINT('Ctrl Pts',(119.573300977624,46.8451114938823,6.08763022685789));
#8276=CARTESIAN_POINT('',(120.499999999999,-58.0381489732574,8.0304951305003));
#8277=CARTESIAN_POINT('Origin',(119.573300977623,-58.0381489732574,6.0876302268579));
#8278=CARTESIAN_POINT('',(114.7586407821,53.2326048650029,2.18879527526223));
#8279=CARTESIAN_POINT('',(133.289124808009,42.5340249244763,17.194485366819));
#8280=CARTESIAN_POINT('',(114.7586407821,49.6583781726282,2.18879527526222));
#8281=CARTESIAN_POINT('',(114.758640782098,-58.0381489732573,2.18879527526223));
#8282=CARTESIAN_POINT('Origin',(3.7250117809563,105.790895073857,-87.7244646375635));
#8283=CARTESIAN_POINT('Origin',(113.499999999999,-58.0381489732573,3.74308719817617));
#8284=CARTESIAN_POINT('',(111.5,55.1139819977323,3.74308719817617));
#8285=CARTESIAN_POINT('Origin',(113.5,53.959281459358,3.74308719817617));
#8286=CARTESIAN_POINT('',(111.5,51.6498803825982,3.74308719817617));
#8287=CARTESIAN_POINT('',(111.499999999999,-58.0381489732573,3.74308719817617));
#8288=CARTESIAN_POINT('',(112.763458113638,50.9204225005829,1.88365017325871));
#8289=CARTESIAN_POINT('Origin',(113.5,50.4951798442241,3.74308719817617));
#8290=CARTESIAN_POINT('Ctrl Pts',(114.7586407821,49.6583781726282,2.18879527526222));
#8291=CARTESIAN_POINT('Ctrl Pts',(114.563231920457,49.7724602410044,2.03055629915921));
#8292=CARTESIAN_POINT('Ctrl Pts',(114.335050102194,49.9166676404285,1.90878136240261));
#8293=CARTESIAN_POINT('Ctrl Pts',(113.845172314162,50.2356170936274,1.75544177772846));
#8294=CARTESIAN_POINT('Ctrl Pts',(113.581759936765,50.4110187399392,1.72976009259836));
#8295=CARTESIAN_POINT('Ctrl Pts',(113.152127029914,50.6867510769786,1.76483216662689));
#8296=CARTESIAN_POINT('Ctrl Pts',(112.955088197286,50.8097848202039,1.80774355130644));
#8297=CARTESIAN_POINT('Ctrl Pts',(112.763458113638,50.9204225005829,1.88365017325871));
#8298=CARTESIAN_POINT('Origin',(120.499999999999,-58.0381489732574,13.5499999999997));
#8299=CARTESIAN_POINT('',(120.5,49.9178295750482,13.5499999999997));
#8300=CARTESIAN_POINT('',(120.5,49.9178295750482,15.6499999999997));
#8301=CARTESIAN_POINT('',(120.5,46.4537279599142,8.45241215224887));
#8302=CARTESIAN_POINT('Origin',(120.5,38.3708241912682,11.4241102654482));
#8303=CARTESIAN_POINT('',(120.5,46.4537279599141,13.5499999999997));
#8304=CARTESIAN_POINT('',(120.5,46.4537279599141,15.6499999999997));
#8305=CARTESIAN_POINT('',(120.499999999999,-58.0381489732574,13.5499999999997));
#8306=CARTESIAN_POINT('Origin',(119.499999999999,-58.0381489732574,14.5499999999997));
#8307=CARTESIAN_POINT('',(119.5,50.4951798442353,14.5499999999997));
#8308=CARTESIAN_POINT('',(128.50900119605,45.2938305785887,5.54099880394971));
#8309=CARTESIAN_POINT('',(119.5,47.0310782291013,14.5499999999997));
#8310=CARTESIAN_POINT('',(127.651858338911,42.3246006227559,6.39814166108897));
#8311=CARTESIAN_POINT('',(119.499999999999,-58.0381489732574,14.5499999999997));
#8312=CARTESIAN_POINT('Origin',(112.499999999999,-58.0381489732573,14.5499999999997));
#8313=CARTESIAN_POINT('',(112.5,54.5366317285452,14.5499999999997));
#8314=CARTESIAN_POINT('',(133.840752093099,42.2155427629387,14.5499999999997));
#8315=CARTESIAN_POINT('',(112.5,51.0725301134112,14.5499999999997));
#8316=CARTESIAN_POINT('',(132.340752093104,39.6174665515825,14.5499999999997));
#8317=CARTESIAN_POINT('',(112.499999999999,-58.0381489732573,14.5499999999997));
#8318=CARTESIAN_POINT('Origin',(111.499999999999,-58.0381489732573,13.5499999999997));
#8319=CARTESIAN_POINT('',(111.5,55.1139819977323,13.5499999999997));
#8320=CARTESIAN_POINT('',(124.951858338903,47.3475479646997,27.0018583389025));
#8321=CARTESIAN_POINT('',(111.5,51.6498803825982,13.55));
#8322=CARTESIAN_POINT('',(124.094715481763,44.3783180088669,26.1447154817632));
#8323=CARTESIAN_POINT('',(111.499999999999,-58.0381489732573,13.5499999999997));
#8324=CARTESIAN_POINT('Origin',(32.9999999999895,40.3915501337819,17.7499999999997));
#8325=CARTESIAN_POINT('',(52.5,51.6498803830069,0.810902718312227));
#8326=CARTESIAN_POINT('',(33.4190963302599,40.6335155128804,17.0116699850723));
#8327=CARTESIAN_POINT('',(52.5,51.6498803830069,17.7499999999997));
#8328=CARTESIAN_POINT('Origin',(32.9999999999895,40.3915501337819,17.7499999999997));
#8329=CARTESIAN_POINT('',(52.5,51.6498803830069,17.7499999999997));
#8330=CARTESIAN_POINT('',(52.5,51.6498803830069,17.7499999999997));
#8331=CARTESIAN_POINT('',(34.9999999999866,41.5462506721616,17.7499999999997));
#8332=CARTESIAN_POINT('',(42.629972871375,45.9514175633756,17.7499999999997));
#8333=CARTESIAN_POINT('',(34.9999999999866,41.5462506721616,15.669393284361));
#8334=CARTESIAN_POINT('',(34.9999999999866,41.5462506721616,17.7499999999997));
#8335=CARTESIAN_POINT('',(33.4190963302599,40.6335155128804,17.0116699850723));
#8336=CARTESIAN_POINT('Origin',(113.237077091371,42.5640746876506,5.25747760717513));
#8337=CARTESIAN_POINT('',(111.5,51.6498803825982,0.810902718283004));
#8338=CARTESIAN_POINT('',(116.737077091359,48.6262525141482,5.25747760717513));
#8339=CARTESIAN_POINT('',(111.5,47.9777860021303,-5.12000138601336));
#8340=CARTESIAN_POINT('Origin',(111.500000000001,43.5669766139519,3.78260083148277));
#8341=CARTESIAN_POINT('',(111.46089679346,47.5842332542057,-5.27266568501612));
#8342=CARTESIAN_POINT('Ctrl Pts',(111.5,47.9777860021251,-5.12000138601508));
#8343=CARTESIAN_POINT('Ctrl Pts',(111.5,47.8829690816672,-5.1515140934657));
#8344=CARTESIAN_POINT('Ctrl Pts',(111.49322409559,47.7885086461771,-5.18687932781976));
#8345=CARTESIAN_POINT('Ctrl Pts',(111.4746814323,47.6583051391184,-5.24047747783778));
#8346=CARTESIAN_POINT('Ctrl Pts',(111.468292862007,47.6210845458673,-5.25637519133494));
#8347=CARTESIAN_POINT('Ctrl Pts',(111.46089679346,47.5842332542057,-5.27266568501612));
#8348=CARTESIAN_POINT('',(128.272417906983,37.8780970146798,9.001267336104));
#8349=CARTESIAN_POINT('',(118.088808428496,43.7576066883805,0.354806458139632));
#8350=CARTESIAN_POINT('',(129.500000000057,40.4436631700919,12.5934027113882));
#8351=CARTESIAN_POINT('Ctrl Pts',(129.500000000057,40.4436631700919,12.5934027113882));
#8352=CARTESIAN_POINT('Ctrl Pts',(129.500000000057,40.4267217484055,12.5621822807297));
#8353=CARTESIAN_POINT('Ctrl Pts',(129.499740039063,40.4097768752184,12.5311428592428));
#8354=CARTESIAN_POINT('Ctrl Pts',(129.488852641736,40.0476206265479,11.8716748010349));
#8355=CARTESIAN_POINT('Ctrl Pts',(129.367809581244,39.6422512853496,11.2143412957357));
#8356=CARTESIAN_POINT('Ctrl Pts',(128.932415581002,38.7769469019512,10.0039324833773));
#8357=CARTESIAN_POINT('Ctrl Pts',(128.618973733335,38.3164445197969,9.45093599030476));
#8358=CARTESIAN_POINT('Ctrl Pts',(128.272417906983,37.8780970146798,9.00126733610399));
#8359=CARTESIAN_POINT('',(129.500000000057,40.6802252680054,13.081353702528));
#8360=CARTESIAN_POINT('Origin',(129.50000000005,33.1746717685549,19.0656196994571));
#8361=CARTESIAN_POINT('',(129.000000000055,41.5462506717916,15.6693932843749));
#8362=CARTESIAN_POINT('Ctrl Pts',(129.000000000055,41.5462506717916,15.6693932843749));
#8363=CARTESIAN_POINT('Ctrl Pts',(129.203595091698,41.4287049908262,15.0702150809727));
#8364=CARTESIAN_POINT('Ctrl Pts',(129.38053558535,41.2225602809137,14.4211934613601));
#8365=CARTESIAN_POINT('Ctrl Pts',(129.485057393004,40.8777551522907,13.5462189587131));
#8366=CARTESIAN_POINT('Ctrl Pts',(129.500000000057,40.779617566906,13.312112567839));
#8367=CARTESIAN_POINT('Ctrl Pts',(129.500000000057,40.6802252680054,13.081353702528));
#8368=CARTESIAN_POINT('',(116.737077091359,48.6262525141482,5.25747760717513));
#8369=CARTESIAN_POINT('Origin',(104.935194229697,55.4400727612437,17.7499999999997));
#8370=CARTESIAN_POINT('',(111.5,51.6498803825982,17.7499999999997));
#8371=CARTESIAN_POINT('Origin',(111.5,51.8230854637508,17.7499999999997));
#8372=CARTESIAN_POINT('',(111.5,51.6498803825982,17.7499999999997));
#8373=CARTESIAN_POINT('',(111.5,51.6498803825982,17.7499999999997));
#8374=CARTESIAN_POINT('',(111.5,47.9777860021303,17.7499999999997));
#8375=CARTESIAN_POINT('',(111.5,51.8230854637508,17.7499999999997));
#8376=CARTESIAN_POINT('',(111.5,47.9777860021303,17.7499999999997));
#8377=CARTESIAN_POINT('',(111.5,55.1139819977323,10.7465435990879));
#8378=CARTESIAN_POINT('Origin',(49.2413592178988,-58.0381489732565,2.18879527526223));
#8379=CARTESIAN_POINT('',(49.2413592178989,-53.2326048655685,2.18879527526223));
#8380=CARTESIAN_POINT('',(44.426699022374,-50.4528595054636,6.0876302268579));
#8381=CARTESIAN_POINT('',(49.5609023111213,-53.417093156469,1.93003438045291));
#8382=CARTESIAN_POINT('',(49.2413592178989,-49.6583781731503,2.18879527526223));
#8383=CARTESIAN_POINT('',(49.2413592178988,-58.0381489732565,2.18879527526223));
#8384=CARTESIAN_POINT('',(44.426699022374,-46.8451114942318,6.0876302268579));
#8385=CARTESIAN_POINT('Origin',(160.274988221543,-105.790895079701,-87.7244646395881));
#8386=CARTESIAN_POINT('',(44.4266990223739,-58.0381489732565,6.0876302268579));
#8387=CARTESIAN_POINT('Origin',(51.4999999999985,-58.0381489732566,14.5499999999997));
#8388=CARTESIAN_POINT('',(51.4999999999986,-54.5366317291925,14.5499999999997));
#8389=CARTESIAN_POINT('',(52.4999999999985,-55.1139819984158,13.5499999999997));
#8390=CARTESIAN_POINT('',(52.9802877750549,-55.3912762746492,13.0697122249434));
#8391=CARTESIAN_POINT('',(51.4999999999986,-51.0725301140043,14.5499999999997));
#8392=CARTESIAN_POINT('',(51.4999999999985,-58.0381489732566,14.5499999999997));
#8393=CARTESIAN_POINT('',(52.4999999999986,-51.6498803832275,13.5499999999997));
#8394=CARTESIAN_POINT('',(53.837430632246,-52.422046318823,12.2125693677523));
#8395=CARTESIAN_POINT('',(52.4999999999985,-58.0381489732566,13.5499999999997));
#8396=CARTESIAN_POINT('Origin',(50.4999999999985,-58.0381489732565,3.74308719817617));
#8397=CARTESIAN_POINT('',(52.4999999999985,-55.1139819984158,3.74308719817617));
#8398=CARTESIAN_POINT('Origin',(50.4999999999985,-53.9592814599692,3.74308719817617));
#8399=CARTESIAN_POINT('',(52.5,-51.6498803832284,3.74308719817617));
#8400=CARTESIAN_POINT('',(52.4999999999985,-58.0381489732566,3.74308719817617));
#8401=CARTESIAN_POINT('',(51.2365418862927,-50.9204225011271,1.88365017323171));
#8402=CARTESIAN_POINT('Origin',(50.4999999999986,-50.495179844781,3.74308719817617));
#8403=CARTESIAN_POINT('Ctrl Pts',(49.2413592178989,-49.6583781731503,2.18879527526223));
#8404=CARTESIAN_POINT('Ctrl Pts',(49.4367680795421,-49.7724602415339,2.03055629915873));
#8405=CARTESIAN_POINT('Ctrl Pts',(49.6649498978056,-49.916667640966,1.9087813624022));
#8406=CARTESIAN_POINT('Ctrl Pts',(50.1548276858376,-50.2356170941809,1.75544177772833));
#8407=CARTESIAN_POINT('Ctrl Pts',(50.4182400632342,-50.4110187405006,1.72976009259835));
#8408=CARTESIAN_POINT('Ctrl Pts',(50.8478729700625,-50.6867510775379,1.76483216662515));
#8409=CARTESIAN_POINT('Ctrl Pts',(51.0449118026652,-50.8097848207535,1.807743551296));
#8410=CARTESIAN_POINT('Ctrl Pts',(51.2365418862927,-50.9204225011271,1.88365017323171));
#8411=CARTESIAN_POINT('Origin',(45.9999999999985,-58.0381489732565,8.0304951305003));
#8412=CARTESIAN_POINT('',(43.4999999999986,-49.9178295754062,8.0304951305003));
#8413=CARTESIAN_POINT('Origin',(45.9999999999986,-51.3612052484644,8.0304951305003));
#8414=CARTESIAN_POINT('',(43.4999999999986,-46.444030578897,8.0304951305003));
#8415=CARTESIAN_POINT('Ctrl Pts',(43.4999999999986,-46.444030578897,8.0304951305003));
#8416=CARTESIAN_POINT('Ctrl Pts',(43.4999999999986,-46.4405960951492,7.95645734957263));
#8417=CARTESIAN_POINT('Ctrl Pts',(43.503298650172,-46.4382978972781,7.88313092868998));
#8418=CARTESIAN_POINT('Ctrl Pts',(43.537855627845,-46.4326196023088,7.49093789739106));
#8419=CARTESIAN_POINT('Ctrl Pts',(43.63397546817,-46.4539944846294,7.15734563872831));
#8420=CARTESIAN_POINT('Ctrl Pts',(43.9442868283012,-46.5817305583284,6.56949902243189));
#8421=CARTESIAN_POINT('Ctrl Pts',(44.1576782309109,-46.6896233751158,6.31515638807128));
#8422=CARTESIAN_POINT('Ctrl Pts',(44.3819229451587,-46.8190911212587,6.12475993257782));
#8423=CARTESIAN_POINT('Ctrl Pts',(44.3966940922927,-46.8276192470332,6.11221839255839));
#8424=CARTESIAN_POINT('Ctrl Pts',(44.4116214131805,-46.8362938120286,6.09983983404157));
#8425=CARTESIAN_POINT('Ctrl Pts',(44.426699022374,-46.8451114942318,6.0876302268579));
#8426=CARTESIAN_POINT('',(43.4999999999985,-58.0381489732565,8.0304951305003));
#8427=CARTESIAN_POINT('Origin',(44.4999999999985,-58.0381489732565,14.5499999999997));
#8428=CARTESIAN_POINT('',(44.4999999999986,-50.4951798446294,14.5499999999997));
#8429=CARTESIAN_POINT('',(52.6655036063563,-55.2095355501039,14.5499999999997));
#8430=CARTESIAN_POINT('',(44.4999999999986,-47.0310782294412,14.5499999999997));
#8431=CARTESIAN_POINT('',(44.4999999999985,-58.0381489732565,14.5499999999997));
#8432=CARTESIAN_POINT('',(54.1655036064219,-52.6114593387884,14.5499999999997));
#8433=CARTESIAN_POINT('Origin',(43.4999999999985,-58.0381489732565,13.5499999999997));
#8434=CARTESIAN_POINT('',(43.4999999999986,-49.9178295754062,13.5499999999997));
#8435=CARTESIAN_POINT('',(49.4231449179713,-53.3375588884463,19.4731449179725));
#8436=CARTESIAN_POINT('',(43.4999999999986,-46.4537279602179,13.5499999999997));
#8437=CARTESIAN_POINT('',(43.4999999999985,-58.0381489732565,13.5499999999997));
#8438=CARTESIAN_POINT('',(50.2802877751623,-50.3683289326201,20.3302877751635));
#8439=CARTESIAN_POINT('Origin',(43.4999999999985,-58.0381489732565,8.0304951305003));
#8440=CARTESIAN_POINT('',(43.4999999999986,-49.9178295754062,12.89024756525));
#8441=CARTESIAN_POINT('',(43.4999999999986,-46.4537279602179,8.45241215216076));
#8442=CARTESIAN_POINT('Origin',(43.4999999999987,-38.3708241914454,11.4241102654983));
#8443=CARTESIAN_POINT('',(43.4999999999986,-46.4537279602179,12.89024756525));
#8444=CARTESIAN_POINT('Origin',(117.999999999999,-58.0381489732574,8.0304951305003));
#8445=CARTESIAN_POINT('',(120.499999999999,-49.9178295753527,8.0304951305003));
#8446=CARTESIAN_POINT('',(119.573300977623,-50.4528595054147,6.0876302268579));
#8447=CARTESIAN_POINT('Origin',(117.999999999999,-51.3612052484232,8.0304951305003));
#8448=CARTESIAN_POINT('',(120.499999999999,-46.4440305788359,8.0304951305003));
#8449=CARTESIAN_POINT('',(120.499999999999,-58.0381489732574,8.0304951305003));
#8450=CARTESIAN_POINT('',(119.573300977623,-46.8451114941735,6.0876302268579));
#8451=CARTESIAN_POINT('Ctrl Pts',(119.573300977623,-46.8451114941735,6.0876302268579));
#8452=CARTESIAN_POINT('Ctrl Pts',(119.588374935797,-46.8362959471585,6.09983687750371));
#8453=CARTESIAN_POINT('Ctrl Pts',(119.603302186016,-46.8276213956928,6.11221523263397));
#8454=CARTESIAN_POINT('Ctrl Pts',(119.618077054838,-46.8190911212004,6.1247599325774));
#8455=CARTESIAN_POINT('Ctrl Pts',(119.842321769086,-46.6896233750565,6.31515638807062));
#8456=CARTESIAN_POINT('Ctrl Pts',(120.055713171696,-46.5817305582682,6.56949902243101));
#8457=CARTESIAN_POINT('Ctrl Pts',(120.366024531827,-46.4539944845681,7.15734563872727));
#8458=CARTESIAN_POINT('Ctrl Pts',(120.462144372152,-46.4326196022473,7.49093789739008));
#8459=CARTESIAN_POINT('Ctrl Pts',(120.496701349836,-46.4382978972185,7.88313092880672));
#8460=CARTESIAN_POINT('Ctrl Pts',(120.499999999999,-46.4405960950919,7.95645734965662));
#8461=CARTESIAN_POINT('Ctrl Pts',(120.499999999999,-46.4440305788359,8.0304951305003));
#8462=CARTESIAN_POINT('',(119.573300977623,-58.0381489732574,6.0876302268579));
#8463=CARTESIAN_POINT('Origin',(120.499999999999,-58.0381489732574,13.5499999999997));
#8464=CARTESIAN_POINT('',(120.499999999999,-49.9178295753527,13.5499999999997));
#8465=CARTESIAN_POINT('',(120.499999999999,-49.9178295753527,15.6499999999997));
#8466=CARTESIAN_POINT('',(120.499999999999,-46.4537279601571,13.5499999999997));
#8467=CARTESIAN_POINT('',(120.499999999999,-58.0381489732574,13.5499999999997));
#8468=CARTESIAN_POINT('',(120.499999999999,-46.4537279601571,8.45241215216763));
#8469=CARTESIAN_POINT('',(120.499999999999,-46.4537279601571,15.6499999999997));
#8470=CARTESIAN_POINT('Origin',(120.499999999999,-38.3708241913674,11.4241102655226));
#8471=CARTESIAN_POINT('Origin',(119.499999999999,-58.0381489732574,14.5499999999997));
#8472=CARTESIAN_POINT('',(119.499999999999,-50.4951798445809,14.5499999999997));
#8473=CARTESIAN_POINT('',(121.595371016388,-49.2854168241356,12.4546289836104));
#8474=CARTESIAN_POINT('',(119.499999999999,-47.0310782293853,14.5499999999997));
#8475=CARTESIAN_POINT('',(119.499999999999,-58.0381489732574,14.5499999999997));
#8476=CARTESIAN_POINT('',(120.73822815919,-46.3161868683103,13.3117718408085));
#8477=CARTESIAN_POINT('Origin',(112.499999999999,-58.0381489732573,14.5499999999997));
#8478=CARTESIAN_POINT('',(112.499999999999,-54.5366317291782,14.5499999999997));
#8479=CARTESIAN_POINT('',(121.741899278675,-49.2008186924546,14.5499999999997));
#8480=CARTESIAN_POINT('',(112.499999999999,-51.0725301139826,14.5499999999997));
#8481=CARTESIAN_POINT('',(112.499999999999,-58.0381489732573,14.5499999999997));
#8482=CARTESIAN_POINT('',(120.2418992786,-46.6027424811447,14.5499999999997));
#8483=CARTESIAN_POINT('Origin',(119.573300977623,-58.0381489732574,6.0876302268579));
#8484=CARTESIAN_POINT('',(114.758640782098,-53.2326048655432,2.18879527526223));
#8485=CARTESIAN_POINT('',(125.178955656641,-47.2164332672835,10.6269998815314));
#8486=CARTESIAN_POINT('',(114.758640782098,-49.6583781731156,2.18879527526222));
#8487=CARTESIAN_POINT('Origin',(3.72501177653273,-105.790895081303,-87.7244646411435));
#8488=CARTESIAN_POINT('',(114.758640782098,-58.0381489732573,2.18879527526223));
#8489=CARTESIAN_POINT('Origin',(111.499999999999,-58.0381489732573,13.5499999999997));
#8490=CARTESIAN_POINT('',(111.499999999999,-55.1139819984064,13.5499999999997));
#8491=CARTESIAN_POINT('',(118.038228159313,-51.339134210351,20.0882281593141));
#8492=CARTESIAN_POINT('',(111.5,-51.64988038321,13.550000000001));
#8493=CARTESIAN_POINT('',(111.499999999999,-58.0381489732573,13.5499999999997));
#8494=CARTESIAN_POINT('',(117.181085302115,-48.3699042545257,19.231085302116));
#8495=CARTESIAN_POINT('Origin',(113.499999999999,-58.0381489732573,3.74308719817617));
#8496=CARTESIAN_POINT('',(111.499999999999,-55.1139819984064,3.74308719817617));
#8497=CARTESIAN_POINT('Origin',(113.499999999999,-53.95928145995,3.74308719817617));
#8498=CARTESIAN_POINT('',(112.763458113696,-50.9204225011089,1.88365017323496));
#8499=CARTESIAN_POINT('Ctrl Pts',(112.763458113696,-50.9204225011089,1.88365017323496));
#8500=CARTESIAN_POINT('Ctrl Pts',(112.942607550425,-50.8169905255812,1.8126872622632));
#8501=CARTESIAN_POINT('Ctrl Pts',(113.12606521248,-50.7029728308108,1.77068485504278));
#8502=CARTESIAN_POINT('Ctrl Pts',(113.549776046788,-50.4321554232976,1.72787692733951));
#8503=CARTESIAN_POINT('Ctrl Pts',(113.820088280992,-50.2521512427667,1.75041850835218));
#8504=CARTESIAN_POINT('Ctrl Pts',(114.323289844142,-49.9241472001488,1.90262117466122));
#8505=CARTESIAN_POINT('Ctrl Pts',(114.557926694911,-49.7755574966512,2.02626021222078));
#8506=CARTESIAN_POINT('Ctrl Pts',(114.758640782098,-49.6583781731156,2.18879527526224));
#8507=CARTESIAN_POINT('',(111.499999999999,-51.6498803832108,3.74308719817617));
#8508=CARTESIAN_POINT('Origin',(113.499999999999,-50.4951798447544,3.74308719817617));
#8509=CARTESIAN_POINT('',(111.499999999999,-58.0381489732573,3.74308719817617));
#8510=CARTESIAN_POINT('Origin',(48.8977895404603,-41.4872394358415,6.84108141038931));
#8511=CARTESIAN_POINT('',(52.5,-51.6498803832283,0.810902718197224));
#8512=CARTESIAN_POINT('',(45.3977895403072,-47.5494172622442,6.84108141038931));
#8513=CARTESIAN_POINT('',(52.5,-47.5616570088665,-5.23946484902461));
#8514=CARTESIAN_POINT('Origin',(52.5,-43.5669766144558,3.78260083153477));
#8515=CARTESIAN_POINT('',(35.727582093045,-37.8780970147605,9.00126733612612));
#8516=CARTESIAN_POINT('',(44.0460582033159,-42.6807714365529,1.93841026136772));
#8517=CARTESIAN_POINT('',(34.4999999999846,-40.4436631701249,12.5934027113746));
#8518=CARTESIAN_POINT('Ctrl Pts',(34.4999999999846,-40.4436631701249,12.5934027113746));
#8519=CARTESIAN_POINT('Ctrl Pts',(34.4999999999846,-40.4267217484421,12.5621822807225));
#8520=CARTESIAN_POINT('Ctrl Pts',(34.500259960978,-40.4097768752585,12.5311428592418));
#8521=CARTESIAN_POINT('Ctrl Pts',(34.5111473583028,-40.0476206265961,11.8716748010442));
#8522=CARTESIAN_POINT('Ctrl Pts',(34.6321904187918,-39.6422512854037,11.2143412957483));
#8523=CARTESIAN_POINT('Ctrl Pts',(35.0675844190289,-38.7769469020184,10.0039324833953));
#8524=CARTESIAN_POINT('Ctrl Pts',(35.3810262666937,-38.316444519871,9.45093599032499));
#8525=CARTESIAN_POINT('Ctrl Pts',(35.727582093045,-37.8780970147605,9.00126733612612));
#8526=CARTESIAN_POINT('',(34.4999999999846,-40.6802252680273,13.0813537024929));
#8527=CARTESIAN_POINT('Origin',(34.4999999999848,-33.1746717684277,19.0656196994725));
#8528=CARTESIAN_POINT('',(34.9999999999627,-41.5462506717992,15.6693932842669));
#8529=CARTESIAN_POINT('Ctrl Pts',(34.9999999999627,-41.5462506717992,15.6693932842669));
#8530=CARTESIAN_POINT('Ctrl Pts',(34.7964049083228,-41.4287049908283,15.0702150808667));
#8531=CARTESIAN_POINT('Ctrl Pts',(34.6194644146769,-41.2225602809112,14.4211934612562));
#8532=CARTESIAN_POINT('Ctrl Pts',(34.5149426070348,-40.877755152294,13.546218958634));
#8533=CARTESIAN_POINT('Ctrl Pts',(34.4999999999846,-40.7796175669185,13.3121125677823));
#8534=CARTESIAN_POINT('Ctrl Pts',(34.4999999999846,-40.6802252680273,13.0813537024929));
#8535=CARTESIAN_POINT('',(45.3977895403072,-47.5494172622442,6.84108141038931));
#8536=CARTESIAN_POINT('Origin',(59.0648057700081,-55.4400727619412,17.7499999999997));
#8537=CARTESIAN_POINT('',(52.5,-51.6498803832284,17.7499999999997));
#8538=CARTESIAN_POINT('Origin',(130.999999999908,-40.3915501333136,17.7499999999997));
#8539=CARTESIAN_POINT('',(111.5,-51.64988038321,0.810902718210273));
#8540=CARTESIAN_POINT('',(132.446037038072,-39.5566802600158,18.5952737882624));
#8541=CARTESIAN_POINT('',(111.5,-51.64988038321,17.7499999999997));
#8542=CARTESIAN_POINT('Origin',(130.999999999908,-40.3915501333136,17.7499999999997));
#8543=CARTESIAN_POINT('',(111.5,-51.64988038321,17.7499999999997));
#8544=CARTESIAN_POINT('',(111.5,-51.64988038321,17.7499999999997));
#8545=CARTESIAN_POINT('',(129.00000000001,-41.546250671711,17.7499999999997));
#8546=CARTESIAN_POINT('',(121.370027129198,-45.9514175628783,17.7499999999997));
#8547=CARTESIAN_POINT('',(129.00000000001,-41.5462506717109,15.6693932842492));
#8548=CARTESIAN_POINT('',(129.00000000001,-41.5462506717109,17.7499999999997));
#8549=CARTESIAN_POINT('',(132.446037038072,-39.5566802600158,18.5952737882624));
#8550=CARTESIAN_POINT('Origin',(111.5,-43.0381489733037,17.7499999999997));
#8551=CARTESIAN_POINT('',(111.5,-44.0206351981053,17.7499999999997));
#8552=CARTESIAN_POINT('',(111.5,-44.0206351981053,-6.10150978692236));
#8553=CARTESIAN_POINT('',(111.5,-44.0206351981053,17.7499999999997));
#8554=CARTESIAN_POINT('',(111.5,-56.5000008419082,17.7499999999997));
#8555=CARTESIAN_POINT('',(111.499999999999,-55.1139819984064,10.7465435990879));
#8556=CARTESIAN_POINT('',(111.5,-47.5616570088567,-5.2394648489916));
#8557=CARTESIAN_POINT('Origin',(111.5,-43.5669766144203,3.78260083156514));
#8558=CARTESIAN_POINT('',(111.5,-43.3623043036581,-6.26177731572392));
#8559=CARTESIAN_POINT('Origin',(54.4999999999998,47.9777860021302,17.7499999999997));
#8560=CARTESIAN_POINT('',(53.5,46.2457351945612,-6.54942954734275));
#8561=CARTESIAN_POINT('',(52.5391032063192,47.5842332553058,-5.27266568458687));
#8562=CARTESIAN_POINT('Origin',(54.4999999999998,47.9777860021302,-7.11737979053794));
#8563=CARTESIAN_POINT('',(53.5,46.2457351945612,17.7499999999997));
#8564=CARTESIAN_POINT('',(53.5,46.2457351945612,17.7499999999997));
#8565=CARTESIAN_POINT('',(52.4999999999998,47.9777860021303,17.7499999999997));
#8566=CARTESIAN_POINT('Origin',(54.4999999999998,47.9777860021302,17.7499999999997));
#8567=CARTESIAN_POINT('',(52.4999999999998,47.9777860021303,-5.12000138610716));
#8568=CARTESIAN_POINT('',(52.4999999999998,47.9777860021303,17.7499999999997));
#8569=CARTESIAN_POINT('Ctrl Pts',(52.5391032063192,47.5842332553057,-5.27266568458688));
#8570=CARTESIAN_POINT('Ctrl Pts',(52.5330645051413,47.6143213943753,-5.25936491229768));
#8571=CARTESIAN_POINT('Ctrl Pts',(52.5276974490646,47.6446547110808,-5.246326435246));
#8572=CARTESIAN_POINT('Ctrl Pts',(52.5078182781943,47.7745299149433,-5.19213276697845));
#8573=CARTESIAN_POINT('Ctrl Pts',(52.4999999999998,47.8760002035527,-5.15383022253001));
#8574=CARTESIAN_POINT('Ctrl Pts',(52.4999999999998,47.9777860021304,-5.12000138610716));
#8575=CARTESIAN_POINT('Origin',(82.0000000000006,-3.28688187778425E-10,
17.7499999999997));
#8576=CARTESIAN_POINT('',(55.5,45.0910346561824,17.7499999999997));
#8577=CARTESIAN_POINT('',(52.4999999999997,46.8230854637508,17.7499999999997));
#8578=CARTESIAN_POINT('',(56.4999999999997,43.3589838486134,17.7499999999997));
#8579=CARTESIAN_POINT('Origin',(54.5000000000002,43.3589838486134,17.7499999999997));
#8580=CARTESIAN_POINT('',(56.4999999999993,6.9034860904414,17.7499999999997));
#8581=CARTESIAN_POINT('',(56.4999999999989,-29.0190744867925,17.7499999999997));
#8582=CARTESIAN_POINT('',(55.8159671573681,5.39742153647019,17.7499999999997));
#8583=CARTESIAN_POINT('Origin',(54.5,6.90348609044141,17.7499999999997));
#8584=CARTESIAN_POINT('',(53.1840328426319,3.09769334128077,17.7499999999997));
#8585=CARTESIAN_POINT('',(52.5,2.49999999998861,17.7499999999997));
#8586=CARTESIAN_POINT('',(52.5,1.59162878730956,17.7499999999997));
#8587=CARTESIAN_POINT('Origin',(54.5,1.59162878730956,17.7499999999997));
#8588=CARTESIAN_POINT('',(52.5,-1.45719790524445,17.7499999999997));
#8589=CARTESIAN_POINT('',(52.5,2.49999999998861,17.7499999999997));
#8590=CARTESIAN_POINT('',(53.3549974204756,-3.09700554423218,17.7499999999997));
#8591=CARTESIAN_POINT('Origin',(54.5,-1.45719790524445,17.7499999999997));
#8592=CARTESIAN_POINT('',(55.6450025795245,-4.69601127630314,17.7499999999997));
#8593=CARTESIAN_POINT('',(52.5,-2.50000000001139,17.7499999999997));
#8594=CARTESIAN_POINT('',(56.4999999999991,-6.33581891529087,17.7499999999997));
#8595=CARTESIAN_POINT('Origin',(54.5000000000001,-6.33581891529086,17.7499999999997));
#8596=CARTESIAN_POINT('',(56.4999999999987,-38.9668450720119,17.7499999999997));
#8597=CARTESIAN_POINT('',(56.4999999999989,-29.0190744867925,17.7499999999997));
#8598=CARTESIAN_POINT('',(55.7223767111112,-40.5498154369059,17.7499999999997));
#8599=CARTESIAN_POINT('Origin',(54.5,-38.9668450720119,17.7499999999997));
#8600=CARTESIAN_POINT('',(53.2776232888888,-42.4376648332111,17.7499999999997));
#8601=CARTESIAN_POINT('',(52.5,-43.0381489733036,17.7499999999997));
#8602=CARTESIAN_POINT('',(52.5,-44.0206351981052,17.7499999999997));
#8603=CARTESIAN_POINT('Origin',(54.5,-44.0206351981052,17.7499999999997));
#8604=CARTESIAN_POINT('',(52.5,-51.6498803832283,17.7499999999997));
#8605=CARTESIAN_POINT('',(52.5,-49.5381489733036,17.7499999999997));
#8606=CARTESIAN_POINT('',(34.9999999999627,-41.5462506717992,17.7499999999997));
#8607=CARTESIAN_POINT('',(55.662375755851,-53.4756788772541,17.7499999999997));
#8608=CARTESIAN_POINT('',(34.4999999999846,-40.6802252680273,17.7499999999997));
#8609=CARTESIAN_POINT('Origin',(35.4999999999846,-40.6802252680274,17.7499999999997));
#8610=CARTESIAN_POINT('',(34.4999999999847,-37.2999999997794,17.7499999999997));
#8611=CARTESIAN_POINT('',(34.4999999999865,17.1499999995964,17.7499999999997));
#8612=CARTESIAN_POINT('',(35.4996988653631,-36.2754606729512,17.7499999999997));
#8613=CARTESIAN_POINT('Ctrl Pts',(35.4996988653631,-36.2754606729512,17.7499999999997));
#8614=CARTESIAN_POINT('Ctrl Pts',(35.3330823878,-36.4462172274225,17.7499999999997));
#8615=CARTESIAN_POINT('Ctrl Pts',(35.166465910237,-36.6169737818939,17.7499999999997));
#8616=CARTESIAN_POINT('Ctrl Pts',(34.8332329551108,-36.9584868908366,17.7499999999997));
#8617=CARTESIAN_POINT('Ctrl Pts',(34.6666164775478,-37.129243445308,17.7499999999997));
#8618=CARTESIAN_POINT('Ctrl Pts',(34.4999999999847,-37.2999999997794,17.7499999999997));
#8619=CARTESIAN_POINT('',(34.999999999917,-26.099999999882,17.7499999999997));
#8620=CARTESIAN_POINT('Origin',(34.999999999917,-31.199999999882,17.7499999999997));
#8621=CARTESIAN_POINT('',(34.4999999999851,-26.099999999882,17.7499999999997));
#8622=CARTESIAN_POINT('',(58.4999999999588,-26.099999999882,17.7499999999997));
#8623=CARTESIAN_POINT('',(33.4999999999851,-25.0999999998783,17.7499999999997));
#8624=CARTESIAN_POINT('',(39.6000000001001,-31.1999999999973,17.7499999999997));
#8625=CARTESIAN_POINT('',(31.4999999999851,-25.0999999998783,17.7499999999997));
#8626=CARTESIAN_POINT('',(107.250000000011,-25.0999999998765,17.7499999999997));
#8627=CARTESIAN_POINT('',(31.4999999999845,-41.2575755372,17.7499999999997));
#8628=CARTESIAN_POINT('',(31.4999999999874,42.989626345134,17.7499999999997));
#8629=CARTESIAN_POINT('',(32.9999999999189,-43.8556517485156,17.7499999999997));
#8630=CARTESIAN_POINT('Origin',(34.4999999999845,-41.2575755372001,17.7499999999997));
#8631=CARTESIAN_POINT('',(56.1725009244793,-57.2343013958875,17.7499999999997));
#8632=CARTESIAN_POINT('',(31.4999999999845,-42.9896263447185,17.7499999999997));
#8633=CARTESIAN_POINT('',(58.4999999999985,-58.0003417331728,17.7499999999997));
#8634=CARTESIAN_POINT('Origin',(59.1725009246105,-52.0381489732567,17.7499999999997));
#8635=CARTESIAN_POINT('',(58.4999999999999,58.0003417325663,17.7499999999997));
#8636=CARTESIAN_POINT('',(58.4999999999989,-29.0190744867925,17.7499999999997));
#8637=CARTESIAN_POINT('',(56.1725009241401,57.2343013953017,17.7499999999997));
#8638=CARTESIAN_POINT('Origin',(59.1725009241443,52.0381489725975,17.7499999999997));
#8639=CARTESIAN_POINT('',(32.9999999999852,43.8556517489188,17.7499999999997));
#8640=CARTESIAN_POINT('',(57.5648057695549,58.0381489725974,17.7499999999997));
#8641=CARTESIAN_POINT('',(31.4999999999873,41.2575755375668,17.7499999999997));
#8642=CARTESIAN_POINT('Origin',(34.4999999999873,41.2575755375667,17.7499999999997));
#8643=CARTESIAN_POINT('',(31.4999999999868,25.099999999881,17.7499999999997));
#8644=CARTESIAN_POINT('',(31.4999999999874,42.989626345134,17.7499999999997));
#8645=CARTESIAN_POINT('',(33.4999999999868,25.0999999998811,17.7499999999997));
#8646=CARTESIAN_POINT('',(107.25000000001,25.0999999998828,17.7499999999997));
#8647=CARTESIAN_POINT('',(34.4999999999868,26.0999999995285,17.7499999999997));
#8648=CARTESIAN_POINT('',(39.5999999999829,31.199999999543,17.7499999999997));
#8649=CARTESIAN_POINT('',(34.9999999998215,26.0999999995303,17.7499999999997));
#8650=CARTESIAN_POINT('',(56.7499999999139,26.0999999996099,17.7499999999997));
#8651=CARTESIAN_POINT('',(35.499698865357,36.2754606725888,17.7499999999997));
#8652=CARTESIAN_POINT('Origin',(34.9999999998028,31.1999999995303,17.7499999999997));
#8653=CARTESIAN_POINT('',(34.4999999999872,37.2999999997661,17.7499999999997));
#8654=CARTESIAN_POINT('Ctrl Pts',(34.4999999999872,37.2999999997661,17.7499999999997));
#8655=CARTESIAN_POINT('Ctrl Pts',(34.6666164775488,37.1292434452366,17.7499999999997));
#8656=CARTESIAN_POINT('Ctrl Pts',(34.8332329551105,36.958486890707,17.7499999999997));
#8657=CARTESIAN_POINT('Ctrl Pts',(35.1664659102337,36.6169737816479,17.7499999999997));
#8658=CARTESIAN_POINT('Ctrl Pts',(35.3330823877954,36.4462172271184,17.7499999999997));
#8659=CARTESIAN_POINT('Ctrl Pts',(35.499698865357,36.2754606725888,17.7499999999997));
#8660=CARTESIAN_POINT('',(34.4999999999873,40.6802252683777,17.7499999999997));
#8661=CARTESIAN_POINT('',(34.4999999999865,17.1499999995964,17.7499999999997));
#8662=CARTESIAN_POINT('Origin',(35.4999999999873,40.6802252683776,17.7499999999997));
#8663=CARTESIAN_POINT('',(52.5,51.8230854637508,17.7499999999997));
#8664=CARTESIAN_POINT('',(33.2999999998028,31.199999999534,17.7499999999997));
#8665=CARTESIAN_POINT('Origin',(34.9999999998028,31.199999999534,17.7499999999997));
#8666=CARTESIAN_POINT('',(33.299999999917,-31.199999999882,17.7499999999997));
#8667=CARTESIAN_POINT('Origin',(34.999999999917,-31.199999999882,17.7499999999997));
#8668=CARTESIAN_POINT('',(53.65,-45.5381489733075,17.7499999999997));
#8669=CARTESIAN_POINT('Origin',(55.5,-45.5381489733075,17.7499999999997));
#8670=CARTESIAN_POINT('',(53.65,4.40178432843119E-11,17.7499999999997));
#8671=CARTESIAN_POINT('Origin',(55.5,4.40180698439697E-11,17.7499999999997));
#8672=CARTESIAN_POINT('',(53.65,49.3230854637508,17.7499999999997));
#8673=CARTESIAN_POINT('Origin',(55.5,49.3230854637508,17.7499999999997));
#8674=CARTESIAN_POINT('Origin',(56.5000000000002,44.5136843869928,17.7499999999997));
#8675=CARTESIAN_POINT('',(54.0864532515629,45.9071462519044,-7.21221729258297));
#8676=CARTESIAN_POINT('',(42.4728893785527,52.6122404802356,5.91300248083134));
#8677=CARTESIAN_POINT('',(55.5,45.0910346561824,-6.50616484703236));
#8678=CARTESIAN_POINT('Origin',(53.5000000000002,46.2457351945611,-4.27009686953234));
#8679=CARTESIAN_POINT('',(55.5,45.0910346561824,17.7499999999997));
#8680=CARTESIAN_POINT('Origin',(54.5,-44.0206351981052,17.7499999999997));
#8681=CARTESIAN_POINT('',(53.2776232888888,-42.4376648332111,-7.25642001727154));
#8682=CARTESIAN_POINT('',(53.2776232888888,-42.4376648332111,17.7499999999997));
#8683=CARTESIAN_POINT('',(52.5,-44.0206351981052,-6.10150978695687));
#8684=CARTESIAN_POINT('Origin',(54.5,-44.0206351981052,-8.08072935509481));
#8685=CARTESIAN_POINT('',(52.5,-44.0206351981052,17.7499999999997));
#8686=CARTESIAN_POINT('Origin',(52.4999999999999,-56.5000008419156,17.7499999999997));
#8687=CARTESIAN_POINT('',(52.5,-51.6498803832284,17.7499999999997));
#8688=CARTESIAN_POINT('',(52.5,-51.6008949674708,-4.25613155671427));
#8689=CARTESIAN_POINT('',(52.4999999999985,-55.1139819984158,15.6499999999997));
#8690=CARTESIAN_POINT('Origin',(54.5,-38.9668450720119,17.7499999999997));
#8691=CARTESIAN_POINT('',(55.7223767111112,-40.5498154369059,-6.28529952780704));
#8692=CARTESIAN_POINT('',(56.4999999999998,-38.9668450720119,-4.27009686953434));
#8693=CARTESIAN_POINT('Ctrl Pts',(55.7223767111112,-40.549815436906,-6.28529952780702));
#8694=CARTESIAN_POINT('Ctrl Pts',(55.7926897929431,-40.4955193643932,-6.20775786969724));
#8695=CARTESIAN_POINT('Ctrl Pts',(55.856698850558,-40.4385733462,-6.12895606372973));
#8696=CARTESIAN_POINT('Ctrl Pts',(56.1058703632858,-40.1894018334723,-5.79117388959662));
#8697=CARTESIAN_POINT('Ctrl Pts',(56.2586049438918,-39.9556243550947,-5.49254344326984));
#8698=CARTESIAN_POINT('Ctrl Pts',(56.4555661291923,-39.4629675499444,-4.87747240396228));
#8699=CARTESIAN_POINT('Ctrl Pts',(56.5,-39.2043049469804,-4.56092463356332));
#8700=CARTESIAN_POINT('Ctrl Pts',(56.5,-38.9668450720119,-4.27009686953434));
#8701=CARTESIAN_POINT('',(55.7223767111112,-40.5498154369059,17.7499999999997));
#8702=CARTESIAN_POINT('',(56.5,-38.9668450720119,17.7499999999997));
#8703=CARTESIAN_POINT('Origin',(52.5,-43.0381489733036,17.7499999999997));
#8704=CARTESIAN_POINT('',(53.2825355483626,-42.4338715647375,-7.26220469049846));
#8705=CARTESIAN_POINT('Origin',(53.4999999999997,-42.2659445541813,-4.27009686953442));
#8706=CARTESIAN_POINT('',(43.8815301930596,-49.6933694442974,3.80841246116764));
#8707=CARTESIAN_POINT('Origin',(54.5,6.90348609044141,17.7499999999997));
#8708=CARTESIAN_POINT('',(55.8159671573681,5.3974215364702,-6.17700434657364));
#8709=CARTESIAN_POINT('',(56.5,6.9034860904414,-4.27009686953326));
#8710=CARTESIAN_POINT('Ctrl Pts',(55.8159671573681,5.39742153647019,-6.17700434657363));
#8711=CARTESIAN_POINT('Ctrl Pts',(55.816407375389,5.3978061896088,-6.17646969531716));
#8712=CARTESIAN_POINT('Ctrl Pts',(55.8168472501285,5.39819088316927,-6.17593508368637));
#8713=CARTESIAN_POINT('Ctrl Pts',(56.0422285906636,5.59547295794423,-5.90181961493338));
#8714=CARTESIAN_POINT('Ctrl Pts',(56.2194753721874,5.84251831299204,-5.58389722013195));
#8715=CARTESIAN_POINT('Ctrl Pts',(56.4483327484189,6.36846402130125,-4.92504005428683));
#8716=CARTESIAN_POINT('Ctrl Pts',(56.5,6.64719415674644,-4.5839891009052));
#8717=CARTESIAN_POINT('Ctrl Pts',(56.5,6.9034860904414,-4.27009686953326));
#8718=CARTESIAN_POINT('',(55.8159671573681,5.3974215364702,17.7499999999997));
#8719=CARTESIAN_POINT('',(56.5,6.9034860904414,17.7499999999997));
#8720=CARTESIAN_POINT('Origin',(52.5,2.49999999998861,17.7499999999997));
#8721=CARTESIAN_POINT('',(53.1840328426319,3.09769334128077,-7.25341126051944));
#8722=CARTESIAN_POINT('Origin',(53.5,3.37377871943203,-4.27009686953335));
#8723=CARTESIAN_POINT('',(53.1840328426319,3.09769334128077,17.7499999999997));
#8724=CARTESIAN_POINT('Origin',(54.5000000000001,-6.33581891529086,17.7499999999997));
#8725=CARTESIAN_POINT('',(56.5,-6.33581891529087,-4.27009686953357));
#8726=CARTESIAN_POINT('',(55.6450025795245,-4.69601127630314,-6.36746758875153));
#8727=CARTESIAN_POINT('Ctrl Pts',(56.5000000000001,-6.33581891529087,-4.27009686953357));
#8728=CARTESIAN_POINT('Ctrl Pts',(56.5000000000001,-6.07952698159593,-4.58398910090549));
#8729=CARTESIAN_POINT('Ctrl Pts',(56.4483327484189,-5.80079684615049,-4.92504005428683));
#8730=CARTESIAN_POINT('Ctrl Pts',(56.2194753721875,-5.27485113784146,-5.58389722013201));
#8731=CARTESIAN_POINT('Ctrl Pts',(56.0422285906636,-5.02780578279368,-5.90181961493343));
#8732=CARTESIAN_POINT('Ctrl Pts',(55.7647247332919,-4.78489953061516,-6.23932803405823));
#8733=CARTESIAN_POINT('Ctrl Pts',(55.7072202940565,-4.73945505710859,-6.3038368929759));
#8734=CARTESIAN_POINT('Ctrl Pts',(55.6450025795245,-4.69601127630315,-6.36746758875155));
#8735=CARTESIAN_POINT('',(56.5000000000001,-6.33581891529087,17.7499999999997));
#8736=CARTESIAN_POINT('',(55.6450025795245,-4.69601127630314,17.7499999999997));
#8737=CARTESIAN_POINT('Origin',(53.5,5.99511487776287,-4.27009686953328));
#8738=CARTESIAN_POINT('',(56.5000000000001,5.99511487776286,-4.27009686953328));
#8739=CARTESIAN_POINT('',(53.3549974204756,-3.09700554423218,-7.26659052911819));
#8740=CARTESIAN_POINT('Origin',(53.4999999999999,-3.19825420513948,-4.2700968695335));
#8741=CARTESIAN_POINT('',(52.4999999999999,-1.45719790524446,-7.09852399427965));
#8742=CARTESIAN_POINT('Ctrl Pts',(53.3549974204756,-3.09700554423218,-7.26659052911819));
#8743=CARTESIAN_POINT('Ctrl Pts',(53.2633458314034,-3.03300943675582,-7.26215543986296));
#8744=CARTESIAN_POINT('Ctrl Pts',(53.178324696977,-2.96207082029532,-7.25380144308749));
#8745=CARTESIAN_POINT('Ctrl Pts',(52.9192065191895,-2.70870761366494,-7.21909685309054));
#8746=CARTESIAN_POINT('Ctrl Pts',(52.761855976229,-2.48271544729294,-7.17992032718708));
#8747=CARTESIAN_POINT('Ctrl Pts',(52.5522108744751,-1.9853524067518,-7.11853959330353));
#8748=CARTESIAN_POINT('Ctrl Pts',(52.5,-1.71367861454055,-7.09852399427967));
#8749=CARTESIAN_POINT('Ctrl Pts',(52.5,-1.45719790524444,-7.09852399427966));
#8750=CARTESIAN_POINT('',(52.5,1.59162878730956,-7.09852399427957));
#8751=CARTESIAN_POINT('',(52.5,5.99511487776295,-7.09852399427947));
#8752=CARTESIAN_POINT('Ctrl Pts',(52.5,1.59162878730957,-7.09852399427959));
#8753=CARTESIAN_POINT('Ctrl Pts',(52.5,1.84810949660568,-7.09852399427958));
#8754=CARTESIAN_POINT('Ctrl Pts',(52.5522108744751,2.11978328881692,-7.11853959330343));
#8755=CARTESIAN_POINT('Ctrl Pts',(52.761855976229,2.61714632935806,-7.17992032718696));
#8756=CARTESIAN_POINT('Ctrl Pts',(52.9192065191895,2.84313849573006,-7.21909685309041));
#8757=CARTESIAN_POINT('Ctrl Pts',(53.1282062327299,3.04749636077672,-7.24708890455446));
#8758=CARTESIAN_POINT('Ctrl Pts',(53.1556519418012,3.0728947140963,-7.25040539811818));
#8759=CARTESIAN_POINT('Ctrl Pts',(53.1840328426319,3.09769334128077,-7.25341126051944));
#8760=CARTESIAN_POINT('',(56.5000000000002,43.3589838486134,-4.27009686953241));
#8761=CARTESIAN_POINT('',(56.5,5.99511487776285,-4.27009686953328));
#8762=CARTESIAN_POINT('Ctrl Pts',(56.5000000000002,43.3589838486134,-4.27009686953241));
#8763=CARTESIAN_POINT('Ctrl Pts',(56.5000000000002,43.6152757823083,-4.58398910090434));
#8764=CARTESIAN_POINT('Ctrl Pts',(56.4483327484191,43.8940059177535,-4.92504005428597));
#8765=CARTESIAN_POINT('Ctrl Pts',(56.2194753721877,44.4199516260627,-5.58389722013107));
#8766=CARTESIAN_POINT('Ctrl Pts',(56.0422285906638,44.6669969811105,-5.90181961493247));
#8767=CARTESIAN_POINT('Ctrl Pts',(55.7260031594896,44.9437972211417,-6.28642236018254));
#8768=CARTESIAN_POINT('Ctrl Pts',(55.6196601256746,45.0219488504129,-6.39913757695059));
#8769=CARTESIAN_POINT('Ctrl Pts',(55.5,45.0910346561824,-6.50616484703237));
#8770=CARTESIAN_POINT('',(51.5583075341923,38.3217053519256,-6.55697910703953));
#8771=CARTESIAN_POINT('Origin',(53.5000000000003,55.6085495570625,-4.27009686953212));
#8772=CARTESIAN_POINT('',(51.5583075341919,-38.3217053519823,-6.55697910704133));
#8773=CARTESIAN_POINT('',(51.5583075341922,5.99511487776294,-6.55697910704029));
#8774=CARTESIAN_POINT('Origin',(53.4999999999996,-55.6085495574105,-4.27009686953473));
#8775=CARTESIAN_POINT('Origin',(56.5000000000001,-5.29301682052393,17.7499999999997));
#8776=CARTESIAN_POINT('',(53.3549974204756,-3.09700554423218,17.7499999999997));
#8777=CARTESIAN_POINT('Origin',(54.5,1.59162878730956,17.7499999999997));
#8778=CARTESIAN_POINT('',(52.5,1.59162878730956,17.7499999999997));
#8779=CARTESIAN_POINT('Origin',(52.5,-2.50000000001139,17.7499999999997));
#8780=CARTESIAN_POINT('',(52.5,-1.45719790524445,17.7499999999997));
#8781=CARTESIAN_POINT('Origin',(54.5,-1.45719790524445,17.7499999999997));
#8782=CARTESIAN_POINT('Origin',(54.5000000000002,43.3589838486134,17.7499999999997));
#8783=CARTESIAN_POINT('',(56.5000000000002,43.3589838486134,17.7499999999997));
#8784=CARTESIAN_POINT('Origin',(56.5,5.99511487776234,17.7499999999997));
#8785=CARTESIAN_POINT('Origin',(109.5,47.9777860021302,17.7499999999997));
#8786=CARTESIAN_POINT('',(110.5,46.2457351945612,17.7499999999997));
#8787=CARTESIAN_POINT('Origin',(109.5,47.9777860021302,17.7499999999997));
#8788=CARTESIAN_POINT('',(110.5,46.2457351945612,-6.54942954728455));
#8789=CARTESIAN_POINT('',(110.5,46.2457351945612,17.7499999999997));
#8790=CARTESIAN_POINT('Origin',(109.5,47.9777860021302,-7.11737979047978));
#8791=CARTESIAN_POINT('Origin',(109.5,43.3589838486133,17.7499999999997));
#8792=CARTESIAN_POINT('',(108.5,45.0910346561823,-6.50616484707357));
#8793=CARTESIAN_POINT('',(107.5,43.3589838486133,-4.27009686957168));
#8794=CARTESIAN_POINT('Ctrl Pts',(108.5,45.0910346561825,-6.50616484707317));
#8795=CARTESIAN_POINT('Ctrl Pts',(108.380339874326,45.021948850413,-6.39913757699129));
#8796=CARTESIAN_POINT('Ctrl Pts',(108.273996840511,44.9437972211417,-6.28642236022313));
#8797=CARTESIAN_POINT('Ctrl Pts',(107.957771409336,44.6669969811105,-5.90181961497276));
#8798=CARTESIAN_POINT('Ctrl Pts',(107.780524627812,44.4199516260627,-5.58389722017113));
#8799=CARTESIAN_POINT('Ctrl Pts',(107.551667251581,43.8940059177535,-4.92504005432554));
#8800=CARTESIAN_POINT('Ctrl Pts',(107.5,43.6152757823082,-4.58398910094381));
#8801=CARTESIAN_POINT('Ctrl Pts',(107.5,43.3589838486133,-4.27009686957168));
#8802=CARTESIAN_POINT('',(108.5,45.0910346561823,17.7499999999997));
#8803=CARTESIAN_POINT('',(108.5,45.0910346561823,17.7499999999997));
#8804=CARTESIAN_POINT('',(107.5,43.3589838486133,17.7499999999997));
#8805=CARTESIAN_POINT('Origin',(109.5,43.3589838486133,17.7499999999997));
#8806=CARTESIAN_POINT('',(107.5,43.3589838486133,17.7499999999997));
#8807=CARTESIAN_POINT('Origin',(111.5,46.8230854637508,17.7499999999997));
#8808=CARTESIAN_POINT('',(111.5,46.8230854637508,17.7499999999997));
#8809=CARTESIAN_POINT('',(109.913546748362,45.9071462518609,-7.21221729260922));
#8810=CARTESIAN_POINT('Origin',(110.5,46.2457351945611,-4.27009686957384));
#8811=CARTESIAN_POINT('',(119.194121528531,51.2652885994245,3.27634461183065));
#8812=CARTESIAN_POINT('Origin',(109.5,-6.33581891529094,17.7499999999997));
#8813=CARTESIAN_POINT('',(108.354997420476,-4.69601127630322,-6.36746758875473));
#8814=CARTESIAN_POINT('',(107.5,-6.33581891529094,-4.2700968695346));
#8815=CARTESIAN_POINT('Ctrl Pts',(108.354997420476,-4.696011276303,-6.36746758875429));
#8816=CARTESIAN_POINT('Ctrl Pts',(108.253712677826,-4.76673377377382,-6.26388264201095));
#8817=CARTESIAN_POINT('Ctrl Pts',(108.163751585998,-4.84364020454618,-6.15667910817754));
#8818=CARTESIAN_POINT('Ctrl Pts',(107.894129636714,-5.1132621538306,-5.79117388959809));
#8819=CARTESIAN_POINT('Ctrl Pts',(107.741395056108,-5.34703963220828,-5.49254344327113));
#8820=CARTESIAN_POINT('Ctrl Pts',(107.544433870807,-5.83969643735891,-4.87747240396339));
#8821=CARTESIAN_POINT('Ctrl Pts',(107.5,-6.09835904032242,-4.56092463356377));
#8822=CARTESIAN_POINT('Ctrl Pts',(107.5,-6.33581891529094,-4.2700968695346));
#8823=CARTESIAN_POINT('',(108.354997420476,-4.69601127630322,17.7499999999997));
#8824=CARTESIAN_POINT('',(108.354997420476,-4.69601127630321,17.7499999999997));
#8825=CARTESIAN_POINT('',(107.499999999999,-6.33581891529094,17.7499999999997));
#8826=CARTESIAN_POINT('Origin',(109.5,-6.33581891529094,17.7499999999997));
#8827=CARTESIAN_POINT('',(107.5,-6.33581891529094,17.7499999999997));
#8828=CARTESIAN_POINT('Origin',(111.5,-2.50000000001147,17.7499999999997));
#8829=CARTESIAN_POINT('',(110.645002579524,-3.09700554423224,-7.26659052912166));
#8830=CARTESIAN_POINT('Origin',(110.5,-3.19825420513964,-4.27009686953694));
#8831=CARTESIAN_POINT('',(110.645002579524,-3.09700554423225,17.7499999999997));
#8832=CARTESIAN_POINT('',(110.645002579524,-3.09700554423225,17.7499999999997));
#8833=CARTESIAN_POINT('',(111.5,-2.50000000001147,17.7499999999997));
#8834=CARTESIAN_POINT('Origin',(109.5,6.90348609044135,17.7499999999997));
#8835=CARTESIAN_POINT('',(107.5,6.90348609044134,-4.27009686954448));
#8836=CARTESIAN_POINT('',(108.184032842632,5.39742153647014,-6.1770043465829));
#8837=CARTESIAN_POINT('Ctrl Pts',(107.5,6.90348609044135,-4.27009686954448));
#8838=CARTESIAN_POINT('Ctrl Pts',(107.5,6.64719415674635,-4.58398910091627));
#8839=CARTESIAN_POINT('Ctrl Pts',(107.551667251581,6.36846402130124,-4.92504005429783));
#8840=CARTESIAN_POINT('Ctrl Pts',(107.780524627813,5.8425183129919,-5.58389722014256));
#8841=CARTESIAN_POINT('Ctrl Pts',(107.957771409337,5.59547295794408,-5.90181961494381));
#8842=CARTESIAN_POINT('Ctrl Pts',(108.183152749871,5.39819088316925,-6.17593508369647));
#8843=CARTESIAN_POINT('Ctrl Pts',(108.183592624611,5.39780618960891,-6.17646969532708));
#8844=CARTESIAN_POINT('Ctrl Pts',(108.184032842632,5.39742153647042,-6.17700434658337));
#8845=CARTESIAN_POINT('',(107.499999999999,6.90348609044134,17.7499999999997));
#8846=CARTESIAN_POINT('',(107.5,6.90348609044134,17.7499999999997));
#8847=CARTESIAN_POINT('',(108.184032842632,5.39742153647014,17.7499999999997));
#8848=CARTESIAN_POINT('Origin',(109.5,6.90348609044135,17.7499999999997));
#8849=CARTESIAN_POINT('',(108.184032842632,5.39742153647014,17.7499999999997));
#8850=CARTESIAN_POINT('Origin',(110.5,-5.29301682054043,-4.27009686953538));
#8851=CARTESIAN_POINT('',(107.5,-5.29301682054043,-4.27009686953538));
#8852=CARTESIAN_POINT('',(110.815967157368,3.09769334128068,-7.25341126052785));
#8853=CARTESIAN_POINT('Origin',(110.5,3.37377871943204,-4.27009686954185));
#8854=CARTESIAN_POINT('',(111.5,1.59162878730947,-7.09852399428668));
#8855=CARTESIAN_POINT('Ctrl Pts',(110.81596715737,3.09769334127909,-7.25341126052754));
#8856=CARTESIAN_POINT('Ctrl Pts',(110.8443480582,3.0728947140951,-7.2504053981263));
#8857=CARTESIAN_POINT('Ctrl Pts',(110.871793767271,3.04749636077604,-7.24708890456262));
#8858=CARTESIAN_POINT('Ctrl Pts',(111.080793480811,2.84313849572991,-7.21909685309848));
#8859=CARTESIAN_POINT('Ctrl Pts',(111.238144023771,2.61714632935791,-7.17992032719485));
#8860=CARTESIAN_POINT('Ctrl Pts',(111.447789125525,2.1197832888168,-7.11853959331094));
#8861=CARTESIAN_POINT('Ctrl Pts',(111.5,1.84810949660558,-7.09852399428688));
#8862=CARTESIAN_POINT('Ctrl Pts',(111.5,1.59162878730947,-7.09852399428668));
#8863=CARTESIAN_POINT('',(111.5,-1.45719790524452,-7.09852399428441));
#8864=CARTESIAN_POINT('',(111.5,-5.29301682054254,-7.09852399428155));
#8865=CARTESIAN_POINT('Ctrl Pts',(111.5,-1.45719790524452,-7.09852399428441));
#8866=CARTESIAN_POINT('Ctrl Pts',(111.5,-1.71367861454063,-7.09852399428422));
#8867=CARTESIAN_POINT('Ctrl Pts',(111.447789125525,-1.98535240675189,-7.11853959330787));
#8868=CARTESIAN_POINT('Ctrl Pts',(111.238144023771,-2.48271544729306,-7.17992032719106));
#8869=CARTESIAN_POINT('Ctrl Pts',(111.08079348081,-2.70870761366508,-7.21909685309436));
#8870=CARTESIAN_POINT('Ctrl Pts',(110.821675303023,-2.96207082029544,-7.25380144309112));
#8871=CARTESIAN_POINT('Ctrl Pts',(110.736654168597,-3.03300943675591,-7.26215543986653));
#8872=CARTESIAN_POINT('Ctrl Pts',(110.645002579524,-3.09700554423225,-7.26659052912172));
#8873=CARTESIAN_POINT('',(107.5,-38.9668450720119,-4.27009686951025));
#8874=CARTESIAN_POINT('',(107.5,-5.29301682054043,-4.27009686953538));
#8875=CARTESIAN_POINT('',(108.277623288889,-40.549815436906,-6.28529952778122));
#8876=CARTESIAN_POINT('Ctrl Pts',(107.5,-38.9668450720119,-4.27009686951025));
#8877=CARTESIAN_POINT('Ctrl Pts',(107.5,-39.2231370057069,-4.58398910088204));
#8878=CARTESIAN_POINT('Ctrl Pts',(107.551667251581,-39.5018671411521,-4.92504005426349));
#8879=CARTESIAN_POINT('Ctrl Pts',(107.780524627813,-40.0278128494614,-5.58389722010825));
#8880=CARTESIAN_POINT('Ctrl Pts',(107.957771409336,-40.2748582045092,-5.9018196149095));
#8881=CARTESIAN_POINT('Ctrl Pts',(108.21275240011,-40.4980496132061,-6.21193505589078));
#8882=CARTESIAN_POINT('Ctrl Pts',(108.244399644156,-40.5241599916238,-6.24866030739904));
#8883=CARTESIAN_POINT('Ctrl Pts',(108.277623288888,-40.5498154369058,-6.28529952778167));
#8884=CARTESIAN_POINT('',(110.717464451631,-42.433871564733,-7.26220469047214));
#8885=CARTESIAN_POINT('Origin',(110.5,-42.2659445541812,-4.27009686950779));
#8886=CARTESIAN_POINT('',(112.441692465808,-38.3217053519412,-6.55697910701775));
#8887=CARTESIAN_POINT('Origin',(110.5,-55.6085495574132,-4.27009686949784));
#8888=CARTESIAN_POINT('',(112.441692465808,38.3217053515333,-6.55697910707494));
#8889=CARTESIAN_POINT('',(112.441692465808,-5.29301682054214,-6.5569791070424));
#8890=CARTESIAN_POINT('Origin',(110.5,55.6085495566382,-4.27009686958082));
#8891=CARTESIAN_POINT('Origin',(107.5,5.99511487776227,17.7499999999997));
#8892=CARTESIAN_POINT('',(110.815967157368,3.09769334128068,17.7499999999997));
#8893=CARTESIAN_POINT('',(111.5,2.49999999998853,17.7499999999997));
#8894=CARTESIAN_POINT('',(110.815967157368,3.09769334128068,17.7499999999997));
#8895=CARTESIAN_POINT('Origin',(109.5,-1.45719790524452,17.7499999999997));
#8896=CARTESIAN_POINT('',(111.5,-1.45719790524452,17.7499999999997));
#8897=CARTESIAN_POINT('Origin',(109.5,-1.45719790524452,17.7499999999997));
#8898=CARTESIAN_POINT('',(111.5,-1.45719790524452,17.7499999999997));
#8899=CARTESIAN_POINT('Origin',(82.0000000000006,-3.28688187778425E-10,
17.7499999999997));
#8900=CARTESIAN_POINT('',(129.000000000055,41.5462506717916,17.7499999999997));
#8901=CARTESIAN_POINT('',(108.337624243311,53.4756788769932,17.7499999999997));
#8902=CARTESIAN_POINT('',(129.500000000057,40.6802252680054,17.7499999999997));
#8903=CARTESIAN_POINT('Origin',(128.500000000057,40.6802252680063,17.7499999999997));
#8904=CARTESIAN_POINT('',(129.500000000054,37.2999999995217,17.7499999999997));
#8905=CARTESIAN_POINT('',(129.500000000006,-17.1500000001268,17.7499999999997));
#8906=CARTESIAN_POINT('',(128.500301134677,36.2754606725847,17.7499999999997));
#8907=CARTESIAN_POINT('Ctrl Pts',(128.500301134677,36.2754606725847,17.7499999999997));
#8908=CARTESIAN_POINT('Ctrl Pts',(128.66691761224,36.4462172270742,17.7499999999997));
#8909=CARTESIAN_POINT('Ctrl Pts',(128.833534089803,36.6169737815637,17.7499999999997));
#8910=CARTESIAN_POINT('Ctrl Pts',(129.166767044928,36.9584868905427,17.7499999999997));
#8911=CARTESIAN_POINT('Ctrl Pts',(129.333383522491,37.1292434450322,17.7499999999997));
#8912=CARTESIAN_POINT('Ctrl Pts',(129.500000000054,37.2999999995217,17.7499999999997));
#8913=CARTESIAN_POINT('',(129.00000000018,26.099999999523,17.7499999999997));
#8914=CARTESIAN_POINT('Origin',(129.000000000199,31.199999999523,17.7499999999997));
#8915=CARTESIAN_POINT('',(129.500000000044,26.0999999995211,17.7499999999997));
#8916=CARTESIAN_POINT('',(105.500000000138,26.0999999996089,17.7499999999997));
#8917=CARTESIAN_POINT('',(130.500000000043,25.0999999998833,17.7499999999997));
#8918=CARTESIAN_POINT('',(124.400000000049,31.1999999995389,17.7499999999997));
#8919=CARTESIAN_POINT('',(132.50000000002,25.0999999998834,17.749999999998));
#8920=CARTESIAN_POINT('',(107.25000000001,25.0999999998828,17.7499999999997));
#8921=CARTESIAN_POINT('',(132.500000000057,41.2575755371942,17.7499999999997));
#8922=CARTESIAN_POINT('',(132.499999999983,-42.9896263446236,17.7499999999997));
#8923=CARTESIAN_POINT('',(131.000000000052,43.855651748553,17.7499999999997));
#8924=CARTESIAN_POINT('Origin',(129.500000000057,41.2575755371969,17.7499999999997));
#8925=CARTESIAN_POINT('',(107.827499075102,57.234301395312,17.7499999999997));
#8926=CARTESIAN_POINT('',(132.500000000059,42.9896263447686,17.7499999999997));
#8927=CARTESIAN_POINT('',(105.5,58.0003417324847,17.7499999999997));
#8928=CARTESIAN_POINT('Origin',(104.827499075112,52.0381489725997,17.7499999999997));
#8929=CARTESIAN_POINT('',(105.499999999999,-58.0003417331748,17.7499999999997));
#8930=CARTESIAN_POINT('',(105.499999999999,-29.0190744867931,17.7499999999997));
#8931=CARTESIAN_POINT('',(107.827499075551,-57.234301395877,17.7499999999997));
#8932=CARTESIAN_POINT('Origin',(104.827499075401,-52.0381489732572,17.7499999999997));
#8933=CARTESIAN_POINT('',(131.00000000006,-43.8556517484216,17.7499999999997));
#8934=CARTESIAN_POINT('',(106.43519423008,-58.0381489732572,17.7499999999997));
#8935=CARTESIAN_POINT('',(132.499999999985,-41.2575755371143,17.7499999999997));
#8936=CARTESIAN_POINT('Origin',(129.499999999985,-41.2575755371116,17.7499999999997));
#8937=CARTESIAN_POINT('',(132.500000000022,-25.099999999876,17.7499999999997));
#8938=CARTESIAN_POINT('',(132.499999999983,-42.9896263446236,17.7499999999997));
#8939=CARTESIAN_POINT('',(130.499999999999,-25.099999999876,17.7499999999997));
#8940=CARTESIAN_POINT('',(107.250000000011,-25.0999999998766,17.7499999999997));
#8941=CARTESIAN_POINT('',(129.499999999998,-26.099999999882,17.7499999999997));
#8942=CARTESIAN_POINT('',(124.399999999877,-31.1999999999987,17.7499999999997));
#8943=CARTESIAN_POINT('',(129.000000000084,-26.099999999882,17.7499999999997));
#8944=CARTESIAN_POINT('',(107.249999999992,-26.099999999882,17.7499999999997));
#8945=CARTESIAN_POINT('',(128.500301134613,-36.2754606729487,17.7499999999997));
#8946=CARTESIAN_POINT('Origin',(129.000000000084,-31.199999999882,17.7499999999997));
#8947=CARTESIAN_POINT('',(129.499999999988,-37.2999999998825,17.7499999999997));
#8948=CARTESIAN_POINT('Ctrl Pts',(129.499999999988,-37.2999999998825,17.7499999999997));
#8949=CARTESIAN_POINT('Ctrl Pts',(129.333383522426,-37.1292434453936,17.7499999999997));
#8950=CARTESIAN_POINT('Ctrl Pts',(129.166767044863,-36.9584868909046,17.7499999999997));
#8951=CARTESIAN_POINT('Ctrl Pts',(128.833534089738,-36.6169737819266,17.7499999999997));
#8952=CARTESIAN_POINT('Ctrl Pts',(128.666917612176,-36.4462172274377,17.7499999999997));
#8953=CARTESIAN_POINT('Ctrl Pts',(128.500301134613,-36.2754606729487,17.7499999999997));
#8954=CARTESIAN_POINT('',(129.499999999985,-40.6802252679418,17.7499999999997));
#8955=CARTESIAN_POINT('',(129.500000000006,-17.1500000001268,17.7499999999997));
#8956=CARTESIAN_POINT('Origin',(128.499999999985,-40.680225267941,17.7499999999997));
#8957=CARTESIAN_POINT('',(110.722376711111,-42.4376648332112,17.7499999999997));
#8958=CARTESIAN_POINT('Origin',(109.5,-44.0206351981053,17.7499999999997));
#8959=CARTESIAN_POINT('',(108.277623288889,-40.549815436906,17.7499999999997));
#8960=CARTESIAN_POINT('',(111.5,-43.0381489733037,17.7499999999997));
#8961=CARTESIAN_POINT('',(107.499999999999,-38.9668450720119,17.7499999999997));
#8962=CARTESIAN_POINT('Origin',(109.5,-38.9668450720119,17.7499999999997));
#8963=CARTESIAN_POINT('',(107.499999999999,-29.0190744867931,17.7499999999997));
#8964=CARTESIAN_POINT('',(111.5,1.59162878730947,17.7499999999997));
#8965=CARTESIAN_POINT('',(111.5,2.49999999998853,17.7499999999997));
#8966=CARTESIAN_POINT('Origin',(109.5,1.59162878730947,17.7499999999997));
#8967=CARTESIAN_POINT('',(107.499999999999,-29.0190744867931,17.7499999999997));
#8968=CARTESIAN_POINT('',(106.65,4.39503845281939E-11,17.7499999999997));
#8969=CARTESIAN_POINT('Origin',(108.5,4.39506110878518E-11,17.7499999999997));
#8970=CARTESIAN_POINT('',(106.65,-45.5381489733075,17.7499999999997));
#8971=CARTESIAN_POINT('Origin',(108.5,-45.5381489733075,17.7499999999997));
#8972=CARTESIAN_POINT('',(106.65,49.3230854637508,17.7499999999997));
#8973=CARTESIAN_POINT('Origin',(108.5,49.3230854637508,17.7499999999997));
#8974=CARTESIAN_POINT('',(127.300000000199,31.1999999995266,17.7499999999997));
#8975=CARTESIAN_POINT('Origin',(129.000000000199,31.1999999995266,17.7499999999997));
#8976=CARTESIAN_POINT('',(127.300000000084,-31.199999999882,17.7499999999997));
#8977=CARTESIAN_POINT('Origin',(129.000000000084,-31.199999999882,17.7499999999997));
#8978=CARTESIAN_POINT('Origin',(109.5,1.59162878730947,17.7499999999997));
#8979=CARTESIAN_POINT('',(111.5,1.59162878730947,17.7499999999997));
#8980=CARTESIAN_POINT('Origin',(109.5,-38.9668450720119,17.7499999999997));
#8981=CARTESIAN_POINT('',(107.5,-38.9668450720119,17.7499999999997));
#8982=CARTESIAN_POINT('',(108.277623288889,-40.549815436906,17.7499999999997));
#8983=CARTESIAN_POINT('Origin',(107.5,-39.9493312968135,17.7499999999997));
#8984=CARTESIAN_POINT('',(110.722376711111,-42.4376648332112,-7.25642001723812));
#8985=CARTESIAN_POINT('',(110.722376711111,-42.4376648332112,17.7499999999997));
#8986=CARTESIAN_POINT('',(121.853497771695,-51.0331657059821,5.85158014586902));
#8987=CARTESIAN_POINT('Origin',(109.5,-44.0206351981053,17.7499999999997));
#8988=CARTESIAN_POINT('Origin',(109.5,-44.0206351981053,-8.08072935506207));
#8989=CARTESIAN_POINT('Origin',(108.5,4.39506110878518E-11,17.7499999999997));
#8990=CARTESIAN_POINT('',(106.65,4.39503845281939E-11,11.7499999999997));
#8991=CARTESIAN_POINT('',(106.65,4.39508376475096E-11,17.7499999999997));
#8992=CARTESIAN_POINT('Origin',(108.5,4.39506110878518E-11,11.7499999999997));
#8993=CARTESIAN_POINT('Origin',(108.5,4.39506764315922E-11,11.7499999999997));
#8994=CARTESIAN_POINT('Origin',(55.5,49.3230854637508,17.7499999999997));
#8995=CARTESIAN_POINT('',(53.65,49.3230854637508,11.7499999999997));
#8996=CARTESIAN_POINT('',(53.65,49.3230854637508,17.7499999999997));
#8997=CARTESIAN_POINT('Origin',(55.5,49.3230854637508,11.7499999999997));
#8998=CARTESIAN_POINT('Origin',(55.5,49.3230854637508,11.7499999999997));
#8999=CARTESIAN_POINT('Origin',(108.5,-45.5381489733075,17.7499999999997));
#9000=CARTESIAN_POINT('',(106.65,-45.5381489733075,11.7499999999997));
#9001=CARTESIAN_POINT('',(106.65,-45.5381489733075,17.7499999999997));
#9002=CARTESIAN_POINT('Origin',(108.5,-45.5381489733075,11.7499999999997));
#9003=CARTESIAN_POINT('Origin',(108.5,-45.5381489733075,11.7499999999997));
#9004=CARTESIAN_POINT('Origin',(55.5,4.40180698439697E-11,17.7499999999997));
#9005=CARTESIAN_POINT('',(53.65,4.40178432843119E-11,11.7499999999997));
#9006=CARTESIAN_POINT('',(53.65,4.40182964036275E-11,17.7499999999997));
#9007=CARTESIAN_POINT('Origin',(55.5,4.40180698439697E-11,11.7499999999997));
#9008=CARTESIAN_POINT('Origin',(55.5,4.40181224803382E-11,11.7499999999997));
#9009=CARTESIAN_POINT('Origin',(55.5,-45.5381489733075,17.7499999999997));
#9010=CARTESIAN_POINT('',(53.65,-45.5381489733075,11.7499999999997));
#9011=CARTESIAN_POINT('',(53.65,-45.5381489733075,17.7499999999997));
#9012=CARTESIAN_POINT('Origin',(55.5,-45.5381489733075,11.7499999999997));
#9013=CARTESIAN_POINT('Origin',(55.5,-45.5381489733075,11.7499999999997));
#9014=CARTESIAN_POINT('Origin',(108.5,49.3230854637508,17.7499999999997));
#9015=CARTESIAN_POINT('',(106.65,49.3230854637508,11.7499999999997));
#9016=CARTESIAN_POINT('',(106.65,49.3230854637508,17.7499999999997));
#9017=CARTESIAN_POINT('Origin',(108.5,49.3230854637508,11.7499999999997));
#9018=CARTESIAN_POINT('Origin',(108.5,49.3230854637508,11.7499999999997));
#9019=CARTESIAN_POINT('Origin',(107.5,44.5136843869927,17.7499999999997));
#9020=CARTESIAN_POINT('Origin',(120.36241042923,41.207977444429,1.98409011589243));
#9021=CARTESIAN_POINT('',(123.202507813736,32.1089457137341,2.57956222607597));
#9022=CARTESIAN_POINT('',(121.513296093882,33.0842125549058,1.14532586016156));
#9023=CARTESIAN_POINT('',(123.232802377776,32.1887328946565,2.6289658332144));
#9024=CARTESIAN_POINT('Ctrl Pts',(123.202507813736,32.1089457137341,2.57956222607596));
#9025=CARTESIAN_POINT('Ctrl Pts',(123.2124471761,32.1356767297167,2.59590585517253));
#9026=CARTESIAN_POINT('Ctrl Pts',(123.222546370597,32.1622726031305,2.61237475589455));
#9027=CARTESIAN_POINT('Ctrl Pts',(123.232802377776,32.1887328946565,2.62896583321441));
#9028=CARTESIAN_POINT('',(128.080852268156,37.2280863782754,8.65345010412238));
#9029=CARTESIAN_POINT('Ctrl Pts',(128.080852268156,37.2280863782754,8.65345010412238));
#9030=CARTESIAN_POINT('Ctrl Pts',(127.049504754693,37.0794305313231,7.59662895429052));
#9031=CARTESIAN_POINT('Ctrl Pts',(125.409401654255,36.343755174975,5.7944702086034));
#9032=CARTESIAN_POINT('Ctrl Pts',(123.8084684352,34.3874328670451,3.73391365918486));
#9033=CARTESIAN_POINT('Ctrl Pts',(123.332362027354,32.9479378046995,2.91231586522583));
#9034=CARTESIAN_POINT('Ctrl Pts',(123.232803416332,32.1887324181766,2.62896674498349));
#9035=CARTESIAN_POINT('',(128.272417902013,37.2530146239267,8.84909399265757));
#9036=CARTESIAN_POINT('Ctrl Pts',(128.272417901708,37.2530146256018,8.84909399276367));
#9037=CARTESIAN_POINT('Ctrl Pts',(128.208609571542,37.2455581658346,8.78413340521816));
#9038=CARTESIAN_POINT('Ctrl Pts',(128.14480234474,37.2373039821123,8.71897970746653));
#9039=CARTESIAN_POINT('Ctrl Pts',(128.080852268156,37.2280863782754,8.65345010412237));
#9040=CARTESIAN_POINT('',(128.272417906954,5.57898415844449,1.13820175055572));
#9041=CARTESIAN_POINT('Origin',(120.605538356168,21.4948131722082,0.374588158337722));
#9042=CARTESIAN_POINT('',(123.202507813578,-32.1089457137916,2.57956222598968));
#9043=CARTESIAN_POINT('',(134.804561857721,-25.4104966878056,12.4303628295025));
#9044=CARTESIAN_POINT('',(129.000000000085,-25.099999999882,7.50196125226403));
#9045=CARTESIAN_POINT('Ctrl Pts',(129.000000000085,-25.099999999882,7.50196125226404));
#9046=CARTESIAN_POINT('Ctrl Pts',(128.065525413271,-25.0999999998823,6.708539433271));
#9047=CARTESIAN_POINT('Ctrl Pts',(126.197523542802,-25.5661352673358,5.12250010928818));
#9048=CARTESIAN_POINT('Ctrl Pts',(124.352464413409,-27.2344660938392,3.55594047112624));
#9049=CARTESIAN_POINT('Ctrl Pts',(123.220761972367,-29.4990096669341,2.59506104005426));
#9050=CARTESIAN_POINT('Ctrl Pts',(123.058366542879,-31.0989370066674,2.45717812822622));
#9051=CARTESIAN_POINT('Ctrl Pts',(123.20253727089,-32.1089384777169,2.57958723691501));
#9052=CARTESIAN_POINT('',(129.088923287743,-25.0999999998796,7.57746215687933));
#9053=CARTESIAN_POINT('Ctrl Pts',(129.088923287743,-25.099999999882,7.57746215687935));
#9054=CARTESIAN_POINT('Ctrl Pts',(129.059282191857,-25.099999999882,7.55229518867424));
#9055=CARTESIAN_POINT('Ctrl Pts',(129.029641095971,-25.099999999882,7.52712822046914));
#9056=CARTESIAN_POINT('Ctrl Pts',(129.000000000085,-25.099999999882,7.50196125226404));
#9057=CARTESIAN_POINT('',(129.088923287753,-13.0999999998963,7.57746215687933));
#9058=CARTESIAN_POINT('',(129.08892328777,5.69740658609819,7.57746215687934));
#9059=CARTESIAN_POINT('',(128.79999999999,-13.1000000000074,7.33214993141969));
#9060=CARTESIAN_POINT('Ctrl Pts',(128.79999999999,-13.0999999998869,7.3321499314197));
#9061=CARTESIAN_POINT('Ctrl Pts',(128.896307762578,-13.09999999989,7.41392067323958));
#9062=CARTESIAN_POINT('Ctrl Pts',(128.992615525165,-13.0999999998932,7.49569141505946));
#9063=CARTESIAN_POINT('Ctrl Pts',(129.088923287753,-13.0999999998963,7.57746215687934));
#9064=CARTESIAN_POINT('',(123.337705920831,-7.39999999989534,2.69435307175244));
#9065=CARTESIAN_POINT('Ctrl Pts',(123.337705920831,-7.39999999987759,2.69435307175244));
#9066=CARTESIAN_POINT('Ctrl Pts',(123.337705920824,-8.29936761730144,2.69435307174683));
#9067=CARTESIAN_POINT('Ctrl Pts',(123.757814424349,-10.0852871438504,3.05104897096758));
#9068=CARTESIAN_POINT('Ctrl Pts',(125.644595700846,-12.4196607869934,4.65303307365607));
#9069=CARTESIAN_POINT('Ctrl Pts',(127.614925667355,-13.099999999987,6.32595474333367));
#9070=CARTESIAN_POINT('Ctrl Pts',(128.79999999999,-13.1000000000074,7.3321499314197));
#9071=CARTESIAN_POINT('',(123.337705920711,7.40000000016874,2.69435307163915));
#9072=CARTESIAN_POINT('',(123.337705920831,14.4474065861523,2.69435307173622));
#9073=CARTESIAN_POINT('',(128.8,13.1000000001131,7.33214993140911));
#9074=CARTESIAN_POINT('Ctrl Pts',(128.8,13.1000000001131,7.33214993140913));
#9075=CARTESIAN_POINT('Ctrl Pts',(127.614925667367,13.1000000001127,6.32595474332441));
#9076=CARTESIAN_POINT('Ctrl Pts',(125.644595700858,12.41966078717,4.65303307364754));
#9077=CARTESIAN_POINT('Ctrl Pts',(123.757814424317,10.0852871441061,3.05104897092561));
#9078=CARTESIAN_POINT('Ctrl Pts',(123.337705920737,8.29936761758891,2.69435307166113));
#9079=CARTESIAN_POINT('Ctrl Pts',(123.337705920711,7.40000000016873,2.69435307163915));
#9080=CARTESIAN_POINT('',(129.088923287776,13.100000000018,7.57746215687934));
#9081=CARTESIAN_POINT('Ctrl Pts',(129.088923287788,13.1000000001037,7.57746215688923));
#9082=CARTESIAN_POINT('Ctrl Pts',(128.992615525192,13.1000000001069,7.49569141506253));
#9083=CARTESIAN_POINT('Ctrl Pts',(128.896307762596,13.10000000011,7.41392067323582));
#9084=CARTESIAN_POINT('Ctrl Pts',(128.8,13.1000000001131,7.33214993140912));
#9085=CARTESIAN_POINT('',(129.088923287787,25.0999999995226,7.57746215687935));
#9086=CARTESIAN_POINT('',(129.088923287787,24.7974065858569,7.57746215687935));
#9087=CARTESIAN_POINT('',(129.000000000178,25.099999999523,7.50196125230556));
#9088=CARTESIAN_POINT('Ctrl Pts',(129.000000000178,25.099999999523,7.50196125230556));
#9089=CARTESIAN_POINT('Ctrl Pts',(129.029641096047,25.0999999995228,7.52712822049682));
#9090=CARTESIAN_POINT('Ctrl Pts',(129.059282191917,25.0999999995227,7.55229518868808));
#9091=CARTESIAN_POINT('Ctrl Pts',(129.088923287787,25.0999999995226,7.57746215687935));
#9092=CARTESIAN_POINT('Ctrl Pts',(123.202537271048,32.1089384776594,2.57958723700118));
#9093=CARTESIAN_POINT('Ctrl Pts',(123.058366542974,31.0989370065315,2.45717812826043));
#9094=CARTESIAN_POINT('Ctrl Pts',(123.220761972431,29.499009666689,2.59506104006457));
#9095=CARTESIAN_POINT('Ctrl Pts',(124.3524644135,27.2344660935048,3.55594047116264));
#9096=CARTESIAN_POINT('Ctrl Pts',(126.197523542889,25.5661352669873,5.12250010932428));
#9097=CARTESIAN_POINT('Ctrl Pts',(128.065525413361,25.099999999526,6.70853943331051));
#9098=CARTESIAN_POINT('Ctrl Pts',(129.000000000178,25.099999999523,7.50196125230556));
#9099=CARTESIAN_POINT('Origin',(56.5,-39.9493312968134,17.7499999999997));
#9100=CARTESIAN_POINT('Origin',(39.9073228343224,-39.0543069401061,5.15129772233562));
#9101=CARTESIAN_POINT('',(40.797492186411,-32.1089457138789,2.57956222598031));
#9102=CARTESIAN_POINT('',(36.8913038015006,-29.8537067982139,5.89613726977226));
#9103=CARTESIAN_POINT('',(40.7671976223609,-32.1887328948364,2.62896583313739));
#9104=CARTESIAN_POINT('Ctrl Pts',(40.797492186411,-32.1089457138789,2.57956222598031));
#9105=CARTESIAN_POINT('Ctrl Pts',(40.7875528906099,-32.1356765508483,2.59590574562518));
#9106=CARTESIAN_POINT('Ctrl Pts',(40.777453696877,-32.1622724295788,2.61237464688567));
#9107=CARTESIAN_POINT('Ctrl Pts',(40.7671976223609,-32.1887328948364,2.6289658331374));
#9108=CARTESIAN_POINT('',(35.9191477318594,-37.2280863786491,8.65345010422841));
#9109=CARTESIAN_POINT('Ctrl Pts',(35.9191477318594,-37.2280863786491,8.65345010422841));
#9110=CARTESIAN_POINT('Ctrl Pts',(36.9504952453772,-37.0794305317075,7.59662895433911));
#9111=CARTESIAN_POINT('Ctrl Pts',(38.5906477253561,-36.3439171494581,5.79446077399157));
#9112=CARTESIAN_POINT('Ctrl Pts',(40.1915589912349,-34.3875504076252,3.73391513242371));
#9113=CARTESIAN_POINT('Ctrl Pts',(40.6676384622545,-32.9479398364562,2.91231587533849));
#9114=CARTESIAN_POINT('Ctrl Pts',(40.7671966024125,-32.1887324268954,2.62896672857031));
#9115=CARTESIAN_POINT('',(35.7275820980139,-37.2530146242956,8.84909399275234));
#9116=CARTESIAN_POINT('Ctrl Pts',(35.7275820983188,-37.2530146259707,8.84909399285842));
#9117=CARTESIAN_POINT('Ctrl Pts',(35.7913904284817,-37.2455581662049,8.78413340531667));
#9118=CARTESIAN_POINT('Ctrl Pts',(35.8551976552792,-37.2373039824842,8.7189797075688));
#9119=CARTESIAN_POINT('Ctrl Pts',(35.9191477318594,-37.228086378649,8.65345010422841));
#9120=CARTESIAN_POINT('',(35.7275820930461,-4.9263485625608,0.979320715263066));
#9121=CARTESIAN_POINT('Origin',(43.394461643858,5.0499999998325,0.374588158337722));
#9122=CARTESIAN_POINT('',(40.7974921862202,32.1089457140623,2.57956222614421));
#9123=CARTESIAN_POINT('',(34.7908382469992,28.6410024453176,7.67955141982232));
#9124=CARTESIAN_POINT('',(34.9999999998237,25.0999999995303,7.50196125232972));
#9125=CARTESIAN_POINT('Ctrl Pts',(34.9999999998237,25.0999999995303,7.50196125232972));
#9126=CARTESIAN_POINT('Ctrl Pts',(36.4017118801115,25.0999999995354,6.3118285237834));
#9127=CARTESIAN_POINT('Ctrl Pts',(38.7299196133335,25.9870071085384,4.33504837293456));
#9128=CARTESIAN_POINT('Ctrl Pts',(40.7217059745925,28.952342635808,2.64390900960159));
#9129=CARTESIAN_POINT('Ctrl Pts',(40.9415667134486,31.0988491621947,2.45723479736532));
#9130=CARTESIAN_POINT('Ctrl Pts',(40.7974594832806,32.1089376849413,2.57958999279104));
#9131=CARTESIAN_POINT('',(34.911076712243,25.09999999952,7.57746215687934));
#9132=CARTESIAN_POINT('Ctrl Pts',(34.911076712243,25.09999999953,7.57746215687934));
#9133=CARTESIAN_POINT('Ctrl Pts',(34.9407178081032,25.0999999995301,7.55229518869614));
#9134=CARTESIAN_POINT('Ctrl Pts',(34.9703589039634,25.0999999995302,7.52712822051293));
#9135=CARTESIAN_POINT('Ctrl Pts',(34.9999999998237,25.0999999995303,7.50196125232972));
#9136=CARTESIAN_POINT('',(34.9110767122426,13.0999999999928,7.57746215687934));
#9137=CARTESIAN_POINT('',(34.9110767122424,7.57499999991273,7.57746215687934));
#9138=CARTESIAN_POINT('',(35.2,13.0999999999928,7.33214993142492));
#9139=CARTESIAN_POINT('Ctrl Pts',(35.2,13.0999999999928,7.33214993142492));
#9140=CARTESIAN_POINT('Ctrl Pts',(35.1036922374142,13.0999999999928,7.41392067324306));
#9141=CARTESIAN_POINT('Ctrl Pts',(35.0073844748284,13.0999999999928,7.4956914150612));
#9142=CARTESIAN_POINT('Ctrl Pts',(34.9110767122426,13.0999999999928,7.57746215687934));
#9143=CARTESIAN_POINT('',(40.662294079169,7.39999999999281,2.69435307175297));
#9144=CARTESIAN_POINT('Ctrl Pts',(40.662294079169,7.39999999999279,2.69435307175297));
#9145=CARTESIAN_POINT('Ctrl Pts',(40.662294079169,8.7490514261215,2.694353071753));
#9146=CARTESIAN_POINT('Ctrl Pts',(39.8631269731728,10.940918312547,3.37289118061781));
#9147=CARTESIAN_POINT('Ctrl Pts',(37.5667918692953,12.7362407677959,5.32260966504215));
#9148=CARTESIAN_POINT('Ctrl Pts',(35.9900495550857,13.0999999999928,6.66135313937108));
#9149=CARTESIAN_POINT('Ctrl Pts',(35.2,13.0999999999928,7.33214993142493));
#9150=CARTESIAN_POINT('',(40.662294079169,-7.40000000000721,2.69435307175255));
#9151=CARTESIAN_POINT('',(40.662294079169,-1.17500000008719,2.69435307175273));
#9152=CARTESIAN_POINT('',(35.2,-13.1000000000072,7.33214993142419));
#9153=CARTESIAN_POINT('Ctrl Pts',(35.2,-13.1000000000072,7.33214993142419));
#9154=CARTESIAN_POINT('Ctrl Pts',(36.3850743326284,-13.1000000000072,6.32595474334344));
#9155=CARTESIAN_POINT('Ctrl Pts',(38.3557524876936,-12.4201112844466,4.65273744187308));
#9156=CARTESIAN_POINT('Ctrl Pts',(40.242525436877,-10.0856357763024,3.05076040954755));
#9157=CARTESIAN_POINT('Ctrl Pts',(40.662294079169,-8.29936761742634,2.69435307175253));
#9158=CARTESIAN_POINT('Ctrl Pts',(40.662294079169,-7.4000000000072,2.69435307175255));
#9159=CARTESIAN_POINT('',(34.9110767122417,-13.1000000000073,7.57746215687933));
#9160=CARTESIAN_POINT('Ctrl Pts',(34.9110767122417,-13.1000000000072,7.57746215687933));
#9161=CARTESIAN_POINT('Ctrl Pts',(35.0073844748278,-13.1000000000072,7.49569141506095));
#9162=CARTESIAN_POINT('Ctrl Pts',(35.1036922374139,-13.1000000000072,7.41392067324257));
#9163=CARTESIAN_POINT('Ctrl Pts',(35.2,-13.1000000000072,7.33214993142419));
#9164=CARTESIAN_POINT('',(34.9110767122413,-25.0999999998819,7.57746215687933));
#9165=CARTESIAN_POINT('',(34.9110767122418,-11.5250000000247,7.57746215687933));
#9166=CARTESIAN_POINT('',(34.999999999917,-25.099999999882,7.50196125224902));
#9167=CARTESIAN_POINT('Ctrl Pts',(34.999999999917,-25.099999999882,7.50196125224902));
#9168=CARTESIAN_POINT('Ctrl Pts',(34.9703589040251,-25.099999999882,7.52712822045913));
#9169=CARTESIAN_POINT('Ctrl Pts',(34.9407178081332,-25.099999999882,7.55229518866924));
#9170=CARTESIAN_POINT('Ctrl Pts',(34.9110767122413,-25.099999999882,7.57746215687935));
#9171=CARTESIAN_POINT('Ctrl Pts',(40.7974633595803,-32.108938631944,2.57958670159132));
#9172=CARTESIAN_POINT('Ctrl Pts',(40.9416500542865,-31.0989301908276,2.45716403627478));
#9173=CARTESIAN_POINT('Ctrl Pts',(40.7796829186897,-29.4988181913476,2.59468330234757));
#9174=CARTESIAN_POINT('Ctrl Pts',(39.6478214401495,-27.2343267952391,3.55569776525908));
#9175=CARTESIAN_POINT('Ctrl Pts',(37.8027712318083,-25.5659606922371,5.1222498289451));
#9176=CARTESIAN_POINT('Ctrl Pts',(35.9344745867207,-25.099999999882,6.70853943326475));
#9177=CARTESIAN_POINT('Ctrl Pts',(34.999999999917,-25.099999999882,7.50196125224902));
#9178=CARTESIAN_POINT('Origin',(32.8677434520237,34.9900038889988,11.1282990846754));
#9179=CARTESIAN_POINT('',(35.7275820930573,37.8780970150587,9.00126733610687));
#9180=CARTESIAN_POINT('',(32.0673649931376,35.7648696871236,12.1089988360386));
#9181=CARTESIAN_POINT('',(35.7275820980036,37.2530146239402,8.84909399259419));
#9182=CARTESIAN_POINT('',(35.7275820930573,36.0756515285479,8.56247054506607));
#9183=CARTESIAN_POINT('',(35.9191477318859,37.2280863782769,8.65345010403077));
#9184=CARTESIAN_POINT('Ctrl Pts',(35.9191477318859,37.2280863782769,8.65345010403077));
#9185=CARTESIAN_POINT('Ctrl Pts',(35.8551978067032,37.2373039602916,8.71897955223438));
#9186=CARTESIAN_POINT('Ctrl Pts',(35.7913906868365,37.2455581356488,8.78413314212595));
#9187=CARTESIAN_POINT('Ctrl Pts',(35.7275820983071,37.2530146256078,8.84909399269979));
#9188=CARTESIAN_POINT('',(40.7671976221879,32.1887328949524,2.62896583326725));
#9189=CARTESIAN_POINT('Ctrl Pts',(40.7671966022395,32.1887324270115,2.62896672870015));
#9190=CARTESIAN_POINT('Ctrl Pts',(40.6676384620268,32.9479398365498,2.91231587551907));
#9191=CARTESIAN_POINT('Ctrl Pts',(40.1915589909353,34.3875504075813,3.73391513264421));
#9192=CARTESIAN_POINT('Ctrl Pts',(38.5906477250917,36.3439171491642,5.79446077411366));
#9193=CARTESIAN_POINT('Ctrl Pts',(36.9504952452922,37.079430531325,7.59662895425499));
#9194=CARTESIAN_POINT('Ctrl Pts',(35.9191477318859,37.2280863782769,8.65345010403077));
#9195=CARTESIAN_POINT('Ctrl Pts',(40.7671976221879,32.1887328949524,2.62896583326726));
#9196=CARTESIAN_POINT('Ctrl Pts',(40.7774549084555,32.1622693034066,2.61237268677431));
#9197=CARTESIAN_POINT('Ctrl Pts',(40.7875540833184,32.1356733428293,2.59590378426257));
#9198=CARTESIAN_POINT('Ctrl Pts',(40.7974921862202,32.1089457140623,2.57956222614421));
#9199=CARTESIAN_POINT('Origin',(134.862523284473,-32.8363333837846,14.2955066911423));
#9200=CARTESIAN_POINT('',(128.272417906929,-37.8780970146837,9.00126733612974));
#9201=CARTESIAN_POINT('',(133.797768375043,-34.688034434338,13.692602639243));
#9202=CARTESIAN_POINT('',(128.272417901983,-37.2530146243031,8.84909399279924));
#9203=CARTESIAN_POINT('',(128.272417906931,-35.4230159322508,8.40358950966525));
#9204=CARTESIAN_POINT('',(128.080852268114,-37.228086378645,8.65345010424833));
#9205=CARTESIAN_POINT('Ctrl Pts',(128.080852268114,-37.228086378645,8.65345010424832));
#9206=CARTESIAN_POINT('Ctrl Pts',(128.144802193292,-37.2373039606579,8.71897955244794));
#9207=CARTESIAN_POINT('Ctrl Pts',(128.208609313155,-37.2455581360133,8.78413314233554));
#9208=CARTESIAN_POINT('Ctrl Pts',(128.27241790168,-37.2530146259707,8.84909399290539));
#9209=CARTESIAN_POINT('',(123.232802377631,-32.188732894761,2.62896583315288));
#9210=CARTESIAN_POINT('Ctrl Pts',(123.232803191357,-32.1887325214471,2.62896654754277));
#9211=CARTESIAN_POINT('Ctrl Pts',(123.383011413402,-33.334276884587,3.05649140693595));
#9212=CARTESIAN_POINT('Ctrl Pts',(124.463161213756,-35.7731457962032,4.71914926812618));
#9213=CARTESIAN_POINT('Ctrl Pts',(126.705722250077,-37.0298785827139,7.24435523771328));
#9214=CARTESIAN_POINT('Ctrl Pts',(128.080852268114,-37.228086378645,8.65345010424833));
#9215=CARTESIAN_POINT('Ctrl Pts',(123.232802377631,-32.188732894761,2.62896583315289));
#9216=CARTESIAN_POINT('Ctrl Pts',(123.222545091356,-32.162269303189,2.61237268664632));
#9217=CARTESIAN_POINT('Ctrl Pts',(123.212445916486,-32.1356733425854,2.59590378412118));
#9218=CARTESIAN_POINT('Ctrl Pts',(123.202507813578,-32.1089457137917,2.57956222598969));
#9219=CARTESIAN_POINT('Origin',(124.8,3.69999999988849,17.0499999999997));
#9220=CARTESIAN_POINT('',(124.1,-7.39999999989412,16.3499999999997));
#9221=CARTESIAN_POINT('',(125.5,-10.7466401061436,17.7499999999997));
#9222=CARTESIAN_POINT('Origin',(128.8,-7.40000000000735,21.0499999999997));
#9223=CARTESIAN_POINT('',(125.5,10.7466401062982,17.7499999999997));
#9224=CARTESIAN_POINT('',(125.5,3.69999999988849,17.7499999999997));
#9225=CARTESIAN_POINT('',(124.09999999988,7.40000000010587,16.3499999999997));
#9226=CARTESIAN_POINT('Origin',(128.8,7.39999999999265,21.0499999999997));
#9227=CARTESIAN_POINT('',(124.1,3.69999999988849,16.3499999999997));
#9228=CARTESIAN_POINT('Origin',(128.8,7.39999999999265,17.7499999999997));
#9229=CARTESIAN_POINT('',(128.800000000065,12.1000000001131,17.7499999999997));
#9230=CARTESIAN_POINT('Origin',(128.8,7.39999999999265,17.7499999999997));
#9231=CARTESIAN_POINT('',(128.800000000065,12.1000000001131,8.70050244516268));
#9232=CARTESIAN_POINT('',(128.800000000065,12.1000000001131,17.7499999999997));
#9233=CARTESIAN_POINT('',(128.441752970452,12.0863268203235,8.33968497504547));
#9234=CARTESIAN_POINT('Ctrl Pts',(128.441752970452,12.0863268203235,8.33968497504547));
#9235=CARTESIAN_POINT('Ctrl Pts',(128.571020992833,12.0962087356932,8.44961811043455));
#9236=CARTESIAN_POINT('Ctrl Pts',(128.691053204421,12.1000000001147,8.57040902170777));
#9237=CARTESIAN_POINT('Ctrl Pts',(128.800000000069,12.1000000001131,8.70050244517375));
#9238=CARTESIAN_POINT('',(128.153415769687,12.0553118944034,8.09368246933445));
#9239=CARTESIAN_POINT('Ctrl Pts',(128.153415769667,12.0553118944007,8.09368246931739));
#9240=CARTESIAN_POINT('Ctrl Pts',(128.249337805359,12.0686346699798,8.17590751171997));
#9241=CARTESIAN_POINT('Ctrl Pts',(128.345510323735,12.0789695352634,8.25783754118401));
#9242=CARTESIAN_POINT('Ctrl Pts',(128.441752970453,12.0863268203236,8.3396849750446));
#9243=CARTESIAN_POINT('',(124.09999999988,7.40000000010587,4.34158389357509));
#9244=CARTESIAN_POINT('Ctrl Pts',(124.09999999988,7.40000000010587,4.34158389357509));
#9245=CARTESIAN_POINT('Ctrl Pts',(124.099999999893,7.97609978501659,4.34158389358917));
#9246=CARTESIAN_POINT('Ctrl Pts',(124.305796210931,9.13612069496217,4.55830128135858));
#9247=CARTESIAN_POINT('Ctrl Pts',(125.51233626855,11.0645908474833,5.7519465585357));
#9248=CARTESIAN_POINT('Ctrl Pts',(127.108766223446,11.9102187324148,7.19820154448452));
#9249=CARTESIAN_POINT('Ctrl Pts',(128.153415769687,12.0553118944034,8.09368246933446));
#9250=CARTESIAN_POINT('',(124.09999999988,7.40000000010587,17.7499999999997));
#9251=CARTESIAN_POINT('Origin',(82.0000000000006,-3.28688187778425E-10,
17.7499999999997));
#9252=CARTESIAN_POINT('',(128.799999999935,-12.1000000000074,17.7499999999997));
#9253=CARTESIAN_POINT('Origin',(128.8,-7.40000000000735,17.7499999999997));
#9254=CARTESIAN_POINT('',(129.50000000001,-12.0999999999097,17.7499999999997));
#9255=CARTESIAN_POINT('',(105.399999999771,-12.0999999991249,17.7499999999997));
#9256=CARTESIAN_POINT('',(130.500000000009,-13.0999999999164,17.7499999999997));
#9257=CARTESIAN_POINT('',(114.85000000051,2.55000000008114,17.7499999999997));
#9258=CARTESIAN_POINT('',(132.500000000021,-13.0999999999163,17.7499999999997));
#9259=CARTESIAN_POINT('',(107.250000000011,-13.0999999999169,17.7499999999997));
#9260=CARTESIAN_POINT('',(132.500000000016,-10.1000000000074,17.7499999999997));
#9261=CARTESIAN_POINT('',(132.499999999983,-42.9896263446236,17.7499999999997));
#9262=CARTESIAN_POINT('',(128.8,-10.1000000000074,17.7499999999997));
#9263=CARTESIAN_POINT('',(132.500000000016,-10.1000000000074,17.7499999999997));
#9264=CARTESIAN_POINT('',(126.1,-7.39999999989413,17.7499999999997));
#9265=CARTESIAN_POINT('Origin',(128.8,-7.40000000000735,17.7499999999997));
#9266=CARTESIAN_POINT('',(126.09999999988,7.40000000010587,17.7499999999997));
#9267=CARTESIAN_POINT('',(126.1,-7.39999999989413,17.7499999999997));
#9268=CARTESIAN_POINT('',(128.8,10.1000000001131,17.7499999999997));
#9269=CARTESIAN_POINT('Origin',(128.8,7.39999999999265,17.7499999999997));
#9270=CARTESIAN_POINT('',(132.500000000015,10.0999999999927,17.7499999999997));
#9271=CARTESIAN_POINT('',(128.8,10.1000000001131,17.7499999999997));
#9272=CARTESIAN_POINT('',(132.500000000021,13.0999999999238,17.7499999999988));
#9273=CARTESIAN_POINT('',(132.499999999983,-42.9896263446236,17.7499999999997));
#9274=CARTESIAN_POINT('',(130.500000000032,13.0999999999237,17.7499999999988));
#9275=CARTESIAN_POINT('',(107.25000000001,13.0999999999232,17.7499999999997));
#9276=CARTESIAN_POINT('',(129.500000000032,12.1000000000903,17.7499999999997));
#9277=CARTESIAN_POINT('',(114.849999999522,-2.54999999992921,17.7499999999997));
#9278=CARTESIAN_POINT('',(107.250000000237,12.1000000008148,17.7499999999997));
#9279=CARTESIAN_POINT('Origin',(39.2,-3.70000000016796,17.0499999999997));
#9280=CARTESIAN_POINT('',(39.9,7.39999999999277,16.3499999999997));
#9281=CARTESIAN_POINT('',(38.5,10.7466401061291,17.7499999999997));
#9282=CARTESIAN_POINT('Origin',(35.2,7.39999999999277,21.0499999999997));
#9283=CARTESIAN_POINT('',(38.5,-10.7466401061435,17.7499999999997));
#9284=CARTESIAN_POINT('',(38.5,-3.70000000016796,17.7499999999997));
#9285=CARTESIAN_POINT('',(39.9,-7.40000000000723,16.3499999999997));
#9286=CARTESIAN_POINT('Origin',(35.2,-7.40000000000723,21.0499999999997));
#9287=CARTESIAN_POINT('',(39.9,-3.70000000016796,16.3499999999997));
#9288=CARTESIAN_POINT('Origin',(35.2,-7.40000000000723,17.7499999999997));
#9289=CARTESIAN_POINT('',(35.2,-12.1000000000072,17.7499999999997));
#9290=CARTESIAN_POINT('Origin',(35.2,-7.40000000000723,17.7499999999997));
#9291=CARTESIAN_POINT('',(35.2,-12.1000000000072,8.70050244511225));
#9292=CARTESIAN_POINT('',(35.2,-12.1000000000072,17.7499999999997));
#9293=CARTESIAN_POINT('',(35.5582470295568,-12.0863268202166,8.33968497505044));
#9294=CARTESIAN_POINT('Ctrl Pts',(35.5582470295568,-12.0863268202166,8.33968497505044));
#9295=CARTESIAN_POINT('Ctrl Pts',(35.4289790072002,-12.096208735585,8.44961811042131));
#9296=CARTESIAN_POINT('Ctrl Pts',(35.3089467956319,-12.1000000000072,8.57040902167199));
#9297=CARTESIAN_POINT('Ctrl Pts',(35.2,-12.1000000000072,8.70050244511224));
#9298=CARTESIAN_POINT('',(35.8465842303134,-12.0553118942964,8.09368246934889));
#9299=CARTESIAN_POINT('Ctrl Pts',(35.8465842303134,-12.0553118942964,8.09368246934888));
#9300=CARTESIAN_POINT('Ctrl Pts',(35.750662194631,-12.0686346698741,8.17590751174275));
#9301=CARTESIAN_POINT('Ctrl Pts',(35.6544896762652,-12.0789695351567,8.25783754119828));
#9302=CARTESIAN_POINT('Ctrl Pts',(35.5582470295568,-12.0863268202166,8.33968497505045));
#9303=CARTESIAN_POINT('',(39.9,-7.40000000000723,4.3415838936885));
#9304=CARTESIAN_POINT('Ctrl Pts',(39.9,-7.40000000000723,4.3415838936885));
#9305=CARTESIAN_POINT('Ctrl Pts',(39.9,-7.9760997849108,4.34158389368849));
#9306=CARTESIAN_POINT('Ctrl Pts',(39.6941939483332,-9.13615431465402,4.55832801089545));
#9307=CARTESIAN_POINT('Ctrl Pts',(38.487867192234,-11.0649851756712,5.75190383406322));
#9308=CARTESIAN_POINT('Ctrl Pts',(36.8912337765468,-11.910218732305,7.19820154450491));
#9309=CARTESIAN_POINT('Ctrl Pts',(35.8465842303134,-12.0553118942964,8.09368246934889));
#9310=CARTESIAN_POINT('',(39.9,-7.40000000000723,17.7499999999997));
#9311=CARTESIAN_POINT('Origin',(82.0000000000006,-3.28688187778425E-10,
17.7499999999997));
#9312=CARTESIAN_POINT('',(35.2,12.0999999999928,17.7499999999997));
#9313=CARTESIAN_POINT('Origin',(35.2,7.39999999999277,17.7499999999997));
#9314=CARTESIAN_POINT('',(34.4999999999864,12.0999999999928,17.7499999999997));
#9315=CARTESIAN_POINT('',(58.6000000000003,12.0999999999927,17.7499999999997));
#9316=CARTESIAN_POINT('',(33.4999999999864,13.0999999999215,17.7499999999988));
#9317=CARTESIAN_POINT('',(49.1500000000698,-2.55000000009126,17.7499999999997));
#9318=CARTESIAN_POINT('',(31.4999999999864,13.0999999999214,17.7499999999988));
#9319=CARTESIAN_POINT('',(107.25000000001,13.0999999999232,17.7499999999997));
#9320=CARTESIAN_POINT('',(31.4999999999854,10.0999999999928,17.7499999999997));
#9321=CARTESIAN_POINT('',(31.4999999999874,42.989626345134,17.7499999999997));
#9322=CARTESIAN_POINT('',(35.2,10.0999999999928,17.7499999999997));
#9323=CARTESIAN_POINT('',(35.2,10.0999999999928,17.7499999999997));
#9324=CARTESIAN_POINT('',(37.9,7.39999999999277,17.7499999999997));
#9325=CARTESIAN_POINT('Origin',(35.2,7.39999999999277,17.7499999999997));
#9326=CARTESIAN_POINT('',(37.9,-7.40000000000723,17.7499999999997));
#9327=CARTESIAN_POINT('',(37.9,-7.40000000000723,17.7499999999997));
#9328=CARTESIAN_POINT('',(35.2,-10.1000000000072,17.7499999999997));
#9329=CARTESIAN_POINT('Origin',(35.2,-7.40000000000723,17.7499999999997));
#9330=CARTESIAN_POINT('',(31.4999999999848,-10.1000000000072,17.7499999999997));
#9331=CARTESIAN_POINT('',(31.4999999999848,-10.1000000000072,17.7499999999997));
#9332=CARTESIAN_POINT('',(31.4999999999855,-13.0999999999187,17.7499999999997));
#9333=CARTESIAN_POINT('',(31.4999999999874,42.989626345134,17.7499999999997));
#9334=CARTESIAN_POINT('',(33.4999999999855,-13.0999999999187,17.7499999999997));
#9335=CARTESIAN_POINT('',(107.250000000011,-13.0999999999169,17.7499999999997));
#9336=CARTESIAN_POINT('',(34.4999999999855,-12.1000000000072,17.7499999999997));
#9337=CARTESIAN_POINT('',(49.1499999999093,2.54999999991606,17.7499999999997));
#9338=CARTESIAN_POINT('',(56.7499999999927,-12.1000000000072,17.7499999999997));
#9339=CARTESIAN_POINT('Origin',(52.4999999999997,46.8230854637508,17.7499999999997));
#9340=CARTESIAN_POINT('',(52.4999999999999,55.1139819981462,15.6499999999997));
#9341=CARTESIAN_POINT('Origin',(52.4999999999996,43.566976614348,3.78260083152429));
#9342=CARTESIAN_POINT('Origin',(31.4815344985587,35.3310130320649,9.72753589923719));
#9343=CARTESIAN_POINT('',(55.8405949497276,56.0388473930978,-9.33720475272278));
#9344=CARTESIAN_POINT('',(33.5224970859572,43.1534875836252,9.61212362217626));
#9345=CARTESIAN_POINT('',(29.7055246452996,40.9497575175181,12.8529492793383));
#9346=CARTESIAN_POINT('',(56.3536248705047,56.3350453559613,-9.772796194892));
#9347=CARTESIAN_POINT('Ctrl Pts',(56.3536248705047,56.3350453559613,-9.77279619489199));
#9348=CARTESIAN_POINT('Ctrl Pts',(56.1826148969123,56.2363127016735,-9.62759904750225));
#9349=CARTESIAN_POINT('Ctrl Pts',(56.01160492332,56.1375800473856,-9.48240190011252));
#9350=CARTESIAN_POINT('Ctrl Pts',(55.8405949497276,56.0388473930978,-9.33720475272278));
#9351=CARTESIAN_POINT('',(56.653013443672,56.4952633596612,-10.0300697442618));
#9352=CARTESIAN_POINT('Ctrl Pts',(56.6530141729142,56.4952585644688,-10.0300716332938));
#9353=CARTESIAN_POINT('Ctrl Pts',(56.5511054043252,56.4448641285182,-9.94149000484595));
#9354=CARTESIAN_POINT('Ctrl Pts',(56.4512306863983,56.3913981000421,-9.8556690574432));
#9355=CARTESIAN_POINT('Ctrl Pts',(56.3536248705047,56.3350453559613,-9.77279619489199));
#9356=CARTESIAN_POINT('',(56.7543358166014,56.4145033358389,-10.1500000000003));
#9357=CARTESIAN_POINT('Ctrl Pts',(56.7543358166014,56.4145033358389,-10.1500000000003));
#9358=CARTESIAN_POINT('Ctrl Pts',(56.7040847314985,56.454745264024,-10.0904743282783));
#9359=CARTESIAN_POINT('Ctrl Pts',(56.653013443672,56.4952633596612,-10.0300697442618));
#9360=CARTESIAN_POINT('',(52.6999999999873,39.9335475502801,-10.1500000000003));
#9361=CARTESIAN_POINT('',(47.7652046376228,19.873506187986,-10.1500000000003));
#9362=CARTESIAN_POINT('',(38.0858309345652,31.4960531063601,2.25825675365972));
#9363=CARTESIAN_POINT('',(32.8614793649191,28.4797723212779,6.69402695430259));
#9364=CARTESIAN_POINT('',(34.9999999997915,34.2999999995303,5.99463278946192));
#9365=CARTESIAN_POINT('Origin',(34.9999999998028,31.1999999995303,5.23995251622931));
#9366=CARTESIAN_POINT('',(33.3413731395923,34.2999999995254,7.6360261584236));
#9367=CARTESIAN_POINT('',(30.2393403532388,34.2999999995162,10.705828154281));
#9368=CARTESIAN_POINT('',(33.3413731396365,43.0516828349794,9.76658176915641));
#9369=CARTESIAN_POINT('',(33.3413731395923,36.1892240371088,8.09594877547511));
#9370=CARTESIAN_POINT('Ctrl Pts',(33.5224970859572,43.1534875836252,9.61212362217626));
#9371=CARTESIAN_POINT('Ctrl Pts',(33.4621901893242,43.1186693806202,9.66332759101554));
#9372=CARTESIAN_POINT('Ctrl Pts',(33.4018437557575,43.0847410830329,9.71478732923771));
#9373=CARTESIAN_POINT('Ctrl Pts',(33.3413731396389,43.0516828349667,9.76658176915099));
#9374=CARTESIAN_POINT('Origin',(36.9190963302649,34.5713376863921,17.0116699850723));
#9375=CARTESIAN_POINT('',(34.4999999999873,40.6802252683776,13.0813537025235));
#9376=CARTESIAN_POINT('Ctrl Pts',(34.4999999999873,40.6802252683776,13.0813537025235));
#9377=CARTESIAN_POINT('Ctrl Pts',(34.4999999999873,40.7720193919814,13.2944719022162));
#9378=CARTESIAN_POINT('Ctrl Pts',(34.5129345579419,40.8601501934248,13.5047938404144));
#9379=CARTESIAN_POINT('Ctrl Pts',(34.5669137163004,41.061603154969,14.0090978282573));
#9380=CARTESIAN_POINT('Ctrl Pts',(34.6271444428678,41.1863293332105,14.3462299590395));
#9381=CARTESIAN_POINT('Ctrl Pts',(34.7915081797529,41.3985967942105,15.0216813876386));
#9382=CARTESIAN_POINT('Ctrl Pts',(34.8949813033647,41.4856180993969,15.3603243698908));
#9383=CARTESIAN_POINT('Ctrl Pts',(34.9999999999866,41.5462506721617,15.669393284361));
#9384=CARTESIAN_POINT('',(34.4999999999873,40.4436631704656,12.5934027113865));
#9385=CARTESIAN_POINT('Origin',(34.4999999999871,33.174671768908,19.0656196994591));
#9386=CARTESIAN_POINT('Ctrl Pts',(35.7275820930573,37.8780970150587,9.00126733610687));
#9387=CARTESIAN_POINT('Ctrl Pts',(35.3810262667053,38.3164445201752,9.45093599030739));
#9388=CARTESIAN_POINT('Ctrl Pts',(35.0675844190392,38.7769469023288,10.0039324833796));
#9389=CARTESIAN_POINT('Ctrl Pts',(34.6321904187987,39.6422512857259,11.2143412957374));
#9390=CARTESIAN_POINT('Ctrl Pts',(34.5111473583076,40.0476206269236,11.8716748010361));
#9391=CARTESIAN_POINT('Ctrl Pts',(34.5002599609808,40.4097768755931,12.5311428592427));
#9392=CARTESIAN_POINT('Ctrl Pts',(34.4999999999873,40.4267217487797,12.5621822807288));
#9393=CARTESIAN_POINT('Ctrl Pts',(34.4999999999873,40.4436631704656,12.5934027113865));
#9394=CARTESIAN_POINT('Origin',(29.8714776325058,41.54748451862,13.4548535928125));
#9395=CARTESIAN_POINT('',(33.8544030603697,44.3489415858291,10.8159322491246));
#9396=CARTESIAN_POINT('',(56.1725009241401,57.2343013953017,-8.13339612577444));
#9397=CARTESIAN_POINT('',(30.0374306197121,42.145211519722,14.0567579062866));
#9398=CARTESIAN_POINT('',(56.1725009241401,57.2343013953017,-8.13339612577444));
#9399=CARTESIAN_POINT('',(33.5224970859572,43.1534875836252,9.61212362217626));
#9400=CARTESIAN_POINT('Origin',(42.0999999999861,5.04999999983254,-1.15000000000029));
#9401=CARTESIAN_POINT('',(52.6999999999846,-39.9335475504152,-10.1500000000003));
#9402=CARTESIAN_POINT('',(52.6999999999861,5.04999999983219,-10.1500000000003));
#9403=CARTESIAN_POINT('',(38.0858309347362,-31.4960531061193,2.25825675351274));
#9404=CARTESIAN_POINT('',(39.9010587473326,-32.5440753724234,0.717025591874283));
#9405=CARTESIAN_POINT('',(34.999999999917,-28.099999999882,4.87830188684991));
#9406=CARTESIAN_POINT('Origin',(34.999999999917,-31.199999999882,4.87830188684982));
#9407=CARTESIAN_POINT('',(33.6166150683693,-28.099999999882,6.05287399854133));
#9408=CARTESIAN_POINT('',(35.3746793545373,-28.099999999882,4.56017790651187));
#9409=CARTESIAN_POINT('',(33.6166150683699,-10.1000000000072,6.05287399854133));
#9410=CARTESIAN_POINT('',(33.6166150683699,-11.5250000000246,6.05287399854133));
#9411=CARTESIAN_POINT('',(35.2,-10.1000000000072,4.70849056602523));
#9412=CARTESIAN_POINT('',(34.3577678940691,-10.1000000000072,5.42359329747599));
#9413=CARTESIAN_POINT('',(37.9,-7.40000000000723,2.41603773583662));
#9414=CARTESIAN_POINT('Origin',(35.2,-7.40000000000723,4.7084905660253));
#9415=CARTESIAN_POINT('',(37.9,7.39999999999277,2.41603773583704));
#9416=CARTESIAN_POINT('',(37.9,-1.17500000008718,2.4160377358368));
#9417=CARTESIAN_POINT('',(35.2,10.0999999999928,4.7084905660258));
#9418=CARTESIAN_POINT('Origin',(35.2,7.39999999999277,4.70849056602573));
#9419=CARTESIAN_POINT('',(33.6166150683706,10.0999999999928,6.05287399854133));
#9420=CARTESIAN_POINT('',(35.4327885808756,10.0999999999928,4.51083988415027));
#9421=CARTESIAN_POINT('',(33.6166150683712,28.0999999995252,6.05287399854133));
#9422=CARTESIAN_POINT('',(33.6166150683705,7.57499999991277,6.05287399854133));
#9423=CARTESIAN_POINT('',(34.9999999998142,28.0999999995303,4.87830188693879));
#9424=CARTESIAN_POINT('',(34.357767894025,28.0999999995279,5.42359329751453));
#9425=CARTESIAN_POINT('Origin',(34.9999999998028,31.1999999995303,4.87830188694852));
#9426=CARTESIAN_POINT('Origin',(31.4999999999874,42.989626345134,17.7499999999997));
#9427=CARTESIAN_POINT('',(56.1725009241401,57.2343013953017,17.7499999999997));
#9428=CARTESIAN_POINT('',(33.7208662081446,44.2718440482501,10.9344869396482));
#9429=CARTESIAN_POINT('Ctrl Pts',(33.7208662081446,44.2718440482501,10.9344869396482));
#9430=CARTESIAN_POINT('Ctrl Pts',(33.7644417410049,44.2970023938771,10.8940437158363));
#9431=CARTESIAN_POINT('Ctrl Pts',(33.8089616857085,44.3227059959361,10.8545145483653));
#9432=CARTESIAN_POINT('Ctrl Pts',(33.8544030603697,44.3489415858292,10.8159322491246));
#9433=CARTESIAN_POINT('',(33.5753736789353,44.1878438973459,11.0765001985261));
#9434=CARTESIAN_POINT('Ctrl Pts',(33.5753736789354,44.1878438973459,11.0765001985261));
#9435=CARTESIAN_POINT('Ctrl Pts',(33.6226199911636,44.2151215684292,11.0280038877843));
#9436=CARTESIAN_POINT('Ctrl Pts',(33.6711278575016,44.2431275981172,10.9806499837935));
#9437=CARTESIAN_POINT('Ctrl Pts',(33.7208662081446,44.2718440482501,10.9344869396482));
#9438=CARTESIAN_POINT('',(32.9999999997742,43.8556517487969,11.7096618381824));
#9439=CARTESIAN_POINT('Ctrl Pts',(32.9999999996677,43.8556517487355,11.7096618380606));
#9440=CARTESIAN_POINT('Ctrl Pts',(33.1874865617822,43.9638971658419,11.4911631200375));
#9441=CARTESIAN_POINT('Ctrl Pts',(33.3718635339684,44.0703472603662,11.2853946235922));
#9442=CARTESIAN_POINT('Ctrl Pts',(33.5753736789353,44.1878438973459,11.0765001985261));
#9443=CARTESIAN_POINT('',(32.9999999999852,43.8556517489188,17.7499999999997));
#9444=CARTESIAN_POINT('Origin',(59.1725009241443,52.0381489725975,-9.65000000000028));
#9445=CARTESIAN_POINT('',(57.3999042733361,57.7703301554932,-9.15000000000028));
#9446=CARTESIAN_POINT('',(59.1725009241441,58.0381489725975,-9.15000000000028));
#9447=CARTESIAN_POINT('Origin',(59.1725009241443,52.0381489725975,-9.15000000000028));
#9448=CARTESIAN_POINT('',(59.1725009241441,57.0381489725975,-10.1500000000003));
#9449=CARTESIAN_POINT('',(59.1725009241441,57.0381489725975,-10.1500000000003));
#9450=CARTESIAN_POINT('Origin',(59.1725009241443,52.0381489725975,-10.1500000000003));
#9451=CARTESIAN_POINT('Ctrl Pts',(57.3999042744322,57.7703301558321,-9.15000000093358));
#9452=CARTESIAN_POINT('Ctrl Pts',(57.3568545965263,57.691636027769,-9.21246321513586));
#9453=CARTESIAN_POINT('Ctrl Pts',(57.3129751782075,57.6124749765501,-9.27410653512935));
#9454=CARTESIAN_POINT('Ctrl Pts',(57.2682498527713,57.5328996916486,-9.3346532914006));
#9455=CARTESIAN_POINT('Ctrl Pts',(57.2237938657343,57.453803613542,-9.39483543173545));
#9456=CARTESIAN_POINT('Ctrl Pts',(57.1785021092796,57.3742981955097,-9.45393413462917));
#9457=CARTESIAN_POINT('Ctrl Pts',(57.1323978641411,57.2944224487517,-9.51170849632902));
#9458=CARTESIAN_POINT('Ctrl Pts',(57.1054785543729,57.247784661635,-9.54544174441905));
#9459=CARTESIAN_POINT('Ctrl Pts',(57.0782829897929,57.2010203880051,-9.57872408481589));
#9460=CARTESIAN_POINT('Ctrl Pts',(57.0508220936763,57.1541355887437,-9.61151256068511));
#9461=CARTESIAN_POINT('Ctrl Pts',(57.0102287173166,57.0848293179692,-9.65998129730484));
#9462=CARTESIAN_POINT('Ctrl Pts',(56.9690352347684,57.0152098648663,-9.70742129699083));
#9463=CARTESIAN_POINT('Ctrl Pts',(56.9271978600891,56.9452173943549,-9.75367090394383));
#9464=CARTESIAN_POINT('Ctrl Pts',(56.885858270856,56.8760577015555,-9.79937022825102));
#9465=CARTESIAN_POINT('Ctrl Pts',(56.8438899192547,56.8065336747958,-9.84390722409811));
#9466=CARTESIAN_POINT('Ctrl Pts',(56.801289534688,56.7365782081184,-9.88715692385717));
#9467=CARTESIAN_POINT('Ctrl Pts',(56.7595095747522,56.6679699872115,-9.92957369407061));
#9468=CARTESIAN_POINT('Ctrl Pts',(56.717121607337,56.5989465759398,-9.9707521995738));
#9469=CARTESIAN_POINT('Ctrl Pts',(56.6741615487672,56.5294381669691,-10.0106057175093));
#9470=CARTESIAN_POINT('Ctrl Pts',(56.6671282181349,56.5180583961241,-10.0171304518284));
#9471=CARTESIAN_POINT('Ctrl Pts',(56.6600796415627,56.5066656154861,-10.0236197423053));
#9472=CARTESIAN_POINT('Ctrl Pts',(56.6530160816832,56.4952595083649,-10.0300732924433));
#9473=CARTESIAN_POINT('Origin',(59.1725009246105,-52.0381489732567,-9.65000000000028));
#9474=CARTESIAN_POINT('',(56.6530134436216,-56.495263360064,-10.0300697442307));
#9475=CARTESIAN_POINT('',(57.3999042733063,-57.770330155999,-9.15000000000028));
#9476=CARTESIAN_POINT('Ctrl Pts',(56.6530160816328,-56.4952595087678,-10.0300732924122));
#9477=CARTESIAN_POINT('Ctrl Pts',(56.6963097389496,-56.5651693136657,-9.99051847969839));
#9478=CARTESIAN_POINT('Ctrl Pts',(56.7390365726666,-56.6345784420145,-9.94961799306395));
#9479=CARTESIAN_POINT('Ctrl Pts',(56.7811542656796,-56.7035587500756,-9.90745429140877));
#9480=CARTESIAN_POINT('Ctrl Pts',(56.8238588494471,-56.7735002671241,-9.86470305788963));
#9481=CARTESIAN_POINT('Ctrl Pts',(56.8659373314996,-56.8430011532182,-9.82065327238586));
#9482=CARTESIAN_POINT('Ctrl Pts',(56.9073873553429,-56.9121299050062,-9.77542426629402));
#9483=CARTESIAN_POINT('Ctrl Pts',(56.9495185254148,-56.9823946462147,-9.72945201414189));
#9484=CARTESIAN_POINT('Ctrl Pts',(56.9910004948856,-57.0522750840128,-9.682261545307));
#9485=CARTESIAN_POINT('Ctrl Pts',(57.0318720012095,-57.1218336311977,-9.63401096953174));
#9486=CARTESIAN_POINT('Ctrl Pts',(57.0368127594415,-57.1302422267088,-9.62817819137158));
#9487=CARTESIAN_POINT('Ctrl Pts',(57.041744644718,-57.138646105541,-9.6223299595849));
#9488=CARTESIAN_POINT('Ctrl Pts',(57.0466677646248,-57.147045367179,-9.61646658447601));
#9489=CARTESIAN_POINT('Ctrl Pts',(57.0936667270366,-57.227229597807,-9.56049139972168));
#9490=CARTESIAN_POINT('Ctrl Pts',(57.1398881395838,-57.3070609300578,-9.50306520509561));
#9491=CARTESIAN_POINT('Ctrl Pts',(57.1852850300005,-57.3865080272051,-9.44440866285108));
#9492=CARTESIAN_POINT('Ctrl Pts',(57.230962834779,-57.4664467401965,-9.38538915598535));
#9493=CARTESIAN_POINT('Ctrl Pts',(57.2758059104301,-57.5459965705241,-9.32512407354555));
#9494=CARTESIAN_POINT('Ctrl Pts',(57.3198067470749,-57.625113487193,-9.26387015174516));
#9495=CARTESIAN_POINT('Ctrl Pts',(57.3468207102189,-57.6736866879305,-9.22626379440927));
#9496=CARTESIAN_POINT('Ctrl Pts',(57.3735179992886,-57.7220964641478,-9.18828534090681));
#9497=CARTESIAN_POINT('Ctrl Pts',(57.3999042744023,-57.7703301563379,-9.15000000093356));
#9498=CARTESIAN_POINT('',(56.7543358165787,-56.4145033362279,-10.1500000000003));
#9499=CARTESIAN_POINT('Ctrl Pts',(56.6530134436216,-56.495263360064,-10.0300697442307));
#9500=CARTESIAN_POINT('Ctrl Pts',(56.7040847314621,-56.4547452644199,-10.0904743282629));
#9501=CARTESIAN_POINT('Ctrl Pts',(56.7543358165787,-56.4145033362279,-10.1500000000003));
#9502=CARTESIAN_POINT('',(59.1725009246104,-57.0381489732567,-10.1500000000003));
#9503=CARTESIAN_POINT('Origin',(59.1725009246105,-52.0381489732567,-10.1500000000003));
#9504=CARTESIAN_POINT('',(59.1725009246104,-58.0381489732567,-9.15000000000028));
#9505=CARTESIAN_POINT('',(59.1725009246104,-57.0381489732567,-10.1500000000003));
#9506=CARTESIAN_POINT('Origin',(59.1725009246105,-52.0381489732567,-9.15000000000028));
#9507=CARTESIAN_POINT('Origin',(59.1725009241443,52.0381489725975,17.7499999999997));
#9508=CARTESIAN_POINT('',(58.4999999999999,58.0003417325663,-6.65000000000028));
#9509=CARTESIAN_POINT('',(59.1725009241441,58.0381489725974,-7.59485149908021));
#9510=CARTESIAN_POINT('Ctrl Pts',(58.4999999999999,58.0003417325663,-6.65000000000028));
#9511=CARTESIAN_POINT('Ctrl Pts',(58.4999999999999,58.0003417325663,-6.77565792359072));
#9512=CARTESIAN_POINT('Ctrl Pts',(58.5251286829309,58.0033429857284,-6.90961649793615));
#9513=CARTESIAN_POINT('Ctrl Pts',(58.6271960845997,58.0135379176405,-7.15595272513991));
#9514=CARTESIAN_POINT('Ctrl Pts',(58.7041287884758,58.02050121333,-7.26834235084928));
#9515=CARTESIAN_POINT('Ctrl Pts',(58.8816630603194,58.0317559910099,-7.44587662269285));
#9516=CARTESIAN_POINT('Ctrl Pts',(58.9941355471689,58.0367628724536,-7.52286140632734));
#9517=CARTESIAN_POINT('Ctrl Pts',(59.1355272824161,58.03806258985,-7.58142190095041));
#9518=CARTESIAN_POINT('Ctrl Pts',(59.1539292716762,58.0381489725975,-7.58841429807427));
#9519=CARTESIAN_POINT('Ctrl Pts',(59.1725009241441,58.0381489725975,-7.59485149908021));
#9520=CARTESIAN_POINT('',(59.1725009241441,58.0381489725975,17.7499999999997));
#9521=CARTESIAN_POINT('',(56.6999561285655,57.5050056776755,-8.56933324530352));
#9522=CARTESIAN_POINT('Ctrl Pts',(56.6999561285655,57.5050056776755,-8.56933324530351));
#9523=CARTESIAN_POINT('Ctrl Pts',(56.9289766953876,57.6085868836819,-8.75415594980355));
#9524=CARTESIAN_POINT('Ctrl Pts',(57.1628842748404,57.6970350445916,-8.94817674036139));
#9525=CARTESIAN_POINT('Ctrl Pts',(57.3999042733361,57.7703301554932,-9.15000000000029));
#9526=CARTESIAN_POINT('Ctrl Pts',(56.1725009241401,57.2343013953017,-8.13339612577444));
#9527=CARTESIAN_POINT('Ctrl Pts',(56.3435108977325,57.3330340495895,-8.27859327316418));
#9528=CARTESIAN_POINT('Ctrl Pts',(56.5194651306105,57.4233733793151,-8.42367456126987));
#9529=CARTESIAN_POINT('Ctrl Pts',(56.6999561285655,57.5050056776755,-8.56933324530351));
#9530=CARTESIAN_POINT('',(58.4999999999999,58.0003417325663,17.7499999999997));
#9531=CARTESIAN_POINT('Ctrl Pts',(56.6999561288931,-57.505005678272,-8.56933324560916));
#9532=CARTESIAN_POINT('Ctrl Pts',(56.9289766959526,-57.6085868843928,-8.75415595030036));
#9533=CARTESIAN_POINT('Ctrl Pts',(57.1628842756535,-57.6970350453853,-8.94817674106886));
#9534=CARTESIAN_POINT('Ctrl Pts',(57.3999042744023,-57.7703301563379,-9.15000000093356));
#9535=CARTESIAN_POINT('Ctrl Pts',(56.5845123762151,-57.1150189043664,-8.97048756214368));
#9536=CARTESIAN_POINT('Ctrl Pts',(56.797033437688,-57.2186220764709,-9.14451082604776));
#9537=CARTESIAN_POINT('Ctrl Pts',(57.0153709679727,-57.3088814322074,-9.32799046817196));
#9538=CARTESIAN_POINT('Ctrl Pts',(57.2378548270756,-57.3854002034973,-9.51960740500886));
#9539=CARTESIAN_POINT('Ctrl Pts',(56.4690686235371,-56.7250321304607,-9.3716418786782));
#9540=CARTESIAN_POINT('Ctrl Pts',(56.6650901794234,-56.828657268549,-9.53486570179517));
#9541=CARTESIAN_POINT('Ctrl Pts',(56.867857660292,-56.9207278190295,-9.70780419527506));
#9542=CARTESIAN_POINT('Ctrl Pts',(57.0758053797489,-57.0004702506567,-9.88921480908415));
#9543=CARTESIAN_POINT('Ctrl Pts',(56.3536248708591,-56.3350453565551,-9.77279619521272));
#9544=CARTESIAN_POINT('Ctrl Pts',(56.5331469211587,-56.4386924606271,-9.92522057754258));
#9545=CARTESIAN_POINT('Ctrl Pts',(56.7203443526112,-56.5325742058516,-10.0876179223782));
#9546=CARTESIAN_POINT('Ctrl Pts',(56.9137559324222,-56.6155402978161,-10.2588222131594));
#9547=CARTESIAN_POINT('',(56.6999561288931,-57.505005678272,-8.56933324560916));
#9548=CARTESIAN_POINT('',(56.3536248708591,-56.3350453565551,-9.77279619521273));
#9549=CARTESIAN_POINT('',(56.6999561288931,-57.505005678272,-8.56933324560916));
#9550=CARTESIAN_POINT('Ctrl Pts',(56.3536248708591,-56.3350453565551,-9.77279619521272));
#9551=CARTESIAN_POINT('Ctrl Pts',(56.4512306866233,-56.3913981005644,-9.85566905765406));
#9552=CARTESIAN_POINT('Ctrl Pts',(56.5511054044149,-56.4448641289767,-9.94149000493928));
#9553=CARTESIAN_POINT('Ctrl Pts',(56.6530141728637,-56.4952585648717,-10.0300716332627));
#9554=CARTESIAN_POINT('Ctrl Pts',(57.3999042733063,-57.770330155999,-9.15000000000028));
#9555=CARTESIAN_POINT('Ctrl Pts',(57.1628842749324,-57.6970350451126,-8.94817674047073));
#9556=CARTESIAN_POINT('Ctrl Pts',(56.9289766955996,-57.6085868842331,-8.75415595001547));
#9557=CARTESIAN_POINT('Ctrl Pts',(56.6999561288931,-57.505005678272,-8.56933324560916));
#9558=CARTESIAN_POINT('Ctrl Pts',(56.1725009244793,-57.2343013958875,-8.13339612609021));
#9559=CARTESIAN_POINT('Ctrl Pts',(56.3435108980677,-57.3330340501786,-8.27859327347658));
#9560=CARTESIAN_POINT('Ctrl Pts',(56.5194651309419,-57.4233733799078,-8.4236745615789));
#9561=CARTESIAN_POINT('Ctrl Pts',(56.6999561288931,-57.505005678272,-8.56933324560916));
#9562=CARTESIAN_POINT('Ctrl Pts',(56.0618655996842,-56.8358167284856,-8.53466566841134));
#9563=CARTESIAN_POINT('Ctrl Pts',(56.2328755732726,-56.9345493827767,-8.67986281579771));
#9564=CARTESIAN_POINT('Ctrl Pts',(56.4071817197181,-57.0276864873598,-8.82498272366138));
#9565=CARTESIAN_POINT('Ctrl Pts',(56.5845123762151,-57.1150189043664,-8.97048756214368));
#9566=CARTESIAN_POINT('Ctrl Pts',(55.951230274889,-56.4373320610837,-8.93593521073248));
#9567=CARTESIAN_POINT('Ctrl Pts',(56.1222402484774,-56.5360647153748,-9.08113235811885));
#9568=CARTESIAN_POINT('Ctrl Pts',(56.2948983084944,-56.6319995948119,-9.22629088574387));
#9569=CARTESIAN_POINT('Ctrl Pts',(56.4690686235371,-56.7250321304607,-9.3716418786782));
#9570=CARTESIAN_POINT('Ctrl Pts',(55.8405949500939,-56.0388473936818,-9.33720475305361));
#9571=CARTESIAN_POINT('Ctrl Pts',(56.0116049236823,-56.1375800479729,-9.48240190043998));
#9572=CARTESIAN_POINT('Ctrl Pts',(56.1826148972707,-56.236312702264,-9.62759904782635));
#9573=CARTESIAN_POINT('Ctrl Pts',(56.3536248708591,-56.3350453565551,-9.77279619521273));
#9574=CARTESIAN_POINT('',(55.8405949500939,-56.0388473936818,-9.33720475305362));
#9575=CARTESIAN_POINT('',(56.1725009244793,-57.2343013958875,-8.13339612609021));
#9576=CARTESIAN_POINT('',(55.8405949500939,-56.0388473936818,-9.33720475305362));
#9577=CARTESIAN_POINT('Ctrl Pts',(55.8405949500939,-56.0388473936818,-9.33720475305361));
#9578=CARTESIAN_POINT('Ctrl Pts',(56.0116049236823,-56.1375800479729,-9.48240190043998));
#9579=CARTESIAN_POINT('Ctrl Pts',(56.1826148972707,-56.236312702264,-9.62759904782635));
#9580=CARTESIAN_POINT('Ctrl Pts',(56.3536248708591,-56.3350453565551,-9.77279619521273));
#9581=CARTESIAN_POINT('Ctrl Pts',(56.6999561288931,-57.505005678272,-8.56933324560916));
#9582=CARTESIAN_POINT('Ctrl Pts',(56.5194651309419,-57.4233733799078,-8.4236745615789));
#9583=CARTESIAN_POINT('Ctrl Pts',(56.3435108980677,-57.3330340501786,-8.27859327347658));
#9584=CARTESIAN_POINT('Ctrl Pts',(56.1725009244793,-57.2343013958875,-8.13339612609021));
#9585=CARTESIAN_POINT('Origin',(58.4999999999985,-58.0381489732566,-6.65000000000028));
#9586=CARTESIAN_POINT('',(58.4999999999985,-58.0003417331728,-6.65000000000028));
#9587=CARTESIAN_POINT('',(58.4999999999985,-58.0003417331728,17.7499999999997));
#9588=CARTESIAN_POINT('',(58.4999999999985,-58.0381489732566,-6.65000000000029));
#9589=CARTESIAN_POINT('Origin',(38.5211138808526,-39.3953160831665,3.75053453690088));
#9590=CARTESIAN_POINT('',(33.5224970859548,-43.1534875832692,9.61212362215922));
#9591=CARTESIAN_POINT('',(41.6842178554034,-47.8656592668357,2.68236070470274));
#9592=CARTESIAN_POINT('',(33.341373139619,-43.0516828346093,9.76658176915239));
#9593=CARTESIAN_POINT('Ctrl Pts',(33.3413731396213,-43.0516828345965,9.76658176914697));
#9594=CARTESIAN_POINT('Ctrl Pts',(33.4018437557451,-43.0847410826673,9.71478732922929));
#9595=CARTESIAN_POINT('Ctrl Pts',(33.4621901893168,-43.1186693802592,9.66332759100278));
#9596=CARTESIAN_POINT('Ctrl Pts',(33.5224970859548,-43.1534875832692,9.61212362215922));
#9597=CARTESIAN_POINT('',(33.3413731395753,-34.2999999998831,7.63602615862677));
#9598=CARTESIAN_POINT('',(33.3413731395751,-41.5225686303397,9.39432618034154));
#9599=CARTESIAN_POINT('',(34.999999999917,-34.299999999882,5.99463278951278));
#9600=CARTESIAN_POINT('',(32.6276460510939,-34.2999999998836,8.34233746854317));
#9601=CARTESIAN_POINT('Origin',(34.999999999917,-31.199999999882,5.23995251630221));
#9602=CARTESIAN_POINT('',(48.4374407745521,-22.606159463511,-10.1500000000003));
#9603=CARTESIAN_POINT('Origin',(57.5648057699425,-58.0381489732566,17.7499999999997));
#9604=CARTESIAN_POINT('',(32.9999999997079,-43.8556517483937,11.7096618382364));
#9605=CARTESIAN_POINT('',(32.9999999999189,-43.8556517485156,17.7499999999997));
#9606=CARTESIAN_POINT('',(33.575373678866,-44.1878438969597,11.0765001985651));
#9607=CARTESIAN_POINT('Ctrl Pts',(33.5753736788661,-44.1878438969597,11.0765001985651));
#9608=CARTESIAN_POINT('Ctrl Pts',(33.3718635339001,-44.0703472599739,11.2853946236365));
#9609=CARTESIAN_POINT('Ctrl Pts',(33.1874865617172,-43.9638971654455,11.4911631200839));
#9610=CARTESIAN_POINT('Ctrl Pts',(32.9999999996014,-43.8556517483322,11.7096618381145));
#9611=CARTESIAN_POINT('',(33.7208662081042,-44.2718440478853,10.9344869396563));
#9612=CARTESIAN_POINT('Ctrl Pts',(33.7208662081042,-44.2718440478853,10.9344869396563));
#9613=CARTESIAN_POINT('Ctrl Pts',(33.671127857451,-44.243127597745,10.9806499838114));
#9614=CARTESIAN_POINT('Ctrl Pts',(33.6226199911034,-44.2151215680497,11.0280038878126));
#9615=CARTESIAN_POINT('Ctrl Pts',(33.5753736788661,-44.1878438969597,11.0765001985651));
#9616=CARTESIAN_POINT('',(33.8544030603402,-44.348941585475,10.8159322491226));
#9617=CARTESIAN_POINT('Ctrl Pts',(33.8544030603402,-44.348941585475,10.8159322491226));
#9618=CARTESIAN_POINT('Ctrl Pts',(33.8089616856751,-44.3227059955782,10.8545145483665));
#9619=CARTESIAN_POINT('Ctrl Pts',(33.764441740968,-44.2970023935157,10.8940437158409));
#9620=CARTESIAN_POINT('Ctrl Pts',(33.7208662081042,-44.2718440478853,10.9344869396563));
#9621=CARTESIAN_POINT('',(42.0161238297887,-49.0611132690415,3.88616933166614));
#9622=CARTESIAN_POINT('',(56.1725009244793,-57.2343013958875,17.7499999999997));
#9623=CARTESIAN_POINT('Origin',(41.8501708425961,-48.4633862679386,3.28426501818444));
#9624=CARTESIAN_POINT('',(33.8544030603402,-44.348941585475,10.8159322491226));
#9625=CARTESIAN_POINT('Origin',(107.5,-5.293016820524,17.7499999999997));
#9626=CARTESIAN_POINT('Origin',(111.5,2.49999999998853,17.7499999999997));
#9627=CARTESIAN_POINT('Origin',(121.90000000004,21.4948131722071,-1.15000000000029));
#9628=CARTESIAN_POINT('',(111.299999999986,-39.933547550404,-10.1500000000003));
#9629=CARTESIAN_POINT('',(111.300000000056,39.9335475498529,-10.1500000000003));
#9630=CARTESIAN_POINT('',(111.30000000004,21.4948131722164,-10.1500000000003));
#9631=CARTESIAN_POINT('',(125.914169065405,31.4960531060274,2.25825675360431));
#9632=CARTESIAN_POINT('',(120.368674516346,34.6977458767025,-2.45018201446729));
#9633=CARTESIAN_POINT('',(129.000000000187,28.099999999523,4.87830188691242));
#9634=CARTESIAN_POINT('Origin',(129.000000000199,31.199999999523,4.87830188691976));
#9635=CARTESIAN_POINT('',(130.383384931661,28.0999999995179,6.05287399854134));
#9636=CARTESIAN_POINT('',(128.62532064552,28.0999999995243,4.56017790653484));
#9637=CARTESIAN_POINT('',(130.383384931646,10.1000000000616,6.05287399854133));
#9638=CARTESIAN_POINT('',(130.383384931658,24.7974065858558,6.05287399854134));
#9639=CARTESIAN_POINT('',(128.8,10.1000000001131,4.70849056601216));
#9640=CARTESIAN_POINT('',(129.642232105837,10.1000000000857,5.42359329738324));
#9641=CARTESIAN_POINT('',(126.09999999988,7.40000000010587,2.4160377357232));
#9642=CARTESIAN_POINT('Origin',(128.8,7.39999999999265,4.70849056601418));
#9643=CARTESIAN_POINT('',(126.1,-7.39999999989413,2.41603773583649));
#9644=CARTESIAN_POINT('',(126.1,14.4474065861521,2.41603773582027));
#9645=CARTESIAN_POINT('',(128.8,-10.1000000000074,4.7084905660272));
#9646=CARTESIAN_POINT('Origin',(128.8,-7.40000000000735,4.70849056602518));
#9647=CARTESIAN_POINT('',(130.383384931628,-10.0999999999384,6.05287399854133));
#9648=CARTESIAN_POINT('',(128.567211418832,-10.0999999998793,4.51083988390369));
#9649=CARTESIAN_POINT('',(130.383384931612,-28.099999999882,6.05287399854132));
#9650=CARTESIAN_POINT('',(130.383384931642,5.69740658609705,6.05287399854133));
#9651=CARTESIAN_POINT('',(129.000000000084,-28.099999999882,4.87830188686708));
#9652=CARTESIAN_POINT('',(129.642232105921,-28.099999999882,5.42359329748336));
#9653=CARTESIAN_POINT('',(125.914169065256,-31.4960531060241,2.2582567535247));
#9654=CARTESIAN_POINT('Origin',(129.000000000084,-31.199999999882,4.8783018868694));
#9655=CARTESIAN_POINT('',(134.868787371447,-26.326101816109,9.86123456066436));
#9656=CARTESIAN_POINT('Origin',(121.748619382695,41.5489865874947,0.583326930453717));
#9657=CARTESIAN_POINT('',(130.477502914089,43.1534875832529,9.61212362217876));
#9658=CARTESIAN_POINT('',(108.159405049518,56.038847393108,-9.3372047534104));
#9659=CARTESIAN_POINT('',(120.450648776328,48.9424945187893,1.09875690143408));
#9660=CARTESIAN_POINT('',(130.658626860407,43.051682834609,9.76658176915697));
#9661=CARTESIAN_POINT('Ctrl Pts',(130.658626860405,43.0516828345962,9.76658176915155));
#9662=CARTESIAN_POINT('Ctrl Pts',(130.598156244287,43.0847410826618,9.71478732923893));
#9663=CARTESIAN_POINT('Ctrl Pts',(130.537809810721,43.1186693802485,9.6633275910174));
#9664=CARTESIAN_POINT('Ctrl Pts',(130.477502914089,43.1534875832529,9.61212362217876));
#9665=CARTESIAN_POINT('',(130.658626860444,34.2999999995187,7.63602615850829));
#9666=CARTESIAN_POINT('',(130.658626860451,42.1752042263566,9.55320721579727));
#9667=CARTESIAN_POINT('',(129.00000000021,34.299999999523,5.99463278951337));
#9668=CARTESIAN_POINT('',(129.638288644934,34.2999999995213,6.6262894773876));
#9669=CARTESIAN_POINT('Origin',(129.000000000199,31.199999999523,5.23995251628199));
#9670=CARTESIAN_POINT('',(107.245664183448,56.4145033354028,-10.1500000000003));
#9671=CARTESIAN_POINT('',(115.206341905676,24.0541899579059,-10.1500000000003));
#9672=CARTESIAN_POINT('',(107.346986556424,56.495263359248,-10.0300697442102));
#9673=CARTESIAN_POINT('Ctrl Pts',(107.346986556424,56.495263359248,-10.0300697442102));
#9674=CARTESIAN_POINT('Ctrl Pts',(107.295915268574,56.4547452635993,-10.0904743282528));
#9675=CARTESIAN_POINT('Ctrl Pts',(107.245664183448,56.4145033354028,-10.1500000000003));
#9676=CARTESIAN_POINT('',(107.646375128739,56.3350453559706,-9.77279619558111));
#9677=CARTESIAN_POINT('Ctrl Pts',(107.646375128739,56.3350453559706,-9.7727961955811));
#9678=CARTESIAN_POINT('Ctrl Pts',(107.548769313118,56.3913980998939,-9.85566905790135));
#9679=CARTESIAN_POINT('Ctrl Pts',(107.448894595475,56.4448641282287,-9.94149000505666));
#9680=CARTESIAN_POINT('Ctrl Pts',(107.346985827182,56.4952585640556,-10.0300716332422));
#9681=CARTESIAN_POINT('Ctrl Pts',(108.159405049518,56.038847393108,-9.3372047534104));
#9682=CARTESIAN_POINT('Ctrl Pts',(107.988395075925,56.1375800473955,-9.48240190080063));
#9683=CARTESIAN_POINT('Ctrl Pts',(107.817385102332,56.2363127016831,-9.62759904819087));
#9684=CARTESIAN_POINT('Ctrl Pts',(107.646375128739,56.3350453559706,-9.7727961955811));
#9685=CARTESIAN_POINT('Origin',(136.248732237943,-33.1773425268452,12.8947435057082));
#9686=CARTESIAN_POINT('',(108.159405049932,-56.0388473936712,-9.33720475299698));
#9687=CARTESIAN_POINT('',(130.477502914013,-43.1534875831836,9.61212362215601));
#9688=CARTESIAN_POINT('',(136.159608722965,-39.872922264602,14.4365530825847));
#9689=CARTESIAN_POINT('',(107.646375129169,-56.335045356546,-9.77279619515419));
#9690=CARTESIAN_POINT('Ctrl Pts',(107.646375129169,-56.335045356546,-9.7727961951542));
#9691=CARTESIAN_POINT('Ctrl Pts',(107.817385102757,-56.2363127022544,-9.62759904776847));
#9692=CARTESIAN_POINT('Ctrl Pts',(107.988395076344,-56.1375800479628,-9.48240190038273));
#9693=CARTESIAN_POINT('Ctrl Pts',(108.159405049932,-56.0388473936713,-9.33720475299699));
#9694=CARTESIAN_POINT('',(107.346986556335,-56.4952633600914,-10.0300697442339));
#9695=CARTESIAN_POINT('Ctrl Pts',(107.346985827093,-56.4952585648991,-10.0300716332659));
#9696=CARTESIAN_POINT('Ctrl Pts',(107.448894595567,-56.4448641289933,-9.94149000492062));
#9697=CARTESIAN_POINT('Ctrl Pts',(107.548769313382,-56.3913981005688,-9.85566905761477));
#9698=CARTESIAN_POINT('Ctrl Pts',(107.646375129169,-56.335045356546,-9.77279619515419));
#9699=CARTESIAN_POINT('',(107.245664183381,-56.4145033362567,-10.1500000000003));
#9700=CARTESIAN_POINT('Ctrl Pts',(107.245664183381,-56.4145033362566,-10.1500000000003));
#9701=CARTESIAN_POINT('Ctrl Pts',(107.295915268496,-56.454745264448,-10.0904743282645));
#9702=CARTESIAN_POINT('Ctrl Pts',(107.346986556335,-56.4952633600914,-10.0300697442339));
#9703=CARTESIAN_POINT('',(116.591012682139,-18.4254756931553,-10.1500000000003));
#9704=CARTESIAN_POINT('',(129.000000000084,-34.299999999882,5.99463278956053));
#9705=CARTESIAN_POINT('Origin',(129.000000000084,-31.199999999882,5.23995251634915));
#9706=CARTESIAN_POINT('',(130.658626860403,-34.2999999998838,7.63602615865325));
#9707=CARTESIAN_POINT('',(135.494724950685,-34.299999999889,12.4218761455188));
#9708=CARTESIAN_POINT('',(130.658626860351,-43.0516828345212,9.76658176915164));
#9709=CARTESIAN_POINT('',(130.658626860402,-35.5365884408088,7.93706774008678));
#9710=CARTESIAN_POINT('Ctrl Pts',(130.477502914013,-43.1534875831836,9.61212362215601));
#9711=CARTESIAN_POINT('Ctrl Pts',(130.537809810652,-43.1186693801728,9.66332759100038));
#9712=CARTESIAN_POINT('Ctrl Pts',(130.598156244224,-43.08474108258,9.71478732922771));
#9713=CARTESIAN_POINT('Ctrl Pts',(130.658626860349,-43.0516828345084,9.76658176914623));
#9714=CARTESIAN_POINT('Origin',(128.946037037897,-33.4945024336259,18.5952737882624));
#9715=CARTESIAN_POINT('',(129.499999999985,-40.6802252679419,13.0813537024871));
#9716=CARTESIAN_POINT('Ctrl Pts',(129.499999999985,-40.6802252679418,13.0813537024871));
#9717=CARTESIAN_POINT('Ctrl Pts',(129.499999999985,-40.7720193915352,13.2944719021561));
#9718=CARTESIAN_POINT('Ctrl Pts',(129.487065442033,-40.8601501929687,13.50479384033));
#9719=CARTESIAN_POINT('Ctrl Pts',(129.433086283683,-41.0616031545062,14.0090978281504));
#9720=CARTESIAN_POINT('Ctrl Pts',(129.372855557119,-41.1863293327494,14.3462299589316));
#9721=CARTESIAN_POINT('Ctrl Pts',(129.20849182024,-41.398596793754,15.0216813875287));
#9722=CARTESIAN_POINT('Ctrl Pts',(129.10501869663,-41.4856180989433,15.3603243697799));
#9723=CARTESIAN_POINT('Ctrl Pts',(129.00000000001,-41.546250671711,15.6693932842492));
#9724=CARTESIAN_POINT('',(129.499999999985,-40.4436631700413,12.5934027113724));
#9725=CARTESIAN_POINT('Origin',(129.499999999992,-33.1746717683178,19.065619699475));
#9726=CARTESIAN_POINT('Ctrl Pts',(128.272417906929,-37.8780970146836,9.00126733612974));
#9727=CARTESIAN_POINT('Ctrl Pts',(128.61897373328,-38.3164445197934,9.4509359903283));
#9728=CARTESIAN_POINT('Ctrl Pts',(128.932415580944,-38.7769469019399,10.0039324833982));
#9729=CARTESIAN_POINT('Ctrl Pts',(129.36780958118,-39.6422512853235,11.2143412957504));
#9730=CARTESIAN_POINT('Ctrl Pts',(129.488852641668,-40.0476206265149,11.8716748010457));
#9731=CARTESIAN_POINT('Ctrl Pts',(129.499740038992,-40.409776875176,12.5311428592417));
#9732=CARTESIAN_POINT('Ctrl Pts',(129.499999999985,-40.426721748359,12.5621822807213));
#9733=CARTESIAN_POINT('Ctrl Pts',(129.499999999985,-40.4436631700413,12.5934027113724));
#9734=CARTESIAN_POINT('Origin',(120.284695789121,49.5402215198912,1.70066121490713));
#9735=CARTESIAN_POINT('',(107.827499075102,57.234301395312,-8.13339612646428));
#9736=CARTESIAN_POINT('',(130.145596939674,44.3489415854569,10.8159322491249));
#9737=CARTESIAN_POINT('',(120.118742801913,50.1379485209932,2.30256552838019));
#9738=CARTESIAN_POINT('',(130.145596939674,44.3489415854569,10.8159322491249));
#9739=CARTESIAN_POINT('',(108.159405049518,56.038847393108,-9.3372047534104));
#9740=CARTESIAN_POINT('Ctrl Pts',(107.300043871139,-57.505005678263,-8.56933324554781));
#9741=CARTESIAN_POINT('Ctrl Pts',(107.480534869089,-57.4233733798982,-8.42367456151818));
#9742=CARTESIAN_POINT('Ctrl Pts',(107.656489101963,-57.3330340501686,-8.27859327341649));
#9743=CARTESIAN_POINT('Ctrl Pts',(107.827499075551,-57.2343013958771,-8.13339612603076));
#9744=CARTESIAN_POINT('Ctrl Pts',(107.415487623816,-57.1150189043573,-8.97048756208328));
#9745=CARTESIAN_POINT('Ctrl Pts',(107.592818280312,-57.0276864873503,-8.82498272360161));
#9746=CARTESIAN_POINT('Ctrl Pts',(107.767124426757,-56.9345493827667,-8.67986281573857));
#9747=CARTESIAN_POINT('Ctrl Pts',(107.938134400345,-56.8358167284751,-8.53466566835283));
#9748=CARTESIAN_POINT('Ctrl Pts',(107.530931376492,-56.7250321304517,-9.37164187861874));
#9749=CARTESIAN_POINT('Ctrl Pts',(107.705101691534,-56.6319995948024,-9.22629088568504));
#9750=CARTESIAN_POINT('Ctrl Pts',(107.877759751551,-56.5360647153648,-9.08113235806065));
#9751=CARTESIAN_POINT('Ctrl Pts',(108.048769725138,-56.4373320610732,-8.93593521067491));
#9752=CARTESIAN_POINT('Ctrl Pts',(107.646375129169,-56.335045356546,-9.7727961951542));
#9753=CARTESIAN_POINT('Ctrl Pts',(107.817385102757,-56.2363127022544,-9.62759904776847));
#9754=CARTESIAN_POINT('Ctrl Pts',(107.988395076344,-56.1375800479628,-9.48240190038273));
#9755=CARTESIAN_POINT('Ctrl Pts',(108.159405049932,-56.0388473936713,-9.33720475299699));
#9756=CARTESIAN_POINT('',(107.300043871139,-57.505005678263,-8.56933324554779));
#9757=CARTESIAN_POINT('',(107.646375129169,-56.335045356546,-9.77279619515419));
#9758=CARTESIAN_POINT('',(107.827499075551,-57.234301395877,-8.13339612603075));
#9759=CARTESIAN_POINT('',(107.827499075551,-57.234301395877,-8.13339612603075));
#9760=CARTESIAN_POINT('Ctrl Pts',(107.827499075551,-57.2343013958771,-8.13339612603076));
#9761=CARTESIAN_POINT('Ctrl Pts',(107.656489101963,-57.3330340501686,-8.27859327341649));
#9762=CARTESIAN_POINT('Ctrl Pts',(107.480534869089,-57.4233733798982,-8.42367456151818));
#9763=CARTESIAN_POINT('Ctrl Pts',(107.300043871139,-57.505005678263,-8.56933324554781));
#9764=CARTESIAN_POINT('Origin',(135.993655735774,-40.4706492657049,15.0384573960678));
#9765=CARTESIAN_POINT('',(130.145596939631,-44.3489415853894,10.8159322491222));
#9766=CARTESIAN_POINT('',(135.827702748583,-41.0683762668078,15.6403617095509));
#9767=CARTESIAN_POINT('',(130.477502914013,-43.1534875831836,9.61212362215601));
#9768=CARTESIAN_POINT('Origin',(106.435194229693,58.0381489725998,17.7499999999997));
#9769=CARTESIAN_POINT('',(131.000000000263,43.8556517484311,11.7096618381744));
#9770=CARTESIAN_POINT('',(131.000000000052,43.855651748553,17.7499999999997));
#9771=CARTESIAN_POINT('',(130.424626321102,44.1878438969781,11.0765001985203));
#9772=CARTESIAN_POINT('Ctrl Pts',(130.424626321102,44.1878438969781,11.0765001985203));
#9773=CARTESIAN_POINT('Ctrl Pts',(130.571536746297,44.1030251234456,11.2272974416362));
#9774=CARTESIAN_POINT('Ctrl Pts',(130.711944069531,44.0219609175803,11.3802378758988));
#9775=CARTESIAN_POINT('Ctrl Pts',(130.896224620922,43.9155664916291,11.589413092239));
#9776=CARTESIAN_POINT('Ctrl Pts',(130.94785671838,43.8857566862626,11.6488935347688));
#9777=CARTESIAN_POINT('Ctrl Pts',(131.00000000037,43.8556517483696,11.7096618380526));
#9778=CARTESIAN_POINT('',(130.279133791897,44.2718440478793,10.9344869396469));
#9779=CARTESIAN_POINT('Ctrl Pts',(130.279133791897,44.2718440478793,10.9344869396469));
#9780=CARTESIAN_POINT('Ctrl Pts',(130.328872142539,44.2431275977475,10.9806499837908));
#9781=CARTESIAN_POINT('Ctrl Pts',(130.377380008875,44.2151215680604,11.0280038877801));
#9782=CARTESIAN_POINT('Ctrl Pts',(130.424626321102,44.1878438969781,11.0765001985203));
#9783=CARTESIAN_POINT('Ctrl Pts',(130.145596939674,44.3489415854569,10.8159322491249));
#9784=CARTESIAN_POINT('Ctrl Pts',(130.191038314334,44.3227059955643,10.8545145483651));
#9785=CARTESIAN_POINT('Ctrl Pts',(130.235558259037,44.2970023935058,10.8940437158356));
#9786=CARTESIAN_POINT('Ctrl Pts',(130.279133791897,44.2718440478793,10.9344869396469));
#9787=CARTESIAN_POINT('',(107.827499075102,57.234301395312,17.7499999999997));
#9788=CARTESIAN_POINT('Origin',(132.499999999983,-42.9896263446236,17.7499999999997));
#9789=CARTESIAN_POINT('',(107.827499075551,-57.234301395877,17.7499999999997));
#9790=CARTESIAN_POINT('',(130.279133791869,-44.2718440477979,10.9344869396578));
#9791=CARTESIAN_POINT('Ctrl Pts',(130.279133791869,-44.2718440477979,10.9344869396578));
#9792=CARTESIAN_POINT('Ctrl Pts',(130.235558259005,-44.2970023934289,10.8940437158418));
#9793=CARTESIAN_POINT('Ctrl Pts',(130.191038314297,-44.322705995492,10.8545145483667));
#9794=CARTESIAN_POINT('Ctrl Pts',(130.145596939631,-44.3489415853894,10.8159322491223));
#9795=CARTESIAN_POINT('',(130.424626321113,-44.1878438968683,11.0765001985725));
#9796=CARTESIAN_POINT('Ctrl Pts',(130.424626321113,-44.1878438968683,11.0765001985725));
#9797=CARTESIAN_POINT('Ctrl Pts',(130.377380008874,-44.2151215679596,11.0280038878179));
#9798=CARTESIAN_POINT('Ctrl Pts',(130.328872142524,-44.2431275976561,10.9806499838148));
#9799=CARTESIAN_POINT('Ctrl Pts',(130.279133791869,-44.2718440477979,10.9344869396578));
#9800=CARTESIAN_POINT('',(131.000000000057,-43.855651748423,11.709661837749));
#9801=CARTESIAN_POINT('Ctrl Pts',(131.000000000056,-43.8556517484236,11.7096618377504));
#9802=CARTESIAN_POINT('Ctrl Pts',(130.817148859762,-43.9612209035011,11.4965652867646));
#9803=CARTESIAN_POINT('Ctrl Pts',(130.625573336492,-44.0718270834385,11.282763681185));
#9804=CARTESIAN_POINT('Ctrl Pts',(130.424626321113,-44.1878438968683,11.0765001985725));
#9805=CARTESIAN_POINT('',(131.00000000006,-43.8556517484216,17.7499999999997));
#9806=CARTESIAN_POINT('Ctrl Pts',(106.600095725557,-57.7703301563544,-9.15000000093356));
#9807=CARTESIAN_POINT('Ctrl Pts',(106.837115724331,-57.6970350453964,-8.94817674104674));
#9808=CARTESIAN_POINT('Ctrl Pts',(107.071023304056,-57.6085868843954,-8.75415595025764));
#9809=CARTESIAN_POINT('Ctrl Pts',(107.300043871139,-57.505005678263,-8.56933324554779));
#9810=CARTESIAN_POINT('Ctrl Pts',(106.762145172887,-57.3854002035144,-9.51960740500657));
#9811=CARTESIAN_POINT('Ctrl Pts',(106.984629032014,-57.3088814322186,-9.32799046814857));
#9812=CARTESIAN_POINT('Ctrl Pts',(107.202966562321,-57.2186220764734,-9.14451082600485));
#9813=CARTESIAN_POINT('Ctrl Pts',(107.415487623816,-57.1150189043573,-8.97048756208325));
#9814=CARTESIAN_POINT('Ctrl Pts',(106.924194620217,-57.0004702506745,-9.88921480907958));
#9815=CARTESIAN_POINT('Ctrl Pts',(107.132142339696,-56.9207278190408,-9.70780419525039));
#9816=CARTESIAN_POINT('Ctrl Pts',(107.334909820586,-56.8286572685513,-9.53486570175207));
#9817=CARTESIAN_POINT('Ctrl Pts',(107.530931376492,-56.7250321304517,-9.37164187861872));
#9818=CARTESIAN_POINT('Ctrl Pts',(107.086244067547,-56.6155402978346,-10.2588222131526));
#9819=CARTESIAN_POINT('Ctrl Pts',(107.279655647379,-56.5325742058631,-10.0876179223522));
#9820=CARTESIAN_POINT('Ctrl Pts',(107.466853078851,-56.4386924606293,-9.92522057749929));
#9821=CARTESIAN_POINT('Ctrl Pts',(107.646375129169,-56.335045356546,-9.77279619515419));
#9822=CARTESIAN_POINT('',(106.600095726653,-57.7703301560154,-9.15000000000028));
#9823=CARTESIAN_POINT('Ctrl Pts',(106.600095725557,-57.7703301563544,-9.15000000093356));
#9824=CARTESIAN_POINT('Ctrl Pts',(106.64314540346,-57.6916360282933,-9.21246321512969));
#9825=CARTESIAN_POINT('Ctrl Pts',(106.687024821776,-57.6124749770762,-9.27410653511713));
#9826=CARTESIAN_POINT('Ctrl Pts',(106.73175014721,-57.5328996921763,-9.33465329138242));
#9827=CARTESIAN_POINT('Ctrl Pts',(106.776206134244,-57.4538036140707,-9.39483543171183));
#9828=CARTESIAN_POINT('Ctrl Pts',(106.821497890697,-57.3742981960391,-9.45393413460017));
#9829=CARTESIAN_POINT('Ctrl Pts',(106.867602135833,-57.2944224492818,-9.51170849629466));
#9830=CARTESIAN_POINT('Ctrl Pts',(106.894521445608,-57.2477846621506,-9.54544174439228));
#9831=CARTESIAN_POINT('Ctrl Pts',(106.921717010195,-57.2010203885061,-9.57872408479644));
#9832=CARTESIAN_POINT('Ctrl Pts',(106.949177906319,-57.15413558923,-9.61151256067264));
#9833=CARTESIAN_POINT('Ctrl Pts',(106.989771282675,-57.0848293184581,-9.65998129728571));
#9834=CARTESIAN_POINT('Ctrl Pts',(107.03096476522,-57.0152098653578,-9.70742129696499));
#9835=CARTESIAN_POINT('Ctrl Pts',(107.072802139896,-56.9452173948492,-9.75367090391133));
#9836=CARTESIAN_POINT('Ctrl Pts',(107.114141729124,-56.8760577020531,-9.79937022821152));
#9837=CARTESIAN_POINT('Ctrl Pts',(107.156110080721,-56.8065336752966,-9.84390722405166));
#9838=CARTESIAN_POINT('Ctrl Pts',(107.198710465283,-56.7365782086225,-9.88715692380391));
#9839=CARTESIAN_POINT('Ctrl Pts',(107.240490425214,-56.6679699877198,-9.92957369401013));
#9840=CARTESIAN_POINT('Ctrl Pts',(107.282878392624,-56.5989465764522,-9.97075219950625));
#9841=CARTESIAN_POINT('Ctrl Pts',(107.325838451188,-56.5294381674856,-10.010605717435));
#9842=CARTESIAN_POINT('Ctrl Pts',(107.332871781838,-56.5180583966119,-10.0171304517697));
#9843=CARTESIAN_POINT('Ctrl Pts',(107.339920358427,-56.5066656159451,-10.0236197422621));
#9844=CARTESIAN_POINT('Ctrl Pts',(107.346983918324,-56.4952595087952,-10.0300732924154));
#9845=CARTESIAN_POINT('Ctrl Pts',(107.300043871139,-57.505005678263,-8.56933324554779));
#9846=CARTESIAN_POINT('Ctrl Pts',(107.071023304409,-57.6085868842358,-8.75415594997275));
#9847=CARTESIAN_POINT('Ctrl Pts',(106.837115725052,-57.6970350451237,-8.94817674044862));
#9848=CARTESIAN_POINT('Ctrl Pts',(106.600095726653,-57.7703301560154,-9.15000000000028));
#9849=CARTESIAN_POINT('Origin',(104.827499075401,-52.0381489732572,-9.65000000000028));
#9850=CARTESIAN_POINT('',(104.827499075401,-57.0381489732572,-10.1500000000003));
#9851=CARTESIAN_POINT('Origin',(104.827499075401,-52.0381489732572,-10.1500000000003));
#9852=CARTESIAN_POINT('',(104.8274990754,-58.0381489732572,-9.15000000000028));
#9853=CARTESIAN_POINT('Origin',(104.827499075401,-52.0381489732572,-9.15000000000028));
#9854=CARTESIAN_POINT('',(104.827499075401,-57.0381489732572,-10.1500000000003));
#9855=CARTESIAN_POINT('Origin',(105.499999999999,-58.0381489732572,17.7499999999997));
#9856=CARTESIAN_POINT('',(105.499999999999,-58.0003417331748,-6.65000000000028));
#9857=CARTESIAN_POINT('',(105.5,58.0003417324847,-6.65000000000028));
#9858=CARTESIAN_POINT('',(105.499999999999,-58.0381489732572,-6.65000000000029));
#9859=CARTESIAN_POINT('',(105.499999999999,-58.0003417331748,17.7499999999997));
#9860=CARTESIAN_POINT('',(105.5,58.0003417324847,17.7499999999997));
#9861=CARTESIAN_POINT('Origin',(82.0000000000006,-3.28688187778425E-10,
-10.1500000000003));
#9862=CARTESIAN_POINT('',(94.2175971150401,-57.038148973257,-10.1500000000003));
#9863=CARTESIAN_POINT('',(104.827499075112,57.0381489725997,-10.1500000000003));
#9864=CARTESIAN_POINT('',(69.7824028847763,57.038148972598,-10.1500000000003));
#9865=CARTESIAN_POINT('Origin',(104.827499075112,52.0381489725997,-10.1500000000003));
#9866=CARTESIAN_POINT('Origin',(104.827499075112,52.0381489725997,17.7499999999997));
#9867=CARTESIAN_POINT('',(104.827499075112,58.0381489725997,-9.15000000000028));
#9868=CARTESIAN_POINT('',(106.600095726717,57.770330155249,-9.15000000000029));
#9869=CARTESIAN_POINT('Origin',(104.827499075112,52.0381489725997,-9.15000000000028));
#9870=CARTESIAN_POINT('',(104.827499075112,58.0381489725969,-7.59485149933809));
#9871=CARTESIAN_POINT('',(104.827499075112,58.0381489725997,17.7499999999997));
#9872=CARTESIAN_POINT('Ctrl Pts',(104.827499075112,58.0381489725997,-7.59485149933809));
#9873=CARTESIAN_POINT('Ctrl Pts',(104.846070727832,58.0381489725997,-7.58841429826088));
#9874=CARTESIAN_POINT('Ctrl Pts',(104.864472717342,58.0380625898498,-7.58142190105068));
#9875=CARTESIAN_POINT('Ctrl Pts',(105.005864452832,58.0367628724337,-7.52286140632683));
#9876=CARTESIAN_POINT('Ctrl Pts',(105.118336939681,58.031755990976,-7.44587662269251));
#9877=CARTESIAN_POINT('Ctrl Pts',(105.295871211524,58.020501213274,-7.26834235084944));
#9878=CARTESIAN_POINT('Ctrl Pts',(105.3728039154,58.013537917575,-7.15595272514024));
#9879=CARTESIAN_POINT('Ctrl Pts',(105.474871317069,58.00334298565,-6.90961649793654));
#9880=CARTESIAN_POINT('Ctrl Pts',(105.5,58.0003417324847,-6.77565792359099));
#9881=CARTESIAN_POINT('Ctrl Pts',(105.5,58.0003417324847,-6.65000000000028));
#9882=CARTESIAN_POINT('',(107.300043870675,57.5050056776846,-8.56933324599486));
#9883=CARTESIAN_POINT('Ctrl Pts',(107.300043870675,57.5050056776847,-8.56933324599485));
#9884=CARTESIAN_POINT('Ctrl Pts',(107.480534868631,57.4233733793247,-8.42367456196071));
#9885=CARTESIAN_POINT('Ctrl Pts',(107.656489101509,57.3330340495995,-8.27859327385452));
#9886=CARTESIAN_POINT('Ctrl Pts',(107.827499075102,57.234301395312,-8.13339612646429));
#9887=CARTESIAN_POINT('Ctrl Pts',(106.600095726717,57.770330155249,-9.15000000000029));
#9888=CARTESIAN_POINT('Ctrl Pts',(106.837115724935,57.6970350443972,-8.94817674060971));
#9889=CARTESIAN_POINT('Ctrl Pts',(107.071023304115,57.608586883572,-8.75415595028392));
#9890=CARTESIAN_POINT('Ctrl Pts',(107.300043870675,57.5050056776846,-8.56933324599485));
#9891=CARTESIAN_POINT('Origin',(104.827499075112,52.0381489725997,-9.65000000000028));
#9892=CARTESIAN_POINT('Ctrl Pts',(107.346983918413,56.4952595079517,-10.0300732923917));
#9893=CARTESIAN_POINT('Ctrl Pts',(107.303690261099,56.565169312847,-9.99051847968362));
#9894=CARTESIAN_POINT('Ctrl Pts',(107.260963427385,56.6345784411931,-9.94961799305509));
#9895=CARTESIAN_POINT('Ctrl Pts',(107.218845734375,56.7035587492515,-9.9074542914059));
#9896=CARTESIAN_POINT('Ctrl Pts',(107.176141150611,56.7735002662973,-9.8647030578928));
#9897=CARTESIAN_POINT('Ctrl Pts',(107.134062668561,56.8430011523888,-9.82065327239517));
#9898=CARTESIAN_POINT('Ctrl Pts',(107.09261264472,56.912129904174,-9.77542426630949));
#9899=CARTESIAN_POINT('Ctrl Pts',(107.05048147465,56.9823946453806,-9.72945201416305));
#9900=CARTESIAN_POINT('Ctrl Pts',(107.008999505181,57.0522750831767,-9.68226154533384));
#9901=CARTESIAN_POINT('Ctrl Pts',(106.968127998859,57.1218336303598,-9.63401096956421));
#9902=CARTESIAN_POINT('Ctrl Pts',(106.963187240616,57.1302422258898,-9.62817819139147));
#9903=CARTESIAN_POINT('Ctrl Pts',(106.958255355329,57.1386461047408,-9.62232995959215));
#9904=CARTESIAN_POINT('Ctrl Pts',(106.953332235411,57.1470453663977,-9.61646658447054));
#9905=CARTESIAN_POINT('Ctrl Pts',(106.906333273,57.2272295970254,-9.5604913997205));
#9906=CARTESIAN_POINT('Ctrl Pts',(106.860111860454,57.3070609292759,-9.50306520509871));
#9907=CARTESIAN_POINT('Ctrl Pts',(106.814714970038,57.3865080264229,-9.4444086628584));
#9908=CARTESIAN_POINT('Ctrl Pts',(106.769037165262,57.466446739412,-9.38538915599831));
#9909=CARTESIAN_POINT('Ctrl Pts',(106.724194089612,57.5459965697374,-9.32512407356415));
#9910=CARTESIAN_POINT('Ctrl Pts',(106.680193252969,57.625113486404,-9.26387015176933));
#9911=CARTESIAN_POINT('Ctrl Pts',(106.653179289818,57.6736866871545,-9.22626379442562));
#9912=CARTESIAN_POINT('Ctrl Pts',(106.626482000742,57.7220964633848,-9.18828534091508));
#9913=CARTESIAN_POINT('Ctrl Pts',(106.600095725621,57.7703301555879,-9.15000000093356));
#9914=CARTESIAN_POINT('',(104.827499075112,57.0381489725997,-10.1500000000003));
#9915=CARTESIAN_POINT('Ctrl Pts',(128.121765858719,36.2238137692342,10.0637215281516));
#9916=CARTESIAN_POINT('Ctrl Pts',(128.005591638137,36.2035048621862,9.84433939533074));
#9917=CARTESIAN_POINT('Ctrl Pts',(127.864394853645,36.1746785385257,9.63777726626593));
#9918=CARTESIAN_POINT('Ctrl Pts',(127.705384969783,36.132947589253,9.45036710568866));
#9919=CARTESIAN_POINT('Ctrl Pts',(128.379306772303,36.5801376457474,9.92527202893454));
#9920=CARTESIAN_POINT('Ctrl Pts',(128.244705614981,36.5659237057847,9.6845023967875));
#9921=CARTESIAN_POINT('Ctrl Pts',(128.080766247719,36.5435149753758,9.45669776901626));
#9922=CARTESIAN_POINT('Ctrl Pts',(127.894395947089,36.5063032680356,9.24994273471068));
#9923=CARTESIAN_POINT('Ctrl Pts',(128.636847685887,36.9364615222607,9.7868225297175));
#9924=CARTESIAN_POINT('Ctrl Pts',(128.483819591824,36.9283425493832,9.52466539824427));
#9925=CARTESIAN_POINT('Ctrl Pts',(128.297137641792,36.9123514122259,9.2756182717666));
#9926=CARTESIAN_POINT('Ctrl Pts',(128.083406924394,36.8796589468182,9.04951836373271));
#9927=CARTESIAN_POINT('Ctrl Pts',(128.894388599471,37.292785398774,9.64837303050046));
#9928=CARTESIAN_POINT('Ctrl Pts',(128.722933568668,37.2907613929817,9.36482839970104));
#9929=CARTESIAN_POINT('Ctrl Pts',(128.513509035865,37.2811878490759,9.09453877451693));
#9930=CARTESIAN_POINT('Ctrl Pts',(128.2724179017,37.2530146256008,8.84909399275473));
#9931=CARTESIAN_POINT('',(127.70538496979,36.1329475892546,9.45036710569589));
#9932=CARTESIAN_POINT('',(128.272417902013,37.2530146239267,8.84909399265757));
#9933=CARTESIAN_POINT('',(128.121765858719,36.2238137692342,10.0637215281516));
#9934=CARTESIAN_POINT('Ctrl Pts',(127.705384969783,36.132947589253,9.45036710568866));
#9935=CARTESIAN_POINT('Ctrl Pts',(127.864394853645,36.1746785385257,9.63777726626593));
#9936=CARTESIAN_POINT('Ctrl Pts',(128.005591638137,36.2035048621862,9.84433939533074));
#9937=CARTESIAN_POINT('Ctrl Pts',(128.121765858719,36.2238137692342,10.0637215281516));
#9938=CARTESIAN_POINT('',(128.894388599471,37.292785398774,9.64837303050047));
#9939=CARTESIAN_POINT('',(128.121765858719,36.2238137692342,10.0637215281516));
#9940=CARTESIAN_POINT('Ctrl Pts',(128.894388599471,37.292785398774,9.64837303050046));
#9941=CARTESIAN_POINT('Ctrl Pts',(128.722933568668,37.2907613929817,9.36482839970104));
#9942=CARTESIAN_POINT('Ctrl Pts',(128.513509035865,37.2811878490759,9.09453877451693));
#9943=CARTESIAN_POINT('Ctrl Pts',(128.2724179017,37.2530146256008,8.84909399275473));
#9944=CARTESIAN_POINT('Ctrl Pts',(128.500301134677,36.2754606725847,11.5846475972884));
#9945=CARTESIAN_POINT('Ctrl Pts',(128.500301134677,36.2754606725847,11.0547779036703));
#9946=CARTESIAN_POINT('Ctrl Pts',(128.366791223642,36.2666476900098,10.5264247585446));
#9947=CARTESIAN_POINT('Ctrl Pts',(128.121765858719,36.2238137692342,10.0637215281518));
#9948=CARTESIAN_POINT('Ctrl Pts',(128.831200925243,36.6169656159784,11.5846475972884));
#9949=CARTESIAN_POINT('Ctrl Pts',(128.817919428321,36.6168726499473,11.000618470832));
#9950=CARTESIAN_POINT('Ctrl Pts',(128.658201930493,36.6100575866032,10.4248238409582));
#9951=CARTESIAN_POINT('Ctrl Pts',(128.379306772303,36.5801376457475,9.92527202893468));
#9952=CARTESIAN_POINT('Ctrl Pts',(129.162100715809,36.9584705593721,11.5846475972884));
#9953=CARTESIAN_POINT('Ctrl Pts',(129.135537721965,36.9582846273099,10.9464590379937));
#9954=CARTESIAN_POINT('Ctrl Pts',(128.949612637344,36.9534674831967,10.3232229233718));
#9955=CARTESIAN_POINT('Ctrl Pts',(128.636847685887,36.9364615222607,9.78682252971758));
#9956=CARTESIAN_POINT('Ctrl Pts',(129.493000506375,37.2999755027658,11.5846475972884));
#9957=CARTESIAN_POINT('Ctrl Pts',(129.453156015608,37.2996966046724,10.8922996051555));
#9958=CARTESIAN_POINT('Ctrl Pts',(129.241023344195,37.2968773797902,10.2216220057855));
#9959=CARTESIAN_POINT('Ctrl Pts',(128.894388599471,37.292785398774,9.64837303050047));
#9960=CARTESIAN_POINT('',(128.500301134677,36.2754606725847,11.5846475972884));
#9961=CARTESIAN_POINT('',(129.493000506375,37.2999755027658,11.5846475972884));
#9962=CARTESIAN_POINT('',(128.500301134677,36.2754606725847,11.5846475972884));
#9963=CARTESIAN_POINT('Ctrl Pts',(129.493000506375,37.2999755027658,11.5846475972884));
#9964=CARTESIAN_POINT('Ctrl Pts',(129.453156015608,37.2996966046724,10.8922996051555));
#9965=CARTESIAN_POINT('Ctrl Pts',(129.241023344195,37.2968773797902,10.2216220057855));
#9966=CARTESIAN_POINT('Ctrl Pts',(128.894388599471,37.292785398774,9.64837303050047));
#9967=CARTESIAN_POINT('Ctrl Pts',(128.121765858719,36.2238137692342,10.0637215281518));
#9968=CARTESIAN_POINT('Ctrl Pts',(128.366791223642,36.2666476900098,10.5264247585446));
#9969=CARTESIAN_POINT('Ctrl Pts',(128.500301134677,36.2754606725847,11.0547779036703));
#9970=CARTESIAN_POINT('Ctrl Pts',(128.500301134677,36.2754606725847,11.5846475972884));
#9971=CARTESIAN_POINT('Ctrl Pts',(128.500301134677,36.2754606725847,11.8280928467151));
#9972=CARTESIAN_POINT('Ctrl Pts',(128.500301134677,36.2754606725847,11.7469444302395));
#9973=CARTESIAN_POINT('Ctrl Pts',(128.500301134677,36.2754606725847,11.6657960137639));
#9974=CARTESIAN_POINT('Ctrl Pts',(128.500301134677,36.2754606725847,11.5846475972884));
#9975=CARTESIAN_POINT('Ctrl Pts',(128.833534089803,36.6169737815637,11.8280928467151));
#9976=CARTESIAN_POINT('Ctrl Pts',(128.833534089803,36.6169737815637,11.7469444302395));
#9977=CARTESIAN_POINT('Ctrl Pts',(128.832757617045,36.6169765122998,11.6657960137639));
#9978=CARTESIAN_POINT('Ctrl Pts',(128.831200925243,36.6169656159784,11.5846475972884));
#9979=CARTESIAN_POINT('Ctrl Pts',(129.166767044928,36.9584868905427,11.8280928467151));
#9980=CARTESIAN_POINT('Ctrl Pts',(129.166767044928,36.9584868905427,11.7469444302395));
#9981=CARTESIAN_POINT('Ctrl Pts',(129.165214099414,36.9584923520148,11.6657960137639));
#9982=CARTESIAN_POINT('Ctrl Pts',(129.162100715809,36.9584705593721,11.5846475972884));
#9983=CARTESIAN_POINT('Ctrl Pts',(129.500000000054,37.2999999995217,11.8280928467151));
#9984=CARTESIAN_POINT('Ctrl Pts',(129.500000000054,37.2999999995217,11.7469444302395));
#9985=CARTESIAN_POINT('Ctrl Pts',(129.497670581782,37.3000081917298,11.6657960137639));
#9986=CARTESIAN_POINT('Ctrl Pts',(129.493000506375,37.2999755027658,11.5846475972884));
#9987=CARTESIAN_POINT('',(128.500301134677,36.2754606725847,11.8280928467151));
#9988=CARTESIAN_POINT('',(129.500000000054,37.2999999995217,11.8280928467151));
#9989=CARTESIAN_POINT('',(128.500301134677,36.2754606725847,11.8280928467151));
#9990=CARTESIAN_POINT('Ctrl Pts',(129.500000000054,37.2999999995217,11.8280928467151));
#9991=CARTESIAN_POINT('Ctrl Pts',(129.500000000054,37.2999999995217,11.7469444302395));
#9992=CARTESIAN_POINT('Ctrl Pts',(129.497670581782,37.3000081917298,11.6657960137639));
#9993=CARTESIAN_POINT('Ctrl Pts',(129.493000506375,37.2999755027658,11.5846475972884));
#9994=CARTESIAN_POINT('Ctrl Pts',(128.500301134677,36.2754606725847,11.5846475972884));
#9995=CARTESIAN_POINT('Ctrl Pts',(128.500301134677,36.2754606725847,11.6657960137639));
#9996=CARTESIAN_POINT('Ctrl Pts',(128.500301134677,36.2754606725847,11.7469444302395));
#9997=CARTESIAN_POINT('Ctrl Pts',(128.500301134677,36.2754606725847,11.8280928467151));
#9998=CARTESIAN_POINT('Origin',(126.500000000045,25.5999999995289,10.6266384735554));
#9999=CARTESIAN_POINT('',(129.00000000018,26.099999999523,8.96832607858315));
#10000=CARTESIAN_POINT('',(129.833333333557,25.0999999995236,8.41555528025722));
#10001=CARTESIAN_POINT('',(129.00000000018,26.099999999523,8.96832607858315));
#10002=CARTESIAN_POINT('',(130.500000000043,25.0999999995111,10.6266384735554));
#10003=CARTESIAN_POINT('Origin',(126.500000000043,25.0999999995258,10.6266384735554));
#10004=CARTESIAN_POINT('',(129.500000000044,26.0999999995211,10.6266384735554));
#10005=CARTESIAN_POINT('',(130.500000000043,25.0999999995111,10.6266384735554));
#10006=CARTESIAN_POINT('Origin',(126.500000000047,26.0999999995321,10.6266384735554));
#10007=CARTESIAN_POINT('Origin',(130.000000000043,25.5999999995193,17.7499999999997));
#10008=CARTESIAN_POINT('',(129.500000000044,26.0999999995211,17.7499999999997));
#10009=CARTESIAN_POINT('',(130.500000000043,25.0999999998903,11.7499999999887));
#10010=CARTESIAN_POINT('',(130.500000000043,25.0999999995175,17.7499999999997));
#10011=CARTESIAN_POINT('',(130.500000000043,25.0999999998833,17.7499999999971));
#10012=CARTESIAN_POINT('Ctrl Pts',(123.94345411058,31.8643370120274,4.21595366533139));
#10013=CARTESIAN_POINT('Ctrl Pts',(123.851693518493,31.1659089009704,4.12283091557423));
#10014=CARTESIAN_POINT('Ctrl Pts',(123.926955460505,30.11034868126,4.2021651599414));
#10015=CARTESIAN_POINT('Ctrl Pts',(124.622628989269,28.3961596830278,4.89506896829362));
#10016=CARTESIAN_POINT('Ctrl Pts',(125.942609468551,26.876782537408,6.15239137628374));
#10017=CARTESIAN_POINT('Ctrl Pts',(127.521197576695,26.2475377377814,7.55134272788938));
#10018=CARTESIAN_POINT('Ctrl Pts',(128.353317820363,26.1411659284861,8.26360915298003));
#10019=CARTESIAN_POINT('Ctrl Pts',(123.700866849985,31.9750724185828,3.67422131877233));
#10020=CARTESIAN_POINT('Ctrl Pts',(123.585243828323,31.1640060842438,3.56590895329625));
#10021=CARTESIAN_POINT('Ctrl Pts',(123.687263522886,29.9151615468834,3.66281784567306));
#10022=CARTESIAN_POINT('Ctrl Pts',(124.532574130679,28.0089284865201,4.4486928025833));
#10023=CARTESIAN_POINT('Ctrl Pts',(126.027580826663,26.4399001139344,5.80909428729725));
#10024=CARTESIAN_POINT('Ctrl Pts',(127.702640188917,25.8650251583629,7.27040829636309));
#10025=CARTESIAN_POINT('Ctrl Pts',(128.568878546968,25.7941106188317,8.00972651942187));
#10026=CARTESIAN_POINT('Ctrl Pts',(123.45827958939,32.0858078251383,3.13248897221327));
#10027=CARTESIAN_POINT('Ctrl Pts',(123.318794138154,31.1621032675172,3.00898699101827));
#10028=CARTESIAN_POINT('Ctrl Pts',(123.447571585268,29.7199744125068,3.12347053140471));
#10029=CARTESIAN_POINT('Ctrl Pts',(124.44251927209,27.6216972900125,4.00231663687297));
#10030=CARTESIAN_POINT('Ctrl Pts',(126.112552184776,26.0030176904609,5.46579719831077));
#10031=CARTESIAN_POINT('Ctrl Pts',(127.884082801139,25.4825125789445,6.9894738648368));
#10032=CARTESIAN_POINT('Ctrl Pts',(128.784439273573,25.4470553091773,7.75584388586371));
#10033=CARTESIAN_POINT('Ctrl Pts',(123.215692328795,32.1965432316937,2.59075662565421));
#10034=CARTESIAN_POINT('Ctrl Pts',(123.052344447984,31.1602004507907,2.45206502874029));
#10035=CARTESIAN_POINT('Ctrl Pts',(123.207879647649,29.5247872781302,2.58412321713637));
#10036=CARTESIAN_POINT('Ctrl Pts',(124.3524644135,27.2344660935048,3.55594047116264));
#10037=CARTESIAN_POINT('Ctrl Pts',(126.197523542889,25.5661352669873,5.12250010932428));
#10038=CARTESIAN_POINT('Ctrl Pts',(128.065525413361,25.099999999526,6.70853943331051));
#10039=CARTESIAN_POINT('Ctrl Pts',(129.000000000178,25.099999999523,7.50196125230556));
#10040=CARTESIAN_POINT('',(128.353317820363,26.1411659284861,8.26360915298003));
#10041=CARTESIAN_POINT('',(129.000000000178,25.099999999523,7.50196125230556));
#10042=CARTESIAN_POINT('',(123.90819602314,31.4890194784708,4.18011839495052));
#10043=CARTESIAN_POINT('Ctrl Pts',(128.353317820363,26.1411659284861,8.26360915298003));
#10044=CARTESIAN_POINT('Ctrl Pts',(127.521197576695,26.2475377377814,7.55134272788938));
#10045=CARTESIAN_POINT('Ctrl Pts',(125.942609468551,26.876782537408,6.15239137628374));
#10046=CARTESIAN_POINT('Ctrl Pts',(124.622628989269,28.3961596830278,4.89506896829362));
#10047=CARTESIAN_POINT('Ctrl Pts',(123.976743080273,29.9876684490443,4.25175455772629));
#10048=CARTESIAN_POINT('Ctrl Pts',(123.874515718949,30.914481000713,4.14654301525378));
#10049=CARTESIAN_POINT('Ctrl Pts',(123.907889901924,31.4890434636664,4.18001190235754));
#10050=CARTESIAN_POINT('Ctrl Pts',(123.907877583085,31.488831309403,4.17999954863824));
#10051=CARTESIAN_POINT('Ctrl Pts',(123.887124135253,31.5145987595447,4.13336340550802));
#10052=CARTESIAN_POINT('Ctrl Pts',(123.866666327124,31.5397748084517,4.0871990562575));
#10053=CARTESIAN_POINT('Ctrl Pts',(123.846388342614,31.5643643377579,4.04128856819327));
#10054=CARTESIAN_POINT('Ctrl Pts',(123.82568159322,31.5894737967773,3.9944073325155));
#10055=CARTESIAN_POINT('Ctrl Pts',(123.805162181473,31.6139718751019,3.94779075428552));
#10056=CARTESIAN_POINT('Ctrl Pts',(123.784714864042,31.6379164293524,3.90121765236614));
#10057=CARTESIAN_POINT('Ctrl Pts',(123.763710432412,31.6625133846432,3.85337560470535));
#10058=CARTESIAN_POINT('Ctrl Pts',(123.742781936359,31.6865263599426,3.80557939573081));
#10059=CARTESIAN_POINT('Ctrl Pts',(123.721815303686,31.7100706011464,3.75760133839779));
#10060=CARTESIAN_POINT('Ctrl Pts',(123.700590232967,31.7339050524074,3.70903189590833));
#10061=CARTESIAN_POINT('Ctrl Pts',(123.679325997059,31.7572593090701,3.66027609902334));
#10062=CARTESIAN_POINT('Ctrl Pts',(123.657916879203,31.7803036447472,3.61111014763134));
#10063=CARTESIAN_POINT('Ctrl Pts',(123.63629728906,31.8035745284807,3.56146084749425));
#10064=CARTESIAN_POINT('Ctrl Pts',(123.614529886566,31.8265294457453,3.51139329459089));
#10065=CARTESIAN_POINT('Ctrl Pts',(123.592519710984,31.849393231545,3.46068949568603));
#10066=CARTESIAN_POINT('Ctrl Pts',(123.587030394338,31.8550954377595,3.44804401694743));
#10067=CARTESIAN_POINT('Ctrl Pts',(123.581526047062,31.860792211729,3.43535902375227));
#10068=CARTESIAN_POINT('Ctrl Pts',(123.576005336904,31.866487509985,3.42263125371338));
#10069=CARTESIAN_POINT('Ctrl Pts',(123.545416142432,31.8980440635666,3.35210912490595));
#10070=CARTESIAN_POINT('Ctrl Pts',(123.514743787622,31.9288889826889,3.28127469910642));
#10071=CARTESIAN_POINT('Ctrl Pts',(123.483988458936,31.9590116338549,3.21018729521472));
#10072=CARTESIAN_POINT('Ctrl Pts',(123.45343140218,31.9889400918062,3.13955817407567));
#10073=CARTESIAN_POINT('Ctrl Pts',(123.422792301142,32.0181555235703,3.06867931637459));
#10074=CARTESIAN_POINT('Ctrl Pts',(123.392084231859,32.0466953382454,2.99762149234386));
#10075=CARTESIAN_POINT('Ctrl Pts',(123.361562706832,32.0750617802991,2.9269953277814));
#10076=CARTESIAN_POINT('Ctrl Pts',(123.330972975608,32.1027607745205,2.85619238035082));
#10077=CARTESIAN_POINT('Ctrl Pts',(123.300342202232,32.1298768680171,2.78529456380816));
#10078=CARTESIAN_POINT('Ctrl Pts',(123.277845439403,32.1497922752042,2.73322368253238));
#10079=CARTESIAN_POINT('Ctrl Pts',(123.25532683605,32.1693942434771,2.68110188707665));
#10080=CARTESIAN_POINT('Ctrl Pts',(123.232802377776,32.1887328946566,2.62896583321442));
#10081=CARTESIAN_POINT('Ctrl Pts',(127.57560592753,36.0970502877828,9.30561313583999));
#10082=CARTESIAN_POINT('Ctrl Pts',(126.657248433421,35.8299296959573,8.33559754885014));
#10083=CARTESIAN_POINT('Ctrl Pts',(125.290113159931,34.9519740726549,6.70710598761915));
#10084=CARTESIAN_POINT('Ctrl Pts',(124.173468369194,33.1352019142256,4.97674918366643));
#10085=CARTESIAN_POINT('Ctrl Pts',(123.938515176049,32.0231675018349,4.37473253797049));
#10086=CARTESIAN_POINT('Ctrl Pts',(123.908196023137,31.4890194784093,4.18011839492813));
#10087=CARTESIAN_POINT('Ctrl Pts',(127.744021374405,36.474062317947,9.08822545860079));
#10088=CARTESIAN_POINT('Ctrl Pts',(126.788000540512,36.2464299744125,8.08927468399693));
#10089=CARTESIAN_POINT('Ctrl Pts',(125.329875991372,35.4159011067616,6.40289406128057));
#10090=CARTESIAN_POINT('Ctrl Pts',(124.049101610936,33.5493127235237,4.55899536705229));
#10091=CARTESIAN_POINT('Ctrl Pts',(123.733654399699,32.322885900597,3.88240115526905));
#10092=CARTESIAN_POINT('Ctrl Pts',(123.681323396304,31.7086252957495,3.65802558021759));
#10093=CARTESIAN_POINT('Ctrl Pts',(127.912436821281,36.8510743481112,8.87083778136158));
#10094=CARTESIAN_POINT('Ctrl Pts',(126.918752647602,36.6629302528678,7.84295181914373));
#10095=CARTESIAN_POINT('Ctrl Pts',(125.369638822814,35.8798281408683,6.09868213494198));
#10096=CARTESIAN_POINT('Ctrl Pts',(123.924734852677,33.9634235328218,4.14124155043815));
#10097=CARTESIAN_POINT('Ctrl Pts',(123.52879362335,32.6226042993591,3.39006977256762));
#10098=CARTESIAN_POINT('Ctrl Pts',(123.454450769471,31.9282311130896,3.13593276550704));
#10099=CARTESIAN_POINT('Ctrl Pts',(128.080852268156,37.2280863782754,8.65345010412238));
#10100=CARTESIAN_POINT('Ctrl Pts',(127.049504754693,37.0794305313231,7.59662895429052));
#10101=CARTESIAN_POINT('Ctrl Pts',(125.409401654255,36.343755174975,5.7944702086034));
#10102=CARTESIAN_POINT('Ctrl Pts',(123.800368094418,34.3775343421199,3.72348773382401));
#10103=CARTESIAN_POINT('Ctrl Pts',(123.323932847,32.9223226981212,2.89773838986619));
#10104=CARTESIAN_POINT('Ctrl Pts',(123.227578142638,32.1478369304298,2.61383995079649));
#10105=CARTESIAN_POINT('',(127.57560592753,36.0970502877828,9.30561313583999));
#10106=CARTESIAN_POINT('Ctrl Pts',(123.908196023137,31.4890194784093,4.18011839492813));
#10107=CARTESIAN_POINT('Ctrl Pts',(123.938515176049,32.0231675018349,4.37473253797049));
#10108=CARTESIAN_POINT('Ctrl Pts',(124.173468369194,33.1352019142256,4.97674918366643));
#10109=CARTESIAN_POINT('Ctrl Pts',(125.290113159931,34.9519740726549,6.70710598761915));
#10110=CARTESIAN_POINT('Ctrl Pts',(126.657248433421,35.8299296959573,8.33559754885014));
#10111=CARTESIAN_POINT('Ctrl Pts',(127.57560592753,36.0970502877828,9.30561313583999));
#10112=CARTESIAN_POINT('',(127.57560592753,36.0970502877828,9.30561313583999));
#10113=CARTESIAN_POINT('Ctrl Pts',(128.353317820363,26.1411659284861,8.26360915298021));
#10114=CARTESIAN_POINT('Ctrl Pts',(128.382858217918,26.1373897127779,8.28889472140891));
#10115=CARTESIAN_POINT('Ctrl Pts',(128.412419369506,26.1338738292051,8.31415584619945));
#10116=CARTESIAN_POINT('Ctrl Pts',(128.44199591884,26.130618237889,8.33939883586604));
#10117=CARTESIAN_POINT('Ctrl Pts',(128.568878546968,25.7941106188317,8.00972651942199));
#10118=CARTESIAN_POINT('Ctrl Pts',(128.598452510628,25.7915931416929,8.03497255443821));
#10119=CARTESIAN_POINT('Ctrl Pts',(128.628040310309,25.789249219311,8.06020229369566));
#10120=CARTESIAN_POINT('Ctrl Pts',(128.657638375155,25.7870788251002,8.08541994287047));
#10121=CARTESIAN_POINT('Ctrl Pts',(128.784439273573,25.4470553091773,7.75584388586377));
#10122=CARTESIAN_POINT('Ctrl Pts',(128.814046803338,25.4457965706079,7.78105038746751));
#10123=CARTESIAN_POINT('Ctrl Pts',(128.843661251113,25.4446246094168,7.80624874119187));
#10124=CARTESIAN_POINT('Ctrl Pts',(128.873280831471,25.4435394123114,7.83144104987491));
#10125=CARTESIAN_POINT('Ctrl Pts',(129.000000000178,25.099999999523,7.50196125230556));
#10126=CARTESIAN_POINT('Ctrl Pts',(129.029641096047,25.0999999995228,7.52712822049682));
#10127=CARTESIAN_POINT('Ctrl Pts',(129.059282191917,25.0999999995227,7.55229518868808));
#10128=CARTESIAN_POINT('Ctrl Pts',(129.088923287787,25.0999999995226,7.57746215687935));
#10129=CARTESIAN_POINT('',(128.44199591884,26.130618237889,8.33939883586604));
#10130=CARTESIAN_POINT('',(129.088923287787,25.0999999995226,7.57746215687935));
#10131=CARTESIAN_POINT('Ctrl Pts',(128.44199591884,26.130618237889,8.33939883586604));
#10132=CARTESIAN_POINT('Ctrl Pts',(128.412419369506,26.1338738292051,8.31415584619945));
#10133=CARTESIAN_POINT('Ctrl Pts',(128.382858217918,26.1373897127779,8.28889472140891));
#10134=CARTESIAN_POINT('Ctrl Pts',(128.353317820363,26.1411659284861,8.26360915298021));
#10135=CARTESIAN_POINT('Ctrl Pts',(128.441995918839,26.1306182378891,8.3393988358652));
#10136=CARTESIAN_POINT('Ctrl Pts',(128.655892774916,26.1070738839041,8.5219554981283));
#10137=CARTESIAN_POINT('Ctrl Pts',(128.844580384219,26.0999999995235,8.73402219162989));
#10138=CARTESIAN_POINT('Ctrl Pts',(129.00000000018,26.099999999523,8.96832607858249));
#10139=CARTESIAN_POINT('Ctrl Pts',(128.657638375155,25.787078825101,8.08541994286992));
#10140=CARTESIAN_POINT('Ctrl Pts',(128.895494127601,25.7713825891108,8.28800368961963));
#10141=CARTESIAN_POINT('Ctrl Pts',(129.105089315793,25.7666666661902,8.52373149363788));
#10142=CARTESIAN_POINT('Ctrl Pts',(129.277777777972,25.7666666661896,8.7840691458074));
#10143=CARTESIAN_POINT('Ctrl Pts',(128.873280831471,25.4435394123129,7.83144104987463));
#10144=CARTESIAN_POINT('Ctrl Pts',(129.135095480286,25.4356912943175,8.05405188111097));
#10145=CARTESIAN_POINT('Ctrl Pts',(129.365598247368,25.4333333328569,8.31344079564586));
#10146=CARTESIAN_POINT('Ctrl Pts',(129.555555555764,25.4333333328563,8.59981221303232));
#10147=CARTESIAN_POINT('Ctrl Pts',(129.088923287787,25.0999999995248,7.57746215687934));
#10148=CARTESIAN_POINT('Ctrl Pts',(129.374696832972,25.0999999995242,7.82010007260231));
#10149=CARTESIAN_POINT('Ctrl Pts',(129.626107178942,25.0999999995235,8.10315009765384));
#10150=CARTESIAN_POINT('Ctrl Pts',(129.833333333557,25.0999999995229,8.41555528025723));
#10151=CARTESIAN_POINT('Ctrl Pts',(129.088923287787,25.0999999995248,7.57746215687934));
#10152=CARTESIAN_POINT('Ctrl Pts',(129.374696832972,25.0999999995242,7.82010007260231));
#10153=CARTESIAN_POINT('Ctrl Pts',(129.626107178942,25.0999999995235,8.10315009765384));
#10154=CARTESIAN_POINT('Ctrl Pts',(129.833333333557,25.0999999995229,8.41555528025723));
#10155=CARTESIAN_POINT('Ctrl Pts',(129.00000000018,26.099999999523,8.96832607858249));
#10156=CARTESIAN_POINT('Ctrl Pts',(128.844580384219,26.0999999995235,8.73402219162989));
#10157=CARTESIAN_POINT('Ctrl Pts',(128.655892774916,26.1070738839041,8.5219554981283));
#10158=CARTESIAN_POINT('Ctrl Pts',(128.441995918839,26.1306182378891,8.3393988358652));
#10159=CARTESIAN_POINT('Ctrl Pts',(127.705384969789,36.1329475892545,9.45036710569548));
#10160=CARTESIAN_POINT('Ctrl Pts',(127.663300654979,36.12190287704,9.40076623809616));
#10161=CARTESIAN_POINT('Ctrl Pts',(127.619987664784,36.1099595045069,9.35249136919766));
#10162=CARTESIAN_POINT('Ctrl Pts',(127.57560592753,36.0970502877828,9.30561313583999));
#10163=CARTESIAN_POINT('Ctrl Pts',(127.894395947096,36.5063032680369,9.24994273471821));
#10164=CARTESIAN_POINT('Ctrl Pts',(127.845070293833,36.4964546399715,9.19522196047016));
#10165=CARTESIAN_POINT('Ctrl Pts',(127.794925891436,36.4857409970421,9.14132081528728));
#10166=CARTESIAN_POINT('Ctrl Pts',(127.744021374405,36.474062317947,9.08822545860078));
#10167=CARTESIAN_POINT('Ctrl Pts',(128.083406924402,36.8796589468194,9.04951836374094));
#10168=CARTESIAN_POINT('Ctrl Pts',(128.026839932687,36.871006402903,8.98967768284416));
#10169=CARTESIAN_POINT('Ctrl Pts',(127.969864118088,36.8615224895772,8.93015026137691));
#10170=CARTESIAN_POINT('Ctrl Pts',(127.912436821281,36.8510743481112,8.87083778136158));
#10171=CARTESIAN_POINT('Ctrl Pts',(128.272417901708,37.2530146256018,8.84909399276367));
#10172=CARTESIAN_POINT('Ctrl Pts',(128.208609571542,37.2455581658346,8.78413340521816));
#10173=CARTESIAN_POINT('Ctrl Pts',(128.14480234474,37.2373039821123,8.71897970746653));
#10174=CARTESIAN_POINT('Ctrl Pts',(128.080852268156,37.2280863782754,8.65345010412237));
#10175=CARTESIAN_POINT('Ctrl Pts',(127.57560592753,36.0970502877828,9.30561313583999));
#10176=CARTESIAN_POINT('Ctrl Pts',(127.619987664784,36.1099595045069,9.35249136919766));
#10177=CARTESIAN_POINT('Ctrl Pts',(127.663300654979,36.12190287704,9.40076623809616));
#10178=CARTESIAN_POINT('Ctrl Pts',(127.705384969789,36.1329475892545,9.45036710569548));
#10179=CARTESIAN_POINT('Ctrl Pts',(128.500301134677,36.2754606725847,17.7499999999997));
#10180=CARTESIAN_POINT('Ctrl Pts',(128.500301134677,36.2754606725847,15.7760309489048));
#10181=CARTESIAN_POINT('Ctrl Pts',(128.500301134677,36.2754606725847,13.80206189781));
#10182=CARTESIAN_POINT('Ctrl Pts',(128.500301134677,36.2754606725847,11.8280928467151));
#10183=CARTESIAN_POINT('Ctrl Pts',(128.833534089803,36.6169737815637,17.7499999999997));
#10184=CARTESIAN_POINT('Ctrl Pts',(128.833534089803,36.6169737815637,15.7760309489048));
#10185=CARTESIAN_POINT('Ctrl Pts',(128.833534089803,36.6169737815637,13.80206189781));
#10186=CARTESIAN_POINT('Ctrl Pts',(128.833534089803,36.6169737815637,11.8280928467151));
#10187=CARTESIAN_POINT('Ctrl Pts',(129.166767044928,36.9584868905427,17.7499999999997));
#10188=CARTESIAN_POINT('Ctrl Pts',(129.166767044928,36.9584868905427,15.7760309489048));
#10189=CARTESIAN_POINT('Ctrl Pts',(129.166767044928,36.9584868905427,13.80206189781));
#10190=CARTESIAN_POINT('Ctrl Pts',(129.166767044928,36.9584868905427,11.8280928467151));
#10191=CARTESIAN_POINT('Ctrl Pts',(129.500000000054,37.2999999995217,17.7499999999997));
#10192=CARTESIAN_POINT('Ctrl Pts',(129.500000000054,37.2999999995217,15.7760309489048));
#10193=CARTESIAN_POINT('Ctrl Pts',(129.500000000054,37.2999999995217,13.80206189781));
#10194=CARTESIAN_POINT('Ctrl Pts',(129.500000000054,37.2999999995217,11.8280928467151));
#10195=CARTESIAN_POINT('Ctrl Pts',(129.500000000054,37.2999999995217,17.7499999999997));
#10196=CARTESIAN_POINT('Ctrl Pts',(129.500000000054,37.2999999995217,15.7760309489048));
#10197=CARTESIAN_POINT('Ctrl Pts',(129.500000000054,37.2999999995217,13.80206189781));
#10198=CARTESIAN_POINT('Ctrl Pts',(129.500000000054,37.2999999995217,11.8280928467151));
#10199=CARTESIAN_POINT('Ctrl Pts',(128.500301134677,36.2754606725847,11.8280928467151));
#10200=CARTESIAN_POINT('Ctrl Pts',(128.500301134677,36.2754606725847,13.80206189781));
#10201=CARTESIAN_POINT('Ctrl Pts',(128.500301134677,36.2754606725847,15.7760309489048));
#10202=CARTESIAN_POINT('Ctrl Pts',(128.500301134677,36.2754606725847,17.7499999999997));
#10203=CARTESIAN_POINT('Origin',(125.500000000025,4.89696587231311,3.93972812143314));
#10204=CARTESIAN_POINT('',(129.500000000025,4.8969658723096,3.93972812143314));
#10205=CARTESIAN_POINT('Origin',(129.499999999991,-34.2999999998832,17.7499999999997));
#10206=CARTESIAN_POINT('',(129.500000000057,40.6802252680054,17.7499999999997));
#10207=CARTESIAN_POINT('Origin',(129.000000000199,31.199999999523,17.7499999999997));
#10208=CARTESIAN_POINT('',(129.00000000018,26.099999999523,17.7499999999997));
#10209=CARTESIAN_POINT('Origin',(126.500000000026,-12.5999999998417,10.6266384735554));
#10210=CARTESIAN_POINT('',(128.799999999935,-12.1000000000074,8.70050244504638));
#10211=CARTESIAN_POINT('',(129.566666666563,-13.0999999998603,8.05845710218545));
#10212=CARTESIAN_POINT('',(128.799999999935,-12.1000000000074,8.70050244504638));
#10213=CARTESIAN_POINT('',(130.500000000009,-13.1000000000017,10.6266384735554));
#10214=CARTESIAN_POINT('Origin',(126.500000000009,-13.0999999998715,10.6266384735554));
#10215=CARTESIAN_POINT('',(129.500000000013,-12.0999999999097,10.6266384735554));
#10216=CARTESIAN_POINT('',(130.500000000009,-13.1000000000017,10.6266384735554));
#10217=CARTESIAN_POINT('Origin',(126.500000000042,-12.099999999812,10.6266384735554));
#10218=CARTESIAN_POINT('Origin',(130.00000000001,-12.599999999926,17.7499999999997));
#10219=CARTESIAN_POINT('',(129.50000000001,-12.0999999999097,17.7499999999997));
#10220=CARTESIAN_POINT('',(130.500000000009,-13.0999999999164,11.7499999999879));
#10221=CARTESIAN_POINT('',(130.500000000009,-13.0999999999422,17.7499999999997));
#10222=CARTESIAN_POINT('',(130.500000000009,-13.0999999999164,17.7499999999997));
#10223=CARTESIAN_POINT('Ctrl Pts',(128.153415769687,12.0553118944034,8.09368246933446));
#10224=CARTESIAN_POINT('Ctrl Pts',(127.108766223446,11.9102187324148,7.19820154448452));
#10225=CARTESIAN_POINT('Ctrl Pts',(125.51233626855,11.0645908474833,5.7519465585357));
#10226=CARTESIAN_POINT('Ctrl Pts',(124.305796210931,9.13612069496217,4.55830128135858));
#10227=CARTESIAN_POINT('Ctrl Pts',(124.099999999893,7.97609978501659,4.34158389358917));
#10228=CARTESIAN_POINT('Ctrl Pts',(124.09999999988,7.40000000010587,4.34158389357509));
#10229=CARTESIAN_POINT('Ctrl Pts',(128.368943846458,12.4035412629733,7.83983829002601));
#10230=CARTESIAN_POINT('Ctrl Pts',(127.277486038086,12.3068124883141,6.90745261076449));
#10231=CARTESIAN_POINT('Ctrl Pts',(125.556422745986,11.5162808273789,5.38564206357298));
#10232=CARTESIAN_POINT('Ctrl Pts',(124.123135615393,9.45250951134348,4.05588384454759));
#10233=CARTESIAN_POINT('Ctrl Pts',(123.845901973508,8.08385572920737,3.79250695294649));
#10234=CARTESIAN_POINT('Ctrl Pts',(123.84590197349,7.40000000012683,3.79250695292978));
#10235=CARTESIAN_POINT('Ctrl Pts',(128.584471923229,12.7517706315432,7.58599411071757));
#10236=CARTESIAN_POINT('Ctrl Pts',(127.446205852727,12.7034062442134,6.61670367704444));
#10237=CARTESIAN_POINT('Ctrl Pts',(125.600509223422,11.9679708072744,5.01933756861026));
#10238=CARTESIAN_POINT('Ctrl Pts',(123.940475019855,9.76889832772479,3.5534664077366));
#10239=CARTESIAN_POINT('Ctrl Pts',(123.591803947123,8.19161167339814,3.24343001230381));
#10240=CARTESIAN_POINT('Ctrl Pts',(123.5918039471,7.40000000014778,3.24343001228446));
#10241=CARTESIAN_POINT('Ctrl Pts',(128.8,13.1000000001131,7.33214993140913));
#10242=CARTESIAN_POINT('Ctrl Pts',(127.614925667367,13.1000000001127,6.32595474332441));
#10243=CARTESIAN_POINT('Ctrl Pts',(125.644595700858,12.41966078717,4.65303307364754));
#10244=CARTESIAN_POINT('Ctrl Pts',(123.757814424317,10.0852871441061,3.05104897092561));
#10245=CARTESIAN_POINT('Ctrl Pts',(123.337705920737,8.29936761758891,2.69435307166113));
#10246=CARTESIAN_POINT('Ctrl Pts',(123.337705920711,7.40000000016873,2.69435307163915));
#10247=CARTESIAN_POINT('',(123.337705920711,7.40000000016874,2.69435307163915));
#10248=CARTESIAN_POINT('',(128.153415769687,12.0553118944034,8.09368246933445));
#10249=CARTESIAN_POINT('Origin',(123.718852960416,14.4474065861529,3.5179684827042));
#10250=CARTESIAN_POINT('',(124.1,-7.39999999989412,4.34158389368839));
#10251=CARTESIAN_POINT('',(123.337705920831,-7.39999999989534,2.69435307175244));
#10252=CARTESIAN_POINT('',(124.1,14.4474065861535,4.34158389367217));
#10253=CARTESIAN_POINT('Ctrl Pts',(124.1,-7.39999999989412,4.34158389368838));
#10254=CARTESIAN_POINT('Ctrl Pts',(124.099999999986,-7.97609978480071,4.34158389368479));
#10255=CARTESIAN_POINT('Ctrl Pts',(124.305796210969,-9.13612069475486,4.55830128142186));
#10256=CARTESIAN_POINT('Ctrl Pts',(125.512336268541,-11.064590847345,5.75194655856313));
#10257=CARTESIAN_POINT('Ctrl Pts',(127.108766223449,-11.9102187323046,7.19820154450591));
#10258=CARTESIAN_POINT('Ctrl Pts',(128.153415769687,-12.0553118942966,8.0936824693528));
#10259=CARTESIAN_POINT('Ctrl Pts',(123.84590197361,-7.39999999988861,3.79250695304306));
#10260=CARTESIAN_POINT('Ctrl Pts',(123.845901973599,-8.08385572896762,3.7925069530388));
#10261=CARTESIAN_POINT('Ctrl Pts',(124.123135615429,-9.45250951112005,4.05588384460377));
#10262=CARTESIAN_POINT('Ctrl Pts',(125.556422745976,-11.5162808272278,5.38564206359411));
#10263=CARTESIAN_POINT('Ctrl Pts',(127.277486038084,-12.3068124881988,6.90745261078183));
#10264=CARTESIAN_POINT('Ctrl Pts',(128.368943846455,-12.4035412628668,7.83983829004177));
#10265=CARTESIAN_POINT('Ctrl Pts',(123.591803947221,-7.3999999998831,3.24343001239775));
#10266=CARTESIAN_POINT('Ctrl Pts',(123.591803947211,-8.19161167313453,3.24343001239282));
#10267=CARTESIAN_POINT('Ctrl Pts',(123.940475019889,-9.76889832748524,3.55346640778568));
#10268=CARTESIAN_POINT('Ctrl Pts',(125.600509223411,-11.9679708071106,5.01933756862509));
#10269=CARTESIAN_POINT('Ctrl Pts',(127.44620585272,-12.7034062440929,6.61670367705775));
#10270=CARTESIAN_POINT('Ctrl Pts',(128.584471923222,-12.7517706314371,7.58599411073073));
#10271=CARTESIAN_POINT('Ctrl Pts',(123.337705920831,-7.39999999987759,2.69435307175244));
#10272=CARTESIAN_POINT('Ctrl Pts',(123.337705920824,-8.29936761730144,2.69435307174683));
#10273=CARTESIAN_POINT('Ctrl Pts',(123.757814424349,-10.0852871438504,3.05104897096758));
#10274=CARTESIAN_POINT('Ctrl Pts',(125.644595700846,-12.4196607869934,4.65303307365607));
#10275=CARTESIAN_POINT('Ctrl Pts',(127.614925667355,-13.099999999987,6.32595474333367));
#10276=CARTESIAN_POINT('Ctrl Pts',(128.79999999999,-13.1000000000074,7.3321499314197));
#10277=CARTESIAN_POINT('',(128.153415769687,-12.0553118942966,8.0936824693528));
#10278=CARTESIAN_POINT('',(128.79999999999,-13.1000000000074,7.33214993141969));
#10279=CARTESIAN_POINT('Ctrl Pts',(128.153415769687,-12.0553118942966,8.0936824693528));
#10280=CARTESIAN_POINT('Ctrl Pts',(127.108766223449,-11.9102187323046,7.19820154450591));
#10281=CARTESIAN_POINT('Ctrl Pts',(125.512336268541,-11.064590847345,5.75194655856313));
#10282=CARTESIAN_POINT('Ctrl Pts',(124.305796210969,-9.13612069475486,4.55830128142186));
#10283=CARTESIAN_POINT('Ctrl Pts',(124.099999999986,-7.97609978480071,4.34158389368479));
#10284=CARTESIAN_POINT('Ctrl Pts',(124.1,-7.39999999989412,4.34158389368838));
#10285=CARTESIAN_POINT('Origin',(130.000000000032,12.6000000000741,17.7499999999997));
#10286=CARTESIAN_POINT('',(130.500000000032,13.0999999999233,11.749999999987));
#10287=CARTESIAN_POINT('',(130.500000000032,13.0999999999235,14.7499999999939));
#10288=CARTESIAN_POINT('',(130.500000000032,13.1000000000578,10.6266384735554));
#10289=CARTESIAN_POINT('',(130.500000000032,13.1000000000578,17.7499999999997));
#10290=CARTESIAN_POINT('',(129.500000000032,12.1000000000903,10.6266384735554));
#10291=CARTESIAN_POINT('',(130.500000000032,13.1000000000578,10.6266384735554));
#10292=CARTESIAN_POINT('',(129.500000000032,12.1000000000903,17.7499999999997));
#10293=CARTESIAN_POINT('Origin',(126.500000000016,12.6000000000411,10.6266384735554));
#10294=CARTESIAN_POINT('',(129.566666666757,13.0999999999053,8.05845710238973));
#10295=CARTESIAN_POINT('',(129.566666666757,13.0999999999053,8.05845710238973));
#10296=CARTESIAN_POINT('Origin',(126.5,12.100000000188,10.6266384735554));
#10297=CARTESIAN_POINT('Origin',(126.500000000032,13.0999999998941,10.6266384735554));
#10298=CARTESIAN_POINT('Ctrl Pts',(128.800000000069,12.1000000001131,8.70050244517375));
#10299=CARTESIAN_POINT('Ctrl Pts',(128.691053204421,12.1000000001147,8.57040902170777));
#10300=CARTESIAN_POINT('Ctrl Pts',(128.571020992833,12.0962087356932,8.44961811043455));
#10301=CARTESIAN_POINT('Ctrl Pts',(128.441752970452,12.0863268203235,8.33968497504547));
#10302=CARTESIAN_POINT('Ctrl Pts',(129.055555555631,12.4333333334118,8.48648733091241));
#10303=CARTESIAN_POINT('Ctrl Pts',(128.934503560468,12.4333333334139,8.34193908261667));
#10304=CARTESIAN_POINT('Ctrl Pts',(128.801144625318,12.4308058238005,8.20771132788549));
#10305=CARTESIAN_POINT('Ctrl Pts',(128.65747640956,12.4242178802217,8.08561070232343));
#10306=CARTESIAN_POINT('Ctrl Pts',(129.311111111194,12.7666666667104,8.27247221665107));
#10307=CARTESIAN_POINT('Ctrl Pts',(129.177953916514,12.766666666713,8.11346914352557));
#10308=CARTESIAN_POINT('Ctrl Pts',(129.031268257804,12.7654029119078,7.96580454533642));
#10309=CARTESIAN_POINT('Ctrl Pts',(128.873199848668,12.7621089401199,7.83153642960139));
#10310=CARTESIAN_POINT('Ctrl Pts',(129.566666666757,13.1000000000091,8.05845710238973));
#10311=CARTESIAN_POINT('Ctrl Pts',(129.42140427256,13.1000000000121,7.88499920443447));
#10312=CARTESIAN_POINT('Ctrl Pts',(129.26139189029,13.1000000000151,7.72389776278736));
#10313=CARTESIAN_POINT('Ctrl Pts',(129.088923287776,13.100000000018,7.57746215687934));
#10314=CARTESIAN_POINT('',(129.088923287776,13.100000000018,7.57746215687934));
#10315=CARTESIAN_POINT('Ctrl Pts',(129.566666666757,13.1000000000091,8.05845710238973));
#10316=CARTESIAN_POINT('Ctrl Pts',(129.42140427256,13.1000000000121,7.88499920443447));
#10317=CARTESIAN_POINT('Ctrl Pts',(129.26139189029,13.1000000000151,7.72389776278736));
#10318=CARTESIAN_POINT('Ctrl Pts',(129.088923287776,13.100000000018,7.57746215687934));
#10319=CARTESIAN_POINT('Ctrl Pts',(128.441752970453,12.0863268203236,8.3396849750446));
#10320=CARTESIAN_POINT('Ctrl Pts',(128.345510323735,12.0789695352634,8.25783754118401));
#10321=CARTESIAN_POINT('Ctrl Pts',(128.249337805359,12.0686346699798,8.17590751171997));
#10322=CARTESIAN_POINT('Ctrl Pts',(128.153415769667,12.0553118944007,8.09368246931739));
#10323=CARTESIAN_POINT('Ctrl Pts',(128.657476409565,12.4242178802503,8.08561070232614));
#10324=CARTESIAN_POINT('Ctrl Pts',(128.561212057554,12.4193130235445,8.00378883247685));
#10325=CARTESIAN_POINT('Ctrl Pts',(128.464994457771,12.4124231133565,7.92191189889192));
#10326=CARTESIAN_POINT('Ctrl Pts',(128.368943846445,12.4035412629715,7.83983829001463));
#10327=CARTESIAN_POINT('Ctrl Pts',(128.873199848676,12.762108940177,7.83153642960769));
#10328=CARTESIAN_POINT('Ctrl Pts',(128.776913791373,12.7596565118257,7.74974012376969));
#10329=CARTESIAN_POINT('Ctrl Pts',(128.680651110184,12.7562115567333,7.66791628606387));
#10330=CARTESIAN_POINT('Ctrl Pts',(128.584471923222,12.7517706315423,7.58599411071187));
#10331=CARTESIAN_POINT('Ctrl Pts',(129.088923287788,13.1000000001037,7.57746215688923));
#10332=CARTESIAN_POINT('Ctrl Pts',(128.992615525192,13.1000000001069,7.49569141506253));
#10333=CARTESIAN_POINT('Ctrl Pts',(128.896307762596,13.10000000011,7.41392067323582));
#10334=CARTESIAN_POINT('Ctrl Pts',(128.8,13.1000000001131,7.33214993140912));
#10335=CARTESIAN_POINT('Ctrl Pts',(128.153415769693,-12.0553118942974,8.09368246936486));
#10336=CARTESIAN_POINT('Ctrl Pts',(128.249337805378,-12.0686346698753,8.17590751175868));
#10337=CARTESIAN_POINT('Ctrl Pts',(128.345510323746,-12.078969535158,8.25783754121457));
#10338=CARTESIAN_POINT('Ctrl Pts',(128.441752970457,-12.0863268202178,8.33968497506746));
#10339=CARTESIAN_POINT('Ctrl Pts',(128.368943846458,-12.4035412628272,7.83983829004981));
#10340=CARTESIAN_POINT('Ctrl Pts',(128.464994457778,-12.4124231132135,7.92191189891898));
#10341=CARTESIAN_POINT('Ctrl Pts',(128.561212057553,-12.4193130234031,8.0037888324962));
#10342=CARTESIAN_POINT('Ctrl Pts',(128.657476409556,-12.4242178801106,8.08561070233809));
#10343=CARTESIAN_POINT('Ctrl Pts',(128.584471923224,-12.751770631357,7.58599411073475));
#10344=CARTESIAN_POINT('Ctrl Pts',(128.680651110178,-12.7562115565518,7.66791628607928));
#10345=CARTESIAN_POINT('Ctrl Pts',(128.776913791359,-12.7596565116481,7.74974012377783));
#10346=CARTESIAN_POINT('Ctrl Pts',(128.873199848654,-12.7621089400034,7.83153642960871));
#10347=CARTESIAN_POINT('Ctrl Pts',(128.79999999999,-13.0999999998869,7.3321499314197));
#10348=CARTESIAN_POINT('Ctrl Pts',(128.896307762578,-13.09999999989,7.41392067323958));
#10349=CARTESIAN_POINT('Ctrl Pts',(128.992615525165,-13.0999999998932,7.49569141505946));
#10350=CARTESIAN_POINT('Ctrl Pts',(129.088923287753,-13.0999999998963,7.57746215687934));
#10351=CARTESIAN_POINT('',(128.441752970457,-12.0863268202178,8.33968497506745));
#10352=CARTESIAN_POINT('',(129.088923287753,-13.0999999998963,7.57746215687933));
#10353=CARTESIAN_POINT('Ctrl Pts',(128.441752970457,-12.0863268202178,8.33968497506746));
#10354=CARTESIAN_POINT('Ctrl Pts',(128.345510323746,-12.078969535158,8.25783754121457));
#10355=CARTESIAN_POINT('Ctrl Pts',(128.249337805378,-12.0686346698753,8.17590751175868));
#10356=CARTESIAN_POINT('Ctrl Pts',(128.153415769693,-12.0553118942974,8.09368246936486));
#10357=CARTESIAN_POINT('Ctrl Pts',(128.441752970445,-12.0863268202169,8.3396849750579));
#10358=CARTESIAN_POINT('Ctrl Pts',(128.571020992774,-12.0962087355831,8.44961811040429));
#10359=CARTESIAN_POINT('Ctrl Pts',(128.691053204319,-12.1000000000058,8.57040902162666));
#10360=CARTESIAN_POINT('Ctrl Pts',(128.799999999931,-12.1000000000074,8.70050244503531));
#10361=CARTESIAN_POINT('Ctrl Pts',(128.657476409548,-12.4242178800995,8.08561070233171));
#10362=CARTESIAN_POINT('Ctrl Pts',(128.801144625249,-12.430805823678,8.20771132784612));
#10363=CARTESIAN_POINT('Ctrl Pts',(128.93450356035,-12.4333333332941,8.3419390825204));
#10364=CARTESIAN_POINT('Ctrl Pts',(129.055555555475,-12.4333333332961,8.48648733075203));
#10365=CARTESIAN_POINT('Ctrl Pts',(128.87319984865,-12.7621089399821,7.83153642960552));
#10366=CARTESIAN_POINT('Ctrl Pts',(129.031268257724,-12.7654029117728,7.96580454528796));
#10367=CARTESIAN_POINT('Ctrl Pts',(129.177953916381,-12.7666666665824,8.11346914341413));
#10368=CARTESIAN_POINT('Ctrl Pts',(129.311111111019,-12.7666666665849,8.27247221646874));
#10369=CARTESIAN_POINT('Ctrl Pts',(129.088923287753,-13.0999999998648,7.57746215687933));
#10370=CARTESIAN_POINT('Ctrl Pts',(129.261391890199,-13.0999999998677,7.72389776272979));
#10371=CARTESIAN_POINT('Ctrl Pts',(129.421404272412,-13.0999999998706,7.88499920430787));
#10372=CARTESIAN_POINT('Ctrl Pts',(129.566666666563,-13.0999999998737,8.05845710218545));
#10373=CARTESIAN_POINT('Ctrl Pts',(129.088923287753,-13.0999999998648,7.57746215687933));
#10374=CARTESIAN_POINT('Ctrl Pts',(129.261391890199,-13.0999999998677,7.72389776272979));
#10375=CARTESIAN_POINT('Ctrl Pts',(129.421404272412,-13.0999999998706,7.88499920430787));
#10376=CARTESIAN_POINT('Ctrl Pts',(129.566666666563,-13.0999999998737,8.05845710218545));
#10377=CARTESIAN_POINT('Ctrl Pts',(128.799999999931,-12.1000000000074,8.70050244503531));
#10378=CARTESIAN_POINT('Ctrl Pts',(128.691053204319,-12.1000000000058,8.57040902162666));
#10379=CARTESIAN_POINT('Ctrl Pts',(128.571020992774,-12.0962087355831,8.44961811040429));
#10380=CARTESIAN_POINT('Ctrl Pts',(128.441752970445,-12.0863268202169,8.3396849750579));
#10381=CARTESIAN_POINT('Origin',(130.500000000012,-10.1000000000056,17.7499999999997));
#10382=CARTESIAN_POINT('',(130.500000000009,-13.4452919045319,10.6266384735554));
#10383=CARTESIAN_POINT('',(130.500000000026,5.69740658609695,10.6266384735554));
#10384=CARTESIAN_POINT('Origin',(130.500000000012,-15.0999999999164,11.7499999999879));
#10385=CARTESIAN_POINT('Origin',(126.500000000026,5.69740658610047,10.6266384735554));
#10386=CARTESIAN_POINT('',(129.833333333447,-25.099999999877,8.41555528015847));
#10387=CARTESIAN_POINT('Ctrl Pts',(129.833333333447,-25.0999999998799,8.41555528015848));
#10388=CARTESIAN_POINT('Ctrl Pts',(129.626107178845,-25.0999999998798,8.10315009759415));
#10389=CARTESIAN_POINT('Ctrl Pts',(129.374696832897,-25.0999999998797,7.82010007257674));
#10390=CARTESIAN_POINT('Ctrl Pts',(129.088923287743,-25.0999999998796,7.57746215687932));
#10391=CARTESIAN_POINT('',(130.499999999999,-25.099999999882,10.6266384735554));
#10392=CARTESIAN_POINT('Origin',(126.499999999999,-25.0999999998738,10.6266384735554));
#10393=CARTESIAN_POINT('',(130.499999999999,-24.754708095268,10.6266384735554));
#10394=CARTESIAN_POINT('',(130.500000000026,5.69740658609695,10.6266384735554));
#10395=CARTESIAN_POINT('',(130.402756075732,-23.0999999998835,9.74999999998793));
#10396=CARTESIAN_POINT('Ctrl Pts',(130.499999999999,-24.754708095268,10.6266384735553));
#10397=CARTESIAN_POINT('Ctrl Pts',(130.499999999999,-24.6849570583057,10.5238954092727));
#10398=CARTESIAN_POINT('Ctrl Pts',(130.496014996976,-24.6063786347574,10.4290372038333));
#10399=CARTESIAN_POINT('Ctrl Pts',(130.477286114519,-24.3447460483649,10.1641701701231));
#10400=CARTESIAN_POINT('Ctrl Pts',(130.45332152414,-24.1191120218387,10.0083076453744));
#10401=CARTESIAN_POINT('Ctrl Pts',(130.415320839164,-23.6237011270392,9.80120084439157));
#10402=CARTESIAN_POINT('Ctrl Pts',(130.402756075732,-23.3537943449399,9.74999999998793));
#10403=CARTESIAN_POINT('Ctrl Pts',(130.402756075732,-23.0999999998835,9.74999999998793));
#10404=CARTESIAN_POINT('',(130.402756075739,-15.0999999999189,9.74999999998795));
#10405=CARTESIAN_POINT('',(130.402756075758,5.69740658609703,9.74999999998799));
#10406=CARTESIAN_POINT('Ctrl Pts',(130.402756075739,-15.0999999999164,9.74999999998795));
#10407=CARTESIAN_POINT('Ctrl Pts',(130.40275607574,-14.8482722107205,9.74999999998795));
#10408=CARTESIAN_POINT('Ctrl Pts',(130.415106127635,-14.5804084541412,9.80037919366116));
#10409=CARTESIAN_POINT('Ctrl Pts',(130.452669345727,-14.0881096927486,10.0044126478875));
#10410=CARTESIAN_POINT('Ctrl Pts',(130.476451679506,-13.8635488066384,10.1580240685197));
#10411=CARTESIAN_POINT('Ctrl Pts',(130.495741297683,-13.5989667599803,10.4226061151779));
#10412=CARTESIAN_POINT('Ctrl Pts',(130.500000000009,-13.5173866980602,10.5204430630135));
#10413=CARTESIAN_POINT('Ctrl Pts',(130.500000000009,-13.4452919045319,10.6266384735554));
#10414=CARTESIAN_POINT('Origin',(126.500000000043,24.7974065858592,10.6266384735554));
#10415=CARTESIAN_POINT('',(130.500000000033,13.4452919045381,10.6266384735554));
#10416=CARTESIAN_POINT('',(130.500000000043,24.7974065858557,10.6266384735554));
#10417=CARTESIAN_POINT('',(130.402756075766,15.0999999999256,9.74999999998687));
#10418=CARTESIAN_POINT('Ctrl Pts',(130.500000000033,13.4452919045381,10.6266384735554));
#10419=CARTESIAN_POINT('Ctrl Pts',(130.500000000033,13.5150429415005,10.5238954092724));
#10420=CARTESIAN_POINT('Ctrl Pts',(130.496014997009,13.5936213650491,10.4290372038326));
#10421=CARTESIAN_POINT('Ctrl Pts',(130.477286114553,13.8552539514418,10.1641701701222));
#10422=CARTESIAN_POINT('Ctrl Pts',(130.453321524173,14.080887977968,10.0083076453734));
#10423=CARTESIAN_POINT('Ctrl Pts',(130.415320839197,14.5762988727675,9.8012008443906));
#10424=CARTESIAN_POINT('Ctrl Pts',(130.402756075766,14.8462056548667,9.74999999998698));
#10425=CARTESIAN_POINT('Ctrl Pts',(130.402756075766,15.0999999999232,9.74999999998698));
#10426=CARTESIAN_POINT('',(130.402756075773,23.0999999998902,9.74999999998633));
#10427=CARTESIAN_POINT('',(130.402756075774,24.7974065858558,9.74999999998621));
#10428=CARTESIAN_POINT('',(130.500000000043,24.754708095276,10.6266384735554));
#10429=CARTESIAN_POINT('Ctrl Pts',(130.402756075773,23.0999999998903,9.74999999998633));
#10430=CARTESIAN_POINT('Ctrl Pts',(130.402756075773,23.3537943449469,9.74999999998633));
#10431=CARTESIAN_POINT('Ctrl Pts',(130.415320839205,23.6237011270461,9.80120084438998));
#10432=CARTESIAN_POINT('Ctrl Pts',(130.453321524182,24.1191120218457,10.0083076453729));
#10433=CARTESIAN_POINT('Ctrl Pts',(130.477286114562,24.3447460483719,10.1641701701216));
#10434=CARTESIAN_POINT('Ctrl Pts',(130.496014997,24.6063786344973,10.4290372035614));
#10435=CARTESIAN_POINT('Ctrl Pts',(130.500000000043,24.6849570582927,10.5238954092415));
#10436=CARTESIAN_POINT('Ctrl Pts',(130.500000000043,24.754708095276,10.6266384735554));
#10437=CARTESIAN_POINT('',(130.500000000043,24.7974065858557,10.6266384735554));
#10438=CARTESIAN_POINT('Origin',(130.500000000046,28.0999999995119,17.7499999999997));
#10439=CARTESIAN_POINT('Origin',(130.500000000046,15.0999999999232,11.7499999999869));
#10440=CARTESIAN_POINT('Ctrl Pts',(127.705384969739,-36.1329475896302,9.45036710582026));
#10441=CARTESIAN_POINT('Ctrl Pts',(127.864387287027,-36.1746765531102,9.6377683483836));
#10442=CARTESIAN_POINT('Ctrl Pts',(128.005583029796,-36.2035033577046,9.84432313967895));
#10443=CARTESIAN_POINT('Ctrl Pts',(128.121765858603,-36.2238137695929,10.0637215281596));
#10444=CARTESIAN_POINT('Ctrl Pts',(127.894395947049,-36.50630326841,9.2499427348455));
#10445=CARTESIAN_POINT('Ctrl Pts',(128.080757379145,-36.5435132050077,9.45668793060105));
#10446=CARTESIAN_POINT('Ctrl Pts',(128.244695641242,-36.565922652925,9.68448455636735));
#10447=CARTESIAN_POINT('Ctrl Pts',(128.37930677218,-36.580137646106,9.92527202893396));
#10448=CARTESIAN_POINT('Ctrl Pts',(128.08340692436,-36.8796589471898,9.04951836387073));
#10449=CARTESIAN_POINT('Ctrl Pts',(128.297127471263,-36.9123498569051,9.2756075128185));
#10450=CARTESIAN_POINT('Ctrl Pts',(128.483808252688,-36.9283419481453,9.52464597305576));
#10451=CARTESIAN_POINT('Ctrl Pts',(128.636847685757,-36.9364615226191,9.78682252970829));
#10452=CARTESIAN_POINT('Ctrl Pts',(128.272417901671,-37.2530146259696,8.84909399289597));
#10453=CARTESIAN_POINT('Ctrl Pts',(128.513497563381,-37.2811865088026,9.09452709503594));
#10454=CARTESIAN_POINT('Ctrl Pts',(128.722920864134,-37.2907612433656,9.36480738974416));
#10455=CARTESIAN_POINT('Ctrl Pts',(128.894388599334,-37.2927853991323,9.64837303048262));
#10456=CARTESIAN_POINT('',(127.705384969745,-36.1329475896318,9.45036710582746));
#10457=CARTESIAN_POINT('',(127.705384969745,-36.1329475896318,9.45036710582746));
#10458=CARTESIAN_POINT('',(128.894388599334,-37.2927853991323,9.64837303048263));
#10459=CARTESIAN_POINT('Ctrl Pts',(128.272417901671,-37.2530146259696,8.84909399289597));
#10460=CARTESIAN_POINT('Ctrl Pts',(128.513497563381,-37.2811865088026,9.09452709503594));
#10461=CARTESIAN_POINT('Ctrl Pts',(128.722920864134,-37.2907612433656,9.36480738974416));
#10462=CARTESIAN_POINT('Ctrl Pts',(128.894388599334,-37.2927853991323,9.64837303048262));
#10463=CARTESIAN_POINT('',(128.121765858603,-36.2238137695929,10.0637215281596));
#10464=CARTESIAN_POINT('',(128.894388599334,-37.2927853991323,9.64837303048263));
#10465=CARTESIAN_POINT('Ctrl Pts',(128.121765858603,-36.2238137695929,10.0637215281596));
#10466=CARTESIAN_POINT('Ctrl Pts',(128.005583029796,-36.2035033577046,9.84432313967895));
#10467=CARTESIAN_POINT('Ctrl Pts',(127.864387287027,-36.1746765531102,9.6377683483836));
#10468=CARTESIAN_POINT('Ctrl Pts',(127.705384969739,-36.1329475896302,9.45036710582026));
#10469=CARTESIAN_POINT('Ctrl Pts',(129.49300050631,-37.2999755031266,11.5846475973917));
#10470=CARTESIAN_POINT('Ctrl Pts',(129.453156015541,-37.2996966050332,10.8922996052102));
#10471=CARTESIAN_POINT('Ctrl Pts',(129.241023344101,-37.29687738015,10.2216220057947));
#10472=CARTESIAN_POINT('Ctrl Pts',(128.894388599333,-37.2927853991323,9.64837303048236));
#10473=CARTESIAN_POINT('Ctrl Pts',(129.162100715744,-36.958470559734,11.5846475973917));
#10474=CARTESIAN_POINT('Ctrl Pts',(129.135537721898,-36.9582846276717,10.9464590380525));
#10475=CARTESIAN_POINT('Ctrl Pts',(128.949612637253,-36.9534674835581,10.3232229233882));
#10476=CARTESIAN_POINT('Ctrl Pts',(128.636847685757,-36.9364615226191,9.78682252970812));
#10477=CARTESIAN_POINT('Ctrl Pts',(128.831200925179,-36.6169656163413,11.5846475973917));
#10478=CARTESIAN_POINT('Ctrl Pts',(128.817919428256,-36.6168726503102,11.0006184708948));
#10479=CARTESIAN_POINT('Ctrl Pts',(128.658201930406,-36.6100575869662,10.4248238409817));
#10480=CARTESIAN_POINT('Ctrl Pts',(128.37930677218,-36.580137646106,9.92527202893387));
#10481=CARTESIAN_POINT('Ctrl Pts',(128.500301134613,-36.2754606729487,11.5846475973917));
#10482=CARTESIAN_POINT('Ctrl Pts',(128.500301134613,-36.2754606729487,11.0547779037371));
#10483=CARTESIAN_POINT('Ctrl Pts',(128.366791223558,-36.2666476903743,10.5264247585752));
#10484=CARTESIAN_POINT('Ctrl Pts',(128.121765858603,-36.2238137695929,10.0637215281596));
#10485=CARTESIAN_POINT('',(129.49300050631,-37.2999755031266,11.5846475973917));
#10486=CARTESIAN_POINT('',(128.500301134613,-36.2754606729487,11.5846475973917));
#10487=CARTESIAN_POINT('',(129.49300050631,-37.2999755031266,11.5846475973917));
#10488=CARTESIAN_POINT('Ctrl Pts',(128.500301134613,-36.2754606729487,11.5846475973917));
#10489=CARTESIAN_POINT('Ctrl Pts',(128.500301134613,-36.2754606729487,11.0547779037371));
#10490=CARTESIAN_POINT('Ctrl Pts',(128.366791223558,-36.2666476903743,10.5264247585752));
#10491=CARTESIAN_POINT('Ctrl Pts',(128.121765858603,-36.2238137695929,10.0637215281596));
#10492=CARTESIAN_POINT('Ctrl Pts',(128.894388599333,-37.2927853991323,9.64837303048236));
#10493=CARTESIAN_POINT('Ctrl Pts',(129.241023344101,-37.29687738015,10.2216220057947));
#10494=CARTESIAN_POINT('Ctrl Pts',(129.453156015541,-37.2996966050332,10.8922996052102));
#10495=CARTESIAN_POINT('Ctrl Pts',(129.49300050631,-37.2999755031266,11.5846475973917));
#10496=CARTESIAN_POINT('Ctrl Pts',(128.500301134613,-36.2754606729487,11.5846475973917));
#10497=CARTESIAN_POINT('Ctrl Pts',(128.500301134613,-36.2754606729487,11.6657960138658));
#10498=CARTESIAN_POINT('Ctrl Pts',(128.500301134613,-36.2754606729487,11.7469444303398));
#10499=CARTESIAN_POINT('Ctrl Pts',(128.500301134613,-36.2754606729487,11.8280928468139));
#10500=CARTESIAN_POINT('Ctrl Pts',(128.831200925179,-36.6169656163413,11.5846475973917));
#10501=CARTESIAN_POINT('Ctrl Pts',(128.832757616981,-36.6169765126627,11.6657960138658));
#10502=CARTESIAN_POINT('Ctrl Pts',(128.833534089738,-36.6169737819266,11.7469444303398));
#10503=CARTESIAN_POINT('Ctrl Pts',(128.833534089738,-36.6169737819266,11.8280928468139));
#10504=CARTESIAN_POINT('Ctrl Pts',(129.162100715744,-36.958470559734,11.5846475973917));
#10505=CARTESIAN_POINT('Ctrl Pts',(129.165214099349,-36.9584923523767,11.6657960138658));
#10506=CARTESIAN_POINT('Ctrl Pts',(129.166767044863,-36.9584868909046,11.7469444303398));
#10507=CARTESIAN_POINT('Ctrl Pts',(129.166767044863,-36.9584868909046,11.8280928468139));
#10508=CARTESIAN_POINT('Ctrl Pts',(129.49300050631,-37.2999755031266,11.5846475973917));
#10509=CARTESIAN_POINT('Ctrl Pts',(129.497670581716,-37.3000081920907,11.6657960138658));
#10510=CARTESIAN_POINT('Ctrl Pts',(129.499999999988,-37.2999999998825,11.7469444303398));
#10511=CARTESIAN_POINT('Ctrl Pts',(129.499999999988,-37.2999999998825,11.8280928468139));
#10512=CARTESIAN_POINT('',(129.499999999988,-37.2999999998825,11.8280928468139));
#10513=CARTESIAN_POINT('',(128.500301134613,-36.2754606729487,11.8280928468139));
#10514=CARTESIAN_POINT('',(129.499999999988,-37.2999999998825,11.8280928468139));
#10515=CARTESIAN_POINT('Ctrl Pts',(128.500301134613,-36.2754606729487,11.8280928468139));
#10516=CARTESIAN_POINT('Ctrl Pts',(128.500301134613,-36.2754606729487,11.7469444303398));
#10517=CARTESIAN_POINT('Ctrl Pts',(128.500301134613,-36.2754606729487,11.6657960138658));
#10518=CARTESIAN_POINT('Ctrl Pts',(128.500301134613,-36.2754606729487,11.5846475973917));
#10519=CARTESIAN_POINT('Ctrl Pts',(129.49300050631,-37.2999755031266,11.5846475973917));
#10520=CARTESIAN_POINT('Ctrl Pts',(129.497670581716,-37.3000081920907,11.6657960138658));
#10521=CARTESIAN_POINT('Ctrl Pts',(129.499999999988,-37.2999999998825,11.7469444303398));
#10522=CARTESIAN_POINT('Ctrl Pts',(129.499999999988,-37.2999999998825,11.8280928468139));
#10523=CARTESIAN_POINT('Ctrl Pts',(123.908196023006,-31.4890194784847,4.18011839486168));
#10524=CARTESIAN_POINT('Ctrl Pts',(123.953674752332,-32.29024151366,4.47203960938557));
#10525=CARTESIAN_POINT('Ctrl Pts',(124.528879373905,-34.2924969958783,5.73094846173748));
#10526=CARTESIAN_POINT('Ctrl Pts',(126.351129268585,-35.7408894990517,8.0122590198871));
#10527=CARTESIAN_POINT('Ctrl Pts',(127.575605927475,-36.0970502881592,9.30561313595985));
#10528=CARTESIAN_POINT('Ctrl Pts',(123.681323396163,-31.7086252957815,3.6580255801339));
#10529=CARTESIAN_POINT('Ctrl Pts',(123.759819901205,-32.6300162031088,3.99458894266967));
#10530=CARTESIAN_POINT('Ctrl Pts',(124.50319091615,-34.7839269339086,5.38942293782982));
#10531=CARTESIAN_POINT('Ctrl Pts',(126.469326929082,-36.1705525269391,7.75629109249583));
#10532=CARTESIAN_POINT('Ctrl Pts',(127.744021374355,-36.4740623183211,9.08822545872268));
#10533=CARTESIAN_POINT('Ctrl Pts',(123.454450769319,-31.9282311130783,3.13593276540613));
#10534=CARTESIAN_POINT('Ctrl Pts',(123.565965050079,-32.9697908925576,3.51713827595376));
#10535=CARTESIAN_POINT('Ctrl Pts',(124.477502458395,-35.2753568719389,5.04789741392215));
#10536=CARTESIAN_POINT('Ctrl Pts',(126.58752458958,-36.6002155548265,7.50032316510455));
#10537=CARTESIAN_POINT('Ctrl Pts',(127.912436821234,-36.851074348483,8.87083778148551));
#10538=CARTESIAN_POINT('Ctrl Pts',(123.227578142475,-32.147836930375,2.61383995067835));
#10539=CARTESIAN_POINT('Ctrl Pts',(123.372110198952,-33.3095655820064,3.03968760923786));
#10540=CARTESIAN_POINT('Ctrl Pts',(124.45181400064,-35.7667868099692,4.70637189001449));
#10541=CARTESIAN_POINT('Ctrl Pts',(126.705722250077,-37.0298785827139,7.24435523771328));
#10542=CARTESIAN_POINT('Ctrl Pts',(128.080852268114,-37.228086378645,8.65345010424833));
#10543=CARTESIAN_POINT('',(127.575605927475,-36.0970502881592,9.30561313595985));
#10544=CARTESIAN_POINT('',(128.080852268114,-37.228086378645,8.65345010424833));
#10545=CARTESIAN_POINT('',(123.90819602301,-31.4890194785462,4.18011839488407));
#10546=CARTESIAN_POINT('Ctrl Pts',(127.575605927475,-36.0970502881592,9.30561313595985));
#10547=CARTESIAN_POINT('Ctrl Pts',(126.351129268585,-35.7408894990517,8.0122590198871));
#10548=CARTESIAN_POINT('Ctrl Pts',(124.528879373905,-34.2924969958783,5.73094846173748));
#10549=CARTESIAN_POINT('Ctrl Pts',(123.953674752332,-32.29024151366,4.47203960938557));
#10550=CARTESIAN_POINT('Ctrl Pts',(123.908196023006,-31.4890194784847,4.18011839486168));
#10551=CARTESIAN_POINT('Ctrl Pts',(123.908196022903,-31.4890194786789,4.1801183946434));
#10552=CARTESIAN_POINT('Ctrl Pts',(123.788650928354,-31.636785794552,3.91211480141636));
#10553=CARTESIAN_POINT('Ctrl Pts',(123.678663198716,-31.7615815766716,3.65948693515268));
#10554=CARTESIAN_POINT('Ctrl Pts',(123.452082188348,-31.9931864614576,3.13683867389611));
#10555=CARTESIAN_POINT('Ctrl Pts',(123.342628039448,-32.0944407196201,2.88317290664281));
#10556=CARTESIAN_POINT('Ctrl Pts',(123.232802377631,-32.188732894761,2.62896583315289));
#10557=CARTESIAN_POINT('Ctrl Pts',(128.353317820268,-26.1411659288428,8.26360915293794));
#10558=CARTESIAN_POINT('Ctrl Pts',(127.521197576601,-26.2475377381347,7.55134272784906));
#10559=CARTESIAN_POINT('Ctrl Pts',(125.942609468457,-26.8767825377531,6.15239137624613));
#10560=CARTESIAN_POINT('Ctrl Pts',(124.62262898917,-28.3961596833642,4.8950689682542));
#10561=CARTESIAN_POINT('Ctrl Pts',(123.926955460397,-30.1103486815912,4.2021651598963));
#10562=CARTESIAN_POINT('Ctrl Pts',(123.851693518379,-31.1659089012992,4.12283091552432));
#10563=CARTESIAN_POINT('Ctrl Pts',(123.943454110462,-31.8643370123545,4.21595366527747));
#10564=CARTESIAN_POINT('Ctrl Pts',(128.568878546873,-25.7941106191892,8.00972651937997));
#10565=CARTESIAN_POINT('Ctrl Pts',(127.702640188824,-25.8650251587173,7.27040829632304));
#10566=CARTESIAN_POINT('Ctrl Pts',(126.027580826572,-26.4399001142806,5.80909428726015));
#10567=CARTESIAN_POINT('Ctrl Pts',(124.532574130583,-28.0089284868559,4.44869280254488));
#10568=CARTESIAN_POINT('Ctrl Pts',(123.68726352278,-29.9151615472109,3.66281784562891));
#10569=CARTESIAN_POINT('Ctrl Pts',(123.58524382821,-31.1640060845677,3.56590895324636));
#10570=CARTESIAN_POINT('Ctrl Pts',(123.700866849865,-31.9750724189052,3.67422131871782));
#10571=CARTESIAN_POINT('Ctrl Pts',(128.784439273479,-25.4470553095356,7.75584388582201));
#10572=CARTESIAN_POINT('Ctrl Pts',(127.884082801047,-25.4825125792998,6.98947386479702));
#10573=CARTESIAN_POINT('Ctrl Pts',(126.112552184687,-26.0030176908082,5.46579719827416));
#10574=CARTESIAN_POINT('Ctrl Pts',(124.442519271996,-27.6216972903476,4.00231663683556));
#10575=CARTESIAN_POINT('Ctrl Pts',(123.447571585164,-29.7199744128306,3.12347053136151));
#10576=CARTESIAN_POINT('Ctrl Pts',(123.31879413804,-31.1621032678361,3.00898699096839));
#10577=CARTESIAN_POINT('Ctrl Pts',(123.458279589269,-32.0858078254559,3.13248897215817));
#10578=CARTESIAN_POINT('Ctrl Pts',(129.000000000085,-25.099999999882,7.50196125226404));
#10579=CARTESIAN_POINT('Ctrl Pts',(128.065525413271,-25.0999999998823,6.708539433271));
#10580=CARTESIAN_POINT('Ctrl Pts',(126.197523542802,-25.5661352673358,5.12250010928818));
#10581=CARTESIAN_POINT('Ctrl Pts',(124.352464413409,-27.2344660938392,3.55594047112624));
#10582=CARTESIAN_POINT('Ctrl Pts',(123.207879647547,-29.5247872784502,2.58412321709412));
#10583=CARTESIAN_POINT('Ctrl Pts',(123.05234444787,-31.1602004511045,2.45206502869043));
#10584=CARTESIAN_POINT('Ctrl Pts',(123.215692328672,-32.1965432320067,2.59075662559853));
#10585=CARTESIAN_POINT('',(128.353317820268,-26.1411659288428,8.26360915293793));
#10586=CARTESIAN_POINT('Ctrl Pts',(123.907889901793,-31.4890434637418,4.18001190229098));
#10587=CARTESIAN_POINT('Ctrl Pts',(123.874515718855,-30.9144810008736,4.14654301522416));
#10588=CARTESIAN_POINT('Ctrl Pts',(123.976743080199,-29.9876684492934,4.25175455771494));
#10589=CARTESIAN_POINT('Ctrl Pts',(124.62262898917,-28.3961596833642,4.8950689682542));
#10590=CARTESIAN_POINT('Ctrl Pts',(125.942609468457,-26.8767825377531,6.15239137624613));
#10591=CARTESIAN_POINT('Ctrl Pts',(127.521197576601,-26.2475377381347,7.55134272784906));
#10592=CARTESIAN_POINT('Ctrl Pts',(128.353317820268,-26.1411659288428,8.26360915293794));
#10593=CARTESIAN_POINT('',(128.353317820268,-26.1411659288428,8.26360915293793));
#10594=CARTESIAN_POINT('Origin',(129.999999999998,-25.599999999882,17.7499999999997));
#10595=CARTESIAN_POINT('',(130.499999999999,-25.0999999998834,11.7499999999904));
#10596=CARTESIAN_POINT('',(130.499999999999,-25.0999999998797,14.7500000000044));
#10597=CARTESIAN_POINT('',(130.499999999999,-25.099999999882,17.7499999999997));
#10598=CARTESIAN_POINT('',(129.499999999998,-26.099999999882,10.6266384735554));
#10599=CARTESIAN_POINT('',(130.499999999999,-25.099999999882,10.6266384735554));
#10600=CARTESIAN_POINT('',(129.499999999998,-26.099999999882,17.7499999999997));
#10601=CARTESIAN_POINT('Origin',(126.499999999999,-25.5999999998779,10.6266384735554));
#10602=CARTESIAN_POINT('',(129.000000000084,-26.099999999882,8.96832607850814));
#10603=CARTESIAN_POINT('',(129.833333333447,-25.099999999877,8.41555528015847));
#10604=CARTESIAN_POINT('Origin',(126.499999999999,-26.099999999882,10.6266384735554));
#10605=CARTESIAN_POINT('Ctrl Pts',(129.000000000084,-26.099999999882,8.96832607850793));
#10606=CARTESIAN_POINT('Ctrl Pts',(128.844580384133,-26.099999999882,8.73402219158466));
#10607=CARTESIAN_POINT('Ctrl Pts',(128.655892774847,-26.107073884261,8.5219554981086));
#10608=CARTESIAN_POINT('Ctrl Pts',(128.441995918792,-26.1306182382407,8.33939883586487));
#10609=CARTESIAN_POINT('Ctrl Pts',(129.277777777872,-25.7666666665479,8.78406914572478));
#10610=CARTESIAN_POINT('Ctrl Pts',(129.105089315703,-25.7666666665479,8.52373149358783));
#10611=CARTESIAN_POINT('Ctrl Pts',(128.895494127531,-25.7713825894673,8.28800368959798));
#10612=CARTESIAN_POINT('Ctrl Pts',(128.657638375109,-25.7870788254537,8.08541994286969));
#10613=CARTESIAN_POINT('Ctrl Pts',(129.55555555566,-25.4333333332139,8.59981221294163));
#10614=CARTESIAN_POINT('Ctrl Pts',(129.365598247274,-25.4333333332139,8.31344079559099));
#10615=CARTESIAN_POINT('Ctrl Pts',(129.135095480214,-25.4356912946735,8.05405188108736));
#10616=CARTESIAN_POINT('Ctrl Pts',(128.873280831426,-25.4435394126666,7.83144104987451));
#10617=CARTESIAN_POINT('Ctrl Pts',(129.833333333447,-25.0999999998799,8.41555528015848));
#10618=CARTESIAN_POINT('Ctrl Pts',(129.626107178845,-25.0999999998798,8.10315009759415));
#10619=CARTESIAN_POINT('Ctrl Pts',(129.374696832897,-25.0999999998797,7.82010007257674));
#10620=CARTESIAN_POINT('Ctrl Pts',(129.088923287743,-25.0999999998796,7.57746215687932));
#10621=CARTESIAN_POINT('',(128.441995918792,-26.1306182382407,8.33939883586487));
#10622=CARTESIAN_POINT('',(129.088923287743,-25.0999999998796,7.57746215687933));
#10623=CARTESIAN_POINT('Ctrl Pts',(128.441995918792,-26.1306182382407,8.33939883586487));
#10624=CARTESIAN_POINT('Ctrl Pts',(128.655892774847,-26.107073884261,8.5219554981086));
#10625=CARTESIAN_POINT('Ctrl Pts',(128.844580384133,-26.099999999882,8.73402219158466));
#10626=CARTESIAN_POINT('Ctrl Pts',(129.000000000084,-26.099999999882,8.96832607850793));
#10627=CARTESIAN_POINT('Ctrl Pts',(128.441995918792,-26.1306182382407,8.33939883586521));
#10628=CARTESIAN_POINT('Ctrl Pts',(128.412419369442,-26.1338738295581,8.31415584618475));
#10629=CARTESIAN_POINT('Ctrl Pts',(128.382858217838,-26.1373897131327,8.28889472138033));
#10630=CARTESIAN_POINT('Ctrl Pts',(128.353317820267,-26.1411659288428,8.26360915293774));
#10631=CARTESIAN_POINT('Ctrl Pts',(128.657638375109,-25.7870788254545,8.08541994286992));
#10632=CARTESIAN_POINT('Ctrl Pts',(128.628040310247,-25.7892492196661,8.06020229368125));
#10633=CARTESIAN_POINT('Ctrl Pts',(128.598452510549,-25.7915931420491,8.03497255440994));
#10634=CARTESIAN_POINT('Ctrl Pts',(128.568878546873,-25.7941106191892,8.00972651937984));
#10635=CARTESIAN_POINT('Ctrl Pts',(128.873280831426,-25.4435394126682,7.83144104987463));
#10636=CARTESIAN_POINT('Ctrl Pts',(128.843661251052,-25.444624609774,7.80624874117775));
#10637=CARTESIAN_POINT('Ctrl Pts',(128.81404680326,-25.4457965709656,7.78105038743954));
#10638=CARTESIAN_POINT('Ctrl Pts',(128.784439273479,-25.4470553095356,7.75584388582194));
#10639=CARTESIAN_POINT('Ctrl Pts',(129.088923287743,-25.099999999882,7.57746215687935));
#10640=CARTESIAN_POINT('Ctrl Pts',(129.059282191857,-25.099999999882,7.55229518867424));
#10641=CARTESIAN_POINT('Ctrl Pts',(129.029641095971,-25.099999999882,7.52712822046914));
#10642=CARTESIAN_POINT('Ctrl Pts',(129.000000000085,-25.099999999882,7.50196125226404));
#10643=CARTESIAN_POINT('Ctrl Pts',(128.353317820267,-26.1411659288428,8.26360915293774));
#10644=CARTESIAN_POINT('Ctrl Pts',(128.382858217838,-26.1373897131327,8.28889472138033));
#10645=CARTESIAN_POINT('Ctrl Pts',(128.412419369442,-26.1338738295581,8.31415584618475));
#10646=CARTESIAN_POINT('Ctrl Pts',(128.441995918792,-26.1306182382407,8.33939883586521));
#10647=CARTESIAN_POINT('Ctrl Pts',(128.27241790168,-37.2530146259707,8.84909399290539));
#10648=CARTESIAN_POINT('Ctrl Pts',(128.208609313155,-37.2455581360133,8.78413314233554));
#10649=CARTESIAN_POINT('Ctrl Pts',(128.144802193292,-37.2373039606579,8.71897955244794));
#10650=CARTESIAN_POINT('Ctrl Pts',(128.080852268114,-37.228086378645,8.65345010424832));
#10651=CARTESIAN_POINT('Ctrl Pts',(128.083406924368,-36.8796589471911,9.04951836387941));
#10652=CARTESIAN_POINT('Ctrl Pts',(128.026839703615,-36.8710063682416,8.98967744068862));
#10653=CARTESIAN_POINT('Ctrl Pts',(127.96986398208,-36.8615224652117,8.93015012107563));
#10654=CARTESIAN_POINT('Ctrl Pts',(127.912436821234,-36.851074348483,8.8708377814855));
#10655=CARTESIAN_POINT('Ctrl Pts',(127.894395947057,-36.5063032684114,9.24994273485343));
#10656=CARTESIAN_POINT('Ctrl Pts',(127.845070094076,-36.4964546004699,9.19522173904171));
#10657=CARTESIAN_POINT('Ctrl Pts',(127.794925770867,-36.4857409697656,9.14132068970331));
#10658=CARTESIAN_POINT('Ctrl Pts',(127.744021374355,-36.4740623183211,9.08822545872268));
#10659=CARTESIAN_POINT('Ctrl Pts',(127.705384969745,-36.1329475896318,9.45036710582746));
#10660=CARTESIAN_POINT('Ctrl Pts',(127.663300484536,-36.1219028326981,9.4007660373948));
#10661=CARTESIAN_POINT('Ctrl Pts',(127.619987559654,-36.1099594743195,9.35249125833099));
#10662=CARTESIAN_POINT('Ctrl Pts',(127.575605927475,-36.0970502881592,9.30561313595985));
#10663=CARTESIAN_POINT('Ctrl Pts',(127.705384969745,-36.1329475896318,9.45036710582746));
#10664=CARTESIAN_POINT('Ctrl Pts',(127.663300484536,-36.1219028326981,9.4007660373948));
#10665=CARTESIAN_POINT('Ctrl Pts',(127.619987559654,-36.1099594743195,9.35249125833099));
#10666=CARTESIAN_POINT('Ctrl Pts',(127.575605927475,-36.0970502881592,9.30561313595985));
#10667=CARTESIAN_POINT('Ctrl Pts',(129.499999999988,-37.2999999998825,17.7499999999997));
#10668=CARTESIAN_POINT('Ctrl Pts',(129.499999999988,-37.2999999998825,15.7760309489378));
#10669=CARTESIAN_POINT('Ctrl Pts',(129.499999999988,-37.2999999998825,13.8020618978758));
#10670=CARTESIAN_POINT('Ctrl Pts',(129.499999999988,-37.2999999998825,11.8280928468139));
#10671=CARTESIAN_POINT('Ctrl Pts',(129.166767044863,-36.9584868909046,17.7499999999997));
#10672=CARTESIAN_POINT('Ctrl Pts',(129.166767044863,-36.9584868909046,15.7760309489378));
#10673=CARTESIAN_POINT('Ctrl Pts',(129.166767044863,-36.9584868909046,13.8020618978758));
#10674=CARTESIAN_POINT('Ctrl Pts',(129.166767044863,-36.9584868909046,11.8280928468139));
#10675=CARTESIAN_POINT('Ctrl Pts',(128.833534089738,-36.6169737819266,17.7499999999997));
#10676=CARTESIAN_POINT('Ctrl Pts',(128.833534089738,-36.6169737819266,15.7760309489378));
#10677=CARTESIAN_POINT('Ctrl Pts',(128.833534089738,-36.6169737819266,13.8020618978758));
#10678=CARTESIAN_POINT('Ctrl Pts',(128.833534089738,-36.6169737819266,11.8280928468139));
#10679=CARTESIAN_POINT('Ctrl Pts',(128.500301134613,-36.2754606729487,17.7499999999997));
#10680=CARTESIAN_POINT('Ctrl Pts',(128.500301134613,-36.2754606729487,15.7760309489378));
#10681=CARTESIAN_POINT('Ctrl Pts',(128.500301134613,-36.2754606729487,13.8020618978758));
#10682=CARTESIAN_POINT('Ctrl Pts',(128.500301134613,-36.2754606729487,11.8280928468139));
#10683=CARTESIAN_POINT('Ctrl Pts',(128.500301134613,-36.2754606729487,17.7499999999997));
#10684=CARTESIAN_POINT('Ctrl Pts',(128.500301134613,-36.2754606729487,15.7760309489378));
#10685=CARTESIAN_POINT('Ctrl Pts',(128.500301134613,-36.2754606729487,13.8020618978758));
#10686=CARTESIAN_POINT('Ctrl Pts',(128.500301134613,-36.2754606729487,11.8280928468139));
#10687=CARTESIAN_POINT('Ctrl Pts',(129.499999999988,-37.2999999998825,11.8280928468139));
#10688=CARTESIAN_POINT('Ctrl Pts',(129.499999999988,-37.2999999998825,13.8020618978758));
#10689=CARTESIAN_POINT('Ctrl Pts',(129.499999999988,-37.2999999998825,15.7760309489378));
#10690=CARTESIAN_POINT('Ctrl Pts',(129.499999999988,-37.2999999998825,17.7499999999997));
#10691=CARTESIAN_POINT('Origin',(129.499999999991,-34.2999999998832,17.7499999999997));
#10692=CARTESIAN_POINT('',(129.49999999999,-34.7409976461331,11.2051158805334));
#10693=CARTESIAN_POINT('',(129.499999999985,-40.6802252679418,17.7499999999997));
#10694=CARTESIAN_POINT('Origin',(125.49999999999,-34.7409976461296,11.2051158805334));
#10695=CARTESIAN_POINT('Origin',(130.500000000012,-10.1000000000056,17.7499999999997));
#10696=CARTESIAN_POINT('Origin',(130.500000000012,-23.0999999998835,11.7499999999879));
#10697=CARTESIAN_POINT('Ctrl Pts',(40.0918039768493,31.4890194786894,4.1801183949728));
#10698=CARTESIAN_POINT('Ctrl Pts',(40.0614848239099,32.0231675020923,4.3747325380401));
#10699=CARTESIAN_POINT('Ctrl Pts',(39.8266041138576,33.1351925705452,4.97668668242092));
#10700=CARTESIAN_POINT('Ctrl Pts',(38.7100061108405,34.9520442435351,6.7070466460933));
#10701=CARTESIAN_POINT('Ctrl Pts',(37.3427515665644,35.8299296959618,8.33559754881339));
#10702=CARTESIAN_POINT('Ctrl Pts',(36.4243940725081,36.0970502877795,9.30561313575144));
#10703=CARTESIAN_POINT('Ctrl Pts',(40.3186766036709,31.7086252960707,3.65802558027749));
#10704=CARTESIAN_POINT('Ctrl Pts',(40.2663456002429,32.3228859008842,3.88240115535526));
#10705=CARTESIAN_POINT('Ctrl Pts',(39.9509558130783,33.5493456033555,4.55895421301798));
#10706=CARTESIAN_POINT('Ctrl Pts',(38.6702199822576,35.4160018787448,6.40285135543342));
#10707=CARTESIAN_POINT('Ctrl Pts',(37.2119994594736,36.2464299744162,8.08927468396059));
#10708=CARTESIAN_POINT('Ctrl Pts',(36.2559786256341,36.4740623179453,9.08822545851122));
#10709=CARTESIAN_POINT('Ctrl Pts',(40.5455492304924,31.9282311134521,3.13593276558219));
#10710=CARTESIAN_POINT('Ctrl Pts',(40.4712063765758,32.6226042996762,3.39006977267042));
#10711=CARTESIAN_POINT('Ctrl Pts',(40.075307512299,33.9634986361658,4.14122174361505));
#10712=CARTESIAN_POINT('Ctrl Pts',(38.6304338536747,35.8799595139545,6.09865606477354));
#10713=CARTESIAN_POINT('Ctrl Pts',(37.0812473523829,36.6629302528706,7.84295181910779));
#10714=CARTESIAN_POINT('Ctrl Pts',(36.08756317876,36.8510743481111,8.87083778127099));
#10715=CARTESIAN_POINT('Ctrl Pts',(40.7724218573139,32.1478369308334,2.61383995088688));
#10716=CARTESIAN_POINT('Ctrl Pts',(40.6760671529088,32.9223226984681,2.89773838998557));
#10717=CARTESIAN_POINT('Ctrl Pts',(40.1996592115197,34.3776516689761,3.72348927421212));
#10718=CARTESIAN_POINT('Ctrl Pts',(38.5906477250917,36.3439171491642,5.79446077411366));
#10719=CARTESIAN_POINT('Ctrl Pts',(36.9504952452922,37.079430531325,7.59662895425499));
#10720=CARTESIAN_POINT('Ctrl Pts',(35.9191477318859,37.2280863782769,8.65345010403077));
#10721=CARTESIAN_POINT('',(36.4243940725081,36.0970502877795,9.30561313575144));
#10722=CARTESIAN_POINT('',(35.9191477318859,37.2280863782769,8.65345010403077));
#10723=CARTESIAN_POINT('',(40.0918039768459,31.4890194787508,4.18011839499518));
#10724=CARTESIAN_POINT('Ctrl Pts',(36.4243940725081,36.0970502877795,9.30561313575144));
#10725=CARTESIAN_POINT('Ctrl Pts',(37.3427515665644,35.8299296959618,8.33559754881339));
#10726=CARTESIAN_POINT('Ctrl Pts',(38.7100061108405,34.9520442435351,6.7070466460933));
#10727=CARTESIAN_POINT('Ctrl Pts',(39.8266041138576,33.1351925705452,4.97668668242092));
#10728=CARTESIAN_POINT('Ctrl Pts',(40.0614848239099,32.0231675020923,4.3747325380401));
#10729=CARTESIAN_POINT('Ctrl Pts',(40.0918039768493,31.4890194786894,4.1801183949728));
#10730=CARTESIAN_POINT('Ctrl Pts',(40.0918039769532,31.4890194788835,4.18011839475451));
#10731=CARTESIAN_POINT('Ctrl Pts',(40.211349071482,31.6367857947593,3.91211480155175));
#10732=CARTESIAN_POINT('Ctrl Pts',(40.3213368011175,31.7615815768841,3.65948693527624));
#10733=CARTESIAN_POINT('Ctrl Pts',(40.5479178114688,31.9931864616569,3.13683867403216));
#10734=CARTESIAN_POINT('Ctrl Pts',(40.657371960367,32.0944407198145,2.88317290677262));
#10735=CARTESIAN_POINT('Ctrl Pts',(40.7671976221879,32.1887328949524,2.62896583326723));
#10736=CARTESIAN_POINT('Ctrl Pts',(35.6466821796383,26.1411659284935,8.26360915300483));
#10737=CARTESIAN_POINT('Ctrl Pts',(36.8948625451973,26.3007236424436,7.19520951532073));
#10738=CARTESIAN_POINT('Ctrl Pts',(38.7942949973162,27.3693512371996,5.47335672843946));
#10739=CARTESIAN_POINT('Ctrl Pts',(40.0515719234488,29.7644977588965,4.22438421417566));
#10740=CARTESIAN_POINT('Ctrl Pts',(40.1483064815157,31.1659089012796,4.12283091559617));
#10741=CARTESIAN_POINT('Ctrl Pts',(40.0565458893776,31.8643370123671,4.21595366540483));
#10742=CARTESIAN_POINT('Ctrl Pts',(35.4311214530334,25.7941106188391,8.00972651944646));
#10743=CARTESIAN_POINT('Ctrl Pts',(36.7304789901687,25.9004824281409,6.90074918480828));
#10744=CARTESIAN_POINT('Ctrl Pts',(38.7728365359886,26.9085698609792,5.09392060993783));
#10745=CARTESIAN_POINT('Ctrl Pts',(40.2803305357192,29.5017899174309,3.69299071607839));
#10746=CARTESIAN_POINT('Ctrl Pts',(40.4147561716863,31.1640060846074,3.56590895331764));
#10747=CARTESIAN_POINT('Ctrl Pts',(40.2991331499615,31.9750724189763,3.67422131885305));
#10748=CARTESIAN_POINT('Ctrl Pts',(35.2155607264285,25.4470553091847,7.75584388588809));
#10749=CARTESIAN_POINT('Ctrl Pts',(36.5660954351401,25.5002412138381,6.60628885429584));
#10750=CARTESIAN_POINT('Ctrl Pts',(38.7513780746611,26.4477884847588,4.7144844914362));
#10751=CARTESIAN_POINT('Ctrl Pts',(40.5090891479896,29.2390820759654,3.16159721798113));
#10752=CARTESIAN_POINT('Ctrl Pts',(40.6812058618569,31.1621032679353,3.00898699103912));
#10753=CARTESIAN_POINT('Ctrl Pts',(40.5417204105455,32.0858078255856,3.13248897230128));
#10754=CARTESIAN_POINT('Ctrl Pts',(34.9999999998237,25.0999999995303,7.50196125232972));
#10755=CARTESIAN_POINT('Ctrl Pts',(36.4017118801115,25.0999999995354,6.3118285237834));
#10756=CARTESIAN_POINT('Ctrl Pts',(38.7299196133335,25.9870071085384,4.33504837293456));
#10757=CARTESIAN_POINT('Ctrl Pts',(40.73784776026,28.9763742344998,2.63020371988386));
#10758=CARTESIAN_POINT('Ctrl Pts',(40.9476555520275,31.1602004512632,2.45206502876059));
#10759=CARTESIAN_POINT('Ctrl Pts',(40.7843076711295,32.1965432321949,2.5907566257495));
#10760=CARTESIAN_POINT('',(35.6466821796383,26.1411659284935,8.26360915300483));
#10761=CARTESIAN_POINT('Ctrl Pts',(40.0922674977565,31.4890639118282,4.17982774711208));
#10762=CARTESIAN_POINT('Ctrl Pts',(40.1260067096276,30.9152797938197,4.14591674127022));
#10763=CARTESIAN_POINT('Ctrl Pts',(39.9872611980019,29.641984088948,4.28827016227992));
#10764=CARTESIAN_POINT('Ctrl Pts',(38.7942949973162,27.3693512371996,5.47335672843946));
#10765=CARTESIAN_POINT('Ctrl Pts',(36.8948625451973,26.3007236424436,7.19520951532073));
#10766=CARTESIAN_POINT('Ctrl Pts',(35.6466821796383,26.1411659284935,8.26360915300483));
#10767=CARTESIAN_POINT('',(35.6466821796383,26.1411659284935,8.26360915300483));
#10768=CARTESIAN_POINT('Origin',(33.9999999999868,25.5999999995266,17.7499999999997));
#10769=CARTESIAN_POINT('',(33.4999999999868,25.0999999998881,11.7499999999887));
#10770=CARTESIAN_POINT('',(33.4999999999868,25.0999999998811,17.7500000000076));
#10771=CARTESIAN_POINT('',(33.4999999999868,25.0999999995248,10.6266384735554));
#10772=CARTESIAN_POINT('',(33.4999999999868,25.0999999995248,17.7499999999997));
#10773=CARTESIAN_POINT('',(34.4999999999868,26.0999999995285,10.6266384735554));
#10774=CARTESIAN_POINT('',(33.4999999999868,25.0999999995248,10.6266384735554));
#10775=CARTESIAN_POINT('',(34.4999999999868,26.0999999995285,17.7499999999997));
#10776=CARTESIAN_POINT('Origin',(37.499999999985,25.5999999995223,10.6266384735554));
#10777=CARTESIAN_POINT('',(34.1666666664343,25.0999999995062,8.41555528031553));
#10778=CARTESIAN_POINT('',(34.9999999998215,26.0999999995303,8.96832607862734));
#10779=CARTESIAN_POINT('',(34.1666666664343,25.0999999995062,8.41555528031553));
#10780=CARTESIAN_POINT('Origin',(37.4999999999831,26.0999999995394,10.6266384735554));
#10781=CARTESIAN_POINT('Origin',(37.4999999999868,25.0999999995052,10.6266384735554));
#10782=CARTESIAN_POINT('Ctrl Pts',(34.9999999998218,26.0999999995303,8.96832607862645));
#10783=CARTESIAN_POINT('Ctrl Pts',(35.1554196157884,26.0999999995309,8.73402219165653));
#10784=CARTESIAN_POINT('Ctrl Pts',(35.3441072251011,26.1070738839119,8.52195549813982));
#10785=CARTESIAN_POINT('Ctrl Pts',(35.5580040811917,26.1306182378997,8.339398835865));
#10786=CARTESIAN_POINT('Ctrl Pts',(34.7222222220259,25.766666666193,8.78406914585614));
#10787=CARTESIAN_POINT('Ctrl Pts',(34.8949106842111,25.7666666661935,8.52373149366738));
#10788=CARTESIAN_POINT('Ctrl Pts',(35.1045058724142,25.7713825891144,8.28800368963234));
#10789=CARTESIAN_POINT('Ctrl Pts',(35.3423616248755,25.7870788251064,8.08541994286978));
#10790=CARTESIAN_POINT('Ctrl Pts',(34.4444444442301,25.4333333328556,8.59981221308584));
#10791=CARTESIAN_POINT('Ctrl Pts',(34.6344017526338,25.4333333328562,8.31344079567823));
#10792=CARTESIAN_POINT('Ctrl Pts',(34.8649045197273,25.4356912943169,8.05405188112487));
#10793=CARTESIAN_POINT('Ctrl Pts',(35.1267191685592,25.4435394123132,7.83144104987456));
#10794=CARTESIAN_POINT('Ctrl Pts',(34.1666666664343,25.0999999995183,8.41555528031553));
#10795=CARTESIAN_POINT('Ctrl Pts',(34.3738928210565,25.0999999995189,8.10315009768908));
#10796=CARTESIAN_POINT('Ctrl Pts',(34.6253031670404,25.0999999995195,7.8201000726174));
#10797=CARTESIAN_POINT('Ctrl Pts',(34.911076712243,25.09999999952,7.57746215687934));
#10798=CARTESIAN_POINT('',(35.5580040811917,26.1306182378997,8.339398835865));
#10799=CARTESIAN_POINT('',(34.911076712243,25.09999999952,7.57746215687934));
#10800=CARTESIAN_POINT('Ctrl Pts',(35.5580040811917,26.1306182378997,8.339398835865));
#10801=CARTESIAN_POINT('Ctrl Pts',(35.3441072251011,26.1070738839119,8.52195549813982));
#10802=CARTESIAN_POINT('Ctrl Pts',(35.1554196157884,26.0999999995309,8.73402219165653));
#10803=CARTESIAN_POINT('Ctrl Pts',(34.9999999998218,26.0999999995303,8.96832607862645));
#10804=CARTESIAN_POINT('Ctrl Pts',(34.1666666664343,25.0999999995183,8.41555528031553));
#10805=CARTESIAN_POINT('Ctrl Pts',(34.3738928210565,25.0999999995189,8.10315009768908));
#10806=CARTESIAN_POINT('Ctrl Pts',(34.6253031670404,25.0999999995195,7.8201000726174));
#10807=CARTESIAN_POINT('Ctrl Pts',(34.911076712243,25.09999999952,7.57746215687934));
#10808=CARTESIAN_POINT('Ctrl Pts',(35.5580040811905,26.1306182378995,8.3393988358664));
#10809=CARTESIAN_POINT('Ctrl Pts',(35.5875806305151,26.1338738292147,8.31415584620788));
#10810=CARTESIAN_POINT('Ctrl Pts',(35.6171417820929,26.1373897127865,8.28889472142542));
#10811=CARTESIAN_POINT('Ctrl Pts',(35.6466821796383,26.1411659284935,8.26360915300482));
#10812=CARTESIAN_POINT('Ctrl Pts',(35.3423616248747,25.7870788251097,8.08541994287071));
#10813=CARTESIAN_POINT('Ctrl Pts',(35.3719596897111,25.7892492193198,8.06020229370397));
#10814=CARTESIAN_POINT('Ctrl Pts',(35.4015474893831,25.7915931417011,8.03497255445459));
#10815=CARTESIAN_POINT('Ctrl Pts',(35.4311214530334,25.7941106188391,8.00972651944645));
#10816=CARTESIAN_POINT('Ctrl Pts',(35.1267191685588,25.4435394123198,7.83144104987503));
#10817=CARTESIAN_POINT('Ctrl Pts',(35.1563387489072,25.4446246094249,7.80624874120005));
#10818=CARTESIAN_POINT('Ctrl Pts',(35.1859531966733,25.4457965706156,7.78105038748376));
#10819=CARTESIAN_POINT('Ctrl Pts',(35.2155607264285,25.4470553091847,7.75584388588809));
#10820=CARTESIAN_POINT('Ctrl Pts',(34.911076712243,25.09999999953,7.57746215687934));
#10821=CARTESIAN_POINT('Ctrl Pts',(34.9407178081032,25.0999999995301,7.55229518869614));
#10822=CARTESIAN_POINT('Ctrl Pts',(34.9703589039634,25.0999999995302,7.52712822051293));
#10823=CARTESIAN_POINT('Ctrl Pts',(34.9999999998237,25.0999999995303,7.50196125232972));
#10824=CARTESIAN_POINT('Ctrl Pts',(35.6466821796383,26.1411659284935,8.26360915300482));
#10825=CARTESIAN_POINT('Ctrl Pts',(35.6171417820929,26.1373897127865,8.28889472142542));
#10826=CARTESIAN_POINT('Ctrl Pts',(35.5875806305151,26.1338738292147,8.31415584620788));
#10827=CARTESIAN_POINT('Ctrl Pts',(35.5580040811905,26.1306182378995,8.3393988358664));
#10828=CARTESIAN_POINT('Ctrl Pts',(36.294615030237,36.1329475892553,9.45036710562119));
#10829=CARTESIAN_POINT('Ctrl Pts',(36.1356127129115,36.1746765527481,9.63776834822958));
#10830=CARTESIAN_POINT('Ctrl Pts',(35.994416970114,36.2035033573489,9.84432313957919));
#10831=CARTESIAN_POINT('Ctrl Pts',(35.8782341412908,36.22381376924,10.0637215281187));
#10832=CARTESIAN_POINT('Ctrl Pts',(36.1056040529299,36.5063032680391,9.24994273464443));
#10833=CARTESIAN_POINT('Ctrl Pts',(35.9192426207905,36.543513204649,9.45668793044949));
#10834=CARTESIAN_POINT('Ctrl Pts',(35.7553043586598,36.565922652571,9.68448455627553));
#10835=CARTESIAN_POINT('Ctrl Pts',(35.6206932277031,36.5801376457539,9.92527202890629));
#10836=CARTESIAN_POINT('Ctrl Pts',(35.9165930756229,36.8796589468229,9.04951836366768));
#10837=CARTESIAN_POINT('Ctrl Pts',(35.7028725286695,36.9123498565498,9.27560751266941));
#10838=CARTESIAN_POINT('Ctrl Pts',(35.5161917472057,36.9283419477932,9.52464597297186));
#10839=CARTESIAN_POINT('Ctrl Pts',(35.3631523141154,36.9364615222679,9.78682252969385));
#10840=CARTESIAN_POINT('Ctrl Pts',(35.7275820983158,37.2530146256067,8.84909399269092));
#10841=CARTESIAN_POINT('Ctrl Pts',(35.4865024365485,37.2811865084507,9.09452709488933));
#10842=CARTESIAN_POINT('Ctrl Pts',(35.2770791357515,37.2907612430153,9.36480738966819));
#10843=CARTESIAN_POINT('Ctrl Pts',(35.1056114005277,37.2927853987818,9.64837303048141));
#10844=CARTESIAN_POINT('',(36.2946150302309,36.1329475892569,9.45036710562839));
#10845=CARTESIAN_POINT('',(36.2946150302309,36.1329475892569,9.45036710562839));
#10846=CARTESIAN_POINT('',(35.1056114005277,37.2927853987818,9.64837303048141));
#10847=CARTESIAN_POINT('Ctrl Pts',(35.7275820983158,37.2530146256067,8.84909399269092));
#10848=CARTESIAN_POINT('Ctrl Pts',(35.4865024365485,37.2811865084507,9.09452709488933));
#10849=CARTESIAN_POINT('Ctrl Pts',(35.2770791357515,37.2907612430153,9.36480738966819));
#10850=CARTESIAN_POINT('Ctrl Pts',(35.1056114005277,37.2927853987818,9.64837303048141));
#10851=CARTESIAN_POINT('',(35.8782341412908,36.22381376924,10.0637215281187));
#10852=CARTESIAN_POINT('',(35.1056114005277,37.2927853987818,9.64837303048141));
#10853=CARTESIAN_POINT('Ctrl Pts',(35.8782341412908,36.22381376924,10.0637215281187));
#10854=CARTESIAN_POINT('Ctrl Pts',(35.994416970114,36.2035033573489,9.84432313957919));
#10855=CARTESIAN_POINT('Ctrl Pts',(36.1356127129115,36.1746765527481,9.63776834822958));
#10856=CARTESIAN_POINT('Ctrl Pts',(36.294615030237,36.1329475892553,9.45036710562119));
#10857=CARTESIAN_POINT('Ctrl Pts',(36.4243940725081,36.0970502877795,9.30561313575144));
#10858=CARTESIAN_POINT('Ctrl Pts',(36.380012440327,36.1099594739416,9.35249125812539));
#10859=CARTESIAN_POINT('Ctrl Pts',(36.3366995154422,36.1219028323218,9.40076603719216));
#10860=CARTESIAN_POINT('Ctrl Pts',(36.2946150302312,36.1329475892568,9.45036710562797));
#10861=CARTESIAN_POINT('Ctrl Pts',(36.2559786256341,36.4740623179453,9.08822545851121));
#10862=CARTESIAN_POINT('Ctrl Pts',(36.2050742291191,36.4857409693916,9.14132068949506));
#10863=CARTESIAN_POINT('Ctrl Pts',(36.154929905907,36.4964546000974,9.19522173883676));
#10864=CARTESIAN_POINT('Ctrl Pts',(36.1056040529232,36.5063032680405,9.24994273465191));
#10865=CARTESIAN_POINT('Ctrl Pts',(36.08756317876,36.8510743481111,8.87083778127099));
#10866=CARTESIAN_POINT('Ctrl Pts',(36.0301360179111,36.8615224648416,8.93015012086472));
#10867=CARTESIAN_POINT('Ctrl Pts',(35.9731602963718,36.8710063678731,8.98967744048136));
#10868=CARTESIAN_POINT('Ctrl Pts',(35.9165930756152,36.8796589468241,9.04951836367585));
#10869=CARTESIAN_POINT('Ctrl Pts',(35.9191477318859,37.2280863782769,8.65345010403077));
#10870=CARTESIAN_POINT('Ctrl Pts',(35.8551978067032,37.2373039602916,8.71897955223438));
#10871=CARTESIAN_POINT('Ctrl Pts',(35.7913906868365,37.2455581356488,8.78413314212595));
#10872=CARTESIAN_POINT('Ctrl Pts',(35.7275820983071,37.2530146256078,8.84909399269979));
#10873=CARTESIAN_POINT('Ctrl Pts',(36.2946150302312,36.1329475892568,9.45036710562797));
#10874=CARTESIAN_POINT('Ctrl Pts',(36.3366995154422,36.1219028323218,9.40076603719216));
#10875=CARTESIAN_POINT('Ctrl Pts',(36.380012440327,36.1099594739416,9.35249125812539));
#10876=CARTESIAN_POINT('Ctrl Pts',(36.4243940725081,36.0970502877795,9.30561313575144));
#10877=CARTESIAN_POINT('Ctrl Pts',(35.8782341412926,36.2238137692397,10.0637215281345));
#10878=CARTESIAN_POINT('Ctrl Pts',(35.6332087763854,36.2666476900132,10.5264247585295));
#10879=CARTESIAN_POINT('Ctrl Pts',(35.499698865357,36.2754606725888,11.054777903647));
#10880=CARTESIAN_POINT('Ctrl Pts',(35.499698865357,36.2754606725888,11.5846475972573));
#10881=CARTESIAN_POINT('Ctrl Pts',(35.620693227713,36.5801376458318,9.92527202892149));
#10882=CARTESIAN_POINT('Ctrl Pts',(35.3417980695366,36.6100575866867,10.4248238409446));
#10883=CARTESIAN_POINT('Ctrl Pts',(35.1820805717153,36.6168726500315,11.0006184708097));
#10884=CARTESIAN_POINT('Ctrl Pts',(35.1687990747933,36.6169656160626,11.5846475972573));
#10885=CARTESIAN_POINT('Ctrl Pts',(35.3631523141334,36.9364615224239,9.78682252970845));
#10886=CARTESIAN_POINT('Ctrl Pts',(35.0503873626879,36.9534674833602,10.3232229233597));
#10887=CARTESIAN_POINT('Ctrl Pts',(34.8644622780736,36.9582846274742,10.9464590379724));
#10888=CARTESIAN_POINT('Ctrl Pts',(34.8378992842296,36.9584705595364,11.5846475972573));
#10889=CARTESIAN_POINT('Ctrl Pts',(35.1056114005538,37.292785399016,9.64837303049542));
#10890=CARTESIAN_POINT('Ctrl Pts',(34.7589766558391,37.2968773800338,10.2216220057749));
#10891=CARTESIAN_POINT('Ctrl Pts',(34.5468439844319,37.2996966049169,10.8922996051351));
#10892=CARTESIAN_POINT('Ctrl Pts',(34.5069994936658,37.2999755030102,11.5846475972573));
#10893=CARTESIAN_POINT('',(34.5069994936658,37.2999755030102,11.5846475972573));
#10894=CARTESIAN_POINT('',(35.499698865357,36.2754606725888,11.5846475972573));
#10895=CARTESIAN_POINT('',(34.5069994936658,37.2999755030102,11.5846475972573));
#10896=CARTESIAN_POINT('Ctrl Pts',(35.499698865357,36.2754606725888,11.5846475972573));
#10897=CARTESIAN_POINT('Ctrl Pts',(35.499698865357,36.2754606725888,11.054777903647));
#10898=CARTESIAN_POINT('Ctrl Pts',(35.6332087763854,36.2666476900132,10.5264247585295));
#10899=CARTESIAN_POINT('Ctrl Pts',(35.8782341412926,36.2238137692397,10.0637215281345));
#10900=CARTESIAN_POINT('Ctrl Pts',(35.1056114005538,37.292785399016,9.64837303049542));
#10901=CARTESIAN_POINT('Ctrl Pts',(34.7589766558391,37.2968773800338,10.2216220057749));
#10902=CARTESIAN_POINT('Ctrl Pts',(34.5468439844319,37.2996966049169,10.8922996051351));
#10903=CARTESIAN_POINT('Ctrl Pts',(34.5069994936658,37.2999755030102,11.5846475972573));
#10904=CARTESIAN_POINT('Ctrl Pts',(35.499698865357,36.2754606725888,11.5846475972573));
#10905=CARTESIAN_POINT('Ctrl Pts',(35.499698865357,36.2754606725888,11.6657960137327));
#10906=CARTESIAN_POINT('Ctrl Pts',(35.499698865357,36.2754606725888,11.7469444302081));
#10907=CARTESIAN_POINT('Ctrl Pts',(35.499698865357,36.2754606725888,11.8280928466835));
#10908=CARTESIAN_POINT('Ctrl Pts',(35.1687990747933,36.6169656160626,11.5846475972573));
#10909=CARTESIAN_POINT('Ctrl Pts',(35.167242382991,36.616976512384,11.6657960137327));
#10910=CARTESIAN_POINT('Ctrl Pts',(35.1664659102337,36.6169737816479,11.7469444302081));
#10911=CARTESIAN_POINT('Ctrl Pts',(35.1664659102337,36.6169737816479,11.8280928466835));
#10912=CARTESIAN_POINT('Ctrl Pts',(34.8378992842296,36.9584705595364,11.5846475972573));
#10913=CARTESIAN_POINT('Ctrl Pts',(34.8347859006251,36.9584923521791,11.6657960137327));
#10914=CARTESIAN_POINT('Ctrl Pts',(34.8332329551105,36.958486890707,11.7469444302081));
#10915=CARTESIAN_POINT('Ctrl Pts',(34.8332329551105,36.958486890707,11.8280928466835));
#10916=CARTESIAN_POINT('Ctrl Pts',(34.5069994936659,37.2999755030102,11.5846475972573));
#10917=CARTESIAN_POINT('Ctrl Pts',(34.5023294182591,37.3000081919743,11.6657960137327));
#10918=CARTESIAN_POINT('Ctrl Pts',(34.4999999999872,37.2999999997661,11.7469444302081));
#10919=CARTESIAN_POINT('Ctrl Pts',(34.4999999999872,37.2999999997661,11.8280928466835));
#10920=CARTESIAN_POINT('',(34.4999999999872,37.2999999997661,11.8280928466835));
#10921=CARTESIAN_POINT('',(35.499698865357,36.2754606725888,11.8280928466835));
#10922=CARTESIAN_POINT('',(34.4999999999872,37.2999999997661,11.8280928466835));
#10923=CARTESIAN_POINT('Ctrl Pts',(35.499698865357,36.2754606725888,11.8280928466835));
#10924=CARTESIAN_POINT('Ctrl Pts',(35.499698865357,36.2754606725888,11.7469444302081));
#10925=CARTESIAN_POINT('Ctrl Pts',(35.499698865357,36.2754606725888,11.6657960137327));
#10926=CARTESIAN_POINT('Ctrl Pts',(35.499698865357,36.2754606725888,11.5846475972573));
#10927=CARTESIAN_POINT('Ctrl Pts',(34.5069994936659,37.2999755030102,11.5846475972573));
#10928=CARTESIAN_POINT('Ctrl Pts',(34.5023294182591,37.3000081919743,11.6657960137327));
#10929=CARTESIAN_POINT('Ctrl Pts',(34.4999999999872,37.2999999997661,11.7469444302081));
#10930=CARTESIAN_POINT('Ctrl Pts',(34.4999999999872,37.2999999997661,11.8280928466835));
#10931=CARTESIAN_POINT('Ctrl Pts',(34.4999999999872,37.2999999997661,17.7499999999997));
#10932=CARTESIAN_POINT('Ctrl Pts',(34.4999999999872,37.2999999997661,15.7760309488943));
#10933=CARTESIAN_POINT('Ctrl Pts',(34.4999999999872,37.2999999997661,13.8020618977889));
#10934=CARTESIAN_POINT('Ctrl Pts',(34.4999999999872,37.2999999997661,11.8280928466835));
#10935=CARTESIAN_POINT('Ctrl Pts',(34.8332329551105,36.958486890707,17.7499999999997));
#10936=CARTESIAN_POINT('Ctrl Pts',(34.8332329551105,36.958486890707,15.7760309488943));
#10937=CARTESIAN_POINT('Ctrl Pts',(34.8332329551105,36.958486890707,13.8020618977889));
#10938=CARTESIAN_POINT('Ctrl Pts',(34.8332329551105,36.958486890707,11.8280928466835));
#10939=CARTESIAN_POINT('Ctrl Pts',(35.1664659102337,36.6169737816479,17.7499999999997));
#10940=CARTESIAN_POINT('Ctrl Pts',(35.1664659102337,36.6169737816479,15.7760309488943));
#10941=CARTESIAN_POINT('Ctrl Pts',(35.1664659102337,36.6169737816479,13.8020618977889));
#10942=CARTESIAN_POINT('Ctrl Pts',(35.1664659102337,36.6169737816479,11.8280928466835));
#10943=CARTESIAN_POINT('Ctrl Pts',(35.499698865357,36.2754606725888,17.7499999999997));
#10944=CARTESIAN_POINT('Ctrl Pts',(35.499698865357,36.2754606725888,15.7760309488943));
#10945=CARTESIAN_POINT('Ctrl Pts',(35.499698865357,36.2754606725888,13.8020618977889));
#10946=CARTESIAN_POINT('Ctrl Pts',(35.499698865357,36.2754606725888,11.8280928466835));
#10947=CARTESIAN_POINT('Ctrl Pts',(35.499698865357,36.2754606725888,17.7499999999997));
#10948=CARTESIAN_POINT('Ctrl Pts',(35.499698865357,36.2754606725888,15.7760309488943));
#10949=CARTESIAN_POINT('Ctrl Pts',(35.499698865357,36.2754606725888,13.8020618977889));
#10950=CARTESIAN_POINT('Ctrl Pts',(35.499698865357,36.2754606725888,11.8280928466835));
#10951=CARTESIAN_POINT('Ctrl Pts',(34.4999999999872,37.2999999997661,11.8280928466835));
#10952=CARTESIAN_POINT('Ctrl Pts',(34.4999999999872,37.2999999997661,13.8020618977889));
#10953=CARTESIAN_POINT('Ctrl Pts',(34.4999999999872,37.2999999997661,15.7760309488943));
#10954=CARTESIAN_POINT('Ctrl Pts',(34.4999999999872,37.2999999997661,17.7499999999997));
#10955=CARTESIAN_POINT('Origin',(37.4999999999862,7.57499999991264,10.6266384735554));
#10956=CARTESIAN_POINT('',(33.4999999999868,24.7547080952737,10.6266384735554));
#10957=CARTESIAN_POINT('',(33.4999999999862,7.57499999991277,10.6266384735554));
#10958=CARTESIAN_POINT('',(33.5972439242553,23.099999999888,9.74999999998633));
#10959=CARTESIAN_POINT('Ctrl Pts',(33.4999999999868,24.7547080952737,10.6266384735554));
#10960=CARTESIAN_POINT('Ctrl Pts',(33.4999999999868,24.6826133017451,10.5204430630129));
#10961=CARTESIAN_POINT('Ctrl Pts',(33.504258702313,24.6010332398247,10.4226061151767));
#10962=CARTESIAN_POINT('Ctrl Pts',(33.5235483204892,24.3364511931661,10.1580240685181));
#10963=CARTESIAN_POINT('Ctrl Pts',(33.5473306542687,24.1118903070559,10.0044126478859));
#10964=CARTESIAN_POINT('Ctrl Pts',(33.5848938723604,23.6195915456633,9.80037919365954));
#10965=CARTESIAN_POINT('Ctrl Pts',(33.5972439242553,23.351727789084,9.74999999998633));
#10966=CARTESIAN_POINT('Ctrl Pts',(33.5972439242553,23.0999999998881,9.74999999998633));
#10967=CARTESIAN_POINT('',(33.5972439242549,15.0999999999234,9.74999999998687));
#10968=CARTESIAN_POINT('',(33.5972439242545,7.57499999991277,9.74999999998738));
#10969=CARTESIAN_POINT('',(33.4999999999864,13.4452919045358,10.6266384735554));
#10970=CARTESIAN_POINT('Ctrl Pts',(33.5972439242549,15.0999999999209,9.74999999998698));
#10971=CARTESIAN_POINT('Ctrl Pts',(33.5972439242549,14.8462056548644,9.74999999998698));
#10972=CARTESIAN_POINT('Ctrl Pts',(33.5846791608227,14.5762988727652,9.80120084439062));
#10973=CARTESIAN_POINT('Ctrl Pts',(33.5466784758465,14.0808879779657,10.0083076453735));
#10974=CARTESIAN_POINT('Ctrl Pts',(33.5227138854667,13.8552539514395,10.1641701701222));
#10975=CARTESIAN_POINT('Ctrl Pts',(33.5039850030291,13.5936213653143,10.4290372035618));
#10976=CARTESIAN_POINT('Ctrl Pts',(33.4999999999864,13.515042941519,10.5238954092417));
#10977=CARTESIAN_POINT('Ctrl Pts',(33.4999999999864,13.4452919045358,10.6266384735554));
#10978=CARTESIAN_POINT('',(33.4999999999864,13.0999999999927,10.6266384735554));
#10979=CARTESIAN_POINT('',(33.4999999999862,7.57499999991277,10.6266384735554));
#10980=CARTESIAN_POINT('',(34.4333333333379,13.0999999999928,8.05845710229918));
#10981=CARTESIAN_POINT('Origin',(37.4999999999864,13.0999999999927,10.6266384735554));
#10982=CARTESIAN_POINT('Ctrl Pts',(34.9110767122426,13.0999999999928,7.57746215687932));
#10983=CARTESIAN_POINT('Ctrl Pts',(34.7386081097588,13.0999999999928,7.72389776276183));
#10984=CARTESIAN_POINT('Ctrl Pts',(34.5785957275141,13.0999999999928,7.88499920437834));
#10985=CARTESIAN_POINT('Ctrl Pts',(34.4333333333379,13.0999999999928,8.05845710229918));
#10986=CARTESIAN_POINT('Origin',(33.4999999999863,10.0999999999927,17.7499999999997));
#10987=CARTESIAN_POINT('Origin',(33.499999999986,23.0999999998881,11.7499999999863));
#10988=CARTESIAN_POINT('Origin',(31.4999999999228,26.0999999995175,17.7499999999997));
#10989=CARTESIAN_POINT('',(34.9999999998215,26.0999999995303,17.7499999999997));
#10990=CARTESIAN_POINT('Origin',(34.9999999998028,31.1999999995303,17.7499999999997));
#10991=CARTESIAN_POINT('Origin',(37.4999999999864,12.5999999999927,10.6266384735554));
#10992=CARTESIAN_POINT('',(35.2,12.0999999999928,8.70050244511321));
#10993=CARTESIAN_POINT('',(35.2,12.0999999999928,8.70050244511321));
#10994=CARTESIAN_POINT('',(34.4999999999864,12.0999999999928,10.6266384735554));
#10995=CARTESIAN_POINT('',(33.4999999999864,13.0999999999927,10.6266384735554));
#10996=CARTESIAN_POINT('Origin',(37.4999999999864,12.0999999999928,10.6266384735554));
#10997=CARTESIAN_POINT('Origin',(33.9999999999864,12.5999999999928,17.7499999999997));
#10998=CARTESIAN_POINT('',(34.4999999999864,12.0999999999928,17.7499999999997));
#10999=CARTESIAN_POINT('',(33.4999999999864,13.099999999921,11.749999999987));
#11000=CARTESIAN_POINT('',(33.4999999999864,13.0999999999928,17.7499999999997));
#11001=CARTESIAN_POINT('',(33.4999999999864,13.0999999999212,14.7499999999933));
#11002=CARTESIAN_POINT('Ctrl Pts',(35.8465842303134,-12.0553118942964,8.09368246934889));
#11003=CARTESIAN_POINT('Ctrl Pts',(36.8912337765468,-11.910218732305,7.19820154450491));
#11004=CARTESIAN_POINT('Ctrl Pts',(38.487867192234,-11.0649851756712,5.75190383406322));
#11005=CARTESIAN_POINT('Ctrl Pts',(39.6941939483332,-9.13615431465402,4.55832801089545));
#11006=CARTESIAN_POINT('Ctrl Pts',(39.9,-7.9760997849108,4.34158389368849));
#11007=CARTESIAN_POINT('Ctrl Pts',(39.9,-7.40000000000723,4.3415838936885));
#11008=CARTESIAN_POINT('Ctrl Pts',(35.6310561535423,-12.4035412628667,7.83983829004066));
#11009=CARTESIAN_POINT('Ctrl Pts',(36.7225139619074,-12.3068124882057,6.90745261078442));
#11010=CARTESIAN_POINT('Ctrl Pts',(38.4438289573872,-11.5166938785963,5.38551503666651));
#11011=CARTESIAN_POINT('Ctrl Pts',(39.8769711111811,-9.45264813520349,4.05580547711281));
#11012=CARTESIAN_POINT('Ctrl Pts',(40.1540980263897,-8.08385572908265,3.79250695304317));
#11013=CARTESIAN_POINT('Ctrl Pts',(40.1540980263897,-7.40000000000722,3.79250695304318));
#11014=CARTESIAN_POINT('Ctrl Pts',(35.4155280767711,-12.751770631437,7.58599411073243));
#11015=CARTESIAN_POINT('Ctrl Pts',(36.5537941472679,-12.7034062441065,6.61670367706393));
#11016=CARTESIAN_POINT('Ctrl Pts',(38.3997907225404,-11.9684025815215,5.01912623926979));
#11017=CARTESIAN_POINT('Ctrl Pts',(40.0597482740291,-9.76914195575295,3.55328294333018));
#11018=CARTESIAN_POINT('Ctrl Pts',(40.4081960527793,-8.19161167325449,3.24343001239785));
#11019=CARTESIAN_POINT('Ctrl Pts',(40.4081960527793,-7.40000000000721,3.24343001239787));
#11020=CARTESIAN_POINT('Ctrl Pts',(35.2,-13.1000000000072,7.33214993142419));
#11021=CARTESIAN_POINT('Ctrl Pts',(36.3850743326284,-13.1000000000072,6.32595474334344));
#11022=CARTESIAN_POINT('Ctrl Pts',(38.3557524876936,-12.4201112844466,4.65273744187308));
#11023=CARTESIAN_POINT('Ctrl Pts',(40.242525436877,-10.0856357763024,3.05076040954755));
#11024=CARTESIAN_POINT('Ctrl Pts',(40.662294079169,-8.29936761742634,2.69435307175253));
#11025=CARTESIAN_POINT('Ctrl Pts',(40.662294079169,-7.4000000000072,2.69435307175255));
#11026=CARTESIAN_POINT('',(40.662294079169,-7.40000000000721,2.69435307175255));
#11027=CARTESIAN_POINT('',(35.8465842303134,-12.0553118942964,8.09368246934889));
#11028=CARTESIAN_POINT('Origin',(40.2811470395845,-1.17500000008721,3.5179684827207));
#11029=CARTESIAN_POINT('',(39.9,7.39999999999277,4.34158389368892));
#11030=CARTESIAN_POINT('',(40.662294079169,7.39999999999281,2.69435307175297));
#11031=CARTESIAN_POINT('',(39.9,-1.17500000008723,4.34158389368867));
#11032=CARTESIAN_POINT('Ctrl Pts',(39.9,7.39999999999277,4.34158389368892));
#11033=CARTESIAN_POINT('Ctrl Pts',(39.9,8.26414967734813,4.34158389368894));
#11034=CARTESIAN_POINT('Ctrl Pts',(39.5080268103776,9.75079720451038,4.76028926283355));
#11035=CARTESIAN_POINT('Ctrl Pts',(37.8652264452911,11.4554941485598,6.32541342558517));
#11036=CARTESIAN_POINT('Ctrl Pts',(36.5430172611357,11.958583119621,7.49669518612024));
#11037=CARTESIAN_POINT('Ctrl Pts',(35.8465842303134,12.0553118942819,8.09368246934958));
#11038=CARTESIAN_POINT('Ctrl Pts',(40.1540980263897,7.39999999999277,3.7925069530436));
#11039=CARTESIAN_POINT('Ctrl Pts',(40.1540980263897,8.42578359360592,3.79250695304362));
#11040=CARTESIAN_POINT('Ctrl Pts',(39.6263935313093,10.1475042405226,4.29782323542831));
#11041=CARTESIAN_POINT('Ctrl Pts',(37.7657482532925,11.8824096883052,5.99114550540416));
#11042=CARTESIAN_POINT('Ctrl Pts',(36.3586946924524,12.3390554130782,7.21824783720386));
#11043=CARTESIAN_POINT('Ctrl Pts',(35.6310561535423,12.4035412628522,7.83983829004136));
#11044=CARTESIAN_POINT('Ctrl Pts',(40.4081960527793,7.39999999999278,3.24343001239829));
#11045=CARTESIAN_POINT('Ctrl Pts',(40.4081960527794,8.58741750986371,3.24343001239831));
#11046=CARTESIAN_POINT('Ctrl Pts',(39.7447602522411,10.5442112765348,3.83535720802306));
#11047=CARTESIAN_POINT('Ctrl Pts',(37.6662700612939,12.3093252280505,5.65687758522315));
#11048=CARTESIAN_POINT('Ctrl Pts',(36.174372123769,12.7195277065355,6.93980048828747));
#11049=CARTESIAN_POINT('Ctrl Pts',(35.4155280767711,12.7517706314225,7.58599411073314));
#11050=CARTESIAN_POINT('Ctrl Pts',(40.662294079169,7.39999999999279,2.69435307175297));
#11051=CARTESIAN_POINT('Ctrl Pts',(40.662294079169,8.7490514261215,2.694353071753));
#11052=CARTESIAN_POINT('Ctrl Pts',(39.8631269731728,10.940918312547,3.37289118061781));
#11053=CARTESIAN_POINT('Ctrl Pts',(37.5667918692953,12.7362407677959,5.32260966504215));
#11054=CARTESIAN_POINT('Ctrl Pts',(35.9900495550857,13.0999999999928,6.66135313937108));
#11055=CARTESIAN_POINT('Ctrl Pts',(35.2,13.0999999999928,7.33214993142493));
#11056=CARTESIAN_POINT('',(35.8465842303134,12.0553118942819,8.09368246934957));
#11057=CARTESIAN_POINT('',(35.2,13.0999999999928,7.33214993142492));
#11058=CARTESIAN_POINT('Ctrl Pts',(35.8465842303134,12.0553118942819,8.09368246934958));
#11059=CARTESIAN_POINT('Ctrl Pts',(36.5430172611357,11.958583119621,7.49669518612024));
#11060=CARTESIAN_POINT('Ctrl Pts',(37.8652264452911,11.4554941485598,6.32541342558517));
#11061=CARTESIAN_POINT('Ctrl Pts',(39.5080268103776,9.75079720451038,4.76028926283355));
#11062=CARTESIAN_POINT('Ctrl Pts',(39.9,8.26414967734813,4.34158389368894));
#11063=CARTESIAN_POINT('Ctrl Pts',(39.9,7.39999999999277,4.34158389368892));
#11064=CARTESIAN_POINT('Origin',(33.9999999999855,-12.6000000000072,17.7499999999997));
#11065=CARTESIAN_POINT('',(33.4999999999855,-13.0999999999187,11.7499999999879));
#11066=CARTESIAN_POINT('',(33.4999999999855,-13.0999999999187,17.7499999999997));
#11067=CARTESIAN_POINT('',(33.4999999999855,-13.1000000000072,10.6266384735553));
#11068=CARTESIAN_POINT('',(33.4999999999855,-13.1000000000072,17.7499999999997));
#11069=CARTESIAN_POINT('',(34.4999999999855,-12.1000000000072,10.6266384735553));
#11070=CARTESIAN_POINT('',(33.4999999999855,-13.1000000000072,10.6266384735553));
#11071=CARTESIAN_POINT('',(34.4999999999855,-12.1000000000072,17.7499999999997));
#11072=CARTESIAN_POINT('Origin',(37.4999999999855,-12.6000000000074,10.6266384735553));
#11073=CARTESIAN_POINT('',(34.4333333333381,-13.1000000000074,8.05845710229786));
#11074=CARTESIAN_POINT('',(34.4333333333381,-13.1000000000074,8.05845710229786));
#11075=CARTESIAN_POINT('Origin',(37.4999999999855,-12.1000000000072,10.6266384735553));
#11076=CARTESIAN_POINT('Origin',(37.4999999999855,-13.1000000000075,10.6266384735553));
#11077=CARTESIAN_POINT('Ctrl Pts',(35.2,-12.1000000000072,8.70050244511224));
#11078=CARTESIAN_POINT('Ctrl Pts',(35.3089467956319,-12.1000000000072,8.57040902167199));
#11079=CARTESIAN_POINT('Ctrl Pts',(35.4289790072002,-12.096208735585,8.44961811042131));
#11080=CARTESIAN_POINT('Ctrl Pts',(35.5582470295568,-12.0863268202166,8.33968497505044));
#11081=CARTESIAN_POINT('Ctrl Pts',(34.9444444444461,-12.4333333333406,8.48648733084078));
#11082=CARTESIAN_POINT('Ctrl Pts',(35.0654964395926,-12.4333333333406,8.34193908257384));
#11083=CARTESIAN_POINT('Ctrl Pts',(35.1988553747196,-12.4308058237258,8.20771132786802));
#11084=CARTESIAN_POINT('Ctrl Pts',(35.3425235904518,-12.4242178801468,8.08561070232674));
#11085=CARTESIAN_POINT('Ctrl Pts',(34.6888888888921,-12.766666666674,8.27247221656932));
#11086=CARTESIAN_POINT('Ctrl Pts',(34.8220460835533,-12.766666666674,8.11346914347568));
#11087=CARTESIAN_POINT('Ctrl Pts',(34.9687317422389,-12.7654029118666,7.96580454531474));
#11088=CARTESIAN_POINT('Ctrl Pts',(35.1268001513468,-12.7621089400771,7.83153642960303));
#11089=CARTESIAN_POINT('Ctrl Pts',(34.4333333333381,-13.1000000000073,8.05845710229786));
#11090=CARTESIAN_POINT('Ctrl Pts',(34.578595727514,-13.1000000000073,7.88499920437753));
#11091=CARTESIAN_POINT('Ctrl Pts',(34.7386081097583,-13.1000000000073,7.72389776276146));
#11092=CARTESIAN_POINT('Ctrl Pts',(34.9110767122417,-13.1000000000073,7.57746215687933));
#11093=CARTESIAN_POINT('',(34.9110767122417,-13.1000000000073,7.57746215687933));
#11094=CARTESIAN_POINT('Ctrl Pts',(34.4333333333381,-13.1000000000073,8.05845710229786));
#11095=CARTESIAN_POINT('Ctrl Pts',(34.578595727514,-13.1000000000073,7.88499920437753));
#11096=CARTESIAN_POINT('Ctrl Pts',(34.7386081097583,-13.1000000000073,7.72389776276146));
#11097=CARTESIAN_POINT('Ctrl Pts',(34.9110767122417,-13.1000000000073,7.57746215687933));
#11098=CARTESIAN_POINT('Ctrl Pts',(35.5582470295568,-12.0863268202166,8.33968497505045));
#11099=CARTESIAN_POINT('Ctrl Pts',(35.6544896762652,-12.0789695351567,8.25783754119828));
#11100=CARTESIAN_POINT('Ctrl Pts',(35.750662194631,-12.0686346698741,8.17590751174275));
#11101=CARTESIAN_POINT('Ctrl Pts',(35.8465842303134,-12.0553118942964,8.09368246934888));
#11102=CARTESIAN_POINT('Ctrl Pts',(35.3425235904518,-12.4242178801468,8.08561070232675));
#11103=CARTESIAN_POINT('Ctrl Pts',(35.4387879424527,-12.4193130234402,8.00378883248584));
#11104=CARTESIAN_POINT('Ctrl Pts',(35.5350055422253,-12.4124231132518,7.92191189890936));
#11105=CARTESIAN_POINT('Ctrl Pts',(35.6310561535423,-12.4035412628667,7.83983829004065));
#11106=CARTESIAN_POINT('Ctrl Pts',(35.1268001513467,-12.762108940077,7.83153642960304));
#11107=CARTESIAN_POINT('Ctrl Pts',(35.2230862086403,-12.7596565117237,7.7497401237734));
#11108=CARTESIAN_POINT('Ctrl Pts',(35.3193488898196,-12.7562115566295,7.66791628607596));
#11109=CARTESIAN_POINT('Ctrl Pts',(35.4155280767711,-12.751770631437,7.58599411073242));
#11110=CARTESIAN_POINT('Ctrl Pts',(34.9110767122417,-13.1000000000072,7.57746215687933));
#11111=CARTESIAN_POINT('Ctrl Pts',(35.0073844748278,-13.1000000000072,7.49569141506095));
#11112=CARTESIAN_POINT('Ctrl Pts',(35.1036922374139,-13.1000000000072,7.41392067324257));
#11113=CARTESIAN_POINT('Ctrl Pts',(35.2,-13.1000000000072,7.33214993142419));
#11114=CARTESIAN_POINT('Ctrl Pts',(35.8465842303134,12.0553118942819,8.09368246934958));
#11115=CARTESIAN_POINT('Ctrl Pts',(35.7506621946313,12.0686346698596,8.1759075117432));
#11116=CARTESIAN_POINT('Ctrl Pts',(35.6544896762657,12.0789695351422,8.25783754119849));
#11117=CARTESIAN_POINT('Ctrl Pts',(35.5582470295577,12.0863268202021,8.33968497505043));
#11118=CARTESIAN_POINT('Ctrl Pts',(35.6310561535423,12.4035412628522,7.83983829004136));
#11119=CARTESIAN_POINT('Ctrl Pts',(35.5350055422256,12.4124231132373,7.92191189890982));
#11120=CARTESIAN_POINT('Ctrl Pts',(35.4387879424533,12.4193130234257,8.00378883248606));
#11121=CARTESIAN_POINT('Ctrl Pts',(35.3425235904526,12.4242178801323,8.08561070232673));
#11122=CARTESIAN_POINT('Ctrl Pts',(35.4155280767712,12.7517706314225,7.58599411073314));
#11123=CARTESIAN_POINT('Ctrl Pts',(35.3193488898199,12.756211556615,7.66791628607644));
#11124=CARTESIAN_POINT('Ctrl Pts',(35.2230862086408,12.7596565117093,7.74974012377363));
#11125=CARTESIAN_POINT('Ctrl Pts',(35.1268001513476,12.7621089400625,7.83153642960303));
#11126=CARTESIAN_POINT('Ctrl Pts',(35.2,13.0999999999928,7.33214993142492));
#11127=CARTESIAN_POINT('Ctrl Pts',(35.1036922374142,13.0999999999928,7.41392067324306));
#11128=CARTESIAN_POINT('Ctrl Pts',(35.0073844748284,13.0999999999928,7.4956914150612));
#11129=CARTESIAN_POINT('Ctrl Pts',(34.9110767122426,13.0999999999928,7.57746215687934));
#11130=CARTESIAN_POINT('',(35.5582470295577,12.0863268202021,8.33968497505042));
#11131=CARTESIAN_POINT('',(34.9110767122426,13.0999999999928,7.57746215687934));
#11132=CARTESIAN_POINT('Ctrl Pts',(35.5582470295577,12.0863268202021,8.33968497505043));
#11133=CARTESIAN_POINT('Ctrl Pts',(35.6544896762657,12.0789695351422,8.25783754119849));
#11134=CARTESIAN_POINT('Ctrl Pts',(35.7506621946313,12.0686346698596,8.1759075117432));
#11135=CARTESIAN_POINT('Ctrl Pts',(35.8465842303134,12.0553118942819,8.09368246934958));
#11136=CARTESIAN_POINT('Ctrl Pts',(35.5582470295577,12.0863268202021,8.33968497505042));
#11137=CARTESIAN_POINT('Ctrl Pts',(35.4289790072007,12.0962087355705,8.44961811042157));
#11138=CARTESIAN_POINT('Ctrl Pts',(35.3089467956321,12.0999999999928,8.57040902167259));
#11139=CARTESIAN_POINT('Ctrl Pts',(35.2,12.0999999999928,8.70050244511322));
#11140=CARTESIAN_POINT('Ctrl Pts',(35.3425235904527,12.4242178801323,8.08561070232672));
#11141=CARTESIAN_POINT('Ctrl Pts',(35.19885537472,12.4308058237113,8.20771132786832));
#11142=CARTESIAN_POINT('Ctrl Pts',(35.0654964395928,12.4333333333261,8.34193908257451));
#11143=CARTESIAN_POINT('Ctrl Pts',(34.944444444446,12.4333333333261,8.48648733084187));
#11144=CARTESIAN_POINT('Ctrl Pts',(35.1268001513476,12.7621089400626,7.83153642960302));
#11145=CARTESIAN_POINT('Ctrl Pts',(34.9687317422394,12.765402911852,7.96580454531507));
#11146=CARTESIAN_POINT('Ctrl Pts',(34.8220460835534,12.7666666666595,8.11346914347642));
#11147=CARTESIAN_POINT('Ctrl Pts',(34.688888888892,12.7666666666595,8.27247221657053));
#11148=CARTESIAN_POINT('Ctrl Pts',(34.9110767122426,13.0999999999928,7.57746215687932));
#11149=CARTESIAN_POINT('Ctrl Pts',(34.7386081097588,13.0999999999928,7.72389776276183));
#11150=CARTESIAN_POINT('Ctrl Pts',(34.5785957275141,13.0999999999928,7.88499920437834));
#11151=CARTESIAN_POINT('Ctrl Pts',(34.4333333333379,13.0999999999928,8.05845710229918));
#11152=CARTESIAN_POINT('Ctrl Pts',(35.2,12.0999999999928,8.70050244511322));
#11153=CARTESIAN_POINT('Ctrl Pts',(35.3089467956321,12.0999999999928,8.57040902167259));
#11154=CARTESIAN_POINT('Ctrl Pts',(35.4289790072007,12.0962087355705,8.44961811042157));
#11155=CARTESIAN_POINT('Ctrl Pts',(35.5582470295577,12.0863268202021,8.33968497505042));
#11156=CARTESIAN_POINT('Origin',(33.4999999999863,10.0999999999927,17.7499999999997));
#11157=CARTESIAN_POINT('Origin',(33.4999999999862,15.0999999999209,11.7499999999869));
#11158=CARTESIAN_POINT('Origin',(37.4999999999856,-11.5250000000247,10.6266384735553));
#11159=CARTESIAN_POINT('',(33.4999999999855,-13.4452919045341,10.6266384735553));
#11160=CARTESIAN_POINT('',(33.4999999999856,-11.5250000000246,10.6266384735553));
#11161=CARTESIAN_POINT('',(33.5972439242536,-15.0999999999211,9.74999999998795));
#11162=CARTESIAN_POINT('Ctrl Pts',(33.4999999999855,-13.4452919045341,10.6266384735553));
#11163=CARTESIAN_POINT('Ctrl Pts',(33.4999999999855,-13.5173866980625,10.5204430630135));
#11164=CARTESIAN_POINT('Ctrl Pts',(33.5042587023117,-13.5989667599825,10.4226061151779));
#11165=CARTESIAN_POINT('Ctrl Pts',(33.5235483204877,-13.8635488066407,10.1580240685197));
#11166=CARTESIAN_POINT('Ctrl Pts',(33.5473306542671,-14.0881096927508,10.0044126478875));
#11167=CARTESIAN_POINT('Ctrl Pts',(33.5848938723587,-14.5804084541435,9.80037919366116));
#11168=CARTESIAN_POINT('Ctrl Pts',(33.5972439242537,-14.8482722107227,9.74999999998795));
#11169=CARTESIAN_POINT('Ctrl Pts',(33.5972439242536,-15.0999999999186,9.74999999998795));
#11170=CARTESIAN_POINT('',(33.5972439242534,-23.0999999998857,9.74999999998793));
#11171=CARTESIAN_POINT('',(33.5972439242538,-11.5250000000246,9.74999999998796));
#11172=CARTESIAN_POINT('',(33.4999999999851,-24.7547080952702,10.6266384735553));
#11173=CARTESIAN_POINT('Ctrl Pts',(33.5972439242534,-23.0999999998857,9.74999999998793));
#11174=CARTESIAN_POINT('Ctrl Pts',(33.5972439242534,-23.3537943449422,9.74999999998793));
#11175=CARTESIAN_POINT('Ctrl Pts',(33.5846791608213,-23.6237011270415,9.80120084439157));
#11176=CARTESIAN_POINT('Ctrl Pts',(33.5466784758451,-24.119112021841,10.0083076453744));
#11177=CARTESIAN_POINT('Ctrl Pts',(33.5227138854654,-24.3447460483672,10.1641701701232));
#11178=CARTESIAN_POINT('Ctrl Pts',(33.5039850030278,-24.6063786344922,10.4290372035625));
#11179=CARTESIAN_POINT('Ctrl Pts',(33.4999999999851,-24.6849570582872,10.5238954092421));
#11180=CARTESIAN_POINT('Ctrl Pts',(33.4999999999851,-24.7547080952702,10.6266384735553));
#11181=CARTESIAN_POINT('',(33.4999999999851,-25.099999999882,10.6266384735553));
#11182=CARTESIAN_POINT('',(33.4999999999856,-11.5250000000246,10.6266384735553));
#11183=CARTESIAN_POINT('',(34.166666666561,-25.0999999998819,8.41555528012192));
#11184=CARTESIAN_POINT('Origin',(37.4999999999851,-25.0999999998821,10.6266384735553));
#11185=CARTESIAN_POINT('Ctrl Pts',(34.9110767122413,-25.0999999998819,7.57746215687934));
#11186=CARTESIAN_POINT('Ctrl Pts',(34.6253031670977,-25.0999999998819,7.82010007256728));
#11187=CARTESIAN_POINT('Ctrl Pts',(34.3738928211586,-25.0999999998819,8.10315009757205));
#11188=CARTESIAN_POINT('Ctrl Pts',(34.166666666561,-25.0999999998819,8.41555528012191));
#11189=CARTESIAN_POINT('Origin',(33.499999999985,-28.099999999882,17.7499999999997));
#11190=CARTESIAN_POINT('Origin',(33.4999999999847,-15.0999999999186,11.7499999999879));
#11191=CARTESIAN_POINT('Ctrl Pts',(35.8782341413911,-36.2238137695941,10.0637215281003));
#11192=CARTESIAN_POINT('Ctrl Pts',(35.9944083619596,-36.2035048625487,9.84433939533167));
#11193=CARTESIAN_POINT('Ctrl Pts',(36.1356051464254,-36.1746785388938,9.6377772663154));
#11194=CARTESIAN_POINT('Ctrl Pts',(36.2946150302541,-36.1329475896325,9.45036710577813));
#11195=CARTESIAN_POINT('Ctrl Pts',(35.6206932278169,-36.5801376461067,9.9252720288715));
#11196=CARTESIAN_POINT('Ctrl Pts',(35.7552943851227,-36.5659237061456,9.68450239678149));
#11197=CARTESIAN_POINT('Ctrl Pts',(35.9192337523547,-36.5435149757409,9.45669776906353));
#11198=CARTESIAN_POINT('Ctrl Pts',(36.1056040529453,-36.5063032684116,9.24994273480192));
#11199=CARTESIAN_POINT('Ctrl Pts',(35.3631523142426,-36.9364615226193,9.78682252964271));
#11200=CARTESIAN_POINT('Ctrl Pts',(35.5161804082858,-36.9283425497425,9.52466539823132));
#11201=CARTESIAN_POINT('Ctrl Pts',(35.7028623582841,-36.912351412588,9.27561827181167));
#11202=CARTESIAN_POINT('Ctrl Pts',(35.9165930756364,-36.8796589471906,9.04951836382572));
#11203=CARTESIAN_POINT('Ctrl Pts',(35.1056114006684,-37.292785399132,9.64837303041392));
#11204=CARTESIAN_POINT('Ctrl Pts',(35.2770664314489,-37.2907613933395,9.36482839968114));
#11205=CARTESIAN_POINT('Ctrl Pts',(35.4864909642135,-37.2811878494351,9.0945387745598));
#11206=CARTESIAN_POINT('Ctrl Pts',(35.7275820983276,-37.2530146259697,8.84909399284951));
#11207=CARTESIAN_POINT('',(36.294615030248,-36.1329475896341,9.45036710578537));
#11208=CARTESIAN_POINT('',(35.7275820980139,-37.2530146242956,8.84909399275234));
#11209=CARTESIAN_POINT('',(35.8782341413911,-36.2238137695941,10.0637215281003));
#11210=CARTESIAN_POINT('Ctrl Pts',(36.2946150302541,-36.1329475896325,9.45036710577813));
#11211=CARTESIAN_POINT('Ctrl Pts',(36.1356051464254,-36.1746785388938,9.6377772663154));
#11212=CARTESIAN_POINT('Ctrl Pts',(35.9944083619596,-36.2035048625487,9.84433939533167));
#11213=CARTESIAN_POINT('Ctrl Pts',(35.8782341413911,-36.2238137695941,10.0637215281003));
#11214=CARTESIAN_POINT('',(35.1056114006684,-37.292785399132,9.64837303041392));
#11215=CARTESIAN_POINT('',(35.8782341413911,-36.2238137695941,10.0637215281003));
#11216=CARTESIAN_POINT('Ctrl Pts',(35.1056114006684,-37.292785399132,9.64837303041392));
#11217=CARTESIAN_POINT('Ctrl Pts',(35.2770664314489,-37.2907613933395,9.36482839968114));
#11218=CARTESIAN_POINT('Ctrl Pts',(35.4864909642135,-37.2811878494351,9.0945387745598));
#11219=CARTESIAN_POINT('Ctrl Pts',(35.7275820983276,-37.2530146259697,8.84909399284951));
#11220=CARTESIAN_POINT('Ctrl Pts',(35.4996988653631,-36.2754606729512,11.5846475973458));
#11221=CARTESIAN_POINT('Ctrl Pts',(35.4996988653631,-36.2754606729512,11.0547779036825));
#11222=CARTESIAN_POINT('Ctrl Pts',(35.6332087764238,-36.2666476903773,10.5264247585118));
#11223=CARTESIAN_POINT('Ctrl Pts',(35.8782341413901,-36.2238137695943,10.0637215280938));
#11224=CARTESIAN_POINT('Ctrl Pts',(35.1687990747965,-36.6169656163086,11.5846475973458));
#11225=CARTESIAN_POINT('Ctrl Pts',(35.1820805717197,-36.6168726502775,11.0006184708392));
#11226=CARTESIAN_POINT('Ctrl Pts',(35.3417980695757,-36.6100575869339,10.4248238409167));
#11227=CARTESIAN_POINT('Ctrl Pts',(35.6206932278124,-36.5801376460729,9.92527202886514));
#11228=CARTESIAN_POINT('Ctrl Pts',(34.8378992842298,-36.958470559666,11.5846475973458));
#11229=CARTESIAN_POINT('Ctrl Pts',(34.8644622780763,-36.9582846276038,10.946459037996));
#11230=CARTESIAN_POINT('Ctrl Pts',(35.0503873627277,-36.9534674834905,10.3232229233215));
#11231=CARTESIAN_POINT('Ctrl Pts',(35.3631523142347,-36.9364615225514,9.78682252963648));
#11232=CARTESIAN_POINT('Ctrl Pts',(34.5069994936632,-37.2999755030234,11.5846475973458));
#11233=CARTESIAN_POINT('Ctrl Pts',(34.5468439844328,-37.2996966049301,10.8922996051527));
#11234=CARTESIAN_POINT('Ctrl Pts',(34.7589766558797,-37.2968773800471,10.2216220057264));
#11235=CARTESIAN_POINT('Ctrl Pts',(35.105611400657,-37.29278539903,9.64837303040783));
#11236=CARTESIAN_POINT('',(35.4996988653631,-36.2754606729512,11.5846475973458));
#11237=CARTESIAN_POINT('',(34.5069994936632,-37.2999755030234,11.5846475973458));
#11238=CARTESIAN_POINT('',(35.4996988653631,-36.2754606729512,11.5846475973458));
#11239=CARTESIAN_POINT('Ctrl Pts',(34.5069994936632,-37.2999755030234,11.5846475973458));
#11240=CARTESIAN_POINT('Ctrl Pts',(34.5468439844328,-37.2996966049301,10.8922996051527));
#11241=CARTESIAN_POINT('Ctrl Pts',(34.7589766558797,-37.2968773800471,10.2216220057264));
#11242=CARTESIAN_POINT('Ctrl Pts',(35.105611400657,-37.29278539903,9.64837303040783));
#11243=CARTESIAN_POINT('Ctrl Pts',(35.8782341413901,-36.2238137695943,10.0637215280938));
#11244=CARTESIAN_POINT('Ctrl Pts',(35.6332087764238,-36.2666476903773,10.5264247585118));
#11245=CARTESIAN_POINT('Ctrl Pts',(35.4996988653631,-36.2754606729512,11.0547779036825));
#11246=CARTESIAN_POINT('Ctrl Pts',(35.4996988653631,-36.2754606729512,11.5846475973458));
#11247=CARTESIAN_POINT('Ctrl Pts',(35.4996988653631,-36.2754606729512,11.8280928467686));
#11248=CARTESIAN_POINT('Ctrl Pts',(35.4996988653631,-36.2754606729512,11.7469444302943));
#11249=CARTESIAN_POINT('Ctrl Pts',(35.4996988653631,-36.2754606729512,11.66579601382));
#11250=CARTESIAN_POINT('Ctrl Pts',(35.4996988653631,-36.2754606729512,11.5846475973458));
#11251=CARTESIAN_POINT('Ctrl Pts',(35.166465910237,-36.6169737818939,11.8280928467686));
#11252=CARTESIAN_POINT('Ctrl Pts',(35.166465910237,-36.6169737818939,11.7469444302943));
#11253=CARTESIAN_POINT('Ctrl Pts',(35.1672423829942,-36.6169765126299,11.66579601382));
#11254=CARTESIAN_POINT('Ctrl Pts',(35.1687990747965,-36.6169656163086,11.5846475973458));
#11255=CARTESIAN_POINT('Ctrl Pts',(34.8332329551108,-36.9584868908366,11.8280928467686));
#11256=CARTESIAN_POINT('Ctrl Pts',(34.8332329551108,-36.9584868908366,11.7469444302943));
#11257=CARTESIAN_POINT('Ctrl Pts',(34.8347859006254,-36.9584923523087,11.66579601382));
#11258=CARTESIAN_POINT('Ctrl Pts',(34.8378992842298,-36.958470559666,11.5846475973458));
#11259=CARTESIAN_POINT('Ctrl Pts',(34.4999999999847,-37.2999999997794,11.8280928467686));
#11260=CARTESIAN_POINT('Ctrl Pts',(34.4999999999847,-37.2999999997794,11.7469444302943));
#11261=CARTESIAN_POINT('Ctrl Pts',(34.5023294182565,-37.3000081919875,11.66579601382));
#11262=CARTESIAN_POINT('Ctrl Pts',(34.5069994936632,-37.2999755030234,11.5846475973458));
#11263=CARTESIAN_POINT('',(35.4996988653631,-36.2754606729512,11.8280928467686));
#11264=CARTESIAN_POINT('',(34.4999999999847,-37.2999999997794,11.8280928467686));
#11265=CARTESIAN_POINT('',(35.4996988653631,-36.2754606729512,11.8280928467686));
#11266=CARTESIAN_POINT('Ctrl Pts',(34.4999999999847,-37.2999999997794,11.8280928467686));
#11267=CARTESIAN_POINT('Ctrl Pts',(34.4999999999847,-37.2999999997794,11.7469444302943));
#11268=CARTESIAN_POINT('Ctrl Pts',(34.5023294182565,-37.3000081919875,11.66579601382));
#11269=CARTESIAN_POINT('Ctrl Pts',(34.5069994936632,-37.2999755030234,11.5846475973458));
#11270=CARTESIAN_POINT('Ctrl Pts',(35.4996988653631,-36.2754606729512,11.5846475973458));
#11271=CARTESIAN_POINT('Ctrl Pts',(35.4996988653631,-36.2754606729512,11.66579601382));
#11272=CARTESIAN_POINT('Ctrl Pts',(35.4996988653631,-36.2754606729512,11.7469444302943));
#11273=CARTESIAN_POINT('Ctrl Pts',(35.4996988653631,-36.2754606729512,11.8280928467686));
#11274=CARTESIAN_POINT('Ctrl Pts',(40.0565458895504,-31.8643370122723,4.21595366524657));
#11275=CARTESIAN_POINT('Ctrl Pts',(40.1483064816206,-31.1659089012245,4.12283091550643));
#11276=CARTESIAN_POINT('Ctrl Pts',(40.072916305889,-30.1103699581264,4.20222808487557));
#11277=CARTESIAN_POINT('Ctrl Pts',(39.3773189787081,-28.3961466664847,4.89509207697131));
#11278=CARTESIAN_POINT('Ctrl Pts',(38.0573412113514,-26.8766741776599,6.15243843809734));
#11279=CARTESIAN_POINT('Ctrl Pts',(36.4788024233917,-26.2475377381336,7.55134272784119));
#11280=CARTESIAN_POINT('Ctrl Pts',(35.6466821797339,-26.1411659288428,8.26360915292228));
#11281=CARTESIAN_POINT('Ctrl Pts',(40.2991331501496,-31.9750724188096,3.67422131868509));
#11282=CARTESIAN_POINT('Ctrl Pts',(40.4147561717899,-31.1640060844793,3.5659089532286));
#11283=CARTESIAN_POINT('Ctrl Pts',(40.3127998660841,-29.915111663457,3.66273338975427));
#11284=CARTESIAN_POINT('Ctrl Pts',(39.4674864658553,-28.0088733760695,4.44862730640057));
#11285=CARTESIAN_POINT('Ctrl Pts',(37.9724845515037,-26.439769682519,5.8090422350466));
#11286=CARTESIAN_POINT('Ctrl Pts',(36.297359811168,-25.8650251587164,7.27040829631571));
#11287=CARTESIAN_POINT('Ctrl Pts',(35.4311214531283,-25.7941106191892,8.00972651936453));
#11288=CARTESIAN_POINT('Ctrl Pts',(40.5417204107488,-32.0858078253468,3.1324889721236));
#11289=CARTESIAN_POINT('Ctrl Pts',(40.6812058619593,-31.1621032677341,3.00898699095078));
#11290=CARTESIAN_POINT('Ctrl Pts',(40.5526834262791,-29.7198533687876,3.12323869463297));
#11291=CARTESIAN_POINT('Ctrl Pts',(39.5576539530024,-27.6216000856543,4.00216253582983));
#11292=CARTESIAN_POINT('Ctrl Pts',(37.887627891656,-26.0028651873781,5.46564603199585));
#11293=CARTESIAN_POINT('Ctrl Pts',(36.1159171989444,-25.4825125792992,6.98947386479023));
#11294=CARTESIAN_POINT('Ctrl Pts',(35.2155607265227,-25.4470553095356,7.75584388580678));
#11295=CARTESIAN_POINT('Ctrl Pts',(40.784307671348,-32.1965432318841,2.59075662556211));
#11296=CARTESIAN_POINT('Ctrl Pts',(40.9476555521286,-31.1602004509889,2.45206502867295));
#11297=CARTESIAN_POINT('Ctrl Pts',(40.7925669864742,-29.5245950741182,2.58374399951166));
#11298=CARTESIAN_POINT('Ctrl Pts',(39.6478214401495,-27.2343267952391,3.55569776525908));
#11299=CARTESIAN_POINT('Ctrl Pts',(37.8027712318083,-25.5659606922371,5.1222498289451));
#11300=CARTESIAN_POINT('Ctrl Pts',(35.9344745867207,-25.099999999882,6.70853943326475));
#11301=CARTESIAN_POINT('Ctrl Pts',(34.999999999917,-25.099999999882,7.50196125224902));
#11302=CARTESIAN_POINT('',(35.6466821797339,-26.1411659288428,8.26360915292228));
#11303=CARTESIAN_POINT('',(34.999999999917,-25.099999999882,7.50196125224902));
#11304=CARTESIAN_POINT('',(40.0918039769871,-31.489019478625,4.18011839486888));
#11305=CARTESIAN_POINT('Ctrl Pts',(35.6466821797339,-26.1411659288428,8.26360915292228));
#11306=CARTESIAN_POINT('Ctrl Pts',(36.4788024233917,-26.2475377381336,7.55134272784119));
#11307=CARTESIAN_POINT('Ctrl Pts',(38.0573412113514,-26.8766741776599,6.15243843809734));
#11308=CARTESIAN_POINT('Ctrl Pts',(39.3773189787081,-28.3961466664847,4.89509207697131));
#11309=CARTESIAN_POINT('Ctrl Pts',(40.0231339003718,-29.9876866818729,4.25181487147611));
#11310=CARTESIAN_POINT('Ctrl Pts',(40.1254560316518,-30.9144842744589,4.14655692836595));
#11311=CARTESIAN_POINT('Ctrl Pts',(40.0921029254501,-31.4890428328104,4.18001536457545));
#11312=CARTESIAN_POINT('Ctrl Pts',(40.0918039769906,-31.4890194785636,4.18011839484649));
#11313=CARTESIAN_POINT('Ctrl Pts',(40.1179519925563,-31.521340302283,4.12149815489622));
#11314=CARTESIAN_POINT('Ctrl Pts',(40.1436304565341,-31.5526240878282,4.06362404706782));
#11315=CARTESIAN_POINT('Ctrl Pts',(40.1690533640814,-31.5830132901319,4.00608032273073));
#11316=CARTESIAN_POINT('Ctrl Pts',(40.1962702646416,-31.6155469370275,3.94447596767282));
#11317=CARTESIAN_POINT('Ctrl Pts',(40.2231943041706,-31.6470555086576,3.88325031780136));
#11318=CARTESIAN_POINT('Ctrl Pts',(40.2500716745561,-31.6777663783565,3.82191681700337));
#11319=CARTESIAN_POINT('Ctrl Pts',(40.279261867407,-31.711119946666,3.75530551199706));
#11320=CARTESIAN_POINT('Ctrl Pts',(40.3083970566275,-31.7435326720877,3.68856701772157));
#11321=CARTESIAN_POINT('Ctrl Pts',(40.3377732434515,-31.7753535670941,3.6211043899826));
#11322=CARTESIAN_POINT('Ctrl Pts',(40.3671494302756,-31.8071744621004,3.55364176224364));
#11323=CARTESIAN_POINT('Ctrl Pts',(40.3967664167696,-31.8384040660823,3.48545529956388));
#11324=CARTESIAN_POINT('Ctrl Pts',(40.4269032717657,-31.8694409012149,3.41597023566502));
#11325=CARTESIAN_POINT('Ctrl Pts',(40.4616058743213,-31.9051798313165,3.33595815224258));
#11326=CARTESIAN_POINT('Ctrl Pts',(40.4964213731354,-31.9399767282278,3.2555417701904));
#11327=CARTESIAN_POINT('Ctrl Pts',(40.531340263001,-31.9738612806877,3.17481185556906));
#11328=CARTESIAN_POINT('Ctrl Pts',(40.5663232146503,-32.0078079973481,3.09393383479803));
#11329=CARTESIAN_POINT('Ctrl Pts',(40.6014098694356,-32.0408389844563,3.01274121362517));
#11330=CARTESIAN_POINT('Ctrl Pts',(40.6365750130645,-32.0730300002846,2.93134495659338));
#11331=CARTESIAN_POINT('Ctrl Pts',(40.671782443495,-32.1052597264652,2.84985081890418));
#11332=CARTESIAN_POINT('Ctrl Pts',(40.7070684626251,-32.1366474068154,2.76815263784759));
#11333=CARTESIAN_POINT('Ctrl Pts',(40.7423932785903,-32.1673157177902,2.68638024889755));
#11334=CARTESIAN_POINT('Ctrl Pts',(40.7506593270012,-32.1744921385661,2.66724541387374));
#11335=CARTESIAN_POINT('Ctrl Pts',(40.7589274407466,-32.1816293721663,2.64810659205638));
#11336=CARTESIAN_POINT('Ctrl Pts',(40.7671970040255,-32.1887293636967,2.62896558551463));
#11337=CARTESIAN_POINT('Ctrl Pts',(36.4243940725007,-36.0970502881666,9.30561313593789));
#11338=CARTESIAN_POINT('Ctrl Pts',(37.342751566661,-35.8299296963433,8.33559754889413));
#11339=CARTESIAN_POINT('Ctrl Pts',(38.710006111085,-34.9520442438096,6.70704664598627));
#11340=CARTESIAN_POINT('Ctrl Pts',(39.8266041141201,-33.1351925705767,4.97668668220731));
#11341=CARTESIAN_POINT('Ctrl Pts',(40.0614848240989,-32.0231675020102,4.37473253787042));
#11342=CARTESIAN_POINT('Ctrl Pts',(40.0918039769906,-31.4890194785636,4.18011839484649));
#11343=CARTESIAN_POINT('Ctrl Pts',(36.2559786256202,-36.4740623183274,9.0882254587014));
#11344=CARTESIAN_POINT('Ctrl Pts',(37.2119994595664,-36.2464299747981,8.08927468404245));
#11345=CARTESIAN_POINT('Ctrl Pts',(38.6702199825087,-35.4160018790258,6.40285135532137));
#11346=CARTESIAN_POINT('Ctrl Pts',(39.950955813368,-33.5493456033726,4.55895421278284));
#11347=CARTESIAN_POINT('Ctrl Pts',(40.2663456004597,-32.3228859007504,3.88240115515547));
#11348=CARTESIAN_POINT('Ctrl Pts',(40.3186766038311,-31.7086252958719,3.65802558012312));
#11349=CARTESIAN_POINT('Ctrl Pts',(36.0875631787398,-36.8510743484882,8.87083778146491));
#11350=CARTESIAN_POINT('Ctrl Pts',(37.0812473524718,-36.6629302532528,7.84295181919078));
#11351=CARTESIAN_POINT('Ctrl Pts',(38.6304338539324,-35.8799595142419,6.09865606465647));
#11352=CARTESIAN_POINT('Ctrl Pts',(40.075307512616,-33.9634986361685,4.14122174335838));
#11353=CARTESIAN_POINT('Ctrl Pts',(40.4712063768206,-32.6226042994907,3.39006977244052));
#11354=CARTESIAN_POINT('Ctrl Pts',(40.5455492306716,-31.9282311131803,3.13593276539975));
#11355=CARTESIAN_POINT('Ctrl Pts',(35.9191477318594,-37.2280863786491,8.65345010422841));
#11356=CARTESIAN_POINT('Ctrl Pts',(36.9504952453772,-37.0794305317075,7.59662895433911));
#11357=CARTESIAN_POINT('Ctrl Pts',(38.5906477253561,-36.3439171494581,5.79446077399157));
#11358=CARTESIAN_POINT('Ctrl Pts',(40.1996592118639,-34.3776516689644,3.72348927393391));
#11359=CARTESIAN_POINT('Ctrl Pts',(40.6760671531814,-32.9223226982309,2.89773838972557));
#11360=CARTESIAN_POINT('Ctrl Pts',(40.7724218575122,-32.1478369304886,2.61383995067639));
#11361=CARTESIAN_POINT('',(36.4243940725007,-36.0970502881666,9.30561313593789));
#11362=CARTESIAN_POINT('Ctrl Pts',(40.0918039769906,-31.4890194785636,4.18011839484649));
#11363=CARTESIAN_POINT('Ctrl Pts',(40.0614848240989,-32.0231675020102,4.37473253787042));
#11364=CARTESIAN_POINT('Ctrl Pts',(39.8266041141201,-33.1351925705767,4.97668668220731));
#11365=CARTESIAN_POINT('Ctrl Pts',(38.710006111085,-34.9520442438096,6.70704664598627));
#11366=CARTESIAN_POINT('Ctrl Pts',(37.342751566661,-35.8299296963433,8.33559754889413));
#11367=CARTESIAN_POINT('Ctrl Pts',(36.4243940725007,-36.0970502881666,9.30561313593789));
#11368=CARTESIAN_POINT('',(36.4243940725007,-36.0970502881666,9.30561313593789));
#11369=CARTESIAN_POINT('Origin',(33.9999999999851,-25.599999999882,17.7499999999997));
#11370=CARTESIAN_POINT('',(34.4999999999851,-26.099999999882,10.6266384735553));
#11371=CARTESIAN_POINT('',(34.4999999999851,-26.099999999882,17.7499999999997));
#11372=CARTESIAN_POINT('',(34.4999999999851,-26.099999999882,10.6266384735553));
#11373=CARTESIAN_POINT('',(33.4999999999851,-25.0999999998857,11.7499999999904));
#11374=CARTESIAN_POINT('',(33.4999999999851,-25.099999999882,17.7499999999997));
#11375=CARTESIAN_POINT('',(33.4999999999851,-25.099999999882,14.7499999999932));
#11376=CARTESIAN_POINT('Origin',(37.4999999999851,-25.599999999882,10.6266384735553));
#11377=CARTESIAN_POINT('',(34.999999999917,-26.099999999882,8.96832607848026));
#11378=CARTESIAN_POINT('',(34.999999999917,-26.099999999882,8.96832607848026));
#11379=CARTESIAN_POINT('Origin',(37.4999999999851,-26.099999999882,10.6266384735553));
#11380=CARTESIAN_POINT('Ctrl Pts',(34.166666666561,-25.0999999998819,8.41555528012191));
#11381=CARTESIAN_POINT('Ctrl Pts',(34.3738928211586,-25.0999999998819,8.10315009757205));
#11382=CARTESIAN_POINT('Ctrl Pts',(34.6253031670977,-25.0999999998819,7.82010007256728));
#11383=CARTESIAN_POINT('Ctrl Pts',(34.9110767122413,-25.0999999998819,7.57746215687934));
#11384=CARTESIAN_POINT('Ctrl Pts',(34.4444444443463,-25.4333333332153,8.59981221290803));
#11385=CARTESIAN_POINT('Ctrl Pts',(34.6344017527275,-25.4333333332153,8.31344079557066));
#11386=CARTESIAN_POINT('Ctrl Pts',(34.8649045197799,-25.4356912946749,8.05405188107862));
#11387=CARTESIAN_POINT('Ctrl Pts',(35.1267191685579,-25.4435394126675,7.8314410498745));
#11388=CARTESIAN_POINT('Ctrl Pts',(34.7222222221317,-25.7666666665486,8.78406914569415));
#11389=CARTESIAN_POINT('Ctrl Pts',(34.8949106842963,-25.7666666665486,8.52373149356927));
#11390=CARTESIAN_POINT('Ctrl Pts',(35.1045058724621,-25.7713825894678,8.28800368958995));
#11391=CARTESIAN_POINT('Ctrl Pts',(35.3423616248746,-25.7870788254531,8.08541994286966));
#11392=CARTESIAN_POINT('Ctrl Pts',(34.999999999917,-26.099999999882,8.96832607848026));
#11393=CARTESIAN_POINT('Ctrl Pts',(35.1554196158652,-26.099999999882,8.73402219156787));
#11394=CARTESIAN_POINT('Ctrl Pts',(35.3441072251443,-26.1070738842607,8.52195549810128));
#11395=CARTESIAN_POINT('Ctrl Pts',(35.5580040811912,-26.1306182382387,8.33939883586481));
#11396=CARTESIAN_POINT('',(35.5580040811912,-26.1306182382387,8.33939883586482));
#11397=CARTESIAN_POINT('',(35.5580040811912,-26.1306182382387,8.33939883586482));
#11398=CARTESIAN_POINT('Ctrl Pts',(34.999999999917,-26.099999999882,8.96832607848026));
#11399=CARTESIAN_POINT('Ctrl Pts',(35.1554196158652,-26.099999999882,8.73402219156787));
#11400=CARTESIAN_POINT('Ctrl Pts',(35.3441072251443,-26.1070738842607,8.52195549810128));
#11401=CARTESIAN_POINT('Ctrl Pts',(35.5580040811912,-26.1306182382387,8.33939883586481));
#11402=CARTESIAN_POINT('Ctrl Pts',(34.9110767122413,-25.099999999882,7.57746215687935));
#11403=CARTESIAN_POINT('Ctrl Pts',(34.9407178081332,-25.099999999882,7.55229518866924));
#11404=CARTESIAN_POINT('Ctrl Pts',(34.9703589040251,-25.099999999882,7.52712822045913));
#11405=CARTESIAN_POINT('Ctrl Pts',(34.999999999917,-25.099999999882,7.50196125224902));
#11406=CARTESIAN_POINT('Ctrl Pts',(35.1267191685579,-25.4435394126676,7.83144104987451));
#11407=CARTESIAN_POINT('Ctrl Pts',(35.156338748938,-25.4446246097736,7.80624874117261));
#11408=CARTESIAN_POINT('Ctrl Pts',(35.1859531967357,-25.4457965709653,7.78105038742939));
#11409=CARTESIAN_POINT('Ctrl Pts',(35.2155607265227,-25.4470553095356,7.75584388580678));
#11410=CARTESIAN_POINT('Ctrl Pts',(35.3423616248746,-25.7870788254531,8.08541994286966));
#11411=CARTESIAN_POINT('Ctrl Pts',(35.3719596897427,-25.7892492196651,8.06020229367598));
#11412=CARTESIAN_POINT('Ctrl Pts',(35.4015474894463,-25.7915931420486,8.03497255439965));
#11413=CARTESIAN_POINT('Ctrl Pts',(35.4311214531283,-25.7941106191892,8.00972651936453));
#11414=CARTESIAN_POINT('Ctrl Pts',(35.5580040811912,-26.1306182382387,8.33939883586482));
#11415=CARTESIAN_POINT('Ctrl Pts',(35.5875806305474,-26.1338738295567,8.31415584617936));
#11416=CARTESIAN_POINT('Ctrl Pts',(35.6171417821569,-26.1373897131319,8.28889472136991));
#11417=CARTESIAN_POINT('Ctrl Pts',(35.6466821797339,-26.1411659288428,8.26360915292229));
#11418=CARTESIAN_POINT('Ctrl Pts',(35.5580040811912,-26.1306182382387,8.33939883586482));
#11419=CARTESIAN_POINT('Ctrl Pts',(35.5875806305474,-26.1338738295567,8.31415584617936));
#11420=CARTESIAN_POINT('Ctrl Pts',(35.6171417821569,-26.1373897131319,8.28889472136991));
#11421=CARTESIAN_POINT('Ctrl Pts',(35.6466821797339,-26.1411659288428,8.26360915292229));
#11422=CARTESIAN_POINT('Ctrl Pts',(36.2946150302483,-36.132947589634,9.45036710578494));
#11423=CARTESIAN_POINT('Ctrl Pts',(36.3366993450563,-36.1219028774208,9.40076623818861));
#11424=CARTESIAN_POINT('Ctrl Pts',(36.3800123352486,-36.1099595048892,9.35249136929289));
#11425=CARTESIAN_POINT('Ctrl Pts',(36.4243940725007,-36.0970502881666,9.30561313593789));
#11426=CARTESIAN_POINT('Ctrl Pts',(36.1056040529385,-36.5063032684129,9.24994273480944));
#11427=CARTESIAN_POINT('Ctrl Pts',(36.1549297061981,-36.4964546403488,9.19522196056463));
#11428=CARTESIAN_POINT('Ctrl Pts',(36.2050741085922,-36.4857409974208,9.14132081538486));
#11429=CARTESIAN_POINT('Ctrl Pts',(36.2559786256202,-36.4740623183274,9.0882254587014));
#11430=CARTESIAN_POINT('Ctrl Pts',(35.9165930756287,-36.8796589471918,9.04951836383393));
#11431=CARTESIAN_POINT('Ctrl Pts',(35.9731600673399,-36.8710064032769,8.98967768294065));
#11432=CARTESIAN_POINT('Ctrl Pts',(36.0301358819357,-36.8615224899525,8.93015026147683));
#11433=CARTESIAN_POINT('Ctrl Pts',(36.0875631787398,-36.8510743484882,8.8708377814649));
#11434=CARTESIAN_POINT('Ctrl Pts',(35.7275820983188,-37.2530146259707,8.84909399285842));
#11435=CARTESIAN_POINT('Ctrl Pts',(35.7913904284817,-37.2455581662049,8.78413340531667));
#11436=CARTESIAN_POINT('Ctrl Pts',(35.8551976552792,-37.2373039824842,8.7189797075688));
#11437=CARTESIAN_POINT('Ctrl Pts',(35.9191477318594,-37.228086378649,8.65345010422841));
#11438=CARTESIAN_POINT('Ctrl Pts',(36.4243940725007,-36.0970502881666,9.30561313593789));
#11439=CARTESIAN_POINT('Ctrl Pts',(36.3800123352486,-36.1099595048892,9.35249136929289));
#11440=CARTESIAN_POINT('Ctrl Pts',(36.3366993450563,-36.1219028774208,9.40076623818861));
#11441=CARTESIAN_POINT('Ctrl Pts',(36.2946150302483,-36.132947589634,9.45036710578494));
#11442=CARTESIAN_POINT('Ctrl Pts',(35.4996988653631,-36.2754606729512,17.7499999999997));
#11443=CARTESIAN_POINT('Ctrl Pts',(35.4996988653631,-36.2754606729512,15.7760309489227));
#11444=CARTESIAN_POINT('Ctrl Pts',(35.4996988653631,-36.2754606729512,13.8020618978456));
#11445=CARTESIAN_POINT('Ctrl Pts',(35.4996988653631,-36.2754606729512,11.8280928467686));
#11446=CARTESIAN_POINT('Ctrl Pts',(35.166465910237,-36.6169737818939,17.7499999999997));
#11447=CARTESIAN_POINT('Ctrl Pts',(35.166465910237,-36.6169737818939,15.7760309489227));
#11448=CARTESIAN_POINT('Ctrl Pts',(35.166465910237,-36.6169737818939,13.8020618978456));
#11449=CARTESIAN_POINT('Ctrl Pts',(35.166465910237,-36.6169737818939,11.8280928467686));
#11450=CARTESIAN_POINT('Ctrl Pts',(34.8332329551108,-36.9584868908366,17.7499999999997));
#11451=CARTESIAN_POINT('Ctrl Pts',(34.8332329551108,-36.9584868908366,15.7760309489227));
#11452=CARTESIAN_POINT('Ctrl Pts',(34.8332329551108,-36.9584868908366,13.8020618978456));
#11453=CARTESIAN_POINT('Ctrl Pts',(34.8332329551108,-36.9584868908366,11.8280928467686));
#11454=CARTESIAN_POINT('Ctrl Pts',(34.4999999999847,-37.2999999997794,17.7499999999997));
#11455=CARTESIAN_POINT('Ctrl Pts',(34.4999999999847,-37.2999999997794,15.7760309489227));
#11456=CARTESIAN_POINT('Ctrl Pts',(34.4999999999847,-37.2999999997794,13.8020618978456));
#11457=CARTESIAN_POINT('Ctrl Pts',(34.4999999999847,-37.2999999997794,11.8280928467686));
#11458=CARTESIAN_POINT('Ctrl Pts',(34.4999999999847,-37.2999999997794,17.7499999999997));
#11459=CARTESIAN_POINT('Ctrl Pts',(34.4999999999847,-37.2999999997794,15.7760309489227));
#11460=CARTESIAN_POINT('Ctrl Pts',(34.4999999999847,-37.2999999997794,13.8020618978456));
#11461=CARTESIAN_POINT('Ctrl Pts',(34.4999999999847,-37.2999999997794,11.8280928467686));
#11462=CARTESIAN_POINT('Ctrl Pts',(35.4996988653631,-36.2754606729512,11.8280928467686));
#11463=CARTESIAN_POINT('Ctrl Pts',(35.4996988653631,-36.2754606729512,13.8020618978456));
#11464=CARTESIAN_POINT('Ctrl Pts',(35.4996988653631,-36.2754606729512,15.7760309489227));
#11465=CARTESIAN_POINT('Ctrl Pts',(35.4996988653631,-36.2754606729512,17.7499999999997));
#11466=CARTESIAN_POINT('Origin',(34.999999999917,-31.199999999882,17.7499999999997));
#11467=CARTESIAN_POINT('',(34.999999999917,-26.099999999882,17.7499999999997));
#11468=CARTESIAN_POINT('Origin',(34.999999999917,-26.099999999882,17.7499999999997));
#11469=CARTESIAN_POINT('Origin',(132.500000000021,-23.0999999998834,11.7499999999879));
#11470=CARTESIAN_POINT('',(31.5643867219269,-23.0999999998857,9.74999999998793));
#11471=CARTESIAN_POINT('',(132.500000000021,-23.0999999998834,9.74999999998793));
#11472=CARTESIAN_POINT('',(31.4999999999851,-24.7547080952703,10.6266384735553));
#11473=CARTESIAN_POINT('Ctrl Pts',(31.4999999999851,-24.7547080952703,10.6266384735553));
#11474=CARTESIAN_POINT('Ctrl Pts',(31.4999999999851,-24.6835944182532,10.5218882446363));
#11475=CARTESIAN_POINT('Ctrl Pts',(31.5027606648266,-24.6033556508325,10.4254017327899));
#11476=CARTESIAN_POINT('Ctrl Pts',(31.5154310507342,-24.3402198936797,10.1608385014678));
#11477=CARTESIAN_POINT('Ctrl Pts',(31.5312823697456,-24.1149985958389,10.0060616047295));
#11478=CARTESIAN_POINT('Ctrl Pts',(31.5562285177168,-23.6210640451709,9.80063207675717));
#11479=CARTESIAN_POINT('Ctrl Pts',(31.5643867219269,-23.3522953852378,9.74999999998793));
#11480=CARTESIAN_POINT('Ctrl Pts',(31.5643867219269,-23.0999999998858,9.74999999998793));
#11481=CARTESIAN_POINT('',(31.4999999999851,-25.0999999998857,11.7499999999904));
#11482=CARTESIAN_POINT('Origin',(31.4999999999849,-23.0999999998857,11.7499999999879));
#11483=CARTESIAN_POINT('',(132.500000000022,-25.0999999998834,11.7499999999904));
#11484=CARTESIAN_POINT('Origin',(33.4999999999849,-23.0999999998857,11.7499999999879));
#11485=CARTESIAN_POINT('Origin',(132.500000000021,-15.0999999999163,11.7499999999879));
#11486=CARTESIAN_POINT('',(31.4999999999855,-13.0999999999187,11.7499999999879));
#11487=CARTESIAN_POINT('',(132.500000000021,-13.0999999999163,11.7499999999879));
#11488=CARTESIAN_POINT('',(31.4999999999855,-13.4452919045342,10.6266384735553));
#11489=CARTESIAN_POINT('Origin',(31.4999999999847,-15.0999999999187,11.7499999999879));
#11490=CARTESIAN_POINT('',(31.5643867219272,-15.0999999999212,9.74999999998795));
#11491=CARTESIAN_POINT('Ctrl Pts',(31.5643867219272,-15.0999999999187,9.74999999998795));
#11492=CARTESIAN_POINT('Ctrl Pts',(31.5643867219272,-14.8477046145667,9.74999999998795));
#11493=CARTESIAN_POINT('Ctrl Pts',(31.5562285177171,-14.5789359546336,9.80063207675718));
#11494=CARTESIAN_POINT('Ctrl Pts',(31.531282369746,-14.0850014039656,10.0060616047295));
#11495=CARTESIAN_POINT('Ctrl Pts',(31.5154310507345,-13.8597801061248,10.1608385014678));
#11496=CARTESIAN_POINT('Ctrl Pts',(31.5027606648269,-13.596644348972,10.42540173279));
#11497=CARTESIAN_POINT('Ctrl Pts',(31.4999999999855,-13.5164055815512,10.5218882446364));
#11498=CARTESIAN_POINT('Ctrl Pts',(31.4999999999855,-13.4452919045342,10.6266384735553));
#11499=CARTESIAN_POINT('',(132.500000000021,-15.0999999999188,9.74999999998795));
#11500=CARTESIAN_POINT('Origin',(132.500000000021,-15.0999999999188,9.74999999998795));
#11501=CARTESIAN_POINT('',(31.5643867219273,-11.5250000000245,9.74999999998796));
#11502=CARTESIAN_POINT('Origin',(132.500000000021,-13.0999999999163,17.7499999999997));
#11503=CARTESIAN_POINT('',(31.4999999999855,-13.0999999999187,17.7499999999997));
#11504=CARTESIAN_POINT('Origin',(132.500000000022,-25.0999999998834,11.7499999999904));
#11505=CARTESIAN_POINT('',(31.4999999999851,-25.099999999882,14.7499999999932));
#11506=CARTESIAN_POINT('Origin',(132.500000000021,15.0999999999232,11.7499999999869));
#11507=CARTESIAN_POINT('',(31.5643867219284,15.0999999999233,9.74999999998687));
#11508=CARTESIAN_POINT('',(132.500000000021,15.0999999999257,9.74999999998687));
#11509=CARTESIAN_POINT('',(31.4999999999864,13.4452919045358,10.6266384735554));
#11510=CARTESIAN_POINT('Ctrl Pts',(31.4999999999864,13.4452919045358,10.6266384735554));
#11511=CARTESIAN_POINT('Ctrl Pts',(31.4999999999864,13.5164055815529,10.521888244636));
#11512=CARTESIAN_POINT('Ctrl Pts',(31.5027606648279,13.596644348974,10.4254017327892));
#11513=CARTESIAN_POINT('Ctrl Pts',(31.5154310507355,13.859780106127,10.1608385014668));
#11514=CARTESIAN_POINT('Ctrl Pts',(31.531282369747,14.0850014039678,10.0060616047285));
#11515=CARTESIAN_POINT('Ctrl Pts',(31.5562285177183,14.5789359546358,9.80063207675621));
#11516=CARTESIAN_POINT('Ctrl Pts',(31.5643867219283,14.8477046145689,9.74999999998697));
#11517=CARTESIAN_POINT('Ctrl Pts',(31.5643867219283,15.0999999999209,9.74999999998697));
#11518=CARTESIAN_POINT('',(31.4999999999864,13.099999999921,11.749999999987));
#11519=CARTESIAN_POINT('Origin',(31.4999999999875,15.0999999999209,11.7499999999869));
#11520=CARTESIAN_POINT('',(132.500000000021,13.0999999999233,11.749999999987));
#11521=CARTESIAN_POINT('Origin',(132.50000000002,23.0999999998904,11.7499999999863));
#11522=CARTESIAN_POINT('',(31.4999999999868,25.099999999888,11.7499999999887));
#11523=CARTESIAN_POINT('',(132.50000000002,25.0999999998904,11.7499999999887));
#11524=CARTESIAN_POINT('',(31.4999999999868,24.7547080952737,10.6266384735554));
#11525=CARTESIAN_POINT('Origin',(31.4999999999874,23.099999999888,11.7499999999863));
#11526=CARTESIAN_POINT('',(31.5643867219287,23.0999999998879,9.74999999998633));
#11527=CARTESIAN_POINT('Ctrl Pts',(31.5643867219287,23.0999999998881,9.74999999998633));
#11528=CARTESIAN_POINT('Ctrl Pts',(31.5643867219287,23.3522953852401,9.74999999998633));
#11529=CARTESIAN_POINT('Ctrl Pts',(31.5562285177187,23.6210640451732,9.80063207675556));
#11530=CARTESIAN_POINT('Ctrl Pts',(31.5312823697474,24.1149985958412,10.0060616047279));
#11531=CARTESIAN_POINT('Ctrl Pts',(31.5154310507359,24.340219893682,10.1608385014662));
#11532=CARTESIAN_POINT('Ctrl Pts',(31.5027606648282,24.6033556508352,10.4254017327888));
#11533=CARTESIAN_POINT('Ctrl Pts',(31.4999999999868,24.6835944182564,10.5218882446357));
#11534=CARTESIAN_POINT('Ctrl Pts',(31.4999999999868,24.7547080952737,10.6266384735554));
#11535=CARTESIAN_POINT('',(132.50000000002,23.0999999998903,9.74999999998633));
#11536=CARTESIAN_POINT('Origin',(132.50000000002,23.0999999998903,9.74999999998633));
#11537=CARTESIAN_POINT('',(31.564386721928,7.57499999991284,9.74999999998738));
#11538=CARTESIAN_POINT('Origin',(132.50000000002,25.0999999998834,17.749999999998));
#11539=CARTESIAN_POINT('',(31.4999999999868,25.099999999881,17.7499999999935));
#11540=CARTESIAN_POINT('Origin',(132.500000000021,13.0999999999233,11.749999999987));
#11541=CARTESIAN_POINT('',(31.4999999999864,13.0999999999212,14.7499999999941));
#11542=CARTESIAN_POINT('Origin',(37.4999999999856,-11.5250000000247,10.6266384735553));
#11543=CARTESIAN_POINT('',(31.4999999999848,-10.1000000000072,10.6266384735553));
#11544=CARTESIAN_POINT('',(31.4999999999856,-11.5250000000245,10.6266384735553));
#11545=CARTESIAN_POINT('Origin',(37.4999999999856,-10.1000000000074,10.6266384735553));
#11546=CARTESIAN_POINT('',(31.5000000000183,-28.099999999882,10.6266384735553));
#11547=CARTESIAN_POINT('Origin',(37.499999999985,-28.0999999998821,10.6266384735553));
#11548=CARTESIAN_POINT('',(31.4999999999856,-11.5250000000245,10.6266384735553));
#11549=CARTESIAN_POINT('Origin',(33.499999999985,-28.099999999882,17.7499999999997));
#11550=CARTESIAN_POINT('Origin',(31.499999999985,-28.099999999882,17.7499999999997));
#11551=CARTESIAN_POINT('',(31.4999999999848,-10.1000000000072,17.7499999999997));
#11552=CARTESIAN_POINT('Origin',(37.4999999999862,7.57499999991264,10.6266384735554));
#11553=CARTESIAN_POINT('',(31.4999999999155,28.0999999995175,10.6266384735554));
#11554=CARTESIAN_POINT('',(31.4999999999862,7.57499999991284,10.6266384735554));
#11555=CARTESIAN_POINT('Origin',(37.4999999999869,28.0999999995173,10.6266384735554));
#11556=CARTESIAN_POINT('',(31.4999999999854,10.0999999999928,10.6266384735554));
#11557=CARTESIAN_POINT('Origin',(37.4999999999863,10.0999999999927,10.6266384735554));
#11558=CARTESIAN_POINT('',(31.4999999999862,7.57499999991284,10.6266384735554));
#11559=CARTESIAN_POINT('Origin',(31.4999999999871,34.2999999995199,17.7499999999997));
#11560=CARTESIAN_POINT('',(31.4999999999873,41.2575755375668,15.3524986918513));
#11561=CARTESIAN_POINT('',(31.4999999999873,41.2575755375668,17.7499999999997));
#11562=CARTESIAN_POINT('',(31.4999999999873,40.1779986157328,13.5183377216588));
#11563=CARTESIAN_POINT('',(31.4999999999873,40.7177870766498,14.4354182067551));
#11564=CARTESIAN_POINT('',(31.4999999998927,34.2999999995199,12.0873668824079));
#11565=CARTESIAN_POINT('',(31.4999999999871,35.1661966079106,12.2982383317897));
#11566=CARTESIAN_POINT('',(31.4999999998927,34.2999999995199,12.7499999999997));
#11567=CARTESIAN_POINT('',(31.4999999998927,34.2999999995199,17.7499999999997));
#11568=CARTESIAN_POINT('',(31.4999999999155,28.0999999995175,12.7499999999997));
#11569=CARTESIAN_POINT('',(31.4999999999874,42.989626345134,12.7499999999997));
#11570=CARTESIAN_POINT('',(31.4999999999155,28.0999999995175,17.7499999999997));
#11571=CARTESIAN_POINT('Origin',(132.500000000021,-23.0999999998834,11.7499999999879));
#11572=CARTESIAN_POINT('',(132.435613278059,-23.0999999998834,9.74999999998793));
#11573=CARTESIAN_POINT('',(132.499999999999,-24.7547080952679,10.6266384735554));
#11574=CARTESIAN_POINT('Ctrl Pts',(132.435613278059,-23.0999999998834,9.74999999998793));
#11575=CARTESIAN_POINT('Ctrl Pts',(132.435613278059,-23.3522953852354,9.74999999998793));
#11576=CARTESIAN_POINT('Ctrl Pts',(132.443771482269,-23.6210640451685,9.80063207675716));
#11577=CARTESIAN_POINT('Ctrl Pts',(132.468717630239,-24.1149985958365,10.0060616047295));
#11578=CARTESIAN_POINT('Ctrl Pts',(132.484568949251,-24.3402198936773,10.1608385014678));
#11579=CARTESIAN_POINT('Ctrl Pts',(132.497239335158,-24.6033556508291,10.4254017327889));
#11580=CARTESIAN_POINT('Ctrl Pts',(132.499999999999,-24.6835944182517,10.5218882446376));
#11581=CARTESIAN_POINT('Ctrl Pts',(132.499999999999,-24.7547080952679,10.6266384735553));
#11582=CARTESIAN_POINT('',(132.500000000021,-23.0999999998834,9.74999999998793));
#11583=CARTESIAN_POINT('',(132.500000000022,-25.0999999998834,11.7499999999904));
#11584=CARTESIAN_POINT('',(132.500000000022,-25.0999999998834,11.7499999999904));
#11585=CARTESIAN_POINT('Origin',(132.499999999991,-23.0999999998834,11.7499999999879));
#11586=CARTESIAN_POINT('Origin',(132.500000000021,-13.0999999999163,17.7499999999997));
#11587=CARTESIAN_POINT('',(132.500000000021,-13.0999999999163,11.7499999999879));
#11588=CARTESIAN_POINT('',(132.500000000021,-13.0999999999163,11.7499999999879));
#11589=CARTESIAN_POINT('',(132.500000000009,-13.0999999999163,17.7499999999997));
#11590=CARTESIAN_POINT('Origin',(132.500000000021,-15.0999999999188,9.74999999998795));
#11591=CARTESIAN_POINT('',(132.435613278066,-15.0999999999188,9.74999999998795));
#11592=CARTESIAN_POINT('',(132.435613278084,5.69740658609525,9.74999999998799));
#11593=CARTESIAN_POINT('',(132.500000000021,-15.0999999999188,9.74999999998795));
#11594=CARTESIAN_POINT('Origin',(132.500000000021,-15.0999999999163,11.7499999999879));
#11595=CARTESIAN_POINT('',(132.500000000009,-13.4452919045318,10.6266384735554));
#11596=CARTESIAN_POINT('Ctrl Pts',(132.500000000009,-13.4452919045318,10.6266384735554));
#11597=CARTESIAN_POINT('Ctrl Pts',(132.500000000009,-13.5164055815448,10.5218882446423));
#11598=CARTESIAN_POINT('Ctrl Pts',(132.497239335173,-13.596644348861,10.4254017328992));
#11599=CARTESIAN_POINT('Ctrl Pts',(132.48456894926,-13.8597801061224,10.1608385014678));
#11600=CARTESIAN_POINT('Ctrl Pts',(132.468717630248,-14.0850014039632,10.0060616047295));
#11601=CARTESIAN_POINT('Ctrl Pts',(132.443771482276,-14.5789359546312,9.80063207675719));
#11602=CARTESIAN_POINT('Ctrl Pts',(132.435613278066,-14.8477046145643,9.74999999998795));
#11603=CARTESIAN_POINT('Ctrl Pts',(132.435613278066,-15.0999999999163,9.74999999998795));
#11604=CARTESIAN_POINT('Origin',(132.49999999999,-15.0999999999163,11.7499999999879));
#11605=CARTESIAN_POINT('Origin',(132.500000000022,-25.0999999998834,11.7499999999904));
#11606=CARTESIAN_POINT('',(132.499999999999,-25.0999999998797,14.7499999999894));
#11607=CARTESIAN_POINT('Origin',(132.500000000021,15.0999999999232,11.7499999999869));
#11608=CARTESIAN_POINT('',(132.435613278092,15.0999999999257,9.74999999998687));
#11609=CARTESIAN_POINT('',(132.500000000021,13.4452919045406,10.6266384735517));
#11610=CARTESIAN_POINT('Ctrl Pts',(132.435613278092,15.0999999999232,9.74999999998698));
#11611=CARTESIAN_POINT('Ctrl Pts',(132.435613278092,14.848611956029,9.74999999998698));
#11612=CARTESIAN_POINT('Ctrl Pts',(132.44370962871,14.5807452837823,9.80027187927053));
#11613=CARTESIAN_POINT('Ctrl Pts',(132.468527531043,14.0881866381322,10.0043485000504));
#11614=CARTESIAN_POINT('Ctrl Pts',(132.48432432303,13.8634400478453,10.1581328273188));
#11615=CARTESIAN_POINT('Ctrl Pts',(132.497158173186,13.5990012094334,10.4225716657307));
#11616=CARTESIAN_POINT('Ctrl Pts',(132.500000000033,13.5174386515064,10.5203665357556));
#11617=CARTESIAN_POINT('Ctrl Pts',(132.500000000033,13.4452919045406,10.6266384735517));
#11618=CARTESIAN_POINT('',(132.500000000021,15.0999999999257,9.74999999998687));
#11619=CARTESIAN_POINT('',(132.500000000021,13.0999999999233,11.749999999987));
#11620=CARTESIAN_POINT('',(132.500000000021,13.0999999999233,11.749999999987));
#11621=CARTESIAN_POINT('Origin',(132.500000000046,15.0999999999232,11.7499999999869));
#11622=CARTESIAN_POINT('Origin',(132.50000000002,25.0999999998834,17.749999999998));
#11623=CARTESIAN_POINT('',(132.50000000002,25.0999999998904,11.7499999999887));
#11624=CARTESIAN_POINT('',(132.50000000002,25.0999999998904,11.7499999999887));
#11625=CARTESIAN_POINT('',(132.500000000043,25.0999999998834,17.7499999999971));
#11626=CARTESIAN_POINT('Origin',(132.50000000002,23.0999999998903,9.74999999998633));
#11627=CARTESIAN_POINT('',(132.435613278099,23.0999999998903,9.74999999998633));
#11628=CARTESIAN_POINT('',(132.435613278101,24.797406585854,9.74999999998621));
#11629=CARTESIAN_POINT('',(132.50000000002,23.0999999998903,9.74999999998633));
#11630=CARTESIAN_POINT('Origin',(132.50000000002,23.0999999998904,11.7499999999863));
#11631=CARTESIAN_POINT('',(132.50000000002,24.7547080952785,10.6266384735591));
#11632=CARTESIAN_POINT('Ctrl Pts',(132.500000000043,24.7547080952785,10.6266384735591));
#11633=CARTESIAN_POINT('Ctrl Pts',(132.500000000043,24.6835944182655,10.5218882446453));
#11634=CARTESIAN_POINT('Ctrl Pts',(132.497239335206,24.6033556509462,10.425401732898));
#11635=CARTESIAN_POINT('Ctrl Pts',(132.484568949293,24.3402198936844,10.1608385014662));
#11636=CARTESIAN_POINT('Ctrl Pts',(132.468717630282,24.1149985958435,10.0060616047279));
#11637=CARTESIAN_POINT('Ctrl Pts',(132.44377148231,23.6210640451756,9.80063207675557));
#11638=CARTESIAN_POINT('Ctrl Pts',(132.435613278099,23.3522953852424,9.74999999998633));
#11639=CARTESIAN_POINT('Ctrl Pts',(132.435613278099,23.0999999998904,9.74999999998633));
#11640=CARTESIAN_POINT('Origin',(132.500000000046,23.0999999998904,11.7499999999863));
#11641=CARTESIAN_POINT('Origin',(130.500000000046,23.0999999998904,11.7499999999863));
#11642=CARTESIAN_POINT('Origin',(132.500000000021,13.0999999999233,11.749999999987));
#11643=CARTESIAN_POINT('',(132.500000000032,13.0999999999236,14.7499999999939));
#11644=CARTESIAN_POINT('Origin',(132.499999999991,-34.2999999998858,17.7499999999997));
#11645=CARTESIAN_POINT('',(132.500000000016,-10.1000000000074,10.6266384735554));
#11646=CARTESIAN_POINT('',(132.500000000026,5.69740658609519,10.6266384735554));
#11647=CARTESIAN_POINT('',(132.500000000016,-10.1000000000074,17.7499999999997));
#11648=CARTESIAN_POINT('Origin',(132.499999999991,-34.2999999998858,17.7499999999997));
#11649=CARTESIAN_POINT('',(132.499999999985,-41.2575755371143,15.3524986918356));
#11650=CARTESIAN_POINT('',(132.499999999985,-41.2575755371143,17.7499999999997));
#11651=CARTESIAN_POINT('',(132.499999999986,-40.1779986152778,13.5183377216448));
#11652=CARTESIAN_POINT('',(132.499999999985,-40.717787076196,14.4354182067402));
#11653=CARTESIAN_POINT('',(132.499999999983,-34.2999999998858,12.0873668826176));
#11654=CARTESIAN_POINT('',(132.499999999991,-34.5135610116322,12.1393572963891));
#11655=CARTESIAN_POINT('',(132.499999999983,-34.2999999998858,12.7499999999997));
#11656=CARTESIAN_POINT('',(132.499999999983,-34.2999999998858,17.7499999999997));
#11657=CARTESIAN_POINT('',(132.499999999983,-28.099999999882,12.7499999999997));
#11658=CARTESIAN_POINT('',(132.499999999983,-42.9896263446236,12.7499999999997));
#11659=CARTESIAN_POINT('',(132.499999999983,-28.099999999882,10.6266384735554));
#11660=CARTESIAN_POINT('',(132.499999999983,-28.099999999882,17.7499999999997));
#11661=CARTESIAN_POINT('',(132.500000000026,5.69740658609519,10.6266384735554));
#11662=CARTESIAN_POINT('Origin',(132.500000000046,28.0999999995101,17.7499999999997));
#11663=CARTESIAN_POINT('',(132.500000000086,28.0999999995101,10.6266384735554));
#11664=CARTESIAN_POINT('',(132.500000000043,24.7974065858539,10.6266384735554));
#11665=CARTESIAN_POINT('',(132.500000000086,28.0999999995101,12.7499999999997));
#11666=CARTESIAN_POINT('',(132.500000000086,28.0999999995101,17.7499999999997));
#11667=CARTESIAN_POINT('',(132.500000000108,34.299999999514,12.7499999999997));
#11668=CARTESIAN_POINT('',(132.499999999983,-42.9896263446236,12.7499999999997));
#11669=CARTESIAN_POINT('',(132.500000000108,34.299999999514,12.0873668824958));
#11670=CARTESIAN_POINT('',(132.500000000108,34.299999999514,17.7499999999997));
#11671=CARTESIAN_POINT('',(132.500000000056,40.1779986153605,13.5183377216606));
#11672=CARTESIAN_POINT('',(132.500000000057,41.1521767971542,13.7554967721134));
#11673=CARTESIAN_POINT('',(132.500000000057,41.2575755371942,15.3524986918533));
#11674=CARTESIAN_POINT('',(132.500000000057,40.7177870762774,14.4354182067569));
#11675=CARTESIAN_POINT('',(132.500000000057,41.2575755371942,17.7499999999997));
#11676=CARTESIAN_POINT('Origin',(132.500000000046,28.0999999995101,17.7499999999997));
#11677=CARTESIAN_POINT('',(132.500000000015,10.0999999999927,10.6266384735554));
#11678=CARTESIAN_POINT('',(132.500000000015,10.0999999999927,17.7499999999997));
#11679=CARTESIAN_POINT('',(132.500000000043,24.7974065858539,10.6266384735554));
#11680=CARTESIAN_POINT('Origin',(130.500000000046,28.0999999995119,17.7499999999997));
#11681=CARTESIAN_POINT('Origin',(34.9999999998028,31.199999999534,17.7499999999997));
#11682=CARTESIAN_POINT('',(33.2999999998028,31.199999999534,12.7499999999997));
#11683=CARTESIAN_POINT('Origin',(34.9999999998028,31.199999999534,12.7499999999997));
#11684=CARTESIAN_POINT('',(33.2999999998028,31.199999999534,17.7499999999997));
#11685=CARTESIAN_POINT('Origin',(34.7999999998478,31.1999999995239,12.7499999999997));
#11686=CARTESIAN_POINT('',(34.9999999998142,28.0999999995303,12.7499999999997));
#11687=CARTESIAN_POINT('',(33.1499999998873,28.0999999995235,12.7499999999997));
#11688=CARTESIAN_POINT('',(34.9999999997915,34.2999999995303,12.7499999999997));
#11689=CARTESIAN_POINT('',(34.899999999815,34.29999999953,12.7499999999997));
#11690=CARTESIAN_POINT('Origin',(34.9999999998028,31.1999999995303,12.7499999999997));
#11691=CARTESIAN_POINT('Origin',(129.000000000199,31.1999999995266,17.7499999999997));
#11692=CARTESIAN_POINT('',(127.300000000199,31.1999999995266,12.7499999999997));
#11693=CARTESIAN_POINT('Origin',(129.000000000199,31.1999999995266,12.7499999999997));
#11694=CARTESIAN_POINT('',(127.300000000199,31.1999999995266,17.7499999999997));
#11695=CARTESIAN_POINT('Origin',(129.200000000154,31.1999999995166,12.7499999999997));
#11696=CARTESIAN_POINT('',(129.00000000021,34.299999999523,12.7499999999997));
#11697=CARTESIAN_POINT('',(129.000000000187,28.099999999523,12.7499999999997));
#11698=CARTESIAN_POINT('Origin',(129.000000000199,31.199999999523,12.7499999999997));
#11699=CARTESIAN_POINT('',(130.850000000135,34.2999999995182,12.7499999999997));
#11700=CARTESIAN_POINT('',(129.100000000165,28.0999999995226,12.7499999999997));
#11701=CARTESIAN_POINT('Origin',(34.999999999917,-31.199999999882,17.7499999999997));
#11702=CARTESIAN_POINT('',(33.299999999917,-31.199999999882,12.7499999999997));
#11703=CARTESIAN_POINT('Origin',(34.999999999917,-31.199999999882,12.7499999999997));
#11704=CARTESIAN_POINT('',(33.299999999917,-31.199999999882,17.7499999999997));
#11705=CARTESIAN_POINT('Origin',(34.7999999999509,-31.1999999998832,12.7499999999997));
#11706=CARTESIAN_POINT('',(34.999999999917,-34.299999999882,12.7499999999997));
#11707=CARTESIAN_POINT('',(34.999999999917,-28.099999999882,12.7499999999997));
#11708=CARTESIAN_POINT('Origin',(34.999999999917,-31.199999999882,12.7499999999997));
#11709=CARTESIAN_POINT('',(31.5000000000182,-34.2999999998844,12.7499999999997));
#11710=CARTESIAN_POINT('',(33.1499999999856,-34.2999999998833,12.7499999999997));
#11711=CARTESIAN_POINT('',(31.5000000000183,-28.099999999882,12.7499999999997));
#11712=CARTESIAN_POINT('',(31.4999999999874,42.989626345134,12.7499999999997));
#11713=CARTESIAN_POINT('',(34.8999999999339,-28.099999999882,12.7499999999997));
#11714=CARTESIAN_POINT('Origin',(129.000000000084,-31.199999999882,17.7499999999997));
#11715=CARTESIAN_POINT('',(127.300000000084,-31.199999999882,12.7499999999997));
#11716=CARTESIAN_POINT('Origin',(129.000000000084,-31.199999999882,12.7499999999997));
#11717=CARTESIAN_POINT('',(127.300000000084,-31.199999999882,17.7499999999997));
#11718=CARTESIAN_POINT('Origin',(129.20000000004,-31.1999999998839,12.7499999999997));
#11719=CARTESIAN_POINT('',(129.000000000084,-28.099999999882,12.7499999999997));
#11720=CARTESIAN_POINT('',(130.850000000012,-28.099999999882,12.7499999999997));
#11721=CARTESIAN_POINT('',(129.000000000084,-34.299999999882,12.7499999999997));
#11722=CARTESIAN_POINT('',(129.100000000061,-34.2999999998821,12.7499999999997));
#11723=CARTESIAN_POINT('Origin',(129.000000000084,-31.199999999882,12.7499999999997));
#11724=CARTESIAN_POINT('Origin',(59.0648057700081,-55.4400727619412,17.7499999999997));
#11725=CARTESIAN_POINT('',(34.9999999999627,-41.5462506717992,17.7499999999997));
#11726=CARTESIAN_POINT('Origin',(35.4999999999846,-40.6802252680274,17.7499999999997));
#11727=CARTESIAN_POINT('',(34.4999999999846,-40.6802252680273,17.7499999999997));
#11728=CARTESIAN_POINT('Origin',(34.4999999999871,34.2999999995198,17.7499999999997));
#11729=CARTESIAN_POINT('',(34.4999999999858,-4.24433027643989,3.78084708613255));
#11730=CARTESIAN_POINT('Origin',(104.935194229697,55.4400727612437,17.7499999999997));
#11731=CARTESIAN_POINT('',(129.000000000055,41.5462506717916,17.7499999999997));
#11732=CARTESIAN_POINT('Origin',(38.4999999999858,-4.24433027644002,3.78084708613255));
#11733=CARTESIAN_POINT('Origin',(35.4999999999873,40.6802252683776,17.7499999999997));
#11734=CARTESIAN_POINT('',(34.4999999999873,40.6802252683777,17.7499999999997));
#11735=CARTESIAN_POINT('Origin',(38.4999999999871,35.3936332424156,11.3639969159425));
#11736=CARTESIAN_POINT('',(34.4999999999871,35.3936332424157,11.3639969159425));
#11737=CARTESIAN_POINT('Origin',(34.4999999999871,34.2999999995198,17.7499999999997));
#11738=CARTESIAN_POINT('Origin',(128.500000000057,40.6802252680063,17.7499999999997));
#11739=CARTESIAN_POINT('Origin',(128.499999999985,-40.680225267941,17.7499999999997));
#11740=CARTESIAN_POINT('Ctrl Pts',(31.6000016302167,42.0256962672229,14.4136041708714));
#11741=CARTESIAN_POINT('Ctrl Pts',(31.5986075869304,42.0204331320129,14.4202034500514));
#11742=CARTESIAN_POINT('Ctrl Pts',(31.5958777182189,42.0093512064406,14.4340475951044));
#11743=CARTESIAN_POINT('Ctrl Pts',(31.5786285083368,41.9457040160303,14.5140559039335));
#11744=CARTESIAN_POINT('Ctrl Pts',(31.5383416161773,41.7522276327999,14.7538742994157));
#11745=CARTESIAN_POINT('Ctrl Pts',(31.5108785062257,41.5393548589282,15.0116662609905));
#11746=CARTESIAN_POINT('Ctrl Pts',(31.4998084788176,41.3406183321662,15.2515718195696));
#11747=CARTESIAN_POINT('Ctrl Pts',(31.5002267651452,41.2744000672009,15.3319161728529));
#11748=CARTESIAN_POINT('Ctrl Pts',(31.4999999999873,41.2630094130715,15.3458500372087));
#11749=CARTESIAN_POINT('Ctrl Pts',(31.4999999999873,41.2575755375668,15.3524986918513));
#11750=CARTESIAN_POINT('Ctrl Pts',(31.5719728078204,41.5127796803845,13.9904259716217));
#11751=CARTESIAN_POINT('Ctrl Pts',(31.5711370450331,41.508529073955,13.9957117139329));
#11752=CARTESIAN_POINT('Ctrl Pts',(31.5696501748262,41.5005888488743,14.0055755781476));
#11753=CARTESIAN_POINT('Ctrl Pts',(31.5567464289232,41.4521142579031,14.0666818660673));
#11754=CARTESIAN_POINT('Ctrl Pts',(31.5229110219523,41.2903252772428,14.2675219999649));
#11755=CARTESIAN_POINT('Ctrl Pts',(31.5041814214077,41.1276502219347,14.4637753744779));
#11756=CARTESIAN_POINT('Ctrl Pts',(31.4978884415859,40.9608370166028,14.6646113120844));
#11757=CARTESIAN_POINT('Ctrl Pts',(31.5000204779191,40.9101621410088,14.7259100367537));
#11758=CARTESIAN_POINT('Ctrl Pts',(31.4999999999873,40.9020592528809,14.7358070498553));
#11759=CARTESIAN_POINT('Ctrl Pts',(31.4999999999873,40.8977165636221,14.7411117017872));
#11760=CARTESIAN_POINT('Ctrl Pts',(31.5439439854241,40.999863093546,13.5672477723721));
#11761=CARTESIAN_POINT('Ctrl Pts',(31.5435007951718,40.9966587106632,13.5711901133142));
#11762=CARTESIAN_POINT('Ctrl Pts',(31.5421544533951,40.9889339373134,13.5806652105467));
#11763=CARTESIAN_POINT('Ctrl Pts',(31.5348591155232,40.947340277608,13.6315025240072));
#11764=CARTESIAN_POINT('Ctrl Pts',(31.5215037820418,40.8365089183764,13.7666140663167));
#11765=CARTESIAN_POINT('Ctrl Pts',(31.5060805158319,40.7014936119359,13.9309721460326));
#11766=CARTESIAN_POINT('Ctrl Pts',(31.5019474927482,40.5906913006559,14.065570905913));
#11767=CARTESIAN_POINT('Ctrl Pts',(31.5004232536706,40.5489177699556,14.1162626176645));
#11768=CARTESIAN_POINT('Ctrl Pts',(31.4999999999873,40.5411090926902,14.1257640625018));
#11769=CARTESIAN_POINT('Ctrl Pts',(31.4999999999873,40.5378575896775,14.129724711723));
#11770=CARTESIAN_POINT('Ctrl Pts',(31.5159151630278,40.4869465067075,13.1440695731225));
#11771=CARTESIAN_POINT('Ctrl Pts',(31.5156930222213,40.4847903957502,13.146677390617));
#11772=CARTESIAN_POINT('Ctrl Pts',(31.5152586661458,40.4802645940876,13.1521526251131));
#11773=CARTESIAN_POINT('Ctrl Pts',(31.5124895992977,40.4539949146775,13.1839205580041));
#11774=CARTESIAN_POINT('Ctrl Pts',(31.5060459437222,40.3749804840661,13.2795575800171));
#11775=CARTESIAN_POINT('Ctrl Pts',(31.5017225718472,40.2900496046871,13.3825086485762));
#11776=CARTESIAN_POINT('Ctrl Pts',(31.4999690898474,40.2110174722472,13.478325445894));
#11777=CARTESIAN_POINT('Ctrl Pts',(31.5000360439408,40.1846899752922,13.5102328156614));
#11778=CARTESIAN_POINT('Ctrl Pts',(31.4999999999873,40.1801589324996,13.5157210751484));
#11779=CARTESIAN_POINT('Ctrl Pts',(31.4999999999873,40.1779986157328,13.5183377216588));
#11780=CARTESIAN_POINT('',(31.6000016302167,42.0256962672231,14.4136041708712));
#11781=CARTESIAN_POINT('Ctrl Pts',(31.4999999999873,41.2575755375668,15.3524986918513));
#11782=CARTESIAN_POINT('Ctrl Pts',(31.4999999999873,41.2594199580906,15.3502419388087));
#11783=CARTESIAN_POINT('Ctrl Pts',(31.5000016170106,41.2612672109811,15.3479817667214));
#11784=CARTESIAN_POINT('Ctrl Pts',(31.5000053641222,41.263248700718,15.3455599088222));
#11785=CARTESIAN_POINT('Ctrl Pts',(31.5000092000977,41.2652771821278,15.3430806157762));
#11786=CARTESIAN_POINT('Ctrl Pts',(31.5000152658997,41.2674462592371,15.3404319790977));
#11787=CARTESIAN_POINT('Ctrl Pts',(31.5000251596224,41.2698620007354,15.3374863324322));
#11788=CARTESIAN_POINT('Ctrl Pts',(31.5000353189577,41.2723425966414,15.3344616052152));
#11789=CARTESIAN_POINT('Ctrl Pts',(31.5000495051295,41.2750831836295,15.3311238231796));
#11790=CARTESIAN_POINT('Ctrl Pts',(31.5000706453783,41.2781635766954,15.3273770123173));
#11791=CARTESIAN_POINT('Ctrl Pts',(31.5000924398621,41.2813392998061,15.3235142475361));
#11792=CARTESIAN_POINT('Ctrl Pts',(31.500121621519,41.2848760760105,15.3192168814954));
#11793=CARTESIAN_POINT('Ctrl Pts',(31.5001627714937,41.28882617826,15.3144221594505));
#11794=CARTESIAN_POINT('Ctrl Pts',(31.5002067782831,41.2930505142102,15.3092945664348));
#11795=CARTESIAN_POINT('Ctrl Pts',(31.5002644796031,41.2977476052399,15.3035981107801));
#11796=CARTESIAN_POINT('Ctrl Pts',(31.5003430379979,41.3029419391048,15.2973035270952));
#11797=CARTESIAN_POINT('Ctrl Pts',(31.5004247655588,41.3083458203607,15.290755010255));
#11798=CARTESIAN_POINT('Ctrl Pts',(31.5005291156191,41.3142876469713,15.2835594108208));
#11799=CARTESIAN_POINT('Ctrl Pts',(31.500665354866,41.3207553331882,15.275731438219));
#11800=CARTESIAN_POINT('Ctrl Pts',(31.5008105323592,41.3276473447983,15.2673898959355));
#11801=CARTESIAN_POINT('Ctrl Pts',(31.5009920184539,41.335136257654,15.2583305565414));
#11802=CARTESIAN_POINT('Ctrl Pts',(31.5012212196255,41.3431665794552,15.2486202223347));
#11803=CARTESIAN_POINT('Ctrl Pts',(31.5014724641931,41.3519692165225,15.2379759978638));
#11804=CARTESIAN_POINT('Ctrl Pts',(31.5017812332794,41.3614220664083,15.2265499595078));
#11805=CARTESIAN_POINT('Ctrl Pts',(31.5021604388109,41.3714085971123,15.2144820395348));
#11806=CARTESIAN_POINT('Ctrl Pts',(31.5026120986074,41.383303240124,15.200108319148));
#11807=CARTESIAN_POINT('Ctrl Pts',(31.5031641825956,41.3959542740722,15.1848248615961));
#11808=CARTESIAN_POINT('Ctrl Pts',(31.5038297040883,41.4091128530114,15.1689300076799));
#11809=CARTESIAN_POINT('Ctrl Pts',(31.5045823006165,41.4239930648995,15.1509555139829));
#11810=CARTESIAN_POINT('Ctrl Pts',(31.5054805057529,41.4395186153775,15.1322036089744));
#11811=CARTESIAN_POINT('Ctrl Pts',(31.5065232231323,41.4553046108702,15.113135244235));
#11812=CARTESIAN_POINT('Ctrl Pts',(31.5073567971971,41.4679243261364,15.097891521803));
#11813=CARTESIAN_POINT('Ctrl Pts',(31.5082821634187,41.4807089576891,15.0824473828567));
#11814=CARTESIAN_POINT('Ctrl Pts',(31.5092896041807,41.4934808753908,15.0670153617092));
#11815=CARTESIAN_POINT('Ctrl Pts',(31.5101720011664,41.5046675397651,15.0534987665333));
#11816=CARTESIAN_POINT('Ctrl Pts',(31.5111170994518,41.5158440560645,15.0399919483937));
#11817=CARTESIAN_POINT('Ctrl Pts',(31.5121153250444,41.5269176420383,15.0266056746951));
#11818=CARTESIAN_POINT('Ctrl Pts',(31.5130392078416,41.5371665233137,15.0142163429844));
#11819=CARTESIAN_POINT('Ctrl Pts',(31.5140084305313,41.547326989694,15.0019305754086));
#11820=CARTESIAN_POINT('Ctrl Pts',(31.5150154409567,41.557354093085,14.9898015777575));
#11821=CARTESIAN_POINT('Ctrl Pts',(31.515968345895,41.5668424519913,14.9783242569001));
#11822=CARTESIAN_POINT('Ctrl Pts',(31.5169549574874,41.5762112183763,14.9669875367704));
#11823=CARTESIAN_POINT('Ctrl Pts',(31.5179709785275,41.5854519093459,14.9558005324126));
#11824=CARTESIAN_POINT('Ctrl Pts',(31.5189441874284,41.5943032247694,14.9450849155244));
#11825=CARTESIAN_POINT('Ctrl Pts',(31.5199442736102,41.6030368954848,14.9345068400424));
#11826=CARTESIAN_POINT('Ctrl Pts',(31.5209711104743,41.6116756299792,14.9240374971492));
#11827=CARTESIAN_POINT('Ctrl Pts',(31.5219660363861,41.6200458990012,14.913893509444));
#11828=CARTESIAN_POINT('Ctrl Pts',(31.5229859801953,41.6283269102503,14.9038517735717));
#11829=CARTESIAN_POINT('Ctrl Pts',(31.524035782457,41.6365702287948,14.8938481758587));
#11830=CARTESIAN_POINT('Ctrl Pts',(31.5252359170932,41.6459939959776,14.8824120563726));
#11831=CARTESIAN_POINT('Ctrl Pts',(31.5264755165694,41.6553731908204,14.8710200481205));
#11832=CARTESIAN_POINT('Ctrl Pts',(31.5277692207494,41.6648152642029,14.8595387677428));
#11833=CARTESIAN_POINT('Ctrl Pts',(31.528921553245,41.6732255392504,14.8493121234496));
#11834=CARTESIAN_POINT('Ctrl Pts',(31.5301169228624,41.6816853824121,14.8390150266752));
#11835=CARTESIAN_POINT('Ctrl Pts',(31.5313630051528,41.6902352108662,14.8285966479833));
#11836=CARTESIAN_POINT('Ctrl Pts',(31.5326883649358,41.6993289913276,14.8175154375127));
#11837=CARTESIAN_POINT('Ctrl Pts',(31.5340711875095,41.7085245424192,14.8062970426175));
#11838=CARTESIAN_POINT('Ctrl Pts',(31.535516306809,41.7178324580791,14.7949270241399));
#11839=CARTESIAN_POINT('Ctrl Pts',(31.537037525985,41.7276305278967,14.7829582613209));
#11840=CARTESIAN_POINT('Ctrl Pts',(31.5386278705323,41.7375528965514,14.7708217226619));
#11841=CARTESIAN_POINT('Ctrl Pts',(31.5402867549802,41.7475729940189,14.758548676122));
#11842=CARTESIAN_POINT('Ctrl Pts',(31.5420629814291,41.7583018679701,14.7454074896465));
#11843=CARTESIAN_POINT('Ctrl Pts',(31.5439179078374,41.7691424866015,14.7321101316512));
#11844=CARTESIAN_POINT('Ctrl Pts',(31.5458420682709,41.7800225822293,14.71874449072));
#11845=CARTESIAN_POINT('Ctrl Pts',(31.547972794362,41.7920706959025,14.7039439993674));
#11846=CARTESIAN_POINT('Ctrl Pts',(31.5501885874545,41.804166720086,14.6890603244101));
#11847=CARTESIAN_POINT('Ctrl Pts',(31.5524636447988,41.8161714871059,14.6742649970964));
#11848=CARTESIAN_POINT('Ctrl Pts',(31.555452014167,41.8319401788819,14.6548308043505));
#11849=CARTESIAN_POINT('Ctrl Pts',(31.5585433918435,41.8475501413311,14.6355503231591));
#11850=CARTESIAN_POINT('Ctrl Pts',(31.5616483546653,41.8626289306102,14.6168885056172));
#11851=CARTESIAN_POINT('Ctrl Pts',(31.564309265065,41.8755512454683,14.6008955848571));
#11852=CARTESIAN_POINT('Ctrl Pts',(31.5669790375339,41.8880805291648,14.5853607803687));
#11853=CARTESIAN_POINT('Ctrl Pts',(31.5695886077517,41.8999843421883,14.5705783125138));
#11854=CARTESIAN_POINT('Ctrl Pts',(31.5718006614311,41.9100748441486,14.5580476619926));
#11855=CARTESIAN_POINT('Ctrl Pts',(31.5739689687275,41.9197152444742,14.5460585350684));
#11856=CARTESIAN_POINT('Ctrl Pts',(31.5760508875653,41.9287845869442,14.5347662308147));
#11857=CARTESIAN_POINT('Ctrl Pts',(31.57796001832,41.9371012226943,14.5244111271711));
#11858=CARTESIAN_POINT('Ctrl Pts',(31.579796256127,41.944937313508,14.5146424620294));
#11859=CARTESIAN_POINT('Ctrl Pts',(31.5815308201531,41.952224834952,14.5055492098701));
#11860=CARTESIAN_POINT('Ctrl Pts',(31.5831650032674,41.9590906204226,14.4969821930818));
#11861=CARTESIAN_POINT('Ctrl Pts',(31.5847087795133,41.9654692615661,14.4890150014541));
#11862=CARTESIAN_POINT('Ctrl Pts',(31.5861446855936,41.9713312428183,14.4816879456988));
#11863=CARTESIAN_POINT('Ctrl Pts',(31.5875166237356,41.9769320796547,14.4746873017167));
#11864=CARTESIAN_POINT('Ctrl Pts',(31.5887899824781,41.9820610885876,14.4682712730955));
#11865=CARTESIAN_POINT('Ctrl Pts',(31.5899576197623,41.9867211645126,14.4624389115192));
#11866=CARTESIAN_POINT('Ctrl Pts',(31.5910829371092,41.9912123402799,14.4568179385137));
#11867=CARTESIAN_POINT('Ctrl Pts',(31.5921099902003,41.9952678140098,14.4517392855591));
#11868=CARTESIAN_POINT('Ctrl Pts',(31.5930413125629,41.9989197151305,14.4471646194548));
#11869=CARTESIAN_POINT('Ctrl Pts',(31.5939316281837,42.0024108206208,14.4427913789358));
#11870=CARTESIAN_POINT('Ctrl Pts',(31.5947344408464,42.0055330603954,14.43887878708));
#11871=CARTESIAN_POINT('Ctrl Pts',(31.5954608336737,42.0083432988286,14.4353567153717));
#11872=CARTESIAN_POINT('Ctrl Pts',(31.5961716692957,42.0110933501912,14.4319100761163));
#11873=CARTESIAN_POINT('Ctrl Pts',(31.5968092937165,42.0135444919312,14.4288375719705));
#11874=CARTESIAN_POINT('Ctrl Pts',(31.5973931568596,42.0157796751366,14.426035731769));
#11875=CARTESIAN_POINT('Ctrl Pts',(31.5979599114131,42.0179493621163,14.4233159922016));
#11876=CARTESIAN_POINT('Ctrl Pts',(31.5984760020081,42.0199155016222,14.4208513604023));
#11877=CARTESIAN_POINT('Ctrl Pts',(31.5989680874256,42.0217835212324,14.4185096096874));
#11878=CARTESIAN_POINT('Ctrl Pts',(31.5993204763305,42.0231212348924,14.4168326508896));
#11879=CARTESIAN_POINT('Ctrl Pts',(31.5996607335893,42.0244092303998,14.4152179457359));
#11880=CARTESIAN_POINT('Ctrl Pts',(31.6000016302167,42.0256962672231,14.4136041708712));
#11881=CARTESIAN_POINT('',(31.5159151630278,40.4869465067074,13.1440695731226));
#11882=CARTESIAN_POINT('Ctrl Pts',(31.5159151630278,40.4869465067075,13.1440695731225));
#11883=CARTESIAN_POINT('Ctrl Pts',(31.5439439854241,40.999863093546,13.5672477723721));
#11884=CARTESIAN_POINT('Ctrl Pts',(31.5719728078204,41.5127796803845,13.9904259716217));
#11885=CARTESIAN_POINT('Ctrl Pts',(31.6000016302167,42.0256962672229,14.4136041708714));
#11886=CARTESIAN_POINT('Ctrl Pts',(31.5159151630278,40.4869465067074,13.1440695731226));
#11887=CARTESIAN_POINT('Ctrl Pts',(31.5158179764249,40.4860032081636,13.1452104932765));
#11888=CARTESIAN_POINT('Ctrl Pts',(31.5157208809697,40.4850568213296,13.1463551677424));
#11889=CARTESIAN_POINT('Ctrl Pts',(31.5156129952522,40.4839995650369,13.1476339386937));
#11890=CARTESIAN_POINT('Ctrl Pts',(31.5155026072472,40.4829177868783,13.1489423692934));
#11891=CARTESIAN_POINT('Ctrl Pts',(31.51538093781,40.4817201059204,13.1503909842417));
#11892=CARTESIAN_POINT('Ctrl Pts',(31.515240623505,40.4803283036813,13.1520744075507));
#11893=CARTESIAN_POINT('Ctrl Pts',(31.5150948941911,40.4788827890178,13.153822797523));
#11894=CARTESIAN_POINT('Ctrl Pts',(31.5149290628609,40.4772280151268,13.1558243066746));
#11895=CARTESIAN_POINT('Ctrl Pts',(31.5147392921411,40.4753138430018,13.1581396414144));
#11896=CARTESIAN_POINT('Ctrl Pts',(31.5145404804126,40.4733084763712,13.1605652827479));
#11897=CARTESIAN_POINT('Ctrl Pts',(31.5143154161986,40.4710185739129,13.1633351623056));
#11898=CARTESIAN_POINT('Ctrl Pts',(31.5140642115033,40.4684245882406,13.1664730370874));
#11899=CARTESIAN_POINT('Ctrl Pts',(31.5137973862883,40.4656693022217,13.1698060325654));
#11900=CARTESIAN_POINT('Ctrl Pts',(31.5135011161401,40.4625711631375,13.1735539435731));
#11901=CARTESIAN_POINT('Ctrl Pts',(31.513180000425,40.4591458192051,13.1776980093904));
#11902=CARTESIAN_POINT('Ctrl Pts',(31.5128301992682,40.4554144874332,13.1822122668646));
#11903=CARTESIAN_POINT('Ctrl Pts',(31.51245100911,40.4512952164636,13.1871962155615));
#11904=CARTESIAN_POINT('Ctrl Pts',(31.5120524243646,40.4468490822374,13.1925761900997));
#11905=CARTESIAN_POINT('Ctrl Pts',(31.5115833007794,40.4416161011646,13.1989082762444));
#11906=CARTESIAN_POINT('Ctrl Pts',(31.5110875290389,40.4359309395023,13.2057882314252));
#11907=CARTESIAN_POINT('Ctrl Pts',(31.5105843069359,40.4299410203231,13.2130379730382));
#11908=CARTESIAN_POINT('Ctrl Pts',(31.5099713445805,40.4226448484216,13.2218687033816));
#11909=CARTESIAN_POINT('Ctrl Pts',(31.5093480191026,40.4149001452755,13.2312437007086));
#11910=CARTESIAN_POINT('Ctrl Pts',(31.5087452207365,40.4070067752287,13.2408003182997));
#11911=CARTESIAN_POINT('Ctrl Pts',(31.5082970833412,40.4011386201509,13.2479049787567));
#11912=CARTESIAN_POINT('Ctrl Pts',(31.5078602004869,40.3951896554232,13.2551083661674));
#11913=CARTESIAN_POINT('Ctrl Pts',(31.5074429528692,40.3892675344118,13.2622801596026));
#11914=CARTESIAN_POINT('Ctrl Pts',(31.5070517832277,40.3837155459636,13.2690037159481));
#11915=CARTESIAN_POINT('Ctrl Pts',(31.5066778499198,40.3781879477964,13.2756985357727));
#11916=CARTESIAN_POINT('Ctrl Pts',(31.5063243149316,40.3727447117485,13.2822919469619));
#11917=CARTESIAN_POINT('Ctrl Pts',(31.5059928758801,40.3676416779536,13.2884732699518));
#11918=CARTESIAN_POINT('Ctrl Pts',(31.5056793199266,40.3626132178115,13.2945649444634));
#11919=CARTESIAN_POINT('Ctrl Pts',(31.5053833530492,40.3576744205461,13.3005486198385));
#11920=CARTESIAN_POINT('Ctrl Pts',(31.5051058841015,40.3530442981098,13.3061583155026));
#11921=CARTESIAN_POINT('Ctrl Pts',(31.504843829522,40.3484931743187,13.3116728543457));
#11922=CARTESIAN_POINT('Ctrl Pts',(31.5045949494189,40.3439981799153,13.3171198579452));
#11923=CARTESIAN_POINT('Ctrl Pts',(31.5043578613634,40.3397161603022,13.3223087801445));
#11924=CARTESIAN_POINT('Ctrl Pts',(31.5041326905332,40.335485204916,13.3274362595825));
#11925=CARTESIAN_POINT('Ctrl Pts',(31.503916198411,40.3312500294501,13.3325691908098));
#11926=CARTESIAN_POINT('Ctrl Pts',(31.5037011338372,40.3270427807163,13.3376682755065));
#11927=CARTESIAN_POINT('Ctrl Pts',(31.5034943458447,40.3228255192194,13.3427798234213));
#11928=CARTESIAN_POINT('Ctrl Pts',(31.5032939593448,40.3185512177636,13.3479607423994));
#11929=CARTESIAN_POINT('Ctrl Pts',(31.5030839716946,40.314072121022,13.3533898955729));
#11930=CARTESIAN_POINT('Ctrl Pts',(31.5028810699724,40.3095305685031,13.3588950085114));
#11931=CARTESIAN_POINT('Ctrl Pts',(31.5026855171487,40.3049109037895,13.3644949870535));
#11932=CARTESIAN_POINT('Ctrl Pts',(31.5024777202262,40.3000019891916,13.3704455956186));
#11933=CARTESIAN_POINT('Ctrl Pts',(31.5022782921635,40.2950051190203,13.3765030262111));
#11934=CARTESIAN_POINT('Ctrl Pts',(31.5020892121184,40.2899407291922,13.3826424423553));
#11935=CARTESIAN_POINT('Ctrl Pts',(31.5018830818368,40.2844196595242,13.3893354785162));
#11936=CARTESIAN_POINT('Ctrl Pts',(31.5016893499786,40.2788187190945,13.3961254994202));
#11937=CARTESIAN_POINT('Ctrl Pts',(31.5015111084504,40.2732049827325,13.4029311204123));
#11938=CARTESIAN_POINT('Ctrl Pts',(31.5012973798053,40.2664735757558,13.4110917110907));
#11939=CARTESIAN_POINT('Ctrl Pts',(31.5011061333769,40.2597244418318,13.4192739186531));
#11940=CARTESIAN_POINT('Ctrl Pts',(31.5009407444828,40.2531222749552,13.4272779602768));
#11941=CARTESIAN_POINT('Ctrl Pts',(31.5007384744457,40.2450478480304,13.4370668750986));
#11942=CARTESIAN_POINT('Ctrl Pts',(31.5005752429731,40.2371978243123,13.4465837452845));
#11943=CARTESIAN_POINT('Ctrl Pts',(31.5004489685387,40.2299005978187,13.4554302450868));
#11944=CARTESIAN_POINT('Ctrl Pts',(31.5003587389167,40.2246863516241,13.461751527285));
#11945=CARTESIAN_POINT('Ctrl Pts',(31.5002871270356,40.2197553593488,13.467729311364));
#11946=CARTESIAN_POINT('Ctrl Pts',(31.500230718181,40.2152077216646,13.4732421938818));
#11947=CARTESIAN_POINT('Ctrl Pts',(31.5001800019571,40.2111190194134,13.4781987310393));
#11948=CARTESIAN_POINT('Ctrl Pts',(31.5001415028417,40.2073406348474,13.4827789402705));
#11949=CARTESIAN_POINT('Ctrl Pts',(31.5001119408137,40.2039188512086,13.486926698634));
#11950=CARTESIAN_POINT('Ctrl Pts',(31.5000843176446,40.2007214891034,13.4908024215941));
#11951=CARTESIAN_POINT('Ctrl Pts',(31.5000644589974,40.1978357661795,13.4943002193477));
#11952=CARTESIAN_POINT('Ctrl Pts',(31.5000496926446,40.1952702104103,13.4974097602966));
#11953=CARTESIAN_POINT('Ctrl Pts',(31.5000359509147,40.1928826760676,13.5003035332149));
#11954=CARTESIAN_POINT('Ctrl Pts',(31.50002660452,40.1907725009743,13.5028609615117));
#11955=CARTESIAN_POINT('Ctrl Pts',(31.5000198580274,40.1889180357319,13.5051083078213));
#11956=CARTESIAN_POINT('Ctrl Pts',(31.5000133186341,40.1871204976204,13.5072866666005));
#11957=CARTESIAN_POINT('Ctrl Pts',(31.5000092183823,40.1855634041149,13.5091734547828));
#11958=CARTESIAN_POINT('Ctrl Pts',(31.5000063974735,40.184197043247,13.510828961296));
#11959=CARTESIAN_POINT('Ctrl Pts',(31.5000036931907,40.182887172435,13.5124160234782));
#11960=CARTESIAN_POINT('Ctrl Pts',(31.5000021687239,40.1817526642986,13.5137904417071));
#11961=CARTESIAN_POINT('Ctrl Pts',(31.5000012328896,40.1807199187176,13.515041466424));
#11962=CARTESIAN_POINT('Ctrl Pts',(31.5000003563356,40.1797525923444,13.5162132450541));
#11963=CARTESIAN_POINT('Ctrl Pts',(31.4999999999873,40.1788744628111,13.5172768669563));
#11964=CARTESIAN_POINT('Ctrl Pts',(31.4999999999873,40.1779986157328,13.5183377216588));
#11965=CARTESIAN_POINT('Ctrl Pts',(132.484084723208,40.4869476109673,13.1440682370748));
#11966=CARTESIAN_POINT('Ctrl Pts',(132.484306865606,40.4847914922839,13.1466760638872));
#11967=CARTESIAN_POINT('Ctrl Pts',(132.484741039769,40.4802654310344,13.1521516169481));
#11968=CARTESIAN_POINT('Ctrl Pts',(132.487509012032,40.4539951610904,13.1839202993445));
#11969=CARTESIAN_POINT('Ctrl Pts',(132.493952051414,40.3749793900721,13.2795589494204));
#11970=CARTESIAN_POINT('Ctrl Pts',(132.498274826622,40.2900481648653,13.3825104266908));
#11971=CARTESIAN_POINT('Ctrl Pts',(132.500029269517,40.2110174426753,13.4783254997595));
#11972=CARTESIAN_POINT('Ctrl Pts',(132.499963664153,40.1846899087494,13.510232899516));
#11973=CARTESIAN_POINT('Ctrl Pts',(132.500000000056,40.1801589398885,13.5157210657495));
#11974=CARTESIAN_POINT('Ctrl Pts',(132.500000000056,40.1779986153605,13.5183377216606));
#11975=CARTESIAN_POINT('Ctrl Pts',(132.456055844126,40.999864186835,13.5672464337436));
#11976=CARTESIAN_POINT('Ctrl Pts',(132.456499035662,40.9966597963241,13.5711887841305));
#11977=CARTESIAN_POINT('Ctrl Pts',(132.457598191479,40.9889307717209,13.5806805883368));
#11978=CARTESIAN_POINT('Ctrl Pts',(132.463493631957,40.9473588093936,13.6314270888904));
#11979=CARTESIAN_POINT('Ctrl Pts',(132.476292133817,40.8366454626507,13.7660499737376));
#11980=CARTESIAN_POINT('Ctrl Pts',(132.490243020196,40.7016113383378,13.9304843681316));
#11981=CARTESIAN_POINT('Ctrl Pts',(132.497689568977,40.5907542797695,14.0653121207118));
#11982=CARTESIAN_POINT('Ctrl Pts',(132.499709250942,40.5489227347093,14.1162420296378));
#11983=CARTESIAN_POINT('Ctrl Pts',(132.500000000057,40.5411091001561,14.1257640529768));
#11984=CARTESIAN_POINT('Ctrl Pts',(132.500000000057,40.5378575893051,14.1297247117248));
#11985=CARTESIAN_POINT('Ctrl Pts',(132.428026965044,41.5127807627027,13.9904246304124));
#11986=CARTESIAN_POINT('Ctrl Pts',(132.428862728282,41.5085301485209,13.9957103825527));
#11987=CARTESIAN_POINT('Ctrl Pts',(132.430909458163,41.5007517153968,14.0055750038592));
#11988=CARTESIAN_POINT('Ctrl Pts',(132.443802328638,41.4506891879313,14.0666828793146));
#11989=CARTESIAN_POINT('Ctrl Pts',(132.4686272992,41.2835414072982,14.2675265909838));
#11990=CARTESIAN_POINT('Ctrl Pts',(132.492522490659,41.123019749827,14.4637804820079));
#11991=CARTESIAN_POINT('Ctrl Pts',(132.4974514106,40.9587617585267,14.664611622642));
#11992=CARTESIAN_POINT('Ctrl Pts',(132.499124704812,40.9100010674784,14.7259102814508));
#11993=CARTESIAN_POINT('Ctrl Pts',(132.500000000057,40.9020592604237,14.7358070402041));
#11994=CARTESIAN_POINT('Ctrl Pts',(132.500000000057,40.8977165632496,14.741111701789));
#11995=CARTESIAN_POINT('Ctrl Pts',(132.399998085963,42.0256973385704,14.4136028270812));
#11996=CARTESIAN_POINT('Ctrl Pts',(132.40139213324,42.0204341961494,14.4202021159806));
#11997=CARTESIAN_POINT('Ctrl Pts',(132.404120869911,42.0093515228203,14.4340470149988));
#11998=CARTESIAN_POINT('Ctrl Pts',(132.421363291873,41.9457019612851,14.5140569059851));
#11999=CARTESIAN_POINT('Ctrl Pts',(132.46164615782,41.7522225925674,14.7538788699));
#12000=CARTESIAN_POINT('Ctrl Pts',(132.489105320278,41.5393496475096,15.0116713525401));
#12001=CARTESIAN_POINT('Ctrl Pts',(132.500181273184,41.3406174871339,15.2515721241154));
#12002=CARTESIAN_POINT('Ctrl Pts',(132.499771416566,41.2743997496644,15.3319164156484));
#12003=CARTESIAN_POINT('Ctrl Pts',(132.500000000057,41.2630094206913,15.3458500274315));
#12004=CARTESIAN_POINT('Ctrl Pts',(132.500000000057,41.2575755371942,15.3524986918533));
#12005=CARTESIAN_POINT('',(132.484084723208,40.4869476109673,13.1440682370748));
#12006=CARTESIAN_POINT('Ctrl Pts',(132.500000000056,40.1779986153605,13.5183377216606));
#12007=CARTESIAN_POINT('Ctrl Pts',(132.500000000056,40.1789437573415,13.5171929346995));
#12008=CARTESIAN_POINT('Ctrl Pts',(132.499999590075,40.1798919839124,13.5160444080445));
#12009=CARTESIAN_POINT('Ctrl Pts',(132.499998548683,40.1809511843988,13.5147613184042));
#12010=CARTESIAN_POINT('Ctrl Pts',(132.499997483294,40.1820347925178,13.5134486619529));
#12011=CARTESIAN_POINT('Ctrl Pts',(132.499995759312,40.1832343776915,13.5119953757511));
#12012=CARTESIAN_POINT('Ctrl Pts',(132.499992681469,40.1846281938712,13.5103065652732));
#12013=CARTESIAN_POINT('Ctrl Pts',(132.499989484874,40.1860757876268,13.5085525954616));
#12014=CARTESIAN_POINT('Ctrl Pts',(132.499984832046,40.1877327553481,13.5065447388268));
#12015=CARTESIAN_POINT('Ctrl Pts',(132.499977392782,40.1896492454999,13.5042221760043));
#12016=CARTESIAN_POINT('Ctrl Pts',(132.4999695992,40.1916570143348,13.5017889940505));
#12017=CARTESIAN_POINT('Ctrl Pts',(132.4999587424,40.1939494477171,13.4990106173343));
#12018=CARTESIAN_POINT('Ctrl Pts',(132.499942692657,40.196546073089,13.4958633549713));
#12019=CARTESIAN_POINT('Ctrl Pts',(132.499925645275,40.1993041025744,13.4925204613488));
#12020=CARTESIAN_POINT('Ctrl Pts',(132.499902714658,40.2024050923442,13.4887616682924));
#12021=CARTESIAN_POINT('Ctrl Pts',(132.499870908122,40.2058333435111,13.4846060032948));
#12022=CARTESIAN_POINT('Ctrl Pts',(132.499836261813,40.2095676782056,13.4800793092972));
#12023=CARTESIAN_POINT('Ctrl Pts',(132.499791024592,40.2136899840457,13.4750821196674));
#12024=CARTESIAN_POINT('Ctrl Pts',(132.499731488049,40.2181391089011,13.4696885908654));
#12025=CARTESIAN_POINT('Ctrl Pts',(132.499661432001,40.2233743492378,13.4633420799313));
#12026=CARTESIAN_POINT('Ctrl Pts',(132.499571421626,40.2290614881731,13.4564475429385));
#12027=CARTESIAN_POINT('Ctrl Pts',(132.499457442842,40.235053093218,13.4491837937673));
#12028=CARTESIAN_POINT('Ctrl Pts',(132.499318452926,40.2423594765325,13.4403261111686));
#12029=CARTESIAN_POINT('Ctrl Pts',(132.499143502719,40.250114960829,13.430923825036));
#12030=CARTESIAN_POINT('Ctrl Pts',(132.49893259666,40.2580187322615,13.4213418148573));
#12031=CARTESIAN_POINT('Ctrl Pts',(132.498775899677,40.2638910014329,13.4142226637717));
#12032=CARTESIAN_POINT('Ctrl Pts',(132.498599586188,40.2698437708119,13.4070059480734));
#12033=CARTESIAN_POINT('Ctrl Pts',(132.498406375782,40.2757692777061,13.3998223927174));
#12034=CARTESIAN_POINT('Ctrl Pts',(132.498225241026,40.2813244404194,13.3930878095712));
#12035=CARTESIAN_POINT('Ctrl Pts',(132.49802935896,40.2868548455214,13.386383336286));
#12036=CARTESIAN_POINT('Ctrl Pts',(132.497821757476,40.2923004708905,13.3797818059293));
#12037=CARTESIAN_POINT('Ctrl Pts',(132.497627131086,40.2974057446741,13.3735928712199));
#12038=CARTESIAN_POINT('Ctrl Pts',(132.497422293658,40.3024360787119,13.3674949293521));
#12039=CARTESIAN_POINT('Ctrl Pts',(132.497209104501,40.3073763662968,13.3615063615702));
#12040=CARTESIAN_POINT('Ctrl Pts',(132.497009239666,40.3120078859076,13.3558920792748));
#12041=CARTESIAN_POINT('Ctrl Pts',(132.496802099182,40.3165600705729,13.3503741587065));
#12042=CARTESIAN_POINT('Ctrl Pts',(132.496587576066,40.3210557844522,13.3449249645179));
#12043=CARTESIAN_POINT('Ctrl Pts',(132.496383127516,40.3253403678628,13.3397316787242));
#12044=CARTESIAN_POINT('Ctrl Pts',(132.496172025267,40.329573530063,13.3346009719152));
#12045=CARTESIAN_POINT('Ctrl Pts',(132.495951816565,40.333810630252,13.3294658480725));
#12046=CARTESIAN_POINT('Ctrl Pts',(132.495733136944,40.3380183089416,13.3243663814093));
#12047=CARTESIAN_POINT('Ctrl Pts',(132.495505162145,40.3422357235102,13.3192554711916));
#12048=CARTESIAN_POINT('Ctrl Pts',(132.495264929119,40.3465099075212,13.3140762162158));
#12049=CARTESIAN_POINT('Ctrl Pts',(132.495013185187,40.3509888915577,13.3086487942101));
#12050=CARTESIAN_POINT('Ctrl Pts',(132.494747942552,40.3555300336968,13.3031465423791));
#12051=CARTESIAN_POINT('Ctrl Pts',(132.49446733391,40.3601489805027,13.2975505839379));
#12052=CARTESIAN_POINT('Ctrl Pts',(132.494169154425,40.3650571514237,13.2916042239448));
#12053=CARTESIAN_POINT('Ctrl Pts',(132.493853578756,40.3700529302194,13.2855523538331));
#12054=CARTESIAN_POINT('Ctrl Pts',(132.493520743273,40.3751158659956,13.2794198104014));
#12055=CARTESIAN_POINT('Ctrl Pts',(132.493157891552,40.3806353945757,13.2727342133021));
#12056=CARTESIAN_POINT('Ctrl Pts',(132.492774465408,40.386234362529,13.2659531951125));
#12057=CARTESIAN_POINT('Ctrl Pts',(132.492374293513,40.3918456932062,13.2591580225533));
#12058=CARTESIAN_POINT('Ctrl Pts',(132.491894419334,40.3985746332779,13.251009454672));
#12059=CARTESIAN_POINT('Ctrl Pts',(132.491390324645,40.4053206760395,13.2428413582193));
#12060=CARTESIAN_POINT('Ctrl Pts',(132.490875610188,40.4119191663372,13.2348530219277));
#12061=CARTESIAN_POINT('Ctrl Pts',(132.490246237098,40.4199875471164,13.2250851907898));
#12062=CARTESIAN_POINT('Ctrl Pts',(132.489601096719,40.4278307294046,13.2155916928971));
#12063=CARTESIAN_POINT('Ctrl Pts',(132.488976063208,40.4351207700044,13.2067690288902));
#12064=CARTESIAN_POINT('Ctrl Pts',(132.488529401528,40.4403303815221,13.2004641734648));
#12065=CARTESIAN_POINT('Ctrl Pts',(132.488093362309,40.4452565147157,13.19450309673));
#12066=CARTESIAN_POINT('Ctrl Pts',(132.487681650368,40.4497992446904,13.1890064674545));
#12067=CARTESIAN_POINT('Ctrl Pts',(132.487311485611,40.4538835530859,13.1840645208227));
#12068=CARTESIAN_POINT('Ctrl Pts',(132.486961102523,40.4576575032763,13.1794985316448));
#12069=CARTESIAN_POINT('Ctrl Pts',(132.486638529539,40.4610749438699,13.1753641378422));
#12070=CARTESIAN_POINT('Ctrl Pts',(132.486337112308,40.4642682536989,13.1715008957448));
#12071=CARTESIAN_POINT('Ctrl Pts',(132.486060044382,40.4671500038129,13.1680148294599));
#12072=CARTESIAN_POINT('Ctrl Pts',(132.485810860762,40.4697117617793,13.164915990374));
#12073=CARTESIAN_POINT('Ctrl Pts',(132.485578965432,40.4720957856828,13.1620321478913));
#12074=CARTESIAN_POINT('Ctrl Pts',(132.485371242623,40.474202596653,13.1594837637513));
#12075=CARTESIAN_POINT('Ctrl Pts',(132.485187247006,40.4760539031522,13.1572444860588));
#12076=CARTESIAN_POINT('Ctrl Pts',(132.485008899709,40.4778483780091,13.1550739499976));
#12077=CARTESIAN_POINT('Ctrl Pts',(132.484852868621,40.479402601803,13.153194066481));
#12078=CARTESIAN_POINT('Ctrl Pts',(132.484715185959,40.4807663192915,13.151544615611));
#12079=CARTESIAN_POINT('Ctrl Pts',(132.48458319396,40.4820736719591,13.1499633394206));
#12080=CARTESIAN_POINT('Ctrl Pts',(132.484468068655,40.4832058656059,13.1485939321554));
#12081=CARTESIAN_POINT('Ctrl Pts',(132.484362816596,40.4842365115743,13.1473473470576));
#12082=CARTESIAN_POINT('Ctrl Pts',(132.484264414481,40.4852000817264,13.1461818913831));
#12083=CARTESIAN_POINT('Ctrl Pts',(132.484174629196,40.4860749815954,13.145123682812));
#12084=CARTESIAN_POINT('Ctrl Pts',(132.484084723208,40.4869476109673,13.1440682370748));
#12085=CARTESIAN_POINT('',(132.399998085963,42.0256973385704,14.4136028270812));
#12086=CARTESIAN_POINT('Ctrl Pts',(132.399998085963,42.0256973385704,14.4136028270812));
#12087=CARTESIAN_POINT('Ctrl Pts',(132.428026965044,41.5127807627027,13.9904246304124));
#12088=CARTESIAN_POINT('Ctrl Pts',(132.456055844126,40.999864186835,13.5672464337436));
#12089=CARTESIAN_POINT('Ctrl Pts',(132.484084723208,40.4869476109673,13.1440682370748));
#12090=CARTESIAN_POINT('Ctrl Pts',(132.399998085963,42.0256973385704,14.4136028270812));
#12091=CARTESIAN_POINT('Ctrl Pts',(132.40047173803,42.0239090934166,14.415845051488));
#12092=CARTESIAN_POINT('Ctrl Pts',(132.40094453774,42.0221177098135,14.4180907086195));
#12093=CARTESIAN_POINT('Ctrl Pts',(132.401449407644,42.0201968948916,14.4204985729912));
#12094=CARTESIAN_POINT('Ctrl Pts',(132.401966268537,42.0182304593674,14.4229636257061));
#12095=CARTESIAN_POINT('Ctrl Pts',(132.40251672194,42.0161284525238,14.425598579791));
#12096=CARTESIAN_POINT('Ctrl Pts',(132.403126200332,42.0137886455723,14.4285314926581));
#12097=CARTESIAN_POINT('Ctrl Pts',(132.403752069063,42.011385915587,14.431543278603));
#12098=CARTESIAN_POINT('Ctrl Pts',(132.404440164527,42.0087325176927,14.4348691473013));
#12099=CARTESIAN_POINT('Ctrl Pts',(132.405207964826,42.0057511057925,14.4386053403414));
#12100=CARTESIAN_POINT('Ctrl Pts',(132.405999573399,42.0026772450192,14.4424573868252));
#12101=CARTESIAN_POINT('Ctrl Pts',(132.406875881805,41.9992548201589,14.4467454625272));
#12102=CARTESIAN_POINT('Ctrl Pts',(132.407845778279,41.9954325220363,14.4515324557006));
#12103=CARTESIAN_POINT('Ctrl Pts',(132.408881712447,41.9913499737129,14.4566453826172));
#12104=CARTESIAN_POINT('Ctrl Pts',(132.410024415587,41.9868112074413,14.462327522059));
#12105=CARTESIAN_POINT('Ctrl Pts',(132.411273246627,41.981791032619,14.4686080297573));
#12106=CARTESIAN_POINT('Ctrl Pts',(132.412574313139,41.9765608764666,14.475151235351));
#12107=CARTESIAN_POINT('Ctrl Pts',(132.41399046961,41.9708083942683,14.4823436444327));
#12108=CARTESIAN_POINT('Ctrl Pts',(132.415509765078,41.9645428702939,14.490170379662));
#12109=CARTESIAN_POINT('Ctrl Pts',(132.41712908602,41.9578648445964,14.4985124016863));
#12110=CARTESIAN_POINT('Ctrl Pts',(132.418865423165,41.9506041893697,14.5075747475818));
#12111=CARTESIAN_POINT('Ctrl Pts',(132.420693731258,41.9428113568431,14.5172901569403));
#12112=CARTESIAN_POINT('Ctrl Pts',(132.42269879963,41.934265115598,14.5279448491705));
#12113=CARTESIAN_POINT('Ctrl Pts',(132.424814211686,41.9250791067803,14.5393845609915));
#12114=CARTESIAN_POINT('Ctrl Pts',(132.426997913012,41.9153621420764,14.5514683336924));
#12115=CARTESIAN_POINT('Ctrl Pts',(132.429607260956,41.9037511485871,14.5659074729126));
#12116=CARTESIAN_POINT('Ctrl Pts',(132.432313444968,41.8913826010967,14.5812653562717));
#12117=CARTESIAN_POINT('Ctrl Pts',(132.435039944142,41.8784946354923,14.5972386962753));
#12118=CARTESIAN_POINT('Ctrl Pts',(132.438105183323,41.8640054702237,14.6151965625754));
#12119=CARTESIAN_POINT('Ctrl Pts',(132.441194648053,41.8488632824753,14.633927812329));
#12120=CARTESIAN_POINT('Ctrl Pts',(132.444212372996,41.8334344635247,14.6529726633054));
#12121=CARTESIAN_POINT('Ctrl Pts',(132.446622672167,41.8211112497732,14.6681840524726));
#12122=CARTESIAN_POINT('Ctrl Pts',(132.448987360068,41.8086067536103,14.6835937066357));
#12123=CARTESIAN_POINT('Ctrl Pts',(132.451271037906,41.7960913319071,14.6989905551868));
#12124=CARTESIAN_POINT('Ctrl Pts',(132.453273454549,41.7851173283591,14.7124911047197));
#12125=CARTESIAN_POINT('Ctrl Pts',(132.455213736491,41.7741353651983,14.7259813289158));
#12126=CARTESIAN_POINT('Ctrl Pts',(132.457077633327,41.7632353742569,14.739351092681));
#12127=CARTESIAN_POINT('Ctrl Pts',(132.458803350511,41.7531434521524,14.7517296914522));
#12128=CARTESIAN_POINT('Ctrl Pts',(132.46046368672,41.7431220751577,14.764004722095));
#12129=CARTESIAN_POINT('Ctrl Pts',(132.462054537639,41.7332150187254,14.7761234947226));
#12130=CARTESIAN_POINT('Ctrl Pts',(132.463560198486,41.723838485202,14.7875933070308));
#12131=CARTESIAN_POINT('Ctrl Pts',(132.465003695689,41.7145645567901,14.7989229238028));
#12132=CARTESIAN_POINT('Ctrl Pts',(132.466387044319,41.7054012886159,14.8101037552186));
#12133=CARTESIAN_POINT('Ctrl Pts',(132.467712256168,41.696623117091,14.8208146996209));
#12134=CARTESIAN_POINT('Ctrl Pts',(132.46898233578,41.6879466564026,14.8313889243165));
#12135=CARTESIAN_POINT('Ctrl Pts',(132.470203215019,41.6793490093704,14.8418558136565));
#12136=CARTESIAN_POINT('Ctrl Pts',(132.471385602305,41.6710224294646,14.8519927022877));
#12137=CARTESIAN_POINT('Ctrl Pts',(132.472521901903,41.6627699182194,14.8620287480981));
#12138=CARTESIAN_POINT('Ctrl Pts',(132.47362059476,41.6545397153816,14.8720285989298));
#12139=CARTESIAN_POINT('Ctrl Pts',(132.474859578932,41.6452586037469,14.8833053236628));
#12140=CARTESIAN_POINT('Ctrl Pts',(132.476051498037,41.6360012188435,14.8945417328605));
#12141=CARTESIAN_POINT('Ctrl Pts',(132.477208991554,41.6266644437656,14.9058657030246));
#12142=CARTESIAN_POINT('Ctrl Pts',(132.478253559228,41.6182385707133,14.9160848990805));
#12143=CARTESIAN_POINT('Ctrl Pts',(132.479269911521,41.6097483021049,14.9263750661597));
#12144=CARTESIAN_POINT('Ctrl Pts',(132.48026081923,41.6011529661767,14.9367869809214));
#12145=CARTESIAN_POINT('Ctrl Pts',(132.481314755745,41.5920109055036,14.9478611678141));
#12146=CARTESIAN_POINT('Ctrl Pts',(132.482339810822,41.5827499908767,14.9590730629457));
#12147=CARTESIAN_POINT('Ctrl Pts',(132.483333803846,41.5733593480057,14.9704371718359));
#12148=CARTESIAN_POINT('Ctrl Pts',(132.484380101711,41.5634745607536,14.9823992707284));
#12149=CARTESIAN_POINT('Ctrl Pts',(132.485391835243,41.5534462144854,14.994529788297));
#12150=CARTESIAN_POINT('Ctrl Pts',(132.486362495124,41.5433010139336,15.0067976623684));
#12151=CARTESIAN_POINT('Ctrl Pts',(132.487401739517,41.5324389777095,15.01993235516));
#12152=CARTESIAN_POINT('Ctrl Pts',(132.488393705314,41.5214432501644,15.033224171561));
#12153=CARTESIAN_POINT('Ctrl Pts',(132.489328720043,41.5103873325516,15.0465856101193));
#12154=CARTESIAN_POINT('Ctrl Pts',(132.490363921249,41.4981467775011,15.0613787218224));
#12155=CARTESIAN_POINT('Ctrl Pts',(132.49132901739,41.4858328829192,15.0762566318653));
#12156=CARTESIAN_POINT('Ctrl Pts',(132.492212959042,41.4735885184851,15.0910485238107));
#12157=CARTESIAN_POINT('Ctrl Pts',(132.493370306206,41.4575569394417,15.1104155874259));
#12158=CARTESIAN_POINT('Ctrl Pts',(132.49438747709,41.4416456089655,15.1296339273798));
#12159=CARTESIAN_POINT('Ctrl Pts',(132.495255088976,41.4262377804758,15.1482447126904));
#12160=CARTESIAN_POINT('Ctrl Pts',(132.496002218388,41.412969587599,15.1642710780707));
#12161=CARTESIAN_POINT('Ctrl Pts',(132.496638765833,41.4000778908423,15.1798431678847));
#12162=CARTESIAN_POINT('Ctrl Pts',(132.49717188065,41.3878088592924,15.1946660026376));
#12163=CARTESIAN_POINT('Ctrl Pts',(132.49762349659,41.3774154317453,15.2072228257595));
#12164=CARTESIAN_POINT('Ctrl Pts',(132.498001193404,41.3674696266307,15.2192410239073));
#12165=CARTESIAN_POINT('Ctrl Pts',(132.498315292431,41.3581011931986,15.230564931242));
#12166=CARTESIAN_POINT('Ctrl Pts',(132.498603268447,41.34951191435,15.2409470509911));
#12167=CARTESIAN_POINT('Ctrl Pts',(132.498837941338,41.341408361026,15.2507450814751));
#12168=CARTESIAN_POINT('Ctrl Pts',(132.499029831691,41.3338649137385,15.2598696291448));
#12169=CARTESIAN_POINT('Ctrl Pts',(132.499210600259,41.3267586775523,15.2684653266239));
#12170=CARTESIAN_POINT('Ctrl Pts',(132.499353499978,41.3201497677256,15.2764630239744));
#12171=CARTESIAN_POINT('Ctrl Pts',(132.499467976972,41.3140720456235,15.2838218911523));
#12172=CARTESIAN_POINT('Ctrl Pts',(132.499577348093,41.3082654005066,15.2908525400446));
#12173=CARTESIAN_POINT('Ctrl Pts',(132.499660834157,41.3029438142444,15.297299830319));
#12174=CARTESIAN_POINT('Ctrl Pts',(132.499726189255,41.29810688116,15.3031640802722));
#12175=CARTESIAN_POINT('Ctrl Pts',(132.49978917336,41.2934454253227,15.3088155833423));
#12176=CARTESIAN_POINT('Ctrl Pts',(132.499835346911,41.2892342538168,15.3139253875394));
#12177=CARTESIAN_POINT('Ctrl Pts',(132.499870574148,41.2854419813053,15.3185310831348));
#12178=CARTESIAN_POINT('Ctrl Pts',(132.499904246795,41.2818170629562,15.3229335279549));
#12179=CARTESIAN_POINT('Ctrl Pts',(132.499927921589,41.2785749393879,15.3268753092413));
#12180=CARTESIAN_POINT('Ctrl Pts',(132.4999455041,41.2756579257,15.3304257181771));
#12181=CARTESIAN_POINT('Ctrl Pts',(132.499962709936,41.2728034039286,15.3339000658111));
#12182=CARTESIAN_POINT('Ctrl Pts',(132.499974077173,41.2702603449035,15.3369994673445));
#12183=CARTESIAN_POINT('Ctrl Pts',(132.499982084136,41.267943526767,15.3398264296385));
#12184=CARTESIAN_POINT('Ctrl Pts',(132.499989855512,41.2656948757068,15.3425702150309));
#12185=CARTESIAN_POINT('Ctrl Pts',(132.499994452732,41.2636594073738,15.3450572843242));
#12186=CARTESIAN_POINT('Ctrl Pts',(132.499997125949,41.2617282039689,15.347418759112));
#12187=CARTESIAN_POINT('Ctrl Pts',(132.499999093998,41.2603064331529,15.3491572999241));
#12188=CARTESIAN_POINT('Ctrl Pts',(132.500000000057,41.2589405564046,15.3508285134875));
#12189=CARTESIAN_POINT('Ctrl Pts',(132.500000000057,41.2575755371942,15.3524986918533));
#12190=CARTESIAN_POINT('Ctrl Pts',(132.399998085963,42.0256973385704,14.4136028270812));
#12191=CARTESIAN_POINT('Ctrl Pts',(132.305190147897,42.3836390587857,13.9647909516065));
#12192=CARTESIAN_POINT('Ctrl Pts',(131.962784953558,43.1117129516192,13.0064963092264));
#12193=CARTESIAN_POINT('Ctrl Pts',(131.34182361034,43.6582997950841,12.1080264980695));
#12194=CARTESIAN_POINT('Ctrl Pts',(131.000000000363,43.8556517483735,11.7096618380447));
#12195=CARTESIAN_POINT('Ctrl Pts',(132.428026965044,41.5127807627027,13.9904246304124));
#12196=CARTESIAN_POINT('Ctrl Pts',(132.352117876436,41.8747118868559,13.5420812868348));
#12197=CARTESIAN_POINT('Ctrl Pts',(132.048704397613,42.6214878030162,12.5900423412557));
#12198=CARTESIAN_POINT('Ctrl Pts',(131.461095286425,43.2063716111139,11.7082130395199));
#12199=CARTESIAN_POINT('Ctrl Pts',(131.133873073809,43.4246253308033,11.3189148983924));
#12200=CARTESIAN_POINT('Ctrl Pts',(132.456055844126,40.999864186835,13.5672464337436));
#12201=CARTESIAN_POINT('Ctrl Pts',(132.399045604974,41.3657847149261,13.119371622063));
#12202=CARTESIAN_POINT('Ctrl Pts',(132.134623841667,42.1312626544131,12.173588373285));
#12203=CARTESIAN_POINT('Ctrl Pts',(131.58036696251,42.7544434271436,11.3083995809703));
#12204=CARTESIAN_POINT('Ctrl Pts',(131.267746147255,42.9935989132331,10.9281679587401));
#12205=CARTESIAN_POINT('Ctrl Pts',(132.484084723208,40.4869476109673,13.1440682370748));
#12206=CARTESIAN_POINT('Ctrl Pts',(132.445973333513,40.8568575429963,12.6966619572912));
#12207=CARTESIAN_POINT('Ctrl Pts',(132.220543285722,41.6410375058101,11.7571344053143));
#12208=CARTESIAN_POINT('Ctrl Pts',(131.699638638594,42.3025152431734,10.9085861224207));
#12209=CARTESIAN_POINT('Ctrl Pts',(131.401619220701,42.5625724956628,10.5374210190879));
#12210=CARTESIAN_POINT('',(131.401619220707,42.5625724956577,10.5374210190952));
#12211=CARTESIAN_POINT('Ctrl Pts',(132.484084723208,40.4869476109673,13.1440682370748));
#12212=CARTESIAN_POINT('Ctrl Pts',(132.445973333513,40.8568575429963,12.6966619572912));
#12213=CARTESIAN_POINT('Ctrl Pts',(132.220543285722,41.6410375058101,11.7571344053143));
#12214=CARTESIAN_POINT('Ctrl Pts',(131.699638638594,42.3025152431734,10.9085861224207));
#12215=CARTESIAN_POINT('Ctrl Pts',(131.401619220701,42.5625724956628,10.5374210190879));
#12216=CARTESIAN_POINT('',(131.401619220707,42.5625724956577,10.5374210190952));
#12217=CARTESIAN_POINT('Ctrl Pts',(131.000000000363,43.8556517483735,11.7096618380447));
#12218=CARTESIAN_POINT('Ctrl Pts',(131.34182361034,43.6582997950841,12.1080264980695));
#12219=CARTESIAN_POINT('Ctrl Pts',(131.962784953558,43.1117129516192,13.0064963092264));
#12220=CARTESIAN_POINT('Ctrl Pts',(132.305190147897,42.3836390587857,13.9647909516065));
#12221=CARTESIAN_POINT('Ctrl Pts',(132.399998085963,42.0256973385704,14.4136028270812));
#12222=CARTESIAN_POINT('Ctrl Pts',(130.658626860405,43.0516828345962,9.76658176915155));
#12223=CARTESIAN_POINT('Ctrl Pts',(130.727649738856,43.0139492114834,9.82570141369871));
#12224=CARTESIAN_POINT('Ctrl Pts',(130.795184807503,42.9769871781236,9.88681019889698));
#12225=CARTESIAN_POINT('Ctrl Pts',(130.861133144047,42.9408431063012,9.94984511446214));
#12226=CARTESIAN_POINT('Ctrl Pts',(130.532129170902,43.4584032390239,10.15588349265));
#12227=CARTESIAN_POINT('Ctrl Pts',(130.594723873417,43.4236753402381,10.2106842703961));
#12228=CARTESIAN_POINT('Ctrl Pts',(130.655916541294,43.3896986414358,10.2672080951914));
#12229=CARTESIAN_POINT('Ctrl Pts',(130.715630869732,43.3565100365268,10.3253968091482));
#12230=CARTESIAN_POINT('Ctrl Pts',(130.4056314814,43.8651236434516,10.5451852161485));
#12231=CARTESIAN_POINT('Ctrl Pts',(130.461798007978,43.8334014689928,10.5956671270935));
#12232=CARTESIAN_POINT('Ctrl Pts',(130.516648275084,43.8024101047481,10.6476059914857));
#12233=CARTESIAN_POINT('Ctrl Pts',(130.570128595417,43.7721769667525,10.7009485038342));
#12234=CARTESIAN_POINT('Ctrl Pts',(130.279133791897,44.2718440478793,10.9344869396469));
#12235=CARTESIAN_POINT('Ctrl Pts',(130.328872142539,44.2431275977475,10.9806499837908));
#12236=CARTESIAN_POINT('Ctrl Pts',(130.377380008875,44.2151215680604,11.0280038877801));
#12237=CARTESIAN_POINT('Ctrl Pts',(130.424626321102,44.1878438969781,11.0765001985203));
#12238=CARTESIAN_POINT('',(130.658626860407,43.051682834609,9.76658176915697));
#12239=CARTESIAN_POINT('',(130.861133144047,42.9408431063012,9.94984511446213));
#12240=CARTESIAN_POINT('',(130.424626321102,44.1878438969781,11.0765001985203));
#12241=CARTESIAN_POINT('Ctrl Pts',(130.861133144047,42.9408431063012,9.94984511446214));
#12242=CARTESIAN_POINT('Ctrl Pts',(130.795184807503,42.9769871781236,9.88681019889698));
#12243=CARTESIAN_POINT('Ctrl Pts',(130.727649738856,43.0139492114834,9.82570141369871));
#12244=CARTESIAN_POINT('Ctrl Pts',(130.658626860405,43.0516828345962,9.76658176915155));
#12245=CARTESIAN_POINT('Ctrl Pts',(131.00000000037,43.8556517483696,11.7096618380526));
#12246=CARTESIAN_POINT('Ctrl Pts',(130.94785671838,43.8857566862626,11.6488935347688));
#12247=CARTESIAN_POINT('Ctrl Pts',(130.896224620922,43.9155664916291,11.589413092239));
#12248=CARTESIAN_POINT('Ctrl Pts',(130.711944069531,44.0219609175803,11.3802378758988));
#12249=CARTESIAN_POINT('Ctrl Pts',(130.571536746297,44.1030251234456,11.2272974416362));
#12250=CARTESIAN_POINT('Ctrl Pts',(130.424626321102,44.1878438969781,11.0765001985203));
#12251=CARTESIAN_POINT('Ctrl Pts',(131.133873073815,43.424625330799,11.3189148984001));
#12252=CARTESIAN_POINT('Ctrl Pts',(131.08395942285,43.4579208523501,11.2595336468238));
#12253=CARTESIAN_POINT('Ctrl Pts',(131.034108690354,43.4904814418013,11.2014040844298));
#12254=CARTESIAN_POINT('Ctrl Pts',(130.855061947017,43.605058223042,10.9970683107932));
#12255=CARTESIAN_POINT('Ctrl Pts',(130.716358479903,43.6891854753268,10.8476476126052));
#12256=CARTESIAN_POINT('Ctrl Pts',(130.570128595417,43.7721769667525,10.7009485038342));
#12257=CARTESIAN_POINT('Ctrl Pts',(131.267746147261,42.9935989132284,10.9281679587476));
#12258=CARTESIAN_POINT('Ctrl Pts',(131.220055319027,43.0300786105368,10.8701617441703));
#12259=CARTESIAN_POINT('Ctrl Pts',(131.17199881252,43.0653997497703,10.813402498901));
#12260=CARTESIAN_POINT('Ctrl Pts',(130.998159768647,43.1881424761579,10.6138712462654));
#12261=CARTESIAN_POINT('Ctrl Pts',(130.861135560587,43.2753094940951,10.4679211503495));
#12262=CARTESIAN_POINT('Ctrl Pts',(130.715630869732,43.3565100365269,10.3253968091482));
#12263=CARTESIAN_POINT('Ctrl Pts',(131.401619220707,42.5625724956577,10.5374210190952));
#12264=CARTESIAN_POINT('Ctrl Pts',(131.356158023497,42.6022427766243,10.4808018562253));
#12265=CARTESIAN_POINT('Ctrl Pts',(131.309882881953,42.6403146999425,10.4253934910918));
#12266=CARTESIAN_POINT('Ctrl Pts',(131.141277646132,42.7712397816196,10.2307016811599));
#12267=CARTESIAN_POINT('Ctrl Pts',(131.005957294194,42.8614698459763,10.0882713213185));
#12268=CARTESIAN_POINT('Ctrl Pts',(130.861133144047,42.9408431063012,9.94984511446213));
#12269=CARTESIAN_POINT('Ctrl Pts',(131.401619220707,42.5625724956577,10.5374210190952));
#12270=CARTESIAN_POINT('Ctrl Pts',(131.356158023497,42.6022427766243,10.4808018562253));
#12271=CARTESIAN_POINT('Ctrl Pts',(131.309882881953,42.6403146999425,10.4253934910918));
#12272=CARTESIAN_POINT('Ctrl Pts',(131.141277646132,42.7712397816196,10.2307016811599));
#12273=CARTESIAN_POINT('Ctrl Pts',(131.005957294194,42.8614698459763,10.0882713213185));
#12274=CARTESIAN_POINT('Ctrl Pts',(130.861133144047,42.9408431063012,9.94984511446213));
#12275=CARTESIAN_POINT('Ctrl Pts',(130.279133791897,44.2718440478793,10.9344869396469));
#12276=CARTESIAN_POINT('Ctrl Pts',(130.235558259037,44.2970023935058,10.8940437158356));
#12277=CARTESIAN_POINT('Ctrl Pts',(130.191038314334,44.3227059955643,10.8545145483651));
#12278=CARTESIAN_POINT('Ctrl Pts',(130.145596939674,44.3489415854569,10.8159322491249));
#12279=CARTESIAN_POINT('Ctrl Pts',(130.4056314814,43.8651236434516,10.5451852161485));
#12280=CARTESIAN_POINT('Ctrl Pts',(130.356424254121,43.8929152898912,10.5009582536367));
#12281=CARTESIAN_POINT('Ctrl Pts',(130.30662881313,43.9213604571257,10.4574522292492));
#12282=CARTESIAN_POINT('Ctrl Pts',(130.256232264479,43.9504569180556,10.4146627068095));
#12283=CARTESIAN_POINT('Ctrl Pts',(130.532129170902,43.4584032390239,10.15588349265));
#12284=CARTESIAN_POINT('Ctrl Pts',(130.477290249204,43.4888281862765,10.1078727914378));
#12285=CARTESIAN_POINT('Ctrl Pts',(130.422219311926,43.5200149186871,10.0603899101333));
#12286=CARTESIAN_POINT('Ctrl Pts',(130.366867589284,43.5519722506542,10.0133931644941));
#12287=CARTESIAN_POINT('Ctrl Pts',(130.658626860405,43.0516828345962,9.76658176915155));
#12288=CARTESIAN_POINT('Ctrl Pts',(130.598156244287,43.0847410826618,9.71478732923893));
#12289=CARTESIAN_POINT('Ctrl Pts',(130.537809810721,43.1186693802485,9.6633275910174));
#12290=CARTESIAN_POINT('Ctrl Pts',(130.477502914089,43.1534875832529,9.61212362217876));
#12291=CARTESIAN_POINT('Ctrl Pts',(107.300043870675,57.5050056776846,-8.56933324599485));
#12292=CARTESIAN_POINT('Ctrl Pts',(107.071023303762,57.6085868837317,-8.7541559505688));
#12293=CARTESIAN_POINT('Ctrl Pts',(106.837115724214,57.6970350446699,-8.94817674120784));
#12294=CARTESIAN_POINT('Ctrl Pts',(106.600095725621,57.7703301555879,-9.15000000093356));
#12295=CARTESIAN_POINT('Ctrl Pts',(107.415487623363,57.1150189037799,-8.9704875625236));
#12296=CARTESIAN_POINT('Ctrl Pts',(107.202966562025,57.2186220758114,-9.14451082631757));
#12297=CARTESIAN_POINT('Ctrl Pts',(106.984629031884,57.3088814314919,-9.3279904683191));
#12298=CARTESIAN_POINT('Ctrl Pts',(106.762145172928,57.3854002027439,-9.51960740502335));
#12299=CARTESIAN_POINT('Ctrl Pts',(107.530931376051,56.7250321298753,-9.37164187905235));
#12300=CARTESIAN_POINT('Ctrl Pts',(107.334909820289,56.8286572678911,-9.53486570206634));
#12301=CARTESIAN_POINT('Ctrl Pts',(107.132142339553,56.920727818314,-9.70780419543036));
#12302=CARTESIAN_POINT('Ctrl Pts',(106.924194620236,57.0004702498998,-9.88921480911315));
#12303=CARTESIAN_POINT('Ctrl Pts',(107.646375128739,56.3350453559706,-9.7727961955811));
#12304=CARTESIAN_POINT('Ctrl Pts',(107.466853078553,56.4386924599708,-9.92522057781511));
#12305=CARTESIAN_POINT('Ctrl Pts',(107.279655647223,56.532574205136,-10.0876179225416));
#12306=CARTESIAN_POINT('Ctrl Pts',(107.086244067543,56.6155402970558,-10.2588222132029));
#12307=CARTESIAN_POINT('',(107.300043870675,57.5050056776846,-8.56933324599486));
#12308=CARTESIAN_POINT('Ctrl Pts',(57.3999042744322,57.7703301558321,-9.15000000093358));
#12309=CARTESIAN_POINT('Ctrl Pts',(57.1628842755615,57.6970350448643,-8.94817674095953));
#12310=CARTESIAN_POINT('Ctrl Pts',(56.9289766957406,57.6085868838416,-8.75415595008844));
#12311=CARTESIAN_POINT('Ctrl Pts',(56.6999561285655,57.5050056776755,-8.56933324530351));
#12312=CARTESIAN_POINT('Ctrl Pts',(57.2378548270759,57.3854002029989,-9.51960740498905));
#12313=CARTESIAN_POINT('Ctrl Pts',(57.015370967857,57.3088814316903,-9.32799046804741));
#12314=CARTESIAN_POINT('Ctrl Pts',(56.7970334374591,57.2186220759212,-9.14451082582559));
#12315=CARTESIAN_POINT('Ctrl Pts',(56.5845123758785,57.1150189037707,-8.97048756183301));
#12316=CARTESIAN_POINT('Ctrl Pts',(57.0758053797196,57.0004702501657,-9.88921480904453));
#12317=CARTESIAN_POINT('Ctrl Pts',(56.8678576601525,56.9207278185163,-9.70780419513529));
#12318=CARTESIAN_POINT('Ctrl Pts',(56.6650901791777,56.8286572680009,-9.53486570156274));
#12319=CARTESIAN_POINT('Ctrl Pts',(56.4690686231916,56.725032129866,-9.3716418783625));
#12320=CARTESIAN_POINT('Ctrl Pts',(56.9137559323633,56.6155402973325,-10.2588222131));
#12321=CARTESIAN_POINT('Ctrl Pts',(56.720344352448,56.5325742053423,-10.0876179222232));
#12322=CARTESIAN_POINT('Ctrl Pts',(56.5331469208962,56.4386924600805,-9.92522057729989));
#12323=CARTESIAN_POINT('Ctrl Pts',(56.3536248705047,56.3350453559613,-9.77279619489199));
#12324=CARTESIAN_POINT('',(56.3536248705047,56.3350453559613,-9.772796194892));
#12325=CARTESIAN_POINT('Origin',(69.7824028847763,57.538148972598,-9.65000000000028));
#12326=CARTESIAN_POINT('',(69.7824028847763,58.038148972598,-9.15000000000028));
#12327=CARTESIAN_POINT('Ctrl Pts',(56.6999561285655,57.5050056776755,-8.56933324530351));
#12328=CARTESIAN_POINT('Ctrl Pts',(56.5194651306105,57.4233733793151,-8.42367456126987));
#12329=CARTESIAN_POINT('Ctrl Pts',(56.3435108977325,57.3330340495895,-8.27859327316418));
#12330=CARTESIAN_POINT('Ctrl Pts',(56.1725009241401,57.2343013953017,-8.13339612577444));
#12331=CARTESIAN_POINT('Ctrl Pts',(56.5845123758785,57.1150189037707,-8.97048756183301));
#12332=CARTESIAN_POINT('Ctrl Pts',(56.4071817193778,57.0276864867679,-8.82498272334733));
#12333=CARTESIAN_POINT('Ctrl Pts',(56.2328755729283,56.9345493821882,-8.67986281548029));
#12334=CARTESIAN_POINT('Ctrl Pts',(56.0618655993359,56.8358167279004,-8.53466566809056));
#12335=CARTESIAN_POINT('Ctrl Pts',(56.4690686231916,56.725032129866,-9.3716418783625));
#12336=CARTESIAN_POINT('Ctrl Pts',(56.2948983081451,56.6319995942207,-9.22629088542479));
#12337=CARTESIAN_POINT('Ctrl Pts',(56.1222402481241,56.5360647147869,-9.08113235779641));
#12338=CARTESIAN_POINT('Ctrl Pts',(55.9512302745318,56.4373320604991,-8.93593521040667));
#12339=CARTESIAN_POINT('Ctrl Pts',(56.3536248705047,56.3350453559613,-9.77279619489199));
#12340=CARTESIAN_POINT('Ctrl Pts',(56.1826148969123,56.2363127016735,-9.62759904750225));
#12341=CARTESIAN_POINT('Ctrl Pts',(56.01160492332,56.1375800473856,-9.48240190011252));
#12342=CARTESIAN_POINT('Ctrl Pts',(55.8405949497276,56.0388473930978,-9.33720475272278));
#12343=CARTESIAN_POINT('Ctrl Pts',(33.1388668559907,42.9408431066676,9.9498451144675));
#12344=CARTESIAN_POINT('Ctrl Pts',(33.2048151925367,42.9769871784912,9.88681019890024));
#12345=CARTESIAN_POINT('Ctrl Pts',(33.2723502611859,43.0139492118523,9.8257014137));
#12346=CARTESIAN_POINT('Ctrl Pts',(33.3413731396389,43.0516828349666,9.76658176915099));
#12347=CARTESIAN_POINT('Ctrl Pts',(33.2843691303056,43.3565100368937,10.3253968091537));
#12348=CARTESIAN_POINT('Ctrl Pts',(33.3440834587457,43.3896986418039,10.2672080951949));
#12349=CARTESIAN_POINT('Ctrl Pts',(33.4052761266244,43.4236753406073,10.2106842703978));
#12350=CARTESIAN_POINT('Ctrl Pts',(33.4678708291408,43.4584032393945,10.15588349265));
#12351=CARTESIAN_POINT('Ctrl Pts',(33.4298714046205,43.7721769671198,10.7009485038399));
#12352=CARTESIAN_POINT('Ctrl Pts',(33.4833517249546,43.8024101051165,10.6476059914896));
#12353=CARTESIAN_POINT('Ctrl Pts',(33.538201992063,43.8334014693623,10.5956671270957));
#12354=CARTESIAN_POINT('Ctrl Pts',(33.5943685186427,43.8651236438223,10.5451852161491));
#12355=CARTESIAN_POINT('Ctrl Pts',(33.5753736789354,44.1878438973459,11.0765001985261));
#12356=CARTESIAN_POINT('Ctrl Pts',(33.6226199911636,44.2151215684292,11.0280038877843));
#12357=CARTESIAN_POINT('Ctrl Pts',(33.6711278575016,44.2431275981172,10.9806499837935));
#12358=CARTESIAN_POINT('Ctrl Pts',(33.7208662081446,44.2718440482501,10.9344869396482));
#12359=CARTESIAN_POINT('',(33.7208662081446,44.2718440482501,10.9344869396482));
#12360=CARTESIAN_POINT('',(33.1388668559907,42.9408431066676,9.9498451144675));
#12361=CARTESIAN_POINT('Ctrl Pts',(33.3413731396389,43.0516828349666,9.76658176915099));
#12362=CARTESIAN_POINT('Ctrl Pts',(33.2723502611859,43.0139492118523,9.8257014137));
#12363=CARTESIAN_POINT('Ctrl Pts',(33.2048151925367,42.9769871784912,9.88681019890024));
#12364=CARTESIAN_POINT('Ctrl Pts',(33.1388668559907,42.9408431066676,9.9498451144675));
#12365=CARTESIAN_POINT('',(33.1388668559907,42.9408431066676,9.9498451144675));
#12366=CARTESIAN_POINT('Ctrl Pts',(33.8544030603697,44.3489415858292,10.8159322491246));
#12367=CARTESIAN_POINT('Ctrl Pts',(33.8089616857085,44.3227059959361,10.8545145483653));
#12368=CARTESIAN_POINT('Ctrl Pts',(33.7644417410049,44.2970023938771,10.8940437158363));
#12369=CARTESIAN_POINT('Ctrl Pts',(33.7208662081446,44.2718440482501,10.9344869396482));
#12370=CARTESIAN_POINT('Ctrl Pts',(33.7437677355655,43.9504569184278,10.4146627068085));
#12371=CARTESIAN_POINT('Ctrl Pts',(33.6933711869137,43.9213604574974,10.4574522292487));
#12372=CARTESIAN_POINT('Ctrl Pts',(33.6435757459224,43.8929152902624,10.5009582536368));
#12373=CARTESIAN_POINT('Ctrl Pts',(33.5943685186427,43.8651236438223,10.5451852161491));
#12374=CARTESIAN_POINT('Ctrl Pts',(33.6331324107613,43.5519722510265,10.0133931644924));
#12375=CARTESIAN_POINT('Ctrl Pts',(33.577780688119,43.5200149190588,10.0603899101321));
#12376=CARTESIAN_POINT('Ctrl Pts',(33.52270975084,43.4888281866476,10.1078727914373));
#12377=CARTESIAN_POINT('Ctrl Pts',(33.4678708291408,43.4584032393945,10.15588349265));
#12378=CARTESIAN_POINT('Ctrl Pts',(33.5224970859572,43.1534875836252,9.61212362217626));
#12379=CARTESIAN_POINT('Ctrl Pts',(33.4621901893242,43.1186693806202,9.66332759101554));
#12380=CARTESIAN_POINT('Ctrl Pts',(33.4018437557575,43.0847410830329,9.71478732923771));
#12381=CARTESIAN_POINT('Ctrl Pts',(33.3413731396389,43.0516828349667,9.76658176915099));
#12382=CARTESIAN_POINT('Ctrl Pts',(32.9999999996744,43.8556517487393,11.7096618380527));
#12383=CARTESIAN_POINT('Ctrl Pts',(32.6581762193482,43.6582996970977,12.1080266966051));
#12384=CARTESIAN_POINT('Ctrl Pts',(32.0371952615512,43.1117236515305,13.0064930815206));
#12385=CARTESIAN_POINT('Ctrl Pts',(31.6948099379107,42.3836399174044,13.964789921569));
#12386=CARTESIAN_POINT('Ctrl Pts',(31.6000016302167,42.025696267223,14.4136041708714));
#12387=CARTESIAN_POINT('Ctrl Pts',(32.8661269262286,43.4246253311686,11.3189148984003));
#12388=CARTESIAN_POINT('Ctrl Pts',(32.5389045505403,43.2063715027105,11.708213233537));
#12389=CARTESIAN_POINT('Ctrl Pts',(31.9512751909554,42.6214972127135,12.590037786588));
#12390=CARTESIAN_POINT('Ctrl Pts',(31.6478820399818,41.8747115343268,13.5420817174757));
#12391=CARTESIAN_POINT('Ctrl Pts',(31.5719728078204,41.5127796803845,13.9904259716217));
#12392=CARTESIAN_POINT('Ctrl Pts',(32.7322538527828,42.9935989135979,10.9281679587478));
#12393=CARTESIAN_POINT('Ctrl Pts',(32.4196328817324,42.7544433083234,11.308399770469));
#12394=CARTESIAN_POINT('Ctrl Pts',(31.8653551203595,42.1312707738966,12.1735824916555));
#12395=CARTESIAN_POINT('Ctrl Pts',(31.6009541420529,41.3657831512491,13.1193735133824));
#12396=CARTESIAN_POINT('Ctrl Pts',(31.5439439854241,40.999863093546,13.5672477723721));
#12397=CARTESIAN_POINT('Ctrl Pts',(32.598380779337,42.5625724960272,10.5374210190954));
#12398=CARTESIAN_POINT('Ctrl Pts',(32.3003612129245,42.3025151139362,10.9085863074009));
#12399=CARTESIAN_POINT('Ctrl Pts',(31.7794350497637,41.6410443350797,11.7571271967229));
#12400=CARTESIAN_POINT('Ctrl Pts',(31.554026244124,40.8568547681715,12.6966653092891));
#12401=CARTESIAN_POINT('Ctrl Pts',(31.5159151630278,40.4869465067075,13.1440695731225));
#12402=CARTESIAN_POINT('Ctrl Pts',(31.6000016302167,42.025696267223,14.4136041708714));
#12403=CARTESIAN_POINT('Ctrl Pts',(31.6948099379107,42.3836399174044,13.964789921569));
#12404=CARTESIAN_POINT('Ctrl Pts',(32.0371952615512,43.1117236515305,13.0064930815206));
#12405=CARTESIAN_POINT('Ctrl Pts',(32.6581762193482,43.6582996970977,12.1080266966051));
#12406=CARTESIAN_POINT('Ctrl Pts',(32.9999999996744,43.8556517487393,11.7096618380527));
#12407=CARTESIAN_POINT('',(32.5983807793311,42.5625724960221,10.5374210191027));
#12408=CARTESIAN_POINT('',(32.9999999997742,43.8556517487969,11.7096618381824));
#12409=CARTESIAN_POINT('Ctrl Pts',(32.598380779337,42.5625724960272,10.5374210190954));
#12410=CARTESIAN_POINT('Ctrl Pts',(32.3003612129245,42.3025151139362,10.9085863074009));
#12411=CARTESIAN_POINT('Ctrl Pts',(31.7794350497637,41.6410443350797,11.7571271967229));
#12412=CARTESIAN_POINT('Ctrl Pts',(31.554026244124,40.8568547681715,12.6966653092891));
#12413=CARTESIAN_POINT('Ctrl Pts',(31.5159151630278,40.4869465067075,13.1440695731225));
#12414=CARTESIAN_POINT('Ctrl Pts',(33.5753736789353,44.1878438973459,11.0765001985261));
#12415=CARTESIAN_POINT('Ctrl Pts',(33.3718635339684,44.0703472603662,11.2853946235922));
#12416=CARTESIAN_POINT('Ctrl Pts',(33.1874865617822,43.9638971658419,11.4911631200375));
#12417=CARTESIAN_POINT('Ctrl Pts',(32.9999999996677,43.8556517487355,11.7096618380606));
#12418=CARTESIAN_POINT('Ctrl Pts',(33.4298714046205,43.7721769671198,10.7009485038399));
#12419=CARTESIAN_POINT('Ctrl Pts',(33.2273246088892,43.6571948264867,10.9041305333443));
#12420=CARTESIAN_POINT('Ctrl Pts',(33.0456047794145,43.5443351416364,11.1053890681808));
#12421=CARTESIAN_POINT('Ctrl Pts',(32.8661269262221,43.4246253311643,11.318914898408));
#12422=CARTESIAN_POINT('Ctrl Pts',(33.2843691303056,43.3565100368937,10.3253968091537));
#12423=CARTESIAN_POINT('Ctrl Pts',(33.08278568381,43.2440423926072,10.5228664430963));
#12424=CARTESIAN_POINT('Ctrl Pts',(32.9037229970467,43.1247731174309,10.7196150163241));
#12425=CARTESIAN_POINT('Ctrl Pts',(32.7322538527766,42.9935989135932,10.9281679587553));
#12426=CARTESIAN_POINT('Ctrl Pts',(33.1388668559907,42.9408431066676,9.9498451144675));
#12427=CARTESIAN_POINT('Ctrl Pts',(32.9382467587307,42.8308899587278,10.1416023528483));
#12428=CARTESIAN_POINT('Ctrl Pts',(32.7618412146789,42.7052110932254,10.3338409644674));
#12429=CARTESIAN_POINT('Ctrl Pts',(32.5983807793311,42.5625724960221,10.5374210191027));
#12430=CARTESIAN_POINT('Ctrl Pts',(33.1388668559907,42.9408431066676,9.9498451144675));
#12431=CARTESIAN_POINT('Ctrl Pts',(32.9382467587307,42.8308899587278,10.1416023528483));
#12432=CARTESIAN_POINT('Ctrl Pts',(32.7618412146789,42.7052110932254,10.3338409644674));
#12433=CARTESIAN_POINT('Ctrl Pts',(32.5983807793311,42.5625724960221,10.5374210191027));
#12434=CARTESIAN_POINT('Ctrl Pts',(107.827499075102,57.234301395312,-8.13339612646429));
#12435=CARTESIAN_POINT('Ctrl Pts',(107.656489101509,57.3330340495995,-8.27859327385452));
#12436=CARTESIAN_POINT('Ctrl Pts',(107.480534868631,57.4233733793247,-8.42367456196071));
#12437=CARTESIAN_POINT('Ctrl Pts',(107.300043870675,57.5050056776847,-8.56933324599485));
#12438=CARTESIAN_POINT('Ctrl Pts',(107.938134399907,56.8358167279107,-8.53466566877966));
#12439=CARTESIAN_POINT('Ctrl Pts',(107.767124426315,56.9345493821982,-8.67986281616989));
#12440=CARTESIAN_POINT('Ctrl Pts',(107.592818279865,57.0276864867775,-8.82498272403743));
#12441=CARTESIAN_POINT('Ctrl Pts',(107.415487623363,57.11501890378,-8.9704875625236));
#12442=CARTESIAN_POINT('Ctrl Pts',(108.048769724713,56.4373320605093,-8.93593521109503));
#12443=CARTESIAN_POINT('Ctrl Pts',(107.87775975112,56.5360647147969,-9.08113235848526));
#12444=CARTESIAN_POINT('Ctrl Pts',(107.705101691098,56.6319995942303,-9.22629088611415));
#12445=CARTESIAN_POINT('Ctrl Pts',(107.530931376051,56.7250321298753,-9.37164187905235));
#12446=CARTESIAN_POINT('Ctrl Pts',(108.159405049518,56.038847393108,-9.3372047534104));
#12447=CARTESIAN_POINT('Ctrl Pts',(107.988395075925,56.1375800473955,-9.48240190080063));
#12448=CARTESIAN_POINT('Ctrl Pts',(107.817385102332,56.2363127016831,-9.62759904819087));
#12449=CARTESIAN_POINT('Ctrl Pts',(107.646375128739,56.3350453559706,-9.7727961955811));
#12450=CARTESIAN_POINT('Origin',(126.500000000057,41.1521767971595,13.7554967721134));
#12451=CARTESIAN_POINT('Origin',(126.500000000051,34.2999999995294,12.0873668824983));
#12452=CARTESIAN_POINT('Origin',(129.500000000057,41.2575755371969,17.7499999999997));
#12453=CARTESIAN_POINT('Origin',(57.5648057695549,58.0381489725974,17.7499999999997));
#12454=CARTESIAN_POINT('',(59.4999999999999,58.0381489725975,-7.65000000000028));
#12455=CARTESIAN_POINT('Origin',(59.4999999999999,58.0381489725974,-6.65000000000029));
#12456=CARTESIAN_POINT('',(104.5,58.0381489725997,-7.65000000000029));
#12457=CARTESIAN_POINT('',(81.0324028847739,58.0381489725986,-7.65000000000029));
#12458=CARTESIAN_POINT('Origin',(104.5,58.0381489725969,-6.65000000000029));
#12459=CARTESIAN_POINT('Ctrl Pts',(132.399998408443,-42.0256961207044,14.4136043539213));
#12460=CARTESIAN_POINT('Ctrl Pts',(132.401392453142,-42.0204329790886,14.4202036403623));
#12461=CARTESIAN_POINT('Ctrl Pts',(132.404121184409,-42.0093503081128,14.4340485322197));
#12462=CARTESIAN_POINT('Ctrl Pts',(132.421363571021,-41.9457007701146,14.5140582874584));
#12463=CARTESIAN_POINT('Ctrl Pts',(132.461646318244,-41.7522215704354,14.7538796631839));
#12464=CARTESIAN_POINT('Ctrl Pts',(132.489105349123,-41.5393491878025,15.0116718018906));
#12465=CARTESIAN_POINT('Ctrl Pts',(132.500181270822,-41.3406174369787,15.2515722879112));
#12466=CARTESIAN_POINT('Ctrl Pts',(132.499771417135,-41.2743997538653,15.3319164517372));
#12467=CARTESIAN_POINT('Ctrl Pts',(132.499999999985,-41.2630094228132,15.3458500395151));
#12468=CARTESIAN_POINT('Ctrl Pts',(132.499999999985,-41.2575755371143,15.3524986918356));
#12469=CARTESIAN_POINT('Ctrl Pts',(132.428027220896,-41.51277955388,13.9904261283045));
#12470=CARTESIAN_POINT('Ctrl Pts',(132.428863041402,-41.5085289498656,13.9957118710262));
#12471=CARTESIAN_POINT('Ctrl Pts',(132.430348839603,-41.5005879897382,14.0055764732887));
#12472=CARTESIAN_POINT('Ctrl Pts',(132.443245912925,-41.452111070492,14.066684188977));
#12473=CARTESIAN_POINT('Ctrl Pts',(132.477077092271,-41.2903192486118,14.2675273138932));
#12474=CARTESIAN_POINT('Ctrl Pts',(132.495802506689,-41.1276445493936,14.4637808874716));
#12475=CARTESIAN_POINT('Ctrl Pts',(132.50210132604,-40.9608361050178,14.664611768562));
#12476=CARTESIAN_POINT('Ctrl Pts',(132.499977696247,-40.9101618173552,14.7259103134779));
#12477=CARTESIAN_POINT('Ctrl Pts',(132.499999999985,-40.9020592590482,14.7358070512881));
#12478=CARTESIAN_POINT('Ctrl Pts',(132.499999999985,-40.8977165631688,14.741111701772));
#12479=CARTESIAN_POINT('Ctrl Pts',(132.456056033349,-40.9998629870555,13.5672479026878));
#12480=CARTESIAN_POINT('Ctrl Pts',(132.456499246692,-40.9966586023695,13.5711902469708));
#12481=CARTESIAN_POINT('Ctrl Pts',(132.457845263086,-40.9889335876694,13.5806656205679));
#12482=CARTESIAN_POINT('Ctrl Pts',(132.465138758498,-40.9473394626721,13.6315034139232));
#12483=CARTESIAN_POINT('Ctrl Pts',(132.478492776417,-40.8365070827451,13.76661605643));
#12484=CARTESIAN_POINT('Ctrl Pts',(132.493915041025,-40.7014918372452,13.9309739842894));
#12485=CARTESIAN_POINT('Ctrl Pts',(132.498049834154,-40.5906912304019,14.0655708181662));
#12486=CARTESIAN_POINT('Ctrl Pts',(132.499576253707,-40.5489176981202,14.1162626815031));
#12487=CARTESIAN_POINT('Ctrl Pts',(132.499999999985,-40.5411090952831,14.125764063061));
#12488=CARTESIAN_POINT('Ctrl Pts',(132.499999999985,-40.5378575892233,14.1297247117084));
#12489=CARTESIAN_POINT('Ctrl Pts',(132.484084845802,-40.4869464202311,13.1440696770711));
#12490=CARTESIAN_POINT('Ctrl Pts',(132.484306986591,-40.4847903086555,13.1466774950462));
#12491=CARTESIAN_POINT('Ctrl Pts',(132.484741157612,-40.4802642624007,13.1521530292041));
#12492=CARTESIAN_POINT('Ctrl Pts',(132.487509108555,-40.4539940822912,13.1839215889135));
#12493=CARTESIAN_POINT('Ctrl Pts',(132.493952096811,-40.3749785940428,13.2795598388573));
#12494=CARTESIAN_POINT('Ctrl Pts',(132.498274839219,-40.2900477169248,13.3825109180684));
#12495=CARTESIAN_POINT('Ctrl Pts',(132.500029269209,-40.2110173143178,13.4783256428842));
#12496=CARTESIAN_POINT('Ctrl Pts',(132.499963664351,-40.1846898828381,13.5102329276279));
#12497=CARTESIAN_POINT('Ctrl Pts',(132.499999999986,-40.1801589315181,13.515721074834));
#12498=CARTESIAN_POINT('Ctrl Pts',(132.499999999986,-40.1779986152778,13.5183377216448));
#12499=CARTESIAN_POINT('',(132.399998408443,-42.0256961207044,14.4136043539213));
#12500=CARTESIAN_POINT('Ctrl Pts',(132.499999999985,-41.2575755371143,15.3524986918356));
#12501=CARTESIAN_POINT('Ctrl Pts',(132.499999999985,-41.259419961149,15.3502419395191));
#12502=CARTESIAN_POINT('Ctrl Pts',(132.499998382955,-41.2612672175501,15.3479817681575));
#12503=CARTESIAN_POINT('Ctrl Pts',(132.49999463583,-41.2632487107165,15.3455599109488));
#12504=CARTESIAN_POINT('Ctrl Pts',(132.499990799841,-41.2652771956402,15.3430806186057));
#12505=CARTESIAN_POINT('Ctrl Pts',(132.499984734018,-41.2674462761788,15.3404319825925));
#12506=CARTESIAN_POINT('Ctrl Pts',(132.499974840265,-41.2698620209414,15.3374863365211));
#12507=CARTESIAN_POINT('Ctrl Pts',(132.499964680899,-41.2723426202045,15.3344616099078));
#12508=CARTESIAN_POINT('Ctrl Pts',(132.499950494687,-41.2750832103768,15.3311238283996));
#12509=CARTESIAN_POINT('Ctrl Pts',(132.499929354387,-41.2781636063748,15.3273770179569));
#12510=CARTESIAN_POINT('Ctrl Pts',(132.49990755985,-41.2813393325173,15.3235142535975));
#12511=CARTESIAN_POINT('Ctrl Pts',(132.499878378129,-41.2848761114873,15.3192168878616));
#12512=CARTESIAN_POINT('Ctrl Pts',(132.499837228079,-41.2888262161587,15.3144221659765));
#12513=CARTESIAN_POINT('Ctrl Pts',(132.49979322121,-41.293050554541,15.3092945733236));
#12514=CARTESIAN_POINT('Ctrl Pts',(132.499735519798,-41.2977476475738,15.3035981179087));
#12515=CARTESIAN_POINT('Ctrl Pts',(132.499656961304,-41.3029419829286,15.2973035343189));
#12516=CARTESIAN_POINT('Ctrl Pts',(132.499575233636,-41.3083458659914,15.2907550172661));
#12517=CARTESIAN_POINT('Ctrl Pts',(132.499470883459,-41.3142876939045,15.2835594174005));
#12518=CARTESIAN_POINT('Ctrl Pts',(132.499334644093,-41.3207553808445,15.275731444132));
#12519=CARTESIAN_POINT('Ctrl Pts',(132.499189466471,-41.3276473932971,15.267389901051));
#12520=CARTESIAN_POINT('Ctrl Pts',(132.499007980246,-41.3351363063494,15.2583305605771));
#12521=CARTESIAN_POINT('Ctrl Pts',(132.498778778958,-41.3431666276311,15.248620225008));
#12522=CARTESIAN_POINT('Ctrl Pts',(132.498527534259,-41.3519692643208,15.2379759988118));
#12523=CARTESIAN_POINT('Ctrl Pts',(132.498218765056,-41.361422112996,15.2265499583567));
#12524=CARTESIAN_POINT('Ctrl Pts',(132.497839559455,-41.3714086415914,15.214482035947));
#12525=CARTESIAN_POINT('Ctrl Pts',(132.497387899507,-41.383303283891,15.2001083104835));
#12526=CARTESIAN_POINT('Ctrl Pts',(132.496835815403,-41.3959543160798,15.1848248470989));
#12527=CARTESIAN_POINT('Ctrl Pts',(132.496170293886,-41.4091128920642,15.1689299868473));
#12528=CARTESIAN_POINT('Ctrl Pts',(132.495417697519,-41.4239930968629,15.1509554905134));
#12529=CARTESIAN_POINT('Ctrl Pts',(132.494519492737,-41.4395186383903,15.1322035826192));
#12530=CARTESIAN_POINT('Ctrl Pts',(132.493476775989,-41.4553046232996,15.1131352148479));
#12531=CARTESIAN_POINT('Ctrl Pts',(132.492643202486,-41.4679243292353,15.0978914910428));
#12532=CARTESIAN_POINT('Ctrl Pts',(132.491717837015,-41.4807089503955,15.0824473506578));
#12533=CARTESIAN_POINT('Ctrl Pts',(132.490710397216,-41.4934808568804,15.067015328054));
#12534=CARTESIAN_POINT('Ctrl Pts',(132.489828001027,-41.5046675120102,15.0534987309015));
#12535=CARTESIAN_POINT('Ctrl Pts',(132.488882903694,-41.5158440184329,15.0399919107731));
#12536=CARTESIAN_POINT('Ctrl Pts',(132.48788467921,-41.5269175940824,15.0266056351591));
#12537=CARTESIAN_POINT('Ctrl Pts',(132.486960797422,-41.5371664659799,15.014216301461));
#12538=CARTESIAN_POINT('Ctrl Pts',(132.485991575874,-41.5473269225964,15.0019305319645));
#12539=CARTESIAN_POINT('Ctrl Pts',(132.48498456671,-41.5573540160118,14.9898015325565));
#12540=CARTESIAN_POINT('Ctrl Pts',(132.484031662957,-41.5668423655641,14.9783242099333));
#12541=CARTESIAN_POINT('Ctrl Pts',(132.483045052657,-41.5762111224034,14.9669874881869));
#12542=CARTESIAN_POINT('Ctrl Pts',(132.482029032998,-41.5854518038088,14.9558004824663));
#12543=CARTESIAN_POINT('Ctrl Pts',(132.481055825415,-41.5943031101209,14.945084864212));
#12544=CARTESIAN_POINT('Ctrl Pts',(132.480055740631,-41.6030367717066,14.9345067875984));
#12545=CARTESIAN_POINT('Ctrl Pts',(132.479028905223,-41.611675497227,14.9240374439182));
#12546=CARTESIAN_POINT('Ctrl Pts',(132.478033980726,-41.6200457575224,14.9138934554885));
#12547=CARTESIAN_POINT('Ctrl Pts',(132.477014038385,-41.6283267601919,14.9038517192145));
#12548=CARTESIAN_POINT('Ctrl Pts',(132.475964237619,-41.6365700704817,14.8938481215413));
#12549=CARTESIAN_POINT('Ctrl Pts',(132.474764104943,-41.6459938262606,14.8824120044876));
#12550=CARTESIAN_POINT('Ctrl Pts',(132.473524507478,-41.6553730101531,14.8710199992287));
#12551=CARTESIAN_POINT('Ctrl Pts',(132.472230805328,-41.6648150732165,14.8595387226943));
#12552=CARTESIAN_POINT('Ctrl Pts',(132.471078474271,-41.6732253417775,14.8493120785352));
#12553=CARTESIAN_POINT('Ctrl Pts',(132.469883106079,-41.6816851789847,14.8390149825226));
#12554=CARTESIAN_POINT('Ctrl Pts',(132.468637025173,-41.6902350021433,14.828596605272));
#12555=CARTESIAN_POINT('Ctrl Pts',(132.467311666867,-41.6993287769396,14.8175153963742));
#12556=CARTESIAN_POINT('Ctrl Pts',(132.465928845724,-41.7085243231109,14.8062970038216));
#12557=CARTESIAN_POINT('Ctrl Pts',(132.464483727778,-41.7178322346697,14.7949269884547));
#12558=CARTESIAN_POINT('Ctrl Pts',(132.46296251003,-41.7276303001516,14.7829582289334));
#12559=CARTESIAN_POINT('Ctrl Pts',(132.461372166825,-41.7375526653777,14.7708216944236));
#12560=CARTESIAN_POINT('Ctrl Pts',(132.459713283605,-41.7475727603297,14.758548652814));
#12561=CARTESIAN_POINT('Ctrl Pts',(132.457937058478,-41.7583016315416,14.7454074716738));
#12562=CARTESIAN_POINT('Ctrl Pts',(132.456082133261,-41.7691422484792,14.7321101199102));
#12563=CARTESIAN_POINT('Ctrl Pts',(132.454157973861,-41.7800223433811,14.7187444859466));
#12564=CARTESIAN_POINT('Ctrl Pts',(132.452027248942,-41.7920704560989,14.7039440024957));
#12565=CARTESIAN_POINT('Ctrl Pts',(132.44981145683,-41.8041664805121,14.6890603363442));
#12566=CARTESIAN_POINT('Ctrl Pts',(132.447536400258,-41.8161712487516,14.6742650184334));
#12567=CARTESIAN_POINT('Ctrl Pts',(132.4445480327,-41.8319399379347,14.6548308432086));
#12568=CARTESIAN_POINT('Ctrl Pts',(132.441456656528,-41.8475498995828,14.6355503804884));
#12569=CARTESIAN_POINT('Ctrl Pts',(132.438351694851,-41.8626286895524,14.6168885811552));
#12570=CARTESIAN_POINT('Ctrl Pts',(132.435690784373,-41.8755510101437,14.6008956696363));
#12571=CARTESIAN_POINT('Ctrl Pts',(132.433021011556,-41.8880803003519,14.5853608745524));
#12572=CARTESIAN_POINT('Ctrl Pts',(132.430411440795,-41.899984120156,14.5705784158325));
#12573=CARTESIAN_POINT('Ctrl Pts',(132.428199386776,-41.9100746273115,14.5580477737408));
#12574=CARTESIAN_POINT('Ctrl Pts',(132.426031078997,-41.9197150330726,14.5460586549921));
#12575=CARTESIAN_POINT('Ctrl Pts',(132.423949159589,-41.9287843809509,14.5347663583829));
#12576=CARTESIAN_POINT('Ctrl Pts',(132.422040028344,-41.9371010215163,14.5244112619287));
#12577=CARTESIAN_POINT('Ctrl Pts',(132.420203789972,-41.9449371171381,14.5146426035089));
#12578=CARTESIAN_POINT('Ctrl Pts',(132.418469225347,-41.9522246432173,14.5055493574113));
#12579=CARTESIAN_POINT('Ctrl Pts',(132.416835041683,-41.9590904329942,14.4969823464096));
#12580=CARTESIAN_POINT('Ctrl Pts',(132.415291264858,-41.9654690782984,14.4890151599714));
#12581=CARTESIAN_POINT('Ctrl Pts',(132.413855358198,-41.9713310634713,14.481688108678));
#12582=CARTESIAN_POINT('Ctrl Pts',(132.412483419511,-41.9769319040239,14.4746874689964));
#12583=CARTESIAN_POINT('Ctrl Pts',(132.411210060222,-41.9820609164585,14.468271444005));
#12584=CARTESIAN_POINT('Ctrl Pts',(132.41004242241,-41.9867209956347,14.4624390853103));
#12585=CARTESIAN_POINT('Ctrl Pts',(132.408917104558,-41.99121217452,14.4568181151014));
#12586=CARTESIAN_POINT('Ctrl Pts',(132.407890050978,-41.9952676511379,14.4517394642444));
#12587=CARTESIAN_POINT('Ctrl Pts',(132.406958728147,-41.9989195549336,14.4471647995087));
#12588=CARTESIAN_POINT('Ctrl Pts',(132.406068412075,-42.002410662994,14.4427915602818));
#12589=CARTESIAN_POINT('Ctrl Pts',(132.405265598981,-42.005532905141,14.4388789690553));
#12590=CARTESIAN_POINT('Ctrl Pts',(132.404539205732,-42.0083431458128,14.4353568973251));
#12591=CARTESIAN_POINT('Ctrl Pts',(132.4038283697,-42.0110931993605,14.4319102580554));
#12592=CARTESIAN_POINT('Ctrl Pts',(132.403190744878,-42.0135443431584,14.4288377532701));
#12593=CARTESIAN_POINT('Ctrl Pts',(132.402606881322,-42.0157795284051,14.4260359118556));
#12594=CARTESIAN_POINT('Ctrl Pts',(132.402040126363,-42.0179492173859,14.4233161710863));
#12595=CARTESIAN_POINT('Ctrl Pts',(132.401524035351,-42.0199153588732,14.4208515375493));
#12596=CARTESIAN_POINT('Ctrl Pts',(132.401031949473,-42.0217833806008,14.4185097846447));
#12597=CARTESIAN_POINT('Ctrl Pts',(132.400679561216,-42.023121092062,14.4168328289362));
#12598=CARTESIAN_POINT('Ctrl Pts',(132.400339304514,-42.0244090857215,14.41521812629));
#12599=CARTESIAN_POINT('Ctrl Pts',(132.399998408443,-42.0256961207044,14.4136043539213));
#12600=CARTESIAN_POINT('',(132.484084845802,-40.4869464202311,13.1440696770711));
#12601=CARTESIAN_POINT('Ctrl Pts',(132.484084845802,-40.4869464202311,13.1440696770711));
#12602=CARTESIAN_POINT('Ctrl Pts',(132.456056033349,-40.9998629870555,13.5672479026878));
#12603=CARTESIAN_POINT('Ctrl Pts',(132.428027220896,-41.51277955388,13.9904261283045));
#12604=CARTESIAN_POINT('Ctrl Pts',(132.399998408443,-42.0256961207044,14.4136043539213));
#12605=CARTESIAN_POINT('Ctrl Pts',(132.484084845802,-40.4869464202311,13.1440696770711));
#12606=CARTESIAN_POINT('Ctrl Pts',(132.484182032397,-40.4860031214168,13.1452105974352));
#12607=CARTESIAN_POINT('Ctrl Pts',(132.484279127844,-40.4850567343119,13.1463552721085));
#12608=CARTESIAN_POINT('Ctrl Pts',(132.484387013543,-40.4839994777479,13.147634043161));
#12609=CARTESIAN_POINT('Ctrl Pts',(132.484497401541,-40.4829176991936,13.1489424740069));
#12610=CARTESIAN_POINT('Ctrl Pts',(132.484619070962,-40.4817200178138,13.1503910891219));
#12611=CARTESIAN_POINT('Ctrl Pts',(132.484759385237,-40.4803282151071,13.1520745124725));
#12612=CARTESIAN_POINT('Ctrl Pts',(132.484905114521,-40.4788826999486,13.1538229024993));
#12613=CARTESIAN_POINT('Ctrl Pts',(132.485070945807,-40.4772279255107,13.1558244115738));
#12614=CARTESIAN_POINT('Ctrl Pts',(132.485260716464,-40.4753137527846,13.1581397460724));
#12615=CARTESIAN_POINT('Ctrl Pts',(132.48545952813,-40.4733083855046,13.1605653871769));
#12616=CARTESIAN_POINT('Ctrl Pts',(132.485684592261,-40.4710184823321,13.1633352663322));
#12617=CARTESIAN_POINT('Ctrl Pts',(132.485935796854,-40.4684244958974,13.16647314052));
#12618=CARTESIAN_POINT('Ctrl Pts',(132.486202621965,-40.4656692090239,13.1698061354211));
#12619=CARTESIAN_POINT('Ctrl Pts',(132.486498891987,-40.4625710690198,13.173554045649));
#12620=CARTESIAN_POINT('Ctrl Pts',(132.486820007555,-40.4591457241435,13.1776981104791));
#12621=CARTESIAN_POINT('Ctrl Pts',(132.487169808564,-40.4554143912216,13.1822123670254));
#12622=CARTESIAN_POINT('Ctrl Pts',(132.487548998551,-40.4512951190483,13.187196314579));
#12623=CARTESIAN_POINT('Ctrl Pts',(132.487947583106,-40.4468489836441,13.1925762877665));
#12624=CARTESIAN_POINT('Ctrl Pts',(132.488416706552,-40.4416160002483,13.1989083734547));
#12625=CARTESIAN_POINT('Ctrl Pts',(132.488912478136,-40.4359308361369,13.2057883280877));
#12626=CARTESIAN_POINT('Ctrl Pts',(132.489415700064,-40.4299409146104,13.2130380690068));
#12627=CARTESIAN_POINT('Ctrl Pts',(132.490028661698,-40.4226447459074,13.221868791173));
#12628=CARTESIAN_POINT('Ctrl Pts',(132.490651986411,-40.4149000468634,13.2312437791968));
#12629=CARTESIAN_POINT('Ctrl Pts',(132.491254784049,-40.4070066814659,13.2408003872194));
#12630=CARTESIAN_POINT('Ctrl Pts',(132.491702921109,-40.4011385271561,13.2479050438178));
#12631=CARTESIAN_POINT('Ctrl Pts',(132.492139803636,-40.3951895634224,13.2551084273177));
#12632=CARTESIAN_POINT('Ctrl Pts',(132.492557050947,-40.3892674436371,13.2622802169393));
#12633=CARTESIAN_POINT('Ctrl Pts',(132.4929482203,-40.3837154563384,13.2690037697095));
#12634=CARTESIAN_POINT('Ctrl Pts',(132.493322153338,-40.3781878595246,13.2756985860452));
#12635=CARTESIAN_POINT('Ctrl Pts',(132.493675688077,-40.3727446250262,13.2822919939357));
#12636=CARTESIAN_POINT('Ctrl Pts',(132.494007126895,-40.367641592684,13.288473313833));
#12637=CARTESIAN_POINT('Ctrl Pts',(132.494320682634,-40.3626131341669,13.2945649854198));
#12638=CARTESIAN_POINT('Ctrl Pts',(132.494616649316,-40.3576743386819,13.3005486580956));
#12639=CARTESIAN_POINT('Ctrl Pts',(132.494894118081,-40.3530442179146,13.3061583512293));
#12640=CARTESIAN_POINT('Ctrl Pts',(132.495156172495,-40.348493095929,13.3116728877407));
#12641=CARTESIAN_POINT('Ctrl Pts',(132.495405052449,-40.3439981034447,13.3171198892244));
#12642=CARTESIAN_POINT('Ctrl Pts',(132.495642140377,-40.3397160853872,13.3223088097385));
#12643=CARTESIAN_POINT('Ctrl Pts',(132.495867311092,-40.3354851316662,13.3274362876796));
#12644=CARTESIAN_POINT('Ctrl Pts',(132.496083803111,-40.3312499579364,13.3325692175945));
#12645=CARTESIAN_POINT('Ctrl Pts',(132.496298867584,-40.3270427108813,13.3376683010435));
#12646=CARTESIAN_POINT('Ctrl Pts',(132.496505655486,-40.3228254511335,13.3427798478884));
#12647=CARTESIAN_POINT('Ctrl Pts',(132.496706041903,-40.3185511514778,13.3479607659337));
#12648=CARTESIAN_POINT('Ctrl Pts',(132.496916029467,-40.3140720566007,13.3533899181561));
#12649=CARTESIAN_POINT('Ctrl Pts',(132.497118931111,-40.3095305060016,13.3588950302948));
#12650=CARTESIAN_POINT('Ctrl Pts',(132.497314483863,-40.304910843242,13.3644950081449));
#12651=CARTESIAN_POINT('Ctrl Pts',(132.497522280711,-40.3000019306807,13.370445616023));
#12652=CARTESIAN_POINT('Ctrl Pts',(132.497721708706,-40.2950050625833,13.376503046052));
#12653=CARTESIAN_POINT('Ctrl Pts',(132.497910788688,-40.2899406748448,13.382642461707));
#12654=CARTESIAN_POINT('Ctrl Pts',(132.498116918904,-40.2844196073647,13.3893354974442));
#12655=CARTESIAN_POINT('Ctrl Pts',(132.498310650701,-40.278818669139,13.3961255180161));
#12656=CARTESIAN_POINT('Ctrl Pts',(132.498488892173,-40.2732049349772,13.4029311387067));
#12657=CARTESIAN_POINT('Ctrl Pts',(132.498702620772,-40.2664735299507,13.4110917298577));
#12658=CARTESIAN_POINT('Ctrl Pts',(132.498893867155,-40.2597243979673,13.4192739379409));
#12659=CARTESIAN_POINT('Ctrl Pts',(132.499059256003,-40.2531222330464,13.4272779799832));
#12660=CARTESIAN_POINT('Ctrl Pts',(132.499261525892,-40.2450478121614,13.4370668908942));
#12661=CARTESIAN_POINT('Ctrl Pts',(132.499424757252,-40.2371977943045,13.4465837572577));
#12662=CARTESIAN_POINT('Ctrl Pts',(132.499551031606,-40.2299005731015,13.4554302536456));
#12663=CARTESIAN_POINT('Ctrl Pts',(132.499641261196,-40.2246863292405,13.4617515351579));
#12664=CARTESIAN_POINT('Ctrl Pts',(132.499712873051,-40.2197553391646,13.4677293185704));
#12665=CARTESIAN_POINT('Ctrl Pts',(132.499769281885,-40.2152077035108,13.4732422004506));
#12666=CARTESIAN_POINT('Ctrl Pts',(132.49981999809,-40.2111190030428,13.4781987370862));
#12667=CARTESIAN_POINT('Ctrl Pts',(132.499858497191,-40.20734062013,13.4827789458112));
#12668=CARTESIAN_POINT('Ctrl Pts',(132.499888059208,-40.2039188379979,13.4869267036963));
#12669=CARTESIAN_POINT('Ctrl Pts',(132.499915682366,-40.2007214772877,13.490802426225));
#12670=CARTESIAN_POINT('Ctrl Pts',(132.499935541005,-40.1978357556333,13.4943002235684));
#12671=CARTESIAN_POINT('Ctrl Pts',(132.499950307352,-40.1952702010004,13.4974097641437));
#12672=CARTESIAN_POINT('Ctrl Pts',(132.499964049076,-40.1928826676998,13.5003035367328));
#12673=CARTESIAN_POINT('Ctrl Pts',(132.499973395467,-40.1907724935367,13.5028609647278));
#12674=CARTESIAN_POINT('Ctrl Pts',(132.499980141957,-40.1889180291106,13.5051083107801));
#12675=CARTESIAN_POINT('Ctrl Pts',(132.499986681347,-40.1871204917893,13.5072866693109));
#12676=CARTESIAN_POINT('Ctrl Pts',(132.499990781597,-40.1855633989671,13.5091734572864));
#12677=CARTESIAN_POINT('Ctrl Pts',(132.499993602504,-40.1841970386767,13.5108289636548));
#12678=CARTESIAN_POINT('Ctrl Pts',(132.499996306786,-40.1828871684106,13.5124160257076));
#12679=CARTESIAN_POINT('Ctrl Pts',(132.499997831251,-40.181752660725,13.5137904438616));
#12680=CARTESIAN_POINT('Ctrl Pts',(132.499998767085,-40.1807199155026,13.5150414685819));
#12681=CARTESIAN_POINT('Ctrl Pts',(132.499999643638,-40.1797525901981,13.5162132463275));
#12682=CARTESIAN_POINT('Ctrl Pts',(132.499999999986,-40.178874461514,13.5172768675818));
#12683=CARTESIAN_POINT('Ctrl Pts',(132.499999999986,-40.1779986152778,13.5183377216448));
#12684=CARTESIAN_POINT('Ctrl Pts',(31.515915273013,-40.4869475739505,13.1440682819277));
#12685=CARTESIAN_POINT('Ctrl Pts',(31.515693130662,-40.4847914556787,13.146676108553));
#12686=CARTESIAN_POINT('Ctrl Pts',(31.5152587715731,-40.4802656387928,13.1521513623303));
#12687=CARTESIAN_POINT('Ctrl Pts',(31.5124896851966,-40.4539958770784,13.1839194113574));
#12688=CARTESIAN_POINT('Ctrl Pts',(31.5060459843965,-40.3749812065589,13.2795567890318));
#12689=CARTESIAN_POINT('Ctrl Pts',(31.5017225835612,-40.290050015361,13.3825081979029));
#12690=CARTESIAN_POINT('Ctrl Pts',(31.4999690896452,-40.2110175885907,13.4783253091376));
#12691=CARTESIAN_POINT('Ctrl Pts',(31.5000360441837,-40.1846899983642,13.5102327876898));
#12692=CARTESIAN_POINT('Ctrl Pts',(31.4999999999846,-40.1801589396316,13.5157210660513));
#12693=CARTESIAN_POINT('Ctrl Pts',(31.4999999999846,-40.177998615364,13.518337721647));
#12694=CARTESIAN_POINT('Ctrl Pts',(31.5439441565596,-40.9998641742066,13.5672464485642));
#12695=CARTESIAN_POINT('Ctrl Pts',(31.543500991264,-40.9966597831415,13.5711887983594));
#12696=CARTESIAN_POINT('Ctrl Pts',(31.5424016638998,-40.9889310034155,13.5806803020486));
#12697=CARTESIAN_POINT('Ctrl Pts',(31.5365051495247,-40.9473595481012,13.631426168634));
#12698=CARTESIAN_POINT('Ctrl Pts',(31.5237058907726,-40.8366473043122,13.7660477845105));
#12699=CARTESIAN_POINT('Ctrl Pts',(31.5097543467156,-40.7016132051762,13.9304821229716));
#12700=CARTESIAN_POINT('Ctrl Pts',(31.5023087715489,-40.5907544317851,14.065311924107));
#12701=CARTESIAN_POINT('Ctrl Pts',(31.5002904449754,-40.5489228261405,14.1162419164514));
#12702=CARTESIAN_POINT('Ctrl Pts',(31.4999999999846,-40.5411091000755,14.1257640530644));
#12703=CARTESIAN_POINT('Ctrl Pts',(31.4999999999846,-40.5378575893093,14.1297247117107));
#12704=CARTESIAN_POINT('Ctrl Pts',(31.5719730401063,-41.5127807744627,13.9904246152008));
#12705=CARTESIAN_POINT('Ctrl Pts',(31.571137342131,-41.5085301525823,13.995710372986));
#12706=CARTESIAN_POINT('Ctrl Pts',(31.5690896775083,-41.5007520939841,14.0055742683267));
#12707=CARTESIAN_POINT('Ctrl Pts',(31.5561910291656,-41.4506896328889,14.0666807330575));
#12708=CARTESIAN_POINT('Ctrl Pts',(31.5313623994179,-41.2835437333864,14.267521383226));
#12709=CARTESIAN_POINT('Ctrl Pts',(31.5074639548144,-41.1230210584338,14.4637750197466));
#12710=CARTESIAN_POINT('Ctrl Pts',(31.5025402824774,-40.958759966498,14.6646111840642));
#12711=CARTESIAN_POINT('Ctrl Pts',(31.5008737827351,-40.9100009095074,14.7259100086809));
#12712=CARTESIAN_POINT('Ctrl Pts',(31.4999999999846,-40.9020592605195,14.7358070400774));
#12713=CARTESIAN_POINT('Ctrl Pts',(31.4999999999846,-40.8977165632547,14.7411117017744));
#12714=CARTESIAN_POINT('Ctrl Pts',(31.6000019236529,-42.0256973747187,14.4136027818374));
#12715=CARTESIAN_POINT('Ctrl Pts',(31.5986078763395,-42.0204342324284,14.4202020713769));
#12716=CARTESIAN_POINT('Ctrl Pts',(31.595877999485,-42.0093522927999,14.4340462388358));
#12717=CARTESIAN_POINT('Ctrl Pts',(31.5786287539145,-41.9457050619606,14.514054707928));
#12718=CARTESIAN_POINT('Ctrl Pts',(31.538341773353,-41.7522286089234,14.7538736238271));
#12719=CARTESIAN_POINT('Ctrl Pts',(31.5108785462739,-41.5393554178322,15.0116658722525));
#12720=CARTESIAN_POINT('Ctrl Pts',(31.4998084778266,-41.3406184700419,15.2515716795874));
#12721=CARTESIAN_POINT('Ctrl Pts',(31.5002267659482,-41.274400093663,15.3319161426675));
#12722=CARTESIAN_POINT('Ctrl Pts',(31.4999999999845,-41.2630094209634,15.3458500270905));
#12723=CARTESIAN_POINT('Ctrl Pts',(31.4999999999845,-41.2575755372,15.3524986918381));
#12724=CARTESIAN_POINT('',(31.4999999999846,-40.177998615364,13.518337721647));
#12725=CARTESIAN_POINT('',(31.515915273013,-40.4869475739504,13.1440682819278));
#12726=CARTESIAN_POINT('Ctrl Pts',(31.4999999999846,-40.177998615364,13.518337721647));
#12727=CARTESIAN_POINT('Ctrl Pts',(31.4999999999846,-40.1789437572311,13.5171929348239));
#12728=CARTESIAN_POINT('Ctrl Pts',(31.5000004099657,-40.179891983688,13.5160444083077));
#12729=CARTESIAN_POINT('Ctrl Pts',(31.5000014513576,-40.1809511840694,13.5147613188404));
#12730=CARTESIAN_POINT('Ctrl Pts',(31.5000025167467,-40.1820347921134,13.5134486625268));
#12731=CARTESIAN_POINT('Ctrl Pts',(31.5000042407281,-40.1832343772286,13.5119953764901));
#12732=CARTESIAN_POINT('Ctrl Pts',(31.50000731857,-40.1846281933821,13.5103065662236));
#12733=CARTESIAN_POINT('Ctrl Pts',(31.5000105151643,-40.1860757871122,13.5085525966294));
#12734=CARTESIAN_POINT('Ctrl Pts',(31.5000151679914,-40.1877327548436,13.5065447402613));
#12735=CARTESIAN_POINT('Ctrl Pts',(31.5000226072538,-40.1896492450537,13.5042221777715));
#12736=CARTESIAN_POINT('Ctrl Pts',(31.5000304008338,-40.1916570139535,13.5017889961617));
#12737=CARTESIAN_POINT('Ctrl Pts',(31.5000412576315,-40.193949447455,13.4990106198606));
#12738=CARTESIAN_POINT('Ctrl Pts',(31.5000573073708,-40.1965460730092,13.4958633579973));
#12739=CARTESIAN_POINT('Ctrl Pts',(31.5000743547489,-40.1993041026968,13.4925204648952));
#12740=CARTESIAN_POINT('Ctrl Pts',(31.5000972853607,-40.2024050927424,13.4887616724523));
#12741=CARTESIAN_POINT('Ctrl Pts',(31.5001290918886,-40.2058333442617,13.4846060081708));
#12742=CARTESIAN_POINT('Ctrl Pts',(31.5001637381894,-40.2095676793634,13.4800793149251));
#12743=CARTESIAN_POINT('Ctrl Pts',(31.5002089754003,-40.2136899857068,13.4750821261634));
#12744=CARTESIAN_POINT('Ctrl Pts',(31.5002685119276,-40.2181391111545,13.4696885983501));
#12745=CARTESIAN_POINT('Ctrl Pts',(31.5003385679612,-40.2233743523734,13.4633420883552));
#12746=CARTESIAN_POINT('Ctrl Pts',(31.5004285783169,-40.2290614923464,13.4564475524303));
#12747=CARTESIAN_POINT('Ctrl Pts',(31.5005425570757,-40.2350530985399,13.449183804465));
#12748=CARTESIAN_POINT('Ctrl Pts',(31.50068154694,-40.242359482118,13.440326124715));
#12749=CARTESIAN_POINT('Ctrl Pts',(31.5008564970748,-40.2501149667031,13.4309238418081));
#12750=CARTESIAN_POINT('Ctrl Pts',(31.5010674030382,-40.258018738474,13.4213418350354));
#12751=CARTESIAN_POINT('Ctrl Pts',(31.5012240999625,-40.2638910083075,13.4142226859827));
#12752=CARTESIAN_POINT('Ctrl Pts',(31.501400413382,-40.2698437783871,13.4070059724015));
#12753=CARTESIAN_POINT('Ctrl Pts',(31.5015936237109,-40.2757692859898,13.399822419184));
#12754=CARTESIAN_POINT('Ctrl Pts',(31.5017747583943,-40.2813244493673,13.3930878380425));
#12755=CARTESIAN_POINT('Ctrl Pts',(31.501970640381,-40.2868548551405,13.3863833667804));
#12756=CARTESIAN_POINT('Ctrl Pts',(31.5021782417792,-40.2923004811496,13.3797818384072));
#12757=CARTESIAN_POINT('Ctrl Pts',(31.5023728680899,-40.2974057555331,13.3735929055574));
#12758=CARTESIAN_POINT('Ctrl Pts',(31.5025777054331,-40.3024360901435,13.3674949655141));
#12759=CARTESIAN_POINT('Ctrl Pts',(31.5027908945022,-40.3073763782301,13.3615063994721));
#12760=CARTESIAN_POINT('Ctrl Pts',(31.5029907592546,-40.3120078983114,13.3558921188078));
#12761=CARTESIAN_POINT('Ctrl Pts',(31.5031978996539,-40.316560083385,13.3503741997961));
#12762=CARTESIAN_POINT('Ctrl Pts',(31.5034124226849,-40.3210557975643,13.3449250070489));
#12763=CARTESIAN_POINT('Ctrl Pts',(31.5036168711648,-40.3253403814897,13.3397317223515));
#12764=CARTESIAN_POINT('Ctrl Pts',(31.5038279733428,-40.3295735441005,13.334601016541));
#12765=CARTESIAN_POINT('Ctrl Pts',(31.5040481819758,-40.3338106445564,13.3294658935536));
#12766=CARTESIAN_POINT('Ctrl Pts',(31.5042668615262,-40.3380183234763,13.3243664277819));
#12767=CARTESIAN_POINT('Ctrl Pts',(31.504494836256,-40.3422357381299,13.3192555183135));
#12768=CARTESIAN_POINT('Ctrl Pts',(31.5047350692151,-40.3465099220429,13.3140762639286));
#12769=CARTESIAN_POINT('Ctrl Pts',(31.5049868130777,-40.3509889059921,13.3086488425234));
#12770=CARTESIAN_POINT('Ctrl Pts',(31.5052520556452,-40.3555300478433,13.3031465911184));
#12771=CARTESIAN_POINT('Ctrl Pts',(31.5055326642234,-40.3601489941458,13.2975506329319));
#12772=CARTESIAN_POINT('Ctrl Pts',(31.5058308436417,-40.3650571645601,13.2916042731755));
#12773=CARTESIAN_POINT('Ctrl Pts',(31.5061464192481,-40.3700529426068,13.2855524031061));
#12774=CARTESIAN_POINT('Ctrl Pts',(31.5064792546718,-40.3751158774029,13.2794198595502));
#12775=CARTESIAN_POINT('Ctrl Pts',(31.5068421063326,-40.3806354049779,13.2727342622385));
#12776=CARTESIAN_POINT('Ctrl Pts',(31.5072255324211,-40.3862343716533,13.2659532436368));
#12777=CARTESIAN_POINT('Ctrl Pts',(31.5076257042658,-40.3918457008233,13.2591580705282));
#12778=CARTESIAN_POINT('Ctrl Pts',(31.508105578418,-40.3985746395614,13.2510095014145));
#12779=CARTESIAN_POINT('Ctrl Pts',(31.5086096730901,-40.4053206806623,13.2428414035297));
#12780=CARTESIAN_POINT('Ctrl Pts',(31.5091243875345,-40.4119191690538,13.2348530657855));
#12781=CARTESIAN_POINT('Ctrl Pts',(31.5097537604075,-40.4199875449108,13.2250852360085));
#12782=CARTESIAN_POINT('Ctrl Pts',(31.5103989005646,-40.4278307220555,13.2155917392743));
#12783=CARTESIAN_POINT('Ctrl Pts',(31.5110239338687,-40.4351207578012,13.2067690761733));
#12784=CARTESIAN_POINT('Ctrl Pts',(31.5114705954897,-40.4403303668931,13.2004642201329));
#12785=CARTESIAN_POINT('Ctrl Pts',(31.5119066346535,-40.4452564976969,13.1945031427917));
#12786=CARTESIAN_POINT('Ctrl Pts',(31.5123183465414,-40.4497992254242,13.1890065129764));
#12787=CARTESIAN_POINT('Ctrl Pts',(31.5126885112533,-40.4538835318287,13.1840645658235));
#12788=CARTESIAN_POINT('Ctrl Pts',(31.5130388942979,-40.4576574801393,13.179498576184));
#12789=CARTESIAN_POINT('Ctrl Pts',(31.5133614672398,-40.4610749190248,13.1753641820089));
#12790=CARTESIAN_POINT('Ctrl Pts',(31.5136628844321,-40.4642682272666,13.1715009395526));
#12791=CARTESIAN_POINT('Ctrl Pts',(31.5139399523197,-40.4671499759419,13.1680148729889));
#12792=CARTESIAN_POINT('Ctrl Pts',(31.5141891359025,-40.4697117326488,13.164916033713));
#12793=CARTESIAN_POINT('Ctrl Pts',(31.5144210311978,-40.4720957553895,13.1620321910423));
#12794=CARTESIAN_POINT('Ctrl Pts',(31.5146287539731,-40.47420256535,13.1594838067939));
#12795=CARTESIAN_POINT('Ctrl Pts',(31.5148127495574,-40.4760538709996,13.1572445290637));
#12796=CARTESIAN_POINT('Ctrl Pts',(31.514991096822,-40.4778483450337,13.1550739929651));
#12797=CARTESIAN_POINT('Ctrl Pts',(31.5151471278781,-40.4794025681552,13.1531941094779));
#12798=CARTESIAN_POINT('Ctrl Pts',(31.5152848105106,-40.4807662851086,13.1515446586791));
#12799=CARTESIAN_POINT('Ctrl Pts',(31.5154168024802,-40.4820736372675,13.1499633825518));
#12800=CARTESIAN_POINT('Ctrl Pts',(31.5155319277583,-40.4832058305308,13.1485939753896));
#12801=CARTESIAN_POINT('Ctrl Pts',(31.5156371797932,-40.4842364762108,13.147347390395));
#12802=CARTESIAN_POINT('Ctrl Pts',(31.5157355818454,-40.4852000457058,13.1461819352857));
#12803=CARTESIAN_POINT('Ctrl Pts',(31.5158253670775,-40.4860749450741,13.1451237271914));
#12804=CARTESIAN_POINT('Ctrl Pts',(31.515915273013,-40.4869475739504,13.1440682819278));
#12805=CARTESIAN_POINT('',(31.600001923653,-42.0256973747188,14.4136027818372));
#12806=CARTESIAN_POINT('Ctrl Pts',(31.6000019236529,-42.0256973747187,14.4136027818374));
#12807=CARTESIAN_POINT('Ctrl Pts',(31.5719730401063,-41.5127807744627,13.9904246152008));
#12808=CARTESIAN_POINT('Ctrl Pts',(31.5439441565596,-40.9998641742066,13.5672464485642));
#12809=CARTESIAN_POINT('Ctrl Pts',(31.515915273013,-40.4869475739505,13.1440682819277));
#12810=CARTESIAN_POINT('',(31.4999999999845,-41.2575755372,15.3524986918381));
#12811=CARTESIAN_POINT('Ctrl Pts',(31.600001923653,-42.0256973747188,14.4136027818372));
#12812=CARTESIAN_POINT('Ctrl Pts',(31.5995282715807,-42.0239091296369,14.4158450064271));
#12813=CARTESIAN_POINT('Ctrl Pts',(31.5990554718666,-42.0221177461101,14.4180906637456));
#12814=CARTESIAN_POINT('Ctrl Pts',(31.5985506020046,-42.0201969314463,14.420498528462));
#12815=CARTESIAN_POINT('Ctrl Pts',(31.5980337411555,-42.0182304961867,14.4229635815292));
#12816=CARTESIAN_POINT('Ctrl Pts',(31.5974832878428,-42.0161284897979,14.4255985361314));
#12817=CARTESIAN_POINT('Ctrl Pts',(31.5968738096212,-42.0137886836254,14.4285314497978));
#12818=CARTESIAN_POINT('Ctrl Pts',(31.5962479410651,-42.0113859544405,14.431543236563));
#12819=CARTESIAN_POINT('Ctrl Pts',(31.5955598458592,-42.0087325576883,14.4348691063786));
#12820=CARTESIAN_POINT('Ctrl Pts',(31.5947920459199,-42.005751147361,14.4386053009115));
#12821=CARTESIAN_POINT('Ctrl Pts',(31.5940004377177,-42.0026772882102,14.4424573489335));
#12822=CARTESIAN_POINT('Ctrl Pts',(31.5931241297903,-41.9992548654303,14.4467454265726));
#12823=CARTESIAN_POINT('Ctrl Pts',(31.5921542339039,-41.995432569888,14.4515324221198));
#12824=CARTESIAN_POINT('Ctrl Pts',(31.5911183003456,-41.9913500242482,14.4566453516624));
#12825=CARTESIAN_POINT('Ctrl Pts',(31.5899755979364,-41.9868112612143,14.4623274942489));
#12826=CARTESIAN_POINT('Ctrl Pts',(31.5887267677315,-41.9817910901722,14.4686080056046));
#12827=CARTESIAN_POINT('Ctrl Pts',(31.5874257021127,-41.9765609380529,14.4751512148902));
#12828=CARTESIAN_POINT('Ctrl Pts',(31.5860095466527,-41.9708084604952,14.4823436281964));
#12829=CARTESIAN_POINT('Ctrl Pts',(31.5844902522764,-41.9645429416955,14.4901703681207));
#12830=CARTESIAN_POINT('Ctrl Pts',(31.5828709325006,-41.9578649215193,14.4985123951419));
#12831=CARTESIAN_POINT('Ctrl Pts',(31.581134596613,-41.9506042724214,14.5075747465673));
#12832=CARTESIAN_POINT('Ctrl Pts',(31.579306289813,-41.9428114464785,14.5172901618597));
#12833=CARTESIAN_POINT('Ctrl Pts',(31.5773012228571,-41.9342652124483,14.5279448606041));
#12834=CARTESIAN_POINT('Ctrl Pts',(31.5751858122568,-41.9250792113913,14.5393845794256));
#12835=CARTESIAN_POINT('Ctrl Pts',(31.5730021123448,-41.9153622547254,14.5514683593864));
#12836=CARTESIAN_POINT('Ctrl Pts',(31.5703927659018,-41.9037512700044,14.5659075083218));
#12837=CARTESIAN_POINT('Ctrl Pts',(31.5676865833136,-41.8913827315674,14.5812654018983));
#12838=CARTESIAN_POINT('Ctrl Pts',(31.5649600853741,-41.8784947748178,14.5972387521029));
#12839=CARTESIAN_POINT('Ctrl Pts',(31.5618948477472,-41.8640056202906,14.6151966288965));
#12840=CARTESIAN_POINT('Ctrl Pts',(31.55880538433,-41.8488634430979,14.6339278890319));
#12841=CARTESIAN_POINT('Ctrl Pts',(31.555787660339,-41.8334346337495,14.6529727495924));
#12842=CARTESIAN_POINT('Ctrl Pts',(31.5533773619183,-41.8211114276133,14.6681841464815));
#12843=CARTESIAN_POINT('Ctrl Pts',(31.5510126745379,-41.8086069384536,14.6835938078575));
#12844=CARTESIAN_POINT('Ctrl Pts',(31.5487289969652,-41.7960915227914,14.6989906627983));
#12845=CARTESIAN_POINT('Ctrl Pts',(31.5467265805878,-41.7851175247135,14.7124912177207));
#12846=CARTESIAN_POINT('Ctrl Pts',(31.5447862987125,-41.7741355662826,14.7259814466734));
#12847=CARTESIAN_POINT('Ctrl Pts',(31.5429224017491,-41.7632355791393,14.7393512144009));
#12848=CARTESIAN_POINT('Ctrl Pts',(31.5411966844505,-41.753143660575,14.7517298168116));
#12849=CARTESIAN_POINT('Ctrl Pts',(31.5395363479603,-41.7431222863212,14.7640048504132));
#12850=CARTESIAN_POINT('Ctrl Pts',(31.5379454966058,-41.7332152317313,14.7761236252365));
#12851=CARTESIAN_POINT('Ctrl Pts',(31.5364398353478,-41.7238386999548,14.787593439619));
#12852=CARTESIAN_POINT('Ctrl Pts',(31.5349963375971,-41.7145647724847,14.7989230577815));
#12853=CARTESIAN_POINT('Ctrl Pts',(31.533612988301,-41.7054015044186,14.8101038898797));
#12854=CARTESIAN_POINT('Ctrl Pts',(31.5322877758146,-41.6966233329966,14.8208148349366));
#12855=CARTESIAN_POINT('Ctrl Pts',(31.5310176954576,-41.6879468716456,14.8313890596368));
#12856=CARTESIAN_POINT('Ctrl Pts',(31.5297968153886,-41.6793492232166,14.841855948356));
#12857=CARTESIAN_POINT('Ctrl Pts',(31.5286144272952,-41.6710226419317,14.8519928364179));
#12858=CARTESIAN_POINT('Ctrl Pts',(31.5274781268109,-41.662770128619,14.8620288810715));
#12859=CARTESIAN_POINT('Ctrl Pts',(31.5263794330125,-41.6545399231099,14.8720287302291));
#12860=CARTESIAN_POINT('Ctrl Pts',(31.5251404476902,-41.6452588078078,14.8833054538702));
#12861=CARTESIAN_POINT('Ctrl Pts',(31.5239485273725,-41.6360014184774,14.8945418613147));
#12862=CARTESIAN_POINT('Ctrl Pts',(31.522791032614,-41.6266646383784,14.905865829257));
#12863=CARTESIAN_POINT('Ctrl Pts',(31.5217464638974,-41.6182387614281,14.9160850225399));
#12864=CARTESIAN_POINT('Ctrl Pts',(31.5207301105334,-41.6097484884483,14.9263751864541));
#12865=CARTESIAN_POINT('Ctrl Pts',(31.5197392017503,-41.6011531478039,14.9367870977706));
#12866=CARTESIAN_POINT('Ctrl Pts',(31.5186852640939,-41.5920110821276,14.9478612809833));
#12867=CARTESIAN_POINT('Ctrl Pts',(31.5176602078717,-41.582750162108,14.9590731721174));
#12868=CARTESIAN_POINT('Ctrl Pts',(31.5166662137226,-41.5733595135951,14.9704372768144));
#12869=CARTESIAN_POINT('Ctrl Pts',(31.5156199146771,-41.563474720426,14.982399371267));
#12870=CARTESIAN_POINT('Ctrl Pts',(31.5146081799871,-41.5534463679655,14.9945298841782));
#12871=CARTESIAN_POINT('Ctrl Pts',(31.5136375189967,-41.5433011610915,15.0067977535013));
#12872=CARTESIAN_POINT('Ctrl Pts',(31.5125982734206,-41.5324391181467,15.0199324411509));
#12873=CARTESIAN_POINT('Ctrl Pts',(31.5116063064953,-41.5214433837337,15.0332242523045));
#12874=CARTESIAN_POINT('Ctrl Pts',(31.5106712907147,-41.5103874592594,15.0465856856464));
#12875=CARTESIAN_POINT('Ctrl Pts',(31.5096360883548,-41.4981468967523,15.0613787914049));
#12876=CARTESIAN_POINT('Ctrl Pts',(31.5086709911529,-41.4858329947239,15.0762566955399));
#12877=CARTESIAN_POINT('Ctrl Pts',(31.5077870485465,-41.473588623022,15.0910485817749));
#12878=CARTESIAN_POINT('Ctrl Pts',(31.5066297003767,-41.4575570378528,15.1104156338184));
#12879=CARTESIAN_POINT('Ctrl Pts',(31.505612528612,-41.4416457015106,15.1296339626046));
#12880=CARTESIAN_POINT('Ctrl Pts',(31.5047449159634,-41.4262378674501,15.1482447377241));
#12881=CARTESIAN_POINT('Ctrl Pts',(31.5039977856646,-41.4129696656965,15.164271099256));
#12882=CARTESIAN_POINT('Ctrl Pts',(31.5033612374893,-41.4000779605097,15.1798431856674));
#12883=CARTESIAN_POINT('Ctrl Pts',(31.5028281220803,-41.3878089211682,15.1946660174892));
#12884=CARTESIAN_POINT('Ctrl Pts',(31.5023765056554,-41.3774154874199,15.2072228376456));
#12885=CARTESIAN_POINT('Ctrl Pts',(31.5019988084498,-41.3674696765273,15.2192410332063));
#12886=CARTESIAN_POINT('Ctrl Pts',(31.5016847091058,-41.3581012378078,15.2305649383349));
#12887=CARTESIAN_POINT('Ctrl Pts',(31.5013967328033,-41.3495119542127,15.2409470559392));
#12888=CARTESIAN_POINT('Ctrl Pts',(31.5011620596862,-41.3414083965428,15.2507450846119));
#12889=CARTESIAN_POINT('Ctrl Pts',(31.5009701691549,-41.3338649453356,15.2598696307885));
#12890=CARTESIAN_POINT('Ctrl Pts',(31.500789400419,-41.326758705498,15.2684653268113));
#12891=CARTESIAN_POINT('Ctrl Pts',(31.5006465005728,-41.3201497923921,15.2764630229945));
#12892=CARTESIAN_POINT('Ctrl Pts',(31.5005320234799,-41.3140720673854,15.2838218892656));
#12893=CARTESIAN_POINT('Ctrl Pts',(31.5004226522649,-41.308265419513,15.2908525372679));
#12894=CARTESIAN_POINT('Ctrl Pts',(31.5003391661325,-41.3029438308337,15.2972998268938));
#12895=CARTESIAN_POINT('Ctrl Pts',(31.500273810983,-41.2981068956573,15.303164076402));
#12896=CARTESIAN_POINT('Ctrl Pts',(31.5002108268282,-41.2934454378137,15.308815579031));
#12897=CARTESIAN_POINT('Ctrl Pts',(31.5001646532427,-41.2892342646014,15.3139253829783));
#12898=CARTESIAN_POINT('Ctrl Pts',(31.5001294259811,-41.2854419906581,15.3185310784692));
#12899=CARTESIAN_POINT('Ctrl Pts',(31.5000957533097,-41.2818170709537,15.322933523173));
#12900=CARTESIAN_POINT('Ctrl Pts',(31.5000720785002,-41.2785749462782,15.3268753044793));
#12901=CARTESIAN_POINT('Ctrl Pts',(31.500054495978,-41.2756579316985,15.3304257135206));
#12902=CARTESIAN_POINT('Ctrl Pts',(31.5000372901306,-41.2728034090563,15.3339000612554));
#12903=CARTESIAN_POINT('Ctrl Pts',(31.5000259228877,-41.2702603493663,15.3369994629722));
#12904=CARTESIAN_POINT('Ctrl Pts',(31.5000179159197,-41.2679435307307,15.3398264254754));
#12905=CARTESIAN_POINT('Ctrl Pts',(31.5000101445384,-41.2656948791941,15.342570211061));
#12906=CARTESIAN_POINT('Ctrl Pts',(31.5000055473164,-41.2636594105392,15.3450572805737));
#12907=CARTESIAN_POINT('Ctrl Pts',(31.5000028740969,-41.2617282069227,15.3474187555458));
#12908=CARTESIAN_POINT('Ctrl Pts',(31.5000009060453,-41.2603064350348,15.3491572976139));
#12909=CARTESIAN_POINT('Ctrl Pts',(31.4999999999845,-41.2589405573472,15.3508285123261));
#12910=CARTESIAN_POINT('Ctrl Pts',(31.4999999999845,-41.2575755372,15.3524986918381));
#12911=CARTESIAN_POINT('',(31.4999999999846,-40.717787076282,14.4354182067425));
#12912=CARTESIAN_POINT('Ctrl Pts',(31.6000019236529,-42.0256973747187,14.4136027818374));
#12913=CARTESIAN_POINT('Ctrl Pts',(31.7020019390161,-42.4107923347769,13.9307442533305));
#12914=CARTESIAN_POINT('Ctrl Pts',(31.8925286969297,-42.8027566232595,13.4126239874035));
#12915=CARTESIAN_POINT('Ctrl Pts',(32.3947840674296,-43.4265265502881,12.4893041145174));
#12916=CARTESIAN_POINT('Ctrl Pts',(32.6841501094728,-43.673295729182,12.0777564647911));
#12917=CARTESIAN_POINT('Ctrl Pts',(32.9999999996081,-43.8556517483361,11.7096618381067));
#12918=CARTESIAN_POINT('Ctrl Pts',(31.5719730401063,-41.5127807744627,13.9904246152008));
#12919=CARTESIAN_POINT('Ctrl Pts',(31.6536082166527,-41.9020775319483,13.5079865166866));
#12920=CARTESIAN_POINT('Ctrl Pts',(31.8231432042454,-42.3046118705801,12.9935124812737));
#12921=CARTESIAN_POINT('Ctrl Pts',(32.289642186938,-42.958356256793,12.0824283588793));
#12922=CARTESIAN_POINT('Ctrl Pts',(32.5637345448255,-43.2229049382126,11.6785983578893));
#12923=CARTESIAN_POINT('Ctrl Pts',(32.8661269261653,-43.4246253307613,11.3189148984531));
#12924=CARTESIAN_POINT('Ctrl Pts',(31.5439441565596,-40.9998641742066,13.5672464485642));
#12925=CARTESIAN_POINT('Ctrl Pts',(31.6053210850563,-41.3937265709849,13.0853670847906));
#12926=CARTESIAN_POINT('Ctrl Pts',(31.7537895013327,-41.8065319583468,12.5744374865954));
#12927=CARTESIAN_POINT('Ctrl Pts',(32.1845051795859,-42.4902062318751,11.675550269475));
#12928=CARTESIAN_POINT('Ctrl Pts',(32.4434221519401,-42.7726666767678,11.2795409744742));
#12929=CARTESIAN_POINT('Ctrl Pts',(32.7322538527225,-42.9935989131864,10.9281679587996));
#12930=CARTESIAN_POINT('Ctrl Pts',(31.515915273013,-40.4869475739505,13.1440682819277));
#12931=CARTESIAN_POINT('Ctrl Pts',(31.556927362693,-40.8850117681563,12.6626093481467));
#12932=CARTESIAN_POINT('Ctrl Pts',(31.6844040086484,-41.3083872056675,12.1553259804656));
#12933=CARTESIAN_POINT('Ctrl Pts',(32.0793632990944,-42.02203593838,11.2686745138368));
#12934=CARTESIAN_POINT('Ctrl Pts',(32.3230065872928,-42.3222758857984,10.8803828675724));
#12935=CARTESIAN_POINT('Ctrl Pts',(32.5983807792797,-42.5625724956116,10.537421019146));
#12936=CARTESIAN_POINT('',(32.5983807792739,-42.5625724956064,10.5374210191533));
#12937=CARTESIAN_POINT('Ctrl Pts',(31.515915273013,-40.4869475739505,13.1440682819277));
#12938=CARTESIAN_POINT('Ctrl Pts',(31.556927362693,-40.8850117681563,12.6626093481467));
#12939=CARTESIAN_POINT('Ctrl Pts',(31.6844040086484,-41.3083872056675,12.1553259804656));
#12940=CARTESIAN_POINT('Ctrl Pts',(32.0793632990944,-42.02203593838,11.2686745138368));
#12941=CARTESIAN_POINT('Ctrl Pts',(32.3230065872928,-42.3222758857984,10.8803828675724));
#12942=CARTESIAN_POINT('Ctrl Pts',(32.5983807792797,-42.5625724956116,10.537421019146));
#12943=CARTESIAN_POINT('',(32.5983807792739,-42.5625724956064,10.5374210191533));
#12944=CARTESIAN_POINT('Ctrl Pts',(32.9999999996081,-43.8556517483361,11.7096618381067));
#12945=CARTESIAN_POINT('Ctrl Pts',(32.6841501094728,-43.673295729182,12.0777564647911));
#12946=CARTESIAN_POINT('Ctrl Pts',(32.3947840674296,-43.4265265502881,12.4893041145174));
#12947=CARTESIAN_POINT('Ctrl Pts',(31.8925286969297,-42.8027566232595,13.4126239874035));
#12948=CARTESIAN_POINT('Ctrl Pts',(31.7020019390161,-42.4107923347769,13.9307442533305));
#12949=CARTESIAN_POINT('Ctrl Pts',(31.6000019236529,-42.0256973747187,14.4136027818374));
#12950=CARTESIAN_POINT('Ctrl Pts',(33.3413731396213,-43.0516828345965,9.76658176914697));
#12951=CARTESIAN_POINT('Ctrl Pts',(33.2723502611538,-43.0139492114723,9.82570141370848));
#12952=CARTESIAN_POINT('Ctrl Pts',(33.2048151924907,-42.9769871781016,9.88681019892209));
#12953=CARTESIAN_POINT('Ctrl Pts',(33.1388668559315,-42.9408431062689,9.94984511450354));
#12954=CARTESIAN_POINT('Ctrl Pts',(33.4678708291156,-43.4584032390261,10.1558834926501));
#12955=CARTESIAN_POINT('Ctrl Pts',(33.4052761265862,-43.4236753402299,10.2106842704095));
#12956=CARTESIAN_POINT('Ctrl Pts',(33.344083458695,-43.3896986414177,10.2672080952189));
#12957=CARTESIAN_POINT('Ctrl Pts',(33.284369130243,-43.3565100364991,10.3253968091907));
#12958=CARTESIAN_POINT('Ctrl Pts',(33.5943685186099,-43.8651236434557,10.5451852161532));
#12959=CARTESIAN_POINT('Ctrl Pts',(33.5382019920186,-43.8334014689874,10.5956671271105));
#12960=CARTESIAN_POINT('Ctrl Pts',(33.4833517248992,-43.8024101047337,10.6476059915158));
#12961=CARTESIAN_POINT('Ctrl Pts',(33.4298714045545,-43.7721769667294,10.7009485038779));
#12962=CARTESIAN_POINT('Ctrl Pts',(33.7208662081042,-44.2718440478853,10.9344869396563));
#12963=CARTESIAN_POINT('Ctrl Pts',(33.671127857451,-44.243127597745,10.9806499838114));
#12964=CARTESIAN_POINT('Ctrl Pts',(33.6226199911034,-44.2151215680497,11.0280038878126));
#12965=CARTESIAN_POINT('Ctrl Pts',(33.5753736788661,-44.1878438969597,11.0765001985651));
#12966=CARTESIAN_POINT('',(33.341373139619,-43.0516828346093,9.76658176915239));
#12967=CARTESIAN_POINT('',(33.1388668559315,-42.9408431062689,9.94984511450354));
#12968=CARTESIAN_POINT('',(33.575373678866,-44.1878438969597,11.0765001985651));
#12969=CARTESIAN_POINT('Ctrl Pts',(33.1388668559315,-42.9408431062689,9.94984511450354));
#12970=CARTESIAN_POINT('Ctrl Pts',(33.2048151924907,-42.9769871781016,9.88681019892209));
#12971=CARTESIAN_POINT('Ctrl Pts',(33.2723502611538,-43.0139492114723,9.82570141370848));
#12972=CARTESIAN_POINT('Ctrl Pts',(33.3413731396213,-43.0516828345965,9.76658176914697));
#12973=CARTESIAN_POINT('Ctrl Pts',(32.9999999996014,-43.8556517483322,11.7096618381145));
#12974=CARTESIAN_POINT('Ctrl Pts',(33.1874865617172,-43.9638971654455,11.4911631200839));
#12975=CARTESIAN_POINT('Ctrl Pts',(33.3718635339001,-44.0703472599739,11.2853946236365));
#12976=CARTESIAN_POINT('Ctrl Pts',(33.5753736788661,-44.1878438969597,11.0765001985651));
#12977=CARTESIAN_POINT('Ctrl Pts',(32.8661269261589,-43.424625330757,11.3189148984608));
#12978=CARTESIAN_POINT('Ctrl Pts',(33.0456047793522,-43.544335141236,11.1053890682262));
#12979=CARTESIAN_POINT('Ctrl Pts',(33.2273246088239,-43.6571948260903,10.9041305333875));
#12980=CARTESIAN_POINT('Ctrl Pts',(33.4298714045545,-43.7721769667294,10.7009485038779));
#12981=CARTESIAN_POINT('Ctrl Pts',(32.7322538527164,-42.9935989131817,10.9281679588071));
#12982=CARTESIAN_POINT('Ctrl Pts',(32.9037229969872,-43.1247731170265,10.7196150163685));
#12983=CARTESIAN_POINT('Ctrl Pts',(33.0827856837476,-43.2440423922067,10.5228664431384));
#12984=CARTESIAN_POINT('Ctrl Pts',(33.284369130243,-43.3565100364991,10.3253968091907));
#12985=CARTESIAN_POINT('Ctrl Pts',(32.5983807792739,-42.5625724956064,10.5374210191533));
#12986=CARTESIAN_POINT('Ctrl Pts',(32.7618412146222,-42.7052110928169,10.3338409645108));
#12987=CARTESIAN_POINT('Ctrl Pts',(32.9382467586714,-42.8308899583231,10.1416023528893));
#12988=CARTESIAN_POINT('Ctrl Pts',(33.1388668559315,-42.9408431062689,9.94984511450354));
#12989=CARTESIAN_POINT('Ctrl Pts',(32.5983807792739,-42.5625724956064,10.5374210191533));
#12990=CARTESIAN_POINT('Ctrl Pts',(32.7618412146222,-42.7052110928169,10.3338409645108));
#12991=CARTESIAN_POINT('Ctrl Pts',(32.9382467586714,-42.8308899583231,10.1416023528893));
#12992=CARTESIAN_POINT('Ctrl Pts',(33.1388668559315,-42.9408431062689,9.94984511450354));
#12993=CARTESIAN_POINT('Ctrl Pts',(33.7208662081042,-44.2718440478853,10.9344869396563));
#12994=CARTESIAN_POINT('Ctrl Pts',(33.764441740968,-44.2970023935157,10.8940437158409));
#12995=CARTESIAN_POINT('Ctrl Pts',(33.8089616856751,-44.3227059955782,10.8545145483665));
#12996=CARTESIAN_POINT('Ctrl Pts',(33.8544030603402,-44.348941585475,10.8159322491226));
#12997=CARTESIAN_POINT('Ctrl Pts',(33.5943685186099,-43.8651236434557,10.5451852161532));
#12998=CARTESIAN_POINT('Ctrl Pts',(33.6435757458937,-43.8929152898996,10.500958253637));
#12999=CARTESIAN_POINT('Ctrl Pts',(33.693371186889,-43.9213604571386,10.4574522292453));
#13000=CARTESIAN_POINT('Ctrl Pts',(33.743767735545,-43.950456918073,10.4146627068015));
#13001=CARTESIAN_POINT('Ctrl Pts',(33.4678708291156,-43.4584032390261,10.1558834926501));
#13002=CARTESIAN_POINT('Ctrl Pts',(33.5227097508194,-43.4888281862834,10.1078727914332));
#13003=CARTESIAN_POINT('Ctrl Pts',(33.5777806881029,-43.5200149186989,10.060389910124));
#13004=CARTESIAN_POINT('Ctrl Pts',(33.6331324107499,-43.5519722506711,10.0133931644804));
#13005=CARTESIAN_POINT('Ctrl Pts',(33.3413731396213,-43.0516828345965,9.76658176914697));
#13006=CARTESIAN_POINT('Ctrl Pts',(33.4018437557451,-43.0847410826673,9.71478732922929));
#13007=CARTESIAN_POINT('Ctrl Pts',(33.4621901893168,-43.1186693802592,9.66332759100278));
#13008=CARTESIAN_POINT('Ctrl Pts',(33.5224970859548,-43.1534875832692,9.61212362215922));
#13009=CARTESIAN_POINT('Origin',(94.2175971150401,-57.538148973257,-9.65000000000028));
#13010=CARTESIAN_POINT('',(94.2175971150401,-58.038148973257,-9.15000000000028));
#13011=CARTESIAN_POINT('Ctrl Pts',(130.861133144047,-42.9408431061756,9.9498451145103));
#13012=CARTESIAN_POINT('Ctrl Pts',(130.795184807485,-42.97698717801,9.88681019892619));
#13013=CARTESIAN_POINT('Ctrl Pts',(130.727649738819,-43.0139492113824,9.82570141371008));
#13014=CARTESIAN_POINT('Ctrl Pts',(130.658626860349,-43.0516828345084,9.76658176914622));
#13015=CARTESIAN_POINT('Ctrl Pts',(130.715630869735,-43.3565100364065,10.3253968091977));
#13016=CARTESIAN_POINT('Ctrl Pts',(130.655916541281,-43.3896986413265,10.2672080952234));
#13017=CARTESIAN_POINT('Ctrl Pts',(130.594723873388,-43.4236753401403,10.2106842704117));
#13018=CARTESIAN_POINT('Ctrl Pts',(130.532129170856,-43.4584032389382,10.1558834926501));
#13019=CARTESIAN_POINT('Ctrl Pts',(130.570128595424,-43.7721769666374,10.7009485038851));
#13020=CARTESIAN_POINT('Ctrl Pts',(130.516648275078,-43.8024101046431,10.6476059915207));
#13021=CARTESIAN_POINT('Ctrl Pts',(130.461798007956,-43.8334014688982,10.5956671271132));
#13022=CARTESIAN_POINT('Ctrl Pts',(130.405631481362,-43.8651236433681,10.5451852161539));
#13023=CARTESIAN_POINT('Ctrl Pts',(130.424626321113,-44.1878438968683,11.0765001985725));
#13024=CARTESIAN_POINT('Ctrl Pts',(130.377380008874,-44.2151215679596,11.0280038878179));
#13025=CARTESIAN_POINT('Ctrl Pts',(130.328872142524,-44.2431275976561,10.9806499838148));
#13026=CARTESIAN_POINT('Ctrl Pts',(130.279133791869,-44.2718440477979,10.9344869396578));
#13027=CARTESIAN_POINT('',(130.279133791869,-44.2718440477979,10.9344869396578));
#13028=CARTESIAN_POINT('',(130.861133144047,-42.9408431061756,9.94984511451029));
#13029=CARTESIAN_POINT('Ctrl Pts',(130.658626860349,-43.0516828345084,9.76658176914622));
#13030=CARTESIAN_POINT('Ctrl Pts',(130.727649738819,-43.0139492113824,9.82570141371008));
#13031=CARTESIAN_POINT('Ctrl Pts',(130.795184807485,-42.97698717801,9.88681019892619));
#13032=CARTESIAN_POINT('Ctrl Pts',(130.861133144047,-42.9408431061756,9.9498451145103));
#13033=CARTESIAN_POINT('',(130.861133144047,-42.9408431061756,9.94984511451029));
#13034=CARTESIAN_POINT('Ctrl Pts',(130.145596939631,-44.3489415853894,10.8159322491223));
#13035=CARTESIAN_POINT('Ctrl Pts',(130.191038314297,-44.322705995492,10.8545145483667));
#13036=CARTESIAN_POINT('Ctrl Pts',(130.235558259005,-44.2970023934289,10.8940437158418));
#13037=CARTESIAN_POINT('Ctrl Pts',(130.279133791869,-44.2718440477979,10.9344869396578));
#13038=CARTESIAN_POINT('Ctrl Pts',(130.256232264425,-43.9504569179875,10.4146627068002));
#13039=CARTESIAN_POINT('Ctrl Pts',(130.306628813082,-43.9213604570523,10.4574522292446));
#13040=CARTESIAN_POINT('Ctrl Pts',(130.356424254078,-43.8929152898126,10.5009582536371));
#13041=CARTESIAN_POINT('Ctrl Pts',(130.405631481363,-43.8651236433681,10.5451852161539));
#13042=CARTESIAN_POINT('Ctrl Pts',(130.366867589219,-43.5519722505855,10.0133931644781));
#13043=CARTESIAN_POINT('Ctrl Pts',(130.422219311867,-43.5200149186125,10.0603899101225));
#13044=CARTESIAN_POINT('Ctrl Pts',(130.477290249151,-43.4888281861963,10.1078727914324));
#13045=CARTESIAN_POINT('Ctrl Pts',(130.532129170856,-43.4584032389382,10.1558834926501));
#13046=CARTESIAN_POINT('Ctrl Pts',(130.477502914013,-43.1534875831836,9.61212362215601));
#13047=CARTESIAN_POINT('Ctrl Pts',(130.537809810652,-43.1186693801728,9.66332759100038));
#13048=CARTESIAN_POINT('Ctrl Pts',(130.598156244224,-43.08474108258,9.71478732922771));
#13049=CARTESIAN_POINT('Ctrl Pts',(130.658626860349,-43.0516828345084,9.76658176914623));
#13050=CARTESIAN_POINT('Ctrl Pts',(131.000000000056,-43.8556517484236,11.7096618377504));
#13051=CARTESIAN_POINT('Ctrl Pts',(131.349497011052,-43.6538695550311,12.1169691561696));
#13052=CARTESIAN_POINT('Ctrl Pts',(131.663586731849,-43.3769045045345,12.5719774757703));
#13053=CARTESIAN_POINT('Ctrl Pts',(132.143870938333,-42.7298241787259,13.5095117561234));
#13054=CARTESIAN_POINT('Ctrl Pts',(132.307786033928,-42.3738390360822,13.9770789877569));
#13055=CARTESIAN_POINT('Ctrl Pts',(132.399998408443,-42.0256961207044,14.4136043539213));
#13056=CARTESIAN_POINT('Ctrl Pts',(131.133873073512,-43.4246253308674,11.3189148981049));
#13057=CARTESIAN_POINT('Ctrl Pts',(131.468739081027,-43.2017830607696,11.7170759860171));
#13058=CARTESIAN_POINT('Ctrl Pts',(131.765674667944,-42.9051254978268,12.1635294067874));
#13059=CARTESIAN_POINT('Ctrl Pts',(132.209403236817,-42.2297744718718,13.0897482073126));
#13060=CARTESIAN_POINT('Ctrl Pts',(132.354230258138,-41.8647223680904,13.5542821785081));
#13061=CARTESIAN_POINT('Ctrl Pts',(132.428027220896,-41.51277955388,13.9904261283045));
#13062=CARTESIAN_POINT('Ctrl Pts',(131.267746146968,-42.9935989133111,10.9281679584595));
#13063=CARTESIAN_POINT('Ctrl Pts',(131.58708663433,-42.7487638623375,11.3168113635375));
#13064=CARTESIAN_POINT('Ctrl Pts',(131.867733458381,-42.4333590514793,11.7551235256193));
#13065=CARTESIAN_POINT('Ctrl Pts',(132.2746975864,-41.7294363997697,12.6698765391827));
#13066=CARTESIAN_POINT('Ctrl Pts',(132.400580648432,-41.3557693690756,13.1318015687141));
#13067=CARTESIAN_POINT('Ctrl Pts',(132.456056033349,-40.9998629870555,13.5672479026878));
#13068=CARTESIAN_POINT('Ctrl Pts',(131.401619220424,-42.5625724957548,10.5374210188141));
#13069=CARTESIAN_POINT('Ctrl Pts',(131.706328704305,-42.296677368076,10.916918193385));
#13070=CARTESIAN_POINT('Ctrl Pts',(131.969821394476,-41.9615800447716,11.3466754566364));
#13071=CARTESIAN_POINT('Ctrl Pts',(132.340229884883,-41.2293866929155,12.2501129903719));
#13072=CARTESIAN_POINT('Ctrl Pts',(132.447024872641,-40.8466527010838,12.7090047594653));
#13073=CARTESIAN_POINT('Ctrl Pts',(132.484084845802,-40.4869464202311,13.1440696770711));
#13074=CARTESIAN_POINT('Ctrl Pts',(132.399998408443,-42.0256961207044,14.4136043539213));
#13075=CARTESIAN_POINT('Ctrl Pts',(132.307786033928,-42.3738390360822,13.9770789877569));
#13076=CARTESIAN_POINT('Ctrl Pts',(132.143870938333,-42.7298241787259,13.5095117561234));
#13077=CARTESIAN_POINT('Ctrl Pts',(131.663586731849,-43.3769045045345,12.5719774757703));
#13078=CARTESIAN_POINT('Ctrl Pts',(131.349497011052,-43.6538695550311,12.1169691561696));
#13079=CARTESIAN_POINT('Ctrl Pts',(131.000000000056,-43.8556517484236,11.7096618377504));
#13080=CARTESIAN_POINT('',(131.401619220424,-42.5625724957548,10.5374210188141));
#13081=CARTESIAN_POINT('',(131.000000000057,-43.855651748423,11.709661837749));
#13082=CARTESIAN_POINT('Ctrl Pts',(131.401619220424,-42.5625724957548,10.5374210188141));
#13083=CARTESIAN_POINT('Ctrl Pts',(131.706328704305,-42.296677368076,10.916918193385));
#13084=CARTESIAN_POINT('Ctrl Pts',(131.969821394476,-41.9615800447716,11.3466754566364));
#13085=CARTESIAN_POINT('Ctrl Pts',(132.340229884883,-41.2293866929155,12.2501129903719));
#13086=CARTESIAN_POINT('Ctrl Pts',(132.447024872641,-40.8466527010838,12.7090047594653));
#13087=CARTESIAN_POINT('Ctrl Pts',(132.484084845802,-40.4869464202311,13.1440696770711));
#13088=CARTESIAN_POINT('Ctrl Pts',(130.424626321113,-44.1878438968683,11.0765001985725));
#13089=CARTESIAN_POINT('Ctrl Pts',(130.625573336492,-44.0718270834385,11.282763681185));
#13090=CARTESIAN_POINT('Ctrl Pts',(130.817148859762,-43.9612209035011,11.4965652867646));
#13091=CARTESIAN_POINT('Ctrl Pts',(131.000000000056,-43.8556517484236,11.7096618377504));
#13092=CARTESIAN_POINT('Ctrl Pts',(130.570128595424,-43.7721769666374,10.7009485038851));
#13093=CARTESIAN_POINT('Ctrl Pts',(130.77012439457,-43.6586429804698,10.9015715362929));
#13094=CARTESIAN_POINT('Ctrl Pts',(130.958832634642,-43.5413754333949,11.1106682851296));
#13095=CARTESIAN_POINT('Ctrl Pts',(131.133873073512,-43.4246253308674,11.318914898105));
#13096=CARTESIAN_POINT('Ctrl Pts',(130.715630869735,-43.3565100364065,10.3253968091977));
#13097=CARTESIAN_POINT('Ctrl Pts',(130.914675452648,-43.2454588775011,10.5203793914008));
#13098=CARTESIAN_POINT('Ctrl Pts',(131.100516409522,-43.1215299632888,10.7247712834945));
#13099=CARTESIAN_POINT('Ctrl Pts',(131.267746146968,-42.9935989133111,10.9281679584595));
#13100=CARTESIAN_POINT('Ctrl Pts',(130.861133144047,-42.9408431061756,9.9498451145103));
#13101=CARTESIAN_POINT('Ctrl Pts',(131.059226510725,-42.8322747745323,10.1391872465087));
#13102=CARTESIAN_POINT('Ctrl Pts',(131.242200184401,-42.7016844931826,10.3388742818594));
#13103=CARTESIAN_POINT('Ctrl Pts',(131.401619220424,-42.5625724957548,10.5374210188141));
#13104=CARTESIAN_POINT('Ctrl Pts',(130.861133144047,-42.9408431061756,9.9498451145103));
#13105=CARTESIAN_POINT('Ctrl Pts',(131.059226510725,-42.8322747745323,10.1391872465087));
#13106=CARTESIAN_POINT('Ctrl Pts',(131.242200184401,-42.7016844931826,10.3388742818594));
#13107=CARTESIAN_POINT('Ctrl Pts',(131.401619220424,-42.5625724957548,10.5374210188141));
#13108=CARTESIAN_POINT('Origin',(37.4999999999846,-40.4995412011585,13.5966157366458));
#13109=CARTESIAN_POINT('',(31.5000000000182,-34.2999999998844,12.0873668825947));
#13110=CARTESIAN_POINT('',(31.4999999999846,-40.4995412011583,13.5966157366458));
#13111=CARTESIAN_POINT('Origin',(37.4999999999848,-34.2999999998802,12.0873668825937));
#13112=CARTESIAN_POINT('Origin',(34.4999999999845,-41.2575755372001,17.7499999999997));
#13113=CARTESIAN_POINT('',(31.4999999999845,-41.2575755372,17.7499999999997));
#13114=CARTESIAN_POINT('Origin',(59.1725009246105,-52.0381489732567,17.7499999999997));
#13115=CARTESIAN_POINT('',(59.1725009246104,-58.0381489732566,-7.59485149924233));
#13116=CARTESIAN_POINT('',(59.1725009246104,-58.0381489732567,17.7499999999997));
#13117=CARTESIAN_POINT('Ctrl Pts',(59.1725009246104,-58.0381489732567,-7.59485149924233));
#13118=CARTESIAN_POINT('Ctrl Pts',(59.1539292719836,-58.0381489732567,-7.58841429819158));
#13119=CARTESIAN_POINT('Ctrl Pts',(59.1355272825669,-58.0380625905077,-7.58142190101345));
#13120=CARTESIAN_POINT('Ctrl Pts',(58.994135547167,-58.0367628730988,-7.52286140632702));
#13121=CARTESIAN_POINT('Ctrl Pts',(58.8816630603178,-58.0317559916464,-7.44587662269263));
#13122=CARTESIAN_POINT('Ctrl Pts',(58.7041287884745,-58.0205012139526,-7.26834235084938));
#13123=CARTESIAN_POINT('Ctrl Pts',(58.6271960845985,-58.0135379182571,-7.15595272514012));
#13124=CARTESIAN_POINT('Ctrl Pts',(58.5251286829296,-58.0033429863368,-6.9096164979364));
#13125=CARTESIAN_POINT('Ctrl Pts',(58.4999999999985,-58.0003417331728,-6.77565792359089));
#13126=CARTESIAN_POINT('Ctrl Pts',(58.4999999999985,-58.0003417331728,-6.65000000000028));
#13127=CARTESIAN_POINT('Origin',(106.43519423008,-58.0381489732572,17.7499999999997));
#13128=CARTESIAN_POINT('',(104.8274990754,-58.0381489732572,-7.59485149923752));
#13129=CARTESIAN_POINT('',(104.8274990754,-58.0381489732572,17.7499999999997));
#13130=CARTESIAN_POINT('',(104.499999999999,-58.0381489732571,-7.65000000000029));
#13131=CARTESIAN_POINT('Origin',(104.499999999999,-58.0381489732571,-6.65000000000029));
#13132=CARTESIAN_POINT('',(59.4999999999985,-58.0381489732566,-7.65000000000028));
#13133=CARTESIAN_POINT('',(105.467597115039,-58.0381489732572,-7.65000000000029));
#13134=CARTESIAN_POINT('Origin',(59.4999999999985,-58.0381489732566,-6.65000000000029));
#13135=CARTESIAN_POINT('Origin',(104.827499075401,-52.0381489732572,17.7499999999997));
#13136=CARTESIAN_POINT('Ctrl Pts',(105.499999999999,-58.0003417331748,-6.65000000000028));
#13137=CARTESIAN_POINT('Ctrl Pts',(105.499999999999,-58.0003417331748,-6.77565792359088));
#13138=CARTESIAN_POINT('Ctrl Pts',(105.474871317067,-58.0033429863389,-6.90961649793638));
#13139=CARTESIAN_POINT('Ctrl Pts',(105.372803915399,-58.0135379182588,-7.1559527251401));
#13140=CARTESIAN_POINT('Ctrl Pts',(105.295871211522,-58.0205012139542,-7.26834235084938));
#13141=CARTESIAN_POINT('Ctrl Pts',(105.118336939679,-58.0317559916475,-7.44587662269264));
#13142=CARTESIAN_POINT('Ctrl Pts',(105.00586445283,-58.0367628730998,-7.52286140632702));
#13143=CARTESIAN_POINT('Ctrl Pts',(104.864472717435,-58.0380625905082,-7.58142190101158));
#13144=CARTESIAN_POINT('Ctrl Pts',(104.846070728023,-58.0381489732572,-7.58841429818811));
#13145=CARTESIAN_POINT('Ctrl Pts',(104.8274990754,-58.0381489732572,-7.59485149923752));
#13146=CARTESIAN_POINT('Origin',(59.4999999999985,-58.0381489732566,-6.65000000000029));
#13147=CARTESIAN_POINT('',(59.4999999999985,-58.0381489732566,-7.65000000000028));
#13148=CARTESIAN_POINT('Origin',(104.499999999999,-58.0381489732571,-6.65000000000029));
#13149=CARTESIAN_POINT('',(104.499999999999,-58.0381489732571,-7.65000000000029));
#13150=CARTESIAN_POINT('Origin',(129.00000000018,26.099999999523,17.7499999999997));
#13151=CARTESIAN_POINT('Origin',(132.50000000008,12.0999999999927,17.7499999999997));
#13152=CARTESIAN_POINT('Origin',(124.1,7.40000000010587,17.7499999999997));
#13153=CARTESIAN_POINT('',(124.1,-7.39999999989412,17.7499999999997));
#13154=CARTESIAN_POINT('Origin',(128.8,-7.40000000000735,17.7499999999997));
#13155=CARTESIAN_POINT('',(128.799999999935,-12.1000000000074,17.7499999999997));
#13156=CARTESIAN_POINT('Origin',(128.799999999935,-12.0999999998869,17.7499999999997));
#13157=CARTESIAN_POINT('Origin',(132.499999999983,-26.099999999882,17.7499999999997));
#13158=CARTESIAN_POINT('',(129.000000000084,-26.099999999882,17.7499999999997));
#13159=CARTESIAN_POINT('Origin',(129.000000000084,-31.199999999882,17.7499999999997));
#13160=CARTESIAN_POINT('Origin',(35.2,12.0999999999928,17.7499999999997));
#13161=CARTESIAN_POINT('',(35.2,12.0999999999928,17.7499999999997));
#13162=CARTESIAN_POINT('Origin',(31.4999999999848,-12.1000000000072,17.7499999999997));
#13163=CARTESIAN_POINT('Origin',(35.2,7.39999999999277,17.7499999999997));
#13164=CARTESIAN_POINT('',(39.9,7.39999999999277,17.7499999999997));
#13165=CARTESIAN_POINT('Origin',(39.9,-7.40000000000723,17.7499999999997));
#13166=CARTESIAN_POINT('Origin',(34.4999999999873,41.2575755375667,17.7499999999997));
#13167=CARTESIAN_POINT('Origin',(31.4999999999871,34.2999999995199,17.7499999999997));
#13168=CARTESIAN_POINT('',(31.4999999999854,10.0999999999928,17.7499999999997));
#13169=CARTESIAN_POINT('Origin',(37.4999999999871,35.1661966079104,12.2982383317897));
#13170=CARTESIAN_POINT('Origin',(37.4999999999871,34.2999999995377,12.0873668824123));
#13171=CARTESIAN_POINT('Origin',(129.499999999985,-41.2575755371116,17.7499999999997));
#13172=CARTESIAN_POINT('Origin',(126.499999999991,-34.513561011627,12.1393572963891));
#13173=CARTESIAN_POINT('Origin',(126.499999999991,-34.2999999998793,12.0873668826173));
#13174=CARTESIAN_POINT('Origin',(129.000000000084,-34.299999999882,17.7499999999997));
#13175=CARTESIAN_POINT('',(129.000000000084,-34.299999999882,17.7499999999997));
#13176=CARTESIAN_POINT('Origin',(126.500000000026,5.69740658610047,10.6266384735554));
#13177=CARTESIAN_POINT('Origin',(126.499999999996,-28.0999999998767,10.6266384735554));
#13178=CARTESIAN_POINT('Origin',(126.500000000012,-10.0999999998849,10.6266384735554));
#13179=CARTESIAN_POINT('Origin',(128.8,-10.0999999998869,17.7499999999997));
#13180=CARTESIAN_POINT('',(128.8,-10.1000000000074,17.7499999999997));
#13181=CARTESIAN_POINT('Origin',(126.500000000043,24.7974065858592,10.6266384735554));
#13182=CARTESIAN_POINT('Origin',(126.50000000003,10.0999999999979,10.6266384735554));
#13183=CARTESIAN_POINT('Origin',(126.500000000046,28.0999999995252,10.6266384735554));
#13184=CARTESIAN_POINT('Origin',(129.000000000187,28.099999999523,17.7499999999997));
#13185=CARTESIAN_POINT('',(129.000000000187,28.099999999523,17.7499999999997));
#13186=CARTESIAN_POINT('Origin',(34.9999999997915,34.2999999995303,17.7499999999997));
#13187=CARTESIAN_POINT('',(34.9999999997915,34.2999999995303,17.7499999999997));
#13188=CARTESIAN_POINT('Origin',(35.2,10.0999999999928,17.7499999999997));
#13189=CARTESIAN_POINT('',(35.2,10.0999999999928,17.7499999999997));
#13190=CARTESIAN_POINT('Origin',(34.999999999917,-28.099999999882,17.7499999999997));
#13191=CARTESIAN_POINT('',(31.5000000000183,-28.099999999882,17.7499999999997));
#13192=CARTESIAN_POINT('',(34.999999999917,-28.099999999882,17.7499999999997));
#13193=CARTESIAN_POINT('Origin',(31.5000000000182,-34.2999999998844,17.7499999999997));
#13194=CARTESIAN_POINT('',(34.999999999917,-34.299999999882,17.7499999999997));
#13195=CARTESIAN_POINT('',(31.5000000000182,-34.2999999998844,17.7499999999997));
#13196=CARTESIAN_POINT('Origin',(34.9999999998028,31.1999999995303,17.7499999999997));
#13197=CARTESIAN_POINT('',(34.9999999998142,28.0999999995303,17.7499999999997));
#13198=CARTESIAN_POINT('Origin',(129.000000000084,-31.199999999882,17.7499999999997));
#13199=CARTESIAN_POINT('',(129.000000000084,-28.099999999882,17.7499999999997));
#13200=CARTESIAN_POINT('Origin',(132.499999999983,-28.099999999882,17.7499999999997));
#13201=CARTESIAN_POINT('Origin',(128.8,-7.40000000000735,17.7499999999997));
#13202=CARTESIAN_POINT('',(126.1,-7.39999999989413,17.7499999999997));
#13203=CARTESIAN_POINT('Origin',(126.1,7.40000000010587,17.7499999999997));
#13204=CARTESIAN_POINT('',(126.09999999988,7.40000000010587,17.7499999999997));
#13205=CARTESIAN_POINT('Origin',(128.8,7.39999999999265,17.7499999999997));
#13206=CARTESIAN_POINT('',(128.8,10.1000000001131,17.7499999999997));
#13207=CARTESIAN_POINT('Origin',(31.4999999999848,-10.1000000000072,17.7499999999997));
#13208=CARTESIAN_POINT('',(35.2,-10.1000000000072,17.7499999999997));
#13209=CARTESIAN_POINT('Origin',(31.499999999985,-28.099999999882,17.7499999999997));
#13210=CARTESIAN_POINT('Origin',(34.999999999917,-31.199999999882,17.7499999999997));
#13211=CARTESIAN_POINT('Origin',(104.499999999999,-58.0381489732571,-7.65000000000029));
#13212=CARTESIAN_POINT('Origin',(132.500000000015,10.0999999999927,17.7499999999997));
#13213=CARTESIAN_POINT('Origin',(129.000000000199,31.199999999523,17.7499999999997));
#13214=CARTESIAN_POINT('',(129.00000000021,34.299999999523,17.7499999999997));
#13215=CARTESIAN_POINT('Origin',(132.500000000108,34.299999999514,17.7499999999997));
#13216=CARTESIAN_POINT('Origin',(31.4999999999155,28.0999999995175,17.7499999999997));
#13217=CARTESIAN_POINT('Origin',(35.2,7.39999999999277,17.7499999999997));
#13218=CARTESIAN_POINT('',(37.9,7.39999999999277,17.7499999999997));
#13219=CARTESIAN_POINT('Origin',(37.9,-7.40000000000723,17.7499999999997));
#13220=CARTESIAN_POINT('',(37.9,-7.40000000000723,17.7499999999997));
#13221=CARTESIAN_POINT('Origin',(35.2,-7.40000000000723,17.7499999999997));
#13222=UNCERTAINTY_MEASURE_WITH_UNIT(LENGTH_MEASURE(0.01),#13226,
'DISTANCE_ACCURACY_VALUE',
'Maximum model space distance between geometric entities at asserted c
onnectivities');
#13223=UNCERTAINTY_MEASURE_WITH_UNIT(LENGTH_MEASURE(0.01),#13226,
'DISTANCE_ACCURACY_VALUE',
'Maximum model space distance between geometric entities at asserted c
onnectivities');
#13224=(
GEOMETRIC_REPRESENTATION_CONTEXT(3)
GLOBAL_UNCERTAINTY_ASSIGNED_CONTEXT((#13222))
GLOBAL_UNIT_ASSIGNED_CONTEXT((#13226,#13228,#13229))
REPRESENTATION_CONTEXT('','3D')
);
#13225=(
GEOMETRIC_REPRESENTATION_CONTEXT(3)
GLOBAL_UNCERTAINTY_ASSIGNED_CONTEXT((#13223))
GLOBAL_UNIT_ASSIGNED_CONTEXT((#13226,#13228,#13229))
REPRESENTATION_CONTEXT('','3D')
);
#13226=(
LENGTH_UNIT()
NAMED_UNIT(*)
SI_UNIT(.MILLI.,.METRE.)
);
#13227=(
LENGTH_UNIT()
NAMED_UNIT(*)
SI_UNIT($,.METRE.)
);
#13228=(
NAMED_UNIT(*)
PLANE_ANGLE_UNIT()
SI_UNIT($,.RADIAN.)
);
#13229=(
NAMED_UNIT(*)
SI_UNIT($,.STERADIAN.)
SOLID_ANGLE_UNIT()
);
#13230=SHAPE_DEFINITION_REPRESENTATION(#13231,#13232);
#13231=PRODUCT_DEFINITION_SHAPE('',$,#13234);
#13232=SHAPE_REPRESENTATION('',(#6328),#13224);
#13233=PRODUCT_DEFINITION_CONTEXT('part definition',#13238,'design');
#13234=PRODUCT_DEFINITION('(Unsaved)','(Unsaved)',#13235,#13233);
#13235=PRODUCT_DEFINITION_FORMATION('',$,#13240);
#13236=PRODUCT_RELATED_PRODUCT_CATEGORY('(Unsaved)','(Unsaved)',(#13240));
#13237=APPLICATION_PROTOCOL_DEFINITION('international standard',
'automotive_design',2009,#13238);
#13238=APPLICATION_CONTEXT(
'Core Data for Automotive Mechanical Design Process');
#13239=PRODUCT_CONTEXT('part definition',#13238,'mechanical');
#13240=PRODUCT('(Unsaved)','(Unsaved)',$,(#13239));
#13241=PRESENTATION_STYLE_ASSIGNMENT((#13242));
#13242=SURFACE_STYLE_USAGE(.BOTH.,#13243);
#13243=SURFACE_SIDE_STYLE('',(#13244));
#13244=SURFACE_STYLE_FILL_AREA(#13245);
#13245=FILL_AREA_STYLE('Steel - Satin',(#13246));
#13246=FILL_AREA_STYLE_COLOUR('Steel - Satin',#13247);
#13247=COLOUR_RGB('Steel - Satin',0.627450980392157,0.627450980392157,0.627450980392157);
ENDSEC;
END-ISO-10303-21;
