ISO-10303-21;
HEADER;
/* Generated by software containing ST-Developer
 * from STEP Tools, Inc. (www.steptools.com) 
 */

FILE_DESCRIPTION(
/* description */ (''),
/* implementation_level */ '2;1');

FILE_NAME(
/* name */ 'display-frame.step',
/* time_stamp */ '2026-10-05T10:23:54+03:00',
/* author */ (''),
/* organization */ (''),
/* preprocessor_version */ 'ST-DEVELOPER v20.2',
/* originating_system */ 'Autodesk Translation Framework v15.15.0.0',
/* authorisation */ '');

FILE_SCHEMA (('AUTOMOTIVE_DESIGN { 1 0 10303 214 3 1 1 }'));
ENDSEC;

DATA;
#10=MECHANICAL_DESIGN_GEOMETRIC_PRESENTATION_REPRESENTATION('',(#13),#3310);
#11=SHAPE_REPRESENTATION_RELATIONSHIP('SRR','None',#3317,#12);
#12=ADVANCED_BREP_SHAPE_REPRESENTATION('',(#2033),#3309);
#13=STYLED_ITEM('',(#3327),#2033);
#14=ORIENTED_CLOSED_SHELL('',*,#2032,.F.);
#15=FACE_BOUND('',#211,.T.);
#16=FACE_BOUND('',#215,.T.);
#17=FACE_BOUND('',#239,.T.);
#18=FACE_BOUND('',#244,.T.);
#19=FACE_BOUND('',#269,.T.);
#20=FACE_BOUND('',#280,.T.);
#21=PLANE('',#2051);
#22=PLANE('',#2052);
#23=PLANE('',#2058);
#24=PLANE('',#2059);
#25=PLANE('',#2064);
#26=PLANE('',#2068);
#27=PLANE('',#2069);
#28=PLANE('',#2073);
#29=PLANE('',#2079);
#30=PLANE('',#2082);
#31=PLANE('',#2086);
#32=PLANE('',#2090);
#33=PLANE('',#2091);
#34=PLANE('',#2094);
#35=PLANE('',#2095);
#36=PLANE('',#2096);
#37=PLANE('',#2100);
#38=PLANE('',#2101);
#39=PLANE('',#2106);
#40=PLANE('',#2107);
#41=PLANE('',#2108);
#42=PLANE('',#2110);
#43=PLANE('',#2111);
#44=PLANE('',#2113);
#45=PLANE('',#2114);
#46=PLANE('',#2116);
#47=PLANE('',#2117);
#48=PLANE('',#2120);
#49=PLANE('',#2123);
#50=PLANE('',#2124);
#51=PLANE('',#2125);
#52=PLANE('',#2126);
#53=PLANE('',#2127);
#54=PLANE('',#2128);
#55=PLANE('',#2134);
#56=PLANE('',#2135);
#57=PLANE('',#2136);
#58=PLANE('',#2138);
#59=PLANE('',#2141);
#60=PLANE('',#2142);
#61=PLANE('',#2143);
#62=PLANE('',#2144);
#63=PLANE('',#2145);
#64=PLANE('',#2146);
#65=PLANE('',#2147);
#66=PLANE('',#2148);
#67=PLANE('',#2149);
#68=PLANE('',#2150);
#69=PLANE('',#2151);
#70=PLANE('',#2152);
#71=PLANE('',#2153);
#72=PLANE('',#2154);
#73=PLANE('',#2155);
#74=PLANE('',#2156);
#75=PLANE('',#2157);
#76=PLANE('',#2158);
#77=PLANE('',#2159);
#78=PLANE('',#2161);
#79=PLANE('',#2162);
#80=PLANE('',#2163);
#81=PLANE('',#2164);
#82=PLANE('',#2165);
#83=PLANE('',#2166);
#84=PLANE('',#2167);
#85=PLANE('',#2168);
#86=PLANE('',#2169);
#87=PLANE('',#2170);
#88=PLANE('',#2171);
#89=PLANE('',#2172);
#90=PLANE('',#2173);
#91=PLANE('',#2174);
#92=PLANE('',#2175);
#93=PLANE('',#2176);
#94=PLANE('',#2177);
#95=PLANE('',#2178);
#96=PLANE('',#2179);
#97=PLANE('',#2180);
#98=PLANE('',#2181);
#99=PLANE('',#2182);
#100=PLANE('',#2183);
#101=PLANE('',#2184);
#102=PLANE('',#2185);
#103=PLANE('',#2186);
#104=PLANE('',#2187);
#105=PLANE('',#2188);
#106=FACE_OUTER_BOUND('',#208,.T.);
#107=FACE_OUTER_BOUND('',#209,.T.);
#108=FACE_OUTER_BOUND('',#210,.T.);
#109=FACE_OUTER_BOUND('',#212,.T.);
#110=FACE_OUTER_BOUND('',#213,.T.);
#111=FACE_OUTER_BOUND('',#214,.T.);
#112=FACE_OUTER_BOUND('',#216,.T.);
#113=FACE_OUTER_BOUND('',#217,.T.);
#114=FACE_OUTER_BOUND('',#218,.T.);
#115=FACE_OUTER_BOUND('',#219,.T.);
#116=FACE_OUTER_BOUND('',#220,.T.);
#117=FACE_OUTER_BOUND('',#221,.T.);
#118=FACE_OUTER_BOUND('',#222,.T.);
#119=FACE_OUTER_BOUND('',#223,.T.);
#120=FACE_OUTER_BOUND('',#224,.T.);
#121=FACE_OUTER_BOUND('',#225,.T.);
#122=FACE_OUTER_BOUND('',#226,.T.);
#123=FACE_OUTER_BOUND('',#227,.T.);
#124=FACE_OUTER_BOUND('',#228,.T.);
#125=FACE_OUTER_BOUND('',#229,.T.);
#126=FACE_OUTER_BOUND('',#230,.T.);
#127=FACE_OUTER_BOUND('',#231,.T.);
#128=FACE_OUTER_BOUND('',#232,.T.);
#129=FACE_OUTER_BOUND('',#233,.T.);
#130=FACE_OUTER_BOUND('',#234,.T.);
#131=FACE_OUTER_BOUND('',#235,.T.);
#132=FACE_OUTER_BOUND('',#236,.T.);
#133=FACE_OUTER_BOUND('',#237,.T.);
#134=FACE_OUTER_BOUND('',#238,.T.);
#135=FACE_OUTER_BOUND('',#240,.T.);
#136=FACE_OUTER_BOUND('',#241,.T.);
#137=FACE_OUTER_BOUND('',#242,.T.);
#138=FACE_OUTER_BOUND('',#243,.T.);
#139=FACE_OUTER_BOUND('',#245,.T.);
#140=FACE_OUTER_BOUND('',#246,.T.);
#141=FACE_OUTER_BOUND('',#247,.T.);
#142=FACE_OUTER_BOUND('',#248,.T.);
#143=FACE_OUTER_BOUND('',#249,.T.);
#144=FACE_OUTER_BOUND('',#250,.T.);
#145=FACE_OUTER_BOUND('',#251,.T.);
#146=FACE_OUTER_BOUND('',#252,.T.);
#147=FACE_OUTER_BOUND('',#253,.T.);
#148=FACE_OUTER_BOUND('',#254,.T.);
#149=FACE_OUTER_BOUND('',#255,.T.);
#150=FACE_OUTER_BOUND('',#256,.T.);
#151=FACE_OUTER_BOUND('',#257,.T.);
#152=FACE_OUTER_BOUND('',#258,.T.);
#153=FACE_OUTER_BOUND('',#259,.T.);
#154=FACE_OUTER_BOUND('',#260,.T.);
#155=FACE_OUTER_BOUND('',#261,.T.);
#156=FACE_OUTER_BOUND('',#262,.T.);
#157=FACE_OUTER_BOUND('',#263,.T.);
#158=FACE_OUTER_BOUND('',#264,.T.);
#159=FACE_OUTER_BOUND('',#265,.T.);
#160=FACE_OUTER_BOUND('',#266,.T.);
#161=FACE_OUTER_BOUND('',#267,.T.);
#162=FACE_OUTER_BOUND('',#268,.T.);
#163=FACE_OUTER_BOUND('',#270,.T.);
#164=FACE_OUTER_BOUND('',#271,.T.);
#165=FACE_OUTER_BOUND('',#272,.T.);
#166=FACE_OUTER_BOUND('',#273,.T.);
#167=FACE_OUTER_BOUND('',#274,.T.);
#168=FACE_OUTER_BOUND('',#275,.T.);
#169=FACE_OUTER_BOUND('',#276,.T.);
#170=FACE_OUTER_BOUND('',#277,.T.);
#171=FACE_OUTER_BOUND('',#278,.T.);
#172=FACE_OUTER_BOUND('',#279,.T.);
#173=FACE_OUTER_BOUND('',#281,.T.);
#174=FACE_OUTER_BOUND('',#282,.T.);
#175=FACE_OUTER_BOUND('',#283,.T.);
#176=FACE_OUTER_BOUND('',#284,.T.);
#177=FACE_OUTER_BOUND('',#285,.T.);
#178=FACE_OUTER_BOUND('',#286,.T.);
#179=FACE_OUTER_BOUND('',#287,.T.);
#180=FACE_OUTER_BOUND('',#288,.T.);
#181=FACE_OUTER_BOUND('',#289,.T.);
#182=FACE_OUTER_BOUND('',#290,.T.);
#183=FACE_OUTER_BOUND('',#291,.T.);
#184=FACE_OUTER_BOUND('',#292,.T.);
#185=FACE_OUTER_BOUND('',#293,.T.);
#186=FACE_OUTER_BOUND('',#294,.T.);
#187=FACE_OUTER_BOUND('',#295,.T.);
#188=FACE_OUTER_BOUND('',#296,.T.);
#189=FACE_OUTER_BOUND('',#297,.T.);
#190=FACE_OUTER_BOUND('',#298,.T.);
#191=FACE_OUTER_BOUND('',#299,.T.);
#192=FACE_OUTER_BOUND('',#300,.T.);
#193=FACE_OUTER_BOUND('',#301,.T.);
#194=FACE_OUTER_BOUND('',#302,.T.);
#195=FACE_OUTER_BOUND('',#303,.T.);
#196=FACE_OUTER_BOUND('',#304,.T.);
#197=FACE_OUTER_BOUND('',#305,.T.);
#198=FACE_OUTER_BOUND('',#306,.T.);
#199=FACE_OUTER_BOUND('',#307,.T.);
#200=FACE_OUTER_BOUND('',#308,.T.);
#201=FACE_OUTER_BOUND('',#309,.T.);
#202=FACE_OUTER_BOUND('',#310,.T.);
#203=FACE_OUTER_BOUND('',#311,.T.);
#204=FACE_OUTER_BOUND('',#312,.T.);
#205=FACE_OUTER_BOUND('',#313,.T.);
#206=FACE_OUTER_BOUND('',#314,.T.);
#207=FACE_OUTER_BOUND('',#315,.T.);
#208=EDGE_LOOP('',(#1334,#1335,#1336,#1337,#1338));
#209=EDGE_LOOP('',(#1339,#1340,#1341));
#210=EDGE_LOOP('',(#1342,#1343,#1344,#1345,#1346,#1347,#1348,#1349,#1350));
#211=EDGE_LOOP('',(#1351));
#212=EDGE_LOOP('',(#1352,#1353,#1354,#1355,#1356));
#213=EDGE_LOOP('',(#1357,#1358,#1359,#1360,#1361));
#214=EDGE_LOOP('',(#1362,#1363,#1364,#1365,#1366,#1367,#1368,#1369,#1370));
#215=EDGE_LOOP('',(#1371));
#216=EDGE_LOOP('',(#1372,#1373,#1374,#1375));
#217=EDGE_LOOP('',(#1376,#1377,#1378,#1379,#1380));
#218=EDGE_LOOP('',(#1381,#1382,#1383,#1384));
#219=EDGE_LOOP('',(#1385,#1386,#1387,#1388,#1389));
#220=EDGE_LOOP('',(#1390,#1391,#1392,#1393,#1394,#1395,#1396,#1397,#1398,
#1399,#1400,#1401));
#221=EDGE_LOOP('',(#1402,#1403,#1404,#1405));
#222=EDGE_LOOP('',(#1406,#1407,#1408,#1409,#1410,#1411,#1412,#1413,#1414,
#1415,#1416,#1417,#1418,#1419,#1420,#1421,#1422,#1423));
#223=EDGE_LOOP('',(#1424,#1425,#1426,#1427));
#224=EDGE_LOOP('',(#1428,#1429,#1430,#1431));
#225=EDGE_LOOP('',(#1432,#1433,#1434,#1435));
#226=EDGE_LOOP('',(#1436,#1437,#1438,#1439));
#227=EDGE_LOOP('',(#1440,#1441,#1442,#1443));
#228=EDGE_LOOP('',(#1444,#1445,#1446,#1447,#1448,#1449,#1450,#1451,#1452,
#1453));
#229=EDGE_LOOP('',(#1454,#1455,#1456,#1457));
#230=EDGE_LOOP('',(#1458,#1459,#1460,#1461,#1462));
#231=EDGE_LOOP('',(#1463,#1464,#1465,#1466,#1467));
#232=EDGE_LOOP('',(#1468,#1469,#1470,#1471));
#233=EDGE_LOOP('',(#1472,#1473,#1474,#1475,#1476,#1477,#1478,#1479,#1480,
#1481,#1482,#1483));
#234=EDGE_LOOP('',(#1484,#1485,#1486,#1487,#1488,#1489,#1490,#1491,#1492,
#1493,#1494,#1495,#1496,#1497));
#235=EDGE_LOOP('',(#1498,#1499,#1500,#1501));
#236=EDGE_LOOP('',(#1502,#1503,#1504,#1505));
#237=EDGE_LOOP('',(#1506,#1507,#1508,#1509));
#238=EDGE_LOOP('',(#1510,#1511,#1512,#1513));
#239=EDGE_LOOP('',(#1514));
#240=EDGE_LOOP('',(#1515,#1516,#1517,#1518));
#241=EDGE_LOOP('',(#1519,#1520,#1521,#1522));
#242=EDGE_LOOP('',(#1523,#1524,#1525,#1526));
#243=EDGE_LOOP('',(#1527,#1528,#1529,#1530));
#244=EDGE_LOOP('',(#1531));
#245=EDGE_LOOP('',(#1532,#1533,#1534,#1535,#1536,#1537,#1538,#1539,#1540,
#1541));
#246=EDGE_LOOP('',(#1542,#1543,#1544,#1545,#1546,#1547,#1548,#1549,#1550,
#1551,#1552,#1553,#1554,#1555,#1556,#1557,#1558,#1559,#1560,#1561,#1562,
#1563,#1564,#1565,#1566,#1567,#1568,#1569,#1570));
#247=EDGE_LOOP('',(#1571,#1572,#1573,#1574));
#248=EDGE_LOOP('',(#1575,#1576,#1577,#1578,#1579));
#249=EDGE_LOOP('',(#1580,#1581,#1582,#1583,#1584));
#250=EDGE_LOOP('',(#1585,#1586,#1587,#1588,#1589));
#251=EDGE_LOOP('',(#1590,#1591,#1592,#1593));
#252=EDGE_LOOP('',(#1594));
#253=EDGE_LOOP('',(#1595,#1596,#1597,#1598));
#254=EDGE_LOOP('',(#1599));
#255=EDGE_LOOP('',(#1600,#1601,#1602,#1603));
#256=EDGE_LOOP('',(#1604,#1605,#1606,#1607,#1608));
#257=EDGE_LOOP('',(#1609,#1610,#1611,#1612));
#258=EDGE_LOOP('',(#1613,#1614,#1615,#1616));
#259=EDGE_LOOP('',(#1617,#1618,#1619,#1620,#1621,#1622,#1623,#1624,#1625,
#1626,#1627,#1628,#1629,#1630,#1631,#1632,#1633,#1634,#1635,#1636,#1637,
#1638,#1639,#1640,#1641,#1642,#1643));
#260=EDGE_LOOP('',(#1644,#1645,#1646,#1647));
#261=EDGE_LOOP('',(#1648,#1649,#1650,#1651));
#262=EDGE_LOOP('',(#1652,#1653,#1654,#1655));
#263=EDGE_LOOP('',(#1656,#1657,#1658,#1659));
#264=EDGE_LOOP('',(#1660,#1661,#1662,#1663,#1664,#1665));
#265=EDGE_LOOP('',(#1666,#1667,#1668,#1669,#1670,#1671,#1672,#1673));
#266=EDGE_LOOP('',(#1674,#1675,#1676,#1677,#1678,#1679));
#267=EDGE_LOOP('',(#1680,#1681,#1682,#1683));
#268=EDGE_LOOP('',(#1684,#1685,#1686,#1687,#1688,#1689,#1690,#1691));
#269=EDGE_LOOP('',(#1692,#1693,#1694,#1695,#1696,#1697,#1698,#1699));
#270=EDGE_LOOP('',(#1700,#1701,#1702,#1703,#1704));
#271=EDGE_LOOP('',(#1705,#1706,#1707,#1708,#1709));
#272=EDGE_LOOP('',(#1710,#1711,#1712,#1713,#1714));
#273=EDGE_LOOP('',(#1715,#1716,#1717,#1718,#1719));
#274=EDGE_LOOP('',(#1720,#1721,#1722,#1723));
#275=EDGE_LOOP('',(#1724,#1725,#1726,#1727,#1728));
#276=EDGE_LOOP('',(#1729,#1730,#1731,#1732));
#277=EDGE_LOOP('',(#1733,#1734,#1735,#1736,#1737,#1738));
#278=EDGE_LOOP('',(#1739,#1740,#1741,#1742,#1743));
#279=EDGE_LOOP('',(#1744,#1745,#1746,#1747,#1748,#1749,#1750,#1751));
#280=EDGE_LOOP('',(#1752,#1753,#1754,#1755,#1756,#1757,#1758,#1759));
#281=EDGE_LOOP('',(#1760,#1761,#1762,#1763));
#282=EDGE_LOOP('',(#1764,#1765,#1766,#1767,#1768));
#283=EDGE_LOOP('',(#1769,#1770,#1771,#1772,#1773));
#284=EDGE_LOOP('',(#1774,#1775,#1776,#1777));
#285=EDGE_LOOP('',(#1778,#1779,#1780,#1781));
#286=EDGE_LOOP('',(#1782,#1783,#1784,#1785,#1786,#1787));
#287=EDGE_LOOP('',(#1788,#1789,#1790,#1791,#1792,#1793,#1794,#1795));
#288=EDGE_LOOP('',(#1796,#1797,#1798,#1799));
#289=EDGE_LOOP('',(#1800,#1801,#1802,#1803));
#290=EDGE_LOOP('',(#1804,#1805,#1806,#1807));
#291=EDGE_LOOP('',(#1808,#1809,#1810,#1811));
#292=EDGE_LOOP('',(#1812,#1813,#1814,#1815));
#293=EDGE_LOOP('',(#1816,#1817,#1818,#1819));
#294=EDGE_LOOP('',(#1820,#1821,#1822,#1823));
#295=EDGE_LOOP('',(#1824,#1825,#1826,#1827));
#296=EDGE_LOOP('',(#1828,#1829,#1830,#1831));
#297=EDGE_LOOP('',(#1832,#1833,#1834,#1835));
#298=EDGE_LOOP('',(#1836,#1837,#1838,#1839));
#299=EDGE_LOOP('',(#1840,#1841,#1842,#1843));
#300=EDGE_LOOP('',(#1844,#1845,#1846,#1847,#1848,#1849));
#301=EDGE_LOOP('',(#1850,#1851,#1852,#1853,#1854,#1855));
#302=EDGE_LOOP('',(#1856,#1857,#1858,#1859,#1860));
#303=EDGE_LOOP('',(#1861,#1862,#1863));
#304=EDGE_LOOP('',(#1864,#1865,#1866));
#305=EDGE_LOOP('',(#1867,#1868,#1869,#1870,#1871));
#306=EDGE_LOOP('',(#1872,#1873,#1874,#1875));
#307=EDGE_LOOP('',(#1876,#1877,#1878,#1879));
#308=EDGE_LOOP('',(#1880,#1881,#1882,#1883,#1884,#1885));
#309=EDGE_LOOP('',(#1886,#1887,#1888,#1889));
#310=EDGE_LOOP('',(#1890,#1891,#1892,#1893));
#311=EDGE_LOOP('',(#1894,#1895,#1896,#1897));
#312=EDGE_LOOP('',(#1898,#1899,#1900,#1901));
#313=EDGE_LOOP('',(#1902,#1903,#1904,#1905));
#314=EDGE_LOOP('',(#1906,#1907,#1908));
#315=EDGE_LOOP('',(#1909,#1910,#1911));
#316=ELLIPSE('',#2049,28.7003167005169,3.);
#317=ELLIPSE('',#2057,28.7003167005169,3.);
#318=ELLIPSE('',#2063,4.02203311825407,4.);
#319=ELLIPSE('',#2085,4.02203311825407,4.);
#320=ELLIPSE('',#2098,2.51377069890879,2.5);
#321=ELLIPSE('',#2104,2.51377069890879,2.5);
#322=ELLIPSE('',#2112,3.11707566664694,3.10000000000004);
#323=LINE('',#2730,#572);
#324=LINE('',#2735,#573);
#325=LINE('',#2738,#574);
#326=LINE('',#2739,#575);
#327=LINE('',#2742,#576);
#328=LINE('',#2744,#577);
#329=LINE('',#2746,#578);
#330=LINE('',#2748,#579);
#331=LINE('',#2750,#580);
#332=LINE('',#2752,#581);
#333=LINE('',#2753,#582);
#334=LINE('',#2761,#583);
#335=LINE('',#2766,#584);
#336=LINE('',#2769,#585);
#337=LINE('',#2771,#586);
#338=LINE('',#2773,#587);
#339=LINE('',#2774,#588);
#340=LINE('',#2777,#589);
#341=LINE('',#2779,#590);
#342=LINE('',#2781,#591);
#343=LINE('',#2783,#592);
#344=LINE('',#2785,#593);
#345=LINE('',#2787,#594);
#346=LINE('',#2788,#595);
#347=LINE('',#2796,#596);
#348=LINE('',#2799,#597);
#349=LINE('',#2802,#598);
#350=LINE('',#2804,#599);
#351=LINE('',#2806,#600);
#352=LINE('',#2807,#601);
#353=LINE('',#2812,#602);
#354=LINE('',#2816,#603);
#355=LINE('',#2818,#604);
#356=LINE('',#2819,#605);
#357=LINE('',#2822,#606);
#358=LINE('',#2824,#607);
#359=LINE('',#2826,#608);
#360=LINE('',#2828,#609);
#361=LINE('',#2830,#610);
#362=LINE('',#2832,#611);
#363=LINE('',#2834,#612);
#364=LINE('',#2836,#613);
#365=LINE('',#2838,#614);
#366=LINE('',#2839,#615);
#367=LINE('',#2844,#616);
#368=LINE('',#2848,#617);
#369=LINE('',#2852,#618);
#370=LINE('',#2856,#619);
#371=LINE('',#2860,#620);
#372=LINE('',#2861,#621);
#373=LINE('',#2862,#622);
#374=LINE('',#2863,#623);
#375=LINE('',#2864,#624);
#376=LINE('',#2869,#625);
#377=LINE('',#2870,#626);
#378=LINE('',#2873,#627);
#379=LINE('',#2874,#628);
#380=LINE('',#2878,#629);
#381=LINE('',#2881,#630);
#382=LINE('',#2882,#631);
#383=LINE('',#2888,#632);
#384=LINE('',#2891,#633);
#385=LINE('',#2894,#634);
#386=LINE('',#2896,#635);
#387=LINE('',#2898,#636);
#388=LINE('',#2900,#637);
#389=LINE('',#2902,#638);
#390=LINE('',#2904,#639);
#391=LINE('',#2906,#640);
#392=LINE('',#2908,#641);
#393=LINE('',#2909,#642);
#394=LINE('',#2915,#643);
#395=LINE('',#2918,#644);
#396=LINE('',#2921,#645);
#397=LINE('',#2923,#646);
#398=LINE('',#2925,#647);
#399=LINE('',#2926,#648);
#400=LINE('',#2928,#649);
#401=LINE('',#2929,#650);
#402=LINE('',#2933,#651);
#403=LINE('',#2936,#652);
#404=LINE('',#2938,#653);
#405=LINE('',#2939,#654);
#406=LINE('',#2941,#655);
#407=LINE('',#2943,#656);
#408=LINE('',#2945,#657);
#409=LINE('',#2947,#658);
#410=LINE('',#2948,#659);
#411=LINE('',#2951,#660);
#412=LINE('',#2953,#661);
#413=LINE('',#2955,#662);
#414=LINE('',#2957,#663);
#415=LINE('',#2958,#664);
#416=LINE('',#2959,#665);
#417=LINE('',#2962,#666);
#418=LINE('',#2964,#667);
#419=LINE('',#2965,#668);
#420=LINE('',#2971,#669);
#421=LINE('',#2973,#670);
#422=LINE('',#2974,#671);
#423=LINE('',#2983,#672);
#424=LINE('',#2986,#673);
#425=LINE('',#2989,#674);
#426=LINE('',#2991,#675);
#427=LINE('',#2992,#676);
#428=LINE('',#2995,#677);
#429=LINE('',#2997,#678);
#430=LINE('',#2998,#679);
#431=LINE('',#3000,#680);
#432=LINE('',#3004,#681);
#433=LINE('',#3006,#682);
#434=LINE('',#3008,#683);
#435=LINE('',#3010,#684);
#436=LINE('',#3012,#685);
#437=LINE('',#3013,#686);
#438=LINE('',#3016,#687);
#439=LINE('',#3019,#688);
#440=LINE('',#3020,#689);
#441=LINE('',#3022,#690);
#442=LINE('',#3024,#691);
#443=LINE('',#3026,#692);
#444=LINE('',#3028,#693);
#445=LINE('',#3030,#694);
#446=LINE('',#3031,#695);
#447=LINE('',#3032,#696);
#448=LINE('',#3036,#697);
#449=LINE('',#3037,#698);
#450=LINE('',#3038,#699);
#451=LINE('',#3043,#700);
#452=LINE('',#3044,#701);
#453=LINE('',#3046,#702);
#454=LINE('',#3048,#703);
#455=LINE('',#3052,#704);
#456=LINE('',#3057,#705);
#457=LINE('',#3061,#706);
#458=LINE('',#3062,#707);
#459=LINE('',#3065,#708);
#460=LINE('',#3066,#709);
#461=LINE('',#3067,#710);
#462=LINE('',#3069,#711);
#463=LINE('',#3071,#712);
#464=LINE('',#3074,#713);
#465=LINE('',#3076,#714);
#466=LINE('',#3082,#715);
#467=LINE('',#3084,#716);
#468=LINE('',#3088,#717);
#469=LINE('',#3090,#718);
#470=LINE('',#3095,#719);
#471=LINE('',#3097,#720);
#472=LINE('',#3099,#721);
#473=LINE('',#3101,#722);
#474=LINE('',#3102,#723);
#475=LINE('',#3105,#724);
#476=LINE('',#3107,#725);
#477=LINE('',#3108,#726);
#478=LINE('',#3111,#727);
#479=LINE('',#3113,#728);
#480=LINE('',#3114,#729);
#481=LINE('',#3116,#730);
#482=LINE('',#3117,#731);
#483=LINE('',#3119,#732);
#484=LINE('',#3120,#733);
#485=LINE('',#3122,#734);
#486=LINE('',#3124,#735);
#487=LINE('',#3127,#736);
#488=LINE('',#3130,#737);
#489=LINE('',#3133,#738);
#490=LINE('',#3135,#739);
#491=LINE('',#3137,#740);
#492=LINE('',#3139,#741);
#493=LINE('',#3141,#742);
#494=LINE('',#3143,#743);
#495=LINE('',#3145,#744);
#496=LINE('',#3146,#745);
#497=LINE('',#3149,#746);
#498=LINE('',#3151,#747);
#499=LINE('',#3153,#748);
#500=LINE('',#3154,#749);
#501=LINE('',#3157,#750);
#502=LINE('',#3158,#751);
#503=LINE('',#3162,#752);
#504=LINE('',#3163,#753);
#505=LINE('',#3164,#754);
#506=LINE('',#3167,#755);
#507=LINE('',#3168,#756);
#508=LINE('',#3171,#757);
#509=LINE('',#3172,#758);
#510=LINE('',#3175,#759);
#511=LINE('',#3177,#760);
#512=LINE('',#3178,#761);
#513=LINE('',#3180,#762);
#514=LINE('',#3183,#763);
#515=LINE('',#3184,#764);
#516=LINE('',#3188,#765);
#517=LINE('',#3190,#766);
#518=LINE('',#3191,#767);
#519=LINE('',#3192,#768);
#520=LINE('',#3195,#769);
#521=LINE('',#3196,#770);
#522=LINE('',#3199,#771);
#523=LINE('',#3201,#772);
#524=LINE('',#3203,#773);
#525=LINE('',#3205,#774);
#526=LINE('',#3207,#775);
#527=LINE('',#3209,#776);
#528=LINE('',#3211,#777);
#529=LINE('',#3212,#778);
#530=LINE('',#3214,#779);
#531=LINE('',#3216,#780);
#532=LINE('',#3219,#781);
#533=LINE('',#3220,#782);
#534=LINE('',#3222,#783);
#535=LINE('',#3226,#784);
#536=LINE('',#3228,#785);
#537=LINE('',#3229,#786);
#538=LINE('',#3231,#787);
#539=LINE('',#3233,#788);
#540=LINE('',#3234,#789);
#541=LINE('',#3237,#790);
#542=LINE('',#3238,#791);
#543=LINE('',#3241,#792);
#544=LINE('',#3244,#793);
#545=LINE('',#3246,#794);
#546=LINE('',#3252,#795);
#547=LINE('',#3254,#796);
#548=LINE('',#3256,#797);
#549=LINE('',#3258,#798);
#550=LINE('',#3260,#799);
#551=LINE('',#3261,#800);
#552=LINE('',#3267,#801);
#553=LINE('',#3268,#802);
#554=LINE('',#3271,#803);
#555=LINE('',#3272,#804);
#556=LINE('',#3273,#805);
#557=LINE('',#3275,#806);
#558=LINE('',#3278,#807);
#559=LINE('',#3279,#808);
#560=LINE('',#3282,#809);
#561=LINE('',#3283,#810);
#562=LINE('',#3285,#811);
#563=LINE('',#3290,#812);
#564=LINE('',#3292,#813);
#565=LINE('',#3294,#814);
#566=LINE('',#3295,#815);
#567=LINE('',#3299,#816);
#568=LINE('',#3300,#817);
#569=LINE('',#3301,#818);
#570=LINE('',#3303,#819);
#571=LINE('',#3304,#820);
#572=VECTOR('',#2195,10.);
#573=VECTOR('',#2200,10.);
#574=VECTOR('',#2203,10.);
#575=VECTOR('',#2204,10.);
#576=VECTOR('',#2207,10.);
#577=VECTOR('',#2208,10.);
#578=VECTOR('',#2209,10.);
#579=VECTOR('',#2210,10.);
#580=VECTOR('',#2211,10.);
#581=VECTOR('',#2212,10.);
#582=VECTOR('',#2213,10.);
#583=VECTOR('',#2220,10.);
#584=VECTOR('',#2225,10.);
#585=VECTOR('',#2228,10.);
#586=VECTOR('',#2229,10.);
#587=VECTOR('',#2230,10.);
#588=VECTOR('',#2231,10.);
#589=VECTOR('',#2234,10.);
#590=VECTOR('',#2235,10.);
#591=VECTOR('',#2236,10.);
#592=VECTOR('',#2237,10.);
#593=VECTOR('',#2238,10.);
#594=VECTOR('',#2239,10.);
#595=VECTOR('',#2240,10.);
#596=VECTOR('',#2247,10.);
#597=VECTOR('',#2250,10.);
#598=VECTOR('',#2253,10.);
#599=VECTOR('',#2254,10.);
#600=VECTOR('',#2255,10.);
#601=VECTOR('',#2256,10.);
#602=VECTOR('',#2261,10.);
#603=VECTOR('',#2266,10.);
#604=VECTOR('',#2267,10.);
#605=VECTOR('',#2268,10.);
#606=VECTOR('',#2271,10.);
#607=VECTOR('',#2272,10.);
#608=VECTOR('',#2273,10.);
#609=VECTOR('',#2274,10.);
#610=VECTOR('',#2275,10.);
#611=VECTOR('',#2276,10.);
#612=VECTOR('',#2277,10.);
#613=VECTOR('',#2278,10.);
#614=VECTOR('',#2279,10.);
#615=VECTOR('',#2280,10.);
#616=VECTOR('',#2285,10.);
#617=VECTOR('',#2290,10.);
#618=VECTOR('',#2293,10.);
#619=VECTOR('',#2296,10.);
#620=VECTOR('',#2299,10.);
#621=VECTOR('',#2300,10.);
#622=VECTOR('',#2301,10.);
#623=VECTOR('',#2302,10.);
#624=VECTOR('',#2303,10.);
#625=VECTOR('',#2308,10.);
#626=VECTOR('',#2309,10.);
#627=VECTOR('',#2312,10.);
#628=VECTOR('',#2313,10.);
#629=VECTOR('',#2318,10.);
#630=VECTOR('',#2321,10.);
#631=VECTOR('',#2322,10.);
#632=VECTOR('',#2327,10.);
#633=VECTOR('',#2330,10.);
#634=VECTOR('',#2333,10.);
#635=VECTOR('',#2334,10.);
#636=VECTOR('',#2335,10.);
#637=VECTOR('',#2336,10.);
#638=VECTOR('',#2337,10.);
#639=VECTOR('',#2338,10.);
#640=VECTOR('',#2339,10.);
#641=VECTOR('',#2340,10.);
#642=VECTOR('',#2341,10.);
#643=VECTOR('',#2346,10.);
#644=VECTOR('',#2349,10.);
#645=VECTOR('',#2352,10.);
#646=VECTOR('',#2353,10.);
#647=VECTOR('',#2354,10.);
#648=VECTOR('',#2355,10.);
#649=VECTOR('',#2358,10.);
#650=VECTOR('',#2359,10.);
#651=VECTOR('',#2364,10.);
#652=VECTOR('',#2367,10.);
#653=VECTOR('',#2368,10.);
#654=VECTOR('',#2369,10.);
#655=VECTOR('',#2370,10.);
#656=VECTOR('',#2371,10.);
#657=VECTOR('',#2372,10.);
#658=VECTOR('',#2373,10.);
#659=VECTOR('',#2374,10.);
#660=VECTOR('',#2377,10.);
#661=VECTOR('',#2378,10.);
#662=VECTOR('',#2379,10.);
#663=VECTOR('',#2380,10.);
#664=VECTOR('',#2381,10.);
#665=VECTOR('',#2382,10.);
#666=VECTOR('',#2385,10.);
#667=VECTOR('',#2386,10.);
#668=VECTOR('',#2387,10.);
#669=VECTOR('',#2394,10.);
#670=VECTOR('',#2397,10.);
#671=VECTOR('',#2398,10.);
#672=VECTOR('',#2407,10.);
#673=VECTOR('',#2410,10.);
#674=VECTOR('',#2413,10.);
#675=VECTOR('',#2414,10.);
#676=VECTOR('',#2415,10.);
#677=VECTOR('',#2418,10.);
#678=VECTOR('',#2419,10.);
#679=VECTOR('',#2420,10.);
#680=VECTOR('',#2423,10.);
#681=VECTOR('',#2428,10.);
#682=VECTOR('',#2429,10.);
#683=VECTOR('',#2430,10.);
#684=VECTOR('',#2431,10.);
#685=VECTOR('',#2432,10.);
#686=VECTOR('',#2433,10.);
#687=VECTOR('',#2436,10.);
#688=VECTOR('',#2439,10.);
#689=VECTOR('',#2440,10.);
#690=VECTOR('',#2441,10.);
#691=VECTOR('',#2442,10.);
#692=VECTOR('',#2443,10.);
#693=VECTOR('',#2444,10.);
#694=VECTOR('',#2445,10.);
#695=VECTOR('',#2446,10.);
#696=VECTOR('',#2447,10.);
#697=VECTOR('',#2450,10.);
#698=VECTOR('',#2451,10.);
#699=VECTOR('',#2452,10.);
#700=VECTOR('',#2457,10.);
#701=VECTOR('',#2458,10.);
#702=VECTOR('',#2461,10.);
#703=VECTOR('',#2464,10.);
#704=VECTOR('',#2469,1.19999999999999);
#705=VECTOR('',#2476,1.2);
#706=VECTOR('',#2481,10.);
#707=VECTOR('',#2482,10.);
#708=VECTOR('',#2485,10.);
#709=VECTOR('',#2486,10.);
#710=VECTOR('',#2487,10.);
#711=VECTOR('',#2490,10.);
#712=VECTOR('',#2493,10.);
#713=VECTOR('',#2496,10.);
#714=VECTOR('',#2497,10.);
#715=VECTOR('',#2502,10.);
#716=VECTOR('',#2503,10.);
#717=VECTOR('',#2506,10.);
#718=VECTOR('',#2507,10.);
#719=VECTOR('',#2512,10.);
#720=VECTOR('',#2513,10.);
#721=VECTOR('',#2514,10.);
#722=VECTOR('',#2515,10.);
#723=VECTOR('',#2516,10.);
#724=VECTOR('',#2519,10.);
#725=VECTOR('',#2520,10.);
#726=VECTOR('',#2521,10.);
#727=VECTOR('',#2524,10.);
#728=VECTOR('',#2525,10.);
#729=VECTOR('',#2526,10.);
#730=VECTOR('',#2529,10.);
#731=VECTOR('',#2530,10.);
#732=VECTOR('',#2533,10.);
#733=VECTOR('',#2534,10.);
#734=VECTOR('',#2537,10.);
#735=VECTOR('',#2540,1.15);
#736=VECTOR('',#2545,10.);
#737=VECTOR('',#2550,10.);
#738=VECTOR('',#2551,10.);
#739=VECTOR('',#2552,10.);
#740=VECTOR('',#2553,10.);
#741=VECTOR('',#2554,10.);
#742=VECTOR('',#2555,10.);
#743=VECTOR('',#2556,10.);
#744=VECTOR('',#2557,10.);
#745=VECTOR('',#2558,10.);
#746=VECTOR('',#2561,10.);
#747=VECTOR('',#2562,10.);
#748=VECTOR('',#2563,10.);
#749=VECTOR('',#2564,10.);
#750=VECTOR('',#2567,10.);
#751=VECTOR('',#2568,10.);
#752=VECTOR('',#2571,10.);
#753=VECTOR('',#2572,10.);
#754=VECTOR('',#2573,10.);
#755=VECTOR('',#2576,10.);
#756=VECTOR('',#2577,10.);
#757=VECTOR('',#2580,10.);
#758=VECTOR('',#2581,10.);
#759=VECTOR('',#2584,10.);
#760=VECTOR('',#2585,10.);
#761=VECTOR('',#2586,10.);
#762=VECTOR('',#2589,10.);
#763=VECTOR('',#2592,10.);
#764=VECTOR('',#2593,10.);
#765=VECTOR('',#2596,10.);
#766=VECTOR('',#2597,10.);
#767=VECTOR('',#2598,10.);
#768=VECTOR('',#2599,10.);
#769=VECTOR('',#2602,10.);
#770=VECTOR('',#2603,10.);
#771=VECTOR('',#2604,10.);
#772=VECTOR('',#2605,10.);
#773=VECTOR('',#2606,10.);
#774=VECTOR('',#2607,10.);
#775=VECTOR('',#2608,10.);
#776=VECTOR('',#2609,10.);
#777=VECTOR('',#2610,10.);
#778=VECTOR('',#2611,10.);
#779=VECTOR('',#2614,10.);
#780=VECTOR('',#2617,10.);
#781=VECTOR('',#2620,10.);
#782=VECTOR('',#2621,10.);
#783=VECTOR('',#2624,10.);
#784=VECTOR('',#2631,1.15);
#785=VECTOR('',#2634,10.);
#786=VECTOR('',#2635,10.);
#787=VECTOR('',#2638,10.);
#788=VECTOR('',#2641,10.);
#789=VECTOR('',#2642,10.);
#790=VECTOR('',#2647,10.);
#791=VECTOR('',#2648,10.);
#792=VECTOR('',#2653,10.);
#793=VECTOR('',#2658,10.);
#794=VECTOR('',#2661,10.);
#795=VECTOR('',#2668,10.);
#796=VECTOR('',#2669,10.);
#797=VECTOR('',#2670,10.);
#798=VECTOR('',#2671,10.);
#799=VECTOR('',#2672,10.);
#800=VECTOR('',#2673,10.);
#801=VECTOR('',#2682,10.);
#802=VECTOR('',#2683,10.);
#803=VECTOR('',#2686,10.);
#804=VECTOR('',#2687,10.);
#805=VECTOR('',#2688,10.);
#806=VECTOR('',#2691,10.);
#807=VECTOR('',#2694,10.);
#808=VECTOR('',#2695,10.);
#809=VECTOR('',#2698,10.);
#810=VECTOR('',#2699,10.);
#811=VECTOR('',#2702,10.);
#812=VECTOR('',#2707,10.);
#813=VECTOR('',#2708,10.);
#814=VECTOR('',#2709,10.);
#815=VECTOR('',#2710,10.);
#816=VECTOR('',#2713,10.);
#817=VECTOR('',#2714,10.);
#818=VECTOR('',#2715,10.);
#819=VECTOR('',#2718,10.);
#820=VECTOR('',#2719,10.);
#821=CIRCLE('',#2048,3.);
#822=CIRCLE('',#2050,3.);
#823=CIRCLE('',#2053,1.2);
#824=CIRCLE('',#2055,3.);
#825=CIRCLE('',#2056,3.);
#826=CIRCLE('',#2060,1.19999999999999);
#827=CIRCLE('',#2062,4.);
#828=CIRCLE('',#2066,4.);
#829=CIRCLE('',#2067,4.);
#830=CIRCLE('',#2071,4.);
#831=CIRCLE('',#2072,4.);
#832=CIRCLE('',#2074,4.);
#833=CIRCLE('',#2075,4.);
#834=CIRCLE('',#2076,4.);
#835=CIRCLE('',#2078,4.);
#836=CIRCLE('',#2081,4.);
#837=CIRCLE('',#2084,4.);
#838=CIRCLE('',#2088,4.);
#839=CIRCLE('',#2089,4.);
#840=CIRCLE('',#2093,4.);
#841=CIRCLE('',#2099,2.5);
#842=CIRCLE('',#2102,1.15);
#843=CIRCLE('',#2105,2.5);
#844=CIRCLE('',#2109,1.15);
#845=CIRCLE('',#2115,1.15);
#846=CIRCLE('',#2119,1.19999999999999);
#847=CIRCLE('',#2122,1.2);
#848=CIRCLE('',#2129,1.15);
#849=CIRCLE('',#2130,1.15);
#850=CIRCLE('',#2131,3.10000000000004);
#851=CIRCLE('',#2132,1.15);
#852=CIRCLE('',#2133,1.15);
#853=CIRCLE('',#2140,1.15);
#854=VERTEX_POINT('',#2726);
#855=VERTEX_POINT('',#2727);
#856=VERTEX_POINT('',#2729);
#857=VERTEX_POINT('',#2731);
#858=VERTEX_POINT('',#2733);
#859=VERTEX_POINT('',#2737);
#860=VERTEX_POINT('',#2741);
#861=VERTEX_POINT('',#2743);
#862=VERTEX_POINT('',#2745);
#863=VERTEX_POINT('',#2747);
#864=VERTEX_POINT('',#2749);
#865=VERTEX_POINT('',#2751);
#866=VERTEX_POINT('',#2754);
#867=VERTEX_POINT('',#2757);
#868=VERTEX_POINT('',#2758);
#869=VERTEX_POINT('',#2760);
#870=VERTEX_POINT('',#2762);
#871=VERTEX_POINT('',#2764);
#872=VERTEX_POINT('',#2768);
#873=VERTEX_POINT('',#2770);
#874=VERTEX_POINT('',#2772);
#875=VERTEX_POINT('',#2776);
#876=VERTEX_POINT('',#2778);
#877=VERTEX_POINT('',#2780);
#878=VERTEX_POINT('',#2782);
#879=VERTEX_POINT('',#2784);
#880=VERTEX_POINT('',#2786);
#881=VERTEX_POINT('',#2789);
#882=VERTEX_POINT('',#2792);
#883=VERTEX_POINT('',#2793);
#884=VERTEX_POINT('',#2795);
#885=VERTEX_POINT('',#2797);
#886=VERTEX_POINT('',#2801);
#887=VERTEX_POINT('',#2803);
#888=VERTEX_POINT('',#2805);
#889=VERTEX_POINT('',#2809);
#890=VERTEX_POINT('',#2811);
#891=VERTEX_POINT('',#2815);
#892=VERTEX_POINT('',#2817);
#893=VERTEX_POINT('',#2821);
#894=VERTEX_POINT('',#2823);
#895=VERTEX_POINT('',#2825);
#896=VERTEX_POINT('',#2827);
#897=VERTEX_POINT('',#2829);
#898=VERTEX_POINT('',#2831);
#899=VERTEX_POINT('',#2833);
#900=VERTEX_POINT('',#2835);
#901=VERTEX_POINT('',#2837);
#902=VERTEX_POINT('',#2841);
#903=VERTEX_POINT('',#2843);
#904=VERTEX_POINT('',#2847);
#905=VERTEX_POINT('',#2849);
#906=VERTEX_POINT('',#2851);
#907=VERTEX_POINT('',#2853);
#908=VERTEX_POINT('',#2855);
#909=VERTEX_POINT('',#2857);
#910=VERTEX_POINT('',#2859);
#911=VERTEX_POINT('',#2866);
#912=VERTEX_POINT('',#2867);
#913=VERTEX_POINT('',#2872);
#914=VERTEX_POINT('',#2876);
#915=VERTEX_POINT('',#2880);
#916=VERTEX_POINT('',#2884);
#917=VERTEX_POINT('',#2885);
#918=VERTEX_POINT('',#2887);
#919=VERTEX_POINT('',#2889);
#920=VERTEX_POINT('',#2893);
#921=VERTEX_POINT('',#2895);
#922=VERTEX_POINT('',#2897);
#923=VERTEX_POINT('',#2899);
#924=VERTEX_POINT('',#2901);
#925=VERTEX_POINT('',#2903);
#926=VERTEX_POINT('',#2905);
#927=VERTEX_POINT('',#2907);
#928=VERTEX_POINT('',#2911);
#929=VERTEX_POINT('',#2912);
#930=VERTEX_POINT('',#2914);
#931=VERTEX_POINT('',#2916);
#932=VERTEX_POINT('',#2920);
#933=VERTEX_POINT('',#2922);
#934=VERTEX_POINT('',#2924);
#935=VERTEX_POINT('',#2931);
#936=VERTEX_POINT('',#2935);
#937=VERTEX_POINT('',#2937);
#938=VERTEX_POINT('',#2940);
#939=VERTEX_POINT('',#2942);
#940=VERTEX_POINT('',#2944);
#941=VERTEX_POINT('',#2946);
#942=VERTEX_POINT('',#2950);
#943=VERTEX_POINT('',#2952);
#944=VERTEX_POINT('',#2954);
#945=VERTEX_POINT('',#2956);
#946=VERTEX_POINT('',#2961);
#947=VERTEX_POINT('',#2963);
#948=VERTEX_POINT('',#2967);
#949=VERTEX_POINT('',#2969);
#950=VERTEX_POINT('',#2976);
#951=VERTEX_POINT('',#2979);
#952=VERTEX_POINT('',#2980);
#953=VERTEX_POINT('',#2982);
#954=VERTEX_POINT('',#2984);
#955=VERTEX_POINT('',#2988);
#956=VERTEX_POINT('',#2990);
#957=VERTEX_POINT('',#2994);
#958=VERTEX_POINT('',#2996);
#959=VERTEX_POINT('',#3001);
#960=VERTEX_POINT('',#3005);
#961=VERTEX_POINT('',#3007);
#962=VERTEX_POINT('',#3009);
#963=VERTEX_POINT('',#3011);
#964=VERTEX_POINT('',#3015);
#965=VERTEX_POINT('',#3017);
#966=VERTEX_POINT('',#3021);
#967=VERTEX_POINT('',#3023);
#968=VERTEX_POINT('',#3025);
#969=VERTEX_POINT('',#3027);
#970=VERTEX_POINT('',#3029);
#971=VERTEX_POINT('',#3034);
#972=VERTEX_POINT('',#3035);
#973=VERTEX_POINT('',#3040);
#974=VERTEX_POINT('',#3042);
#975=VERTEX_POINT('',#3050);
#976=VERTEX_POINT('',#3055);
#977=VERTEX_POINT('',#3060);
#978=VERTEX_POINT('',#3064);
#979=VERTEX_POINT('',#3073);
#980=VERTEX_POINT('',#3075);
#981=VERTEX_POINT('',#3077);
#982=VERTEX_POINT('',#3079);
#983=VERTEX_POINT('',#3081);
#984=VERTEX_POINT('',#3083);
#985=VERTEX_POINT('',#3085);
#986=VERTEX_POINT('',#3087);
#987=VERTEX_POINT('',#3089);
#988=VERTEX_POINT('',#3091);
#989=VERTEX_POINT('',#3094);
#990=VERTEX_POINT('',#3096);
#991=VERTEX_POINT('',#3098);
#992=VERTEX_POINT('',#3100);
#993=VERTEX_POINT('',#3104);
#994=VERTEX_POINT('',#3106);
#995=VERTEX_POINT('',#3110);
#996=VERTEX_POINT('',#3112);
#997=VERTEX_POINT('',#3131);
#998=VERTEX_POINT('',#3132);
#999=VERTEX_POINT('',#3134);
#1000=VERTEX_POINT('',#3136);
#1001=VERTEX_POINT('',#3138);
#1002=VERTEX_POINT('',#3140);
#1003=VERTEX_POINT('',#3142);
#1004=VERTEX_POINT('',#3144);
#1005=VERTEX_POINT('',#3148);
#1006=VERTEX_POINT('',#3150);
#1007=VERTEX_POINT('',#3152);
#1008=VERTEX_POINT('',#3156);
#1009=VERTEX_POINT('',#3160);
#1010=VERTEX_POINT('',#3161);
#1011=VERTEX_POINT('',#3166);
#1012=VERTEX_POINT('',#3170);
#1013=VERTEX_POINT('',#3174);
#1014=VERTEX_POINT('',#3176);
#1015=VERTEX_POINT('',#3182);
#1016=VERTEX_POINT('',#3186);
#1017=VERTEX_POINT('',#3187);
#1018=VERTEX_POINT('',#3189);
#1019=VERTEX_POINT('',#3194);
#1020=VERTEX_POINT('',#3197);
#1021=VERTEX_POINT('',#3198);
#1022=VERTEX_POINT('',#3200);
#1023=VERTEX_POINT('',#3202);
#1024=VERTEX_POINT('',#3204);
#1025=VERTEX_POINT('',#3206);
#1026=VERTEX_POINT('',#3208);
#1027=VERTEX_POINT('',#3210);
#1028=VERTEX_POINT('',#3218);
#1029=VERTEX_POINT('',#3250);
#1030=VERTEX_POINT('',#3251);
#1031=VERTEX_POINT('',#3253);
#1032=VERTEX_POINT('',#3255);
#1033=VERTEX_POINT('',#3257);
#1034=VERTEX_POINT('',#3259);
#1035=VERTEX_POINT('',#3266);
#1036=VERTEX_POINT('',#3270);
#1037=VERTEX_POINT('',#3277);
#1038=VERTEX_POINT('',#3281);
#1039=VERTEX_POINT('',#3288);
#1040=VERTEX_POINT('',#3289);
#1041=VERTEX_POINT('',#3291);
#1042=VERTEX_POINT('',#3293);
#1043=VERTEX_POINT('',#3297);
#1044=VERTEX_POINT('',#3298);
#1045=EDGE_CURVE('',#854,#855,#821,.T.);
#1046=EDGE_CURVE('',#855,#856,#323,.T.);
#1047=EDGE_CURVE('',#856,#857,#316,.F.);
#1048=EDGE_CURVE('',#858,#857,#822,.T.);
#1049=EDGE_CURVE('',#858,#854,#324,.T.);
#1050=EDGE_CURVE('',#859,#855,#325,.T.);
#1051=EDGE_CURVE('',#856,#859,#326,.T.);
#1052=EDGE_CURVE('',#854,#860,#327,.T.);
#1053=EDGE_CURVE('',#861,#860,#328,.T.);
#1054=EDGE_CURVE('',#861,#862,#329,.T.);
#1055=EDGE_CURVE('',#863,#862,#330,.T.);
#1056=EDGE_CURVE('',#864,#863,#331,.T.);
#1057=EDGE_CURVE('',#865,#864,#332,.T.);
#1058=EDGE_CURVE('',#859,#865,#333,.T.);
#1059=EDGE_CURVE('',#866,#866,#823,.T.);
#1060=EDGE_CURVE('',#867,#868,#824,.T.);
#1061=EDGE_CURVE('',#868,#869,#334,.T.);
#1062=EDGE_CURVE('',#869,#870,#825,.F.);
#1063=EDGE_CURVE('',#871,#870,#317,.T.);
#1064=EDGE_CURVE('',#871,#867,#335,.T.);
#1065=EDGE_CURVE('',#872,#868,#336,.T.);
#1066=EDGE_CURVE('',#873,#872,#337,.F.);
#1067=EDGE_CURVE('',#874,#873,#338,.T.);
#1068=EDGE_CURVE('',#869,#874,#339,.T.);
#1069=EDGE_CURVE('',#867,#875,#340,.T.);
#1070=EDGE_CURVE('',#876,#875,#341,.T.);
#1071=EDGE_CURVE('',#877,#876,#342,.T.);
#1072=EDGE_CURVE('',#878,#877,#343,.T.);
#1073=EDGE_CURVE('',#879,#878,#344,.T.);
#1074=EDGE_CURVE('',#879,#880,#345,.T.);
#1075=EDGE_CURVE('',#872,#880,#346,.T.);
#1076=EDGE_CURVE('',#881,#881,#826,.T.);
#1077=EDGE_CURVE('',#882,#883,#827,.T.);
#1078=EDGE_CURVE('',#883,#884,#347,.T.);
#1079=EDGE_CURVE('',#884,#885,#318,.T.);
#1080=EDGE_CURVE('',#885,#882,#348,.T.);
#1081=EDGE_CURVE('',#886,#883,#349,.T.);
#1082=EDGE_CURVE('',#887,#886,#350,.T.);
#1083=EDGE_CURVE('',#888,#887,#351,.T.);
#1084=EDGE_CURVE('',#884,#888,#352,.T.);
#1085=EDGE_CURVE('',#886,#889,#828,.T.);
#1086=EDGE_CURVE('',#889,#890,#353,.T.);
#1087=EDGE_CURVE('',#890,#887,#829,.T.);
#1088=EDGE_CURVE('',#890,#891,#354,.T.);
#1089=EDGE_CURVE('',#892,#891,#355,.T.);
#1090=EDGE_CURVE('',#892,#888,#356,.T.);
#1091=EDGE_CURVE('',#893,#889,#357,.T.);
#1092=EDGE_CURVE('',#894,#893,#358,.T.);
#1093=EDGE_CURVE('',#895,#894,#359,.T.);
#1094=EDGE_CURVE('',#896,#895,#360,.T.);
#1095=EDGE_CURVE('',#897,#896,#361,.T.);
#1096=EDGE_CURVE('',#898,#897,#362,.T.);
#1097=EDGE_CURVE('',#899,#898,#363,.T.);
#1098=EDGE_CURVE('',#900,#899,#364,.T.);
#1099=EDGE_CURVE('',#901,#900,#365,.T.);
#1100=EDGE_CURVE('',#891,#901,#366,.T.);
#1101=EDGE_CURVE('',#897,#902,#830,.T.);
#1102=EDGE_CURVE('',#902,#903,#367,.T.);
#1103=EDGE_CURVE('',#903,#898,#831,.T.);
#1104=EDGE_CURVE('',#903,#904,#368,.T.);
#1105=EDGE_CURVE('',#905,#904,#832,.T.);
#1106=EDGE_CURVE('',#905,#906,#369,.T.);
#1107=EDGE_CURVE('',#907,#906,#833,.T.);
#1108=EDGE_CURVE('',#907,#908,#370,.T.);
#1109=EDGE_CURVE('',#909,#908,#834,.T.);
#1110=EDGE_CURVE('',#909,#910,#371,.T.);
#1111=EDGE_CURVE('',#876,#910,#372,.T.);
#1112=EDGE_CURVE('',#875,#871,#373,.T.);
#1113=EDGE_CURVE('',#857,#870,#374,.F.);
#1114=EDGE_CURVE('',#865,#899,#375,.T.);
#1115=EDGE_CURVE('',#911,#912,#835,.T.);
#1116=EDGE_CURVE('',#912,#905,#376,.T.);
#1117=EDGE_CURVE('',#904,#911,#377,.T.);
#1118=EDGE_CURVE('',#913,#912,#378,.T.);
#1119=EDGE_CURVE('',#906,#913,#379,.T.);
#1120=EDGE_CURVE('',#913,#914,#836,.T.);
#1121=EDGE_CURVE('',#914,#907,#380,.T.);
#1122=EDGE_CURVE('',#915,#914,#381,.T.);
#1123=EDGE_CURVE('',#908,#915,#382,.T.);
#1124=EDGE_CURVE('',#916,#917,#837,.F.);
#1125=EDGE_CURVE('',#916,#918,#383,.T.);
#1126=EDGE_CURVE('',#918,#919,#319,.T.);
#1127=EDGE_CURVE('',#919,#917,#384,.T.);
#1128=EDGE_CURVE('',#916,#920,#385,.T.);
#1129=EDGE_CURVE('',#920,#921,#386,.T.);
#1130=EDGE_CURVE('',#922,#921,#387,.T.);
#1131=EDGE_CURVE('',#923,#922,#388,.T.);
#1132=EDGE_CURVE('',#924,#923,#389,.T.);
#1133=EDGE_CURVE('',#924,#925,#390,.T.);
#1134=EDGE_CURVE('',#925,#926,#391,.T.);
#1135=EDGE_CURVE('',#926,#927,#392,.T.);
#1136=EDGE_CURVE('',#918,#927,#393,.T.);
#1137=EDGE_CURVE('',#928,#929,#838,.T.);
#1138=EDGE_CURVE('',#929,#930,#394,.T.);
#1139=EDGE_CURVE('',#930,#931,#839,.T.);
#1140=EDGE_CURVE('',#931,#928,#395,.T.);
#1141=EDGE_CURVE('',#930,#932,#396,.T.);
#1142=EDGE_CURVE('',#932,#933,#397,.T.);
#1143=EDGE_CURVE('',#933,#934,#398,.T.);
#1144=EDGE_CURVE('',#934,#931,#399,.T.);
#1145=EDGE_CURVE('',#932,#919,#400,.T.);
#1146=EDGE_CURVE('',#917,#929,#401,.T.);
#1147=EDGE_CURVE('',#915,#935,#840,.T.);
#1148=EDGE_CURVE('',#935,#909,#402,.T.);
#1149=EDGE_CURVE('',#936,#934,#403,.T.);
#1150=EDGE_CURVE('',#937,#936,#404,.T.);
#1151=EDGE_CURVE('',#910,#937,#405,.T.);
#1152=EDGE_CURVE('',#938,#935,#406,.T.);
#1153=EDGE_CURVE('',#939,#938,#407,.T.);
#1154=EDGE_CURVE('',#940,#939,#408,.T.);
#1155=EDGE_CURVE('',#941,#940,#409,.T.);
#1156=EDGE_CURVE('',#928,#941,#410,.T.);
#1157=EDGE_CURVE('',#942,#896,#411,.T.);
#1158=EDGE_CURVE('',#943,#942,#412,.T.);
#1159=EDGE_CURVE('',#943,#944,#413,.T.);
#1160=EDGE_CURVE('',#945,#944,#414,.T.);
#1161=EDGE_CURVE('',#945,#938,#415,.T.);
#1162=EDGE_CURVE('',#911,#902,#416,.T.);
#1163=EDGE_CURVE('',#927,#946,#417,.T.);
#1164=EDGE_CURVE('',#947,#926,#418,.T.);
#1165=EDGE_CURVE('',#947,#946,#419,.T.);
#1166=EDGE_CURVE('',#946,#948,#320,.T.);
#1167=EDGE_CURVE('',#949,#947,#841,.T.);
#1168=EDGE_CURVE('',#949,#948,#420,.T.);
#1169=EDGE_CURVE('',#948,#924,#421,.T.);
#1170=EDGE_CURVE('',#949,#925,#422,.T.);
#1171=EDGE_CURVE('',#950,#950,#842,.T.);
#1172=EDGE_CURVE('',#951,#952,#321,.T.);
#1173=EDGE_CURVE('',#953,#951,#423,.T.);
#1174=EDGE_CURVE('',#954,#953,#843,.T.);
#1175=EDGE_CURVE('',#954,#952,#424,.T.);
#1176=EDGE_CURVE('',#952,#955,#425,.T.);
#1177=EDGE_CURVE('',#954,#956,#426,.T.);
#1178=EDGE_CURVE('',#955,#956,#427,.T.);
#1179=EDGE_CURVE('',#957,#951,#428,.T.);
#1180=EDGE_CURVE('',#958,#957,#429,.T.);
#1181=EDGE_CURVE('',#953,#958,#430,.T.);
#1182=EDGE_CURVE('',#956,#958,#431,.T.);
#1183=EDGE_CURVE('',#959,#959,#844,.T.);
#1184=EDGE_CURVE('',#955,#885,#432,.T.);
#1185=EDGE_CURVE('',#960,#957,#433,.T.);
#1186=EDGE_CURVE('',#960,#961,#434,.T.);
#1187=EDGE_CURVE('',#962,#961,#435,.T.);
#1188=EDGE_CURVE('',#963,#962,#436,.T.);
#1189=EDGE_CURVE('',#882,#963,#437,.T.);
#1190=EDGE_CURVE('',#923,#964,#438,.T.);
#1191=EDGE_CURVE('',#964,#965,#322,.T.);
#1192=EDGE_CURVE('',#965,#960,#439,.T.);
#1193=EDGE_CURVE('',#862,#892,#440,.T.);
#1194=EDGE_CURVE('',#966,#861,#441,.F.);
#1195=EDGE_CURVE('',#967,#966,#442,.T.);
#1196=EDGE_CURVE('',#968,#967,#443,.T.);
#1197=EDGE_CURVE('',#969,#968,#444,.T.);
#1198=EDGE_CURVE('',#969,#970,#445,.T.);
#1199=EDGE_CURVE('',#880,#970,#446,.F.);
#1200=EDGE_CURVE('',#933,#879,#447,.T.);
#1201=EDGE_CURVE('',#971,#972,#448,.T.);
#1202=EDGE_CURVE('',#921,#971,#449,.T.);
#1203=EDGE_CURVE('',#972,#920,#450,.T.);
#1204=EDGE_CURVE('',#971,#973,#845,.T.);
#1205=EDGE_CURVE('',#973,#974,#451,.T.);
#1206=EDGE_CURVE('',#974,#922,#452,.T.);
#1207=EDGE_CURVE('',#878,#936,#453,.T.);
#1208=EDGE_CURVE('',#863,#901,#454,.T.);
#1209=EDGE_CURVE('',#975,#975,#846,.T.);
#1210=EDGE_CURVE('',#975,#881,#455,.T.);
#1211=EDGE_CURVE('',#976,#976,#847,.T.);
#1212=EDGE_CURVE('',#976,#866,#456,.T.);
#1213=EDGE_CURVE('',#860,#977,#457,.F.);
#1214=EDGE_CURVE('',#977,#966,#458,.T.);
#1215=EDGE_CURVE('',#978,#977,#459,.T.);
#1216=EDGE_CURVE('',#968,#978,#460,.T.);
#1217=EDGE_CURVE('',#968,#967,#461,.T.);
#1218=EDGE_CURVE('',#970,#873,#462,.T.);
#1219=EDGE_CURVE('',#874,#969,#463,.T.);
#1220=EDGE_CURVE('',#963,#979,#464,.T.);
#1221=EDGE_CURVE('',#980,#979,#465,.T.);
#1222=EDGE_CURVE('',#981,#980,#848,.T.);
#1223=EDGE_CURVE('',#982,#981,#849,.T.);
#1224=EDGE_CURVE('',#983,#982,#466,.T.);
#1225=EDGE_CURVE('',#984,#983,#467,.T.);
#1226=EDGE_CURVE('',#985,#984,#850,.T.);
#1227=EDGE_CURVE('',#986,#985,#468,.T.);
#1228=EDGE_CURVE('',#987,#986,#469,.T.);
#1229=EDGE_CURVE('',#988,#987,#851,.T.);
#1230=EDGE_CURVE('',#972,#988,#852,.T.);
#1231=EDGE_CURVE('',#989,#941,#470,.T.);
#1232=EDGE_CURVE('',#990,#989,#471,.T.);
#1233=EDGE_CURVE('',#990,#991,#472,.T.);
#1234=EDGE_CURVE('',#992,#991,#473,.T.);
#1235=EDGE_CURVE('',#992,#893,#474,.T.);
#1236=EDGE_CURVE('',#980,#993,#475,.T.);
#1237=EDGE_CURVE('',#994,#979,#476,.T.);
#1238=EDGE_CURVE('',#993,#994,#477,.T.);
#1239=EDGE_CURVE('',#983,#995,#478,.T.);
#1240=EDGE_CURVE('',#996,#982,#479,.T.);
#1241=EDGE_CURVE('',#995,#996,#480,.T.);
#1242=EDGE_CURVE('',#974,#986,#481,.T.);
#1243=EDGE_CURVE('',#987,#973,#482,.T.);
#1244=EDGE_CURVE('',#964,#985,#483,.T.);
#1245=EDGE_CURVE('',#965,#984,#484,.T.);
#1246=EDGE_CURVE('',#961,#995,#485,.T.);
#1247=EDGE_CURVE('',#981,#959,#486,.T.);
#1248=EDGE_CURVE('',#996,#993,#853,.T.);
#1249=EDGE_CURVE('',#994,#962,#487,.T.);
#1250=EDGE_CURVE('',#978,#858,#488,.T.);
#1251=EDGE_CURVE('',#997,#998,#489,.T.);
#1252=EDGE_CURVE('',#999,#998,#490,.T.);
#1253=EDGE_CURVE('',#999,#1000,#491,.T.);
#1254=EDGE_CURVE('',#1001,#1000,#492,.T.);
#1255=EDGE_CURVE('',#1001,#1002,#493,.T.);
#1256=EDGE_CURVE('',#1003,#1002,#494,.T.);
#1257=EDGE_CURVE('',#1003,#1004,#495,.T.);
#1258=EDGE_CURVE('',#997,#1004,#496,.T.);
#1259=EDGE_CURVE('',#1005,#894,#497,.T.);
#1260=EDGE_CURVE('',#1006,#1005,#498,.T.);
#1261=EDGE_CURVE('',#1007,#1006,#499,.T.);
#1262=EDGE_CURVE('',#895,#1007,#500,.T.);
#1263=EDGE_CURVE('',#1008,#1007,#501,.T.);
#1264=EDGE_CURVE('',#942,#1008,#502,.T.);
#1265=EDGE_CURVE('',#1009,#1010,#503,.T.);
#1266=EDGE_CURVE('',#1010,#943,#504,.T.);
#1267=EDGE_CURVE('',#1009,#1008,#505,.T.);
#1268=EDGE_CURVE('',#1011,#1006,#506,.T.);
#1269=EDGE_CURVE('',#1011,#1009,#507,.T.);
#1270=EDGE_CURVE('',#944,#1012,#508,.T.);
#1271=EDGE_CURVE('',#1012,#1010,#509,.T.);
#1272=EDGE_CURVE('',#1013,#945,#510,.T.);
#1273=EDGE_CURVE('',#1012,#1014,#511,.T.);
#1274=EDGE_CURVE('',#1014,#1013,#512,.T.);
#1275=EDGE_CURVE('',#1005,#992,#513,.T.);
#1276=EDGE_CURVE('',#991,#1015,#514,.T.);
#1277=EDGE_CURVE('',#1015,#1011,#515,.T.);
#1278=EDGE_CURVE('',#1016,#1017,#516,.T.);
#1279=EDGE_CURVE('',#1016,#1018,#517,.T.);
#1280=EDGE_CURVE('',#1018,#1013,#518,.T.);
#1281=EDGE_CURVE('',#1014,#1017,#519,.T.);
#1282=EDGE_CURVE('',#1017,#1019,#520,.T.);
#1283=EDGE_CURVE('',#1015,#1019,#521,.T.);
#1284=EDGE_CURVE('',#1020,#1021,#522,.T.);
#1285=EDGE_CURVE('',#1022,#1021,#523,.T.);
#1286=EDGE_CURVE('',#1022,#1023,#524,.T.);
#1287=EDGE_CURVE('',#1024,#1023,#525,.T.);
#1288=EDGE_CURVE('',#1024,#1025,#526,.T.);
#1289=EDGE_CURVE('',#1026,#1025,#527,.T.);
#1290=EDGE_CURVE('',#1026,#1027,#528,.T.);
#1291=EDGE_CURVE('',#1020,#1027,#529,.T.);
#1292=EDGE_CURVE('',#1019,#990,#530,.T.);
#1293=EDGE_CURVE('',#1018,#939,#531,.T.);
#1294=EDGE_CURVE('',#1028,#1016,#532,.T.);
#1295=EDGE_CURVE('',#1028,#940,#533,.T.);
#1296=EDGE_CURVE('',#989,#1028,#534,.T.);
#1297=EDGE_CURVE('',#988,#950,#535,.T.);
#1298=EDGE_CURVE('',#1002,#1024,#536,.T.);
#1299=EDGE_CURVE('',#1025,#1001,#537,.T.);
#1300=EDGE_CURVE('',#1000,#1026,#538,.T.);
#1301=EDGE_CURVE('',#1004,#1022,#539,.T.);
#1302=EDGE_CURVE('',#1023,#1003,#540,.T.);
#1303=EDGE_CURVE('',#998,#1020,#541,.T.);
#1304=EDGE_CURVE('',#1021,#997,#542,.T.);
#1305=EDGE_CURVE('',#1027,#999,#543,.T.);
#1306=EDGE_CURVE('',#864,#900,#544,.T.);
#1307=EDGE_CURVE('',#877,#937,#545,.T.);
#1308=EDGE_CURVE('',#1029,#1030,#546,.T.);
#1309=EDGE_CURVE('',#1030,#1031,#547,.T.);
#1310=EDGE_CURVE('',#1032,#1031,#548,.T.);
#1311=EDGE_CURVE('',#1032,#1033,#549,.T.);
#1312=EDGE_CURVE('',#1034,#1033,#550,.T.);
#1313=EDGE_CURVE('',#1034,#1029,#551,.T.);
#1314=EDGE_CURVE('',#1035,#1034,#552,.T.);
#1315=EDGE_CURVE('',#1033,#1035,#553,.T.);
#1316=EDGE_CURVE('',#967,#1036,#554,.T.);
#1317=EDGE_CURVE('',#1030,#968,#555,.T.);
#1318=EDGE_CURVE('',#1029,#1036,#556,.T.);
#1319=EDGE_CURVE('',#1036,#1035,#557,.T.);
#1320=EDGE_CURVE('',#968,#1037,#558,.T.);
#1321=EDGE_CURVE('',#1031,#1037,#559,.T.);
#1322=EDGE_CURVE('',#1038,#967,#560,.T.);
#1323=EDGE_CURVE('',#1038,#1032,#561,.T.);
#1324=EDGE_CURVE('',#1037,#1038,#562,.T.);
#1325=EDGE_CURVE('',#1039,#1040,#563,.T.);
#1326=EDGE_CURVE('',#1041,#1040,#564,.T.);
#1327=EDGE_CURVE('',#1041,#1042,#565,.T.);
#1328=EDGE_CURVE('',#1039,#1042,#566,.T.);
#1329=EDGE_CURVE('',#1043,#1044,#567,.T.);
#1330=EDGE_CURVE('',#1042,#1044,#568,.T.);
#1331=EDGE_CURVE('',#1043,#1041,#569,.T.);
#1332=EDGE_CURVE('',#1040,#1043,#570,.T.);
#1333=EDGE_CURVE('',#1044,#1039,#571,.T.);
#1334=ORIENTED_EDGE('',*,*,#1045,.T.);
#1335=ORIENTED_EDGE('',*,*,#1046,.T.);
#1336=ORIENTED_EDGE('',*,*,#1047,.T.);
#1337=ORIENTED_EDGE('',*,*,#1048,.F.);
#1338=ORIENTED_EDGE('',*,*,#1049,.T.);
#1339=ORIENTED_EDGE('',*,*,#1046,.F.);
#1340=ORIENTED_EDGE('',*,*,#1050,.F.);
#1341=ORIENTED_EDGE('',*,*,#1051,.F.);
#1342=ORIENTED_EDGE('',*,*,#1045,.F.);
#1343=ORIENTED_EDGE('',*,*,#1052,.T.);
#1344=ORIENTED_EDGE('',*,*,#1053,.F.);
#1345=ORIENTED_EDGE('',*,*,#1054,.T.);
#1346=ORIENTED_EDGE('',*,*,#1055,.F.);
#1347=ORIENTED_EDGE('',*,*,#1056,.F.);
#1348=ORIENTED_EDGE('',*,*,#1057,.F.);
#1349=ORIENTED_EDGE('',*,*,#1058,.F.);
#1350=ORIENTED_EDGE('',*,*,#1050,.T.);
#1351=ORIENTED_EDGE('',*,*,#1059,.T.);
#1352=ORIENTED_EDGE('',*,*,#1060,.T.);
#1353=ORIENTED_EDGE('',*,*,#1061,.T.);
#1354=ORIENTED_EDGE('',*,*,#1062,.T.);
#1355=ORIENTED_EDGE('',*,*,#1063,.F.);
#1356=ORIENTED_EDGE('',*,*,#1064,.T.);
#1357=ORIENTED_EDGE('',*,*,#1061,.F.);
#1358=ORIENTED_EDGE('',*,*,#1065,.F.);
#1359=ORIENTED_EDGE('',*,*,#1066,.F.);
#1360=ORIENTED_EDGE('',*,*,#1067,.F.);
#1361=ORIENTED_EDGE('',*,*,#1068,.F.);
#1362=ORIENTED_EDGE('',*,*,#1060,.F.);
#1363=ORIENTED_EDGE('',*,*,#1069,.T.);
#1364=ORIENTED_EDGE('',*,*,#1070,.F.);
#1365=ORIENTED_EDGE('',*,*,#1071,.F.);
#1366=ORIENTED_EDGE('',*,*,#1072,.F.);
#1367=ORIENTED_EDGE('',*,*,#1073,.F.);
#1368=ORIENTED_EDGE('',*,*,#1074,.T.);
#1369=ORIENTED_EDGE('',*,*,#1075,.F.);
#1370=ORIENTED_EDGE('',*,*,#1065,.T.);
#1371=ORIENTED_EDGE('',*,*,#1076,.T.);
#1372=ORIENTED_EDGE('',*,*,#1077,.T.);
#1373=ORIENTED_EDGE('',*,*,#1078,.T.);
#1374=ORIENTED_EDGE('',*,*,#1079,.T.);
#1375=ORIENTED_EDGE('',*,*,#1080,.T.);
#1376=ORIENTED_EDGE('',*,*,#1078,.F.);
#1377=ORIENTED_EDGE('',*,*,#1081,.F.);
#1378=ORIENTED_EDGE('',*,*,#1082,.F.);
#1379=ORIENTED_EDGE('',*,*,#1083,.F.);
#1380=ORIENTED_EDGE('',*,*,#1084,.F.);
#1381=ORIENTED_EDGE('',*,*,#1085,.T.);
#1382=ORIENTED_EDGE('',*,*,#1086,.T.);
#1383=ORIENTED_EDGE('',*,*,#1087,.T.);
#1384=ORIENTED_EDGE('',*,*,#1082,.T.);
#1385=ORIENTED_EDGE('',*,*,#1087,.F.);
#1386=ORIENTED_EDGE('',*,*,#1088,.T.);
#1387=ORIENTED_EDGE('',*,*,#1089,.F.);
#1388=ORIENTED_EDGE('',*,*,#1090,.T.);
#1389=ORIENTED_EDGE('',*,*,#1083,.T.);
#1390=ORIENTED_EDGE('',*,*,#1086,.F.);
#1391=ORIENTED_EDGE('',*,*,#1091,.F.);
#1392=ORIENTED_EDGE('',*,*,#1092,.F.);
#1393=ORIENTED_EDGE('',*,*,#1093,.F.);
#1394=ORIENTED_EDGE('',*,*,#1094,.F.);
#1395=ORIENTED_EDGE('',*,*,#1095,.F.);
#1396=ORIENTED_EDGE('',*,*,#1096,.F.);
#1397=ORIENTED_EDGE('',*,*,#1097,.F.);
#1398=ORIENTED_EDGE('',*,*,#1098,.F.);
#1399=ORIENTED_EDGE('',*,*,#1099,.F.);
#1400=ORIENTED_EDGE('',*,*,#1100,.F.);
#1401=ORIENTED_EDGE('',*,*,#1088,.F.);
#1402=ORIENTED_EDGE('',*,*,#1101,.T.);
#1403=ORIENTED_EDGE('',*,*,#1102,.T.);
#1404=ORIENTED_EDGE('',*,*,#1103,.T.);
#1405=ORIENTED_EDGE('',*,*,#1096,.T.);
#1406=ORIENTED_EDGE('',*,*,#1103,.F.);
#1407=ORIENTED_EDGE('',*,*,#1104,.T.);
#1408=ORIENTED_EDGE('',*,*,#1105,.F.);
#1409=ORIENTED_EDGE('',*,*,#1106,.T.);
#1410=ORIENTED_EDGE('',*,*,#1107,.F.);
#1411=ORIENTED_EDGE('',*,*,#1108,.T.);
#1412=ORIENTED_EDGE('',*,*,#1109,.F.);
#1413=ORIENTED_EDGE('',*,*,#1110,.T.);
#1414=ORIENTED_EDGE('',*,*,#1111,.F.);
#1415=ORIENTED_EDGE('',*,*,#1070,.T.);
#1416=ORIENTED_EDGE('',*,*,#1112,.T.);
#1417=ORIENTED_EDGE('',*,*,#1063,.T.);
#1418=ORIENTED_EDGE('',*,*,#1113,.F.);
#1419=ORIENTED_EDGE('',*,*,#1047,.F.);
#1420=ORIENTED_EDGE('',*,*,#1051,.T.);
#1421=ORIENTED_EDGE('',*,*,#1058,.T.);
#1422=ORIENTED_EDGE('',*,*,#1114,.T.);
#1423=ORIENTED_EDGE('',*,*,#1097,.T.);
#1424=ORIENTED_EDGE('',*,*,#1115,.T.);
#1425=ORIENTED_EDGE('',*,*,#1116,.T.);
#1426=ORIENTED_EDGE('',*,*,#1105,.T.);
#1427=ORIENTED_EDGE('',*,*,#1117,.T.);
#1428=ORIENTED_EDGE('',*,*,#1116,.F.);
#1429=ORIENTED_EDGE('',*,*,#1118,.F.);
#1430=ORIENTED_EDGE('',*,*,#1119,.F.);
#1431=ORIENTED_EDGE('',*,*,#1106,.F.);
#1432=ORIENTED_EDGE('',*,*,#1120,.T.);
#1433=ORIENTED_EDGE('',*,*,#1121,.T.);
#1434=ORIENTED_EDGE('',*,*,#1107,.T.);
#1435=ORIENTED_EDGE('',*,*,#1119,.T.);
#1436=ORIENTED_EDGE('',*,*,#1121,.F.);
#1437=ORIENTED_EDGE('',*,*,#1122,.F.);
#1438=ORIENTED_EDGE('',*,*,#1123,.F.);
#1439=ORIENTED_EDGE('',*,*,#1108,.F.);
#1440=ORIENTED_EDGE('',*,*,#1124,.F.);
#1441=ORIENTED_EDGE('',*,*,#1125,.T.);
#1442=ORIENTED_EDGE('',*,*,#1126,.T.);
#1443=ORIENTED_EDGE('',*,*,#1127,.T.);
#1444=ORIENTED_EDGE('',*,*,#1125,.F.);
#1445=ORIENTED_EDGE('',*,*,#1128,.T.);
#1446=ORIENTED_EDGE('',*,*,#1129,.T.);
#1447=ORIENTED_EDGE('',*,*,#1130,.F.);
#1448=ORIENTED_EDGE('',*,*,#1131,.F.);
#1449=ORIENTED_EDGE('',*,*,#1132,.F.);
#1450=ORIENTED_EDGE('',*,*,#1133,.T.);
#1451=ORIENTED_EDGE('',*,*,#1134,.T.);
#1452=ORIENTED_EDGE('',*,*,#1135,.T.);
#1453=ORIENTED_EDGE('',*,*,#1136,.F.);
#1454=ORIENTED_EDGE('',*,*,#1137,.T.);
#1455=ORIENTED_EDGE('',*,*,#1138,.T.);
#1456=ORIENTED_EDGE('',*,*,#1139,.T.);
#1457=ORIENTED_EDGE('',*,*,#1140,.T.);
#1458=ORIENTED_EDGE('',*,*,#1139,.F.);
#1459=ORIENTED_EDGE('',*,*,#1141,.T.);
#1460=ORIENTED_EDGE('',*,*,#1142,.T.);
#1461=ORIENTED_EDGE('',*,*,#1143,.T.);
#1462=ORIENTED_EDGE('',*,*,#1144,.T.);
#1463=ORIENTED_EDGE('',*,*,#1127,.F.);
#1464=ORIENTED_EDGE('',*,*,#1145,.F.);
#1465=ORIENTED_EDGE('',*,*,#1141,.F.);
#1466=ORIENTED_EDGE('',*,*,#1138,.F.);
#1467=ORIENTED_EDGE('',*,*,#1146,.F.);
#1468=ORIENTED_EDGE('',*,*,#1147,.T.);
#1469=ORIENTED_EDGE('',*,*,#1148,.T.);
#1470=ORIENTED_EDGE('',*,*,#1109,.T.);
#1471=ORIENTED_EDGE('',*,*,#1123,.T.);
#1472=ORIENTED_EDGE('',*,*,#1140,.F.);
#1473=ORIENTED_EDGE('',*,*,#1144,.F.);
#1474=ORIENTED_EDGE('',*,*,#1149,.F.);
#1475=ORIENTED_EDGE('',*,*,#1150,.F.);
#1476=ORIENTED_EDGE('',*,*,#1151,.F.);
#1477=ORIENTED_EDGE('',*,*,#1110,.F.);
#1478=ORIENTED_EDGE('',*,*,#1148,.F.);
#1479=ORIENTED_EDGE('',*,*,#1152,.F.);
#1480=ORIENTED_EDGE('',*,*,#1153,.F.);
#1481=ORIENTED_EDGE('',*,*,#1154,.F.);
#1482=ORIENTED_EDGE('',*,*,#1155,.F.);
#1483=ORIENTED_EDGE('',*,*,#1156,.F.);
#1484=ORIENTED_EDGE('',*,*,#1101,.F.);
#1485=ORIENTED_EDGE('',*,*,#1095,.T.);
#1486=ORIENTED_EDGE('',*,*,#1157,.F.);
#1487=ORIENTED_EDGE('',*,*,#1158,.F.);
#1488=ORIENTED_EDGE('',*,*,#1159,.T.);
#1489=ORIENTED_EDGE('',*,*,#1160,.F.);
#1490=ORIENTED_EDGE('',*,*,#1161,.T.);
#1491=ORIENTED_EDGE('',*,*,#1152,.T.);
#1492=ORIENTED_EDGE('',*,*,#1147,.F.);
#1493=ORIENTED_EDGE('',*,*,#1122,.T.);
#1494=ORIENTED_EDGE('',*,*,#1120,.F.);
#1495=ORIENTED_EDGE('',*,*,#1118,.T.);
#1496=ORIENTED_EDGE('',*,*,#1115,.F.);
#1497=ORIENTED_EDGE('',*,*,#1162,.T.);
#1498=ORIENTED_EDGE('',*,*,#1163,.F.);
#1499=ORIENTED_EDGE('',*,*,#1135,.F.);
#1500=ORIENTED_EDGE('',*,*,#1164,.F.);
#1501=ORIENTED_EDGE('',*,*,#1165,.T.);
#1502=ORIENTED_EDGE('',*,*,#1166,.F.);
#1503=ORIENTED_EDGE('',*,*,#1165,.F.);
#1504=ORIENTED_EDGE('',*,*,#1167,.F.);
#1505=ORIENTED_EDGE('',*,*,#1168,.T.);
#1506=ORIENTED_EDGE('',*,*,#1169,.F.);
#1507=ORIENTED_EDGE('',*,*,#1168,.F.);
#1508=ORIENTED_EDGE('',*,*,#1170,.T.);
#1509=ORIENTED_EDGE('',*,*,#1133,.F.);
#1510=ORIENTED_EDGE('',*,*,#1164,.T.);
#1511=ORIENTED_EDGE('',*,*,#1134,.F.);
#1512=ORIENTED_EDGE('',*,*,#1170,.F.);
#1513=ORIENTED_EDGE('',*,*,#1167,.T.);
#1514=ORIENTED_EDGE('',*,*,#1171,.F.);
#1515=ORIENTED_EDGE('',*,*,#1172,.F.);
#1516=ORIENTED_EDGE('',*,*,#1173,.F.);
#1517=ORIENTED_EDGE('',*,*,#1174,.F.);
#1518=ORIENTED_EDGE('',*,*,#1175,.T.);
#1519=ORIENTED_EDGE('',*,*,#1176,.F.);
#1520=ORIENTED_EDGE('',*,*,#1175,.F.);
#1521=ORIENTED_EDGE('',*,*,#1177,.T.);
#1522=ORIENTED_EDGE('',*,*,#1178,.F.);
#1523=ORIENTED_EDGE('',*,*,#1179,.F.);
#1524=ORIENTED_EDGE('',*,*,#1180,.F.);
#1525=ORIENTED_EDGE('',*,*,#1181,.F.);
#1526=ORIENTED_EDGE('',*,*,#1173,.T.);
#1527=ORIENTED_EDGE('',*,*,#1174,.T.);
#1528=ORIENTED_EDGE('',*,*,#1181,.T.);
#1529=ORIENTED_EDGE('',*,*,#1182,.F.);
#1530=ORIENTED_EDGE('',*,*,#1177,.F.);
#1531=ORIENTED_EDGE('',*,*,#1183,.F.);
#1532=ORIENTED_EDGE('',*,*,#1080,.F.);
#1533=ORIENTED_EDGE('',*,*,#1184,.F.);
#1534=ORIENTED_EDGE('',*,*,#1178,.T.);
#1535=ORIENTED_EDGE('',*,*,#1182,.T.);
#1536=ORIENTED_EDGE('',*,*,#1180,.T.);
#1537=ORIENTED_EDGE('',*,*,#1185,.F.);
#1538=ORIENTED_EDGE('',*,*,#1186,.T.);
#1539=ORIENTED_EDGE('',*,*,#1187,.F.);
#1540=ORIENTED_EDGE('',*,*,#1188,.F.);
#1541=ORIENTED_EDGE('',*,*,#1189,.F.);
#1542=ORIENTED_EDGE('',*,*,#1169,.T.);
#1543=ORIENTED_EDGE('',*,*,#1132,.T.);
#1544=ORIENTED_EDGE('',*,*,#1190,.T.);
#1545=ORIENTED_EDGE('',*,*,#1191,.T.);
#1546=ORIENTED_EDGE('',*,*,#1192,.T.);
#1547=ORIENTED_EDGE('',*,*,#1185,.T.);
#1548=ORIENTED_EDGE('',*,*,#1179,.T.);
#1549=ORIENTED_EDGE('',*,*,#1172,.T.);
#1550=ORIENTED_EDGE('',*,*,#1176,.T.);
#1551=ORIENTED_EDGE('',*,*,#1184,.T.);
#1552=ORIENTED_EDGE('',*,*,#1079,.F.);
#1553=ORIENTED_EDGE('',*,*,#1084,.T.);
#1554=ORIENTED_EDGE('',*,*,#1090,.F.);
#1555=ORIENTED_EDGE('',*,*,#1193,.F.);
#1556=ORIENTED_EDGE('',*,*,#1054,.F.);
#1557=ORIENTED_EDGE('',*,*,#1194,.F.);
#1558=ORIENTED_EDGE('',*,*,#1195,.F.);
#1559=ORIENTED_EDGE('',*,*,#1196,.F.);
#1560=ORIENTED_EDGE('',*,*,#1197,.F.);
#1561=ORIENTED_EDGE('',*,*,#1198,.T.);
#1562=ORIENTED_EDGE('',*,*,#1199,.F.);
#1563=ORIENTED_EDGE('',*,*,#1074,.F.);
#1564=ORIENTED_EDGE('',*,*,#1200,.F.);
#1565=ORIENTED_EDGE('',*,*,#1142,.F.);
#1566=ORIENTED_EDGE('',*,*,#1145,.T.);
#1567=ORIENTED_EDGE('',*,*,#1126,.F.);
#1568=ORIENTED_EDGE('',*,*,#1136,.T.);
#1569=ORIENTED_EDGE('',*,*,#1163,.T.);
#1570=ORIENTED_EDGE('',*,*,#1166,.T.);
#1571=ORIENTED_EDGE('',*,*,#1201,.F.);
#1572=ORIENTED_EDGE('',*,*,#1202,.F.);
#1573=ORIENTED_EDGE('',*,*,#1129,.F.);
#1574=ORIENTED_EDGE('',*,*,#1203,.F.);
#1575=ORIENTED_EDGE('',*,*,#1202,.T.);
#1576=ORIENTED_EDGE('',*,*,#1204,.T.);
#1577=ORIENTED_EDGE('',*,*,#1205,.T.);
#1578=ORIENTED_EDGE('',*,*,#1206,.T.);
#1579=ORIENTED_EDGE('',*,*,#1130,.T.);
#1580=ORIENTED_EDGE('',*,*,#1200,.T.);
#1581=ORIENTED_EDGE('',*,*,#1073,.T.);
#1582=ORIENTED_EDGE('',*,*,#1207,.T.);
#1583=ORIENTED_EDGE('',*,*,#1149,.T.);
#1584=ORIENTED_EDGE('',*,*,#1143,.F.);
#1585=ORIENTED_EDGE('',*,*,#1193,.T.);
#1586=ORIENTED_EDGE('',*,*,#1089,.T.);
#1587=ORIENTED_EDGE('',*,*,#1100,.T.);
#1588=ORIENTED_EDGE('',*,*,#1208,.F.);
#1589=ORIENTED_EDGE('',*,*,#1055,.T.);
#1590=ORIENTED_EDGE('',*,*,#1209,.F.);
#1591=ORIENTED_EDGE('',*,*,#1210,.T.);
#1592=ORIENTED_EDGE('',*,*,#1076,.F.);
#1593=ORIENTED_EDGE('',*,*,#1210,.F.);
#1594=ORIENTED_EDGE('',*,*,#1209,.T.);
#1595=ORIENTED_EDGE('',*,*,#1211,.F.);
#1596=ORIENTED_EDGE('',*,*,#1212,.T.);
#1597=ORIENTED_EDGE('',*,*,#1059,.F.);
#1598=ORIENTED_EDGE('',*,*,#1212,.F.);
#1599=ORIENTED_EDGE('',*,*,#1211,.T.);
#1600=ORIENTED_EDGE('',*,*,#1213,.T.);
#1601=ORIENTED_EDGE('',*,*,#1214,.T.);
#1602=ORIENTED_EDGE('',*,*,#1194,.T.);
#1603=ORIENTED_EDGE('',*,*,#1053,.T.);
#1604=ORIENTED_EDGE('',*,*,#1214,.F.);
#1605=ORIENTED_EDGE('',*,*,#1215,.F.);
#1606=ORIENTED_EDGE('',*,*,#1216,.F.);
#1607=ORIENTED_EDGE('',*,*,#1217,.T.);
#1608=ORIENTED_EDGE('',*,*,#1195,.T.);
#1609=ORIENTED_EDGE('',*,*,#1199,.T.);
#1610=ORIENTED_EDGE('',*,*,#1218,.T.);
#1611=ORIENTED_EDGE('',*,*,#1066,.T.);
#1612=ORIENTED_EDGE('',*,*,#1075,.T.);
#1613=ORIENTED_EDGE('',*,*,#1218,.F.);
#1614=ORIENTED_EDGE('',*,*,#1198,.F.);
#1615=ORIENTED_EDGE('',*,*,#1219,.F.);
#1616=ORIENTED_EDGE('',*,*,#1067,.T.);
#1617=ORIENTED_EDGE('',*,*,#1085,.F.);
#1618=ORIENTED_EDGE('',*,*,#1081,.T.);
#1619=ORIENTED_EDGE('',*,*,#1077,.F.);
#1620=ORIENTED_EDGE('',*,*,#1189,.T.);
#1621=ORIENTED_EDGE('',*,*,#1220,.T.);
#1622=ORIENTED_EDGE('',*,*,#1221,.F.);
#1623=ORIENTED_EDGE('',*,*,#1222,.F.);
#1624=ORIENTED_EDGE('',*,*,#1223,.F.);
#1625=ORIENTED_EDGE('',*,*,#1224,.F.);
#1626=ORIENTED_EDGE('',*,*,#1225,.F.);
#1627=ORIENTED_EDGE('',*,*,#1226,.F.);
#1628=ORIENTED_EDGE('',*,*,#1227,.F.);
#1629=ORIENTED_EDGE('',*,*,#1228,.F.);
#1630=ORIENTED_EDGE('',*,*,#1229,.F.);
#1631=ORIENTED_EDGE('',*,*,#1230,.F.);
#1632=ORIENTED_EDGE('',*,*,#1203,.T.);
#1633=ORIENTED_EDGE('',*,*,#1128,.F.);
#1634=ORIENTED_EDGE('',*,*,#1124,.T.);
#1635=ORIENTED_EDGE('',*,*,#1146,.T.);
#1636=ORIENTED_EDGE('',*,*,#1137,.F.);
#1637=ORIENTED_EDGE('',*,*,#1156,.T.);
#1638=ORIENTED_EDGE('',*,*,#1231,.F.);
#1639=ORIENTED_EDGE('',*,*,#1232,.F.);
#1640=ORIENTED_EDGE('',*,*,#1233,.T.);
#1641=ORIENTED_EDGE('',*,*,#1234,.F.);
#1642=ORIENTED_EDGE('',*,*,#1235,.T.);
#1643=ORIENTED_EDGE('',*,*,#1091,.T.);
#1644=ORIENTED_EDGE('',*,*,#1236,.F.);
#1645=ORIENTED_EDGE('',*,*,#1221,.T.);
#1646=ORIENTED_EDGE('',*,*,#1237,.F.);
#1647=ORIENTED_EDGE('',*,*,#1238,.F.);
#1648=ORIENTED_EDGE('',*,*,#1239,.F.);
#1649=ORIENTED_EDGE('',*,*,#1224,.T.);
#1650=ORIENTED_EDGE('',*,*,#1240,.F.);
#1651=ORIENTED_EDGE('',*,*,#1241,.F.);
#1652=ORIENTED_EDGE('',*,*,#1242,.F.);
#1653=ORIENTED_EDGE('',*,*,#1205,.F.);
#1654=ORIENTED_EDGE('',*,*,#1243,.F.);
#1655=ORIENTED_EDGE('',*,*,#1228,.T.);
#1656=ORIENTED_EDGE('',*,*,#1244,.T.);
#1657=ORIENTED_EDGE('',*,*,#1226,.T.);
#1658=ORIENTED_EDGE('',*,*,#1245,.F.);
#1659=ORIENTED_EDGE('',*,*,#1191,.F.);
#1660=ORIENTED_EDGE('',*,*,#1245,.T.);
#1661=ORIENTED_EDGE('',*,*,#1225,.T.);
#1662=ORIENTED_EDGE('',*,*,#1239,.T.);
#1663=ORIENTED_EDGE('',*,*,#1246,.F.);
#1664=ORIENTED_EDGE('',*,*,#1186,.F.);
#1665=ORIENTED_EDGE('',*,*,#1192,.F.);
#1666=ORIENTED_EDGE('',*,*,#1240,.T.);
#1667=ORIENTED_EDGE('',*,*,#1223,.T.);
#1668=ORIENTED_EDGE('',*,*,#1247,.T.);
#1669=ORIENTED_EDGE('',*,*,#1183,.T.);
#1670=ORIENTED_EDGE('',*,*,#1247,.F.);
#1671=ORIENTED_EDGE('',*,*,#1222,.T.);
#1672=ORIENTED_EDGE('',*,*,#1236,.T.);
#1673=ORIENTED_EDGE('',*,*,#1248,.F.);
#1674=ORIENTED_EDGE('',*,*,#1241,.T.);
#1675=ORIENTED_EDGE('',*,*,#1248,.T.);
#1676=ORIENTED_EDGE('',*,*,#1238,.T.);
#1677=ORIENTED_EDGE('',*,*,#1249,.T.);
#1678=ORIENTED_EDGE('',*,*,#1187,.T.);
#1679=ORIENTED_EDGE('',*,*,#1246,.T.);
#1680=ORIENTED_EDGE('',*,*,#1237,.T.);
#1681=ORIENTED_EDGE('',*,*,#1220,.F.);
#1682=ORIENTED_EDGE('',*,*,#1188,.T.);
#1683=ORIENTED_EDGE('',*,*,#1249,.F.);
#1684=ORIENTED_EDGE('',*,*,#1250,.T.);
#1685=ORIENTED_EDGE('',*,*,#1048,.T.);
#1686=ORIENTED_EDGE('',*,*,#1113,.T.);
#1687=ORIENTED_EDGE('',*,*,#1062,.F.);
#1688=ORIENTED_EDGE('',*,*,#1068,.T.);
#1689=ORIENTED_EDGE('',*,*,#1219,.T.);
#1690=ORIENTED_EDGE('',*,*,#1197,.T.);
#1691=ORIENTED_EDGE('',*,*,#1216,.T.);
#1692=ORIENTED_EDGE('',*,*,#1251,.T.);
#1693=ORIENTED_EDGE('',*,*,#1252,.F.);
#1694=ORIENTED_EDGE('',*,*,#1253,.T.);
#1695=ORIENTED_EDGE('',*,*,#1254,.F.);
#1696=ORIENTED_EDGE('',*,*,#1255,.T.);
#1697=ORIENTED_EDGE('',*,*,#1256,.F.);
#1698=ORIENTED_EDGE('',*,*,#1257,.T.);
#1699=ORIENTED_EDGE('',*,*,#1258,.F.);
#1700=ORIENTED_EDGE('',*,*,#1093,.T.);
#1701=ORIENTED_EDGE('',*,*,#1259,.F.);
#1702=ORIENTED_EDGE('',*,*,#1260,.F.);
#1703=ORIENTED_EDGE('',*,*,#1261,.F.);
#1704=ORIENTED_EDGE('',*,*,#1262,.F.);
#1705=ORIENTED_EDGE('',*,*,#1094,.T.);
#1706=ORIENTED_EDGE('',*,*,#1262,.T.);
#1707=ORIENTED_EDGE('',*,*,#1263,.F.);
#1708=ORIENTED_EDGE('',*,*,#1264,.F.);
#1709=ORIENTED_EDGE('',*,*,#1157,.T.);
#1710=ORIENTED_EDGE('',*,*,#1265,.T.);
#1711=ORIENTED_EDGE('',*,*,#1266,.T.);
#1712=ORIENTED_EDGE('',*,*,#1158,.T.);
#1713=ORIENTED_EDGE('',*,*,#1264,.T.);
#1714=ORIENTED_EDGE('',*,*,#1267,.F.);
#1715=ORIENTED_EDGE('',*,*,#1268,.F.);
#1716=ORIENTED_EDGE('',*,*,#1269,.T.);
#1717=ORIENTED_EDGE('',*,*,#1267,.T.);
#1718=ORIENTED_EDGE('',*,*,#1263,.T.);
#1719=ORIENTED_EDGE('',*,*,#1261,.T.);
#1720=ORIENTED_EDGE('',*,*,#1270,.F.);
#1721=ORIENTED_EDGE('',*,*,#1159,.F.);
#1722=ORIENTED_EDGE('',*,*,#1266,.F.);
#1723=ORIENTED_EDGE('',*,*,#1271,.F.);
#1724=ORIENTED_EDGE('',*,*,#1272,.T.);
#1725=ORIENTED_EDGE('',*,*,#1160,.T.);
#1726=ORIENTED_EDGE('',*,*,#1270,.T.);
#1727=ORIENTED_EDGE('',*,*,#1273,.T.);
#1728=ORIENTED_EDGE('',*,*,#1274,.T.);
#1729=ORIENTED_EDGE('',*,*,#1092,.T.);
#1730=ORIENTED_EDGE('',*,*,#1235,.F.);
#1731=ORIENTED_EDGE('',*,*,#1275,.F.);
#1732=ORIENTED_EDGE('',*,*,#1259,.T.);
#1733=ORIENTED_EDGE('',*,*,#1234,.T.);
#1734=ORIENTED_EDGE('',*,*,#1276,.T.);
#1735=ORIENTED_EDGE('',*,*,#1277,.T.);
#1736=ORIENTED_EDGE('',*,*,#1268,.T.);
#1737=ORIENTED_EDGE('',*,*,#1260,.T.);
#1738=ORIENTED_EDGE('',*,*,#1275,.T.);
#1739=ORIENTED_EDGE('',*,*,#1278,.F.);
#1740=ORIENTED_EDGE('',*,*,#1279,.T.);
#1741=ORIENTED_EDGE('',*,*,#1280,.T.);
#1742=ORIENTED_EDGE('',*,*,#1274,.F.);
#1743=ORIENTED_EDGE('',*,*,#1281,.T.);
#1744=ORIENTED_EDGE('',*,*,#1282,.F.);
#1745=ORIENTED_EDGE('',*,*,#1281,.F.);
#1746=ORIENTED_EDGE('',*,*,#1273,.F.);
#1747=ORIENTED_EDGE('',*,*,#1271,.T.);
#1748=ORIENTED_EDGE('',*,*,#1265,.F.);
#1749=ORIENTED_EDGE('',*,*,#1269,.F.);
#1750=ORIENTED_EDGE('',*,*,#1277,.F.);
#1751=ORIENTED_EDGE('',*,*,#1283,.T.);
#1752=ORIENTED_EDGE('',*,*,#1284,.T.);
#1753=ORIENTED_EDGE('',*,*,#1285,.F.);
#1754=ORIENTED_EDGE('',*,*,#1286,.T.);
#1755=ORIENTED_EDGE('',*,*,#1287,.F.);
#1756=ORIENTED_EDGE('',*,*,#1288,.T.);
#1757=ORIENTED_EDGE('',*,*,#1289,.F.);
#1758=ORIENTED_EDGE('',*,*,#1290,.T.);
#1759=ORIENTED_EDGE('',*,*,#1291,.F.);
#1760=ORIENTED_EDGE('',*,*,#1292,.F.);
#1761=ORIENTED_EDGE('',*,*,#1283,.F.);
#1762=ORIENTED_EDGE('',*,*,#1276,.F.);
#1763=ORIENTED_EDGE('',*,*,#1233,.F.);
#1764=ORIENTED_EDGE('',*,*,#1153,.T.);
#1765=ORIENTED_EDGE('',*,*,#1161,.F.);
#1766=ORIENTED_EDGE('',*,*,#1272,.F.);
#1767=ORIENTED_EDGE('',*,*,#1280,.F.);
#1768=ORIENTED_EDGE('',*,*,#1293,.T.);
#1769=ORIENTED_EDGE('',*,*,#1154,.T.);
#1770=ORIENTED_EDGE('',*,*,#1293,.F.);
#1771=ORIENTED_EDGE('',*,*,#1279,.F.);
#1772=ORIENTED_EDGE('',*,*,#1294,.F.);
#1773=ORIENTED_EDGE('',*,*,#1295,.T.);
#1774=ORIENTED_EDGE('',*,*,#1155,.T.);
#1775=ORIENTED_EDGE('',*,*,#1295,.F.);
#1776=ORIENTED_EDGE('',*,*,#1296,.F.);
#1777=ORIENTED_EDGE('',*,*,#1231,.T.);
#1778=ORIENTED_EDGE('',*,*,#1102,.F.);
#1779=ORIENTED_EDGE('',*,*,#1162,.F.);
#1780=ORIENTED_EDGE('',*,*,#1117,.F.);
#1781=ORIENTED_EDGE('',*,*,#1104,.F.);
#1782=ORIENTED_EDGE('',*,*,#1131,.T.);
#1783=ORIENTED_EDGE('',*,*,#1206,.F.);
#1784=ORIENTED_EDGE('',*,*,#1242,.T.);
#1785=ORIENTED_EDGE('',*,*,#1227,.T.);
#1786=ORIENTED_EDGE('',*,*,#1244,.F.);
#1787=ORIENTED_EDGE('',*,*,#1190,.F.);
#1788=ORIENTED_EDGE('',*,*,#1243,.T.);
#1789=ORIENTED_EDGE('',*,*,#1204,.F.);
#1790=ORIENTED_EDGE('',*,*,#1201,.T.);
#1791=ORIENTED_EDGE('',*,*,#1230,.T.);
#1792=ORIENTED_EDGE('',*,*,#1297,.T.);
#1793=ORIENTED_EDGE('',*,*,#1171,.T.);
#1794=ORIENTED_EDGE('',*,*,#1297,.F.);
#1795=ORIENTED_EDGE('',*,*,#1229,.T.);
#1796=ORIENTED_EDGE('',*,*,#1298,.F.);
#1797=ORIENTED_EDGE('',*,*,#1255,.F.);
#1798=ORIENTED_EDGE('',*,*,#1299,.F.);
#1799=ORIENTED_EDGE('',*,*,#1288,.F.);
#1800=ORIENTED_EDGE('',*,*,#1289,.T.);
#1801=ORIENTED_EDGE('',*,*,#1299,.T.);
#1802=ORIENTED_EDGE('',*,*,#1254,.T.);
#1803=ORIENTED_EDGE('',*,*,#1300,.T.);
#1804=ORIENTED_EDGE('',*,*,#1301,.F.);
#1805=ORIENTED_EDGE('',*,*,#1257,.F.);
#1806=ORIENTED_EDGE('',*,*,#1302,.F.);
#1807=ORIENTED_EDGE('',*,*,#1286,.F.);
#1808=ORIENTED_EDGE('',*,*,#1287,.T.);
#1809=ORIENTED_EDGE('',*,*,#1302,.T.);
#1810=ORIENTED_EDGE('',*,*,#1256,.T.);
#1811=ORIENTED_EDGE('',*,*,#1298,.T.);
#1812=ORIENTED_EDGE('',*,*,#1303,.F.);
#1813=ORIENTED_EDGE('',*,*,#1251,.F.);
#1814=ORIENTED_EDGE('',*,*,#1304,.F.);
#1815=ORIENTED_EDGE('',*,*,#1284,.F.);
#1816=ORIENTED_EDGE('',*,*,#1285,.T.);
#1817=ORIENTED_EDGE('',*,*,#1304,.T.);
#1818=ORIENTED_EDGE('',*,*,#1258,.T.);
#1819=ORIENTED_EDGE('',*,*,#1301,.T.);
#1820=ORIENTED_EDGE('',*,*,#1305,.F.);
#1821=ORIENTED_EDGE('',*,*,#1290,.F.);
#1822=ORIENTED_EDGE('',*,*,#1300,.F.);
#1823=ORIENTED_EDGE('',*,*,#1253,.F.);
#1824=ORIENTED_EDGE('',*,*,#1291,.T.);
#1825=ORIENTED_EDGE('',*,*,#1305,.T.);
#1826=ORIENTED_EDGE('',*,*,#1252,.T.);
#1827=ORIENTED_EDGE('',*,*,#1303,.T.);
#1828=ORIENTED_EDGE('',*,*,#1056,.T.);
#1829=ORIENTED_EDGE('',*,*,#1208,.T.);
#1830=ORIENTED_EDGE('',*,*,#1099,.T.);
#1831=ORIENTED_EDGE('',*,*,#1306,.F.);
#1832=ORIENTED_EDGE('',*,*,#1072,.T.);
#1833=ORIENTED_EDGE('',*,*,#1307,.T.);
#1834=ORIENTED_EDGE('',*,*,#1150,.T.);
#1835=ORIENTED_EDGE('',*,*,#1207,.F.);
#1836=ORIENTED_EDGE('',*,*,#1057,.T.);
#1837=ORIENTED_EDGE('',*,*,#1306,.T.);
#1838=ORIENTED_EDGE('',*,*,#1098,.T.);
#1839=ORIENTED_EDGE('',*,*,#1114,.F.);
#1840=ORIENTED_EDGE('',*,*,#1071,.T.);
#1841=ORIENTED_EDGE('',*,*,#1111,.T.);
#1842=ORIENTED_EDGE('',*,*,#1151,.T.);
#1843=ORIENTED_EDGE('',*,*,#1307,.F.);
#1844=ORIENTED_EDGE('',*,*,#1308,.T.);
#1845=ORIENTED_EDGE('',*,*,#1309,.T.);
#1846=ORIENTED_EDGE('',*,*,#1310,.F.);
#1847=ORIENTED_EDGE('',*,*,#1311,.T.);
#1848=ORIENTED_EDGE('',*,*,#1312,.F.);
#1849=ORIENTED_EDGE('',*,*,#1313,.T.);
#1850=ORIENTED_EDGE('',*,*,#1232,.T.);
#1851=ORIENTED_EDGE('',*,*,#1296,.T.);
#1852=ORIENTED_EDGE('',*,*,#1294,.T.);
#1853=ORIENTED_EDGE('',*,*,#1278,.T.);
#1854=ORIENTED_EDGE('',*,*,#1282,.T.);
#1855=ORIENTED_EDGE('',*,*,#1292,.T.);
#1856=ORIENTED_EDGE('',*,*,#1049,.F.);
#1857=ORIENTED_EDGE('',*,*,#1250,.F.);
#1858=ORIENTED_EDGE('',*,*,#1215,.T.);
#1859=ORIENTED_EDGE('',*,*,#1213,.F.);
#1860=ORIENTED_EDGE('',*,*,#1052,.F.);
#1861=ORIENTED_EDGE('',*,*,#1064,.F.);
#1862=ORIENTED_EDGE('',*,*,#1112,.F.);
#1863=ORIENTED_EDGE('',*,*,#1069,.F.);
#1864=ORIENTED_EDGE('',*,*,#1314,.T.);
#1865=ORIENTED_EDGE('',*,*,#1312,.T.);
#1866=ORIENTED_EDGE('',*,*,#1315,.T.);
#1867=ORIENTED_EDGE('',*,*,#1316,.F.);
#1868=ORIENTED_EDGE('',*,*,#1217,.F.);
#1869=ORIENTED_EDGE('',*,*,#1317,.F.);
#1870=ORIENTED_EDGE('',*,*,#1308,.F.);
#1871=ORIENTED_EDGE('',*,*,#1318,.T.);
#1872=ORIENTED_EDGE('',*,*,#1319,.F.);
#1873=ORIENTED_EDGE('',*,*,#1318,.F.);
#1874=ORIENTED_EDGE('',*,*,#1313,.F.);
#1875=ORIENTED_EDGE('',*,*,#1314,.F.);
#1876=ORIENTED_EDGE('',*,*,#1320,.T.);
#1877=ORIENTED_EDGE('',*,*,#1321,.F.);
#1878=ORIENTED_EDGE('',*,*,#1309,.F.);
#1879=ORIENTED_EDGE('',*,*,#1317,.T.);
#1880=ORIENTED_EDGE('',*,*,#1322,.T.);
#1881=ORIENTED_EDGE('',*,*,#1316,.T.);
#1882=ORIENTED_EDGE('',*,*,#1319,.T.);
#1883=ORIENTED_EDGE('',*,*,#1315,.F.);
#1884=ORIENTED_EDGE('',*,*,#1311,.F.);
#1885=ORIENTED_EDGE('',*,*,#1323,.F.);
#1886=ORIENTED_EDGE('',*,*,#1324,.T.);
#1887=ORIENTED_EDGE('',*,*,#1323,.T.);
#1888=ORIENTED_EDGE('',*,*,#1310,.T.);
#1889=ORIENTED_EDGE('',*,*,#1321,.T.);
#1890=ORIENTED_EDGE('',*,*,#1324,.F.);
#1891=ORIENTED_EDGE('',*,*,#1320,.F.);
#1892=ORIENTED_EDGE('',*,*,#1196,.T.);
#1893=ORIENTED_EDGE('',*,*,#1322,.F.);
#1894=ORIENTED_EDGE('',*,*,#1325,.T.);
#1895=ORIENTED_EDGE('',*,*,#1326,.F.);
#1896=ORIENTED_EDGE('',*,*,#1327,.T.);
#1897=ORIENTED_EDGE('',*,*,#1328,.F.);
#1898=ORIENTED_EDGE('',*,*,#1329,.T.);
#1899=ORIENTED_EDGE('',*,*,#1330,.F.);
#1900=ORIENTED_EDGE('',*,*,#1327,.F.);
#1901=ORIENTED_EDGE('',*,*,#1331,.F.);
#1902=ORIENTED_EDGE('',*,*,#1329,.F.);
#1903=ORIENTED_EDGE('',*,*,#1332,.F.);
#1904=ORIENTED_EDGE('',*,*,#1325,.F.);
#1905=ORIENTED_EDGE('',*,*,#1333,.F.);
#1906=ORIENTED_EDGE('',*,*,#1332,.T.);
#1907=ORIENTED_EDGE('',*,*,#1331,.T.);
#1908=ORIENTED_EDGE('',*,*,#1326,.T.);
#1909=ORIENTED_EDGE('',*,*,#1333,.T.);
#1910=ORIENTED_EDGE('',*,*,#1328,.T.);
#1911=ORIENTED_EDGE('',*,*,#1330,.T.);
#1912=CYLINDRICAL_SURFACE('',#2047,3.);
#1913=CYLINDRICAL_SURFACE('',#2054,3.);
#1914=CYLINDRICAL_SURFACE('',#2061,4.);
#1915=CYLINDRICAL_SURFACE('',#2065,4.);
#1916=CYLINDRICAL_SURFACE('',#2070,4.);
#1917=CYLINDRICAL_SURFACE('',#2077,4.);
#1918=CYLINDRICAL_SURFACE('',#2080,4.);
#1919=CYLINDRICAL_SURFACE('',#2083,4.);
#1920=CYLINDRICAL_SURFACE('',#2087,4.);
#1921=CYLINDRICAL_SURFACE('',#2092,4.);
#1922=CYLINDRICAL_SURFACE('',#2097,2.5);
#1923=CYLINDRICAL_SURFACE('',#2103,2.5);
#1924=CYLINDRICAL_SURFACE('',#2118,1.19999999999999);
#1925=CYLINDRICAL_SURFACE('',#2121,1.2);
#1926=CYLINDRICAL_SURFACE('',#2137,3.10000000000004);
#1927=CYLINDRICAL_SURFACE('',#2139,1.15);
#1928=CYLINDRICAL_SURFACE('',#2160,1.15);
#1929=ADVANCED_FACE('',(#106),#1912,.T.);
#1930=ADVANCED_FACE('',(#107),#21,.T.);
#1931=ADVANCED_FACE('',(#108,#15),#22,.T.);
#1932=ADVANCED_FACE('',(#109),#1913,.T.);
#1933=ADVANCED_FACE('',(#110),#23,.T.);
#1934=ADVANCED_FACE('',(#111,#16),#24,.T.);
#1935=ADVANCED_FACE('',(#112),#1914,.F.);
#1936=ADVANCED_FACE('',(#113),#25,.F.);
#1937=ADVANCED_FACE('',(#114),#1915,.T.);
#1938=ADVANCED_FACE('',(#115),#26,.F.);
#1939=ADVANCED_FACE('',(#116),#27,.F.);
#1940=ADVANCED_FACE('',(#117),#1916,.T.);
#1941=ADVANCED_FACE('',(#118),#28,.F.);
#1942=ADVANCED_FACE('',(#119),#1917,.F.);
#1943=ADVANCED_FACE('',(#120),#29,.F.);
#1944=ADVANCED_FACE('',(#121),#1918,.F.);
#1945=ADVANCED_FACE('',(#122),#30,.F.);
#1946=ADVANCED_FACE('',(#123),#1919,.F.);
#1947=ADVANCED_FACE('',(#124),#31,.T.);
#1948=ADVANCED_FACE('',(#125),#1920,.T.);
#1949=ADVANCED_FACE('',(#126),#32,.F.);
#1950=ADVANCED_FACE('',(#127),#33,.F.);
#1951=ADVANCED_FACE('',(#128),#1921,.T.);
#1952=ADVANCED_FACE('',(#129),#34,.F.);
#1953=ADVANCED_FACE('',(#130),#35,.T.);
#1954=ADVANCED_FACE('',(#131),#36,.F.);
#1955=ADVANCED_FACE('',(#132),#1922,.F.);
#1956=ADVANCED_FACE('',(#133),#37,.F.);
#1957=ADVANCED_FACE('',(#134,#17),#38,.T.);
#1958=ADVANCED_FACE('',(#135),#1923,.F.);
#1959=ADVANCED_FACE('',(#136),#39,.F.);
#1960=ADVANCED_FACE('',(#137),#40,.F.);
#1961=ADVANCED_FACE('',(#138,#18),#41,.T.);
#1962=ADVANCED_FACE('',(#139),#42,.T.);
#1963=ADVANCED_FACE('',(#140),#43,.T.);
#1964=ADVANCED_FACE('',(#141),#44,.T.);
#1965=ADVANCED_FACE('',(#142),#45,.F.);
#1966=ADVANCED_FACE('',(#143),#46,.F.);
#1967=ADVANCED_FACE('',(#144),#47,.F.);
#1968=ADVANCED_FACE('',(#145),#1924,.F.);
#1969=ADVANCED_FACE('',(#146),#48,.T.);
#1970=ADVANCED_FACE('',(#147),#1925,.F.);
#1971=ADVANCED_FACE('',(#148),#49,.T.);
#1972=ADVANCED_FACE('',(#149),#50,.T.);
#1973=ADVANCED_FACE('',(#150),#51,.T.);
#1974=ADVANCED_FACE('',(#151),#52,.T.);
#1975=ADVANCED_FACE('',(#152),#53,.T.);
#1976=ADVANCED_FACE('',(#153),#54,.T.);
#1977=ADVANCED_FACE('',(#154),#55,.F.);
#1978=ADVANCED_FACE('',(#155),#56,.F.);
#1979=ADVANCED_FACE('',(#156),#57,.F.);
#1980=ADVANCED_FACE('',(#157),#1926,.F.);
#1981=ADVANCED_FACE('',(#158),#58,.T.);
#1982=ADVANCED_FACE('',(#159),#1927,.F.);
#1983=ADVANCED_FACE('',(#160),#59,.F.);
#1984=ADVANCED_FACE('',(#161),#60,.T.);
#1985=ADVANCED_FACE('',(#162,#19),#61,.F.);
#1986=ADVANCED_FACE('',(#163),#62,.T.);
#1987=ADVANCED_FACE('',(#164),#63,.T.);
#1988=ADVANCED_FACE('',(#165),#64,.T.);
#1989=ADVANCED_FACE('',(#166),#65,.T.);
#1990=ADVANCED_FACE('',(#167),#66,.F.);
#1991=ADVANCED_FACE('',(#168),#67,.T.);
#1992=ADVANCED_FACE('',(#169),#68,.T.);
#1993=ADVANCED_FACE('',(#170),#69,.T.);
#1994=ADVANCED_FACE('',(#171),#70,.T.);
#1995=ADVANCED_FACE('',(#172,#20),#71,.F.);
#1996=ADVANCED_FACE('',(#173),#72,.F.);
#1997=ADVANCED_FACE('',(#174),#73,.T.);
#1998=ADVANCED_FACE('',(#175),#74,.T.);
#1999=ADVANCED_FACE('',(#176),#75,.T.);
#2000=ADVANCED_FACE('',(#177),#76,.F.);
#2001=ADVANCED_FACE('',(#178),#77,.T.);
#2002=ADVANCED_FACE('',(#179),#1928,.F.);
#2003=ADVANCED_FACE('',(#180),#78,.F.);
#2004=ADVANCED_FACE('',(#181),#79,.T.);
#2005=ADVANCED_FACE('',(#182),#80,.F.);
#2006=ADVANCED_FACE('',(#183),#81,.T.);
#2007=ADVANCED_FACE('',(#184),#82,.F.);
#2008=ADVANCED_FACE('',(#185),#83,.T.);
#2009=ADVANCED_FACE('',(#186),#84,.F.);
#2010=ADVANCED_FACE('',(#187),#85,.T.);
#2011=ADVANCED_FACE('',(#188),#86,.F.);
#2012=ADVANCED_FACE('',(#189),#87,.F.);
#2013=ADVANCED_FACE('',(#190),#88,.F.);
#2014=ADVANCED_FACE('',(#191),#89,.F.);
#2015=ADVANCED_FACE('',(#192),#90,.T.);
#2016=ADVANCED_FACE('',(#193),#91,.T.);
#2017=ADVANCED_FACE('',(#194),#92,.T.);
#2018=ADVANCED_FACE('',(#195),#93,.T.);
#2019=ADVANCED_FACE('',(#196),#94,.F.);
#2020=ADVANCED_FACE('',(#197),#95,.T.);
#2021=ADVANCED_FACE('',(#198),#96,.T.);
#2022=ADVANCED_FACE('',(#199),#97,.F.);
#2023=ADVANCED_FACE('',(#200),#98,.F.);
#2024=ADVANCED_FACE('',(#201),#99,.F.);
#2025=ADVANCED_FACE('',(#202),#100,.T.);
#2026=ADVANCED_FACE('',(#203),#101,.T.);
#2027=ADVANCED_FACE('',(#204),#102,.F.);
#2028=ADVANCED_FACE('',(#205),#103,.T.);
#2029=ADVANCED_FACE('',(#206),#104,.F.);
#2030=ADVANCED_FACE('',(#207),#105,.F.);
#2031=CLOSED_SHELL('',(#1929,#1930,#1931,#1932,#1933,#1934,#1935,#1936,
#1937,#1938,#1939,#1940,#1941,#1942,#1943,#1944,#1945,#1946,#1947,#1948,
#1949,#1950,#1951,#1952,#1953,#1954,#1955,#1956,#1957,#1958,#1959,#1960,
#1961,#1962,#1963,#1964,#1965,#1966,#1967,#1968,#1969,#1970,#1971,#1972,
#1973,#1974,#1975,#1976,#1977,#1978,#1979,#1980,#1981,#1982,#1983,#1984,
#1985,#1986,#1987,#1988,#1989,#1990,#1991,#1992,#1993,#1994,#1995,#1996,
#1997,#1998,#1999,#2000,#2001,#2002,#2003,#2004,#2005,#2006,#2007,#2008,
#2009,#2010,#2011,#2012,#2013,#2014,#2015,#2016,#2017,#2018,#2019,#2020,
#2021,#2022,#2023,#2024,#2025));
#2032=CLOSED_SHELL('',(#2026,#2027,#2028,#2029,#2030));
#2033=BREP_WITH_VOIDS('display-frame',#2031,(#14));
#2034=DERIVED_UNIT_ELEMENT(#2036,1.);
#2035=DERIVED_UNIT_ELEMENT(#3312,-3.);
#2036=(
MASS_UNIT()
NAMED_UNIT(*)
SI_UNIT(.KILO.,.GRAM.)
);
#2037=DERIVED_UNIT((#2034,#2035));
#2038=MEASURE_REPRESENTATION_ITEM('density measure',
POSITIVE_RATIO_MEASURE(7850.),#2037);
#2039=PROPERTY_DEFINITION_REPRESENTATION(#2044,#2041);
#2040=PROPERTY_DEFINITION_REPRESENTATION(#2045,#2042);
#2041=REPRESENTATION('material name',(#2043),#3309);
#2042=REPRESENTATION('density',(#2038),#3309);
#2043=DESCRIPTIVE_REPRESENTATION_ITEM('Steel','Steel');
#2044=PROPERTY_DEFINITION('material property','material name',#3319);
#2045=PROPERTY_DEFINITION('material property','density of part',#3319);
#2046=AXIS2_PLACEMENT_3D('',#2724,#2189,#2190);
#2047=AXIS2_PLACEMENT_3D('',#2725,#2191,#2192);
#2048=AXIS2_PLACEMENT_3D('',#2728,#2193,#2194);
#2049=AXIS2_PLACEMENT_3D('',#2732,#2196,#2197);
#2050=AXIS2_PLACEMENT_3D('',#2734,#2198,#2199);
#2051=AXIS2_PLACEMENT_3D('',#2736,#2201,#2202);
#2052=AXIS2_PLACEMENT_3D('',#2740,#2205,#2206);
#2053=AXIS2_PLACEMENT_3D('',#2755,#2214,#2215);
#2054=AXIS2_PLACEMENT_3D('',#2756,#2216,#2217);
#2055=AXIS2_PLACEMENT_3D('',#2759,#2218,#2219);
#2056=AXIS2_PLACEMENT_3D('',#2763,#2221,#2222);
#2057=AXIS2_PLACEMENT_3D('',#2765,#2223,#2224);
#2058=AXIS2_PLACEMENT_3D('',#2767,#2226,#2227);
#2059=AXIS2_PLACEMENT_3D('',#2775,#2232,#2233);
#2060=AXIS2_PLACEMENT_3D('',#2790,#2241,#2242);
#2061=AXIS2_PLACEMENT_3D('',#2791,#2243,#2244);
#2062=AXIS2_PLACEMENT_3D('',#2794,#2245,#2246);
#2063=AXIS2_PLACEMENT_3D('',#2798,#2248,#2249);
#2064=AXIS2_PLACEMENT_3D('',#2800,#2251,#2252);
#2065=AXIS2_PLACEMENT_3D('',#2808,#2257,#2258);
#2066=AXIS2_PLACEMENT_3D('',#2810,#2259,#2260);
#2067=AXIS2_PLACEMENT_3D('',#2813,#2262,#2263);
#2068=AXIS2_PLACEMENT_3D('',#2814,#2264,#2265);
#2069=AXIS2_PLACEMENT_3D('',#2820,#2269,#2270);
#2070=AXIS2_PLACEMENT_3D('',#2840,#2281,#2282);
#2071=AXIS2_PLACEMENT_3D('',#2842,#2283,#2284);
#2072=AXIS2_PLACEMENT_3D('',#2845,#2286,#2287);
#2073=AXIS2_PLACEMENT_3D('',#2846,#2288,#2289);
#2074=AXIS2_PLACEMENT_3D('',#2850,#2291,#2292);
#2075=AXIS2_PLACEMENT_3D('',#2854,#2294,#2295);
#2076=AXIS2_PLACEMENT_3D('',#2858,#2297,#2298);
#2077=AXIS2_PLACEMENT_3D('',#2865,#2304,#2305);
#2078=AXIS2_PLACEMENT_3D('',#2868,#2306,#2307);
#2079=AXIS2_PLACEMENT_3D('',#2871,#2310,#2311);
#2080=AXIS2_PLACEMENT_3D('',#2875,#2314,#2315);
#2081=AXIS2_PLACEMENT_3D('',#2877,#2316,#2317);
#2082=AXIS2_PLACEMENT_3D('',#2879,#2319,#2320);
#2083=AXIS2_PLACEMENT_3D('',#2883,#2323,#2324);
#2084=AXIS2_PLACEMENT_3D('',#2886,#2325,#2326);
#2085=AXIS2_PLACEMENT_3D('',#2890,#2328,#2329);
#2086=AXIS2_PLACEMENT_3D('',#2892,#2331,#2332);
#2087=AXIS2_PLACEMENT_3D('',#2910,#2342,#2343);
#2088=AXIS2_PLACEMENT_3D('',#2913,#2344,#2345);
#2089=AXIS2_PLACEMENT_3D('',#2917,#2347,#2348);
#2090=AXIS2_PLACEMENT_3D('',#2919,#2350,#2351);
#2091=AXIS2_PLACEMENT_3D('',#2927,#2356,#2357);
#2092=AXIS2_PLACEMENT_3D('',#2930,#2360,#2361);
#2093=AXIS2_PLACEMENT_3D('',#2932,#2362,#2363);
#2094=AXIS2_PLACEMENT_3D('',#2934,#2365,#2366);
#2095=AXIS2_PLACEMENT_3D('',#2949,#2375,#2376);
#2096=AXIS2_PLACEMENT_3D('',#2960,#2383,#2384);
#2097=AXIS2_PLACEMENT_3D('',#2966,#2388,#2389);
#2098=AXIS2_PLACEMENT_3D('',#2968,#2390,#2391);
#2099=AXIS2_PLACEMENT_3D('',#2970,#2392,#2393);
#2100=AXIS2_PLACEMENT_3D('',#2972,#2395,#2396);
#2101=AXIS2_PLACEMENT_3D('',#2975,#2399,#2400);
#2102=AXIS2_PLACEMENT_3D('',#2977,#2401,#2402);
#2103=AXIS2_PLACEMENT_3D('',#2978,#2403,#2404);
#2104=AXIS2_PLACEMENT_3D('',#2981,#2405,#2406);
#2105=AXIS2_PLACEMENT_3D('',#2985,#2408,#2409);
#2106=AXIS2_PLACEMENT_3D('',#2987,#2411,#2412);
#2107=AXIS2_PLACEMENT_3D('',#2993,#2416,#2417);
#2108=AXIS2_PLACEMENT_3D('',#2999,#2421,#2422);
#2109=AXIS2_PLACEMENT_3D('',#3002,#2424,#2425);
#2110=AXIS2_PLACEMENT_3D('',#3003,#2426,#2427);
#2111=AXIS2_PLACEMENT_3D('',#3014,#2434,#2435);
#2112=AXIS2_PLACEMENT_3D('',#3018,#2437,#2438);
#2113=AXIS2_PLACEMENT_3D('',#3033,#2448,#2449);
#2114=AXIS2_PLACEMENT_3D('',#3039,#2453,#2454);
#2115=AXIS2_PLACEMENT_3D('',#3041,#2455,#2456);
#2116=AXIS2_PLACEMENT_3D('',#3045,#2459,#2460);
#2117=AXIS2_PLACEMENT_3D('',#3047,#2462,#2463);
#2118=AXIS2_PLACEMENT_3D('',#3049,#2465,#2466);
#2119=AXIS2_PLACEMENT_3D('',#3051,#2467,#2468);
#2120=AXIS2_PLACEMENT_3D('',#3053,#2470,#2471);
#2121=AXIS2_PLACEMENT_3D('',#3054,#2472,#2473);
#2122=AXIS2_PLACEMENT_3D('',#3056,#2474,#2475);
#2123=AXIS2_PLACEMENT_3D('',#3058,#2477,#2478);
#2124=AXIS2_PLACEMENT_3D('',#3059,#2479,#2480);
#2125=AXIS2_PLACEMENT_3D('',#3063,#2483,#2484);
#2126=AXIS2_PLACEMENT_3D('',#3068,#2488,#2489);
#2127=AXIS2_PLACEMENT_3D('',#3070,#2491,#2492);
#2128=AXIS2_PLACEMENT_3D('',#3072,#2494,#2495);
#2129=AXIS2_PLACEMENT_3D('',#3078,#2498,#2499);
#2130=AXIS2_PLACEMENT_3D('',#3080,#2500,#2501);
#2131=AXIS2_PLACEMENT_3D('',#3086,#2504,#2505);
#2132=AXIS2_PLACEMENT_3D('',#3092,#2508,#2509);
#2133=AXIS2_PLACEMENT_3D('',#3093,#2510,#2511);
#2134=AXIS2_PLACEMENT_3D('',#3103,#2517,#2518);
#2135=AXIS2_PLACEMENT_3D('',#3109,#2522,#2523);
#2136=AXIS2_PLACEMENT_3D('',#3115,#2527,#2528);
#2137=AXIS2_PLACEMENT_3D('',#3118,#2531,#2532);
#2138=AXIS2_PLACEMENT_3D('',#3121,#2535,#2536);
#2139=AXIS2_PLACEMENT_3D('',#3123,#2538,#2539);
#2140=AXIS2_PLACEMENT_3D('',#3125,#2541,#2542);
#2141=AXIS2_PLACEMENT_3D('',#3126,#2543,#2544);
#2142=AXIS2_PLACEMENT_3D('',#3128,#2546,#2547);
#2143=AXIS2_PLACEMENT_3D('',#3129,#2548,#2549);
#2144=AXIS2_PLACEMENT_3D('',#3147,#2559,#2560);
#2145=AXIS2_PLACEMENT_3D('',#3155,#2565,#2566);
#2146=AXIS2_PLACEMENT_3D('',#3159,#2569,#2570);
#2147=AXIS2_PLACEMENT_3D('',#3165,#2574,#2575);
#2148=AXIS2_PLACEMENT_3D('',#3169,#2578,#2579);
#2149=AXIS2_PLACEMENT_3D('',#3173,#2582,#2583);
#2150=AXIS2_PLACEMENT_3D('',#3179,#2587,#2588);
#2151=AXIS2_PLACEMENT_3D('',#3181,#2590,#2591);
#2152=AXIS2_PLACEMENT_3D('',#3185,#2594,#2595);
#2153=AXIS2_PLACEMENT_3D('',#3193,#2600,#2601);
#2154=AXIS2_PLACEMENT_3D('',#3213,#2612,#2613);
#2155=AXIS2_PLACEMENT_3D('',#3215,#2615,#2616);
#2156=AXIS2_PLACEMENT_3D('',#3217,#2618,#2619);
#2157=AXIS2_PLACEMENT_3D('',#3221,#2622,#2623);
#2158=AXIS2_PLACEMENT_3D('',#3223,#2625,#2626);
#2159=AXIS2_PLACEMENT_3D('',#3224,#2627,#2628);
#2160=AXIS2_PLACEMENT_3D('',#3225,#2629,#2630);
#2161=AXIS2_PLACEMENT_3D('',#3227,#2632,#2633);
#2162=AXIS2_PLACEMENT_3D('',#3230,#2636,#2637);
#2163=AXIS2_PLACEMENT_3D('',#3232,#2639,#2640);
#2164=AXIS2_PLACEMENT_3D('',#3235,#2643,#2644);
#2165=AXIS2_PLACEMENT_3D('',#3236,#2645,#2646);
#2166=AXIS2_PLACEMENT_3D('',#3239,#2649,#2650);
#2167=AXIS2_PLACEMENT_3D('',#3240,#2651,#2652);
#2168=AXIS2_PLACEMENT_3D('',#3242,#2654,#2655);
#2169=AXIS2_PLACEMENT_3D('',#3243,#2656,#2657);
#2170=AXIS2_PLACEMENT_3D('',#3245,#2659,#2660);
#2171=AXIS2_PLACEMENT_3D('',#3247,#2662,#2663);
#2172=AXIS2_PLACEMENT_3D('',#3248,#2664,#2665);
#2173=AXIS2_PLACEMENT_3D('',#3249,#2666,#2667);
#2174=AXIS2_PLACEMENT_3D('',#3262,#2674,#2675);
#2175=AXIS2_PLACEMENT_3D('',#3263,#2676,#2677);
#2176=AXIS2_PLACEMENT_3D('',#3264,#2678,#2679);
#2177=AXIS2_PLACEMENT_3D('',#3265,#2680,#2681);
#2178=AXIS2_PLACEMENT_3D('',#3269,#2684,#2685);
#2179=AXIS2_PLACEMENT_3D('',#3274,#2689,#2690);
#2180=AXIS2_PLACEMENT_3D('',#3276,#2692,#2693);
#2181=AXIS2_PLACEMENT_3D('',#3280,#2696,#2697);
#2182=AXIS2_PLACEMENT_3D('',#3284,#2700,#2701);
#2183=AXIS2_PLACEMENT_3D('',#3286,#2703,#2704);
#2184=AXIS2_PLACEMENT_3D('',#3287,#2705,#2706);
#2185=AXIS2_PLACEMENT_3D('',#3296,#2711,#2712);
#2186=AXIS2_PLACEMENT_3D('',#3302,#2716,#2717);
#2187=AXIS2_PLACEMENT_3D('',#3305,#2720,#2721);
#2188=AXIS2_PLACEMENT_3D('',#3306,#2722,#2723);
#2189=DIRECTION('axis',(0.,0.,1.));
#2190=DIRECTION('refdir',(1.,0.,0.));
#2191=DIRECTION('center_axis',(-9.86076131526265E-32,0.994521895368273,
-0.104528463267654));
#2192=DIRECTION('ref_axis',(0.707106781185578,-0.0739127852036676,-0.703233176254369));
#2193=DIRECTION('center_axis',(0.,-0.994521895368273,0.104528463267654));
#2194=DIRECTION('ref_axis',(0.707106781185578,-0.0739127852036676,-0.703233176254369));
#2195=DIRECTION('',(9.86076131526265E-32,-0.994521895368273,0.104528463267654));
#2196=DIRECTION('center_axis',(-9.89439010977866E-13,0.,1.));
#2197=DIRECTION('ref_axis',(1.03971045531443E-13,-1.,-6.83830608421328E-18));
#2198=DIRECTION('center_axis',(1.90165871984511E-15,-0.994521895368273,
0.104528463267653));
#2199=DIRECTION('ref_axis',(0.707106781185578,-0.0739127852036676,-0.703233176254369));
#2200=DIRECTION('',(-9.86076131526265E-32,0.994521895368273,-0.104528463267654));
#2201=DIRECTION('center_axis',(1.,-6.898528277773E-16,-6.56351122324927E-15));
#2202=DIRECTION('ref_axis',(-6.59966487798521E-15,-0.104528463267653,-0.994521895368273));
#2203=DIRECTION('',(-6.59966487798521E-15,-0.104528463267653,-0.994521895368273));
#2204=DIRECTION('',(6.898528277773E-16,1.,6.82567299636256E-28));
#2205=DIRECTION('center_axis',(0.,0.994521895368273,-0.104528463267654));
#2206=DIRECTION('ref_axis',(0.,0.104528463267654,0.994521895368273));
#2207=DIRECTION('',(-1.,2.86279530909144E-13,2.72376779285348E-12));
#2208=DIRECTION('',(1.97110493628045E-12,0.104528463267654,0.994521895368273));
#2209=DIRECTION('',(-1.,3.57677402422067E-13,3.40307316368318E-12));
#2210=DIRECTION('',(0.705161999394051,-0.074115512684775,-0.705161999394506));
#2211=DIRECTION('',(-7.9780488298965E-13,-0.104528463267654,-0.994521895368273));
#2212=DIRECTION('',(-0.705161999393472,-0.0741155126848352,-0.705161999395079));
#2213=DIRECTION('',(-1.,-1.03994230590856E-13,-9.89439010977866E-13));
#2214=DIRECTION('center_axis',(0.,-0.994521895368273,0.104528463267654));
#2215=DIRECTION('ref_axis',(-1.,0.,0.));
#2216=DIRECTION('center_axis',(0.,0.994521895368273,-0.104528463267654));
#2217=DIRECTION('ref_axis',(-0.70710678118724,-0.0739127852034943,-0.703233176252716));
#2218=DIRECTION('center_axis',(0.,-0.994521895368273,0.104528463267654));
#2219=DIRECTION('ref_axis',(-0.70710678118724,-0.0739127852034943,-0.703233176252716));
#2220=DIRECTION('',(0.,-0.994521895368273,0.104528463267654));
#2221=DIRECTION('center_axis',(1.90165871984511E-15,-0.994521895368273,
0.104528463267653));
#2222=DIRECTION('ref_axis',(-0.70710678118724,-0.0739127852034943,-0.703233176252716));
#2223=DIRECTION('center_axis',(-9.89439010977866E-13,0.,1.));
#2224=DIRECTION('ref_axis',(1.03990387182551E-13,-1.,-6.83830612478721E-18));
#2225=DIRECTION('',(0.,0.994521895368273,-0.104528463267654));
#2226=DIRECTION('center_axis',(-1.95399252333419E-12,-0.104528463267654,
-0.994521895368273));
#2227=DIRECTION('ref_axis',(-1.,2.04247835700608E-13,1.94328834784176E-12));
#2228=DIRECTION('',(-1.,2.04247835700608E-13,1.94328834784176E-12));
#2229=DIRECTION('',(-0.707106781186547,-0.70323317625326,0.0739127852049409));
#2230=DIRECTION('',(0.,0.994521895368273,-0.104528463267654));
#2231=DIRECTION('',(1.,-2.02356594466204E-13,-1.9434871253054E-12));
#2232=DIRECTION('center_axis',(0.,0.994521895368273,-0.104528463267654));
#2233=DIRECTION('ref_axis',(0.,0.104528463267654,0.994521895368273));
#2234=DIRECTION('',(0.,0.104528463267653,0.994521895368273));
#2235=DIRECTION('',(-1.,-1.03994230590856E-13,-9.89439010977866E-13));
#2236=DIRECTION('',(-0.705161999395197,0.0741155126846559,0.705161999393373));
#2237=DIRECTION('',(-9.83602977796621E-13,0.104528463267654,0.994521895368273));
#2238=DIRECTION('',(0.705161999391047,0.0741155126850873,0.705161999397477));
#2239=DIRECTION('',(-1.,3.57677402422067E-13,3.40307316368318E-12));
#2240=DIRECTION('',(-3.4527660943827E-12,-0.104528463267654,-0.994521895368273));
#2241=DIRECTION('center_axis',(0.,-0.994521895368273,0.104528463267654));
#2242=DIRECTION('ref_axis',(-1.,0.,0.));
#2243=DIRECTION('center_axis',(0.,0.,-1.));
#2244=DIRECTION('ref_axis',(-0.499999999999999,-0.866025403784439,0.));
#2245=DIRECTION('center_axis',(8.37339780268641E-13,0.,-1.));
#2246=DIRECTION('ref_axis',(-0.499999999999999,-0.866025403784439,0.));
#2247=DIRECTION('',(0.,0.,1.));
#2248=DIRECTION('center_axis',(3.42170736189378E-12,0.104528463267654,0.994521895368273));
#2249=DIRECTION('ref_axis',(-3.2554634408516E-11,-0.994521895368273,0.104528463267654));
#2250=DIRECTION('',(0.,0.,-1.));
#2251=DIRECTION('center_axis',(-0.866025403784437,-0.500000000000003,0.));
#2252=DIRECTION('ref_axis',(-0.500000000000003,0.866025403784437,0.));
#2253=DIRECTION('',(0.500000000000003,-0.866025403784437,4.18669890134323E-13));
#2254=DIRECTION('',(0.,0.,-1.));
#2255=DIRECTION('',(-0.500000000000003,0.866025403784437,-4.22987942392381E-13));
#2256=DIRECTION('',(-0.497941488748942,0.862459957709645,-0.0906481943006268));
#2257=DIRECTION('center_axis',(0.,0.,-1.));
#2258=DIRECTION('ref_axis',(0.499999999999997,0.86602540378444,0.));
#2259=DIRECTION('center_axis',(-8.37339780268641E-13,0.,1.));
#2260=DIRECTION('ref_axis',(0.499999999999997,0.86602540378444,0.));
#2261=DIRECTION('',(0.,0.,1.));
#2262=DIRECTION('center_axis',(8.45975884784756E-13,0.,-1.));
#2263=DIRECTION('ref_axis',(0.499999999999997,0.86602540378444,0.));
#2264=DIRECTION('center_axis',(8.45975884784756E-13,0.,-1.));
#2265=DIRECTION('ref_axis',(-1.,-8.88263595994276E-14,-8.45975884784756E-13));
#2266=DIRECTION('',(-1.,0.,-8.45975884784756E-13));
#2267=DIRECTION('',(0.,1.,0.));
#2268=DIRECTION('',(1.,-4.07846786334138E-11,8.45975884784756E-13));
#2269=DIRECTION('center_axis',(0.,-1.,0.));
#2270=DIRECTION('ref_axis',(-1.,0.,0.));
#2271=DIRECTION('',(1.,0.,8.37339780268641E-13));
#2272=DIRECTION('',(0.707106781186292,0.,-0.707106781186803));
#2273=DIRECTION('',(-8.09939929810475E-13,0.,-1.));
#2274=DIRECTION('',(-0.707106781185739,0.,-0.707106781187356));
#2275=DIRECTION('',(-1.,0.,-9.75782138901174E-13));
#2276=DIRECTION('',(0.,0.,1.));
#2277=DIRECTION('',(1.,0.,9.89439010977866E-13));
#2278=DIRECTION('',(0.707106781185742,0.,0.707106781187353));
#2279=DIRECTION('',(8.02199415322296E-13,0.,1.));
#2280=DIRECTION('',(-0.707106781186319,0.,0.707106781186776));
#2281=DIRECTION('center_axis',(0.,0.,-1.));
#2282=DIRECTION('ref_axis',(0.499999999999997,0.86602540378444,0.));
#2283=DIRECTION('center_axis',(9.75782138901174E-13,0.,-1.));
#2284=DIRECTION('ref_axis',(0.499999999999997,0.86602540378444,0.));
#2285=DIRECTION('',(0.,0.,-1.));
#2286=DIRECTION('center_axis',(-9.89439010977866E-13,0.,1.));
#2287=DIRECTION('ref_axis',(0.499999999999997,0.86602540378444,0.));
#2288=DIRECTION('center_axis',(-9.89439010977866E-13,0.,1.));
#2289=DIRECTION('ref_axis',(1.,1.04002655108222E-13,9.89439010977866E-13));
#2290=DIRECTION('',(0.500000000000003,-0.866025403784437,4.94719505488936E-13));
#2291=DIRECTION('center_axis',(9.89439010977866E-13,0.,-1.));
#2292=DIRECTION('ref_axis',(-0.499999999999997,-0.86602540378444,0.));
#2293=DIRECTION('',(1.,4.75809867696495E-16,9.89439010977866E-13));
#2294=DIRECTION('center_axis',(9.89439010977866E-13,0.,-1.));
#2295=DIRECTION('ref_axis',(0.499999999999997,-0.86602540378444,0.));
#2296=DIRECTION('',(0.500000000000003,0.866025403784437,4.94719505488936E-13));
#2297=DIRECTION('center_axis',(-9.89439010977866E-13,0.,1.));
#2298=DIRECTION('ref_axis',(-0.499999999999997,0.86602540378444,0.));
#2299=DIRECTION('',(1.,7.39670042183847E-16,9.89439010977866E-13));
#2300=DIRECTION('',(0.,1.,0.));
#2301=DIRECTION('',(0.,-1.,0.));
#2302=DIRECTION('',(-1.,-1.05906364178564E-13,-9.89439010977866E-13));
#2303=DIRECTION('',(0.,1.,0.));
#2304=DIRECTION('center_axis',(0.,0.,-1.));
#2305=DIRECTION('ref_axis',(-0.499999999999997,-0.86602540378444,0.));
#2306=DIRECTION('center_axis',(-9.75782138901174E-13,0.,1.));
#2307=DIRECTION('ref_axis',(-0.499999999999997,-0.86602540378444,0.));
#2308=DIRECTION('',(0.,0.,-1.));
#2309=DIRECTION('',(0.,0.,1.));
#2310=DIRECTION('center_axis',(4.75809867696495E-16,-1.,0.));
#2311=DIRECTION('ref_axis',(-1.,-4.75809867696495E-16,0.));
#2312=DIRECTION('',(-1.,-4.75809867696495E-16,-9.75782138901174E-13));
#2313=DIRECTION('',(0.,0.,1.));
#2314=DIRECTION('center_axis',(0.,0.,-1.));
#2315=DIRECTION('ref_axis',(0.499999999999997,-0.86602540378444,0.));
#2316=DIRECTION('center_axis',(-9.75782138901174E-13,0.,1.));
#2317=DIRECTION('ref_axis',(0.499999999999997,-0.86602540378444,0.));
#2318=DIRECTION('',(0.,0.,-1.));
#2319=DIRECTION('center_axis',(0.866025403784437,-0.500000000000003,0.));
#2320=DIRECTION('ref_axis',(-0.500000000000003,-0.866025403784437,0.));
#2321=DIRECTION('',(-0.500000000000003,-0.866025403784437,-4.8789106945059E-13));
#2322=DIRECTION('',(0.,0.,1.));
#2323=DIRECTION('center_axis',(0.,0.,1.));
#2324=DIRECTION('ref_axis',(0.499999999999997,-0.86602540378444,0.));
#2325=DIRECTION('center_axis',(8.37339780268641E-13,0.,-1.));
#2326=DIRECTION('ref_axis',(0.499999999999997,-0.86602540378444,0.));
#2327=DIRECTION('',(0.,0.,1.));
#2328=DIRECTION('center_axis',(3.42170736189378E-12,0.104528463267654,0.994521895368273));
#2329=DIRECTION('ref_axis',(-3.25564286378145E-11,-0.994521895368273,0.104528463267654));
#2330=DIRECTION('',(0.,0.,-1.));
#2331=DIRECTION('center_axis',(9.03629522940263E-16,1.,0.));
#2332=DIRECTION('ref_axis',(1.,-9.03629522940263E-16,0.));
#2333=DIRECTION('',(1.,-9.03629522940263E-16,8.37339780268641E-13));
#2334=DIRECTION('',(0.,0.,-1.));
#2335=DIRECTION('',(1.,-9.03629522940263E-16,0.));
#2336=DIRECTION('',(0.,0.,-1.));
#2337=DIRECTION('',(-1.,9.03629522940263E-16,3.44046010733766E-12));
#2338=DIRECTION('',(0.,0.,-1.));
#2339=DIRECTION('',(1.,-9.03629522940263E-16,0.));
#2340=DIRECTION('',(0.,0.,1.));
#2341=DIRECTION('',(-1.,9.03629522940263E-16,3.44046010733766E-12));
#2342=DIRECTION('center_axis',(0.,0.,-1.));
#2343=DIRECTION('ref_axis',(-0.499999999999997,0.86602540378444,0.));
#2344=DIRECTION('center_axis',(-8.37339780268641E-13,0.,1.));
#2345=DIRECTION('ref_axis',(-0.499999999999997,0.86602540378444,0.));
#2346=DIRECTION('',(0.,0.,1.));
#2347=DIRECTION('center_axis',(8.45975884784756E-13,0.,-1.));
#2348=DIRECTION('ref_axis',(-0.499999999999997,0.86602540378444,0.));
#2349=DIRECTION('',(0.,0.,-1.));
#2350=DIRECTION('center_axis',(8.45975884784756E-13,0.,-1.));
#2351=DIRECTION('ref_axis',(-1.,-8.88263595994276E-14,-8.45975884784756E-13));
#2352=DIRECTION('',(-0.500000000000003,-0.866025403784437,-4.22987942392381E-13));
#2353=DIRECTION('',(1.,-4.07846786334138E-11,8.45975884784756E-13));
#2354=DIRECTION('',(0.,1.,0.));
#2355=DIRECTION('',(-1.,-7.39670042183847E-16,-8.45975884784756E-13));
#2356=DIRECTION('center_axis',(0.866025403784437,-0.500000000000003,0.));
#2357=DIRECTION('ref_axis',(-0.500000000000003,-0.866025403784437,0.));
#2358=DIRECTION('',(-0.497941488748787,-0.862459957709378,0.090648194304025));
#2359=DIRECTION('',(0.500000000000003,0.866025403784437,4.18669890134323E-13));
#2360=DIRECTION('center_axis',(0.,0.,-1.));
#2361=DIRECTION('ref_axis',(-0.499999999999997,0.86602540378444,0.));
#2362=DIRECTION('center_axis',(9.75782138901174E-13,0.,-1.));
#2363=DIRECTION('ref_axis',(-0.499999999999997,0.86602540378444,0.));
#2364=DIRECTION('',(0.,0.,-1.));
#2365=DIRECTION('center_axis',(7.39670042183847E-16,-1.,0.));
#2366=DIRECTION('ref_axis',(-1.,-7.39670042183847E-16,0.));
#2367=DIRECTION('',(-0.707106781183323,-5.23025702666353E-16,-0.707106781189772));
#2368=DIRECTION('',(9.89020937977832E-13,7.31549158914771E-28,-1.));
#2369=DIRECTION('',(0.707106781187462,5.23025702669415E-16,-0.707106781185633));
#2370=DIRECTION('',(-1.,-7.39670042183847E-16,-9.75782138901174E-13));
#2371=DIRECTION('',(-0.707106781187463,-5.23025702669415E-16,0.707106781185632));
#2372=DIRECTION('',(-9.97010603589592E-13,-7.37458875214856E-28,1.));
#2373=DIRECTION('',(0.707106781183033,5.23025702666139E-16,0.707106781190062));
#2374=DIRECTION('',(1.,7.39670042183847E-16,8.37339780268641E-13));
#2375=DIRECTION('center_axis',(-9.75782138901174E-13,0.,1.));
#2376=DIRECTION('ref_axis',(1.,0.,9.75782138901174E-13));
#2377=DIRECTION('',(0.,1.,0.));
#2378=DIRECTION('',(-0.814997427193207,0.579464574990097,-7.95259932705541E-13));
#2379=DIRECTION('',(1.,1.20499058872677E-12,9.75782138901174E-13));
#2380=DIRECTION('',(-0.814997427193262,-0.579464574990019,-7.95259932705595E-13));
#2381=DIRECTION('',(0.,1.,0.));
#2382=DIRECTION('',(-0.500000000000003,0.866025403784437,-4.8789106945059E-13));
#2383=DIRECTION('center_axis',(1.,0.,0.));
#2384=DIRECTION('ref_axis',(0.,1.,0.));
#2385=DIRECTION('',(0.,-0.994521895368273,0.104528463267654));
#2386=DIRECTION('',(0.,1.,0.));
#2387=DIRECTION('',(0.,0.,1.));
#2388=DIRECTION('center_axis',(0.,0.,1.));
#2389=DIRECTION('ref_axis',(-1.,0.,0.));
#2390=DIRECTION('center_axis',(-3.42170736189378E-12,-0.104528463267654,
-0.994521895368273));
#2391=DIRECTION('ref_axis',(0.,-0.994521895368273,0.104528463267654));
#2392=DIRECTION('center_axis',(0.,0.,1.));
#2393=DIRECTION('ref_axis',(-1.,0.,0.));
#2394=DIRECTION('',(0.,0.,1.));
#2395=DIRECTION('center_axis',(-1.,-1.01506105106714E-14,0.));
#2396=DIRECTION('ref_axis',(1.01506105106714E-14,-1.,0.));
#2397=DIRECTION('',(-1.0095004404218E-14,0.994521895368273,-0.104528463267654));
#2398=DIRECTION('',(-1.01506105106714E-14,1.,0.));
#2399=DIRECTION('center_axis',(0.,0.,1.));
#2400=DIRECTION('ref_axis',(-1.,0.,0.));
#2401=DIRECTION('center_axis',(0.,0.,1.));
#2402=DIRECTION('ref_axis',(-1.,0.,0.));
#2403=DIRECTION('center_axis',(0.,0.,1.));
#2404=DIRECTION('ref_axis',(-1.,0.,0.));
#2405=DIRECTION('center_axis',(-3.42170736189378E-12,-0.104528463267654,
-0.994521895368273));
#2406=DIRECTION('ref_axis',(0.,-0.994521895368273,0.104528463267654));
#2407=DIRECTION('',(0.,0.,1.));
#2408=DIRECTION('center_axis',(0.,0.,1.));
#2409=DIRECTION('ref_axis',(-1.,0.,0.));
#2410=DIRECTION('',(0.,0.,1.));
#2411=DIRECTION('center_axis',(-1.,-2.03012210213428E-14,0.));
#2412=DIRECTION('ref_axis',(2.03012210213428E-14,-1.,0.));
#2413=DIRECTION('',(-2.01900088084361E-14,0.994521895368273,-0.104528463267654));
#2414=DIRECTION('',(-2.03012210213428E-14,1.,0.));
#2415=DIRECTION('',(0.,0.,-1.));
#2416=DIRECTION('center_axis',(1.,1.26882631383391E-14,0.));
#2417=DIRECTION('ref_axis',(-1.26882631383391E-14,1.,0.));
#2418=DIRECTION('',(1.26187555052724E-14,-0.994521895368273,0.104528463267654));
#2419=DIRECTION('',(0.,0.,1.));
#2420=DIRECTION('',(-1.26882631383391E-14,1.,0.));
#2421=DIRECTION('center_axis',(0.,0.,1.));
#2422=DIRECTION('ref_axis',(-1.,0.,0.));
#2423=DIRECTION('',(1.,0.,0.));
#2424=DIRECTION('center_axis',(0.,0.,1.));
#2425=DIRECTION('ref_axis',(-1.,0.,0.));
#2426=DIRECTION('center_axis',(0.,1.,0.));
#2427=DIRECTION('ref_axis',(1.,0.,0.));
#2428=DIRECTION('',(-1.,-3.18171227618339E-16,3.4405885237712E-12));
#2429=DIRECTION('',(-1.,-3.18171227618339E-16,3.4405885237712E-12));
#2430=DIRECTION('',(0.,0.,-1.));
#2431=DIRECTION('',(1.,0.,0.));
#2432=DIRECTION('',(0.,0.,-1.));
#2433=DIRECTION('',(-1.,0.,-8.37339780268641E-13));
#2434=DIRECTION('center_axis',(3.42170736189378E-12,0.104528463267654,0.994521895368273));
#2435=DIRECTION('ref_axis',(1.,-3.57665812290373E-13,-3.40296289094618E-12));
#2436=DIRECTION('',(-0.257495457140361,-0.960986128766077,0.101003712165767));
#2437=DIRECTION('center_axis',(-3.42170736189378E-12,-0.104528463267654,
-0.994521895368273));
#2438=DIRECTION('ref_axis',(-3.25564019247227E-11,-0.994521895368273,0.104528463267654));
#2439=DIRECTION('',(-0.257495457140421,0.960986128766245,-0.101003712164013));
#2440=DIRECTION('',(0.103962051184781,0.989132844377787,-0.103962051184848));
#2441=DIRECTION('',(0.707106781186543,-0.703233176253661,0.0739127852011609));
#2442=DIRECTION('',(0.,0.994521895368273,-0.104528463267654));
#2443=DIRECTION('',(0.,0.994521895368273,-0.104528463267654));
#2444=DIRECTION('',(-1.,3.5577457105597E-13,3.40316166840982E-12));
#2445=DIRECTION('',(0.,0.994521895368273,-0.104528463267654));
#2446=DIRECTION('',(0.707106781186547,0.703233176253152,-0.0739127852059731));
#2447=DIRECTION('',(0.10396205118321,-0.989132844378025,0.103962051184158));
#2448=DIRECTION('center_axis',(0.500000000001734,-0.866025403783438,0.));
#2449=DIRECTION('ref_axis',(-0.866025403783438,-0.500000000001734,0.));
#2450=DIRECTION('',(0.,0.,1.));
#2451=DIRECTION('',(-0.866025403783438,-0.500000000001734,0.));
#2452=DIRECTION('',(0.866025403783438,0.500000000001734,7.25157521311085E-13));
#2453=DIRECTION('center_axis',(0.,0.,1.));
#2454=DIRECTION('ref_axis',(-1.,0.,0.));
#2455=DIRECTION('center_axis',(0.,0.,1.));
#2456=DIRECTION('ref_axis',(-1.,0.,0.));
#2457=DIRECTION('',(-1.,0.,0.));
#2458=DIRECTION('',(0.258819045102504,0.965925826289073,0.));
#2459=DIRECTION('center_axis',(0.707106781189772,0.,-0.707106781183323));
#2460=DIRECTION('ref_axis',(-0.705161999391047,-0.0741155126850886,-0.705161999397477));
#2461=DIRECTION('',(0.,1.,0.));
#2462=DIRECTION('center_axis',(-0.707106781186776,0.,-0.70710678118632));
#2463=DIRECTION('ref_axis',(-0.705161999394051,0.0741155126847736,0.705161999394506));
#2464=DIRECTION('',(0.,1.,0.));
#2465=DIRECTION('center_axis',(0.,0.994521895368273,-0.104528463267654));
#2466=DIRECTION('ref_axis',(-1.,0.,0.));
#2467=DIRECTION('center_axis',(0.,0.994521895368273,-0.104528463267653));
#2468=DIRECTION('ref_axis',(-1.,0.,0.));
#2469=DIRECTION('',(0.,0.994521895368273,-0.104528463267654));
#2470=DIRECTION('center_axis',(0.,0.994521895368273,-0.104528463267653));
#2471=DIRECTION('ref_axis',(-1.,0.,0.));
#2472=DIRECTION('center_axis',(0.,0.994521895368273,-0.104528463267654));
#2473=DIRECTION('ref_axis',(-1.,0.,0.));
#2474=DIRECTION('center_axis',(0.,0.994521895368273,-0.104528463267653));
#2475=DIRECTION('ref_axis',(-1.,0.,0.));
#2476=DIRECTION('',(0.,0.994521895368273,-0.104528463267654));
#2477=DIRECTION('center_axis',(0.,0.994521895368273,-0.104528463267653));
#2478=DIRECTION('ref_axis',(-1.,0.,0.));
#2479=DIRECTION('center_axis',(0.707106781186552,0.703233176253254,-0.0739127852049525));
#2480=DIRECTION('ref_axis',(-0.103962051186425,0.,-0.994581264609942));
#2481=DIRECTION('',(-0.707106781186543,0.703233176253611,-0.0739127852016412));
#2482=DIRECTION('',(-1.97110493628045E-12,-0.104528463267654,-0.994521895368273));
#2483=DIRECTION('center_axis',(1.,-2.06036569928681E-13,-1.96030701719939E-12));
#2484=DIRECTION('ref_axis',(-1.97110493628045E-12,-0.104528463267653,-0.994521895368273));
#2485=DIRECTION('',(0.,0.994521895368273,-0.104528463267654));
#2486=DIRECTION('',(1.97110493628045E-12,0.104528463267653,0.994521895368273));
#2487=DIRECTION('',(0.,0.994521895368273,-0.104528463267654));
#2488=DIRECTION('center_axis',(-0.707106781186548,0.703233176253659,-0.0739127852011386));
#2489=DIRECTION('ref_axis',(-0.103962051181119,0.,0.994581264610497));
#2490=DIRECTION('',(3.4527660943827E-12,0.104528463267654,0.994521895368273));
#2491=DIRECTION('center_axis',(-1.,3.60912333868482E-13,3.4338514804488E-12));
#2492=DIRECTION('ref_axis',(3.4527660943827E-12,0.104528463267653,0.994521895368273));
#2493=DIRECTION('',(0.,-0.104528463267653,-0.994521895368273));
#2494=DIRECTION('center_axis',(8.37339780268641E-13,0.,-1.));
#2495=DIRECTION('ref_axis',(-1.,0.,-8.37339780268641E-13));
#2496=DIRECTION('',(0.866025403783273,-0.500000000002019,7.25157521310946E-13));
#2497=DIRECTION('',(-1.,0.,0.));
#2498=DIRECTION('center_axis',(0.,0.,-1.));
#2499=DIRECTION('ref_axis',(-1.,0.,0.));
#2500=DIRECTION('center_axis',(0.,0.,-1.));
#2501=DIRECTION('ref_axis',(-1.,0.,0.));
#2502=DIRECTION('',(-1.,0.,0.));
#2503=DIRECTION('',(-0.258819045102516,0.96592582628907,0.));
#2504=DIRECTION('center_axis',(0.,0.,-1.));
#2505=DIRECTION('ref_axis',(-0.965925826289068,-0.258819045102521,0.));
#2506=DIRECTION('',(-0.258819045102504,-0.965925826289073,0.));
#2507=DIRECTION('',(-1.,0.,0.));
#2508=DIRECTION('center_axis',(0.,0.,-1.));
#2509=DIRECTION('ref_axis',(-1.,0.,0.));
#2510=DIRECTION('center_axis',(0.,0.,-1.));
#2511=DIRECTION('ref_axis',(-1.,0.,0.));
#2512=DIRECTION('',(0.,1.,0.));
#2513=DIRECTION('',(0.81499742719205,0.579464574991724,6.82429766604498E-13));
#2514=DIRECTION('',(-1.,6.78064384420573E-13,-8.37339780268641E-13));
#2515=DIRECTION('',(0.81499742719292,-0.5794645749905,6.82429766605227E-13));
#2516=DIRECTION('',(0.,1.,0.));
#2517=DIRECTION('center_axis',(0.,1.,0.));
#2518=DIRECTION('ref_axis',(0.,0.,-1.));
#2519=DIRECTION('',(0.,0.,-1.));
#2520=DIRECTION('',(0.,0.,1.));
#2521=DIRECTION('',(-1.,0.,0.));
#2522=DIRECTION('center_axis',(0.,1.,0.));
#2523=DIRECTION('ref_axis',(0.,0.,-1.));
#2524=DIRECTION('',(0.,0.,-1.));
#2525=DIRECTION('',(0.,0.,1.));
#2526=DIRECTION('',(-1.,0.,0.));
#2527=DIRECTION('center_axis',(0.,1.,0.));
#2528=DIRECTION('ref_axis',(0.,0.,-1.));
#2529=DIRECTION('',(0.,0.,1.));
#2530=DIRECTION('',(0.,0.,-1.));
#2531=DIRECTION('center_axis',(0.,0.,-1.));
#2532=DIRECTION('ref_axis',(-0.965925826289068,-0.258819045102521,0.));
#2533=DIRECTION('',(0.,0.,-1.));
#2534=DIRECTION('',(0.,0.,-1.));
#2535=DIRECTION('center_axis',(0.96592582628907,0.258819045102516,0.));
#2536=DIRECTION('ref_axis',(0.258819045102516,-0.96592582628907,0.));
#2537=DIRECTION('',(0.258819045102516,-0.96592582628907,0.));
#2538=DIRECTION('center_axis',(0.,0.,-1.));
#2539=DIRECTION('ref_axis',(-1.,0.,0.));
#2540=DIRECTION('',(0.,0.,1.));
#2541=DIRECTION('center_axis',(0.,0.,1.));
#2542=DIRECTION('ref_axis',(-1.,0.,0.));
#2543=DIRECTION('center_axis',(0.,0.,1.));
#2544=DIRECTION('ref_axis',(-1.,0.,0.));
#2545=DIRECTION('',(-0.866025403783273,0.500000000002019,0.));
#2546=DIRECTION('center_axis',(-0.500000000002019,-0.866025403783273,0.));
#2547=DIRECTION('ref_axis',(-0.866025403783273,0.500000000002019,0.));
#2548=DIRECTION('center_axis',(1.90165871984511E-15,-0.994521895368273,
0.104528463267653));
#2549=DIRECTION('ref_axis',(1.,1.89124123440396E-15,-1.98777463644942E-16));
#2550=DIRECTION('',(1.,-2.8438828967474E-13,-2.72396657031712E-12));
#2551=DIRECTION('',(0.,0.104528463267653,0.994521895368273));
#2552=DIRECTION('',(0.7071067811865,-0.0739127852035704,-0.703233176253452));
#2553=DIRECTION('',(-1.,1.24928961706608E-14,1.37054703095046E-13));
#2554=DIRECTION('',(0.707106781186595,0.0739127852035631,0.703233176253356));
#2555=DIRECTION('',(0.,-0.104528463267653,-0.994521895368273));
#2556=DIRECTION('',(-0.70710678118656,0.0739127852035641,0.703233176253392));
#2557=DIRECTION('',(1.,5.45269833229258E-15,3.36862233537453E-14));
#2558=DIRECTION('',(-0.707106781186535,-0.0739127852035693,-0.703233176253416));
#2559=DIRECTION('center_axis',(-1.,0.,8.09939929810475E-13));
#2560=DIRECTION('ref_axis',(8.09939929810475E-13,0.,1.));
#2561=DIRECTION('',(0.,1.,0.));
#2562=DIRECTION('',(-6.92708951164132E-13,0.518199680996998,-0.855259662684152));
#2563=DIRECTION('',(-8.05502994129559E-13,-0.104528463267653,-0.994521895368273));
#2564=DIRECTION('',(0.,-1.,0.));
#2565=DIRECTION('center_axis',(-0.707106781187356,0.,0.707106781185739));
#2566=DIRECTION('ref_axis',(0.707106781185739,0.,0.707106781187356));
#2567=DIRECTION('',(-0.596472784871814,0.537066507811554,-0.596472784873178));
#2568=DIRECTION('',(-0.705161999393469,-0.0741155126848355,-0.705161999395082));
#2569=DIRECTION('center_axis',(-0.482486868478627,-0.678601546040787,0.553810765024247));
#2570=DIRECTION('ref_axis',(0.7539901846219,0.,0.656885683733351));
#2571=DIRECTION('',(0.705161999393469,0.0741155126848355,0.705161999395082));
#2572=DIRECTION('',(-0.347569324919303,0.728694243398375,0.590084963385113));
#2573=DIRECTION('',(-0.663421489008401,0.695958252422934,0.274798178316909));
#2574=DIRECTION('center_axis',(-0.707106781186521,-0.703233176253371,0.073912785204136));
#2575=DIRECTION('ref_axis',(0.103962051185294,0.,0.99458126461006));
#2576=DIRECTION('',(-0.690564868295968,0.664304536967258,-0.286041334146115));
#2577=DIRECTION('',(8.05502994129559E-13,0.104528463267653,0.994521895368273));
#2578=DIRECTION('center_axis',(0.,0.629320391049833,-0.777145961456975));
#2579=DIRECTION('ref_axis',(0.,0.777145961456975,0.629320391049833));
#2580=DIRECTION('',(-0.347569324918787,-0.728694243398523,-0.590084963385233));
#2581=DIRECTION('',(-1.,0.,0.));
#2582=DIRECTION('center_axis',(0.482486868477409,-0.678601546040732,0.553810765025375));
#2583=DIRECTION('ref_axis',(0.753990184623385,0.,-0.656885683731648));
#2584=DIRECTION('',(-0.705161999395198,0.0741155126846558,0.705161999393372));
#2585=DIRECTION('',(0.705161999395198,-0.0741155126846558,-0.705161999393372));
#2586=DIRECTION('',(0.663421489008144,0.695958252422818,0.274798178317823));
#2587=DIRECTION('center_axis',(-0.707106781186803,0.,-0.707106781186292));
#2588=DIRECTION('ref_axis',(-0.707106781186292,0.,0.707106781186803));
#2589=DIRECTION('',(0.705161999394024,-0.0741155126847778,-0.705161999394533));
#2590=DIRECTION('center_axis',(-0.51956999177848,-0.730757711208406,-0.442764261377048));
#2591=DIRECTION('ref_axis',(-0.648608721558306,0.,0.761122018022406));
#2592=DIRECTION('',(0.217518086178944,-0.614252126411364,0.758538204300988));
#2593=DIRECTION('',(-0.705161999394024,0.0741155126847778,0.705161999394533));
#2594=DIRECTION('center_axis',(0.707106781186512,-0.703233176253366,0.0739127852042677));
#2595=DIRECTION('ref_axis',(0.103962051185478,0.,-0.994581264610041));
#2596=DIRECTION('',(-0.690564868296285,-0.664304536967709,0.286041334144302));
#2597=DIRECTION('',(-9.91548875184187E-13,0.104528463267653,0.994521895368273));
#2598=DIRECTION('',(-0.596472784872788,-0.537066507812621,0.596472784871244));
#2599=DIRECTION('',(9.91548875184187E-13,-0.104528463267653,-0.994521895368273));
#2600=DIRECTION('center_axis',(0.,0.994521895368273,-0.104528463267654));
#2601=DIRECTION('ref_axis',(0.,-0.104528463267653,-0.994521895368273));
#2602=DIRECTION('',(-0.705161999390756,-0.0741155126851175,-0.705161999397765));
#2603=DIRECTION('',(1.,0.,0.));
#2604=DIRECTION('',(0.,-0.104528463267653,-0.994521895368273));
#2605=DIRECTION('',(0.707106781186535,0.073912785203568,0.703233176253416));
#2606=DIRECTION('',(-1.,-3.56145709788862E-15,-3.38850008173902E-14));
#2607=DIRECTION('',(0.70710678118656,-0.0739127852035655,-0.703233176253392));
#2608=DIRECTION('',(0.,0.104528463267653,0.994521895368273));
#2609=DIRECTION('',(-0.707106781186595,-0.0739127852035617,-0.703233176253357));
#2610=DIRECTION('',(1.,-1.43841374050647E-14,-1.36855925631401E-13));
#2611=DIRECTION('',(-0.7071067811865,0.0739127852035718,0.703233176253452));
#2612=DIRECTION('center_axis',(0.,0.777145961456965,0.629320391049844));
#2613=DIRECTION('ref_axis',(0.,-0.629320391049844,0.777145961456965));
#2614=DIRECTION('',(0.217518086181321,0.61425212641103,-0.758538204300577));
#2615=DIRECTION('center_axis',(0.707106781185632,0.,0.707106781187463));
#2616=DIRECTION('ref_axis',(0.707106781187463,0.,-0.707106781185632));
#2617=DIRECTION('',(0.,1.,0.));
#2618=DIRECTION('center_axis',(1.,0.,9.97010603589592E-13));
#2619=DIRECTION('ref_axis',(9.97010603589592E-13,0.,-1.));
#2620=DIRECTION('',(-8.52702952519745E-13,-0.518199680995031,0.855259662685344));
#2621=DIRECTION('',(0.,1.,0.));
#2622=DIRECTION('center_axis',(0.707106781190062,0.,-0.707106781183033));
#2623=DIRECTION('ref_axis',(-0.707106781183033,0.,-0.707106781190062));
#2624=DIRECTION('',(0.705161999390756,0.0741155126851175,0.705161999397765));
#2625=DIRECTION('center_axis',(-0.866025403784437,-0.500000000000003,0.));
#2626=DIRECTION('ref_axis',(-0.500000000000003,0.866025403784437,0.));
#2627=DIRECTION('center_axis',(-0.965925826289073,0.258819045102504,0.));
#2628=DIRECTION('ref_axis',(0.258819045102504,0.965925826289073,0.));
#2629=DIRECTION('center_axis',(0.,0.,-1.));
#2630=DIRECTION('ref_axis',(-1.,0.,0.));
#2631=DIRECTION('',(0.,0.,1.));
#2632=DIRECTION('center_axis',(-1.,0.,0.));
#2633=DIRECTION('ref_axis',(0.,0.104528463267653,0.994521895368273));
#2634=DIRECTION('',(0.,-0.994521895368273,0.104528463267653));
#2635=DIRECTION('',(0.,0.994521895368273,-0.104528463267653));
#2636=DIRECTION('center_axis',(0.7071067811865,-0.0739127852035714,-0.703233176253452));
#2637=DIRECTION('ref_axis',(-0.705161999394328,0.,-0.709046228824464));
#2638=DIRECTION('',(0.,-0.994521895368273,0.104528463267653));
#2639=DIRECTION('center_axis',(3.40716488749024E-14,-0.104528463267653,
-0.994521895368273));
#2640=DIRECTION('ref_axis',(-1.,-3.56145709788862E-15,-3.38850008173902E-14));
#2641=DIRECTION('',(0.,-0.994521895368273,0.104528463267653));
#2642=DIRECTION('',(0.,0.994521895368273,-0.104528463267653));
#2643=DIRECTION('center_axis',(0.707106781186535,0.0739127852035677,0.703233176253416));
#2644=DIRECTION('ref_axis',(0.705161999394292,0.,-0.7090462288245));
#2645=DIRECTION('center_axis',(1.,0.,0.));
#2646=DIRECTION('ref_axis',(0.,-0.104528463267653,-0.994521895368273));
#2647=DIRECTION('',(0.,-0.994521895368273,0.104528463267653));
#2648=DIRECTION('',(0.,0.994521895368273,-0.104528463267653));
#2649=DIRECTION('center_axis',(-0.70710678118656,0.0739127852035652,0.703233176253392));
#2650=DIRECTION('ref_axis',(0.705161999394268,0.,0.709046228824524));
#2651=DIRECTION('center_axis',(1.37609766329703E-13,0.104528463267653,0.994521895368273));
#2652=DIRECTION('ref_axis',(1.,-1.43841374050647E-14,-1.36855925631401E-13));
#2653=DIRECTION('',(0.,0.994521895368273,-0.104528463267653));
#2654=DIRECTION('center_axis',(-0.707106781186596,-0.0739127852035614,-0.703233176253357));
#2655=DIRECTION('ref_axis',(-0.705161999394232,0.,0.709046228824559));
#2656=DIRECTION('center_axis',(-1.,0.,8.02199415322296E-13));
#2657=DIRECTION('ref_axis',(7.9780488298965E-13,0.104528463267653,0.994521895368273));
#2658=DIRECTION('',(0.,1.,0.));
#2659=DIRECTION('center_axis',(1.,0.,9.89020937977832E-13));
#2660=DIRECTION('ref_axis',(9.83602977796621E-13,-0.104528463267654,-0.994521895368273));
#2661=DIRECTION('',(0.,1.,0.));
#2662=DIRECTION('center_axis',(-0.707106781187353,0.,0.707106781185742));
#2663=DIRECTION('ref_axis',(0.705161999393472,0.0741155126848351,0.705161999395079));
#2664=DIRECTION('center_axis',(0.707106781185633,0.,0.707106781187462));
#2665=DIRECTION('ref_axis',(0.705161999395197,-0.0741155126846549,-0.705161999393373));
#2666=DIRECTION('center_axis',(0.519569991778459,0.730757711208407,0.44276426137707));
#2667=DIRECTION('ref_axis',(0.648608721558339,0.,-0.761122018022378));
#2668=DIRECTION('',(0.794490907943143,-0.60385952731136,0.0643262657938527));
#2669=DIRECTION('',(0.705161999394051,-0.0741155126847736,-0.705161999394506));
#2670=DIRECTION('',(0.814997427192929,-0.579464574990488,6.89468169566838E-13));
#2671=DIRECTION('',(-0.705161999394052,0.0741155126847746,0.705161999394505));
#2672=DIRECTION('',(-6.86088801353964E-13,0.518199680997012,-0.855259662684144));
#2673=DIRECTION('',(0.705161999394023,-0.0741155126847342,-0.705161999394538));
#2674=DIRECTION('center_axis',(0.519569991780778,-0.730757711208272,-0.442764261374572));
#2675=DIRECTION('ref_axis',(-0.648608721554542,0.,-0.761122018025614));
#2676=DIRECTION('center_axis',(-2.73877106732262E-12,-0.104528463267654,
-0.994521895368273));
#2677=DIRECTION('ref_axis',(-1.,2.86279530909144E-13,2.72376779285348E-12));
#2678=DIRECTION('center_axis',(-1.,0.,0.));
#2679=DIRECTION('ref_axis',(0.,0.104528463267653,0.994521895368273));
#2680=DIRECTION('center_axis',(-1.,0.,8.02199415322296E-13));
#2681=DIRECTION('ref_axis',(7.9780488298965E-13,0.104528463267653,0.994521895368273));
#2682=DIRECTION('',(8.38526721177827E-14,-0.994521895368282,0.10452846326757));
#2683=DIRECTION('',(7.9780488298965E-13,0.104528463267653,0.994521895368273));
#2684=DIRECTION('center_axis',(0.00107411030015914,-0.104528402969716,-0.994521321671719));
#2685=DIRECTION('ref_axis',(-0.999999423143365,-0.000112275099057484,-0.00106822621154865));
#2686=DIRECTION('',(-0.999999423143365,-0.000112275099055592,-0.00106822621154885));
#2687=DIRECTION('',(0.999999423143365,0.000112275099057484,0.00106822621154865));
#2688=DIRECTION('',(0.,0.994521895368273,-0.104528463267654));
#2689=DIRECTION('center_axis',(-0.709046228824767,-0.0737095001514035,-0.701299048179025));
#2690=DIRECTION('ref_axis',(-0.705161999394023,0.0741155126847766,0.705161999394534));
#2691=DIRECTION('',(-0.705161999394023,0.0741155126847776,0.705161999394534));
#2692=DIRECTION('center_axis',(1.90165871984511E-15,-0.994521895368273,
0.104528463267653));
#2693=DIRECTION('ref_axis',(1.,1.89124123440396E-15,-1.98777463644942E-16));
#2694=DIRECTION('',(-1.97110493628045E-12,-0.104528463267653,-0.994521895368273));
#2695=DIRECTION('',(1.,9.08277820112142E-14,8.45975884784756E-13));
#2696=DIRECTION('center_axis',(0.,0.994521895368273,-0.104528463267653));
#2697=DIRECTION('ref_axis',(0.,0.104528463267653,0.994521895368273));
#2698=DIRECTION('',(1.97110493628045E-12,0.104528463267653,0.994521895368273));
#2699=DIRECTION('',(-1.,-8.89156484235055E-14,-8.45975884784756E-13));
#2700=DIRECTION('center_axis',(8.45975884784756E-13,0.,-1.));
#2701=DIRECTION('ref_axis',(-1.,-8.88263595994276E-14,-8.45975884784756E-13));
#2702=DIRECTION('',(2.0603656992868E-13,1.,1.74301969543432E-25));
#2703=DIRECTION('center_axis',(-1.,2.0603656992868E-13,1.96030701719939E-12));
#2704=DIRECTION('ref_axis',(1.97110493628045E-12,0.104528463267653,0.994521895368273));
#2705=DIRECTION('center_axis',(-0.519569991780575,0.730757711208282,0.442764261374794));
#2706=DIRECTION('ref_axis',(0.648608721554877,0.,0.761122018025328));
#2707=DIRECTION('',(0.705161999390755,0.0741155126846779,0.705161999397812));
#2708=DIRECTION('',(-8.45869713803555E-13,-0.518199680995211,0.855259662685235));
#2709=DIRECTION('',(-0.705161999391046,-0.0741155126850871,-0.705161999397478));
#2710=DIRECTION('',(0.814997427192162,0.579464574991566,6.8946816956619E-13));
#2711=DIRECTION('center_axis',(0.,0.994521895368273,-0.104528463267653));
#2712=DIRECTION('ref_axis',(0.,0.104528463267653,0.994521895368273));
#2713=DIRECTION('',(-0.705161999390755,-0.0741155126851173,-0.705161999397766));
#2714=DIRECTION('',(-1.,-8.89156484235055E-14,-8.45975884784756E-13));
#2715=DIRECTION('',(9.83602977796621E-13,-0.104528463267653,-0.994521895368273));
#2716=DIRECTION('center_axis',(0.709046228828017,-0.0737095001510619,-0.701299048175775));
#2717=DIRECTION('ref_axis',(-0.705161999390755,-0.0741155126851189,-0.705161999397766));
#2718=DIRECTION('',(1.03380838786254E-13,0.994521895368284,-0.10452846326755));
#2719=DIRECTION('',(-0.103398641622457,-0.994639995631902,-8.74727573321E-14));
#2720=DIRECTION('center_axis',(1.,0.,9.89020937977832E-13));
#2721=DIRECTION('ref_axis',(9.83602977796621E-13,-0.104528463267654,-0.994521895368273));
#2722=DIRECTION('center_axis',(8.45975884784756E-13,0.,-1.));
#2723=DIRECTION('ref_axis',(-1.,-8.88263595994276E-14,-8.45975884784756E-13));
#2724=CARTESIAN_POINT('',(0.,0.,0.));
#2725=CARTESIAN_POINT('Origin',(50.1500000000067,-67.1183878714021,73.3393023663605));
#2726=CARTESIAN_POINT('',(50.1499999999984,-59.4757980982589,69.5195089741144));
#2727=CARTESIAN_POINT('',(53.1500000000066,-59.162212708456,72.5030746602192));
#2728=CARTESIAN_POINT('Origin',(50.1500000000067,-59.162212708456,72.5030746602193));
#2729=CARTESIAN_POINT('',(53.1500000000066,-59.7129189253461,72.5609562160015));
#2730=CARTESIAN_POINT('',(53.1500000000066,-67.1183878714021,73.3393023663605));
#2731=CARTESIAN_POINT('',(53.0935095112273,-65.2562980447015,72.5609562160015));
#2732=CARTESIAN_POINT('Origin',(50.1500000000067,-59.7129189253177,72.5609562159986));
#2733=CARTESIAN_POINT('',(50.1499999999984,-65.5093153676044,70.1536571926712));
#2734=CARTESIAN_POINT('Origin',(50.1500000000067,-65.1957299778014,73.1372228787761));
#2735=CARTESIAN_POINT('',(50.1499999999984,-67.4319732612051,70.3557366802557));
#2736=CARTESIAN_POINT('Origin',(53.1500000000067,-67.0099521720969,74.3709991293994));
#2737=CARTESIAN_POINT('',(53.1500000000066,-59.1561291117995,72.5609562160015));
#2738=CARTESIAN_POINT('',(53.1500000000066,-59.4757980982598,69.5195089741063));
#2739=CARTESIAN_POINT('',(53.1500000000066,-67.1050737602029,72.5609562160015));
#2740=CARTESIAN_POINT('Origin',(81.9999999999725,-60.6000696576736,58.822779612326));
#2741=CARTESIAN_POINT('',(45.4500000000274,-59.4757980982576,69.5195089741272));
#2742=CARTESIAN_POINT('',(46.4500000000274,-59.4757980982579,69.5195089741245));
#2743=CARTESIAN_POINT('',(45.4499999999859,-61.6813486732046,48.5350969818605));
#2744=CARTESIAN_POINT('',(45.4500000000168,-60.0379338779619,64.1711442932621));
#2745=CARTESIAN_POINT('',(36.9841217159996,-61.6813486732029,48.5350969818771));
#2746=CARTESIAN_POINT('',(59.4920608579683,-61.6813486732097,48.5350969818128));
#2747=CARTESIAN_POINT('',(34.7000000001025,-61.4412778069997,50.8192186977757));
#2748=CARTESIAN_POINT('',(46.698455395552,-62.7023662857085,38.8207633023184));
#2749=CARTESIAN_POINT('',(34.700000000115,-59.8348008395705,66.103826053211));
#2750=CARTESIAN_POINT('',(34.700000000105,-61.0646192691156,54.4028853019992));
#2751=CARTESIAN_POINT('',(41.157130162879,-59.1561291118007,72.5609562159897));
#2752=CARTESIAN_POINT('',(44.4195781783975,-58.8132320080348,75.8234042315156));
#2753=CARTESIAN_POINT('',(61.5785650814185,-59.1561291117986,72.5609562160099));
#2754=CARTESIAN_POINT('',(44.7750000000423,-60.5785733857606,59.0273029777131));
#2755=CARTESIAN_POINT('Origin',(43.5750000000423,-60.5785733857606,59.0273029777131));
#2756=CARTESIAN_POINT('Origin',(113.850000000007,-67.1183878714256,73.3393023661376));
#2757=CARTESIAN_POINT('',(110.850000000007,-59.1622127084794,72.5030746599964));
#2758=CARTESIAN_POINT('',(113.850000000001,-59.4757980982823,69.5195089738916));
#2759=CARTESIAN_POINT('Origin',(113.850000000007,-59.1622127084794,72.5030746599964));
#2760=CARTESIAN_POINT('',(113.850000000001,-65.5093153676277,70.1536571924484));
#2761=CARTESIAN_POINT('',(113.850000000001,-67.4319732612285,70.3557366800328));
#2762=CARTESIAN_POINT('',(110.906490488731,-65.2562980446954,72.5609562160587));
#2763=CARTESIAN_POINT('Origin',(113.850000000007,-65.1957299778248,73.1372228785532));
#2764=CARTESIAN_POINT('',(110.850000000007,-59.7129189280327,72.5609562160586));
#2765=CARTESIAN_POINT('Origin',(113.850000000007,-59.7129189280609,72.5609562160616));
#2766=CARTESIAN_POINT('',(110.850000000007,-67.1183878714256,73.3393023661376));
#2767=CARTESIAN_POINT('Origin',(122.550000000043,-67.4319732612303,70.3557366800159));
#2768=CARTESIAN_POINT('',(123.550000000043,-59.4757980982843,69.5195089738727));
#2769=CARTESIAN_POINT('',(122.550000000043,-59.4757980982841,69.5195089738747));
#2770=CARTESIAN_POINT('',(122.550000000043,-60.4703199936524,69.6240374371423));
#2771=CARTESIAN_POINT('',(121.050000000037,-61.9621028367104,69.7808301320474));
#2772=CARTESIAN_POINT('',(122.550000000043,-65.5093153676295,70.1536571924315));
#2773=CARTESIAN_POINT('',(122.550000000043,-67.4319732612303,70.3557366800159));
#2774=CARTESIAN_POINT('',(102.275000000018,-65.5093153676254,70.1536571924709));
#2775=CARTESIAN_POINT('Origin',(81.9999999999725,-60.6000696576736,58.822779612326));
#2776=CARTESIAN_POINT('',(110.850000000007,-59.1561291117935,72.5609562160586));
#2777=CARTESIAN_POINT('',(110.850000000007,-59.4757980982817,69.5195089738974));
#2778=CARTESIAN_POINT('',(122.842869837044,-59.1561291117922,72.5609562160705));
#2779=CARTESIAN_POINT('',(61.5785650814185,-59.1561291117986,72.5609562160099));
#2780=CARTESIAN_POINT('',(129.299999999827,-59.8348008395607,66.1038260533048));
#2781=CARTESIAN_POINT('',(116.35185674012,-58.4738961441422,79.0519693129784));
#2782=CARTESIAN_POINT('',(129.299999999842,-61.4412778069901,50.819218697867));
#2783=CARTESIAN_POINT('',(129.299999999832,-60.2613807853957,62.0451889797674));
#2784=CARTESIAN_POINT('',(127.015878283579,-61.6813486732338,48.5350969815829));
#2785=CARTESIAN_POINT('',(119.341632054628,-62.4879444543755,40.8608507525622));
#2786=CARTESIAN_POINT('',(123.54999999997,-61.6813486732326,48.5350969815948));
#2787=CARTESIAN_POINT('',(59.4920608579683,-61.6813486732097,48.5350969818128));
#2788=CARTESIAN_POINT('',(123.549999999988,-61.1407091654606,53.678938296889));
#2789=CARTESIAN_POINT('',(126.6249999999,-60.5785733857561,59.0273029777561));
#2790=CARTESIAN_POINT('Origin',(125.4249999999,-60.5785733857561,59.0273029777561));
#2791=CARTESIAN_POINT('Origin',(51.9246435709035,-47.0381489716794,60.6445219020556));
#2792=CARTESIAN_POINT('',(51.9246435709035,-51.0381489716794,44.7500000067318));
#2793=CARTESIAN_POINT('',(48.4605419557657,-49.0381489716794,44.7500000067289));
#2794=CARTESIAN_POINT('Origin',(51.9246435709035,-47.0381489716794,44.7500000067938));
#2795=CARTESIAN_POINT('',(48.4605419557661,-49.0381489716792,47.2062431459101));
#2796=CARTESIAN_POINT('',(48.4605419557657,-49.0381489716794,60.6445219020556));
#2797=CARTESIAN_POINT('',(51.9246435709035,-51.0381489716794,47.4164516164296));
#2798=CARTESIAN_POINT('Origin',(51.9246435709035,-47.0381489716794,46.9960346753669));
#2799=CARTESIAN_POINT('',(51.9246435709035,-51.0381489716794,60.6445219020556));
#2800=CARTESIAN_POINT('Origin',(53.9999999999968,-58.6327717506836,74.5500000066867));
#2801=CARTESIAN_POINT('',(45.8624657452835,-44.5381489731883,44.7500000067267));
#2802=CARTESIAN_POINT('',(64.6097451826772,-77.0093894624452,44.7500000067424));
#2803=CARTESIAN_POINT('',(45.8624657452835,-44.5381489731883,46.7390437974633));
#2804=CARTESIAN_POINT('',(45.8624657452835,-44.5381489731883,74.5500000066867));
#2805=CARTESIAN_POINT('',(45.8941594601959,-44.5930440976971,46.7390437974633));
#2806=CARTESIAN_POINT('',(65.3449763394659,-78.2828471813108,46.7390437974798));
#2807=CARTESIAN_POINT('',(53.2454626144903,-57.3258746627754,48.077318216748));
#2808=CARTESIAN_POINT('Origin',(42.3983641301458,-46.5381489731883,74.5500000066867));
#2809=CARTESIAN_POINT('',(42.3983641301458,-42.5381489731883,44.7500000067238));
#2810=CARTESIAN_POINT('Origin',(42.3983641301458,-46.5381489731883,44.7500000067938));
#2811=CARTESIAN_POINT('',(42.3983641301458,-42.5381489731883,46.7390437974604));
#2812=CARTESIAN_POINT('',(42.3983641301458,-42.5381489731883,74.5500000066867));
#2813=CARTESIAN_POINT('Origin',(42.3983641301458,-46.5381489731883,46.7390437975304));
#2814=CARTESIAN_POINT('Origin',(125.219825099543,-69.9141877061483,46.7390437975304));
#2815=CARTESIAN_POINT('',(38.7801749004182,-42.5381489731883,46.7390437974573));
#2816=CARTESIAN_POINT('',(84.9637951532352,-42.5381489731883,46.7390437974964));
#2817=CARTESIAN_POINT('',(38.7801749004182,-44.593044097407,46.7390437974573));
#2818=CARTESIAN_POINT('',(38.7801749004182,-69.9141877061559,46.7390437974573));
#2819=CARTESIAN_POINT('',(81.1019734086367,-44.593044099133,46.7390437974931));
#2820=CARTESIAN_POINT('Origin',(44.7077652069043,-42.5381489731883,74.5500000066867));
#2821=CARTESIAN_POINT('',(37.94852813713,-42.5381489731883,44.7500000067201));
#2822=CARTESIAN_POINT('',(85.3796185348762,-42.5381489731883,44.7500000067598));
#2823=CARTESIAN_POINT('',(32.700000000115,-42.5381489731883,49.9985281437389));
#2824=CARTESIAN_POINT('',(32.1883374045807,-42.5381489731883,50.5101907392736));
#2825=CARTESIAN_POINT('',(32.700000000115,-42.5381489731883,66.9245166072172));
#2826=CARTESIAN_POINT('',(32.7000000001113,-42.5381489731883,62.2742640752245));
#2827=CARTESIAN_POINT('',(40.3254833996066,-42.5381489731883,74.5500000067262));
#2828=CARTESIAN_POINT('',(37.6083121516729,-42.5381489731883,71.8328287587862));
#2829=CARTESIAN_POINT('',(42.3983641301458,-42.5381489731883,74.5500000067282));
#2830=CARTESIAN_POINT('',(42.5166243032554,-42.5381489731883,74.5500000067284));
#2831=CARTESIAN_POINT('',(42.3983641301458,-42.5381489731883,72.5609562159909));
#2832=CARTESIAN_POINT('',(42.3983641301458,-42.5381489731883,74.5500000066867));
#2833=CARTESIAN_POINT('',(41.157130162879,-42.5381489731883,72.5609562159897));
#2834=CARTESIAN_POINT('',(42.9324476848926,-42.5381489731883,72.5609562159914));
#2835=CARTESIAN_POINT('',(34.7000000001144,-42.5381489731883,66.1038260532103));
#2836=CARTESIAN_POINT('',(39.3134847901753,-42.5381489731883,70.7173108432817));
#2837=CARTESIAN_POINT('',(34.7000000001021,-42.5381489731883,50.8192186977761));
#2838=CARTESIAN_POINT('',(34.7000000001116,-42.5381489731883,62.6846093522354));
#2839=CARTESIAN_POINT('',(33.3093334247314,-42.5381489731883,52.2098852731476));
#2840=CARTESIAN_POINT('Origin',(42.3983641301458,-46.5381489731883,74.5500000066867));
#2841=CARTESIAN_POINT('',(45.8624657452835,-44.5381489731883,74.5500000067316));
#2842=CARTESIAN_POINT('Origin',(42.3983641301458,-46.5381489731883,74.5500000067262));
#2843=CARTESIAN_POINT('',(45.8624657452835,-44.5381489731883,72.5609562159943));
#2844=CARTESIAN_POINT('',(45.8624657452835,-44.5381489731883,74.5500000066867));
#2845=CARTESIAN_POINT('Origin',(42.3983641301458,-46.5381489731883,72.5609562159897));
#2846=CARTESIAN_POINT('Origin',(41.157130162879,-67.2001953483088,72.5609562159897));
#2847=CARTESIAN_POINT('',(52.8452994616175,-56.6327717506836,72.5609562160012));
#2848=CARTESIAN_POINT('',(54.2495428904887,-59.0649927156832,72.5609562160026));
#2849=CARTESIAN_POINT('',(56.3094010767552,-58.6327717506836,72.5609562160047));
#2850=CARTESIAN_POINT('Origin',(56.3094010767552,-54.6327717506836,72.5609562159897));
#2851=CARTESIAN_POINT('',(107.690598923238,-58.6327717506836,72.5609562160555));
#2852=CARTESIAN_POINT('',(75.5785650814389,-58.6327717506836,72.5609562160237));
#2853=CARTESIAN_POINT('',(111.154700538376,-56.6327717506836,72.5609562160589));
#2854=CARTESIAN_POINT('Origin',(107.690598923238,-54.6327717506836,72.5609562159897));
#2855=CARTESIAN_POINT('',(118.13753425471,-44.5381489731883,72.5609562160658));
#2856=CARTESIAN_POINT('',(104.185857046772,-68.7031627481374,72.560956216052));
#2857=CARTESIAN_POINT('',(121.601635869848,-42.5381489731882,72.5609562160693));
#2858=CARTESIAN_POINT('Origin',(121.601635869848,-46.5381489731883,72.5609562159897));
#2859=CARTESIAN_POINT('',(122.842869837044,-42.5381489731883,72.5609562160705));
#2860=CARTESIAN_POINT('',(86.2285650813538,-42.5381489731883,72.5609562160343));
#2861=CARTESIAN_POINT('',(122.842869837044,-67.2001953483003,72.5609562160705));
#2862=CARTESIAN_POINT('',(110.850000000007,-66.354755357968,72.5609562160586));
#2863=CARTESIAN_POINT('',(61.5785650814192,-65.2562980447006,72.5609562160099));
#2864=CARTESIAN_POINT('',(41.157130162879,-67.2001953483088,72.5609562159897));
#2865=CARTESIAN_POINT('Origin',(56.3094010767552,-54.6327717506836,74.5500000066867));
#2866=CARTESIAN_POINT('',(52.8452994616175,-56.6327717506836,74.5500000067384));
#2867=CARTESIAN_POINT('',(56.3094010767552,-58.6327717506836,74.5500000067418));
#2868=CARTESIAN_POINT('Origin',(56.3094010767552,-54.6327717506836,74.5500000067262));
#2869=CARTESIAN_POINT('',(56.3094010767552,-58.6327717506836,74.5500000066867));
#2870=CARTESIAN_POINT('',(52.8452994616175,-56.6327717506836,74.5500000066867));
#2871=CARTESIAN_POINT('Origin',(109.999999999997,-58.6327717506836,74.5500000066867));
#2872=CARTESIAN_POINT('',(107.690598923238,-58.6327717506836,74.5500000067919));
#2873=CARTESIAN_POINT('',(75.1627416998017,-58.6327717506836,74.5500000067602));
#2874=CARTESIAN_POINT('',(107.690598923238,-58.6327717506836,74.5500000066867));
#2875=CARTESIAN_POINT('Origin',(107.690598923238,-54.6327717506836,74.5500000066867));
#2876=CARTESIAN_POINT('',(111.154700538376,-56.6327717506836,74.5500000067953));
#2877=CARTESIAN_POINT('Origin',(107.690598923238,-54.6327717506836,74.5500000067262));
#2878=CARTESIAN_POINT('',(111.154700538376,-56.6327717506836,74.5500000066867));
#2879=CARTESIAN_POINT('Origin',(119.292234793089,-42.5381489731883,74.5500000066867));
#2880=CARTESIAN_POINT('',(118.13753425471,-44.5381489731883,74.5500000068021));
#2881=CARTESIAN_POINT('',(104.33349162167,-68.4474521634598,74.5500000067887));
#2882=CARTESIAN_POINT('',(118.13753425471,-44.5381489731882,74.5500000066867));
#2883=CARTESIAN_POINT('Origin',(112.07535642909,-47.0381489716795,60.6445219020556));
#2884=CARTESIAN_POINT('',(112.07535642909,-51.0381489716795,44.7500000067821));
#2885=CARTESIAN_POINT('',(115.539458044228,-49.0381489716795,44.750000006785));
#2886=CARTESIAN_POINT('Origin',(112.07535642909,-47.0381489716795,44.7500000067938));
#2887=CARTESIAN_POINT('',(112.07535642909,-51.0381489716795,47.4164516162226));
#2888=CARTESIAN_POINT('',(112.07535642909,-51.0381489716795,60.6445219020556));
#2889=CARTESIAN_POINT('',(115.539458044228,-49.0381489716797,47.2062431456794));
#2890=CARTESIAN_POINT('Origin',(112.07535642909,-47.0381489716795,46.9960346751599));
#2891=CARTESIAN_POINT('',(115.539458044228,-49.0381489716795,60.6445219020556));
#2892=CARTESIAN_POINT('Origin',(86.1471783327977,-51.0381489716795,46.7390437974245));
#2893=CARTESIAN_POINT('',(114.323414644197,-51.0381489716794,44.750000006792));
#2894=CARTESIAN_POINT('',(106.099325097811,-51.0381489716795,44.7500000067771));
#2895=CARTESIAN_POINT('',(114.323414644197,-51.0381489716794,44.7390437974245));
#2896=CARTESIAN_POINT('',(114.323414644197,-51.0381489716795,46.7390437974245));
#2897=CARTESIAN_POINT('',(86.1471783327977,-51.0381489716795,44.7390437974245));
#2898=CARTESIAN_POINT('',(77.0854946792237,-51.0381489716794,44.7390437974245));
#2899=CARTESIAN_POINT('',(86.1471783327977,-51.0381489716795,47.4164516163118));
#2900=CARTESIAN_POINT('',(86.1471783327977,-51.0381489716795,46.7390437974245));
#2901=CARTESIAN_POINT('',(104.999999999997,-51.0381489716794,47.416451616247));
#2902=CARTESIAN_POINT('',(80.4173787529153,-51.0381489716794,47.4164516163315));
#2903=CARTESIAN_POINT('',(104.999999999997,-51.0381489716794,46.7390437974245));
#2904=CARTESIAN_POINT('',(104.999999999997,-51.0381489716795,46.7390437974245));
#2905=CARTESIAN_POINT('',(109.999999999997,-51.0381489716794,46.7390437974245));
#2906=CARTESIAN_POINT('',(96.8235891663975,-51.0381489716795,46.7390437974245));
#2907=CARTESIAN_POINT('',(109.999999999997,-51.0381489716794,47.4164516162298));
#2908=CARTESIAN_POINT('',(109.999999999997,-51.0381489716795,46.7390437974245));
#2909=CARTESIAN_POINT('',(80.4173787529153,-51.0381489716794,47.4164516163315));
#2910=CARTESIAN_POINT('Origin',(121.601635869848,-46.5381489731883,74.5500000066867));
#2911=CARTESIAN_POINT('',(121.601635869848,-42.5381489731883,44.7500000067901));
#2912=CARTESIAN_POINT('',(118.13753425471,-44.5381489731882,44.7500000067872));
#2913=CARTESIAN_POINT('Origin',(121.601635869848,-46.5381489731883,44.7500000067938));
#2914=CARTESIAN_POINT('',(118.13753425471,-44.5381489731883,46.7390437975245));
#2915=CARTESIAN_POINT('',(118.13753425471,-44.5381489731882,74.5500000066867));
#2916=CARTESIAN_POINT('',(121.601635869848,-42.5381489731883,46.7390437975274));
#2917=CARTESIAN_POINT('Origin',(121.601635869848,-46.5381489731883,46.7390437975304));
#2918=CARTESIAN_POINT('',(121.601635869848,-42.5381489731883,74.5500000066867));
#2919=CARTESIAN_POINT('Origin',(125.219825099543,-69.9141877061483,46.7390437975304));
#2920=CARTESIAN_POINT('',(118.105840538097,-44.5930441006423,46.7390437975244));
#2921=CARTESIAN_POINT('',(114.106097331966,-51.5208025508894,46.739043797521));
#2922=CARTESIAN_POINT('',(125.219825099543,-44.5930441009323,46.7390437975304));
#2923=CARTESIAN_POINT('',(81.1019734086367,-44.593044099133,46.7390437974931));
#2924=CARTESIAN_POINT('',(125.219825099543,-42.5381489731883,46.7390437975304));
#2925=CARTESIAN_POINT('',(125.219825099543,-69.9141877061483,46.7390437975304));
#2926=CARTESIAN_POINT('',(128.259912549696,-42.5381489731882,46.739043797533));
#2927=CARTESIAN_POINT('Origin',(119.292234793089,-42.5381489731883,74.5500000066867));
#2928=CARTESIAN_POINT('',(105.805158175986,-65.8984509195866,48.978332288296));
#2929=CARTESIAN_POINT('',(115.049240179576,-49.887231220035,44.7500000067846));
#2930=CARTESIAN_POINT('Origin',(121.601635869848,-46.5381489731883,74.5500000066867));
#2931=CARTESIAN_POINT('',(121.601635869848,-42.5381489731882,74.5500000068055));
#2932=CARTESIAN_POINT('Origin',(121.601635869848,-46.5381489731883,74.5500000067262));
#2933=CARTESIAN_POINT('',(121.601635869848,-42.5381489731883,74.5500000066867));
#2934=CARTESIAN_POINT('Origin',(131.299999999827,-42.5381489731882,74.5500000066867));
#2935=CARTESIAN_POINT('',(129.299999999843,-42.5381489731882,50.8192186978679));
#2936=CARTESIAN_POINT('',(135.732695327039,-42.5381489731882,57.2519140251226));
#2937=CARTESIAN_POINT('',(129.299999999828,-42.5381489731882,66.1038260533038));
#2938=CARTESIAN_POINT('',(129.299999999824,-42.5381489731882,70.3269130299943));
#2939=CARTESIAN_POINT('',(124.459891430091,-42.5381489731882,70.9439346230277));
#2940=CARTESIAN_POINT('',(123.674516600323,-42.5381489731883,74.5500000068075));
#2941=CARTESIAN_POINT('',(85.8127416997167,-42.5381489731883,74.5500000067706));
#2942=CARTESIAN_POINT('',(131.299999999827,-42.5381489731882,66.924516607324));
#2943=CARTESIAN_POINT('',(125.580887450234,-42.5381489731882,72.6436291569015));
#2944=CARTESIAN_POINT('',(131.299999999844,-42.5381489731882,49.9985281438664));
#2945=CARTESIAN_POINT('',(131.299999999823,-42.5381489731882,70.7372583070054));
#2946=CARTESIAN_POINT('',(126.051471862823,-42.5381489731883,44.7500000067938));
#2947=CARTESIAN_POINT('',(137.437867965545,-42.5381489731882,56.1363961096282));
#2948=CARTESIAN_POINT('',(128.675735931337,-42.5381489731882,44.750000006796));
#2949=CARTESIAN_POINT('Origin',(40.3254833996066,-66.0381489731883,74.5500000067262));
#2950=CARTESIAN_POINT('',(40.3254833996066,-64.9856225777719,74.5500000067262));
#2951=CARTESIAN_POINT('',(40.3254833996066,-66.0381489731883,74.5500000067262));
#2952=CARTESIAN_POINT('',(40.3332412486006,-64.9911384217735,74.5500000067262));
#2953=CARTESIAN_POINT('',(47.7416524972568,-70.2585315843985,74.5500000067335));
#2954=CARTESIAN_POINT('',(123.666758751459,-64.9911384216731,74.5500000068075));
#2955=CARTESIAN_POINT('',(36.5127416998309,-64.9911384217781,74.5500000067225));
#2956=CARTESIAN_POINT('',(123.674516600323,-64.9856225777634,74.5500000068075));
#2957=CARTESIAN_POINT('',(95.4341832452894,-85.0645482518082,74.55000000678));
#2958=CARTESIAN_POINT('',(123.674516600323,-66.0381489731883,74.5500000068075));
#2959=CARTESIAN_POINT('',(53.8939966247719,-58.4491685190203,74.5500000067395));
#2960=CARTESIAN_POINT('Origin',(109.999999999997,-54.5381489717439,46.7390437974245));
#2961=CARTESIAN_POINT('',(109.999999999997,-54.5381489717439,47.7843164396664));
#2962=CARTESIAN_POINT('',(109.999999999997,-62.0335053033554,48.5721101349442));
#2963=CARTESIAN_POINT('',(109.999999999997,-54.5381489717439,46.7390437974245));
#2964=CARTESIAN_POINT('',(109.999999999997,-54.5381489717439,46.7390437974245));
#2965=CARTESIAN_POINT('',(109.999999999997,-54.5381489717439,46.7390437974245));
#2966=CARTESIAN_POINT('Origin',(107.499999999997,-54.5381489717439,46.7390437974245));
#2967=CARTESIAN_POINT('',(104.999999999997,-54.5381489717439,47.7843164396836));
#2968=CARTESIAN_POINT('Origin',(107.499999999997,-54.5381489717439,47.784316439675));
#2969=CARTESIAN_POINT('',(104.999999999997,-54.5381489717439,46.7390437974245));
#2970=CARTESIAN_POINT('Origin',(107.499999999997,-54.5381489717439,46.7390437974245));
#2971=CARTESIAN_POINT('',(104.999999999997,-54.5381489717439,46.7390437974245));
#2972=CARTESIAN_POINT('Origin',(104.999999999997,-51.0381489716794,46.7390437974245));
#2973=CARTESIAN_POINT('',(104.999999999997,-60.3026261526793,48.3901874054923));
#2974=CARTESIAN_POINT('',(104.999999999997,-54.5381489717439,46.7390437974245));
#2975=CARTESIAN_POINT('Origin',(107.499999999997,-54.0381489717116,46.7390437974245));
#2976=CARTESIAN_POINT('',(108.649999999997,-54.5381489717439,46.7390437974245));
#2977=CARTESIAN_POINT('Origin',(107.499999999997,-54.5381489717439,46.7390437974245));
#2978=CARTESIAN_POINT('Origin',(56.5000000000031,-54.5381489717442,46.7390437974245));
#2979=CARTESIAN_POINT('',(59.0000000000031,-54.5381489717442,47.7843164398419));
#2980=CARTESIAN_POINT('',(54.0000000000031,-54.5381489717442,47.7843164398591));
#2981=CARTESIAN_POINT('Origin',(56.5000000000031,-54.5381489717442,47.7843164398505));
#2982=CARTESIAN_POINT('',(59.0000000000031,-54.5381489717442,46.7390437974245));
#2983=CARTESIAN_POINT('',(59.0000000000031,-54.5381489717442,46.7390437974245));
#2984=CARTESIAN_POINT('',(54.0000000000031,-54.5381489717442,46.7390437974245));
#2985=CARTESIAN_POINT('Origin',(56.5000000000031,-54.5381489717442,46.7390437974245));
#2986=CARTESIAN_POINT('',(54.0000000000031,-54.5381489717442,46.7390437974245));
#2987=CARTESIAN_POINT('Origin',(54.000000000003,-51.0381489716797,46.7390437974245));
#2988=CARTESIAN_POINT('',(54.000000000003,-51.0381489716794,47.4164516164224));
#2989=CARTESIAN_POINT('',(54.0000000000032,-60.3026261526614,48.3901874056659));
#2990=CARTESIAN_POINT('',(54.000000000003,-51.0381489716797,46.7390437974245));
#2991=CARTESIAN_POINT('',(54.0000000000031,-54.5381489717442,46.7390437974245));
#2992=CARTESIAN_POINT('',(54.000000000003,-51.0381489716794,46.7390437974245));
#2993=CARTESIAN_POINT('Origin',(59.0000000000031,-54.5381489717442,46.7390437974245));
#2994=CARTESIAN_POINT('',(59.0000000000031,-51.0381489716796,47.4164516164052));
#2995=CARTESIAN_POINT('',(59.0000000000032,-62.0335053033372,48.5721101351177));
#2996=CARTESIAN_POINT('',(59.0000000000031,-51.0381489716796,46.7390437974245));
#2997=CARTESIAN_POINT('',(59.0000000000031,-51.0381489716794,46.7390437974245));
#2998=CARTESIAN_POINT('',(59.0000000000031,-54.5381489717442,46.7390437974245));
#2999=CARTESIAN_POINT('Origin',(56.5000000000031,-54.0381489717118,46.7390437974245));
#3000=CARTESIAN_POINT('',(48.3071128691135,-51.0381489716794,46.7390437974245));
#3001=CARTESIAN_POINT('',(57.6500000000031,-54.5381489717445,46.7390437974245));
#3002=CARTESIAN_POINT('Origin',(56.5000000000031,-54.5381489717445,46.7390437974245));
#3003=CARTESIAN_POINT('Origin',(40.1142257382238,-51.0381489716794,46.7390437974245));
#3004=CARTESIAN_POINT('',(62.1514108335921,-51.0381489716794,47.4164516163944));
#3005=CARTESIAN_POINT('',(77.8528216672027,-51.0381489716794,47.4164516163404));
#3006=CARTESIAN_POINT('',(62.1514108335921,-51.0381489716794,47.4164516163944));
#3007=CARTESIAN_POINT('',(77.8528216672027,-51.0381489716794,44.7390437974245));
#3008=CARTESIAN_POINT('',(77.8528216672027,-51.0381489716794,46.7390437974245));
#3009=CARTESIAN_POINT('',(40.1142257382238,-51.0381489716794,44.7390437974245));
#3010=CARTESIAN_POINT('',(40.1143257382238,-51.0381489716794,44.7390437974245));
#3011=CARTESIAN_POINT('',(40.1142257382238,-51.0381489716794,44.7500000067219));
#3012=CARTESIAN_POINT('',(40.1142257382238,-51.0381489716794,46.7390437974245));
#3013=CARTESIAN_POINT('',(83.0828488005244,-51.0381489716794,44.7500000067579));
#3014=CARTESIAN_POINT('Origin',(46.4499999999858,-69.6375238361512,49.3713246879984));
#3015=CARTESIAN_POINT('',(84.9943700614964,-55.340488011562,47.8686456709563));
#3016=CARTESIAN_POINT('',(82.5133235111432,-64.5998797934242,48.8418469632228));
#3017=CARTESIAN_POINT('',(79.0056299385041,-55.340488011562,47.8686456709769));
#3018=CARTESIAN_POINT('Origin',(82.0000000000003,-54.5381489717442,47.7843164397628));
#3019=CARTESIAN_POINT('',(79.7000962772662,-57.9322716719686,48.1410531105756));
#3020=CARTESIAN_POINT('',(36.5802328511054,-65.5240945326796,48.9389858467715));
#3021=CARTESIAN_POINT('',(46.4499999999858,-62.6758705685978,48.6396254448912));
#3022=CARTESIAN_POINT('',(47.9499999999801,-64.1676534116206,48.7964181400206));
#3023=CARTESIAN_POINT('',(46.4499999999858,-66.6539581500709,49.0577392979619));
#3024=CARTESIAN_POINT('',(46.4499999999858,-69.6375238361757,49.3713246877648));
#3025=CARTESIAN_POINT('',(46.4499999999858,-67.7148659425751,49.1692452001804));
#3026=CARTESIAN_POINT('',(46.4499999999858,-67.7148659425751,49.1692452001804));
#3027=CARTESIAN_POINT('',(122.54999999997,-67.7148659425776,49.169245200155));
#3028=CARTESIAN_POINT('',(64.2249999999611,-67.7148659425569,49.1692452003534));
#3029=CARTESIAN_POINT('',(122.54999999997,-62.6758705686005,48.6396254448658));
#3030=CARTESIAN_POINT('',(122.54999999997,-69.6375238361784,49.3713246877394));
#3031=CARTESIAN_POINT('',(102.024999999974,-83.088432471023,50.7850721535038));
#3032=CARTESIAN_POINT('',(126.955280156036,-61.1047960025435,48.4744988540399));
#3033=CARTESIAN_POINT('Origin',(114.323414644197,-51.0381489716794,46.7390437974245));
#3034=CARTESIAN_POINT('',(108.630108236194,-54.3251809589342,44.7390437974245));
#3035=CARTESIAN_POINT('',(108.630108236194,-54.3251809589342,44.7500000067938));
#3036=CARTESIAN_POINT('',(108.630108236194,-54.3251809589342,46.7390437974245));
#3037=CARTESIAN_POINT('',(101.375075049617,-58.5138763222037,44.7390437974245));
#3038=CARTESIAN_POINT('',(111.897790121434,-52.4385839428563,44.75000000679));
#3039=CARTESIAN_POINT('Origin',(81.9868878115053,-54.8354603611815,44.7390437974245));
#3040=CARTESIAN_POINT('',(106.369891763801,-54.3251809589342,44.7390437974245));
#3041=CARTESIAN_POINT('Origin',(107.499999999997,-54.5381489717439,44.7390437974245));
#3042=CARTESIAN_POINT('',(85.2664207663176,-54.3251809589342,44.7390437974245));
#3043=CARTESIAN_POINT('',(106.643443905699,-54.3251809589342,44.7390437974245));
#3044=CARTESIAN_POINT('',(84.9943700614963,-55.340488011562,44.7390437974245));
#3045=CARTESIAN_POINT('Origin',(129.299999999843,-69.4853440434981,50.8192186978679));
#3046=CARTESIAN_POINT('',(129.299999999843,-69.4853440434981,50.8192186978679));
#3047=CARTESIAN_POINT('Origin',(38.7801749004182,-69.9141877061559,46.7390437974573));
#3048=CARTESIAN_POINT('',(34.7000000001021,-69.4853440435078,50.8192186977761));
#3049=CARTESIAN_POINT('Origin',(125.4249999999,-66.6120906551016,59.6614511963129));
#3050=CARTESIAN_POINT('',(126.6249999999,-66.6120906551016,59.6614511963129));
#3051=CARTESIAN_POINT('Origin',(125.4249999999,-66.6120906551016,59.6614511963129));
#3052=CARTESIAN_POINT('',(126.6249999999,-66.6120906551016,59.6614511963129));
#3053=CARTESIAN_POINT('Origin',(125.4249999999,-66.6120906551016,59.6614511963129));
#3054=CARTESIAN_POINT('Origin',(43.5750000000423,-66.6120906551061,59.6614511962699));
#3055=CARTESIAN_POINT('',(44.7750000000423,-66.6120906551061,59.6614511962699));
#3056=CARTESIAN_POINT('Origin',(43.5750000000423,-66.6120906551061,59.6614511962699));
#3057=CARTESIAN_POINT('',(44.7750000000423,-66.6120906551061,59.6614511962699));
#3058=CARTESIAN_POINT('Origin',(43.5750000000423,-66.6120906551061,59.6614511962699));
#3059=CARTESIAN_POINT('Origin',(45.9500000000168,-60.5351948256461,64.2234085248949));
#3060=CARTESIAN_POINT('',(46.4500000000274,-60.4703199936261,69.6240374373922));
#3061=CARTESIAN_POINT('',(49.6250000000233,-63.6279270114172,69.9559153082579));
#3062=CARTESIAN_POINT('',(46.4500000000168,-61.0324557733303,64.2756727565278));
#3063=CARTESIAN_POINT('Origin',(46.4500000000274,-67.431973261204,70.3557366802657));
#3064=CARTESIAN_POINT('',(46.4500000000274,-65.5093153676034,70.1536571926813));
#3065=CARTESIAN_POINT('',(46.4500000000274,-67.431973261204,70.3557366802657));
#3066=CARTESIAN_POINT('',(46.450000000021,-65.8502942510555,66.9094598243243));
#3067=CARTESIAN_POINT('',(46.4499999999858,-67.7148659425751,49.1692452001804));
#3068=CARTESIAN_POINT('Origin',(123.049999999988,-61.6379701131445,53.7312025285246));
#3069=CARTESIAN_POINT('',(122.549999999988,-62.1352310608285,53.7834667601601));
#3070=CARTESIAN_POINT('Origin',(122.54999999997,-69.6375238361784,49.3713246877394));
#3071=CARTESIAN_POINT('',(122.550000000052,-67.1640800830998,54.4096226034594));
#3072=CARTESIAN_POINT('Origin',(126.051471862823,-66.0381489731883,44.7500000067938));
#3073=CARTESIAN_POINT('',(45.8075321462226,-54.3251809589342,44.7500000067938));
#3074=CARTESIAN_POINT('',(82.1654245581317,-75.3164199302305,44.7500000067571));
#3075=CARTESIAN_POINT('',(55.3698917638064,-54.3251809589342,44.7500000067938));
#3076=CARTESIAN_POINT('',(131.299999999893,-54.3251809589342,44.7500000067938));
#3077=CARTESIAN_POINT('',(57.6500000000031,-54.5381489717445,44.7500000067938));
#3078=CARTESIAN_POINT('Origin',(56.5000000000031,-54.5381489717445,44.7500000067938));
#3079=CARTESIAN_POINT('',(57.6301082361998,-54.3251809589342,44.7500000067938));
#3080=CARTESIAN_POINT('Origin',(56.5000000000031,-54.5381489717445,44.7500000067938));
#3081=CARTESIAN_POINT('',(78.7335792336829,-54.3251809589342,44.7500000067938));
#3082=CARTESIAN_POINT('',(131.299999999893,-54.3251809589342,44.7500000067938));
#3083=CARTESIAN_POINT('',(79.0056299385041,-55.340488011562,44.7500000067938));
#3084=CARTESIAN_POINT('',(82.1571143258612,-67.101987864439,44.7500000067938));
#3085=CARTESIAN_POINT('',(84.9943700614963,-55.340488011562,44.7500000067938));
#3086=CARTESIAN_POINT('Origin',(82.0000000000003,-54.5381489717442,44.7500000067938));
#3087=CARTESIAN_POINT('',(85.2664207663176,-54.3251809589342,44.7500000067938));
#3088=CARTESIAN_POINT('',(84.5689553351948,-56.9281573844074,44.7500000067938));
#3089=CARTESIAN_POINT('',(106.369891763801,-54.3251809589342,44.7500000067938));
#3090=CARTESIAN_POINT('',(131.299999999893,-54.3251809589342,44.7500000067938));
#3091=CARTESIAN_POINT('',(108.649999999997,-54.5381489717439,44.7500000067938));
#3092=CARTESIAN_POINT('Origin',(107.499999999997,-54.5381489717439,44.7500000067938));
#3093=CARTESIAN_POINT('Origin',(107.499999999997,-54.5381489717439,44.7500000067938));
#3094=CARTESIAN_POINT('',(126.051471862823,-66.1122129446802,44.7500000067938));
#3095=CARTESIAN_POINT('',(126.051471862823,-66.0381489731883,44.7500000067938));
#3096=CARTESIAN_POINT('',(123.223023459741,-68.1232446327492,44.7500000067915));
#3097=CARTESIAN_POINT('',(130.277565469015,-63.1074531090276,44.7500000067974));
#3098=CARTESIAN_POINT('',(40.7769765401313,-68.1232446326933,44.7500000067224));
#3099=CARTESIAN_POINT('',(79.3757359314414,-68.1232446327194,44.7500000067548));
#3100=CARTESIAN_POINT('',(37.94852813713,-66.1122129446881,44.7500000067201));
#3101=CARTESIAN_POINT('',(73.2317822080115,-91.1986673828141,44.7500000067496));
#3102=CARTESIAN_POINT('',(37.94852813713,-66.0381489731883,44.7500000067201));
#3103=CARTESIAN_POINT('Origin',(131.299999999893,-54.3251809589342,44.7500000067938));
#3104=CARTESIAN_POINT('',(55.3698917638064,-54.3251809589342,44.7390437974245));
#3105=CARTESIAN_POINT('',(55.3698917638064,-54.3251809589342,46.7390437974245));
#3106=CARTESIAN_POINT('',(45.8075321462226,-54.3251809589342,44.7390437974245));
#3107=CARTESIAN_POINT('',(45.8075321462226,-54.3251809589342,45.7445219021092));
#3108=CARTESIAN_POINT('',(106.643443905699,-54.3251809589342,44.7390437974245));
#3109=CARTESIAN_POINT('Origin',(131.299999999893,-54.3251809589342,44.7500000067938));
#3110=CARTESIAN_POINT('',(78.7335792336829,-54.3251809589342,44.7390437974245));
#3111=CARTESIAN_POINT('',(78.7335792336829,-54.3251809589342,45.7445219021092));
#3112=CARTESIAN_POINT('',(57.6301082361998,-54.3251809589342,44.7390437974245));
#3113=CARTESIAN_POINT('',(57.6301082361998,-54.3251809589342,46.7390437974245));
#3114=CARTESIAN_POINT('',(106.643443905699,-54.3251809589342,44.7390437974245));
#3115=CARTESIAN_POINT('Origin',(131.299999999893,-54.3251809589342,44.7500000067938));
#3116=CARTESIAN_POINT('',(85.2664207663176,-54.3251809589342,45.7445219021092));
#3117=CARTESIAN_POINT('',(106.369891763801,-54.3251809589342,46.7390437974245));
#3118=CARTESIAN_POINT('Origin',(82.0000000000003,-54.5381489717442,46.7390437974245));
#3119=CARTESIAN_POINT('',(84.9943700614963,-55.340488011562,46.7390437974245));
#3120=CARTESIAN_POINT('',(79.0056299385041,-55.340488011562,46.7390437974245));
#3121=CARTESIAN_POINT('Origin',(77.8528216672027,-51.0381489716794,46.7390437974245));
#3122=CARTESIAN_POINT('',(79.0056299385041,-55.340488011562,44.7390437974245));
#3123=CARTESIAN_POINT('Origin',(56.5000000000031,-54.5381489717445,46.7390437974245));
#3124=CARTESIAN_POINT('',(57.6500000000031,-54.5381489717445,46.7390437974245));
#3125=CARTESIAN_POINT('Origin',(56.5000000000031,-54.5381489717445,44.7390437974245));
#3126=CARTESIAN_POINT('Origin',(81.9868878115053,-54.8354603611815,44.7390437974245));
#3127=CARTESIAN_POINT('',(53.2684982557082,-58.6327717506836,44.7390437974245));
#3128=CARTESIAN_POINT('Origin',(53.2684982557082,-58.6327717506836,46.7390437974245));
#3129=CARTESIAN_POINT('Origin',(81.9999999999725,-66.613294223622,59.6500000067639));
#3130=CARTESIAN_POINT('',(67.575000000004,-65.5093153676094,70.1536571926238));
#3131=CARTESIAN_POINT('',(108.850000000007,-67.2235821652182,53.8434981083996));
#3132=CARTESIAN_POINT('',(108.850000000007,-66.0005991449874,65.479404284201));
#3133=CARTESIAN_POINT('',(108.850000000007,-66.1501539894032,64.0564849885349));
#3134=CARTESIAN_POINT('',(105.850000000007,-65.6870137551845,68.4629699703063));
#3135=CARTESIAN_POINT('',(102.852878566471,-65.3737292575103,71.4436728590359));
#3136=CARTESIAN_POINT('',(58.1500000000066,-65.6870137551839,68.4629699703128));
#3137=CARTESIAN_POINT('',(68.5749999999902,-65.687013755184,68.4629699703114));
#3138=CARTESIAN_POINT('',(55.1500000000066,-66.0005991449868,65.4794042842084));
#3139=CARTESIAN_POINT('',(61.1471214335257,-65.3737292575116,71.4436728590246));
#3140=CARTESIAN_POINT('',(55.1500000000066,-67.2235821652185,53.8434981083978));
#3141=CARTESIAN_POINT('',(55.1500000000066,-67.0752308893218,55.2549662145284));
#3142=CARTESIAN_POINT('',(58.1500000000066,-67.5371675550215,50.8599324222931));
#3143=CARTESIAN_POINT('',(61.1528785664712,-67.8510538369534,47.8735039388121));
#3144=CARTESIAN_POINT('',(105.850000000007,-67.5371675550212,50.8599324222947));
#3145=CARTESIAN_POINT('',(95.4249999999897,-67.5371675550213,50.8599324222943));
#3146=CARTESIAN_POINT('',(102.847121433525,-67.8510538369549,47.8735039387965));
#3147=CARTESIAN_POINT('Origin',(32.7000000001013,-66.0381489731883,49.9985281437526));
#3148=CARTESIAN_POINT('',(32.7000000001013,-65.5605704085749,49.9985281437526));
#3149=CARTESIAN_POINT('',(32.7000000001013,-66.0381489731883,49.9985281437526));
#3150=CARTESIAN_POINT('',(32.7000000001036,-67.2649321602022,52.8114821270203));
#3151=CARTESIAN_POINT('',(32.7000000000967,-62.1132235530033,44.3088744890477));
#3152=CARTESIAN_POINT('',(32.700000000115,-65.781592463883,66.9245166072172));
#3153=CARTESIAN_POINT('',(32.7000000001147,-65.8263323725627,66.4988448103899));
#3154=CARTESIAN_POINT('',(32.700000000115,-66.0381489731883,66.9245166072172));
#3155=CARTESIAN_POINT('Origin',(32.700000000115,-66.0381489731883,66.9245166072172));
#3156=CARTESIAN_POINT('',(32.7054705817474,-65.7865181977095,66.9299871888496));
#3157=CARTESIAN_POINT('',(33.0283165576415,-66.0772100200894,67.2528331647444));
#3158=CARTESIAN_POINT('',(62.0047358674625,-62.7070413260012,96.2292524746317));
#3159=CARTESIAN_POINT('Origin',(62.7661896778984,-63.778000489366,95.5803610080638));
#3160=CARTESIAN_POINT('',(34.7000000001144,-67.8788670760787,66.1038260532103));
#3161=CARTESIAN_POINT('',(41.375938043699,-67.1771977133251,72.7797640968102));
#3162=CARTESIAN_POINT('',(63.5276434883342,-64.8489596527309,94.931469541496));
#3163=CARTESIAN_POINT('',(39.3753012992685,-62.9827755526921,76.1763401909701));
#3164=CARTESIAN_POINT('',(34.7000000001144,-67.8788670760787,66.1038260532103));
#3165=CARTESIAN_POINT('Origin',(33.7000000001148,-66.8208542679311,66.6033732736567));
#3166=CARTESIAN_POINT('',(34.7000000001043,-69.1888775199096,53.6399092517654));
#3167=CARTESIAN_POINT('',(37.6469583926806,-72.0237709822326,54.8605793857178));
#3168=CARTESIAN_POINT('',(34.7000000001149,-67.8153761632994,66.7079017369236));
#3169=CARTESIAN_POINT('Origin',(32.7000000000608,-67.1771977133251,72.7797640968102));
#3170=CARTESIAN_POINT('',(122.624061956314,-67.1771977133251,72.7797640968102));
#3171=CARTESIAN_POINT('',(117.431606312498,-78.0634073569264,63.9642853454085));
#3172=CARTESIAN_POINT('',(83.6000000000554,-67.1771977133251,72.7797640968102));
#3173=CARTESIAN_POINT('Origin',(123.547818311851,-66.1232972348448,73.2663530182773));
#3174=CARTESIAN_POINT('',(131.294529418194,-65.7865181976983,66.9299871889564));
#3175=CARTESIAN_POINT('',(124.309272122286,-65.0523380714797,73.9152444848472));
#3176=CARTESIAN_POINT('',(129.299999999828,-67.8788670760678,66.1038260533141));
#3177=CARTESIAN_POINT('',(122.786364501417,-67.1942563982098,72.6174615517075));
#3178=CARTESIAN_POINT('',(129.299999999828,-67.8788670760678,66.1038260533141));
#3179=CARTESIAN_POINT('Origin',(37.94852813713,-66.0381489731883,44.7500000067201));
#3180=CARTESIAN_POINT('',(52.4290993925697,-67.6341823127023,30.2694287512699));
#3181=CARTESIAN_POINT('Origin',(53.7423766869982,-69.4812626388265,31.7768420108491));
#3182=CARTESIAN_POINT('',(41.4038499535932,-69.8934805426074,46.9360592982716));
#3183=CARTESIAN_POINT('',(39.9130871497394,-65.6836962514342,41.737408647476));
#3184=CARTESIAN_POINT('',(55.0556539814268,-71.3283429649507,33.2842552704282));
#3185=CARTESIAN_POINT('Origin',(130.299999999819,-65.9410765478798,74.9738991409296));
#3186=CARTESIAN_POINT('',(131.299999999841,-67.2649321601889,52.8114821271467));
#3187=CARTESIAN_POINT('',(129.29999999984,-69.1888775198969,53.6399092518862));
#3188=CARTESIAN_POINT('',(130.431256709147,-68.1006394716426,53.1713273803697));
#3189=CARTESIAN_POINT('',(131.299999999827,-65.7815924638718,66.924516607324));
#3190=CARTESIAN_POINT('',(131.299999999819,-64.9465546525114,74.869370677663));
#3191=CARTESIAN_POINT('',(126.910575114999,-69.7338483823089,71.3139414921403));
#3192=CARTESIAN_POINT('',(129.299999999819,-66.9355984432482,75.0784276041963));
#3193=CARTESIAN_POINT('Origin',(134.50000000005,-66.0977574442493,83.0499522233616));
#3194=CARTESIAN_POINT('',(122.596150046292,-69.8934805426074,46.9360592982716));
#3195=CARTESIAN_POINT('',(137.660000600812,-68.3102060499024,61.9999098529412));
#3196=CARTESIAN_POINT('',(83.6000000000554,-69.8934805426074,46.9360592982716));
#3197=CARTESIAN_POINT('',(108.850000000007,-67.9232570385882,65.6814837717855));
#3198=CARTESIAN_POINT('',(108.850000000007,-69.146240058819,54.045577595984));
#3199=CARTESIAN_POINT('',(108.850000000007,-66.8537145465173,75.8575008406259));
#3200=CARTESIAN_POINT('',(105.850000000007,-69.459825448622,51.0620119098791));
#3201=CARTESIAN_POINT('',(121.803534707865,-67.7922269819223,66.9281514853623));
#3202=CARTESIAN_POINT('',(58.1500000000066,-69.4598254486221,51.0620119098775));
#3203=CARTESIAN_POINT('',(121.675000000029,-69.4598254486219,51.0620119098797));
#3204=CARTESIAN_POINT('',(55.1500000000066,-69.1462400588192,54.0455775959822));
#3205=CARTESIAN_POINT('',(68.4464652921702,-70.5360991427007,40.8219517319217));
#3206=CARTESIAN_POINT('',(55.1500000000066,-67.9232570385875,65.6814837717928));
#3207=CARTESIAN_POINT('',(55.1500000000066,-67.7787914464357,67.0559820666195));
#3208=CARTESIAN_POINT('',(58.1500000000066,-67.6096716487845,68.6650494578972));
#3209=CARTESIAN_POINT('',(80.1035347078677,-65.314902402479,90.4983204055894));
#3210=CARTESIAN_POINT('',(105.850000000007,-67.6096716487852,68.6650494578907));
#3211=CARTESIAN_POINT('',(94.8250000000274,-67.6096716487851,68.6650494578922));
#3212=CARTESIAN_POINT('',(110.146465292167,-68.0587745632576,64.3921206521465));
#3213=CARTESIAN_POINT('Origin',(32.7000000000608,-68.1232446326913,44.7500000067201));
#3214=CARTESIAN_POINT('',(120.26630194811,-76.4727686084744,55.0608034228356));
#3215=CARTESIAN_POINT('Origin',(123.674516600323,-66.0381489731883,74.5500000068075));
#3216=CARTESIAN_POINT('',(131.299999999827,-66.0381489731883,66.924516607324));
#3217=CARTESIAN_POINT('Origin',(131.299999999827,-66.0381489731883,66.924516607324));
#3218=CARTESIAN_POINT('',(131.299999999844,-65.5605704085628,49.9985281438664));
#3219=CARTESIAN_POINT('',(131.299999999833,-71.8220725122193,60.3327880314716));
#3220=CARTESIAN_POINT('',(131.299999999844,-66.0381489731883,49.9985281438664));
#3221=CARTESIAN_POINT('Origin',(131.299999999844,-66.0381489731883,49.9985281438664));
#3222=CARTESIAN_POINT('',(140.286555189682,-64.6160453976527,58.985083333794));
#3223=CARTESIAN_POINT('Origin',(53.9999999999968,-58.6327717506836,74.5500000066867));
#3224=CARTESIAN_POINT('Origin',(84.9943700614963,-55.340488011562,46.7390437974245));
#3225=CARTESIAN_POINT('Origin',(107.499999999997,-54.5381489717439,46.7390437974245));
#3226=CARTESIAN_POINT('',(108.649999999997,-54.5381489717439,46.7390437974245));
#3227=CARTESIAN_POINT('Origin',(55.1500000000066,-69.4598254486221,51.0620119098774));
#3228=CARTESIAN_POINT('',(55.1500000000066,-69.1462400588192,54.0455775959822));
#3229=CARTESIAN_POINT('',(55.1500000000066,-67.9232570385875,65.6814837717928));
#3230=CARTESIAN_POINT('Origin',(56.6500000000066,-67.766464343686,67.173266614845));
#3231=CARTESIAN_POINT('',(58.1500000000066,-67.6096716487845,68.6650494578972));
#3232=CARTESIAN_POINT('Origin',(108.850000000007,-69.459825448622,51.0620119098792));
#3233=CARTESIAN_POINT('',(105.850000000007,-69.459825448622,51.0620119098791));
#3234=CARTESIAN_POINT('',(58.1500000000066,-69.4598254486221,51.0620119098775));
#3235=CARTESIAN_POINT('Origin',(56.6500000000066,-69.3030327537207,52.5537947529299));
#3236=CARTESIAN_POINT('Origin',(108.850000000007,-67.6096716487853,68.6650494578903));
#3237=CARTESIAN_POINT('',(108.850000000007,-67.9232570385882,65.6814837717855));
#3238=CARTESIAN_POINT('',(108.850000000007,-69.146240058819,54.045577595984));
#3239=CARTESIAN_POINT('Origin',(107.350000000007,-69.3030327537205,52.5537947529316));
#3240=CARTESIAN_POINT('Origin',(55.1500000000066,-67.6096716487845,68.6650494578976));
#3241=CARTESIAN_POINT('',(105.850000000007,-67.6096716487852,68.6650494578907));
#3242=CARTESIAN_POINT('Origin',(107.350000000007,-67.7664643436867,67.1732666148381));
#3243=CARTESIAN_POINT('Origin',(34.7000000001021,-69.4853440435078,50.8192186977761));
#3244=CARTESIAN_POINT('',(34.7000000001144,-67.8788670760787,66.1038260532103));
#3245=CARTESIAN_POINT('Origin',(129.299999999828,-67.8788670760689,66.1038260533038));
#3246=CARTESIAN_POINT('',(129.299999999828,-67.8788670760689,66.1038260533038));
#3247=CARTESIAN_POINT('Origin',(34.7000000001144,-67.8788670760787,66.1038260532103));
#3248=CARTESIAN_POINT('Origin',(122.842869837044,-67.2001953483003,72.5609562160705));
#3249=CARTESIAN_POINT('Origin',(47.0925601883879,-67.6929661176752,39.8370037864865));
#3250=CARTESIAN_POINT('',(38.9765678847827,-67.5622540334064,49.1451335305465));
#3251=CARTESIAN_POINT('',(39.1784317360029,-67.7156823590932,49.1614775158809));
#3252=CARTESIAN_POINT('',(43.7274398435857,-71.1731944062633,49.5297897290242));
#3253=CARTESIAN_POINT('',(41.6008654544225,-67.9702904025496,46.7390437974597));
#3254=CARTESIAN_POINT('',(47.7491988356022,-68.6165062807374,40.5907104162761));
#3255=CARTESIAN_POINT('',(40.0922509175556,-66.8976628674653,46.7390437974584));
#3256=CARTESIAN_POINT('',(71.5889704748879,-89.2918847421849,46.7390437974851));
#3257=CARTESIAN_POINT('',(34.7000000001032,-66.3309144584254,52.1312947149144));
#3258=CARTESIAN_POINT('',(50.82000882442,-68.0251956583823,36.0112858905871));
#3259=CARTESIAN_POINT('',(34.7000000001043,-67.1127686363255,53.421701415228));
#3260=CARTESIAN_POINT('',(34.7000000001,-63.9221830324503,48.1558178815196));
#3261=CARTESIAN_POINT('',(43.3120859771177,-68.0179353469819,44.8096154382083));
#3262=CARTESIAN_POINT('Origin',(138.973277895247,-66.4631257237776,60.4924965933676));
#3263=CARTESIAN_POINT('Origin',(53.1500000000066,-67.431973261206,70.3557366802475));
#3264=CARTESIAN_POINT('Origin',(110.850000000007,-67.4319732612279,70.3557366800386));
#3265=CARTESIAN_POINT('Origin',(34.7000000001021,-69.4853440435078,50.8192186977761));
#3266=CARTESIAN_POINT('',(34.7000000001043,-66.2053118338048,53.3263238619625));
#3267=CARTESIAN_POINT('',(34.7000000001043,-68.2275485731097,53.5388695079732));
#3268=CARTESIAN_POINT('',(34.7000000001054,-66.037228745957,54.9255276183375));
#3269=CARTESIAN_POINT('Origin',(46.4499999999858,-67.7148659425751,49.1692452001804));
#3270=CARTESIAN_POINT('',(38.9765678847827,-66.654797230886,49.0497559772809));
#3271=CARTESIAN_POINT('',(64.2305349760024,-66.6519618375936,49.0767329424352));
#3272=CARTESIAN_POINT('',(64.2306392375044,-67.7128696183918,49.1882389560287));
#3273=CARTESIAN_POINT('',(38.9765678847827,-67.7157050233902,49.1612618794995));
#3274=CARTESIAN_POINT('Origin',(38.9765678847827,-67.7157050233902,49.1612618794995));
#3275=CARTESIAN_POINT('',(47.0852875184217,-67.507058006964,40.9410363436361));
#3276=CARTESIAN_POINT('Origin',(81.9999999999725,-66.613294223622,59.6500000067639));
#3277=CARTESIAN_POINT('',(46.449999999981,-67.9702904025492,46.7390437974638));
#3278=CARTESIAN_POINT('',(46.4499999999938,-67.2920584363107,53.1919899087604));
#3279=CARTESIAN_POINT('',(103.609912549763,-67.970290402544,46.7390437975122));
#3280=CARTESIAN_POINT('Origin',(81.9999999999725,-65.572679134515,59.3454219286643));
#3281=CARTESIAN_POINT('',(46.4499999999812,-66.8976628674647,46.7390437974638));
#3282=CARTESIAN_POINT('',(46.4499999999936,-66.2412969955051,52.9839479186013));
#3283=CARTESIAN_POINT('',(103.609912549763,-66.8976628674597,46.7390437975122));
#3284=CARTESIAN_POINT('Origin',(125.219825099543,-69.9141877061483,46.7390437975304));
#3285=CARTESIAN_POINT('',(46.4499999999808,-68.9425051775694,46.7390437974638));
#3286=CARTESIAN_POINT('Origin',(46.449999999981,-67.9708226490067,46.7339798106872));
#3287=CARTESIAN_POINT('Origin',(118.947527261789,-67.4785442863421,41.87709123673));
#3288=CARTESIAN_POINT('',(122.617342382085,-67.815144254786,46.7390437975282));
#3289=CARTESIAN_POINT('',(129.29999999984,-67.1127686363267,53.4217014153506));
#3290=CARTESIAN_POINT('',(121.711949408222,-67.9103048909192,45.8336508236559));
#3291=CARTESIAN_POINT('',(129.299999999841,-66.3309144584153,52.1312947150115));
#3292=CARTESIAN_POINT('',(129.29999999984,-67.5168107477844,54.0885503784613));
#3293=CARTESIAN_POINT('',(123.907749082408,-66.8976628674578,46.7390437975293));
#3294=CARTESIAN_POINT('',(114.200034900717,-67.9179847427116,37.0313296157492));
#3295=CARTESIAN_POINT('',(121.846702523998,-68.363070521715,46.7390437975276));
#3296=CARTESIAN_POINT('Origin',(81.9999999999725,-65.572679134515,59.3454219286643));
#3297=CARTESIAN_POINT('',(129.29999999984,-66.2053118337922,53.3263238620825));
#3298=CARTESIAN_POINT('',(122.712719935351,-66.897662867458,46.7390437975283));
#3299=CARTESIAN_POINT('',(116.918704141884,-67.5066384665535,40.9450280040043));
#3300=CARTESIAN_POINT('',(103.609912549763,-66.8976628674597,46.7390437975122));
#3301=CARTESIAN_POINT('',(129.299999999831,-65.2339902622371,62.5678312961057));
#3302=CARTESIAN_POINT('Origin',(129.29999999984,-67.2662196262961,53.4378297643014));
#3303=CARTESIAN_POINT('',(129.29999999984,-68.2275485730958,53.5388695080941));
#3304=CARTESIAN_POINT('',(122.541378155818,-68.5458797508905,46.7390437975282));
#3305=CARTESIAN_POINT('Origin',(129.299999999828,-67.8788670760689,66.1038260533038));
#3306=CARTESIAN_POINT('Origin',(125.219825099543,-69.9141877061483,46.7390437975304));
#3307=UNCERTAINTY_MEASURE_WITH_UNIT(LENGTH_MEASURE(0.01),#3311,
'DISTANCE_ACCURACY_VALUE',
'Maximum model space distance between geometric entities at asserted c
onnectivities');
#3308=UNCERTAINTY_MEASURE_WITH_UNIT(LENGTH_MEASURE(0.01),#3311,
'DISTANCE_ACCURACY_VALUE',
'Maximum model space distance between geometric entities at asserted c
onnectivities');
#3309=(
GEOMETRIC_REPRESENTATION_CONTEXT(3)
GLOBAL_UNCERTAINTY_ASSIGNED_CONTEXT((#3307))
GLOBAL_UNIT_ASSIGNED_CONTEXT((#3311,#3313,#3314))
REPRESENTATION_CONTEXT('','3D')
);
#3310=(
GEOMETRIC_REPRESENTATION_CONTEXT(3)
GLOBAL_UNCERTAINTY_ASSIGNED_CONTEXT((#3308))
GLOBAL_UNIT_ASSIGNED_CONTEXT((#3311,#3313,#3314))
REPRESENTATION_CONTEXT('','3D')
);
#3311=(
LENGTH_UNIT()
NAMED_UNIT(*)
SI_UNIT(.MILLI.,.METRE.)
);
#3312=(
LENGTH_UNIT()
NAMED_UNIT(*)
SI_UNIT($,.METRE.)
);
#3313=(
NAMED_UNIT(*)
PLANE_ANGLE_UNIT()
SI_UNIT($,.RADIAN.)
);
#3314=(
NAMED_UNIT(*)
SI_UNIT($,.STERADIAN.)
SOLID_ANGLE_UNIT()
);
#3315=SHAPE_DEFINITION_REPRESENTATION(#3316,#3317);
#3316=PRODUCT_DEFINITION_SHAPE('',$,#3319);
#3317=SHAPE_REPRESENTATION('',(#2046),#3309);
#3318=PRODUCT_DEFINITION_CONTEXT('part definition',#3323,'design');
#3319=PRODUCT_DEFINITION('display-frame','display-frame',#3320,#3318);
#3320=PRODUCT_DEFINITION_FORMATION('',$,#3325);
#3321=PRODUCT_RELATED_PRODUCT_CATEGORY('display-frame','display-frame',
(#3325));
#3322=APPLICATION_PROTOCOL_DEFINITION('international standard',
'automotive_design',2009,#3323);
#3323=APPLICATION_CONTEXT(
'Core Data for Automotive Mechanical Design Process');
#3324=PRODUCT_CONTEXT('part definition',#3323,'mechanical');
#3325=PRODUCT('display-frame','display-frame',$,(#3324));
#3326=PRESENTATION_STYLE_ASSIGNMENT((#3328));
#3327=PRESENTATION_STYLE_ASSIGNMENT((#3329));
#3328=SURFACE_STYLE_USAGE(.BOTH.,#3330);
#3329=SURFACE_STYLE_USAGE(.BOTH.,#3331);
#3330=SURFACE_SIDE_STYLE('',(#3332));
#3331=SURFACE_SIDE_STYLE('',(#3333));
#3332=SURFACE_STYLE_FILL_AREA(#3334);
#3333=SURFACE_STYLE_FILL_AREA(#3335);
#3334=FILL_AREA_STYLE('Steel - Satin',(#3336));
#3335=FILL_AREA_STYLE('Aluminum - Anodized Rough (Blue)',(#3337));
#3336=FILL_AREA_STYLE_COLOUR('Steel - Satin',#3338);
#3337=FILL_AREA_STYLE_COLOUR('Aluminum - Anodized Rough (Blue)',#3339);
#3338=COLOUR_RGB('Steel - Satin',0.627450980392157,0.627450980392157,0.627450980392157);
#3339=COLOUR_RGB('Aluminum - Anodized Rough (Blue)',0.349019607843137,0.584313725490196,
0.854901960784314);
ENDSEC;
END-ISO-10303-21;
