ISO-10303-21;
HEADER;
/* Generated by software containing ST-Developer
 * from STEP Tools, Inc. (www.steptools.com) 
 */

FILE_DESCRIPTION(
/* description */ (''),
/* implementation_level */ '2;1');

FILE_NAME(
/* name */ 'hardware-plate-x1.step',
/* time_stamp */ '2026-09-30T23:19:16+03:00',
/* author */ (''),
/* organization */ (''),
/* preprocessor_version */ 'ST-DEVELOPER v20.1',
/* originating_system */ 'Autodesk Translation Framework v15.8.0.0',
/* authorisation */ '');

FILE_SCHEMA (('AUTOMOTIVE_DESIGN { 1 0 10303 214 3 1 1 }'));
ENDSEC;

DATA;
#10=MECHANICAL_DESIGN_GEOMETRIC_PRESENTATION_REPRESENTATION('',(#13),#2413);
#11=SHAPE_REPRESENTATION_RELATIONSHIP('SRR','None',#2420,#12);
#12=ADVANCED_BREP_SHAPE_REPRESENTATION('',(#14),#2412);
#13=STYLED_ITEM('',(#2429),#14);
#14=MANIFOLD_SOLID_BREP('hardware-plate-x1',#1403);
#15=FACE_BOUND('',#158,.T.);
#16=FACE_BOUND('',#160,.T.);
#17=FACE_BOUND('',#161,.T.);
#18=FACE_BOUND('',#162,.T.);
#19=FACE_BOUND('',#163,.T.);
#20=FACE_BOUND('',#164,.T.);
#21=FACE_BOUND('',#165,.T.);
#22=FACE_BOUND('',#166,.T.);
#23=FACE_BOUND('',#167,.T.);
#24=FACE_BOUND('',#168,.T.);
#25=FACE_BOUND('',#169,.T.);
#26=FACE_BOUND('',#170,.T.);
#27=FACE_BOUND('',#171,.T.);
#28=FACE_BOUND('',#175,.T.);
#29=FACE_BOUND('',#179,.T.);
#30=FACE_BOUND('',#183,.T.);
#31=FACE_BOUND('',#190,.T.);
#32=FACE_BOUND('',#191,.T.);
#33=FACE_BOUND('',#192,.T.);
#34=FACE_BOUND('',#193,.T.);
#35=FACE_BOUND('',#194,.T.);
#36=FACE_BOUND('',#195,.T.);
#37=FACE_BOUND('',#196,.T.);
#38=FACE_BOUND('',#197,.T.);
#39=FACE_BOUND('',#198,.T.);
#40=FACE_BOUND('',#199,.T.);
#41=FACE_BOUND('',#200,.T.);
#42=FACE_BOUND('',#201,.T.);
#43=FACE_BOUND('',#202,.T.);
#44=FACE_BOUND('',#203,.T.);
#45=FACE_BOUND('',#233,.T.);
#46=FACE_BOUND('',#237,.T.);
#47=FACE_BOUND('',#241,.T.);
#48=FACE_BOUND('',#245,.T.);
#49=PLANE('',#1423);
#50=PLANE('',#1424);
#51=PLANE('',#1465);
#52=PLANE('',#1471);
#53=PLANE('',#1477);
#54=PLANE('',#1480);
#55=PLANE('',#1485);
#56=PLANE('',#1486);
#57=PLANE('',#1515);
#58=PLANE('',#1517);
#59=PLANE('',#1519);
#60=PLANE('',#1522);
#61=PLANE('',#1524);
#62=PLANE('',#1526);
#63=PLANE('',#1529);
#64=PLANE('',#1531);
#65=PLANE('',#1533);
#66=PLANE('',#1536);
#67=PLANE('',#1538);
#68=PLANE('',#1544);
#69=PLANE('',#1549);
#70=PLANE('',#1554);
#71=PLANE('',#1559);
#72=PLANE('',#1566);
#73=PLANE('',#1567);
#74=PLANE('',#1568);
#75=PLANE('',#1569);
#76=PLANE('',#1571);
#77=PLANE('',#1573);
#78=PLANE('',#1574);
#79=PLANE('',#1575);
#80=PLANE('',#1576);
#81=FACE_OUTER_BOUND('',#155,.T.);
#82=FACE_OUTER_BOUND('',#156,.T.);
#83=FACE_OUTER_BOUND('',#157,.T.);
#84=FACE_OUTER_BOUND('',#159,.T.);
#85=FACE_OUTER_BOUND('',#172,.T.);
#86=FACE_OUTER_BOUND('',#173,.T.);
#87=FACE_OUTER_BOUND('',#174,.T.);
#88=FACE_OUTER_BOUND('',#176,.T.);
#89=FACE_OUTER_BOUND('',#177,.T.);
#90=FACE_OUTER_BOUND('',#178,.T.);
#91=FACE_OUTER_BOUND('',#180,.T.);
#92=FACE_OUTER_BOUND('',#181,.T.);
#93=FACE_OUTER_BOUND('',#182,.T.);
#94=FACE_OUTER_BOUND('',#184,.T.);
#95=FACE_OUTER_BOUND('',#185,.T.);
#96=FACE_OUTER_BOUND('',#186,.T.);
#97=FACE_OUTER_BOUND('',#187,.T.);
#98=FACE_OUTER_BOUND('',#188,.T.);
#99=FACE_OUTER_BOUND('',#189,.T.);
#100=FACE_OUTER_BOUND('',#204,.T.);
#101=FACE_OUTER_BOUND('',#205,.T.);
#102=FACE_OUTER_BOUND('',#206,.T.);
#103=FACE_OUTER_BOUND('',#207,.T.);
#104=FACE_OUTER_BOUND('',#208,.T.);
#105=FACE_OUTER_BOUND('',#209,.T.);
#106=FACE_OUTER_BOUND('',#210,.T.);
#107=FACE_OUTER_BOUND('',#211,.T.);
#108=FACE_OUTER_BOUND('',#212,.T.);
#109=FACE_OUTER_BOUND('',#213,.T.);
#110=FACE_OUTER_BOUND('',#214,.T.);
#111=FACE_OUTER_BOUND('',#215,.T.);
#112=FACE_OUTER_BOUND('',#216,.T.);
#113=FACE_OUTER_BOUND('',#217,.T.);
#114=FACE_OUTER_BOUND('',#218,.T.);
#115=FACE_OUTER_BOUND('',#219,.T.);
#116=FACE_OUTER_BOUND('',#220,.T.);
#117=FACE_OUTER_BOUND('',#221,.T.);
#118=FACE_OUTER_BOUND('',#222,.T.);
#119=FACE_OUTER_BOUND('',#223,.T.);
#120=FACE_OUTER_BOUND('',#224,.T.);
#121=FACE_OUTER_BOUND('',#225,.T.);
#122=FACE_OUTER_BOUND('',#226,.T.);
#123=FACE_OUTER_BOUND('',#227,.T.);
#124=FACE_OUTER_BOUND('',#228,.T.);
#125=FACE_OUTER_BOUND('',#229,.T.);
#126=FACE_OUTER_BOUND('',#230,.T.);
#127=FACE_OUTER_BOUND('',#231,.T.);
#128=FACE_OUTER_BOUND('',#232,.T.);
#129=FACE_OUTER_BOUND('',#234,.T.);
#130=FACE_OUTER_BOUND('',#235,.T.);
#131=FACE_OUTER_BOUND('',#236,.T.);
#132=FACE_OUTER_BOUND('',#238,.T.);
#133=FACE_OUTER_BOUND('',#239,.T.);
#134=FACE_OUTER_BOUND('',#240,.T.);
#135=FACE_OUTER_BOUND('',#242,.T.);
#136=FACE_OUTER_BOUND('',#243,.T.);
#137=FACE_OUTER_BOUND('',#244,.T.);
#138=FACE_OUTER_BOUND('',#246,.T.);
#139=FACE_OUTER_BOUND('',#247,.T.);
#140=FACE_OUTER_BOUND('',#248,.T.);
#141=FACE_OUTER_BOUND('',#249,.T.);
#142=FACE_OUTER_BOUND('',#250,.T.);
#143=FACE_OUTER_BOUND('',#251,.T.);
#144=FACE_OUTER_BOUND('',#252,.T.);
#145=FACE_OUTER_BOUND('',#253,.T.);
#146=FACE_OUTER_BOUND('',#254,.T.);
#147=FACE_OUTER_BOUND('',#255,.T.);
#148=FACE_OUTER_BOUND('',#256,.T.);
#149=FACE_OUTER_BOUND('',#257,.T.);
#150=FACE_OUTER_BOUND('',#258,.T.);
#151=FACE_OUTER_BOUND('',#259,.T.);
#152=FACE_OUTER_BOUND('',#260,.T.);
#153=FACE_OUTER_BOUND('',#261,.T.);
#154=FACE_OUTER_BOUND('',#262,.T.);
#155=EDGE_LOOP('',(#895,#896,#897,#898));
#156=EDGE_LOOP('',(#899,#900,#901,#902));
#157=EDGE_LOOP('',(#903));
#158=EDGE_LOOP('',(#904));
#159=EDGE_LOOP('',(#905,#906,#907,#908,#909,#910,#911,#912,#913,#914,#915,
#916,#917,#918,#919,#920,#921,#922,#923,#924,#925,#926,#927,#928,#929,#930,
#931,#932,#933,#934,#935,#936,#937,#938,#939,#940,#941,#942,#943,#944,#945,
#946,#947,#948,#949,#950,#951,#952));
#160=EDGE_LOOP('',(#953));
#161=EDGE_LOOP('',(#954));
#162=EDGE_LOOP('',(#955));
#163=EDGE_LOOP('',(#956));
#164=EDGE_LOOP('',(#957));
#165=EDGE_LOOP('',(#958));
#166=EDGE_LOOP('',(#959));
#167=EDGE_LOOP('',(#960));
#168=EDGE_LOOP('',(#961));
#169=EDGE_LOOP('',(#962));
#170=EDGE_LOOP('',(#963));
#171=EDGE_LOOP('',(#964));
#172=EDGE_LOOP('',(#965,#966,#967,#968));
#173=EDGE_LOOP('',(#969,#970,#971,#972));
#174=EDGE_LOOP('',(#973));
#175=EDGE_LOOP('',(#974));
#176=EDGE_LOOP('',(#975,#976,#977,#978));
#177=EDGE_LOOP('',(#979,#980,#981,#982));
#178=EDGE_LOOP('',(#983));
#179=EDGE_LOOP('',(#984));
#180=EDGE_LOOP('',(#985,#986,#987,#988));
#181=EDGE_LOOP('',(#989,#990,#991,#992));
#182=EDGE_LOOP('',(#993));
#183=EDGE_LOOP('',(#994));
#184=EDGE_LOOP('',(#995,#996,#997,#998));
#185=EDGE_LOOP('',(#999,#1000,#1001,#1002));
#186=EDGE_LOOP('',(#1003,#1004,#1005,#1006));
#187=EDGE_LOOP('',(#1007,#1008,#1009,#1010));
#188=EDGE_LOOP('',(#1011,#1012,#1013,#1014));
#189=EDGE_LOOP('',(#1015,#1016,#1017,#1018,#1019,#1020,#1021,#1022,#1023,
#1024,#1025,#1026,#1027,#1028,#1029,#1030,#1031,#1032,#1033,#1034,#1035,
#1036,#1037,#1038,#1039,#1040,#1041,#1042,#1043,#1044,#1045,#1046,#1047,
#1048,#1049,#1050,#1051,#1052,#1053,#1054,#1055,#1056));
#190=EDGE_LOOP('',(#1057));
#191=EDGE_LOOP('',(#1058));
#192=EDGE_LOOP('',(#1059));
#193=EDGE_LOOP('',(#1060));
#194=EDGE_LOOP('',(#1061));
#195=EDGE_LOOP('',(#1062));
#196=EDGE_LOOP('',(#1063));
#197=EDGE_LOOP('',(#1064));
#198=EDGE_LOOP('',(#1065));
#199=EDGE_LOOP('',(#1066));
#200=EDGE_LOOP('',(#1067));
#201=EDGE_LOOP('',(#1068));
#202=EDGE_LOOP('',(#1069));
#203=EDGE_LOOP('',(#1070));
#204=EDGE_LOOP('',(#1071,#1072,#1073,#1074));
#205=EDGE_LOOP('',(#1075,#1076,#1077,#1078));
#206=EDGE_LOOP('',(#1079,#1080,#1081,#1082));
#207=EDGE_LOOP('',(#1083,#1084,#1085,#1086));
#208=EDGE_LOOP('',(#1087,#1088,#1089,#1090));
#209=EDGE_LOOP('',(#1091,#1092,#1093,#1094));
#210=EDGE_LOOP('',(#1095,#1096,#1097,#1098));
#211=EDGE_LOOP('',(#1099,#1100,#1101,#1102));
#212=EDGE_LOOP('',(#1103,#1104,#1105,#1106));
#213=EDGE_LOOP('',(#1107,#1108,#1109,#1110));
#214=EDGE_LOOP('',(#1111,#1112,#1113,#1114));
#215=EDGE_LOOP('',(#1115,#1116,#1117,#1118));
#216=EDGE_LOOP('',(#1119,#1120,#1121,#1122));
#217=EDGE_LOOP('',(#1123,#1124,#1125,#1126));
#218=EDGE_LOOP('',(#1127,#1128,#1129,#1130));
#219=EDGE_LOOP('',(#1131,#1132,#1133,#1134));
#220=EDGE_LOOP('',(#1135,#1136,#1137,#1138));
#221=EDGE_LOOP('',(#1139,#1140,#1141,#1142));
#222=EDGE_LOOP('',(#1143,#1144,#1145,#1146));
#223=EDGE_LOOP('',(#1147,#1148,#1149,#1150));
#224=EDGE_LOOP('',(#1151,#1152,#1153,#1154));
#225=EDGE_LOOP('',(#1155,#1156,#1157,#1158));
#226=EDGE_LOOP('',(#1159,#1160,#1161,#1162));
#227=EDGE_LOOP('',(#1163,#1164,#1165,#1166));
#228=EDGE_LOOP('',(#1167,#1168,#1169,#1170));
#229=EDGE_LOOP('',(#1171,#1172,#1173,#1174));
#230=EDGE_LOOP('',(#1175,#1176,#1177,#1178));
#231=EDGE_LOOP('',(#1179,#1180,#1181,#1182,#1183));
#232=EDGE_LOOP('',(#1184));
#233=EDGE_LOOP('',(#1185));
#234=EDGE_LOOP('',(#1186,#1187,#1188,#1189));
#235=EDGE_LOOP('',(#1190,#1191,#1192,#1193));
#236=EDGE_LOOP('',(#1194));
#237=EDGE_LOOP('',(#1195));
#238=EDGE_LOOP('',(#1196,#1197,#1198,#1199));
#239=EDGE_LOOP('',(#1200,#1201,#1202,#1203,#1204));
#240=EDGE_LOOP('',(#1205));
#241=EDGE_LOOP('',(#1206));
#242=EDGE_LOOP('',(#1207,#1208,#1209,#1210));
#243=EDGE_LOOP('',(#1211,#1212,#1213,#1214));
#244=EDGE_LOOP('',(#1215));
#245=EDGE_LOOP('',(#1216));
#246=EDGE_LOOP('',(#1217,#1218,#1219,#1220));
#247=EDGE_LOOP('',(#1221,#1222,#1223,#1224));
#248=EDGE_LOOP('',(#1225,#1226,#1227,#1228));
#249=EDGE_LOOP('',(#1229,#1230,#1231,#1232));
#250=EDGE_LOOP('',(#1233,#1234,#1235,#1236));
#251=EDGE_LOOP('',(#1237,#1238,#1239,#1240));
#252=EDGE_LOOP('',(#1241,#1242,#1243,#1244));
#253=EDGE_LOOP('',(#1245,#1246,#1247,#1248));
#254=EDGE_LOOP('',(#1249,#1250,#1251,#1252));
#255=EDGE_LOOP('',(#1253,#1254,#1255,#1256));
#256=EDGE_LOOP('',(#1257,#1258,#1259,#1260));
#257=EDGE_LOOP('',(#1261,#1262,#1263,#1264,#1265,#1266));
#258=EDGE_LOOP('',(#1267,#1268,#1269,#1270));
#259=EDGE_LOOP('',(#1271,#1272,#1273,#1274));
#260=EDGE_LOOP('',(#1275,#1276,#1277,#1278));
#261=EDGE_LOOP('',(#1279,#1280,#1281,#1282));
#262=EDGE_LOOP('',(#1283,#1284,#1285,#1286));
#263=LINE('',#2014,#373);
#264=LINE('',#2020,#374);
#265=LINE('',#2028,#375);
#266=LINE('',#2032,#376);
#267=LINE('',#2036,#377);
#268=LINE('',#2041,#378);
#269=LINE('',#2046,#379);
#270=LINE('',#2050,#380);
#271=LINE('',#2054,#381);
#272=LINE('',#2058,#382);
#273=LINE('',#2062,#383);
#274=LINE('',#2066,#384);
#275=LINE('',#2070,#385);
#276=LINE('',#2074,#386);
#277=LINE('',#2078,#387);
#278=LINE('',#2082,#388);
#279=LINE('',#2086,#389);
#280=LINE('',#2088,#390);
#281=LINE('',#2090,#391);
#282=LINE('',#2094,#392);
#283=LINE('',#2098,#393);
#284=LINE('',#2102,#394);
#285=LINE('',#2106,#395);
#286=LINE('',#2110,#396);
#287=LINE('',#2114,#397);
#288=LINE('',#2117,#398);
#289=LINE('',#2144,#399);
#290=LINE('',#2149,#400);
#291=LINE('',#2155,#401);
#292=LINE('',#2160,#402);
#293=LINE('',#2166,#403);
#294=LINE('',#2171,#404);
#295=LINE('',#2177,#405);
#296=LINE('',#2178,#406);
#297=LINE('',#2181,#407);
#298=LINE('',#2182,#408);
#299=LINE('',#2186,#409);
#300=LINE('',#2189,#410);
#301=LINE('',#2192,#411);
#302=LINE('',#2195,#412);
#303=LINE('',#2196,#413);
#304=LINE('',#2199,#414);
#305=LINE('',#2203,#415);
#306=LINE('',#2207,#416);
#307=LINE('',#2211,#417);
#308=LINE('',#2215,#418);
#309=LINE('',#2219,#419);
#310=LINE('',#2223,#420);
#311=LINE('',#2225,#421);
#312=LINE('',#2227,#422);
#313=LINE('',#2231,#423);
#314=LINE('',#2235,#424);
#315=LINE('',#2239,#425);
#316=LINE('',#2243,#426);
#317=LINE('',#2247,#427);
#318=LINE('',#2251,#428);
#319=LINE('',#2255,#429);
#320=LINE('',#2259,#430);
#321=LINE('',#2263,#431);
#322=LINE('',#2267,#432);
#323=LINE('',#2269,#433);
#324=LINE('',#2291,#434);
#325=LINE('',#2292,#435);
#326=LINE('',#2295,#436);
#327=LINE('',#2296,#437);
#328=LINE('',#2298,#438);
#329=LINE('',#2300,#439);
#330=LINE('',#2302,#440);
#331=LINE('',#2304,#441);
#332=LINE('',#2306,#442);
#333=LINE('',#2307,#443);
#334=LINE('',#2310,#444);
#335=LINE('',#2311,#445);
#336=LINE('',#2313,#446);
#337=LINE('',#2315,#447);
#338=LINE('',#2316,#448);
#339=LINE('',#2318,#449);
#340=LINE('',#2320,#450);
#341=LINE('',#2322,#451);
#342=LINE('',#2323,#452);
#343=LINE('',#2326,#453);
#344=LINE('',#2327,#454);
#345=LINE('',#2329,#455);
#346=LINE('',#2331,#456);
#347=LINE('',#2333,#457);
#348=LINE('',#2335,#458);
#349=LINE('',#2337,#459);
#350=LINE('',#2338,#460);
#351=LINE('',#2341,#461);
#352=LINE('',#2342,#462);
#353=LINE('',#2344,#463);
#354=LINE('',#2346,#464);
#355=LINE('',#2350,#465);
#356=LINE('',#2354,#466);
#357=LINE('',#2359,#467);
#358=LINE('',#2363,#468);
#359=LINE('',#2368,#469);
#360=LINE('',#2372,#470);
#361=LINE('',#2377,#471);
#362=LINE('',#2381,#472);
#363=LINE('',#2384,#473);
#364=LINE('',#2386,#474);
#365=LINE('',#2388,#475);
#366=LINE('',#2390,#476);
#367=LINE('',#2392,#477);
#368=LINE('',#2394,#478);
#369=LINE('',#2396,#479);
#370=LINE('',#2400,#480);
#371=LINE('',#2402,#481);
#372=LINE('',#2404,#482);
#373=VECTOR('',#1583,1.19999999999999);
#374=VECTOR('',#1590,2.5);
#375=VECTOR('',#1599,10.);
#376=VECTOR('',#1602,10.);
#377=VECTOR('',#1605,10.);
#378=VECTOR('',#1610,10.);
#379=VECTOR('',#1615,10.);
#380=VECTOR('',#1618,10.);
#381=VECTOR('',#1621,10.);
#382=VECTOR('',#1624,10.);
#383=VECTOR('',#1627,10.);
#384=VECTOR('',#1630,10.);
#385=VECTOR('',#1633,10.);
#386=VECTOR('',#1636,10.);
#387=VECTOR('',#1639,10.);
#388=VECTOR('',#1642,10.);
#389=VECTOR('',#1645,10.);
#390=VECTOR('',#1646,10.);
#391=VECTOR('',#1647,10.);
#392=VECTOR('',#1650,10.);
#393=VECTOR('',#1653,10.);
#394=VECTOR('',#1656,10.);
#395=VECTOR('',#1659,10.);
#396=VECTOR('',#1662,10.);
#397=VECTOR('',#1665,10.);
#398=VECTOR('',#1668,10.);
#399=VECTOR('',#1695,1.19999999999999);
#400=VECTOR('',#1702,2.5);
#401=VECTOR('',#1709,1.2);
#402=VECTOR('',#1716,2.5);
#403=VECTOR('',#1723,1.2);
#404=VECTOR('',#1730,2.5);
#405=VECTOR('',#1737,10.);
#406=VECTOR('',#1738,10.);
#407=VECTOR('',#1741,10.);
#408=VECTOR('',#1742,10.);
#409=VECTOR('',#1747,10.);
#410=VECTOR('',#1750,10.);
#411=VECTOR('',#1753,10.);
#412=VECTOR('',#1756,10.);
#413=VECTOR('',#1757,10.);
#414=VECTOR('',#1760,10.);
#415=VECTOR('',#1763,10.);
#416=VECTOR('',#1766,10.);
#417=VECTOR('',#1769,10.);
#418=VECTOR('',#1772,10.);
#419=VECTOR('',#1775,10.);
#420=VECTOR('',#1778,10.);
#421=VECTOR('',#1779,10.);
#422=VECTOR('',#1780,10.);
#423=VECTOR('',#1783,10.);
#424=VECTOR('',#1786,10.);
#425=VECTOR('',#1789,10.);
#426=VECTOR('',#1792,10.);
#427=VECTOR('',#1795,10.);
#428=VECTOR('',#1798,10.);
#429=VECTOR('',#1801,10.);
#430=VECTOR('',#1804,10.);
#431=VECTOR('',#1807,10.);
#432=VECTOR('',#1810,10.);
#433=VECTOR('',#1813,10.);
#434=VECTOR('',#1836,10.);
#435=VECTOR('',#1837,10.);
#436=VECTOR('',#1842,10.);
#437=VECTOR('',#1843,10.);
#438=VECTOR('',#1846,10.);
#439=VECTOR('',#1849,10.);
#440=VECTOR('',#1852,10.);
#441=VECTOR('',#1855,10.);
#442=VECTOR('',#1858,10.);
#443=VECTOR('',#1859,10.);
#444=VECTOR('',#1864,10.);
#445=VECTOR('',#1865,10.);
#446=VECTOR('',#1868,10.);
#447=VECTOR('',#1871,10.);
#448=VECTOR('',#1872,10.);
#449=VECTOR('',#1875,10.);
#450=VECTOR('',#1878,10.);
#451=VECTOR('',#1881,10.);
#452=VECTOR('',#1882,10.);
#453=VECTOR('',#1887,10.);
#454=VECTOR('',#1888,10.);
#455=VECTOR('',#1891,10.);
#456=VECTOR('',#1894,10.);
#457=VECTOR('',#1897,10.);
#458=VECTOR('',#1900,10.);
#459=VECTOR('',#1903,10.);
#460=VECTOR('',#1904,10.);
#461=VECTOR('',#1909,10.);
#462=VECTOR('',#1910,10.);
#463=VECTOR('',#1913,10.);
#464=VECTOR('',#1916,10.);
#465=VECTOR('',#1921,1.19999999999999);
#466=VECTOR('',#1926,2.7);
#467=VECTOR('',#1933,1.19999999999999);
#468=VECTOR('',#1938,2.70000000000001);
#469=VECTOR('',#1945,1.2);
#470=VECTOR('',#1950,2.7);
#471=VECTOR('',#1957,1.2);
#472=VECTOR('',#1962,2.7);
#473=VECTOR('',#1967,1.45);
#474=VECTOR('',#1970,1.45);
#475=VECTOR('',#1973,1.45);
#476=VECTOR('',#1976,1.45);
#477=VECTOR('',#1979,1.45);
#478=VECTOR('',#1982,1.45);
#479=VECTOR('',#1985,10.);
#480=VECTOR('',#1992,10.);
#481=VECTOR('',#1995,10.);
#482=VECTOR('',#1998,10.);
#483=CIRCLE('',#1418,1.19999999999999);
#484=CIRCLE('',#1419,1.19999999999999);
#485=CIRCLE('',#1421,2.5);
#486=CIRCLE('',#1422,2.5);
#487=CIRCLE('',#1425,2.);
#488=CIRCLE('',#1426,2.);
#489=CIRCLE('',#1427,3.4999999999714);
#490=CIRCLE('',#1428,2.7);
#491=CIRCLE('',#1429,2.7);
#492=CIRCLE('',#1430,2.7);
#493=CIRCLE('',#1431,2.7);
#494=CIRCLE('',#1432,3.49999999999997);
#495=CIRCLE('',#1433,2.);
#496=CIRCLE('',#1434,2.);
#497=CIRCLE('',#1435,2.);
#498=CIRCLE('',#1436,2.);
#499=CIRCLE('',#1437,2.);
#500=CIRCLE('',#1438,2.);
#501=CIRCLE('',#1439,2.);
#502=CIRCLE('',#1440,2.);
#503=CIRCLE('',#1441,2.);
#504=CIRCLE('',#1442,2.);
#505=CIRCLE('',#1443,2.);
#506=CIRCLE('',#1444,2.);
#507=CIRCLE('',#1445,2.);
#508=CIRCLE('',#1446,2.);
#509=CIRCLE('',#1447,2.);
#510=CIRCLE('',#1448,2.);
#511=CIRCLE('',#1449,2.5);
#512=CIRCLE('',#1450,2.5);
#513=CIRCLE('',#1451,2.70000000000001);
#514=CIRCLE('',#1452,2.7);
#515=CIRCLE('',#1453,1.45);
#516=CIRCLE('',#1454,1.45);
#517=CIRCLE('',#1455,1.45);
#518=CIRCLE('',#1456,1.45);
#519=CIRCLE('',#1457,1.45);
#520=CIRCLE('',#1458,1.45);
#521=CIRCLE('',#1459,2.5);
#522=CIRCLE('',#1461,1.19999999999999);
#523=CIRCLE('',#1462,1.19999999999999);
#524=CIRCLE('',#1464,2.5);
#525=CIRCLE('',#1467,1.2);
#526=CIRCLE('',#1468,1.2);
#527=CIRCLE('',#1470,2.5);
#528=CIRCLE('',#1473,1.2);
#529=CIRCLE('',#1474,1.2);
#530=CIRCLE('',#1476,2.5);
#531=CIRCLE('',#1479,2.);
#532=CIRCLE('',#1482,2.);
#533=CIRCLE('',#1484,2.);
#534=CIRCLE('',#1487,2.);
#535=CIRCLE('',#1488,2.);
#536=CIRCLE('',#1489,2.);
#537=CIRCLE('',#1490,2.);
#538=CIRCLE('',#1491,2.);
#539=CIRCLE('',#1492,2.);
#540=CIRCLE('',#1493,2.);
#541=CIRCLE('',#1494,2.);
#542=CIRCLE('',#1495,2.);
#543=CIRCLE('',#1496,2.);
#544=CIRCLE('',#1497,2.);
#545=CIRCLE('',#1498,2.);
#546=CIRCLE('',#1499,2.);
#547=CIRCLE('',#1500,2.);
#548=CIRCLE('',#1501,2.);
#549=CIRCLE('',#1502,3.49999999999997);
#550=CIRCLE('',#1503,3.4999999999714);
#551=CIRCLE('',#1504,1.19999999999999);
#552=CIRCLE('',#1505,1.19999999999999);
#553=CIRCLE('',#1506,1.2);
#554=CIRCLE('',#1507,1.2);
#555=CIRCLE('',#1508,1.45);
#556=CIRCLE('',#1509,1.45);
#557=CIRCLE('',#1510,1.45);
#558=CIRCLE('',#1511,1.45);
#559=CIRCLE('',#1512,1.45);
#560=CIRCLE('',#1513,1.45);
#561=CIRCLE('',#1541,1.19999999999999);
#562=CIRCLE('',#1543,2.7);
#563=CIRCLE('',#1546,1.19999999999999);
#564=CIRCLE('',#1548,2.70000000000001);
#565=CIRCLE('',#1551,1.2);
#566=CIRCLE('',#1553,2.7);
#567=CIRCLE('',#1556,1.2);
#568=CIRCLE('',#1558,2.7);
#569=VERTEX_POINT('',#2011);
#570=VERTEX_POINT('',#2013);
#571=VERTEX_POINT('',#2017);
#572=VERTEX_POINT('',#2019);
#573=VERTEX_POINT('',#2024);
#574=VERTEX_POINT('',#2025);
#575=VERTEX_POINT('',#2027);
#576=VERTEX_POINT('',#2029);
#577=VERTEX_POINT('',#2031);
#578=VERTEX_POINT('',#2033);
#579=VERTEX_POINT('',#2035);
#580=VERTEX_POINT('',#2037);
#581=VERTEX_POINT('',#2040);
#582=VERTEX_POINT('',#2042);
#583=VERTEX_POINT('',#2045);
#584=VERTEX_POINT('',#2047);
#585=VERTEX_POINT('',#2049);
#586=VERTEX_POINT('',#2051);
#587=VERTEX_POINT('',#2053);
#588=VERTEX_POINT('',#2055);
#589=VERTEX_POINT('',#2057);
#590=VERTEX_POINT('',#2059);
#591=VERTEX_POINT('',#2061);
#592=VERTEX_POINT('',#2063);
#593=VERTEX_POINT('',#2065);
#594=VERTEX_POINT('',#2067);
#595=VERTEX_POINT('',#2069);
#596=VERTEX_POINT('',#2071);
#597=VERTEX_POINT('',#2073);
#598=VERTEX_POINT('',#2075);
#599=VERTEX_POINT('',#2077);
#600=VERTEX_POINT('',#2079);
#601=VERTEX_POINT('',#2081);
#602=VERTEX_POINT('',#2083);
#603=VERTEX_POINT('',#2085);
#604=VERTEX_POINT('',#2087);
#605=VERTEX_POINT('',#2089);
#606=VERTEX_POINT('',#2091);
#607=VERTEX_POINT('',#2093);
#608=VERTEX_POINT('',#2095);
#609=VERTEX_POINT('',#2097);
#610=VERTEX_POINT('',#2099);
#611=VERTEX_POINT('',#2101);
#612=VERTEX_POINT('',#2103);
#613=VERTEX_POINT('',#2105);
#614=VERTEX_POINT('',#2107);
#615=VERTEX_POINT('',#2109);
#616=VERTEX_POINT('',#2111);
#617=VERTEX_POINT('',#2113);
#618=VERTEX_POINT('',#2115);
#619=VERTEX_POINT('',#2118);
#620=VERTEX_POINT('',#2120);
#621=VERTEX_POINT('',#2122);
#622=VERTEX_POINT('',#2124);
#623=VERTEX_POINT('',#2126);
#624=VERTEX_POINT('',#2128);
#625=VERTEX_POINT('',#2130);
#626=VERTEX_POINT('',#2132);
#627=VERTEX_POINT('',#2134);
#628=VERTEX_POINT('',#2136);
#629=VERTEX_POINT('',#2138);
#630=VERTEX_POINT('',#2141);
#631=VERTEX_POINT('',#2143);
#632=VERTEX_POINT('',#2147);
#633=VERTEX_POINT('',#2152);
#634=VERTEX_POINT('',#2154);
#635=VERTEX_POINT('',#2158);
#636=VERTEX_POINT('',#2163);
#637=VERTEX_POINT('',#2165);
#638=VERTEX_POINT('',#2169);
#639=VERTEX_POINT('',#2174);
#640=VERTEX_POINT('',#2175);
#641=VERTEX_POINT('',#2180);
#642=VERTEX_POINT('',#2184);
#643=VERTEX_POINT('',#2188);
#644=VERTEX_POINT('',#2190);
#645=VERTEX_POINT('',#2194);
#646=VERTEX_POINT('',#2198);
#647=VERTEX_POINT('',#2200);
#648=VERTEX_POINT('',#2202);
#649=VERTEX_POINT('',#2204);
#650=VERTEX_POINT('',#2206);
#651=VERTEX_POINT('',#2208);
#652=VERTEX_POINT('',#2210);
#653=VERTEX_POINT('',#2212);
#654=VERTEX_POINT('',#2214);
#655=VERTEX_POINT('',#2216);
#656=VERTEX_POINT('',#2218);
#657=VERTEX_POINT('',#2220);
#658=VERTEX_POINT('',#2222);
#659=VERTEX_POINT('',#2224);
#660=VERTEX_POINT('',#2226);
#661=VERTEX_POINT('',#2228);
#662=VERTEX_POINT('',#2230);
#663=VERTEX_POINT('',#2232);
#664=VERTEX_POINT('',#2234);
#665=VERTEX_POINT('',#2236);
#666=VERTEX_POINT('',#2238);
#667=VERTEX_POINT('',#2240);
#668=VERTEX_POINT('',#2242);
#669=VERTEX_POINT('',#2244);
#670=VERTEX_POINT('',#2246);
#671=VERTEX_POINT('',#2248);
#672=VERTEX_POINT('',#2250);
#673=VERTEX_POINT('',#2252);
#674=VERTEX_POINT('',#2254);
#675=VERTEX_POINT('',#2256);
#676=VERTEX_POINT('',#2258);
#677=VERTEX_POINT('',#2260);
#678=VERTEX_POINT('',#2262);
#679=VERTEX_POINT('',#2264);
#680=VERTEX_POINT('',#2266);
#681=VERTEX_POINT('',#2270);
#682=VERTEX_POINT('',#2272);
#683=VERTEX_POINT('',#2274);
#684=VERTEX_POINT('',#2276);
#685=VERTEX_POINT('',#2278);
#686=VERTEX_POINT('',#2280);
#687=VERTEX_POINT('',#2282);
#688=VERTEX_POINT('',#2284);
#689=VERTEX_POINT('',#2286);
#690=VERTEX_POINT('',#2288);
#691=VERTEX_POINT('',#2348);
#692=VERTEX_POINT('',#2352);
#693=VERTEX_POINT('',#2357);
#694=VERTEX_POINT('',#2361);
#695=VERTEX_POINT('',#2366);
#696=VERTEX_POINT('',#2370);
#697=VERTEX_POINT('',#2375);
#698=VERTEX_POINT('',#2379);
#699=EDGE_CURVE('',#569,#569,#483,.T.);
#700=EDGE_CURVE('',#569,#570,#263,.T.);
#701=EDGE_CURVE('',#570,#570,#484,.T.);
#702=EDGE_CURVE('',#571,#571,#485,.T.);
#703=EDGE_CURVE('',#571,#572,#264,.T.);
#704=EDGE_CURVE('',#572,#572,#486,.T.);
#705=EDGE_CURVE('',#573,#574,#487,.T.);
#706=EDGE_CURVE('',#573,#575,#265,.T.);
#707=EDGE_CURVE('',#576,#575,#488,.T.);
#708=EDGE_CURVE('',#576,#577,#266,.T.);
#709=EDGE_CURVE('',#577,#578,#489,.T.);
#710=EDGE_CURVE('',#578,#579,#267,.T.);
#711=EDGE_CURVE('',#579,#580,#490,.T.);
#712=EDGE_CURVE('',#580,#579,#491,.T.);
#713=EDGE_CURVE('',#579,#581,#268,.T.);
#714=EDGE_CURVE('',#581,#582,#492,.T.);
#715=EDGE_CURVE('',#582,#581,#493,.T.);
#716=EDGE_CURVE('',#581,#583,#269,.T.);
#717=EDGE_CURVE('',#583,#584,#494,.T.);
#718=EDGE_CURVE('',#584,#585,#270,.T.);
#719=EDGE_CURVE('',#586,#585,#495,.T.);
#720=EDGE_CURVE('',#586,#587,#271,.T.);
#721=EDGE_CURVE('',#588,#587,#496,.T.);
#722=EDGE_CURVE('',#588,#589,#272,.T.);
#723=EDGE_CURVE('',#590,#589,#497,.T.);
#724=EDGE_CURVE('',#590,#591,#273,.T.);
#725=EDGE_CURVE('',#592,#591,#498,.T.);
#726=EDGE_CURVE('',#592,#593,#274,.T.);
#727=EDGE_CURVE('',#594,#593,#499,.T.);
#728=EDGE_CURVE('',#594,#595,#275,.T.);
#729=EDGE_CURVE('',#596,#595,#500,.T.);
#730=EDGE_CURVE('',#596,#597,#276,.T.);
#731=EDGE_CURVE('',#598,#597,#501,.T.);
#732=EDGE_CURVE('',#598,#599,#277,.T.);
#733=EDGE_CURVE('',#600,#599,#502,.T.);
#734=EDGE_CURVE('',#600,#601,#278,.T.);
#735=EDGE_CURVE('',#602,#601,#503,.T.);
#736=EDGE_CURVE('',#602,#603,#279,.T.);
#737=EDGE_CURVE('',#603,#604,#280,.T.);
#738=EDGE_CURVE('',#604,#605,#281,.T.);
#739=EDGE_CURVE('',#606,#605,#504,.T.);
#740=EDGE_CURVE('',#606,#607,#282,.T.);
#741=EDGE_CURVE('',#608,#607,#505,.T.);
#742=EDGE_CURVE('',#608,#609,#283,.T.);
#743=EDGE_CURVE('',#610,#609,#506,.T.);
#744=EDGE_CURVE('',#610,#611,#284,.T.);
#745=EDGE_CURVE('',#612,#611,#507,.T.);
#746=EDGE_CURVE('',#612,#613,#285,.T.);
#747=EDGE_CURVE('',#614,#613,#508,.T.);
#748=EDGE_CURVE('',#614,#615,#286,.T.);
#749=EDGE_CURVE('',#616,#615,#509,.T.);
#750=EDGE_CURVE('',#616,#617,#287,.T.);
#751=EDGE_CURVE('',#618,#617,#510,.T.);
#752=EDGE_CURVE('',#618,#574,#288,.T.);
#753=EDGE_CURVE('',#619,#619,#511,.T.);
#754=EDGE_CURVE('',#620,#620,#512,.T.);
#755=EDGE_CURVE('',#621,#621,#513,.T.);
#756=EDGE_CURVE('',#622,#622,#514,.T.);
#757=EDGE_CURVE('',#623,#623,#515,.T.);
#758=EDGE_CURVE('',#624,#624,#516,.T.);
#759=EDGE_CURVE('',#625,#625,#517,.T.);
#760=EDGE_CURVE('',#626,#626,#518,.T.);
#761=EDGE_CURVE('',#627,#627,#519,.T.);
#762=EDGE_CURVE('',#628,#628,#520,.T.);
#763=EDGE_CURVE('',#629,#629,#521,.T.);
#764=EDGE_CURVE('',#630,#630,#522,.T.);
#765=EDGE_CURVE('',#630,#631,#289,.T.);
#766=EDGE_CURVE('',#631,#631,#523,.T.);
#767=EDGE_CURVE('',#632,#632,#524,.T.);
#768=EDGE_CURVE('',#632,#619,#290,.T.);
#769=EDGE_CURVE('',#633,#633,#525,.T.);
#770=EDGE_CURVE('',#633,#634,#291,.T.);
#771=EDGE_CURVE('',#634,#634,#526,.T.);
#772=EDGE_CURVE('',#635,#635,#527,.T.);
#773=EDGE_CURVE('',#635,#629,#292,.T.);
#774=EDGE_CURVE('',#636,#636,#528,.T.);
#775=EDGE_CURVE('',#636,#637,#293,.T.);
#776=EDGE_CURVE('',#637,#637,#529,.T.);
#777=EDGE_CURVE('',#638,#638,#530,.T.);
#778=EDGE_CURVE('',#638,#620,#294,.T.);
#779=EDGE_CURVE('',#639,#640,#531,.T.);
#780=EDGE_CURVE('',#640,#618,#295,.T.);
#781=EDGE_CURVE('',#617,#639,#296,.T.);
#782=EDGE_CURVE('',#641,#640,#297,.T.);
#783=EDGE_CURVE('',#574,#641,#298,.T.);
#784=EDGE_CURVE('',#641,#642,#532,.T.);
#785=EDGE_CURVE('',#642,#573,#299,.T.);
#786=EDGE_CURVE('',#575,#643,#300,.T.);
#787=EDGE_CURVE('',#643,#644,#533,.T.);
#788=EDGE_CURVE('',#644,#576,#301,.T.);
#789=EDGE_CURVE('',#645,#644,#302,.T.);
#790=EDGE_CURVE('',#645,#577,#303,.T.);
#791=EDGE_CURVE('',#646,#639,#304,.T.);
#792=EDGE_CURVE('',#647,#646,#534,.T.);
#793=EDGE_CURVE('',#648,#647,#305,.T.);
#794=EDGE_CURVE('',#649,#648,#535,.T.);
#795=EDGE_CURVE('',#649,#650,#306,.T.);
#796=EDGE_CURVE('',#651,#650,#536,.T.);
#797=EDGE_CURVE('',#651,#652,#307,.T.);
#798=EDGE_CURVE('',#653,#652,#537,.T.);
#799=EDGE_CURVE('',#654,#653,#308,.T.);
#800=EDGE_CURVE('',#655,#654,#538,.T.);
#801=EDGE_CURVE('',#656,#655,#309,.T.);
#802=EDGE_CURVE('',#657,#656,#539,.T.);
#803=EDGE_CURVE('',#658,#657,#310,.T.);
#804=EDGE_CURVE('',#658,#659,#311,.T.);
#805=EDGE_CURVE('',#659,#660,#312,.T.);
#806=EDGE_CURVE('',#661,#660,#540,.T.);
#807=EDGE_CURVE('',#661,#662,#313,.T.);
#808=EDGE_CURVE('',#663,#662,#541,.T.);
#809=EDGE_CURVE('',#663,#664,#314,.T.);
#810=EDGE_CURVE('',#665,#664,#542,.T.);
#811=EDGE_CURVE('',#666,#665,#315,.T.);
#812=EDGE_CURVE('',#667,#666,#543,.T.);
#813=EDGE_CURVE('',#668,#667,#316,.T.);
#814=EDGE_CURVE('',#669,#668,#544,.T.);
#815=EDGE_CURVE('',#669,#670,#317,.T.);
#816=EDGE_CURVE('',#671,#670,#545,.T.);
#817=EDGE_CURVE('',#671,#672,#318,.T.);
#818=EDGE_CURVE('',#673,#672,#546,.T.);
#819=EDGE_CURVE('',#674,#673,#319,.T.);
#820=EDGE_CURVE('',#675,#674,#547,.T.);
#821=EDGE_CURVE('',#676,#675,#320,.T.);
#822=EDGE_CURVE('',#677,#676,#548,.T.);
#823=EDGE_CURVE('',#678,#677,#321,.T.);
#824=EDGE_CURVE('',#679,#678,#549,.T.);
#825=EDGE_CURVE('',#679,#680,#322,.T.);
#826=EDGE_CURVE('',#645,#680,#550,.T.);
#827=EDGE_CURVE('',#643,#642,#323,.T.);
#828=EDGE_CURVE('',#681,#681,#551,.T.);
#829=EDGE_CURVE('',#682,#682,#552,.T.);
#830=EDGE_CURVE('',#683,#683,#553,.T.);
#831=EDGE_CURVE('',#684,#684,#554,.T.);
#832=EDGE_CURVE('',#685,#685,#555,.T.);
#833=EDGE_CURVE('',#686,#686,#556,.T.);
#834=EDGE_CURVE('',#687,#687,#557,.T.);
#835=EDGE_CURVE('',#688,#688,#558,.T.);
#836=EDGE_CURVE('',#689,#689,#559,.T.);
#837=EDGE_CURVE('',#690,#690,#560,.T.);
#838=EDGE_CURVE('',#646,#616,#324,.T.);
#839=EDGE_CURVE('',#615,#647,#325,.T.);
#840=EDGE_CURVE('',#613,#649,#326,.T.);
#841=EDGE_CURVE('',#648,#614,#327,.T.);
#842=EDGE_CURVE('',#650,#612,#328,.T.);
#843=EDGE_CURVE('',#611,#651,#329,.T.);
#844=EDGE_CURVE('',#652,#610,#330,.T.);
#845=EDGE_CURVE('',#609,#653,#331,.T.);
#846=EDGE_CURVE('',#654,#608,#332,.T.);
#847=EDGE_CURVE('',#607,#655,#333,.T.);
#848=EDGE_CURVE('',#605,#657,#334,.T.);
#849=EDGE_CURVE('',#656,#606,#335,.T.);
#850=EDGE_CURVE('',#658,#604,#336,.T.);
#851=EDGE_CURVE('',#601,#661,#337,.T.);
#852=EDGE_CURVE('',#660,#602,#338,.T.);
#853=EDGE_CURVE('',#662,#600,#339,.T.);
#854=EDGE_CURVE('',#599,#663,#340,.T.);
#855=EDGE_CURVE('',#664,#598,#341,.T.);
#856=EDGE_CURVE('',#597,#665,#342,.T.);
#857=EDGE_CURVE('',#595,#667,#343,.T.);
#858=EDGE_CURVE('',#666,#596,#344,.T.);
#859=EDGE_CURVE('',#668,#594,#345,.T.);
#860=EDGE_CURVE('',#593,#669,#346,.T.);
#861=EDGE_CURVE('',#670,#592,#347,.T.);
#862=EDGE_CURVE('',#591,#671,#348,.T.);
#863=EDGE_CURVE('',#672,#590,#349,.T.);
#864=EDGE_CURVE('',#589,#673,#350,.T.);
#865=EDGE_CURVE('',#585,#677,#351,.T.);
#866=EDGE_CURVE('',#676,#586,#352,.T.);
#867=EDGE_CURVE('',#587,#675,#353,.T.);
#868=EDGE_CURVE('',#674,#588,#354,.T.);
#869=EDGE_CURVE('',#691,#691,#561,.T.);
#870=EDGE_CURVE('',#691,#681,#355,.T.);
#871=EDGE_CURVE('',#692,#692,#562,.T.);
#872=EDGE_CURVE('',#692,#580,#356,.T.);
#873=EDGE_CURVE('',#693,#693,#563,.T.);
#874=EDGE_CURVE('',#693,#682,#357,.T.);
#875=EDGE_CURVE('',#694,#694,#564,.T.);
#876=EDGE_CURVE('',#694,#621,#358,.T.);
#877=EDGE_CURVE('',#695,#695,#565,.T.);
#878=EDGE_CURVE('',#695,#683,#359,.T.);
#879=EDGE_CURVE('',#696,#696,#566,.T.);
#880=EDGE_CURVE('',#696,#582,#360,.T.);
#881=EDGE_CURVE('',#697,#697,#567,.T.);
#882=EDGE_CURVE('',#697,#684,#361,.T.);
#883=EDGE_CURVE('',#698,#698,#568,.T.);
#884=EDGE_CURVE('',#698,#622,#362,.T.);
#885=EDGE_CURVE('',#628,#690,#363,.T.);
#886=EDGE_CURVE('',#627,#689,#364,.T.);
#887=EDGE_CURVE('',#626,#688,#365,.T.);
#888=EDGE_CURVE('',#625,#687,#366,.T.);
#889=EDGE_CURVE('',#624,#686,#367,.T.);
#890=EDGE_CURVE('',#623,#685,#368,.T.);
#891=EDGE_CURVE('',#659,#603,#369,.T.);
#892=EDGE_CURVE('',#678,#584,#370,.T.);
#893=EDGE_CURVE('',#679,#583,#371,.T.);
#894=EDGE_CURVE('',#680,#578,#372,.T.);
#895=ORIENTED_EDGE('',*,*,#699,.F.);
#896=ORIENTED_EDGE('',*,*,#700,.T.);
#897=ORIENTED_EDGE('',*,*,#701,.F.);
#898=ORIENTED_EDGE('',*,*,#700,.F.);
#899=ORIENTED_EDGE('',*,*,#702,.F.);
#900=ORIENTED_EDGE('',*,*,#703,.T.);
#901=ORIENTED_EDGE('',*,*,#704,.F.);
#902=ORIENTED_EDGE('',*,*,#703,.F.);
#903=ORIENTED_EDGE('',*,*,#702,.T.);
#904=ORIENTED_EDGE('',*,*,#699,.T.);
#905=ORIENTED_EDGE('',*,*,#705,.F.);
#906=ORIENTED_EDGE('',*,*,#706,.T.);
#907=ORIENTED_EDGE('',*,*,#707,.F.);
#908=ORIENTED_EDGE('',*,*,#708,.T.);
#909=ORIENTED_EDGE('',*,*,#709,.T.);
#910=ORIENTED_EDGE('',*,*,#710,.T.);
#911=ORIENTED_EDGE('',*,*,#711,.T.);
#912=ORIENTED_EDGE('',*,*,#712,.T.);
#913=ORIENTED_EDGE('',*,*,#713,.T.);
#914=ORIENTED_EDGE('',*,*,#714,.T.);
#915=ORIENTED_EDGE('',*,*,#715,.T.);
#916=ORIENTED_EDGE('',*,*,#716,.T.);
#917=ORIENTED_EDGE('',*,*,#717,.T.);
#918=ORIENTED_EDGE('',*,*,#718,.T.);
#919=ORIENTED_EDGE('',*,*,#719,.F.);
#920=ORIENTED_EDGE('',*,*,#720,.T.);
#921=ORIENTED_EDGE('',*,*,#721,.F.);
#922=ORIENTED_EDGE('',*,*,#722,.T.);
#923=ORIENTED_EDGE('',*,*,#723,.F.);
#924=ORIENTED_EDGE('',*,*,#724,.T.);
#925=ORIENTED_EDGE('',*,*,#725,.F.);
#926=ORIENTED_EDGE('',*,*,#726,.T.);
#927=ORIENTED_EDGE('',*,*,#727,.F.);
#928=ORIENTED_EDGE('',*,*,#728,.T.);
#929=ORIENTED_EDGE('',*,*,#729,.F.);
#930=ORIENTED_EDGE('',*,*,#730,.T.);
#931=ORIENTED_EDGE('',*,*,#731,.F.);
#932=ORIENTED_EDGE('',*,*,#732,.T.);
#933=ORIENTED_EDGE('',*,*,#733,.F.);
#934=ORIENTED_EDGE('',*,*,#734,.T.);
#935=ORIENTED_EDGE('',*,*,#735,.F.);
#936=ORIENTED_EDGE('',*,*,#736,.T.);
#937=ORIENTED_EDGE('',*,*,#737,.T.);
#938=ORIENTED_EDGE('',*,*,#738,.T.);
#939=ORIENTED_EDGE('',*,*,#739,.F.);
#940=ORIENTED_EDGE('',*,*,#740,.T.);
#941=ORIENTED_EDGE('',*,*,#741,.F.);
#942=ORIENTED_EDGE('',*,*,#742,.T.);
#943=ORIENTED_EDGE('',*,*,#743,.F.);
#944=ORIENTED_EDGE('',*,*,#744,.T.);
#945=ORIENTED_EDGE('',*,*,#745,.F.);
#946=ORIENTED_EDGE('',*,*,#746,.T.);
#947=ORIENTED_EDGE('',*,*,#747,.F.);
#948=ORIENTED_EDGE('',*,*,#748,.T.);
#949=ORIENTED_EDGE('',*,*,#749,.F.);
#950=ORIENTED_EDGE('',*,*,#750,.T.);
#951=ORIENTED_EDGE('',*,*,#751,.F.);
#952=ORIENTED_EDGE('',*,*,#752,.T.);
#953=ORIENTED_EDGE('',*,*,#753,.T.);
#954=ORIENTED_EDGE('',*,*,#754,.T.);
#955=ORIENTED_EDGE('',*,*,#755,.T.);
#956=ORIENTED_EDGE('',*,*,#756,.T.);
#957=ORIENTED_EDGE('',*,*,#757,.T.);
#958=ORIENTED_EDGE('',*,*,#758,.T.);
#959=ORIENTED_EDGE('',*,*,#759,.T.);
#960=ORIENTED_EDGE('',*,*,#760,.T.);
#961=ORIENTED_EDGE('',*,*,#761,.T.);
#962=ORIENTED_EDGE('',*,*,#762,.T.);
#963=ORIENTED_EDGE('',*,*,#763,.T.);
#964=ORIENTED_EDGE('',*,*,#704,.T.);
#965=ORIENTED_EDGE('',*,*,#764,.F.);
#966=ORIENTED_EDGE('',*,*,#765,.T.);
#967=ORIENTED_EDGE('',*,*,#766,.F.);
#968=ORIENTED_EDGE('',*,*,#765,.F.);
#969=ORIENTED_EDGE('',*,*,#767,.F.);
#970=ORIENTED_EDGE('',*,*,#768,.T.);
#971=ORIENTED_EDGE('',*,*,#753,.F.);
#972=ORIENTED_EDGE('',*,*,#768,.F.);
#973=ORIENTED_EDGE('',*,*,#767,.T.);
#974=ORIENTED_EDGE('',*,*,#764,.T.);
#975=ORIENTED_EDGE('',*,*,#769,.F.);
#976=ORIENTED_EDGE('',*,*,#770,.T.);
#977=ORIENTED_EDGE('',*,*,#771,.F.);
#978=ORIENTED_EDGE('',*,*,#770,.F.);
#979=ORIENTED_EDGE('',*,*,#772,.F.);
#980=ORIENTED_EDGE('',*,*,#773,.T.);
#981=ORIENTED_EDGE('',*,*,#763,.F.);
#982=ORIENTED_EDGE('',*,*,#773,.F.);
#983=ORIENTED_EDGE('',*,*,#772,.T.);
#984=ORIENTED_EDGE('',*,*,#769,.T.);
#985=ORIENTED_EDGE('',*,*,#774,.F.);
#986=ORIENTED_EDGE('',*,*,#775,.T.);
#987=ORIENTED_EDGE('',*,*,#776,.F.);
#988=ORIENTED_EDGE('',*,*,#775,.F.);
#989=ORIENTED_EDGE('',*,*,#777,.F.);
#990=ORIENTED_EDGE('',*,*,#778,.T.);
#991=ORIENTED_EDGE('',*,*,#754,.F.);
#992=ORIENTED_EDGE('',*,*,#778,.F.);
#993=ORIENTED_EDGE('',*,*,#777,.T.);
#994=ORIENTED_EDGE('',*,*,#774,.T.);
#995=ORIENTED_EDGE('',*,*,#779,.T.);
#996=ORIENTED_EDGE('',*,*,#780,.T.);
#997=ORIENTED_EDGE('',*,*,#751,.T.);
#998=ORIENTED_EDGE('',*,*,#781,.T.);
#999=ORIENTED_EDGE('',*,*,#780,.F.);
#1000=ORIENTED_EDGE('',*,*,#782,.F.);
#1001=ORIENTED_EDGE('',*,*,#783,.F.);
#1002=ORIENTED_EDGE('',*,*,#752,.F.);
#1003=ORIENTED_EDGE('',*,*,#705,.T.);
#1004=ORIENTED_EDGE('',*,*,#783,.T.);
#1005=ORIENTED_EDGE('',*,*,#784,.T.);
#1006=ORIENTED_EDGE('',*,*,#785,.T.);
#1007=ORIENTED_EDGE('',*,*,#707,.T.);
#1008=ORIENTED_EDGE('',*,*,#786,.T.);
#1009=ORIENTED_EDGE('',*,*,#787,.T.);
#1010=ORIENTED_EDGE('',*,*,#788,.T.);
#1011=ORIENTED_EDGE('',*,*,#788,.F.);
#1012=ORIENTED_EDGE('',*,*,#789,.F.);
#1013=ORIENTED_EDGE('',*,*,#790,.T.);
#1014=ORIENTED_EDGE('',*,*,#708,.F.);
#1015=ORIENTED_EDGE('',*,*,#784,.F.);
#1016=ORIENTED_EDGE('',*,*,#782,.T.);
#1017=ORIENTED_EDGE('',*,*,#779,.F.);
#1018=ORIENTED_EDGE('',*,*,#791,.F.);
#1019=ORIENTED_EDGE('',*,*,#792,.F.);
#1020=ORIENTED_EDGE('',*,*,#793,.F.);
#1021=ORIENTED_EDGE('',*,*,#794,.F.);
#1022=ORIENTED_EDGE('',*,*,#795,.T.);
#1023=ORIENTED_EDGE('',*,*,#796,.F.);
#1024=ORIENTED_EDGE('',*,*,#797,.T.);
#1025=ORIENTED_EDGE('',*,*,#798,.F.);
#1026=ORIENTED_EDGE('',*,*,#799,.F.);
#1027=ORIENTED_EDGE('',*,*,#800,.F.);
#1028=ORIENTED_EDGE('',*,*,#801,.F.);
#1029=ORIENTED_EDGE('',*,*,#802,.F.);
#1030=ORIENTED_EDGE('',*,*,#803,.F.);
#1031=ORIENTED_EDGE('',*,*,#804,.T.);
#1032=ORIENTED_EDGE('',*,*,#805,.T.);
#1033=ORIENTED_EDGE('',*,*,#806,.F.);
#1034=ORIENTED_EDGE('',*,*,#807,.T.);
#1035=ORIENTED_EDGE('',*,*,#808,.F.);
#1036=ORIENTED_EDGE('',*,*,#809,.T.);
#1037=ORIENTED_EDGE('',*,*,#810,.F.);
#1038=ORIENTED_EDGE('',*,*,#811,.F.);
#1039=ORIENTED_EDGE('',*,*,#812,.F.);
#1040=ORIENTED_EDGE('',*,*,#813,.F.);
#1041=ORIENTED_EDGE('',*,*,#814,.F.);
#1042=ORIENTED_EDGE('',*,*,#815,.T.);
#1043=ORIENTED_EDGE('',*,*,#816,.F.);
#1044=ORIENTED_EDGE('',*,*,#817,.T.);
#1045=ORIENTED_EDGE('',*,*,#818,.F.);
#1046=ORIENTED_EDGE('',*,*,#819,.F.);
#1047=ORIENTED_EDGE('',*,*,#820,.F.);
#1048=ORIENTED_EDGE('',*,*,#821,.F.);
#1049=ORIENTED_EDGE('',*,*,#822,.F.);
#1050=ORIENTED_EDGE('',*,*,#823,.F.);
#1051=ORIENTED_EDGE('',*,*,#824,.F.);
#1052=ORIENTED_EDGE('',*,*,#825,.T.);
#1053=ORIENTED_EDGE('',*,*,#826,.F.);
#1054=ORIENTED_EDGE('',*,*,#789,.T.);
#1055=ORIENTED_EDGE('',*,*,#787,.F.);
#1056=ORIENTED_EDGE('',*,*,#827,.T.);
#1057=ORIENTED_EDGE('',*,*,#771,.T.);
#1058=ORIENTED_EDGE('',*,*,#776,.T.);
#1059=ORIENTED_EDGE('',*,*,#701,.T.);
#1060=ORIENTED_EDGE('',*,*,#766,.T.);
#1061=ORIENTED_EDGE('',*,*,#828,.T.);
#1062=ORIENTED_EDGE('',*,*,#829,.T.);
#1063=ORIENTED_EDGE('',*,*,#830,.T.);
#1064=ORIENTED_EDGE('',*,*,#831,.T.);
#1065=ORIENTED_EDGE('',*,*,#832,.F.);
#1066=ORIENTED_EDGE('',*,*,#833,.F.);
#1067=ORIENTED_EDGE('',*,*,#834,.F.);
#1068=ORIENTED_EDGE('',*,*,#835,.F.);
#1069=ORIENTED_EDGE('',*,*,#836,.F.);
#1070=ORIENTED_EDGE('',*,*,#837,.F.);
#1071=ORIENTED_EDGE('',*,*,#792,.T.);
#1072=ORIENTED_EDGE('',*,*,#838,.T.);
#1073=ORIENTED_EDGE('',*,*,#749,.T.);
#1074=ORIENTED_EDGE('',*,*,#839,.T.);
#1075=ORIENTED_EDGE('',*,*,#781,.F.);
#1076=ORIENTED_EDGE('',*,*,#750,.F.);
#1077=ORIENTED_EDGE('',*,*,#838,.F.);
#1078=ORIENTED_EDGE('',*,*,#791,.T.);
#1079=ORIENTED_EDGE('',*,*,#747,.T.);
#1080=ORIENTED_EDGE('',*,*,#840,.T.);
#1081=ORIENTED_EDGE('',*,*,#794,.T.);
#1082=ORIENTED_EDGE('',*,*,#841,.T.);
#1083=ORIENTED_EDGE('',*,*,#840,.F.);
#1084=ORIENTED_EDGE('',*,*,#746,.F.);
#1085=ORIENTED_EDGE('',*,*,#842,.F.);
#1086=ORIENTED_EDGE('',*,*,#795,.F.);
#1087=ORIENTED_EDGE('',*,*,#745,.T.);
#1088=ORIENTED_EDGE('',*,*,#843,.T.);
#1089=ORIENTED_EDGE('',*,*,#796,.T.);
#1090=ORIENTED_EDGE('',*,*,#842,.T.);
#1091=ORIENTED_EDGE('',*,*,#843,.F.);
#1092=ORIENTED_EDGE('',*,*,#744,.F.);
#1093=ORIENTED_EDGE('',*,*,#844,.F.);
#1094=ORIENTED_EDGE('',*,*,#797,.F.);
#1095=ORIENTED_EDGE('',*,*,#798,.T.);
#1096=ORIENTED_EDGE('',*,*,#844,.T.);
#1097=ORIENTED_EDGE('',*,*,#743,.T.);
#1098=ORIENTED_EDGE('',*,*,#845,.T.);
#1099=ORIENTED_EDGE('',*,*,#800,.T.);
#1100=ORIENTED_EDGE('',*,*,#846,.T.);
#1101=ORIENTED_EDGE('',*,*,#741,.T.);
#1102=ORIENTED_EDGE('',*,*,#847,.T.);
#1103=ORIENTED_EDGE('',*,*,#845,.F.);
#1104=ORIENTED_EDGE('',*,*,#742,.F.);
#1105=ORIENTED_EDGE('',*,*,#846,.F.);
#1106=ORIENTED_EDGE('',*,*,#799,.T.);
#1107=ORIENTED_EDGE('',*,*,#739,.T.);
#1108=ORIENTED_EDGE('',*,*,#848,.T.);
#1109=ORIENTED_EDGE('',*,*,#802,.T.);
#1110=ORIENTED_EDGE('',*,*,#849,.T.);
#1111=ORIENTED_EDGE('',*,*,#848,.F.);
#1112=ORIENTED_EDGE('',*,*,#738,.F.);
#1113=ORIENTED_EDGE('',*,*,#850,.F.);
#1114=ORIENTED_EDGE('',*,*,#803,.T.);
#1115=ORIENTED_EDGE('',*,*,#735,.T.);
#1116=ORIENTED_EDGE('',*,*,#851,.T.);
#1117=ORIENTED_EDGE('',*,*,#806,.T.);
#1118=ORIENTED_EDGE('',*,*,#852,.T.);
#1119=ORIENTED_EDGE('',*,*,#851,.F.);
#1120=ORIENTED_EDGE('',*,*,#734,.F.);
#1121=ORIENTED_EDGE('',*,*,#853,.F.);
#1122=ORIENTED_EDGE('',*,*,#807,.F.);
#1123=ORIENTED_EDGE('',*,*,#808,.T.);
#1124=ORIENTED_EDGE('',*,*,#853,.T.);
#1125=ORIENTED_EDGE('',*,*,#733,.T.);
#1126=ORIENTED_EDGE('',*,*,#854,.T.);
#1127=ORIENTED_EDGE('',*,*,#810,.T.);
#1128=ORIENTED_EDGE('',*,*,#855,.T.);
#1129=ORIENTED_EDGE('',*,*,#731,.T.);
#1130=ORIENTED_EDGE('',*,*,#856,.T.);
#1131=ORIENTED_EDGE('',*,*,#854,.F.);
#1132=ORIENTED_EDGE('',*,*,#732,.F.);
#1133=ORIENTED_EDGE('',*,*,#855,.F.);
#1134=ORIENTED_EDGE('',*,*,#809,.F.);
#1135=ORIENTED_EDGE('',*,*,#729,.T.);
#1136=ORIENTED_EDGE('',*,*,#857,.T.);
#1137=ORIENTED_EDGE('',*,*,#812,.T.);
#1138=ORIENTED_EDGE('',*,*,#858,.T.);
#1139=ORIENTED_EDGE('',*,*,#857,.F.);
#1140=ORIENTED_EDGE('',*,*,#728,.F.);
#1141=ORIENTED_EDGE('',*,*,#859,.F.);
#1142=ORIENTED_EDGE('',*,*,#813,.T.);
#1143=ORIENTED_EDGE('',*,*,#727,.T.);
#1144=ORIENTED_EDGE('',*,*,#860,.T.);
#1145=ORIENTED_EDGE('',*,*,#814,.T.);
#1146=ORIENTED_EDGE('',*,*,#859,.T.);
#1147=ORIENTED_EDGE('',*,*,#860,.F.);
#1148=ORIENTED_EDGE('',*,*,#726,.F.);
#1149=ORIENTED_EDGE('',*,*,#861,.F.);
#1150=ORIENTED_EDGE('',*,*,#815,.F.);
#1151=ORIENTED_EDGE('',*,*,#816,.T.);
#1152=ORIENTED_EDGE('',*,*,#861,.T.);
#1153=ORIENTED_EDGE('',*,*,#725,.T.);
#1154=ORIENTED_EDGE('',*,*,#862,.T.);
#1155=ORIENTED_EDGE('',*,*,#818,.T.);
#1156=ORIENTED_EDGE('',*,*,#863,.T.);
#1157=ORIENTED_EDGE('',*,*,#723,.T.);
#1158=ORIENTED_EDGE('',*,*,#864,.T.);
#1159=ORIENTED_EDGE('',*,*,#862,.F.);
#1160=ORIENTED_EDGE('',*,*,#724,.F.);
#1161=ORIENTED_EDGE('',*,*,#863,.F.);
#1162=ORIENTED_EDGE('',*,*,#817,.F.);
#1163=ORIENTED_EDGE('',*,*,#719,.T.);
#1164=ORIENTED_EDGE('',*,*,#865,.T.);
#1165=ORIENTED_EDGE('',*,*,#822,.T.);
#1166=ORIENTED_EDGE('',*,*,#866,.T.);
#1167=ORIENTED_EDGE('',*,*,#866,.F.);
#1168=ORIENTED_EDGE('',*,*,#821,.T.);
#1169=ORIENTED_EDGE('',*,*,#867,.F.);
#1170=ORIENTED_EDGE('',*,*,#720,.F.);
#1171=ORIENTED_EDGE('',*,*,#721,.T.);
#1172=ORIENTED_EDGE('',*,*,#867,.T.);
#1173=ORIENTED_EDGE('',*,*,#820,.T.);
#1174=ORIENTED_EDGE('',*,*,#868,.T.);
#1175=ORIENTED_EDGE('',*,*,#869,.F.);
#1176=ORIENTED_EDGE('',*,*,#870,.T.);
#1177=ORIENTED_EDGE('',*,*,#828,.F.);
#1178=ORIENTED_EDGE('',*,*,#870,.F.);
#1179=ORIENTED_EDGE('',*,*,#871,.F.);
#1180=ORIENTED_EDGE('',*,*,#872,.T.);
#1181=ORIENTED_EDGE('',*,*,#711,.F.);
#1182=ORIENTED_EDGE('',*,*,#712,.F.);
#1183=ORIENTED_EDGE('',*,*,#872,.F.);
#1184=ORIENTED_EDGE('',*,*,#871,.T.);
#1185=ORIENTED_EDGE('',*,*,#869,.T.);
#1186=ORIENTED_EDGE('',*,*,#873,.F.);
#1187=ORIENTED_EDGE('',*,*,#874,.T.);
#1188=ORIENTED_EDGE('',*,*,#829,.F.);
#1189=ORIENTED_EDGE('',*,*,#874,.F.);
#1190=ORIENTED_EDGE('',*,*,#875,.F.);
#1191=ORIENTED_EDGE('',*,*,#876,.T.);
#1192=ORIENTED_EDGE('',*,*,#755,.F.);
#1193=ORIENTED_EDGE('',*,*,#876,.F.);
#1194=ORIENTED_EDGE('',*,*,#875,.T.);
#1195=ORIENTED_EDGE('',*,*,#873,.T.);
#1196=ORIENTED_EDGE('',*,*,#877,.F.);
#1197=ORIENTED_EDGE('',*,*,#878,.T.);
#1198=ORIENTED_EDGE('',*,*,#830,.F.);
#1199=ORIENTED_EDGE('',*,*,#878,.F.);
#1200=ORIENTED_EDGE('',*,*,#879,.F.);
#1201=ORIENTED_EDGE('',*,*,#880,.T.);
#1202=ORIENTED_EDGE('',*,*,#714,.F.);
#1203=ORIENTED_EDGE('',*,*,#715,.F.);
#1204=ORIENTED_EDGE('',*,*,#880,.F.);
#1205=ORIENTED_EDGE('',*,*,#879,.T.);
#1206=ORIENTED_EDGE('',*,*,#877,.T.);
#1207=ORIENTED_EDGE('',*,*,#881,.F.);
#1208=ORIENTED_EDGE('',*,*,#882,.T.);
#1209=ORIENTED_EDGE('',*,*,#831,.F.);
#1210=ORIENTED_EDGE('',*,*,#882,.F.);
#1211=ORIENTED_EDGE('',*,*,#883,.F.);
#1212=ORIENTED_EDGE('',*,*,#884,.T.);
#1213=ORIENTED_EDGE('',*,*,#756,.F.);
#1214=ORIENTED_EDGE('',*,*,#884,.F.);
#1215=ORIENTED_EDGE('',*,*,#883,.T.);
#1216=ORIENTED_EDGE('',*,*,#881,.T.);
#1217=ORIENTED_EDGE('',*,*,#762,.F.);
#1218=ORIENTED_EDGE('',*,*,#885,.T.);
#1219=ORIENTED_EDGE('',*,*,#837,.T.);
#1220=ORIENTED_EDGE('',*,*,#885,.F.);
#1221=ORIENTED_EDGE('',*,*,#761,.F.);
#1222=ORIENTED_EDGE('',*,*,#886,.T.);
#1223=ORIENTED_EDGE('',*,*,#836,.T.);
#1224=ORIENTED_EDGE('',*,*,#886,.F.);
#1225=ORIENTED_EDGE('',*,*,#760,.F.);
#1226=ORIENTED_EDGE('',*,*,#887,.T.);
#1227=ORIENTED_EDGE('',*,*,#835,.T.);
#1228=ORIENTED_EDGE('',*,*,#887,.F.);
#1229=ORIENTED_EDGE('',*,*,#759,.F.);
#1230=ORIENTED_EDGE('',*,*,#888,.T.);
#1231=ORIENTED_EDGE('',*,*,#834,.T.);
#1232=ORIENTED_EDGE('',*,*,#888,.F.);
#1233=ORIENTED_EDGE('',*,*,#758,.F.);
#1234=ORIENTED_EDGE('',*,*,#889,.T.);
#1235=ORIENTED_EDGE('',*,*,#833,.T.);
#1236=ORIENTED_EDGE('',*,*,#889,.F.);
#1237=ORIENTED_EDGE('',*,*,#757,.F.);
#1238=ORIENTED_EDGE('',*,*,#890,.T.);
#1239=ORIENTED_EDGE('',*,*,#832,.T.);
#1240=ORIENTED_EDGE('',*,*,#890,.F.);
#1241=ORIENTED_EDGE('',*,*,#852,.F.);
#1242=ORIENTED_EDGE('',*,*,#805,.F.);
#1243=ORIENTED_EDGE('',*,*,#891,.T.);
#1244=ORIENTED_EDGE('',*,*,#736,.F.);
#1245=ORIENTED_EDGE('',*,*,#856,.F.);
#1246=ORIENTED_EDGE('',*,*,#730,.F.);
#1247=ORIENTED_EDGE('',*,*,#858,.F.);
#1248=ORIENTED_EDGE('',*,*,#811,.T.);
#1249=ORIENTED_EDGE('',*,*,#864,.F.);
#1250=ORIENTED_EDGE('',*,*,#722,.F.);
#1251=ORIENTED_EDGE('',*,*,#868,.F.);
#1252=ORIENTED_EDGE('',*,*,#819,.T.);
#1253=ORIENTED_EDGE('',*,*,#865,.F.);
#1254=ORIENTED_EDGE('',*,*,#718,.F.);
#1255=ORIENTED_EDGE('',*,*,#892,.F.);
#1256=ORIENTED_EDGE('',*,*,#823,.T.);
#1257=ORIENTED_EDGE('',*,*,#824,.T.);
#1258=ORIENTED_EDGE('',*,*,#892,.T.);
#1259=ORIENTED_EDGE('',*,*,#717,.F.);
#1260=ORIENTED_EDGE('',*,*,#893,.F.);
#1261=ORIENTED_EDGE('',*,*,#825,.F.);
#1262=ORIENTED_EDGE('',*,*,#893,.T.);
#1263=ORIENTED_EDGE('',*,*,#716,.F.);
#1264=ORIENTED_EDGE('',*,*,#713,.F.);
#1265=ORIENTED_EDGE('',*,*,#710,.F.);
#1266=ORIENTED_EDGE('',*,*,#894,.F.);
#1267=ORIENTED_EDGE('',*,*,#826,.T.);
#1268=ORIENTED_EDGE('',*,*,#894,.T.);
#1269=ORIENTED_EDGE('',*,*,#709,.F.);
#1270=ORIENTED_EDGE('',*,*,#790,.F.);
#1271=ORIENTED_EDGE('',*,*,#785,.F.);
#1272=ORIENTED_EDGE('',*,*,#827,.F.);
#1273=ORIENTED_EDGE('',*,*,#786,.F.);
#1274=ORIENTED_EDGE('',*,*,#706,.F.);
#1275=ORIENTED_EDGE('',*,*,#839,.F.);
#1276=ORIENTED_EDGE('',*,*,#748,.F.);
#1277=ORIENTED_EDGE('',*,*,#841,.F.);
#1278=ORIENTED_EDGE('',*,*,#793,.T.);
#1279=ORIENTED_EDGE('',*,*,#847,.F.);
#1280=ORIENTED_EDGE('',*,*,#740,.F.);
#1281=ORIENTED_EDGE('',*,*,#849,.F.);
#1282=ORIENTED_EDGE('',*,*,#801,.T.);
#1283=ORIENTED_EDGE('',*,*,#804,.F.);
#1284=ORIENTED_EDGE('',*,*,#850,.T.);
#1285=ORIENTED_EDGE('',*,*,#737,.F.);
#1286=ORIENTED_EDGE('',*,*,#891,.F.);
#1287=CYLINDRICAL_SURFACE('',#1417,1.19999999999999);
#1288=CYLINDRICAL_SURFACE('',#1420,2.5);
#1289=CYLINDRICAL_SURFACE('',#1460,1.19999999999999);
#1290=CYLINDRICAL_SURFACE('',#1463,2.5);
#1291=CYLINDRICAL_SURFACE('',#1466,1.2);
#1292=CYLINDRICAL_SURFACE('',#1469,2.5);
#1293=CYLINDRICAL_SURFACE('',#1472,1.2);
#1294=CYLINDRICAL_SURFACE('',#1475,2.5);
#1295=CYLINDRICAL_SURFACE('',#1478,2.);
#1296=CYLINDRICAL_SURFACE('',#1481,2.);
#1297=CYLINDRICAL_SURFACE('',#1483,2.);
#1298=CYLINDRICAL_SURFACE('',#1514,2.);
#1299=CYLINDRICAL_SURFACE('',#1516,2.);
#1300=CYLINDRICAL_SURFACE('',#1518,2.);
#1301=CYLINDRICAL_SURFACE('',#1520,2.);
#1302=CYLINDRICAL_SURFACE('',#1521,2.);
#1303=CYLINDRICAL_SURFACE('',#1523,2.);
#1304=CYLINDRICAL_SURFACE('',#1525,2.);
#1305=CYLINDRICAL_SURFACE('',#1527,2.);
#1306=CYLINDRICAL_SURFACE('',#1528,2.);
#1307=CYLINDRICAL_SURFACE('',#1530,2.);
#1308=CYLINDRICAL_SURFACE('',#1532,2.);
#1309=CYLINDRICAL_SURFACE('',#1534,2.);
#1310=CYLINDRICAL_SURFACE('',#1535,2.);
#1311=CYLINDRICAL_SURFACE('',#1537,2.);
#1312=CYLINDRICAL_SURFACE('',#1539,2.);
#1313=CYLINDRICAL_SURFACE('',#1540,1.19999999999999);
#1314=CYLINDRICAL_SURFACE('',#1542,2.7);
#1315=CYLINDRICAL_SURFACE('',#1545,1.19999999999999);
#1316=CYLINDRICAL_SURFACE('',#1547,2.70000000000001);
#1317=CYLINDRICAL_SURFACE('',#1550,1.2);
#1318=CYLINDRICAL_SURFACE('',#1552,2.7);
#1319=CYLINDRICAL_SURFACE('',#1555,1.2);
#1320=CYLINDRICAL_SURFACE('',#1557,2.7);
#1321=CYLINDRICAL_SURFACE('',#1560,1.45);
#1322=CYLINDRICAL_SURFACE('',#1561,1.45);
#1323=CYLINDRICAL_SURFACE('',#1562,1.45);
#1324=CYLINDRICAL_SURFACE('',#1563,1.45);
#1325=CYLINDRICAL_SURFACE('',#1564,1.45);
#1326=CYLINDRICAL_SURFACE('',#1565,1.45);
#1327=CYLINDRICAL_SURFACE('',#1570,3.49999999999997);
#1328=CYLINDRICAL_SURFACE('',#1572,3.4999999999714);
#1329=ADVANCED_FACE('',(#81),#1287,.F.);
#1330=ADVANCED_FACE('',(#82),#1288,.T.);
#1331=ADVANCED_FACE('',(#83,#15),#49,.T.);
#1332=ADVANCED_FACE('',(#84,#16,#17,#18,#19,#20,#21,#22,#23,#24,#25,#26,
#27),#50,.T.);
#1333=ADVANCED_FACE('',(#85),#1289,.F.);
#1334=ADVANCED_FACE('',(#86),#1290,.T.);
#1335=ADVANCED_FACE('',(#87,#28),#51,.T.);
#1336=ADVANCED_FACE('',(#88),#1291,.F.);
#1337=ADVANCED_FACE('',(#89),#1292,.T.);
#1338=ADVANCED_FACE('',(#90,#29),#52,.T.);
#1339=ADVANCED_FACE('',(#91),#1293,.F.);
#1340=ADVANCED_FACE('',(#92),#1294,.T.);
#1341=ADVANCED_FACE('',(#93,#30),#53,.T.);
#1342=ADVANCED_FACE('',(#94),#1295,.F.);
#1343=ADVANCED_FACE('',(#95),#54,.T.);
#1344=ADVANCED_FACE('',(#96),#1296,.T.);
#1345=ADVANCED_FACE('',(#97),#1297,.T.);
#1346=ADVANCED_FACE('',(#98),#55,.T.);
#1347=ADVANCED_FACE('',(#99,#31,#32,#33,#34,#35,#36,#37,#38,#39,#40,#41,
#42,#43,#44),#56,.F.);
#1348=ADVANCED_FACE('',(#100),#1298,.F.);
#1349=ADVANCED_FACE('',(#101),#57,.T.);
#1350=ADVANCED_FACE('',(#102),#1299,.T.);
#1351=ADVANCED_FACE('',(#103),#58,.T.);
#1352=ADVANCED_FACE('',(#104),#1300,.T.);
#1353=ADVANCED_FACE('',(#105),#59,.T.);
#1354=ADVANCED_FACE('',(#106),#1301,.F.);
#1355=ADVANCED_FACE('',(#107),#1302,.F.);
#1356=ADVANCED_FACE('',(#108),#60,.T.);
#1357=ADVANCED_FACE('',(#109),#1303,.T.);
#1358=ADVANCED_FACE('',(#110),#61,.T.);
#1359=ADVANCED_FACE('',(#111),#1304,.T.);
#1360=ADVANCED_FACE('',(#112),#62,.T.);
#1361=ADVANCED_FACE('',(#113),#1305,.F.);
#1362=ADVANCED_FACE('',(#114),#1306,.F.);
#1363=ADVANCED_FACE('',(#115),#63,.T.);
#1364=ADVANCED_FACE('',(#116),#1307,.T.);
#1365=ADVANCED_FACE('',(#117),#64,.T.);
#1366=ADVANCED_FACE('',(#118),#1308,.T.);
#1367=ADVANCED_FACE('',(#119),#65,.T.);
#1368=ADVANCED_FACE('',(#120),#1309,.F.);
#1369=ADVANCED_FACE('',(#121),#1310,.F.);
#1370=ADVANCED_FACE('',(#122),#66,.T.);
#1371=ADVANCED_FACE('',(#123),#1311,.T.);
#1372=ADVANCED_FACE('',(#124),#67,.T.);
#1373=ADVANCED_FACE('',(#125),#1312,.T.);
#1374=ADVANCED_FACE('',(#126),#1313,.F.);
#1375=ADVANCED_FACE('',(#127),#1314,.T.);
#1376=ADVANCED_FACE('',(#128,#45),#68,.T.);
#1377=ADVANCED_FACE('',(#129),#1315,.F.);
#1378=ADVANCED_FACE('',(#130),#1316,.T.);
#1379=ADVANCED_FACE('',(#131,#46),#69,.T.);
#1380=ADVANCED_FACE('',(#132),#1317,.F.);
#1381=ADVANCED_FACE('',(#133),#1318,.T.);
#1382=ADVANCED_FACE('',(#134,#47),#70,.T.);
#1383=ADVANCED_FACE('',(#135),#1319,.F.);
#1384=ADVANCED_FACE('',(#136),#1320,.T.);
#1385=ADVANCED_FACE('',(#137,#48),#71,.T.);
#1386=ADVANCED_FACE('',(#138),#1321,.F.);
#1387=ADVANCED_FACE('',(#139),#1322,.F.);
#1388=ADVANCED_FACE('',(#140),#1323,.F.);
#1389=ADVANCED_FACE('',(#141),#1324,.F.);
#1390=ADVANCED_FACE('',(#142),#1325,.F.);
#1391=ADVANCED_FACE('',(#143),#1326,.F.);
#1392=ADVANCED_FACE('',(#144),#72,.T.);
#1393=ADVANCED_FACE('',(#145),#73,.T.);
#1394=ADVANCED_FACE('',(#146),#74,.T.);
#1395=ADVANCED_FACE('',(#147),#75,.T.);
#1396=ADVANCED_FACE('',(#148),#1327,.T.);
#1397=ADVANCED_FACE('',(#149),#76,.T.);
#1398=ADVANCED_FACE('',(#150),#1328,.T.);
#1399=ADVANCED_FACE('',(#151),#77,.T.);
#1400=ADVANCED_FACE('',(#152),#78,.T.);
#1401=ADVANCED_FACE('',(#153),#79,.T.);
#1402=ADVANCED_FACE('',(#154),#80,.T.);
#1403=CLOSED_SHELL('',(#1329,#1330,#1331,#1332,#1333,#1334,#1335,#1336,
#1337,#1338,#1339,#1340,#1341,#1342,#1343,#1344,#1345,#1346,#1347,#1348,
#1349,#1350,#1351,#1352,#1353,#1354,#1355,#1356,#1357,#1358,#1359,#1360,
#1361,#1362,#1363,#1364,#1365,#1366,#1367,#1368,#1369,#1370,#1371,#1372,
#1373,#1374,#1375,#1376,#1377,#1378,#1379,#1380,#1381,#1382,#1383,#1384,
#1385,#1386,#1387,#1388,#1389,#1390,#1391,#1392,#1393,#1394,#1395,#1396,
#1397,#1398,#1399,#1400,#1401,#1402));
#1404=DERIVED_UNIT_ELEMENT(#1406,1.);
#1405=DERIVED_UNIT_ELEMENT(#2415,-3.);
#1406=(
MASS_UNIT()
NAMED_UNIT(*)
SI_UNIT(.KILO.,.GRAM.)
);
#1407=DERIVED_UNIT((#1404,#1405));
#1408=MEASURE_REPRESENTATION_ITEM('density measure',
POSITIVE_RATIO_MEASURE(7850.),#1407);
#1409=PROPERTY_DEFINITION_REPRESENTATION(#1414,#1411);
#1410=PROPERTY_DEFINITION_REPRESENTATION(#1415,#1412);
#1411=REPRESENTATION('material name',(#1413),#2412);
#1412=REPRESENTATION('density',(#1408),#2412);
#1413=DESCRIPTIVE_REPRESENTATION_ITEM('Steel','Steel');
#1414=PROPERTY_DEFINITION('material property','material name',#2422);
#1415=PROPERTY_DEFINITION('material property','density of part',#2422);
#1416=AXIS2_PLACEMENT_3D('',#2009,#1577,#1578);
#1417=AXIS2_PLACEMENT_3D('',#2010,#1579,#1580);
#1418=AXIS2_PLACEMENT_3D('',#2012,#1581,#1582);
#1419=AXIS2_PLACEMENT_3D('',#2015,#1584,#1585);
#1420=AXIS2_PLACEMENT_3D('',#2016,#1586,#1587);
#1421=AXIS2_PLACEMENT_3D('',#2018,#1588,#1589);
#1422=AXIS2_PLACEMENT_3D('',#2021,#1591,#1592);
#1423=AXIS2_PLACEMENT_3D('',#2022,#1593,#1594);
#1424=AXIS2_PLACEMENT_3D('',#2023,#1595,#1596);
#1425=AXIS2_PLACEMENT_3D('',#2026,#1597,#1598);
#1426=AXIS2_PLACEMENT_3D('',#2030,#1600,#1601);
#1427=AXIS2_PLACEMENT_3D('',#2034,#1603,#1604);
#1428=AXIS2_PLACEMENT_3D('',#2038,#1606,#1607);
#1429=AXIS2_PLACEMENT_3D('',#2039,#1608,#1609);
#1430=AXIS2_PLACEMENT_3D('',#2043,#1611,#1612);
#1431=AXIS2_PLACEMENT_3D('',#2044,#1613,#1614);
#1432=AXIS2_PLACEMENT_3D('',#2048,#1616,#1617);
#1433=AXIS2_PLACEMENT_3D('',#2052,#1619,#1620);
#1434=AXIS2_PLACEMENT_3D('',#2056,#1622,#1623);
#1435=AXIS2_PLACEMENT_3D('',#2060,#1625,#1626);
#1436=AXIS2_PLACEMENT_3D('',#2064,#1628,#1629);
#1437=AXIS2_PLACEMENT_3D('',#2068,#1631,#1632);
#1438=AXIS2_PLACEMENT_3D('',#2072,#1634,#1635);
#1439=AXIS2_PLACEMENT_3D('',#2076,#1637,#1638);
#1440=AXIS2_PLACEMENT_3D('',#2080,#1640,#1641);
#1441=AXIS2_PLACEMENT_3D('',#2084,#1643,#1644);
#1442=AXIS2_PLACEMENT_3D('',#2092,#1648,#1649);
#1443=AXIS2_PLACEMENT_3D('',#2096,#1651,#1652);
#1444=AXIS2_PLACEMENT_3D('',#2100,#1654,#1655);
#1445=AXIS2_PLACEMENT_3D('',#2104,#1657,#1658);
#1446=AXIS2_PLACEMENT_3D('',#2108,#1660,#1661);
#1447=AXIS2_PLACEMENT_3D('',#2112,#1663,#1664);
#1448=AXIS2_PLACEMENT_3D('',#2116,#1666,#1667);
#1449=AXIS2_PLACEMENT_3D('',#2119,#1669,#1670);
#1450=AXIS2_PLACEMENT_3D('',#2121,#1671,#1672);
#1451=AXIS2_PLACEMENT_3D('',#2123,#1673,#1674);
#1452=AXIS2_PLACEMENT_3D('',#2125,#1675,#1676);
#1453=AXIS2_PLACEMENT_3D('',#2127,#1677,#1678);
#1454=AXIS2_PLACEMENT_3D('',#2129,#1679,#1680);
#1455=AXIS2_PLACEMENT_3D('',#2131,#1681,#1682);
#1456=AXIS2_PLACEMENT_3D('',#2133,#1683,#1684);
#1457=AXIS2_PLACEMENT_3D('',#2135,#1685,#1686);
#1458=AXIS2_PLACEMENT_3D('',#2137,#1687,#1688);
#1459=AXIS2_PLACEMENT_3D('',#2139,#1689,#1690);
#1460=AXIS2_PLACEMENT_3D('',#2140,#1691,#1692);
#1461=AXIS2_PLACEMENT_3D('',#2142,#1693,#1694);
#1462=AXIS2_PLACEMENT_3D('',#2145,#1696,#1697);
#1463=AXIS2_PLACEMENT_3D('',#2146,#1698,#1699);
#1464=AXIS2_PLACEMENT_3D('',#2148,#1700,#1701);
#1465=AXIS2_PLACEMENT_3D('',#2150,#1703,#1704);
#1466=AXIS2_PLACEMENT_3D('',#2151,#1705,#1706);
#1467=AXIS2_PLACEMENT_3D('',#2153,#1707,#1708);
#1468=AXIS2_PLACEMENT_3D('',#2156,#1710,#1711);
#1469=AXIS2_PLACEMENT_3D('',#2157,#1712,#1713);
#1470=AXIS2_PLACEMENT_3D('',#2159,#1714,#1715);
#1471=AXIS2_PLACEMENT_3D('',#2161,#1717,#1718);
#1472=AXIS2_PLACEMENT_3D('',#2162,#1719,#1720);
#1473=AXIS2_PLACEMENT_3D('',#2164,#1721,#1722);
#1474=AXIS2_PLACEMENT_3D('',#2167,#1724,#1725);
#1475=AXIS2_PLACEMENT_3D('',#2168,#1726,#1727);
#1476=AXIS2_PLACEMENT_3D('',#2170,#1728,#1729);
#1477=AXIS2_PLACEMENT_3D('',#2172,#1731,#1732);
#1478=AXIS2_PLACEMENT_3D('',#2173,#1733,#1734);
#1479=AXIS2_PLACEMENT_3D('',#2176,#1735,#1736);
#1480=AXIS2_PLACEMENT_3D('',#2179,#1739,#1740);
#1481=AXIS2_PLACEMENT_3D('',#2183,#1743,#1744);
#1482=AXIS2_PLACEMENT_3D('',#2185,#1745,#1746);
#1483=AXIS2_PLACEMENT_3D('',#2187,#1748,#1749);
#1484=AXIS2_PLACEMENT_3D('',#2191,#1751,#1752);
#1485=AXIS2_PLACEMENT_3D('',#2193,#1754,#1755);
#1486=AXIS2_PLACEMENT_3D('',#2197,#1758,#1759);
#1487=AXIS2_PLACEMENT_3D('',#2201,#1761,#1762);
#1488=AXIS2_PLACEMENT_3D('',#2205,#1764,#1765);
#1489=AXIS2_PLACEMENT_3D('',#2209,#1767,#1768);
#1490=AXIS2_PLACEMENT_3D('',#2213,#1770,#1771);
#1491=AXIS2_PLACEMENT_3D('',#2217,#1773,#1774);
#1492=AXIS2_PLACEMENT_3D('',#2221,#1776,#1777);
#1493=AXIS2_PLACEMENT_3D('',#2229,#1781,#1782);
#1494=AXIS2_PLACEMENT_3D('',#2233,#1784,#1785);
#1495=AXIS2_PLACEMENT_3D('',#2237,#1787,#1788);
#1496=AXIS2_PLACEMENT_3D('',#2241,#1790,#1791);
#1497=AXIS2_PLACEMENT_3D('',#2245,#1793,#1794);
#1498=AXIS2_PLACEMENT_3D('',#2249,#1796,#1797);
#1499=AXIS2_PLACEMENT_3D('',#2253,#1799,#1800);
#1500=AXIS2_PLACEMENT_3D('',#2257,#1802,#1803);
#1501=AXIS2_PLACEMENT_3D('',#2261,#1805,#1806);
#1502=AXIS2_PLACEMENT_3D('',#2265,#1808,#1809);
#1503=AXIS2_PLACEMENT_3D('',#2268,#1811,#1812);
#1504=AXIS2_PLACEMENT_3D('',#2271,#1814,#1815);
#1505=AXIS2_PLACEMENT_3D('',#2273,#1816,#1817);
#1506=AXIS2_PLACEMENT_3D('',#2275,#1818,#1819);
#1507=AXIS2_PLACEMENT_3D('',#2277,#1820,#1821);
#1508=AXIS2_PLACEMENT_3D('',#2279,#1822,#1823);
#1509=AXIS2_PLACEMENT_3D('',#2281,#1824,#1825);
#1510=AXIS2_PLACEMENT_3D('',#2283,#1826,#1827);
#1511=AXIS2_PLACEMENT_3D('',#2285,#1828,#1829);
#1512=AXIS2_PLACEMENT_3D('',#2287,#1830,#1831);
#1513=AXIS2_PLACEMENT_3D('',#2289,#1832,#1833);
#1514=AXIS2_PLACEMENT_3D('',#2290,#1834,#1835);
#1515=AXIS2_PLACEMENT_3D('',#2293,#1838,#1839);
#1516=AXIS2_PLACEMENT_3D('',#2294,#1840,#1841);
#1517=AXIS2_PLACEMENT_3D('',#2297,#1844,#1845);
#1518=AXIS2_PLACEMENT_3D('',#2299,#1847,#1848);
#1519=AXIS2_PLACEMENT_3D('',#2301,#1850,#1851);
#1520=AXIS2_PLACEMENT_3D('',#2303,#1853,#1854);
#1521=AXIS2_PLACEMENT_3D('',#2305,#1856,#1857);
#1522=AXIS2_PLACEMENT_3D('',#2308,#1860,#1861);
#1523=AXIS2_PLACEMENT_3D('',#2309,#1862,#1863);
#1524=AXIS2_PLACEMENT_3D('',#2312,#1866,#1867);
#1525=AXIS2_PLACEMENT_3D('',#2314,#1869,#1870);
#1526=AXIS2_PLACEMENT_3D('',#2317,#1873,#1874);
#1527=AXIS2_PLACEMENT_3D('',#2319,#1876,#1877);
#1528=AXIS2_PLACEMENT_3D('',#2321,#1879,#1880);
#1529=AXIS2_PLACEMENT_3D('',#2324,#1883,#1884);
#1530=AXIS2_PLACEMENT_3D('',#2325,#1885,#1886);
#1531=AXIS2_PLACEMENT_3D('',#2328,#1889,#1890);
#1532=AXIS2_PLACEMENT_3D('',#2330,#1892,#1893);
#1533=AXIS2_PLACEMENT_3D('',#2332,#1895,#1896);
#1534=AXIS2_PLACEMENT_3D('',#2334,#1898,#1899);
#1535=AXIS2_PLACEMENT_3D('',#2336,#1901,#1902);
#1536=AXIS2_PLACEMENT_3D('',#2339,#1905,#1906);
#1537=AXIS2_PLACEMENT_3D('',#2340,#1907,#1908);
#1538=AXIS2_PLACEMENT_3D('',#2343,#1911,#1912);
#1539=AXIS2_PLACEMENT_3D('',#2345,#1914,#1915);
#1540=AXIS2_PLACEMENT_3D('',#2347,#1917,#1918);
#1541=AXIS2_PLACEMENT_3D('',#2349,#1919,#1920);
#1542=AXIS2_PLACEMENT_3D('',#2351,#1922,#1923);
#1543=AXIS2_PLACEMENT_3D('',#2353,#1924,#1925);
#1544=AXIS2_PLACEMENT_3D('',#2355,#1927,#1928);
#1545=AXIS2_PLACEMENT_3D('',#2356,#1929,#1930);
#1546=AXIS2_PLACEMENT_3D('',#2358,#1931,#1932);
#1547=AXIS2_PLACEMENT_3D('',#2360,#1934,#1935);
#1548=AXIS2_PLACEMENT_3D('',#2362,#1936,#1937);
#1549=AXIS2_PLACEMENT_3D('',#2364,#1939,#1940);
#1550=AXIS2_PLACEMENT_3D('',#2365,#1941,#1942);
#1551=AXIS2_PLACEMENT_3D('',#2367,#1943,#1944);
#1552=AXIS2_PLACEMENT_3D('',#2369,#1946,#1947);
#1553=AXIS2_PLACEMENT_3D('',#2371,#1948,#1949);
#1554=AXIS2_PLACEMENT_3D('',#2373,#1951,#1952);
#1555=AXIS2_PLACEMENT_3D('',#2374,#1953,#1954);
#1556=AXIS2_PLACEMENT_3D('',#2376,#1955,#1956);
#1557=AXIS2_PLACEMENT_3D('',#2378,#1958,#1959);
#1558=AXIS2_PLACEMENT_3D('',#2380,#1960,#1961);
#1559=AXIS2_PLACEMENT_3D('',#2382,#1963,#1964);
#1560=AXIS2_PLACEMENT_3D('',#2383,#1965,#1966);
#1561=AXIS2_PLACEMENT_3D('',#2385,#1968,#1969);
#1562=AXIS2_PLACEMENT_3D('',#2387,#1971,#1972);
#1563=AXIS2_PLACEMENT_3D('',#2389,#1974,#1975);
#1564=AXIS2_PLACEMENT_3D('',#2391,#1977,#1978);
#1565=AXIS2_PLACEMENT_3D('',#2393,#1980,#1981);
#1566=AXIS2_PLACEMENT_3D('',#2395,#1983,#1984);
#1567=AXIS2_PLACEMENT_3D('',#2397,#1986,#1987);
#1568=AXIS2_PLACEMENT_3D('',#2398,#1988,#1989);
#1569=AXIS2_PLACEMENT_3D('',#2399,#1990,#1991);
#1570=AXIS2_PLACEMENT_3D('',#2401,#1993,#1994);
#1571=AXIS2_PLACEMENT_3D('',#2403,#1996,#1997);
#1572=AXIS2_PLACEMENT_3D('',#2405,#1999,#2000);
#1573=AXIS2_PLACEMENT_3D('',#2406,#2001,#2002);
#1574=AXIS2_PLACEMENT_3D('',#2407,#2003,#2004);
#1575=AXIS2_PLACEMENT_3D('',#2408,#2005,#2006);
#1576=AXIS2_PLACEMENT_3D('',#2409,#2007,#2008);
#1577=DIRECTION('axis',(0.,0.,1.));
#1578=DIRECTION('refdir',(1.,0.,0.));
#1579=DIRECTION('center_axis',(0.,0.,1.));
#1580=DIRECTION('ref_axis',(-1.,0.,0.));
#1581=DIRECTION('center_axis',(0.,0.,-1.));
#1582=DIRECTION('ref_axis',(-1.,0.,0.));
#1583=DIRECTION('',(0.,0.,-1.));
#1584=DIRECTION('center_axis',(0.,0.,1.));
#1585=DIRECTION('ref_axis',(-1.,0.,0.));
#1586=DIRECTION('center_axis',(0.,0.,1.));
#1587=DIRECTION('ref_axis',(-1.,0.,0.));
#1588=DIRECTION('center_axis',(0.,0.,1.));
#1589=DIRECTION('ref_axis',(-1.,0.,0.));
#1590=DIRECTION('',(0.,0.,-1.));
#1591=DIRECTION('center_axis',(0.,0.,-1.));
#1592=DIRECTION('ref_axis',(-1.,0.,0.));
#1593=DIRECTION('center_axis',(0.,0.,1.));
#1594=DIRECTION('ref_axis',(-1.,0.,0.));
#1595=DIRECTION('center_axis',(0.,0.,1.));
#1596=DIRECTION('ref_axis',(1.,0.,0.));
#1597=DIRECTION('center_axis',(0.,0.,-1.));
#1598=DIRECTION('ref_axis',(0.866025403784418,-0.500000000000036,0.));
#1599=DIRECTION('',(-4.97379915032071E-14,1.,0.));
#1600=DIRECTION('center_axis',(0.,0.,-1.));
#1601=DIRECTION('ref_axis',(0.866025403785212,0.49999999999866,0.));
#1602=DIRECTION('',(-0.86602540378286,0.500000000002734,0.));
#1603=DIRECTION('center_axis',(0.,0.,1.));
#1604=DIRECTION('ref_axis',(0.49999999998944,0.866025403790535,0.));
#1605=DIRECTION('',(-1.,7.16222483264361E-13,0.));
#1606=DIRECTION('center_axis',(0.,0.,-1.));
#1607=DIRECTION('ref_axis',(-1.,0.,0.));
#1608=DIRECTION('center_axis',(0.,0.,-1.));
#1609=DIRECTION('ref_axis',(-1.,0.,0.));
#1610=DIRECTION('',(-1.,7.16222483264361E-13,0.));
#1611=DIRECTION('center_axis',(0.,0.,-1.));
#1612=DIRECTION('ref_axis',(-1.,0.,0.));
#1613=DIRECTION('center_axis',(0.,0.,-1.));
#1614=DIRECTION('ref_axis',(-1.,0.,0.));
#1615=DIRECTION('',(-1.,7.16222483264361E-13,0.));
#1616=DIRECTION('center_axis',(0.,0.,1.));
#1617=DIRECTION('ref_axis',(7.15618041015536E-13,1.,0.));
#1618=DIRECTION('',(-0.866025403782861,-0.500000000002732,0.));
#1619=DIRECTION('center_axis',(0.,0.,-1.));
#1620=DIRECTION('ref_axis',(-0.866025403785214,0.499999999998658,0.));
#1621=DIRECTION('',(-5.50670620214079E-14,-1.,0.));
#1622=DIRECTION('center_axis',(0.,0.,-1.));
#1623=DIRECTION('ref_axis',(-0.866025403784418,-0.500000000000036,0.));
#1624=DIRECTION('',(0.866025403784507,-0.499999999999882,0.));
#1625=DIRECTION('center_axis',(0.,0.,1.));
#1626=DIRECTION('ref_axis',(0.866025403784407,0.500000000000055,0.));
#1627=DIRECTION('',(-5.99519639655087E-15,-1.,0.));
#1628=DIRECTION('center_axis',(0.,0.,1.));
#1629=DIRECTION('ref_axis',(0.910489862295031,-0.413531390172469,0.));
#1630=DIRECTION('',(-0.753032276985606,-0.657983578684053,0.));
#1631=DIRECTION('center_axis',(0.,0.,-1.));
#1632=DIRECTION('ref_axis',(-0.910489862295032,0.413531390172467,0.));
#1633=DIRECTION('',(0.,-1.,0.));
#1634=DIRECTION('center_axis',(0.,0.,-1.));
#1635=DIRECTION('ref_axis',(-0.886707756186387,-0.462330352798627,0.));
#1636=DIRECTION('',(0.819903819493861,-0.572501289762196,0.));
#1637=DIRECTION('center_axis',(0.,0.,1.));
#1638=DIRECTION('ref_axis',(0.886707756186388,0.462330352798626,0.));
#1639=DIRECTION('',(-2.30653660035606E-15,-1.,0.));
#1640=DIRECTION('center_axis',(0.,0.,1.));
#1641=DIRECTION('ref_axis',(0.897548983497731,-0.440914756185579,0.));
#1642=DIRECTION('',(-0.791485182447032,-0.611188355555624,0.));
#1643=DIRECTION('center_axis',(0.,0.,-1.));
#1644=DIRECTION('ref_axis',(-0.897548983497731,0.440914756185581,0.));
#1645=DIRECTION('',(-5.46571335200077E-15,-1.,0.));
#1646=DIRECTION('',(1.,-6.6317322004268E-13,0.));
#1647=DIRECTION('',(1.32150243533037E-12,1.,0.));
#1648=DIRECTION('center_axis',(0.,0.,-1.));
#1649=DIRECTION('ref_axis',(0.897548983498024,0.440914756184983,0.));
#1650=DIRECTION('',(-0.791485182447032,0.611188355555625,0.));
#1651=DIRECTION('center_axis',(0.,0.,1.));
#1652=DIRECTION('ref_axis',(-0.897548983497732,-0.440914756185578,0.));
#1653=DIRECTION('',(5.12563688968013E-16,1.,0.));
#1654=DIRECTION('center_axis',(0.,0.,1.));
#1655=DIRECTION('ref_axis',(-0.886707756186385,0.462330352798631,0.));
#1656=DIRECTION('',(0.819903819493862,0.572501289762194,0.));
#1657=DIRECTION('center_axis',(0.,0.,-1.));
#1658=DIRECTION('ref_axis',(0.886707756186387,-0.462330352798627,0.));
#1659=DIRECTION('',(0.,1.,0.));
#1660=DIRECTION('center_axis',(0.,0.,-1.));
#1661=DIRECTION('ref_axis',(0.910489862295033,0.413531390172466,0.));
#1662=DIRECTION('',(-0.753032276985605,0.657983578684054,0.));
#1663=DIRECTION('center_axis',(0.,0.,1.));
#1664=DIRECTION('ref_axis',(-0.91048986229503,-0.413531390172471,0.));
#1665=DIRECTION('',(-3.22818267506585E-15,1.,0.));
#1666=DIRECTION('center_axis',(0.,0.,1.));
#1667=DIRECTION('ref_axis',(-0.866025403784405,0.500000000000059,0.));
#1668=DIRECTION('',(0.866025403784507,0.499999999999882,0.));
#1669=DIRECTION('center_axis',(0.,0.,-1.));
#1670=DIRECTION('ref_axis',(-1.,0.,0.));
#1671=DIRECTION('center_axis',(0.,0.,-1.));
#1672=DIRECTION('ref_axis',(-1.,0.,0.));
#1673=DIRECTION('center_axis',(0.,0.,-1.));
#1674=DIRECTION('ref_axis',(-1.,0.,0.));
#1675=DIRECTION('center_axis',(0.,0.,-1.));
#1676=DIRECTION('ref_axis',(-1.,0.,0.));
#1677=DIRECTION('center_axis',(0.,0.,-1.));
#1678=DIRECTION('ref_axis',(1.,0.,0.));
#1679=DIRECTION('center_axis',(0.,0.,-1.));
#1680=DIRECTION('ref_axis',(1.,0.,0.));
#1681=DIRECTION('center_axis',(0.,0.,-1.));
#1682=DIRECTION('ref_axis',(1.,0.,0.));
#1683=DIRECTION('center_axis',(0.,0.,-1.));
#1684=DIRECTION('ref_axis',(1.,0.,0.));
#1685=DIRECTION('center_axis',(0.,0.,-1.));
#1686=DIRECTION('ref_axis',(1.,0.,0.));
#1687=DIRECTION('center_axis',(0.,0.,-1.));
#1688=DIRECTION('ref_axis',(1.,0.,0.));
#1689=DIRECTION('center_axis',(0.,0.,-1.));
#1690=DIRECTION('ref_axis',(-1.,0.,0.));
#1691=DIRECTION('center_axis',(0.,0.,1.));
#1692=DIRECTION('ref_axis',(-1.,0.,0.));
#1693=DIRECTION('center_axis',(0.,0.,-1.));
#1694=DIRECTION('ref_axis',(-1.,0.,0.));
#1695=DIRECTION('',(0.,0.,-1.));
#1696=DIRECTION('center_axis',(0.,0.,1.));
#1697=DIRECTION('ref_axis',(-1.,0.,0.));
#1698=DIRECTION('center_axis',(0.,0.,1.));
#1699=DIRECTION('ref_axis',(-1.,0.,0.));
#1700=DIRECTION('center_axis',(0.,0.,1.));
#1701=DIRECTION('ref_axis',(-1.,0.,0.));
#1702=DIRECTION('',(0.,0.,-1.));
#1703=DIRECTION('center_axis',(0.,0.,1.));
#1704=DIRECTION('ref_axis',(-1.,0.,0.));
#1705=DIRECTION('center_axis',(0.,0.,1.));
#1706=DIRECTION('ref_axis',(-1.,0.,0.));
#1707=DIRECTION('center_axis',(0.,0.,-1.));
#1708=DIRECTION('ref_axis',(-1.,0.,0.));
#1709=DIRECTION('',(0.,0.,-1.));
#1710=DIRECTION('center_axis',(0.,0.,1.));
#1711=DIRECTION('ref_axis',(-1.,0.,0.));
#1712=DIRECTION('center_axis',(0.,0.,1.));
#1713=DIRECTION('ref_axis',(-1.,0.,0.));
#1714=DIRECTION('center_axis',(0.,0.,1.));
#1715=DIRECTION('ref_axis',(-1.,0.,0.));
#1716=DIRECTION('',(0.,0.,-1.));
#1717=DIRECTION('center_axis',(0.,0.,1.));
#1718=DIRECTION('ref_axis',(-1.,0.,0.));
#1719=DIRECTION('center_axis',(0.,0.,1.));
#1720=DIRECTION('ref_axis',(-1.,0.,0.));
#1721=DIRECTION('center_axis',(0.,0.,-1.));
#1722=DIRECTION('ref_axis',(-1.,0.,0.));
#1723=DIRECTION('',(0.,0.,-1.));
#1724=DIRECTION('center_axis',(0.,0.,1.));
#1725=DIRECTION('ref_axis',(-1.,0.,0.));
#1726=DIRECTION('center_axis',(0.,0.,1.));
#1727=DIRECTION('ref_axis',(-1.,0.,0.));
#1728=DIRECTION('center_axis',(0.,0.,1.));
#1729=DIRECTION('ref_axis',(-1.,0.,0.));
#1730=DIRECTION('',(0.,0.,-1.));
#1731=DIRECTION('center_axis',(0.,0.,1.));
#1732=DIRECTION('ref_axis',(-1.,0.,0.));
#1733=DIRECTION('center_axis',(0.,0.,1.));
#1734=DIRECTION('ref_axis',(-0.866025403784405,0.500000000000059,0.));
#1735=DIRECTION('center_axis',(0.,0.,-1.));
#1736=DIRECTION('ref_axis',(-0.866025403784405,0.500000000000059,0.));
#1737=DIRECTION('',(0.,0.,1.));
#1738=DIRECTION('',(0.,0.,-1.));
#1739=DIRECTION('center_axis',(0.499999999999882,-0.866025403784507,0.));
#1740=DIRECTION('ref_axis',(0.866025403784507,0.499999999999882,0.));
#1741=DIRECTION('',(-0.866025403784507,-0.499999999999882,0.));
#1742=DIRECTION('',(0.,0.,-1.));
#1743=DIRECTION('center_axis',(0.,0.,1.));
#1744=DIRECTION('ref_axis',(0.866025403784418,-0.500000000000036,0.));
#1745=DIRECTION('center_axis',(0.,0.,1.));
#1746=DIRECTION('ref_axis',(0.866025403784418,-0.500000000000036,0.));
#1747=DIRECTION('',(0.,0.,1.));
#1748=DIRECTION('center_axis',(0.,0.,1.));
#1749=DIRECTION('ref_axis',(0.866025403785212,0.49999999999866,0.));
#1750=DIRECTION('',(0.,0.,-1.));
#1751=DIRECTION('center_axis',(0.,0.,1.));
#1752=DIRECTION('ref_axis',(0.866025403785212,0.49999999999866,0.));
#1753=DIRECTION('',(0.,0.,1.));
#1754=DIRECTION('center_axis',(0.500000000002734,0.86602540378286,0.));
#1755=DIRECTION('ref_axis',(-0.86602540378286,0.500000000002734,0.));
#1756=DIRECTION('',(0.86602540378286,-0.500000000002734,0.));
#1757=DIRECTION('',(0.,0.,1.));
#1758=DIRECTION('center_axis',(0.,0.,1.));
#1759=DIRECTION('ref_axis',(1.,0.,0.));
#1760=DIRECTION('',(-3.22818267506585E-15,1.,0.));
#1761=DIRECTION('center_axis',(0.,0.,-1.));
#1762=DIRECTION('ref_axis',(-0.91048986229503,-0.413531390172471,0.));
#1763=DIRECTION('',(-0.753032276985605,0.657983578684054,0.));
#1764=DIRECTION('center_axis',(0.,0.,1.));
#1765=DIRECTION('ref_axis',(0.910489862295033,0.413531390172466,0.));
#1766=DIRECTION('',(0.,-1.,0.));
#1767=DIRECTION('center_axis',(0.,0.,1.));
#1768=DIRECTION('ref_axis',(0.886707756186387,-0.462330352798627,0.));
#1769=DIRECTION('',(-0.819903819493862,-0.572501289762194,0.));
#1770=DIRECTION('center_axis',(0.,0.,-1.));
#1771=DIRECTION('ref_axis',(-0.886707756186385,0.462330352798631,0.));
#1772=DIRECTION('',(5.12563688968013E-16,1.,0.));
#1773=DIRECTION('center_axis',(0.,0.,-1.));
#1774=DIRECTION('ref_axis',(-0.897548983497732,-0.440914756185578,0.));
#1775=DIRECTION('',(-0.791485182447032,0.611188355555625,0.));
#1776=DIRECTION('center_axis',(0.,0.,1.));
#1777=DIRECTION('ref_axis',(0.897548983498024,0.440914756184983,0.));
#1778=DIRECTION('',(1.32150243533037E-12,1.,0.));
#1779=DIRECTION('',(-1.,6.6317322004268E-13,0.));
#1780=DIRECTION('',(5.46571335200077E-15,1.,0.));
#1781=DIRECTION('center_axis',(0.,0.,1.));
#1782=DIRECTION('ref_axis',(-0.897548983497731,0.440914756185581,0.));
#1783=DIRECTION('',(0.791485182447032,0.611188355555624,0.));
#1784=DIRECTION('center_axis',(0.,0.,-1.));
#1785=DIRECTION('ref_axis',(0.897548983497731,-0.440914756185579,0.));
#1786=DIRECTION('',(2.30653660035606E-15,1.,0.));
#1787=DIRECTION('center_axis',(0.,0.,-1.));
#1788=DIRECTION('ref_axis',(0.886707756186388,0.462330352798626,0.));
#1789=DIRECTION('',(0.819903819493861,-0.572501289762196,0.));
#1790=DIRECTION('center_axis',(0.,0.,1.));
#1791=DIRECTION('ref_axis',(-0.886707756186387,-0.462330352798627,0.));
#1792=DIRECTION('',(0.,-1.,0.));
#1793=DIRECTION('center_axis',(0.,0.,1.));
#1794=DIRECTION('ref_axis',(-0.910489862295032,0.413531390172467,0.));
#1795=DIRECTION('',(0.753032276985606,0.657983578684053,0.));
#1796=DIRECTION('center_axis',(0.,0.,-1.));
#1797=DIRECTION('ref_axis',(0.910489862295031,-0.413531390172469,0.));
#1798=DIRECTION('',(5.99519639655087E-15,1.,0.));
#1799=DIRECTION('center_axis',(0.,0.,-1.));
#1800=DIRECTION('ref_axis',(0.866025403784407,0.500000000000055,0.));
#1801=DIRECTION('',(0.866025403784507,-0.499999999999882,0.));
#1802=DIRECTION('center_axis',(0.,0.,1.));
#1803=DIRECTION('ref_axis',(-0.866025403784418,-0.500000000000036,0.));
#1804=DIRECTION('',(-5.50670620214079E-14,-1.,0.));
#1805=DIRECTION('center_axis',(0.,0.,1.));
#1806=DIRECTION('ref_axis',(-0.866025403785214,0.499999999998658,0.));
#1807=DIRECTION('',(-0.866025403782861,-0.500000000002732,0.));
#1808=DIRECTION('center_axis',(0.,0.,1.));
#1809=DIRECTION('ref_axis',(7.15618041015536E-13,1.,0.));
#1810=DIRECTION('',(1.,-7.16222483264361E-13,0.));
#1811=DIRECTION('center_axis',(0.,0.,1.));
#1812=DIRECTION('ref_axis',(0.49999999998944,0.866025403790535,0.));
#1813=DIRECTION('',(4.97379915032071E-14,-1.,0.));
#1814=DIRECTION('center_axis',(0.,0.,1.));
#1815=DIRECTION('ref_axis',(-1.,0.,0.));
#1816=DIRECTION('center_axis',(0.,0.,1.));
#1817=DIRECTION('ref_axis',(-1.,0.,0.));
#1818=DIRECTION('center_axis',(0.,0.,1.));
#1819=DIRECTION('ref_axis',(-1.,0.,0.));
#1820=DIRECTION('center_axis',(0.,0.,1.));
#1821=DIRECTION('ref_axis',(-1.,0.,0.));
#1822=DIRECTION('center_axis',(0.,0.,-1.));
#1823=DIRECTION('ref_axis',(1.,0.,0.));
#1824=DIRECTION('center_axis',(0.,0.,-1.));
#1825=DIRECTION('ref_axis',(1.,0.,0.));
#1826=DIRECTION('center_axis',(0.,0.,-1.));
#1827=DIRECTION('ref_axis',(1.,0.,0.));
#1828=DIRECTION('center_axis',(0.,0.,-1.));
#1829=DIRECTION('ref_axis',(1.,0.,0.));
#1830=DIRECTION('center_axis',(0.,0.,-1.));
#1831=DIRECTION('ref_axis',(1.,0.,0.));
#1832=DIRECTION('center_axis',(0.,0.,-1.));
#1833=DIRECTION('ref_axis',(1.,0.,0.));
#1834=DIRECTION('center_axis',(0.,0.,1.));
#1835=DIRECTION('ref_axis',(-0.91048986229503,-0.413531390172471,0.));
#1836=DIRECTION('',(0.,0.,1.));
#1837=DIRECTION('',(0.,0.,-1.));
#1838=DIRECTION('center_axis',(1.,3.22818267506585E-15,0.));
#1839=DIRECTION('ref_axis',(-3.22818267506585E-15,1.,0.));
#1840=DIRECTION('center_axis',(0.,0.,1.));
#1841=DIRECTION('ref_axis',(0.910489862295033,0.413531390172466,0.));
#1842=DIRECTION('',(0.,0.,-1.));
#1843=DIRECTION('',(0.,0.,1.));
#1844=DIRECTION('center_axis',(1.,0.,0.));
#1845=DIRECTION('ref_axis',(0.,1.,0.));
#1846=DIRECTION('',(0.,0.,1.));
#1847=DIRECTION('center_axis',(0.,0.,1.));
#1848=DIRECTION('ref_axis',(0.886707756186387,-0.462330352798627,0.));
#1849=DIRECTION('',(0.,0.,-1.));
#1850=DIRECTION('center_axis',(0.572501289762194,-0.819903819493862,0.));
#1851=DIRECTION('ref_axis',(0.819903819493862,0.572501289762194,0.));
#1852=DIRECTION('',(0.,0.,1.));
#1853=DIRECTION('center_axis',(0.,0.,1.));
#1854=DIRECTION('ref_axis',(-0.886707756186385,0.462330352798631,0.));
#1855=DIRECTION('',(0.,0.,-1.));
#1856=DIRECTION('center_axis',(0.,0.,1.));
#1857=DIRECTION('ref_axis',(-0.897548983497732,-0.440914756185578,0.));
#1858=DIRECTION('',(0.,0.,1.));
#1859=DIRECTION('',(0.,0.,-1.));
#1860=DIRECTION('center_axis',(1.,-5.12563688968013E-16,0.));
#1861=DIRECTION('ref_axis',(5.12563688968013E-16,1.,0.));
#1862=DIRECTION('center_axis',(0.,0.,1.));
#1863=DIRECTION('ref_axis',(0.897548983498024,0.440914756184983,0.));
#1864=DIRECTION('',(0.,0.,-1.));
#1865=DIRECTION('',(0.,0.,1.));
#1866=DIRECTION('center_axis',(1.,-1.32150243533037E-12,0.));
#1867=DIRECTION('ref_axis',(1.32150243533037E-12,1.,0.));
#1868=DIRECTION('',(0.,0.,1.));
#1869=DIRECTION('center_axis',(0.,0.,1.));
#1870=DIRECTION('ref_axis',(-0.897548983497731,0.440914756185581,0.));
#1871=DIRECTION('',(0.,0.,-1.));
#1872=DIRECTION('',(0.,0.,1.));
#1873=DIRECTION('center_axis',(-0.611188355555624,0.791485182447032,0.));
#1874=DIRECTION('ref_axis',(-0.791485182447032,-0.611188355555624,0.));
#1875=DIRECTION('',(0.,0.,1.));
#1876=DIRECTION('center_axis',(0.,0.,1.));
#1877=DIRECTION('ref_axis',(0.897548983497731,-0.440914756185579,0.));
#1878=DIRECTION('',(0.,0.,-1.));
#1879=DIRECTION('center_axis',(0.,0.,1.));
#1880=DIRECTION('ref_axis',(0.886707756186388,0.462330352798626,0.));
#1881=DIRECTION('',(0.,0.,1.));
#1882=DIRECTION('',(0.,0.,-1.));
#1883=DIRECTION('center_axis',(-1.,2.30653660035606E-15,0.));
#1884=DIRECTION('ref_axis',(-2.30653660035606E-15,-1.,0.));
#1885=DIRECTION('center_axis',(0.,0.,1.));
#1886=DIRECTION('ref_axis',(-0.886707756186387,-0.462330352798627,0.));
#1887=DIRECTION('',(0.,0.,-1.));
#1888=DIRECTION('',(0.,0.,1.));
#1889=DIRECTION('center_axis',(-1.,0.,0.));
#1890=DIRECTION('ref_axis',(0.,-1.,0.));
#1891=DIRECTION('',(0.,0.,1.));
#1892=DIRECTION('center_axis',(0.,0.,1.));
#1893=DIRECTION('ref_axis',(-0.910489862295032,0.413531390172467,0.));
#1894=DIRECTION('',(0.,0.,-1.));
#1895=DIRECTION('center_axis',(-0.657983578684054,0.753032276985606,0.));
#1896=DIRECTION('ref_axis',(-0.753032276985606,-0.657983578684054,0.));
#1897=DIRECTION('',(0.,0.,1.));
#1898=DIRECTION('center_axis',(0.,0.,1.));
#1899=DIRECTION('ref_axis',(0.910489862295031,-0.413531390172469,0.));
#1900=DIRECTION('',(0.,0.,-1.));
#1901=DIRECTION('center_axis',(0.,0.,1.));
#1902=DIRECTION('ref_axis',(0.866025403784407,0.500000000000055,0.));
#1903=DIRECTION('',(0.,0.,1.));
#1904=DIRECTION('',(0.,0.,-1.));
#1905=DIRECTION('center_axis',(-1.,5.99519639655087E-15,0.));
#1906=DIRECTION('ref_axis',(-5.99519639655087E-15,-1.,0.));
#1907=DIRECTION('center_axis',(0.,0.,1.));
#1908=DIRECTION('ref_axis',(-0.866025403785214,0.499999999998658,0.));
#1909=DIRECTION('',(0.,0.,-1.));
#1910=DIRECTION('',(0.,0.,1.));
#1911=DIRECTION('center_axis',(-1.,5.50670620214079E-14,0.));
#1912=DIRECTION('ref_axis',(-5.50670620214079E-14,-1.,0.));
#1913=DIRECTION('',(0.,0.,-1.));
#1914=DIRECTION('center_axis',(0.,0.,1.));
#1915=DIRECTION('ref_axis',(-0.866025403784418,-0.500000000000036,0.));
#1916=DIRECTION('',(0.,0.,1.));
#1917=DIRECTION('center_axis',(0.,0.,1.));
#1918=DIRECTION('ref_axis',(-1.,0.,0.));
#1919=DIRECTION('center_axis',(0.,0.,-1.));
#1920=DIRECTION('ref_axis',(-1.,0.,0.));
#1921=DIRECTION('',(0.,0.,-1.));
#1922=DIRECTION('center_axis',(0.,0.,1.));
#1923=DIRECTION('ref_axis',(-1.,0.,0.));
#1924=DIRECTION('center_axis',(0.,0.,1.));
#1925=DIRECTION('ref_axis',(-1.,0.,0.));
#1926=DIRECTION('',(0.,0.,-1.));
#1927=DIRECTION('center_axis',(0.,0.,1.));
#1928=DIRECTION('ref_axis',(-1.,0.,0.));
#1929=DIRECTION('center_axis',(0.,0.,1.));
#1930=DIRECTION('ref_axis',(-1.,0.,0.));
#1931=DIRECTION('center_axis',(0.,0.,-1.));
#1932=DIRECTION('ref_axis',(-1.,0.,0.));
#1933=DIRECTION('',(0.,0.,-1.));
#1934=DIRECTION('center_axis',(0.,0.,1.));
#1935=DIRECTION('ref_axis',(-1.,0.,0.));
#1936=DIRECTION('center_axis',(0.,0.,1.));
#1937=DIRECTION('ref_axis',(-1.,0.,0.));
#1938=DIRECTION('',(0.,0.,-1.));
#1939=DIRECTION('center_axis',(0.,0.,1.));
#1940=DIRECTION('ref_axis',(-1.,0.,0.));
#1941=DIRECTION('center_axis',(0.,0.,1.));
#1942=DIRECTION('ref_axis',(-1.,0.,0.));
#1943=DIRECTION('center_axis',(0.,0.,-1.));
#1944=DIRECTION('ref_axis',(-1.,0.,0.));
#1945=DIRECTION('',(0.,0.,-1.));
#1946=DIRECTION('center_axis',(0.,0.,1.));
#1947=DIRECTION('ref_axis',(-1.,0.,0.));
#1948=DIRECTION('center_axis',(0.,0.,1.));
#1949=DIRECTION('ref_axis',(-1.,0.,0.));
#1950=DIRECTION('',(0.,0.,-1.));
#1951=DIRECTION('center_axis',(0.,0.,1.));
#1952=DIRECTION('ref_axis',(-1.,0.,0.));
#1953=DIRECTION('center_axis',(0.,0.,1.));
#1954=DIRECTION('ref_axis',(-1.,0.,0.));
#1955=DIRECTION('center_axis',(0.,0.,-1.));
#1956=DIRECTION('ref_axis',(-1.,0.,0.));
#1957=DIRECTION('',(0.,0.,-1.));
#1958=DIRECTION('center_axis',(0.,0.,1.));
#1959=DIRECTION('ref_axis',(-1.,0.,0.));
#1960=DIRECTION('center_axis',(0.,0.,1.));
#1961=DIRECTION('ref_axis',(-1.,0.,0.));
#1962=DIRECTION('',(0.,0.,-1.));
#1963=DIRECTION('center_axis',(0.,0.,1.));
#1964=DIRECTION('ref_axis',(-1.,0.,0.));
#1965=DIRECTION('center_axis',(0.,0.,1.));
#1966=DIRECTION('ref_axis',(1.,0.,0.));
#1967=DIRECTION('',(0.,0.,-1.));
#1968=DIRECTION('center_axis',(0.,0.,1.));
#1969=DIRECTION('ref_axis',(1.,0.,0.));
#1970=DIRECTION('',(0.,0.,-1.));
#1971=DIRECTION('center_axis',(0.,0.,1.));
#1972=DIRECTION('ref_axis',(1.,0.,0.));
#1973=DIRECTION('',(0.,0.,-1.));
#1974=DIRECTION('center_axis',(0.,0.,1.));
#1975=DIRECTION('ref_axis',(1.,0.,0.));
#1976=DIRECTION('',(0.,0.,-1.));
#1977=DIRECTION('center_axis',(0.,0.,1.));
#1978=DIRECTION('ref_axis',(1.,0.,0.));
#1979=DIRECTION('',(0.,0.,-1.));
#1980=DIRECTION('center_axis',(0.,0.,1.));
#1981=DIRECTION('ref_axis',(1.,0.,0.));
#1982=DIRECTION('',(0.,0.,-1.));
#1983=DIRECTION('center_axis',(-1.,5.46571335200077E-15,0.));
#1984=DIRECTION('ref_axis',(-5.46571335200077E-15,-1.,0.));
#1985=DIRECTION('',(0.,0.,1.));
#1986=DIRECTION('center_axis',(-0.572501289762196,-0.819903819493861,0.));
#1987=DIRECTION('ref_axis',(0.819903819493861,-0.572501289762196,0.));
#1988=DIRECTION('center_axis',(-0.499999999999882,-0.866025403784507,0.));
#1989=DIRECTION('ref_axis',(0.866025403784507,-0.499999999999882,0.));
#1990=DIRECTION('center_axis',(-0.500000000002732,0.866025403782861,0.));
#1991=DIRECTION('ref_axis',(-0.866025403782861,-0.500000000002732,0.));
#1992=DIRECTION('',(0.,0.,1.));
#1993=DIRECTION('center_axis',(0.,0.,1.));
#1994=DIRECTION('ref_axis',(7.15618041015536E-13,1.,0.));
#1995=DIRECTION('',(0.,0.,1.));
#1996=DIRECTION('center_axis',(7.16222483264361E-13,1.,0.));
#1997=DIRECTION('ref_axis',(-1.,7.16222483264361E-13,0.));
#1998=DIRECTION('',(0.,0.,1.));
#1999=DIRECTION('center_axis',(0.,0.,1.));
#2000=DIRECTION('ref_axis',(0.49999999998944,0.866025403790535,0.));
#2001=DIRECTION('center_axis',(1.,4.97379915032071E-14,0.));
#2002=DIRECTION('ref_axis',(-4.97379915032071E-14,1.,0.));
#2003=DIRECTION('center_axis',(0.657983578684055,0.753032276985605,0.));
#2004=DIRECTION('ref_axis',(-0.753032276985605,0.657983578684054,0.));
#2005=DIRECTION('center_axis',(0.611188355555625,0.791485182447032,0.));
#2006=DIRECTION('ref_axis',(-0.791485182447032,0.611188355555625,0.));
#2007=DIRECTION('center_axis',(-6.6317322004268E-13,-1.,0.));
#2008=DIRECTION('ref_axis',(1.,-6.6317322004268E-13,0.));
#2009=CARTESIAN_POINT('',(0.,0.,0.));
#2010=CARTESIAN_POINT('Origin',(95.9999999999996,-38.5381489732668,20.2499999999997));
#2011=CARTESIAN_POINT('',(97.1999999999996,-38.5381489732668,22.2499999999997));
#2012=CARTESIAN_POINT('Origin',(95.9999999999996,-38.5381489732668,22.2499999999997));
#2013=CARTESIAN_POINT('',(97.1999999999996,-38.5381489732668,17.7499999999997));
#2014=CARTESIAN_POINT('',(97.1999999999996,-38.5381489732668,20.2499999999997));
#2015=CARTESIAN_POINT('Origin',(95.9999999999996,-38.5381489732668,17.7499999999997));
#2016=CARTESIAN_POINT('Origin',(95.9999999999996,-38.5381489732668,20.2499999999997));
#2017=CARTESIAN_POINT('',(98.4999999999996,-38.5381489732668,22.2499999999997));
#2018=CARTESIAN_POINT('Origin',(95.9999999999996,-38.5381489732668,22.2499999999997));
#2019=CARTESIAN_POINT('',(98.4999999999996,-38.5381489732668,20.2499999999997));
#2020=CARTESIAN_POINT('',(98.4999999999996,-38.5381489732668,20.2499999999997));
#2021=CARTESIAN_POINT('Origin',(95.9999999999996,-38.5381489732668,20.2499999999997));
#2022=CARTESIAN_POINT('Origin',(95.9999999999996,-38.5381489732668,22.2499999999997));
#2023=CARTESIAN_POINT('Origin',(82.0000000000001,3.63488202389807,20.2499999999997));
#2024=CARTESIAN_POINT('',(111.5,47.9777860021303,20.2499999999997));
#2025=CARTESIAN_POINT('',(110.5,46.2457351945612,20.2499999999997));
#2026=CARTESIAN_POINT('Origin',(109.5,47.9777860021302,20.2499999999997));
#2027=CARTESIAN_POINT('',(111.5,50.6683849253758,20.2499999999997));
#2028=CARTESIAN_POINT('',(111.5,51.8230854637508,20.2499999999997));
#2029=CARTESIAN_POINT('',(110.500000000006,52.4004357329414,20.2499999999997));
#2030=CARTESIAN_POINT('Origin',(109.5,50.6683849253757,20.2499999999997));
#2031=CARTESIAN_POINT('',(103.678203230246,56.3390019343479,20.2499999999997));
#2032=CARTESIAN_POINT('',(103.678203230246,56.3390019343479,20.2499999999997));
#2033=CARTESIAN_POINT('',(101.9282032303,56.8079130210772,20.2499999999997));
#2034=CARTESIAN_POINT('Origin',(101.928203230297,53.3079130211058,20.2499999999997));
#2035=CARTESIAN_POINT('',(100.300000000083,56.8079130210764,20.2499999999997));
#2036=CARTESIAN_POINT('',(62.0717967697592,56.8079130211038,20.2499999999997));
#2037=CARTESIAN_POINT('',(103.000000000081,54.1079130211033,20.2499999999997));
#2038=CARTESIAN_POINT('Origin',(100.300000000081,54.1079130211033,20.2499999999997));
#2039=CARTESIAN_POINT('Origin',(100.300000000081,54.1079130211033,20.2499999999997));
#2040=CARTESIAN_POINT('',(63.6999999999213,56.8079130211026,20.2499999999997));
#2041=CARTESIAN_POINT('',(62.0717967697592,56.8079130211038,20.2499999999997));
#2042=CARTESIAN_POINT('',(66.3999999999194,54.1079130211033,20.2499999999997));
#2043=CARTESIAN_POINT('Origin',(63.6999999999194,54.1079130211033,20.2499999999997));
#2044=CARTESIAN_POINT('Origin',(63.6999999999194,54.1079130211033,20.2499999999997));
#2045=CARTESIAN_POINT('',(62.0717967697592,56.8079130211038,20.2499999999997));
#2046=CARTESIAN_POINT('',(62.0717967697592,56.8079130211038,20.2499999999997));
#2047=CARTESIAN_POINT('',(60.3217967697543,56.3390019343479,20.2499999999997));
#2048=CARTESIAN_POINT('Origin',(62.0717967697566,53.3079130211038,20.2499999999997));
#2049=CARTESIAN_POINT('',(53.4999999999945,52.4004357329415,20.2499999999997));
#2050=CARTESIAN_POINT('',(60.3217967697543,56.3390019343479,20.2499999999997));
#2051=CARTESIAN_POINT('',(52.4999999999999,50.6683849253759,20.2499999999997));
#2052=CARTESIAN_POINT('Origin',(54.5,50.6683849253757,20.2499999999997));
#2053=CARTESIAN_POINT('',(52.4999999999998,47.9777860021304,20.2499999999997));
#2054=CARTESIAN_POINT('',(52.5,51.8230854637508,20.2499999999997));
#2055=CARTESIAN_POINT('',(53.5,46.2457351945612,20.2499999999997));
#2056=CARTESIAN_POINT('Origin',(54.4999999999998,47.9777860021302,20.2499999999997));
#2057=CARTESIAN_POINT('',(55.5,45.0910346561824,20.2499999999997));
#2058=CARTESIAN_POINT('',(52.4999999999997,46.8230854637508,20.2499999999997));
#2059=CARTESIAN_POINT('',(56.5000000000002,43.3589838486134,20.2499999999997));
#2060=CARTESIAN_POINT('Origin',(54.5000000000002,43.3589838486134,20.2499999999997));
#2061=CARTESIAN_POINT('',(56.5,6.90348609044139,20.2499999999997));
#2062=CARTESIAN_POINT('',(56.5,5.99511487776234,20.2499999999997));
#2063=CARTESIAN_POINT('',(55.8159671573681,5.39742153647019,20.2499999999997));
#2064=CARTESIAN_POINT('Origin',(54.5,6.90348609044141,20.2499999999997));
#2065=CARTESIAN_POINT('',(53.1840328426319,3.09769334128076,20.2499999999997));
#2066=CARTESIAN_POINT('',(52.5,2.49999999998861,20.2499999999997));
#2067=CARTESIAN_POINT('',(52.5,1.59162878730956,20.2499999999997));
#2068=CARTESIAN_POINT('Origin',(54.5,1.59162878730956,20.2499999999997));
#2069=CARTESIAN_POINT('',(52.5,-1.45719790524445,20.2499999999997));
#2070=CARTESIAN_POINT('',(52.5,2.49999999998861,20.2499999999997));
#2071=CARTESIAN_POINT('',(53.3549974204756,-3.09700554423217,20.2499999999997));
#2072=CARTESIAN_POINT('Origin',(54.5,-1.45719790524445,20.2499999999997));
#2073=CARTESIAN_POINT('',(55.6450025795245,-4.69601127630314,20.2499999999997));
#2074=CARTESIAN_POINT('',(52.5,-2.50000000001139,20.2499999999997));
#2075=CARTESIAN_POINT('',(56.5000000000001,-6.33581891529087,20.2499999999997));
#2076=CARTESIAN_POINT('Origin',(54.5000000000001,-6.33581891529087,20.2499999999997));
#2077=CARTESIAN_POINT('',(56.5,-38.9668450720119,20.2499999999997));
#2078=CARTESIAN_POINT('',(56.5,-39.9493312968134,20.2499999999997));
#2079=CARTESIAN_POINT('',(55.7223767111112,-40.5498154369059,20.2499999999997));
#2080=CARTESIAN_POINT('Origin',(54.5,-38.9668450720119,20.2499999999997));
#2081=CARTESIAN_POINT('',(53.2776232888888,-42.4376648332111,20.2499999999997));
#2082=CARTESIAN_POINT('',(52.5,-43.0381489733036,20.2499999999997));
#2083=CARTESIAN_POINT('',(52.5,-44.0206351981052,20.2499999999997));
#2084=CARTESIAN_POINT('Origin',(54.5,-44.0206351981052,20.2499999999997));
#2085=CARTESIAN_POINT('',(52.5,-49.5381489733036,20.2499999999997));
#2086=CARTESIAN_POINT('',(52.5,-49.5381489733036,20.2499999999997));
#2087=CARTESIAN_POINT('',(111.5,-49.5381489733037,20.2499999999997));
#2088=CARTESIAN_POINT('',(58.5000000000007,-49.5381489733076,20.2499999999997));
#2089=CARTESIAN_POINT('',(111.500000000007,-44.0206351981136,20.2499999999997));
#2090=CARTESIAN_POINT('',(111.5,-49.5381489733037,20.2499999999997));
#2091=CARTESIAN_POINT('',(110.722376711118,-42.4376648332169,20.2499999999997));
#2092=CARTESIAN_POINT('Origin',(109.500000000007,-44.0206351981109,20.2499999999997));
#2093=CARTESIAN_POINT('',(108.277623288889,-40.549815436906,20.2499999999997));
#2094=CARTESIAN_POINT('',(111.5,-43.0381489733037,20.2499999999997));
#2095=CARTESIAN_POINT('',(107.5,-38.9668450720119,20.2499999999997));
#2096=CARTESIAN_POINT('Origin',(109.5,-38.9668450720119,20.2499999999997));
#2097=CARTESIAN_POINT('',(107.5,-6.33581891529094,20.2499999999997));
#2098=CARTESIAN_POINT('',(107.5,-39.9493312968135,20.2499999999997));
#2099=CARTESIAN_POINT('',(108.354997420476,-4.69601127630322,20.2499999999997));
#2100=CARTESIAN_POINT('Origin',(109.5,-6.33581891529094,20.2499999999997));
#2101=CARTESIAN_POINT('',(110.645002579524,-3.09700554423225,20.2499999999997));
#2102=CARTESIAN_POINT('',(111.5,-2.50000000001147,20.2499999999997));
#2103=CARTESIAN_POINT('',(111.5,-1.45719790524452,20.2499999999997));
#2104=CARTESIAN_POINT('Origin',(109.5,-1.45719790524452,20.2499999999997));
#2105=CARTESIAN_POINT('',(111.5,1.59162878730948,20.2499999999997));
#2106=CARTESIAN_POINT('',(111.5,2.49999999998853,20.2499999999997));
#2107=CARTESIAN_POINT('',(110.815967157368,3.09769334128069,20.2499999999997));
#2108=CARTESIAN_POINT('Origin',(109.5,1.59162878730948,20.2499999999997));
#2109=CARTESIAN_POINT('',(108.184032842632,5.39742153647013,20.2499999999997));
#2110=CARTESIAN_POINT('',(111.5,2.49999999998853,20.2499999999997));
#2111=CARTESIAN_POINT('',(107.5,6.90348609044133,20.2499999999997));
#2112=CARTESIAN_POINT('Origin',(109.5,6.90348609044134,20.2499999999997));
#2113=CARTESIAN_POINT('',(107.5,43.3589838486133,20.2499999999997));
#2114=CARTESIAN_POINT('',(107.5,5.99511487776227,20.2499999999997));
#2115=CARTESIAN_POINT('',(108.5,45.0910346561823,20.2499999999997));
#2116=CARTESIAN_POINT('Origin',(109.5,43.3589838486133,20.2499999999997));
#2117=CARTESIAN_POINT('',(111.5,46.8230854637508,20.2499999999997));
#2118=CARTESIAN_POINT('',(98.5,-17.5381489732669,20.2499999999997));
#2119=CARTESIAN_POINT('Origin',(96.,-17.5381489732669,20.2499999999997));
#2120=CARTESIAN_POINT('',(70.5,-17.5381489732669,20.2499999999997));
#2121=CARTESIAN_POINT('Origin',(68.,-17.5381489732669,20.2499999999997));
#2122=CARTESIAN_POINT('',(103.000000000024,-2.49208697889553,20.2499999999997));
#2123=CARTESIAN_POINT('Origin',(100.300000000024,-2.49208697889553,20.2499999999997));
#2124=CARTESIAN_POINT('',(66.3999999999762,-2.49208697889544,20.2499999999997));
#2125=CARTESIAN_POINT('Origin',(63.6999999999762,-2.49208697889544,20.2499999999997));
#2126=CARTESIAN_POINT('',(54.05,4.40178922701838E-11,20.2499999999997));
#2127=CARTESIAN_POINT('Origin',(55.5,4.40180698439697E-11,20.2499999999997));
#2128=CARTESIAN_POINT('',(107.05,4.39510327669756E-11,20.2499999999997));
#2129=CARTESIAN_POINT('Origin',(108.5,4.39512103407615E-11,20.2499999999997));
#2130=CARTESIAN_POINT('',(54.05,-45.5381489733075,20.2499999999997));
#2131=CARTESIAN_POINT('Origin',(55.5,-45.5381489733075,20.2499999999997));
#2132=CARTESIAN_POINT('',(54.05,49.3230854637508,20.2499999999997));
#2133=CARTESIAN_POINT('Origin',(55.5,49.3230854637508,20.2499999999997));
#2134=CARTESIAN_POINT('',(107.05,-45.5381489733075,20.2499999999997));
#2135=CARTESIAN_POINT('Origin',(108.5,-45.5381489733075,20.2499999999997));
#2136=CARTESIAN_POINT('',(107.05,49.3230854637508,20.2499999999997));
#2137=CARTESIAN_POINT('Origin',(108.5,49.3230854637508,20.2499999999997));
#2138=CARTESIAN_POINT('',(70.4999999999996,-38.5381489732657,20.2499999999997));
#2139=CARTESIAN_POINT('Origin',(67.9999999999996,-38.5381489732657,20.2499999999997));
#2140=CARTESIAN_POINT('Origin',(96.,-17.5381489732669,20.2499999999997));
#2141=CARTESIAN_POINT('',(97.2,-17.5381489732669,22.2499999999997));
#2142=CARTESIAN_POINT('Origin',(96.,-17.5381489732669,22.2499999999997));
#2143=CARTESIAN_POINT('',(97.2,-17.5381489732669,17.7499999999997));
#2144=CARTESIAN_POINT('',(97.2,-17.5381489732669,20.2499999999997));
#2145=CARTESIAN_POINT('Origin',(96.,-17.5381489732669,17.7499999999997));
#2146=CARTESIAN_POINT('Origin',(96.,-17.5381489732669,20.2499999999997));
#2147=CARTESIAN_POINT('',(98.5,-17.5381489732669,22.2499999999997));
#2148=CARTESIAN_POINT('Origin',(96.,-17.5381489732669,22.2499999999997));
#2149=CARTESIAN_POINT('',(98.5,-17.5381489732669,20.2499999999997));
#2150=CARTESIAN_POINT('Origin',(96.,-17.5381489732669,22.2499999999997));
#2151=CARTESIAN_POINT('Origin',(67.9999999999996,-38.5381489732657,20.2499999999997));
#2152=CARTESIAN_POINT('',(69.1999999999996,-38.5381489732657,22.2499999999997));
#2153=CARTESIAN_POINT('Origin',(67.9999999999996,-38.5381489732657,22.2499999999997));
#2154=CARTESIAN_POINT('',(69.1999999999996,-38.5381489732657,17.7499999999997));
#2155=CARTESIAN_POINT('',(69.1999999999996,-38.5381489732657,20.2499999999997));
#2156=CARTESIAN_POINT('Origin',(67.9999999999996,-38.5381489732657,17.7499999999997));
#2157=CARTESIAN_POINT('Origin',(67.9999999999996,-38.5381489732657,20.2499999999997));
#2158=CARTESIAN_POINT('',(70.4999999999996,-38.5381489732657,22.2499999999997));
#2159=CARTESIAN_POINT('Origin',(67.9999999999996,-38.5381489732657,22.2499999999997));
#2160=CARTESIAN_POINT('',(70.4999999999996,-38.5381489732657,20.2499999999997));
#2161=CARTESIAN_POINT('Origin',(67.9999999999996,-38.5381489732657,22.2499999999997));
#2162=CARTESIAN_POINT('Origin',(68.,-17.5381489732669,20.2499999999997));
#2163=CARTESIAN_POINT('',(69.2,-17.5381489732669,22.2499999999997));
#2164=CARTESIAN_POINT('Origin',(68.,-17.5381489732669,22.2499999999997));
#2165=CARTESIAN_POINT('',(69.2,-17.5381489732669,17.7499999999997));
#2166=CARTESIAN_POINT('',(69.2,-17.5381489732669,20.2499999999997));
#2167=CARTESIAN_POINT('Origin',(68.,-17.5381489732669,17.7499999999997));
#2168=CARTESIAN_POINT('Origin',(68.,-17.5381489732669,20.2499999999997));
#2169=CARTESIAN_POINT('',(70.5,-17.5381489732669,22.2499999999997));
#2170=CARTESIAN_POINT('Origin',(68.,-17.5381489732669,22.2499999999997));
#2171=CARTESIAN_POINT('',(70.5,-17.5381489732669,20.2499999999997));
#2172=CARTESIAN_POINT('Origin',(68.,-17.5381489732669,22.2499999999997));
#2173=CARTESIAN_POINT('Origin',(109.5,43.3589838486133,17.7499999999997));
#2174=CARTESIAN_POINT('',(107.5,43.3589838486133,17.7499999999997));
#2175=CARTESIAN_POINT('',(108.5,45.0910346561823,17.7499999999997));
#2176=CARTESIAN_POINT('Origin',(109.5,43.3589838486133,17.7499999999997));
#2177=CARTESIAN_POINT('',(108.5,45.0910346561823,17.7499999999997));
#2178=CARTESIAN_POINT('',(107.5,43.3589838486133,17.7499999999997));
#2179=CARTESIAN_POINT('Origin',(107.5,44.5136843869927,17.7499999999997));
#2180=CARTESIAN_POINT('',(110.5,46.2457351945612,17.7499999999997));
#2181=CARTESIAN_POINT('',(111.5,46.8230854637508,17.7499999999997));
#2182=CARTESIAN_POINT('',(110.5,46.2457351945612,17.7499999999997));
#2183=CARTESIAN_POINT('Origin',(109.5,47.9777860021302,17.7499999999997));
#2184=CARTESIAN_POINT('',(111.5,47.9777860021303,17.7499999999997));
#2185=CARTESIAN_POINT('Origin',(109.5,47.9777860021302,17.7499999999997));
#2186=CARTESIAN_POINT('',(111.5,47.9777860021303,17.7499999999997));
#2187=CARTESIAN_POINT('Origin',(109.5,50.6683849253757,17.7499999999997));
#2188=CARTESIAN_POINT('',(111.5,50.6683849253758,17.7499999999997));
#2189=CARTESIAN_POINT('',(111.5,50.6683849253758,17.7499999999997));
#2190=CARTESIAN_POINT('',(110.500000000006,52.4004357329414,17.7499999999997));
#2191=CARTESIAN_POINT('Origin',(109.5,50.6683849253757,17.7499999999997));
#2192=CARTESIAN_POINT('',(110.500000000006,52.4004357329414,17.7499999999997));
#2193=CARTESIAN_POINT('Origin',(111.5,51.8230854637508,17.7499999999997));
#2194=CARTESIAN_POINT('',(103.678203230246,56.3390019343479,17.7499999999997));
#2195=CARTESIAN_POINT('',(103.678203230246,56.3390019343479,17.7499999999997));
#2196=CARTESIAN_POINT('',(103.678203230246,56.3390019343479,17.7499999999997));
#2197=CARTESIAN_POINT('Origin',(82.0000000000001,3.63488202389807,17.7499999999997));
#2198=CARTESIAN_POINT('',(107.5,6.90348609044133,17.7499999999997));
#2199=CARTESIAN_POINT('',(107.5,5.99511487776227,17.7499999999997));
#2200=CARTESIAN_POINT('',(108.184032842632,5.39742153647013,17.7499999999997));
#2201=CARTESIAN_POINT('Origin',(109.5,6.90348609044134,17.7499999999997));
#2202=CARTESIAN_POINT('',(110.815967157368,3.09769334128069,17.7499999999997));
#2203=CARTESIAN_POINT('',(111.5,2.49999999998853,17.7499999999997));
#2204=CARTESIAN_POINT('',(111.5,1.59162878730948,17.7499999999997));
#2205=CARTESIAN_POINT('Origin',(109.5,1.59162878730948,17.7499999999997));
#2206=CARTESIAN_POINT('',(111.5,-1.45719790524452,17.7499999999997));
#2207=CARTESIAN_POINT('',(111.5,2.49999999998853,17.7499999999997));
#2208=CARTESIAN_POINT('',(110.645002579524,-3.09700554423225,17.7499999999997));
#2209=CARTESIAN_POINT('Origin',(109.5,-1.45719790524452,17.7499999999997));
#2210=CARTESIAN_POINT('',(108.354997420476,-4.69601127630322,17.7499999999997));
#2211=CARTESIAN_POINT('',(111.5,-2.50000000001147,17.7499999999997));
#2212=CARTESIAN_POINT('',(107.5,-6.33581891529094,17.7499999999997));
#2213=CARTESIAN_POINT('Origin',(109.5,-6.33581891529094,17.7499999999997));
#2214=CARTESIAN_POINT('',(107.5,-38.9668450720119,17.7499999999997));
#2215=CARTESIAN_POINT('',(107.5,-39.9493312968135,17.7499999999997));
#2216=CARTESIAN_POINT('',(108.277623288889,-40.549815436906,17.7499999999997));
#2217=CARTESIAN_POINT('Origin',(109.5,-38.9668450720119,17.7499999999997));
#2218=CARTESIAN_POINT('',(110.722376711118,-42.4376648332169,17.7499999999997));
#2219=CARTESIAN_POINT('',(111.5,-43.0381489733037,17.7499999999997));
#2220=CARTESIAN_POINT('',(111.500000000007,-44.0206351981136,17.7499999999997));
#2221=CARTESIAN_POINT('Origin',(109.500000000007,-44.0206351981109,17.7499999999997));
#2222=CARTESIAN_POINT('',(111.5,-49.5381489733037,17.7499999999997));
#2223=CARTESIAN_POINT('',(111.5,-49.5381489733037,17.7499999999997));
#2224=CARTESIAN_POINT('',(52.5,-49.5381489733036,17.7499999999997));
#2225=CARTESIAN_POINT('',(58.5000000000007,-49.5381489733076,17.7499999999997));
#2226=CARTESIAN_POINT('',(52.5,-44.0206351981052,17.7499999999997));
#2227=CARTESIAN_POINT('',(52.5,-49.5381489733036,17.7499999999997));
#2228=CARTESIAN_POINT('',(53.2776232888888,-42.4376648332111,17.7499999999997));
#2229=CARTESIAN_POINT('Origin',(54.5,-44.0206351981052,17.7499999999997));
#2230=CARTESIAN_POINT('',(55.7223767111112,-40.5498154369059,17.7499999999997));
#2231=CARTESIAN_POINT('',(52.5,-43.0381489733036,17.7499999999997));
#2232=CARTESIAN_POINT('',(56.5,-38.9668450720119,17.7499999999997));
#2233=CARTESIAN_POINT('Origin',(54.5,-38.9668450720119,17.7499999999997));
#2234=CARTESIAN_POINT('',(56.5000000000001,-6.33581891529087,17.7499999999997));
#2235=CARTESIAN_POINT('',(56.5,-39.9493312968134,17.7499999999997));
#2236=CARTESIAN_POINT('',(55.6450025795245,-4.69601127630314,17.7499999999997));
#2237=CARTESIAN_POINT('Origin',(54.5000000000001,-6.33581891529087,17.7499999999997));
#2238=CARTESIAN_POINT('',(53.3549974204756,-3.09700554423217,17.7499999999997));
#2239=CARTESIAN_POINT('',(52.5,-2.50000000001139,17.7499999999997));
#2240=CARTESIAN_POINT('',(52.5,-1.45719790524445,17.7499999999997));
#2241=CARTESIAN_POINT('Origin',(54.5,-1.45719790524445,17.7499999999997));
#2242=CARTESIAN_POINT('',(52.5,1.59162878730956,17.7499999999997));
#2243=CARTESIAN_POINT('',(52.5,2.49999999998861,17.7499999999997));
#2244=CARTESIAN_POINT('',(53.1840328426319,3.09769334128076,17.7499999999997));
#2245=CARTESIAN_POINT('Origin',(54.5,1.59162878730956,17.7499999999997));
#2246=CARTESIAN_POINT('',(55.8159671573681,5.39742153647019,17.7499999999997));
#2247=CARTESIAN_POINT('',(52.5,2.49999999998861,17.7499999999997));
#2248=CARTESIAN_POINT('',(56.5,6.90348609044139,17.7499999999997));
#2249=CARTESIAN_POINT('Origin',(54.5,6.90348609044141,17.7499999999997));
#2250=CARTESIAN_POINT('',(56.5000000000002,43.3589838486134,17.7499999999997));
#2251=CARTESIAN_POINT('',(56.5,5.99511487776234,17.7499999999997));
#2252=CARTESIAN_POINT('',(55.5,45.0910346561824,17.7499999999997));
#2253=CARTESIAN_POINT('Origin',(54.5000000000002,43.3589838486134,17.7499999999997));
#2254=CARTESIAN_POINT('',(53.5,46.2457351945612,17.7499999999997));
#2255=CARTESIAN_POINT('',(52.4999999999997,46.8230854637508,17.7499999999997));
#2256=CARTESIAN_POINT('',(52.4999999999998,47.9777860021304,17.7499999999997));
#2257=CARTESIAN_POINT('Origin',(54.4999999999998,47.9777860021302,17.7499999999997));
#2258=CARTESIAN_POINT('',(52.4999999999999,50.6683849253759,17.7499999999997));
#2259=CARTESIAN_POINT('',(52.5,51.8230854637508,17.7499999999997));
#2260=CARTESIAN_POINT('',(53.4999999999945,52.4004357329415,17.7499999999997));
#2261=CARTESIAN_POINT('Origin',(54.5,50.6683849253757,17.7499999999997));
#2262=CARTESIAN_POINT('',(60.3217967697543,56.3390019343479,17.7499999999997));
#2263=CARTESIAN_POINT('',(60.3217967697543,56.3390019343479,17.7499999999997));
#2264=CARTESIAN_POINT('',(62.0717967697592,56.8079130211038,17.7499999999997));
#2265=CARTESIAN_POINT('Origin',(62.0717967697566,53.3079130211038,17.7499999999997));
#2266=CARTESIAN_POINT('',(101.9282032303,56.8079130210772,17.7499999999997));
#2267=CARTESIAN_POINT('',(62.0717967697592,56.8079130211038,17.7499999999997));
#2268=CARTESIAN_POINT('Origin',(101.928203230297,53.3079130211058,17.7499999999997));
#2269=CARTESIAN_POINT('',(111.5,51.8230854637508,17.7499999999997));
#2270=CARTESIAN_POINT('',(101.500000000081,54.1079130211033,17.7499999999997));
#2271=CARTESIAN_POINT('Origin',(100.300000000081,54.1079130211033,17.7499999999997));
#2272=CARTESIAN_POINT('',(101.500000000024,-2.49208697889551,17.7499999999997));
#2273=CARTESIAN_POINT('Origin',(100.300000000024,-2.49208697889551,17.7499999999997));
#2274=CARTESIAN_POINT('',(64.8999999999194,54.1079130211033,17.7499999999997));
#2275=CARTESIAN_POINT('Origin',(63.6999999999194,54.1079130211033,17.7499999999997));
#2276=CARTESIAN_POINT('',(64.8999999999763,-2.49208697889541,17.7499999999997));
#2277=CARTESIAN_POINT('Origin',(63.6999999999763,-2.49208697889541,17.7499999999997));
#2278=CARTESIAN_POINT('',(54.05,4.40178922701838E-11,17.7499999999997));
#2279=CARTESIAN_POINT('Origin',(55.5,4.40180698439697E-11,17.7499999999997));
#2280=CARTESIAN_POINT('',(107.05,4.39510327669756E-11,17.7499999999997));
#2281=CARTESIAN_POINT('Origin',(108.5,4.39512103407615E-11,17.7499999999997));
#2282=CARTESIAN_POINT('',(54.05,-45.5381489733075,17.7499999999997));
#2283=CARTESIAN_POINT('Origin',(55.5,-45.5381489733075,17.7499999999997));
#2284=CARTESIAN_POINT('',(54.05,49.3230854637508,17.7499999999997));
#2285=CARTESIAN_POINT('Origin',(55.5,49.3230854637508,17.7499999999997));
#2286=CARTESIAN_POINT('',(107.05,-45.5381489733075,17.7499999999997));
#2287=CARTESIAN_POINT('Origin',(108.5,-45.5381489733075,17.7499999999997));
#2288=CARTESIAN_POINT('',(107.05,49.3230854637508,17.7499999999997));
#2289=CARTESIAN_POINT('Origin',(108.5,49.3230854637508,17.7499999999997));
#2290=CARTESIAN_POINT('Origin',(109.5,6.90348609044134,17.7499999999997));
#2291=CARTESIAN_POINT('',(107.5,6.90348609044133,17.7499999999997));
#2292=CARTESIAN_POINT('',(108.184032842632,5.39742153647013,17.7499999999997));
#2293=CARTESIAN_POINT('Origin',(107.5,5.99511487776227,17.7499999999997));
#2294=CARTESIAN_POINT('Origin',(109.5,1.59162878730948,17.7499999999997));
#2295=CARTESIAN_POINT('',(111.5,1.59162878730948,17.7499999999997));
#2296=CARTESIAN_POINT('',(110.815967157368,3.09769334128069,17.7499999999997));
#2297=CARTESIAN_POINT('Origin',(111.5,-2.50000000001147,17.7499999999997));
#2298=CARTESIAN_POINT('',(111.5,-1.45719790524452,17.7499999999997));
#2299=CARTESIAN_POINT('Origin',(109.5,-1.45719790524452,17.7499999999997));
#2300=CARTESIAN_POINT('',(110.645002579524,-3.09700554423225,17.7499999999997));
#2301=CARTESIAN_POINT('Origin',(107.5,-5.293016820524,17.7499999999997));
#2302=CARTESIAN_POINT('',(108.354997420476,-4.69601127630322,17.7499999999997));
#2303=CARTESIAN_POINT('Origin',(109.5,-6.33581891529094,17.7499999999997));
#2304=CARTESIAN_POINT('',(107.5,-6.33581891529094,17.7499999999997));
#2305=CARTESIAN_POINT('Origin',(109.5,-38.9668450720119,17.7499999999997));
#2306=CARTESIAN_POINT('',(107.5,-38.9668450720119,17.7499999999997));
#2307=CARTESIAN_POINT('',(108.277623288889,-40.549815436906,17.7499999999997));
#2308=CARTESIAN_POINT('Origin',(107.5,-39.9493312968135,17.7499999999997));
#2309=CARTESIAN_POINT('Origin',(109.500000000007,-44.0206351981109,17.7499999999997));
#2310=CARTESIAN_POINT('',(111.500000000007,-44.0206351981136,17.7499999999997));
#2311=CARTESIAN_POINT('',(110.722376711118,-42.4376648332169,17.7499999999997));
#2312=CARTESIAN_POINT('Origin',(111.5,-49.5381489733037,17.7499999999997));
#2313=CARTESIAN_POINT('',(111.5,-49.5381489733037,17.7499999999997));
#2314=CARTESIAN_POINT('Origin',(54.5,-44.0206351981052,17.7499999999997));
#2315=CARTESIAN_POINT('',(53.2776232888888,-42.4376648332111,17.7499999999997));
#2316=CARTESIAN_POINT('',(52.5,-44.0206351981052,17.7499999999997));
#2317=CARTESIAN_POINT('Origin',(56.5,-39.9493312968134,17.7499999999997));
#2318=CARTESIAN_POINT('',(55.7223767111112,-40.5498154369059,17.7499999999997));
#2319=CARTESIAN_POINT('Origin',(54.5,-38.9668450720119,17.7499999999997));
#2320=CARTESIAN_POINT('',(56.5,-38.9668450720119,17.7499999999997));
#2321=CARTESIAN_POINT('Origin',(54.5000000000001,-6.33581891529087,17.7499999999997));
#2322=CARTESIAN_POINT('',(56.5000000000001,-6.33581891529087,17.7499999999997));
#2323=CARTESIAN_POINT('',(55.6450025795245,-4.69601127630314,17.7499999999997));
#2324=CARTESIAN_POINT('Origin',(56.5000000000001,-5.29301682052393,17.7499999999997));
#2325=CARTESIAN_POINT('Origin',(54.5,-1.45719790524445,17.7499999999997));
#2326=CARTESIAN_POINT('',(52.5,-1.45719790524445,17.7499999999997));
#2327=CARTESIAN_POINT('',(53.3549974204756,-3.09700554423217,17.7499999999997));
#2328=CARTESIAN_POINT('Origin',(52.5,2.49999999998861,17.7499999999997));
#2329=CARTESIAN_POINT('',(52.5,1.59162878730956,17.7499999999997));
#2330=CARTESIAN_POINT('Origin',(54.5,1.59162878730956,17.7499999999997));
#2331=CARTESIAN_POINT('',(53.1840328426319,3.09769334128076,17.7499999999997));
#2332=CARTESIAN_POINT('Origin',(56.5,5.99511487776234,17.7499999999997));
#2333=CARTESIAN_POINT('',(55.8159671573681,5.3974215364702,17.7499999999997));
#2334=CARTESIAN_POINT('Origin',(54.5,6.90348609044141,17.7499999999997));
#2335=CARTESIAN_POINT('',(56.5,6.90348609044139,17.7499999999997));
#2336=CARTESIAN_POINT('Origin',(54.5000000000002,43.3589838486134,17.7499999999997));
#2337=CARTESIAN_POINT('',(56.5000000000002,43.3589838486134,17.7499999999997));
#2338=CARTESIAN_POINT('',(55.5,45.0910346561824,17.7499999999997));
#2339=CARTESIAN_POINT('Origin',(56.5000000000002,44.5136843869928,17.7499999999997));
#2340=CARTESIAN_POINT('Origin',(54.5,50.6683849253757,17.7499999999997));
#2341=CARTESIAN_POINT('',(53.4999999999945,52.4004357329415,17.7499999999997));
#2342=CARTESIAN_POINT('',(52.4999999999999,50.6683849253759,17.7499999999997));
#2343=CARTESIAN_POINT('Origin',(52.5,51.8230854637508,17.7499999999997));
#2344=CARTESIAN_POINT('',(52.4999999999998,47.9777860021304,17.7499999999997));
#2345=CARTESIAN_POINT('Origin',(54.4999999999998,47.9777860021302,17.7499999999997));
#2346=CARTESIAN_POINT('',(53.5,46.2457351945612,17.7499999999997));
#2347=CARTESIAN_POINT('Origin',(100.300000000081,54.1079130211033,20.2499999999997));
#2348=CARTESIAN_POINT('',(101.500000000081,54.1079130211033,21.8499999999997));
#2349=CARTESIAN_POINT('Origin',(100.300000000081,54.1079130211033,21.8499999999997));
#2350=CARTESIAN_POINT('',(101.500000000081,54.1079130211033,20.2499999999997));
#2351=CARTESIAN_POINT('Origin',(100.300000000081,54.1079130211033,20.2499999999997));
#2352=CARTESIAN_POINT('',(103.000000000081,54.1079130211033,21.8499999999997));
#2353=CARTESIAN_POINT('Origin',(100.300000000081,54.1079130211033,21.8499999999997));
#2354=CARTESIAN_POINT('',(103.000000000081,54.1079130211033,20.2499999999997));
#2355=CARTESIAN_POINT('Origin',(100.300000000081,54.1079130211033,21.8499999999997));
#2356=CARTESIAN_POINT('Origin',(100.300000000024,-2.49208697889551,20.2499999999997));
#2357=CARTESIAN_POINT('',(101.500000000024,-2.49208697889551,21.8499999999997));
#2358=CARTESIAN_POINT('Origin',(100.300000000024,-2.49208697889551,21.8499999999997));
#2359=CARTESIAN_POINT('',(101.500000000024,-2.49208697889551,20.2499999999997));
#2360=CARTESIAN_POINT('Origin',(100.300000000024,-2.49208697889553,20.2499999999997));
#2361=CARTESIAN_POINT('',(103.000000000024,-2.49208697889553,21.8499999999997));
#2362=CARTESIAN_POINT('Origin',(100.300000000024,-2.49208697889553,21.8499999999997));
#2363=CARTESIAN_POINT('',(103.000000000024,-2.49208697889553,20.2499999999997));
#2364=CARTESIAN_POINT('Origin',(100.300000000024,-2.49208697889553,21.8499999999997));
#2365=CARTESIAN_POINT('Origin',(63.6999999999194,54.1079130211033,20.2499999999997));
#2366=CARTESIAN_POINT('',(64.8999999999194,54.1079130211033,21.8499999999997));
#2367=CARTESIAN_POINT('Origin',(63.6999999999194,54.1079130211033,21.8499999999997));
#2368=CARTESIAN_POINT('',(64.8999999999194,54.1079130211033,20.2499999999997));
#2369=CARTESIAN_POINT('Origin',(63.6999999999194,54.1079130211033,20.2499999999997));
#2370=CARTESIAN_POINT('',(66.3999999999194,54.1079130211033,21.8499999999997));
#2371=CARTESIAN_POINT('Origin',(63.6999999999194,54.1079130211033,21.8499999999997));
#2372=CARTESIAN_POINT('',(66.3999999999194,54.1079130211033,20.2499999999997));
#2373=CARTESIAN_POINT('Origin',(63.6999999999194,54.1079130211033,21.8499999999997));
#2374=CARTESIAN_POINT('Origin',(63.6999999999763,-2.49208697889541,20.2499999999997));
#2375=CARTESIAN_POINT('',(64.8999999999763,-2.49208697889541,21.8499999999997));
#2376=CARTESIAN_POINT('Origin',(63.6999999999763,-2.49208697889541,21.8499999999997));
#2377=CARTESIAN_POINT('',(64.8999999999763,-2.49208697889541,20.2499999999997));
#2378=CARTESIAN_POINT('Origin',(63.6999999999762,-2.49208697889544,20.2499999999997));
#2379=CARTESIAN_POINT('',(66.3999999999762,-2.49208697889544,21.8499999999997));
#2380=CARTESIAN_POINT('Origin',(63.6999999999762,-2.49208697889544,21.8499999999997));
#2381=CARTESIAN_POINT('',(66.3999999999762,-2.49208697889544,20.2499999999997));
#2382=CARTESIAN_POINT('Origin',(63.6999999999762,-2.49208697889544,21.8499999999997));
#2383=CARTESIAN_POINT('Origin',(108.5,49.3230854637508,17.7499999999997));
#2384=CARTESIAN_POINT('',(107.05,49.3230854637508,17.7499999999997));
#2385=CARTESIAN_POINT('Origin',(108.5,-45.5381489733075,17.7499999999997));
#2386=CARTESIAN_POINT('',(107.05,-45.5381489733075,17.7499999999997));
#2387=CARTESIAN_POINT('Origin',(55.5,49.3230854637508,17.7499999999997));
#2388=CARTESIAN_POINT('',(54.05,49.3230854637508,17.7499999999997));
#2389=CARTESIAN_POINT('Origin',(55.5,-45.5381489733075,17.7499999999997));
#2390=CARTESIAN_POINT('',(54.05,-45.5381489733075,17.7499999999997));
#2391=CARTESIAN_POINT('Origin',(108.5,4.39512103407615E-11,17.7499999999997));
#2392=CARTESIAN_POINT('',(107.05,4.39510327669756E-11,17.7499999999997));
#2393=CARTESIAN_POINT('Origin',(55.5,4.40180698439697E-11,17.7499999999997));
#2394=CARTESIAN_POINT('',(54.05,4.40178922701838E-11,17.7499999999997));
#2395=CARTESIAN_POINT('Origin',(52.5,-43.0381489733036,17.7499999999997));
#2396=CARTESIAN_POINT('',(52.5,-49.5381489733036,17.7499999999997));
#2397=CARTESIAN_POINT('Origin',(52.5,-2.50000000001139,17.7499999999997));
#2398=CARTESIAN_POINT('Origin',(52.4999999999997,46.8230854637508,17.7499999999997));
#2399=CARTESIAN_POINT('Origin',(60.3217967697543,56.3390019343479,17.7499999999997));
#2400=CARTESIAN_POINT('',(60.3217967697543,56.3390019343479,17.7499999999997));
#2401=CARTESIAN_POINT('Origin',(62.0717967697566,53.3079130211038,17.7499999999997));
#2402=CARTESIAN_POINT('',(62.0717967697592,56.8079130211038,17.7499999999997));
#2403=CARTESIAN_POINT('Origin',(101.9282032303,56.8079130210752,17.7499999999997));
#2404=CARTESIAN_POINT('',(101.9282032303,56.8079130210772,17.7499999999997));
#2405=CARTESIAN_POINT('Origin',(101.928203230297,53.3079130211058,17.7499999999997));
#2406=CARTESIAN_POINT('Origin',(111.5,46.8230854637508,17.7499999999997));
#2407=CARTESIAN_POINT('Origin',(111.5,2.49999999998853,17.7499999999997));
#2408=CARTESIAN_POINT('Origin',(111.5,-43.0381489733037,17.7499999999997));
#2409=CARTESIAN_POINT('Origin',(52.5,-49.5381489733036,17.7499999999997));
#2410=UNCERTAINTY_MEASURE_WITH_UNIT(LENGTH_MEASURE(0.01),#2414,
'DISTANCE_ACCURACY_VALUE',
'Maximum model space distance between geometric entities at asserted c
onnectivities');
#2411=UNCERTAINTY_MEASURE_WITH_UNIT(LENGTH_MEASURE(0.01),#2414,
'DISTANCE_ACCURACY_VALUE',
'Maximum model space distance between geometric entities at asserted c
onnectivities');
#2412=(
GEOMETRIC_REPRESENTATION_CONTEXT(3)
GLOBAL_UNCERTAINTY_ASSIGNED_CONTEXT((#2410))
GLOBAL_UNIT_ASSIGNED_CONTEXT((#2414,#2416,#2417))
REPRESENTATION_CONTEXT('','3D')
);
#2413=(
GEOMETRIC_REPRESENTATION_CONTEXT(3)
GLOBAL_UNCERTAINTY_ASSIGNED_CONTEXT((#2411))
GLOBAL_UNIT_ASSIGNED_CONTEXT((#2414,#2416,#2417))
REPRESENTATION_CONTEXT('','3D')
);
#2414=(
LENGTH_UNIT()
NAMED_UNIT(*)
SI_UNIT(.MILLI.,.METRE.)
);
#2415=(
LENGTH_UNIT()
NAMED_UNIT(*)
SI_UNIT($,.METRE.)
);
#2416=(
NAMED_UNIT(*)
PLANE_ANGLE_UNIT()
SI_UNIT($,.RADIAN.)
);
#2417=(
NAMED_UNIT(*)
SI_UNIT($,.STERADIAN.)
SOLID_ANGLE_UNIT()
);
#2418=SHAPE_DEFINITION_REPRESENTATION(#2419,#2420);
#2419=PRODUCT_DEFINITION_SHAPE('',$,#2422);
#2420=SHAPE_REPRESENTATION('',(#1416),#2412);
#2421=PRODUCT_DEFINITION_CONTEXT('part definition',#2426,'design');
#2422=PRODUCT_DEFINITION('(Unsaved)','(Unsaved)',#2423,#2421);
#2423=PRODUCT_DEFINITION_FORMATION('',$,#2428);
#2424=PRODUCT_RELATED_PRODUCT_CATEGORY('(Unsaved)','(Unsaved)',(#2428));
#2425=APPLICATION_PROTOCOL_DEFINITION('international standard',
'automotive_design',2009,#2426);
#2426=APPLICATION_CONTEXT(
'Core Data for Automotive Mechanical Design Process');
#2427=PRODUCT_CONTEXT('part definition',#2426,'mechanical');
#2428=PRODUCT('(Unsaved)','(Unsaved)',$,(#2427));
#2429=PRESENTATION_STYLE_ASSIGNMENT((#2430));
#2430=SURFACE_STYLE_USAGE(.BOTH.,#2431);
#2431=SURFACE_SIDE_STYLE('',(#2432));
#2432=SURFACE_STYLE_FILL_AREA(#2433);
#2433=FILL_AREA_STYLE('Steel - Satin',(#2434));
#2434=FILL_AREA_STYLE_COLOUR('Steel - Satin',#2435);
#2435=COLOUR_RGB('Steel - Satin',0.627450980392157,0.627450980392157,0.627450980392157);
ENDSEC;
END-ISO-10303-21;
