ISO-10303-21;
HEADER;
/* Generated by software containing ST-Developer
 * from STEP Tools, Inc. (www.steptools.com) 
 */

FILE_DESCRIPTION(
/* description */ (''),
/* implementation_level */ '2;1');

FILE_NAME(
/* name */ 'lipo-latch-x1.step',
/* time_stamp */ '2026-09-30T23:19:17+03:00',
/* author */ (''),
/* organization */ (''),
/* preprocessor_version */ 'ST-DEVELOPER v20.1',
/* originating_system */ 'Autodesk Translation Framework v15.8.0.0',
/* authorisation */ '');

FILE_SCHEMA (('AUTOMOTIVE_DESIGN { 1 0 10303 214 3 1 1 }'));
ENDSEC;

DATA;
#10=MECHANICAL_DESIGN_GEOMETRIC_PRESENTATION_REPRESENTATION('',(#13),#2983);
#11=SHAPE_REPRESENTATION_RELATIONSHIP('SRR','None',#2990,#12);
#12=ADVANCED_BREP_SHAPE_REPRESENTATION('',(#14),#2982);
#13=STYLED_ITEM('',(#2999),#14);
#14=MANIFOLD_SOLID_BREP('lipo-latch-x1',#1771);
#15=ELLIPSE('',#1856,3.53553390593275,2.5);
#16=ELLIPSE('',#1857,3.53553390593281,2.5);
#17=ELLIPSE('',#1861,3.53553390593272,2.5);
#18=ELLIPSE('',#1862,3.53553390593275,2.5);
#19=CONICAL_SURFACE('',#1811,1.5,0.785398163397445);
#20=CONICAL_SURFACE('',#1814,1.5,0.785398163397453);
#21=CONICAL_SURFACE('',#1831,1.5,0.785398163397445);
#22=CONICAL_SURFACE('',#1833,1.5,0.785398163397449);
#23=CONICAL_SURFACE('',#1836,1.5,0.785398163397457);
#24=CONICAL_SURFACE('',#1839,2.,0.785398163397458);
#25=CONICAL_SURFACE('',#1842,3.5,0.785398163397457);
#26=CONICAL_SURFACE('',#1846,3.5,0.785398163397447);
#27=CONICAL_SURFACE('',#1849,2.,0.785398163397441);
#28=CONICAL_SURFACE('',#1852,1.5,0.785398163397457);
#29=CONICAL_SURFACE('',#1866,2.69999999933062,0.785398163955257);
#30=CONICAL_SURFACE('',#1870,2.69999999838397,0.785398164744142);
#31=CONICAL_SURFACE('',#1874,1.30000000123686,0.785398164428175);
#32=CONICAL_SURFACE('',#1878,3.69999999999999,0.785398163397453);
#33=CONICAL_SURFACE('',#1882,1.7,0.785398163397454);
#34=CONICAL_SURFACE('',#1886,1.7,0.785398163397452);
#35=CONICAL_SURFACE('',#1890,3.7,0.785398163397454);
#36=CONICAL_SURFACE('',#1894,1.3,0.785398163397444);
#37=CONICAL_SURFACE('',#1898,2.7,0.785398163397448);
#38=CONICAL_SURFACE('',#1902,2.7,0.785398163397457);
#39=CONICAL_SURFACE('',#1918,2.99999999999999,0.785398163397452);
#40=CONICAL_SURFACE('',#1922,2.,0.785398166090828);
#41=CONICAL_SURFACE('',#1925,2.,0.785398163397453);
#42=CONICAL_SURFACE('',#1928,3.,0.785398163397447);
#43=CONICAL_SURFACE('',#1932,2.,0.785398163397447);
#44=CONICAL_SURFACE('',#1934,2.,0.785398163397447);
#45=CYLINDRICAL_SURFACE('',#1791,1.7);
#46=CYLINDRICAL_SURFACE('',#1793,0.999999999999996);
#47=CYLINDRICAL_SURFACE('',#1796,0.999999999999996);
#48=CYLINDRICAL_SURFACE('',#1821,1.);
#49=CYLINDRICAL_SURFACE('',#1824,1.);
#50=CYLINDRICAL_SURFACE('',#1855,2.5);
#51=CYLINDRICAL_SURFACE('',#1860,2.5);
#52=CYLINDRICAL_SURFACE('',#1905,3.);
#53=CYLINDRICAL_SURFACE('',#1909,1.);
#54=CYLINDRICAL_SURFACE('',#1911,3.);
#55=CYLINDRICAL_SURFACE('',#1914,3.);
#56=CYLINDRICAL_SURFACE('',#1937,2.);
#57=CYLINDRICAL_SURFACE('',#1940,4.);
#58=CYLINDRICAL_SURFACE('',#1942,2.);
#59=CYLINDRICAL_SURFACE('',#1944,2.);
#60=CYLINDRICAL_SURFACE('',#1946,4.);
#61=CYLINDRICAL_SURFACE('',#1948,2.);
#62=CYLINDRICAL_SURFACE('',#1950,4.);
#63=CYLINDRICAL_SURFACE('',#1951,4.);
#64=FACE_BOUND('',#177,.T.);
#65=FACE_BOUND('',#186,.T.);
#66=FACE_BOUND('',#194,.T.);
#67=FACE_BOUND('',#199,.T.);
#68=FACE_BOUND('',#272,.T.);
#69=FACE_BOUND('',#281,.T.);
#70=FACE_OUTER_BOUND('',#176,.T.);
#71=FACE_OUTER_BOUND('',#178,.T.);
#72=FACE_OUTER_BOUND('',#179,.T.);
#73=FACE_OUTER_BOUND('',#180,.T.);
#74=FACE_OUTER_BOUND('',#181,.T.);
#75=FACE_OUTER_BOUND('',#182,.T.);
#76=FACE_OUTER_BOUND('',#183,.T.);
#77=FACE_OUTER_BOUND('',#184,.T.);
#78=FACE_OUTER_BOUND('',#185,.T.);
#79=FACE_OUTER_BOUND('',#187,.T.);
#80=FACE_OUTER_BOUND('',#188,.T.);
#81=FACE_OUTER_BOUND('',#189,.T.);
#82=FACE_OUTER_BOUND('',#190,.T.);
#83=FACE_OUTER_BOUND('',#191,.T.);
#84=FACE_OUTER_BOUND('',#192,.T.);
#85=FACE_OUTER_BOUND('',#193,.T.);
#86=FACE_OUTER_BOUND('',#195,.T.);
#87=FACE_OUTER_BOUND('',#196,.T.);
#88=FACE_OUTER_BOUND('',#197,.T.);
#89=FACE_OUTER_BOUND('',#198,.T.);
#90=FACE_OUTER_BOUND('',#200,.T.);
#91=FACE_OUTER_BOUND('',#201,.T.);
#92=FACE_OUTER_BOUND('',#202,.T.);
#93=FACE_OUTER_BOUND('',#203,.T.);
#94=FACE_OUTER_BOUND('',#204,.T.);
#95=FACE_OUTER_BOUND('',#205,.T.);
#96=FACE_OUTER_BOUND('',#206,.T.);
#97=FACE_OUTER_BOUND('',#207,.T.);
#98=FACE_OUTER_BOUND('',#208,.T.);
#99=FACE_OUTER_BOUND('',#209,.T.);
#100=FACE_OUTER_BOUND('',#210,.T.);
#101=FACE_OUTER_BOUND('',#211,.T.);
#102=FACE_OUTER_BOUND('',#212,.T.);
#103=FACE_OUTER_BOUND('',#213,.T.);
#104=FACE_OUTER_BOUND('',#214,.T.);
#105=FACE_OUTER_BOUND('',#215,.T.);
#106=FACE_OUTER_BOUND('',#216,.T.);
#107=FACE_OUTER_BOUND('',#217,.T.);
#108=FACE_OUTER_BOUND('',#218,.T.);
#109=FACE_OUTER_BOUND('',#219,.T.);
#110=FACE_OUTER_BOUND('',#220,.T.);
#111=FACE_OUTER_BOUND('',#221,.T.);
#112=FACE_OUTER_BOUND('',#222,.T.);
#113=FACE_OUTER_BOUND('',#223,.T.);
#114=FACE_OUTER_BOUND('',#224,.T.);
#115=FACE_OUTER_BOUND('',#225,.T.);
#116=FACE_OUTER_BOUND('',#226,.T.);
#117=FACE_OUTER_BOUND('',#227,.T.);
#118=FACE_OUTER_BOUND('',#228,.T.);
#119=FACE_OUTER_BOUND('',#229,.T.);
#120=FACE_OUTER_BOUND('',#230,.T.);
#121=FACE_OUTER_BOUND('',#231,.T.);
#122=FACE_OUTER_BOUND('',#232,.T.);
#123=FACE_OUTER_BOUND('',#233,.T.);
#124=FACE_OUTER_BOUND('',#234,.T.);
#125=FACE_OUTER_BOUND('',#235,.T.);
#126=FACE_OUTER_BOUND('',#236,.T.);
#127=FACE_OUTER_BOUND('',#237,.T.);
#128=FACE_OUTER_BOUND('',#238,.T.);
#129=FACE_OUTER_BOUND('',#239,.T.);
#130=FACE_OUTER_BOUND('',#240,.T.);
#131=FACE_OUTER_BOUND('',#241,.T.);
#132=FACE_OUTER_BOUND('',#242,.T.);
#133=FACE_OUTER_BOUND('',#243,.T.);
#134=FACE_OUTER_BOUND('',#244,.T.);
#135=FACE_OUTER_BOUND('',#245,.T.);
#136=FACE_OUTER_BOUND('',#246,.T.);
#137=FACE_OUTER_BOUND('',#247,.T.);
#138=FACE_OUTER_BOUND('',#248,.T.);
#139=FACE_OUTER_BOUND('',#249,.T.);
#140=FACE_OUTER_BOUND('',#250,.T.);
#141=FACE_OUTER_BOUND('',#251,.T.);
#142=FACE_OUTER_BOUND('',#252,.T.);
#143=FACE_OUTER_BOUND('',#253,.T.);
#144=FACE_OUTER_BOUND('',#254,.T.);
#145=FACE_OUTER_BOUND('',#255,.T.);
#146=FACE_OUTER_BOUND('',#256,.T.);
#147=FACE_OUTER_BOUND('',#257,.T.);
#148=FACE_OUTER_BOUND('',#258,.T.);
#149=FACE_OUTER_BOUND('',#259,.T.);
#150=FACE_OUTER_BOUND('',#260,.T.);
#151=FACE_OUTER_BOUND('',#261,.T.);
#152=FACE_OUTER_BOUND('',#262,.T.);
#153=FACE_OUTER_BOUND('',#263,.T.);
#154=FACE_OUTER_BOUND('',#264,.T.);
#155=FACE_OUTER_BOUND('',#265,.T.);
#156=FACE_OUTER_BOUND('',#266,.T.);
#157=FACE_OUTER_BOUND('',#267,.T.);
#158=FACE_OUTER_BOUND('',#268,.T.);
#159=FACE_OUTER_BOUND('',#269,.T.);
#160=FACE_OUTER_BOUND('',#270,.T.);
#161=FACE_OUTER_BOUND('',#271,.T.);
#162=FACE_OUTER_BOUND('',#273,.T.);
#163=FACE_OUTER_BOUND('',#274,.T.);
#164=FACE_OUTER_BOUND('',#275,.T.);
#165=FACE_OUTER_BOUND('',#276,.T.);
#166=FACE_OUTER_BOUND('',#277,.T.);
#167=FACE_OUTER_BOUND('',#278,.T.);
#168=FACE_OUTER_BOUND('',#279,.T.);
#169=FACE_OUTER_BOUND('',#280,.T.);
#170=FACE_OUTER_BOUND('',#282,.T.);
#171=FACE_OUTER_BOUND('',#283,.T.);
#172=FACE_OUTER_BOUND('',#284,.T.);
#173=FACE_OUTER_BOUND('',#285,.T.);
#174=FACE_OUTER_BOUND('',#286,.T.);
#175=FACE_OUTER_BOUND('',#287,.T.);
#176=EDGE_LOOP('',(#1108,#1109,#1110,#1111,#1112,#1113,#1114,#1115,#1116,
#1117,#1118,#1119,#1120,#1121));
#177=EDGE_LOOP('',(#1122));
#178=EDGE_LOOP('',(#1123,#1124,#1125,#1126));
#179=EDGE_LOOP('',(#1127,#1128,#1129,#1130));
#180=EDGE_LOOP('',(#1131,#1132,#1133,#1134));
#181=EDGE_LOOP('',(#1135,#1136,#1137,#1138));
#182=EDGE_LOOP('',(#1139,#1140,#1141,#1142,#1143,#1144,#1145,#1146));
#183=EDGE_LOOP('',(#1147,#1148,#1149,#1150));
#184=EDGE_LOOP('',(#1151,#1152,#1153,#1154,#1155));
#185=EDGE_LOOP('',(#1156,#1157,#1158,#1159,#1160,#1161,#1162,#1163));
#186=EDGE_LOOP('',(#1164));
#187=EDGE_LOOP('',(#1165,#1166,#1167,#1168,#1169,#1170));
#188=EDGE_LOOP('',(#1171,#1172,#1173));
#189=EDGE_LOOP('',(#1174,#1175,#1176,#1177));
#190=EDGE_LOOP('',(#1178,#1179,#1180,#1181));
#191=EDGE_LOOP('',(#1182,#1183,#1184,#1185));
#192=EDGE_LOOP('',(#1186,#1187,#1188));
#193=EDGE_LOOP('',(#1189,#1190,#1191,#1192,#1193,#1194,#1195,#1196,#1197,
#1198));
#194=EDGE_LOOP('',(#1199));
#195=EDGE_LOOP('',(#1200,#1201,#1202,#1203));
#196=EDGE_LOOP('',(#1204,#1205,#1206,#1207));
#197=EDGE_LOOP('',(#1208,#1209,#1210,#1211));
#198=EDGE_LOOP('',(#1212,#1213,#1214,#1215,#1216,#1217,#1218,#1219,#1220,
#1221));
#199=EDGE_LOOP('',(#1222));
#200=EDGE_LOOP('',(#1223,#1224,#1225,#1226));
#201=EDGE_LOOP('',(#1227,#1228,#1229,#1230));
#202=EDGE_LOOP('',(#1231,#1232,#1233,#1234));
#203=EDGE_LOOP('',(#1235,#1236,#1237,#1238));
#204=EDGE_LOOP('',(#1239,#1240,#1241,#1242));
#205=EDGE_LOOP('',(#1243,#1244,#1245,#1246));
#206=EDGE_LOOP('',(#1247,#1248,#1249,#1250));
#207=EDGE_LOOP('',(#1251,#1252,#1253,#1254));
#208=EDGE_LOOP('',(#1255,#1256,#1257,#1258));
#209=EDGE_LOOP('',(#1259,#1260,#1261,#1262));
#210=EDGE_LOOP('',(#1263,#1264,#1265,#1266));
#211=EDGE_LOOP('',(#1267,#1268,#1269,#1270));
#212=EDGE_LOOP('',(#1271,#1272,#1273,#1274));
#213=EDGE_LOOP('',(#1275,#1276,#1277,#1278));
#214=EDGE_LOOP('',(#1279,#1280,#1281,#1282));
#215=EDGE_LOOP('',(#1283,#1284,#1285,#1286));
#216=EDGE_LOOP('',(#1287,#1288,#1289,#1290));
#217=EDGE_LOOP('',(#1291,#1292,#1293,#1294));
#218=EDGE_LOOP('',(#1295,#1296,#1297,#1298));
#219=EDGE_LOOP('',(#1299,#1300,#1301,#1302,#1303));
#220=EDGE_LOOP('',(#1304,#1305,#1306,#1307,#1308,#1309));
#221=EDGE_LOOP('',(#1310,#1311,#1312,#1313,#1314));
#222=EDGE_LOOP('',(#1315,#1316,#1317,#1318,#1319));
#223=EDGE_LOOP('',(#1320,#1321,#1322,#1323));
#224=EDGE_LOOP('',(#1324,#1325,#1326,#1327,#1328));
#225=EDGE_LOOP('',(#1329,#1330,#1331,#1332,#1333));
#226=EDGE_LOOP('',(#1334,#1335,#1336,#1337));
#227=EDGE_LOOP('',(#1338,#1339,#1340,#1341));
#228=EDGE_LOOP('',(#1342,#1343,#1344,#1345));
#229=EDGE_LOOP('',(#1346,#1347,#1348,#1349));
#230=EDGE_LOOP('',(#1350,#1351,#1352,#1353));
#231=EDGE_LOOP('',(#1354,#1355,#1356,#1357));
#232=EDGE_LOOP('',(#1358,#1359,#1360,#1361));
#233=EDGE_LOOP('',(#1362,#1363,#1364,#1365));
#234=EDGE_LOOP('',(#1366,#1367,#1368,#1369));
#235=EDGE_LOOP('',(#1370,#1371,#1372,#1373));
#236=EDGE_LOOP('',(#1374,#1375,#1376,#1377));
#237=EDGE_LOOP('',(#1378,#1379,#1380,#1381));
#238=EDGE_LOOP('',(#1382,#1383,#1384,#1385));
#239=EDGE_LOOP('',(#1386,#1387,#1388,#1389));
#240=EDGE_LOOP('',(#1390,#1391,#1392,#1393));
#241=EDGE_LOOP('',(#1394,#1395,#1396,#1397));
#242=EDGE_LOOP('',(#1398,#1399,#1400,#1401));
#243=EDGE_LOOP('',(#1402,#1403,#1404,#1405));
#244=EDGE_LOOP('',(#1406,#1407,#1408,#1409));
#245=EDGE_LOOP('',(#1410,#1411,#1412,#1413));
#246=EDGE_LOOP('',(#1414,#1415,#1416,#1417));
#247=EDGE_LOOP('',(#1418,#1419,#1420,#1421,#1422,#1423,#1424,#1425,#1426,
#1427));
#248=EDGE_LOOP('',(#1428,#1429,#1430,#1431));
#249=EDGE_LOOP('',(#1432,#1433,#1434,#1435));
#250=EDGE_LOOP('',(#1436,#1437,#1438,#1439,#1440,#1441,#1442,#1443));
#251=EDGE_LOOP('',(#1444,#1445,#1446,#1447));
#252=EDGE_LOOP('',(#1448,#1449,#1450,#1451));
#253=EDGE_LOOP('',(#1452,#1453,#1454,#1455,#1456,#1457));
#254=EDGE_LOOP('',(#1458,#1459,#1460,#1461));
#255=EDGE_LOOP('',(#1462,#1463,#1464,#1465));
#256=EDGE_LOOP('',(#1466,#1467,#1468,#1469));
#257=EDGE_LOOP('',(#1470,#1471,#1472,#1473));
#258=EDGE_LOOP('',(#1474,#1475,#1476,#1477,#1478));
#259=EDGE_LOOP('',(#1479,#1480,#1481));
#260=EDGE_LOOP('',(#1482,#1483,#1484,#1485));
#261=EDGE_LOOP('',(#1486,#1487,#1488));
#262=EDGE_LOOP('',(#1489,#1490,#1491,#1492));
#263=EDGE_LOOP('',(#1493,#1494,#1495,#1496));
#264=EDGE_LOOP('',(#1497,#1498,#1499,#1500));
#265=EDGE_LOOP('',(#1501,#1502,#1503,#1504));
#266=EDGE_LOOP('',(#1505,#1506,#1507));
#267=EDGE_LOOP('',(#1508,#1509,#1510));
#268=EDGE_LOOP('',(#1511,#1512,#1513,#1514));
#269=EDGE_LOOP('',(#1515,#1516,#1517,#1518));
#270=EDGE_LOOP('',(#1519,#1520,#1521,#1522));
#271=EDGE_LOOP('',(#1523,#1524,#1525,#1526,#1527,#1528,#1529,#1530,#1531,
#1532,#1533));
#272=EDGE_LOOP('',(#1534));
#273=EDGE_LOOP('',(#1535,#1536,#1537,#1538));
#274=EDGE_LOOP('',(#1539,#1540,#1541,#1542));
#275=EDGE_LOOP('',(#1543,#1544,#1545,#1546));
#276=EDGE_LOOP('',(#1547,#1548,#1549,#1550));
#277=EDGE_LOOP('',(#1551,#1552,#1553,#1554));
#278=EDGE_LOOP('',(#1555,#1556,#1557,#1558));
#279=EDGE_LOOP('',(#1559,#1560,#1561,#1562));
#280=EDGE_LOOP('',(#1563,#1564,#1565,#1566,#1567,#1568,#1569,#1570,#1571,
#1572,#1573));
#281=EDGE_LOOP('',(#1574));
#282=EDGE_LOOP('',(#1575,#1576,#1577,#1578));
#283=EDGE_LOOP('',(#1579,#1580,#1581,#1582));
#284=EDGE_LOOP('',(#1583,#1584,#1585,#1586));
#285=EDGE_LOOP('',(#1587,#1588,#1589,#1590));
#286=EDGE_LOOP('',(#1591,#1592,#1593,#1594,#1595));
#287=EDGE_LOOP('',(#1596,#1597,#1598,#1599,#1600,#1601,#1602,#1603));
#288=CIRCLE('',#1786,2.);
#289=CIRCLE('',#1787,1.99999999999999);
#290=CIRCLE('',#1788,1.99999999999999);
#291=CIRCLE('',#1789,1.99999999999999);
#292=CIRCLE('',#1790,1.7);
#293=CIRCLE('',#1792,1.7);
#294=CIRCLE('',#1794,0.999999999999996);
#295=CIRCLE('',#1795,0.999999999999996);
#296=CIRCLE('',#1797,0.999999999999996);
#297=CIRCLE('',#1798,0.999999999999996);
#298=CIRCLE('',#1801,3.);
#299=CIRCLE('',#1802,3.);
#300=CIRCLE('',#1803,4.);
#301=CIRCLE('',#1807,2.);
#302=CIRCLE('',#1808,2.);
#303=CIRCLE('',#1812,1.);
#304=CIRCLE('',#1815,1.);
#305=CIRCLE('',#1818,1.00000000000001);
#306=CIRCLE('',#1819,1.50000000000001);
#307=CIRCLE('',#1820,3.00000000000001);
#308=CIRCLE('',#1822,1.);
#309=CIRCLE('',#1825,1.);
#310=CIRCLE('',#1827,3.00000000000001);
#311=CIRCLE('',#1828,1.5);
#312=CIRCLE('',#1829,1.);
#313=CIRCLE('',#1837,2.);
#314=CIRCLE('',#1840,2.5);
#315=CIRCLE('',#1843,4.);
#316=CIRCLE('',#1847,4.);
#317=CIRCLE('',#1850,2.5);
#318=CIRCLE('',#1853,2.);
#319=CIRCLE('',#1867,3.);
#320=CIRCLE('',#1868,2.39999999866124);
#321=CIRCLE('',#1871,3.);
#322=CIRCLE('',#1872,2.39999999676794);
#323=CIRCLE('',#1875,1.);
#324=CIRCLE('',#1876,1.60000000247372);
#325=CIRCLE('',#1879,4.);
#326=CIRCLE('',#1880,3.39999999999998);
#327=CIRCLE('',#1883,2.);
#328=CIRCLE('',#1884,1.39999999999999);
#329=CIRCLE('',#1887,2.);
#330=CIRCLE('',#1888,1.4);
#331=CIRCLE('',#1891,4.);
#332=CIRCLE('',#1892,3.4);
#333=CIRCLE('',#1895,1.);
#334=CIRCLE('',#1896,1.59999999999999);
#335=CIRCLE('',#1899,3.);
#336=CIRCLE('',#1900,2.4);
#337=CIRCLE('',#1903,3.);
#338=CIRCLE('',#1904,2.40000000000001);
#339=CIRCLE('',#1906,3.);
#340=CIRCLE('',#1912,3.);
#341=CIRCLE('',#1919,4.);
#342=CIRCLE('',#1923,2.);
#343=CIRCLE('',#1926,2.);
#344=CIRCLE('',#1929,4.);
#345=CIRCLE('',#1933,2.);
#346=CIRCLE('',#1935,2.);
#347=CIRCLE('',#1952,4.);
#348=LINE('',#2485,#532);
#349=LINE('',#2487,#533);
#350=LINE('',#2489,#534);
#351=LINE('',#2493,#535);
#352=LINE('',#2495,#536);
#353=LINE('',#2497,#537);
#354=LINE('',#2501,#538);
#355=LINE('',#2503,#539);
#356=LINE('',#2505,#540);
#357=LINE('',#2509,#541);
#358=LINE('',#2516,#542);
#359=LINE('',#2521,#543);
#360=LINE('',#2527,#544);
#361=LINE('',#2532,#545);
#362=LINE('',#2534,#546);
#363=LINE('',#2536,#547);
#364=LINE('',#2537,#548);
#365=LINE('',#2540,#549);
#366=LINE('',#2544,#550);
#367=LINE('',#2548,#551);
#368=LINE('',#2551,#552);
#369=LINE('',#2555,#553);
#370=LINE('',#2557,#554);
#371=LINE('',#2559,#555);
#372=LINE('',#2560,#556);
#373=LINE('',#2563,#557);
#374=LINE('',#2565,#558);
#375=LINE('',#2567,#559);
#376=LINE('',#2568,#560);
#377=LINE('',#2571,#561);
#378=LINE('',#2575,#562);
#379=LINE('',#2577,#563);
#380=LINE('',#2580,#564);
#381=LINE('',#2581,#565);
#382=LINE('',#2584,#566);
#383=LINE('',#2586,#567);
#384=LINE('',#2587,#568);
#385=LINE('',#2591,#569);
#386=LINE('',#2594,#570);
#387=LINE('',#2595,#571);
#388=LINE('',#2599,#572);
#389=LINE('',#2602,#573);
#390=LINE('',#2603,#574);
#391=LINE('',#2606,#575);
#392=LINE('',#2608,#576);
#393=LINE('',#2610,#577);
#394=LINE('',#2612,#578);
#395=LINE('',#2616,#579);
#396=LINE('',#2620,#580);
#397=LINE('',#2624,#581);
#398=LINE('',#2628,#582);
#399=LINE('',#2629,#583);
#400=LINE('',#2632,#584);
#401=LINE('',#2636,#585);
#402=LINE('',#2640,#586);
#403=LINE('',#2644,#587);
#404=LINE('',#2648,#588);
#405=LINE('',#2649,#589);
#406=LINE('',#2651,#590);
#407=LINE('',#2652,#591);
#408=LINE('',#2654,#592);
#409=LINE('',#2656,#593);
#410=LINE('',#2658,#594);
#411=LINE('',#2660,#595);
#412=LINE('',#2663,#596);
#413=LINE('',#2664,#597);
#414=LINE('',#2667,#598);
#415=LINE('',#2671,#599);
#416=LINE('',#2672,#600);
#417=LINE('',#2675,#601);
#418=LINE('',#2679,#602);
#419=LINE('',#2680,#603);
#420=LINE('',#2683,#604);
#421=LINE('',#2686,#605);
#422=LINE('',#2688,#606);
#423=LINE('',#2691,#607);
#424=LINE('',#2695,#608);
#425=LINE('',#2696,#609);
#426=LINE('',#2699,#610);
#427=LINE('',#2703,#611);
#428=LINE('',#2704,#612);
#429=LINE('',#2707,#613);
#430=LINE('',#2710,#614);
#431=LINE('',#2713,#615);
#432=LINE('',#2718,#616);
#433=LINE('',#2721,#617);
#434=LINE('',#2723,#618);
#435=LINE('',#2725,#619);
#436=LINE('',#2726,#620);
#437=LINE('',#2729,#621);
#438=LINE('',#2731,#622);
#439=LINE('',#2732,#623);
#440=LINE('',#2735,#624);
#441=LINE('',#2740,#625);
#442=LINE('',#2743,#626);
#443=LINE('',#2744,#627);
#444=LINE('',#2747,#628);
#445=LINE('',#2749,#629);
#446=LINE('',#2750,#630);
#447=LINE('',#2753,#631);
#448=LINE('',#2755,#632);
#449=LINE('',#2756,#633);
#450=LINE('',#2760,#634);
#451=LINE('',#2766,#635);
#452=LINE('',#2767,#636);
#453=LINE('',#2768,#637);
#454=LINE('',#2772,#638);
#455=LINE('',#2778,#639);
#456=LINE('',#2779,#640);
#457=LINE('',#2780,#641);
#458=LINE('',#2784,#642);
#459=LINE('',#2789,#643);
#460=LINE('',#2791,#644);
#461=LINE('',#2792,#645);
#462=LINE('',#2797,#646);
#463=LINE('',#2801,#647);
#464=LINE('',#2803,#648);
#465=LINE('',#2804,#649);
#466=LINE('',#2809,#650);
#467=LINE('',#2813,#651);
#468=LINE('',#2815,#652);
#469=LINE('',#2816,#653);
#470=LINE('',#2821,#654);
#471=LINE('',#2825,#655);
#472=LINE('',#2827,#656);
#473=LINE('',#2828,#657);
#474=LINE('',#2833,#658);
#475=LINE('',#2837,#659);
#476=LINE('',#2839,#660);
#477=LINE('',#2840,#661);
#478=LINE('',#2844,#662);
#479=LINE('',#2849,#663);
#480=LINE('',#2851,#664);
#481=LINE('',#2852,#665);
#482=LINE('',#2856,#666);
#483=LINE('',#2862,#667);
#484=LINE('',#2863,#668);
#485=LINE('',#2864,#669);
#486=LINE('',#2870,#670);
#487=LINE('',#2874,#671);
#488=LINE('',#2875,#672);
#489=LINE('',#2877,#673);
#490=LINE('',#2879,#674);
#491=LINE('',#2881,#675);
#492=LINE('',#2884,#676);
#493=LINE('',#2886,#677);
#494=LINE('',#2888,#678);
#495=LINE('',#2890,#679);
#496=LINE('',#2893,#680);
#497=LINE('',#2895,#681);
#498=LINE('',#2896,#682);
#499=LINE('',#2899,#683);
#500=LINE('',#2901,#684);
#501=LINE('',#2902,#685);
#502=LINE('',#2905,#686);
#503=LINE('',#2909,#687);
#504=LINE('',#2910,#688);
#505=LINE('',#2913,#689);
#506=LINE('',#2914,#690);
#507=LINE('',#2915,#691);
#508=LINE('',#2920,#692);
#509=LINE('',#2922,#693);
#510=LINE('',#2923,#694);
#511=LINE('',#2928,#695);
#512=LINE('',#2930,#696);
#513=LINE('',#2931,#697);
#514=LINE('',#2934,#698);
#515=LINE('',#2938,#699);
#516=LINE('',#2939,#700);
#517=LINE('',#2942,#701);
#518=LINE('',#2943,#702);
#519=LINE('',#2944,#703);
#520=LINE('',#2950,#704);
#521=LINE('',#2952,#705);
#522=LINE('',#2955,#706);
#523=LINE('',#2957,#707);
#524=LINE('',#2959,#708);
#525=LINE('',#2961,#709);
#526=LINE('',#2963,#710);
#527=LINE('',#2965,#711);
#528=LINE('',#2967,#712);
#529=LINE('',#2969,#713);
#530=LINE('',#2972,#714);
#531=LINE('',#2975,#715);
#532=VECTOR('',#1959,10.);
#533=VECTOR('',#1960,10.);
#534=VECTOR('',#1961,10.);
#535=VECTOR('',#1964,10.);
#536=VECTOR('',#1965,10.);
#537=VECTOR('',#1966,10.);
#538=VECTOR('',#1969,10.);
#539=VECTOR('',#1970,10.);
#540=VECTOR('',#1971,10.);
#541=VECTOR('',#1974,10.);
#542=VECTOR('',#1983,1.7);
#543=VECTOR('',#1988,0.999999999999996);
#544=VECTOR('',#1995,0.999999999999996);
#545=VECTOR('',#2000,10.);
#546=VECTOR('',#2001,10.);
#547=VECTOR('',#2002,10.);
#548=VECTOR('',#2003,10.);
#549=VECTOR('',#2006,10.);
#550=VECTOR('',#2009,10.);
#551=VECTOR('',#2012,10.);
#552=VECTOR('',#2015,10.);
#553=VECTOR('',#2018,10.);
#554=VECTOR('',#2019,10.);
#555=VECTOR('',#2020,10.);
#556=VECTOR('',#2021,10.);
#557=VECTOR('',#2024,10.);
#558=VECTOR('',#2025,10.);
#559=VECTOR('',#2026,10.);
#560=VECTOR('',#2027,10.);
#561=VECTOR('',#2030,10.);
#562=VECTOR('',#2033,10.);
#563=VECTOR('',#2036,10.);
#564=VECTOR('',#2039,10.);
#565=VECTOR('',#2040,10.);
#566=VECTOR('',#2043,10.);
#567=VECTOR('',#2044,10.);
#568=VECTOR('',#2045,10.);
#569=VECTOR('',#2050,10.);
#570=VECTOR('',#2053,10.);
#571=VECTOR('',#2054,10.);
#572=VECTOR('',#2059,10.);
#573=VECTOR('',#2062,10.);
#574=VECTOR('',#2063,10.);
#575=VECTOR('',#2066,10.);
#576=VECTOR('',#2067,10.);
#577=VECTOR('',#2068,10.);
#578=VECTOR('',#2069,10.);
#579=VECTOR('',#2072,10.);
#580=VECTOR('',#2075,10.);
#581=VECTOR('',#2080,10.);
#582=VECTOR('',#2085,10.);
#583=VECTOR('',#2086,10.);
#584=VECTOR('',#2089,10.);
#585=VECTOR('',#2094,10.);
#586=VECTOR('',#2097,10.);
#587=VECTOR('',#2100,10.);
#588=VECTOR('',#2103,10.);
#589=VECTOR('',#2104,10.);
#590=VECTOR('',#2107,10.);
#591=VECTOR('',#2108,10.);
#592=VECTOR('',#2111,10.);
#593=VECTOR('',#2114,10.);
#594=VECTOR('',#2117,10.);
#595=VECTOR('',#2120,10.);
#596=VECTOR('',#2123,10.);
#597=VECTOR('',#2124,10.);
#598=VECTOR('',#2127,10.);
#599=VECTOR('',#2132,10.);
#600=VECTOR('',#2133,10.);
#601=VECTOR('',#2136,10.);
#602=VECTOR('',#2141,10.);
#603=VECTOR('',#2142,10.);
#604=VECTOR('',#2145,10.);
#605=VECTOR('',#2150,10.);
#606=VECTOR('',#2153,10.);
#607=VECTOR('',#2156,10.);
#608=VECTOR('',#2161,10.);
#609=VECTOR('',#2162,10.);
#610=VECTOR('',#2165,10.);
#611=VECTOR('',#2170,10.);
#612=VECTOR('',#2171,10.);
#613=VECTOR('',#2174,10.);
#614=VECTOR('',#2179,10.);
#615=VECTOR('',#2182,10.);
#616=VECTOR('',#2187,10.);
#617=VECTOR('',#2190,10.);
#618=VECTOR('',#2191,10.);
#619=VECTOR('',#2192,10.);
#620=VECTOR('',#2193,10.);
#621=VECTOR('',#2196,10.);
#622=VECTOR('',#2197,10.);
#623=VECTOR('',#2198,10.);
#624=VECTOR('',#2201,10.);
#625=VECTOR('',#2206,10.);
#626=VECTOR('',#2209,10.);
#627=VECTOR('',#2210,10.);
#628=VECTOR('',#2213,10.);
#629=VECTOR('',#2214,10.);
#630=VECTOR('',#2215,10.);
#631=VECTOR('',#2218,10.);
#632=VECTOR('',#2219,10.);
#633=VECTOR('',#2220,10.);
#634=VECTOR('',#2223,10.);
#635=VECTOR('',#2230,10.);
#636=VECTOR('',#2231,10.);
#637=VECTOR('',#2232,10.);
#638=VECTOR('',#2235,10.);
#639=VECTOR('',#2242,10.);
#640=VECTOR('',#2243,10.);
#641=VECTOR('',#2244,10.);
#642=VECTOR('',#2247,10.);
#643=VECTOR('',#2254,10.);
#644=VECTOR('',#2255,10.);
#645=VECTOR('',#2256,10.);
#646=VECTOR('',#2261,10.);
#647=VECTOR('',#2266,10.);
#648=VECTOR('',#2267,10.);
#649=VECTOR('',#2268,10.);
#650=VECTOR('',#2273,10.);
#651=VECTOR('',#2278,10.);
#652=VECTOR('',#2279,10.);
#653=VECTOR('',#2280,10.);
#654=VECTOR('',#2285,10.);
#655=VECTOR('',#2290,10.);
#656=VECTOR('',#2291,10.);
#657=VECTOR('',#2292,10.);
#658=VECTOR('',#2297,10.);
#659=VECTOR('',#2302,10.);
#660=VECTOR('',#2303,10.);
#661=VECTOR('',#2304,10.);
#662=VECTOR('',#2307,10.);
#663=VECTOR('',#2314,10.);
#664=VECTOR('',#2315,10.);
#665=VECTOR('',#2316,10.);
#666=VECTOR('',#2319,10.);
#667=VECTOR('',#2326,10.);
#668=VECTOR('',#2327,10.);
#669=VECTOR('',#2328,10.);
#670=VECTOR('',#2337,10.);
#671=VECTOR('',#2342,10.);
#672=VECTOR('',#2343,10.);
#673=VECTOR('',#2346,10.);
#674=VECTOR('',#2349,10.);
#675=VECTOR('',#2352,10.);
#676=VECTOR('',#2357,10.);
#677=VECTOR('',#2360,10.);
#678=VECTOR('',#2363,10.);
#679=VECTOR('',#2366,10.);
#680=VECTOR('',#2369,10.);
#681=VECTOR('',#2370,10.);
#682=VECTOR('',#2371,10.);
#683=VECTOR('',#2374,10.);
#684=VECTOR('',#2375,10.);
#685=VECTOR('',#2376,10.);
#686=VECTOR('',#2379,10.);
#687=VECTOR('',#2384,10.);
#688=VECTOR('',#2385,10.);
#689=VECTOR('',#2388,10.);
#690=VECTOR('',#2389,10.);
#691=VECTOR('',#2390,10.);
#692=VECTOR('',#2397,10.);
#693=VECTOR('',#2398,10.);
#694=VECTOR('',#2399,10.);
#695=VECTOR('',#2406,10.);
#696=VECTOR('',#2407,10.);
#697=VECTOR('',#2408,10.);
#698=VECTOR('',#2411,10.);
#699=VECTOR('',#2416,10.);
#700=VECTOR('',#2417,10.);
#701=VECTOR('',#2420,10.);
#702=VECTOR('',#2421,10.);
#703=VECTOR('',#2422,10.);
#704=VECTOR('',#2433,10.);
#705=VECTOR('',#2436,10.);
#706=VECTOR('',#2441,10.);
#707=VECTOR('',#2444,10.);
#708=VECTOR('',#2447,10.);
#709=VECTOR('',#2450,10.);
#710=VECTOR('',#2453,10.);
#711=VECTOR('',#2456,10.);
#712=VECTOR('',#2459,10.);
#713=VECTOR('',#2462,10.);
#714=VECTOR('',#2467,10.);
#715=VECTOR('',#2472,10.);
#716=VERTEX_POINT('',#2483);
#717=VERTEX_POINT('',#2484);
#718=VERTEX_POINT('',#2486);
#719=VERTEX_POINT('',#2488);
#720=VERTEX_POINT('',#2490);
#721=VERTEX_POINT('',#2492);
#722=VERTEX_POINT('',#2494);
#723=VERTEX_POINT('',#2496);
#724=VERTEX_POINT('',#2498);
#725=VERTEX_POINT('',#2500);
#726=VERTEX_POINT('',#2502);
#727=VERTEX_POINT('',#2504);
#728=VERTEX_POINT('',#2506);
#729=VERTEX_POINT('',#2508);
#730=VERTEX_POINT('',#2511);
#731=VERTEX_POINT('',#2514);
#732=VERTEX_POINT('',#2518);
#733=VERTEX_POINT('',#2520);
#734=VERTEX_POINT('',#2524);
#735=VERTEX_POINT('',#2526);
#736=VERTEX_POINT('',#2530);
#737=VERTEX_POINT('',#2531);
#738=VERTEX_POINT('',#2533);
#739=VERTEX_POINT('',#2535);
#740=VERTEX_POINT('',#2539);
#741=VERTEX_POINT('',#2541);
#742=VERTEX_POINT('',#2543);
#743=VERTEX_POINT('',#2545);
#744=VERTEX_POINT('',#2547);
#745=VERTEX_POINT('',#2549);
#746=VERTEX_POINT('',#2553);
#747=VERTEX_POINT('',#2554);
#748=VERTEX_POINT('',#2556);
#749=VERTEX_POINT('',#2558);
#750=VERTEX_POINT('',#2562);
#751=VERTEX_POINT('',#2564);
#752=VERTEX_POINT('',#2566);
#753=VERTEX_POINT('',#2570);
#754=VERTEX_POINT('',#2572);
#755=VERTEX_POINT('',#2574);
#756=VERTEX_POINT('',#2579);
#757=VERTEX_POINT('',#2583);
#758=VERTEX_POINT('',#2585);
#759=VERTEX_POINT('',#2589);
#760=VERTEX_POINT('',#2593);
#761=VERTEX_POINT('',#2597);
#762=VERTEX_POINT('',#2601);
#763=VERTEX_POINT('',#2605);
#764=VERTEX_POINT('',#2607);
#765=VERTEX_POINT('',#2609);
#766=VERTEX_POINT('',#2611);
#767=VERTEX_POINT('',#2613);
#768=VERTEX_POINT('',#2615);
#769=VERTEX_POINT('',#2617);
#770=VERTEX_POINT('',#2619);
#771=VERTEX_POINT('',#2623);
#772=VERTEX_POINT('',#2627);
#773=VERTEX_POINT('',#2631);
#774=VERTEX_POINT('',#2635);
#775=VERTEX_POINT('',#2637);
#776=VERTEX_POINT('',#2639);
#777=VERTEX_POINT('',#2641);
#778=VERTEX_POINT('',#2643);
#779=VERTEX_POINT('',#2645);
#780=VERTEX_POINT('',#2647);
#781=VERTEX_POINT('',#2662);
#782=VERTEX_POINT('',#2666);
#783=VERTEX_POINT('',#2670);
#784=VERTEX_POINT('',#2674);
#785=VERTEX_POINT('',#2678);
#786=VERTEX_POINT('',#2682);
#787=VERTEX_POINT('',#2690);
#788=VERTEX_POINT('',#2694);
#789=VERTEX_POINT('',#2698);
#790=VERTEX_POINT('',#2702);
#791=VERTEX_POINT('',#2706);
#792=VERTEX_POINT('',#2712);
#793=VERTEX_POINT('',#2714);
#794=VERTEX_POINT('',#2716);
#795=VERTEX_POINT('',#2720);
#796=VERTEX_POINT('',#2722);
#797=VERTEX_POINT('',#2724);
#798=VERTEX_POINT('',#2728);
#799=VERTEX_POINT('',#2730);
#800=VERTEX_POINT('',#2734);
#801=VERTEX_POINT('',#2736);
#802=VERTEX_POINT('',#2738);
#803=VERTEX_POINT('',#2742);
#804=VERTEX_POINT('',#2746);
#805=VERTEX_POINT('',#2748);
#806=VERTEX_POINT('',#2752);
#807=VERTEX_POINT('',#2754);
#808=VERTEX_POINT('',#2758);
#809=VERTEX_POINT('',#2759);
#810=VERTEX_POINT('',#2764);
#811=VERTEX_POINT('',#2765);
#812=VERTEX_POINT('',#2770);
#813=VERTEX_POINT('',#2771);
#814=VERTEX_POINT('',#2776);
#815=VERTEX_POINT('',#2777);
#816=VERTEX_POINT('',#2782);
#817=VERTEX_POINT('',#2783);
#818=VERTEX_POINT('',#2788);
#819=VERTEX_POINT('',#2790);
#820=VERTEX_POINT('',#2794);
#821=VERTEX_POINT('',#2796);
#822=VERTEX_POINT('',#2800);
#823=VERTEX_POINT('',#2802);
#824=VERTEX_POINT('',#2806);
#825=VERTEX_POINT('',#2808);
#826=VERTEX_POINT('',#2812);
#827=VERTEX_POINT('',#2814);
#828=VERTEX_POINT('',#2818);
#829=VERTEX_POINT('',#2820);
#830=VERTEX_POINT('',#2824);
#831=VERTEX_POINT('',#2826);
#832=VERTEX_POINT('',#2830);
#833=VERTEX_POINT('',#2832);
#834=VERTEX_POINT('',#2836);
#835=VERTEX_POINT('',#2838);
#836=VERTEX_POINT('',#2842);
#837=VERTEX_POINT('',#2843);
#838=VERTEX_POINT('',#2848);
#839=VERTEX_POINT('',#2850);
#840=VERTEX_POINT('',#2854);
#841=VERTEX_POINT('',#2855);
#842=VERTEX_POINT('',#2860);
#843=VERTEX_POINT('',#2861);
#844=VERTEX_POINT('',#2869);
#845=VERTEX_POINT('',#2873);
#846=VERTEX_POINT('',#2892);
#847=VERTEX_POINT('',#2894);
#848=VERTEX_POINT('',#2898);
#849=VERTEX_POINT('',#2900);
#850=VERTEX_POINT('',#2904);
#851=VERTEX_POINT('',#2908);
#852=VERTEX_POINT('',#2912);
#853=VERTEX_POINT('',#2919);
#854=VERTEX_POINT('',#2921);
#855=VERTEX_POINT('',#2927);
#856=VERTEX_POINT('',#2929);
#857=VERTEX_POINT('',#2933);
#858=VERTEX_POINT('',#2937);
#859=VERTEX_POINT('',#2941);
#860=EDGE_CURVE('',#716,#717,#348,.T.);
#861=EDGE_CURVE('',#718,#716,#349,.T.);
#862=EDGE_CURVE('',#719,#718,#350,.T.);
#863=EDGE_CURVE('',#720,#719,#288,.T.);
#864=EDGE_CURVE('',#721,#720,#351,.T.);
#865=EDGE_CURVE('',#722,#721,#352,.T.);
#866=EDGE_CURVE('',#723,#722,#353,.T.);
#867=EDGE_CURVE('',#724,#723,#289,.T.);
#868=EDGE_CURVE('',#725,#724,#354,.T.);
#869=EDGE_CURVE('',#726,#725,#355,.T.);
#870=EDGE_CURVE('',#727,#726,#356,.T.);
#871=EDGE_CURVE('',#728,#727,#290,.T.);
#872=EDGE_CURVE('',#729,#728,#357,.T.);
#873=EDGE_CURVE('',#717,#729,#291,.T.);
#874=EDGE_CURVE('',#730,#730,#292,.T.);
#875=EDGE_CURVE('',#731,#731,#293,.T.);
#876=EDGE_CURVE('',#731,#730,#358,.T.);
#877=EDGE_CURVE('',#732,#732,#294,.T.);
#878=EDGE_CURVE('',#732,#733,#359,.T.);
#879=EDGE_CURVE('',#733,#733,#295,.T.);
#880=EDGE_CURVE('',#734,#734,#296,.T.);
#881=EDGE_CURVE('',#734,#735,#360,.T.);
#882=EDGE_CURVE('',#735,#735,#297,.T.);
#883=EDGE_CURVE('',#736,#737,#361,.T.);
#884=EDGE_CURVE('',#736,#738,#362,.T.);
#885=EDGE_CURVE('',#738,#739,#363,.T.);
#886=EDGE_CURVE('',#739,#737,#364,.T.);
#887=EDGE_CURVE('',#740,#739,#365,.F.);
#888=EDGE_CURVE('',#741,#740,#298,.T.);
#889=EDGE_CURVE('',#742,#741,#366,.T.);
#890=EDGE_CURVE('',#743,#742,#299,.T.);
#891=EDGE_CURVE('',#744,#743,#367,.T.);
#892=EDGE_CURVE('',#745,#744,#300,.F.);
#893=EDGE_CURVE('',#737,#745,#368,.F.);
#894=EDGE_CURVE('',#746,#747,#369,.T.);
#895=EDGE_CURVE('',#746,#748,#370,.T.);
#896=EDGE_CURVE('',#748,#749,#371,.T.);
#897=EDGE_CURVE('',#749,#747,#372,.T.);
#898=EDGE_CURVE('',#747,#750,#373,.T.);
#899=EDGE_CURVE('',#751,#750,#374,.T.);
#900=EDGE_CURVE('',#752,#751,#375,.T.);
#901=EDGE_CURVE('',#752,#746,#376,.F.);
#902=EDGE_CURVE('',#753,#736,#377,.T.);
#903=EDGE_CURVE('',#754,#753,#301,.T.);
#904=EDGE_CURVE('',#755,#754,#378,.T.);
#905=EDGE_CURVE('',#750,#755,#302,.T.);
#906=EDGE_CURVE('',#738,#749,#379,.T.);
#907=EDGE_CURVE('',#748,#756,#380,.T.);
#908=EDGE_CURVE('',#756,#740,#381,.T.);
#909=EDGE_CURVE('',#757,#753,#382,.T.);
#910=EDGE_CURVE('',#757,#758,#383,.T.);
#911=EDGE_CURVE('',#758,#753,#384,.T.);
#912=EDGE_CURVE('',#758,#759,#303,.T.);
#913=EDGE_CURVE('',#759,#754,#385,.T.);
#914=EDGE_CURVE('',#760,#755,#386,.T.);
#915=EDGE_CURVE('',#759,#760,#387,.T.);
#916=EDGE_CURVE('',#760,#761,#304,.T.);
#917=EDGE_CURVE('',#761,#750,#388,.T.);
#918=EDGE_CURVE('',#762,#750,#389,.F.);
#919=EDGE_CURVE('',#761,#762,#390,.T.);
#920=EDGE_CURVE('',#762,#763,#391,.T.);
#921=EDGE_CURVE('',#764,#761,#392,.T.);
#922=EDGE_CURVE('',#765,#764,#393,.T.);
#923=EDGE_CURVE('',#766,#765,#394,.T.);
#924=EDGE_CURVE('',#767,#766,#305,.T.);
#925=EDGE_CURVE('',#768,#767,#395,.T.);
#926=EDGE_CURVE('',#769,#768,#306,.T.);
#927=EDGE_CURVE('',#770,#769,#396,.T.);
#928=EDGE_CURVE('',#763,#770,#307,.T.);
#929=EDGE_CURVE('',#760,#771,#397,.T.);
#930=EDGE_CURVE('',#764,#771,#308,.T.);
#931=EDGE_CURVE('',#772,#759,#398,.T.);
#932=EDGE_CURVE('',#771,#772,#399,.T.);
#933=EDGE_CURVE('',#758,#773,#400,.T.);
#934=EDGE_CURVE('',#772,#773,#309,.T.);
#935=EDGE_CURVE('',#774,#757,#401,.T.);
#936=EDGE_CURVE('',#775,#774,#310,.T.);
#937=EDGE_CURVE('',#776,#775,#402,.T.);
#938=EDGE_CURVE('',#777,#776,#311,.T.);
#939=EDGE_CURVE('',#778,#777,#403,.T.);
#940=EDGE_CURVE('',#779,#778,#312,.T.);
#941=EDGE_CURVE('',#780,#779,#404,.T.);
#942=EDGE_CURVE('',#773,#780,#405,.T.);
#943=EDGE_CURVE('',#764,#727,#406,.T.);
#944=EDGE_CURVE('',#726,#765,#407,.T.);
#945=EDGE_CURVE('',#771,#728,#408,.T.);
#946=EDGE_CURVE('',#772,#729,#409,.T.);
#947=EDGE_CURVE('',#773,#717,#410,.T.);
#948=EDGE_CURVE('',#780,#716,#411,.T.);
#949=EDGE_CURVE('',#779,#781,#412,.T.);
#950=EDGE_CURVE('',#781,#716,#413,.T.);
#951=EDGE_CURVE('',#778,#782,#414,.T.);
#952=EDGE_CURVE('',#782,#781,#313,.T.);
#953=EDGE_CURVE('',#777,#783,#415,.T.);
#954=EDGE_CURVE('',#783,#782,#416,.T.);
#955=EDGE_CURVE('',#776,#784,#417,.T.);
#956=EDGE_CURVE('',#784,#783,#314,.T.);
#957=EDGE_CURVE('',#775,#785,#418,.T.);
#958=EDGE_CURVE('',#785,#784,#419,.T.);
#959=EDGE_CURVE('',#774,#786,#420,.T.);
#960=EDGE_CURVE('',#786,#785,#315,.T.);
#961=EDGE_CURVE('',#753,#786,#421,.T.);
#962=EDGE_CURVE('',#763,#751,#422,.T.);
#963=EDGE_CURVE('',#770,#787,#423,.T.);
#964=EDGE_CURVE('',#787,#751,#316,.T.);
#965=EDGE_CURVE('',#769,#788,#424,.T.);
#966=EDGE_CURVE('',#788,#787,#425,.T.);
#967=EDGE_CURVE('',#768,#789,#426,.T.);
#968=EDGE_CURVE('',#789,#788,#317,.T.);
#969=EDGE_CURVE('',#767,#790,#427,.T.);
#970=EDGE_CURVE('',#790,#789,#428,.T.);
#971=EDGE_CURVE('',#766,#791,#429,.T.);
#972=EDGE_CURVE('',#791,#790,#318,.T.);
#973=EDGE_CURVE('',#726,#791,#430,.T.);
#974=EDGE_CURVE('',#789,#792,#431,.T.);
#975=EDGE_CURVE('',#792,#793,#15,.T.);
#976=EDGE_CURVE('',#793,#794,#16,.T.);
#977=EDGE_CURVE('',#794,#788,#432,.T.);
#978=EDGE_CURVE('',#795,#794,#433,.T.);
#979=EDGE_CURVE('',#796,#795,#434,.T.);
#980=EDGE_CURVE('',#796,#797,#435,.T.);
#981=EDGE_CURVE('',#787,#797,#436,.T.);
#982=EDGE_CURVE('',#793,#798,#437,.T.);
#983=EDGE_CURVE('',#798,#799,#438,.T.);
#984=EDGE_CURVE('',#799,#795,#439,.T.);
#985=EDGE_CURVE('',#784,#800,#440,.T.);
#986=EDGE_CURVE('',#800,#801,#17,.T.);
#987=EDGE_CURVE('',#801,#802,#18,.T.);
#988=EDGE_CURVE('',#802,#783,#441,.T.);
#989=EDGE_CURVE('',#803,#802,#442,.T.);
#990=EDGE_CURVE('',#782,#803,#443,.T.);
#991=EDGE_CURVE('',#804,#801,#444,.T.);
#992=EDGE_CURVE('',#804,#805,#445,.T.);
#993=EDGE_CURVE('',#805,#803,#446,.T.);
#994=EDGE_CURVE('',#800,#806,#447,.T.);
#995=EDGE_CURVE('',#807,#806,#448,.T.);
#996=EDGE_CURVE('',#807,#804,#449,.T.);
#997=EDGE_CURVE('',#808,#809,#450,.T.);
#998=EDGE_CURVE('',#809,#795,#319,.T.);
#999=EDGE_CURVE('',#799,#808,#320,.T.);
#1000=EDGE_CURVE('',#810,#811,#451,.T.);
#1001=EDGE_CURVE('',#811,#809,#452,.T.);
#1002=EDGE_CURVE('',#808,#810,#453,.T.);
#1003=EDGE_CURVE('',#812,#813,#454,.T.);
#1004=EDGE_CURVE('',#813,#811,#321,.T.);
#1005=EDGE_CURVE('',#810,#812,#322,.T.);
#1006=EDGE_CURVE('',#814,#815,#455,.T.);
#1007=EDGE_CURVE('',#815,#813,#456,.T.);
#1008=EDGE_CURVE('',#812,#814,#457,.T.);
#1009=EDGE_CURVE('',#816,#817,#458,.T.);
#1010=EDGE_CURVE('',#817,#815,#323,.T.);
#1011=EDGE_CURVE('',#814,#816,#324,.T.);
#1012=EDGE_CURVE('',#816,#818,#459,.T.);
#1013=EDGE_CURVE('',#818,#819,#460,.T.);
#1014=EDGE_CURVE('',#819,#817,#461,.T.);
#1015=EDGE_CURVE('',#818,#820,#325,.T.);
#1016=EDGE_CURVE('',#820,#821,#462,.T.);
#1017=EDGE_CURVE('',#821,#819,#326,.T.);
#1018=EDGE_CURVE('',#820,#822,#463,.T.);
#1019=EDGE_CURVE('',#822,#823,#464,.T.);
#1020=EDGE_CURVE('',#823,#821,#465,.T.);
#1021=EDGE_CURVE('',#822,#824,#327,.T.);
#1022=EDGE_CURVE('',#824,#825,#466,.T.);
#1023=EDGE_CURVE('',#825,#823,#328,.T.);
#1024=EDGE_CURVE('',#824,#826,#467,.T.);
#1025=EDGE_CURVE('',#826,#827,#468,.T.);
#1026=EDGE_CURVE('',#827,#825,#469,.T.);
#1027=EDGE_CURVE('',#826,#828,#329,.T.);
#1028=EDGE_CURVE('',#828,#829,#470,.T.);
#1029=EDGE_CURVE('',#829,#827,#330,.T.);
#1030=EDGE_CURVE('',#828,#830,#471,.T.);
#1031=EDGE_CURVE('',#830,#831,#472,.T.);
#1032=EDGE_CURVE('',#831,#829,#473,.T.);
#1033=EDGE_CURVE('',#830,#832,#331,.T.);
#1034=EDGE_CURVE('',#832,#833,#474,.T.);
#1035=EDGE_CURVE('',#833,#831,#332,.T.);
#1036=EDGE_CURVE('',#832,#834,#475,.T.);
#1037=EDGE_CURVE('',#834,#835,#476,.T.);
#1038=EDGE_CURVE('',#835,#833,#477,.T.);
#1039=EDGE_CURVE('',#836,#837,#478,.T.);
#1040=EDGE_CURVE('',#837,#835,#333,.T.);
#1041=EDGE_CURVE('',#834,#836,#334,.T.);
#1042=EDGE_CURVE('',#836,#838,#479,.T.);
#1043=EDGE_CURVE('',#838,#839,#480,.T.);
#1044=EDGE_CURVE('',#839,#837,#481,.T.);
#1045=EDGE_CURVE('',#840,#841,#482,.T.);
#1046=EDGE_CURVE('',#841,#839,#335,.T.);
#1047=EDGE_CURVE('',#838,#840,#336,.T.);
#1048=EDGE_CURVE('',#842,#843,#483,.T.);
#1049=EDGE_CURVE('',#843,#841,#484,.T.);
#1050=EDGE_CURVE('',#840,#842,#485,.T.);
#1051=EDGE_CURVE('',#806,#843,#337,.T.);
#1052=EDGE_CURVE('',#842,#807,#338,.T.);
#1053=EDGE_CURVE('',#809,#844,#486,.T.);
#1054=EDGE_CURVE('',#844,#796,#339,.T.);
#1055=EDGE_CURVE('',#811,#845,#487,.T.);
#1056=EDGE_CURVE('',#845,#844,#488,.T.);
#1057=EDGE_CURVE('',#817,#835,#489,.T.);
#1058=EDGE_CURVE('',#837,#815,#490,.T.);
#1059=EDGE_CURVE('',#813,#839,#491,.T.);
#1060=EDGE_CURVE('',#756,#845,#340,.T.);
#1061=EDGE_CURVE('',#841,#741,#492,.T.);
#1062=EDGE_CURVE('',#742,#843,#493,.T.);
#1063=EDGE_CURVE('',#806,#743,#494,.T.);
#1064=EDGE_CURVE('',#744,#785,#495,.T.);
#1065=EDGE_CURVE('',#724,#846,#496,.T.);
#1066=EDGE_CURVE('',#846,#847,#497,.T.);
#1067=EDGE_CURVE('',#847,#725,#498,.T.);
#1068=EDGE_CURVE('',#847,#848,#499,.T.);
#1069=EDGE_CURVE('',#848,#849,#500,.T.);
#1070=EDGE_CURVE('',#849,#725,#501,.T.);
#1071=EDGE_CURVE('',#723,#850,#502,.T.);
#1072=EDGE_CURVE('',#850,#846,#341,.T.);
#1073=EDGE_CURVE('',#722,#851,#503,.T.);
#1074=EDGE_CURVE('',#851,#850,#504,.T.);
#1075=EDGE_CURVE('',#792,#852,#505,.T.);
#1076=EDGE_CURVE('',#852,#848,#506,.T.);
#1077=EDGE_CURVE('',#848,#798,#507,.T.);
#1078=EDGE_CURVE('',#852,#849,#342,.T.);
#1079=EDGE_CURVE('',#853,#722,#508,.T.);
#1080=EDGE_CURVE('',#721,#854,#509,.T.);
#1081=EDGE_CURVE('',#854,#853,#510,.T.);
#1082=EDGE_CURVE('',#853,#851,#343,.T.);
#1083=EDGE_CURVE('',#855,#721,#511,.T.);
#1084=EDGE_CURVE('',#720,#856,#512,.T.);
#1085=EDGE_CURVE('',#856,#855,#513,.T.);
#1086=EDGE_CURVE('',#719,#857,#514,.T.);
#1087=EDGE_CURVE('',#857,#856,#344,.T.);
#1088=EDGE_CURVE('',#858,#857,#515,.T.);
#1089=EDGE_CURVE('',#718,#858,#516,.T.);
#1090=EDGE_CURVE('',#718,#859,#517,.T.);
#1091=EDGE_CURVE('',#859,#805,#518,.T.);
#1092=EDGE_CURVE('',#805,#858,#519,.T.);
#1093=EDGE_CURVE('',#855,#854,#345,.T.);
#1094=EDGE_CURVE('',#859,#803,#346,.T.);
#1095=EDGE_CURVE('',#791,#849,#520,.T.);
#1096=EDGE_CURVE('',#852,#790,#521,.T.);
#1097=EDGE_CURVE('',#818,#846,#522,.T.);
#1098=EDGE_CURVE('',#850,#820,#523,.T.);
#1099=EDGE_CURVE('',#822,#851,#524,.T.);
#1100=EDGE_CURVE('',#853,#824,#525,.T.);
#1101=EDGE_CURVE('',#826,#854,#526,.T.);
#1102=EDGE_CURVE('',#855,#828,#527,.T.);
#1103=EDGE_CURVE('',#830,#856,#528,.T.);
#1104=EDGE_CURVE('',#857,#832,#529,.T.);
#1105=EDGE_CURVE('',#859,#781,#530,.T.);
#1106=EDGE_CURVE('',#786,#745,#531,.T.);
#1107=EDGE_CURVE('',#797,#752,#347,.F.);
#1108=ORIENTED_EDGE('',*,*,#860,.F.);
#1109=ORIENTED_EDGE('',*,*,#861,.F.);
#1110=ORIENTED_EDGE('',*,*,#862,.F.);
#1111=ORIENTED_EDGE('',*,*,#863,.F.);
#1112=ORIENTED_EDGE('',*,*,#864,.F.);
#1113=ORIENTED_EDGE('',*,*,#865,.F.);
#1114=ORIENTED_EDGE('',*,*,#866,.F.);
#1115=ORIENTED_EDGE('',*,*,#867,.F.);
#1116=ORIENTED_EDGE('',*,*,#868,.F.);
#1117=ORIENTED_EDGE('',*,*,#869,.F.);
#1118=ORIENTED_EDGE('',*,*,#870,.F.);
#1119=ORIENTED_EDGE('',*,*,#871,.F.);
#1120=ORIENTED_EDGE('',*,*,#872,.F.);
#1121=ORIENTED_EDGE('',*,*,#873,.F.);
#1122=ORIENTED_EDGE('',*,*,#874,.F.);
#1123=ORIENTED_EDGE('',*,*,#875,.F.);
#1124=ORIENTED_EDGE('',*,*,#876,.T.);
#1125=ORIENTED_EDGE('',*,*,#874,.T.);
#1126=ORIENTED_EDGE('',*,*,#876,.F.);
#1127=ORIENTED_EDGE('',*,*,#877,.F.);
#1128=ORIENTED_EDGE('',*,*,#878,.T.);
#1129=ORIENTED_EDGE('',*,*,#879,.F.);
#1130=ORIENTED_EDGE('',*,*,#878,.F.);
#1131=ORIENTED_EDGE('',*,*,#880,.F.);
#1132=ORIENTED_EDGE('',*,*,#881,.T.);
#1133=ORIENTED_EDGE('',*,*,#882,.F.);
#1134=ORIENTED_EDGE('',*,*,#881,.F.);
#1135=ORIENTED_EDGE('',*,*,#883,.F.);
#1136=ORIENTED_EDGE('',*,*,#884,.T.);
#1137=ORIENTED_EDGE('',*,*,#885,.T.);
#1138=ORIENTED_EDGE('',*,*,#886,.T.);
#1139=ORIENTED_EDGE('',*,*,#886,.F.);
#1140=ORIENTED_EDGE('',*,*,#887,.F.);
#1141=ORIENTED_EDGE('',*,*,#888,.F.);
#1142=ORIENTED_EDGE('',*,*,#889,.F.);
#1143=ORIENTED_EDGE('',*,*,#890,.F.);
#1144=ORIENTED_EDGE('',*,*,#891,.F.);
#1145=ORIENTED_EDGE('',*,*,#892,.F.);
#1146=ORIENTED_EDGE('',*,*,#893,.F.);
#1147=ORIENTED_EDGE('',*,*,#894,.F.);
#1148=ORIENTED_EDGE('',*,*,#895,.T.);
#1149=ORIENTED_EDGE('',*,*,#896,.T.);
#1150=ORIENTED_EDGE('',*,*,#897,.T.);
#1151=ORIENTED_EDGE('',*,*,#894,.T.);
#1152=ORIENTED_EDGE('',*,*,#898,.T.);
#1153=ORIENTED_EDGE('',*,*,#899,.F.);
#1154=ORIENTED_EDGE('',*,*,#900,.F.);
#1155=ORIENTED_EDGE('',*,*,#901,.T.);
#1156=ORIENTED_EDGE('',*,*,#884,.F.);
#1157=ORIENTED_EDGE('',*,*,#902,.F.);
#1158=ORIENTED_EDGE('',*,*,#903,.F.);
#1159=ORIENTED_EDGE('',*,*,#904,.F.);
#1160=ORIENTED_EDGE('',*,*,#905,.F.);
#1161=ORIENTED_EDGE('',*,*,#898,.F.);
#1162=ORIENTED_EDGE('',*,*,#897,.F.);
#1163=ORIENTED_EDGE('',*,*,#906,.F.);
#1164=ORIENTED_EDGE('',*,*,#875,.T.);
#1165=ORIENTED_EDGE('',*,*,#887,.T.);
#1166=ORIENTED_EDGE('',*,*,#885,.F.);
#1167=ORIENTED_EDGE('',*,*,#906,.T.);
#1168=ORIENTED_EDGE('',*,*,#896,.F.);
#1169=ORIENTED_EDGE('',*,*,#907,.T.);
#1170=ORIENTED_EDGE('',*,*,#908,.T.);
#1171=ORIENTED_EDGE('',*,*,#909,.F.);
#1172=ORIENTED_EDGE('',*,*,#910,.T.);
#1173=ORIENTED_EDGE('',*,*,#911,.T.);
#1174=ORIENTED_EDGE('',*,*,#911,.F.);
#1175=ORIENTED_EDGE('',*,*,#912,.T.);
#1176=ORIENTED_EDGE('',*,*,#913,.T.);
#1177=ORIENTED_EDGE('',*,*,#903,.T.);
#1178=ORIENTED_EDGE('',*,*,#914,.T.);
#1179=ORIENTED_EDGE('',*,*,#904,.T.);
#1180=ORIENTED_EDGE('',*,*,#913,.F.);
#1181=ORIENTED_EDGE('',*,*,#915,.T.);
#1182=ORIENTED_EDGE('',*,*,#914,.F.);
#1183=ORIENTED_EDGE('',*,*,#916,.T.);
#1184=ORIENTED_EDGE('',*,*,#917,.T.);
#1185=ORIENTED_EDGE('',*,*,#905,.T.);
#1186=ORIENTED_EDGE('',*,*,#918,.T.);
#1187=ORIENTED_EDGE('',*,*,#917,.F.);
#1188=ORIENTED_EDGE('',*,*,#919,.T.);
#1189=ORIENTED_EDGE('',*,*,#920,.F.);
#1190=ORIENTED_EDGE('',*,*,#919,.F.);
#1191=ORIENTED_EDGE('',*,*,#921,.F.);
#1192=ORIENTED_EDGE('',*,*,#922,.F.);
#1193=ORIENTED_EDGE('',*,*,#923,.F.);
#1194=ORIENTED_EDGE('',*,*,#924,.F.);
#1195=ORIENTED_EDGE('',*,*,#925,.F.);
#1196=ORIENTED_EDGE('',*,*,#926,.F.);
#1197=ORIENTED_EDGE('',*,*,#927,.F.);
#1198=ORIENTED_EDGE('',*,*,#928,.F.);
#1199=ORIENTED_EDGE('',*,*,#882,.T.);
#1200=ORIENTED_EDGE('',*,*,#916,.F.);
#1201=ORIENTED_EDGE('',*,*,#929,.T.);
#1202=ORIENTED_EDGE('',*,*,#930,.F.);
#1203=ORIENTED_EDGE('',*,*,#921,.T.);
#1204=ORIENTED_EDGE('',*,*,#915,.F.);
#1205=ORIENTED_EDGE('',*,*,#931,.F.);
#1206=ORIENTED_EDGE('',*,*,#932,.F.);
#1207=ORIENTED_EDGE('',*,*,#929,.F.);
#1208=ORIENTED_EDGE('',*,*,#912,.F.);
#1209=ORIENTED_EDGE('',*,*,#933,.T.);
#1210=ORIENTED_EDGE('',*,*,#934,.F.);
#1211=ORIENTED_EDGE('',*,*,#931,.T.);
#1212=ORIENTED_EDGE('',*,*,#910,.F.);
#1213=ORIENTED_EDGE('',*,*,#935,.F.);
#1214=ORIENTED_EDGE('',*,*,#936,.F.);
#1215=ORIENTED_EDGE('',*,*,#937,.F.);
#1216=ORIENTED_EDGE('',*,*,#938,.F.);
#1217=ORIENTED_EDGE('',*,*,#939,.F.);
#1218=ORIENTED_EDGE('',*,*,#940,.F.);
#1219=ORIENTED_EDGE('',*,*,#941,.F.);
#1220=ORIENTED_EDGE('',*,*,#942,.F.);
#1221=ORIENTED_EDGE('',*,*,#933,.F.);
#1222=ORIENTED_EDGE('',*,*,#877,.T.);
#1223=ORIENTED_EDGE('',*,*,#922,.T.);
#1224=ORIENTED_EDGE('',*,*,#943,.T.);
#1225=ORIENTED_EDGE('',*,*,#870,.T.);
#1226=ORIENTED_EDGE('',*,*,#944,.T.);
#1227=ORIENTED_EDGE('',*,*,#943,.F.);
#1228=ORIENTED_EDGE('',*,*,#930,.T.);
#1229=ORIENTED_EDGE('',*,*,#945,.T.);
#1230=ORIENTED_EDGE('',*,*,#871,.T.);
#1231=ORIENTED_EDGE('',*,*,#946,.T.);
#1232=ORIENTED_EDGE('',*,*,#872,.T.);
#1233=ORIENTED_EDGE('',*,*,#945,.F.);
#1234=ORIENTED_EDGE('',*,*,#932,.T.);
#1235=ORIENTED_EDGE('',*,*,#946,.F.);
#1236=ORIENTED_EDGE('',*,*,#934,.T.);
#1237=ORIENTED_EDGE('',*,*,#947,.T.);
#1238=ORIENTED_EDGE('',*,*,#873,.T.);
#1239=ORIENTED_EDGE('',*,*,#860,.T.);
#1240=ORIENTED_EDGE('',*,*,#947,.F.);
#1241=ORIENTED_EDGE('',*,*,#942,.T.);
#1242=ORIENTED_EDGE('',*,*,#948,.T.);
#1243=ORIENTED_EDGE('',*,*,#941,.T.);
#1244=ORIENTED_EDGE('',*,*,#949,.T.);
#1245=ORIENTED_EDGE('',*,*,#950,.T.);
#1246=ORIENTED_EDGE('',*,*,#948,.F.);
#1247=ORIENTED_EDGE('',*,*,#951,.T.);
#1248=ORIENTED_EDGE('',*,*,#952,.T.);
#1249=ORIENTED_EDGE('',*,*,#949,.F.);
#1250=ORIENTED_EDGE('',*,*,#940,.T.);
#1251=ORIENTED_EDGE('',*,*,#951,.F.);
#1252=ORIENTED_EDGE('',*,*,#939,.T.);
#1253=ORIENTED_EDGE('',*,*,#953,.T.);
#1254=ORIENTED_EDGE('',*,*,#954,.T.);
#1255=ORIENTED_EDGE('',*,*,#955,.T.);
#1256=ORIENTED_EDGE('',*,*,#956,.T.);
#1257=ORIENTED_EDGE('',*,*,#953,.F.);
#1258=ORIENTED_EDGE('',*,*,#938,.T.);
#1259=ORIENTED_EDGE('',*,*,#957,.T.);
#1260=ORIENTED_EDGE('',*,*,#958,.T.);
#1261=ORIENTED_EDGE('',*,*,#955,.F.);
#1262=ORIENTED_EDGE('',*,*,#937,.T.);
#1263=ORIENTED_EDGE('',*,*,#959,.T.);
#1264=ORIENTED_EDGE('',*,*,#960,.T.);
#1265=ORIENTED_EDGE('',*,*,#957,.F.);
#1266=ORIENTED_EDGE('',*,*,#936,.T.);
#1267=ORIENTED_EDGE('',*,*,#961,.T.);
#1268=ORIENTED_EDGE('',*,*,#959,.F.);
#1269=ORIENTED_EDGE('',*,*,#935,.T.);
#1270=ORIENTED_EDGE('',*,*,#909,.T.);
#1271=ORIENTED_EDGE('',*,*,#920,.T.);
#1272=ORIENTED_EDGE('',*,*,#962,.T.);
#1273=ORIENTED_EDGE('',*,*,#899,.T.);
#1274=ORIENTED_EDGE('',*,*,#918,.F.);
#1275=ORIENTED_EDGE('',*,*,#963,.T.);
#1276=ORIENTED_EDGE('',*,*,#964,.T.);
#1277=ORIENTED_EDGE('',*,*,#962,.F.);
#1278=ORIENTED_EDGE('',*,*,#928,.T.);
#1279=ORIENTED_EDGE('',*,*,#965,.T.);
#1280=ORIENTED_EDGE('',*,*,#966,.T.);
#1281=ORIENTED_EDGE('',*,*,#963,.F.);
#1282=ORIENTED_EDGE('',*,*,#927,.T.);
#1283=ORIENTED_EDGE('',*,*,#967,.T.);
#1284=ORIENTED_EDGE('',*,*,#968,.T.);
#1285=ORIENTED_EDGE('',*,*,#965,.F.);
#1286=ORIENTED_EDGE('',*,*,#926,.T.);
#1287=ORIENTED_EDGE('',*,*,#969,.T.);
#1288=ORIENTED_EDGE('',*,*,#970,.T.);
#1289=ORIENTED_EDGE('',*,*,#967,.F.);
#1290=ORIENTED_EDGE('',*,*,#925,.T.);
#1291=ORIENTED_EDGE('',*,*,#971,.T.);
#1292=ORIENTED_EDGE('',*,*,#972,.T.);
#1293=ORIENTED_EDGE('',*,*,#969,.F.);
#1294=ORIENTED_EDGE('',*,*,#924,.T.);
#1295=ORIENTED_EDGE('',*,*,#973,.T.);
#1296=ORIENTED_EDGE('',*,*,#971,.F.);
#1297=ORIENTED_EDGE('',*,*,#923,.T.);
#1298=ORIENTED_EDGE('',*,*,#944,.F.);
#1299=ORIENTED_EDGE('',*,*,#968,.F.);
#1300=ORIENTED_EDGE('',*,*,#974,.T.);
#1301=ORIENTED_EDGE('',*,*,#975,.T.);
#1302=ORIENTED_EDGE('',*,*,#976,.T.);
#1303=ORIENTED_EDGE('',*,*,#977,.T.);
#1304=ORIENTED_EDGE('',*,*,#966,.F.);
#1305=ORIENTED_EDGE('',*,*,#977,.F.);
#1306=ORIENTED_EDGE('',*,*,#978,.F.);
#1307=ORIENTED_EDGE('',*,*,#979,.F.);
#1308=ORIENTED_EDGE('',*,*,#980,.T.);
#1309=ORIENTED_EDGE('',*,*,#981,.F.);
#1310=ORIENTED_EDGE('',*,*,#976,.F.);
#1311=ORIENTED_EDGE('',*,*,#982,.T.);
#1312=ORIENTED_EDGE('',*,*,#983,.T.);
#1313=ORIENTED_EDGE('',*,*,#984,.T.);
#1314=ORIENTED_EDGE('',*,*,#978,.T.);
#1315=ORIENTED_EDGE('',*,*,#956,.F.);
#1316=ORIENTED_EDGE('',*,*,#985,.T.);
#1317=ORIENTED_EDGE('',*,*,#986,.T.);
#1318=ORIENTED_EDGE('',*,*,#987,.T.);
#1319=ORIENTED_EDGE('',*,*,#988,.T.);
#1320=ORIENTED_EDGE('',*,*,#954,.F.);
#1321=ORIENTED_EDGE('',*,*,#988,.F.);
#1322=ORIENTED_EDGE('',*,*,#989,.F.);
#1323=ORIENTED_EDGE('',*,*,#990,.F.);
#1324=ORIENTED_EDGE('',*,*,#987,.F.);
#1325=ORIENTED_EDGE('',*,*,#991,.F.);
#1326=ORIENTED_EDGE('',*,*,#992,.T.);
#1327=ORIENTED_EDGE('',*,*,#993,.T.);
#1328=ORIENTED_EDGE('',*,*,#989,.T.);
#1329=ORIENTED_EDGE('',*,*,#986,.F.);
#1330=ORIENTED_EDGE('',*,*,#994,.T.);
#1331=ORIENTED_EDGE('',*,*,#995,.F.);
#1332=ORIENTED_EDGE('',*,*,#996,.T.);
#1333=ORIENTED_EDGE('',*,*,#991,.T.);
#1334=ORIENTED_EDGE('',*,*,#997,.T.);
#1335=ORIENTED_EDGE('',*,*,#998,.T.);
#1336=ORIENTED_EDGE('',*,*,#984,.F.);
#1337=ORIENTED_EDGE('',*,*,#999,.T.);
#1338=ORIENTED_EDGE('',*,*,#1000,.T.);
#1339=ORIENTED_EDGE('',*,*,#1001,.T.);
#1340=ORIENTED_EDGE('',*,*,#997,.F.);
#1341=ORIENTED_EDGE('',*,*,#1002,.T.);
#1342=ORIENTED_EDGE('',*,*,#1003,.T.);
#1343=ORIENTED_EDGE('',*,*,#1004,.T.);
#1344=ORIENTED_EDGE('',*,*,#1000,.F.);
#1345=ORIENTED_EDGE('',*,*,#1005,.T.);
#1346=ORIENTED_EDGE('',*,*,#1006,.T.);
#1347=ORIENTED_EDGE('',*,*,#1007,.T.);
#1348=ORIENTED_EDGE('',*,*,#1003,.F.);
#1349=ORIENTED_EDGE('',*,*,#1008,.T.);
#1350=ORIENTED_EDGE('',*,*,#1009,.T.);
#1351=ORIENTED_EDGE('',*,*,#1010,.T.);
#1352=ORIENTED_EDGE('',*,*,#1006,.F.);
#1353=ORIENTED_EDGE('',*,*,#1011,.T.);
#1354=ORIENTED_EDGE('',*,*,#1009,.F.);
#1355=ORIENTED_EDGE('',*,*,#1012,.T.);
#1356=ORIENTED_EDGE('',*,*,#1013,.T.);
#1357=ORIENTED_EDGE('',*,*,#1014,.T.);
#1358=ORIENTED_EDGE('',*,*,#1013,.F.);
#1359=ORIENTED_EDGE('',*,*,#1015,.T.);
#1360=ORIENTED_EDGE('',*,*,#1016,.T.);
#1361=ORIENTED_EDGE('',*,*,#1017,.T.);
#1362=ORIENTED_EDGE('',*,*,#1016,.F.);
#1363=ORIENTED_EDGE('',*,*,#1018,.T.);
#1364=ORIENTED_EDGE('',*,*,#1019,.T.);
#1365=ORIENTED_EDGE('',*,*,#1020,.T.);
#1366=ORIENTED_EDGE('',*,*,#1019,.F.);
#1367=ORIENTED_EDGE('',*,*,#1021,.T.);
#1368=ORIENTED_EDGE('',*,*,#1022,.T.);
#1369=ORIENTED_EDGE('',*,*,#1023,.T.);
#1370=ORIENTED_EDGE('',*,*,#1022,.F.);
#1371=ORIENTED_EDGE('',*,*,#1024,.T.);
#1372=ORIENTED_EDGE('',*,*,#1025,.T.);
#1373=ORIENTED_EDGE('',*,*,#1026,.T.);
#1374=ORIENTED_EDGE('',*,*,#1025,.F.);
#1375=ORIENTED_EDGE('',*,*,#1027,.T.);
#1376=ORIENTED_EDGE('',*,*,#1028,.T.);
#1377=ORIENTED_EDGE('',*,*,#1029,.T.);
#1378=ORIENTED_EDGE('',*,*,#1028,.F.);
#1379=ORIENTED_EDGE('',*,*,#1030,.T.);
#1380=ORIENTED_EDGE('',*,*,#1031,.T.);
#1381=ORIENTED_EDGE('',*,*,#1032,.T.);
#1382=ORIENTED_EDGE('',*,*,#1031,.F.);
#1383=ORIENTED_EDGE('',*,*,#1033,.T.);
#1384=ORIENTED_EDGE('',*,*,#1034,.T.);
#1385=ORIENTED_EDGE('',*,*,#1035,.T.);
#1386=ORIENTED_EDGE('',*,*,#1034,.F.);
#1387=ORIENTED_EDGE('',*,*,#1036,.T.);
#1388=ORIENTED_EDGE('',*,*,#1037,.T.);
#1389=ORIENTED_EDGE('',*,*,#1038,.T.);
#1390=ORIENTED_EDGE('',*,*,#1039,.T.);
#1391=ORIENTED_EDGE('',*,*,#1040,.T.);
#1392=ORIENTED_EDGE('',*,*,#1037,.F.);
#1393=ORIENTED_EDGE('',*,*,#1041,.T.);
#1394=ORIENTED_EDGE('',*,*,#1039,.F.);
#1395=ORIENTED_EDGE('',*,*,#1042,.T.);
#1396=ORIENTED_EDGE('',*,*,#1043,.T.);
#1397=ORIENTED_EDGE('',*,*,#1044,.T.);
#1398=ORIENTED_EDGE('',*,*,#1045,.T.);
#1399=ORIENTED_EDGE('',*,*,#1046,.T.);
#1400=ORIENTED_EDGE('',*,*,#1043,.F.);
#1401=ORIENTED_EDGE('',*,*,#1047,.T.);
#1402=ORIENTED_EDGE('',*,*,#1048,.T.);
#1403=ORIENTED_EDGE('',*,*,#1049,.T.);
#1404=ORIENTED_EDGE('',*,*,#1045,.F.);
#1405=ORIENTED_EDGE('',*,*,#1050,.T.);
#1406=ORIENTED_EDGE('',*,*,#995,.T.);
#1407=ORIENTED_EDGE('',*,*,#1051,.T.);
#1408=ORIENTED_EDGE('',*,*,#1048,.F.);
#1409=ORIENTED_EDGE('',*,*,#1052,.T.);
#1410=ORIENTED_EDGE('',*,*,#998,.F.);
#1411=ORIENTED_EDGE('',*,*,#1053,.T.);
#1412=ORIENTED_EDGE('',*,*,#1054,.T.);
#1413=ORIENTED_EDGE('',*,*,#979,.T.);
#1414=ORIENTED_EDGE('',*,*,#1001,.F.);
#1415=ORIENTED_EDGE('',*,*,#1055,.T.);
#1416=ORIENTED_EDGE('',*,*,#1056,.T.);
#1417=ORIENTED_EDGE('',*,*,#1053,.F.);
#1418=ORIENTED_EDGE('',*,*,#1014,.F.);
#1419=ORIENTED_EDGE('',*,*,#1017,.F.);
#1420=ORIENTED_EDGE('',*,*,#1020,.F.);
#1421=ORIENTED_EDGE('',*,*,#1023,.F.);
#1422=ORIENTED_EDGE('',*,*,#1026,.F.);
#1423=ORIENTED_EDGE('',*,*,#1029,.F.);
#1424=ORIENTED_EDGE('',*,*,#1032,.F.);
#1425=ORIENTED_EDGE('',*,*,#1035,.F.);
#1426=ORIENTED_EDGE('',*,*,#1038,.F.);
#1427=ORIENTED_EDGE('',*,*,#1057,.F.);
#1428=ORIENTED_EDGE('',*,*,#1010,.F.);
#1429=ORIENTED_EDGE('',*,*,#1057,.T.);
#1430=ORIENTED_EDGE('',*,*,#1040,.F.);
#1431=ORIENTED_EDGE('',*,*,#1058,.T.);
#1432=ORIENTED_EDGE('',*,*,#1007,.F.);
#1433=ORIENTED_EDGE('',*,*,#1058,.F.);
#1434=ORIENTED_EDGE('',*,*,#1044,.F.);
#1435=ORIENTED_EDGE('',*,*,#1059,.F.);
#1436=ORIENTED_EDGE('',*,*,#1060,.T.);
#1437=ORIENTED_EDGE('',*,*,#1055,.F.);
#1438=ORIENTED_EDGE('',*,*,#1004,.F.);
#1439=ORIENTED_EDGE('',*,*,#1059,.T.);
#1440=ORIENTED_EDGE('',*,*,#1046,.F.);
#1441=ORIENTED_EDGE('',*,*,#1061,.T.);
#1442=ORIENTED_EDGE('',*,*,#888,.T.);
#1443=ORIENTED_EDGE('',*,*,#908,.F.);
#1444=ORIENTED_EDGE('',*,*,#1049,.F.);
#1445=ORIENTED_EDGE('',*,*,#1062,.F.);
#1446=ORIENTED_EDGE('',*,*,#889,.T.);
#1447=ORIENTED_EDGE('',*,*,#1061,.F.);
#1448=ORIENTED_EDGE('',*,*,#1051,.F.);
#1449=ORIENTED_EDGE('',*,*,#1063,.T.);
#1450=ORIENTED_EDGE('',*,*,#890,.T.);
#1451=ORIENTED_EDGE('',*,*,#1062,.T.);
#1452=ORIENTED_EDGE('',*,*,#958,.F.);
#1453=ORIENTED_EDGE('',*,*,#1064,.F.);
#1454=ORIENTED_EDGE('',*,*,#891,.T.);
#1455=ORIENTED_EDGE('',*,*,#1063,.F.);
#1456=ORIENTED_EDGE('',*,*,#994,.F.);
#1457=ORIENTED_EDGE('',*,*,#985,.F.);
#1458=ORIENTED_EDGE('',*,*,#868,.T.);
#1459=ORIENTED_EDGE('',*,*,#1065,.T.);
#1460=ORIENTED_EDGE('',*,*,#1066,.T.);
#1461=ORIENTED_EDGE('',*,*,#1067,.T.);
#1462=ORIENTED_EDGE('',*,*,#1068,.T.);
#1463=ORIENTED_EDGE('',*,*,#1069,.T.);
#1464=ORIENTED_EDGE('',*,*,#1070,.T.);
#1465=ORIENTED_EDGE('',*,*,#1067,.F.);
#1466=ORIENTED_EDGE('',*,*,#1071,.T.);
#1467=ORIENTED_EDGE('',*,*,#1072,.T.);
#1468=ORIENTED_EDGE('',*,*,#1065,.F.);
#1469=ORIENTED_EDGE('',*,*,#867,.T.);
#1470=ORIENTED_EDGE('',*,*,#1071,.F.);
#1471=ORIENTED_EDGE('',*,*,#866,.T.);
#1472=ORIENTED_EDGE('',*,*,#1073,.T.);
#1473=ORIENTED_EDGE('',*,*,#1074,.T.);
#1474=ORIENTED_EDGE('',*,*,#975,.F.);
#1475=ORIENTED_EDGE('',*,*,#1075,.T.);
#1476=ORIENTED_EDGE('',*,*,#1076,.T.);
#1477=ORIENTED_EDGE('',*,*,#1077,.T.);
#1478=ORIENTED_EDGE('',*,*,#982,.F.);
#1479=ORIENTED_EDGE('',*,*,#1076,.F.);
#1480=ORIENTED_EDGE('',*,*,#1078,.T.);
#1481=ORIENTED_EDGE('',*,*,#1069,.F.);
#1482=ORIENTED_EDGE('',*,*,#1079,.T.);
#1483=ORIENTED_EDGE('',*,*,#865,.T.);
#1484=ORIENTED_EDGE('',*,*,#1080,.T.);
#1485=ORIENTED_EDGE('',*,*,#1081,.T.);
#1486=ORIENTED_EDGE('',*,*,#1079,.F.);
#1487=ORIENTED_EDGE('',*,*,#1082,.T.);
#1488=ORIENTED_EDGE('',*,*,#1073,.F.);
#1489=ORIENTED_EDGE('',*,*,#1083,.T.);
#1490=ORIENTED_EDGE('',*,*,#864,.T.);
#1491=ORIENTED_EDGE('',*,*,#1084,.T.);
#1492=ORIENTED_EDGE('',*,*,#1085,.T.);
#1493=ORIENTED_EDGE('',*,*,#1086,.T.);
#1494=ORIENTED_EDGE('',*,*,#1087,.T.);
#1495=ORIENTED_EDGE('',*,*,#1084,.F.);
#1496=ORIENTED_EDGE('',*,*,#863,.T.);
#1497=ORIENTED_EDGE('',*,*,#1088,.T.);
#1498=ORIENTED_EDGE('',*,*,#1086,.F.);
#1499=ORIENTED_EDGE('',*,*,#862,.T.);
#1500=ORIENTED_EDGE('',*,*,#1089,.T.);
#1501=ORIENTED_EDGE('',*,*,#1090,.T.);
#1502=ORIENTED_EDGE('',*,*,#1091,.T.);
#1503=ORIENTED_EDGE('',*,*,#1092,.T.);
#1504=ORIENTED_EDGE('',*,*,#1089,.F.);
#1505=ORIENTED_EDGE('',*,*,#1083,.F.);
#1506=ORIENTED_EDGE('',*,*,#1093,.T.);
#1507=ORIENTED_EDGE('',*,*,#1080,.F.);
#1508=ORIENTED_EDGE('',*,*,#1091,.F.);
#1509=ORIENTED_EDGE('',*,*,#1094,.T.);
#1510=ORIENTED_EDGE('',*,*,#993,.F.);
#1511=ORIENTED_EDGE('',*,*,#973,.F.);
#1512=ORIENTED_EDGE('',*,*,#869,.T.);
#1513=ORIENTED_EDGE('',*,*,#1070,.F.);
#1514=ORIENTED_EDGE('',*,*,#1095,.F.);
#1515=ORIENTED_EDGE('',*,*,#972,.F.);
#1516=ORIENTED_EDGE('',*,*,#1095,.T.);
#1517=ORIENTED_EDGE('',*,*,#1078,.F.);
#1518=ORIENTED_EDGE('',*,*,#1096,.T.);
#1519=ORIENTED_EDGE('',*,*,#970,.F.);
#1520=ORIENTED_EDGE('',*,*,#1096,.F.);
#1521=ORIENTED_EDGE('',*,*,#1075,.F.);
#1522=ORIENTED_EDGE('',*,*,#974,.F.);
#1523=ORIENTED_EDGE('',*,*,#983,.F.);
#1524=ORIENTED_EDGE('',*,*,#1077,.F.);
#1525=ORIENTED_EDGE('',*,*,#1068,.F.);
#1526=ORIENTED_EDGE('',*,*,#1066,.F.);
#1527=ORIENTED_EDGE('',*,*,#1097,.F.);
#1528=ORIENTED_EDGE('',*,*,#1012,.F.);
#1529=ORIENTED_EDGE('',*,*,#1011,.F.);
#1530=ORIENTED_EDGE('',*,*,#1008,.F.);
#1531=ORIENTED_EDGE('',*,*,#1005,.F.);
#1532=ORIENTED_EDGE('',*,*,#1002,.F.);
#1533=ORIENTED_EDGE('',*,*,#999,.F.);
#1534=ORIENTED_EDGE('',*,*,#880,.T.);
#1535=ORIENTED_EDGE('',*,*,#1015,.F.);
#1536=ORIENTED_EDGE('',*,*,#1097,.T.);
#1537=ORIENTED_EDGE('',*,*,#1072,.F.);
#1538=ORIENTED_EDGE('',*,*,#1098,.T.);
#1539=ORIENTED_EDGE('',*,*,#1018,.F.);
#1540=ORIENTED_EDGE('',*,*,#1098,.F.);
#1541=ORIENTED_EDGE('',*,*,#1074,.F.);
#1542=ORIENTED_EDGE('',*,*,#1099,.F.);
#1543=ORIENTED_EDGE('',*,*,#1021,.F.);
#1544=ORIENTED_EDGE('',*,*,#1099,.T.);
#1545=ORIENTED_EDGE('',*,*,#1082,.F.);
#1546=ORIENTED_EDGE('',*,*,#1100,.T.);
#1547=ORIENTED_EDGE('',*,*,#1024,.F.);
#1548=ORIENTED_EDGE('',*,*,#1100,.F.);
#1549=ORIENTED_EDGE('',*,*,#1081,.F.);
#1550=ORIENTED_EDGE('',*,*,#1101,.F.);
#1551=ORIENTED_EDGE('',*,*,#1027,.F.);
#1552=ORIENTED_EDGE('',*,*,#1101,.T.);
#1553=ORIENTED_EDGE('',*,*,#1093,.F.);
#1554=ORIENTED_EDGE('',*,*,#1102,.T.);
#1555=ORIENTED_EDGE('',*,*,#1030,.F.);
#1556=ORIENTED_EDGE('',*,*,#1102,.F.);
#1557=ORIENTED_EDGE('',*,*,#1085,.F.);
#1558=ORIENTED_EDGE('',*,*,#1103,.F.);
#1559=ORIENTED_EDGE('',*,*,#1033,.F.);
#1560=ORIENTED_EDGE('',*,*,#1103,.T.);
#1561=ORIENTED_EDGE('',*,*,#1087,.F.);
#1562=ORIENTED_EDGE('',*,*,#1104,.T.);
#1563=ORIENTED_EDGE('',*,*,#1036,.F.);
#1564=ORIENTED_EDGE('',*,*,#1104,.F.);
#1565=ORIENTED_EDGE('',*,*,#1088,.F.);
#1566=ORIENTED_EDGE('',*,*,#1092,.F.);
#1567=ORIENTED_EDGE('',*,*,#992,.F.);
#1568=ORIENTED_EDGE('',*,*,#996,.F.);
#1569=ORIENTED_EDGE('',*,*,#1052,.F.);
#1570=ORIENTED_EDGE('',*,*,#1050,.F.);
#1571=ORIENTED_EDGE('',*,*,#1047,.F.);
#1572=ORIENTED_EDGE('',*,*,#1042,.F.);
#1573=ORIENTED_EDGE('',*,*,#1041,.F.);
#1574=ORIENTED_EDGE('',*,*,#879,.T.);
#1575=ORIENTED_EDGE('',*,*,#952,.F.);
#1576=ORIENTED_EDGE('',*,*,#990,.T.);
#1577=ORIENTED_EDGE('',*,*,#1094,.F.);
#1578=ORIENTED_EDGE('',*,*,#1105,.T.);
#1579=ORIENTED_EDGE('',*,*,#950,.F.);
#1580=ORIENTED_EDGE('',*,*,#1105,.F.);
#1581=ORIENTED_EDGE('',*,*,#1090,.F.);
#1582=ORIENTED_EDGE('',*,*,#861,.T.);
#1583=ORIENTED_EDGE('',*,*,#960,.F.);
#1584=ORIENTED_EDGE('',*,*,#1106,.T.);
#1585=ORIENTED_EDGE('',*,*,#892,.T.);
#1586=ORIENTED_EDGE('',*,*,#1064,.T.);
#1587=ORIENTED_EDGE('',*,*,#964,.F.);
#1588=ORIENTED_EDGE('',*,*,#981,.T.);
#1589=ORIENTED_EDGE('',*,*,#1107,.T.);
#1590=ORIENTED_EDGE('',*,*,#900,.T.);
#1591=ORIENTED_EDGE('',*,*,#883,.T.);
#1592=ORIENTED_EDGE('',*,*,#893,.T.);
#1593=ORIENTED_EDGE('',*,*,#1106,.F.);
#1594=ORIENTED_EDGE('',*,*,#961,.F.);
#1595=ORIENTED_EDGE('',*,*,#902,.T.);
#1596=ORIENTED_EDGE('',*,*,#895,.F.);
#1597=ORIENTED_EDGE('',*,*,#901,.F.);
#1598=ORIENTED_EDGE('',*,*,#1107,.F.);
#1599=ORIENTED_EDGE('',*,*,#980,.F.);
#1600=ORIENTED_EDGE('',*,*,#1054,.F.);
#1601=ORIENTED_EDGE('',*,*,#1056,.F.);
#1602=ORIENTED_EDGE('',*,*,#1060,.F.);
#1603=ORIENTED_EDGE('',*,*,#907,.F.);
#1604=PLANE('',#1785);
#1605=PLANE('',#1799);
#1606=PLANE('',#1800);
#1607=PLANE('',#1804);
#1608=PLANE('',#1805);
#1609=PLANE('',#1806);
#1610=PLANE('',#1809);
#1611=PLANE('',#1810);
#1612=PLANE('',#1813);
#1613=PLANE('',#1816);
#1614=PLANE('',#1817);
#1615=PLANE('',#1823);
#1616=PLANE('',#1826);
#1617=PLANE('',#1830);
#1618=PLANE('',#1832);
#1619=PLANE('',#1834);
#1620=PLANE('',#1835);
#1621=PLANE('',#1838);
#1622=PLANE('',#1841);
#1623=PLANE('',#1844);
#1624=PLANE('',#1845);
#1625=PLANE('',#1848);
#1626=PLANE('',#1851);
#1627=PLANE('',#1854);
#1628=PLANE('',#1858);
#1629=PLANE('',#1859);
#1630=PLANE('',#1863);
#1631=PLANE('',#1864);
#1632=PLANE('',#1865);
#1633=PLANE('',#1869);
#1634=PLANE('',#1873);
#1635=PLANE('',#1877);
#1636=PLANE('',#1881);
#1637=PLANE('',#1885);
#1638=PLANE('',#1889);
#1639=PLANE('',#1893);
#1640=PLANE('',#1897);
#1641=PLANE('',#1901);
#1642=PLANE('',#1907);
#1643=PLANE('',#1908);
#1644=PLANE('',#1910);
#1645=PLANE('',#1913);
#1646=PLANE('',#1915);
#1647=PLANE('',#1916);
#1648=PLANE('',#1917);
#1649=PLANE('',#1920);
#1650=PLANE('',#1921);
#1651=PLANE('',#1924);
#1652=PLANE('',#1927);
#1653=PLANE('',#1930);
#1654=PLANE('',#1931);
#1655=PLANE('',#1936);
#1656=PLANE('',#1938);
#1657=PLANE('',#1939);
#1658=PLANE('',#1941);
#1659=PLANE('',#1943);
#1660=PLANE('',#1945);
#1661=PLANE('',#1947);
#1662=PLANE('',#1949);
#1663=PLANE('',#1953);
#1664=PLANE('',#1954);
#1665=ADVANCED_FACE('',(#70,#64),#1604,.T.);
#1666=ADVANCED_FACE('',(#71),#45,.F.);
#1667=ADVANCED_FACE('',(#72),#46,.F.);
#1668=ADVANCED_FACE('',(#73),#47,.F.);
#1669=ADVANCED_FACE('',(#74),#1605,.T.);
#1670=ADVANCED_FACE('',(#75),#1606,.T.);
#1671=ADVANCED_FACE('',(#76),#1607,.T.);
#1672=ADVANCED_FACE('',(#77),#1608,.T.);
#1673=ADVANCED_FACE('',(#78,#65),#1609,.F.);
#1674=ADVANCED_FACE('',(#79),#1610,.T.);
#1675=ADVANCED_FACE('',(#80),#1611,.T.);
#1676=ADVANCED_FACE('',(#81),#19,.F.);
#1677=ADVANCED_FACE('',(#82),#1612,.T.);
#1678=ADVANCED_FACE('',(#83),#20,.F.);
#1679=ADVANCED_FACE('',(#84),#1613,.T.);
#1680=ADVANCED_FACE('',(#85,#66),#1614,.T.);
#1681=ADVANCED_FACE('',(#86),#48,.F.);
#1682=ADVANCED_FACE('',(#87),#1615,.T.);
#1683=ADVANCED_FACE('',(#88),#49,.F.);
#1684=ADVANCED_FACE('',(#89,#67),#1616,.T.);
#1685=ADVANCED_FACE('',(#90),#1617,.T.);
#1686=ADVANCED_FACE('',(#91),#21,.F.);
#1687=ADVANCED_FACE('',(#92),#1618,.T.);
#1688=ADVANCED_FACE('',(#93),#22,.F.);
#1689=ADVANCED_FACE('',(#94),#1619,.T.);
#1690=ADVANCED_FACE('',(#95),#1620,.T.);
#1691=ADVANCED_FACE('',(#96),#23,.T.);
#1692=ADVANCED_FACE('',(#97),#1621,.T.);
#1693=ADVANCED_FACE('',(#98),#24,.T.);
#1694=ADVANCED_FACE('',(#99),#1622,.T.);
#1695=ADVANCED_FACE('',(#100),#25,.T.);
#1696=ADVANCED_FACE('',(#101),#1623,.T.);
#1697=ADVANCED_FACE('',(#102),#1624,.T.);
#1698=ADVANCED_FACE('',(#103),#26,.T.);
#1699=ADVANCED_FACE('',(#104),#1625,.T.);
#1700=ADVANCED_FACE('',(#105),#27,.T.);
#1701=ADVANCED_FACE('',(#106),#1626,.T.);
#1702=ADVANCED_FACE('',(#107),#28,.T.);
#1703=ADVANCED_FACE('',(#108),#1627,.T.);
#1704=ADVANCED_FACE('',(#109),#50,.T.);
#1705=ADVANCED_FACE('',(#110),#1628,.T.);
#1706=ADVANCED_FACE('',(#111),#1629,.T.);
#1707=ADVANCED_FACE('',(#112),#51,.T.);
#1708=ADVANCED_FACE('',(#113),#1630,.T.);
#1709=ADVANCED_FACE('',(#114),#1631,.T.);
#1710=ADVANCED_FACE('',(#115),#1632,.T.);
#1711=ADVANCED_FACE('',(#116),#29,.T.);
#1712=ADVANCED_FACE('',(#117),#1633,.T.);
#1713=ADVANCED_FACE('',(#118),#30,.T.);
#1714=ADVANCED_FACE('',(#119),#1634,.T.);
#1715=ADVANCED_FACE('',(#120),#31,.F.);
#1716=ADVANCED_FACE('',(#121),#1635,.T.);
#1717=ADVANCED_FACE('',(#122),#32,.T.);
#1718=ADVANCED_FACE('',(#123),#1636,.T.);
#1719=ADVANCED_FACE('',(#124),#33,.T.);
#1720=ADVANCED_FACE('',(#125),#1637,.T.);
#1721=ADVANCED_FACE('',(#126),#34,.T.);
#1722=ADVANCED_FACE('',(#127),#1638,.T.);
#1723=ADVANCED_FACE('',(#128),#35,.T.);
#1724=ADVANCED_FACE('',(#129),#1639,.T.);
#1725=ADVANCED_FACE('',(#130),#36,.F.);
#1726=ADVANCED_FACE('',(#131),#1640,.T.);
#1727=ADVANCED_FACE('',(#132),#37,.T.);
#1728=ADVANCED_FACE('',(#133),#1641,.T.);
#1729=ADVANCED_FACE('',(#134),#38,.T.);
#1730=ADVANCED_FACE('',(#135),#52,.T.);
#1731=ADVANCED_FACE('',(#136),#1642,.T.);
#1732=ADVANCED_FACE('',(#137),#1643,.F.);
#1733=ADVANCED_FACE('',(#138),#53,.F.);
#1734=ADVANCED_FACE('',(#139),#1644,.T.);
#1735=ADVANCED_FACE('',(#140),#54,.T.);
#1736=ADVANCED_FACE('',(#141),#1645,.T.);
#1737=ADVANCED_FACE('',(#142),#55,.T.);
#1738=ADVANCED_FACE('',(#143),#1646,.T.);
#1739=ADVANCED_FACE('',(#144),#1647,.T.);
#1740=ADVANCED_FACE('',(#145),#1648,.T.);
#1741=ADVANCED_FACE('',(#146),#39,.T.);
#1742=ADVANCED_FACE('',(#147),#1649,.T.);
#1743=ADVANCED_FACE('',(#148),#1650,.T.);
#1744=ADVANCED_FACE('',(#149),#40,.T.);
#1745=ADVANCED_FACE('',(#150),#1651,.T.);
#1746=ADVANCED_FACE('',(#151),#41,.T.);
#1747=ADVANCED_FACE('',(#152),#1652,.T.);
#1748=ADVANCED_FACE('',(#153),#42,.T.);
#1749=ADVANCED_FACE('',(#154),#1653,.T.);
#1750=ADVANCED_FACE('',(#155),#1654,.T.);
#1751=ADVANCED_FACE('',(#156),#43,.T.);
#1752=ADVANCED_FACE('',(#157),#44,.T.);
#1753=ADVANCED_FACE('',(#158),#1655,.T.);
#1754=ADVANCED_FACE('',(#159),#56,.T.);
#1755=ADVANCED_FACE('',(#160),#1656,.T.);
#1756=ADVANCED_FACE('',(#161,#68),#1657,.T.);
#1757=ADVANCED_FACE('',(#162),#57,.T.);
#1758=ADVANCED_FACE('',(#163),#1658,.T.);
#1759=ADVANCED_FACE('',(#164),#58,.T.);
#1760=ADVANCED_FACE('',(#165),#1659,.T.);
#1761=ADVANCED_FACE('',(#166),#59,.T.);
#1762=ADVANCED_FACE('',(#167),#1660,.T.);
#1763=ADVANCED_FACE('',(#168),#60,.T.);
#1764=ADVANCED_FACE('',(#169,#69),#1661,.T.);
#1765=ADVANCED_FACE('',(#170),#61,.T.);
#1766=ADVANCED_FACE('',(#171),#1662,.T.);
#1767=ADVANCED_FACE('',(#172),#62,.T.);
#1768=ADVANCED_FACE('',(#173),#63,.T.);
#1769=ADVANCED_FACE('',(#174),#1663,.T.);
#1770=ADVANCED_FACE('',(#175),#1664,.T.);
#1771=CLOSED_SHELL('',(#1665,#1666,#1667,#1668,#1669,#1670,#1671,#1672,
#1673,#1674,#1675,#1676,#1677,#1678,#1679,#1680,#1681,#1682,#1683,#1684,
#1685,#1686,#1687,#1688,#1689,#1690,#1691,#1692,#1693,#1694,#1695,#1696,
#1697,#1698,#1699,#1700,#1701,#1702,#1703,#1704,#1705,#1706,#1707,#1708,
#1709,#1710,#1711,#1712,#1713,#1714,#1715,#1716,#1717,#1718,#1719,#1720,
#1721,#1722,#1723,#1724,#1725,#1726,#1727,#1728,#1729,#1730,#1731,#1732,
#1733,#1734,#1735,#1736,#1737,#1738,#1739,#1740,#1741,#1742,#1743,#1744,
#1745,#1746,#1747,#1748,#1749,#1750,#1751,#1752,#1753,#1754,#1755,#1756,
#1757,#1758,#1759,#1760,#1761,#1762,#1763,#1764,#1765,#1766,#1767,#1768,
#1769,#1770));
#1772=DERIVED_UNIT_ELEMENT(#1774,1.);
#1773=DERIVED_UNIT_ELEMENT(#2985,-3.);
#1774=(
MASS_UNIT()
NAMED_UNIT(*)
SI_UNIT(.KILO.,.GRAM.)
);
#1775=DERIVED_UNIT((#1772,#1773));
#1776=MEASURE_REPRESENTATION_ITEM('density measure',
POSITIVE_RATIO_MEASURE(7850.),#1775);
#1777=PROPERTY_DEFINITION_REPRESENTATION(#1782,#1779);
#1778=PROPERTY_DEFINITION_REPRESENTATION(#1783,#1780);
#1779=REPRESENTATION('material name',(#1781),#2982);
#1780=REPRESENTATION('density',(#1776),#2982);
#1781=DESCRIPTIVE_REPRESENTATION_ITEM('Steel','Steel');
#1782=PROPERTY_DEFINITION('material property','material name',#2992);
#1783=PROPERTY_DEFINITION('material property','density of part',#2992);
#1784=AXIS2_PLACEMENT_3D('',#2481,#1955,#1956);
#1785=AXIS2_PLACEMENT_3D('',#2482,#1957,#1958);
#1786=AXIS2_PLACEMENT_3D('',#2491,#1962,#1963);
#1787=AXIS2_PLACEMENT_3D('',#2499,#1967,#1968);
#1788=AXIS2_PLACEMENT_3D('',#2507,#1972,#1973);
#1789=AXIS2_PLACEMENT_3D('',#2510,#1975,#1976);
#1790=AXIS2_PLACEMENT_3D('',#2512,#1977,#1978);
#1791=AXIS2_PLACEMENT_3D('',#2513,#1979,#1980);
#1792=AXIS2_PLACEMENT_3D('',#2515,#1981,#1982);
#1793=AXIS2_PLACEMENT_3D('',#2517,#1984,#1985);
#1794=AXIS2_PLACEMENT_3D('',#2519,#1986,#1987);
#1795=AXIS2_PLACEMENT_3D('',#2522,#1989,#1990);
#1796=AXIS2_PLACEMENT_3D('',#2523,#1991,#1992);
#1797=AXIS2_PLACEMENT_3D('',#2525,#1993,#1994);
#1798=AXIS2_PLACEMENT_3D('',#2528,#1996,#1997);
#1799=AXIS2_PLACEMENT_3D('',#2529,#1998,#1999);
#1800=AXIS2_PLACEMENT_3D('',#2538,#2004,#2005);
#1801=AXIS2_PLACEMENT_3D('',#2542,#2007,#2008);
#1802=AXIS2_PLACEMENT_3D('',#2546,#2010,#2011);
#1803=AXIS2_PLACEMENT_3D('',#2550,#2013,#2014);
#1804=AXIS2_PLACEMENT_3D('',#2552,#2016,#2017);
#1805=AXIS2_PLACEMENT_3D('',#2561,#2022,#2023);
#1806=AXIS2_PLACEMENT_3D('',#2569,#2028,#2029);
#1807=AXIS2_PLACEMENT_3D('',#2573,#2031,#2032);
#1808=AXIS2_PLACEMENT_3D('',#2576,#2034,#2035);
#1809=AXIS2_PLACEMENT_3D('',#2578,#2037,#2038);
#1810=AXIS2_PLACEMENT_3D('',#2582,#2041,#2042);
#1811=AXIS2_PLACEMENT_3D('',#2588,#2046,#2047);
#1812=AXIS2_PLACEMENT_3D('',#2590,#2048,#2049);
#1813=AXIS2_PLACEMENT_3D('',#2592,#2051,#2052);
#1814=AXIS2_PLACEMENT_3D('',#2596,#2055,#2056);
#1815=AXIS2_PLACEMENT_3D('',#2598,#2057,#2058);
#1816=AXIS2_PLACEMENT_3D('',#2600,#2060,#2061);
#1817=AXIS2_PLACEMENT_3D('',#2604,#2064,#2065);
#1818=AXIS2_PLACEMENT_3D('',#2614,#2070,#2071);
#1819=AXIS2_PLACEMENT_3D('',#2618,#2073,#2074);
#1820=AXIS2_PLACEMENT_3D('',#2621,#2076,#2077);
#1821=AXIS2_PLACEMENT_3D('',#2622,#2078,#2079);
#1822=AXIS2_PLACEMENT_3D('',#2625,#2081,#2082);
#1823=AXIS2_PLACEMENT_3D('',#2626,#2083,#2084);
#1824=AXIS2_PLACEMENT_3D('',#2630,#2087,#2088);
#1825=AXIS2_PLACEMENT_3D('',#2633,#2090,#2091);
#1826=AXIS2_PLACEMENT_3D('',#2634,#2092,#2093);
#1827=AXIS2_PLACEMENT_3D('',#2638,#2095,#2096);
#1828=AXIS2_PLACEMENT_3D('',#2642,#2098,#2099);
#1829=AXIS2_PLACEMENT_3D('',#2646,#2101,#2102);
#1830=AXIS2_PLACEMENT_3D('',#2650,#2105,#2106);
#1831=AXIS2_PLACEMENT_3D('',#2653,#2109,#2110);
#1832=AXIS2_PLACEMENT_3D('',#2655,#2112,#2113);
#1833=AXIS2_PLACEMENT_3D('',#2657,#2115,#2116);
#1834=AXIS2_PLACEMENT_3D('',#2659,#2118,#2119);
#1835=AXIS2_PLACEMENT_3D('',#2661,#2121,#2122);
#1836=AXIS2_PLACEMENT_3D('',#2665,#2125,#2126);
#1837=AXIS2_PLACEMENT_3D('',#2668,#2128,#2129);
#1838=AXIS2_PLACEMENT_3D('',#2669,#2130,#2131);
#1839=AXIS2_PLACEMENT_3D('',#2673,#2134,#2135);
#1840=AXIS2_PLACEMENT_3D('',#2676,#2137,#2138);
#1841=AXIS2_PLACEMENT_3D('',#2677,#2139,#2140);
#1842=AXIS2_PLACEMENT_3D('',#2681,#2143,#2144);
#1843=AXIS2_PLACEMENT_3D('',#2684,#2146,#2147);
#1844=AXIS2_PLACEMENT_3D('',#2685,#2148,#2149);
#1845=AXIS2_PLACEMENT_3D('',#2687,#2151,#2152);
#1846=AXIS2_PLACEMENT_3D('',#2689,#2154,#2155);
#1847=AXIS2_PLACEMENT_3D('',#2692,#2157,#2158);
#1848=AXIS2_PLACEMENT_3D('',#2693,#2159,#2160);
#1849=AXIS2_PLACEMENT_3D('',#2697,#2163,#2164);
#1850=AXIS2_PLACEMENT_3D('',#2700,#2166,#2167);
#1851=AXIS2_PLACEMENT_3D('',#2701,#2168,#2169);
#1852=AXIS2_PLACEMENT_3D('',#2705,#2172,#2173);
#1853=AXIS2_PLACEMENT_3D('',#2708,#2175,#2176);
#1854=AXIS2_PLACEMENT_3D('',#2709,#2177,#2178);
#1855=AXIS2_PLACEMENT_3D('',#2711,#2180,#2181);
#1856=AXIS2_PLACEMENT_3D('',#2715,#2183,#2184);
#1857=AXIS2_PLACEMENT_3D('',#2717,#2185,#2186);
#1858=AXIS2_PLACEMENT_3D('',#2719,#2188,#2189);
#1859=AXIS2_PLACEMENT_3D('',#2727,#2194,#2195);
#1860=AXIS2_PLACEMENT_3D('',#2733,#2199,#2200);
#1861=AXIS2_PLACEMENT_3D('',#2737,#2202,#2203);
#1862=AXIS2_PLACEMENT_3D('',#2739,#2204,#2205);
#1863=AXIS2_PLACEMENT_3D('',#2741,#2207,#2208);
#1864=AXIS2_PLACEMENT_3D('',#2745,#2211,#2212);
#1865=AXIS2_PLACEMENT_3D('',#2751,#2216,#2217);
#1866=AXIS2_PLACEMENT_3D('',#2757,#2221,#2222);
#1867=AXIS2_PLACEMENT_3D('',#2761,#2224,#2225);
#1868=AXIS2_PLACEMENT_3D('',#2762,#2226,#2227);
#1869=AXIS2_PLACEMENT_3D('',#2763,#2228,#2229);
#1870=AXIS2_PLACEMENT_3D('',#2769,#2233,#2234);
#1871=AXIS2_PLACEMENT_3D('',#2773,#2236,#2237);
#1872=AXIS2_PLACEMENT_3D('',#2774,#2238,#2239);
#1873=AXIS2_PLACEMENT_3D('',#2775,#2240,#2241);
#1874=AXIS2_PLACEMENT_3D('',#2781,#2245,#2246);
#1875=AXIS2_PLACEMENT_3D('',#2785,#2248,#2249);
#1876=AXIS2_PLACEMENT_3D('',#2786,#2250,#2251);
#1877=AXIS2_PLACEMENT_3D('',#2787,#2252,#2253);
#1878=AXIS2_PLACEMENT_3D('',#2793,#2257,#2258);
#1879=AXIS2_PLACEMENT_3D('',#2795,#2259,#2260);
#1880=AXIS2_PLACEMENT_3D('',#2798,#2262,#2263);
#1881=AXIS2_PLACEMENT_3D('',#2799,#2264,#2265);
#1882=AXIS2_PLACEMENT_3D('',#2805,#2269,#2270);
#1883=AXIS2_PLACEMENT_3D('',#2807,#2271,#2272);
#1884=AXIS2_PLACEMENT_3D('',#2810,#2274,#2275);
#1885=AXIS2_PLACEMENT_3D('',#2811,#2276,#2277);
#1886=AXIS2_PLACEMENT_3D('',#2817,#2281,#2282);
#1887=AXIS2_PLACEMENT_3D('',#2819,#2283,#2284);
#1888=AXIS2_PLACEMENT_3D('',#2822,#2286,#2287);
#1889=AXIS2_PLACEMENT_3D('',#2823,#2288,#2289);
#1890=AXIS2_PLACEMENT_3D('',#2829,#2293,#2294);
#1891=AXIS2_PLACEMENT_3D('',#2831,#2295,#2296);
#1892=AXIS2_PLACEMENT_3D('',#2834,#2298,#2299);
#1893=AXIS2_PLACEMENT_3D('',#2835,#2300,#2301);
#1894=AXIS2_PLACEMENT_3D('',#2841,#2305,#2306);
#1895=AXIS2_PLACEMENT_3D('',#2845,#2308,#2309);
#1896=AXIS2_PLACEMENT_3D('',#2846,#2310,#2311);
#1897=AXIS2_PLACEMENT_3D('',#2847,#2312,#2313);
#1898=AXIS2_PLACEMENT_3D('',#2853,#2317,#2318);
#1899=AXIS2_PLACEMENT_3D('',#2857,#2320,#2321);
#1900=AXIS2_PLACEMENT_3D('',#2858,#2322,#2323);
#1901=AXIS2_PLACEMENT_3D('',#2859,#2324,#2325);
#1902=AXIS2_PLACEMENT_3D('',#2865,#2329,#2330);
#1903=AXIS2_PLACEMENT_3D('',#2866,#2331,#2332);
#1904=AXIS2_PLACEMENT_3D('',#2867,#2333,#2334);
#1905=AXIS2_PLACEMENT_3D('',#2868,#2335,#2336);
#1906=AXIS2_PLACEMENT_3D('',#2871,#2338,#2339);
#1907=AXIS2_PLACEMENT_3D('',#2872,#2340,#2341);
#1908=AXIS2_PLACEMENT_3D('',#2876,#2344,#2345);
#1909=AXIS2_PLACEMENT_3D('',#2878,#2347,#2348);
#1910=AXIS2_PLACEMENT_3D('',#2880,#2350,#2351);
#1911=AXIS2_PLACEMENT_3D('',#2882,#2353,#2354);
#1912=AXIS2_PLACEMENT_3D('',#2883,#2355,#2356);
#1913=AXIS2_PLACEMENT_3D('',#2885,#2358,#2359);
#1914=AXIS2_PLACEMENT_3D('',#2887,#2361,#2362);
#1915=AXIS2_PLACEMENT_3D('',#2889,#2364,#2365);
#1916=AXIS2_PLACEMENT_3D('',#2891,#2367,#2368);
#1917=AXIS2_PLACEMENT_3D('',#2897,#2372,#2373);
#1918=AXIS2_PLACEMENT_3D('',#2903,#2377,#2378);
#1919=AXIS2_PLACEMENT_3D('',#2906,#2380,#2381);
#1920=AXIS2_PLACEMENT_3D('',#2907,#2382,#2383);
#1921=AXIS2_PLACEMENT_3D('',#2911,#2386,#2387);
#1922=AXIS2_PLACEMENT_3D('',#2916,#2391,#2392);
#1923=AXIS2_PLACEMENT_3D('',#2917,#2393,#2394);
#1924=AXIS2_PLACEMENT_3D('',#2918,#2395,#2396);
#1925=AXIS2_PLACEMENT_3D('',#2924,#2400,#2401);
#1926=AXIS2_PLACEMENT_3D('',#2925,#2402,#2403);
#1927=AXIS2_PLACEMENT_3D('',#2926,#2404,#2405);
#1928=AXIS2_PLACEMENT_3D('',#2932,#2409,#2410);
#1929=AXIS2_PLACEMENT_3D('',#2935,#2412,#2413);
#1930=AXIS2_PLACEMENT_3D('',#2936,#2414,#2415);
#1931=AXIS2_PLACEMENT_3D('',#2940,#2418,#2419);
#1932=AXIS2_PLACEMENT_3D('',#2945,#2423,#2424);
#1933=AXIS2_PLACEMENT_3D('',#2946,#2425,#2426);
#1934=AXIS2_PLACEMENT_3D('',#2947,#2427,#2428);
#1935=AXIS2_PLACEMENT_3D('',#2948,#2429,#2430);
#1936=AXIS2_PLACEMENT_3D('',#2949,#2431,#2432);
#1937=AXIS2_PLACEMENT_3D('',#2951,#2434,#2435);
#1938=AXIS2_PLACEMENT_3D('',#2953,#2437,#2438);
#1939=AXIS2_PLACEMENT_3D('',#2954,#2439,#2440);
#1940=AXIS2_PLACEMENT_3D('',#2956,#2442,#2443);
#1941=AXIS2_PLACEMENT_3D('',#2958,#2445,#2446);
#1942=AXIS2_PLACEMENT_3D('',#2960,#2448,#2449);
#1943=AXIS2_PLACEMENT_3D('',#2962,#2451,#2452);
#1944=AXIS2_PLACEMENT_3D('',#2964,#2454,#2455);
#1945=AXIS2_PLACEMENT_3D('',#2966,#2457,#2458);
#1946=AXIS2_PLACEMENT_3D('',#2968,#2460,#2461);
#1947=AXIS2_PLACEMENT_3D('',#2970,#2463,#2464);
#1948=AXIS2_PLACEMENT_3D('',#2971,#2465,#2466);
#1949=AXIS2_PLACEMENT_3D('',#2973,#2468,#2469);
#1950=AXIS2_PLACEMENT_3D('',#2974,#2470,#2471);
#1951=AXIS2_PLACEMENT_3D('',#2976,#2473,#2474);
#1952=AXIS2_PLACEMENT_3D('',#2977,#2475,#2476);
#1953=AXIS2_PLACEMENT_3D('',#2978,#2477,#2478);
#1954=AXIS2_PLACEMENT_3D('',#2979,#2479,#2480);
#1955=DIRECTION('axis',(0.,0.,1.));
#1956=DIRECTION('refdir',(1.,0.,0.));
#1957=DIRECTION('center_axis',(7.50017332191217E-14,-1.,0.));
#1958=DIRECTION('ref_axis',(0.,0.,-1.));
#1959=DIRECTION('',(1.77635683940025E-15,1.3322984177066E-28,-1.));
#1960=DIRECTION('',(1.,7.50017332191217E-14,0.));
#1961=DIRECTION('',(0.,0.,1.));
#1962=DIRECTION('center_axis',(-7.50017332191217E-14,1.,0.));
#1963=DIRECTION('ref_axis',(-0.983195200921207,-7.37413441618131E-14,-0.182557379707058));
#1964=DIRECTION('',(-0.35897907924146,-2.69240531325139E-14,0.933345606228986));
#1965=DIRECTION('',(-1.,-7.50017332191217E-14,-1.90819582357449E-16));
#1966=DIRECTION('',(-0.358979075001236,-2.69240528144898E-14,-0.933345607859841));
#1967=DIRECTION('center_axis',(-7.50017332191217E-14,1.,0.));
#1968=DIRECTION('ref_axis',(0.983195201069786,7.37413441729568E-14,-0.182557378906861));
#1969=DIRECTION('',(-2.91528934326379E-9,-2.1865175358002E-22,-1.));
#1970=DIRECTION('',(1.,7.50017332191217E-14,0.));
#1971=DIRECTION('',(-1.77635683940026E-15,-1.3322984177066E-28,1.));
#1972=DIRECTION('center_axis',(7.50017332191217E-14,-1.,0.));
#1973=DIRECTION('ref_axis',(0.707106781186554,5.30342341599857E-14,-0.707106781186541));
#1974=DIRECTION('',(1.,7.50017332191217E-14,0.));
#1975=DIRECTION('center_axis',(7.50017332191217E-14,-1.,0.));
#1976=DIRECTION('ref_axis',(-0.707106781186544,-5.3034234159985E-14,-0.707106781186551));
#1977=DIRECTION('center_axis',(7.50017332191217E-14,-1.,0.));
#1978=DIRECTION('ref_axis',(1.,7.47550169914272E-14,0.));
#1979=DIRECTION('center_axis',(7.47550169914272E-14,-1.,0.));
#1980=DIRECTION('ref_axis',(1.,7.47550169914272E-14,0.));
#1981=DIRECTION('center_axis',(7.47550169913325E-14,-1.,0.));
#1982=DIRECTION('ref_axis',(1.,7.47550169914272E-14,0.));
#1983=DIRECTION('',(7.47550169914272E-14,-1.,0.));
#1984=DIRECTION('center_axis',(-1.,-7.49030467280439E-14,2.91528934326379E-9));
#1985=DIRECTION('ref_axis',(-7.49030467280439E-14,1.,3.17983852159236E-25));
#1986=DIRECTION('center_axis',(-1.,-7.53605931866773E-14,-1.77635683940025E-15));
#1987=DIRECTION('ref_axis',(-7.53605931866773E-14,1.,1.65186416706121E-24));
#1988=DIRECTION('',(-1.,-7.49030467280439E-14,2.91528934326379E-9));
#1989=DIRECTION('center_axis',(1.,7.53605931866773E-14,0.));
#1990=DIRECTION('ref_axis',(-7.53605931866773E-14,1.,1.65186416706121E-24));
#1991=DIRECTION('center_axis',(-1.,-7.49030467280439E-14,2.91528934326379E-9));
#1992=DIRECTION('ref_axis',(-7.49030467280439E-14,1.,3.17983852159236E-25));
#1993=DIRECTION('center_axis',(-1.,-7.53605931866773E-14,2.91528934326379E-9));
#1994=DIRECTION('ref_axis',(-7.49030467280439E-14,1.,3.17983852159236E-25));
#1995=DIRECTION('',(-1.,-7.49030467280439E-14,2.91528934326379E-9));
#1996=DIRECTION('center_axis',(1.,7.53605931866773E-14,1.77635683940026E-15));
#1997=DIRECTION('ref_axis',(-7.53605931866773E-14,1.,1.65186416706121E-24));
#1998=DIRECTION('center_axis',(0.707106781186494,0.707106781186601,0.));
#1999=DIRECTION('ref_axis',(0.,0.,-1.));
#2000=DIRECTION('',(-0.57735026918967,0.577350269189582,0.577350269189625));
#2001=DIRECTION('',(0.,0.,-1.));
#2002=DIRECTION('',(-0.520523591799325,0.520523591799246,0.676838518969437));
#2003=DIRECTION('',(0.,0.,1.));
#2004=DIRECTION('center_axis',(1.,7.53605931866773E-14,0.));
#2005=DIRECTION('ref_axis',(0.,0.,1.));
#2006=DIRECTION('',(4.59414314710285E-14,-0.60962141522992,-0.79269270848991));
#2007=DIRECTION('center_axis',(-1.,-7.53605931866773E-14,0.));
#2008=DIRECTION('ref_axis',(-2.88407218185432E-14,0.382683432365089,-0.923879532511287));
#2009=DIRECTION('',(5.32879864765403E-14,-0.707106781186548,-0.707106781186547));
#2010=DIRECTION('center_axis',(-1.,-7.53605931866773E-14,0.));
#2011=DIRECTION('ref_axis',(-7.04995422231056E-14,0.923879532511287,-0.382683432365089));
#2012=DIRECTION('',(0.,0.,-1.));
#2013=DIRECTION('center_axis',(-1.,-7.53605931866773E-14,0.));
#2014=DIRECTION('ref_axis',(-6.96984110614794E-14,0.923879532511287,-0.38268343236509));
#2015=DIRECTION('',(5.32879864765403E-14,-0.707106781186548,-0.707106781186547));
#2016=DIRECTION('center_axis',(-0.707106781186601,0.707106781186494,0.));
#2017=DIRECTION('ref_axis',(0.,0.,1.));
#2018=DIRECTION('',(-0.577350269189582,-0.57735026918967,-0.577350269189625));
#2019=DIRECTION('',(0.,0.,-1.));
#2020=DIRECTION('',(-0.520523591799246,-0.520523591799325,-0.676838518969438));
#2021=DIRECTION('',(0.,0.,1.));
#2022=DIRECTION('center_axis',(-5.33831435952483E-14,0.707106781186547,
-0.707106781186548));
#2023=DIRECTION('ref_axis',(-1.,0.,7.54951656745105E-14));
#2024=DIRECTION('',(-1.,-7.47550169913325E-14,0.));
#2025=DIRECTION('',(5.45440604434873E-14,-0.707106781186548,-0.707106781186547));
#2026=DIRECTION('',(-1.,-7.54951656745106E-14,0.));
#2027=DIRECTION('',(-5.32879864765403E-14,0.707106781186548,0.707106781186547));
#2028=DIRECTION('center_axis',(7.47550169913325E-14,-1.,0.));
#2029=DIRECTION('ref_axis',(1.,7.47550169913325E-14,0.));
#2030=DIRECTION('',(-1.,-7.47550169913325E-14,0.));
#2031=DIRECTION('center_axis',(-7.47550169913325E-14,1.,0.));
#2032=DIRECTION('ref_axis',(-0.707106781186544,-5.28597794422865E-14,-0.707106781186551));
#2033=DIRECTION('',(-1.,-7.47550169913325E-14,0.));
#2034=DIRECTION('center_axis',(-7.47550169913325E-14,1.,0.));
#2035=DIRECTION('ref_axis',(0.707106781186554,5.28597794422872E-14,-0.707106781186541));
#2036=DIRECTION('',(1.,7.47550169913325E-14,0.));
#2037=DIRECTION('center_axis',(-5.92577568920686E-14,0.79269270848991,-0.60962141522992));
#2038=DIRECTION('ref_axis',(-1.,0.,9.72041916698732E-14));
#2039=DIRECTION('',(4.59414314710285E-14,-0.60962141522992,-0.79269270848991));
#2040=DIRECTION('',(-1.,-7.54951656745106E-14,0.));
#2041=DIRECTION('center_axis',(0.707106781186494,0.707106781186601,1.25607396694702E-15));
#2042=DIRECTION('ref_axis',(1.77635683940038E-15,0.,-1.));
#2043=DIRECTION('',(-0.678598344545901,0.678598344545799,-0.281084637714807));
#2044=DIRECTION('',(1.77635683940025E-15,1.32791585712035E-28,-1.));
#2045=DIRECTION('',(-0.707106781186604,0.707106781186491,0.));
#2046=DIRECTION('center_axis',(-7.10542735760103E-14,1.,0.));
#2047=DIRECTION('ref_axis',(-0.707106781186544,-5.19875058541513E-14,-0.707106781186551));
#2048=DIRECTION('center_axis',(7.47550169913325E-14,-1.,0.));
#2049=DIRECTION('ref_axis',(-0.707106781186544,-5.02429586778808E-14,-0.707106781186551));
#2050=DIRECTION('',(-5.02429586778811E-14,0.707106781186549,-0.707106781186546));
#2051=DIRECTION('center_axis',(-5.28597794422869E-14,0.707106781186549,
0.707106781186546));
#2052=DIRECTION('ref_axis',(1.,0.,7.47550169913328E-14));
#2053=DIRECTION('',(-5.02429586778809E-14,0.707106781186546,-0.707106781186549));
#2054=DIRECTION('',(1.,7.47550169913325E-14,0.));
#2055=DIRECTION('center_axis',(-7.10542735760103E-14,1.,0.));
#2056=DIRECTION('ref_axis',(0.707106781186554,5.19875058541517E-14,-0.707106781186541));
#2057=DIRECTION('center_axis',(7.47550169913325E-14,-1.,0.));
#2058=DIRECTION('ref_axis',(0.707106781186554,5.02429586778806E-14,-0.707106781186541));
#2059=DIRECTION('',(0.707106781186494,0.707106781186601,3.14018491736755E-15));
#2060=DIRECTION('center_axis',(-0.707106781186601,0.707106781186494,-1.25607396694703E-15));
#2061=DIRECTION('ref_axis',(-1.77635683940012E-15,0.,1.));
#2062=DIRECTION('',(-0.678598344545798,-0.6785983445459,0.281084637714812));
#2063=DIRECTION('',(-1.77635683940026E-15,-1.32791585712036E-28,1.));
#2064=DIRECTION('center_axis',(-1.,-7.53605931866773E-14,-1.77635683940026E-15));
#2065=DIRECTION('ref_axis',(1.77635683940026E-15,1.32791585712036E-28,-1.));
#2066=DIRECTION('',(-5.45440604434873E-14,0.707106781186548,0.707106781186547));
#2067=DIRECTION('',(-7.53605931866773E-14,1.,0.));
#2068=DIRECTION('',(1.77635683940026E-15,1.3322984177066E-28,-1.));
#2069=DIRECTION('',(5.45440604434872E-14,-0.707106781186546,-0.707106781186548));
#2070=DIRECTION('center_axis',(1.,7.53605931866773E-14,1.77635683940026E-15));
#2071=DIRECTION('ref_axis',(2.71981107393887E-14,-0.382683432365092,0.923879532511286));
#2072=DIRECTION('',(7.53605931866773E-14,-1.,0.));
#2073=DIRECTION('center_axis',(1.,7.53605931866773E-14,1.77635683940026E-15));
#2074=DIRECTION('ref_axis',(-5.45440604434873E-14,0.707106781186548,0.707106781186548));
#2075=DIRECTION('',(-1.77635683940026E-15,-1.34106353887572E-28,1.));
#2076=DIRECTION('center_axis',(1.,7.53605931866773E-14,1.77635683940026E-15));
#2077=DIRECTION('ref_axis',(-6.89443272706738E-14,0.923879532511287,-0.382683432365089));
#2078=DIRECTION('center_axis',(-7.53605931866773E-14,1.,0.));
#2079=DIRECTION('ref_axis',(0.707106781186554,5.02429586778805E-14,-0.707106781186541));
#2080=DIRECTION('',(7.53605931866773E-14,-1.,0.));
#2081=DIRECTION('center_axis',(-7.50017332191217E-14,1.,0.));
#2082=DIRECTION('ref_axis',(0.707106781186554,5.02429586778805E-14,-0.707106781186541));
#2083=DIRECTION('center_axis',(0.,0.,1.));
#2084=DIRECTION('ref_axis',(-1.,-7.47550169913325E-14,0.));
#2085=DIRECTION('',(-7.53605931866773E-14,1.,0.));
#2086=DIRECTION('',(-1.,-7.50017332191217E-14,0.));
#2087=DIRECTION('center_axis',(7.53605931866773E-14,-1.,0.));
#2088=DIRECTION('ref_axis',(-0.707106781186544,-5.02429586778808E-14,-0.707106781186551));
#2089=DIRECTION('',(7.53605931866773E-14,-1.,0.));
#2090=DIRECTION('center_axis',(-7.50017332191217E-14,1.,0.));
#2091=DIRECTION('ref_axis',(-0.707106781186544,-5.02429586778808E-14,-0.707106781186551));
#2092=DIRECTION('center_axis',(1.,7.53605931866773E-14,1.77635683940025E-15));
#2093=DIRECTION('ref_axis',(-1.77635683940025E-15,-1.32791585712035E-28,
1.));
#2094=DIRECTION('',(5.45440604434873E-14,-0.707106781186548,-0.707106781186547));
#2095=DIRECTION('center_axis',(-1.,-7.53605931866773E-14,-1.77635683940025E-15));
#2096=DIRECTION('ref_axis',(-6.89443272706738E-14,0.923879532511287,-0.38268343236509));
#2097=DIRECTION('',(1.77635683940025E-15,1.34106353887572E-28,-1.));
#2098=DIRECTION('center_axis',(-1.,-7.53605931866773E-14,-1.77635683940025E-15));
#2099=DIRECTION('ref_axis',(-5.45440604434873E-14,0.707106781186548,0.707106781186548));
#2100=DIRECTION('',(-7.53605931866773E-14,1.,0.));
#2101=DIRECTION('center_axis',(-1.,-7.53605931866773E-14,-1.77635683940025E-15));
#2102=DIRECTION('ref_axis',(2.71981107393884E-14,-0.382683432365088,0.923879532511287));
#2103=DIRECTION('',(-5.45440604434873E-14,0.707106781186548,0.707106781186548));
#2104=DIRECTION('',(-1.77635683940025E-15,-1.3322984177066E-28,1.));
#2105=DIRECTION('center_axis',(-0.707106781186488,-0.707106781186607,-1.25607396694701E-15));
#2106=DIRECTION('ref_axis',(-1.77635683940039E-15,0.,1.));
#2107=DIRECTION('',(0.707106781186607,-0.707106781186488,0.));
#2108=DIRECTION('',(-0.678598344545896,0.678598344545793,-0.281084637714834));
#2109=DIRECTION('center_axis',(7.10542735760103E-14,-1.,0.));
#2110=DIRECTION('ref_axis',(0.707106781186554,5.2103808999284E-14,-0.707106781186541));
#2111=DIRECTION('',(5.0242958677881E-14,-0.707106781186548,-0.707106781186548));
#2112=DIRECTION('center_axis',(5.30342341599854E-14,-0.707106781186549,
0.707106781186546));
#2113=DIRECTION('ref_axis',(1.,0.,-7.5001733219122E-14));
#2114=DIRECTION('',(5.02429586778809E-14,-0.707106781186546,-0.707106781186549));
#2115=DIRECTION('center_axis',(7.10542735760103E-14,-1.,0.));
#2116=DIRECTION('ref_axis',(-0.707106781186544,-5.21038089992836E-14,-0.707106781186551));
#2117=DIRECTION('',(-0.707106781186497,-0.707106781186598,0.));
#2118=DIRECTION('center_axis',(0.707106781186598,-0.707106781186497,1.25607396694702E-15));
#2119=DIRECTION('ref_axis',(1.77635683940012E-15,0.,-1.));
#2120=DIRECTION('',(-0.67859834454579,-0.678598344545899,0.281084637714833));
#2121=DIRECTION('center_axis',(0.707106781186589,-0.499999999999943,0.499999999999998));
#2122=DIRECTION('ref_axis',(0.577350269189602,0.,-0.816496580927743));
#2123=DIRECTION('',(-0.707106781186504,-0.500000000000059,0.500000000000003));
#2124=DIRECTION('',(5.45440604434873E-14,-0.707106781186548,-0.707106781186548));
#2125=DIRECTION('center_axis',(-1.,-7.10542735760115E-14,0.));
#2126=DIRECTION('ref_axis',(2.82931847921582E-14,-0.382683432365088,0.923879532511287));
#2127=DIRECTION('',(-0.707106781186538,-5.02429586778812E-14,0.707106781186557));
#2128=DIRECTION('center_axis',(1.,7.53605931866773E-14,1.77635683940025E-15));
#2129=DIRECTION('ref_axis',(2.88407218185432E-14,-0.382683432365088,0.923879532511287));
#2130=DIRECTION('center_axis',(0.707106781186544,5.328798647654E-14,0.707106781186551));
#2131=DIRECTION('ref_axis',(0.707106781186551,0.,-0.707106781186544));
#2132=DIRECTION('',(-0.707106781186551,-5.02429586778808E-14,0.707106781186544));
#2133=DIRECTION('',(7.53605931866773E-14,-1.,0.));
#2134=DIRECTION('center_axis',(-1.,-7.10542735760109E-14,0.));
#2135=DIRECTION('ref_axis',(-5.49960567573508E-14,0.707106781186548,0.707106781186548));
#2136=DIRECTION('',(-0.707106781186595,0.7071067811865,0.));
#2137=DIRECTION('center_axis',(1.,7.53605931866773E-14,1.77635683940025E-15));
#2138=DIRECTION('ref_axis',(-5.52672545456689E-14,0.707106781186547,0.707106781186547));
#2139=DIRECTION('center_axis',(0.707106781186494,0.707106781186601,1.25607396694702E-15));
#2140=DIRECTION('ref_axis',(1.77635683940038E-15,0.,-1.));
#2141=DIRECTION('',(-0.707106781186601,0.707106781186494,0.));
#2142=DIRECTION('',(-1.77635683940025E-15,-1.34106353887572E-28,1.));
#2143=DIRECTION('center_axis',(-1.,-7.10542735760115E-14,0.));
#2144=DIRECTION('ref_axis',(-6.93752322939913E-14,0.923879532511287,-0.38268343236509));
#2145=DIRECTION('',(-0.707106781186578,0.499999999999952,-0.500000000000006));
#2146=DIRECTION('center_axis',(1.,7.53605931866773E-14,1.77635683940025E-15));
#2147=DIRECTION('ref_axis',(-6.96984110614794E-14,0.923879532511287,-0.38268343236509));
#2148=DIRECTION('center_axis',(0.707106781186505,0.500000000000057,-0.500000000000003));
#2149=DIRECTION('ref_axis',(-0.577350269189651,0.,-0.816496580927708));
#2150=DIRECTION('',(-5.45440604434873E-14,0.707106781186548,0.707106781186547));
#2151=DIRECTION('center_axis',(-0.707106781186581,0.499999999999948,-0.500000000000004));
#2152=DIRECTION('ref_axis',(-0.57735026918961,0.,0.816496580927737));
#2153=DIRECTION('',(0.707106781186514,0.500000000000048,-0.5));
#2154=DIRECTION('center_axis',(1.,7.10542735760115E-14,0.));
#2155=DIRECTION('ref_axis',(-7.07485999996362E-14,0.923879532511287,-0.382683432365089));
#2156=DIRECTION('',(0.707106781186491,0.707106781186604,0.));
#2157=DIRECTION('center_axis',(-1.,-7.53605931866773E-14,-1.77635683940026E-15));
#2158=DIRECTION('ref_axis',(-7.2101804546358E-14,0.923879532511287,-0.382683432365089));
#2159=DIRECTION('center_axis',(-0.70710678118661,0.707106781186485,-1.25607396694704E-15));
#2160=DIRECTION('ref_axis',(-1.77635683940012E-15,0.,1.));
#2161=DIRECTION('',(0.707106781186485,0.70710678118661,0.));
#2162=DIRECTION('',(1.77635683940026E-15,1.34106353887572E-28,-1.));
#2163=DIRECTION('center_axis',(1.,7.1054273576009E-14,0.));
#2164=DIRECTION('ref_axis',(-5.18558718399832E-14,0.707106781186548,0.707106781186548));
#2165=DIRECTION('',(0.707106781186554,5.02429586778805E-14,0.707106781186541));
#2166=DIRECTION('center_axis',(-1.,-7.53605931866773E-14,-1.77635683940026E-15));
#2167=DIRECTION('ref_axis',(-5.02429586778808E-14,0.707106781186547,0.707106781186547));
#2168=DIRECTION('center_axis',(-0.707106781186548,-5.32879864765402E-14,
0.707106781186548));
#2169=DIRECTION('ref_axis',(0.707106781186548,0.,0.707106781186548));
#2170=DIRECTION('',(0.707106781186548,5.0242958677881E-14,0.707106781186548));
#2171=DIRECTION('',(-7.53605931866773E-14,1.,0.));
#2172=DIRECTION('center_axis',(1.,7.10542735760115E-14,0.));
#2173=DIRECTION('ref_axis',(2.82931847921583E-14,-0.382683432365092,0.923879532511286));
#2174=DIRECTION('',(0.70710678118658,-0.499999999999955,0.499999999999999));
#2175=DIRECTION('center_axis',(-1.,-7.53605931866773E-14,-1.77635683940026E-15));
#2176=DIRECTION('ref_axis',(2.88407218185431E-14,-0.382683432365092,0.923879532511286));
#2177=DIRECTION('center_axis',(-0.70710678118652,-0.500000000000048,0.499999999999992));
#2178=DIRECTION('ref_axis',(0.577350269189634,0.,0.81649658092772));
#2179=DIRECTION('',(-5.45440604434872E-14,0.707106781186546,0.707106781186548));
#2180=DIRECTION('center_axis',(1.,7.54951656745106E-14,0.));
#2181=DIRECTION('ref_axis',(-5.02429586778808E-14,0.707106781186547,0.707106781186547));
#2182=DIRECTION('',(1.,7.54951656745106E-14,0.));
#2183=DIRECTION('center_axis',(-0.707106781186546,-5.32879864765401E-14,
-0.707106781186549));
#2184=DIRECTION('ref_axis',(-0.707106781186549,-5.35794051525837E-14,0.707106781186546));
#2185=DIRECTION('center_axis',(-0.70710678118648,-0.707106781186616,2.06142086374266E-9));
#2186=DIRECTION('ref_axis',(-0.707106781186616,0.707106781186479,-2.06142090299497E-9));
#2187=DIRECTION('',(-1.,-7.54951656745106E-14,0.));
#2188=DIRECTION('center_axis',(-7.54951656745106E-14,1.,0.));
#2189=DIRECTION('ref_axis',(0.,0.,1.));
#2190=DIRECTION('',(2.91528934326379E-9,2.20090251958835E-22,1.));
#2191=DIRECTION('',(1.,7.54951656745106E-14,-8.92494232791578E-30));
#2192=DIRECTION('',(0.,0.,1.));
#2193=DIRECTION('',(1.,7.54951656745106E-14,0.));
#2194=DIRECTION('center_axis',(0.70710678118648,0.707106781186616,-2.06142086374266E-9));
#2195=DIRECTION('ref_axis',(-2.91528934326401E-9,0.,-1.));
#2196=DIRECTION('',(0.57735026862863,-0.577350270311663,-0.577350268628584));
#2197=DIRECTION('',(-2.91528934326379E-9,-2.20090251958835E-22,-1.));
#2198=DIRECTION('',(-0.70710678118661,0.707106781186485,2.06142149177973E-9));
#2199=DIRECTION('center_axis',(1.,7.54951656745106E-14,0.));
#2200=DIRECTION('ref_axis',(-5.52672545456689E-14,0.707106781186547,0.707106781186547));
#2201=DIRECTION('',(-1.,-7.54951656745106E-14,0.));
#2202=DIRECTION('center_axis',(0.707106781186605,-0.70710678118649,0.));
#2203=DIRECTION('ref_axis',(0.70710678118649,0.707106781186605,0.));
#2204=DIRECTION('center_axis',(0.707106781186546,5.32879864765401E-14,-0.707106781186549));
#2205=DIRECTION('ref_axis',(0.707106781186549,5.35794051525837E-14,0.707106781186546));
#2206=DIRECTION('',(1.,7.54951656745106E-14,0.));
#2207=DIRECTION('center_axis',(0.,0.,1.));
#2208=DIRECTION('ref_axis',(-1.,-7.47550169913325E-14,0.));
#2209=DIRECTION('',(-7.53605931866773E-14,1.,0.));
#2210=DIRECTION('',(-1.,-7.50017332191217E-14,0.));
#2211=DIRECTION('center_axis',(-0.707106781186546,-5.32879864765401E-14,
0.707106781186549));
#2212=DIRECTION('ref_axis',(0.707106781186549,0.,0.707106781186546));
#2213=DIRECTION('',(0.577350269189581,0.577350269189675,0.577350269189622));
#2214=DIRECTION('',(7.53605931866773E-14,-1.,0.));
#2215=DIRECTION('',(0.707106781186549,5.33831435952484E-14,0.707106781186546));
#2216=DIRECTION('center_axis',(-0.707106781186605,0.70710678118649,0.));
#2217=DIRECTION('ref_axis',(0.,0.,1.));
#2218=DIRECTION('',(0.,0.,-1.));
#2219=DIRECTION('',(0.70710678118649,0.707106781186605,0.));
#2220=DIRECTION('',(0.,0.,1.));
#2221=DIRECTION('center_axis',(-1.,-7.40148682257691E-14,2.91529022818977E-9));
#2222=DIRECTION('ref_axis',(-1.11570255632716E-9,0.923879532511287,-0.382683432365089));
#2223=DIRECTION('',(-0.707106782249795,0.500000000278853,-0.499999998217489));
#2224=DIRECTION('center_axis',(1.,7.53605931866773E-14,-2.91528934326379E-9));
#2225=DIRECTION('ref_axis',(-1.11570255632716E-9,0.923879532511287,-0.382683432365089));
#2226=DIRECTION('center_axis',(-1.,-7.53605931866773E-14,2.91528934326379E-9));
#2227=DIRECTION('ref_axis',(-1.11570255632716E-9,0.923879532511287,-0.382683432365089));
#2228=DIRECTION('center_axis',(0.707106781186506,0.499999998969346,-0.500000001030713));
#2229=DIRECTION('ref_axis',(-0.577350269983092,0.,-0.816496580366661));
#2230=DIRECTION('',(-0.707106781186589,0.500000001030655,-0.499999998969286));
#2231=DIRECTION('',(2.06136757575623E-9,0.707106781186547,0.707106781186548));
#2232=DIRECTION('',(-2.06136757575623E-9,-0.707106781186547,-0.707106781186548));
#2233=DIRECTION('center_axis',(-1.,-7.40148681089936E-14,2.91529022359023E-9));
#2234=DIRECTION('ref_axis',(-2.69340499484016E-9,0.382683432365089,-0.923879532511287));
#2235=DIRECTION('',(-0.707106782295716,-5.2336415078016E-14,-0.707106780077379));
#2236=DIRECTION('center_axis',(1.,7.53605931866773E-14,-2.91528934326379E-9));
#2237=DIRECTION('ref_axis',(-2.69340499484016E-9,0.382683432365089,-0.923879532511287));
#2238=DIRECTION('center_axis',(-1.,-7.53605931866773E-14,2.91528934326379E-9));
#2239=DIRECTION('ref_axis',(-2.69340499484016E-9,0.382683432365089,-0.923879532511287));
#2240=DIRECTION('center_axis',(0.707106781186542,5.32879864765398E-14,-0.707106781186553));
#2241=DIRECTION('ref_axis',(-0.707106781186553,0.,-0.707106781186542));
#2242=DIRECTION('',(-0.707106781186542,-5.23364151368852E-14,-0.707106781186553));
#2243=DIRECTION('',(-7.53605931866773E-14,1.,0.));
#2244=DIRECTION('',(7.53605931866773E-14,-1.,0.));
#2245=DIRECTION('center_axis',(1.,7.40148681557687E-14,-2.9152902254326E-9));
#2246=DIRECTION('ref_axis',(2.06147415172919E-9,-0.707106781186546,0.707106781186549));
#2247=DIRECTION('',(-0.707106780457763,0.707106781915332,2.06142148540551E-9));
#2248=DIRECTION('center_axis',(-1.,-7.53605931866773E-14,2.91528934326379E-9));
#2249=DIRECTION('ref_axis',(2.06147415172919E-9,-0.707106781186546,0.707106781186549));
#2250=DIRECTION('center_axis',(1.,7.53605931866773E-14,-2.91528934326379E-9));
#2251=DIRECTION('ref_axis',(2.06147415172919E-9,-0.707106781186546,0.707106781186549));
#2252=DIRECTION('center_axis',(0.707106781186506,0.707106781186589,-2.06142086374274E-9));
#2253=DIRECTION('ref_axis',(-2.91528934326401E-9,0.,-1.));
#2254=DIRECTION('',(-2.91528934326379E-9,-2.17932504390335E-22,-1.));
#2255=DIRECTION('',(-0.7071067811866,0.707106781186495,2.0614214917797E-9));
#2256=DIRECTION('',(2.91528934326379E-9,2.17932504390335E-22,1.));
#2257=DIRECTION('center_axis',(8.88178419700105E-14,-1.,0.));
#2258=DIRECTION('ref_axis',(0.983195201069786,7.40546437509269E-14,-0.182557378906861));
#2259=DIRECTION('center_axis',(-7.47550169913325E-14,1.,0.));
#2260=DIRECTION('ref_axis',(0.983195201069786,7.45271330717116E-14,-0.182557378906861));
#2261=DIRECTION('',(-0.659975008508443,0.707106781186485,0.253836538237442));
#2262=DIRECTION('center_axis',(7.47550169913325E-14,-1.,0.));
#2263=DIRECTION('ref_axis',(0.983195201069786,7.34987739617684E-14,-0.182557378906861));
#2264=DIRECTION('center_axis',(0.659975008508309,0.70710678118661,-0.253836538237443));
#2265=DIRECTION('ref_axis',(-0.358979075001261,0.,-0.933345607859832));
#2266=DIRECTION('',(-0.358979075001236,-2.68354868512502E-14,-0.933345607859841));
#2267=DIRECTION('',(-0.659975008508441,0.707106781186484,0.253836538237449));
#2268=DIRECTION('',(0.358979075001236,2.68354868512502E-14,0.933345607859841));
#2269=DIRECTION('center_axis',(8.88178419700118E-14,-1.,0.));
#2270=DIRECTION('ref_axis',(0.566136434527384,4.2778963917874E-14,-0.824311553661976));
#2271=DIRECTION('center_axis',(-7.47550169913325E-14,1.,0.));
#2272=DIRECTION('ref_axis',(0.566136434527384,4.30991615126309E-14,-0.824311553661976));
#2273=DIRECTION('',(-6.28036983473503E-14,0.707106781186546,0.707106781186549));
#2274=DIRECTION('center_axis',(7.47550169913325E-14,-1.,0.));
#2275=DIRECTION('ref_axis',(0.566136434527384,4.2321538782507E-14,-0.824311553661976));
#2276=DIRECTION('center_axis',(-5.27248496216187E-14,0.707106781186549,
-0.707106781186546));
#2277=DIRECTION('ref_axis',(-1.,0.,7.45641974089753E-14));
#2278=DIRECTION('',(-1.,-7.47550169913325E-14,-1.90819582357449E-16));
#2279=DIRECTION('',(-6.28036983473513E-14,0.707106781186546,0.707106781186549));
#2280=DIRECTION('',(1.,7.47550169913325E-14,1.90819582357449E-16));
#2281=DIRECTION('center_axis',(7.40148683083443E-14,-1.,0.));
#2282=DIRECTION('ref_axis',(-0.566136432654948,-4.27789638206857E-14,-0.824311554947964));
#2283=DIRECTION('center_axis',(-7.47550169913325E-14,1.,0.));
#2284=DIRECTION('ref_axis',(-0.566136432654948,-4.30991614453927E-14,-0.824311554947964));
#2285=DIRECTION('',(0.659975007355133,0.707106781186597,0.253836541235737));
#2286=DIRECTION('center_axis',(7.47550169913325E-14,-1.,0.));
#2287=DIRECTION('ref_axis',(-0.566136432654948,-4.2321538642533E-14,-0.824311554947964));
#2288=DIRECTION('center_axis',(-0.659975007355233,0.707106781186503,-0.253836541235738));
#2289=DIRECTION('ref_axis',(-0.358979079241435,0.,0.933345606228996));
#2290=DIRECTION('',(-0.35897907924146,-2.68354871682283E-14,0.933345606228986));
#2291=DIRECTION('',(0.659975007355136,0.707106781186592,0.253836541235743));
#2292=DIRECTION('',(0.35897907924146,2.68354871682283E-14,-0.933345606228986));
#2293=DIRECTION('center_axis',(7.40148683083443E-14,-1.,0.));
#2294=DIRECTION('ref_axis',(-0.983195200921207,-7.4054643773718E-14,-0.182557379707058));
#2295=DIRECTION('center_axis',(-7.47550169913325E-14,1.,0.));
#2296=DIRECTION('ref_axis',(-0.983195200921207,-7.45271331233162E-14,-0.182557379707058));
#2297=DIRECTION('',(0.7071067811865,0.707106781186595,0.));
#2298=DIRECTION('center_axis',(7.47550169913325E-14,-1.,0.));
#2299=DIRECTION('ref_axis',(-0.983195200921207,-7.34987739506614E-14,-0.182557379707058));
#2300=DIRECTION('center_axis',(-0.707106781186605,0.70710678118649,0.));
#2301=DIRECTION('ref_axis',(0.,0.,1.));
#2302=DIRECTION('',(0.,0.,1.));
#2303=DIRECTION('',(0.70710678118649,0.707106781186605,0.));
#2304=DIRECTION('',(0.,0.,-1.));
#2305=DIRECTION('center_axis',(-1.,-7.40148683083443E-14,0.));
#2306=DIRECTION('ref_axis',(5.21168219385942E-14,-0.707106781186546,0.707106781186549));
#2307=DIRECTION('',(0.70710678118655,5.23364152894597E-14,-0.707106781186545));
#2308=DIRECTION('center_axis',(1.,7.53605931866773E-14,0.));
#2309=DIRECTION('ref_axis',(5.02429586778809E-14,-0.707106781186546,0.707106781186549));
#2310=DIRECTION('center_axis',(-1.,-7.53605931866773E-14,0.));
#2311=DIRECTION('ref_axis',(5.32879864765401E-14,-0.707106781186546,0.707106781186549));
#2312=DIRECTION('center_axis',(-0.707106781186548,-5.32879864765402E-14,
-0.707106781186548));
#2313=DIRECTION('ref_axis',(-0.707106781186548,0.,0.707106781186548));
#2314=DIRECTION('',(-7.53605931866773E-14,1.,0.));
#2315=DIRECTION('',(0.707106781186547,5.23364152894595E-14,-0.707106781186547));
#2316=DIRECTION('',(7.53605931866773E-14,-1.,0.));
#2317=DIRECTION('center_axis',(1.,7.40148683083443E-14,0.));
#2318=DIRECTION('ref_axis',(-2.8840067883967E-14,0.382683432365089,-0.923879532511287));
#2319=DIRECTION('',(0.707106781186512,0.500000000000046,-0.500000000000004));
#2320=DIRECTION('center_axis',(-1.,-7.53605931866773E-14,0.));
#2321=DIRECTION('ref_axis',(-2.88407218185432E-14,0.382683432365089,-0.923879532511287));
#2322=DIRECTION('center_axis',(1.,7.53605931866773E-14,0.));
#2323=DIRECTION('ref_axis',(-2.88392504657468E-14,0.382683432365089,-0.923879532511287));
#2324=DIRECTION('center_axis',(-0.707106781186587,0.499999999999945,-0.499999999999999));
#2325=DIRECTION('ref_axis',(-0.577350269189603,0.,0.816496580927742));
#2326=DIRECTION('',(0.70710678118651,0.500000000000055,-0.499999999999998));
#2327=DIRECTION('',(5.32879864765403E-14,-0.707106781186548,-0.707106781186547));
#2328=DIRECTION('',(-5.32879864765403E-14,0.707106781186548,0.707106781186547));
#2329=DIRECTION('center_axis',(1.,7.40148683083464E-14,0.));
#2330=DIRECTION('ref_axis',(-7.01104610586501E-14,0.923879532511287,-0.382683432365089));
#2331=DIRECTION('center_axis',(-1.,-7.53605931866773E-14,0.));
#2332=DIRECTION('ref_axis',(-7.04995422231056E-14,0.923879532511287,-0.382683432365089));
#2333=DIRECTION('center_axis',(1.,7.53605931866773E-14,0.));
#2334=DIRECTION('ref_axis',(-6.96241096030807E-14,0.923879532511287,-0.382683432365089));
#2335=DIRECTION('center_axis',(1.,7.54951656745106E-14,-8.92494232791578E-30));
#2336=DIRECTION('ref_axis',(-7.04995422231056E-14,0.923879532511287,-0.382683432365089));
#2337=DIRECTION('',(-1.,-7.54951656745106E-14,8.92494232791578E-30));
#2338=DIRECTION('center_axis',(1.,7.53605931866773E-14,0.));
#2339=DIRECTION('ref_axis',(-7.04995422231056E-14,0.923879532511287,-0.382683432365089));
#2340=DIRECTION('center_axis',(-5.33831435952483E-14,0.707106781186548,
-0.707106781186547));
#2341=DIRECTION('ref_axis',(-1.,0.,7.54951656745107E-14));
#2342=DIRECTION('',(-1.,-7.54951656745106E-14,0.));
#2343=DIRECTION('',(-5.32879864765402E-14,0.707106781186547,0.707106781186548));
#2344=DIRECTION('center_axis',(7.47550169913325E-14,-1.,0.));
#2345=DIRECTION('ref_axis',(1.,7.47550169913325E-14,0.));
#2346=DIRECTION('',(-1.,-7.47550169913325E-14,0.));
#2347=DIRECTION('center_axis',(-1.,-7.47550169913325E-14,0.));
#2348=DIRECTION('ref_axis',(5.02429586778809E-14,-0.707106781186546,0.707106781186549));
#2349=DIRECTION('',(1.,7.47550169913325E-14,0.));
#2350=DIRECTION('center_axis',(0.,0.,-1.));
#2351=DIRECTION('ref_axis',(1.,7.47550169913325E-14,0.));
#2352=DIRECTION('',(-1.,-7.54951656745106E-14,0.));
#2353=DIRECTION('center_axis',(-1.,-7.54951656745106E-14,0.));
#2354=DIRECTION('ref_axis',(-2.88407218185432E-14,0.382683432365089,-0.923879532511287));
#2355=DIRECTION('center_axis',(1.,7.53605931866773E-14,0.));
#2356=DIRECTION('ref_axis',(-2.88407218185432E-14,0.382683432365089,-0.923879532511287));
#2357=DIRECTION('',(1.,7.54951656745106E-14,0.));
#2358=DIRECTION('center_axis',(-5.33831435952483E-14,0.707106781186547,
-0.707106781186548));
#2359=DIRECTION('ref_axis',(-1.,0.,7.54951656745105E-14));
#2360=DIRECTION('',(-1.,-7.54951656745106E-14,0.));
#2361=DIRECTION('center_axis',(1.,7.54951656745106E-14,0.));
#2362=DIRECTION('ref_axis',(-7.04995422231056E-14,0.923879532511287,-0.382683432365089));
#2363=DIRECTION('',(1.,7.54951656745106E-14,0.));
#2364=DIRECTION('center_axis',(-7.54951656745106E-14,1.,0.));
#2365=DIRECTION('ref_axis',(0.,0.,1.));
#2366=DIRECTION('',(1.,7.54951656745106E-14,0.));
#2367=DIRECTION('center_axis',(0.707106781186603,-0.707106781186493,-2.06142086374271E-9));
#2368=DIRECTION('ref_axis',(-2.91528934326358E-9,0.,-1.));
#2369=DIRECTION('',(0.707106781186496,0.707106781186599,-2.06142149177969E-9));
#2370=DIRECTION('',(2.91528934326379E-9,2.1865175358002E-22,1.));
#2371=DIRECTION('',(-0.678598344481049,-0.678598345300602,0.281084636049116));
#2372=DIRECTION('center_axis',(0.707106781186585,-0.500000001030658,0.499999998969289));
#2373=DIRECTION('ref_axis',(0.577350268396163,0.,-0.816496581488789));
#2374=DIRECTION('',(2.06136757575623E-9,0.707106781186546,0.707106781186548));
#2375=DIRECTION('',(-0.70710678118651,-0.499999998969343,0.500000001030711));
#2376=DIRECTION('',(-2.06136757575623E-9,-0.707106781186546,-0.707106781186548));
#2377=DIRECTION('center_axis',(-7.10542735760096E-14,1.,0.));
#2378=DIRECTION('ref_axis',(0.983195201069786,7.42652034387933E-14,-0.182557378906861));
#2379=DIRECTION('',(0.659975008508324,0.707106781186594,-0.253836538237448));
#2380=DIRECTION('center_axis',(7.50017332191217E-14,-1.,0.));
#2381=DIRECTION('ref_axis',(0.983195201069786,7.45271330717116E-14,-0.182557378906861));
#2382=DIRECTION('center_axis',(0.659975008508427,-0.707106781186498,-0.253836538237448));
#2383=DIRECTION('ref_axis',(-0.358979075001211,0.,-0.933345607859851));
#2384=DIRECTION('',(0.659975008508321,0.707106781186597,-0.253836538237448));
#2385=DIRECTION('',(0.358979075001236,2.69240528144898E-14,0.933345607859841));
#2386=DIRECTION('center_axis',(0.707106781186546,5.32879864765401E-14,0.707106781186549));
#2387=DIRECTION('ref_axis',(0.707106781186549,0.,-0.707106781186546));
#2388=DIRECTION('',(7.53605931866773E-14,-1.,0.));
#2389=DIRECTION('',(0.707106781186549,5.33831437508758E-14,-0.707106781186546));
#2390=DIRECTION('',(-7.53605931866773E-14,1.,0.));
#2391=DIRECTION('center_axis',(-1.,-7.50017332191217E-14,0.));
#2392=DIRECTION('ref_axis',(2.66453525910037E-14,-0.382683432365093,0.923879532511285));
#2393=DIRECTION('center_axis',(1.,7.50017332191217E-14,0.));
#2394=DIRECTION('ref_axis',(2.66453525910037E-14,-0.382683432365093,0.923879532511285));
#2395=DIRECTION('center_axis',(5.31691639806534E-14,-0.707106781186547,
-0.707106781186548));
#2396=DIRECTION('ref_axis',(-1.,0.,-7.5192552801479E-14));
#2397=DIRECTION('',(5.02429586778808E-14,-0.707106781186548,0.707106781186547));
#2398=DIRECTION('',(-5.02429586778808E-14,0.707106781186548,-0.707106781186547));
#2399=DIRECTION('',(1.,7.50017332191217E-14,1.90819582357449E-16));
#2400=DIRECTION('center_axis',(-7.50017332191217E-14,1.,0.));
#2401=DIRECTION('ref_axis',(0.566136434527386,4.44089209850062E-14,-0.824311553661975));
#2402=DIRECTION('center_axis',(7.50017332191217E-14,-1.,0.));
#2403=DIRECTION('ref_axis',(0.566136434527386,4.44089209850062E-14,-0.824311553661975));
#2404=DIRECTION('center_axis',(-0.659975007355131,-0.707106781186598,-0.253836541235739));
#2405=DIRECTION('ref_axis',(-0.358979079241485,0.,0.933345606228976));
#2406=DIRECTION('',(0.659975007355241,-0.707106781186496,0.25383654123574));
#2407=DIRECTION('',(-0.659975007355239,0.707106781186497,-0.25383654123574));
#2408=DIRECTION('',(0.35897907924146,2.69240531325139E-14,-0.933345606228986));
#2409=DIRECTION('center_axis',(-7.54951656745106E-14,1.,0.));
#2410=DIRECTION('ref_axis',(-0.983195200921207,-7.42652034694818E-14,-0.182557379707058));
#2411=DIRECTION('',(-0.707106781186601,0.707106781186494,0.));
#2412=DIRECTION('center_axis',(7.50017332191217E-14,-1.,0.));
#2413=DIRECTION('ref_axis',(-0.983195200921207,-7.45271331233162E-14,-0.182557379707058));
#2414=DIRECTION('center_axis',(-0.707106781186494,-0.707106781186601,0.));
#2415=DIRECTION('ref_axis',(0.,0.,1.));
#2416=DIRECTION('',(0.,0.,-1.));
#2417=DIRECTION('',(-0.678598344545897,0.678598344545795,-0.281084637714824));
#2418=DIRECTION('center_axis',(-0.707106781186509,-0.500000000000054,0.500000000000001));
#2419=DIRECTION('ref_axis',(0.577350269189647,0.,0.816496580927711));
#2420=DIRECTION('',(-5.32879864765402E-14,0.707106781186548,0.707106781186548));
#2421=DIRECTION('',(-0.707106781186585,0.499999999999945,-0.500000000000002));
#2422=DIRECTION('',(5.32879864765402E-14,-0.707106781186548,-0.707106781186548));
#2423=DIRECTION('center_axis',(-7.50017332191216E-14,1.,0.));
#2424=DIRECTION('ref_axis',(-0.566136432654947,-4.44089209850063E-14,-0.824311554947964));
#2425=DIRECTION('center_axis',(7.50017332191216E-14,-1.,0.));
#2426=DIRECTION('ref_axis',(-0.566136432654947,-4.44089209850063E-14,-0.824311554947964));
#2427=DIRECTION('center_axis',(1.,7.50017332191217E-14,0.));
#2428=DIRECTION('ref_axis',(2.66453525910038E-14,-0.38268343236509,0.923879532511287));
#2429=DIRECTION('center_axis',(-1.,-7.50017332191217E-14,0.));
#2430=DIRECTION('ref_axis',(2.66453525910038E-14,-0.38268343236509,0.923879532511287));
#2431=DIRECTION('center_axis',(5.30342341599854E-14,-0.707106781186549,
0.707106781186547));
#2432=DIRECTION('ref_axis',(1.,0.,-7.50017332191219E-14));
#2433=DIRECTION('',(1.,7.50017332191217E-14,0.));
#2434=DIRECTION('center_axis',(-1.,-7.50017332191217E-14,0.));
#2435=DIRECTION('ref_axis',(2.88407218185431E-14,-0.382683432365093,0.923879532511286));
#2436=DIRECTION('',(-1.,-7.50017332191217E-14,0.));
#2437=DIRECTION('center_axis',(0.,0.,1.));
#2438=DIRECTION('ref_axis',(-1.,-7.47550169913325E-14,0.));
#2439=DIRECTION('center_axis',(1.,7.53605931866773E-14,-2.91528934326379E-9));
#2440=DIRECTION('ref_axis',(2.91528934326379E-9,2.17932504390335E-22,1.));
#2441=DIRECTION('',(7.53605931893973E-14,-1.,9.33035935569143E-16));
#2442=DIRECTION('center_axis',(7.53605931893973E-14,-1.,9.33035935569143E-16));
#2443=DIRECTION('ref_axis',(0.983195201069786,7.45271330717116E-14,-0.182557378906861));
#2444=DIRECTION('',(-7.53605931893973E-14,1.,-9.33035935569145E-16));
#2445=DIRECTION('center_axis',(0.933345607859841,7.00025382819428E-14,-0.358979075001236));
#2446=DIRECTION('ref_axis',(0.358979075001236,2.68354868512502E-14,0.933345607859841));
#2447=DIRECTION('',(7.50017332191217E-14,-1.,0.));
#2448=DIRECTION('center_axis',(7.50017332191217E-14,-1.,0.));
#2449=DIRECTION('ref_axis',(0.566136434527384,4.30991615126309E-14,-0.824311553661976));
#2450=DIRECTION('',(-7.50017332191217E-14,1.,0.));
#2451=DIRECTION('center_axis',(1.90819582357449E-16,1.43117994089576E-29,
-1.));
#2452=DIRECTION('ref_axis',(1.,7.47550169913325E-14,1.90819582357449E-16));
#2453=DIRECTION('',(7.50017332191216E-14,-1.,-2.80259692864963E-45));
#2454=DIRECTION('center_axis',(7.50017332191216E-14,-1.,0.));
#2455=DIRECTION('ref_axis',(-0.566136432654948,-4.30991614453927E-14,-0.824311554947964));
#2456=DIRECTION('',(-7.50017332191217E-14,1.,-4.53095298249318E-30));
#2457=DIRECTION('center_axis',(-0.933345606228986,-7.00025381596258E-14,
-0.35897907924146));
#2458=DIRECTION('ref_axis',(0.35897907924146,2.68354871682283E-14,-0.933345606228986));
#2459=DIRECTION('',(7.53605931866773E-14,-1.,-9.33035915845729E-16));
#2460=DIRECTION('center_axis',(7.53605931866773E-14,-1.,-9.33035915845729E-16));
#2461=DIRECTION('ref_axis',(-0.983195200921207,-7.45271331233162E-14,-0.182557379707058));
#2462=DIRECTION('',(-7.53605931866773E-14,1.,9.33035915845729E-16));
#2463=DIRECTION('center_axis',(-1.,-7.53605931866773E-14,0.));
#2464=DIRECTION('ref_axis',(0.,0.,-1.));
#2465=DIRECTION('center_axis',(-1.,-7.50017332191217E-14,0.));
#2466=DIRECTION('ref_axis',(2.88407218185432E-14,-0.382683432365088,0.923879532511287));
#2467=DIRECTION('',(1.,7.50017332191217E-14,0.));
#2468=DIRECTION('center_axis',(5.30342341599853E-14,-0.707106781186548,
0.707106781186548));
#2469=DIRECTION('ref_axis',(1.,0.,-7.50017332191217E-14));
#2470=DIRECTION('center_axis',(1.,7.54951656745106E-14,0.));
#2471=DIRECTION('ref_axis',(-6.96984110614794E-14,0.923879532511287,-0.38268343236509));
#2472=DIRECTION('',(-1.,-7.54951656745106E-14,0.));
#2473=DIRECTION('center_axis',(1.,7.54951656745106E-14,0.));
#2474=DIRECTION('ref_axis',(-7.2101804546358E-14,0.923879532511287,-0.382683432365089));
#2475=DIRECTION('center_axis',(1.,7.53605931866773E-14,0.));
#2476=DIRECTION('ref_axis',(-7.2101804546358E-14,0.923879532511287,-0.382683432365089));
#2477=DIRECTION('center_axis',(-5.33831435952483E-14,0.707106781186547,
-0.707106781186548));
#2478=DIRECTION('ref_axis',(-1.,0.,7.54951656745105E-14));
#2479=DIRECTION('center_axis',(-1.,-7.53605931866773E-14,0.));
#2480=DIRECTION('ref_axis',(0.,0.,-1.));
#2481=CARTESIAN_POINT('',(0.,0.,0.));
#2482=CARTESIAN_POINT('Origin',(82.0000000087583,-73.5381489732176,21.25));
#2483=CARTESIAN_POINT('',(77.0600000000048,-73.538148973218,39.75));
#2484=CARTESIAN_POINT('',(77.0600000000049,-73.538148973218,33.75));
#2485=CARTESIAN_POINT('',(77.0600000000049,-73.538148973218,27.5));
#2486=CARTESIAN_POINT('',(75.0000000000048,-73.5381489732181,39.75));
#2487=CARTESIAN_POINT('',(80.0300000043816,-73.5381489732177,39.75));
#2488=CARTESIAN_POINT('',(75.0000000000048,-73.5381489732181,13.4927106215978));
#2489=CARTESIAN_POINT('',(75.0000000000048,-73.5381489732181,32.));
#2490=CARTESIAN_POINT('',(75.1333087875469,-73.5381489732181,12.7747524631149));
#2491=CARTESIAN_POINT('Origin',(77.0000000000048,-73.538148973218,13.4927106215978));
#2492=CARTESIAN_POINT('',(79.3735981955232,-73.5381489732178,1.75));
#2493=CARTESIAN_POINT('',(74.0226190480884,-73.5381489732182,15.6625457863294));
#2494=CARTESIAN_POINT('',(84.6264017956449,-73.5381489732174,1.75000000000001));
#2495=CARTESIAN_POINT('',(80.0000000038427,-73.5381489732177,1.75));
#2496=CARTESIAN_POINT('',(88.866691147938,-73.5381489732171,12.7747524678256));
#2497=CARTESIAN_POINT('',(87.4773809181477,-73.5381489732172,9.1625458206135));
#2498=CARTESIAN_POINT('',(88.9999999322184,-73.5381489732171,13.4927106119975));
#2499=CARTESIAN_POINT('Origin',(86.9999999322184,-73.5381489732172,13.4927106178281));
#2500=CARTESIAN_POINT('',(89.000000008766,-73.5381489732171,39.75));
#2501=CARTESIAN_POINT('',(88.9999999526466,-73.5381489732171,20.4999999927118));
#2502=CARTESIAN_POINT('',(86.9400000029354,-73.5381489732172,39.75));
#2503=CARTESIAN_POINT('',(86.5000000131351,-73.5381489732172,39.75));
#2504=CARTESIAN_POINT('',(86.9400000029354,-73.5381489732172,33.75));
#2505=CARTESIAN_POINT('',(86.9400000029354,-73.5381489732172,32.));
#2506=CARTESIAN_POINT('',(84.9400000029354,-73.5381489732174,31.75));
#2507=CARTESIAN_POINT('Origin',(84.9400000029354,-73.5381489732174,33.75));
#2508=CARTESIAN_POINT('',(79.0600000000049,-73.5381489732178,31.75));
#2509=CARTESIAN_POINT('',(84.5000000043892,-73.5381489732174,31.75));
#2510=CARTESIAN_POINT('Origin',(79.0600000000049,-73.5381489732178,33.75));
#2511=CARTESIAN_POINT('',(80.3000011920207,-73.5381489732177,25.25));
#2512=CARTESIAN_POINT('Origin',(82.0000011920207,-73.5381489732176,25.25));
#2513=CARTESIAN_POINT('Origin',(82.0000011920202,-66.0381489732176,25.25));
#2514=CARTESIAN_POINT('',(80.3000011920202,-66.0381489732177,25.25));
#2515=CARTESIAN_POINT('Origin',(82.0000011920202,-66.0381489732176,25.25));
#2516=CARTESIAN_POINT('',(80.3000011920202,-66.0381489732177,25.25));
#2517=CARTESIAN_POINT('Origin',(91.0000000058503,-69.038148973217,38.7499999977813));
#2518=CARTESIAN_POINT('',(78.0600000000046,-70.0381489732179,38.7500000355051));
#2519=CARTESIAN_POINT('Origin',(78.0600000000045,-69.0381489732179,38.7500000355051));
#2520=CARTESIAN_POINT('',(73.0000000000046,-70.0381489732183,38.7500000502565));
#2521=CARTESIAN_POINT('',(91.0000000058504,-70.038148973217,38.7499999977813));
#2522=CARTESIAN_POINT('Origin',(73.0000000000045,-69.0381489732183,38.7500000502565));
#2523=CARTESIAN_POINT('Origin',(91.0000000058503,-69.038148973217,38.7499999977813));
#2524=CARTESIAN_POINT('',(91.0000000058504,-70.038148973217,38.7499999977813));
#2525=CARTESIAN_POINT('Origin',(91.0000000058503,-69.038148973217,38.7499999977813));
#2526=CARTESIAN_POINT('',(85.9400000029351,-70.0381489732173,38.7500000125327));
#2527=CARTESIAN_POINT('',(91.0000000058504,-70.038148973217,38.7499999977813));
#2528=CARTESIAN_POINT('Origin',(85.940000002935,-69.0381489732173,38.7500000125327));
#2529=CARTESIAN_POINT('Origin',(76.0000000000042,-65.538148973218,23.));
#2530=CARTESIAN_POINT('',(76.5000000000043,-66.038148973218,33.75));
#2531=CARTESIAN_POINT('',(75.5000000000042,-65.0381489732181,34.75));
#2532=CARTESIAN_POINT('',(77.294166666671,-66.8323156398846,32.9558333333333));
#2533=CARTESIAN_POINT('',(76.5000000000043,-66.038148973218,21.0194608366266));
#2534=CARTESIAN_POINT('',(76.5000000000043,-66.038148973218,23.));
#2535=CARTESIAN_POINT('',(75.5000000000042,-65.0381489732181,22.3197640882618));
#2536=CARTESIAN_POINT('',(76.2097506080839,-65.7478995812976,21.3968730647258));
#2537=CARTESIAN_POINT('',(75.5000000000042,-65.0381489732181,23.));
#2538=CARTESIAN_POINT('Origin',(75.5000000000043,-66.0381489732181,19.75));
#2539=CARTESIAN_POINT('',(75.5000000000043,-67.0046338748022,19.7627373764405));
#2540=CARTESIAN_POINT('',(75.5000000000043,-66.5864988815521,20.3064396677861));
#2541=CARTESIAN_POINT('',(75.5000000000042,-65.1594693167777,20.6286796564404));
#2542=CARTESIAN_POINT('Origin',(75.5000000000044,-67.2807896603374,22.75));
#2543=CARTESIAN_POINT('',(75.5000000000041,-62.9168286296584,22.8713203435596));
#2544=CARTESIAN_POINT('',(75.5000000000042,-65.0381489732181,20.75));
#2545=CARTESIAN_POINT('',(75.500000000004,-62.0381489732181,24.9926406871193));
#2546=CARTESIAN_POINT('Origin',(75.5000000000042,-65.0381489732181,24.9926406871193));
#2547=CARTESIAN_POINT('',(75.500000000004,-62.0381489732181,39.4068542494924));
#2548=CARTESIAN_POINT('',(75.500000000004,-62.0381489732181,19.75));
#2549=CARTESIAN_POINT('',(75.5000000000041,-63.2097218484719,36.5784271247462));
#2550=CARTESIAN_POINT('Origin',(75.5000000000043,-66.0381489732181,39.4068542494924));
#2551=CARTESIAN_POINT('',(75.5000000000045,-68.5381489732181,31.25));
#2552=CARTESIAN_POINT('Origin',(88.0000000000195,-65.5381489732171,30.));
#2553=CARTESIAN_POINT('',(88.5000000000194,-65.0381489732171,34.75));
#2554=CARTESIAN_POINT('',(87.5000000000195,-66.0381489732172,33.75));
#2555=CARTESIAN_POINT('',(87.6591666677794,-65.8789823054573,33.9091666677599));
#2556=CARTESIAN_POINT('',(88.5000000000194,-65.0381489732171,22.3197640882618));
#2557=CARTESIAN_POINT('',(88.5000000000194,-65.0381489732171,30.));
#2558=CARTESIAN_POINT('',(87.5000000000195,-66.0381489732172,21.0194608366266));
#2559=CARTESIAN_POINT('',(87.5690395856718,-65.9691093875649,21.1092332343418));
#2560=CARTESIAN_POINT('',(87.5000000000195,-66.0381489732172,30.));
#2561=CARTESIAN_POINT('Origin',(87.2050000065788,-64.0381489732172,35.75));
#2562=CARTESIAN_POINT('',(86.9400000029348,-66.0381489732172,33.75));
#2563=CARTESIAN_POINT('',(87.2050000065789,-66.0381489732172,33.75));
#2564=CARTESIAN_POINT('',(86.9400000029346,-63.209721848471,36.5784271247462));
#2565=CARTESIAN_POINT('',(86.9400000029346,-62.7881489732172,37.));
#2566=CARTESIAN_POINT('',(88.5000000000193,-63.2097218484709,36.5784271247462));
#2567=CARTESIAN_POINT('',(87.8375000084008,-63.209721848471,36.5784271247462));
#2568=CARTESIAN_POINT('',(88.5000000000194,-65.0381489732171,34.75));
#2569=CARTESIAN_POINT('Origin',(82.0000000000119,-66.0381489732176,26.25));
#2570=CARTESIAN_POINT('',(77.0600000000043,-66.038148973218,33.75));
#2571=CARTESIAN_POINT('',(75.5150000000043,-66.0381489732181,33.75));
#2572=CARTESIAN_POINT('',(79.0600000000043,-66.0381489732178,31.75));
#2573=CARTESIAN_POINT('Origin',(79.0600000000043,-66.0381489732178,33.75));
#2574=CARTESIAN_POINT('',(84.9400000029348,-66.0381489732174,31.75));
#2575=CARTESIAN_POINT('',(84.5000000000157,-66.0381489732174,31.75));
#2576=CARTESIAN_POINT('Origin',(84.9400000029348,-66.0381489732174,33.75));
#2577=CARTESIAN_POINT('',(76.6325000000043,-66.038148973218,21.0194608366266));
#2578=CARTESIAN_POINT('Origin',(76.6325000000043,-66.52139142401,20.3910991065336));
#2579=CARTESIAN_POINT('',(88.5000000000196,-67.0046338748012,19.7627373764405));
#2580=CARTESIAN_POINT('',(88.5000000000193,-63.2038017260067,24.7049717784375));
#2581=CARTESIAN_POINT('',(76.6325000000043,-67.0046338748021,19.7627373764405));
#2582=CARTESIAN_POINT('Origin',(77.5600000000044,-66.5381489732179,30.));
#2583=CARTESIAN_POINT('',(78.0600000000044,-67.0381489732179,34.1642135623731));
#2584=CARTESIAN_POINT('',(77.0279754480975,-66.0061244213111,33.7367349962713));
#2585=CARTESIAN_POINT('',(78.0600000000044,-67.0381489732179,33.75));
#2586=CARTESIAN_POINT('',(78.0600000000044,-67.0381489732179,30.));
#2587=CARTESIAN_POINT('',(78.0600000000044,-67.0381489732179,33.75));
#2588=CARTESIAN_POINT('Origin',(79.0600000000043,-66.5381489732178,33.75));
#2589=CARTESIAN_POINT('',(79.0600000000044,-67.0381489732178,32.75));
#2590=CARTESIAN_POINT('Origin',(79.0600000000044,-67.0381489732178,33.75));
#2591=CARTESIAN_POINT('',(79.0600000000044,-67.0381489732178,32.75));
#2592=CARTESIAN_POINT('Origin',(84.5000000000157,-66.5381489732174,32.25));
#2593=CARTESIAN_POINT('',(84.9400000029349,-67.0381489732174,32.75));
#2594=CARTESIAN_POINT('',(84.9400000029349,-67.0381489732174,32.75));
#2595=CARTESIAN_POINT('',(84.5000000000158,-67.0381489732174,32.75));
#2596=CARTESIAN_POINT('Origin',(84.9400000029349,-66.5381489732174,33.75));
#2597=CARTESIAN_POINT('',(85.9400000029349,-67.0381489732173,33.75));
#2598=CARTESIAN_POINT('Origin',(84.9400000029349,-67.0381489732174,33.75));
#2599=CARTESIAN_POINT('',(85.9400000029349,-67.0381489732173,33.75));
#2600=CARTESIAN_POINT('Origin',(86.4400000029349,-66.5381489732172,34.5));
#2601=CARTESIAN_POINT('',(85.9400000029349,-67.0381489732173,34.1642135623731));
#2602=CARTESIAN_POINT('',(86.8463226840365,-66.1318262921156,33.7888024159745));
#2603=CARTESIAN_POINT('',(85.9400000029349,-67.0381489732173,34.5));
#2604=CARTESIAN_POINT('Origin',(85.9400000029348,-66.0381489732173,42.75));
#2605=CARTESIAN_POINT('',(85.9400000029347,-63.9168286296576,37.2855339059327));
#2606=CARTESIAN_POINT('',(85.9400000029346,-62.8702557544038,38.3321067811865));
#2607=CARTESIAN_POINT('',(85.9400000029353,-72.5381489732173,33.75));
#2608=CARTESIAN_POINT('',(85.9400000029348,-66.0381489732173,33.75));
#2609=CARTESIAN_POINT('',(85.9400000029353,-72.5381489732173,39.3357864376269));
#2610=CARTESIAN_POINT('',(85.9400000029353,-72.5381489732173,32.));
#2611=CARTESIAN_POINT('',(85.9400000029351,-70.4168286296577,41.4571067811866));
#2612=CARTESIAN_POINT('',(85.9400000029351,-69.4560421920308,42.4178932188135));
#2613=CARTESIAN_POINT('',(85.9400000029351,-69.7097218484711,41.75));
#2614=CARTESIAN_POINT('Origin',(85.9400000029351,-69.7097218484711,40.75));
#2615=CARTESIAN_POINT('',(85.9400000029347,-64.5381489732173,41.75));
#2616=CARTESIAN_POINT('',(85.9400000029348,-66.0381489732173,41.75));
#2617=CARTESIAN_POINT('',(85.9400000029346,-63.0381489732173,40.25));
#2618=CARTESIAN_POINT('Origin',(85.9400000029347,-64.5381489732173,40.25));
#2619=CARTESIAN_POINT('',(85.9400000029346,-63.0381489732173,39.4068542494924));
#2620=CARTESIAN_POINT('',(85.9400000029346,-63.0381489732173,37.));
#2621=CARTESIAN_POINT('Origin',(85.9400000029348,-66.0381489732173,39.4068542494924));
#2622=CARTESIAN_POINT('Origin',(84.9400000029348,-66.0381489732174,33.75));
#2623=CARTESIAN_POINT('',(84.9400000029353,-72.5381489732174,32.75));
#2624=CARTESIAN_POINT('',(84.9400000029348,-66.0381489732174,32.75));
#2625=CARTESIAN_POINT('Origin',(84.9400000029353,-72.5381489732174,33.75));
#2626=CARTESIAN_POINT('Origin',(87.0000000000195,-66.0381489732172,32.75));
#2627=CARTESIAN_POINT('',(79.0600000000048,-72.5381489732178,32.75));
#2628=CARTESIAN_POINT('',(79.0600000000043,-66.0381489732178,32.75));
#2629=CARTESIAN_POINT('',(84.5000000043891,-72.5381489732174,32.75));
#2630=CARTESIAN_POINT('Origin',(79.0600000000043,-66.0381489732178,33.75));
#2631=CARTESIAN_POINT('',(78.0600000000048,-72.5381489732179,33.75));
#2632=CARTESIAN_POINT('',(78.0600000000043,-66.0381489732179,33.75));
#2633=CARTESIAN_POINT('Origin',(79.0600000000048,-72.5381489732178,33.75));
#2634=CARTESIAN_POINT('Origin',(78.0600000000043,-66.0381489732179,33.75));
#2635=CARTESIAN_POINT('',(78.0600000000041,-63.9168286296582,37.2855339059327));
#2636=CARTESIAN_POINT('',(78.0600000000043,-66.2452557544044,34.9571067811866));
#2637=CARTESIAN_POINT('',(78.0600000000041,-63.0381489732179,39.4068542494924));
#2638=CARTESIAN_POINT('Origin',(78.0600000000043,-66.0381489732179,39.4068542494924));
#2639=CARTESIAN_POINT('',(78.0600000000041,-63.0381489732179,40.25));
#2640=CARTESIAN_POINT('',(78.0600000000041,-63.0381489732179,32.5));
#2641=CARTESIAN_POINT('',(78.0600000000042,-64.5381489732179,41.75));
#2642=CARTESIAN_POINT('Origin',(78.0600000000042,-64.5381489732179,40.25));
#2643=CARTESIAN_POINT('',(78.0600000000046,-69.7097218484717,41.75));
#2644=CARTESIAN_POINT('',(78.0600000000043,-66.0381489732179,41.75));
#2645=CARTESIAN_POINT('',(78.0600000000046,-70.4168286296582,41.4571067811865));
#2646=CARTESIAN_POINT('Origin',(78.0600000000046,-69.7097218484717,40.75));
#2647=CARTESIAN_POINT('',(78.0600000000048,-72.5381489732179,39.3357864376269));
#2648=CARTESIAN_POINT('',(78.0600000000047,-71.7060421920313,40.1678932188134));
#2649=CARTESIAN_POINT('',(78.0600000000048,-72.5381489732179,27.5));
#2650=CARTESIAN_POINT('Origin',(86.4400000029354,-73.0381489732173,32.));
#2651=CARTESIAN_POINT('',(85.9400000029353,-72.5381489732173,33.75));
#2652=CARTESIAN_POINT('',(86.9400000029354,-73.5381489732172,39.75));
#2653=CARTESIAN_POINT('Origin',(84.9400000029354,-73.0381489732174,33.75));
#2654=CARTESIAN_POINT('',(84.9400000029353,-72.5381489732174,32.75));
#2655=CARTESIAN_POINT('Origin',(84.5000000043892,-73.0381489732174,32.25));
#2656=CARTESIAN_POINT('',(79.0600000000048,-72.5381489732178,32.75));
#2657=CARTESIAN_POINT('Origin',(79.0600000000048,-73.0381489732178,33.75));
#2658=CARTESIAN_POINT('',(78.0600000000048,-72.5381489732179,33.75));
#2659=CARTESIAN_POINT('Origin',(77.5600000000048,-73.0381489732179,27.5));
#2660=CARTESIAN_POINT('',(78.0600000000048,-72.5381489732179,39.3357864376269));
#2661=CARTESIAN_POINT('Origin',(77.5600000000047,-72.0595955826246,40.5214466094067));
#2662=CARTESIAN_POINT('',(77.0600000000047,-71.1239354108449,42.1642135623731));
#2663=CARTESIAN_POINT('',(78.0600000000046,-70.4168286296582,41.4571067811865));
#2664=CARTESIAN_POINT('',(77.0600000000048,-72.413148973218,40.875));
#2665=CARTESIAN_POINT('Origin',(77.5600000000046,-69.7097218484717,40.75));
#2666=CARTESIAN_POINT('',(77.0600000000046,-69.7097218484718,42.75));
#2667=CARTESIAN_POINT('',(78.0600000000046,-69.7097218484717,41.75));
#2668=CARTESIAN_POINT('Origin',(77.0600000000046,-69.7097218484718,40.75));
#2669=CARTESIAN_POINT('Origin',(77.5600000000043,-66.0381489732179,42.25));
#2670=CARTESIAN_POINT('',(77.0600000000042,-64.538148973218,42.75));
#2671=CARTESIAN_POINT('',(78.0600000000042,-64.5381489732179,41.75));
#2672=CARTESIAN_POINT('',(77.0600000000043,-66.038148973218,42.75));
#2673=CARTESIAN_POINT('Origin',(77.5600000000042,-64.5381489732179,40.25));
#2674=CARTESIAN_POINT('',(77.060000000004,-62.038148973218,40.25));
#2675=CARTESIAN_POINT('',(78.0600000000041,-63.0381489732179,40.25));
#2676=CARTESIAN_POINT('Origin',(77.0600000000042,-64.538148973218,40.25));
#2677=CARTESIAN_POINT('Origin',(77.5600000000041,-62.5381489732179,32.5));
#2678=CARTESIAN_POINT('',(77.060000000004,-62.038148973218,39.4068542494924));
#2679=CARTESIAN_POINT('',(78.0600000000041,-63.0381489732179,39.4068542494924));
#2680=CARTESIAN_POINT('',(77.060000000004,-62.038148973218,32.5));
#2681=CARTESIAN_POINT('Origin',(77.5600000000043,-66.0381489732179,39.4068542494924));
#2682=CARTESIAN_POINT('',(77.0600000000041,-63.2097218484718,36.5784271247462));
#2683=CARTESIAN_POINT('',(78.0600000000041,-63.9168286296582,37.2855339059327));
#2684=CARTESIAN_POINT('Origin',(77.0600000000043,-66.038148973218,39.4068542494924));
#2685=CARTESIAN_POINT('Origin',(77.5600000000043,-65.3917023638112,35.1035533905933));
#2686=CARTESIAN_POINT('',(77.0600000000042,-65.038148973218,34.75));
#2687=CARTESIAN_POINT('Origin',(86.4400000029346,-63.1417023638105,37.3535533905933));
#2688=CARTESIAN_POINT('',(85.9400000029347,-63.9168286296576,37.2855339059327));
#2689=CARTESIAN_POINT('Origin',(86.4400000029348,-66.0381489732172,39.4068542494924));
#2690=CARTESIAN_POINT('',(86.9400000029345,-62.0381489732172,39.4068542494924));
#2691=CARTESIAN_POINT('',(85.9400000029346,-63.0381489732173,39.4068542494924));
#2692=CARTESIAN_POINT('Origin',(86.9400000029348,-66.0381489732172,39.4068542494924));
#2693=CARTESIAN_POINT('Origin',(86.4400000029345,-62.5381489732173,37.));
#2694=CARTESIAN_POINT('',(86.9400000029345,-62.0381489732172,40.25));
#2695=CARTESIAN_POINT('',(85.9400000029346,-63.0381489732173,40.25));
#2696=CARTESIAN_POINT('',(86.9400000029345,-62.0381489732172,37.));
#2697=CARTESIAN_POINT('Origin',(86.4400000029347,-64.5381489732172,40.25));
#2698=CARTESIAN_POINT('',(86.9400000029347,-64.5381489732172,42.75));
#2699=CARTESIAN_POINT('',(85.9400000029347,-64.5381489732173,41.75));
#2700=CARTESIAN_POINT('Origin',(86.9400000029347,-64.5381489732172,40.25));
#2701=CARTESIAN_POINT('Origin',(86.4400000029348,-66.0381489732172,42.25));
#2702=CARTESIAN_POINT('',(86.9400000029351,-69.709721848471,42.75));
#2703=CARTESIAN_POINT('',(85.9400000029351,-69.7097218484711,41.75));
#2704=CARTESIAN_POINT('',(86.9400000029348,-66.0381489732172,42.75));
#2705=CARTESIAN_POINT('Origin',(86.4400000029351,-69.7097218484711,40.75));
#2706=CARTESIAN_POINT('',(86.9400000029352,-71.1239354108441,42.1642135623731));
#2707=CARTESIAN_POINT('',(85.9400000029351,-70.4168286296577,41.4571067811866));
#2708=CARTESIAN_POINT('Origin',(86.9400000029351,-69.709721848471,40.75));
#2709=CARTESIAN_POINT('Origin',(86.4400000029351,-69.809595582624,42.7714466094067));
#2710=CARTESIAN_POINT('',(86.9400000029351,-70.1631489732172,43.125));
#2711=CARTESIAN_POINT('Origin',(89.7350000138671,-64.538148973217,40.25));
#2712=CARTESIAN_POINT('',(89.0000000175112,-64.538148973217,42.75));
#2713=CARTESIAN_POINT('',(89.7350000138671,-64.538148973217,42.75));
#2714=CARTESIAN_POINT('',(90.5767317061468,-62.2148806664494,41.1732683113642));
#2715=CARTESIAN_POINT('Origin',(91.5000000175112,-64.5381489732169,40.25));
#2716=CARTESIAN_POINT('',(90.4000000102228,-62.038148973217,40.25));
#2717=CARTESIAN_POINT('Origin',(92.900000010223,-64.5381489732168,40.25));
#2718=CARTESIAN_POINT('',(89.7350000138669,-62.038148973217,40.25));
#2719=CARTESIAN_POINT('Origin',(88.4700000102227,-62.0381489732171,31.25));
#2720=CARTESIAN_POINT('',(90.3999999657431,-62.0381489732169,24.9926406871193));
#2721=CARTESIAN_POINT('',(90.3999999672222,-62.038148973217,25.4999999980613));
#2722=CARTESIAN_POINT('',(88.5000000000192,-62.0381489732171,24.9926406871193));
#2723=CARTESIAN_POINT('',(85.602500007668,-62.0381489732173,24.9926406871193));
#2724=CARTESIAN_POINT('',(88.5000000000192,-62.0381489732171,39.4068542494924));
#2725=CARTESIAN_POINT('',(88.5000000000192,-62.0381489732171,34.75));
#2726=CARTESIAN_POINT('',(87.8375000084007,-62.0381489732171,39.4068542494924));
#2727=CARTESIAN_POINT('Origin',(90.6999999672222,-62.3381489732169,25.4999999971867));
#2728=CARTESIAN_POINT('',(91.0000000116804,-62.6381489732169,40.7500000058306));
#2729=CARTESIAN_POINT('',(93.6750000029907,-65.313148972325,38.0750000145205));
#2730=CARTESIAN_POINT('',(90.9999999657432,-62.6381489732169,24.9926406853701));
#2731=CARTESIAN_POINT('',(90.9999999672223,-62.6381489732169,25.4999999963122));
#2732=CARTESIAN_POINT('',(90.9999999657432,-62.6381489732169,24.9926406853701));
#2733=CARTESIAN_POINT('Origin',(76.7950000000042,-64.538148973218,40.25));
#2734=CARTESIAN_POINT('',(73.600000000004,-62.0381489732182,40.25));
#2735=CARTESIAN_POINT('',(76.795000000004,-62.038148973218,40.25));
#2736=CARTESIAN_POINT('',(73.4232683080788,-62.2148806651434,41.1732683080748));
#2737=CARTESIAN_POINT('Origin',(71.1000000000042,-64.5381489732184,40.25));
#2738=CARTESIAN_POINT('',(75.0000000000042,-64.5381489732181,42.75));
#2739=CARTESIAN_POINT('Origin',(72.5000000000041,-64.5381489732183,40.25));
#2740=CARTESIAN_POINT('',(76.7950000000042,-64.538148973218,42.75));
#2741=CARTESIAN_POINT('Origin',(78.0600000000043,-66.0381489732179,42.75));
#2742=CARTESIAN_POINT('',(75.0000000000046,-69.7097218484719,42.75));
#2743=CARTESIAN_POINT('',(75.0000000000043,-66.0381489732181,42.75));
#2744=CARTESIAN_POINT('',(79.0450000021929,-69.7097218484716,42.75));
#2745=CARTESIAN_POINT('Origin',(74.0000000000043,-66.0381489732182,41.75));
#2746=CARTESIAN_POINT('',(73.000000000004,-62.6381489732183,40.75));
#2747=CARTESIAN_POINT('',(72.2416666666708,-63.3964823065517,39.9916666666667));
#2748=CARTESIAN_POINT('',(73.0000000000045,-69.7097218484721,40.75));
#2749=CARTESIAN_POINT('',(73.0000000000043,-66.0381489732183,40.75));
#2750=CARTESIAN_POINT('',(73.0000000000045,-69.7097218484721,40.75));
#2751=CARTESIAN_POINT('Origin',(73.300000000004,-62.3381489732182,37.));
#2752=CARTESIAN_POINT('',(73.600000000004,-62.0381489732182,24.9926406871193));
#2753=CARTESIAN_POINT('',(73.600000000004,-62.0381489732182,37.));
#2754=CARTESIAN_POINT('',(73.000000000004,-62.6381489732183,24.9926406871193));
#2755=CARTESIAN_POINT('',(73.000000000004,-62.6381489732183,24.9926406871193));
#2756=CARTESIAN_POINT('',(73.000000000004,-62.6381489732183,37.));
#2757=CARTESIAN_POINT('Origin',(90.6999999654087,-65.0381489732169,24.9926406862447));
#2758=CARTESIAN_POINT('',(90.9999999607958,-63.3410926993158,23.2955844114691));
#2759=CARTESIAN_POINT('',(90.3999999588895,-62.9168286296573,22.8713203435597));
#2760=CARTESIAN_POINT('',(90.9999999607958,-63.3410926993158,23.2955844114691));
#2761=CARTESIAN_POINT('Origin',(90.399999965074,-65.0381489732169,24.9926406871193));
#2762=CARTESIAN_POINT('Origin',(90.9999999657433,-65.0381489732169,24.9926406853701));
#2763=CARTESIAN_POINT('Origin',(90.6999999539933,-65.2502810135966,20.9621320292068));
#2764=CARTESIAN_POINT('',(90.999999954258,-65.5837333872377,21.0529437251523));
#2765=CARTESIAN_POINT('',(90.3999999530211,-65.1594693167766,20.6286796564404));
#2766=CARTESIAN_POINT('',(90.999999954258,-65.5837333872377,21.0529437251523));
#2767=CARTESIAN_POINT('',(90.3999999533748,-65.0381489783661,20.7499999948509));
#2768=CARTESIAN_POINT('',(90.9999999546117,-65.4624130488271,21.1742640635628));
#2769=CARTESIAN_POINT('Origin',(90.6999999583975,-67.2807896603362,22.7499999991254));
#2770=CARTESIAN_POINT('',(90.9999999522089,-67.2807896603362,20.3500000014829));
#2771=CARTESIAN_POINT('',(90.3999999488437,-67.2807896603362,19.75));
#2772=CARTESIAN_POINT('',(90.9999999522089,-67.2807896603362,20.3500000014829));
#2773=CARTESIAN_POINT('Origin',(90.3999999575895,-67.2807896603362,22.75));
#2774=CARTESIAN_POINT('Origin',(90.9999999592056,-67.2807896603362,22.7499999982508));
#2775=CARTESIAN_POINT('Origin',(90.6999999513342,-66.0381489732169,20.0500000008746));
#2776=CARTESIAN_POINT('',(90.9999999522089,-68.0381489732169,20.3500000017492));
#2777=CARTESIAN_POINT('',(90.3999999504598,-68.038148973217,19.75));
#2778=CARTESIAN_POINT('',(90.9999999522089,-68.0381489732169,20.3500000017492));
#2779=CARTESIAN_POINT('',(90.3999999504596,-66.0381489732169,19.75));
#2780=CARTESIAN_POINT('',(90.9999999522088,-66.0381489732169,20.3500000017492));
#2781=CARTESIAN_POINT('Origin',(90.6999999469261,-68.0381489732169,18.7499999991254));
#2782=CARTESIAN_POINT('',(90.9999999475446,-69.6381489756906,18.7499999982508));
#2783=CARTESIAN_POINT('',(90.3999999463077,-69.038148973217,18.75));
#2784=CARTESIAN_POINT('',(90.9999999475446,-69.6381489756906,18.7499999982508));
#2785=CARTESIAN_POINT('Origin',(90.3999999463076,-68.038148973217,18.75));
#2786=CARTESIAN_POINT('Origin',(90.9999999475445,-68.0381489732169,18.7499999982508));
#2787=CARTESIAN_POINT('Origin',(90.6999999526463,-69.3381489732169,20.4999999877558));
#2788=CARTESIAN_POINT('',(90.9999999322181,-69.6381489732169,13.4927106061669));
#2789=CARTESIAN_POINT('',(90.9999999526463,-69.6381489732169,20.4999999868812));
#2790=CARTESIAN_POINT('',(90.399999932218,-69.038148973217,13.4927106079161));
#2791=CARTESIAN_POINT('',(90.9999999322181,-69.6381489732169,13.4927106061669));
#2792=CARTESIAN_POINT('',(90.3999999526463,-69.038148973217,20.4999999886304));
#2793=CARTESIAN_POINT('Origin',(86.9999999322181,-69.3381489732172,13.4927106178281));
#2794=CARTESIAN_POINT('',(90.7333823636574,-69.638148973217,12.0567943178231));
#2795=CARTESIAN_POINT('Origin',(86.9999999322181,-69.6381489732172,13.4927106178281));
#2796=CARTESIAN_POINT('',(90.1733749989415,-69.038148973217,12.2721817628239));
#2797=CARTESIAN_POINT('',(90.7333823636574,-69.638148973217,12.0567943178231));
#2798=CARTESIAN_POINT('Origin',(86.999999932218,-69.0381489732172,13.4927106178281));
#2799=CARTESIAN_POINT('Origin',(89.0640684515091,-69.3381489732171,8.5522813931114));
#2800=CARTESIAN_POINT('',(86.4930930113643,-69.6381489732173,1.03204184999753));
#2801=CARTESIAN_POINT('',(89.3440721338671,-69.638148973217,8.44458767061103));
#2802=CARTESIAN_POINT('',(85.9330856466484,-69.0381489732173,1.24742929499828));
#2803=CARTESIAN_POINT('',(86.4930930113643,-69.6381489732173,1.03204184999753));
#2804=CARTESIAN_POINT('',(88.7840647691512,-69.0381489732171,8.65997511561177));
#2805=CARTESIAN_POINT('Origin',(84.6264017956446,-69.3381489732174,1.75));
#2806=CARTESIAN_POINT('',(84.6264017956447,-69.6381489732174,-0.249999999999996));
#2807=CARTESIAN_POINT('Origin',(84.6264017956447,-69.6381489732174,1.75));
#2808=CARTESIAN_POINT('',(84.6264017956446,-69.0381489732174,0.350000000000012));
#2809=CARTESIAN_POINT('',(84.6264017956447,-69.6381489732174,-0.249999999999996));
#2810=CARTESIAN_POINT('Origin',(84.6264017956446,-69.0381489732174,1.75));
#2811=CARTESIAN_POINT('Origin',(80.0000000038424,-69.3381489732177,0.0500000000000025));
#2812=CARTESIAN_POINT('',(79.3735981955229,-69.6381489732178,-0.249999999999997));
#2813=CARTESIAN_POINT('',(80.0000000038424,-69.6381489732177,-0.249999999999996));
#2814=CARTESIAN_POINT('',(79.3735981955229,-69.0381489732178,0.350000000000001));
#2815=CARTESIAN_POINT('',(79.3735981955229,-69.6381489732178,-0.249999999999997));
#2816=CARTESIAN_POINT('',(80.0000000038423,-69.0381489732177,0.350000000000001));
#2817=CARTESIAN_POINT('Origin',(79.3735981955229,-69.3381489732178,1.75));
#2818=CARTESIAN_POINT('',(77.5069069830649,-69.6381489732179,1.03204184151708));
#2819=CARTESIAN_POINT('Origin',(79.3735981955229,-69.6381489732178,1.75));
#2820=CARTESIAN_POINT('',(78.0669143468023,-69.0381489732179,1.24742928906196));
#2821=CARTESIAN_POINT('',(77.5069069830649,-69.6381489732179,1.03204184151708));
#2822=CARTESIAN_POINT('Origin',(79.3735981955229,-69.0381489732178,1.75));
#2823=CARTESIAN_POINT('Origin',(72.4359315174988,-69.3381489732183,15.0522813516189));
#2824=CARTESIAN_POINT('',(73.2666175750886,-69.6381489732182,12.056794304632));
#2825=CARTESIAN_POINT('',(72.1559278356302,-69.6381489732183,14.9445876278465));
#2826=CARTESIAN_POINT('',(73.826624938826,-69.0381489732182,12.2721817521769));
#2827=CARTESIAN_POINT('',(73.2666175750886,-69.6381489732182,12.056794304632));
#2828=CARTESIAN_POINT('',(72.7159351993675,-69.0381489732183,15.1599750753913));
#2829=CARTESIAN_POINT('Origin',(77.0000000000045,-69.338148973218,13.4927106215978));
#2830=CARTESIAN_POINT('',(73.0000000000045,-69.6381489732183,13.4927106215978));
#2831=CARTESIAN_POINT('Origin',(77.0000000000046,-69.638148973218,13.4927106215978));
#2832=CARTESIAN_POINT('',(73.6000000000045,-69.0381489732182,13.4927106215978));
#2833=CARTESIAN_POINT('',(73.0000000000045,-69.6381489732183,13.4927106215978));
#2834=CARTESIAN_POINT('Origin',(77.0000000000045,-69.038148973218,13.4927106215978));
#2835=CARTESIAN_POINT('Origin',(73.3000000000045,-69.3381489732182,32.));
#2836=CARTESIAN_POINT('',(73.0000000000045,-69.6381489732183,18.75));
#2837=CARTESIAN_POINT('',(73.0000000000045,-69.6381489732183,32.));
#2838=CARTESIAN_POINT('',(73.6000000000045,-69.0381489732182,18.75));
#2839=CARTESIAN_POINT('',(73.0000000000045,-69.6381489732183,18.75));
#2840=CARTESIAN_POINT('',(73.6000000000045,-69.0381489732182,32.));
#2841=CARTESIAN_POINT('Origin',(73.3000000000044,-68.0381489732183,18.75));
#2842=CARTESIAN_POINT('',(73.0000000000044,-68.0381489732183,20.35));
#2843=CARTESIAN_POINT('',(73.6000000000044,-68.0381489732182,19.75));
#2844=CARTESIAN_POINT('',(73.0000000000044,-68.0381489732183,20.35));
#2845=CARTESIAN_POINT('Origin',(73.6000000000044,-68.0381489732182,18.75));
#2846=CARTESIAN_POINT('Origin',(73.0000000000044,-68.0381489732183,18.75));
#2847=CARTESIAN_POINT('Origin',(73.3000000000043,-66.0381489732182,20.05));
#2848=CARTESIAN_POINT('',(73.0000000000044,-67.2807896603376,20.35));
#2849=CARTESIAN_POINT('',(73.0000000000043,-66.0381489732183,20.35));
#2850=CARTESIAN_POINT('',(73.6000000000044,-67.2807896603375,19.75));
#2851=CARTESIAN_POINT('',(73.0000000000044,-67.2807896603376,20.35));
#2852=CARTESIAN_POINT('',(73.6000000000043,-66.0381489732182,19.75));
#2853=CARTESIAN_POINT('Origin',(73.3000000000044,-67.2807896603375,22.75));
#2854=CARTESIAN_POINT('',(73.0000000000042,-65.5837333854898,21.0529437251523));
#2855=CARTESIAN_POINT('',(73.6000000000042,-65.1594693167779,20.6286796564404));
#2856=CARTESIAN_POINT('',(73.0000000000042,-65.5837333854898,21.0529437251523));
#2857=CARTESIAN_POINT('Origin',(73.6000000000044,-67.2807896603375,22.75));
#2858=CARTESIAN_POINT('Origin',(73.0000000000044,-67.2807896603376,22.75));
#2859=CARTESIAN_POINT('Origin',(73.3000000000038,-59.5002810075742,26.712132034356));
#2860=CARTESIAN_POINT('',(73.0000000000041,-63.3410926983706,23.2955844122716));
#2861=CARTESIAN_POINT('',(73.600000000004,-62.9168286296586,22.8713203435596));
#2862=CARTESIAN_POINT('',(73.0000000000041,-63.3410926983706,23.2955844122716));
#2863=CARTESIAN_POINT('',(73.6000000000038,-59.2881489732182,26.5));
#2864=CARTESIAN_POINT('',(73.0000000000038,-59.7124130419302,26.9242640687119));
#2865=CARTESIAN_POINT('Origin',(73.3000000000042,-65.0381489732182,24.9926406871193));
#2866=CARTESIAN_POINT('Origin',(73.6000000000042,-65.0381489732182,24.9926406871193));
#2867=CARTESIAN_POINT('Origin',(73.0000000000042,-65.0381489732183,24.9926406871193));
#2868=CARTESIAN_POINT('Origin',(85.6025000076683,-65.0381489732173,24.9926406871193));
#2869=CARTESIAN_POINT('',(88.5000000000193,-62.9168286296574,22.8713203435597));
#2870=CARTESIAN_POINT('',(85.6025000076681,-62.9168286296577,22.8713203435597));
#2871=CARTESIAN_POINT('Origin',(88.5000000000194,-65.0381489732171,24.9926406871193));
#2872=CARTESIAN_POINT('Origin',(82.7350000051135,-64.0381489732175,21.75));
#2873=CARTESIAN_POINT('',(88.5000000000194,-65.1594693167768,20.6286796564404));
#2874=CARTESIAN_POINT('',(76.6325000000042,-65.1594693167776,20.6286796564404));
#2875=CARTESIAN_POINT('',(88.5000000000192,-61.5381489732171,24.25));
#2876=CARTESIAN_POINT('Origin',(82.000000008758,-69.0381489732176,21.25));
#2877=CARTESIAN_POINT('',(79.5000000043812,-69.0381489732178,18.75));
#2878=CARTESIAN_POINT('Origin',(79.5000000043812,-68.0381489732178,18.75));
#2879=CARTESIAN_POINT('',(79.5000000043812,-68.0381489732178,19.75));
#2880=CARTESIAN_POINT('Origin',(77.0000000000043,-66.038148973218,19.75));
#2881=CARTESIAN_POINT('',(76.6325000000044,-67.2807896603373,19.75));
#2882=CARTESIAN_POINT('Origin',(76.6325000000044,-67.2807896603373,22.75));
#2883=CARTESIAN_POINT('Origin',(88.5000000000196,-67.2807896603364,22.75));
#2884=CARTESIAN_POINT('',(76.6325000000042,-65.1594693167776,20.6286796564404));
#2885=CARTESIAN_POINT('Origin',(76.2650000000041,-64.038148973218,21.75));
#2886=CARTESIAN_POINT('',(75.8975000000041,-62.9168286296584,22.8713203435596));
#2887=CARTESIAN_POINT('Origin',(75.8975000000042,-65.038148973218,24.9926406871193));
#2888=CARTESIAN_POINT('',(75.897500000004,-62.038148973218,24.9926406871193));
#2889=CARTESIAN_POINT('Origin',(75.530000000004,-62.0381489732181,31.25));
#2890=CARTESIAN_POINT('',(75.522500000004,-62.0381489732181,39.4068542494924));
#2891=CARTESIAN_POINT('Origin',(89.9999999526466,-72.538148973217,20.4999999897965));
#2892=CARTESIAN_POINT('',(90.9999999322182,-71.5381489732169,13.4927106061669));
#2893=CARTESIAN_POINT('',(88.9999999322184,-73.5381489732171,13.4927106119975));
#2894=CARTESIAN_POINT('',(91.0000000063507,-71.5381489732169,38.9215728810844));
#2895=CARTESIAN_POINT('',(90.9999999526465,-71.5381489732169,20.4999999868812));
#2896=CARTESIAN_POINT('',(91.0000000063507,-71.5381489732169,38.9215728810844));
#2897=CARTESIAN_POINT('Origin',(89.9999999997809,-75.2060421953101,36.667893218449));
#2898=CARTESIAN_POINT('',(91.000000011681,-69.7097218543013,40.75));
#2899=CARTESIAN_POINT('',(90.9999999977194,-74.4989354170388,35.9607864372625));
#2900=CARTESIAN_POINT('',(89.0000000158039,-71.123935410844,42.1642135623731));
#2901=CARTESIAN_POINT('',(91.000000011681,-69.7097218543013,40.75));
#2902=CARTESIAN_POINT('',(89.0000000018424,-75.9131489735815,37.3749999996356));
#2903=CARTESIAN_POINT('Origin',(86.9999999322183,-72.5381489732172,13.4927106178281));
#2904=CARTESIAN_POINT('',(90.7333823636576,-71.5381489732169,12.0567943178231));
#2905=CARTESIAN_POINT('',(88.866691147938,-73.5381489732171,12.7747524678256));
#2906=CARTESIAN_POINT('Origin',(86.9999999322182,-71.5381489732172,13.4927106178281));
#2907=CARTESIAN_POINT('Origin',(88.4107265260075,-72.5381489732171,8.80356674561227));
#2908=CARTESIAN_POINT('',(86.4930930113645,-71.5381489732172,1.03204184999753));
#2909=CARTESIAN_POINT('',(84.6264017956449,-73.5381489732174,1.75000000000001));
#2910=CARTESIAN_POINT('',(89.3440721338673,-71.538148973217,8.44458767061103));
#2911=CARTESIAN_POINT('Origin',(90.000000014596,-66.038148973217,41.7500000029153));
#2912=CARTESIAN_POINT('',(89.0000000175115,-69.7097218484709,42.75));
#2913=CARTESIAN_POINT('',(89.0000000175113,-66.0381489732171,42.75));
#2914=CARTESIAN_POINT('',(89.0000000175115,-69.7097218484709,42.75));
#2915=CARTESIAN_POINT('',(91.0000000116807,-66.0381489732169,40.7500000058306));
#2916=CARTESIAN_POINT('Origin',(89.0000000170677,-69.7097218484709,40.75));
#2917=CARTESIAN_POINT('Origin',(89.0000000170677,-69.7097218484709,40.75));
#2918=CARTESIAN_POINT('Origin',(80.0000000038426,-72.5381489732177,0.750000000000003));
#2919=CARTESIAN_POINT('',(84.6264017956448,-71.5381489732174,-0.249999999999996));
#2920=CARTESIAN_POINT('',(84.6264017956448,-71.5381489732174,-0.249999999999996));
#2921=CARTESIAN_POINT('',(79.3735981955231,-71.5381489732178,-0.249999999999997));
#2922=CARTESIAN_POINT('',(79.3735981955232,-73.5381489732178,1.75));
#2923=CARTESIAN_POINT('',(80.0000000038425,-71.5381489732177,-0.249999999999997));
#2924=CARTESIAN_POINT('Origin',(84.6264017956448,-71.5381489732174,1.75));
#2925=CARTESIAN_POINT('Origin',(84.6264017956448,-71.5381489732174,1.75));
#2926=CARTESIAN_POINT('Origin',(73.0892734418594,-72.5381489732183,15.3035667070879));
#2927=CARTESIAN_POINT('',(77.5069069830651,-71.5381489732179,1.03204184151708));
#2928=CARTESIAN_POINT('',(77.5069069830651,-71.5381489732179,1.03204184151708));
#2929=CARTESIAN_POINT('',(73.2666175750888,-71.5381489732182,12.056794304632));
#2930=CARTESIAN_POINT('',(75.1333087875469,-73.5381489732181,12.7747524631149));
#2931=CARTESIAN_POINT('',(72.1559278356303,-71.5381489732183,14.9445876278465));
#2932=CARTESIAN_POINT('Origin',(77.0000000000048,-72.538148973218,13.4927106215978));
#2933=CARTESIAN_POINT('',(73.0000000000047,-71.5381489732183,13.4927106215978));
#2934=CARTESIAN_POINT('',(75.0000000000048,-73.5381489732181,13.4927106215978));
#2935=CARTESIAN_POINT('Origin',(77.0000000000047,-71.538148973218,13.4927106215978));
#2936=CARTESIAN_POINT('Origin',(74.0000000000048,-72.5381489732182,32.));
#2937=CARTESIAN_POINT('',(73.0000000000047,-71.5381489732183,38.9215728752538));
#2938=CARTESIAN_POINT('',(73.0000000000047,-71.5381489732183,32.));
#2939=CARTESIAN_POINT('',(75.0000000000048,-73.5381489732181,39.75));
#2940=CARTESIAN_POINT('Origin',(74.0000000000045,-69.4560421920316,42.4178932188135));
#2941=CARTESIAN_POINT('',(75.0000000000047,-71.123935410845,42.1642135623731));
#2942=CARTESIAN_POINT('',(75.0000000000046,-70.1631489732181,43.125));
#2943=CARTESIAN_POINT('',(75.0000000000047,-71.123935410845,42.1642135623731));
#2944=CARTESIAN_POINT('',(73.0000000000045,-68.7489354108452,41.7107864376269));
#2945=CARTESIAN_POINT('Origin',(79.3735981955231,-71.5381489732178,1.75));
#2946=CARTESIAN_POINT('Origin',(79.3735981955231,-71.5381489732178,1.75));
#2947=CARTESIAN_POINT('Origin',(75.0000000000046,-69.7097218484719,40.75));
#2948=CARTESIAN_POINT('Origin',(75.0000000000046,-69.7097218484719,40.75));
#2949=CARTESIAN_POINT('Origin',(86.500000013135,-72.0381489732173,41.25));
#2950=CARTESIAN_POINT('',(88.7500000153233,-71.123935410844,42.1642135623731));
#2951=CARTESIAN_POINT('Origin',(88.7500000153232,-69.7097218484709,40.75));
#2952=CARTESIAN_POINT('',(88.7500000153232,-69.7097218484709,42.75));
#2953=CARTESIAN_POINT('Origin',(91.0000000175113,-66.0381489732169,42.75));
#2954=CARTESIAN_POINT('Origin',(90.9999999504596,-66.0381489732169,19.75));
#2955=CARTESIAN_POINT('',(90.9999999322179,-67.5381489732169,13.4927106061669));
#2956=CARTESIAN_POINT('Origin',(86.9999999322179,-67.5381489732172,13.4927106178281));
#2957=CARTESIAN_POINT('',(90.7333823636573,-67.5381489732169,12.0567943178231));
#2958=CARTESIAN_POINT('Origin',(85.9999999989267,-69.0381489732173,-0.249999999999995));
#2959=CARTESIAN_POINT('',(86.4930930113643,-69.0381489732172,1.03204184999753));
#2960=CARTESIAN_POINT('Origin',(84.6264017956446,-69.0381489732174,1.75));
#2961=CARTESIAN_POINT('',(84.6264017956446,-69.0381489732174,-0.249999999999996));
#2962=CARTESIAN_POINT('Origin',(77.9999999989267,-69.0381489732179,-0.249999999999997));
#2963=CARTESIAN_POINT('',(79.3735981955229,-69.0381489732178,-0.249999999999997));
#2964=CARTESIAN_POINT('Origin',(79.3735981955229,-69.0381489732178,1.75));
#2965=CARTESIAN_POINT('',(77.5069069830649,-69.0381489732179,1.03204184151708));
#2966=CARTESIAN_POINT('Origin',(73.0000000000045,-69.0381489732183,12.75));
#2967=CARTESIAN_POINT('',(73.2666175750885,-67.5381489732182,12.056794304632));
#2968=CARTESIAN_POINT('Origin',(77.0000000000044,-67.5381489732179,13.4927106215978));
#2969=CARTESIAN_POINT('',(73.0000000000044,-67.5381489732183,13.4927106215978));
#2970=CARTESIAN_POINT('Origin',(73.0000000000043,-66.0381489732183,42.75));
#2971=CARTESIAN_POINT('Origin',(79.0450000021929,-69.7097218484716,40.75));
#2972=CARTESIAN_POINT('',(79.045000002193,-71.1239354108447,42.1642135623731));
#2973=CARTESIAN_POINT('Origin',(80.0300000043815,-72.0381489732177,41.25));
#2974=CARTESIAN_POINT('Origin',(75.5225000000043,-66.0381489732181,39.4068542494924));
#2975=CARTESIAN_POINT('',(75.5225000000041,-63.2097218484719,36.5784271247462));
#2976=CARTESIAN_POINT('Origin',(87.837500008401,-66.0381489732171,39.4068542494924));
#2977=CARTESIAN_POINT('Origin',(88.5000000000195,-66.0381489732171,39.4068542494924));
#2978=CARTESIAN_POINT('Origin',(75.5150000000041,-64.0381489732181,35.75));
#2979=CARTESIAN_POINT('Origin',(88.5000000000195,-66.0381489732171,33.75));
#2980=UNCERTAINTY_MEASURE_WITH_UNIT(LENGTH_MEASURE(0.01),#2984,
'DISTANCE_ACCURACY_VALUE',
'Maximum model space distance between geometric entities at asserted c
onnectivities');
#2981=UNCERTAINTY_MEASURE_WITH_UNIT(LENGTH_MEASURE(0.01),#2984,
'DISTANCE_ACCURACY_VALUE',
'Maximum model space distance between geometric entities at asserted c
onnectivities');
#2982=(
GEOMETRIC_REPRESENTATION_CONTEXT(3)
GLOBAL_UNCERTAINTY_ASSIGNED_CONTEXT((#2980))
GLOBAL_UNIT_ASSIGNED_CONTEXT((#2984,#2986,#2987))
REPRESENTATION_CONTEXT('','3D')
);
#2983=(
GEOMETRIC_REPRESENTATION_CONTEXT(3)
GLOBAL_UNCERTAINTY_ASSIGNED_CONTEXT((#2981))
GLOBAL_UNIT_ASSIGNED_CONTEXT((#2984,#2986,#2987))
REPRESENTATION_CONTEXT('','3D')
);
#2984=(
LENGTH_UNIT()
NAMED_UNIT(*)
SI_UNIT(.MILLI.,.METRE.)
);
#2985=(
LENGTH_UNIT()
NAMED_UNIT(*)
SI_UNIT($,.METRE.)
);
#2986=(
NAMED_UNIT(*)
PLANE_ANGLE_UNIT()
SI_UNIT($,.RADIAN.)
);
#2987=(
NAMED_UNIT(*)
SI_UNIT($,.STERADIAN.)
SOLID_ANGLE_UNIT()
);
#2988=SHAPE_DEFINITION_REPRESENTATION(#2989,#2990);
#2989=PRODUCT_DEFINITION_SHAPE('',$,#2992);
#2990=SHAPE_REPRESENTATION('',(#1784),#2982);
#2991=PRODUCT_DEFINITION_CONTEXT('part definition',#2996,'design');
#2992=PRODUCT_DEFINITION('(Unsaved)','(Unsaved)',#2993,#2991);
#2993=PRODUCT_DEFINITION_FORMATION('',$,#2998);
#2994=PRODUCT_RELATED_PRODUCT_CATEGORY('(Unsaved)','(Unsaved)',(#2998));
#2995=APPLICATION_PROTOCOL_DEFINITION('international standard',
'automotive_design',2009,#2996);
#2996=APPLICATION_CONTEXT(
'Core Data for Automotive Mechanical Design Process');
#2997=PRODUCT_CONTEXT('part definition',#2996,'mechanical');
#2998=PRODUCT('(Unsaved)','(Unsaved)',$,(#2997));
#2999=PRESENTATION_STYLE_ASSIGNMENT((#3000));
#3000=SURFACE_STYLE_USAGE(.BOTH.,#3001);
#3001=SURFACE_SIDE_STYLE('',(#3002));
#3002=SURFACE_STYLE_FILL_AREA(#3003);
#3003=FILL_AREA_STYLE('Steel - Satin',(#3004));
#3004=FILL_AREA_STYLE_COLOUR('Steel - Satin',#3005);
#3005=COLOUR_RGB('Steel - Satin',0.627450980392157,0.627450980392157,0.627450980392157);
ENDSEC;
END-ISO-10303-21;
