ISO-10303-21;
HEADER;
/* Generated by software containing ST-Developer
 * from STEP Tools, Inc. (www.steptools.com) 
 */

FILE_DESCRIPTION(
/* description */ (''),
/* implementation_level */ '2;1');

FILE_NAME(
/* name */ 'rpi-mount-x1.step',
/* time_stamp */ '2026-09-30T23:19:18+03:00',
/* author */ (''),
/* organization */ (''),
/* preprocessor_version */ 'ST-DEVELOPER v20.1',
/* originating_system */ 'Autodesk Translation Framework v15.8.0.0',
/* authorisation */ '');

FILE_SCHEMA (('AUTOMOTIVE_DESIGN { 1 0 10303 214 3 1 1 }'));
ENDSEC;

DATA;
#10=MECHANICAL_DESIGN_GEOMETRIC_PRESENTATION_REPRESENTATION('',(#13),#11848);
#11=SHAPE_REPRESENTATION_RELATIONSHIP('SRR','None',#11855,#12);
#12=ADVANCED_BREP_SHAPE_REPRESENTATION('',(#7160),#11847);
#13=STYLED_ITEM('',(#11864),#7160);
#14=ORIENTED_CLOSED_SHELL('',*,#7158,.F.);
#15=ORIENTED_CLOSED_SHELL('',*,#7159,.F.);
#16=CONICAL_SURFACE('',#7220,2.5,0.785398163397448);
#17=CONICAL_SURFACE('',#7224,1.5,0.78539816339746);
#18=CONICAL_SURFACE('',#7229,1.5,0.785398163397459);
#19=CONICAL_SURFACE('',#7247,1.5,0.78539816339745);
#20=CONICAL_SURFACE('',#7250,1.5,0.785398163397447);
#21=CONICAL_SURFACE('',#7252,2.5,0.785398163397449);
#22=CONICAL_SURFACE('',#7752,2.55,0.785398163397447);
#23=CONICAL_SURFACE('',#7757,2.55,0.785398163397448);
#24=FACE_BOUND('',#837,.T.);
#25=FACE_BOUND('',#838,.T.);
#26=FACE_BOUND('',#846,.T.);
#27=FACE_BOUND('',#865,.T.);
#28=FACE_BOUND('',#888,.T.);
#29=FACE_BOUND('',#889,.T.);
#30=FACE_BOUND('',#913,.T.);
#31=FACE_BOUND('',#927,.T.);
#32=FACE_BOUND('',#931,.T.);
#33=FACE_BOUND('',#932,.T.);
#34=FACE_BOUND('',#934,.T.);
#35=FACE_BOUND('',#945,.T.);
#36=FACE_BOUND('',#1068,.T.);
#37=FACE_BOUND('',#1081,.T.);
#38=FACE_BOUND('',#1087,.T.);
#39=FACE_BOUND('',#1088,.T.);
#40=FACE_BOUND('',#1105,.T.);
#41=FACE_BOUND('',#1107,.T.);
#42=FACE_BOUND('',#1110,.T.);
#43=FACE_BOUND('',#1112,.T.);
#44=FACE_BOUND('',#1118,.T.);
#45=FACE_BOUND('',#1120,.T.);
#46=FACE_BOUND('',#1145,.T.);
#47=FACE_BOUND('',#1146,.T.);
#48=FACE_BOUND('',#1147,.T.);
#49=FACE_BOUND('',#1148,.T.);
#50=FACE_BOUND('',#1159,.T.);
#51=FACE_BOUND('',#1160,.T.);
#52=FACE_BOUND('',#1161,.T.);
#53=FACE_BOUND('',#1162,.T.);
#54=FACE_BOUND('',#1163,.T.);
#55=FACE_BOUND('',#1164,.T.);
#56=FACE_BOUND('',#1165,.T.);
#57=FACE_BOUND('',#1166,.T.);
#58=FACE_BOUND('',#1167,.T.);
#59=FACE_BOUND('',#1168,.T.);
#60=FACE_BOUND('',#1169,.T.);
#61=FACE_BOUND('',#1170,.T.);
#62=CIRCLE('',#7181,3.10000000000001);
#63=CIRCLE('',#7186,1.);
#64=CIRCLE('',#7187,4.);
#65=CIRCLE('',#7188,2.);
#66=CIRCLE('',#7189,2.);
#67=CIRCLE('',#7190,2.);
#68=CIRCLE('',#7191,2.);
#69=CIRCLE('',#7192,4.);
#70=CIRCLE('',#7193,1.);
#71=CIRCLE('',#7197,1.85);
#72=CIRCLE('',#7198,1.85);
#73=CIRCLE('',#7205,3.);
#74=CIRCLE('',#7209,2.);
#75=CIRCLE('',#7211,3.);
#76=CIRCLE('',#7212,1.00000000000001);
#77=CIRCLE('',#7213,1.);
#78=CIRCLE('',#7214,0.999999999999996);
#79=CIRCLE('',#7216,2.);
#80=CIRCLE('',#7221,3.);
#81=CIRCLE('',#7222,2.);
#82=CIRCLE('',#7225,2.);
#83=CIRCLE('',#7226,0.999999999999999);
#84=CIRCLE('',#7230,2.);
#85=CIRCLE('',#7231,1.);
#86=CIRCLE('',#7234,2.);
#87=CIRCLE('',#7237,2.);
#88=CIRCLE('',#7241,2.);
#89=CIRCLE('',#7244,3.);
#90=CIRCLE('',#7245,1.7);
#91=CIRCLE('',#7270,1.19999999999999);
#92=CIRCLE('',#7271,1.19999999999999);
#93=CIRCLE('',#7301,0.999999999999996);
#94=CIRCLE('',#7304,1.7);
#95=CIRCLE('',#7307,1.85);
#96=CIRCLE('',#7309,1.85);
#97=CIRCLE('',#7316,3.1);
#98=CIRCLE('',#7322,1.2);
#99=CIRCLE('',#7323,1.2);
#100=CIRCLE('',#7351,2.5);
#101=CIRCLE('',#7355,1.5);
#102=CIRCLE('',#7356,1.5);
#103=CIRCLE('',#7359,1.5);
#104=CIRCLE('',#7360,1.5);
#105=CIRCLE('',#7363,2.5);
#106=CIRCLE('',#7373,2.5);
#107=CIRCLE('',#7377,1.5);
#108=CIRCLE('',#7378,1.5);
#109=CIRCLE('',#7381,1.5);
#110=CIRCLE('',#7382,1.5);
#111=CIRCLE('',#7385,2.5);
#112=CIRCLE('',#7402,1.45);
#113=CIRCLE('',#7403,1.45);
#114=CIRCLE('',#7405,1.45);
#115=CIRCLE('',#7406,1.45);
#116=CIRCLE('',#7408,1.45);
#117=CIRCLE('',#7409,1.45);
#118=CIRCLE('',#7411,1.45);
#119=CIRCLE('',#7412,1.45);
#120=CIRCLE('',#7419,4.);
#121=CIRCLE('',#7426,2.5);
#122=CIRCLE('',#7430,2.5);
#123=CIRCLE('',#7431,2.5);
#124=CIRCLE('',#7433,2.5);
#125=CIRCLE('',#7434,2.5);
#126=CIRCLE('',#7436,3.15);
#127=CIRCLE('',#7437,3.15);
#128=CIRCLE('',#7439,3.15);
#129=CIRCLE('',#7440,3.15);
#130=CIRCLE('',#7442,3.15);
#131=CIRCLE('',#7443,3.15);
#132=CIRCLE('',#7445,3.15);
#133=CIRCLE('',#7446,3.15);
#134=CIRCLE('',#7448,2.5);
#135=CIRCLE('',#7449,2.5);
#136=CIRCLE('',#7451,2.5);
#137=CIRCLE('',#7452,2.5);
#138=CIRCLE('',#7457,3.);
#139=CIRCLE('',#7459,3.);
#140=CIRCLE('',#7460,3.);
#141=CIRCLE('',#7463,3.);
#142=CIRCLE('',#7464,3.);
#143=CIRCLE('',#7467,2.);
#144=CIRCLE('',#7468,2.);
#145=CIRCLE('',#7471,4.);
#146=CIRCLE('',#7474,2.5);
#147=CIRCLE('',#7478,4.);
#148=CIRCLE('',#7479,4.);
#149=CIRCLE('',#7482,2.);
#150=CIRCLE('',#7483,2.);
#151=CIRCLE('',#7486,3.);
#152=CIRCLE('',#7487,3.);
#153=CIRCLE('',#7490,3.);
#154=CIRCLE('',#7491,3.);
#155=CIRCLE('',#7494,3.);
#156=CIRCLE('',#7502,5.);
#157=CIRCLE('',#7506,5.);
#158=CIRCLE('',#7509,5.);
#159=CIRCLE('',#7512,5.);
#160=CIRCLE('',#7538,2.50000000000001);
#161=CIRCLE('',#7539,2.5);
#162=CIRCLE('',#7540,2.5);
#163=CIRCLE('',#7541,2.5);
#164=CIRCLE('',#7543,2.5);
#165=CIRCLE('',#7550,3.1);
#166=CIRCLE('',#7554,3.1);
#167=CIRCLE('',#7567,3.1);
#168=CIRCLE('',#7571,3.1);
#169=CIRCLE('',#7578,2.5);
#170=CIRCLE('',#7579,2.5);
#171=CIRCLE('',#7581,2.5);
#172=CIRCLE('',#7582,2.5);
#173=CIRCLE('',#7583,2.5);
#174=CIRCLE('',#7584,1.45);
#175=CIRCLE('',#7585,1.45);
#176=CIRCLE('',#7602,3.15);
#177=CIRCLE('',#7604,3.15);
#178=CIRCLE('',#7607,1.19999999999999);
#179=CIRCLE('',#7609,1.2);
#180=CIRCLE('',#7615,1.2);
#181=CIRCLE('',#7617,1.19999999999999);
#182=CIRCLE('',#7619,3.15);
#183=CIRCLE('',#7622,3.15);
#184=CIRCLE('',#7626,1.45);
#185=CIRCLE('',#7628,1.45);
#186=CIRCLE('',#7646,2.5);
#187=CIRCLE('',#7649,2.50000000000001);
#188=CIRCLE('',#7651,2.5);
#189=CIRCLE('',#7653,2.5);
#190=CIRCLE('',#7657,2.5);
#191=CIRCLE('',#7658,2.5);
#192=CIRCLE('',#7659,2.5);
#193=CIRCLE('',#7660,2.5);
#194=CIRCLE('',#7661,2.5);
#195=CIRCLE('',#7662,2.5);
#196=CIRCLE('',#7665,2.5);
#197=CIRCLE('',#7666,2.5);
#198=CIRCLE('',#7672,2.5);
#199=CIRCLE('',#7676,2.5);
#200=CIRCLE('',#7681,2.5);
#201=CIRCLE('',#7683,2.5);
#202=CIRCLE('',#7684,4.);
#203=CIRCLE('',#7685,4.);
#204=CIRCLE('',#7686,3.3);
#205=CIRCLE('',#7687,3.3);
#206=CIRCLE('',#7749,3.3);
#207=CIRCLE('',#7751,1.8);
#208=CIRCLE('',#7754,3.3);
#209=CIRCLE('',#7756,1.8);
#210=PLANE('',#7177);
#211=PLANE('',#7179);
#212=PLANE('',#7180);
#213=PLANE('',#7201);
#214=PLANE('',#7202);
#215=PLANE('',#7210);
#216=PLANE('',#7217);
#217=PLANE('',#7223);
#218=PLANE('',#7227);
#219=PLANE('',#7228);
#220=PLANE('',#7232);
#221=PLANE('',#7235);
#222=PLANE('',#7238);
#223=PLANE('',#7239);
#224=PLANE('',#7242);
#225=PLANE('',#7243);
#226=PLANE('',#7246);
#227=PLANE('',#7248);
#228=PLANE('',#7249);
#229=PLANE('',#7251);
#230=PLANE('',#7253);
#231=PLANE('',#7254);
#232=PLANE('',#7255);
#233=PLANE('',#7258);
#234=PLANE('',#7261);
#235=PLANE('',#7262);
#236=PLANE('',#7263);
#237=PLANE('',#7264);
#238=PLANE('',#7265);
#239=PLANE('',#7266);
#240=PLANE('',#7267);
#241=PLANE('',#7268);
#242=PLANE('',#7269);
#243=PLANE('',#7272);
#244=PLANE('',#7275);
#245=PLANE('',#7278);
#246=PLANE('',#7279);
#247=PLANE('',#7280);
#248=PLANE('',#7281);
#249=PLANE('',#7282);
#250=PLANE('',#7285);
#251=PLANE('',#7288);
#252=PLANE('',#7291);
#253=PLANE('',#7294);
#254=PLANE('',#7296);
#255=PLANE('',#7297);
#256=PLANE('',#7298);
#257=PLANE('',#7299);
#258=PLANE('',#7300);
#259=PLANE('',#7305);
#260=PLANE('',#7310);
#261=PLANE('',#7311);
#262=PLANE('',#7312);
#263=PLANE('',#7313);
#264=PLANE('',#7314);
#265=PLANE('',#7317);
#266=PLANE('',#7318);
#267=PLANE('',#7319);
#268=PLANE('',#7320);
#269=PLANE('',#7321);
#270=PLANE('',#7324);
#271=PLANE('',#7326);
#272=PLANE('',#7327);
#273=PLANE('',#7328);
#274=PLANE('',#7330);
#275=PLANE('',#7331);
#276=PLANE('',#7332);
#277=PLANE('',#7333);
#278=PLANE('',#7334);
#279=PLANE('',#7336);
#280=PLANE('',#7337);
#281=PLANE('',#7339);
#282=PLANE('',#7340);
#283=PLANE('',#7341);
#284=PLANE('',#7343);
#285=PLANE('',#7344);
#286=PLANE('',#7345);
#287=PLANE('',#7346);
#288=PLANE('',#7347);
#289=PLANE('',#7348);
#290=PLANE('',#7349);
#291=PLANE('',#7353);
#292=PLANE('',#7357);
#293=PLANE('',#7361);
#294=PLANE('',#7365);
#295=PLANE('',#7366);
#296=PLANE('',#7367);
#297=PLANE('',#7368);
#298=PLANE('',#7369);
#299=PLANE('',#7370);
#300=PLANE('',#7371);
#301=PLANE('',#7375);
#302=PLANE('',#7379);
#303=PLANE('',#7383);
#304=PLANE('',#7387);
#305=PLANE('',#7388);
#306=PLANE('',#7389);
#307=PLANE('',#7390);
#308=PLANE('',#7391);
#309=PLANE('',#7392);
#310=PLANE('',#7393);
#311=PLANE('',#7394);
#312=PLANE('',#7396);
#313=PLANE('',#7397);
#314=PLANE('',#7398);
#315=PLANE('',#7413);
#316=PLANE('',#7415);
#317=PLANE('',#7416);
#318=PLANE('',#7418);
#319=PLANE('',#7420);
#320=PLANE('',#7427);
#321=PLANE('',#7453);
#322=PLANE('',#7454);
#323=PLANE('',#7461);
#324=PLANE('',#7465);
#325=PLANE('',#7469);
#326=PLANE('',#7472);
#327=PLANE('',#7475);
#328=PLANE('',#7480);
#329=PLANE('',#7484);
#330=PLANE('',#7488);
#331=PLANE('',#7495);
#332=PLANE('',#7498);
#333=PLANE('',#7499);
#334=PLANE('',#7500);
#335=PLANE('',#7504);
#336=PLANE('',#7507);
#337=PLANE('',#7510);
#338=PLANE('',#7514);
#339=PLANE('',#7515);
#340=PLANE('',#7516);
#341=PLANE('',#7517);
#342=PLANE('',#7518);
#343=PLANE('',#7519);
#344=PLANE('',#7520);
#345=PLANE('',#7522);
#346=PLANE('',#7523);
#347=PLANE('',#7527);
#348=PLANE('',#7528);
#349=PLANE('',#7529);
#350=PLANE('',#7530);
#351=PLANE('',#7531);
#352=PLANE('',#7532);
#353=PLANE('',#7533);
#354=PLANE('',#7534);
#355=PLANE('',#7535);
#356=PLANE('',#7536);
#357=PLANE('',#7537);
#358=PLANE('',#7544);
#359=PLANE('',#7545);
#360=PLANE('',#7546);
#361=PLANE('',#7549);
#362=PLANE('',#7552);
#363=PLANE('',#7553);
#364=PLANE('',#7555);
#365=PLANE('',#7557);
#366=PLANE('',#7558);
#367=PLANE('',#7559);
#368=PLANE('',#7560);
#369=PLANE('',#7561);
#370=PLANE('',#7562);
#371=PLANE('',#7566);
#372=PLANE('',#7569);
#373=PLANE('',#7570);
#374=PLANE('',#7572);
#375=PLANE('',#7575);
#376=PLANE('',#7576);
#377=PLANE('',#7577);
#378=PLANE('',#7586);
#379=PLANE('',#7587);
#380=PLANE('',#7588);
#381=PLANE('',#7589);
#382=PLANE('',#7590);
#383=PLANE('',#7591);
#384=PLANE('',#7592);
#385=PLANE('',#7593);
#386=PLANE('',#7594);
#387=PLANE('',#7595);
#388=PLANE('',#7596);
#389=PLANE('',#7597);
#390=PLANE('',#7598);
#391=PLANE('',#7599);
#392=PLANE('',#7600);
#393=PLANE('',#7601);
#394=PLANE('',#7603);
#395=PLANE('',#7606);
#396=PLANE('',#7608);
#397=PLANE('',#7610);
#398=PLANE('',#7611);
#399=PLANE('',#7612);
#400=PLANE('',#7613);
#401=PLANE('',#7614);
#402=PLANE('',#7616);
#403=PLANE('',#7633);
#404=PLANE('',#7634);
#405=PLANE('',#7635);
#406=PLANE('',#7639);
#407=PLANE('',#7647);
#408=PLANE('',#7654);
#409=PLANE('',#7667);
#410=PLANE('',#7668);
#411=PLANE('',#7673);
#412=PLANE('',#7674);
#413=PLANE('',#7678);
#414=PLANE('',#7682);
#415=PLANE('',#7688);
#416=PLANE('',#7692);
#417=PLANE('',#7693);
#418=PLANE('',#7694);
#419=PLANE('',#7695);
#420=PLANE('',#7696);
#421=PLANE('',#7698);
#422=PLANE('',#7699);
#423=PLANE('',#7701);
#424=PLANE('',#7703);
#425=PLANE('',#7704);
#426=PLANE('',#7707);
#427=PLANE('',#7709);
#428=PLANE('',#7710);
#429=PLANE('',#7713);
#430=PLANE('',#7714);
#431=PLANE('',#7715);
#432=PLANE('',#7716);
#433=PLANE('',#7717);
#434=PLANE('',#7718);
#435=PLANE('',#7719);
#436=PLANE('',#7721);
#437=PLANE('',#7723);
#438=PLANE('',#7725);
#439=PLANE('',#7727);
#440=PLANE('',#7728);
#441=PLANE('',#7729);
#442=PLANE('',#7735);
#443=PLANE('',#7741);
#444=PLANE('',#7743);
#445=PLANE('',#7745);
#446=PLANE('',#7746);
#447=PLANE('',#7747);
#448=PLANE('',#7750);
#449=PLANE('',#7755);
#450=PLANE('',#7758);
#451=PLANE('',#7759);
#452=PLANE('',#7760);
#453=PLANE('',#7761);
#454=PLANE('',#7762);
#455=PLANE('',#7763);
#456=PLANE('',#7764);
#457=PLANE('',#7765);
#458=PLANE('',#7766);
#459=PLANE('',#7767);
#460=PLANE('',#7768);
#461=PLANE('',#7769);
#462=PLANE('',#7770);
#463=FACE_OUTER_BOUND('',#833,.T.);
#464=FACE_OUTER_BOUND('',#834,.T.);
#465=FACE_OUTER_BOUND('',#835,.T.);
#466=FACE_OUTER_BOUND('',#836,.T.);
#467=FACE_OUTER_BOUND('',#839,.T.);
#468=FACE_OUTER_BOUND('',#840,.T.);
#469=FACE_OUTER_BOUND('',#841,.T.);
#470=FACE_OUTER_BOUND('',#842,.T.);
#471=FACE_OUTER_BOUND('',#843,.T.);
#472=FACE_OUTER_BOUND('',#844,.T.);
#473=FACE_OUTER_BOUND('',#845,.T.);
#474=FACE_OUTER_BOUND('',#847,.T.);
#475=FACE_OUTER_BOUND('',#848,.T.);
#476=FACE_OUTER_BOUND('',#849,.T.);
#477=FACE_OUTER_BOUND('',#850,.T.);
#478=FACE_OUTER_BOUND('',#851,.T.);
#479=FACE_OUTER_BOUND('',#852,.T.);
#480=FACE_OUTER_BOUND('',#853,.T.);
#481=FACE_OUTER_BOUND('',#854,.T.);
#482=FACE_OUTER_BOUND('',#855,.T.);
#483=FACE_OUTER_BOUND('',#856,.T.);
#484=FACE_OUTER_BOUND('',#857,.T.);
#485=FACE_OUTER_BOUND('',#858,.T.);
#486=FACE_OUTER_BOUND('',#859,.T.);
#487=FACE_OUTER_BOUND('',#860,.T.);
#488=FACE_OUTER_BOUND('',#861,.T.);
#489=FACE_OUTER_BOUND('',#862,.T.);
#490=FACE_OUTER_BOUND('',#863,.T.);
#491=FACE_OUTER_BOUND('',#864,.T.);
#492=FACE_OUTER_BOUND('',#866,.T.);
#493=FACE_OUTER_BOUND('',#867,.T.);
#494=FACE_OUTER_BOUND('',#868,.T.);
#495=FACE_OUTER_BOUND('',#869,.T.);
#496=FACE_OUTER_BOUND('',#870,.T.);
#497=FACE_OUTER_BOUND('',#871,.T.);
#498=FACE_OUTER_BOUND('',#872,.T.);
#499=FACE_OUTER_BOUND('',#873,.T.);
#500=FACE_OUTER_BOUND('',#874,.T.);
#501=FACE_OUTER_BOUND('',#875,.T.);
#502=FACE_OUTER_BOUND('',#876,.T.);
#503=FACE_OUTER_BOUND('',#877,.T.);
#504=FACE_OUTER_BOUND('',#878,.T.);
#505=FACE_OUTER_BOUND('',#879,.T.);
#506=FACE_OUTER_BOUND('',#880,.T.);
#507=FACE_OUTER_BOUND('',#881,.T.);
#508=FACE_OUTER_BOUND('',#882,.T.);
#509=FACE_OUTER_BOUND('',#883,.T.);
#510=FACE_OUTER_BOUND('',#884,.T.);
#511=FACE_OUTER_BOUND('',#885,.T.);
#512=FACE_OUTER_BOUND('',#886,.T.);
#513=FACE_OUTER_BOUND('',#887,.T.);
#514=FACE_OUTER_BOUND('',#890,.T.);
#515=FACE_OUTER_BOUND('',#891,.T.);
#516=FACE_OUTER_BOUND('',#892,.T.);
#517=FACE_OUTER_BOUND('',#893,.T.);
#518=FACE_OUTER_BOUND('',#894,.T.);
#519=FACE_OUTER_BOUND('',#895,.T.);
#520=FACE_OUTER_BOUND('',#896,.T.);
#521=FACE_OUTER_BOUND('',#897,.T.);
#522=FACE_OUTER_BOUND('',#898,.T.);
#523=FACE_OUTER_BOUND('',#899,.T.);
#524=FACE_OUTER_BOUND('',#900,.T.);
#525=FACE_OUTER_BOUND('',#901,.T.);
#526=FACE_OUTER_BOUND('',#902,.T.);
#527=FACE_OUTER_BOUND('',#903,.T.);
#528=FACE_OUTER_BOUND('',#904,.T.);
#529=FACE_OUTER_BOUND('',#905,.T.);
#530=FACE_OUTER_BOUND('',#906,.T.);
#531=FACE_OUTER_BOUND('',#907,.T.);
#532=FACE_OUTER_BOUND('',#908,.T.);
#533=FACE_OUTER_BOUND('',#909,.T.);
#534=FACE_OUTER_BOUND('',#910,.T.);
#535=FACE_OUTER_BOUND('',#911,.T.);
#536=FACE_OUTER_BOUND('',#912,.T.);
#537=FACE_OUTER_BOUND('',#914,.T.);
#538=FACE_OUTER_BOUND('',#915,.T.);
#539=FACE_OUTER_BOUND('',#916,.T.);
#540=FACE_OUTER_BOUND('',#917,.T.);
#541=FACE_OUTER_BOUND('',#918,.T.);
#542=FACE_OUTER_BOUND('',#919,.T.);
#543=FACE_OUTER_BOUND('',#920,.T.);
#544=FACE_OUTER_BOUND('',#921,.T.);
#545=FACE_OUTER_BOUND('',#922,.T.);
#546=FACE_OUTER_BOUND('',#923,.T.);
#547=FACE_OUTER_BOUND('',#924,.T.);
#548=FACE_OUTER_BOUND('',#925,.T.);
#549=FACE_OUTER_BOUND('',#926,.T.);
#550=FACE_OUTER_BOUND('',#928,.T.);
#551=FACE_OUTER_BOUND('',#929,.T.);
#552=FACE_OUTER_BOUND('',#930,.T.);
#553=FACE_OUTER_BOUND('',#933,.T.);
#554=FACE_OUTER_BOUND('',#935,.T.);
#555=FACE_OUTER_BOUND('',#936,.T.);
#556=FACE_OUTER_BOUND('',#937,.T.);
#557=FACE_OUTER_BOUND('',#938,.T.);
#558=FACE_OUTER_BOUND('',#939,.T.);
#559=FACE_OUTER_BOUND('',#940,.T.);
#560=FACE_OUTER_BOUND('',#941,.T.);
#561=FACE_OUTER_BOUND('',#942,.T.);
#562=FACE_OUTER_BOUND('',#943,.T.);
#563=FACE_OUTER_BOUND('',#944,.T.);
#564=FACE_OUTER_BOUND('',#946,.T.);
#565=FACE_OUTER_BOUND('',#947,.T.);
#566=FACE_OUTER_BOUND('',#948,.T.);
#567=FACE_OUTER_BOUND('',#949,.T.);
#568=FACE_OUTER_BOUND('',#950,.T.);
#569=FACE_OUTER_BOUND('',#951,.T.);
#570=FACE_OUTER_BOUND('',#952,.T.);
#571=FACE_OUTER_BOUND('',#953,.T.);
#572=FACE_OUTER_BOUND('',#954,.T.);
#573=FACE_OUTER_BOUND('',#955,.T.);
#574=FACE_OUTER_BOUND('',#956,.T.);
#575=FACE_OUTER_BOUND('',#957,.T.);
#576=FACE_OUTER_BOUND('',#958,.T.);
#577=FACE_OUTER_BOUND('',#959,.T.);
#578=FACE_OUTER_BOUND('',#960,.T.);
#579=FACE_OUTER_BOUND('',#961,.T.);
#580=FACE_OUTER_BOUND('',#962,.T.);
#581=FACE_OUTER_BOUND('',#963,.T.);
#582=FACE_OUTER_BOUND('',#964,.T.);
#583=FACE_OUTER_BOUND('',#965,.T.);
#584=FACE_OUTER_BOUND('',#966,.T.);
#585=FACE_OUTER_BOUND('',#967,.T.);
#586=FACE_OUTER_BOUND('',#968,.T.);
#587=FACE_OUTER_BOUND('',#969,.T.);
#588=FACE_OUTER_BOUND('',#970,.T.);
#589=FACE_OUTER_BOUND('',#971,.T.);
#590=FACE_OUTER_BOUND('',#972,.T.);
#591=FACE_OUTER_BOUND('',#973,.T.);
#592=FACE_OUTER_BOUND('',#974,.T.);
#593=FACE_OUTER_BOUND('',#975,.T.);
#594=FACE_OUTER_BOUND('',#976,.T.);
#595=FACE_OUTER_BOUND('',#977,.T.);
#596=FACE_OUTER_BOUND('',#978,.T.);
#597=FACE_OUTER_BOUND('',#979,.T.);
#598=FACE_OUTER_BOUND('',#980,.T.);
#599=FACE_OUTER_BOUND('',#981,.T.);
#600=FACE_OUTER_BOUND('',#982,.T.);
#601=FACE_OUTER_BOUND('',#983,.T.);
#602=FACE_OUTER_BOUND('',#984,.T.);
#603=FACE_OUTER_BOUND('',#985,.T.);
#604=FACE_OUTER_BOUND('',#986,.T.);
#605=FACE_OUTER_BOUND('',#987,.T.);
#606=FACE_OUTER_BOUND('',#988,.T.);
#607=FACE_OUTER_BOUND('',#989,.T.);
#608=FACE_OUTER_BOUND('',#990,.T.);
#609=FACE_OUTER_BOUND('',#991,.T.);
#610=FACE_OUTER_BOUND('',#992,.T.);
#611=FACE_OUTER_BOUND('',#993,.T.);
#612=FACE_OUTER_BOUND('',#994,.T.);
#613=FACE_OUTER_BOUND('',#995,.T.);
#614=FACE_OUTER_BOUND('',#996,.T.);
#615=FACE_OUTER_BOUND('',#997,.T.);
#616=FACE_OUTER_BOUND('',#998,.T.);
#617=FACE_OUTER_BOUND('',#999,.T.);
#618=FACE_OUTER_BOUND('',#1000,.T.);
#619=FACE_OUTER_BOUND('',#1001,.T.);
#620=FACE_OUTER_BOUND('',#1002,.T.);
#621=FACE_OUTER_BOUND('',#1003,.T.);
#622=FACE_OUTER_BOUND('',#1004,.T.);
#623=FACE_OUTER_BOUND('',#1005,.T.);
#624=FACE_OUTER_BOUND('',#1006,.T.);
#625=FACE_OUTER_BOUND('',#1007,.T.);
#626=FACE_OUTER_BOUND('',#1008,.T.);
#627=FACE_OUTER_BOUND('',#1009,.T.);
#628=FACE_OUTER_BOUND('',#1010,.T.);
#629=FACE_OUTER_BOUND('',#1011,.T.);
#630=FACE_OUTER_BOUND('',#1012,.T.);
#631=FACE_OUTER_BOUND('',#1013,.T.);
#632=FACE_OUTER_BOUND('',#1014,.T.);
#633=FACE_OUTER_BOUND('',#1015,.T.);
#634=FACE_OUTER_BOUND('',#1016,.T.);
#635=FACE_OUTER_BOUND('',#1017,.T.);
#636=FACE_OUTER_BOUND('',#1018,.T.);
#637=FACE_OUTER_BOUND('',#1019,.T.);
#638=FACE_OUTER_BOUND('',#1020,.T.);
#639=FACE_OUTER_BOUND('',#1021,.T.);
#640=FACE_OUTER_BOUND('',#1022,.T.);
#641=FACE_OUTER_BOUND('',#1023,.T.);
#642=FACE_OUTER_BOUND('',#1024,.T.);
#643=FACE_OUTER_BOUND('',#1025,.T.);
#644=FACE_OUTER_BOUND('',#1026,.T.);
#645=FACE_OUTER_BOUND('',#1027,.T.);
#646=FACE_OUTER_BOUND('',#1028,.T.);
#647=FACE_OUTER_BOUND('',#1029,.T.);
#648=FACE_OUTER_BOUND('',#1030,.T.);
#649=FACE_OUTER_BOUND('',#1031,.T.);
#650=FACE_OUTER_BOUND('',#1032,.T.);
#651=FACE_OUTER_BOUND('',#1033,.T.);
#652=FACE_OUTER_BOUND('',#1034,.T.);
#653=FACE_OUTER_BOUND('',#1035,.T.);
#654=FACE_OUTER_BOUND('',#1036,.T.);
#655=FACE_OUTER_BOUND('',#1037,.T.);
#656=FACE_OUTER_BOUND('',#1038,.T.);
#657=FACE_OUTER_BOUND('',#1039,.T.);
#658=FACE_OUTER_BOUND('',#1040,.T.);
#659=FACE_OUTER_BOUND('',#1041,.T.);
#660=FACE_OUTER_BOUND('',#1042,.T.);
#661=FACE_OUTER_BOUND('',#1043,.T.);
#662=FACE_OUTER_BOUND('',#1044,.T.);
#663=FACE_OUTER_BOUND('',#1045,.T.);
#664=FACE_OUTER_BOUND('',#1046,.T.);
#665=FACE_OUTER_BOUND('',#1047,.T.);
#666=FACE_OUTER_BOUND('',#1048,.T.);
#667=FACE_OUTER_BOUND('',#1049,.T.);
#668=FACE_OUTER_BOUND('',#1050,.T.);
#669=FACE_OUTER_BOUND('',#1051,.T.);
#670=FACE_OUTER_BOUND('',#1052,.T.);
#671=FACE_OUTER_BOUND('',#1053,.T.);
#672=FACE_OUTER_BOUND('',#1054,.T.);
#673=FACE_OUTER_BOUND('',#1055,.T.);
#674=FACE_OUTER_BOUND('',#1056,.T.);
#675=FACE_OUTER_BOUND('',#1057,.T.);
#676=FACE_OUTER_BOUND('',#1058,.T.);
#677=FACE_OUTER_BOUND('',#1059,.T.);
#678=FACE_OUTER_BOUND('',#1060,.T.);
#679=FACE_OUTER_BOUND('',#1061,.T.);
#680=FACE_OUTER_BOUND('',#1062,.T.);
#681=FACE_OUTER_BOUND('',#1063,.T.);
#682=FACE_OUTER_BOUND('',#1064,.T.);
#683=FACE_OUTER_BOUND('',#1065,.T.);
#684=FACE_OUTER_BOUND('',#1066,.T.);
#685=FACE_OUTER_BOUND('',#1067,.T.);
#686=FACE_OUTER_BOUND('',#1069,.T.);
#687=FACE_OUTER_BOUND('',#1070,.T.);
#688=FACE_OUTER_BOUND('',#1071,.T.);
#689=FACE_OUTER_BOUND('',#1072,.T.);
#690=FACE_OUTER_BOUND('',#1073,.T.);
#691=FACE_OUTER_BOUND('',#1074,.T.);
#692=FACE_OUTER_BOUND('',#1075,.T.);
#693=FACE_OUTER_BOUND('',#1076,.T.);
#694=FACE_OUTER_BOUND('',#1077,.T.);
#695=FACE_OUTER_BOUND('',#1078,.T.);
#696=FACE_OUTER_BOUND('',#1079,.T.);
#697=FACE_OUTER_BOUND('',#1080,.T.);
#698=FACE_OUTER_BOUND('',#1082,.T.);
#699=FACE_OUTER_BOUND('',#1083,.T.);
#700=FACE_OUTER_BOUND('',#1084,.T.);
#701=FACE_OUTER_BOUND('',#1085,.T.);
#702=FACE_OUTER_BOUND('',#1086,.T.);
#703=FACE_OUTER_BOUND('',#1089,.T.);
#704=FACE_OUTER_BOUND('',#1090,.T.);
#705=FACE_OUTER_BOUND('',#1091,.T.);
#706=FACE_OUTER_BOUND('',#1092,.T.);
#707=FACE_OUTER_BOUND('',#1093,.T.);
#708=FACE_OUTER_BOUND('',#1094,.T.);
#709=FACE_OUTER_BOUND('',#1095,.T.);
#710=FACE_OUTER_BOUND('',#1096,.T.);
#711=FACE_OUTER_BOUND('',#1097,.T.);
#712=FACE_OUTER_BOUND('',#1098,.T.);
#713=FACE_OUTER_BOUND('',#1099,.T.);
#714=FACE_OUTER_BOUND('',#1100,.T.);
#715=FACE_OUTER_BOUND('',#1101,.T.);
#716=FACE_OUTER_BOUND('',#1102,.T.);
#717=FACE_OUTER_BOUND('',#1103,.T.);
#718=FACE_OUTER_BOUND('',#1104,.T.);
#719=FACE_OUTER_BOUND('',#1106,.T.);
#720=FACE_OUTER_BOUND('',#1108,.T.);
#721=FACE_OUTER_BOUND('',#1109,.T.);
#722=FACE_OUTER_BOUND('',#1111,.T.);
#723=FACE_OUTER_BOUND('',#1113,.T.);
#724=FACE_OUTER_BOUND('',#1114,.T.);
#725=FACE_OUTER_BOUND('',#1115,.T.);
#726=FACE_OUTER_BOUND('',#1116,.T.);
#727=FACE_OUTER_BOUND('',#1117,.T.);
#728=FACE_OUTER_BOUND('',#1119,.T.);
#729=FACE_OUTER_BOUND('',#1121,.T.);
#730=FACE_OUTER_BOUND('',#1122,.T.);
#731=FACE_OUTER_BOUND('',#1123,.T.);
#732=FACE_OUTER_BOUND('',#1124,.T.);
#733=FACE_OUTER_BOUND('',#1125,.T.);
#734=FACE_OUTER_BOUND('',#1126,.T.);
#735=FACE_OUTER_BOUND('',#1127,.T.);
#736=FACE_OUTER_BOUND('',#1128,.T.);
#737=FACE_OUTER_BOUND('',#1129,.T.);
#738=FACE_OUTER_BOUND('',#1130,.T.);
#739=FACE_OUTER_BOUND('',#1131,.T.);
#740=FACE_OUTER_BOUND('',#1132,.T.);
#741=FACE_OUTER_BOUND('',#1133,.T.);
#742=FACE_OUTER_BOUND('',#1134,.T.);
#743=FACE_OUTER_BOUND('',#1135,.T.);
#744=FACE_OUTER_BOUND('',#1136,.T.);
#745=FACE_OUTER_BOUND('',#1137,.T.);
#746=FACE_OUTER_BOUND('',#1138,.T.);
#747=FACE_OUTER_BOUND('',#1139,.T.);
#748=FACE_OUTER_BOUND('',#1140,.T.);
#749=FACE_OUTER_BOUND('',#1141,.T.);
#750=FACE_OUTER_BOUND('',#1142,.T.);
#751=FACE_OUTER_BOUND('',#1143,.T.);
#752=FACE_OUTER_BOUND('',#1144,.T.);
#753=FACE_OUTER_BOUND('',#1149,.T.);
#754=FACE_OUTER_BOUND('',#1150,.T.);
#755=FACE_OUTER_BOUND('',#1151,.T.);
#756=FACE_OUTER_BOUND('',#1152,.T.);
#757=FACE_OUTER_BOUND('',#1153,.T.);
#758=FACE_OUTER_BOUND('',#1154,.T.);
#759=FACE_OUTER_BOUND('',#1155,.T.);
#760=FACE_OUTER_BOUND('',#1156,.T.);
#761=FACE_OUTER_BOUND('',#1157,.T.);
#762=FACE_OUTER_BOUND('',#1158,.T.);
#763=FACE_OUTER_BOUND('',#1171,.T.);
#764=FACE_OUTER_BOUND('',#1172,.T.);
#765=FACE_OUTER_BOUND('',#1173,.T.);
#766=FACE_OUTER_BOUND('',#1174,.T.);
#767=FACE_OUTER_BOUND('',#1175,.T.);
#768=FACE_OUTER_BOUND('',#1176,.T.);
#769=FACE_OUTER_BOUND('',#1177,.T.);
#770=FACE_OUTER_BOUND('',#1178,.T.);
#771=FACE_OUTER_BOUND('',#1179,.T.);
#772=FACE_OUTER_BOUND('',#1180,.T.);
#773=FACE_OUTER_BOUND('',#1181,.T.);
#774=FACE_OUTER_BOUND('',#1182,.T.);
#775=FACE_OUTER_BOUND('',#1183,.T.);
#776=FACE_OUTER_BOUND('',#1184,.T.);
#777=FACE_OUTER_BOUND('',#1185,.T.);
#778=FACE_OUTER_BOUND('',#1186,.T.);
#779=FACE_OUTER_BOUND('',#1187,.T.);
#780=FACE_OUTER_BOUND('',#1188,.T.);
#781=FACE_OUTER_BOUND('',#1189,.T.);
#782=FACE_OUTER_BOUND('',#1190,.T.);
#783=FACE_OUTER_BOUND('',#1191,.T.);
#784=FACE_OUTER_BOUND('',#1192,.T.);
#785=FACE_OUTER_BOUND('',#1193,.T.);
#786=FACE_OUTER_BOUND('',#1194,.T.);
#787=FACE_OUTER_BOUND('',#1195,.T.);
#788=FACE_OUTER_BOUND('',#1196,.T.);
#789=FACE_OUTER_BOUND('',#1197,.T.);
#790=FACE_OUTER_BOUND('',#1198,.T.);
#791=FACE_OUTER_BOUND('',#1199,.T.);
#792=FACE_OUTER_BOUND('',#1200,.T.);
#793=FACE_OUTER_BOUND('',#1201,.T.);
#794=FACE_OUTER_BOUND('',#1202,.T.);
#795=FACE_OUTER_BOUND('',#1203,.T.);
#796=FACE_OUTER_BOUND('',#1204,.T.);
#797=FACE_OUTER_BOUND('',#1205,.T.);
#798=FACE_OUTER_BOUND('',#1206,.T.);
#799=FACE_OUTER_BOUND('',#1207,.T.);
#800=FACE_OUTER_BOUND('',#1208,.T.);
#801=FACE_OUTER_BOUND('',#1209,.T.);
#802=FACE_OUTER_BOUND('',#1210,.T.);
#803=FACE_OUTER_BOUND('',#1211,.T.);
#804=FACE_OUTER_BOUND('',#1212,.T.);
#805=FACE_OUTER_BOUND('',#1213,.T.);
#806=FACE_OUTER_BOUND('',#1214,.T.);
#807=FACE_OUTER_BOUND('',#1215,.T.);
#808=FACE_OUTER_BOUND('',#1216,.T.);
#809=FACE_OUTER_BOUND('',#1217,.T.);
#810=FACE_OUTER_BOUND('',#1218,.T.);
#811=FACE_OUTER_BOUND('',#1219,.T.);
#812=FACE_OUTER_BOUND('',#1220,.T.);
#813=FACE_OUTER_BOUND('',#1221,.T.);
#814=FACE_OUTER_BOUND('',#1222,.T.);
#815=FACE_OUTER_BOUND('',#1223,.T.);
#816=FACE_OUTER_BOUND('',#1224,.T.);
#817=FACE_OUTER_BOUND('',#1225,.T.);
#818=FACE_OUTER_BOUND('',#1226,.T.);
#819=FACE_OUTER_BOUND('',#1227,.T.);
#820=FACE_OUTER_BOUND('',#1228,.T.);
#821=FACE_OUTER_BOUND('',#1229,.T.);
#822=FACE_OUTER_BOUND('',#1230,.T.);
#823=FACE_OUTER_BOUND('',#1231,.T.);
#824=FACE_OUTER_BOUND('',#1232,.T.);
#825=FACE_OUTER_BOUND('',#1233,.T.);
#826=FACE_OUTER_BOUND('',#1234,.T.);
#827=FACE_OUTER_BOUND('',#1235,.T.);
#828=FACE_OUTER_BOUND('',#1236,.T.);
#829=FACE_OUTER_BOUND('',#1237,.T.);
#830=FACE_OUTER_BOUND('',#1238,.T.);
#831=FACE_OUTER_BOUND('',#1239,.T.);
#832=FACE_OUTER_BOUND('',#1240,.T.);
#833=EDGE_LOOP('',(#4618,#4619,#4620,#4621,#4622));
#834=EDGE_LOOP('',(#4623,#4624,#4625,#4626,#4627,#4628));
#835=EDGE_LOOP('',(#4629,#4630,#4631,#4632,#4633));
#836=EDGE_LOOP('',(#4634,#4635,#4636,#4637,#4638,#4639,#4640,#4641,#4642,
#4643,#4644,#4645,#4646,#4647,#4648,#4649,#4650,#4651,#4652,#4653,#4654,
#4655,#4656,#4657,#4658,#4659,#4660,#4661,#4662,#4663,#4664,#4665,#4666,
#4667,#4668,#4669,#4670,#4671,#4672,#4673,#4674,#4675,#4676,#4677,#4678,
#4679,#4680,#4681,#4682,#4683,#4684,#4685,#4686,#4687,#4688,#4689,#4690,
#4691,#4692,#4693,#4694));
#837=EDGE_LOOP('',(#4695));
#838=EDGE_LOOP('',(#4696));
#839=EDGE_LOOP('',(#4697,#4698,#4699,#4700,#4701));
#840=EDGE_LOOP('',(#4702,#4703,#4704,#4705,#4706));
#841=EDGE_LOOP('',(#4707,#4708,#4709,#4710,#4711,#4712));
#842=EDGE_LOOP('',(#4713,#4714,#4715,#4716,#4717));
#843=EDGE_LOOP('',(#4718,#4719,#4720,#4721));
#844=EDGE_LOOP('',(#4722,#4723,#4724,#4725));
#845=EDGE_LOOP('',(#4726,#4727,#4728,#4729,#4730,#4731,#4732,#4733,#4734));
#846=EDGE_LOOP('',(#4735));
#847=EDGE_LOOP('',(#4736,#4737,#4738,#4739));
#848=EDGE_LOOP('',(#4740,#4741,#4742,#4743));
#849=EDGE_LOOP('',(#4744,#4745,#4746,#4747));
#850=EDGE_LOOP('',(#4748,#4749,#4750,#4751));
#851=EDGE_LOOP('',(#4752,#4753,#4754,#4755));
#852=EDGE_LOOP('',(#4756,#4757,#4758,#4759));
#853=EDGE_LOOP('',(#4760,#4761,#4762,#4763));
#854=EDGE_LOOP('',(#4764,#4765,#4766,#4767));
#855=EDGE_LOOP('',(#4768,#4769,#4770,#4771));
#856=EDGE_LOOP('',(#4772,#4773,#4774,#4775));
#857=EDGE_LOOP('',(#4776,#4777,#4778,#4779));
#858=EDGE_LOOP('',(#4780,#4781,#4782,#4783));
#859=EDGE_LOOP('',(#4784,#4785,#4786,#4787));
#860=EDGE_LOOP('',(#4788,#4789,#4790,#4791));
#861=EDGE_LOOP('',(#4792,#4793,#4794,#4795));
#862=EDGE_LOOP('',(#4796,#4797,#4798,#4799));
#863=EDGE_LOOP('',(#4800,#4801,#4802,#4803));
#864=EDGE_LOOP('',(#4804,#4805,#4806,#4807,#4808,#4809,#4810,#4811,#4812,
#4813,#4814,#4815,#4816,#4817,#4818,#4819));
#865=EDGE_LOOP('',(#4820));
#866=EDGE_LOOP('',(#4821,#4822,#4823,#4824));
#867=EDGE_LOOP('',(#4825,#4826,#4827,#4828));
#868=EDGE_LOOP('',(#4829,#4830,#4831,#4832));
#869=EDGE_LOOP('',(#4833,#4834,#4835,#4836));
#870=EDGE_LOOP('',(#4837,#4838,#4839,#4840));
#871=EDGE_LOOP('',(#4841,#4842,#4843,#4844));
#872=EDGE_LOOP('',(#4845,#4846,#4847,#4848));
#873=EDGE_LOOP('',(#4849,#4850,#4851,#4852,#4853));
#874=EDGE_LOOP('',(#4854,#4855,#4856,#4857));
#875=EDGE_LOOP('',(#4858,#4859,#4860,#4861,#4862,#4863,#4864,#4865,#4866,
#4867,#4868,#4869,#4870));
#876=EDGE_LOOP('',(#4871,#4872,#4873,#4874));
#877=EDGE_LOOP('',(#4875,#4876,#4877,#4878));
#878=EDGE_LOOP('',(#4879,#4880,#4881,#4882));
#879=EDGE_LOOP('',(#4883,#4884,#4885,#4886,#4887,#4888,#4889,#4890,#4891));
#880=EDGE_LOOP('',(#4892,#4893,#4894,#4895));
#881=EDGE_LOOP('',(#4896,#4897,#4898,#4899,#4900,#4901,#4902,#4903,#4904,
#4905,#4906,#4907));
#882=EDGE_LOOP('',(#4908,#4909,#4910,#4911,#4912,#4913));
#883=EDGE_LOOP('',(#4914,#4915,#4916,#4917,#4918));
#884=EDGE_LOOP('',(#4919,#4920,#4921,#4922,#4923,#4924,#4925,#4926,#4927));
#885=EDGE_LOOP('',(#4928,#4929,#4930,#4931,#4932,#4933));
#886=EDGE_LOOP('',(#4934,#4935,#4936,#4937,#4938,#4939));
#887=EDGE_LOOP('',(#4940,#4941,#4942,#4943,#4944,#4945,#4946,#4947,#4948,
#4949,#4950,#4951,#4952,#4953));
#888=EDGE_LOOP('',(#4954));
#889=EDGE_LOOP('',(#4955));
#890=EDGE_LOOP('',(#4956,#4957,#4958,#4959,#4960,#4961));
#891=EDGE_LOOP('',(#4962,#4963,#4964,#4965));
#892=EDGE_LOOP('',(#4966,#4967,#4968,#4969,#4970));
#893=EDGE_LOOP('',(#4971,#4972,#4973,#4974));
#894=EDGE_LOOP('',(#4975,#4976,#4977,#4978,#4979,#4980,#4981,#4982));
#895=EDGE_LOOP('',(#4983,#4984,#4985,#4986,#4987,#4988));
#896=EDGE_LOOP('',(#4989,#4990,#4991,#4992));
#897=EDGE_LOOP('',(#4993,#4994,#4995,#4996,#4997,#4998));
#898=EDGE_LOOP('',(#4999,#5000,#5001,#5002,#5003,#5004));
#899=EDGE_LOOP('',(#5005,#5006,#5007,#5008));
#900=EDGE_LOOP('',(#5009,#5010,#5011,#5012,#5013));
#901=EDGE_LOOP('',(#5014,#5015,#5016,#5017));
#902=EDGE_LOOP('',(#5018,#5019,#5020,#5021));
#903=EDGE_LOOP('',(#5022,#5023,#5024,#5025));
#904=EDGE_LOOP('',(#5026,#5027,#5028,#5029));
#905=EDGE_LOOP('',(#5030,#5031,#5032,#5033));
#906=EDGE_LOOP('',(#5034,#5035,#5036,#5037,#5038,#5039,#5040,#5041,#5042,
#5043));
#907=EDGE_LOOP('',(#5044,#5045,#5046,#5047,#5048));
#908=EDGE_LOOP('',(#5049,#5050,#5051,#5052,#5053));
#909=EDGE_LOOP('',(#5054,#5055,#5056,#5057,#5058));
#910=EDGE_LOOP('',(#5059,#5060,#5061,#5062,#5063,#5064,#5065,#5066));
#911=EDGE_LOOP('',(#5067,#5068,#5069,#5070,#5071));
#912=EDGE_LOOP('',(#5072,#5073,#5074,#5075,#5076,#5077,#5078,#5079,#5080));
#913=EDGE_LOOP('',(#5081));
#914=EDGE_LOOP('',(#5082,#5083,#5084,#5085));
#915=EDGE_LOOP('',(#5086,#5087,#5088,#5089));
#916=EDGE_LOOP('',(#5090,#5091,#5092,#5093,#5094,#5095,#5096,#5097,#5098,
#5099,#5100,#5101,#5102));
#917=EDGE_LOOP('',(#5103,#5104,#5105,#5106));
#918=EDGE_LOOP('',(#5107,#5108,#5109,#5110));
#919=EDGE_LOOP('',(#5111,#5112,#5113,#5114,#5115,#5116,#5117));
#920=EDGE_LOOP('',(#5118,#5119,#5120,#5121));
#921=EDGE_LOOP('',(#5122,#5123,#5124,#5125,#5126));
#922=EDGE_LOOP('',(#5127,#5128,#5129,#5130,#5131,#5132,#5133));
#923=EDGE_LOOP('',(#5134,#5135,#5136,#5137));
#924=EDGE_LOOP('',(#5138,#5139,#5140,#5141));
#925=EDGE_LOOP('',(#5142,#5143,#5144,#5145));
#926=EDGE_LOOP('',(#5146,#5147,#5148,#5149));
#927=EDGE_LOOP('',(#5150));
#928=EDGE_LOOP('',(#5151));
#929=EDGE_LOOP('',(#5152));
#930=EDGE_LOOP('',(#5153,#5154,#5155,#5156,#5157,#5158,#5159,#5160,#5161,
#5162,#5163,#5164,#5165,#5166));
#931=EDGE_LOOP('',(#5167));
#932=EDGE_LOOP('',(#5168));
#933=EDGE_LOOP('',(#5169,#5170,#5171,#5172,#5173,#5174,#5175));
#934=EDGE_LOOP('',(#5176,#5177,#5178,#5179,#5180));
#935=EDGE_LOOP('',(#5181,#5182,#5183,#5184));
#936=EDGE_LOOP('',(#5185,#5186,#5187,#5188));
#937=EDGE_LOOP('',(#5189,#5190,#5191,#5192,#5193));
#938=EDGE_LOOP('',(#5194,#5195,#5196,#5197,#5198,#5199));
#939=EDGE_LOOP('',(#5200,#5201,#5202,#5203));
#940=EDGE_LOOP('',(#5204,#5205,#5206,#5207));
#941=EDGE_LOOP('',(#5208,#5209,#5210,#5211,#5212,#5213));
#942=EDGE_LOOP('',(#5214,#5215,#5216,#5217,#5218));
#943=EDGE_LOOP('',(#5219,#5220,#5221,#5222));
#944=EDGE_LOOP('',(#5223,#5224,#5225,#5226,#5227,#5228,#5229));
#945=EDGE_LOOP('',(#5230,#5231,#5232,#5233,#5234));
#946=EDGE_LOOP('',(#5235,#5236,#5237,#5238));
#947=EDGE_LOOP('',(#5239,#5240,#5241,#5242,#5243,#5244,#5245));
#948=EDGE_LOOP('',(#5246,#5247,#5248,#5249,#5250,#5251,#5252));
#949=EDGE_LOOP('',(#5253,#5254,#5255,#5256,#5257,#5258));
#950=EDGE_LOOP('',(#5259,#5260,#5261,#5262));
#951=EDGE_LOOP('',(#5263,#5264,#5265,#5266,#5267,#5268));
#952=EDGE_LOOP('',(#5269,#5270,#5271,#5272));
#953=EDGE_LOOP('',(#5273,#5274,#5275,#5276));
#954=EDGE_LOOP('',(#5277,#5278,#5279,#5280));
#955=EDGE_LOOP('',(#5281,#5282,#5283,#5284));
#956=EDGE_LOOP('',(#5285,#5286,#5287,#5288));
#957=EDGE_LOOP('',(#5289,#5290,#5291,#5292,#5293));
#958=EDGE_LOOP('',(#5294,#5295,#5296,#5297));
#959=EDGE_LOOP('',(#5298,#5299,#5300,#5301,#5302,#5303,#5304,#5305));
#960=EDGE_LOOP('',(#5306,#5307,#5308,#5309));
#961=EDGE_LOOP('',(#5310,#5311,#5312,#5313,#5314));
#962=EDGE_LOOP('',(#5315,#5316,#5317,#5318));
#963=EDGE_LOOP('',(#5319,#5320,#5321,#5322));
#964=EDGE_LOOP('',(#5323,#5324,#5325,#5326,#5327,#5328,#5329,#5330));
#965=EDGE_LOOP('',(#5331,#5332,#5333,#5334,#5335,#5336,#5337));
#966=EDGE_LOOP('',(#5338,#5339,#5340,#5341));
#967=EDGE_LOOP('',(#5342,#5343,#5344,#5345,#5346,#5347,#5348));
#968=EDGE_LOOP('',(#5349,#5350,#5351,#5352,#5353,#5354,#5355,#5356));
#969=EDGE_LOOP('',(#5357,#5358,#5359,#5360));
#970=EDGE_LOOP('',(#5361,#5362,#5363,#5364));
#971=EDGE_LOOP('',(#5365,#5366,#5367,#5368,#5369));
#972=EDGE_LOOP('',(#5370,#5371,#5372,#5373));
#973=EDGE_LOOP('',(#5374,#5375,#5376,#5377,#5378,#5379,#5380,#5381));
#974=EDGE_LOOP('',(#5382,#5383,#5384,#5385));
#975=EDGE_LOOP('',(#5386,#5387,#5388,#5389,#5390));
#976=EDGE_LOOP('',(#5391,#5392,#5393,#5394));
#977=EDGE_LOOP('',(#5395,#5396,#5397,#5398,#5399,#5400,#5401,#5402,#5403,
#5404,#5405));
#978=EDGE_LOOP('',(#5406,#5407,#5408,#5409));
#979=EDGE_LOOP('',(#5410,#5411,#5412,#5413));
#980=EDGE_LOOP('',(#5414,#5415,#5416,#5417));
#981=EDGE_LOOP('',(#5418,#5419,#5420,#5421,#5422,#5423,#5424,#5425,#5426));
#982=EDGE_LOOP('',(#5427,#5428,#5429,#5430));
#983=EDGE_LOOP('',(#5431,#5432,#5433,#5434,#5435,#5436));
#984=EDGE_LOOP('',(#5437,#5438,#5439,#5440,#5441,#5442,#5443));
#985=EDGE_LOOP('',(#5444,#5445,#5446,#5447,#5448,#5449,#5450));
#986=EDGE_LOOP('',(#5451,#5452,#5453,#5454));
#987=EDGE_LOOP('',(#5455,#5456,#5457,#5458,#5459,#5460,#5461,#5462));
#988=EDGE_LOOP('',(#5463,#5464,#5465,#5466));
#989=EDGE_LOOP('',(#5467,#5468,#5469,#5470));
#990=EDGE_LOOP('',(#5471,#5472,#5473,#5474));
#991=EDGE_LOOP('',(#5475,#5476,#5477,#5478));
#992=EDGE_LOOP('',(#5479,#5480,#5481,#5482,#5483,#5484));
#993=EDGE_LOOP('',(#5485,#5486,#5487,#5488,#5489,#5490,#5491,#5492,#5493,
#5494,#5495,#5496));
#994=EDGE_LOOP('',(#5497,#5498,#5499,#5500,#5501));
#995=EDGE_LOOP('',(#5502,#5503,#5504,#5505,#5506));
#996=EDGE_LOOP('',(#5507,#5508,#5509,#5510,#5511));
#997=EDGE_LOOP('',(#5512,#5513,#5514,#5515,#5516));
#998=EDGE_LOOP('',(#5517,#5518,#5519,#5520));
#999=EDGE_LOOP('',(#5521,#5522,#5523,#5524,#5525,#5526));
#1000=EDGE_LOOP('',(#5527,#5528,#5529,#5530));
#1001=EDGE_LOOP('',(#5531,#5532,#5533,#5534));
#1002=EDGE_LOOP('',(#5535,#5536,#5537,#5538));
#1003=EDGE_LOOP('',(#5539,#5540,#5541,#5542));
#1004=EDGE_LOOP('',(#5543,#5544,#5545,#5546));
#1005=EDGE_LOOP('',(#5547,#5548,#5549,#5550));
#1006=EDGE_LOOP('',(#5551,#5552,#5553,#5554));
#1007=EDGE_LOOP('',(#5555,#5556,#5557,#5558));
#1008=EDGE_LOOP('',(#5559,#5560,#5561,#5562));
#1009=EDGE_LOOP('',(#5563,#5564,#5565,#5566));
#1010=EDGE_LOOP('',(#5567,#5568,#5569,#5570));
#1011=EDGE_LOOP('',(#5571,#5572,#5573,#5574));
#1012=EDGE_LOOP('',(#5575,#5576,#5577,#5578));
#1013=EDGE_LOOP('',(#5579,#5580,#5581,#5582));
#1014=EDGE_LOOP('',(#5583,#5584,#5585,#5586));
#1015=EDGE_LOOP('',(#5587,#5588,#5589,#5590));
#1016=EDGE_LOOP('',(#5591,#5592,#5593,#5594,#5595));
#1017=EDGE_LOOP('',(#5596,#5597,#5598,#5599,#5600));
#1018=EDGE_LOOP('',(#5601,#5602,#5603,#5604));
#1019=EDGE_LOOP('',(#5605,#5606,#5607,#5608));
#1020=EDGE_LOOP('',(#5609,#5610,#5611,#5612,#5613,#5614,#5615,#5616,#5617,
#5618,#5619,#5620));
#1021=EDGE_LOOP('',(#5621,#5622,#5623,#5624,#5625));
#1022=EDGE_LOOP('',(#5626,#5627,#5628,#5629,#5630));
#1023=EDGE_LOOP('',(#5631,#5632,#5633,#5634));
#1024=EDGE_LOOP('',(#5635,#5636,#5637,#5638));
#1025=EDGE_LOOP('',(#5639,#5640,#5641,#5642));
#1026=EDGE_LOOP('',(#5643,#5644,#5645,#5646));
#1027=EDGE_LOOP('',(#5647,#5648,#5649,#5650));
#1028=EDGE_LOOP('',(#5651,#5652,#5653,#5654));
#1029=EDGE_LOOP('',(#5655,#5656,#5657,#5658,#5659,#5660,#5661,#5662,#5663,
#5664));
#1030=EDGE_LOOP('',(#5665,#5666,#5667,#5668));
#1031=EDGE_LOOP('',(#5669,#5670,#5671,#5672,#5673,#5674));
#1032=EDGE_LOOP('',(#5675,#5676,#5677,#5678,#5679));
#1033=EDGE_LOOP('',(#5680,#5681,#5682,#5683,#5684));
#1034=EDGE_LOOP('',(#5685,#5686,#5687,#5688,#5689,#5690,#5691,#5692,#5693));
#1035=EDGE_LOOP('',(#5694,#5695,#5696,#5697));
#1036=EDGE_LOOP('',(#5698,#5699,#5700,#5701));
#1037=EDGE_LOOP('',(#5702,#5703,#5704,#5705));
#1038=EDGE_LOOP('',(#5706,#5707,#5708,#5709,#5710,#5711,#5712,#5713,#5714));
#1039=EDGE_LOOP('',(#5715,#5716,#5717,#5718,#5719));
#1040=EDGE_LOOP('',(#5720,#5721,#5722,#5723,#5724));
#1041=EDGE_LOOP('',(#5725,#5726,#5727,#5728,#5729,#5730));
#1042=EDGE_LOOP('',(#5731,#5732,#5733,#5734,#5735));
#1043=EDGE_LOOP('',(#5736,#5737,#5738,#5739));
#1044=EDGE_LOOP('',(#5740,#5741,#5742,#5743));
#1045=EDGE_LOOP('',(#5744,#5745,#5746,#5747,#5748));
#1046=EDGE_LOOP('',(#5749,#5750,#5751,#5752,#5753,#5754));
#1047=EDGE_LOOP('',(#5755,#5756,#5757,#5758,#5759));
#1048=EDGE_LOOP('',(#5760,#5761,#5762,#5763,#5764));
#1049=EDGE_LOOP('',(#5765,#5766,#5767,#5768,#5769));
#1050=EDGE_LOOP('',(#5770,#5771,#5772,#5773,#5774));
#1051=EDGE_LOOP('',(#5775,#5776,#5777));
#1052=EDGE_LOOP('',(#5778,#5779,#5780,#5781));
#1053=EDGE_LOOP('',(#5782,#5783,#5784,#5785));
#1054=EDGE_LOOP('',(#5786,#5787,#5788,#5789));
#1055=EDGE_LOOP('',(#5790,#5791,#5792,#5793));
#1056=EDGE_LOOP('',(#5794,#5795,#5796,#5797));
#1057=EDGE_LOOP('',(#5798,#5799,#5800));
#1058=EDGE_LOOP('',(#5801,#5802,#5803,#5804,#5805));
#1059=EDGE_LOOP('',(#5806,#5807,#5808,#5809));
#1060=EDGE_LOOP('',(#5810,#5811,#5812,#5813,#5814,#5815,#5816,#5817,#5818,
#5819,#5820,#5821,#5822,#5823,#5824,#5825));
#1061=EDGE_LOOP('',(#5826,#5827,#5828,#5829));
#1062=EDGE_LOOP('',(#5830,#5831,#5832,#5833));
#1063=EDGE_LOOP('',(#5834,#5835,#5836,#5837));
#1064=EDGE_LOOP('',(#5838,#5839,#5840,#5841,#5842));
#1065=EDGE_LOOP('',(#5843,#5844,#5845,#5846,#5847,#5848,#5849,#5850,#5851,
#5852,#5853,#5854));
#1066=EDGE_LOOP('',(#5855,#5856,#5857,#5858));
#1067=EDGE_LOOP('',(#5859,#5860,#5861,#5862));
#1068=EDGE_LOOP('',(#5863));
#1069=EDGE_LOOP('',(#5864,#5865,#5866,#5867));
#1070=EDGE_LOOP('',(#5868,#5869,#5870,#5871,#5872));
#1071=EDGE_LOOP('',(#5873,#5874,#5875,#5876,#5877));
#1072=EDGE_LOOP('',(#5878,#5879,#5880,#5881,#5882,#5883,#5884));
#1073=EDGE_LOOP('',(#5885,#5886,#5887,#5888));
#1074=EDGE_LOOP('',(#5889,#5890,#5891,#5892));
#1075=EDGE_LOOP('',(#5893,#5894,#5895,#5896,#5897));
#1076=EDGE_LOOP('',(#5898,#5899,#5900,#5901,#5902,#5903,#5904));
#1077=EDGE_LOOP('',(#5905,#5906,#5907,#5908,#5909));
#1078=EDGE_LOOP('',(#5910,#5911,#5912,#5913,#5914,#5915,#5916,#5917,#5918,
#5919,#5920,#5921));
#1079=EDGE_LOOP('',(#5922,#5923,#5924,#5925));
#1080=EDGE_LOOP('',(#5926,#5927,#5928,#5929));
#1081=EDGE_LOOP('',(#5930));
#1082=EDGE_LOOP('',(#5931,#5932,#5933,#5934));
#1083=EDGE_LOOP('',(#5935,#5936,#5937,#5938,#5939));
#1084=EDGE_LOOP('',(#5940,#5941,#5942,#5943));
#1085=EDGE_LOOP('',(#5944,#5945,#5946,#5947));
#1086=EDGE_LOOP('',(#5948,#5949,#5950,#5951,#5952,#5953,#5954,#5955,#5956,
#5957,#5958,#5959,#5960,#5961,#5962,#5963));
#1087=EDGE_LOOP('',(#5964));
#1088=EDGE_LOOP('',(#5965));
#1089=EDGE_LOOP('',(#5966,#5967,#5968,#5969));
#1090=EDGE_LOOP('',(#5970,#5971,#5972,#5973));
#1091=EDGE_LOOP('',(#5974,#5975,#5976,#5977));
#1092=EDGE_LOOP('',(#5978,#5979,#5980,#5981));
#1093=EDGE_LOOP('',(#5982,#5983,#5984,#5985));
#1094=EDGE_LOOP('',(#5986,#5987,#5988,#5989));
#1095=EDGE_LOOP('',(#5990,#5991,#5992,#5993));
#1096=EDGE_LOOP('',(#5994,#5995,#5996,#5997,#5998));
#1097=EDGE_LOOP('',(#5999,#6000,#6001));
#1098=EDGE_LOOP('',(#6002,#6003,#6004,#6005));
#1099=EDGE_LOOP('',(#6006,#6007,#6008,#6009));
#1100=EDGE_LOOP('',(#6010,#6011,#6012,#6013));
#1101=EDGE_LOOP('',(#6014,#6015,#6016));
#1102=EDGE_LOOP('',(#6017,#6018,#6019,#6020));
#1103=EDGE_LOOP('',(#6021,#6022,#6023,#6024));
#1104=EDGE_LOOP('',(#6025));
#1105=EDGE_LOOP('',(#6026));
#1106=EDGE_LOOP('',(#6027));
#1107=EDGE_LOOP('',(#6028));
#1108=EDGE_LOOP('',(#6029,#6030,#6031,#6032,#6033));
#1109=EDGE_LOOP('',(#6034));
#1110=EDGE_LOOP('',(#6035));
#1111=EDGE_LOOP('',(#6036));
#1112=EDGE_LOOP('',(#6037));
#1113=EDGE_LOOP('',(#6038));
#1114=EDGE_LOOP('',(#6039));
#1115=EDGE_LOOP('',(#6040));
#1116=EDGE_LOOP('',(#6041));
#1117=EDGE_LOOP('',(#6042));
#1118=EDGE_LOOP('',(#6043));
#1119=EDGE_LOOP('',(#6044));
#1120=EDGE_LOOP('',(#6045));
#1121=EDGE_LOOP('',(#6046,#6047,#6048,#6049));
#1122=EDGE_LOOP('',(#6050,#6051,#6052,#6053,#6054));
#1123=EDGE_LOOP('',(#6055,#6056,#6057,#6058));
#1124=EDGE_LOOP('',(#6059,#6060,#6061,#6062));
#1125=EDGE_LOOP('',(#6063,#6064,#6065,#6066));
#1126=EDGE_LOOP('',(#6067,#6068,#6069,#6070));
#1127=EDGE_LOOP('',(#6071,#6072,#6073,#6074));
#1128=EDGE_LOOP('',(#6075,#6076,#6077,#6078));
#1129=EDGE_LOOP('',(#6079,#6080,#6081,#6082));
#1130=EDGE_LOOP('',(#6083,#6084,#6085,#6086));
#1131=EDGE_LOOP('',(#6087,#6088,#6089,#6090));
#1132=EDGE_LOOP('',(#6091));
#1133=EDGE_LOOP('',(#6092));
#1134=EDGE_LOOP('',(#6093,#6094,#6095,#6096));
#1135=EDGE_LOOP('',(#6097,#6098,#6099,#6100));
#1136=EDGE_LOOP('',(#6101,#6102,#6103,#6104));
#1137=EDGE_LOOP('',(#6105,#6106,#6107,#6108));
#1138=EDGE_LOOP('',(#6109,#6110,#6111,#6112));
#1139=EDGE_LOOP('',(#6113,#6114,#6115,#6116));
#1140=EDGE_LOOP('',(#6117,#6118,#6119,#6120));
#1141=EDGE_LOOP('',(#6121,#6122,#6123,#6124));
#1142=EDGE_LOOP('',(#6125,#6126,#6127,#6128));
#1143=EDGE_LOOP('',(#6129,#6130,#6131,#6132));
#1144=EDGE_LOOP('',(#6133,#6134,#6135,#6136,#6137,#6138,#6139,#6140,#6141,
#6142,#6143,#6144,#6145,#6146,#6147,#6148,#6149,#6150,#6151,#6152,#6153,
#6154,#6155,#6156,#6157,#6158,#6159,#6160,#6161,#6162,#6163,#6164,#6165,
#6166,#6167,#6168,#6169,#6170,#6171,#6172,#6173,#6174,#6175,#6176,#6177,
#6178,#6179,#6180,#6181,#6182,#6183,#6184,#6185,#6186,#6187,#6188,#6189,
#6190,#6191,#6192,#6193,#6194,#6195,#6196,#6197,#6198,#6199,#6200,#6201,
#6202,#6203,#6204,#6205,#6206,#6207,#6208,#6209,#6210,#6211,#6212,#6213,
#6214,#6215,#6216,#6217,#6218));
#1145=EDGE_LOOP('',(#6219));
#1146=EDGE_LOOP('',(#6220));
#1147=EDGE_LOOP('',(#6221));
#1148=EDGE_LOOP('',(#6222));
#1149=EDGE_LOOP('',(#6223,#6224,#6225,#6226));
#1150=EDGE_LOOP('',(#6227,#6228,#6229,#6230,#6231,#6232,#6233));
#1151=EDGE_LOOP('',(#6234,#6235,#6236,#6237));
#1152=EDGE_LOOP('',(#6238,#6239,#6240,#6241));
#1153=EDGE_LOOP('',(#6242,#6243,#6244,#6245));
#1154=EDGE_LOOP('',(#6246,#6247,#6248,#6249,#6250));
#1155=EDGE_LOOP('',(#6251,#6252,#6253,#6254,#6255,#6256));
#1156=EDGE_LOOP('',(#6257,#6258,#6259,#6260,#6261));
#1157=EDGE_LOOP('',(#6262,#6263,#6264,#6265,#6266,#6267));
#1158=EDGE_LOOP('',(#6268,#6269,#6270,#6271,#6272,#6273,#6274,#6275,#6276,
#6277,#6278,#6279,#6280,#6281,#6282,#6283,#6284,#6285,#6286,#6287,#6288,
#6289,#6290,#6291,#6292,#6293,#6294,#6295,#6296,#6297,#6298,#6299,#6300,
#6301,#6302,#6303,#6304,#6305,#6306,#6307,#6308,#6309,#6310,#6311,#6312,
#6313,#6314,#6315,#6316,#6317,#6318,#6319,#6320,#6321,#6322,#6323,#6324,
#6325,#6326,#6327,#6328,#6329,#6330,#6331,#6332,#6333,#6334,#6335,#6336,
#6337));
#1159=EDGE_LOOP('',(#6338));
#1160=EDGE_LOOP('',(#6339));
#1161=EDGE_LOOP('',(#6340));
#1162=EDGE_LOOP('',(#6341));
#1163=EDGE_LOOP('',(#6342));
#1164=EDGE_LOOP('',(#6343));
#1165=EDGE_LOOP('',(#6344));
#1166=EDGE_LOOP('',(#6345));
#1167=EDGE_LOOP('',(#6346));
#1168=EDGE_LOOP('',(#6347));
#1169=EDGE_LOOP('',(#6348));
#1170=EDGE_LOOP('',(#6349));
#1171=EDGE_LOOP('',(#6350,#6351,#6352,#6353,#6354,#6355));
#1172=EDGE_LOOP('',(#6356,#6357,#6358,#6359));
#1173=EDGE_LOOP('',(#6360,#6361,#6362,#6363));
#1174=EDGE_LOOP('',(#6364,#6365,#6366,#6367,#6368,#6369,#6370,#6371));
#1175=EDGE_LOOP('',(#6372,#6373,#6374,#6375));
#1176=EDGE_LOOP('',(#6376,#6377,#6378,#6379,#6380,#6381));
#1177=EDGE_LOOP('',(#6382,#6383,#6384,#6385));
#1178=EDGE_LOOP('',(#6386,#6387,#6388,#6389,#6390,#6391,#6392));
#1179=EDGE_LOOP('',(#6393,#6394,#6395,#6396,#6397,#6398,#6399,#6400));
#1180=EDGE_LOOP('',(#6401,#6402,#6403,#6404,#6405,#6406,#6407));
#1181=EDGE_LOOP('',(#6408,#6409,#6410));
#1182=EDGE_LOOP('',(#6411,#6412,#6413,#6414,#6415));
#1183=EDGE_LOOP('',(#6416,#6417,#6418,#6419,#6420,#6421));
#1184=EDGE_LOOP('',(#6422,#6423,#6424,#6425));
#1185=EDGE_LOOP('',(#6426,#6427,#6428,#6429));
#1186=EDGE_LOOP('',(#6430,#6431,#6432));
#1187=EDGE_LOOP('',(#6433,#6434,#6435,#6436,#6437));
#1188=EDGE_LOOP('',(#6438,#6439,#6440,#6441,#6442,#6443,#6444,#6445));
#1189=EDGE_LOOP('',(#6446,#6447,#6448,#6449));
#1190=EDGE_LOOP('',(#6450,#6451,#6452,#6453));
#1191=EDGE_LOOP('',(#6454,#6455,#6456,#6457));
#1192=EDGE_LOOP('',(#6458,#6459,#6460,#6461));
#1193=EDGE_LOOP('',(#6462,#6463,#6464,#6465));
#1194=EDGE_LOOP('',(#6466,#6467,#6468,#6469));
#1195=EDGE_LOOP('',(#6470,#6471,#6472,#6473));
#1196=EDGE_LOOP('',(#6474,#6475,#6476,#6477));
#1197=EDGE_LOOP('',(#6478,#6479,#6480,#6481,#6482,#6483));
#1198=EDGE_LOOP('',(#6484,#6485,#6486,#6487));
#1199=EDGE_LOOP('',(#6488,#6489,#6490,#6491,#6492,#6493));
#1200=EDGE_LOOP('',(#6494,#6495,#6496,#6497));
#1201=EDGE_LOOP('',(#6498,#6499,#6500,#6501,#6502,#6503,#6504,#6505,#6506));
#1202=EDGE_LOOP('',(#6507,#6508,#6509,#6510));
#1203=EDGE_LOOP('',(#6511,#6512,#6513,#6514,#6515,#6516,#6517,#6518,#6519));
#1204=EDGE_LOOP('',(#6520,#6521,#6522,#6523));
#1205=EDGE_LOOP('',(#6524,#6525,#6526,#6527));
#1206=EDGE_LOOP('',(#6528,#6529,#6530,#6531));
#1207=EDGE_LOOP('',(#6532,#6533,#6534,#6535,#6536,#6537,#6538,#6539,#6540,
#6541));
#1208=EDGE_LOOP('',(#6542,#6543,#6544,#6545));
#1209=EDGE_LOOP('',(#6546,#6547,#6548,#6549));
#1210=EDGE_LOOP('',(#6550,#6551,#6552,#6553));
#1211=EDGE_LOOP('',(#6554,#6555,#6556,#6557,#6558,#6559,#6560,#6561));
#1212=EDGE_LOOP('',(#6562,#6563,#6564,#6565));
#1213=EDGE_LOOP('',(#6566,#6567,#6568,#6569));
#1214=EDGE_LOOP('',(#6570,#6571,#6572,#6573));
#1215=EDGE_LOOP('',(#6574,#6575,#6576,#6577));
#1216=EDGE_LOOP('',(#6578,#6579,#6580,#6581));
#1217=EDGE_LOOP('',(#6582,#6583,#6584,#6585,#6586));
#1218=EDGE_LOOP('',(#6587,#6588,#6589,#6590));
#1219=EDGE_LOOP('',(#6591,#6592,#6593,#6594));
#1220=EDGE_LOOP('',(#6595,#6596,#6597,#6598));
#1221=EDGE_LOOP('',(#6599,#6600,#6601,#6602));
#1222=EDGE_LOOP('',(#6603,#6604,#6605,#6606));
#1223=EDGE_LOOP('',(#6607));
#1224=EDGE_LOOP('',(#6608,#6609,#6610,#6611));
#1225=EDGE_LOOP('',(#6612,#6613,#6614,#6615));
#1226=EDGE_LOOP('',(#6616));
#1227=EDGE_LOOP('',(#6617,#6618,#6619,#6620));
#1228=EDGE_LOOP('',(#6621,#6622,#6623,#6624,#6625,#6626,#6627,#6628));
#1229=EDGE_LOOP('',(#6629,#6630,#6631,#6632,#6633,#6634,#6635,#6636));
#1230=EDGE_LOOP('',(#6637,#6638,#6639,#6640,#6641));
#1231=EDGE_LOOP('',(#6642,#6643,#6644,#6645));
#1232=EDGE_LOOP('',(#6646,#6647,#6648,#6649));
#1233=EDGE_LOOP('',(#6650,#6651,#6652));
#1234=EDGE_LOOP('',(#6653,#6654,#6655));
#1235=EDGE_LOOP('',(#6656,#6657,#6658,#6659));
#1236=EDGE_LOOP('',(#6660,#6661,#6662,#6663));
#1237=EDGE_LOOP('',(#6664,#6665,#6666,#6667));
#1238=EDGE_LOOP('',(#6668,#6669,#6670));
#1239=EDGE_LOOP('',(#6671,#6672,#6673));
#1240=EDGE_LOOP('',(#6674,#6675,#6676,#6677));
#1241=B_SPLINE_CURVE_WITH_KNOTS('',3,(#9776,#9777,#9778,#9779),
 .UNSPECIFIED.,.F.,.F.,(4,4),(1.2979150254207,1.3103940304259),
 .UNSPECIFIED.);
#1242=B_SPLINE_CURVE_WITH_KNOTS('',3,(#9926,#9927,#9928,#9929),
 .UNSPECIFIED.,.F.,.F.,(4,4),(0.,0.0124790049007238),.UNSPECIFIED.);
#1243=B_SPLINE_CURVE_WITH_KNOTS('',3,(#10971,#10972,#10973,#10974),
 .UNSPECIFIED.,.F.,.F.,(4,4),(0.0383152431738479,0.0477319558531914),
 .UNSPECIFIED.);
#1244=B_SPLINE_CURVE_WITH_KNOTS('',3,(#11282,#11283,#11284,#11285),
 .UNSPECIFIED.,.F.,.F.,(4,4),(0.116524206848496,0.126212855153599),
 .UNSPECIFIED.);
#1245=LINE('',#9772,#2044);
#1246=LINE('',#9780,#2045);
#1247=LINE('',#9783,#2046);
#1248=LINE('',#9785,#2047);
#1249=LINE('',#9787,#2048);
#1250=LINE('',#9789,#2049);
#1251=LINE('',#9793,#2050);
#1252=LINE('',#9795,#2051);
#1253=LINE('',#9796,#2052);
#1254=LINE('',#9799,#2053);
#1255=LINE('',#9801,#2054);
#1256=LINE('',#9805,#2055);
#1257=LINE('',#9807,#2056);
#1258=LINE('',#9811,#2057);
#1259=LINE('',#9815,#2058);
#1260=LINE('',#9819,#2059);
#1261=LINE('',#9823,#2060);
#1262=LINE('',#9825,#2061);
#1263=LINE('',#9827,#2062);
#1264=LINE('',#9829,#2063);
#1265=LINE('',#9833,#2064);
#1266=LINE('',#9835,#2065);
#1267=LINE('',#9839,#2066);
#1268=LINE('',#9841,#2067);
#1269=LINE('',#9843,#2068);
#1270=LINE('',#9845,#2069);
#1271=LINE('',#9847,#2070);
#1272=LINE('',#9849,#2071);
#1273=LINE('',#9851,#2072);
#1274=LINE('',#9853,#2073);
#1275=LINE('',#9855,#2074);
#1276=LINE('',#9857,#2075);
#1277=LINE('',#9861,#2076);
#1278=LINE('',#9865,#2077);
#1279=LINE('',#9867,#2078);
#1280=LINE('',#9869,#2079);
#1281=LINE('',#9873,#2080);
#1282=LINE('',#9877,#2081);
#1283=LINE('',#9879,#2082);
#1284=LINE('',#9881,#2083);
#1285=LINE('',#9883,#2084);
#1286=LINE('',#9885,#2085);
#1287=LINE('',#9887,#2086);
#1288=LINE('',#9889,#2087);
#1289=LINE('',#9893,#2088);
#1290=LINE('',#9895,#2089);
#1291=LINE('',#9899,#2090);
#1292=LINE('',#9901,#2091);
#1293=LINE('',#9903,#2092);
#1294=LINE('',#9905,#2093);
#1295=LINE('',#9909,#2094);
#1296=LINE('',#9913,#2095);
#1297=LINE('',#9923,#2096);
#1298=LINE('',#9925,#2097);
#1299=LINE('',#9932,#2098);
#1300=LINE('',#9934,#2099);
#1301=LINE('',#9935,#2100);
#1302=LINE('',#9940,#2101);
#1303=LINE('',#9942,#2102);
#1304=LINE('',#9943,#2103);
#1305=LINE('',#9946,#2104);
#1306=LINE('',#9949,#2105);
#1307=LINE('',#9952,#2106);
#1308=LINE('',#9955,#2107);
#1309=LINE('',#9958,#2108);
#1310=LINE('',#9961,#2109);
#1311=LINE('',#9966,#2110);
#1312=LINE('',#9970,#2111);
#1313=LINE('',#9972,#2112);
#1314=LINE('',#9976,#2113);
#1315=LINE('',#9977,#2114);
#1316=LINE('',#9982,#2115);
#1317=LINE('',#9985,#2116);
#1318=LINE('',#9988,#2117);
#1319=LINE('',#9989,#2118);
#1320=LINE('',#9993,#2119);
#1321=LINE('',#9998,#2120);
#1322=LINE('',#10003,#2121);
#1323=LINE('',#10004,#2122);
#1324=LINE('',#10005,#2123);
#1325=LINE('',#10009,#2124);
#1326=LINE('',#10014,#2125);
#1327=LINE('',#10016,#2126);
#1328=LINE('',#10017,#2127);
#1329=LINE('',#10020,#2128);
#1330=LINE('',#10022,#2129);
#1331=LINE('',#10023,#2130);
#1332=LINE('',#10027,#2131);
#1333=LINE('',#10033,#2132);
#1334=LINE('',#10034,#2133);
#1335=LINE('',#10035,#2134);
#1336=LINE('',#10038,#2135);
#1337=LINE('',#10042,#2136);
#1338=LINE('',#10043,#2137);
#1339=LINE('',#10046,#2138);
#1340=LINE('',#10050,#2139);
#1341=LINE('',#10051,#2140);
#1342=LINE('',#10054,#2141);
#1343=LINE('',#10055,#2142);
#1344=LINE('',#10058,#2143);
#1345=LINE('',#10062,#2144);
#1346=LINE('',#10063,#2145);
#1347=LINE('',#10065,#2146);
#1348=LINE('',#10067,#2147);
#1349=LINE('',#10068,#2148);
#1350=LINE('',#10070,#2149);
#1351=LINE('',#10074,#2150);
#1352=LINE('',#10075,#2151);
#1353=LINE('',#10076,#2152);
#1354=LINE('',#10077,#2153);
#1355=LINE('',#10081,#2154);
#1356=LINE('',#10083,#2155);
#1357=LINE('',#10085,#2156);
#1358=LINE('',#10087,#2157);
#1359=LINE('',#10089,#2158);
#1360=LINE('',#10091,#2159);
#1361=LINE('',#10095,#2160);
#1362=LINE('',#10097,#2161);
#1363=LINE('',#10098,#2162);
#1364=LINE('',#10102,#2163);
#1365=LINE('',#10104,#2164);
#1366=LINE('',#10106,#2165);
#1367=LINE('',#10108,#2166);
#1368=LINE('',#10110,#2167);
#1369=LINE('',#10112,#2168);
#1370=LINE('',#10114,#2169);
#1371=LINE('',#10116,#2170);
#1372=LINE('',#10118,#2171);
#1373=LINE('',#10119,#2172);
#1374=LINE('',#10124,#2173);
#1375=LINE('',#10125,#2174);
#1376=LINE('',#10128,#2175);
#1377=LINE('',#10129,#2176);
#1378=LINE('',#10134,#2177);
#1379=LINE('',#10135,#2178);
#1380=LINE('',#10138,#2179);
#1381=LINE('',#10140,#2180);
#1382=LINE('',#10142,#2181);
#1383=LINE('',#10144,#2182);
#1384=LINE('',#10146,#2183);
#1385=LINE('',#10148,#2184);
#1386=LINE('',#10149,#2185);
#1387=LINE('',#10153,#2186);
#1388=LINE('',#10154,#2187);
#1389=LINE('',#10155,#2188);
#1390=LINE('',#10158,#2189);
#1391=LINE('',#10160,#2190);
#1392=LINE('',#10162,#2191);
#1393=LINE('',#10164,#2192);
#1394=LINE('',#10165,#2193);
#1395=LINE('',#10166,#2194);
#1396=LINE('',#10170,#2195);
#1397=LINE('',#10172,#2196);
#1398=LINE('',#10174,#2197);
#1399=LINE('',#10176,#2198);
#1400=LINE('',#10178,#2199);
#1401=LINE('',#10179,#2200);
#1402=LINE('',#10181,#2201);
#1403=LINE('',#10183,#2202);
#1404=LINE('',#10184,#2203);
#1405=LINE('',#10187,#2204);
#1406=LINE('',#10189,#2205);
#1407=LINE('',#10191,#2206);
#1408=LINE('',#10193,#2207);
#1409=LINE('',#10194,#2208);
#1410=LINE('',#10197,#2209);
#1411=LINE('',#10199,#2210);
#1412=LINE('',#10201,#2211);
#1413=LINE('',#10202,#2212);
#1414=LINE('',#10205,#2213);
#1415=LINE('',#10207,#2214);
#1416=LINE('',#10209,#2215);
#1417=LINE('',#10211,#2216);
#1418=LINE('',#10212,#2217);
#1419=LINE('',#10215,#2218);
#1420=LINE('',#10217,#2219);
#1421=LINE('',#10219,#2220);
#1422=LINE('',#10221,#2221);
#1423=LINE('',#10223,#2222);
#1424=LINE('',#10225,#2223);
#1425=LINE('',#10227,#2224);
#1426=LINE('',#10229,#2225);
#1427=LINE('',#10231,#2226);
#1428=LINE('',#10233,#2227);
#1429=LINE('',#10235,#2228);
#1430=LINE('',#10237,#2229);
#1431=LINE('',#10238,#2230);
#1432=LINE('',#10245,#2231);
#1433=LINE('',#10247,#2232);
#1434=LINE('',#10248,#2233);
#1435=LINE('',#10253,#2234);
#1436=LINE('',#10254,#2235);
#1437=LINE('',#10257,#2236);
#1438=LINE('',#10259,#2237);
#1439=LINE('',#10260,#2238);
#1440=LINE('',#10265,#2239);
#1441=LINE('',#10266,#2240);
#1442=LINE('',#10269,#2241);
#1443=LINE('',#10270,#2242);
#1444=LINE('',#10271,#2243);
#1445=LINE('',#10272,#2244);
#1446=LINE('',#10275,#2245);
#1447=LINE('',#10276,#2246);
#1448=LINE('',#10277,#2247);
#1449=LINE('',#10282,#2248);
#1450=LINE('',#10283,#2249);
#1451=LINE('',#10285,#2250);
#1452=LINE('',#10286,#2251);
#1453=LINE('',#10289,#2252);
#1454=LINE('',#10290,#2253);
#1455=LINE('',#10295,#2254);
#1456=LINE('',#10296,#2255);
#1457=LINE('',#10299,#2256);
#1458=LINE('',#10300,#2257);
#1459=LINE('',#10304,#2258);
#1460=LINE('',#10306,#2259);
#1461=LINE('',#10310,#2260);
#1462=LINE('',#10313,#2261);
#1463=LINE('',#10314,#2262);
#1464=LINE('',#10318,#2263);
#1465=LINE('',#10320,#2264);
#1466=LINE('',#10322,#2265);
#1467=LINE('',#10323,#2266);
#1468=LINE('',#10325,#2267);
#1469=LINE('',#10328,#2268);
#1470=LINE('',#10329,#2269);
#1471=LINE('',#10332,#2270);
#1472=LINE('',#10333,#2271);
#1473=LINE('',#10335,#2272);
#1474=LINE('',#10337,#2273);
#1475=LINE('',#10342,#2274);
#1476=LINE('',#10346,#2275);
#1477=LINE('',#10349,#2276);
#1478=LINE('',#10351,#2277);
#1479=LINE('',#10353,#2278);
#1480=LINE('',#10355,#2279);
#1481=LINE('',#10357,#2280);
#1482=LINE('',#10359,#2281);
#1483=LINE('',#10361,#2282);
#1484=LINE('',#10362,#2283);
#1485=LINE('',#10365,#2284);
#1486=LINE('',#10369,#2285);
#1487=LINE('',#10373,#2286);
#1488=LINE('',#10375,#2287);
#1489=LINE('',#10376,#2288);
#1490=LINE('',#10378,#2289);
#1491=LINE('',#10379,#2290);
#1492=LINE('',#10382,#2291);
#1493=LINE('',#10383,#2292);
#1494=LINE('',#10386,#2293);
#1495=LINE('',#10387,#2294);
#1496=LINE('',#10388,#2295);
#1497=LINE('',#10391,#2296);
#1498=LINE('',#10392,#2297);
#1499=LINE('',#10396,#2298);
#1500=LINE('',#10398,#2299);
#1501=LINE('',#10404,#2300);
#1502=LINE('',#10406,#2301);
#1503=LINE('',#10408,#2302);
#1504=LINE('',#10410,#2303);
#1505=LINE('',#10412,#2304);
#1506=LINE('',#10414,#2305);
#1507=LINE('',#10416,#2306);
#1508=LINE('',#10418,#2307);
#1509=LINE('',#10420,#2308);
#1510=LINE('',#10422,#2309);
#1511=LINE('',#10423,#2310);
#1512=LINE('',#10431,#2311);
#1513=LINE('',#10432,#2312);
#1514=LINE('',#10434,#2313);
#1515=LINE('',#10436,#2314);
#1516=LINE('',#10437,#2315);
#1517=LINE('',#10440,#2316);
#1518=LINE('',#10442,#2317);
#1519=LINE('',#10444,#2318);
#1520=LINE('',#10446,#2319);
#1521=LINE('',#10450,#2320);
#1522=LINE('',#10452,#2321);
#1523=LINE('',#10453,#2322);
#1524=LINE('',#10456,#2323);
#1525=LINE('',#10457,#2324);
#1526=LINE('',#10460,#2325);
#1527=LINE('',#10463,#2326);
#1528=LINE('',#10466,#2327);
#1529=LINE('',#10468,#2328);
#1530=LINE('',#10470,#2329);
#1531=LINE('',#10472,#2330);
#1532=LINE('',#10473,#2331);
#1533=LINE('',#10476,#2332);
#1534=LINE('',#10477,#2333);
#1535=LINE('',#10481,#2334);
#1536=LINE('',#10483,#2335);
#1537=LINE('',#10485,#2336);
#1538=LINE('',#10486,#2337);
#1539=LINE('',#10489,#2338);
#1540=LINE('',#10491,#2339);
#1541=LINE('',#10493,#2340);
#1542=LINE('',#10495,#2341);
#1543=LINE('',#10496,#2342);
#1544=LINE('',#10499,#2343);
#1545=LINE('',#10501,#2344);
#1546=LINE('',#10504,#2345);
#1547=LINE('',#10507,#2346);
#1548=LINE('',#10509,#2347);
#1549=LINE('',#10510,#2348);
#1550=LINE('',#10514,#2349);
#1551=LINE('',#10516,#2350);
#1552=LINE('',#10518,#2351);
#1553=LINE('',#10519,#2352);
#1554=LINE('',#10520,#2353);
#1555=LINE('',#10523,#2354);
#1556=LINE('',#10525,#2355);
#1557=LINE('',#10529,#2356);
#1558=LINE('',#10530,#2357);
#1559=LINE('',#10534,#2358);
#1560=LINE('',#10536,#2359);
#1561=LINE('',#10538,#2360);
#1562=LINE('',#10539,#2361);
#1563=LINE('',#10543,#2362);
#1564=LINE('',#10545,#2363);
#1565=LINE('',#10547,#2364);
#1566=LINE('',#10549,#2365);
#1567=LINE('',#10551,#2366);
#1568=LINE('',#10552,#2367);
#1569=LINE('',#10553,#2368);
#1570=LINE('',#10557,#2369);
#1571=LINE('',#10561,#2370);
#1572=LINE('',#10563,#2371);
#1573=LINE('',#10564,#2372);
#1574=LINE('',#10565,#2373);
#1575=LINE('',#10569,#2374);
#1576=LINE('',#10571,#2375);
#1577=LINE('',#10573,#2376);
#1578=LINE('',#10574,#2377);
#1579=LINE('',#10575,#2378);
#1580=LINE('',#10576,#2379);
#1581=LINE('',#10580,#2380);
#1582=LINE('',#10582,#2381);
#1583=LINE('',#10584,#2382);
#1584=LINE('',#10585,#2383);
#1585=LINE('',#10589,#2384);
#1586=LINE('',#10591,#2385);
#1587=LINE('',#10592,#2386);
#1588=LINE('',#10594,#2387);
#1589=LINE('',#10595,#2388);
#1590=LINE('',#10598,#2389);
#1591=LINE('',#10599,#2390);
#1592=LINE('',#10603,#2391);
#1593=LINE('',#10605,#2392);
#1594=LINE('',#10607,#2393);
#1595=LINE('',#10608,#2394);
#1596=LINE('',#10611,#2395);
#1597=LINE('',#10613,#2396);
#1598=LINE('',#10614,#2397);
#1599=LINE('',#10618,#2398);
#1600=LINE('',#10620,#2399);
#1601=LINE('',#10622,#2400);
#1602=LINE('',#10623,#2401);
#1603=LINE('',#10627,#2402);
#1604=LINE('',#10632,#2403);
#1605=LINE('',#10634,#2404);
#1606=LINE('',#10636,#2405);
#1607=LINE('',#10637,#2406);
#1608=LINE('',#10642,#2407);
#1609=LINE('',#10647,#2408);
#1610=LINE('',#10648,#2409);
#1611=LINE('',#10650,#2410);
#1612=LINE('',#10652,#2411);
#1613=LINE('',#10654,#2412);
#1614=LINE('',#10656,#2413);
#1615=LINE('',#10657,#2414);
#1616=LINE('',#10662,#2415);
#1617=LINE('',#10667,#2416);
#1618=LINE('',#10668,#2417);
#1619=LINE('',#10670,#2418);
#1620=LINE('',#10671,#2419);
#1621=LINE('',#10675,#2420);
#1622=LINE('',#10680,#2421);
#1623=LINE('',#10682,#2422);
#1624=LINE('',#10683,#2423);
#1625=LINE('',#10687,#2424);
#1626=LINE('',#10689,#2425);
#1627=LINE('',#10691,#2426);
#1628=LINE('',#10693,#2427);
#1629=LINE('',#10695,#2428);
#1630=LINE('',#10696,#2429);
#1631=LINE('',#10697,#2430);
#1632=LINE('',#10699,#2431);
#1633=LINE('',#10701,#2432);
#1634=LINE('',#10703,#2433);
#1635=LINE('',#10704,#2434);
#1636=LINE('',#10705,#2435);
#1637=LINE('',#10707,#2436);
#1638=LINE('',#10708,#2437);
#1639=LINE('',#10711,#2438);
#1640=LINE('',#10713,#2439);
#1641=LINE('',#10714,#2440);
#1642=LINE('',#10716,#2441);
#1643=LINE('',#10718,#2442);
#1644=LINE('',#10719,#2443);
#1645=LINE('',#10723,#2444);
#1646=LINE('',#10725,#2445);
#1647=LINE('',#10727,#2446);
#1648=LINE('',#10729,#2447);
#1649=LINE('',#10731,#2448);
#1650=LINE('',#10732,#2449);
#1651=LINE('',#10733,#2450);
#1652=LINE('',#10737,#2451);
#1653=LINE('',#10738,#2452);
#1654=LINE('',#10739,#2453);
#1655=LINE('',#10743,#2454);
#1656=LINE('',#10748,#2455);
#1657=LINE('',#10750,#2456);
#1658=LINE('',#10752,#2457);
#1659=LINE('',#10753,#2458);
#1660=LINE('',#10758,#2459);
#1661=LINE('',#10763,#2460);
#1662=LINE('',#10764,#2461);
#1663=LINE('',#10766,#2462);
#1664=LINE('',#10768,#2463);
#1665=LINE('',#10770,#2464);
#1666=LINE('',#10772,#2465);
#1667=LINE('',#10773,#2466);
#1668=LINE('',#10778,#2467);
#1669=LINE('',#10783,#2468);
#1670=LINE('',#10784,#2469);
#1671=LINE('',#10786,#2470);
#1672=LINE('',#10787,#2471);
#1673=LINE('',#10791,#2472);
#1674=LINE('',#10797,#2473);
#1675=LINE('',#10799,#2474);
#1676=LINE('',#10801,#2475);
#1677=LINE('',#10803,#2476);
#1678=LINE('',#10805,#2477);
#1679=LINE('',#10806,#2478);
#1680=LINE('',#10808,#2479);
#1681=LINE('',#10810,#2480);
#1682=LINE('',#10812,#2481);
#1683=LINE('',#10813,#2482);
#1684=LINE('',#10816,#2483);
#1685=LINE('',#10817,#2484);
#1686=LINE('',#10821,#2485);
#1687=LINE('',#10823,#2486);
#1688=LINE('',#10825,#2487);
#1689=LINE('',#10826,#2488);
#1690=LINE('',#10829,#2489);
#1691=LINE('',#10831,#2490);
#1692=LINE('',#10832,#2491);
#1693=LINE('',#10836,#2492);
#1694=LINE('',#10837,#2493);
#1695=LINE('',#10839,#2494);
#1696=LINE('',#10841,#2495);
#1697=LINE('',#10843,#2496);
#1698=LINE('',#10845,#2497);
#1699=LINE('',#10846,#2498);
#1700=LINE('',#10850,#2499);
#1701=LINE('',#10852,#2500);
#1702=LINE('',#10854,#2501);
#1703=LINE('',#10855,#2502);
#1704=LINE('',#10859,#2503);
#1705=LINE('',#10861,#2504);
#1706=LINE('',#10863,#2505);
#1707=LINE('',#10865,#2506);
#1708=LINE('',#10866,#2507);
#1709=LINE('',#10867,#2508);
#1710=LINE('',#10871,#2509);
#1711=LINE('',#10873,#2510);
#1712=LINE('',#10875,#2511);
#1713=LINE('',#10876,#2512);
#1714=LINE('',#10878,#2513);
#1715=LINE('',#10880,#2514);
#1716=LINE('',#10885,#2515);
#1717=LINE('',#10887,#2516);
#1718=LINE('',#10888,#2517);
#1719=LINE('',#10890,#2518);
#1720=LINE('',#10892,#2519);
#1721=LINE('',#10893,#2520);
#1722=LINE('',#10896,#2521);
#1723=LINE('',#10898,#2522);
#1724=LINE('',#10900,#2523);
#1725=LINE('',#10901,#2524);
#1726=LINE('',#10903,#2525);
#1727=LINE('',#10905,#2526);
#1728=LINE('',#10909,#2527);
#1729=LINE('',#10912,#2528);
#1730=LINE('',#10917,#2529);
#1731=LINE('',#10923,#2530);
#1732=LINE('',#10929,#2531);
#1733=LINE('',#10935,#2532);
#1734=LINE('',#10939,#2533);
#1735=LINE('',#10942,#2534);
#1736=LINE('',#10946,#2535);
#1737=LINE('',#10948,#2536);
#1738=LINE('',#10950,#2537);
#1739=LINE('',#10951,#2538);
#1740=LINE('',#10952,#2539);
#1741=LINE('',#10953,#2540);
#1742=LINE('',#10954,#2541);
#1743=LINE('',#10957,#2542);
#1744=LINE('',#10959,#2543);
#1745=LINE('',#10962,#2544);
#1746=LINE('',#10966,#2545);
#1747=LINE('',#10979,#2546);
#1748=LINE('',#10984,#2547);
#1749=LINE('',#10989,#2548);
#1750=LINE('',#10995,#2549);
#1751=LINE('',#11001,#2550);
#1752=LINE('',#11007,#2551);
#1753=LINE('',#11013,#2552);
#1754=LINE('',#11019,#2553);
#1755=LINE('',#11025,#2554);
#1756=LINE('',#11031,#2555);
#1757=LINE('',#11036,#2556);
#1758=LINE('',#11038,#2557);
#1759=LINE('',#11040,#2558);
#1760=LINE('',#11041,#2559);
#1761=LINE('',#11045,#2560);
#1762=LINE('',#11047,#2561);
#1763=LINE('',#11049,#2562);
#1764=LINE('',#11050,#2563);
#1765=LINE('',#11056,#2564);
#1766=LINE('',#11062,#2565);
#1767=LINE('',#11066,#2566);
#1768=LINE('',#11067,#2567);
#1769=LINE('',#11068,#2568);
#1770=LINE('',#11073,#2569);
#1771=LINE('',#11077,#2570);
#1772=LINE('',#11079,#2571);
#1773=LINE('',#11080,#2572);
#1774=LINE('',#11085,#2573);
#1775=LINE('',#11089,#2574);
#1776=LINE('',#11090,#2575);
#1777=LINE('',#11091,#2576);
#1778=LINE('',#11096,#2577);
#1779=LINE('',#11097,#2578);
#1780=LINE('',#11103,#2579);
#1781=LINE('',#11105,#2580);
#1782=LINE('',#11107,#2581);
#1783=LINE('',#11109,#2582);
#1784=LINE('',#11110,#2583);
#1785=LINE('',#11111,#2584);
#1786=LINE('',#11112,#2585);
#1787=LINE('',#11113,#2586);
#1788=LINE('',#11119,#2587);
#1789=LINE('',#11123,#2588);
#1790=LINE('',#11125,#2589);
#1791=LINE('',#11127,#2590);
#1792=LINE('',#11128,#2591);
#1793=LINE('',#11133,#2592);
#1794=LINE('',#11138,#2593);
#1795=LINE('',#11139,#2594);
#1796=LINE('',#11140,#2595);
#1797=LINE('',#11145,#2596);
#1798=LINE('',#11149,#2597);
#1799=LINE('',#11151,#2598);
#1800=LINE('',#11152,#2599);
#1801=LINE('',#11160,#2600);
#1802=LINE('',#11165,#2601);
#1803=LINE('',#11167,#2602);
#1804=LINE('',#11168,#2603);
#1805=LINE('',#11170,#2604);
#1806=LINE('',#11174,#2605);
#1807=LINE('',#11178,#2606);
#1808=LINE('',#11179,#2607);
#1809=LINE('',#11182,#2608);
#1810=LINE('',#11184,#2609);
#1811=LINE('',#11185,#2610);
#1812=LINE('',#11188,#2611);
#1813=LINE('',#11190,#2612);
#1814=LINE('',#11192,#2613);
#1815=LINE('',#11194,#2614);
#1816=LINE('',#11195,#2615);
#1817=LINE('',#11198,#2616);
#1818=LINE('',#11199,#2617);
#1819=LINE('',#11200,#2618);
#1820=LINE('',#11206,#2619);
#1821=LINE('',#11209,#2620);
#1822=LINE('',#11210,#2621);
#1823=LINE('',#11212,#2622);
#1824=LINE('',#11214,#2623);
#1825=LINE('',#11216,#2624);
#1826=LINE('',#11217,#2625);
#1827=LINE('',#11221,#2626);
#1828=LINE('',#11224,#2627);
#1829=LINE('',#11225,#2628);
#1830=LINE('',#11229,#2629);
#1831=LINE('',#11232,#2630);
#1832=LINE('',#11234,#2631);
#1833=LINE('',#11236,#2632);
#1834=LINE('',#11238,#2633);
#1835=LINE('',#11240,#2634);
#1836=LINE('',#11241,#2635);
#1837=LINE('',#11246,#2636);
#1838=LINE('',#11249,#2637);
#1839=LINE('',#11251,#2638);
#1840=LINE('',#11252,#2639);
#1841=LINE('',#11254,#2640);
#1842=LINE('',#11256,#2641);
#1843=LINE('',#11258,#2642);
#1844=LINE('',#11259,#2643);
#1845=LINE('',#11261,#2644);
#1846=LINE('',#11262,#2645);
#1847=LINE('',#11265,#2646);
#1848=LINE('',#11267,#2647);
#1849=LINE('',#11270,#2648);
#1850=LINE('',#11273,#2649);
#1851=LINE('',#11274,#2650);
#1852=LINE('',#11277,#2651);
#1853=LINE('',#11288,#2652);
#1854=LINE('',#11290,#2653);
#1855=LINE('',#11292,#2654);
#1856=LINE('',#11294,#2655);
#1857=LINE('',#11296,#2656);
#1858=LINE('',#11299,#2657);
#1859=LINE('',#11301,#2658);
#1860=LINE('',#11309,#2659);
#1861=LINE('',#11311,#2660);
#1862=LINE('',#11313,#2661);
#1863=LINE('',#11318,#2662);
#1864=LINE('',#11319,#2663);
#1865=LINE('',#11324,#2664);
#1866=LINE('',#11326,#2665);
#1867=LINE('',#11328,#2666);
#1868=LINE('',#11329,#2667);
#1869=LINE('',#11331,#2668);
#1870=LINE('',#11332,#2669);
#1871=LINE('',#11337,#2670);
#1872=LINE('',#11340,#2671);
#1873=LINE('',#11344,#2672);
#1874=LINE('',#11345,#2673);
#1875=LINE('',#11349,#2674);
#1876=LINE('',#11351,#2675);
#1877=LINE('',#11353,#2676);
#1878=LINE('',#11357,#2677);
#1879=LINE('',#11359,#2678);
#1880=LINE('',#11362,#2679);
#1881=LINE('',#11363,#2680);
#1882=LINE('',#11371,#2681);
#1883=LINE('',#11374,#2682);
#1884=LINE('',#11376,#2683);
#1885=LINE('',#11380,#2684);
#1886=LINE('',#11381,#2685);
#1887=LINE('',#11385,#2686);
#1888=LINE('',#11387,#2687);
#1889=LINE('',#11391,#2688);
#1890=LINE('',#11394,#2689);
#1891=LINE('',#11396,#2690);
#1892=LINE('',#11397,#2691);
#1893=LINE('',#11399,#2692);
#1894=LINE('',#11406,#2693);
#1895=LINE('',#11408,#2694);
#1896=LINE('',#11413,#2695);
#1897=LINE('',#11414,#2696);
#1898=LINE('',#11417,#2697);
#1899=LINE('',#11424,#2698);
#1900=LINE('',#11425,#2699);
#1901=LINE('',#11427,#2700);
#1902=LINE('',#11430,#2701);
#1903=LINE('',#11432,#2702);
#1904=LINE('',#11433,#2703);
#1905=LINE('',#11435,#2704);
#1906=LINE('',#11438,#2705);
#1907=LINE('',#11439,#2706);
#1908=LINE('',#11441,#2707);
#1909=LINE('',#11443,#2708);
#1910=LINE('',#11445,#2709);
#1911=LINE('',#11448,#2710);
#1912=LINE('',#11450,#2711);
#1913=LINE('',#11452,#2712);
#1914=LINE('',#11453,#2713);
#1915=LINE('',#11456,#2714);
#1916=LINE('',#11484,#2715);
#1917=LINE('',#11489,#2716);
#1918=LINE('',#11494,#2717);
#1919=LINE('',#11498,#2718);
#1920=LINE('',#11501,#2719);
#1921=LINE('',#11503,#2720);
#1922=LINE('',#11505,#2721);
#1923=LINE('',#11507,#2722);
#1924=LINE('',#11513,#2723);
#1925=LINE('',#11515,#2724);
#1926=LINE('',#11517,#2725);
#1927=LINE('',#11518,#2726);
#1928=LINE('',#11523,#2727);
#1929=LINE('',#11528,#2728);
#1930=LINE('',#11530,#2729);
#1931=LINE('',#11532,#2730);
#1932=LINE('',#11533,#2731);
#1933=LINE('',#11539,#2732);
#1934=LINE('',#11543,#2733);
#1935=LINE('',#11546,#2734);
#1936=LINE('',#11549,#2735);
#1937=LINE('',#11550,#2736);
#1938=LINE('',#11556,#2737);
#1939=LINE('',#11563,#2738);
#1940=LINE('',#11566,#2739);
#1941=LINE('',#11570,#2740);
#1942=LINE('',#11572,#2741);
#1943=LINE('',#11575,#2742);
#1944=LINE('',#11578,#2743);
#1945=LINE('',#11582,#2744);
#1946=LINE('',#11585,#2745);
#1947=LINE('',#11587,#2746);
#1948=LINE('',#11591,#2747);
#1949=LINE('',#11595,#2748);
#1950=LINE('',#11596,#2749);
#1951=LINE('',#11597,#2750);
#1952=LINE('',#11598,#2751);
#1953=LINE('',#11599,#2752);
#1954=LINE('',#11602,#2753);
#1955=LINE('',#11605,#2754);
#1956=LINE('',#11606,#2755);
#1957=LINE('',#11609,#2756);
#1958=LINE('',#11610,#2757);
#1959=LINE('',#11611,#2758);
#1960=LINE('',#11614,#2759);
#1961=LINE('',#11619,#2760);
#1962=LINE('',#11622,#2761);
#1963=LINE('',#11624,#2762);
#1964=LINE('',#11625,#2763);
#1965=LINE('',#11628,#2764);
#1966=LINE('',#11629,#2765);
#1967=LINE('',#11634,#2766);
#1968=LINE('',#11638,#2767);
#1969=LINE('',#11640,#2768);
#1970=LINE('',#11642,#2769);
#1971=LINE('',#11643,#2770);
#1972=LINE('',#11648,#2771);
#1973=LINE('',#11652,#2772);
#1974=LINE('',#11655,#2773);
#1975=LINE('',#11657,#2774);
#1976=LINE('',#11660,#2775);
#1977=LINE('',#11661,#2776);
#1978=LINE('',#11667,#2777);
#1979=LINE('',#11668,#2778);
#1980=LINE('',#11675,#2779);
#1981=LINE('',#11676,#2780);
#1982=LINE('',#11679,#2781);
#1983=LINE('',#11681,#2782);
#1984=LINE('',#11682,#2783);
#1985=LINE('',#11684,#2784);
#1986=LINE('',#11688,#2785);
#1987=LINE('',#11692,#2786);
#1988=LINE('',#11693,#2787);
#1989=LINE('',#11694,#2788);
#1990=LINE('',#11695,#2789);
#1991=LINE('',#11699,#2790);
#1992=LINE('',#11701,#2791);
#1993=LINE('',#11704,#2792);
#1994=LINE('',#11709,#2793);
#1995=LINE('',#11711,#2794);
#1996=LINE('',#11714,#2795);
#1997=LINE('',#11715,#2796);
#1998=LINE('',#11721,#2797);
#1999=LINE('',#11722,#2798);
#2000=LINE('',#11723,#2799);
#2001=LINE('',#11727,#2800);
#2002=LINE('',#11728,#2801);
#2003=LINE('',#11730,#2802);
#2004=LINE('',#11731,#2803);
#2005=LINE('',#11735,#2804);
#2006=LINE('',#11738,#2805);
#2007=LINE('',#11741,#2806);
#2008=LINE('',#11744,#2807);
#2009=LINE('',#11748,#2808);
#2010=LINE('',#11749,#2809);
#2011=LINE('',#11752,#2810);
#2012=LINE('',#11753,#2811);
#2013=LINE('',#11755,#2812);
#2014=LINE('',#11763,#2813);
#2015=LINE('',#11765,#2814);
#2016=LINE('',#11766,#2815);
#2017=LINE('',#11773,#2816);
#2018=LINE('',#11776,#2817);
#2019=LINE('',#11779,#2818);
#2020=LINE('',#11784,#2819);
#2021=LINE('',#11790,#2820);
#2022=LINE('',#11793,#2821);
#2023=LINE('',#11799,#2822);
#2024=LINE('',#11801,#2823);
#2025=LINE('',#11803,#2824);
#2026=LINE('',#11808,#2825);
#2027=LINE('',#11810,#2826);
#2028=LINE('',#11812,#2827);
#2029=LINE('',#11813,#2828);
#2030=LINE('',#11817,#2829);
#2031=LINE('',#11818,#2830);
#2032=LINE('',#11819,#2831);
#2033=LINE('',#11821,#2832);
#2034=LINE('',#11823,#2833);
#2035=LINE('',#11828,#2834);
#2036=LINE('',#11830,#2835);
#2037=LINE('',#11832,#2836);
#2038=LINE('',#11833,#2837);
#2039=LINE('',#11836,#2838);
#2040=LINE('',#11838,#2839);
#2041=LINE('',#11839,#2840);
#2042=LINE('',#11841,#2841);
#2043=LINE('',#11843,#2842);
#2044=VECTOR('',#7777,10.);
#2045=VECTOR('',#7780,10.);
#2046=VECTOR('',#7783,10.);
#2047=VECTOR('',#7784,10.);
#2048=VECTOR('',#7785,10.);
#2049=VECTOR('',#7786,10.);
#2050=VECTOR('',#7791,10.);
#2051=VECTOR('',#7792,10.);
#2052=VECTOR('',#7793,10.);
#2053=VECTOR('',#7796,10.);
#2054=VECTOR('',#7797,10.);
#2055=VECTOR('',#7800,10.);
#2056=VECTOR('',#7801,10.);
#2057=VECTOR('',#7804,10.);
#2058=VECTOR('',#7807,10.);
#2059=VECTOR('',#7810,10.);
#2060=VECTOR('',#7813,10.);
#2061=VECTOR('',#7814,10.);
#2062=VECTOR('',#7815,10.);
#2063=VECTOR('',#7816,10.);
#2064=VECTOR('',#7819,10.);
#2065=VECTOR('',#7820,10.);
#2066=VECTOR('',#7823,10.);
#2067=VECTOR('',#7824,10.);
#2068=VECTOR('',#7825,10.);
#2069=VECTOR('',#7826,10.);
#2070=VECTOR('',#7827,10.);
#2071=VECTOR('',#7828,10.);
#2072=VECTOR('',#7829,10.);
#2073=VECTOR('',#7830,10.);
#2074=VECTOR('',#7831,10.);
#2075=VECTOR('',#7832,10.);
#2076=VECTOR('',#7835,10.);
#2077=VECTOR('',#7838,10.);
#2078=VECTOR('',#7839,10.);
#2079=VECTOR('',#7840,10.);
#2080=VECTOR('',#7843,10.);
#2081=VECTOR('',#7846,10.);
#2082=VECTOR('',#7847,10.);
#2083=VECTOR('',#7848,10.);
#2084=VECTOR('',#7849,10.);
#2085=VECTOR('',#7850,10.);
#2086=VECTOR('',#7851,10.);
#2087=VECTOR('',#7852,10.);
#2088=VECTOR('',#7855,10.);
#2089=VECTOR('',#7856,10.);
#2090=VECTOR('',#7859,10.);
#2091=VECTOR('',#7860,10.);
#2092=VECTOR('',#7861,10.);
#2093=VECTOR('',#7862,10.);
#2094=VECTOR('',#7865,10.);
#2095=VECTOR('',#7868,10.);
#2096=VECTOR('',#7879,10.);
#2097=VECTOR('',#7880,10.);
#2098=VECTOR('',#7883,10.);
#2099=VECTOR('',#7884,10.);
#2100=VECTOR('',#7885,10.);
#2101=VECTOR('',#7890,10.);
#2102=VECTOR('',#7891,10.);
#2103=VECTOR('',#7892,10.);
#2104=VECTOR('',#7895,10.);
#2105=VECTOR('',#7898,10.);
#2106=VECTOR('',#7901,2.);
#2107=VECTOR('',#7904,10.);
#2108=VECTOR('',#7907,10.);
#2109=VECTOR('',#7910,10.);
#2110=VECTOR('',#7915,10.);
#2111=VECTOR('',#7918,10.);
#2112=VECTOR('',#7919,10.);
#2113=VECTOR('',#7922,10.);
#2114=VECTOR('',#7923,10.);
#2115=VECTOR('',#7928,10.);
#2116=VECTOR('',#7931,10.);
#2117=VECTOR('',#7934,2.);
#2118=VECTOR('',#7935,10.);
#2119=VECTOR('',#7940,10.);
#2120=VECTOR('',#7945,10.);
#2121=VECTOR('',#7950,10.);
#2122=VECTOR('',#7951,10.);
#2123=VECTOR('',#7952,10.);
#2124=VECTOR('',#7955,10.);
#2125=VECTOR('',#7962,10.);
#2126=VECTOR('',#7963,10.);
#2127=VECTOR('',#7964,10.);
#2128=VECTOR('',#7967,10.);
#2129=VECTOR('',#7968,10.);
#2130=VECTOR('',#7969,10.);
#2131=VECTOR('',#7972,10.);
#2132=VECTOR('',#7979,10.);
#2133=VECTOR('',#7980,10.);
#2134=VECTOR('',#7981,10.);
#2135=VECTOR('',#7984,10.);
#2136=VECTOR('',#7989,10.);
#2137=VECTOR('',#7990,10.);
#2138=VECTOR('',#7993,10.);
#2139=VECTOR('',#7998,10.);
#2140=VECTOR('',#7999,10.);
#2141=VECTOR('',#8002,10.);
#2142=VECTOR('',#8003,10.);
#2143=VECTOR('',#8006,10.);
#2144=VECTOR('',#8011,10.);
#2145=VECTOR('',#8012,10.);
#2146=VECTOR('',#8015,10.);
#2147=VECTOR('',#8016,10.);
#2148=VECTOR('',#8017,10.);
#2149=VECTOR('',#8018,10.);
#2150=VECTOR('',#8021,10.);
#2151=VECTOR('',#8022,10.);
#2152=VECTOR('',#8023,10.);
#2153=VECTOR('',#8024,10.);
#2154=VECTOR('',#8029,10.);
#2155=VECTOR('',#8032,10.);
#2156=VECTOR('',#8035,10.);
#2157=VECTOR('',#8038,10.);
#2158=VECTOR('',#8041,10.);
#2159=VECTOR('',#8044,10.);
#2160=VECTOR('',#8049,10.);
#2161=VECTOR('',#8050,10.);
#2162=VECTOR('',#8051,10.);
#2163=VECTOR('',#8056,10.);
#2164=VECTOR('',#8057,10.);
#2165=VECTOR('',#8058,10.);
#2166=VECTOR('',#8059,10.);
#2167=VECTOR('',#8060,10.);
#2168=VECTOR('',#8061,10.);
#2169=VECTOR('',#8062,10.);
#2170=VECTOR('',#8063,10.);
#2171=VECTOR('',#8064,10.);
#2172=VECTOR('',#8065,10.);
#2173=VECTOR('',#8070,10.);
#2174=VECTOR('',#8071,10.);
#2175=VECTOR('',#8074,10.);
#2176=VECTOR('',#8075,10.);
#2177=VECTOR('',#8080,10.);
#2178=VECTOR('',#8081,10.);
#2179=VECTOR('',#8084,10.);
#2180=VECTOR('',#8085,10.);
#2181=VECTOR('',#8086,10.);
#2182=VECTOR('',#8087,10.);
#2183=VECTOR('',#8088,10.);
#2184=VECTOR('',#8089,10.);
#2185=VECTOR('',#8090,10.);
#2186=VECTOR('',#8093,10.);
#2187=VECTOR('',#8094,10.);
#2188=VECTOR('',#8095,10.);
#2189=VECTOR('',#8098,10.);
#2190=VECTOR('',#8099,10.);
#2191=VECTOR('',#8100,10.);
#2192=VECTOR('',#8101,10.);
#2193=VECTOR('',#8102,10.);
#2194=VECTOR('',#8103,10.);
#2195=VECTOR('',#8106,10.);
#2196=VECTOR('',#8107,10.);
#2197=VECTOR('',#8108,10.);
#2198=VECTOR('',#8109,10.);
#2199=VECTOR('',#8110,10.);
#2200=VECTOR('',#8111,10.);
#2201=VECTOR('',#8114,10.);
#2202=VECTOR('',#8115,10.);
#2203=VECTOR('',#8116,10.);
#2204=VECTOR('',#8119,10.);
#2205=VECTOR('',#8120,10.);
#2206=VECTOR('',#8121,10.);
#2207=VECTOR('',#8122,10.);
#2208=VECTOR('',#8123,10.);
#2209=VECTOR('',#8126,10.);
#2210=VECTOR('',#8127,10.);
#2211=VECTOR('',#8128,10.);
#2212=VECTOR('',#8129,10.);
#2213=VECTOR('',#8132,10.);
#2214=VECTOR('',#8133,10.);
#2215=VECTOR('',#8134,10.);
#2216=VECTOR('',#8135,10.);
#2217=VECTOR('',#8136,10.);
#2218=VECTOR('',#8139,10.);
#2219=VECTOR('',#8140,10.);
#2220=VECTOR('',#8141,10.);
#2221=VECTOR('',#8142,10.);
#2222=VECTOR('',#8143,10.);
#2223=VECTOR('',#8144,10.);
#2224=VECTOR('',#8145,10.);
#2225=VECTOR('',#8146,10.);
#2226=VECTOR('',#8147,10.);
#2227=VECTOR('',#8148,10.);
#2228=VECTOR('',#8149,10.);
#2229=VECTOR('',#8150,10.);
#2230=VECTOR('',#8151,10.);
#2231=VECTOR('',#8158,10.);
#2232=VECTOR('',#8159,10.);
#2233=VECTOR('',#8160,10.);
#2234=VECTOR('',#8165,10.);
#2235=VECTOR('',#8166,10.);
#2236=VECTOR('',#8169,10.);
#2237=VECTOR('',#8170,10.);
#2238=VECTOR('',#8171,10.);
#2239=VECTOR('',#8176,10.);
#2240=VECTOR('',#8177,10.);
#2241=VECTOR('',#8180,10.);
#2242=VECTOR('',#8181,10.);
#2243=VECTOR('',#8182,10.);
#2244=VECTOR('',#8183,10.);
#2245=VECTOR('',#8186,10.);
#2246=VECTOR('',#8187,10.);
#2247=VECTOR('',#8188,10.);
#2248=VECTOR('',#8193,10.);
#2249=VECTOR('',#8194,10.);
#2250=VECTOR('',#8195,10.);
#2251=VECTOR('',#8196,10.);
#2252=VECTOR('',#8199,10.);
#2253=VECTOR('',#8200,10.);
#2254=VECTOR('',#8205,10.);
#2255=VECTOR('',#8206,10.);
#2256=VECTOR('',#8209,10.);
#2257=VECTOR('',#8210,10.);
#2258=VECTOR('',#8215,10.);
#2259=VECTOR('',#8218,10.);
#2260=VECTOR('',#8223,10.);
#2261=VECTOR('',#8226,10.);
#2262=VECTOR('',#8227,10.);
#2263=VECTOR('',#8234,10.);
#2264=VECTOR('',#8235,10.);
#2265=VECTOR('',#8236,10.);
#2266=VECTOR('',#8237,10.);
#2267=VECTOR('',#8240,10.);
#2268=VECTOR('',#8243,10.);
#2269=VECTOR('',#8244,10.);
#2270=VECTOR('',#8247,10.);
#2271=VECTOR('',#8248,10.);
#2272=VECTOR('',#8251,10.);
#2273=VECTOR('',#8254,10.);
#2274=VECTOR('',#8261,0.999999999999996);
#2275=VECTOR('',#8266,1.7);
#2276=VECTOR('',#8269,10.);
#2277=VECTOR('',#8270,10.);
#2278=VECTOR('',#8271,10.);
#2279=VECTOR('',#8272,10.);
#2280=VECTOR('',#8273,10.);
#2281=VECTOR('',#8274,10.);
#2282=VECTOR('',#8275,10.);
#2283=VECTOR('',#8276,10.);
#2284=VECTOR('',#8279,1.85);
#2285=VECTOR('',#8284,1.85);
#2286=VECTOR('',#8289,10.);
#2287=VECTOR('',#8290,10.);
#2288=VECTOR('',#8291,10.);
#2289=VECTOR('',#8294,10.);
#2290=VECTOR('',#8295,10.);
#2291=VECTOR('',#8298,10.);
#2292=VECTOR('',#8299,10.);
#2293=VECTOR('',#8302,10.);
#2294=VECTOR('',#8303,10.);
#2295=VECTOR('',#8304,10.);
#2296=VECTOR('',#8307,10.);
#2297=VECTOR('',#8308,10.);
#2298=VECTOR('',#8313,10.);
#2299=VECTOR('',#8316,10.);
#2300=VECTOR('',#8325,10.);
#2301=VECTOR('',#8326,10.);
#2302=VECTOR('',#8327,10.);
#2303=VECTOR('',#8328,10.);
#2304=VECTOR('',#8329,10.);
#2305=VECTOR('',#8330,10.);
#2306=VECTOR('',#8331,10.);
#2307=VECTOR('',#8332,10.);
#2308=VECTOR('',#8333,10.);
#2309=VECTOR('',#8334,10.);
#2310=VECTOR('',#8335,10.);
#2311=VECTOR('',#8342,10.);
#2312=VECTOR('',#8343,10.);
#2313=VECTOR('',#8344,10.);
#2314=VECTOR('',#8345,10.);
#2315=VECTOR('',#8346,10.);
#2316=VECTOR('',#8347,10.);
#2317=VECTOR('',#8348,10.);
#2318=VECTOR('',#8349,10.);
#2319=VECTOR('',#8350,10.);
#2320=VECTOR('',#8355,10.);
#2321=VECTOR('',#8356,10.);
#2322=VECTOR('',#8357,10.);
#2323=VECTOR('',#8360,10.);
#2324=VECTOR('',#8361,10.);
#2325=VECTOR('',#8364,10.);
#2326=VECTOR('',#8367,10.);
#2327=VECTOR('',#8370,10.);
#2328=VECTOR('',#8371,10.);
#2329=VECTOR('',#8372,10.);
#2330=VECTOR('',#8373,10.);
#2331=VECTOR('',#8374,10.);
#2332=VECTOR('',#8377,10.);
#2333=VECTOR('',#8378,10.);
#2334=VECTOR('',#8381,10.);
#2335=VECTOR('',#8382,10.);
#2336=VECTOR('',#8383,10.);
#2337=VECTOR('',#8384,10.);
#2338=VECTOR('',#8387,10.);
#2339=VECTOR('',#8388,10.);
#2340=VECTOR('',#8389,10.);
#2341=VECTOR('',#8390,10.);
#2342=VECTOR('',#8391,10.);
#2343=VECTOR('',#8394,10.);
#2344=VECTOR('',#8395,10.);
#2345=VECTOR('',#8398,10.);
#2346=VECTOR('',#8401,10.);
#2347=VECTOR('',#8402,10.);
#2348=VECTOR('',#8403,10.);
#2349=VECTOR('',#8406,10.);
#2350=VECTOR('',#8407,10.);
#2351=VECTOR('',#8408,10.);
#2352=VECTOR('',#8409,10.);
#2353=VECTOR('',#8410,10.);
#2354=VECTOR('',#8411,10.);
#2355=VECTOR('',#8412,10.);
#2356=VECTOR('',#8415,10.);
#2357=VECTOR('',#8416,10.);
#2358=VECTOR('',#8419,10.);
#2359=VECTOR('',#8420,10.);
#2360=VECTOR('',#8421,10.);
#2361=VECTOR('',#8422,10.);
#2362=VECTOR('',#8425,10.);
#2363=VECTOR('',#8426,10.);
#2364=VECTOR('',#8427,10.);
#2365=VECTOR('',#8428,10.);
#2366=VECTOR('',#8429,10.);
#2367=VECTOR('',#8430,10.);
#2368=VECTOR('',#8431,10.);
#2369=VECTOR('',#8434,10.);
#2370=VECTOR('',#8437,10.);
#2371=VECTOR('',#8438,10.);
#2372=VECTOR('',#8439,10.);
#2373=VECTOR('',#8440,10.);
#2374=VECTOR('',#8443,10.);
#2375=VECTOR('',#8444,10.);
#2376=VECTOR('',#8445,10.);
#2377=VECTOR('',#8446,10.);
#2378=VECTOR('',#8447,10.);
#2379=VECTOR('',#8448,10.);
#2380=VECTOR('',#8451,10.);
#2381=VECTOR('',#8452,10.);
#2382=VECTOR('',#8453,10.);
#2383=VECTOR('',#8454,10.);
#2384=VECTOR('',#8457,10.);
#2385=VECTOR('',#8458,10.);
#2386=VECTOR('',#8459,10.);
#2387=VECTOR('',#8460,10.);
#2388=VECTOR('',#8461,10.);
#2389=VECTOR('',#8464,10.);
#2390=VECTOR('',#8465,10.);
#2391=VECTOR('',#8468,10.);
#2392=VECTOR('',#8469,10.);
#2393=VECTOR('',#8470,10.);
#2394=VECTOR('',#8471,10.);
#2395=VECTOR('',#8474,10.);
#2396=VECTOR('',#8475,10.);
#2397=VECTOR('',#8476,10.);
#2398=VECTOR('',#8479,10.);
#2399=VECTOR('',#8480,10.);
#2400=VECTOR('',#8481,10.);
#2401=VECTOR('',#8482,10.);
#2402=VECTOR('',#8485,10.);
#2403=VECTOR('',#8492,10.);
#2404=VECTOR('',#8493,10.);
#2405=VECTOR('',#8494,10.);
#2406=VECTOR('',#8495,10.);
#2407=VECTOR('',#8500,10.);
#2408=VECTOR('',#8505,10.);
#2409=VECTOR('',#8506,10.);
#2410=VECTOR('',#8507,10.);
#2411=VECTOR('',#8508,10.);
#2412=VECTOR('',#8509,10.);
#2413=VECTOR('',#8510,10.);
#2414=VECTOR('',#8511,10.);
#2415=VECTOR('',#8516,10.);
#2416=VECTOR('',#8521,10.);
#2417=VECTOR('',#8522,10.);
#2418=VECTOR('',#8523,10.);
#2419=VECTOR('',#8524,10.);
#2420=VECTOR('',#8527,10.);
#2421=VECTOR('',#8534,10.);
#2422=VECTOR('',#8535,10.);
#2423=VECTOR('',#8536,10.);
#2424=VECTOR('',#8539,10.);
#2425=VECTOR('',#8540,10.);
#2426=VECTOR('',#8541,10.);
#2427=VECTOR('',#8542,10.);
#2428=VECTOR('',#8543,10.);
#2429=VECTOR('',#8544,10.);
#2430=VECTOR('',#8545,10.);
#2431=VECTOR('',#8548,10.);
#2432=VECTOR('',#8549,10.);
#2433=VECTOR('',#8550,10.);
#2434=VECTOR('',#8551,10.);
#2435=VECTOR('',#8552,10.);
#2436=VECTOR('',#8555,10.);
#2437=VECTOR('',#8556,10.);
#2438=VECTOR('',#8559,10.);
#2439=VECTOR('',#8560,10.);
#2440=VECTOR('',#8561,10.);
#2441=VECTOR('',#8562,10.);
#2442=VECTOR('',#8563,10.);
#2443=VECTOR('',#8564,10.);
#2444=VECTOR('',#8567,10.);
#2445=VECTOR('',#8568,10.);
#2446=VECTOR('',#8569,10.);
#2447=VECTOR('',#8570,10.);
#2448=VECTOR('',#8571,10.);
#2449=VECTOR('',#8572,10.);
#2450=VECTOR('',#8573,10.);
#2451=VECTOR('',#8576,10.);
#2452=VECTOR('',#8577,10.);
#2453=VECTOR('',#8578,10.);
#2454=VECTOR('',#8581,10.);
#2455=VECTOR('',#8588,10.);
#2456=VECTOR('',#8589,10.);
#2457=VECTOR('',#8590,10.);
#2458=VECTOR('',#8591,10.);
#2459=VECTOR('',#8596,10.);
#2460=VECTOR('',#8601,10.);
#2461=VECTOR('',#8602,10.);
#2462=VECTOR('',#8603,10.);
#2463=VECTOR('',#8604,10.);
#2464=VECTOR('',#8605,10.);
#2465=VECTOR('',#8606,10.);
#2466=VECTOR('',#8607,10.);
#2467=VECTOR('',#8612,10.);
#2468=VECTOR('',#8617,10.);
#2469=VECTOR('',#8618,10.);
#2470=VECTOR('',#8619,10.);
#2471=VECTOR('',#8620,10.);
#2472=VECTOR('',#8623,10.);
#2473=VECTOR('',#8630,10.);
#2474=VECTOR('',#8631,10.);
#2475=VECTOR('',#8632,10.);
#2476=VECTOR('',#8633,10.);
#2477=VECTOR('',#8634,10.);
#2478=VECTOR('',#8635,10.);
#2479=VECTOR('',#8636,10.);
#2480=VECTOR('',#8637,10.);
#2481=VECTOR('',#8638,10.);
#2482=VECTOR('',#8639,10.);
#2483=VECTOR('',#8642,10.);
#2484=VECTOR('',#8643,10.);
#2485=VECTOR('',#8646,10.);
#2486=VECTOR('',#8647,10.);
#2487=VECTOR('',#8648,10.);
#2488=VECTOR('',#8649,10.);
#2489=VECTOR('',#8652,10.);
#2490=VECTOR('',#8653,10.);
#2491=VECTOR('',#8654,10.);
#2492=VECTOR('',#8657,10.);
#2493=VECTOR('',#8658,10.);
#2494=VECTOR('',#8659,10.);
#2495=VECTOR('',#8660,10.);
#2496=VECTOR('',#8661,10.);
#2497=VECTOR('',#8662,10.);
#2498=VECTOR('',#8663,10.);
#2499=VECTOR('',#8666,10.);
#2500=VECTOR('',#8667,10.);
#2501=VECTOR('',#8668,10.);
#2502=VECTOR('',#8669,10.);
#2503=VECTOR('',#8672,10.);
#2504=VECTOR('',#8673,10.);
#2505=VECTOR('',#8674,10.);
#2506=VECTOR('',#8675,10.);
#2507=VECTOR('',#8676,10.);
#2508=VECTOR('',#8677,10.);
#2509=VECTOR('',#8680,10.);
#2510=VECTOR('',#8681,10.);
#2511=VECTOR('',#8682,10.);
#2512=VECTOR('',#8683,10.);
#2513=VECTOR('',#8684,10.);
#2514=VECTOR('',#8685,10.);
#2515=VECTOR('',#8690,10.);
#2516=VECTOR('',#8691,10.);
#2517=VECTOR('',#8692,10.);
#2518=VECTOR('',#8693,10.);
#2519=VECTOR('',#8694,10.);
#2520=VECTOR('',#8695,10.);
#2521=VECTOR('',#8698,10.);
#2522=VECTOR('',#8699,10.);
#2523=VECTOR('',#8700,10.);
#2524=VECTOR('',#8701,10.);
#2525=VECTOR('',#8704,10.);
#2526=VECTOR('',#8705,10.);
#2527=VECTOR('',#8708,10.);
#2528=VECTOR('',#8711,10.);
#2529=VECTOR('',#8716,1.45);
#2530=VECTOR('',#8723,1.45);
#2531=VECTOR('',#8730,1.45);
#2532=VECTOR('',#8737,1.45);
#2533=VECTOR('',#8742,10.);
#2534=VECTOR('',#8745,10.);
#2535=VECTOR('',#8748,10.);
#2536=VECTOR('',#8749,10.);
#2537=VECTOR('',#8750,10.);
#2538=VECTOR('',#8751,10.);
#2539=VECTOR('',#8752,10.);
#2540=VECTOR('',#8753,10.);
#2541=VECTOR('',#8754,10.);
#2542=VECTOR('',#8757,10.);
#2543=VECTOR('',#8760,10.);
#2544=VECTOR('',#8763,10.);
#2545=VECTOR('',#8768,10.);
#2546=VECTOR('',#8779,10.);
#2547=VECTOR('',#8786,10.);
#2548=VECTOR('',#8791,2.5);
#2549=VECTOR('',#8798,2.5);
#2550=VECTOR('',#8805,3.15);
#2551=VECTOR('',#8812,3.15);
#2552=VECTOR('',#8819,3.15);
#2553=VECTOR('',#8826,3.15);
#2554=VECTOR('',#8833,2.5);
#2555=VECTOR('',#8840,2.5);
#2556=VECTOR('',#8845,2.5);
#2557=VECTOR('',#8846,10.);
#2558=VECTOR('',#8847,10.);
#2559=VECTOR('',#8848,10.);
#2560=VECTOR('',#8851,10.);
#2561=VECTOR('',#8852,10.);
#2562=VECTOR('',#8853,10.);
#2563=VECTOR('',#8854,10.);
#2564=VECTOR('',#8861,10.);
#2565=VECTOR('',#8868,10.);
#2566=VECTOR('',#8871,10.);
#2567=VECTOR('',#8872,10.);
#2568=VECTOR('',#8873,10.);
#2569=VECTOR('',#8878,10.);
#2570=VECTOR('',#8883,10.);
#2571=VECTOR('',#8884,10.);
#2572=VECTOR('',#8885,10.);
#2573=VECTOR('',#8890,10.);
#2574=VECTOR('',#8895,10.);
#2575=VECTOR('',#8896,10.);
#2576=VECTOR('',#8897,10.);
#2577=VECTOR('',#8904,10.);
#2578=VECTOR('',#8905,10.);
#2579=VECTOR('',#8912,10.);
#2580=VECTOR('',#8913,10.);
#2581=VECTOR('',#8914,10.);
#2582=VECTOR('',#8915,10.);
#2583=VECTOR('',#8916,10.);
#2584=VECTOR('',#8917,10.);
#2585=VECTOR('',#8918,10.);
#2586=VECTOR('',#8919,10.);
#2587=VECTOR('',#8924,10.);
#2588=VECTOR('',#8931,10.);
#2589=VECTOR('',#8932,10.);
#2590=VECTOR('',#8933,10.);
#2591=VECTOR('',#8934,10.);
#2592=VECTOR('',#8939,10.);
#2593=VECTOR('',#8944,10.);
#2594=VECTOR('',#8945,10.);
#2595=VECTOR('',#8946,10.);
#2596=VECTOR('',#8951,10.);
#2597=VECTOR('',#8956,10.);
#2598=VECTOR('',#8957,10.);
#2599=VECTOR('',#8958,10.);
#2600=VECTOR('',#8969,10.);
#2601=VECTOR('',#8974,10.);
#2602=VECTOR('',#8975,10.);
#2603=VECTOR('',#8976,10.);
#2604=VECTOR('',#8977,10.);
#2605=VECTOR('',#8980,10.);
#2606=VECTOR('',#8983,10.);
#2607=VECTOR('',#8984,10.);
#2608=VECTOR('',#8987,10.);
#2609=VECTOR('',#8988,10.);
#2610=VECTOR('',#8989,10.);
#2611=VECTOR('',#8992,10.);
#2612=VECTOR('',#8993,10.);
#2613=VECTOR('',#8994,10.);
#2614=VECTOR('',#8995,10.);
#2615=VECTOR('',#8996,10.);
#2616=VECTOR('',#8999,10.);
#2617=VECTOR('',#9000,10.);
#2618=VECTOR('',#9001,10.);
#2619=VECTOR('',#9008,10.);
#2620=VECTOR('',#9011,10.);
#2621=VECTOR('',#9012,10.);
#2622=VECTOR('',#9013,10.);
#2623=VECTOR('',#9014,10.);
#2624=VECTOR('',#9015,10.);
#2625=VECTOR('',#9016,10.);
#2626=VECTOR('',#9021,10.);
#2627=VECTOR('',#9024,10.);
#2628=VECTOR('',#9025,10.);
#2629=VECTOR('',#9030,10.);
#2630=VECTOR('',#9033,10.);
#2631=VECTOR('',#9034,10.);
#2632=VECTOR('',#9035,10.);
#2633=VECTOR('',#9036,10.);
#2634=VECTOR('',#9037,10.);
#2635=VECTOR('',#9038,10.);
#2636=VECTOR('',#9045,10.);
#2637=VECTOR('',#9048,10.);
#2638=VECTOR('',#9049,10.);
#2639=VECTOR('',#9050,10.);
#2640=VECTOR('',#9053,10.);
#2641=VECTOR('',#9054,10.);
#2642=VECTOR('',#9055,10.);
#2643=VECTOR('',#9056,10.);
#2644=VECTOR('',#9059,10.);
#2645=VECTOR('',#9060,10.);
#2646=VECTOR('',#9065,10.);
#2647=VECTOR('',#9068,10.);
#2648=VECTOR('',#9071,10.);
#2649=VECTOR('',#9076,10.);
#2650=VECTOR('',#9077,10.);
#2651=VECTOR('',#9080,10.);
#2652=VECTOR('',#9091,10.);
#2653=VECTOR('',#9094,10.);
#2654=VECTOR('',#9097,10.);
#2655=VECTOR('',#9100,10.);
#2656=VECTOR('',#9103,10.);
#2657=VECTOR('',#9108,10.);
#2658=VECTOR('',#9111,10.);
#2659=VECTOR('',#9120,10.);
#2660=VECTOR('',#9121,10.);
#2661=VECTOR('',#9122,10.);
#2662=VECTOR('',#9127,10.);
#2663=VECTOR('',#9128,10.);
#2664=VECTOR('',#9133,10.);
#2665=VECTOR('',#9136,10.);
#2666=VECTOR('',#9139,10.);
#2667=VECTOR('',#9140,10.);
#2668=VECTOR('',#9143,10.);
#2669=VECTOR('',#9144,10.);
#2670=VECTOR('',#9151,10.);
#2671=VECTOR('',#9154,10.);
#2672=VECTOR('',#9159,10.);
#2673=VECTOR('',#9160,10.);
#2674=VECTOR('',#9165,10.);
#2675=VECTOR('',#9168,10.);
#2676=VECTOR('',#9171,10.);
#2677=VECTOR('',#9178,10.);
#2678=VECTOR('',#9181,10.);
#2679=VECTOR('',#9184,10.);
#2680=VECTOR('',#9185,10.);
#2681=VECTOR('',#9196,10.);
#2682=VECTOR('',#9199,10.);
#2683=VECTOR('',#9200,10.);
#2684=VECTOR('',#9205,10.);
#2685=VECTOR('',#9206,10.);
#2686=VECTOR('',#9211,10.);
#2687=VECTOR('',#9214,10.);
#2688=VECTOR('',#9219,10.);
#2689=VECTOR('',#9222,10.);
#2690=VECTOR('',#9223,10.);
#2691=VECTOR('',#9224,10.);
#2692=VECTOR('',#9227,10.);
#2693=VECTOR('',#9236,10.);
#2694=VECTOR('',#9237,10.);
#2695=VECTOR('',#9242,10.);
#2696=VECTOR('',#9243,10.);
#2697=VECTOR('',#9246,10.);
#2698=VECTOR('',#9253,10.);
#2699=VECTOR('',#9254,10.);
#2700=VECTOR('',#9257,10.);
#2701=VECTOR('',#9260,10.);
#2702=VECTOR('',#9261,10.);
#2703=VECTOR('',#9262,10.);
#2704=VECTOR('',#9265,10.);
#2705=VECTOR('',#9268,10.);
#2706=VECTOR('',#9269,10.);
#2707=VECTOR('',#9272,10.);
#2708=VECTOR('',#9275,10.);
#2709=VECTOR('',#9278,10.);
#2710=VECTOR('',#9283,10.);
#2711=VECTOR('',#9286,10.);
#2712=VECTOR('',#9289,10.);
#2713=VECTOR('',#9290,10.);
#2714=VECTOR('',#9295,10.);
#2715=VECTOR('',#9336,3.15);
#2716=VECTOR('',#9343,3.15);
#2717=VECTOR('',#9350,1.45);
#2718=VECTOR('',#9355,1.45);
#2719=VECTOR('',#9360,1.19999999999999);
#2720=VECTOR('',#9363,1.2);
#2721=VECTOR('',#9366,1.2);
#2722=VECTOR('',#9369,1.19999999999999);
#2723=VECTOR('',#9376,10.);
#2724=VECTOR('',#9377,10.);
#2725=VECTOR('',#9378,10.);
#2726=VECTOR('',#9379,10.);
#2727=VECTOR('',#9384,10.);
#2728=VECTOR('',#9389,10.);
#2729=VECTOR('',#9390,10.);
#2730=VECTOR('',#9391,10.);
#2731=VECTOR('',#9392,10.);
#2732=VECTOR('',#9401,10.);
#2733=VECTOR('',#9406,10.);
#2734=VECTOR('',#9409,10.);
#2735=VECTOR('',#9412,2.5);
#2736=VECTOR('',#9413,10.);
#2737=VECTOR('',#9422,10.);
#2738=VECTOR('',#9431,10.);
#2739=VECTOR('',#9434,10.);
#2740=VECTOR('',#9439,10.);
#2741=VECTOR('',#9440,10.);
#2742=VECTOR('',#9443,10.);
#2743=VECTOR('',#9446,10.);
#2744=VECTOR('',#9451,10.);
#2745=VECTOR('',#9454,10.);
#2746=VECTOR('',#9455,10.);
#2747=VECTOR('',#9458,10.);
#2748=VECTOR('',#9461,10.);
#2749=VECTOR('',#9462,10.);
#2750=VECTOR('',#9463,10.);
#2751=VECTOR('',#9464,10.);
#2752=VECTOR('',#9465,10.);
#2753=VECTOR('',#9468,10.);
#2754=VECTOR('',#9471,10.);
#2755=VECTOR('',#9472,10.);
#2756=VECTOR('',#9475,10.);
#2757=VECTOR('',#9476,10.);
#2758=VECTOR('',#9477,10.);
#2759=VECTOR('',#9480,10.);
#2760=VECTOR('',#9487,10.);
#2761=VECTOR('',#9490,10.);
#2762=VECTOR('',#9491,10.);
#2763=VECTOR('',#9492,10.);
#2764=VECTOR('',#9495,10.);
#2765=VECTOR('',#9496,10.);
#2766=VECTOR('',#9501,10.);
#2767=VECTOR('',#9506,10.);
#2768=VECTOR('',#9507,10.);
#2769=VECTOR('',#9508,10.);
#2770=VECTOR('',#9509,10.);
#2771=VECTOR('',#9514,10.);
#2772=VECTOR('',#9519,10.);
#2773=VECTOR('',#9522,10.);
#2774=VECTOR('',#9525,10.);
#2775=VECTOR('',#9528,10.);
#2776=VECTOR('',#9529,10.);
#2777=VECTOR('',#9536,10.);
#2778=VECTOR('',#9537,10.);
#2779=VECTOR('',#9548,10.);
#2780=VECTOR('',#9549,10.);
#2781=VECTOR('',#9552,10.);
#2782=VECTOR('',#9553,10.);
#2783=VECTOR('',#9554,10.);
#2784=VECTOR('',#9557,10.);
#2785=VECTOR('',#9562,10.);
#2786=VECTOR('',#9565,10.);
#2787=VECTOR('',#9566,10.);
#2788=VECTOR('',#9567,10.);
#2789=VECTOR('',#9568,10.);
#2790=VECTOR('',#9573,10.);
#2791=VECTOR('',#9576,10.);
#2792=VECTOR('',#9581,10.);
#2793=VECTOR('',#9590,10.);
#2794=VECTOR('',#9593,10.);
#2795=VECTOR('',#9596,10.);
#2796=VECTOR('',#9597,10.);
#2797=VECTOR('',#9606,10.);
#2798=VECTOR('',#9607,10.);
#2799=VECTOR('',#9608,10.);
#2800=VECTOR('',#9613,10.);
#2801=VECTOR('',#9614,10.);
#2802=VECTOR('',#9617,10.);
#2803=VECTOR('',#9618,10.);
#2804=VECTOR('',#9625,10.);
#2805=VECTOR('',#9630,10.);
#2806=VECTOR('',#9635,10.);
#2807=VECTOR('',#9640,10.);
#2808=VECTOR('',#9645,10.);
#2809=VECTOR('',#9646,10.);
#2810=VECTOR('',#9649,10.);
#2811=VECTOR('',#9650,10.);
#2812=VECTOR('',#9653,10.);
#2813=VECTOR('',#9666,10.);
#2814=VECTOR('',#9667,10.);
#2815=VECTOR('',#9668,10.);
#2816=VECTOR('',#9681,10.);
#2817=VECTOR('',#9686,10.);
#2818=VECTOR('',#9691,10.);
#2819=VECTOR('',#9698,3.3);
#2820=VECTOR('',#9707,2.55);
#2821=VECTOR('',#9710,3.3);
#2822=VECTOR('',#9719,2.55);
#2823=VECTOR('',#9722,10.);
#2824=VECTOR('',#9725,10.);
#2825=VECTOR('',#9730,10.);
#2826=VECTOR('',#9731,10.);
#2827=VECTOR('',#9732,10.);
#2828=VECTOR('',#9733,10.);
#2829=VECTOR('',#9736,10.);
#2830=VECTOR('',#9737,10.);
#2831=VECTOR('',#9738,10.);
#2832=VECTOR('',#9741,10.);
#2833=VECTOR('',#9744,10.);
#2834=VECTOR('',#9749,10.);
#2835=VECTOR('',#9750,10.);
#2836=VECTOR('',#9751,10.);
#2837=VECTOR('',#9752,10.);
#2838=VECTOR('',#9755,10.);
#2839=VECTOR('',#9756,10.);
#2840=VECTOR('',#9757,10.);
#2841=VECTOR('',#9760,10.);
#2842=VECTOR('',#9763,10.);
#2843=ELLIPSE('',#7175,3.66057095579598,3.66);
#2844=ELLIPSE('',#7176,8.66056794306689,3.66);
#2845=ELLIPSE('',#7178,7.34846922806857,3.);
#2846=ELLIPSE('',#7182,3.66057095579601,3.66);
#2847=ELLIPSE('',#7183,1.20018719862188,1.2);
#2848=ELLIPSE('',#7184,1.20018719862185,1.2);
#2849=ELLIPSE('',#7185,2.40149723875815,2.4);
#2850=ELLIPSE('',#7194,2.40149723875819,2.4);
#2851=ELLIPSE('',#7195,1.20018719862186,1.2);
#2852=ELLIPSE('',#7196,1.20018719862187,1.2);
#2853=ELLIPSE('',#7200,8.66056794306684,3.66);
#2854=ELLIPSE('',#7203,7.34846922807563,3.);
#2855=ELLIPSE('',#7207,2.82842712481026,2.);
#2856=ELLIPSE('',#7219,2.82842712481026,2.);
#2857=ELLIPSE('',#7257,1.4142135623731,1.);
#2858=ELLIPSE('',#7260,1.4142135623731,1.);
#2859=ELLIPSE('',#7274,5.68171748410495,2.4);
#2860=ELLIPSE('',#7277,5.68171748410493,2.4);
#2861=ELLIPSE('',#7284,1.6973210136776,1.2);
#2862=ELLIPSE('',#7287,1.69732101367764,1.2);
#2863=ELLIPSE('',#7290,1.6973210136776,1.2);
#2864=ELLIPSE('',#7293,1.69732101367763,1.2);
#2865=ELLIPSE('',#7325,0.502120908018895,0.5);
#2866=ELLIPSE('',#7329,5.65685424948338,4.);
#2867=ELLIPSE('',#7335,5.6568542495259,4.);
#2868=ELLIPSE('',#7338,0.502120908020078,0.5);
#2869=ELLIPSE('',#7342,6.89655711206686,5.);
#2870=ELLIPSE('',#7352,2.72064824242024,2.5);
#2871=ELLIPSE('',#7364,2.7206482423336,2.5);
#2872=ELLIPSE('',#7374,2.72064824239152,2.5);
#2873=ELLIPSE('',#7386,2.72064824239499,2.5);
#2874=ELLIPSE('',#7395,6.89655711206686,5.);
#2875=ELLIPSE('',#7399,7.0710678117053,5.);
#2876=ELLIPSE('',#7400,7.0710678117053,5.);
#2877=ELLIPSE('',#7414,5.65685424974867,4.);
#2878=ELLIPSE('',#7417,5.65685424974866,4.);
#2879=ELLIPSE('',#7421,5.65685424949239,4.);
#2880=ELLIPSE('',#7423,0.558766081225494,0.5);
#2881=ELLIPSE('',#7425,3.53553390585265,2.5);
#2882=ELLIPSE('',#7428,3.53553390585265,2.5);
#2883=ELLIPSE('',#7456,4.13793426724012,3.);
#2884=ELLIPSE('',#7477,5.65685424949239,4.);
#2885=ELLIPSE('',#7493,4.13793426724011,3.);
#2886=ELLIPSE('',#7496,3.44827855603343,2.5);
#2887=ELLIPSE('',#7497,3.44827855603343,2.5);
#2888=ELLIPSE('',#7503,6.89655711193175,5.);
#2889=ELLIPSE('',#7513,6.89655711193174,5.);
#2890=ELLIPSE('',#7521,5.65685424974867,4.);
#2891=ELLIPSE('',#7524,5.65685424974866,4.);
#2892=ELLIPSE('',#7526,0.558766081221142,0.5);
#2893=ELLIPSE('',#7542,2.8838179987639,2.5);
#2894=ELLIPSE('',#7548,3.62976690108782,2.5);
#2895=ELLIPSE('',#7551,3.62976690108782,2.5);
#2896=ELLIPSE('',#7564,3.44827855603343,2.5);
#2897=ELLIPSE('',#7565,3.62976690108782,2.5);
#2898=ELLIPSE('',#7568,3.62976690108782,2.5);
#2899=ELLIPSE('',#7574,3.44827855603343,2.5);
#2900=ELLIPSE('',#7580,2.8838179987639,2.5);
#2901=ELLIPSE('',#7637,5.8267341638672,2.5);
#2902=ELLIPSE('',#7638,2.76769872826423,2.5);
#2903=ELLIPSE('',#7641,2.7676987282232,2.5);
#2904=ELLIPSE('',#7642,2.5627364694788,2.5);
#2905=ELLIPSE('',#7644,5.0153356500307,2.5);
#2906=ELLIPSE('',#7655,2.7676987282232,2.5);
#2907=ELLIPSE('',#7656,2.8838179987639,2.5);
#2908=ELLIPSE('',#7663,2.8838179987639,2.5);
#2909=ELLIPSE('',#7664,2.76769872826423,2.5);
#2910=ELLIPSE('',#7670,2.5627364694878,2.5);
#2911=ELLIPSE('',#7677,3.44827855603343,2.5);
#2912=ELLIPSE('',#7680,3.44827855603343,2.5);
#2913=ELLIPSE('',#7690,2.56273646947879,2.5);
#2914=ELLIPSE('',#7697,5.65685424949239,4.);
#2915=ELLIPSE('',#7700,5.65685424949238,4.);
#2916=ELLIPSE('',#7705,5.51724568965349,4.);
#2917=ELLIPSE('',#7711,5.51724568965349,4.);
#2918=ELLIPSE('',#7731,2.72064824239354,2.5);
#2919=ELLIPSE('',#7733,2.72064824239393,2.5);
#2920=ELLIPSE('',#7737,2.72064824238397,2.5);
#2921=ELLIPSE('',#7738,2.72064824239394,2.5);
#2922=VERTEX_POINT('',#9768);
#2923=VERTEX_POINT('',#9769);
#2924=VERTEX_POINT('',#9771);
#2925=VERTEX_POINT('',#9773);
#2926=VERTEX_POINT('',#9775);
#2927=VERTEX_POINT('',#9782);
#2928=VERTEX_POINT('',#9784);
#2929=VERTEX_POINT('',#9786);
#2930=VERTEX_POINT('',#9788);
#2931=VERTEX_POINT('',#9792);
#2932=VERTEX_POINT('',#9794);
#2933=VERTEX_POINT('',#9798);
#2934=VERTEX_POINT('',#9800);
#2935=VERTEX_POINT('',#9802);
#2936=VERTEX_POINT('',#9804);
#2937=VERTEX_POINT('',#9806);
#2938=VERTEX_POINT('',#9808);
#2939=VERTEX_POINT('',#9810);
#2940=VERTEX_POINT('',#9812);
#2941=VERTEX_POINT('',#9814);
#2942=VERTEX_POINT('',#9816);
#2943=VERTEX_POINT('',#9818);
#2944=VERTEX_POINT('',#9820);
#2945=VERTEX_POINT('',#9822);
#2946=VERTEX_POINT('',#9824);
#2947=VERTEX_POINT('',#9826);
#2948=VERTEX_POINT('',#9828);
#2949=VERTEX_POINT('',#9830);
#2950=VERTEX_POINT('',#9832);
#2951=VERTEX_POINT('',#9834);
#2952=VERTEX_POINT('',#9836);
#2953=VERTEX_POINT('',#9838);
#2954=VERTEX_POINT('',#9840);
#2955=VERTEX_POINT('',#9842);
#2956=VERTEX_POINT('',#9844);
#2957=VERTEX_POINT('',#9846);
#2958=VERTEX_POINT('',#9848);
#2959=VERTEX_POINT('',#9850);
#2960=VERTEX_POINT('',#9852);
#2961=VERTEX_POINT('',#9854);
#2962=VERTEX_POINT('',#9856);
#2963=VERTEX_POINT('',#9858);
#2964=VERTEX_POINT('',#9860);
#2965=VERTEX_POINT('',#9862);
#2966=VERTEX_POINT('',#9864);
#2967=VERTEX_POINT('',#9866);
#2968=VERTEX_POINT('',#9868);
#2969=VERTEX_POINT('',#9870);
#2970=VERTEX_POINT('',#9872);
#2971=VERTEX_POINT('',#9874);
#2972=VERTEX_POINT('',#9876);
#2973=VERTEX_POINT('',#9878);
#2974=VERTEX_POINT('',#9880);
#2975=VERTEX_POINT('',#9882);
#2976=VERTEX_POINT('',#9884);
#2977=VERTEX_POINT('',#9886);
#2978=VERTEX_POINT('',#9888);
#2979=VERTEX_POINT('',#9890);
#2980=VERTEX_POINT('',#9892);
#2981=VERTEX_POINT('',#9894);
#2982=VERTEX_POINT('',#9896);
#2983=VERTEX_POINT('',#9898);
#2984=VERTEX_POINT('',#9900);
#2985=VERTEX_POINT('',#9902);
#2986=VERTEX_POINT('',#9904);
#2987=VERTEX_POINT('',#9906);
#2988=VERTEX_POINT('',#9908);
#2989=VERTEX_POINT('',#9910);
#2990=VERTEX_POINT('',#9912);
#2991=VERTEX_POINT('',#9915);
#2992=VERTEX_POINT('',#9917);
#2993=VERTEX_POINT('',#9920);
#2994=VERTEX_POINT('',#9921);
#2995=VERTEX_POINT('',#9924);
#2996=VERTEX_POINT('',#9931);
#2997=VERTEX_POINT('',#9933);
#2998=VERTEX_POINT('',#9937);
#2999=VERTEX_POINT('',#9939);
#3000=VERTEX_POINT('',#9941);
#3001=VERTEX_POINT('',#9945);
#3002=VERTEX_POINT('',#9947);
#3003=VERTEX_POINT('',#9951);
#3004=VERTEX_POINT('',#9953);
#3005=VERTEX_POINT('',#9957);
#3006=VERTEX_POINT('',#9959);
#3007=VERTEX_POINT('',#9963);
#3008=VERTEX_POINT('',#9965);
#3009=VERTEX_POINT('',#9967);
#3010=VERTEX_POINT('',#9969);
#3011=VERTEX_POINT('',#9971);
#3012=VERTEX_POINT('',#9973);
#3013=VERTEX_POINT('',#9975);
#3014=VERTEX_POINT('',#9978);
#3015=VERTEX_POINT('',#9981);
#3016=VERTEX_POINT('',#9983);
#3017=VERTEX_POINT('',#9987);
#3018=VERTEX_POINT('',#9991);
#3019=VERTEX_POINT('',#9995);
#3020=VERTEX_POINT('',#9997);
#3021=VERTEX_POINT('',#10001);
#3022=VERTEX_POINT('',#10002);
#3023=VERTEX_POINT('',#10007);
#3024=VERTEX_POINT('',#10008);
#3025=VERTEX_POINT('',#10013);
#3026=VERTEX_POINT('',#10015);
#3027=VERTEX_POINT('',#10019);
#3028=VERTEX_POINT('',#10021);
#3029=VERTEX_POINT('',#10025);
#3030=VERTEX_POINT('',#10026);
#3031=VERTEX_POINT('',#10031);
#3032=VERTEX_POINT('',#10032);
#3033=VERTEX_POINT('',#10037);
#3034=VERTEX_POINT('',#10041);
#3035=VERTEX_POINT('',#10045);
#3036=VERTEX_POINT('',#10049);
#3037=VERTEX_POINT('',#10053);
#3038=VERTEX_POINT('',#10057);
#3039=VERTEX_POINT('',#10061);
#3040=VERTEX_POINT('',#10066);
#3041=VERTEX_POINT('',#10069);
#3042=VERTEX_POINT('',#10071);
#3043=VERTEX_POINT('',#10073);
#3044=VERTEX_POINT('',#10078);
#3045=VERTEX_POINT('',#10094);
#3046=VERTEX_POINT('',#10096);
#3047=VERTEX_POINT('',#10101);
#3048=VERTEX_POINT('',#10103);
#3049=VERTEX_POINT('',#10105);
#3050=VERTEX_POINT('',#10107);
#3051=VERTEX_POINT('',#10109);
#3052=VERTEX_POINT('',#10111);
#3053=VERTEX_POINT('',#10113);
#3054=VERTEX_POINT('',#10115);
#3055=VERTEX_POINT('',#10117);
#3056=VERTEX_POINT('',#10121);
#3057=VERTEX_POINT('',#10122);
#3058=VERTEX_POINT('',#10127);
#3059=VERTEX_POINT('',#10131);
#3060=VERTEX_POINT('',#10132);
#3061=VERTEX_POINT('',#10137);
#3062=VERTEX_POINT('',#10139);
#3063=VERTEX_POINT('',#10141);
#3064=VERTEX_POINT('',#10143);
#3065=VERTEX_POINT('',#10145);
#3066=VERTEX_POINT('',#10147);
#3067=VERTEX_POINT('',#10151);
#3068=VERTEX_POINT('',#10152);
#3069=VERTEX_POINT('',#10157);
#3070=VERTEX_POINT('',#10159);
#3071=VERTEX_POINT('',#10161);
#3072=VERTEX_POINT('',#10163);
#3073=VERTEX_POINT('',#10168);
#3074=VERTEX_POINT('',#10169);
#3075=VERTEX_POINT('',#10171);
#3076=VERTEX_POINT('',#10173);
#3077=VERTEX_POINT('',#10175);
#3078=VERTEX_POINT('',#10177);
#3079=VERTEX_POINT('',#10182);
#3080=VERTEX_POINT('',#10186);
#3081=VERTEX_POINT('',#10188);
#3082=VERTEX_POINT('',#10190);
#3083=VERTEX_POINT('',#10192);
#3084=VERTEX_POINT('',#10196);
#3085=VERTEX_POINT('',#10198);
#3086=VERTEX_POINT('',#10200);
#3087=VERTEX_POINT('',#10204);
#3088=VERTEX_POINT('',#10206);
#3089=VERTEX_POINT('',#10208);
#3090=VERTEX_POINT('',#10210);
#3091=VERTEX_POINT('',#10214);
#3092=VERTEX_POINT('',#10216);
#3093=VERTEX_POINT('',#10218);
#3094=VERTEX_POINT('',#10220);
#3095=VERTEX_POINT('',#10222);
#3096=VERTEX_POINT('',#10224);
#3097=VERTEX_POINT('',#10226);
#3098=VERTEX_POINT('',#10228);
#3099=VERTEX_POINT('',#10230);
#3100=VERTEX_POINT('',#10232);
#3101=VERTEX_POINT('',#10234);
#3102=VERTEX_POINT('',#10236);
#3103=VERTEX_POINT('',#10239);
#3104=VERTEX_POINT('',#10241);
#3105=VERTEX_POINT('',#10244);
#3106=VERTEX_POINT('',#10246);
#3107=VERTEX_POINT('',#10250);
#3108=VERTEX_POINT('',#10251);
#3109=VERTEX_POINT('',#10256);
#3110=VERTEX_POINT('',#10258);
#3111=VERTEX_POINT('',#10262);
#3112=VERTEX_POINT('',#10263);
#3113=VERTEX_POINT('',#10268);
#3114=VERTEX_POINT('',#10274);
#3115=VERTEX_POINT('',#10280);
#3116=VERTEX_POINT('',#10281);
#3117=VERTEX_POINT('',#10284);
#3118=VERTEX_POINT('',#10288);
#3119=VERTEX_POINT('',#10292);
#3120=VERTEX_POINT('',#10293);
#3121=VERTEX_POINT('',#10298);
#3122=VERTEX_POINT('',#10302);
#3123=VERTEX_POINT('',#10308);
#3124=VERTEX_POINT('',#10312);
#3125=VERTEX_POINT('',#10319);
#3126=VERTEX_POINT('',#10321);
#3127=VERTEX_POINT('',#10327);
#3128=VERTEX_POINT('',#10331);
#3129=VERTEX_POINT('',#10339);
#3130=VERTEX_POINT('',#10344);
#3131=VERTEX_POINT('',#10348);
#3132=VERTEX_POINT('',#10350);
#3133=VERTEX_POINT('',#10352);
#3134=VERTEX_POINT('',#10354);
#3135=VERTEX_POINT('',#10356);
#3136=VERTEX_POINT('',#10358);
#3137=VERTEX_POINT('',#10360);
#3138=VERTEX_POINT('',#10364);
#3139=VERTEX_POINT('',#10368);
#3140=VERTEX_POINT('',#10372);
#3141=VERTEX_POINT('',#10374);
#3142=VERTEX_POINT('',#10381);
#3143=VERTEX_POINT('',#10385);
#3144=VERTEX_POINT('',#10390);
#3145=VERTEX_POINT('',#10394);
#3146=VERTEX_POINT('',#10403);
#3147=VERTEX_POINT('',#10405);
#3148=VERTEX_POINT('',#10407);
#3149=VERTEX_POINT('',#10409);
#3150=VERTEX_POINT('',#10411);
#3151=VERTEX_POINT('',#10413);
#3152=VERTEX_POINT('',#10415);
#3153=VERTEX_POINT('',#10417);
#3154=VERTEX_POINT('',#10419);
#3155=VERTEX_POINT('',#10421);
#3156=VERTEX_POINT('',#10424);
#3157=VERTEX_POINT('',#10426);
#3158=VERTEX_POINT('',#10429);
#3159=VERTEX_POINT('',#10430);
#3160=VERTEX_POINT('',#10433);
#3161=VERTEX_POINT('',#10435);
#3162=VERTEX_POINT('',#10438);
#3163=VERTEX_POINT('',#10439);
#3164=VERTEX_POINT('',#10441);
#3165=VERTEX_POINT('',#10443);
#3166=VERTEX_POINT('',#10445);
#3167=VERTEX_POINT('',#10449);
#3168=VERTEX_POINT('',#10451);
#3169=VERTEX_POINT('',#10455);
#3170=VERTEX_POINT('',#10459);
#3171=VERTEX_POINT('',#10461);
#3172=VERTEX_POINT('',#10465);
#3173=VERTEX_POINT('',#10467);
#3174=VERTEX_POINT('',#10469);
#3175=VERTEX_POINT('',#10471);
#3176=VERTEX_POINT('',#10475);
#3177=VERTEX_POINT('',#10479);
#3178=VERTEX_POINT('',#10480);
#3179=VERTEX_POINT('',#10482);
#3180=VERTEX_POINT('',#10484);
#3181=VERTEX_POINT('',#10488);
#3182=VERTEX_POINT('',#10490);
#3183=VERTEX_POINT('',#10492);
#3184=VERTEX_POINT('',#10494);
#3185=VERTEX_POINT('',#10498);
#3186=VERTEX_POINT('',#10500);
#3187=VERTEX_POINT('',#10502);
#3188=VERTEX_POINT('',#10506);
#3189=VERTEX_POINT('',#10508);
#3190=VERTEX_POINT('',#10512);
#3191=VERTEX_POINT('',#10513);
#3192=VERTEX_POINT('',#10515);
#3193=VERTEX_POINT('',#10517);
#3194=VERTEX_POINT('',#10521);
#3195=VERTEX_POINT('',#10522);
#3196=VERTEX_POINT('',#10524);
#3197=VERTEX_POINT('',#10526);
#3198=VERTEX_POINT('',#10528);
#3199=VERTEX_POINT('',#10532);
#3200=VERTEX_POINT('',#10533);
#3201=VERTEX_POINT('',#10535);
#3202=VERTEX_POINT('',#10537);
#3203=VERTEX_POINT('',#10541);
#3204=VERTEX_POINT('',#10542);
#3205=VERTEX_POINT('',#10544);
#3206=VERTEX_POINT('',#10546);
#3207=VERTEX_POINT('',#10548);
#3208=VERTEX_POINT('',#10550);
#3209=VERTEX_POINT('',#10555);
#3210=VERTEX_POINT('',#10556);
#3211=VERTEX_POINT('',#10558);
#3212=VERTEX_POINT('',#10560);
#3213=VERTEX_POINT('',#10562);
#3214=VERTEX_POINT('',#10567);
#3215=VERTEX_POINT('',#10568);
#3216=VERTEX_POINT('',#10570);
#3217=VERTEX_POINT('',#10572);
#3218=VERTEX_POINT('',#10578);
#3219=VERTEX_POINT('',#10579);
#3220=VERTEX_POINT('',#10581);
#3221=VERTEX_POINT('',#10583);
#3222=VERTEX_POINT('',#10587);
#3223=VERTEX_POINT('',#10588);
#3224=VERTEX_POINT('',#10590);
#3225=VERTEX_POINT('',#10593);
#3226=VERTEX_POINT('',#10597);
#3227=VERTEX_POINT('',#10601);
#3228=VERTEX_POINT('',#10602);
#3229=VERTEX_POINT('',#10604);
#3230=VERTEX_POINT('',#10606);
#3231=VERTEX_POINT('',#10610);
#3232=VERTEX_POINT('',#10612);
#3233=VERTEX_POINT('',#10616);
#3234=VERTEX_POINT('',#10617);
#3235=VERTEX_POINT('',#10619);
#3236=VERTEX_POINT('',#10621);
#3237=VERTEX_POINT('',#10625);
#3238=VERTEX_POINT('',#10626);
#3239=VERTEX_POINT('',#10631);
#3240=VERTEX_POINT('',#10633);
#3241=VERTEX_POINT('',#10635);
#3242=VERTEX_POINT('',#10639);
#3243=VERTEX_POINT('',#10641);
#3244=VERTEX_POINT('',#10645);
#3245=VERTEX_POINT('',#10646);
#3246=VERTEX_POINT('',#10649);
#3247=VERTEX_POINT('',#10651);
#3248=VERTEX_POINT('',#10653);
#3249=VERTEX_POINT('',#10655);
#3250=VERTEX_POINT('',#10659);
#3251=VERTEX_POINT('',#10661);
#3252=VERTEX_POINT('',#10665);
#3253=VERTEX_POINT('',#10666);
#3254=VERTEX_POINT('',#10669);
#3255=VERTEX_POINT('',#10673);
#3256=VERTEX_POINT('',#10674);
#3257=VERTEX_POINT('',#10679);
#3258=VERTEX_POINT('',#10681);
#3259=VERTEX_POINT('',#10685);
#3260=VERTEX_POINT('',#10686);
#3261=VERTEX_POINT('',#10688);
#3262=VERTEX_POINT('',#10690);
#3263=VERTEX_POINT('',#10692);
#3264=VERTEX_POINT('',#10694);
#3265=VERTEX_POINT('',#10700);
#3266=VERTEX_POINT('',#10702);
#3267=VERTEX_POINT('',#10710);
#3268=VERTEX_POINT('',#10712);
#3269=VERTEX_POINT('',#10715);
#3270=VERTEX_POINT('',#10717);
#3271=VERTEX_POINT('',#10721);
#3272=VERTEX_POINT('',#10722);
#3273=VERTEX_POINT('',#10724);
#3274=VERTEX_POINT('',#10726);
#3275=VERTEX_POINT('',#10728);
#3276=VERTEX_POINT('',#10730);
#3277=VERTEX_POINT('',#10735);
#3278=VERTEX_POINT('',#10736);
#3279=VERTEX_POINT('',#10741);
#3280=VERTEX_POINT('',#10742);
#3281=VERTEX_POINT('',#10747);
#3282=VERTEX_POINT('',#10749);
#3283=VERTEX_POINT('',#10751);
#3284=VERTEX_POINT('',#10755);
#3285=VERTEX_POINT('',#10757);
#3286=VERTEX_POINT('',#10761);
#3287=VERTEX_POINT('',#10762);
#3288=VERTEX_POINT('',#10765);
#3289=VERTEX_POINT('',#10767);
#3290=VERTEX_POINT('',#10769);
#3291=VERTEX_POINT('',#10771);
#3292=VERTEX_POINT('',#10775);
#3293=VERTEX_POINT('',#10777);
#3294=VERTEX_POINT('',#10781);
#3295=VERTEX_POINT('',#10782);
#3296=VERTEX_POINT('',#10785);
#3297=VERTEX_POINT('',#10789);
#3298=VERTEX_POINT('',#10790);
#3299=VERTEX_POINT('',#10795);
#3300=VERTEX_POINT('',#10796);
#3301=VERTEX_POINT('',#10798);
#3302=VERTEX_POINT('',#10800);
#3303=VERTEX_POINT('',#10802);
#3304=VERTEX_POINT('',#10804);
#3305=VERTEX_POINT('',#10807);
#3306=VERTEX_POINT('',#10809);
#3307=VERTEX_POINT('',#10811);
#3308=VERTEX_POINT('',#10815);
#3309=VERTEX_POINT('',#10819);
#3310=VERTEX_POINT('',#10820);
#3311=VERTEX_POINT('',#10822);
#3312=VERTEX_POINT('',#10824);
#3313=VERTEX_POINT('',#10828);
#3314=VERTEX_POINT('',#10830);
#3315=VERTEX_POINT('',#10834);
#3316=VERTEX_POINT('',#10835);
#3317=VERTEX_POINT('',#10838);
#3318=VERTEX_POINT('',#10840);
#3319=VERTEX_POINT('',#10842);
#3320=VERTEX_POINT('',#10844);
#3321=VERTEX_POINT('',#10848);
#3322=VERTEX_POINT('',#10849);
#3323=VERTEX_POINT('',#10851);
#3324=VERTEX_POINT('',#10853);
#3325=VERTEX_POINT('',#10857);
#3326=VERTEX_POINT('',#10858);
#3327=VERTEX_POINT('',#10860);
#3328=VERTEX_POINT('',#10862);
#3329=VERTEX_POINT('',#10864);
#3330=VERTEX_POINT('',#10869);
#3331=VERTEX_POINT('',#10870);
#3332=VERTEX_POINT('',#10872);
#3333=VERTEX_POINT('',#10874);
#3334=VERTEX_POINT('',#10877);
#3335=VERTEX_POINT('',#10879);
#3336=VERTEX_POINT('',#10883);
#3337=VERTEX_POINT('',#10884);
#3338=VERTEX_POINT('',#10886);
#3339=VERTEX_POINT('',#10889);
#3340=VERTEX_POINT('',#10891);
#3341=VERTEX_POINT('',#10895);
#3342=VERTEX_POINT('',#10897);
#3343=VERTEX_POINT('',#10899);
#3344=VERTEX_POINT('',#10904);
#3345=VERTEX_POINT('',#10906);
#3346=VERTEX_POINT('',#10908);
#3347=VERTEX_POINT('',#10910);
#3348=VERTEX_POINT('',#10914);
#3349=VERTEX_POINT('',#10916);
#3350=VERTEX_POINT('',#10920);
#3351=VERTEX_POINT('',#10922);
#3352=VERTEX_POINT('',#10926);
#3353=VERTEX_POINT('',#10928);
#3354=VERTEX_POINT('',#10932);
#3355=VERTEX_POINT('',#10934);
#3356=VERTEX_POINT('',#10938);
#3357=VERTEX_POINT('',#10940);
#3358=VERTEX_POINT('',#10944);
#3359=VERTEX_POINT('',#10945);
#3360=VERTEX_POINT('',#10947);
#3361=VERTEX_POINT('',#10949);
#3362=VERTEX_POINT('',#10956);
#3363=VERTEX_POINT('',#10961);
#3364=VERTEX_POINT('',#10965);
#3365=VERTEX_POINT('',#10969);
#3366=VERTEX_POINT('',#10976);
#3367=VERTEX_POINT('',#10978);
#3368=VERTEX_POINT('',#10982);
#3369=VERTEX_POINT('',#10986);
#3370=VERTEX_POINT('',#10988);
#3371=VERTEX_POINT('',#10992);
#3372=VERTEX_POINT('',#10994);
#3373=VERTEX_POINT('',#10998);
#3374=VERTEX_POINT('',#11000);
#3375=VERTEX_POINT('',#11004);
#3376=VERTEX_POINT('',#11006);
#3377=VERTEX_POINT('',#11010);
#3378=VERTEX_POINT('',#11012);
#3379=VERTEX_POINT('',#11016);
#3380=VERTEX_POINT('',#11018);
#3381=VERTEX_POINT('',#11022);
#3382=VERTEX_POINT('',#11024);
#3383=VERTEX_POINT('',#11028);
#3384=VERTEX_POINT('',#11030);
#3385=VERTEX_POINT('',#11034);
#3386=VERTEX_POINT('',#11035);
#3387=VERTEX_POINT('',#11037);
#3388=VERTEX_POINT('',#11039);
#3389=VERTEX_POINT('',#11043);
#3390=VERTEX_POINT('',#11044);
#3391=VERTEX_POINT('',#11046);
#3392=VERTEX_POINT('',#11048);
#3393=VERTEX_POINT('',#11052);
#3394=VERTEX_POINT('',#11054);
#3395=VERTEX_POINT('',#11058);
#3396=VERTEX_POINT('',#11060);
#3397=VERTEX_POINT('',#11064);
#3398=VERTEX_POINT('',#11065);
#3399=VERTEX_POINT('',#11070);
#3400=VERTEX_POINT('',#11072);
#3401=VERTEX_POINT('',#11076);
#3402=VERTEX_POINT('',#11078);
#3403=VERTEX_POINT('',#11082);
#3404=VERTEX_POINT('',#11084);
#3405=VERTEX_POINT('',#11088);
#3406=VERTEX_POINT('',#11095);
#3407=VERTEX_POINT('',#11101);
#3408=VERTEX_POINT('',#11102);
#3409=VERTEX_POINT('',#11104);
#3410=VERTEX_POINT('',#11106);
#3411=VERTEX_POINT('',#11108);
#3412=VERTEX_POINT('',#11115);
#3413=VERTEX_POINT('',#11116);
#3414=VERTEX_POINT('',#11118);
#3415=VERTEX_POINT('',#11124);
#3416=VERTEX_POINT('',#11126);
#3417=VERTEX_POINT('',#11130);
#3418=VERTEX_POINT('',#11132);
#3419=VERTEX_POINT('',#11136);
#3420=VERTEX_POINT('',#11137);
#3421=VERTEX_POINT('',#11142);
#3422=VERTEX_POINT('',#11144);
#3423=VERTEX_POINT('',#11148);
#3424=VERTEX_POINT('',#11150);
#3425=VERTEX_POINT('',#11157);
#3426=VERTEX_POINT('',#11159);
#3427=VERTEX_POINT('',#11163);
#3428=VERTEX_POINT('',#11164);
#3429=VERTEX_POINT('',#11166);
#3430=VERTEX_POINT('',#11169);
#3431=VERTEX_POINT('',#11171);
#3432=VERTEX_POINT('',#11173);
#3433=VERTEX_POINT('',#11175);
#3434=VERTEX_POINT('',#11177);
#3435=VERTEX_POINT('',#11181);
#3436=VERTEX_POINT('',#11183);
#3437=VERTEX_POINT('',#11187);
#3438=VERTEX_POINT('',#11189);
#3439=VERTEX_POINT('',#11191);
#3440=VERTEX_POINT('',#11193);
#3441=VERTEX_POINT('',#11197);
#3442=VERTEX_POINT('',#11202);
#3443=VERTEX_POINT('',#11204);
#3444=VERTEX_POINT('',#11208);
#3445=VERTEX_POINT('',#11211);
#3446=VERTEX_POINT('',#11213);
#3447=VERTEX_POINT('',#11215);
#3448=VERTEX_POINT('',#11219);
#3449=VERTEX_POINT('',#11223);
#3450=VERTEX_POINT('',#11227);
#3451=VERTEX_POINT('',#11231);
#3452=VERTEX_POINT('',#11233);
#3453=VERTEX_POINT('',#11235);
#3454=VERTEX_POINT('',#11237);
#3455=VERTEX_POINT('',#11239);
#3456=VERTEX_POINT('',#11243);
#3457=VERTEX_POINT('',#11248);
#3458=VERTEX_POINT('',#11250);
#3459=VERTEX_POINT('',#11255);
#3460=VERTEX_POINT('',#11257);
#3461=VERTEX_POINT('',#11269);
#3462=VERTEX_POINT('',#11276);
#3463=VERTEX_POINT('',#11280);
#3464=VERTEX_POINT('',#11304);
#3465=VERTEX_POINT('',#11306);
#3466=VERTEX_POINT('',#11308);
#3467=VERTEX_POINT('',#11310);
#3468=VERTEX_POINT('',#11312);
#3469=VERTEX_POINT('',#11315);
#3470=VERTEX_POINT('',#11317);
#3471=VERTEX_POINT('',#11320);
#3472=VERTEX_POINT('',#11322);
#3473=VERTEX_POINT('',#11336);
#3474=VERTEX_POINT('',#11338);
#3475=VERTEX_POINT('',#11343);
#3476=VERTEX_POINT('',#11347);
#3477=VERTEX_POINT('',#11361);
#3478=VERTEX_POINT('',#11366);
#3479=VERTEX_POINT('',#11370);
#3480=VERTEX_POINT('',#11372);
#3481=VERTEX_POINT('',#11375);
#3482=VERTEX_POINT('',#11379);
#3483=VERTEX_POINT('',#11383);
#3484=VERTEX_POINT('',#11389);
#3485=VERTEX_POINT('',#11393);
#3486=VERTEX_POINT('',#11395);
#3487=VERTEX_POINT('',#11402);
#3488=VERTEX_POINT('',#11405);
#3489=VERTEX_POINT('',#11407);
#3490=VERTEX_POINT('',#11410);
#3491=VERTEX_POINT('',#11412);
#3492=VERTEX_POINT('',#11415);
#3493=VERTEX_POINT('',#11418);
#3494=VERTEX_POINT('',#11420);
#3495=VERTEX_POINT('',#11423);
#3496=VERTEX_POINT('',#11429);
#3497=VERTEX_POINT('',#11431);
#3498=VERTEX_POINT('',#11437);
#3499=VERTEX_POINT('',#11459);
#3500=VERTEX_POINT('',#11462);
#3501=VERTEX_POINT('',#11466);
#3502=VERTEX_POINT('',#11469);
#3503=VERTEX_POINT('',#11476);
#3504=VERTEX_POINT('',#11479);
#3505=VERTEX_POINT('',#11482);
#3506=VERTEX_POINT('',#11487);
#3507=VERTEX_POINT('',#11493);
#3508=VERTEX_POINT('',#11497);
#3509=VERTEX_POINT('',#11511);
#3510=VERTEX_POINT('',#11512);
#3511=VERTEX_POINT('',#11514);
#3512=VERTEX_POINT('',#11516);
#3513=VERTEX_POINT('',#11520);
#3514=VERTEX_POINT('',#11522);
#3515=VERTEX_POINT('',#11526);
#3516=VERTEX_POINT('',#11527);
#3517=VERTEX_POINT('',#11529);
#3518=VERTEX_POINT('',#11531);
#3519=VERTEX_POINT('',#11538);
#3520=VERTEX_POINT('',#11542);
#3521=VERTEX_POINT('',#11544);
#3522=VERTEX_POINT('',#11548);
#3523=VERTEX_POINT('',#11554);
#3524=VERTEX_POINT('',#11560);
#3525=VERTEX_POINT('',#11562);
#3526=VERTEX_POINT('',#11565);
#3527=VERTEX_POINT('',#11568);
#3528=VERTEX_POINT('',#11571);
#3529=VERTEX_POINT('',#11574);
#3530=VERTEX_POINT('',#11577);
#3531=VERTEX_POINT('',#11580);
#3532=VERTEX_POINT('',#11583);
#3533=VERTEX_POINT('',#11586);
#3534=VERTEX_POINT('',#11588);
#3535=VERTEX_POINT('',#11590);
#3536=VERTEX_POINT('',#11592);
#3537=VERTEX_POINT('',#11594);
#3538=VERTEX_POINT('',#11600);
#3539=VERTEX_POINT('',#11604);
#3540=VERTEX_POINT('',#11608);
#3541=VERTEX_POINT('',#11613);
#3542=VERTEX_POINT('',#11617);
#3543=VERTEX_POINT('',#11621);
#3544=VERTEX_POINT('',#11623);
#3545=VERTEX_POINT('',#11627);
#3546=VERTEX_POINT('',#11631);
#3547=VERTEX_POINT('',#11633);
#3548=VERTEX_POINT('',#11637);
#3549=VERTEX_POINT('',#11639);
#3550=VERTEX_POINT('',#11641);
#3551=VERTEX_POINT('',#11645);
#3552=VERTEX_POINT('',#11647);
#3553=VERTEX_POINT('',#11651);
#3554=VERTEX_POINT('',#11654);
#3555=VERTEX_POINT('',#11658);
#3556=VERTEX_POINT('',#11662);
#3557=VERTEX_POINT('',#11664);
#3558=VERTEX_POINT('',#11674);
#3559=VERTEX_POINT('',#11678);
#3560=VERTEX_POINT('',#11680);
#3561=VERTEX_POINT('',#11686);
#3562=VERTEX_POINT('',#11690);
#3563=VERTEX_POINT('',#11691);
#3564=VERTEX_POINT('',#11697);
#3565=VERTEX_POINT('',#11713);
#3566=VERTEX_POINT('',#11720);
#3567=VERTEX_POINT('',#11726);
#3568=VERTEX_POINT('',#11747);
#3569=VERTEX_POINT('',#11751);
#3570=VERTEX_POINT('',#11762);
#3571=VERTEX_POINT('',#11764);
#3572=VERTEX_POINT('',#11783);
#3573=VERTEX_POINT('',#11787);
#3574=VERTEX_POINT('',#11792);
#3575=VERTEX_POINT('',#11796);
#3576=VERTEX_POINT('',#11806);
#3577=VERTEX_POINT('',#11807);
#3578=VERTEX_POINT('',#11809);
#3579=VERTEX_POINT('',#11811);
#3580=VERTEX_POINT('',#11815);
#3581=VERTEX_POINT('',#11816);
#3582=VERTEX_POINT('',#11826);
#3583=VERTEX_POINT('',#11827);
#3584=VERTEX_POINT('',#11829);
#3585=VERTEX_POINT('',#11831);
#3586=VERTEX_POINT('',#11835);
#3587=VERTEX_POINT('',#11837);
#3588=EDGE_CURVE('',#2922,#2923,#2843,.T.);
#3589=EDGE_CURVE('',#2923,#2924,#1245,.T.);
#3590=EDGE_CURVE('',#2924,#2925,#2844,.T.);
#3591=EDGE_CURVE('',#2925,#2926,#1241,.T.);
#3592=EDGE_CURVE('',#2926,#2922,#1246,.T.);
#3593=EDGE_CURVE('',#2927,#2924,#1247,.T.);
#3594=EDGE_CURVE('',#2928,#2927,#1248,.T.);
#3595=EDGE_CURVE('',#2929,#2928,#1249,.T.);
#3596=EDGE_CURVE('',#2930,#2929,#1250,.T.);
#3597=EDGE_CURVE('',#2925,#2930,#2845,.F.);
#3598=EDGE_CURVE('',#2923,#2931,#1251,.T.);
#3599=EDGE_CURVE('',#2932,#2931,#1252,.T.);
#3600=EDGE_CURVE('',#2932,#2927,#1253,.F.);
#3601=EDGE_CURVE('',#2922,#2933,#1254,.T.);
#3602=EDGE_CURVE('',#2933,#2934,#1255,.T.);
#3603=EDGE_CURVE('',#2934,#2935,#62,.T.);
#3604=EDGE_CURVE('',#2935,#2936,#1256,.T.);
#3605=EDGE_CURVE('',#2936,#2937,#1257,.T.);
#3606=EDGE_CURVE('',#2938,#2937,#2846,.T.);
#3607=EDGE_CURVE('',#2939,#2938,#1258,.T.);
#3608=EDGE_CURVE('',#2940,#2939,#2847,.T.);
#3609=EDGE_CURVE('',#2941,#2940,#1259,.T.);
#3610=EDGE_CURVE('',#2942,#2941,#2848,.T.);
#3611=EDGE_CURVE('',#2943,#2942,#1260,.T.);
#3612=EDGE_CURVE('',#2944,#2943,#2849,.T.);
#3613=EDGE_CURVE('',#2944,#2945,#1261,.T.);
#3614=EDGE_CURVE('',#2945,#2946,#1262,.F.);
#3615=EDGE_CURVE('',#2946,#2947,#1263,.T.);
#3616=EDGE_CURVE('',#2948,#2947,#1264,.T.);
#3617=EDGE_CURVE('',#2949,#2948,#63,.T.);
#3618=EDGE_CURVE('',#2950,#2949,#1265,.T.);
#3619=EDGE_CURVE('',#2951,#2950,#1266,.T.);
#3620=EDGE_CURVE('',#2951,#2952,#64,.T.);
#3621=EDGE_CURVE('',#2953,#2952,#1267,.T.);
#3622=EDGE_CURVE('',#2954,#2953,#1268,.T.);
#3623=EDGE_CURVE('',#2954,#2955,#1269,.T.);
#3624=EDGE_CURVE('',#2955,#2956,#1270,.T.);
#3625=EDGE_CURVE('',#2957,#2956,#1271,.T.);
#3626=EDGE_CURVE('',#2957,#2958,#1272,.T.);
#3627=EDGE_CURVE('',#2959,#2958,#1273,.T.);
#3628=EDGE_CURVE('',#2959,#2960,#1274,.T.);
#3629=EDGE_CURVE('',#2960,#2961,#1275,.T.);
#3630=EDGE_CURVE('',#2961,#2962,#1276,.T.);
#3631=EDGE_CURVE('',#2962,#2963,#65,.F.);
#3632=EDGE_CURVE('',#2963,#2964,#1277,.T.);
#3633=EDGE_CURVE('',#2965,#2964,#66,.T.);
#3634=EDGE_CURVE('',#2966,#2965,#1278,.T.);
#3635=EDGE_CURVE('',#2966,#2967,#1279,.T.);
#3636=EDGE_CURVE('',#2968,#2967,#1280,.T.);
#3637=EDGE_CURVE('',#2969,#2968,#67,.T.);
#3638=EDGE_CURVE('',#2969,#2970,#1281,.T.);
#3639=EDGE_CURVE('',#2970,#2971,#68,.F.);
#3640=EDGE_CURVE('',#2971,#2972,#1282,.T.);
#3641=EDGE_CURVE('',#2972,#2973,#1283,.T.);
#3642=EDGE_CURVE('',#2974,#2973,#1284,.T.);
#3643=EDGE_CURVE('',#2974,#2975,#1285,.T.);
#3644=EDGE_CURVE('',#2975,#2976,#1286,.T.);
#3645=EDGE_CURVE('',#2977,#2976,#1287,.T.);
#3646=EDGE_CURVE('',#2978,#2977,#1288,.T.);
#3647=EDGE_CURVE('',#2978,#2979,#69,.T.);
#3648=EDGE_CURVE('',#2980,#2979,#1289,.T.);
#3649=EDGE_CURVE('',#2980,#2981,#1290,.T.);
#3650=EDGE_CURVE('',#2982,#2981,#70,.T.);
#3651=EDGE_CURVE('',#2983,#2982,#1291,.T.);
#3652=EDGE_CURVE('',#2983,#2984,#1292,.T.);
#3653=EDGE_CURVE('',#2985,#2984,#1293,.T.);
#3654=EDGE_CURVE('',#2985,#2986,#1294,.T.);
#3655=EDGE_CURVE('',#2987,#2986,#2850,.T.);
#3656=EDGE_CURVE('',#2988,#2987,#1295,.T.);
#3657=EDGE_CURVE('',#2989,#2988,#2851,.T.);
#3658=EDGE_CURVE('',#2990,#2989,#1296,.T.);
#3659=EDGE_CURVE('',#2931,#2990,#2852,.T.);
#3660=EDGE_CURVE('',#2991,#2991,#71,.T.);
#3661=EDGE_CURVE('',#2992,#2992,#72,.T.);
#3662=EDGE_CURVE('',#2993,#2994,#2853,.T.);
#3663=EDGE_CURVE('',#2994,#2938,#1297,.T.);
#3664=EDGE_CURVE('',#2937,#2995,#1298,.T.);
#3665=EDGE_CURVE('',#2995,#2993,#1242,.T.);
#3666=EDGE_CURVE('',#2994,#2996,#1299,.T.);
#3667=EDGE_CURVE('',#2996,#2997,#1300,.T.);
#3668=EDGE_CURVE('',#2939,#2997,#1301,.T.);
#3669=EDGE_CURVE('',#2993,#2998,#2854,.T.);
#3670=EDGE_CURVE('',#2999,#2998,#1302,.T.);
#3671=EDGE_CURVE('',#3000,#2999,#1303,.T.);
#3672=EDGE_CURVE('',#3000,#2996,#1304,.T.);
#3673=EDGE_CURVE('',#2995,#3001,#1305,.T.);
#3674=EDGE_CURVE('',#3001,#3002,#73,.T.);
#3675=EDGE_CURVE('',#3002,#2998,#1306,.T.);
#3676=EDGE_CURVE('',#2970,#3003,#1307,.T.);
#3677=EDGE_CURVE('',#3003,#3004,#2855,.T.);
#3678=EDGE_CURVE('',#2971,#3004,#1308,.T.);
#3679=EDGE_CURVE('',#2968,#3005,#1309,.T.);
#3680=EDGE_CURVE('',#3005,#3006,#74,.T.);
#3681=EDGE_CURVE('',#3006,#2969,#1310,.T.);
#3682=EDGE_CURVE('',#3007,#2968,#75,.T.);
#3683=EDGE_CURVE('',#3008,#3007,#1311,.T.);
#3684=EDGE_CURVE('',#3009,#3008,#76,.T.);
#3685=EDGE_CURVE('',#3010,#3009,#1312,.T.);
#3686=EDGE_CURVE('',#3011,#3010,#1313,.T.);
#3687=EDGE_CURVE('',#3012,#3011,#77,.T.);
#3688=EDGE_CURVE('',#3013,#3012,#1314,.T.);
#3689=EDGE_CURVE('',#3005,#3013,#1315,.T.);
#3690=EDGE_CURVE('',#3014,#3014,#78,.T.);
#3691=EDGE_CURVE('',#2964,#3015,#1316,.T.);
#3692=EDGE_CURVE('',#3015,#3016,#79,.T.);
#3693=EDGE_CURVE('',#3016,#2965,#1317,.T.);
#3694=EDGE_CURVE('',#3017,#2963,#1318,.T.);
#3695=EDGE_CURVE('',#3015,#3017,#1319,.T.);
#3696=EDGE_CURVE('',#3017,#3018,#2856,.F.);
#3697=EDGE_CURVE('',#2962,#3018,#1320,.T.);
#3698=EDGE_CURVE('',#2965,#3019,#80,.T.);
#3699=EDGE_CURVE('',#3019,#3020,#1321,.T.);
#3700=EDGE_CURVE('',#3020,#2966,#81,.T.);
#3701=EDGE_CURVE('',#3021,#3022,#1322,.T.);
#3702=EDGE_CURVE('',#3022,#3020,#1323,.T.);
#3703=EDGE_CURVE('',#3019,#3021,#1324,.T.);
#3704=EDGE_CURVE('',#3023,#3024,#1325,.T.);
#3705=EDGE_CURVE('',#3024,#3022,#82,.T.);
#3706=EDGE_CURVE('',#3021,#3023,#83,.T.);
#3707=EDGE_CURVE('',#3025,#3024,#1326,.T.);
#3708=EDGE_CURVE('',#3023,#3026,#1327,.T.);
#3709=EDGE_CURVE('',#3026,#3025,#1328,.T.);
#3710=EDGE_CURVE('',#3026,#3027,#1329,.T.);
#3711=EDGE_CURVE('',#3027,#3028,#1330,.T.);
#3712=EDGE_CURVE('',#3028,#3025,#1331,.T.);
#3713=EDGE_CURVE('',#3029,#3030,#1332,.T.);
#3714=EDGE_CURVE('',#3030,#3028,#84,.T.);
#3715=EDGE_CURVE('',#3027,#3029,#85,.T.);
#3716=EDGE_CURVE('',#3031,#3032,#1333,.T.);
#3717=EDGE_CURVE('',#3032,#3030,#1334,.T.);
#3718=EDGE_CURVE('',#3029,#3031,#1335,.T.);
#3719=EDGE_CURVE('',#3020,#3033,#1336,.T.);
#3720=EDGE_CURVE('',#2967,#3033,#86,.T.);
#3721=EDGE_CURVE('',#3034,#3022,#1337,.T.);
#3722=EDGE_CURVE('',#3033,#3034,#1338,.T.);
#3723=EDGE_CURVE('',#3024,#3035,#1339,.T.);
#3724=EDGE_CURVE('',#3034,#3035,#87,.T.);
#3725=EDGE_CURVE('',#3025,#3036,#1340,.T.);
#3726=EDGE_CURVE('',#3035,#3036,#1341,.T.);
#3727=EDGE_CURVE('',#3037,#3028,#1342,.T.);
#3728=EDGE_CURVE('',#3036,#3037,#1343,.T.);
#3729=EDGE_CURVE('',#3030,#3038,#1344,.T.);
#3730=EDGE_CURVE('',#3037,#3038,#88,.T.);
#3731=EDGE_CURVE('',#3032,#3039,#1345,.T.);
#3732=EDGE_CURVE('',#3038,#3039,#1346,.T.);
#3733=EDGE_CURVE('',#3031,#3016,#1347,.T.);
#3734=EDGE_CURVE('',#3017,#3040,#1348,.T.);
#3735=EDGE_CURVE('',#3040,#3002,#1349,.T.);
#3736=EDGE_CURVE('',#3001,#3041,#1350,.T.);
#3737=EDGE_CURVE('',#3042,#3041,#89,.T.);
#3738=EDGE_CURVE('',#3042,#3043,#1351,.T.);
#3739=EDGE_CURVE('',#3003,#3043,#1352,.T.);
#3740=EDGE_CURVE('',#3003,#3006,#1353,.T.);
#3741=EDGE_CURVE('',#3039,#3013,#1354,.T.);
#3742=EDGE_CURVE('',#3044,#3044,#90,.T.);
#3743=EDGE_CURVE('',#3012,#3038,#1355,.T.);
#3744=EDGE_CURVE('',#3011,#3037,#1356,.T.);
#3745=EDGE_CURVE('',#3010,#3036,#1357,.T.);
#3746=EDGE_CURVE('',#3009,#3035,#1358,.T.);
#3747=EDGE_CURVE('',#3008,#3034,#1359,.T.);
#3748=EDGE_CURVE('',#3007,#3033,#1360,.T.);
#3749=EDGE_CURVE('',#3018,#3045,#1361,.T.);
#3750=EDGE_CURVE('',#2961,#3046,#1362,.T.);
#3751=EDGE_CURVE('',#3046,#3045,#1363,.T.);
#3752=EDGE_CURVE('',#3045,#3047,#1364,.T.);
#3753=EDGE_CURVE('',#3048,#3047,#1365,.T.);
#3754=EDGE_CURVE('',#3048,#3049,#1366,.T.);
#3755=EDGE_CURVE('',#3049,#3050,#1367,.T.);
#3756=EDGE_CURVE('',#3050,#3051,#1368,.T.);
#3757=EDGE_CURVE('',#3051,#3052,#1369,.T.);
#3758=EDGE_CURVE('',#3053,#3052,#1370,.T.);
#3759=EDGE_CURVE('',#3053,#3054,#1371,.T.);
#3760=EDGE_CURVE('',#3055,#3054,#1372,.T.);
#3761=EDGE_CURVE('',#3055,#3040,#1373,.T.);
#3762=EDGE_CURVE('',#3056,#3057,#2857,.T.);
#3763=EDGE_CURVE('',#3057,#2949,#1374,.T.);
#3764=EDGE_CURVE('',#2948,#3056,#1375,.T.);
#3765=EDGE_CURVE('',#3058,#3057,#1376,.T.);
#3766=EDGE_CURVE('',#2950,#3058,#1377,.T.);
#3767=EDGE_CURVE('',#3059,#3060,#2858,.T.);
#3768=EDGE_CURVE('',#3060,#2982,#1378,.T.);
#3769=EDGE_CURVE('',#2981,#3059,#1379,.T.);
#3770=EDGE_CURVE('',#3060,#3061,#1380,.T.);
#3771=EDGE_CURVE('',#3062,#3061,#1381,.T.);
#3772=EDGE_CURVE('',#3063,#3062,#1382,.T.);
#3773=EDGE_CURVE('',#3063,#3064,#1383,.T.);
#3774=EDGE_CURVE('',#3064,#3065,#1384,.T.);
#3775=EDGE_CURVE('',#3066,#3065,#1385,.T.);
#3776=EDGE_CURVE('',#3066,#2983,#1386,.T.);
#3777=EDGE_CURVE('',#3067,#3068,#1387,.T.);
#3778=EDGE_CURVE('',#2956,#3067,#1388,.T.);
#3779=EDGE_CURVE('',#2955,#3068,#1389,.T.);
#3780=EDGE_CURVE('',#2954,#3069,#1390,.T.);
#3781=EDGE_CURVE('',#3070,#3069,#1391,.T.);
#3782=EDGE_CURVE('',#3070,#3071,#1392,.T.);
#3783=EDGE_CURVE('',#3072,#3071,#1393,.T.);
#3784=EDGE_CURVE('',#3050,#3072,#1394,.T.);
#3785=EDGE_CURVE('',#3049,#2957,#1395,.T.);
#3786=EDGE_CURVE('',#3073,#3074,#1396,.T.);
#3787=EDGE_CURVE('',#3074,#3075,#1397,.T.);
#3788=EDGE_CURVE('',#3075,#3076,#1398,.T.);
#3789=EDGE_CURVE('',#3076,#3077,#1399,.T.);
#3790=EDGE_CURVE('',#3078,#3077,#1400,.T.);
#3791=EDGE_CURVE('',#3078,#3073,#1401,.T.);
#3792=EDGE_CURVE('',#2947,#3075,#1402,.T.);
#3793=EDGE_CURVE('',#2946,#3079,#1403,.F.);
#3794=EDGE_CURVE('',#3079,#3076,#1404,.T.);
#3795=EDGE_CURVE('',#3074,#3080,#1405,.T.);
#3796=EDGE_CURVE('',#3080,#3081,#1406,.T.);
#3797=EDGE_CURVE('',#3082,#3081,#1407,.T.);
#3798=EDGE_CURVE('',#3083,#3082,#1408,.T.);
#3799=EDGE_CURVE('',#3083,#3056,#1409,.T.);
#3800=EDGE_CURVE('',#3084,#3073,#1410,.T.);
#3801=EDGE_CURVE('',#3085,#3084,#1411,.T.);
#3802=EDGE_CURVE('',#3085,#3086,#1412,.T.);
#3803=EDGE_CURVE('',#3080,#3086,#1413,.T.);
#3804=EDGE_CURVE('',#3087,#3066,#1414,.T.);
#3805=EDGE_CURVE('',#3065,#3088,#1415,.T.);
#3806=EDGE_CURVE('',#3088,#3089,#1416,.T.);
#3807=EDGE_CURVE('',#3090,#3089,#1417,.T.);
#3808=EDGE_CURVE('',#3090,#3087,#1418,.T.);
#3809=EDGE_CURVE('',#3091,#3088,#1419,.T.);
#3810=EDGE_CURVE('',#3092,#3091,#1420,.T.);
#3811=EDGE_CURVE('',#3092,#3093,#1421,.T.);
#3812=EDGE_CURVE('',#3093,#3094,#1422,.T.);
#3813=EDGE_CURVE('',#3094,#3095,#1423,.T.);
#3814=EDGE_CURVE('',#3095,#3096,#1424,.T.);
#3815=EDGE_CURVE('',#3096,#3097,#1425,.T.);
#3816=EDGE_CURVE('',#3097,#3098,#1426,.T.);
#3817=EDGE_CURVE('',#3098,#3099,#1427,.T.);
#3818=EDGE_CURVE('',#3099,#3100,#1428,.T.);
#3819=EDGE_CURVE('',#3100,#3101,#1429,.T.);
#3820=EDGE_CURVE('',#3101,#3102,#1430,.T.);
#3821=EDGE_CURVE('',#3102,#3089,#1431,.T.);
#3822=EDGE_CURVE('',#3103,#3103,#91,.T.);
#3823=EDGE_CURVE('',#3104,#3104,#92,.T.);
#3824=EDGE_CURVE('',#3105,#3064,#1432,.T.);
#3825=EDGE_CURVE('',#3105,#3106,#1433,.T.);
#3826=EDGE_CURVE('',#3106,#3091,#1434,.F.);
#3827=EDGE_CURVE('',#3107,#3108,#2859,.T.);
#3828=EDGE_CURVE('',#3108,#2987,#1435,.T.);
#3829=EDGE_CURVE('',#2986,#3107,#1436,.T.);
#3830=EDGE_CURVE('',#3108,#3109,#1437,.T.);
#3831=EDGE_CURVE('',#3109,#3110,#1438,.T.);
#3832=EDGE_CURVE('',#2988,#3110,#1439,.T.);
#3833=EDGE_CURVE('',#3111,#3112,#2860,.T.);
#3834=EDGE_CURVE('',#3112,#2944,#1440,.T.);
#3835=EDGE_CURVE('',#2943,#3111,#1441,.T.);
#3836=EDGE_CURVE('',#3112,#3113,#1442,.T.);
#3837=EDGE_CURVE('',#3052,#3113,#1443,.T.);
#3838=EDGE_CURVE('',#3086,#3051,#1444,.T.);
#3839=EDGE_CURVE('',#2945,#3085,#1445,.T.);
#3840=EDGE_CURVE('',#3046,#3114,#1446,.T.);
#3841=EDGE_CURVE('',#3114,#2960,#1447,.T.);
#3842=EDGE_CURVE('',#3047,#2959,#1448,.T.);
#3843=EDGE_CURVE('',#3115,#3116,#1449,.T.);
#3844=EDGE_CURVE('',#3115,#2972,#1450,.T.);
#3845=EDGE_CURVE('',#3117,#3004,#1451,.T.);
#3846=EDGE_CURVE('',#3117,#3116,#1452,.T.);
#3847=EDGE_CURVE('',#3118,#3117,#1453,.T.);
#3848=EDGE_CURVE('',#2973,#3118,#1454,.T.);
#3849=EDGE_CURVE('',#3119,#3120,#2861,.T.);
#3850=EDGE_CURVE('',#3120,#2942,#1455,.T.);
#3851=EDGE_CURVE('',#2941,#3119,#1456,.T.);
#3852=EDGE_CURVE('',#3120,#3121,#1457,.F.);
#3853=EDGE_CURVE('',#3121,#3111,#1458,.T.);
#3854=EDGE_CURVE('',#2997,#3122,#2862,.T.);
#3855=EDGE_CURVE('',#3122,#2940,#1459,.T.);
#3856=EDGE_CURVE('',#3122,#3119,#1460,.T.);
#3857=EDGE_CURVE('',#3110,#3123,#2863,.T.);
#3858=EDGE_CURVE('',#3123,#2989,#1461,.T.);
#3859=EDGE_CURVE('',#3123,#3124,#1462,.T.);
#3860=EDGE_CURVE('',#2990,#3124,#1463,.T.);
#3861=EDGE_CURVE('',#3124,#2932,#2864,.T.);
#3862=EDGE_CURVE('',#3041,#2926,#1464,.T.);
#3863=EDGE_CURVE('',#2936,#3125,#1465,.T.);
#3864=EDGE_CURVE('',#3125,#3126,#1466,.T.);
#3865=EDGE_CURVE('',#3126,#2933,#1467,.T.);
#3866=EDGE_CURVE('',#2930,#3042,#1468,.T.);
#3867=EDGE_CURVE('',#3127,#2929,#1469,.T.);
#3868=EDGE_CURVE('',#3043,#3127,#1470,.T.);
#3869=EDGE_CURVE('',#3128,#3121,#1471,.T.);
#3870=EDGE_CURVE('',#3113,#3128,#1472,.T.);
#3871=EDGE_CURVE('',#3000,#3128,#1473,.T.);
#3872=EDGE_CURVE('',#2999,#3055,#1474,.T.);
#3873=EDGE_CURVE('',#3129,#3129,#93,.T.);
#3874=EDGE_CURVE('',#3014,#3129,#1475,.T.);
#3875=EDGE_CURVE('',#3130,#3130,#94,.T.);
#3876=EDGE_CURVE('',#3130,#3044,#1476,.T.);
#3877=EDGE_CURVE('',#3131,#3127,#1477,.T.);
#3878=EDGE_CURVE('',#3131,#3132,#1478,.T.);
#3879=EDGE_CURVE('',#3133,#3132,#1479,.T.);
#3880=EDGE_CURVE('',#3133,#3134,#1480,.T.);
#3881=EDGE_CURVE('',#3134,#3135,#1481,.T.);
#3882=EDGE_CURVE('',#3135,#3136,#1482,.T.);
#3883=EDGE_CURVE('',#3136,#3137,#1483,.T.);
#3884=EDGE_CURVE('',#3118,#3137,#1484,.T.);
#3885=EDGE_CURVE('',#2992,#3138,#1485,.T.);
#3886=EDGE_CURVE('',#3138,#3138,#95,.T.);
#3887=EDGE_CURVE('',#2991,#3139,#1486,.T.);
#3888=EDGE_CURVE('',#3139,#3139,#96,.T.);
#3889=EDGE_CURVE('',#3084,#3140,#1487,.T.);
#3890=EDGE_CURVE('',#3140,#3141,#1488,.T.);
#3891=EDGE_CURVE('',#3141,#3079,#1489,.T.);
#3892=EDGE_CURVE('',#3137,#2974,#1490,.T.);
#3893=EDGE_CURVE('',#3136,#2975,#1491,.T.);
#3894=EDGE_CURVE('',#3142,#3087,#1492,.T.);
#3895=EDGE_CURVE('',#2984,#3142,#1493,.T.);
#3896=EDGE_CURVE('',#3143,#3142,#1494,.F.);
#3897=EDGE_CURVE('',#3143,#3092,#1495,.T.);
#3898=EDGE_CURVE('',#3106,#2985,#1496,.T.);
#3899=EDGE_CURVE('',#3126,#3144,#1497,.T.);
#3900=EDGE_CURVE('',#3144,#2934,#1498,.T.);
#3901=EDGE_CURVE('',#3144,#3145,#97,.T.);
#3902=EDGE_CURVE('',#2935,#3145,#1499,.T.);
#3903=EDGE_CURVE('',#3145,#3125,#1500,.T.);
#3904=EDGE_CURVE('',#3078,#3146,#1501,.T.);
#3905=EDGE_CURVE('',#3146,#3147,#1502,.T.);
#3906=EDGE_CURVE('',#3147,#3148,#1503,.T.);
#3907=EDGE_CURVE('',#3148,#3149,#1504,.T.);
#3908=EDGE_CURVE('',#3149,#3150,#1505,.T.);
#3909=EDGE_CURVE('',#3150,#3151,#1506,.T.);
#3910=EDGE_CURVE('',#3151,#3152,#1507,.T.);
#3911=EDGE_CURVE('',#3152,#3153,#1508,.T.);
#3912=EDGE_CURVE('',#3153,#3154,#1509,.T.);
#3913=EDGE_CURVE('',#3154,#3155,#1510,.T.);
#3914=EDGE_CURVE('',#3155,#3140,#1511,.T.);
#3915=EDGE_CURVE('',#3156,#3156,#98,.T.);
#3916=EDGE_CURVE('',#3157,#3157,#99,.T.);
#3917=EDGE_CURVE('',#3158,#3159,#1512,.T.);
#3918=EDGE_CURVE('',#3141,#3158,#1513,.T.);
#3919=EDGE_CURVE('',#3160,#3155,#1514,.T.);
#3920=EDGE_CURVE('',#3161,#3160,#1515,.T.);
#3921=EDGE_CURVE('',#3159,#3161,#1516,.T.);
#3922=EDGE_CURVE('',#3162,#3163,#1517,.T.);
#3923=EDGE_CURVE('',#3164,#3162,#1518,.T.);
#3924=EDGE_CURVE('',#3165,#3164,#1519,.T.);
#3925=EDGE_CURVE('',#3165,#3166,#1520,.T.);
#3926=EDGE_CURVE('',#3163,#3166,#2865,.T.);
#3927=EDGE_CURVE('',#3167,#3081,#1521,.T.);
#3928=EDGE_CURVE('',#3167,#3168,#1522,.T.);
#3929=EDGE_CURVE('',#3082,#3168,#1523,.T.);
#3930=EDGE_CURVE('',#3169,#3083,#1524,.T.);
#3931=EDGE_CURVE('',#3169,#3168,#1525,.T.);
#3932=EDGE_CURVE('',#3170,#2953,#1526,.T.);
#3933=EDGE_CURVE('',#3170,#3171,#2866,.F.);
#3934=EDGE_CURVE('',#3171,#3069,#1527,.F.);
#3935=EDGE_CURVE('',#3071,#3172,#1528,.T.);
#3936=EDGE_CURVE('',#3173,#3070,#1529,.T.);
#3937=EDGE_CURVE('',#3174,#3173,#1530,.T.);
#3938=EDGE_CURVE('',#3174,#3175,#1531,.F.);
#3939=EDGE_CURVE('',#3172,#3175,#1532,.T.);
#3940=EDGE_CURVE('',#3172,#3176,#1533,.T.);
#3941=EDGE_CURVE('',#3176,#3072,#1534,.T.);
#3942=EDGE_CURVE('',#3177,#3178,#1535,.T.);
#3943=EDGE_CURVE('',#3178,#3179,#1536,.T.);
#3944=EDGE_CURVE('',#3179,#3180,#1537,.T.);
#3945=EDGE_CURVE('',#3180,#3177,#1538,.T.);
#3946=EDGE_CURVE('',#3181,#3177,#1539,.T.);
#3947=EDGE_CURVE('',#3182,#3181,#1540,.T.);
#3948=EDGE_CURVE('',#3183,#3182,#1541,.T.);
#3949=EDGE_CURVE('',#3184,#3183,#1542,.T.);
#3950=EDGE_CURVE('',#3178,#3184,#1543,.T.);
#3951=EDGE_CURVE('',#3185,#2976,#1544,.T.);
#3952=EDGE_CURVE('',#3186,#3185,#1545,.T.);
#3953=EDGE_CURVE('',#3187,#3186,#2867,.T.);
#3954=EDGE_CURVE('',#2977,#3187,#1546,.T.);
#3955=EDGE_CURVE('',#3188,#3062,#1547,.T.);
#3956=EDGE_CURVE('',#3189,#3188,#1548,.T.);
#3957=EDGE_CURVE('',#3063,#3189,#1549,.T.);
#3958=EDGE_CURVE('',#3190,#3191,#1550,.T.);
#3959=EDGE_CURVE('',#3192,#3190,#1551,.T.);
#3960=EDGE_CURVE('',#3193,#3192,#1552,.T.);
#3961=EDGE_CURVE('',#3193,#3093,#1553,.T.);
#3962=EDGE_CURVE('',#3191,#3143,#1554,.T.);
#3963=EDGE_CURVE('',#3194,#3195,#1555,.T.);
#3964=EDGE_CURVE('',#3196,#3194,#1556,.T.);
#3965=EDGE_CURVE('',#3197,#3196,#2868,.T.);
#3966=EDGE_CURVE('',#3198,#3197,#1557,.T.);
#3967=EDGE_CURVE('',#3195,#3198,#1558,.T.);
#3968=EDGE_CURVE('',#3199,#3200,#1559,.T.);
#3969=EDGE_CURVE('',#3200,#3201,#1560,.T.);
#3970=EDGE_CURVE('',#3201,#3202,#1561,.T.);
#3971=EDGE_CURVE('',#3202,#3199,#1562,.T.);
#3972=EDGE_CURVE('',#3203,#3204,#1563,.T.);
#3973=EDGE_CURVE('',#3204,#3205,#1564,.T.);
#3974=EDGE_CURVE('',#3205,#3206,#1565,.T.);
#3975=EDGE_CURVE('',#3207,#3206,#1566,.T.);
#3976=EDGE_CURVE('',#3208,#3207,#1567,.T.);
#3977=EDGE_CURVE('',#3208,#3202,#1568,.T.);
#3978=EDGE_CURVE('',#3202,#3203,#1569,.T.);
#3979=EDGE_CURVE('',#3209,#3210,#1570,.T.);
#3980=EDGE_CURVE('',#3211,#3210,#2869,.T.);
#3981=EDGE_CURVE('',#3211,#3212,#1571,.T.);
#3982=EDGE_CURVE('',#3212,#3213,#1572,.T.);
#3983=EDGE_CURVE('',#3213,#3208,#1573,.T.);
#3984=EDGE_CURVE('',#3207,#3209,#1574,.T.);
#3985=EDGE_CURVE('',#3214,#3215,#1575,.T.);
#3986=EDGE_CURVE('',#3215,#3216,#1576,.T.);
#3987=EDGE_CURVE('',#3216,#3217,#1577,.T.);
#3988=EDGE_CURVE('',#3180,#3217,#1578,.T.);
#3989=EDGE_CURVE('',#3180,#3213,#1579,.T.);
#3990=EDGE_CURVE('',#3213,#3214,#1580,.T.);
#3991=EDGE_CURVE('',#3218,#3219,#1581,.T.);
#3992=EDGE_CURVE('',#3220,#3219,#1582,.T.);
#3993=EDGE_CURVE('',#3220,#3221,#1583,.T.);
#3994=EDGE_CURVE('',#3218,#3221,#1584,.T.);
#3995=EDGE_CURVE('',#3222,#3223,#1585,.T.);
#3996=EDGE_CURVE('',#3222,#3224,#1586,.T.);
#3997=EDGE_CURVE('',#3102,#3224,#1587,.T.);
#3998=EDGE_CURVE('',#3225,#3101,#1588,.T.);
#3999=EDGE_CURVE('',#3225,#3223,#1589,.T.);
#4000=EDGE_CURVE('',#3100,#3226,#1590,.T.);
#4001=EDGE_CURVE('',#3226,#3225,#1591,.T.);
#4002=EDGE_CURVE('',#3227,#3228,#1592,.T.);
#4003=EDGE_CURVE('',#3229,#3227,#1593,.T.);
#4004=EDGE_CURVE('',#3230,#3229,#1594,.T.);
#4005=EDGE_CURVE('',#3228,#3230,#1595,.F.);
#4006=EDGE_CURVE('',#3231,#3097,#1596,.T.);
#4007=EDGE_CURVE('',#3096,#3232,#1597,.T.);
#4008=EDGE_CURVE('',#3232,#3231,#1598,.T.);
#4009=EDGE_CURVE('',#3233,#3234,#1599,.T.);
#4010=EDGE_CURVE('',#3235,#3233,#1600,.T.);
#4011=EDGE_CURVE('',#3236,#3235,#1601,.T.);
#4012=EDGE_CURVE('',#3234,#3236,#1602,.T.);
#4013=EDGE_CURVE('',#3237,#3238,#1603,.T.);
#4014=EDGE_CURVE('',#3238,#3236,#100,.T.);
#4015=EDGE_CURVE('',#3237,#3235,#2870,.T.);
#4016=EDGE_CURVE('',#3239,#3237,#1604,.T.);
#4017=EDGE_CURVE('',#3240,#3239,#1605,.T.);
#4018=EDGE_CURVE('',#3241,#3240,#1606,.T.);
#4019=EDGE_CURVE('',#3241,#3238,#1607,.T.);
#4020=EDGE_CURVE('',#3240,#3242,#101,.T.);
#4021=EDGE_CURVE('',#3242,#3243,#1608,.T.);
#4022=EDGE_CURVE('',#3243,#3241,#102,.T.);
#4023=EDGE_CURVE('',#3244,#3245,#1609,.T.);
#4024=EDGE_CURVE('',#3244,#3243,#1610,.T.);
#4025=EDGE_CURVE('',#3246,#3242,#1611,.T.);
#4026=EDGE_CURVE('',#3246,#3247,#1612,.T.);
#4027=EDGE_CURVE('',#3247,#3248,#1613,.T.);
#4028=EDGE_CURVE('',#3248,#3249,#1614,.T.);
#4029=EDGE_CURVE('',#3245,#3249,#1615,.T.);
#4030=EDGE_CURVE('',#3245,#3250,#103,.T.);
#4031=EDGE_CURVE('',#3250,#3251,#1616,.T.);
#4032=EDGE_CURVE('',#3251,#3244,#104,.T.);
#4033=EDGE_CURVE('',#3252,#3253,#1617,.T.);
#4034=EDGE_CURVE('',#3252,#3251,#1618,.T.);
#4035=EDGE_CURVE('',#3254,#3250,#1619,.T.);
#4036=EDGE_CURVE('',#3253,#3254,#1620,.T.);
#4037=EDGE_CURVE('',#3255,#3256,#1621,.T.);
#4038=EDGE_CURVE('',#3256,#3252,#105,.T.);
#4039=EDGE_CURVE('',#3253,#3255,#2871,.T.);
#4040=EDGE_CURVE('',#3257,#3255,#1622,.T.);
#4041=EDGE_CURVE('',#3258,#3257,#1623,.T.);
#4042=EDGE_CURVE('',#3256,#3258,#1624,.T.);
#4043=EDGE_CURVE('',#3259,#3260,#1625,.T.);
#4044=EDGE_CURVE('',#3259,#3261,#1626,.T.);
#4045=EDGE_CURVE('',#3262,#3261,#1627,.T.);
#4046=EDGE_CURVE('',#3263,#3262,#1628,.F.);
#4047=EDGE_CURVE('',#3263,#3264,#1629,.T.);
#4048=EDGE_CURVE('',#3258,#3264,#1630,.T.);
#4049=EDGE_CURVE('',#3260,#3257,#1631,.T.);
#4050=EDGE_CURVE('',#3198,#3263,#1632,.T.);
#4051=EDGE_CURVE('',#3265,#3197,#1633,.T.);
#4052=EDGE_CURVE('',#3266,#3265,#1634,.T.);
#4053=EDGE_CURVE('',#3193,#3266,#1635,.T.);
#4054=EDGE_CURVE('',#3264,#3193,#1636,.T.);
#4055=EDGE_CURVE('',#3193,#3160,#1637,.T.);
#4056=EDGE_CURVE('',#3161,#3192,#1638,.T.);
#4057=EDGE_CURVE('',#3267,#3165,#1639,.T.);
#4058=EDGE_CURVE('',#3268,#3267,#1640,.F.);
#4059=EDGE_CURVE('',#3160,#3268,#1641,.T.);
#4060=EDGE_CURVE('',#3269,#3160,#1642,.T.);
#4061=EDGE_CURVE('',#3270,#3269,#1643,.T.);
#4062=EDGE_CURVE('',#3166,#3270,#1644,.T.);
#4063=EDGE_CURVE('',#3271,#3272,#1645,.T.);
#4064=EDGE_CURVE('',#3273,#3271,#1646,.T.);
#4065=EDGE_CURVE('',#3274,#3273,#1647,.T.);
#4066=EDGE_CURVE('',#3275,#3274,#1648,.T.);
#4067=EDGE_CURVE('',#3276,#3275,#1649,.T.);
#4068=EDGE_CURVE('',#3268,#3276,#1650,.T.);
#4069=EDGE_CURVE('',#3272,#3267,#1651,.F.);
#4070=EDGE_CURVE('',#3277,#3278,#1652,.T.);
#4071=EDGE_CURVE('',#3276,#3277,#1653,.T.);
#4072=EDGE_CURVE('',#3278,#3275,#1654,.T.);
#4073=EDGE_CURVE('',#3279,#3280,#1655,.T.);
#4074=EDGE_CURVE('',#3280,#3277,#106,.T.);
#4075=EDGE_CURVE('',#3279,#3278,#2872,.T.);
#4076=EDGE_CURVE('',#3281,#3279,#1656,.T.);
#4077=EDGE_CURVE('',#3282,#3281,#1657,.T.);
#4078=EDGE_CURVE('',#3283,#3282,#1658,.T.);
#4079=EDGE_CURVE('',#3283,#3280,#1659,.T.);
#4080=EDGE_CURVE('',#3282,#3284,#107,.T.);
#4081=EDGE_CURVE('',#3284,#3285,#1660,.T.);
#4082=EDGE_CURVE('',#3285,#3283,#108,.T.);
#4083=EDGE_CURVE('',#3286,#3287,#1661,.T.);
#4084=EDGE_CURVE('',#3286,#3285,#1662,.T.);
#4085=EDGE_CURVE('',#3288,#3284,#1663,.T.);
#4086=EDGE_CURVE('',#3288,#3289,#1664,.T.);
#4087=EDGE_CURVE('',#3289,#3290,#1665,.T.);
#4088=EDGE_CURVE('',#3290,#3291,#1666,.T.);
#4089=EDGE_CURVE('',#3287,#3291,#1667,.T.);
#4090=EDGE_CURVE('',#3287,#3292,#109,.T.);
#4091=EDGE_CURVE('',#3292,#3293,#1668,.T.);
#4092=EDGE_CURVE('',#3293,#3286,#110,.T.);
#4093=EDGE_CURVE('',#3294,#3295,#1669,.T.);
#4094=EDGE_CURVE('',#3294,#3293,#1670,.T.);
#4095=EDGE_CURVE('',#3296,#3292,#1671,.T.);
#4096=EDGE_CURVE('',#3295,#3296,#1672,.T.);
#4097=EDGE_CURVE('',#3297,#3298,#1673,.T.);
#4098=EDGE_CURVE('',#3298,#3294,#111,.T.);
#4099=EDGE_CURVE('',#3295,#3297,#2873,.T.);
#4100=EDGE_CURVE('',#3299,#3300,#1674,.T.);
#4101=EDGE_CURVE('',#3299,#3301,#1675,.T.);
#4102=EDGE_CURVE('',#3301,#3302,#1676,.T.);
#4103=EDGE_CURVE('',#3303,#3302,#1677,.T.);
#4104=EDGE_CURVE('',#3303,#3304,#1678,.T.);
#4105=EDGE_CURVE('',#3153,#3304,#1679,.T.);
#4106=EDGE_CURVE('',#3305,#3152,#1680,.T.);
#4107=EDGE_CURVE('',#3305,#3306,#1681,.T.);
#4108=EDGE_CURVE('',#3307,#3306,#1682,.T.);
#4109=EDGE_CURVE('',#3300,#3307,#1683,.T.);
#4110=EDGE_CURVE('',#3151,#3308,#1684,.T.);
#4111=EDGE_CURVE('',#3308,#3305,#1685,.T.);
#4112=EDGE_CURVE('',#3309,#3310,#1686,.T.);
#4113=EDGE_CURVE('',#3311,#3309,#1687,.T.);
#4114=EDGE_CURVE('',#3312,#3311,#1688,.T.);
#4115=EDGE_CURVE('',#3310,#3312,#1689,.F.);
#4116=EDGE_CURVE('',#3313,#3148,#1690,.T.);
#4117=EDGE_CURVE('',#3147,#3314,#1691,.T.);
#4118=EDGE_CURVE('',#3314,#3313,#1692,.T.);
#4119=EDGE_CURVE('',#3315,#3316,#1693,.T.);
#4120=EDGE_CURVE('',#3315,#3314,#1694,.T.);
#4121=EDGE_CURVE('',#3317,#3146,#1695,.T.);
#4122=EDGE_CURVE('',#3317,#3318,#1696,.T.);
#4123=EDGE_CURVE('',#3319,#3318,#1697,.T.);
#4124=EDGE_CURVE('',#3319,#3320,#1698,.T.);
#4125=EDGE_CURVE('',#3316,#3320,#1699,.F.);
#4126=EDGE_CURVE('',#3321,#3322,#1700,.T.);
#4127=EDGE_CURVE('',#3321,#3323,#1701,.T.);
#4128=EDGE_CURVE('',#3323,#3324,#1702,.T.);
#4129=EDGE_CURVE('',#3322,#3324,#1703,.T.);
#4130=EDGE_CURVE('',#3325,#3326,#1704,.T.);
#4131=EDGE_CURVE('',#3326,#3327,#1705,.T.);
#4132=EDGE_CURVE('',#3327,#3328,#1706,.T.);
#4133=EDGE_CURVE('',#3329,#3328,#1707,.T.);
#4134=EDGE_CURVE('',#3329,#3176,#1708,.T.);
#4135=EDGE_CURVE('',#3176,#3325,#1709,.T.);
#4136=EDGE_CURVE('',#3330,#3331,#1710,.T.);
#4137=EDGE_CURVE('',#3331,#3332,#1711,.T.);
#4138=EDGE_CURVE('',#3332,#3333,#1712,.T.);
#4139=EDGE_CURVE('',#3333,#3329,#1713,.T.);
#4140=EDGE_CURVE('',#3329,#3334,#1714,.T.);
#4141=EDGE_CURVE('',#3334,#3335,#1715,.T.);
#4142=EDGE_CURVE('',#3330,#3335,#2874,.T.);
#4143=EDGE_CURVE('',#3336,#3337,#1716,.T.);
#4144=EDGE_CURVE('',#3338,#3337,#1717,.T.);
#4145=EDGE_CURVE('',#3338,#3333,#1718,.T.);
#4146=EDGE_CURVE('',#3332,#3339,#1719,.T.);
#4147=EDGE_CURVE('',#3339,#3340,#1720,.T.);
#4148=EDGE_CURVE('',#3340,#3336,#1721,.T.);
#4149=EDGE_CURVE('',#3341,#3338,#1722,.T.);
#4150=EDGE_CURVE('',#3338,#3342,#1723,.T.);
#4151=EDGE_CURVE('',#3342,#3343,#1724,.T.);
#4152=EDGE_CURVE('',#3341,#3343,#1725,.T.);
#4153=EDGE_CURVE('',#3199,#3341,#1726,.T.);
#4154=EDGE_CURVE('',#3343,#3344,#1727,.T.);
#4155=EDGE_CURVE('',#3345,#3344,#2875,.T.);
#4156=EDGE_CURVE('',#3345,#3346,#1728,.T.);
#4157=EDGE_CURVE('',#3347,#3346,#2876,.T.);
#4158=EDGE_CURVE('',#3347,#3200,#1729,.T.);
#4159=EDGE_CURVE('',#3348,#3348,#112,.T.);
#4160=EDGE_CURVE('',#3348,#3349,#1730,.T.);
#4161=EDGE_CURVE('',#3349,#3349,#113,.T.);
#4162=EDGE_CURVE('',#3350,#3350,#114,.T.);
#4163=EDGE_CURVE('',#3350,#3351,#1731,.T.);
#4164=EDGE_CURVE('',#3351,#3351,#115,.T.);
#4165=EDGE_CURVE('',#3352,#3352,#116,.T.);
#4166=EDGE_CURVE('',#3352,#3353,#1732,.T.);
#4167=EDGE_CURVE('',#3353,#3353,#117,.T.);
#4168=EDGE_CURVE('',#3354,#3354,#118,.T.);
#4169=EDGE_CURVE('',#3354,#3355,#1733,.T.);
#4170=EDGE_CURVE('',#3355,#3355,#119,.T.);
#4171=EDGE_CURVE('',#3356,#3154,#1734,.T.);
#4172=EDGE_CURVE('',#3357,#3356,#2877,.T.);
#4173=EDGE_CURVE('',#3269,#3357,#1735,.T.);
#4174=EDGE_CURVE('',#3358,#3359,#1736,.T.);
#4175=EDGE_CURVE('',#3360,#3358,#1737,.T.);
#4176=EDGE_CURVE('',#3360,#3361,#1738,.T.);
#4177=EDGE_CURVE('',#3356,#3361,#1739,.T.);
#4178=EDGE_CURVE('',#3150,#3153,#1740,.T.);
#4179=EDGE_CURVE('',#3146,#3149,#1741,.T.);
#4180=EDGE_CURVE('',#3359,#3077,#1742,.T.);
#4181=EDGE_CURVE('',#3362,#3163,#1743,.T.);
#4182=EDGE_CURVE('',#3361,#3362,#2878,.T.);
#4183=EDGE_CURVE('',#3162,#3360,#1744,.T.);
#4184=EDGE_CURVE('',#3164,#3363,#1745,.T.);
#4185=EDGE_CURVE('',#3358,#3363,#120,.F.);
#4186=EDGE_CURVE('',#3267,#3364,#1746,.F.);
#4187=EDGE_CURVE('',#3363,#3364,#2879,.F.);
#4188=EDGE_CURVE('',#3270,#3365,#2880,.T.);
#4189=EDGE_CURVE('',#3365,#3362,#1243,.F.);
#4190=EDGE_CURVE('',#3366,#3159,#2881,.T.);
#4191=EDGE_CURVE('',#3366,#3367,#1747,.T.);
#4192=EDGE_CURVE('',#3367,#3158,#121,.T.);
#4193=EDGE_CURVE('',#3190,#3368,#2882,.T.);
#4194=EDGE_CURVE('',#3368,#3366,#1748,.T.);
#4195=EDGE_CURVE('',#3369,#3369,#122,.T.);
#4196=EDGE_CURVE('',#3369,#3370,#1749,.T.);
#4197=EDGE_CURVE('',#3370,#3370,#123,.T.);
#4198=EDGE_CURVE('',#3371,#3371,#124,.T.);
#4199=EDGE_CURVE('',#3371,#3372,#1750,.T.);
#4200=EDGE_CURVE('',#3372,#3372,#125,.T.);
#4201=EDGE_CURVE('',#3373,#3373,#126,.T.);
#4202=EDGE_CURVE('',#3373,#3374,#1751,.T.);
#4203=EDGE_CURVE('',#3374,#3374,#127,.T.);
#4204=EDGE_CURVE('',#3375,#3375,#128,.T.);
#4205=EDGE_CURVE('',#3375,#3376,#1752,.T.);
#4206=EDGE_CURVE('',#3376,#3376,#129,.T.);
#4207=EDGE_CURVE('',#3377,#3377,#130,.T.);
#4208=EDGE_CURVE('',#3377,#3378,#1753,.T.);
#4209=EDGE_CURVE('',#3378,#3378,#131,.T.);
#4210=EDGE_CURVE('',#3379,#3379,#132,.T.);
#4211=EDGE_CURVE('',#3379,#3380,#1754,.T.);
#4212=EDGE_CURVE('',#3380,#3380,#133,.T.);
#4213=EDGE_CURVE('',#3381,#3381,#134,.T.);
#4214=EDGE_CURVE('',#3381,#3382,#1755,.T.);
#4215=EDGE_CURVE('',#3382,#3382,#135,.T.);
#4216=EDGE_CURVE('',#3383,#3383,#136,.T.);
#4217=EDGE_CURVE('',#3383,#3384,#1756,.T.);
#4218=EDGE_CURVE('',#3384,#3384,#137,.T.);
#4219=EDGE_CURVE('',#3385,#3386,#1757,.T.);
#4220=EDGE_CURVE('',#3387,#3385,#1758,.T.);
#4221=EDGE_CURVE('',#3388,#3387,#1759,.T.);
#4222=EDGE_CURVE('',#3386,#3388,#1760,.F.);
#4223=EDGE_CURVE('',#3389,#3390,#1761,.T.);
#4224=EDGE_CURVE('',#3390,#3391,#1762,.F.);
#4225=EDGE_CURVE('',#3391,#3392,#1763,.T.);
#4226=EDGE_CURVE('',#3389,#3392,#1764,.T.);
#4227=EDGE_CURVE('',#3274,#3393,#2883,.T.);
#4228=EDGE_CURVE('',#3273,#3394,#138,.T.);
#4229=EDGE_CURVE('',#3394,#3393,#1765,.T.);
#4230=EDGE_CURVE('',#3395,#3271,#139,.T.);
#4231=EDGE_CURVE('',#3272,#3396,#140,.F.);
#4232=EDGE_CURVE('',#3396,#3395,#1766,.T.);
#4233=EDGE_CURVE('',#3397,#3398,#1767,.T.);
#4234=EDGE_CURVE('',#3395,#3397,#1768,.T.);
#4235=EDGE_CURVE('',#3398,#3396,#1769,.T.);
#4236=EDGE_CURVE('',#3399,#3398,#141,.T.);
#4237=EDGE_CURVE('',#3399,#3400,#1770,.T.);
#4238=EDGE_CURVE('',#3400,#3397,#142,.T.);
#4239=EDGE_CURVE('',#3401,#3399,#1771,.T.);
#4240=EDGE_CURVE('',#3402,#3401,#1772,.T.);
#4241=EDGE_CURVE('',#3400,#3402,#1773,.T.);
#4242=EDGE_CURVE('',#3403,#3401,#143,.T.);
#4243=EDGE_CURVE('',#3403,#3404,#1774,.T.);
#4244=EDGE_CURVE('',#3404,#3402,#144,.T.);
#4245=EDGE_CURVE('',#3405,#3364,#1775,.T.);
#4246=EDGE_CURVE('',#3405,#3404,#1776,.T.);
#4247=EDGE_CURVE('',#3267,#3403,#1777,.F.);
#4248=EDGE_CURVE('',#3359,#3405,#145,.T.);
#4249=EDGE_CURVE('',#3406,#3368,#1778,.T.);
#4250=EDGE_CURVE('',#3367,#3406,#1779,.T.);
#4251=EDGE_CURVE('',#3191,#3406,#146,.T.);
#4252=EDGE_CURVE('',#3407,#3408,#1780,.T.);
#4253=EDGE_CURVE('',#3407,#3409,#1781,.T.);
#4254=EDGE_CURVE('',#3410,#3409,#1782,.T.);
#4255=EDGE_CURVE('',#3411,#3410,#1783,.T.);
#4256=EDGE_CURVE('',#3411,#3090,#1784,.T.);
#4257=EDGE_CURVE('',#3099,#3102,#1785,.T.);
#4258=EDGE_CURVE('',#3095,#3098,#1786,.T.);
#4259=EDGE_CURVE('',#3094,#3408,#1787,.T.);
#4260=EDGE_CURVE('',#3412,#3413,#2884,.F.);
#4261=EDGE_CURVE('',#3412,#3414,#1788,.T.);
#4262=EDGE_CURVE('',#3414,#3411,#147,.T.);
#4263=EDGE_CURVE('',#3413,#3410,#148,.F.);
#4264=EDGE_CURVE('',#3263,#3412,#1789,.T.);
#4265=EDGE_CURVE('',#3415,#3263,#1790,.F.);
#4266=EDGE_CURVE('',#3416,#3415,#1791,.T.);
#4267=EDGE_CURVE('',#3414,#3416,#1792,.T.);
#4268=EDGE_CURVE('',#3417,#3415,#149,.T.);
#4269=EDGE_CURVE('',#3417,#3418,#1793,.T.);
#4270=EDGE_CURVE('',#3418,#3416,#150,.T.);
#4271=EDGE_CURVE('',#3419,#3420,#1794,.T.);
#4272=EDGE_CURVE('',#3418,#3419,#1795,.T.);
#4273=EDGE_CURVE('',#3420,#3417,#1796,.T.);
#4274=EDGE_CURVE('',#3421,#3420,#151,.T.);
#4275=EDGE_CURVE('',#3421,#3422,#1797,.T.);
#4276=EDGE_CURVE('',#3422,#3419,#152,.T.);
#4277=EDGE_CURVE('',#3423,#3421,#1798,.T.);
#4278=EDGE_CURVE('',#3424,#3423,#1799,.T.);
#4279=EDGE_CURVE('',#3424,#3422,#1800,.T.);
#4280=EDGE_CURVE('',#3261,#3424,#153,.T.);
#4281=EDGE_CURVE('',#3423,#3262,#154,.F.);
#4282=EDGE_CURVE('',#3425,#3260,#2885,.T.);
#4283=EDGE_CURVE('',#3425,#3426,#1801,.T.);
#4284=EDGE_CURVE('',#3426,#3259,#155,.T.);
#4285=EDGE_CURVE('',#3427,#3428,#1802,.T.);
#4286=EDGE_CURVE('',#3429,#3427,#1803,.T.);
#4287=EDGE_CURVE('',#3426,#3429,#1804,.T.);
#4288=EDGE_CURVE('',#3425,#3430,#1805,.F.);
#4289=EDGE_CURVE('',#3430,#3431,#2886,.T.);
#4290=EDGE_CURVE('',#3431,#3432,#1806,.T.);
#4291=EDGE_CURVE('',#3432,#3433,#2887,.T.);
#4292=EDGE_CURVE('',#3433,#3434,#1807,.F.);
#4293=EDGE_CURVE('',#3428,#3434,#1808,.T.);
#4294=EDGE_CURVE('',#3427,#3435,#1809,.F.);
#4295=EDGE_CURVE('',#3436,#3435,#1810,.F.);
#4296=EDGE_CURVE('',#3429,#3436,#1811,.T.);
#4297=EDGE_CURVE('',#3183,#3437,#1812,.T.);
#4298=EDGE_CURVE('',#3438,#3182,#1813,.T.);
#4299=EDGE_CURVE('',#3439,#3438,#1814,.T.);
#4300=EDGE_CURVE('',#3439,#3440,#1815,.F.);
#4301=EDGE_CURVE('',#3440,#3437,#1816,.F.);
#4302=EDGE_CURVE('',#3441,#3211,#1817,.T.);
#4303=EDGE_CURVE('',#3437,#3441,#1818,.T.);
#4304=EDGE_CURVE('',#3212,#3440,#1819,.T.);
#4305=EDGE_CURVE('',#3442,#3441,#156,.T.);
#4306=EDGE_CURVE('',#3210,#3443,#2888,.T.);
#4307=EDGE_CURVE('',#3443,#3442,#1820,.T.);
#4308=EDGE_CURVE('',#3444,#3347,#1821,.T.);
#4309=EDGE_CURVE('',#3442,#3444,#1822,.T.);
#4310=EDGE_CURVE('',#3445,#3443,#1823,.T.);
#4311=EDGE_CURVE('',#3446,#3445,#1824,.T.);
#4312=EDGE_CURVE('',#3446,#3447,#1825,.T.);
#4313=EDGE_CURVE('',#3201,#3447,#1826,.T.);
#4314=EDGE_CURVE('',#3448,#3444,#157,.T.);
#4315=EDGE_CURVE('',#3346,#3448,#1827,.T.);
#4316=EDGE_CURVE('',#3449,#3345,#1828,.T.);
#4317=EDGE_CURVE('',#3448,#3449,#1829,.T.);
#4318=EDGE_CURVE('',#3450,#3449,#158,.T.);
#4319=EDGE_CURVE('',#3344,#3450,#1830,.T.);
#4320=EDGE_CURVE('',#3451,#3342,#1831,.T.);
#4321=EDGE_CURVE('',#3451,#3452,#1832,.T.);
#4322=EDGE_CURVE('',#3453,#3452,#1833,.T.);
#4323=EDGE_CURVE('',#3454,#3453,#1834,.T.);
#4324=EDGE_CURVE('',#3455,#3454,#1835,.T.);
#4325=EDGE_CURVE('',#3450,#3455,#1836,.T.);
#4326=EDGE_CURVE('',#3456,#3455,#159,.T.);
#4327=EDGE_CURVE('',#3454,#3330,#2889,.T.);
#4328=EDGE_CURVE('',#3335,#3456,#1837,.T.);
#4329=EDGE_CURVE('',#3334,#3457,#1838,.F.);
#4330=EDGE_CURVE('',#3457,#3458,#1839,.T.);
#4331=EDGE_CURVE('',#3456,#3458,#1840,.T.);
#4332=EDGE_CURVE('',#3458,#3173,#1841,.T.);
#4333=EDGE_CURVE('',#3459,#3457,#1842,.T.);
#4334=EDGE_CURVE('',#3460,#3459,#1843,.T.);
#4335=EDGE_CURVE('',#3460,#3174,#1844,.F.);
#4336=EDGE_CURVE('',#3325,#3175,#1845,.T.);
#4337=EDGE_CURVE('',#3460,#3326,#1846,.T.);
#4338=EDGE_CURVE('',#3181,#3217,#1847,.T.);
#4339=EDGE_CURVE('',#3216,#3438,#1848,.T.);
#4340=EDGE_CURVE('',#3461,#3266,#1849,.T.);
#4341=EDGE_CURVE('',#3408,#3461,#2890,.T.);
#4342=EDGE_CURVE('',#3413,#3195,#1850,.T.);
#4343=EDGE_CURVE('',#3409,#3194,#1851,.T.);
#4344=EDGE_CURVE('',#3196,#3462,#1852,.T.);
#4345=EDGE_CURVE('',#3407,#3462,#2891,.F.);
#4346=EDGE_CURVE('',#3463,#3265,#2892,.T.);
#4347=EDGE_CURVE('',#3463,#3462,#1244,.T.);
#4348=EDGE_CURVE('',#3203,#3201,#1853,.T.);
#4349=EDGE_CURVE('',#3447,#3204,#1854,.T.);
#4350=EDGE_CURVE('',#3205,#3446,#1855,.T.);
#4351=EDGE_CURVE('',#3445,#3206,#1856,.T.);
#4352=EDGE_CURVE('',#3209,#3445,#1857,.T.);
#4353=EDGE_CURVE('',#3214,#3212,#1858,.T.);
#4354=EDGE_CURVE('',#3439,#3215,#1859,.T.);
#4355=EDGE_CURVE('',#3464,#3435,#160,.T.);
#4356=EDGE_CURVE('',#3465,#3428,#161,.T.);
#4357=EDGE_CURVE('',#3465,#3466,#1860,.F.);
#4358=EDGE_CURVE('',#3467,#3466,#1861,.T.);
#4359=EDGE_CURVE('',#3468,#3467,#1862,.T.);
#4360=EDGE_CURVE('',#3228,#3468,#162,.T.);
#4361=EDGE_CURVE('',#3469,#3230,#163,.T.);
#4362=EDGE_CURVE('',#3470,#3469,#1863,.T.);
#4363=EDGE_CURVE('',#3224,#3470,#1864,.T.);
#4364=EDGE_CURVE('',#3471,#3222,#2893,.T.);
#4365=EDGE_CURVE('',#3471,#3472,#164,.T.);
#4366=EDGE_CURVE('',#3464,#3472,#1865,.T.);
#4367=EDGE_CURVE('',#3470,#3099,#1866,.T.);
#4368=EDGE_CURVE('',#3466,#3095,#1867,.T.);
#4369=EDGE_CURVE('',#3098,#3467,#1868,.T.);
#4370=EDGE_CURVE('',#3434,#3233,#1869,.T.);
#4371=EDGE_CURVE('',#3235,#3433,#1870,.T.);
#4372=EDGE_CURVE('',#3239,#3432,#2894,.F.);
#4373=EDGE_CURVE('',#3249,#3473,#1871,.T.);
#4374=EDGE_CURVE('',#3473,#3474,#165,.T.);
#4375=EDGE_CURVE('',#3474,#3246,#1872,.T.);
#4376=EDGE_CURVE('',#3254,#3431,#2895,.T.);
#4377=EDGE_CURVE('',#3474,#3475,#1873,.T.);
#4378=EDGE_CURVE('',#3475,#3247,#1874,.T.);
#4379=EDGE_CURVE('',#3476,#3475,#166,.T.);
#4380=EDGE_CURVE('',#3248,#3476,#1875,.T.);
#4381=EDGE_CURVE('',#3473,#3476,#1876,.T.);
#4382=EDGE_CURVE('',#3430,#3255,#1877,.T.);
#4383=EDGE_CURVE('',#3461,#3463,#1878,.T.);
#4384=EDGE_CURVE('',#3365,#3357,#1879,.T.);
#4385=EDGE_CURVE('',#3278,#3477,#1880,.T.);
#4386=EDGE_CURVE('',#3477,#3393,#1881,.F.);
#4387=EDGE_CURVE('',#3478,#3477,#2896,.T.);
#4388=EDGE_CURVE('',#3281,#3478,#2897,.F.);
#4389=EDGE_CURVE('',#3291,#3479,#1882,.T.);
#4390=EDGE_CURVE('',#3479,#3480,#167,.T.);
#4391=EDGE_CURVE('',#3480,#3288,#1883,.T.);
#4392=EDGE_CURVE('',#3481,#3478,#1884,.T.);
#4393=EDGE_CURVE('',#3296,#3481,#2898,.T.);
#4394=EDGE_CURVE('',#3480,#3482,#1885,.T.);
#4395=EDGE_CURVE('',#3482,#3289,#1886,.T.);
#4396=EDGE_CURVE('',#3483,#3482,#168,.T.);
#4397=EDGE_CURVE('',#3290,#3483,#1887,.T.);
#4398=EDGE_CURVE('',#3479,#3483,#1888,.T.);
#4399=EDGE_CURVE('',#3484,#3481,#2899,.T.);
#4400=EDGE_CURVE('',#3484,#3297,#1889,.T.);
#4401=EDGE_CURVE('',#3485,#3303,#1890,.T.);
#4402=EDGE_CURVE('',#3486,#3485,#1891,.T.);
#4403=EDGE_CURVE('',#3304,#3486,#1892,.T.);
#4404=EDGE_CURVE('',#3486,#3150,#1893,.T.);
#4405=EDGE_CURVE('',#3390,#3386,#169,.T.);
#4406=EDGE_CURVE('',#3487,#3388,#170,.F.);
#4407=EDGE_CURVE('',#3316,#3487,#2900,.T.);
#4408=EDGE_CURVE('',#3320,#3488,#1894,.T.);
#4409=EDGE_CURVE('',#3489,#3488,#1895,.T.);
#4410=EDGE_CURVE('',#3310,#3489,#171,.T.);
#4411=EDGE_CURVE('',#3490,#3312,#172,.T.);
#4412=EDGE_CURVE('',#3491,#3490,#1896,.T.);
#4413=EDGE_CURVE('',#3491,#3301,#1897,.T.);
#4414=EDGE_CURVE('',#3492,#3299,#173,.T.);
#4415=EDGE_CURVE('',#3492,#3391,#1898,.T.);
#4416=EDGE_CURVE('',#3493,#3493,#174,.T.);
#4417=EDGE_CURVE('',#3494,#3494,#175,.T.);
#4418=EDGE_CURVE('',#3302,#3495,#1899,.T.);
#4419=EDGE_CURVE('',#3495,#3491,#1900,.T.);
#4420=EDGE_CURVE('',#3495,#3485,#1901,.T.);
#4421=EDGE_CURVE('',#3318,#3496,#1902,.T.);
#4422=EDGE_CURVE('',#3497,#3317,#1903,.T.);
#4423=EDGE_CURVE('',#3496,#3497,#1904,.T.);
#4424=EDGE_CURVE('',#3149,#3497,#1905,.T.);
#4425=EDGE_CURVE('',#3498,#3319,#1906,.T.);
#4426=EDGE_CURVE('',#3488,#3498,#1907,.T.);
#4427=EDGE_CURVE('',#3496,#3498,#1908,.T.);
#4428=EDGE_CURVE('',#3327,#3459,#1909,.T.);
#4429=EDGE_CURVE('',#3334,#3328,#1910,.T.);
#4430=EDGE_CURVE('',#3453,#3331,#1911,.T.);
#4431=EDGE_CURVE('',#3339,#3453,#1912,.T.);
#4432=EDGE_CURVE('',#3336,#3451,#1913,.T.);
#4433=EDGE_CURVE('',#3342,#3337,#1914,.T.);
#4434=EDGE_CURVE('',#3452,#3340,#1915,.T.);
#4435=EDGE_CURVE('',#3499,#3499,#176,.T.);
#4436=EDGE_CURVE('',#3500,#3500,#177,.T.);
#4437=EDGE_CURVE('',#3501,#3501,#178,.T.);
#4438=EDGE_CURVE('',#3502,#3502,#179,.T.);
#4439=EDGE_CURVE('',#3503,#3503,#180,.T.);
#4440=EDGE_CURVE('',#3504,#3504,#181,.T.);
#4441=EDGE_CURVE('',#3505,#3505,#182,.F.);
#4442=EDGE_CURVE('',#3505,#3499,#1916,.T.);
#4443=EDGE_CURVE('',#3506,#3506,#183,.F.);
#4444=EDGE_CURVE('',#3506,#3500,#1917,.T.);
#4445=EDGE_CURVE('',#3493,#3507,#1918,.T.);
#4446=EDGE_CURVE('',#3507,#3507,#184,.T.);
#4447=EDGE_CURVE('',#3494,#3508,#1919,.T.);
#4448=EDGE_CURVE('',#3508,#3508,#185,.T.);
#4449=EDGE_CURVE('',#3501,#3104,#1920,.T.);
#4450=EDGE_CURVE('',#3502,#3157,#1921,.T.);
#4451=EDGE_CURVE('',#3503,#3156,#1922,.T.);
#4452=EDGE_CURVE('',#3504,#3103,#1923,.T.);
#4453=EDGE_CURVE('',#3509,#3510,#1924,.T.);
#4454=EDGE_CURVE('',#3509,#3511,#1925,.T.);
#4455=EDGE_CURVE('',#3511,#3512,#1926,.T.);
#4456=EDGE_CURVE('',#3510,#3512,#1927,.T.);
#4457=EDGE_CURVE('',#3322,#3513,#2901,.T.);
#4458=EDGE_CURVE('',#3513,#3514,#1928,.T.);
#4459=EDGE_CURVE('',#3514,#3321,#2902,.T.);
#4460=EDGE_CURVE('',#3515,#3516,#1929,.T.);
#4461=EDGE_CURVE('',#3515,#3517,#1930,.T.);
#4462=EDGE_CURVE('',#3518,#3517,#1931,.T.);
#4463=EDGE_CURVE('',#3518,#3516,#1932,.T.);
#4464=EDGE_CURVE('',#3512,#3518,#2903,.T.);
#4465=EDGE_CURVE('',#3510,#3517,#2904,.T.);
#4466=EDGE_CURVE('',#3517,#3519,#1933,.T.);
#4467=EDGE_CURVE('',#3519,#3509,#2905,.F.);
#4468=EDGE_CURVE('',#3471,#3520,#1934,.T.);
#4469=EDGE_CURVE('',#3520,#3521,#186,.T.);
#4470=EDGE_CURVE('',#3521,#3472,#1935,.T.);
#4471=EDGE_CURVE('',#3464,#3522,#1936,.T.);
#4472=EDGE_CURVE('',#3521,#3522,#1937,.T.);
#4473=EDGE_CURVE('',#3522,#3436,#187,.T.);
#4474=EDGE_CURVE('',#3387,#3523,#188,.T.);
#4475=EDGE_CURVE('',#3523,#3487,#1938,.T.);
#4476=EDGE_CURVE('',#3385,#3389,#189,.F.);
#4477=EDGE_CURVE('',#3516,#3524,#2906,.T.);
#4478=EDGE_CURVE('',#3511,#3525,#1939,.T.);
#4479=EDGE_CURVE('',#3223,#3525,#2907,.T.);
#4480=EDGE_CURVE('',#3526,#3226,#1940,.T.);
#4481=EDGE_CURVE('',#3229,#3526,#190,.T.);
#4482=EDGE_CURVE('',#3527,#3227,#191,.T.);
#4483=EDGE_CURVE('',#3231,#3527,#1941,.T.);
#4484=EDGE_CURVE('',#3528,#3232,#1942,.T.);
#4485=EDGE_CURVE('',#3234,#3528,#192,.T.);
#4486=EDGE_CURVE('',#3298,#3529,#1943,.T.);
#4487=EDGE_CURVE('',#3306,#3529,#193,.T.);
#4488=EDGE_CURVE('',#3530,#3308,#1944,.T.);
#4489=EDGE_CURVE('',#3311,#3530,#194,.T.);
#4490=EDGE_CURVE('',#3531,#3309,#195,.T.);
#4491=EDGE_CURVE('',#3313,#3531,#1945,.T.);
#4492=EDGE_CURVE('',#3532,#3315,#2908,.T.);
#4493=EDGE_CURVE('',#3532,#3323,#1946,.T.);
#4494=EDGE_CURVE('',#3533,#3514,#1947,.T.);
#4495=EDGE_CURVE('',#3534,#3533,#2909,.T.);
#4496=EDGE_CURVE('',#3535,#3534,#1948,.T.);
#4497=EDGE_CURVE('',#3535,#3536,#196,.F.);
#4498=EDGE_CURVE('',#3536,#3537,#1949,.T.);
#4499=EDGE_CURVE('',#3537,#3167,#1950,.T.);
#4500=EDGE_CURVE('',#3179,#3135,#1951,.T.);
#4501=EDGE_CURVE('',#3134,#3105,#1952,.T.);
#4502=EDGE_CURVE('',#3189,#3220,#1953,.T.);
#4503=EDGE_CURVE('',#3538,#3219,#197,.T.);
#4504=EDGE_CURVE('',#3524,#3538,#1954,.T.);
#4505=EDGE_CURVE('',#3533,#3539,#1955,.T.);
#4506=EDGE_CURVE('',#3513,#3539,#1956,.T.);
#4507=EDGE_CURVE('',#3539,#3540,#1957,.T.);
#4508=EDGE_CURVE('',#3487,#3324,#1958,.T.);
#4509=EDGE_CURVE('',#3540,#3523,#1959,.T.);
#4510=EDGE_CURVE('',#3541,#3534,#1960,.T.);
#4511=EDGE_CURVE('',#3541,#3539,#2910,.T.);
#4512=EDGE_CURVE('',#3540,#3542,#198,.T.);
#4513=EDGE_CURVE('',#3542,#3541,#1961,.T.);
#4514=EDGE_CURVE('',#3536,#3543,#1962,.T.);
#4515=EDGE_CURVE('',#3544,#3543,#1963,.T.);
#4516=EDGE_CURVE('',#3537,#3544,#1964,.T.);
#4517=EDGE_CURVE('',#3535,#3545,#1965,.T.);
#4518=EDGE_CURVE('',#3545,#3542,#1966,.T.);
#4519=EDGE_CURVE('',#3545,#3546,#199,.T.);
#4520=EDGE_CURVE('',#3546,#3547,#1967,.T.);
#4521=EDGE_CURVE('',#3543,#3547,#2911,.T.);
#4522=EDGE_CURVE('',#3524,#3548,#1968,.T.);
#4523=EDGE_CURVE('',#3549,#3538,#1969,.T.);
#4524=EDGE_CURVE('',#3550,#3549,#1970,.T.);
#4525=EDGE_CURVE('',#3548,#3550,#1971,.T.);
#4526=EDGE_CURVE('',#3551,#3218,#2912,.T.);
#4527=EDGE_CURVE('',#3551,#3552,#1972,.T.);
#4528=EDGE_CURVE('',#3552,#3549,#200,.T.);
#4529=EDGE_CURVE('',#3520,#3553,#1973,.T.);
#4530=EDGE_CURVE('',#3550,#3553,#201,.T.);
#4531=EDGE_CURVE('',#3552,#3554,#1974,.T.);
#4532=EDGE_CURVE('',#3554,#3186,#202,.F.);
#4533=EDGE_CURVE('',#3185,#3184,#1975,.T.);
#4534=EDGE_CURVE('',#3555,#3171,#203,.T.);
#4535=EDGE_CURVE('',#3555,#3546,#1976,.T.);
#4536=EDGE_CURVE('',#3392,#3394,#1977,.T.);
#4537=EDGE_CURVE('',#3556,#3556,#204,.T.);
#4538=EDGE_CURVE('',#3557,#3557,#205,.T.);
#4539=EDGE_CURVE('',#3553,#3515,#1978,.T.);
#4540=EDGE_CURVE('',#3471,#3519,#1979,.T.);
#4541=EDGE_CURVE('',#3515,#3548,#2913,.T.);
#4542=EDGE_CURVE('',#3558,#2980,#1980,.T.);
#4543=EDGE_CURVE('',#3059,#3558,#1981,.T.);
#4544=EDGE_CURVE('',#3221,#3559,#1982,.T.);
#4545=EDGE_CURVE('',#3188,#3560,#1983,.F.);
#4546=EDGE_CURVE('',#3559,#3560,#1984,.T.);
#4547=EDGE_CURVE('',#3061,#3560,#1985,.T.);
#4548=EDGE_CURVE('',#3561,#3559,#2914,.T.);
#4549=EDGE_CURVE('',#3561,#3558,#1986,.T.);
#4550=EDGE_CURVE('',#3562,#3563,#1987,.T.);
#4551=EDGE_CURVE('',#3562,#3547,#1988,.T.);
#4552=EDGE_CURVE('',#2951,#3555,#1989,.T.);
#4553=EDGE_CURVE('',#3058,#3563,#1990,.T.);
#4554=EDGE_CURVE('',#3564,#3563,#2915,.T.);
#4555=EDGE_CURVE('',#3169,#3564,#1991,.T.);
#4556=EDGE_CURVE('',#3170,#2952,#1992,.T.);
#4557=EDGE_CURVE('',#3564,#3544,#1993,.T.);
#4558=EDGE_CURVE('',#3562,#3544,#2916,.T.);
#4559=EDGE_CURVE('',#2978,#3187,#1994,.T.);
#4560=EDGE_CURVE('',#3554,#2979,#1995,.T.);
#4561=EDGE_CURVE('',#3561,#3565,#1996,.T.);
#4562=EDGE_CURVE('',#3551,#3565,#1997,.T.);
#4563=EDGE_CURVE('',#3221,#3565,#2917,.T.);
#4564=EDGE_CURVE('',#3132,#3566,#1998,.T.);
#4565=EDGE_CURVE('',#2928,#3131,#1999,.T.);
#4566=EDGE_CURVE('',#3566,#2928,#2000,.T.);
#4567=EDGE_CURVE('',#3566,#3567,#2001,.T.);
#4568=EDGE_CURVE('',#3567,#3133,#2002,.T.);
#4569=EDGE_CURVE('',#3054,#3000,#2003,.T.);
#4570=EDGE_CURVE('',#3128,#3053,#2004,.T.);
#4571=EDGE_CURVE('',#3526,#3469,#2005,.T.);
#4572=EDGE_CURVE('',#3468,#3527,#2006,.T.);
#4573=EDGE_CURVE('',#3530,#3490,#2007,.T.);
#4574=EDGE_CURVE('',#3489,#3531,#2008,.T.);
#4575=EDGE_CURVE('',#3529,#3568,#2009,.T.);
#4576=EDGE_CURVE('',#3568,#3297,#2010,.T.);
#4577=EDGE_CURVE('',#3568,#3569,#2011,.T.);
#4578=EDGE_CURVE('',#3569,#3484,#2012,.F.);
#4579=EDGE_CURVE('',#3569,#3492,#2013,.T.);
#4580=EDGE_CURVE('',#3307,#3568,#2918,.T.);
#4581=EDGE_CURVE('',#3300,#3569,#2919,.T.);
#4582=EDGE_CURVE('',#3570,#3465,#2014,.T.);
#4583=EDGE_CURVE('',#3571,#3570,#2015,.T.);
#4584=EDGE_CURVE('',#3528,#3571,#2016,.T.);
#4585=EDGE_CURVE('',#3571,#3233,#2920,.T.);
#4586=EDGE_CURVE('',#3434,#3570,#2921,.T.);
#4587=EDGE_CURVE('',#3487,#3532,#2017,.T.);
#4588=EDGE_CURVE('',#3525,#3471,#2018,.T.);
#4589=EDGE_CURVE('',#2958,#3048,#2019,.T.);
#4590=EDGE_CURVE('',#3557,#3572,#2020,.T.);
#4591=EDGE_CURVE('',#3572,#3572,#206,.T.);
#4592=EDGE_CURVE('',#3573,#3573,#207,.T.);
#4593=EDGE_CURVE('',#3572,#3573,#2021,.T.);
#4594=EDGE_CURVE('',#3556,#3574,#2022,.T.);
#4595=EDGE_CURVE('',#3574,#3574,#208,.T.);
#4596=EDGE_CURVE('',#3575,#3575,#209,.T.);
#4597=EDGE_CURVE('',#3574,#3575,#2023,.T.);
#4598=EDGE_CURVE('',#3567,#3107,#2024,.T.);
#4599=EDGE_CURVE('',#3566,#3109,#2025,.T.);
#4600=EDGE_CURVE('',#3576,#3577,#2026,.T.);
#4601=EDGE_CURVE('',#3577,#3578,#2027,.T.);
#4602=EDGE_CURVE('',#3578,#3579,#2028,.T.);
#4603=EDGE_CURVE('',#3576,#3579,#2029,.T.);
#4604=EDGE_CURVE('',#3580,#3581,#2030,.T.);
#4605=EDGE_CURVE('',#3577,#3581,#2031,.T.);
#4606=EDGE_CURVE('',#3580,#3576,#2032,.T.);
#4607=EDGE_CURVE('',#3581,#3578,#2033,.T.);
#4608=EDGE_CURVE('',#3579,#3580,#2034,.T.);
#4609=EDGE_CURVE('',#3582,#3583,#2035,.T.);
#4610=EDGE_CURVE('',#3584,#3582,#2036,.T.);
#4611=EDGE_CURVE('',#3585,#3584,#2037,.F.);
#4612=EDGE_CURVE('',#3583,#3585,#2038,.T.);
#4613=EDGE_CURVE('',#3586,#3583,#2039,.T.);
#4614=EDGE_CURVE('',#3587,#3586,#2040,.T.);
#4615=EDGE_CURVE('',#3582,#3587,#2041,.T.);
#4616=EDGE_CURVE('',#3586,#3585,#2042,.T.);
#4617=EDGE_CURVE('',#3587,#3584,#2043,.T.);
#4618=ORIENTED_EDGE('',*,*,#3588,.T.);
#4619=ORIENTED_EDGE('',*,*,#3589,.T.);
#4620=ORIENTED_EDGE('',*,*,#3590,.T.);
#4621=ORIENTED_EDGE('',*,*,#3591,.T.);
#4622=ORIENTED_EDGE('',*,*,#3592,.T.);
#4623=ORIENTED_EDGE('',*,*,#3590,.F.);
#4624=ORIENTED_EDGE('',*,*,#3593,.F.);
#4625=ORIENTED_EDGE('',*,*,#3594,.F.);
#4626=ORIENTED_EDGE('',*,*,#3595,.F.);
#4627=ORIENTED_EDGE('',*,*,#3596,.F.);
#4628=ORIENTED_EDGE('',*,*,#3597,.F.);
#4629=ORIENTED_EDGE('',*,*,#3589,.F.);
#4630=ORIENTED_EDGE('',*,*,#3598,.T.);
#4631=ORIENTED_EDGE('',*,*,#3599,.F.);
#4632=ORIENTED_EDGE('',*,*,#3600,.T.);
#4633=ORIENTED_EDGE('',*,*,#3593,.T.);
#4634=ORIENTED_EDGE('',*,*,#3588,.F.);
#4635=ORIENTED_EDGE('',*,*,#3601,.T.);
#4636=ORIENTED_EDGE('',*,*,#3602,.T.);
#4637=ORIENTED_EDGE('',*,*,#3603,.T.);
#4638=ORIENTED_EDGE('',*,*,#3604,.T.);
#4639=ORIENTED_EDGE('',*,*,#3605,.T.);
#4640=ORIENTED_EDGE('',*,*,#3606,.F.);
#4641=ORIENTED_EDGE('',*,*,#3607,.F.);
#4642=ORIENTED_EDGE('',*,*,#3608,.F.);
#4643=ORIENTED_EDGE('',*,*,#3609,.F.);
#4644=ORIENTED_EDGE('',*,*,#3610,.F.);
#4645=ORIENTED_EDGE('',*,*,#3611,.F.);
#4646=ORIENTED_EDGE('',*,*,#3612,.F.);
#4647=ORIENTED_EDGE('',*,*,#3613,.T.);
#4648=ORIENTED_EDGE('',*,*,#3614,.T.);
#4649=ORIENTED_EDGE('',*,*,#3615,.T.);
#4650=ORIENTED_EDGE('',*,*,#3616,.F.);
#4651=ORIENTED_EDGE('',*,*,#3617,.F.);
#4652=ORIENTED_EDGE('',*,*,#3618,.F.);
#4653=ORIENTED_EDGE('',*,*,#3619,.F.);
#4654=ORIENTED_EDGE('',*,*,#3620,.T.);
#4655=ORIENTED_EDGE('',*,*,#3621,.F.);
#4656=ORIENTED_EDGE('',*,*,#3622,.F.);
#4657=ORIENTED_EDGE('',*,*,#3623,.T.);
#4658=ORIENTED_EDGE('',*,*,#3624,.T.);
#4659=ORIENTED_EDGE('',*,*,#3625,.F.);
#4660=ORIENTED_EDGE('',*,*,#3626,.T.);
#4661=ORIENTED_EDGE('',*,*,#3627,.F.);
#4662=ORIENTED_EDGE('',*,*,#3628,.T.);
#4663=ORIENTED_EDGE('',*,*,#3629,.T.);
#4664=ORIENTED_EDGE('',*,*,#3630,.T.);
#4665=ORIENTED_EDGE('',*,*,#3631,.T.);
#4666=ORIENTED_EDGE('',*,*,#3632,.T.);
#4667=ORIENTED_EDGE('',*,*,#3633,.F.);
#4668=ORIENTED_EDGE('',*,*,#3634,.F.);
#4669=ORIENTED_EDGE('',*,*,#3635,.T.);
#4670=ORIENTED_EDGE('',*,*,#3636,.F.);
#4671=ORIENTED_EDGE('',*,*,#3637,.F.);
#4672=ORIENTED_EDGE('',*,*,#3638,.T.);
#4673=ORIENTED_EDGE('',*,*,#3639,.T.);
#4674=ORIENTED_EDGE('',*,*,#3640,.T.);
#4675=ORIENTED_EDGE('',*,*,#3641,.T.);
#4676=ORIENTED_EDGE('',*,*,#3642,.F.);
#4677=ORIENTED_EDGE('',*,*,#3643,.T.);
#4678=ORIENTED_EDGE('',*,*,#3644,.T.);
#4679=ORIENTED_EDGE('',*,*,#3645,.F.);
#4680=ORIENTED_EDGE('',*,*,#3646,.F.);
#4681=ORIENTED_EDGE('',*,*,#3647,.T.);
#4682=ORIENTED_EDGE('',*,*,#3648,.F.);
#4683=ORIENTED_EDGE('',*,*,#3649,.T.);
#4684=ORIENTED_EDGE('',*,*,#3650,.F.);
#4685=ORIENTED_EDGE('',*,*,#3651,.F.);
#4686=ORIENTED_EDGE('',*,*,#3652,.T.);
#4687=ORIENTED_EDGE('',*,*,#3653,.F.);
#4688=ORIENTED_EDGE('',*,*,#3654,.T.);
#4689=ORIENTED_EDGE('',*,*,#3655,.F.);
#4690=ORIENTED_EDGE('',*,*,#3656,.F.);
#4691=ORIENTED_EDGE('',*,*,#3657,.F.);
#4692=ORIENTED_EDGE('',*,*,#3658,.F.);
#4693=ORIENTED_EDGE('',*,*,#3659,.F.);
#4694=ORIENTED_EDGE('',*,*,#3598,.F.);
#4695=ORIENTED_EDGE('',*,*,#3660,.T.);
#4696=ORIENTED_EDGE('',*,*,#3661,.T.);
#4697=ORIENTED_EDGE('',*,*,#3662,.T.);
#4698=ORIENTED_EDGE('',*,*,#3663,.T.);
#4699=ORIENTED_EDGE('',*,*,#3606,.T.);
#4700=ORIENTED_EDGE('',*,*,#3664,.T.);
#4701=ORIENTED_EDGE('',*,*,#3665,.T.);
#4702=ORIENTED_EDGE('',*,*,#3663,.F.);
#4703=ORIENTED_EDGE('',*,*,#3666,.T.);
#4704=ORIENTED_EDGE('',*,*,#3667,.T.);
#4705=ORIENTED_EDGE('',*,*,#3668,.F.);
#4706=ORIENTED_EDGE('',*,*,#3607,.T.);
#4707=ORIENTED_EDGE('',*,*,#3662,.F.);
#4708=ORIENTED_EDGE('',*,*,#3669,.T.);
#4709=ORIENTED_EDGE('',*,*,#3670,.F.);
#4710=ORIENTED_EDGE('',*,*,#3671,.F.);
#4711=ORIENTED_EDGE('',*,*,#3672,.T.);
#4712=ORIENTED_EDGE('',*,*,#3666,.F.);
#4713=ORIENTED_EDGE('',*,*,#3665,.F.);
#4714=ORIENTED_EDGE('',*,*,#3673,.T.);
#4715=ORIENTED_EDGE('',*,*,#3674,.T.);
#4716=ORIENTED_EDGE('',*,*,#3675,.T.);
#4717=ORIENTED_EDGE('',*,*,#3669,.F.);
#4718=ORIENTED_EDGE('',*,*,#3639,.F.);
#4719=ORIENTED_EDGE('',*,*,#3676,.T.);
#4720=ORIENTED_EDGE('',*,*,#3677,.T.);
#4721=ORIENTED_EDGE('',*,*,#3678,.F.);
#4722=ORIENTED_EDGE('',*,*,#3637,.T.);
#4723=ORIENTED_EDGE('',*,*,#3679,.T.);
#4724=ORIENTED_EDGE('',*,*,#3680,.T.);
#4725=ORIENTED_EDGE('',*,*,#3681,.T.);
#4726=ORIENTED_EDGE('',*,*,#3679,.F.);
#4727=ORIENTED_EDGE('',*,*,#3682,.F.);
#4728=ORIENTED_EDGE('',*,*,#3683,.F.);
#4729=ORIENTED_EDGE('',*,*,#3684,.F.);
#4730=ORIENTED_EDGE('',*,*,#3685,.F.);
#4731=ORIENTED_EDGE('',*,*,#3686,.F.);
#4732=ORIENTED_EDGE('',*,*,#3687,.F.);
#4733=ORIENTED_EDGE('',*,*,#3688,.F.);
#4734=ORIENTED_EDGE('',*,*,#3689,.F.);
#4735=ORIENTED_EDGE('',*,*,#3690,.T.);
#4736=ORIENTED_EDGE('',*,*,#3633,.T.);
#4737=ORIENTED_EDGE('',*,*,#3691,.T.);
#4738=ORIENTED_EDGE('',*,*,#3692,.T.);
#4739=ORIENTED_EDGE('',*,*,#3693,.T.);
#4740=ORIENTED_EDGE('',*,*,#3691,.F.);
#4741=ORIENTED_EDGE('',*,*,#3632,.F.);
#4742=ORIENTED_EDGE('',*,*,#3694,.F.);
#4743=ORIENTED_EDGE('',*,*,#3695,.F.);
#4744=ORIENTED_EDGE('',*,*,#3696,.F.);
#4745=ORIENTED_EDGE('',*,*,#3694,.T.);
#4746=ORIENTED_EDGE('',*,*,#3631,.F.);
#4747=ORIENTED_EDGE('',*,*,#3697,.T.);
#4748=ORIENTED_EDGE('',*,*,#3634,.T.);
#4749=ORIENTED_EDGE('',*,*,#3698,.T.);
#4750=ORIENTED_EDGE('',*,*,#3699,.T.);
#4751=ORIENTED_EDGE('',*,*,#3700,.T.);
#4752=ORIENTED_EDGE('',*,*,#3701,.T.);
#4753=ORIENTED_EDGE('',*,*,#3702,.T.);
#4754=ORIENTED_EDGE('',*,*,#3699,.F.);
#4755=ORIENTED_EDGE('',*,*,#3703,.T.);
#4756=ORIENTED_EDGE('',*,*,#3704,.T.);
#4757=ORIENTED_EDGE('',*,*,#3705,.T.);
#4758=ORIENTED_EDGE('',*,*,#3701,.F.);
#4759=ORIENTED_EDGE('',*,*,#3706,.T.);
#4760=ORIENTED_EDGE('',*,*,#3707,.T.);
#4761=ORIENTED_EDGE('',*,*,#3704,.F.);
#4762=ORIENTED_EDGE('',*,*,#3708,.T.);
#4763=ORIENTED_EDGE('',*,*,#3709,.T.);
#4764=ORIENTED_EDGE('',*,*,#3710,.T.);
#4765=ORIENTED_EDGE('',*,*,#3711,.T.);
#4766=ORIENTED_EDGE('',*,*,#3712,.T.);
#4767=ORIENTED_EDGE('',*,*,#3709,.F.);
#4768=ORIENTED_EDGE('',*,*,#3713,.T.);
#4769=ORIENTED_EDGE('',*,*,#3714,.T.);
#4770=ORIENTED_EDGE('',*,*,#3711,.F.);
#4771=ORIENTED_EDGE('',*,*,#3715,.T.);
#4772=ORIENTED_EDGE('',*,*,#3716,.T.);
#4773=ORIENTED_EDGE('',*,*,#3717,.T.);
#4774=ORIENTED_EDGE('',*,*,#3713,.F.);
#4775=ORIENTED_EDGE('',*,*,#3718,.T.);
#4776=ORIENTED_EDGE('',*,*,#3700,.F.);
#4777=ORIENTED_EDGE('',*,*,#3719,.T.);
#4778=ORIENTED_EDGE('',*,*,#3720,.F.);
#4779=ORIENTED_EDGE('',*,*,#3635,.F.);
#4780=ORIENTED_EDGE('',*,*,#3702,.F.);
#4781=ORIENTED_EDGE('',*,*,#3721,.F.);
#4782=ORIENTED_EDGE('',*,*,#3722,.F.);
#4783=ORIENTED_EDGE('',*,*,#3719,.F.);
#4784=ORIENTED_EDGE('',*,*,#3705,.F.);
#4785=ORIENTED_EDGE('',*,*,#3723,.T.);
#4786=ORIENTED_EDGE('',*,*,#3724,.F.);
#4787=ORIENTED_EDGE('',*,*,#3721,.T.);
#4788=ORIENTED_EDGE('',*,*,#3707,.F.);
#4789=ORIENTED_EDGE('',*,*,#3725,.T.);
#4790=ORIENTED_EDGE('',*,*,#3726,.F.);
#4791=ORIENTED_EDGE('',*,*,#3723,.F.);
#4792=ORIENTED_EDGE('',*,*,#3712,.F.);
#4793=ORIENTED_EDGE('',*,*,#3727,.F.);
#4794=ORIENTED_EDGE('',*,*,#3728,.F.);
#4795=ORIENTED_EDGE('',*,*,#3725,.F.);
#4796=ORIENTED_EDGE('',*,*,#3714,.F.);
#4797=ORIENTED_EDGE('',*,*,#3729,.T.);
#4798=ORIENTED_EDGE('',*,*,#3730,.F.);
#4799=ORIENTED_EDGE('',*,*,#3727,.T.);
#4800=ORIENTED_EDGE('',*,*,#3717,.F.);
#4801=ORIENTED_EDGE('',*,*,#3731,.T.);
#4802=ORIENTED_EDGE('',*,*,#3732,.F.);
#4803=ORIENTED_EDGE('',*,*,#3729,.F.);
#4804=ORIENTED_EDGE('',*,*,#3716,.F.);
#4805=ORIENTED_EDGE('',*,*,#3733,.T.);
#4806=ORIENTED_EDGE('',*,*,#3692,.F.);
#4807=ORIENTED_EDGE('',*,*,#3695,.T.);
#4808=ORIENTED_EDGE('',*,*,#3734,.T.);
#4809=ORIENTED_EDGE('',*,*,#3735,.T.);
#4810=ORIENTED_EDGE('',*,*,#3674,.F.);
#4811=ORIENTED_EDGE('',*,*,#3736,.T.);
#4812=ORIENTED_EDGE('',*,*,#3737,.F.);
#4813=ORIENTED_EDGE('',*,*,#3738,.T.);
#4814=ORIENTED_EDGE('',*,*,#3739,.F.);
#4815=ORIENTED_EDGE('',*,*,#3740,.T.);
#4816=ORIENTED_EDGE('',*,*,#3680,.F.);
#4817=ORIENTED_EDGE('',*,*,#3689,.T.);
#4818=ORIENTED_EDGE('',*,*,#3741,.F.);
#4819=ORIENTED_EDGE('',*,*,#3731,.F.);
#4820=ORIENTED_EDGE('',*,*,#3742,.T.);
#4821=ORIENTED_EDGE('',*,*,#3741,.T.);
#4822=ORIENTED_EDGE('',*,*,#3688,.T.);
#4823=ORIENTED_EDGE('',*,*,#3743,.T.);
#4824=ORIENTED_EDGE('',*,*,#3732,.T.);
#4825=ORIENTED_EDGE('',*,*,#3744,.T.);
#4826=ORIENTED_EDGE('',*,*,#3730,.T.);
#4827=ORIENTED_EDGE('',*,*,#3743,.F.);
#4828=ORIENTED_EDGE('',*,*,#3687,.T.);
#4829=ORIENTED_EDGE('',*,*,#3728,.T.);
#4830=ORIENTED_EDGE('',*,*,#3744,.F.);
#4831=ORIENTED_EDGE('',*,*,#3686,.T.);
#4832=ORIENTED_EDGE('',*,*,#3745,.T.);
#4833=ORIENTED_EDGE('',*,*,#3685,.T.);
#4834=ORIENTED_EDGE('',*,*,#3746,.T.);
#4835=ORIENTED_EDGE('',*,*,#3726,.T.);
#4836=ORIENTED_EDGE('',*,*,#3745,.F.);
#4837=ORIENTED_EDGE('',*,*,#3747,.T.);
#4838=ORIENTED_EDGE('',*,*,#3724,.T.);
#4839=ORIENTED_EDGE('',*,*,#3746,.F.);
#4840=ORIENTED_EDGE('',*,*,#3684,.T.);
#4841=ORIENTED_EDGE('',*,*,#3748,.T.);
#4842=ORIENTED_EDGE('',*,*,#3722,.T.);
#4843=ORIENTED_EDGE('',*,*,#3747,.F.);
#4844=ORIENTED_EDGE('',*,*,#3683,.T.);
#4845=ORIENTED_EDGE('',*,*,#3636,.T.);
#4846=ORIENTED_EDGE('',*,*,#3720,.T.);
#4847=ORIENTED_EDGE('',*,*,#3748,.F.);
#4848=ORIENTED_EDGE('',*,*,#3682,.T.);
#4849=ORIENTED_EDGE('',*,*,#3749,.F.);
#4850=ORIENTED_EDGE('',*,*,#3697,.F.);
#4851=ORIENTED_EDGE('',*,*,#3630,.F.);
#4852=ORIENTED_EDGE('',*,*,#3750,.T.);
#4853=ORIENTED_EDGE('',*,*,#3751,.T.);
#4854=ORIENTED_EDGE('',*,*,#3676,.F.);
#4855=ORIENTED_EDGE('',*,*,#3638,.F.);
#4856=ORIENTED_EDGE('',*,*,#3681,.F.);
#4857=ORIENTED_EDGE('',*,*,#3740,.F.);
#4858=ORIENTED_EDGE('',*,*,#3749,.T.);
#4859=ORIENTED_EDGE('',*,*,#3752,.T.);
#4860=ORIENTED_EDGE('',*,*,#3753,.F.);
#4861=ORIENTED_EDGE('',*,*,#3754,.T.);
#4862=ORIENTED_EDGE('',*,*,#3755,.T.);
#4863=ORIENTED_EDGE('',*,*,#3756,.T.);
#4864=ORIENTED_EDGE('',*,*,#3757,.T.);
#4865=ORIENTED_EDGE('',*,*,#3758,.F.);
#4866=ORIENTED_EDGE('',*,*,#3759,.T.);
#4867=ORIENTED_EDGE('',*,*,#3760,.F.);
#4868=ORIENTED_EDGE('',*,*,#3761,.T.);
#4869=ORIENTED_EDGE('',*,*,#3734,.F.);
#4870=ORIENTED_EDGE('',*,*,#3696,.T.);
#4871=ORIENTED_EDGE('',*,*,#3762,.T.);
#4872=ORIENTED_EDGE('',*,*,#3763,.T.);
#4873=ORIENTED_EDGE('',*,*,#3617,.T.);
#4874=ORIENTED_EDGE('',*,*,#3764,.T.);
#4875=ORIENTED_EDGE('',*,*,#3763,.F.);
#4876=ORIENTED_EDGE('',*,*,#3765,.F.);
#4877=ORIENTED_EDGE('',*,*,#3766,.F.);
#4878=ORIENTED_EDGE('',*,*,#3618,.T.);
#4879=ORIENTED_EDGE('',*,*,#3767,.T.);
#4880=ORIENTED_EDGE('',*,*,#3768,.T.);
#4881=ORIENTED_EDGE('',*,*,#3650,.T.);
#4882=ORIENTED_EDGE('',*,*,#3769,.T.);
#4883=ORIENTED_EDGE('',*,*,#3768,.F.);
#4884=ORIENTED_EDGE('',*,*,#3770,.T.);
#4885=ORIENTED_EDGE('',*,*,#3771,.F.);
#4886=ORIENTED_EDGE('',*,*,#3772,.F.);
#4887=ORIENTED_EDGE('',*,*,#3773,.T.);
#4888=ORIENTED_EDGE('',*,*,#3774,.T.);
#4889=ORIENTED_EDGE('',*,*,#3775,.F.);
#4890=ORIENTED_EDGE('',*,*,#3776,.T.);
#4891=ORIENTED_EDGE('',*,*,#3651,.T.);
#4892=ORIENTED_EDGE('',*,*,#3777,.F.);
#4893=ORIENTED_EDGE('',*,*,#3778,.F.);
#4894=ORIENTED_EDGE('',*,*,#3624,.F.);
#4895=ORIENTED_EDGE('',*,*,#3779,.T.);
#4896=ORIENTED_EDGE('',*,*,#3777,.T.);
#4897=ORIENTED_EDGE('',*,*,#3779,.F.);
#4898=ORIENTED_EDGE('',*,*,#3623,.F.);
#4899=ORIENTED_EDGE('',*,*,#3780,.T.);
#4900=ORIENTED_EDGE('',*,*,#3781,.F.);
#4901=ORIENTED_EDGE('',*,*,#3782,.T.);
#4902=ORIENTED_EDGE('',*,*,#3783,.F.);
#4903=ORIENTED_EDGE('',*,*,#3784,.F.);
#4904=ORIENTED_EDGE('',*,*,#3755,.F.);
#4905=ORIENTED_EDGE('',*,*,#3785,.T.);
#4906=ORIENTED_EDGE('',*,*,#3625,.T.);
#4907=ORIENTED_EDGE('',*,*,#3778,.T.);
#4908=ORIENTED_EDGE('',*,*,#3786,.T.);
#4909=ORIENTED_EDGE('',*,*,#3787,.T.);
#4910=ORIENTED_EDGE('',*,*,#3788,.T.);
#4911=ORIENTED_EDGE('',*,*,#3789,.T.);
#4912=ORIENTED_EDGE('',*,*,#3790,.F.);
#4913=ORIENTED_EDGE('',*,*,#3791,.T.);
#4914=ORIENTED_EDGE('',*,*,#3788,.F.);
#4915=ORIENTED_EDGE('',*,*,#3792,.F.);
#4916=ORIENTED_EDGE('',*,*,#3615,.F.);
#4917=ORIENTED_EDGE('',*,*,#3793,.T.);
#4918=ORIENTED_EDGE('',*,*,#3794,.T.);
#4919=ORIENTED_EDGE('',*,*,#3764,.F.);
#4920=ORIENTED_EDGE('',*,*,#3616,.T.);
#4921=ORIENTED_EDGE('',*,*,#3792,.T.);
#4922=ORIENTED_EDGE('',*,*,#3787,.F.);
#4923=ORIENTED_EDGE('',*,*,#3795,.T.);
#4924=ORIENTED_EDGE('',*,*,#3796,.T.);
#4925=ORIENTED_EDGE('',*,*,#3797,.F.);
#4926=ORIENTED_EDGE('',*,*,#3798,.F.);
#4927=ORIENTED_EDGE('',*,*,#3799,.T.);
#4928=ORIENTED_EDGE('',*,*,#3786,.F.);
#4929=ORIENTED_EDGE('',*,*,#3800,.F.);
#4930=ORIENTED_EDGE('',*,*,#3801,.F.);
#4931=ORIENTED_EDGE('',*,*,#3802,.T.);
#4932=ORIENTED_EDGE('',*,*,#3803,.F.);
#4933=ORIENTED_EDGE('',*,*,#3795,.F.);
#4934=ORIENTED_EDGE('',*,*,#3804,.T.);
#4935=ORIENTED_EDGE('',*,*,#3775,.T.);
#4936=ORIENTED_EDGE('',*,*,#3805,.T.);
#4937=ORIENTED_EDGE('',*,*,#3806,.T.);
#4938=ORIENTED_EDGE('',*,*,#3807,.F.);
#4939=ORIENTED_EDGE('',*,*,#3808,.T.);
#4940=ORIENTED_EDGE('',*,*,#3806,.F.);
#4941=ORIENTED_EDGE('',*,*,#3809,.F.);
#4942=ORIENTED_EDGE('',*,*,#3810,.F.);
#4943=ORIENTED_EDGE('',*,*,#3811,.T.);
#4944=ORIENTED_EDGE('',*,*,#3812,.T.);
#4945=ORIENTED_EDGE('',*,*,#3813,.T.);
#4946=ORIENTED_EDGE('',*,*,#3814,.T.);
#4947=ORIENTED_EDGE('',*,*,#3815,.T.);
#4948=ORIENTED_EDGE('',*,*,#3816,.T.);
#4949=ORIENTED_EDGE('',*,*,#3817,.T.);
#4950=ORIENTED_EDGE('',*,*,#3818,.T.);
#4951=ORIENTED_EDGE('',*,*,#3819,.T.);
#4952=ORIENTED_EDGE('',*,*,#3820,.T.);
#4953=ORIENTED_EDGE('',*,*,#3821,.T.);
#4954=ORIENTED_EDGE('',*,*,#3822,.T.);
#4955=ORIENTED_EDGE('',*,*,#3823,.T.);
#4956=ORIENTED_EDGE('',*,*,#3805,.F.);
#4957=ORIENTED_EDGE('',*,*,#3774,.F.);
#4958=ORIENTED_EDGE('',*,*,#3824,.F.);
#4959=ORIENTED_EDGE('',*,*,#3825,.T.);
#4960=ORIENTED_EDGE('',*,*,#3826,.T.);
#4961=ORIENTED_EDGE('',*,*,#3809,.T.);
#4962=ORIENTED_EDGE('',*,*,#3827,.T.);
#4963=ORIENTED_EDGE('',*,*,#3828,.T.);
#4964=ORIENTED_EDGE('',*,*,#3655,.T.);
#4965=ORIENTED_EDGE('',*,*,#3829,.T.);
#4966=ORIENTED_EDGE('',*,*,#3828,.F.);
#4967=ORIENTED_EDGE('',*,*,#3830,.T.);
#4968=ORIENTED_EDGE('',*,*,#3831,.T.);
#4969=ORIENTED_EDGE('',*,*,#3832,.F.);
#4970=ORIENTED_EDGE('',*,*,#3656,.T.);
#4971=ORIENTED_EDGE('',*,*,#3833,.T.);
#4972=ORIENTED_EDGE('',*,*,#3834,.T.);
#4973=ORIENTED_EDGE('',*,*,#3612,.T.);
#4974=ORIENTED_EDGE('',*,*,#3835,.T.);
#4975=ORIENTED_EDGE('',*,*,#3834,.F.);
#4976=ORIENTED_EDGE('',*,*,#3836,.T.);
#4977=ORIENTED_EDGE('',*,*,#3837,.F.);
#4978=ORIENTED_EDGE('',*,*,#3757,.F.);
#4979=ORIENTED_EDGE('',*,*,#3838,.F.);
#4980=ORIENTED_EDGE('',*,*,#3802,.F.);
#4981=ORIENTED_EDGE('',*,*,#3839,.F.);
#4982=ORIENTED_EDGE('',*,*,#3613,.F.);
#4983=ORIENTED_EDGE('',*,*,#3751,.F.);
#4984=ORIENTED_EDGE('',*,*,#3840,.T.);
#4985=ORIENTED_EDGE('',*,*,#3841,.T.);
#4986=ORIENTED_EDGE('',*,*,#3628,.F.);
#4987=ORIENTED_EDGE('',*,*,#3842,.F.);
#4988=ORIENTED_EDGE('',*,*,#3752,.F.);
#4989=ORIENTED_EDGE('',*,*,#3750,.F.);
#4990=ORIENTED_EDGE('',*,*,#3629,.F.);
#4991=ORIENTED_EDGE('',*,*,#3841,.F.);
#4992=ORIENTED_EDGE('',*,*,#3840,.F.);
#4993=ORIENTED_EDGE('',*,*,#3843,.F.);
#4994=ORIENTED_EDGE('',*,*,#3844,.T.);
#4995=ORIENTED_EDGE('',*,*,#3640,.F.);
#4996=ORIENTED_EDGE('',*,*,#3678,.T.);
#4997=ORIENTED_EDGE('',*,*,#3845,.F.);
#4998=ORIENTED_EDGE('',*,*,#3846,.T.);
#4999=ORIENTED_EDGE('',*,*,#3846,.F.);
#5000=ORIENTED_EDGE('',*,*,#3847,.F.);
#5001=ORIENTED_EDGE('',*,*,#3848,.F.);
#5002=ORIENTED_EDGE('',*,*,#3641,.F.);
#5003=ORIENTED_EDGE('',*,*,#3844,.F.);
#5004=ORIENTED_EDGE('',*,*,#3843,.T.);
#5005=ORIENTED_EDGE('',*,*,#3849,.T.);
#5006=ORIENTED_EDGE('',*,*,#3850,.T.);
#5007=ORIENTED_EDGE('',*,*,#3610,.T.);
#5008=ORIENTED_EDGE('',*,*,#3851,.T.);
#5009=ORIENTED_EDGE('',*,*,#3835,.F.);
#5010=ORIENTED_EDGE('',*,*,#3611,.T.);
#5011=ORIENTED_EDGE('',*,*,#3850,.F.);
#5012=ORIENTED_EDGE('',*,*,#3852,.T.);
#5013=ORIENTED_EDGE('',*,*,#3853,.T.);
#5014=ORIENTED_EDGE('',*,*,#3854,.T.);
#5015=ORIENTED_EDGE('',*,*,#3855,.T.);
#5016=ORIENTED_EDGE('',*,*,#3608,.T.);
#5017=ORIENTED_EDGE('',*,*,#3668,.T.);
#5018=ORIENTED_EDGE('',*,*,#3851,.F.);
#5019=ORIENTED_EDGE('',*,*,#3609,.T.);
#5020=ORIENTED_EDGE('',*,*,#3855,.F.);
#5021=ORIENTED_EDGE('',*,*,#3856,.T.);
#5022=ORIENTED_EDGE('',*,*,#3857,.T.);
#5023=ORIENTED_EDGE('',*,*,#3858,.T.);
#5024=ORIENTED_EDGE('',*,*,#3657,.T.);
#5025=ORIENTED_EDGE('',*,*,#3832,.T.);
#5026=ORIENTED_EDGE('',*,*,#3858,.F.);
#5027=ORIENTED_EDGE('',*,*,#3859,.T.);
#5028=ORIENTED_EDGE('',*,*,#3860,.F.);
#5029=ORIENTED_EDGE('',*,*,#3658,.T.);
#5030=ORIENTED_EDGE('',*,*,#3861,.T.);
#5031=ORIENTED_EDGE('',*,*,#3599,.T.);
#5032=ORIENTED_EDGE('',*,*,#3659,.T.);
#5033=ORIENTED_EDGE('',*,*,#3860,.T.);
#5034=ORIENTED_EDGE('',*,*,#3592,.F.);
#5035=ORIENTED_EDGE('',*,*,#3862,.F.);
#5036=ORIENTED_EDGE('',*,*,#3736,.F.);
#5037=ORIENTED_EDGE('',*,*,#3673,.F.);
#5038=ORIENTED_EDGE('',*,*,#3664,.F.);
#5039=ORIENTED_EDGE('',*,*,#3605,.F.);
#5040=ORIENTED_EDGE('',*,*,#3863,.T.);
#5041=ORIENTED_EDGE('',*,*,#3864,.T.);
#5042=ORIENTED_EDGE('',*,*,#3865,.T.);
#5043=ORIENTED_EDGE('',*,*,#3601,.F.);
#5044=ORIENTED_EDGE('',*,*,#3591,.F.);
#5045=ORIENTED_EDGE('',*,*,#3597,.T.);
#5046=ORIENTED_EDGE('',*,*,#3866,.T.);
#5047=ORIENTED_EDGE('',*,*,#3737,.T.);
#5048=ORIENTED_EDGE('',*,*,#3862,.T.);
#5049=ORIENTED_EDGE('',*,*,#3866,.F.);
#5050=ORIENTED_EDGE('',*,*,#3596,.T.);
#5051=ORIENTED_EDGE('',*,*,#3867,.F.);
#5052=ORIENTED_EDGE('',*,*,#3868,.F.);
#5053=ORIENTED_EDGE('',*,*,#3738,.F.);
#5054=ORIENTED_EDGE('',*,*,#3853,.F.);
#5055=ORIENTED_EDGE('',*,*,#3869,.F.);
#5056=ORIENTED_EDGE('',*,*,#3870,.F.);
#5057=ORIENTED_EDGE('',*,*,#3836,.F.);
#5058=ORIENTED_EDGE('',*,*,#3833,.F.);
#5059=ORIENTED_EDGE('',*,*,#3667,.F.);
#5060=ORIENTED_EDGE('',*,*,#3672,.F.);
#5061=ORIENTED_EDGE('',*,*,#3871,.T.);
#5062=ORIENTED_EDGE('',*,*,#3869,.T.);
#5063=ORIENTED_EDGE('',*,*,#3852,.F.);
#5064=ORIENTED_EDGE('',*,*,#3849,.F.);
#5065=ORIENTED_EDGE('',*,*,#3856,.F.);
#5066=ORIENTED_EDGE('',*,*,#3854,.F.);
#5067=ORIENTED_EDGE('',*,*,#3675,.F.);
#5068=ORIENTED_EDGE('',*,*,#3735,.F.);
#5069=ORIENTED_EDGE('',*,*,#3761,.F.);
#5070=ORIENTED_EDGE('',*,*,#3872,.F.);
#5071=ORIENTED_EDGE('',*,*,#3670,.T.);
#5072=ORIENTED_EDGE('',*,*,#3693,.F.);
#5073=ORIENTED_EDGE('',*,*,#3733,.F.);
#5074=ORIENTED_EDGE('',*,*,#3718,.F.);
#5075=ORIENTED_EDGE('',*,*,#3715,.F.);
#5076=ORIENTED_EDGE('',*,*,#3710,.F.);
#5077=ORIENTED_EDGE('',*,*,#3708,.F.);
#5078=ORIENTED_EDGE('',*,*,#3706,.F.);
#5079=ORIENTED_EDGE('',*,*,#3703,.F.);
#5080=ORIENTED_EDGE('',*,*,#3698,.F.);
#5081=ORIENTED_EDGE('',*,*,#3873,.T.);
#5082=ORIENTED_EDGE('',*,*,#3690,.F.);
#5083=ORIENTED_EDGE('',*,*,#3874,.T.);
#5084=ORIENTED_EDGE('',*,*,#3873,.F.);
#5085=ORIENTED_EDGE('',*,*,#3874,.F.);
#5086=ORIENTED_EDGE('',*,*,#3875,.F.);
#5087=ORIENTED_EDGE('',*,*,#3876,.T.);
#5088=ORIENTED_EDGE('',*,*,#3742,.F.);
#5089=ORIENTED_EDGE('',*,*,#3876,.F.);
#5090=ORIENTED_EDGE('',*,*,#3739,.T.);
#5091=ORIENTED_EDGE('',*,*,#3868,.T.);
#5092=ORIENTED_EDGE('',*,*,#3877,.F.);
#5093=ORIENTED_EDGE('',*,*,#3878,.T.);
#5094=ORIENTED_EDGE('',*,*,#3879,.F.);
#5095=ORIENTED_EDGE('',*,*,#3880,.T.);
#5096=ORIENTED_EDGE('',*,*,#3881,.T.);
#5097=ORIENTED_EDGE('',*,*,#3882,.T.);
#5098=ORIENTED_EDGE('',*,*,#3883,.T.);
#5099=ORIENTED_EDGE('',*,*,#3884,.F.);
#5100=ORIENTED_EDGE('',*,*,#3847,.T.);
#5101=ORIENTED_EDGE('',*,*,#3845,.T.);
#5102=ORIENTED_EDGE('',*,*,#3677,.F.);
#5103=ORIENTED_EDGE('',*,*,#3661,.F.);
#5104=ORIENTED_EDGE('',*,*,#3885,.T.);
#5105=ORIENTED_EDGE('',*,*,#3886,.T.);
#5106=ORIENTED_EDGE('',*,*,#3885,.F.);
#5107=ORIENTED_EDGE('',*,*,#3660,.F.);
#5108=ORIENTED_EDGE('',*,*,#3887,.T.);
#5109=ORIENTED_EDGE('',*,*,#3888,.T.);
#5110=ORIENTED_EDGE('',*,*,#3887,.F.);
#5111=ORIENTED_EDGE('',*,*,#3889,.T.);
#5112=ORIENTED_EDGE('',*,*,#3890,.T.);
#5113=ORIENTED_EDGE('',*,*,#3891,.T.);
#5114=ORIENTED_EDGE('',*,*,#3793,.F.);
#5115=ORIENTED_EDGE('',*,*,#3614,.F.);
#5116=ORIENTED_EDGE('',*,*,#3839,.T.);
#5117=ORIENTED_EDGE('',*,*,#3801,.T.);
#5118=ORIENTED_EDGE('',*,*,#3892,.F.);
#5119=ORIENTED_EDGE('',*,*,#3883,.F.);
#5120=ORIENTED_EDGE('',*,*,#3893,.T.);
#5121=ORIENTED_EDGE('',*,*,#3643,.F.);
#5122=ORIENTED_EDGE('',*,*,#3804,.F.);
#5123=ORIENTED_EDGE('',*,*,#3894,.F.);
#5124=ORIENTED_EDGE('',*,*,#3895,.F.);
#5125=ORIENTED_EDGE('',*,*,#3652,.F.);
#5126=ORIENTED_EDGE('',*,*,#3776,.F.);
#5127=ORIENTED_EDGE('',*,*,#3896,.F.);
#5128=ORIENTED_EDGE('',*,*,#3897,.T.);
#5129=ORIENTED_EDGE('',*,*,#3810,.T.);
#5130=ORIENTED_EDGE('',*,*,#3826,.F.);
#5131=ORIENTED_EDGE('',*,*,#3898,.T.);
#5132=ORIENTED_EDGE('',*,*,#3653,.T.);
#5133=ORIENTED_EDGE('',*,*,#3895,.T.);
#5134=ORIENTED_EDGE('',*,*,#3865,.F.);
#5135=ORIENTED_EDGE('',*,*,#3899,.T.);
#5136=ORIENTED_EDGE('',*,*,#3900,.T.);
#5137=ORIENTED_EDGE('',*,*,#3602,.F.);
#5138=ORIENTED_EDGE('',*,*,#3900,.F.);
#5139=ORIENTED_EDGE('',*,*,#3901,.T.);
#5140=ORIENTED_EDGE('',*,*,#3902,.F.);
#5141=ORIENTED_EDGE('',*,*,#3603,.F.);
#5142=ORIENTED_EDGE('',*,*,#3902,.T.);
#5143=ORIENTED_EDGE('',*,*,#3903,.T.);
#5144=ORIENTED_EDGE('',*,*,#3863,.F.);
#5145=ORIENTED_EDGE('',*,*,#3604,.F.);
#5146=ORIENTED_EDGE('',*,*,#3901,.F.);
#5147=ORIENTED_EDGE('',*,*,#3899,.F.);
#5148=ORIENTED_EDGE('',*,*,#3864,.F.);
#5149=ORIENTED_EDGE('',*,*,#3903,.F.);
#5150=ORIENTED_EDGE('',*,*,#3875,.T.);
#5151=ORIENTED_EDGE('',*,*,#3886,.F.);
#5152=ORIENTED_EDGE('',*,*,#3888,.F.);
#5153=ORIENTED_EDGE('',*,*,#3791,.F.);
#5154=ORIENTED_EDGE('',*,*,#3904,.T.);
#5155=ORIENTED_EDGE('',*,*,#3905,.T.);
#5156=ORIENTED_EDGE('',*,*,#3906,.T.);
#5157=ORIENTED_EDGE('',*,*,#3907,.T.);
#5158=ORIENTED_EDGE('',*,*,#3908,.T.);
#5159=ORIENTED_EDGE('',*,*,#3909,.T.);
#5160=ORIENTED_EDGE('',*,*,#3910,.T.);
#5161=ORIENTED_EDGE('',*,*,#3911,.T.);
#5162=ORIENTED_EDGE('',*,*,#3912,.T.);
#5163=ORIENTED_EDGE('',*,*,#3913,.T.);
#5164=ORIENTED_EDGE('',*,*,#3914,.T.);
#5165=ORIENTED_EDGE('',*,*,#3889,.F.);
#5166=ORIENTED_EDGE('',*,*,#3800,.T.);
#5167=ORIENTED_EDGE('',*,*,#3915,.T.);
#5168=ORIENTED_EDGE('',*,*,#3916,.T.);
#5169=ORIENTED_EDGE('',*,*,#3917,.F.);
#5170=ORIENTED_EDGE('',*,*,#3918,.F.);
#5171=ORIENTED_EDGE('',*,*,#3890,.F.);
#5172=ORIENTED_EDGE('',*,*,#3914,.F.);
#5173=ORIENTED_EDGE('',*,*,#3919,.F.);
#5174=ORIENTED_EDGE('',*,*,#3920,.F.);
#5175=ORIENTED_EDGE('',*,*,#3921,.F.);
#5176=ORIENTED_EDGE('',*,*,#3922,.F.);
#5177=ORIENTED_EDGE('',*,*,#3923,.F.);
#5178=ORIENTED_EDGE('',*,*,#3924,.F.);
#5179=ORIENTED_EDGE('',*,*,#3925,.T.);
#5180=ORIENTED_EDGE('',*,*,#3926,.F.);
#5181=ORIENTED_EDGE('',*,*,#3797,.T.);
#5182=ORIENTED_EDGE('',*,*,#3927,.F.);
#5183=ORIENTED_EDGE('',*,*,#3928,.T.);
#5184=ORIENTED_EDGE('',*,*,#3929,.F.);
#5185=ORIENTED_EDGE('',*,*,#3930,.T.);
#5186=ORIENTED_EDGE('',*,*,#3798,.T.);
#5187=ORIENTED_EDGE('',*,*,#3929,.T.);
#5188=ORIENTED_EDGE('',*,*,#3931,.F.);
#5189=ORIENTED_EDGE('',*,*,#3622,.T.);
#5190=ORIENTED_EDGE('',*,*,#3932,.F.);
#5191=ORIENTED_EDGE('',*,*,#3933,.T.);
#5192=ORIENTED_EDGE('',*,*,#3934,.T.);
#5193=ORIENTED_EDGE('',*,*,#3780,.F.);
#5194=ORIENTED_EDGE('',*,*,#3935,.F.);
#5195=ORIENTED_EDGE('',*,*,#3782,.F.);
#5196=ORIENTED_EDGE('',*,*,#3936,.F.);
#5197=ORIENTED_EDGE('',*,*,#3937,.F.);
#5198=ORIENTED_EDGE('',*,*,#3938,.T.);
#5199=ORIENTED_EDGE('',*,*,#3939,.F.);
#5200=ORIENTED_EDGE('',*,*,#3935,.T.);
#5201=ORIENTED_EDGE('',*,*,#3940,.T.);
#5202=ORIENTED_EDGE('',*,*,#3941,.T.);
#5203=ORIENTED_EDGE('',*,*,#3783,.T.);
#5204=ORIENTED_EDGE('',*,*,#3942,.T.);
#5205=ORIENTED_EDGE('',*,*,#3943,.T.);
#5206=ORIENTED_EDGE('',*,*,#3944,.T.);
#5207=ORIENTED_EDGE('',*,*,#3945,.T.);
#5208=ORIENTED_EDGE('',*,*,#3942,.F.);
#5209=ORIENTED_EDGE('',*,*,#3946,.F.);
#5210=ORIENTED_EDGE('',*,*,#3947,.F.);
#5211=ORIENTED_EDGE('',*,*,#3948,.F.);
#5212=ORIENTED_EDGE('',*,*,#3949,.F.);
#5213=ORIENTED_EDGE('',*,*,#3950,.F.);
#5214=ORIENTED_EDGE('',*,*,#3645,.T.);
#5215=ORIENTED_EDGE('',*,*,#3951,.F.);
#5216=ORIENTED_EDGE('',*,*,#3952,.F.);
#5217=ORIENTED_EDGE('',*,*,#3953,.F.);
#5218=ORIENTED_EDGE('',*,*,#3954,.F.);
#5219=ORIENTED_EDGE('',*,*,#3772,.T.);
#5220=ORIENTED_EDGE('',*,*,#3955,.F.);
#5221=ORIENTED_EDGE('',*,*,#3956,.F.);
#5222=ORIENTED_EDGE('',*,*,#3957,.F.);
#5223=ORIENTED_EDGE('',*,*,#3958,.F.);
#5224=ORIENTED_EDGE('',*,*,#3959,.F.);
#5225=ORIENTED_EDGE('',*,*,#3960,.F.);
#5226=ORIENTED_EDGE('',*,*,#3961,.T.);
#5227=ORIENTED_EDGE('',*,*,#3811,.F.);
#5228=ORIENTED_EDGE('',*,*,#3897,.F.);
#5229=ORIENTED_EDGE('',*,*,#3962,.F.);
#5230=ORIENTED_EDGE('',*,*,#3963,.F.);
#5231=ORIENTED_EDGE('',*,*,#3964,.F.);
#5232=ORIENTED_EDGE('',*,*,#3965,.F.);
#5233=ORIENTED_EDGE('',*,*,#3966,.F.);
#5234=ORIENTED_EDGE('',*,*,#3967,.F.);
#5235=ORIENTED_EDGE('',*,*,#3968,.T.);
#5236=ORIENTED_EDGE('',*,*,#3969,.T.);
#5237=ORIENTED_EDGE('',*,*,#3970,.T.);
#5238=ORIENTED_EDGE('',*,*,#3971,.T.);
#5239=ORIENTED_EDGE('',*,*,#3972,.T.);
#5240=ORIENTED_EDGE('',*,*,#3973,.T.);
#5241=ORIENTED_EDGE('',*,*,#3974,.T.);
#5242=ORIENTED_EDGE('',*,*,#3975,.F.);
#5243=ORIENTED_EDGE('',*,*,#3976,.F.);
#5244=ORIENTED_EDGE('',*,*,#3977,.T.);
#5245=ORIENTED_EDGE('',*,*,#3978,.T.);
#5246=ORIENTED_EDGE('',*,*,#3979,.T.);
#5247=ORIENTED_EDGE('',*,*,#3980,.F.);
#5248=ORIENTED_EDGE('',*,*,#3981,.T.);
#5249=ORIENTED_EDGE('',*,*,#3982,.T.);
#5250=ORIENTED_EDGE('',*,*,#3983,.T.);
#5251=ORIENTED_EDGE('',*,*,#3976,.T.);
#5252=ORIENTED_EDGE('',*,*,#3984,.T.);
#5253=ORIENTED_EDGE('',*,*,#3985,.T.);
#5254=ORIENTED_EDGE('',*,*,#3986,.T.);
#5255=ORIENTED_EDGE('',*,*,#3987,.T.);
#5256=ORIENTED_EDGE('',*,*,#3988,.F.);
#5257=ORIENTED_EDGE('',*,*,#3989,.T.);
#5258=ORIENTED_EDGE('',*,*,#3990,.T.);
#5259=ORIENTED_EDGE('',*,*,#3991,.T.);
#5260=ORIENTED_EDGE('',*,*,#3992,.F.);
#5261=ORIENTED_EDGE('',*,*,#3993,.T.);
#5262=ORIENTED_EDGE('',*,*,#3994,.F.);
#5263=ORIENTED_EDGE('',*,*,#3995,.F.);
#5264=ORIENTED_EDGE('',*,*,#3996,.T.);
#5265=ORIENTED_EDGE('',*,*,#3997,.F.);
#5266=ORIENTED_EDGE('',*,*,#3820,.F.);
#5267=ORIENTED_EDGE('',*,*,#3998,.F.);
#5268=ORIENTED_EDGE('',*,*,#3999,.T.);
#5269=ORIENTED_EDGE('',*,*,#3998,.T.);
#5270=ORIENTED_EDGE('',*,*,#3819,.F.);
#5271=ORIENTED_EDGE('',*,*,#4000,.T.);
#5272=ORIENTED_EDGE('',*,*,#4001,.T.);
#5273=ORIENTED_EDGE('',*,*,#4002,.F.);
#5274=ORIENTED_EDGE('',*,*,#4003,.F.);
#5275=ORIENTED_EDGE('',*,*,#4004,.F.);
#5276=ORIENTED_EDGE('',*,*,#4005,.F.);
#5277=ORIENTED_EDGE('',*,*,#4006,.T.);
#5278=ORIENTED_EDGE('',*,*,#3815,.F.);
#5279=ORIENTED_EDGE('',*,*,#4007,.T.);
#5280=ORIENTED_EDGE('',*,*,#4008,.T.);
#5281=ORIENTED_EDGE('',*,*,#4009,.F.);
#5282=ORIENTED_EDGE('',*,*,#4010,.F.);
#5283=ORIENTED_EDGE('',*,*,#4011,.F.);
#5284=ORIENTED_EDGE('',*,*,#4012,.F.);
#5285=ORIENTED_EDGE('',*,*,#4013,.T.);
#5286=ORIENTED_EDGE('',*,*,#4014,.T.);
#5287=ORIENTED_EDGE('',*,*,#4011,.T.);
#5288=ORIENTED_EDGE('',*,*,#4015,.F.);
#5289=ORIENTED_EDGE('',*,*,#4016,.F.);
#5290=ORIENTED_EDGE('',*,*,#4017,.F.);
#5291=ORIENTED_EDGE('',*,*,#4018,.F.);
#5292=ORIENTED_EDGE('',*,*,#4019,.T.);
#5293=ORIENTED_EDGE('',*,*,#4013,.F.);
#5294=ORIENTED_EDGE('',*,*,#4020,.T.);
#5295=ORIENTED_EDGE('',*,*,#4021,.T.);
#5296=ORIENTED_EDGE('',*,*,#4022,.T.);
#5297=ORIENTED_EDGE('',*,*,#4018,.T.);
#5298=ORIENTED_EDGE('',*,*,#4023,.F.);
#5299=ORIENTED_EDGE('',*,*,#4024,.T.);
#5300=ORIENTED_EDGE('',*,*,#4021,.F.);
#5301=ORIENTED_EDGE('',*,*,#4025,.F.);
#5302=ORIENTED_EDGE('',*,*,#4026,.T.);
#5303=ORIENTED_EDGE('',*,*,#4027,.T.);
#5304=ORIENTED_EDGE('',*,*,#4028,.T.);
#5305=ORIENTED_EDGE('',*,*,#4029,.F.);
#5306=ORIENTED_EDGE('',*,*,#4030,.T.);
#5307=ORIENTED_EDGE('',*,*,#4031,.T.);
#5308=ORIENTED_EDGE('',*,*,#4032,.T.);
#5309=ORIENTED_EDGE('',*,*,#4023,.T.);
#5310=ORIENTED_EDGE('',*,*,#4033,.F.);
#5311=ORIENTED_EDGE('',*,*,#4034,.T.);
#5312=ORIENTED_EDGE('',*,*,#4031,.F.);
#5313=ORIENTED_EDGE('',*,*,#4035,.F.);
#5314=ORIENTED_EDGE('',*,*,#4036,.F.);
#5315=ORIENTED_EDGE('',*,*,#4037,.T.);
#5316=ORIENTED_EDGE('',*,*,#4038,.T.);
#5317=ORIENTED_EDGE('',*,*,#4033,.T.);
#5318=ORIENTED_EDGE('',*,*,#4039,.T.);
#5319=ORIENTED_EDGE('',*,*,#4037,.F.);
#5320=ORIENTED_EDGE('',*,*,#4040,.F.);
#5321=ORIENTED_EDGE('',*,*,#4041,.F.);
#5322=ORIENTED_EDGE('',*,*,#4042,.F.);
#5323=ORIENTED_EDGE('',*,*,#4043,.F.);
#5324=ORIENTED_EDGE('',*,*,#4044,.T.);
#5325=ORIENTED_EDGE('',*,*,#4045,.F.);
#5326=ORIENTED_EDGE('',*,*,#4046,.F.);
#5327=ORIENTED_EDGE('',*,*,#4047,.T.);
#5328=ORIENTED_EDGE('',*,*,#4048,.F.);
#5329=ORIENTED_EDGE('',*,*,#4041,.T.);
#5330=ORIENTED_EDGE('',*,*,#4049,.F.);
#5331=ORIENTED_EDGE('',*,*,#4050,.F.);
#5332=ORIENTED_EDGE('',*,*,#3966,.T.);
#5333=ORIENTED_EDGE('',*,*,#4051,.F.);
#5334=ORIENTED_EDGE('',*,*,#4052,.F.);
#5335=ORIENTED_EDGE('',*,*,#4053,.F.);
#5336=ORIENTED_EDGE('',*,*,#4054,.F.);
#5337=ORIENTED_EDGE('',*,*,#4047,.F.);
#5338=ORIENTED_EDGE('',*,*,#3920,.T.);
#5339=ORIENTED_EDGE('',*,*,#4055,.F.);
#5340=ORIENTED_EDGE('',*,*,#3960,.T.);
#5341=ORIENTED_EDGE('',*,*,#4056,.F.);
#5342=ORIENTED_EDGE('',*,*,#4057,.F.);
#5343=ORIENTED_EDGE('',*,*,#4058,.F.);
#5344=ORIENTED_EDGE('',*,*,#4059,.F.);
#5345=ORIENTED_EDGE('',*,*,#4060,.F.);
#5346=ORIENTED_EDGE('',*,*,#4061,.F.);
#5347=ORIENTED_EDGE('',*,*,#4062,.F.);
#5348=ORIENTED_EDGE('',*,*,#3925,.F.);
#5349=ORIENTED_EDGE('',*,*,#4063,.F.);
#5350=ORIENTED_EDGE('',*,*,#4064,.F.);
#5351=ORIENTED_EDGE('',*,*,#4065,.F.);
#5352=ORIENTED_EDGE('',*,*,#4066,.F.);
#5353=ORIENTED_EDGE('',*,*,#4067,.F.);
#5354=ORIENTED_EDGE('',*,*,#4068,.F.);
#5355=ORIENTED_EDGE('',*,*,#4058,.T.);
#5356=ORIENTED_EDGE('',*,*,#4069,.F.);
#5357=ORIENTED_EDGE('',*,*,#4070,.F.);
#5358=ORIENTED_EDGE('',*,*,#4071,.F.);
#5359=ORIENTED_EDGE('',*,*,#4067,.T.);
#5360=ORIENTED_EDGE('',*,*,#4072,.F.);
#5361=ORIENTED_EDGE('',*,*,#4073,.T.);
#5362=ORIENTED_EDGE('',*,*,#4074,.T.);
#5363=ORIENTED_EDGE('',*,*,#4070,.T.);
#5364=ORIENTED_EDGE('',*,*,#4075,.F.);
#5365=ORIENTED_EDGE('',*,*,#4076,.F.);
#5366=ORIENTED_EDGE('',*,*,#4077,.F.);
#5367=ORIENTED_EDGE('',*,*,#4078,.F.);
#5368=ORIENTED_EDGE('',*,*,#4079,.T.);
#5369=ORIENTED_EDGE('',*,*,#4073,.F.);
#5370=ORIENTED_EDGE('',*,*,#4080,.T.);
#5371=ORIENTED_EDGE('',*,*,#4081,.T.);
#5372=ORIENTED_EDGE('',*,*,#4082,.T.);
#5373=ORIENTED_EDGE('',*,*,#4078,.T.);
#5374=ORIENTED_EDGE('',*,*,#4083,.F.);
#5375=ORIENTED_EDGE('',*,*,#4084,.T.);
#5376=ORIENTED_EDGE('',*,*,#4081,.F.);
#5377=ORIENTED_EDGE('',*,*,#4085,.F.);
#5378=ORIENTED_EDGE('',*,*,#4086,.T.);
#5379=ORIENTED_EDGE('',*,*,#4087,.T.);
#5380=ORIENTED_EDGE('',*,*,#4088,.T.);
#5381=ORIENTED_EDGE('',*,*,#4089,.F.);
#5382=ORIENTED_EDGE('',*,*,#4090,.T.);
#5383=ORIENTED_EDGE('',*,*,#4091,.T.);
#5384=ORIENTED_EDGE('',*,*,#4092,.T.);
#5385=ORIENTED_EDGE('',*,*,#4083,.T.);
#5386=ORIENTED_EDGE('',*,*,#4093,.F.);
#5387=ORIENTED_EDGE('',*,*,#4094,.T.);
#5388=ORIENTED_EDGE('',*,*,#4091,.F.);
#5389=ORIENTED_EDGE('',*,*,#4095,.F.);
#5390=ORIENTED_EDGE('',*,*,#4096,.F.);
#5391=ORIENTED_EDGE('',*,*,#4097,.T.);
#5392=ORIENTED_EDGE('',*,*,#4098,.T.);
#5393=ORIENTED_EDGE('',*,*,#4093,.T.);
#5394=ORIENTED_EDGE('',*,*,#4099,.T.);
#5395=ORIENTED_EDGE('',*,*,#4100,.F.);
#5396=ORIENTED_EDGE('',*,*,#4101,.T.);
#5397=ORIENTED_EDGE('',*,*,#4102,.T.);
#5398=ORIENTED_EDGE('',*,*,#4103,.F.);
#5399=ORIENTED_EDGE('',*,*,#4104,.T.);
#5400=ORIENTED_EDGE('',*,*,#4105,.F.);
#5401=ORIENTED_EDGE('',*,*,#3911,.F.);
#5402=ORIENTED_EDGE('',*,*,#4106,.F.);
#5403=ORIENTED_EDGE('',*,*,#4107,.T.);
#5404=ORIENTED_EDGE('',*,*,#4108,.F.);
#5405=ORIENTED_EDGE('',*,*,#4109,.F.);
#5406=ORIENTED_EDGE('',*,*,#4106,.T.);
#5407=ORIENTED_EDGE('',*,*,#3910,.F.);
#5408=ORIENTED_EDGE('',*,*,#4110,.T.);
#5409=ORIENTED_EDGE('',*,*,#4111,.T.);
#5410=ORIENTED_EDGE('',*,*,#4112,.F.);
#5411=ORIENTED_EDGE('',*,*,#4113,.F.);
#5412=ORIENTED_EDGE('',*,*,#4114,.F.);
#5413=ORIENTED_EDGE('',*,*,#4115,.F.);
#5414=ORIENTED_EDGE('',*,*,#4116,.T.);
#5415=ORIENTED_EDGE('',*,*,#3906,.F.);
#5416=ORIENTED_EDGE('',*,*,#4117,.T.);
#5417=ORIENTED_EDGE('',*,*,#4118,.T.);
#5418=ORIENTED_EDGE('',*,*,#4119,.F.);
#5419=ORIENTED_EDGE('',*,*,#4120,.T.);
#5420=ORIENTED_EDGE('',*,*,#4117,.F.);
#5421=ORIENTED_EDGE('',*,*,#3905,.F.);
#5422=ORIENTED_EDGE('',*,*,#4121,.F.);
#5423=ORIENTED_EDGE('',*,*,#4122,.T.);
#5424=ORIENTED_EDGE('',*,*,#4123,.F.);
#5425=ORIENTED_EDGE('',*,*,#4124,.T.);
#5426=ORIENTED_EDGE('',*,*,#4125,.F.);
#5427=ORIENTED_EDGE('',*,*,#4126,.F.);
#5428=ORIENTED_EDGE('',*,*,#4127,.T.);
#5429=ORIENTED_EDGE('',*,*,#4128,.T.);
#5430=ORIENTED_EDGE('',*,*,#4129,.F.);
#5431=ORIENTED_EDGE('',*,*,#4130,.T.);
#5432=ORIENTED_EDGE('',*,*,#4131,.T.);
#5433=ORIENTED_EDGE('',*,*,#4132,.T.);
#5434=ORIENTED_EDGE('',*,*,#4133,.F.);
#5435=ORIENTED_EDGE('',*,*,#4134,.T.);
#5436=ORIENTED_EDGE('',*,*,#4135,.T.);
#5437=ORIENTED_EDGE('',*,*,#4136,.T.);
#5438=ORIENTED_EDGE('',*,*,#4137,.T.);
#5439=ORIENTED_EDGE('',*,*,#4138,.T.);
#5440=ORIENTED_EDGE('',*,*,#4139,.T.);
#5441=ORIENTED_EDGE('',*,*,#4140,.T.);
#5442=ORIENTED_EDGE('',*,*,#4141,.T.);
#5443=ORIENTED_EDGE('',*,*,#4142,.F.);
#5444=ORIENTED_EDGE('',*,*,#4143,.T.);
#5445=ORIENTED_EDGE('',*,*,#4144,.F.);
#5446=ORIENTED_EDGE('',*,*,#4145,.T.);
#5447=ORIENTED_EDGE('',*,*,#4138,.F.);
#5448=ORIENTED_EDGE('',*,*,#4146,.T.);
#5449=ORIENTED_EDGE('',*,*,#4147,.T.);
#5450=ORIENTED_EDGE('',*,*,#4148,.T.);
#5451=ORIENTED_EDGE('',*,*,#4149,.T.);
#5452=ORIENTED_EDGE('',*,*,#4150,.T.);
#5453=ORIENTED_EDGE('',*,*,#4151,.T.);
#5454=ORIENTED_EDGE('',*,*,#4152,.F.);
#5455=ORIENTED_EDGE('',*,*,#3968,.F.);
#5456=ORIENTED_EDGE('',*,*,#4153,.T.);
#5457=ORIENTED_EDGE('',*,*,#4152,.T.);
#5458=ORIENTED_EDGE('',*,*,#4154,.T.);
#5459=ORIENTED_EDGE('',*,*,#4155,.F.);
#5460=ORIENTED_EDGE('',*,*,#4156,.T.);
#5461=ORIENTED_EDGE('',*,*,#4157,.F.);
#5462=ORIENTED_EDGE('',*,*,#4158,.T.);
#5463=ORIENTED_EDGE('',*,*,#4159,.F.);
#5464=ORIENTED_EDGE('',*,*,#4160,.T.);
#5465=ORIENTED_EDGE('',*,*,#4161,.T.);
#5466=ORIENTED_EDGE('',*,*,#4160,.F.);
#5467=ORIENTED_EDGE('',*,*,#4162,.F.);
#5468=ORIENTED_EDGE('',*,*,#4163,.T.);
#5469=ORIENTED_EDGE('',*,*,#4164,.T.);
#5470=ORIENTED_EDGE('',*,*,#4163,.F.);
#5471=ORIENTED_EDGE('',*,*,#4165,.F.);
#5472=ORIENTED_EDGE('',*,*,#4166,.T.);
#5473=ORIENTED_EDGE('',*,*,#4167,.T.);
#5474=ORIENTED_EDGE('',*,*,#4166,.F.);
#5475=ORIENTED_EDGE('',*,*,#4168,.F.);
#5476=ORIENTED_EDGE('',*,*,#4169,.T.);
#5477=ORIENTED_EDGE('',*,*,#4170,.T.);
#5478=ORIENTED_EDGE('',*,*,#4169,.F.);
#5479=ORIENTED_EDGE('',*,*,#4060,.T.);
#5480=ORIENTED_EDGE('',*,*,#3919,.T.);
#5481=ORIENTED_EDGE('',*,*,#3913,.F.);
#5482=ORIENTED_EDGE('',*,*,#4171,.F.);
#5483=ORIENTED_EDGE('',*,*,#4172,.F.);
#5484=ORIENTED_EDGE('',*,*,#4173,.F.);
#5485=ORIENTED_EDGE('',*,*,#4174,.F.);
#5486=ORIENTED_EDGE('',*,*,#4175,.F.);
#5487=ORIENTED_EDGE('',*,*,#4176,.T.);
#5488=ORIENTED_EDGE('',*,*,#4177,.F.);
#5489=ORIENTED_EDGE('',*,*,#4171,.T.);
#5490=ORIENTED_EDGE('',*,*,#3912,.F.);
#5491=ORIENTED_EDGE('',*,*,#4178,.F.);
#5492=ORIENTED_EDGE('',*,*,#3908,.F.);
#5493=ORIENTED_EDGE('',*,*,#4179,.F.);
#5494=ORIENTED_EDGE('',*,*,#3904,.F.);
#5495=ORIENTED_EDGE('',*,*,#3790,.T.);
#5496=ORIENTED_EDGE('',*,*,#4180,.F.);
#5497=ORIENTED_EDGE('',*,*,#4181,.F.);
#5498=ORIENTED_EDGE('',*,*,#4182,.F.);
#5499=ORIENTED_EDGE('',*,*,#4176,.F.);
#5500=ORIENTED_EDGE('',*,*,#4183,.F.);
#5501=ORIENTED_EDGE('',*,*,#3922,.T.);
#5502=ORIENTED_EDGE('',*,*,#4184,.F.);
#5503=ORIENTED_EDGE('',*,*,#3923,.T.);
#5504=ORIENTED_EDGE('',*,*,#4183,.T.);
#5505=ORIENTED_EDGE('',*,*,#4175,.T.);
#5506=ORIENTED_EDGE('',*,*,#4185,.T.);
#5507=ORIENTED_EDGE('',*,*,#4186,.F.);
#5508=ORIENTED_EDGE('',*,*,#4057,.T.);
#5509=ORIENTED_EDGE('',*,*,#3924,.T.);
#5510=ORIENTED_EDGE('',*,*,#4184,.T.);
#5511=ORIENTED_EDGE('',*,*,#4187,.T.);
#5512=ORIENTED_EDGE('',*,*,#4188,.T.);
#5513=ORIENTED_EDGE('',*,*,#4189,.T.);
#5514=ORIENTED_EDGE('',*,*,#4181,.T.);
#5515=ORIENTED_EDGE('',*,*,#3926,.T.);
#5516=ORIENTED_EDGE('',*,*,#4062,.T.);
#5517=ORIENTED_EDGE('',*,*,#4190,.F.);
#5518=ORIENTED_EDGE('',*,*,#4191,.T.);
#5519=ORIENTED_EDGE('',*,*,#4192,.T.);
#5520=ORIENTED_EDGE('',*,*,#3917,.T.);
#5521=ORIENTED_EDGE('',*,*,#4193,.T.);
#5522=ORIENTED_EDGE('',*,*,#4194,.T.);
#5523=ORIENTED_EDGE('',*,*,#4190,.T.);
#5524=ORIENTED_EDGE('',*,*,#3921,.T.);
#5525=ORIENTED_EDGE('',*,*,#4056,.T.);
#5526=ORIENTED_EDGE('',*,*,#3959,.T.);
#5527=ORIENTED_EDGE('',*,*,#4195,.F.);
#5528=ORIENTED_EDGE('',*,*,#4196,.T.);
#5529=ORIENTED_EDGE('',*,*,#4197,.F.);
#5530=ORIENTED_EDGE('',*,*,#4196,.F.);
#5531=ORIENTED_EDGE('',*,*,#4198,.F.);
#5532=ORIENTED_EDGE('',*,*,#4199,.T.);
#5533=ORIENTED_EDGE('',*,*,#4200,.F.);
#5534=ORIENTED_EDGE('',*,*,#4199,.F.);
#5535=ORIENTED_EDGE('',*,*,#4201,.F.);
#5536=ORIENTED_EDGE('',*,*,#4202,.T.);
#5537=ORIENTED_EDGE('',*,*,#4203,.T.);
#5538=ORIENTED_EDGE('',*,*,#4202,.F.);
#5539=ORIENTED_EDGE('',*,*,#4204,.F.);
#5540=ORIENTED_EDGE('',*,*,#4205,.T.);
#5541=ORIENTED_EDGE('',*,*,#4206,.T.);
#5542=ORIENTED_EDGE('',*,*,#4205,.F.);
#5543=ORIENTED_EDGE('',*,*,#4207,.F.);
#5544=ORIENTED_EDGE('',*,*,#4208,.T.);
#5545=ORIENTED_EDGE('',*,*,#4209,.T.);
#5546=ORIENTED_EDGE('',*,*,#4208,.F.);
#5547=ORIENTED_EDGE('',*,*,#4210,.F.);
#5548=ORIENTED_EDGE('',*,*,#4211,.T.);
#5549=ORIENTED_EDGE('',*,*,#4212,.T.);
#5550=ORIENTED_EDGE('',*,*,#4211,.F.);
#5551=ORIENTED_EDGE('',*,*,#4213,.F.);
#5552=ORIENTED_EDGE('',*,*,#4214,.T.);
#5553=ORIENTED_EDGE('',*,*,#4215,.F.);
#5554=ORIENTED_EDGE('',*,*,#4214,.F.);
#5555=ORIENTED_EDGE('',*,*,#4216,.F.);
#5556=ORIENTED_EDGE('',*,*,#4217,.T.);
#5557=ORIENTED_EDGE('',*,*,#4218,.F.);
#5558=ORIENTED_EDGE('',*,*,#4217,.F.);
#5559=ORIENTED_EDGE('',*,*,#4219,.F.);
#5560=ORIENTED_EDGE('',*,*,#4220,.F.);
#5561=ORIENTED_EDGE('',*,*,#4221,.F.);
#5562=ORIENTED_EDGE('',*,*,#4222,.F.);
#5563=ORIENTED_EDGE('',*,*,#4223,.T.);
#5564=ORIENTED_EDGE('',*,*,#4224,.T.);
#5565=ORIENTED_EDGE('',*,*,#4225,.T.);
#5566=ORIENTED_EDGE('',*,*,#4226,.F.);
#5567=ORIENTED_EDGE('',*,*,#4227,.F.);
#5568=ORIENTED_EDGE('',*,*,#4065,.T.);
#5569=ORIENTED_EDGE('',*,*,#4228,.T.);
#5570=ORIENTED_EDGE('',*,*,#4229,.T.);
#5571=ORIENTED_EDGE('',*,*,#4230,.T.);
#5572=ORIENTED_EDGE('',*,*,#4063,.T.);
#5573=ORIENTED_EDGE('',*,*,#4231,.T.);
#5574=ORIENTED_EDGE('',*,*,#4232,.T.);
#5575=ORIENTED_EDGE('',*,*,#4233,.F.);
#5576=ORIENTED_EDGE('',*,*,#4234,.F.);
#5577=ORIENTED_EDGE('',*,*,#4232,.F.);
#5578=ORIENTED_EDGE('',*,*,#4235,.F.);
#5579=ORIENTED_EDGE('',*,*,#4236,.F.);
#5580=ORIENTED_EDGE('',*,*,#4237,.T.);
#5581=ORIENTED_EDGE('',*,*,#4238,.T.);
#5582=ORIENTED_EDGE('',*,*,#4233,.T.);
#5583=ORIENTED_EDGE('',*,*,#4237,.F.);
#5584=ORIENTED_EDGE('',*,*,#4239,.F.);
#5585=ORIENTED_EDGE('',*,*,#4240,.F.);
#5586=ORIENTED_EDGE('',*,*,#4241,.F.);
#5587=ORIENTED_EDGE('',*,*,#4242,.F.);
#5588=ORIENTED_EDGE('',*,*,#4243,.T.);
#5589=ORIENTED_EDGE('',*,*,#4244,.T.);
#5590=ORIENTED_EDGE('',*,*,#4240,.T.);
#5591=ORIENTED_EDGE('',*,*,#4245,.F.);
#5592=ORIENTED_EDGE('',*,*,#4246,.T.);
#5593=ORIENTED_EDGE('',*,*,#4243,.F.);
#5594=ORIENTED_EDGE('',*,*,#4247,.F.);
#5595=ORIENTED_EDGE('',*,*,#4186,.T.);
#5596=ORIENTED_EDGE('',*,*,#4185,.F.);
#5597=ORIENTED_EDGE('',*,*,#4174,.T.);
#5598=ORIENTED_EDGE('',*,*,#4248,.T.);
#5599=ORIENTED_EDGE('',*,*,#4245,.T.);
#5600=ORIENTED_EDGE('',*,*,#4187,.F.);
#5601=ORIENTED_EDGE('',*,*,#4249,.F.);
#5602=ORIENTED_EDGE('',*,*,#4250,.F.);
#5603=ORIENTED_EDGE('',*,*,#4191,.F.);
#5604=ORIENTED_EDGE('',*,*,#4194,.F.);
#5605=ORIENTED_EDGE('',*,*,#4193,.F.);
#5606=ORIENTED_EDGE('',*,*,#3958,.T.);
#5607=ORIENTED_EDGE('',*,*,#4251,.T.);
#5608=ORIENTED_EDGE('',*,*,#4249,.T.);
#5609=ORIENTED_EDGE('',*,*,#4252,.F.);
#5610=ORIENTED_EDGE('',*,*,#4253,.T.);
#5611=ORIENTED_EDGE('',*,*,#4254,.F.);
#5612=ORIENTED_EDGE('',*,*,#4255,.F.);
#5613=ORIENTED_EDGE('',*,*,#4256,.T.);
#5614=ORIENTED_EDGE('',*,*,#3807,.T.);
#5615=ORIENTED_EDGE('',*,*,#3821,.F.);
#5616=ORIENTED_EDGE('',*,*,#4257,.F.);
#5617=ORIENTED_EDGE('',*,*,#3817,.F.);
#5618=ORIENTED_EDGE('',*,*,#4258,.F.);
#5619=ORIENTED_EDGE('',*,*,#3813,.F.);
#5620=ORIENTED_EDGE('',*,*,#4259,.T.);
#5621=ORIENTED_EDGE('',*,*,#4260,.F.);
#5622=ORIENTED_EDGE('',*,*,#4261,.T.);
#5623=ORIENTED_EDGE('',*,*,#4262,.T.);
#5624=ORIENTED_EDGE('',*,*,#4255,.T.);
#5625=ORIENTED_EDGE('',*,*,#4263,.F.);
#5626=ORIENTED_EDGE('',*,*,#4261,.F.);
#5627=ORIENTED_EDGE('',*,*,#4264,.F.);
#5628=ORIENTED_EDGE('',*,*,#4265,.F.);
#5629=ORIENTED_EDGE('',*,*,#4266,.F.);
#5630=ORIENTED_EDGE('',*,*,#4267,.F.);
#5631=ORIENTED_EDGE('',*,*,#4268,.F.);
#5632=ORIENTED_EDGE('',*,*,#4269,.T.);
#5633=ORIENTED_EDGE('',*,*,#4270,.T.);
#5634=ORIENTED_EDGE('',*,*,#4266,.T.);
#5635=ORIENTED_EDGE('',*,*,#4271,.F.);
#5636=ORIENTED_EDGE('',*,*,#4272,.F.);
#5637=ORIENTED_EDGE('',*,*,#4269,.F.);
#5638=ORIENTED_EDGE('',*,*,#4273,.F.);
#5639=ORIENTED_EDGE('',*,*,#4274,.F.);
#5640=ORIENTED_EDGE('',*,*,#4275,.T.);
#5641=ORIENTED_EDGE('',*,*,#4276,.T.);
#5642=ORIENTED_EDGE('',*,*,#4271,.T.);
#5643=ORIENTED_EDGE('',*,*,#4275,.F.);
#5644=ORIENTED_EDGE('',*,*,#4277,.F.);
#5645=ORIENTED_EDGE('',*,*,#4278,.F.);
#5646=ORIENTED_EDGE('',*,*,#4279,.T.);
#5647=ORIENTED_EDGE('',*,*,#4280,.T.);
#5648=ORIENTED_EDGE('',*,*,#4278,.T.);
#5649=ORIENTED_EDGE('',*,*,#4281,.T.);
#5650=ORIENTED_EDGE('',*,*,#4045,.T.);
#5651=ORIENTED_EDGE('',*,*,#4282,.F.);
#5652=ORIENTED_EDGE('',*,*,#4283,.T.);
#5653=ORIENTED_EDGE('',*,*,#4284,.T.);
#5654=ORIENTED_EDGE('',*,*,#4043,.T.);
#5655=ORIENTED_EDGE('',*,*,#4285,.F.);
#5656=ORIENTED_EDGE('',*,*,#4286,.F.);
#5657=ORIENTED_EDGE('',*,*,#4287,.F.);
#5658=ORIENTED_EDGE('',*,*,#4283,.F.);
#5659=ORIENTED_EDGE('',*,*,#4288,.T.);
#5660=ORIENTED_EDGE('',*,*,#4289,.T.);
#5661=ORIENTED_EDGE('',*,*,#4290,.T.);
#5662=ORIENTED_EDGE('',*,*,#4291,.T.);
#5663=ORIENTED_EDGE('',*,*,#4292,.T.);
#5664=ORIENTED_EDGE('',*,*,#4293,.F.);
#5665=ORIENTED_EDGE('',*,*,#4286,.T.);
#5666=ORIENTED_EDGE('',*,*,#4294,.T.);
#5667=ORIENTED_EDGE('',*,*,#4295,.F.);
#5668=ORIENTED_EDGE('',*,*,#4296,.F.);
#5669=ORIENTED_EDGE('',*,*,#4297,.F.);
#5670=ORIENTED_EDGE('',*,*,#3948,.T.);
#5671=ORIENTED_EDGE('',*,*,#4298,.F.);
#5672=ORIENTED_EDGE('',*,*,#4299,.F.);
#5673=ORIENTED_EDGE('',*,*,#4300,.T.);
#5674=ORIENTED_EDGE('',*,*,#4301,.T.);
#5675=ORIENTED_EDGE('',*,*,#4302,.F.);
#5676=ORIENTED_EDGE('',*,*,#4303,.F.);
#5677=ORIENTED_EDGE('',*,*,#4301,.F.);
#5678=ORIENTED_EDGE('',*,*,#4304,.F.);
#5679=ORIENTED_EDGE('',*,*,#3981,.F.);
#5680=ORIENTED_EDGE('',*,*,#4305,.T.);
#5681=ORIENTED_EDGE('',*,*,#4302,.T.);
#5682=ORIENTED_EDGE('',*,*,#3980,.T.);
#5683=ORIENTED_EDGE('',*,*,#4306,.T.);
#5684=ORIENTED_EDGE('',*,*,#4307,.T.);
#5685=ORIENTED_EDGE('',*,*,#4308,.F.);
#5686=ORIENTED_EDGE('',*,*,#4309,.F.);
#5687=ORIENTED_EDGE('',*,*,#4307,.F.);
#5688=ORIENTED_EDGE('',*,*,#4310,.F.);
#5689=ORIENTED_EDGE('',*,*,#4311,.F.);
#5690=ORIENTED_EDGE('',*,*,#4312,.T.);
#5691=ORIENTED_EDGE('',*,*,#4313,.F.);
#5692=ORIENTED_EDGE('',*,*,#3969,.F.);
#5693=ORIENTED_EDGE('',*,*,#4158,.F.);
#5694=ORIENTED_EDGE('',*,*,#4314,.T.);
#5695=ORIENTED_EDGE('',*,*,#4308,.T.);
#5696=ORIENTED_EDGE('',*,*,#4157,.T.);
#5697=ORIENTED_EDGE('',*,*,#4315,.T.);
#5698=ORIENTED_EDGE('',*,*,#4316,.F.);
#5699=ORIENTED_EDGE('',*,*,#4317,.F.);
#5700=ORIENTED_EDGE('',*,*,#4315,.F.);
#5701=ORIENTED_EDGE('',*,*,#4156,.F.);
#5702=ORIENTED_EDGE('',*,*,#4318,.T.);
#5703=ORIENTED_EDGE('',*,*,#4316,.T.);
#5704=ORIENTED_EDGE('',*,*,#4155,.T.);
#5705=ORIENTED_EDGE('',*,*,#4319,.T.);
#5706=ORIENTED_EDGE('',*,*,#4319,.F.);
#5707=ORIENTED_EDGE('',*,*,#4154,.F.);
#5708=ORIENTED_EDGE('',*,*,#4151,.F.);
#5709=ORIENTED_EDGE('',*,*,#4320,.F.);
#5710=ORIENTED_EDGE('',*,*,#4321,.T.);
#5711=ORIENTED_EDGE('',*,*,#4322,.F.);
#5712=ORIENTED_EDGE('',*,*,#4323,.F.);
#5713=ORIENTED_EDGE('',*,*,#4324,.F.);
#5714=ORIENTED_EDGE('',*,*,#4325,.F.);
#5715=ORIENTED_EDGE('',*,*,#4326,.T.);
#5716=ORIENTED_EDGE('',*,*,#4324,.T.);
#5717=ORIENTED_EDGE('',*,*,#4327,.T.);
#5718=ORIENTED_EDGE('',*,*,#4142,.T.);
#5719=ORIENTED_EDGE('',*,*,#4328,.T.);
#5720=ORIENTED_EDGE('',*,*,#4328,.F.);
#5721=ORIENTED_EDGE('',*,*,#4141,.F.);
#5722=ORIENTED_EDGE('',*,*,#4329,.T.);
#5723=ORIENTED_EDGE('',*,*,#4330,.T.);
#5724=ORIENTED_EDGE('',*,*,#4331,.F.);
#5725=ORIENTED_EDGE('',*,*,#4332,.F.);
#5726=ORIENTED_EDGE('',*,*,#4330,.F.);
#5727=ORIENTED_EDGE('',*,*,#4333,.F.);
#5728=ORIENTED_EDGE('',*,*,#4334,.F.);
#5729=ORIENTED_EDGE('',*,*,#4335,.T.);
#5730=ORIENTED_EDGE('',*,*,#3937,.T.);
#5731=ORIENTED_EDGE('',*,*,#4130,.F.);
#5732=ORIENTED_EDGE('',*,*,#4336,.T.);
#5733=ORIENTED_EDGE('',*,*,#3938,.F.);
#5734=ORIENTED_EDGE('',*,*,#4335,.F.);
#5735=ORIENTED_EDGE('',*,*,#4337,.T.);
#5736=ORIENTED_EDGE('',*,*,#4336,.F.);
#5737=ORIENTED_EDGE('',*,*,#4135,.F.);
#5738=ORIENTED_EDGE('',*,*,#3940,.F.);
#5739=ORIENTED_EDGE('',*,*,#3939,.T.);
#5740=ORIENTED_EDGE('',*,*,#4338,.F.);
#5741=ORIENTED_EDGE('',*,*,#3946,.T.);
#5742=ORIENTED_EDGE('',*,*,#3945,.F.);
#5743=ORIENTED_EDGE('',*,*,#3988,.T.);
#5744=ORIENTED_EDGE('',*,*,#3947,.T.);
#5745=ORIENTED_EDGE('',*,*,#4338,.T.);
#5746=ORIENTED_EDGE('',*,*,#3987,.F.);
#5747=ORIENTED_EDGE('',*,*,#4339,.T.);
#5748=ORIENTED_EDGE('',*,*,#4298,.T.);
#5749=ORIENTED_EDGE('',*,*,#4053,.T.);
#5750=ORIENTED_EDGE('',*,*,#4340,.F.);
#5751=ORIENTED_EDGE('',*,*,#4341,.F.);
#5752=ORIENTED_EDGE('',*,*,#4259,.F.);
#5753=ORIENTED_EDGE('',*,*,#3812,.F.);
#5754=ORIENTED_EDGE('',*,*,#3961,.F.);
#5755=ORIENTED_EDGE('',*,*,#4342,.F.);
#5756=ORIENTED_EDGE('',*,*,#4263,.T.);
#5757=ORIENTED_EDGE('',*,*,#4254,.T.);
#5758=ORIENTED_EDGE('',*,*,#4343,.T.);
#5759=ORIENTED_EDGE('',*,*,#3963,.T.);
#5760=ORIENTED_EDGE('',*,*,#4344,.F.);
#5761=ORIENTED_EDGE('',*,*,#3964,.T.);
#5762=ORIENTED_EDGE('',*,*,#4343,.F.);
#5763=ORIENTED_EDGE('',*,*,#4253,.F.);
#5764=ORIENTED_EDGE('',*,*,#4345,.T.);
#5765=ORIENTED_EDGE('',*,*,#4346,.T.);
#5766=ORIENTED_EDGE('',*,*,#4051,.T.);
#5767=ORIENTED_EDGE('',*,*,#3965,.T.);
#5768=ORIENTED_EDGE('',*,*,#4344,.T.);
#5769=ORIENTED_EDGE('',*,*,#4347,.F.);
#5770=ORIENTED_EDGE('',*,*,#4342,.T.);
#5771=ORIENTED_EDGE('',*,*,#3967,.T.);
#5772=ORIENTED_EDGE('',*,*,#4050,.T.);
#5773=ORIENTED_EDGE('',*,*,#4264,.T.);
#5774=ORIENTED_EDGE('',*,*,#4260,.T.);
#5775=ORIENTED_EDGE('',*,*,#4348,.F.);
#5776=ORIENTED_EDGE('',*,*,#3978,.F.);
#5777=ORIENTED_EDGE('',*,*,#3970,.F.);
#5778=ORIENTED_EDGE('',*,*,#3972,.F.);
#5779=ORIENTED_EDGE('',*,*,#4348,.T.);
#5780=ORIENTED_EDGE('',*,*,#4313,.T.);
#5781=ORIENTED_EDGE('',*,*,#4349,.T.);
#5782=ORIENTED_EDGE('',*,*,#3973,.F.);
#5783=ORIENTED_EDGE('',*,*,#4349,.F.);
#5784=ORIENTED_EDGE('',*,*,#4312,.F.);
#5785=ORIENTED_EDGE('',*,*,#4350,.F.);
#5786=ORIENTED_EDGE('',*,*,#3974,.F.);
#5787=ORIENTED_EDGE('',*,*,#4350,.T.);
#5788=ORIENTED_EDGE('',*,*,#4311,.T.);
#5789=ORIENTED_EDGE('',*,*,#4351,.T.);
#5790=ORIENTED_EDGE('',*,*,#4351,.F.);
#5791=ORIENTED_EDGE('',*,*,#4352,.F.);
#5792=ORIENTED_EDGE('',*,*,#3984,.F.);
#5793=ORIENTED_EDGE('',*,*,#3975,.T.);
#5794=ORIENTED_EDGE('',*,*,#4306,.F.);
#5795=ORIENTED_EDGE('',*,*,#3979,.F.);
#5796=ORIENTED_EDGE('',*,*,#4352,.T.);
#5797=ORIENTED_EDGE('',*,*,#4310,.T.);
#5798=ORIENTED_EDGE('',*,*,#4353,.F.);
#5799=ORIENTED_EDGE('',*,*,#3990,.F.);
#5800=ORIENTED_EDGE('',*,*,#3982,.F.);
#5801=ORIENTED_EDGE('',*,*,#3985,.F.);
#5802=ORIENTED_EDGE('',*,*,#4353,.T.);
#5803=ORIENTED_EDGE('',*,*,#4304,.T.);
#5804=ORIENTED_EDGE('',*,*,#4300,.F.);
#5805=ORIENTED_EDGE('',*,*,#4354,.T.);
#5806=ORIENTED_EDGE('',*,*,#4354,.F.);
#5807=ORIENTED_EDGE('',*,*,#4299,.T.);
#5808=ORIENTED_EDGE('',*,*,#4339,.F.);
#5809=ORIENTED_EDGE('',*,*,#3986,.F.);
#5810=ORIENTED_EDGE('',*,*,#4355,.T.);
#5811=ORIENTED_EDGE('',*,*,#4294,.F.);
#5812=ORIENTED_EDGE('',*,*,#4285,.T.);
#5813=ORIENTED_EDGE('',*,*,#4356,.F.);
#5814=ORIENTED_EDGE('',*,*,#4357,.T.);
#5815=ORIENTED_EDGE('',*,*,#4358,.F.);
#5816=ORIENTED_EDGE('',*,*,#4359,.F.);
#5817=ORIENTED_EDGE('',*,*,#4360,.F.);
#5818=ORIENTED_EDGE('',*,*,#4005,.T.);
#5819=ORIENTED_EDGE('',*,*,#4361,.F.);
#5820=ORIENTED_EDGE('',*,*,#4362,.F.);
#5821=ORIENTED_EDGE('',*,*,#4363,.F.);
#5822=ORIENTED_EDGE('',*,*,#3996,.F.);
#5823=ORIENTED_EDGE('',*,*,#4364,.F.);
#5824=ORIENTED_EDGE('',*,*,#4365,.T.);
#5825=ORIENTED_EDGE('',*,*,#4366,.F.);
#5826=ORIENTED_EDGE('',*,*,#4367,.T.);
#5827=ORIENTED_EDGE('',*,*,#4257,.T.);
#5828=ORIENTED_EDGE('',*,*,#3997,.T.);
#5829=ORIENTED_EDGE('',*,*,#4363,.T.);
#5830=ORIENTED_EDGE('',*,*,#4368,.T.);
#5831=ORIENTED_EDGE('',*,*,#4258,.T.);
#5832=ORIENTED_EDGE('',*,*,#4369,.T.);
#5833=ORIENTED_EDGE('',*,*,#4358,.T.);
#5834=ORIENTED_EDGE('',*,*,#4370,.F.);
#5835=ORIENTED_EDGE('',*,*,#4292,.F.);
#5836=ORIENTED_EDGE('',*,*,#4371,.F.);
#5837=ORIENTED_EDGE('',*,*,#4010,.T.);
#5838=ORIENTED_EDGE('',*,*,#4371,.T.);
#5839=ORIENTED_EDGE('',*,*,#4291,.F.);
#5840=ORIENTED_EDGE('',*,*,#4372,.F.);
#5841=ORIENTED_EDGE('',*,*,#4016,.T.);
#5842=ORIENTED_EDGE('',*,*,#4015,.T.);
#5843=ORIENTED_EDGE('',*,*,#4030,.F.);
#5844=ORIENTED_EDGE('',*,*,#4029,.T.);
#5845=ORIENTED_EDGE('',*,*,#4373,.T.);
#5846=ORIENTED_EDGE('',*,*,#4374,.T.);
#5847=ORIENTED_EDGE('',*,*,#4375,.T.);
#5848=ORIENTED_EDGE('',*,*,#4025,.T.);
#5849=ORIENTED_EDGE('',*,*,#4020,.F.);
#5850=ORIENTED_EDGE('',*,*,#4017,.T.);
#5851=ORIENTED_EDGE('',*,*,#4372,.T.);
#5852=ORIENTED_EDGE('',*,*,#4290,.F.);
#5853=ORIENTED_EDGE('',*,*,#4376,.F.);
#5854=ORIENTED_EDGE('',*,*,#4035,.T.);
#5855=ORIENTED_EDGE('',*,*,#4375,.F.);
#5856=ORIENTED_EDGE('',*,*,#4377,.T.);
#5857=ORIENTED_EDGE('',*,*,#4378,.T.);
#5858=ORIENTED_EDGE('',*,*,#4026,.F.);
#5859=ORIENTED_EDGE('',*,*,#4379,.F.);
#5860=ORIENTED_EDGE('',*,*,#4380,.F.);
#5861=ORIENTED_EDGE('',*,*,#4027,.F.);
#5862=ORIENTED_EDGE('',*,*,#4378,.F.);
#5863=ORIENTED_EDGE('',*,*,#4170,.F.);
#5864=ORIENTED_EDGE('',*,*,#4373,.F.);
#5865=ORIENTED_EDGE('',*,*,#4028,.F.);
#5866=ORIENTED_EDGE('',*,*,#4380,.T.);
#5867=ORIENTED_EDGE('',*,*,#4381,.F.);
#5868=ORIENTED_EDGE('',*,*,#4036,.T.);
#5869=ORIENTED_EDGE('',*,*,#4376,.T.);
#5870=ORIENTED_EDGE('',*,*,#4289,.F.);
#5871=ORIENTED_EDGE('',*,*,#4382,.T.);
#5872=ORIENTED_EDGE('',*,*,#4039,.F.);
#5873=ORIENTED_EDGE('',*,*,#4382,.F.);
#5874=ORIENTED_EDGE('',*,*,#4288,.F.);
#5875=ORIENTED_EDGE('',*,*,#4282,.T.);
#5876=ORIENTED_EDGE('',*,*,#4049,.T.);
#5877=ORIENTED_EDGE('',*,*,#4040,.T.);
#5878=ORIENTED_EDGE('',*,*,#4274,.T.);
#5879=ORIENTED_EDGE('',*,*,#4273,.T.);
#5880=ORIENTED_EDGE('',*,*,#4268,.T.);
#5881=ORIENTED_EDGE('',*,*,#4265,.T.);
#5882=ORIENTED_EDGE('',*,*,#4046,.T.);
#5883=ORIENTED_EDGE('',*,*,#4281,.F.);
#5884=ORIENTED_EDGE('',*,*,#4277,.T.);
#5885=ORIENTED_EDGE('',*,*,#4383,.F.);
#5886=ORIENTED_EDGE('',*,*,#4340,.T.);
#5887=ORIENTED_EDGE('',*,*,#4052,.T.);
#5888=ORIENTED_EDGE('',*,*,#4346,.F.);
#5889=ORIENTED_EDGE('',*,*,#4384,.F.);
#5890=ORIENTED_EDGE('',*,*,#4188,.F.);
#5891=ORIENTED_EDGE('',*,*,#4061,.T.);
#5892=ORIENTED_EDGE('',*,*,#4173,.T.);
#5893=ORIENTED_EDGE('',*,*,#4385,.F.);
#5894=ORIENTED_EDGE('',*,*,#4072,.T.);
#5895=ORIENTED_EDGE('',*,*,#4066,.T.);
#5896=ORIENTED_EDGE('',*,*,#4227,.T.);
#5897=ORIENTED_EDGE('',*,*,#4386,.F.);
#5898=ORIENTED_EDGE('',*,*,#4236,.T.);
#5899=ORIENTED_EDGE('',*,*,#4235,.T.);
#5900=ORIENTED_EDGE('',*,*,#4231,.F.);
#5901=ORIENTED_EDGE('',*,*,#4069,.T.);
#5902=ORIENTED_EDGE('',*,*,#4247,.T.);
#5903=ORIENTED_EDGE('',*,*,#4242,.T.);
#5904=ORIENTED_EDGE('',*,*,#4239,.T.);
#5905=ORIENTED_EDGE('',*,*,#4385,.T.);
#5906=ORIENTED_EDGE('',*,*,#4387,.F.);
#5907=ORIENTED_EDGE('',*,*,#4388,.F.);
#5908=ORIENTED_EDGE('',*,*,#4076,.T.);
#5909=ORIENTED_EDGE('',*,*,#4075,.T.);
#5910=ORIENTED_EDGE('',*,*,#4090,.F.);
#5911=ORIENTED_EDGE('',*,*,#4089,.T.);
#5912=ORIENTED_EDGE('',*,*,#4389,.T.);
#5913=ORIENTED_EDGE('',*,*,#4390,.T.);
#5914=ORIENTED_EDGE('',*,*,#4391,.T.);
#5915=ORIENTED_EDGE('',*,*,#4085,.T.);
#5916=ORIENTED_EDGE('',*,*,#4080,.F.);
#5917=ORIENTED_EDGE('',*,*,#4077,.T.);
#5918=ORIENTED_EDGE('',*,*,#4388,.T.);
#5919=ORIENTED_EDGE('',*,*,#4392,.F.);
#5920=ORIENTED_EDGE('',*,*,#4393,.F.);
#5921=ORIENTED_EDGE('',*,*,#4095,.T.);
#5922=ORIENTED_EDGE('',*,*,#4391,.F.);
#5923=ORIENTED_EDGE('',*,*,#4394,.T.);
#5924=ORIENTED_EDGE('',*,*,#4395,.T.);
#5925=ORIENTED_EDGE('',*,*,#4086,.F.);
#5926=ORIENTED_EDGE('',*,*,#4395,.F.);
#5927=ORIENTED_EDGE('',*,*,#4396,.F.);
#5928=ORIENTED_EDGE('',*,*,#4397,.F.);
#5929=ORIENTED_EDGE('',*,*,#4087,.F.);
#5930=ORIENTED_EDGE('',*,*,#4161,.F.);
#5931=ORIENTED_EDGE('',*,*,#4389,.F.);
#5932=ORIENTED_EDGE('',*,*,#4088,.F.);
#5933=ORIENTED_EDGE('',*,*,#4397,.T.);
#5934=ORIENTED_EDGE('',*,*,#4398,.F.);
#5935=ORIENTED_EDGE('',*,*,#4096,.T.);
#5936=ORIENTED_EDGE('',*,*,#4393,.T.);
#5937=ORIENTED_EDGE('',*,*,#4399,.F.);
#5938=ORIENTED_EDGE('',*,*,#4400,.T.);
#5939=ORIENTED_EDGE('',*,*,#4099,.F.);
#5940=ORIENTED_EDGE('',*,*,#4401,.F.);
#5941=ORIENTED_EDGE('',*,*,#4402,.F.);
#5942=ORIENTED_EDGE('',*,*,#4403,.F.);
#5943=ORIENTED_EDGE('',*,*,#4104,.F.);
#5944=ORIENTED_EDGE('',*,*,#4404,.T.);
#5945=ORIENTED_EDGE('',*,*,#4178,.T.);
#5946=ORIENTED_EDGE('',*,*,#4105,.T.);
#5947=ORIENTED_EDGE('',*,*,#4403,.T.);
#5948=ORIENTED_EDGE('',*,*,#4405,.T.);
#5949=ORIENTED_EDGE('',*,*,#4222,.T.);
#5950=ORIENTED_EDGE('',*,*,#4406,.F.);
#5951=ORIENTED_EDGE('',*,*,#4407,.F.);
#5952=ORIENTED_EDGE('',*,*,#4125,.T.);
#5953=ORIENTED_EDGE('',*,*,#4408,.T.);
#5954=ORIENTED_EDGE('',*,*,#4409,.F.);
#5955=ORIENTED_EDGE('',*,*,#4410,.F.);
#5956=ORIENTED_EDGE('',*,*,#4115,.T.);
#5957=ORIENTED_EDGE('',*,*,#4411,.F.);
#5958=ORIENTED_EDGE('',*,*,#4412,.F.);
#5959=ORIENTED_EDGE('',*,*,#4413,.T.);
#5960=ORIENTED_EDGE('',*,*,#4101,.F.);
#5961=ORIENTED_EDGE('',*,*,#4414,.F.);
#5962=ORIENTED_EDGE('',*,*,#4415,.T.);
#5963=ORIENTED_EDGE('',*,*,#4224,.F.);
#5964=ORIENTED_EDGE('',*,*,#4416,.T.);
#5965=ORIENTED_EDGE('',*,*,#4417,.T.);
#5966=ORIENTED_EDGE('',*,*,#4418,.F.);
#5967=ORIENTED_EDGE('',*,*,#4102,.F.);
#5968=ORIENTED_EDGE('',*,*,#4413,.F.);
#5969=ORIENTED_EDGE('',*,*,#4419,.F.);
#5970=ORIENTED_EDGE('',*,*,#4420,.T.);
#5971=ORIENTED_EDGE('',*,*,#4401,.T.);
#5972=ORIENTED_EDGE('',*,*,#4103,.T.);
#5973=ORIENTED_EDGE('',*,*,#4418,.T.);
#5974=ORIENTED_EDGE('',*,*,#4421,.F.);
#5975=ORIENTED_EDGE('',*,*,#4122,.F.);
#5976=ORIENTED_EDGE('',*,*,#4422,.F.);
#5977=ORIENTED_EDGE('',*,*,#4423,.F.);
#5978=ORIENTED_EDGE('',*,*,#4121,.T.);
#5979=ORIENTED_EDGE('',*,*,#4179,.T.);
#5980=ORIENTED_EDGE('',*,*,#4424,.T.);
#5981=ORIENTED_EDGE('',*,*,#4422,.T.);
#5982=ORIENTED_EDGE('',*,*,#4425,.F.);
#5983=ORIENTED_EDGE('',*,*,#4426,.F.);
#5984=ORIENTED_EDGE('',*,*,#4408,.F.);
#5985=ORIENTED_EDGE('',*,*,#4124,.F.);
#5986=ORIENTED_EDGE('',*,*,#4123,.T.);
#5987=ORIENTED_EDGE('',*,*,#4421,.T.);
#5988=ORIENTED_EDGE('',*,*,#4427,.T.);
#5989=ORIENTED_EDGE('',*,*,#4425,.T.);
#5990=ORIENTED_EDGE('',*,*,#4337,.F.);
#5991=ORIENTED_EDGE('',*,*,#4334,.T.);
#5992=ORIENTED_EDGE('',*,*,#4428,.F.);
#5993=ORIENTED_EDGE('',*,*,#4131,.F.);
#5994=ORIENTED_EDGE('',*,*,#4329,.F.);
#5995=ORIENTED_EDGE('',*,*,#4429,.T.);
#5996=ORIENTED_EDGE('',*,*,#4132,.F.);
#5997=ORIENTED_EDGE('',*,*,#4428,.T.);
#5998=ORIENTED_EDGE('',*,*,#4333,.T.);
#5999=ORIENTED_EDGE('',*,*,#4429,.F.);
#6000=ORIENTED_EDGE('',*,*,#4140,.F.);
#6001=ORIENTED_EDGE('',*,*,#4133,.T.);
#6002=ORIENTED_EDGE('',*,*,#4327,.F.);
#6003=ORIENTED_EDGE('',*,*,#4323,.T.);
#6004=ORIENTED_EDGE('',*,*,#4430,.T.);
#6005=ORIENTED_EDGE('',*,*,#4136,.F.);
#6006=ORIENTED_EDGE('',*,*,#4431,.F.);
#6007=ORIENTED_EDGE('',*,*,#4146,.F.);
#6008=ORIENTED_EDGE('',*,*,#4137,.F.);
#6009=ORIENTED_EDGE('',*,*,#4430,.F.);
#6010=ORIENTED_EDGE('',*,*,#4143,.F.);
#6011=ORIENTED_EDGE('',*,*,#4432,.T.);
#6012=ORIENTED_EDGE('',*,*,#4320,.T.);
#6013=ORIENTED_EDGE('',*,*,#4433,.T.);
#6014=ORIENTED_EDGE('',*,*,#4433,.F.);
#6015=ORIENTED_EDGE('',*,*,#4150,.F.);
#6016=ORIENTED_EDGE('',*,*,#4144,.T.);
#6017=ORIENTED_EDGE('',*,*,#4147,.F.);
#6018=ORIENTED_EDGE('',*,*,#4431,.T.);
#6019=ORIENTED_EDGE('',*,*,#4322,.T.);
#6020=ORIENTED_EDGE('',*,*,#4434,.T.);
#6021=ORIENTED_EDGE('',*,*,#4434,.F.);
#6022=ORIENTED_EDGE('',*,*,#4321,.F.);
#6023=ORIENTED_EDGE('',*,*,#4432,.F.);
#6024=ORIENTED_EDGE('',*,*,#4148,.F.);
#6025=ORIENTED_EDGE('',*,*,#4435,.F.);
#6026=ORIENTED_EDGE('',*,*,#4164,.F.);
#6027=ORIENTED_EDGE('',*,*,#4436,.F.);
#6028=ORIENTED_EDGE('',*,*,#4167,.F.);
#6029=ORIENTED_EDGE('',*,*,#4189,.F.);
#6030=ORIENTED_EDGE('',*,*,#4384,.T.);
#6031=ORIENTED_EDGE('',*,*,#4172,.T.);
#6032=ORIENTED_EDGE('',*,*,#4177,.T.);
#6033=ORIENTED_EDGE('',*,*,#4182,.T.);
#6034=ORIENTED_EDGE('',*,*,#4195,.T.);
#6035=ORIENTED_EDGE('',*,*,#4437,.T.);
#6036=ORIENTED_EDGE('',*,*,#4198,.T.);
#6037=ORIENTED_EDGE('',*,*,#4438,.T.);
#6038=ORIENTED_EDGE('',*,*,#4203,.F.);
#6039=ORIENTED_EDGE('',*,*,#4206,.F.);
#6040=ORIENTED_EDGE('',*,*,#4209,.F.);
#6041=ORIENTED_EDGE('',*,*,#4212,.F.);
#6042=ORIENTED_EDGE('',*,*,#4213,.T.);
#6043=ORIENTED_EDGE('',*,*,#4439,.T.);
#6044=ORIENTED_EDGE('',*,*,#4216,.T.);
#6045=ORIENTED_EDGE('',*,*,#4440,.T.);
#6046=ORIENTED_EDGE('',*,*,#4441,.F.);
#6047=ORIENTED_EDGE('',*,*,#4442,.T.);
#6048=ORIENTED_EDGE('',*,*,#4435,.T.);
#6049=ORIENTED_EDGE('',*,*,#4442,.F.);
#6050=ORIENTED_EDGE('',*,*,#4345,.F.);
#6051=ORIENTED_EDGE('',*,*,#4252,.T.);
#6052=ORIENTED_EDGE('',*,*,#4341,.T.);
#6053=ORIENTED_EDGE('',*,*,#4383,.T.);
#6054=ORIENTED_EDGE('',*,*,#4347,.T.);
#6055=ORIENTED_EDGE('',*,*,#4443,.F.);
#6056=ORIENTED_EDGE('',*,*,#4444,.T.);
#6057=ORIENTED_EDGE('',*,*,#4436,.T.);
#6058=ORIENTED_EDGE('',*,*,#4444,.F.);
#6059=ORIENTED_EDGE('',*,*,#4374,.F.);
#6060=ORIENTED_EDGE('',*,*,#4381,.T.);
#6061=ORIENTED_EDGE('',*,*,#4379,.T.);
#6062=ORIENTED_EDGE('',*,*,#4377,.F.);
#6063=ORIENTED_EDGE('',*,*,#4390,.F.);
#6064=ORIENTED_EDGE('',*,*,#4398,.T.);
#6065=ORIENTED_EDGE('',*,*,#4396,.T.);
#6066=ORIENTED_EDGE('',*,*,#4394,.F.);
#6067=ORIENTED_EDGE('',*,*,#4416,.F.);
#6068=ORIENTED_EDGE('',*,*,#4445,.T.);
#6069=ORIENTED_EDGE('',*,*,#4446,.T.);
#6070=ORIENTED_EDGE('',*,*,#4445,.F.);
#6071=ORIENTED_EDGE('',*,*,#4417,.F.);
#6072=ORIENTED_EDGE('',*,*,#4447,.T.);
#6073=ORIENTED_EDGE('',*,*,#4448,.T.);
#6074=ORIENTED_EDGE('',*,*,#4447,.F.);
#6075=ORIENTED_EDGE('',*,*,#4437,.F.);
#6076=ORIENTED_EDGE('',*,*,#4449,.T.);
#6077=ORIENTED_EDGE('',*,*,#3823,.F.);
#6078=ORIENTED_EDGE('',*,*,#4449,.F.);
#6079=ORIENTED_EDGE('',*,*,#4438,.F.);
#6080=ORIENTED_EDGE('',*,*,#4450,.T.);
#6081=ORIENTED_EDGE('',*,*,#3916,.F.);
#6082=ORIENTED_EDGE('',*,*,#4450,.F.);
#6083=ORIENTED_EDGE('',*,*,#4439,.F.);
#6084=ORIENTED_EDGE('',*,*,#4451,.T.);
#6085=ORIENTED_EDGE('',*,*,#3915,.F.);
#6086=ORIENTED_EDGE('',*,*,#4451,.F.);
#6087=ORIENTED_EDGE('',*,*,#4440,.F.);
#6088=ORIENTED_EDGE('',*,*,#4452,.T.);
#6089=ORIENTED_EDGE('',*,*,#3822,.F.);
#6090=ORIENTED_EDGE('',*,*,#4452,.F.);
#6091=ORIENTED_EDGE('',*,*,#4446,.F.);
#6092=ORIENTED_EDGE('',*,*,#4448,.F.);
#6093=ORIENTED_EDGE('',*,*,#4453,.F.);
#6094=ORIENTED_EDGE('',*,*,#4454,.T.);
#6095=ORIENTED_EDGE('',*,*,#4455,.T.);
#6096=ORIENTED_EDGE('',*,*,#4456,.F.);
#6097=ORIENTED_EDGE('',*,*,#4457,.T.);
#6098=ORIENTED_EDGE('',*,*,#4458,.T.);
#6099=ORIENTED_EDGE('',*,*,#4459,.T.);
#6100=ORIENTED_EDGE('',*,*,#4126,.T.);
#6101=ORIENTED_EDGE('',*,*,#4460,.F.);
#6102=ORIENTED_EDGE('',*,*,#4461,.T.);
#6103=ORIENTED_EDGE('',*,*,#4462,.F.);
#6104=ORIENTED_EDGE('',*,*,#4463,.T.);
#6105=ORIENTED_EDGE('',*,*,#4456,.T.);
#6106=ORIENTED_EDGE('',*,*,#4464,.T.);
#6107=ORIENTED_EDGE('',*,*,#4462,.T.);
#6108=ORIENTED_EDGE('',*,*,#4465,.F.);
#6109=ORIENTED_EDGE('',*,*,#4466,.T.);
#6110=ORIENTED_EDGE('',*,*,#4467,.T.);
#6111=ORIENTED_EDGE('',*,*,#4453,.T.);
#6112=ORIENTED_EDGE('',*,*,#4465,.T.);
#6113=ORIENTED_EDGE('',*,*,#4365,.F.);
#6114=ORIENTED_EDGE('',*,*,#4468,.T.);
#6115=ORIENTED_EDGE('',*,*,#4469,.T.);
#6116=ORIENTED_EDGE('',*,*,#4470,.T.);
#6117=ORIENTED_EDGE('',*,*,#4471,.F.);
#6118=ORIENTED_EDGE('',*,*,#4366,.T.);
#6119=ORIENTED_EDGE('',*,*,#4470,.F.);
#6120=ORIENTED_EDGE('',*,*,#4472,.T.);
#6121=ORIENTED_EDGE('',*,*,#4355,.F.);
#6122=ORIENTED_EDGE('',*,*,#4471,.T.);
#6123=ORIENTED_EDGE('',*,*,#4473,.T.);
#6124=ORIENTED_EDGE('',*,*,#4295,.T.);
#6125=ORIENTED_EDGE('',*,*,#4406,.T.);
#6126=ORIENTED_EDGE('',*,*,#4221,.T.);
#6127=ORIENTED_EDGE('',*,*,#4474,.T.);
#6128=ORIENTED_EDGE('',*,*,#4475,.T.);
#6129=ORIENTED_EDGE('',*,*,#4476,.F.);
#6130=ORIENTED_EDGE('',*,*,#4219,.T.);
#6131=ORIENTED_EDGE('',*,*,#4405,.F.);
#6132=ORIENTED_EDGE('',*,*,#4223,.F.);
#6133=ORIENTED_EDGE('',*,*,#4477,.F.);
#6134=ORIENTED_EDGE('',*,*,#4463,.F.);
#6135=ORIENTED_EDGE('',*,*,#4464,.F.);
#6136=ORIENTED_EDGE('',*,*,#4455,.F.);
#6137=ORIENTED_EDGE('',*,*,#4478,.T.);
#6138=ORIENTED_EDGE('',*,*,#4479,.F.);
#6139=ORIENTED_EDGE('',*,*,#3999,.F.);
#6140=ORIENTED_EDGE('',*,*,#4001,.F.);
#6141=ORIENTED_EDGE('',*,*,#4480,.F.);
#6142=ORIENTED_EDGE('',*,*,#4481,.F.);
#6143=ORIENTED_EDGE('',*,*,#4003,.T.);
#6144=ORIENTED_EDGE('',*,*,#4482,.F.);
#6145=ORIENTED_EDGE('',*,*,#4483,.F.);
#6146=ORIENTED_EDGE('',*,*,#4008,.F.);
#6147=ORIENTED_EDGE('',*,*,#4484,.F.);
#6148=ORIENTED_EDGE('',*,*,#4485,.F.);
#6149=ORIENTED_EDGE('',*,*,#4012,.T.);
#6150=ORIENTED_EDGE('',*,*,#4014,.F.);
#6151=ORIENTED_EDGE('',*,*,#4019,.F.);
#6152=ORIENTED_EDGE('',*,*,#4022,.F.);
#6153=ORIENTED_EDGE('',*,*,#4024,.F.);
#6154=ORIENTED_EDGE('',*,*,#4032,.F.);
#6155=ORIENTED_EDGE('',*,*,#4034,.F.);
#6156=ORIENTED_EDGE('',*,*,#4038,.F.);
#6157=ORIENTED_EDGE('',*,*,#4042,.T.);
#6158=ORIENTED_EDGE('',*,*,#4048,.T.);
#6159=ORIENTED_EDGE('',*,*,#4054,.T.);
#6160=ORIENTED_EDGE('',*,*,#4055,.T.);
#6161=ORIENTED_EDGE('',*,*,#4059,.T.);
#6162=ORIENTED_EDGE('',*,*,#4068,.T.);
#6163=ORIENTED_EDGE('',*,*,#4071,.T.);
#6164=ORIENTED_EDGE('',*,*,#4074,.F.);
#6165=ORIENTED_EDGE('',*,*,#4079,.F.);
#6166=ORIENTED_EDGE('',*,*,#4082,.F.);
#6167=ORIENTED_EDGE('',*,*,#4084,.F.);
#6168=ORIENTED_EDGE('',*,*,#4092,.F.);
#6169=ORIENTED_EDGE('',*,*,#4094,.F.);
#6170=ORIENTED_EDGE('',*,*,#4098,.F.);
#6171=ORIENTED_EDGE('',*,*,#4486,.T.);
#6172=ORIENTED_EDGE('',*,*,#4487,.F.);
#6173=ORIENTED_EDGE('',*,*,#4107,.F.);
#6174=ORIENTED_EDGE('',*,*,#4111,.F.);
#6175=ORIENTED_EDGE('',*,*,#4488,.F.);
#6176=ORIENTED_EDGE('',*,*,#4489,.F.);
#6177=ORIENTED_EDGE('',*,*,#4113,.T.);
#6178=ORIENTED_EDGE('',*,*,#4490,.F.);
#6179=ORIENTED_EDGE('',*,*,#4491,.F.);
#6180=ORIENTED_EDGE('',*,*,#4118,.F.);
#6181=ORIENTED_EDGE('',*,*,#4120,.F.);
#6182=ORIENTED_EDGE('',*,*,#4492,.F.);
#6183=ORIENTED_EDGE('',*,*,#4493,.T.);
#6184=ORIENTED_EDGE('',*,*,#4127,.F.);
#6185=ORIENTED_EDGE('',*,*,#4459,.F.);
#6186=ORIENTED_EDGE('',*,*,#4494,.F.);
#6187=ORIENTED_EDGE('',*,*,#4495,.F.);
#6188=ORIENTED_EDGE('',*,*,#4496,.F.);
#6189=ORIENTED_EDGE('',*,*,#4497,.T.);
#6190=ORIENTED_EDGE('',*,*,#4498,.T.);
#6191=ORIENTED_EDGE('',*,*,#4499,.T.);
#6192=ORIENTED_EDGE('',*,*,#3927,.T.);
#6193=ORIENTED_EDGE('',*,*,#3796,.F.);
#6194=ORIENTED_EDGE('',*,*,#3803,.T.);
#6195=ORIENTED_EDGE('',*,*,#3838,.T.);
#6196=ORIENTED_EDGE('',*,*,#3756,.F.);
#6197=ORIENTED_EDGE('',*,*,#3784,.T.);
#6198=ORIENTED_EDGE('',*,*,#3941,.F.);
#6199=ORIENTED_EDGE('',*,*,#4134,.F.);
#6200=ORIENTED_EDGE('',*,*,#4139,.F.);
#6201=ORIENTED_EDGE('',*,*,#4145,.F.);
#6202=ORIENTED_EDGE('',*,*,#4149,.F.);
#6203=ORIENTED_EDGE('',*,*,#4153,.F.);
#6204=ORIENTED_EDGE('',*,*,#3971,.F.);
#6205=ORIENTED_EDGE('',*,*,#3977,.F.);
#6206=ORIENTED_EDGE('',*,*,#3983,.F.);
#6207=ORIENTED_EDGE('',*,*,#3989,.F.);
#6208=ORIENTED_EDGE('',*,*,#3944,.F.);
#6209=ORIENTED_EDGE('',*,*,#4500,.T.);
#6210=ORIENTED_EDGE('',*,*,#3881,.F.);
#6211=ORIENTED_EDGE('',*,*,#4501,.T.);
#6212=ORIENTED_EDGE('',*,*,#3824,.T.);
#6213=ORIENTED_EDGE('',*,*,#3773,.F.);
#6214=ORIENTED_EDGE('',*,*,#3957,.T.);
#6215=ORIENTED_EDGE('',*,*,#4502,.T.);
#6216=ORIENTED_EDGE('',*,*,#3992,.T.);
#6217=ORIENTED_EDGE('',*,*,#4503,.F.);
#6218=ORIENTED_EDGE('',*,*,#4504,.F.);
#6219=ORIENTED_EDGE('',*,*,#4168,.T.);
#6220=ORIENTED_EDGE('',*,*,#4165,.T.);
#6221=ORIENTED_EDGE('',*,*,#4162,.T.);
#6222=ORIENTED_EDGE('',*,*,#4159,.T.);
#6223=ORIENTED_EDGE('',*,*,#4505,.F.);
#6224=ORIENTED_EDGE('',*,*,#4494,.T.);
#6225=ORIENTED_EDGE('',*,*,#4458,.F.);
#6226=ORIENTED_EDGE('',*,*,#4506,.T.);
#6227=ORIENTED_EDGE('',*,*,#4507,.F.);
#6228=ORIENTED_EDGE('',*,*,#4506,.F.);
#6229=ORIENTED_EDGE('',*,*,#4457,.F.);
#6230=ORIENTED_EDGE('',*,*,#4129,.T.);
#6231=ORIENTED_EDGE('',*,*,#4508,.F.);
#6232=ORIENTED_EDGE('',*,*,#4475,.F.);
#6233=ORIENTED_EDGE('',*,*,#4509,.F.);
#6234=ORIENTED_EDGE('',*,*,#4510,.T.);
#6235=ORIENTED_EDGE('',*,*,#4495,.T.);
#6236=ORIENTED_EDGE('',*,*,#4505,.T.);
#6237=ORIENTED_EDGE('',*,*,#4511,.F.);
#6238=ORIENTED_EDGE('',*,*,#4507,.T.);
#6239=ORIENTED_EDGE('',*,*,#4512,.T.);
#6240=ORIENTED_EDGE('',*,*,#4513,.T.);
#6241=ORIENTED_EDGE('',*,*,#4511,.T.);
#6242=ORIENTED_EDGE('',*,*,#4514,.T.);
#6243=ORIENTED_EDGE('',*,*,#4515,.F.);
#6244=ORIENTED_EDGE('',*,*,#4516,.F.);
#6245=ORIENTED_EDGE('',*,*,#4498,.F.);
#6246=ORIENTED_EDGE('',*,*,#4517,.F.);
#6247=ORIENTED_EDGE('',*,*,#4496,.T.);
#6248=ORIENTED_EDGE('',*,*,#4510,.F.);
#6249=ORIENTED_EDGE('',*,*,#4513,.F.);
#6250=ORIENTED_EDGE('',*,*,#4518,.F.);
#6251=ORIENTED_EDGE('',*,*,#4514,.F.);
#6252=ORIENTED_EDGE('',*,*,#4497,.F.);
#6253=ORIENTED_EDGE('',*,*,#4517,.T.);
#6254=ORIENTED_EDGE('',*,*,#4519,.T.);
#6255=ORIENTED_EDGE('',*,*,#4520,.T.);
#6256=ORIENTED_EDGE('',*,*,#4521,.F.);
#6257=ORIENTED_EDGE('',*,*,#4522,.F.);
#6258=ORIENTED_EDGE('',*,*,#4504,.T.);
#6259=ORIENTED_EDGE('',*,*,#4523,.F.);
#6260=ORIENTED_EDGE('',*,*,#4524,.F.);
#6261=ORIENTED_EDGE('',*,*,#4525,.F.);
#6262=ORIENTED_EDGE('',*,*,#4526,.F.);
#6263=ORIENTED_EDGE('',*,*,#4527,.T.);
#6264=ORIENTED_EDGE('',*,*,#4528,.T.);
#6265=ORIENTED_EDGE('',*,*,#4523,.T.);
#6266=ORIENTED_EDGE('',*,*,#4503,.T.);
#6267=ORIENTED_EDGE('',*,*,#3991,.F.);
#6268=ORIENTED_EDGE('',*,*,#3789,.F.);
#6269=ORIENTED_EDGE('',*,*,#3794,.F.);
#6270=ORIENTED_EDGE('',*,*,#3891,.F.);
#6271=ORIENTED_EDGE('',*,*,#3918,.T.);
#6272=ORIENTED_EDGE('',*,*,#4192,.F.);
#6273=ORIENTED_EDGE('',*,*,#4250,.T.);
#6274=ORIENTED_EDGE('',*,*,#4251,.F.);
#6275=ORIENTED_EDGE('',*,*,#3962,.T.);
#6276=ORIENTED_EDGE('',*,*,#3896,.T.);
#6277=ORIENTED_EDGE('',*,*,#3894,.T.);
#6278=ORIENTED_EDGE('',*,*,#3808,.F.);
#6279=ORIENTED_EDGE('',*,*,#4256,.F.);
#6280=ORIENTED_EDGE('',*,*,#4262,.F.);
#6281=ORIENTED_EDGE('',*,*,#4267,.T.);
#6282=ORIENTED_EDGE('',*,*,#4270,.F.);
#6283=ORIENTED_EDGE('',*,*,#4272,.T.);
#6284=ORIENTED_EDGE('',*,*,#4276,.F.);
#6285=ORIENTED_EDGE('',*,*,#4279,.F.);
#6286=ORIENTED_EDGE('',*,*,#4280,.F.);
#6287=ORIENTED_EDGE('',*,*,#4044,.F.);
#6288=ORIENTED_EDGE('',*,*,#4284,.F.);
#6289=ORIENTED_EDGE('',*,*,#4287,.T.);
#6290=ORIENTED_EDGE('',*,*,#4296,.T.);
#6291=ORIENTED_EDGE('',*,*,#4473,.F.);
#6292=ORIENTED_EDGE('',*,*,#4472,.F.);
#6293=ORIENTED_EDGE('',*,*,#4469,.F.);
#6294=ORIENTED_EDGE('',*,*,#4529,.T.);
#6295=ORIENTED_EDGE('',*,*,#4530,.F.);
#6296=ORIENTED_EDGE('',*,*,#4524,.T.);
#6297=ORIENTED_EDGE('',*,*,#4528,.F.);
#6298=ORIENTED_EDGE('',*,*,#4531,.T.);
#6299=ORIENTED_EDGE('',*,*,#4532,.T.);
#6300=ORIENTED_EDGE('',*,*,#3952,.T.);
#6301=ORIENTED_EDGE('',*,*,#4533,.T.);
#6302=ORIENTED_EDGE('',*,*,#3949,.T.);
#6303=ORIENTED_EDGE('',*,*,#4297,.T.);
#6304=ORIENTED_EDGE('',*,*,#4303,.T.);
#6305=ORIENTED_EDGE('',*,*,#4305,.F.);
#6306=ORIENTED_EDGE('',*,*,#4309,.T.);
#6307=ORIENTED_EDGE('',*,*,#4314,.F.);
#6308=ORIENTED_EDGE('',*,*,#4317,.T.);
#6309=ORIENTED_EDGE('',*,*,#4318,.F.);
#6310=ORIENTED_EDGE('',*,*,#4325,.T.);
#6311=ORIENTED_EDGE('',*,*,#4326,.F.);
#6312=ORIENTED_EDGE('',*,*,#4331,.T.);
#6313=ORIENTED_EDGE('',*,*,#4332,.T.);
#6314=ORIENTED_EDGE('',*,*,#3936,.T.);
#6315=ORIENTED_EDGE('',*,*,#3781,.T.);
#6316=ORIENTED_EDGE('',*,*,#3934,.F.);
#6317=ORIENTED_EDGE('',*,*,#4534,.F.);
#6318=ORIENTED_EDGE('',*,*,#4535,.T.);
#6319=ORIENTED_EDGE('',*,*,#4519,.F.);
#6320=ORIENTED_EDGE('',*,*,#4518,.T.);
#6321=ORIENTED_EDGE('',*,*,#4512,.F.);
#6322=ORIENTED_EDGE('',*,*,#4509,.T.);
#6323=ORIENTED_EDGE('',*,*,#4474,.F.);
#6324=ORIENTED_EDGE('',*,*,#4220,.T.);
#6325=ORIENTED_EDGE('',*,*,#4476,.T.);
#6326=ORIENTED_EDGE('',*,*,#4226,.T.);
#6327=ORIENTED_EDGE('',*,*,#4536,.T.);
#6328=ORIENTED_EDGE('',*,*,#4228,.F.);
#6329=ORIENTED_EDGE('',*,*,#4064,.T.);
#6330=ORIENTED_EDGE('',*,*,#4230,.F.);
#6331=ORIENTED_EDGE('',*,*,#4234,.T.);
#6332=ORIENTED_EDGE('',*,*,#4238,.F.);
#6333=ORIENTED_EDGE('',*,*,#4241,.T.);
#6334=ORIENTED_EDGE('',*,*,#4244,.F.);
#6335=ORIENTED_EDGE('',*,*,#4246,.F.);
#6336=ORIENTED_EDGE('',*,*,#4248,.F.);
#6337=ORIENTED_EDGE('',*,*,#4180,.T.);
#6338=ORIENTED_EDGE('',*,*,#4443,.T.);
#6339=ORIENTED_EDGE('',*,*,#4197,.T.);
#6340=ORIENTED_EDGE('',*,*,#4200,.T.);
#6341=ORIENTED_EDGE('',*,*,#4201,.T.);
#6342=ORIENTED_EDGE('',*,*,#4204,.T.);
#6343=ORIENTED_EDGE('',*,*,#4207,.T.);
#6344=ORIENTED_EDGE('',*,*,#4210,.T.);
#6345=ORIENTED_EDGE('',*,*,#4215,.T.);
#6346=ORIENTED_EDGE('',*,*,#4218,.T.);
#6347=ORIENTED_EDGE('',*,*,#4537,.T.);
#6348=ORIENTED_EDGE('',*,*,#4538,.T.);
#6349=ORIENTED_EDGE('',*,*,#4441,.T.);
#6350=ORIENTED_EDGE('',*,*,#4539,.F.);
#6351=ORIENTED_EDGE('',*,*,#4529,.F.);
#6352=ORIENTED_EDGE('',*,*,#4468,.F.);
#6353=ORIENTED_EDGE('',*,*,#4540,.T.);
#6354=ORIENTED_EDGE('',*,*,#4466,.F.);
#6355=ORIENTED_EDGE('',*,*,#4461,.F.);
#6356=ORIENTED_EDGE('',*,*,#4460,.T.);
#6357=ORIENTED_EDGE('',*,*,#4477,.T.);
#6358=ORIENTED_EDGE('',*,*,#4522,.T.);
#6359=ORIENTED_EDGE('',*,*,#4541,.F.);
#6360=ORIENTED_EDGE('',*,*,#4525,.T.);
#6361=ORIENTED_EDGE('',*,*,#4530,.T.);
#6362=ORIENTED_EDGE('',*,*,#4539,.T.);
#6363=ORIENTED_EDGE('',*,*,#4541,.T.);
#6364=ORIENTED_EDGE('',*,*,#3644,.F.);
#6365=ORIENTED_EDGE('',*,*,#3893,.F.);
#6366=ORIENTED_EDGE('',*,*,#3882,.F.);
#6367=ORIENTED_EDGE('',*,*,#4500,.F.);
#6368=ORIENTED_EDGE('',*,*,#3943,.F.);
#6369=ORIENTED_EDGE('',*,*,#3950,.T.);
#6370=ORIENTED_EDGE('',*,*,#4533,.F.);
#6371=ORIENTED_EDGE('',*,*,#3951,.T.);
#6372=ORIENTED_EDGE('',*,*,#3769,.F.);
#6373=ORIENTED_EDGE('',*,*,#3649,.F.);
#6374=ORIENTED_EDGE('',*,*,#4542,.F.);
#6375=ORIENTED_EDGE('',*,*,#4543,.F.);
#6376=ORIENTED_EDGE('',*,*,#4544,.F.);
#6377=ORIENTED_EDGE('',*,*,#3993,.F.);
#6378=ORIENTED_EDGE('',*,*,#4502,.F.);
#6379=ORIENTED_EDGE('',*,*,#3956,.T.);
#6380=ORIENTED_EDGE('',*,*,#4545,.T.);
#6381=ORIENTED_EDGE('',*,*,#4546,.F.);
#6382=ORIENTED_EDGE('',*,*,#4547,.T.);
#6383=ORIENTED_EDGE('',*,*,#4545,.F.);
#6384=ORIENTED_EDGE('',*,*,#3955,.T.);
#6385=ORIENTED_EDGE('',*,*,#3771,.T.);
#6386=ORIENTED_EDGE('',*,*,#4548,.T.);
#6387=ORIENTED_EDGE('',*,*,#4546,.T.);
#6388=ORIENTED_EDGE('',*,*,#4547,.F.);
#6389=ORIENTED_EDGE('',*,*,#3770,.F.);
#6390=ORIENTED_EDGE('',*,*,#3767,.F.);
#6391=ORIENTED_EDGE('',*,*,#4543,.T.);
#6392=ORIENTED_EDGE('',*,*,#4549,.F.);
#6393=ORIENTED_EDGE('',*,*,#4550,.F.);
#6394=ORIENTED_EDGE('',*,*,#4551,.T.);
#6395=ORIENTED_EDGE('',*,*,#4520,.F.);
#6396=ORIENTED_EDGE('',*,*,#4535,.F.);
#6397=ORIENTED_EDGE('',*,*,#4552,.F.);
#6398=ORIENTED_EDGE('',*,*,#3619,.T.);
#6399=ORIENTED_EDGE('',*,*,#3766,.T.);
#6400=ORIENTED_EDGE('',*,*,#4553,.T.);
#6401=ORIENTED_EDGE('',*,*,#4554,.T.);
#6402=ORIENTED_EDGE('',*,*,#4553,.F.);
#6403=ORIENTED_EDGE('',*,*,#3765,.T.);
#6404=ORIENTED_EDGE('',*,*,#3762,.F.);
#6405=ORIENTED_EDGE('',*,*,#3799,.F.);
#6406=ORIENTED_EDGE('',*,*,#3930,.F.);
#6407=ORIENTED_EDGE('',*,*,#4555,.T.);
#6408=ORIENTED_EDGE('',*,*,#4556,.F.);
#6409=ORIENTED_EDGE('',*,*,#3932,.T.);
#6410=ORIENTED_EDGE('',*,*,#3621,.T.);
#6411=ORIENTED_EDGE('',*,*,#3933,.F.);
#6412=ORIENTED_EDGE('',*,*,#4556,.T.);
#6413=ORIENTED_EDGE('',*,*,#3620,.F.);
#6414=ORIENTED_EDGE('',*,*,#4552,.T.);
#6415=ORIENTED_EDGE('',*,*,#4534,.T.);
#6416=ORIENTED_EDGE('',*,*,#4557,.F.);
#6417=ORIENTED_EDGE('',*,*,#4555,.F.);
#6418=ORIENTED_EDGE('',*,*,#3931,.T.);
#6419=ORIENTED_EDGE('',*,*,#3928,.F.);
#6420=ORIENTED_EDGE('',*,*,#4499,.F.);
#6421=ORIENTED_EDGE('',*,*,#4516,.T.);
#6422=ORIENTED_EDGE('',*,*,#4558,.T.);
#6423=ORIENTED_EDGE('',*,*,#4515,.T.);
#6424=ORIENTED_EDGE('',*,*,#4521,.T.);
#6425=ORIENTED_EDGE('',*,*,#4551,.F.);
#6426=ORIENTED_EDGE('',*,*,#4558,.F.);
#6427=ORIENTED_EDGE('',*,*,#4550,.T.);
#6428=ORIENTED_EDGE('',*,*,#4554,.F.);
#6429=ORIENTED_EDGE('',*,*,#4557,.T.);
#6430=ORIENTED_EDGE('',*,*,#4559,.F.);
#6431=ORIENTED_EDGE('',*,*,#3646,.T.);
#6432=ORIENTED_EDGE('',*,*,#3954,.T.);
#6433=ORIENTED_EDGE('',*,*,#4532,.F.);
#6434=ORIENTED_EDGE('',*,*,#4560,.T.);
#6435=ORIENTED_EDGE('',*,*,#3647,.F.);
#6436=ORIENTED_EDGE('',*,*,#4559,.T.);
#6437=ORIENTED_EDGE('',*,*,#3953,.T.);
#6438=ORIENTED_EDGE('',*,*,#4561,.F.);
#6439=ORIENTED_EDGE('',*,*,#4549,.T.);
#6440=ORIENTED_EDGE('',*,*,#4542,.T.);
#6441=ORIENTED_EDGE('',*,*,#3648,.T.);
#6442=ORIENTED_EDGE('',*,*,#4560,.F.);
#6443=ORIENTED_EDGE('',*,*,#4531,.F.);
#6444=ORIENTED_EDGE('',*,*,#4527,.F.);
#6445=ORIENTED_EDGE('',*,*,#4562,.T.);
#6446=ORIENTED_EDGE('',*,*,#4563,.T.);
#6447=ORIENTED_EDGE('',*,*,#4562,.F.);
#6448=ORIENTED_EDGE('',*,*,#4526,.T.);
#6449=ORIENTED_EDGE('',*,*,#3994,.T.);
#6450=ORIENTED_EDGE('',*,*,#4548,.F.);
#6451=ORIENTED_EDGE('',*,*,#4561,.T.);
#6452=ORIENTED_EDGE('',*,*,#4563,.F.);
#6453=ORIENTED_EDGE('',*,*,#4544,.T.);
#6454=ORIENTED_EDGE('',*,*,#4564,.F.);
#6455=ORIENTED_EDGE('',*,*,#3878,.F.);
#6456=ORIENTED_EDGE('',*,*,#4565,.F.);
#6457=ORIENTED_EDGE('',*,*,#4566,.F.);
#6458=ORIENTED_EDGE('',*,*,#3595,.T.);
#6459=ORIENTED_EDGE('',*,*,#4565,.T.);
#6460=ORIENTED_EDGE('',*,*,#3877,.T.);
#6461=ORIENTED_EDGE('',*,*,#3867,.T.);
#6462=ORIENTED_EDGE('',*,*,#4567,.T.);
#6463=ORIENTED_EDGE('',*,*,#4568,.T.);
#6464=ORIENTED_EDGE('',*,*,#3879,.T.);
#6465=ORIENTED_EDGE('',*,*,#4564,.T.);
#6466=ORIENTED_EDGE('',*,*,#4569,.F.);
#6467=ORIENTED_EDGE('',*,*,#3759,.F.);
#6468=ORIENTED_EDGE('',*,*,#4570,.F.);
#6469=ORIENTED_EDGE('',*,*,#3871,.F.);
#6470=ORIENTED_EDGE('',*,*,#3870,.T.);
#6471=ORIENTED_EDGE('',*,*,#4570,.T.);
#6472=ORIENTED_EDGE('',*,*,#3758,.T.);
#6473=ORIENTED_EDGE('',*,*,#3837,.T.);
#6474=ORIENTED_EDGE('',*,*,#3671,.T.);
#6475=ORIENTED_EDGE('',*,*,#3872,.T.);
#6476=ORIENTED_EDGE('',*,*,#3760,.T.);
#6477=ORIENTED_EDGE('',*,*,#4569,.T.);
#6478=ORIENTED_EDGE('',*,*,#4571,.F.);
#6479=ORIENTED_EDGE('',*,*,#4480,.T.);
#6480=ORIENTED_EDGE('',*,*,#4000,.F.);
#6481=ORIENTED_EDGE('',*,*,#3818,.F.);
#6482=ORIENTED_EDGE('',*,*,#4367,.F.);
#6483=ORIENTED_EDGE('',*,*,#4362,.T.);
#6484=ORIENTED_EDGE('',*,*,#4481,.T.);
#6485=ORIENTED_EDGE('',*,*,#4571,.T.);
#6486=ORIENTED_EDGE('',*,*,#4361,.T.);
#6487=ORIENTED_EDGE('',*,*,#4004,.T.);
#6488=ORIENTED_EDGE('',*,*,#4572,.F.);
#6489=ORIENTED_EDGE('',*,*,#4359,.T.);
#6490=ORIENTED_EDGE('',*,*,#4369,.F.);
#6491=ORIENTED_EDGE('',*,*,#3816,.F.);
#6492=ORIENTED_EDGE('',*,*,#4006,.F.);
#6493=ORIENTED_EDGE('',*,*,#4483,.T.);
#6494=ORIENTED_EDGE('',*,*,#4360,.T.);
#6495=ORIENTED_EDGE('',*,*,#4572,.T.);
#6496=ORIENTED_EDGE('',*,*,#4482,.T.);
#6497=ORIENTED_EDGE('',*,*,#4002,.T.);
#6498=ORIENTED_EDGE('',*,*,#4573,.F.);
#6499=ORIENTED_EDGE('',*,*,#4488,.T.);
#6500=ORIENTED_EDGE('',*,*,#4110,.F.);
#6501=ORIENTED_EDGE('',*,*,#3909,.F.);
#6502=ORIENTED_EDGE('',*,*,#4404,.F.);
#6503=ORIENTED_EDGE('',*,*,#4402,.T.);
#6504=ORIENTED_EDGE('',*,*,#4420,.F.);
#6505=ORIENTED_EDGE('',*,*,#4419,.T.);
#6506=ORIENTED_EDGE('',*,*,#4412,.T.);
#6507=ORIENTED_EDGE('',*,*,#4489,.T.);
#6508=ORIENTED_EDGE('',*,*,#4573,.T.);
#6509=ORIENTED_EDGE('',*,*,#4411,.T.);
#6510=ORIENTED_EDGE('',*,*,#4114,.T.);
#6511=ORIENTED_EDGE('',*,*,#4574,.F.);
#6512=ORIENTED_EDGE('',*,*,#4409,.T.);
#6513=ORIENTED_EDGE('',*,*,#4426,.T.);
#6514=ORIENTED_EDGE('',*,*,#4427,.F.);
#6515=ORIENTED_EDGE('',*,*,#4423,.T.);
#6516=ORIENTED_EDGE('',*,*,#4424,.F.);
#6517=ORIENTED_EDGE('',*,*,#3907,.F.);
#6518=ORIENTED_EDGE('',*,*,#4116,.F.);
#6519=ORIENTED_EDGE('',*,*,#4491,.T.);
#6520=ORIENTED_EDGE('',*,*,#4410,.T.);
#6521=ORIENTED_EDGE('',*,*,#4574,.T.);
#6522=ORIENTED_EDGE('',*,*,#4490,.T.);
#6523=ORIENTED_EDGE('',*,*,#4112,.T.);
#6524=ORIENTED_EDGE('',*,*,#4575,.F.);
#6525=ORIENTED_EDGE('',*,*,#4486,.F.);
#6526=ORIENTED_EDGE('',*,*,#4097,.F.);
#6527=ORIENTED_EDGE('',*,*,#4576,.F.);
#6528=ORIENTED_EDGE('',*,*,#4577,.F.);
#6529=ORIENTED_EDGE('',*,*,#4576,.T.);
#6530=ORIENTED_EDGE('',*,*,#4400,.F.);
#6531=ORIENTED_EDGE('',*,*,#4578,.F.);
#6532=ORIENTED_EDGE('',*,*,#4415,.F.);
#6533=ORIENTED_EDGE('',*,*,#4579,.F.);
#6534=ORIENTED_EDGE('',*,*,#4578,.T.);
#6535=ORIENTED_EDGE('',*,*,#4399,.T.);
#6536=ORIENTED_EDGE('',*,*,#4392,.T.);
#6537=ORIENTED_EDGE('',*,*,#4387,.T.);
#6538=ORIENTED_EDGE('',*,*,#4386,.T.);
#6539=ORIENTED_EDGE('',*,*,#4229,.F.);
#6540=ORIENTED_EDGE('',*,*,#4536,.F.);
#6541=ORIENTED_EDGE('',*,*,#4225,.F.);
#6542=ORIENTED_EDGE('',*,*,#4108,.T.);
#6543=ORIENTED_EDGE('',*,*,#4487,.T.);
#6544=ORIENTED_EDGE('',*,*,#4575,.T.);
#6545=ORIENTED_EDGE('',*,*,#4580,.F.);
#6546=ORIENTED_EDGE('',*,*,#4109,.T.);
#6547=ORIENTED_EDGE('',*,*,#4580,.T.);
#6548=ORIENTED_EDGE('',*,*,#4577,.T.);
#6549=ORIENTED_EDGE('',*,*,#4581,.F.);
#6550=ORIENTED_EDGE('',*,*,#4579,.T.);
#6551=ORIENTED_EDGE('',*,*,#4414,.T.);
#6552=ORIENTED_EDGE('',*,*,#4100,.T.);
#6553=ORIENTED_EDGE('',*,*,#4581,.T.);
#6554=ORIENTED_EDGE('',*,*,#4582,.F.);
#6555=ORIENTED_EDGE('',*,*,#4583,.F.);
#6556=ORIENTED_EDGE('',*,*,#4584,.F.);
#6557=ORIENTED_EDGE('',*,*,#4484,.T.);
#6558=ORIENTED_EDGE('',*,*,#4007,.F.);
#6559=ORIENTED_EDGE('',*,*,#3814,.F.);
#6560=ORIENTED_EDGE('',*,*,#4368,.F.);
#6561=ORIENTED_EDGE('',*,*,#4357,.F.);
#6562=ORIENTED_EDGE('',*,*,#4370,.T.);
#6563=ORIENTED_EDGE('',*,*,#4585,.F.);
#6564=ORIENTED_EDGE('',*,*,#4583,.T.);
#6565=ORIENTED_EDGE('',*,*,#4586,.F.);
#6566=ORIENTED_EDGE('',*,*,#4009,.T.);
#6567=ORIENTED_EDGE('',*,*,#4485,.T.);
#6568=ORIENTED_EDGE('',*,*,#4584,.T.);
#6569=ORIENTED_EDGE('',*,*,#4585,.T.);
#6570=ORIENTED_EDGE('',*,*,#4582,.T.);
#6571=ORIENTED_EDGE('',*,*,#4356,.T.);
#6572=ORIENTED_EDGE('',*,*,#4293,.T.);
#6573=ORIENTED_EDGE('',*,*,#4586,.T.);
#6574=ORIENTED_EDGE('',*,*,#4587,.F.);
#6575=ORIENTED_EDGE('',*,*,#4508,.T.);
#6576=ORIENTED_EDGE('',*,*,#4128,.F.);
#6577=ORIENTED_EDGE('',*,*,#4493,.F.);
#6578=ORIENTED_EDGE('',*,*,#4407,.T.);
#6579=ORIENTED_EDGE('',*,*,#4587,.T.);
#6580=ORIENTED_EDGE('',*,*,#4492,.T.);
#6581=ORIENTED_EDGE('',*,*,#4119,.T.);
#6582=ORIENTED_EDGE('',*,*,#4588,.F.);
#6583=ORIENTED_EDGE('',*,*,#4478,.F.);
#6584=ORIENTED_EDGE('',*,*,#4454,.F.);
#6585=ORIENTED_EDGE('',*,*,#4467,.F.);
#6586=ORIENTED_EDGE('',*,*,#4540,.F.);
#6587=ORIENTED_EDGE('',*,*,#4479,.T.);
#6588=ORIENTED_EDGE('',*,*,#4588,.T.);
#6589=ORIENTED_EDGE('',*,*,#4364,.T.);
#6590=ORIENTED_EDGE('',*,*,#3995,.T.);
#6591=ORIENTED_EDGE('',*,*,#4589,.F.);
#6592=ORIENTED_EDGE('',*,*,#3626,.F.);
#6593=ORIENTED_EDGE('',*,*,#3785,.F.);
#6594=ORIENTED_EDGE('',*,*,#3754,.F.);
#6595=ORIENTED_EDGE('',*,*,#3627,.T.);
#6596=ORIENTED_EDGE('',*,*,#4589,.T.);
#6597=ORIENTED_EDGE('',*,*,#3753,.T.);
#6598=ORIENTED_EDGE('',*,*,#3842,.T.);
#6599=ORIENTED_EDGE('',*,*,#3884,.T.);
#6600=ORIENTED_EDGE('',*,*,#3892,.T.);
#6601=ORIENTED_EDGE('',*,*,#3642,.T.);
#6602=ORIENTED_EDGE('',*,*,#3848,.T.);
#6603=ORIENTED_EDGE('',*,*,#4538,.F.);
#6604=ORIENTED_EDGE('',*,*,#4590,.T.);
#6605=ORIENTED_EDGE('',*,*,#4591,.F.);
#6606=ORIENTED_EDGE('',*,*,#4590,.F.);
#6607=ORIENTED_EDGE('',*,*,#4592,.F.);
#6608=ORIENTED_EDGE('',*,*,#4591,.T.);
#6609=ORIENTED_EDGE('',*,*,#4593,.T.);
#6610=ORIENTED_EDGE('',*,*,#4592,.T.);
#6611=ORIENTED_EDGE('',*,*,#4593,.F.);
#6612=ORIENTED_EDGE('',*,*,#4537,.F.);
#6613=ORIENTED_EDGE('',*,*,#4594,.T.);
#6614=ORIENTED_EDGE('',*,*,#4595,.F.);
#6615=ORIENTED_EDGE('',*,*,#4594,.F.);
#6616=ORIENTED_EDGE('',*,*,#4596,.F.);
#6617=ORIENTED_EDGE('',*,*,#4595,.T.);
#6618=ORIENTED_EDGE('',*,*,#4597,.T.);
#6619=ORIENTED_EDGE('',*,*,#4596,.T.);
#6620=ORIENTED_EDGE('',*,*,#4597,.F.);
#6621=ORIENTED_EDGE('',*,*,#3829,.F.);
#6622=ORIENTED_EDGE('',*,*,#3654,.F.);
#6623=ORIENTED_EDGE('',*,*,#3898,.F.);
#6624=ORIENTED_EDGE('',*,*,#3825,.F.);
#6625=ORIENTED_EDGE('',*,*,#4501,.F.);
#6626=ORIENTED_EDGE('',*,*,#3880,.F.);
#6627=ORIENTED_EDGE('',*,*,#4568,.F.);
#6628=ORIENTED_EDGE('',*,*,#4598,.T.);
#6629=ORIENTED_EDGE('',*,*,#3831,.F.);
#6630=ORIENTED_EDGE('',*,*,#4599,.F.);
#6631=ORIENTED_EDGE('',*,*,#4566,.T.);
#6632=ORIENTED_EDGE('',*,*,#3594,.T.);
#6633=ORIENTED_EDGE('',*,*,#3600,.F.);
#6634=ORIENTED_EDGE('',*,*,#3861,.F.);
#6635=ORIENTED_EDGE('',*,*,#3859,.F.);
#6636=ORIENTED_EDGE('',*,*,#3857,.F.);
#6637=ORIENTED_EDGE('',*,*,#4598,.F.);
#6638=ORIENTED_EDGE('',*,*,#4567,.F.);
#6639=ORIENTED_EDGE('',*,*,#4599,.T.);
#6640=ORIENTED_EDGE('',*,*,#3830,.F.);
#6641=ORIENTED_EDGE('',*,*,#3827,.F.);
#6642=ORIENTED_EDGE('',*,*,#4600,.T.);
#6643=ORIENTED_EDGE('',*,*,#4601,.T.);
#6644=ORIENTED_EDGE('',*,*,#4602,.T.);
#6645=ORIENTED_EDGE('',*,*,#4603,.F.);
#6646=ORIENTED_EDGE('',*,*,#4604,.T.);
#6647=ORIENTED_EDGE('',*,*,#4605,.F.);
#6648=ORIENTED_EDGE('',*,*,#4600,.F.);
#6649=ORIENTED_EDGE('',*,*,#4606,.F.);
#6650=ORIENTED_EDGE('',*,*,#4607,.T.);
#6651=ORIENTED_EDGE('',*,*,#4601,.F.);
#6652=ORIENTED_EDGE('',*,*,#4605,.T.);
#6653=ORIENTED_EDGE('',*,*,#4608,.T.);
#6654=ORIENTED_EDGE('',*,*,#4606,.T.);
#6655=ORIENTED_EDGE('',*,*,#4603,.T.);
#6656=ORIENTED_EDGE('',*,*,#4604,.F.);
#6657=ORIENTED_EDGE('',*,*,#4608,.F.);
#6658=ORIENTED_EDGE('',*,*,#4602,.F.);
#6659=ORIENTED_EDGE('',*,*,#4607,.F.);
#6660=ORIENTED_EDGE('',*,*,#4609,.F.);
#6661=ORIENTED_EDGE('',*,*,#4610,.F.);
#6662=ORIENTED_EDGE('',*,*,#4611,.F.);
#6663=ORIENTED_EDGE('',*,*,#4612,.F.);
#6664=ORIENTED_EDGE('',*,*,#4609,.T.);
#6665=ORIENTED_EDGE('',*,*,#4613,.F.);
#6666=ORIENTED_EDGE('',*,*,#4614,.F.);
#6667=ORIENTED_EDGE('',*,*,#4615,.F.);
#6668=ORIENTED_EDGE('',*,*,#4612,.T.);
#6669=ORIENTED_EDGE('',*,*,#4616,.F.);
#6670=ORIENTED_EDGE('',*,*,#4613,.T.);
#6671=ORIENTED_EDGE('',*,*,#4610,.T.);
#6672=ORIENTED_EDGE('',*,*,#4615,.T.);
#6673=ORIENTED_EDGE('',*,*,#4617,.T.);
#6674=ORIENTED_EDGE('',*,*,#4614,.T.);
#6675=ORIENTED_EDGE('',*,*,#4616,.T.);
#6676=ORIENTED_EDGE('',*,*,#4611,.T.);
#6677=ORIENTED_EDGE('',*,*,#4617,.F.);
#6678=CYLINDRICAL_SURFACE('',#7174,3.66);
#6679=CYLINDRICAL_SURFACE('',#7199,3.66);
#6680=CYLINDRICAL_SURFACE('',#7204,3.);
#6681=CYLINDRICAL_SURFACE('',#7206,2.);
#6682=CYLINDRICAL_SURFACE('',#7208,2.);
#6683=CYLINDRICAL_SURFACE('',#7215,2.);
#6684=CYLINDRICAL_SURFACE('',#7218,2.);
#6685=CYLINDRICAL_SURFACE('',#7233,2.);
#6686=CYLINDRICAL_SURFACE('',#7236,2.);
#6687=CYLINDRICAL_SURFACE('',#7240,2.);
#6688=CYLINDRICAL_SURFACE('',#7256,1.);
#6689=CYLINDRICAL_SURFACE('',#7259,1.);
#6690=CYLINDRICAL_SURFACE('',#7273,2.4);
#6691=CYLINDRICAL_SURFACE('',#7276,2.4);
#6692=CYLINDRICAL_SURFACE('',#7283,1.2);
#6693=CYLINDRICAL_SURFACE('',#7286,1.2);
#6694=CYLINDRICAL_SURFACE('',#7289,1.2);
#6695=CYLINDRICAL_SURFACE('',#7292,1.2);
#6696=CYLINDRICAL_SURFACE('',#7295,3.);
#6697=CYLINDRICAL_SURFACE('',#7302,0.999999999999996);
#6698=CYLINDRICAL_SURFACE('',#7303,1.7);
#6699=CYLINDRICAL_SURFACE('',#7306,1.85);
#6700=CYLINDRICAL_SURFACE('',#7308,1.85);
#6701=CYLINDRICAL_SURFACE('',#7315,3.1);
#6702=CYLINDRICAL_SURFACE('',#7350,2.5);
#6703=CYLINDRICAL_SURFACE('',#7354,1.5);
#6704=CYLINDRICAL_SURFACE('',#7358,1.5);
#6705=CYLINDRICAL_SURFACE('',#7362,2.5);
#6706=CYLINDRICAL_SURFACE('',#7372,2.5);
#6707=CYLINDRICAL_SURFACE('',#7376,1.5);
#6708=CYLINDRICAL_SURFACE('',#7380,1.5);
#6709=CYLINDRICAL_SURFACE('',#7384,2.5);
#6710=CYLINDRICAL_SURFACE('',#7401,1.45);
#6711=CYLINDRICAL_SURFACE('',#7404,1.45);
#6712=CYLINDRICAL_SURFACE('',#7407,1.45);
#6713=CYLINDRICAL_SURFACE('',#7410,1.45);
#6714=CYLINDRICAL_SURFACE('',#7422,0.5);
#6715=CYLINDRICAL_SURFACE('',#7424,2.5);
#6716=CYLINDRICAL_SURFACE('',#7429,2.5);
#6717=CYLINDRICAL_SURFACE('',#7432,2.5);
#6718=CYLINDRICAL_SURFACE('',#7435,3.15);
#6719=CYLINDRICAL_SURFACE('',#7438,3.15);
#6720=CYLINDRICAL_SURFACE('',#7441,3.15);
#6721=CYLINDRICAL_SURFACE('',#7444,3.15);
#6722=CYLINDRICAL_SURFACE('',#7447,2.5);
#6723=CYLINDRICAL_SURFACE('',#7450,2.5);
#6724=CYLINDRICAL_SURFACE('',#7455,3.);
#6725=CYLINDRICAL_SURFACE('',#7458,3.);
#6726=CYLINDRICAL_SURFACE('',#7462,3.);
#6727=CYLINDRICAL_SURFACE('',#7466,2.);
#6728=CYLINDRICAL_SURFACE('',#7470,4.);
#6729=CYLINDRICAL_SURFACE('',#7473,2.5);
#6730=CYLINDRICAL_SURFACE('',#7476,4.);
#6731=CYLINDRICAL_SURFACE('',#7481,2.);
#6732=CYLINDRICAL_SURFACE('',#7485,3.);
#6733=CYLINDRICAL_SURFACE('',#7489,3.);
#6734=CYLINDRICAL_SURFACE('',#7492,3.);
#6735=CYLINDRICAL_SURFACE('',#7501,5.);
#6736=CYLINDRICAL_SURFACE('',#7505,5.);
#6737=CYLINDRICAL_SURFACE('',#7508,5.);
#6738=CYLINDRICAL_SURFACE('',#7511,5.);
#6739=CYLINDRICAL_SURFACE('',#7525,0.5);
#6740=CYLINDRICAL_SURFACE('',#7547,2.5);
#6741=CYLINDRICAL_SURFACE('',#7556,2.5);
#6742=CYLINDRICAL_SURFACE('',#7563,2.5);
#6743=CYLINDRICAL_SURFACE('',#7573,2.5);
#6744=CYLINDRICAL_SURFACE('',#7605,4.);
#6745=CYLINDRICAL_SURFACE('',#7618,3.15);
#6746=CYLINDRICAL_SURFACE('',#7620,4.);
#6747=CYLINDRICAL_SURFACE('',#7621,3.15);
#6748=CYLINDRICAL_SURFACE('',#7623,3.1);
#6749=CYLINDRICAL_SURFACE('',#7624,3.1);
#6750=CYLINDRICAL_SURFACE('',#7625,1.45);
#6751=CYLINDRICAL_SURFACE('',#7627,1.45);
#6752=CYLINDRICAL_SURFACE('',#7629,1.19999999999999);
#6753=CYLINDRICAL_SURFACE('',#7630,1.2);
#6754=CYLINDRICAL_SURFACE('',#7631,1.2);
#6755=CYLINDRICAL_SURFACE('',#7632,1.19999999999999);
#6756=CYLINDRICAL_SURFACE('',#7636,2.5);
#6757=CYLINDRICAL_SURFACE('',#7640,2.5);
#6758=CYLINDRICAL_SURFACE('',#7643,2.5);
#6759=CYLINDRICAL_SURFACE('',#7645,2.5);
#6760=CYLINDRICAL_SURFACE('',#7648,2.50000000000001);
#6761=CYLINDRICAL_SURFACE('',#7650,2.5);
#6762=CYLINDRICAL_SURFACE('',#7652,2.5);
#6763=CYLINDRICAL_SURFACE('',#7669,2.5);
#6764=CYLINDRICAL_SURFACE('',#7671,2.5);
#6765=CYLINDRICAL_SURFACE('',#7675,2.5);
#6766=CYLINDRICAL_SURFACE('',#7679,2.5);
#6767=CYLINDRICAL_SURFACE('',#7689,2.5);
#6768=CYLINDRICAL_SURFACE('',#7691,2.5);
#6769=CYLINDRICAL_SURFACE('',#7702,4.);
#6770=CYLINDRICAL_SURFACE('',#7706,4.);
#6771=CYLINDRICAL_SURFACE('',#7708,4.);
#6772=CYLINDRICAL_SURFACE('',#7712,4.);
#6773=CYLINDRICAL_SURFACE('',#7720,2.5);
#6774=CYLINDRICAL_SURFACE('',#7722,2.5);
#6775=CYLINDRICAL_SURFACE('',#7724,2.5);
#6776=CYLINDRICAL_SURFACE('',#7726,2.5);
#6777=CYLINDRICAL_SURFACE('',#7730,2.5);
#6778=CYLINDRICAL_SURFACE('',#7732,2.5);
#6779=CYLINDRICAL_SURFACE('',#7734,2.5);
#6780=CYLINDRICAL_SURFACE('',#7736,2.5);
#6781=CYLINDRICAL_SURFACE('',#7739,2.5);
#6782=CYLINDRICAL_SURFACE('',#7740,2.5);
#6783=CYLINDRICAL_SURFACE('',#7742,2.5);
#6784=CYLINDRICAL_SURFACE('',#7744,2.5);
#6785=CYLINDRICAL_SURFACE('',#7748,3.3);
#6786=CYLINDRICAL_SURFACE('',#7753,3.3);
#6787=ADVANCED_FACE('',(#463),#6678,.T.);
#6788=ADVANCED_FACE('',(#464),#210,.T.);
#6789=ADVANCED_FACE('',(#465),#211,.T.);
#6790=ADVANCED_FACE('',(#466,#24,#25),#212,.F.);
#6791=ADVANCED_FACE('',(#467),#6679,.T.);
#6792=ADVANCED_FACE('',(#468),#213,.T.);
#6793=ADVANCED_FACE('',(#469),#214,.T.);
#6794=ADVANCED_FACE('',(#470),#6680,.T.);
#6795=ADVANCED_FACE('',(#471),#6681,.F.);
#6796=ADVANCED_FACE('',(#472),#6682,.F.);
#6797=ADVANCED_FACE('',(#473,#26),#215,.T.);
#6798=ADVANCED_FACE('',(#474),#6683,.F.);
#6799=ADVANCED_FACE('',(#475),#216,.F.);
#6800=ADVANCED_FACE('',(#476),#6684,.F.);
#6801=ADVANCED_FACE('',(#477),#16,.F.);
#6802=ADVANCED_FACE('',(#478),#217,.T.);
#6803=ADVANCED_FACE('',(#479),#17,.T.);
#6804=ADVANCED_FACE('',(#480),#218,.T.);
#6805=ADVANCED_FACE('',(#481),#219,.T.);
#6806=ADVANCED_FACE('',(#482),#18,.T.);
#6807=ADVANCED_FACE('',(#483),#220,.T.);
#6808=ADVANCED_FACE('',(#484),#6685,.F.);
#6809=ADVANCED_FACE('',(#485),#221,.T.);
#6810=ADVANCED_FACE('',(#486),#6686,.T.);
#6811=ADVANCED_FACE('',(#487),#222,.T.);
#6812=ADVANCED_FACE('',(#488),#223,.T.);
#6813=ADVANCED_FACE('',(#489),#6687,.T.);
#6814=ADVANCED_FACE('',(#490),#224,.T.);
#6815=ADVANCED_FACE('',(#491,#27),#225,.F.);
#6816=ADVANCED_FACE('',(#492),#226,.T.);
#6817=ADVANCED_FACE('',(#493),#19,.T.);
#6818=ADVANCED_FACE('',(#494),#227,.T.);
#6819=ADVANCED_FACE('',(#495),#228,.T.);
#6820=ADVANCED_FACE('',(#496),#20,.T.);
#6821=ADVANCED_FACE('',(#497),#229,.T.);
#6822=ADVANCED_FACE('',(#498),#21,.F.);
#6823=ADVANCED_FACE('',(#499),#230,.F.);
#6824=ADVANCED_FACE('',(#500),#231,.F.);
#6825=ADVANCED_FACE('',(#501),#232,.T.);
#6826=ADVANCED_FACE('',(#502),#6688,.F.);
#6827=ADVANCED_FACE('',(#503),#233,.T.);
#6828=ADVANCED_FACE('',(#504),#6689,.F.);
#6829=ADVANCED_FACE('',(#505),#234,.T.);
#6830=ADVANCED_FACE('',(#506),#235,.F.);
#6831=ADVANCED_FACE('',(#507),#236,.T.);
#6832=ADVANCED_FACE('',(#508),#237,.T.);
#6833=ADVANCED_FACE('',(#509),#238,.T.);
#6834=ADVANCED_FACE('',(#510),#239,.T.);
#6835=ADVANCED_FACE('',(#511),#240,.F.);
#6836=ADVANCED_FACE('',(#512),#241,.T.);
#6837=ADVANCED_FACE('',(#513,#28,#29),#242,.T.);
#6838=ADVANCED_FACE('',(#514),#243,.F.);
#6839=ADVANCED_FACE('',(#515),#6690,.F.);
#6840=ADVANCED_FACE('',(#516),#244,.T.);
#6841=ADVANCED_FACE('',(#517),#6691,.F.);
#6842=ADVANCED_FACE('',(#518),#245,.F.);
#6843=ADVANCED_FACE('',(#519),#246,.F.);
#6844=ADVANCED_FACE('',(#520),#247,.T.);
#6845=ADVANCED_FACE('',(#521),#248,.T.);
#6846=ADVANCED_FACE('',(#522),#249,.F.);
#6847=ADVANCED_FACE('',(#523),#6692,.F.);
#6848=ADVANCED_FACE('',(#524),#250,.T.);
#6849=ADVANCED_FACE('',(#525),#6693,.F.);
#6850=ADVANCED_FACE('',(#526),#251,.T.);
#6851=ADVANCED_FACE('',(#527),#6694,.F.);
#6852=ADVANCED_FACE('',(#528),#252,.T.);
#6853=ADVANCED_FACE('',(#529),#6695,.F.);
#6854=ADVANCED_FACE('',(#530),#253,.T.);
#6855=ADVANCED_FACE('',(#531),#6696,.T.);
#6856=ADVANCED_FACE('',(#532),#254,.T.);
#6857=ADVANCED_FACE('',(#533),#255,.T.);
#6858=ADVANCED_FACE('',(#534),#256,.T.);
#6859=ADVANCED_FACE('',(#535),#257,.T.);
#6860=ADVANCED_FACE('',(#536,#30),#258,.T.);
#6861=ADVANCED_FACE('',(#537),#6697,.F.);
#6862=ADVANCED_FACE('',(#538),#6698,.F.);
#6863=ADVANCED_FACE('',(#539),#259,.T.);
#6864=ADVANCED_FACE('',(#540),#6699,.F.);
#6865=ADVANCED_FACE('',(#541),#6700,.F.);
#6866=ADVANCED_FACE('',(#542),#260,.T.);
#6867=ADVANCED_FACE('',(#543),#261,.T.);
#6868=ADVANCED_FACE('',(#544),#262,.T.);
#6869=ADVANCED_FACE('',(#545),#263,.T.);
#6870=ADVANCED_FACE('',(#546),#264,.F.);
#6871=ADVANCED_FACE('',(#547),#6701,.F.);
#6872=ADVANCED_FACE('',(#548),#265,.F.);
#6873=ADVANCED_FACE('',(#549,#31),#266,.T.);
#6874=ADVANCED_FACE('',(#550),#267,.T.);
#6875=ADVANCED_FACE('',(#551),#268,.T.);
#6876=ADVANCED_FACE('',(#552,#32,#33),#269,.T.);
#6877=ADVANCED_FACE('',(#553,#34),#270,.T.);
#6878=ADVANCED_FACE('',(#554),#271,.T.);
#6879=ADVANCED_FACE('',(#555),#272,.F.);
#6880=ADVANCED_FACE('',(#556),#273,.F.);
#6881=ADVANCED_FACE('',(#557),#274,.F.);
#6882=ADVANCED_FACE('',(#558),#275,.T.);
#6883=ADVANCED_FACE('',(#559),#276,.T.);
#6884=ADVANCED_FACE('',(#560),#277,.F.);
#6885=ADVANCED_FACE('',(#561),#278,.F.);
#6886=ADVANCED_FACE('',(#562),#279,.T.);
#6887=ADVANCED_FACE('',(#563,#35),#280,.T.);
#6888=ADVANCED_FACE('',(#564),#281,.T.);
#6889=ADVANCED_FACE('',(#565),#282,.F.);
#6890=ADVANCED_FACE('',(#566),#283,.T.);
#6891=ADVANCED_FACE('',(#567),#284,.F.);
#6892=ADVANCED_FACE('',(#568),#285,.T.);
#6893=ADVANCED_FACE('',(#569),#286,.T.);
#6894=ADVANCED_FACE('',(#570),#287,.T.);
#6895=ADVANCED_FACE('',(#571),#288,.T.);
#6896=ADVANCED_FACE('',(#572),#289,.T.);
#6897=ADVANCED_FACE('',(#573),#290,.T.);
#6898=ADVANCED_FACE('',(#574),#6702,.F.);
#6899=ADVANCED_FACE('',(#575),#291,.T.);
#6900=ADVANCED_FACE('',(#576),#6703,.T.);
#6901=ADVANCED_FACE('',(#577),#292,.T.);
#6902=ADVANCED_FACE('',(#578),#6704,.T.);
#6903=ADVANCED_FACE('',(#579),#293,.T.);
#6904=ADVANCED_FACE('',(#580),#6705,.F.);
#6905=ADVANCED_FACE('',(#581),#294,.T.);
#6906=ADVANCED_FACE('',(#582),#295,.T.);
#6907=ADVANCED_FACE('',(#583),#296,.T.);
#6908=ADVANCED_FACE('',(#584),#297,.F.);
#6909=ADVANCED_FACE('',(#585),#298,.T.);
#6910=ADVANCED_FACE('',(#586),#299,.T.);
#6911=ADVANCED_FACE('',(#587),#300,.T.);
#6912=ADVANCED_FACE('',(#588),#6706,.F.);
#6913=ADVANCED_FACE('',(#589),#301,.T.);
#6914=ADVANCED_FACE('',(#590),#6707,.T.);
#6915=ADVANCED_FACE('',(#591),#302,.T.);
#6916=ADVANCED_FACE('',(#592),#6708,.T.);
#6917=ADVANCED_FACE('',(#593),#303,.T.);
#6918=ADVANCED_FACE('',(#594),#6709,.F.);
#6919=ADVANCED_FACE('',(#595),#304,.T.);
#6920=ADVANCED_FACE('',(#596),#305,.T.);
#6921=ADVANCED_FACE('',(#597),#306,.T.);
#6922=ADVANCED_FACE('',(#598),#307,.T.);
#6923=ADVANCED_FACE('',(#599),#308,.T.);
#6924=ADVANCED_FACE('',(#600),#309,.T.);
#6925=ADVANCED_FACE('',(#601),#310,.F.);
#6926=ADVANCED_FACE('',(#602),#311,.T.);
#6927=ADVANCED_FACE('',(#603),#312,.F.);
#6928=ADVANCED_FACE('',(#604),#313,.T.);
#6929=ADVANCED_FACE('',(#605),#314,.T.);
#6930=ADVANCED_FACE('',(#606),#6710,.F.);
#6931=ADVANCED_FACE('',(#607),#6711,.F.);
#6932=ADVANCED_FACE('',(#608),#6712,.F.);
#6933=ADVANCED_FACE('',(#609),#6713,.F.);
#6934=ADVANCED_FACE('',(#610),#315,.T.);
#6935=ADVANCED_FACE('',(#611),#316,.T.);
#6936=ADVANCED_FACE('',(#612),#317,.T.);
#6937=ADVANCED_FACE('',(#613),#318,.T.);
#6938=ADVANCED_FACE('',(#614),#319,.T.);
#6939=ADVANCED_FACE('',(#615),#6714,.F.);
#6940=ADVANCED_FACE('',(#616),#6715,.F.);
#6941=ADVANCED_FACE('',(#617),#320,.F.);
#6942=ADVANCED_FACE('',(#618),#6716,.T.);
#6943=ADVANCED_FACE('',(#619),#6717,.T.);
#6944=ADVANCED_FACE('',(#620),#6718,.F.);
#6945=ADVANCED_FACE('',(#621),#6719,.F.);
#6946=ADVANCED_FACE('',(#622),#6720,.F.);
#6947=ADVANCED_FACE('',(#623),#6721,.F.);
#6948=ADVANCED_FACE('',(#624),#6722,.T.);
#6949=ADVANCED_FACE('',(#625),#6723,.T.);
#6950=ADVANCED_FACE('',(#626),#321,.F.);
#6951=ADVANCED_FACE('',(#627),#322,.T.);
#6952=ADVANCED_FACE('',(#628),#6724,.F.);
#6953=ADVANCED_FACE('',(#629),#6725,.T.);
#6954=ADVANCED_FACE('',(#630),#323,.T.);
#6955=ADVANCED_FACE('',(#631),#6726,.F.);
#6956=ADVANCED_FACE('',(#632),#324,.F.);
#6957=ADVANCED_FACE('',(#633),#6727,.F.);
#6958=ADVANCED_FACE('',(#634),#325,.T.);
#6959=ADVANCED_FACE('',(#635),#6728,.F.);
#6960=ADVANCED_FACE('',(#636),#326,.T.);
#6961=ADVANCED_FACE('',(#637),#6729,.F.);
#6962=ADVANCED_FACE('',(#638),#327,.T.);
#6963=ADVANCED_FACE('',(#639),#6730,.F.);
#6964=ADVANCED_FACE('',(#640),#328,.T.);
#6965=ADVANCED_FACE('',(#641),#6731,.F.);
#6966=ADVANCED_FACE('',(#642),#329,.F.);
#6967=ADVANCED_FACE('',(#643),#6732,.F.);
#6968=ADVANCED_FACE('',(#644),#330,.T.);
#6969=ADVANCED_FACE('',(#645),#6733,.T.);
#6970=ADVANCED_FACE('',(#646),#6734,.F.);
#6971=ADVANCED_FACE('',(#647),#331,.F.);
#6972=ADVANCED_FACE('',(#648),#332,.T.);
#6973=ADVANCED_FACE('',(#649),#333,.F.);
#6974=ADVANCED_FACE('',(#650),#334,.T.);
#6975=ADVANCED_FACE('',(#651),#6735,.T.);
#6976=ADVANCED_FACE('',(#652),#335,.T.);
#6977=ADVANCED_FACE('',(#653),#6736,.T.);
#6978=ADVANCED_FACE('',(#654),#336,.T.);
#6979=ADVANCED_FACE('',(#655),#6737,.T.);
#6980=ADVANCED_FACE('',(#656),#337,.T.);
#6981=ADVANCED_FACE('',(#657),#6738,.T.);
#6982=ADVANCED_FACE('',(#658),#338,.T.);
#6983=ADVANCED_FACE('',(#659),#339,.F.);
#6984=ADVANCED_FACE('',(#660),#340,.T.);
#6985=ADVANCED_FACE('',(#661),#341,.F.);
#6986=ADVANCED_FACE('',(#662),#342,.F.);
#6987=ADVANCED_FACE('',(#663),#343,.T.);
#6988=ADVANCED_FACE('',(#664),#344,.T.);
#6989=ADVANCED_FACE('',(#665),#345,.T.);
#6990=ADVANCED_FACE('',(#666),#346,.T.);
#6991=ADVANCED_FACE('',(#667),#6739,.F.);
#6992=ADVANCED_FACE('',(#668),#347,.T.);
#6993=ADVANCED_FACE('',(#669),#348,.F.);
#6994=ADVANCED_FACE('',(#670),#349,.T.);
#6995=ADVANCED_FACE('',(#671),#350,.F.);
#6996=ADVANCED_FACE('',(#672),#351,.T.);
#6997=ADVANCED_FACE('',(#673),#352,.F.);
#6998=ADVANCED_FACE('',(#674),#353,.T.);
#6999=ADVANCED_FACE('',(#675),#354,.F.);
#7000=ADVANCED_FACE('',(#676),#355,.T.);
#7001=ADVANCED_FACE('',(#677),#356,.F.);
#7002=ADVANCED_FACE('',(#678),#357,.T.);
#7003=ADVANCED_FACE('',(#679),#358,.T.);
#7004=ADVANCED_FACE('',(#680),#359,.T.);
#7005=ADVANCED_FACE('',(#681),#360,.F.);
#7006=ADVANCED_FACE('',(#682),#6740,.F.);
#7007=ADVANCED_FACE('',(#683),#361,.T.);
#7008=ADVANCED_FACE('',(#684),#362,.F.);
#7009=ADVANCED_FACE('',(#685,#36),#363,.T.);
#7010=ADVANCED_FACE('',(#686),#364,.F.);
#7011=ADVANCED_FACE('',(#687),#6741,.F.);
#7012=ADVANCED_FACE('',(#688),#365,.F.);
#7013=ADVANCED_FACE('',(#689),#366,.T.);
#7014=ADVANCED_FACE('',(#690),#367,.T.);
#7015=ADVANCED_FACE('',(#691),#368,.T.);
#7016=ADVANCED_FACE('',(#692),#369,.F.);
#7017=ADVANCED_FACE('',(#693),#370,.T.);
#7018=ADVANCED_FACE('',(#694),#6742,.F.);
#7019=ADVANCED_FACE('',(#695),#371,.T.);
#7020=ADVANCED_FACE('',(#696),#372,.F.);
#7021=ADVANCED_FACE('',(#697,#37),#373,.T.);
#7022=ADVANCED_FACE('',(#698),#374,.F.);
#7023=ADVANCED_FACE('',(#699),#6743,.F.);
#7024=ADVANCED_FACE('',(#700),#375,.F.);
#7025=ADVANCED_FACE('',(#701),#376,.T.);
#7026=ADVANCED_FACE('',(#702,#38,#39),#377,.T.);
#7027=ADVANCED_FACE('',(#703),#378,.F.);
#7028=ADVANCED_FACE('',(#704),#379,.T.);
#7029=ADVANCED_FACE('',(#705),#380,.F.);
#7030=ADVANCED_FACE('',(#706),#381,.T.);
#7031=ADVANCED_FACE('',(#707),#382,.F.);
#7032=ADVANCED_FACE('',(#708),#383,.T.);
#7033=ADVANCED_FACE('',(#709),#384,.F.);
#7034=ADVANCED_FACE('',(#710),#385,.T.);
#7035=ADVANCED_FACE('',(#711),#386,.F.);
#7036=ADVANCED_FACE('',(#712),#387,.T.);
#7037=ADVANCED_FACE('',(#713),#388,.F.);
#7038=ADVANCED_FACE('',(#714),#389,.T.);
#7039=ADVANCED_FACE('',(#715),#390,.F.);
#7040=ADVANCED_FACE('',(#716),#391,.T.);
#7041=ADVANCED_FACE('',(#717),#392,.F.);
#7042=ADVANCED_FACE('',(#718,#40),#393,.T.);
#7043=ADVANCED_FACE('',(#719,#41),#394,.T.);
#7044=ADVANCED_FACE('',(#720),#6744,.F.);
#7045=ADVANCED_FACE('',(#721,#42),#395,.T.);
#7046=ADVANCED_FACE('',(#722,#43),#396,.T.);
#7047=ADVANCED_FACE('',(#723),#397,.T.);
#7048=ADVANCED_FACE('',(#724),#398,.T.);
#7049=ADVANCED_FACE('',(#725),#399,.T.);
#7050=ADVANCED_FACE('',(#726),#400,.T.);
#7051=ADVANCED_FACE('',(#727,#44),#401,.T.);
#7052=ADVANCED_FACE('',(#728,#45),#402,.T.);
#7053=ADVANCED_FACE('',(#729),#6745,.F.);
#7054=ADVANCED_FACE('',(#730),#6746,.F.);
#7055=ADVANCED_FACE('',(#731),#6747,.F.);
#7056=ADVANCED_FACE('',(#732),#6748,.F.);
#7057=ADVANCED_FACE('',(#733),#6749,.F.);
#7058=ADVANCED_FACE('',(#734),#6750,.F.);
#7059=ADVANCED_FACE('',(#735),#6751,.F.);
#7060=ADVANCED_FACE('',(#736),#6752,.F.);
#7061=ADVANCED_FACE('',(#737),#6753,.F.);
#7062=ADVANCED_FACE('',(#738),#6754,.F.);
#7063=ADVANCED_FACE('',(#739),#6755,.F.);
#7064=ADVANCED_FACE('',(#740),#403,.T.);
#7065=ADVANCED_FACE('',(#741),#404,.T.);
#7066=ADVANCED_FACE('',(#742),#405,.T.);
#7067=ADVANCED_FACE('',(#743),#6756,.T.);
#7068=ADVANCED_FACE('',(#744),#406,.T.);
#7069=ADVANCED_FACE('',(#745),#6757,.T.);
#7070=ADVANCED_FACE('',(#746),#6758,.T.);
#7071=ADVANCED_FACE('',(#747),#6759,.T.);
#7072=ADVANCED_FACE('',(#748),#407,.F.);
#7073=ADVANCED_FACE('',(#749),#6760,.F.);
#7074=ADVANCED_FACE('',(#750),#6761,.T.);
#7075=ADVANCED_FACE('',(#751),#6762,.F.);
#7076=ADVANCED_FACE('',(#752,#46,#47,#48,#49),#408,.F.);
#7077=ADVANCED_FACE('',(#753),#409,.T.);
#7078=ADVANCED_FACE('',(#754),#410,.T.);
#7079=ADVANCED_FACE('',(#755),#6763,.T.);
#7080=ADVANCED_FACE('',(#756),#6764,.T.);
#7081=ADVANCED_FACE('',(#757),#411,.T.);
#7082=ADVANCED_FACE('',(#758),#412,.T.);
#7083=ADVANCED_FACE('',(#759),#6765,.F.);
#7084=ADVANCED_FACE('',(#760),#413,.T.);
#7085=ADVANCED_FACE('',(#761),#6766,.F.);
#7086=ADVANCED_FACE('',(#762,#50,#51,#52,#53,#54,#55,#56,#57,#58,#59,#60,
#61),#414,.T.);
#7087=ADVANCED_FACE('',(#763),#415,.T.);
#7088=ADVANCED_FACE('',(#764),#6767,.T.);
#7089=ADVANCED_FACE('',(#765),#6768,.T.);
#7090=ADVANCED_FACE('',(#766),#416,.T.);
#7091=ADVANCED_FACE('',(#767),#417,.T.);
#7092=ADVANCED_FACE('',(#768),#418,.F.);
#7093=ADVANCED_FACE('',(#769),#419,.F.);
#7094=ADVANCED_FACE('',(#770),#420,.T.);
#7095=ADVANCED_FACE('',(#771),#421,.T.);
#7096=ADVANCED_FACE('',(#772),#422,.T.);
#7097=ADVANCED_FACE('',(#773),#423,.F.);
#7098=ADVANCED_FACE('',(#774),#6769,.F.);
#7099=ADVANCED_FACE('',(#775),#424,.F.);
#7100=ADVANCED_FACE('',(#776),#425,.F.);
#7101=ADVANCED_FACE('',(#777),#6770,.F.);
#7102=ADVANCED_FACE('',(#778),#426,.F.);
#7103=ADVANCED_FACE('',(#779),#6771,.F.);
#7104=ADVANCED_FACE('',(#780),#427,.T.);
#7105=ADVANCED_FACE('',(#781),#428,.F.);
#7106=ADVANCED_FACE('',(#782),#6772,.F.);
#7107=ADVANCED_FACE('',(#783),#429,.F.);
#7108=ADVANCED_FACE('',(#784),#430,.T.);
#7109=ADVANCED_FACE('',(#785),#431,.T.);
#7110=ADVANCED_FACE('',(#786),#432,.F.);
#7111=ADVANCED_FACE('',(#787),#433,.T.);
#7112=ADVANCED_FACE('',(#788),#434,.T.);
#7113=ADVANCED_FACE('',(#789),#435,.T.);
#7114=ADVANCED_FACE('',(#790),#6773,.F.);
#7115=ADVANCED_FACE('',(#791),#436,.T.);
#7116=ADVANCED_FACE('',(#792),#6774,.F.);
#7117=ADVANCED_FACE('',(#793),#437,.T.);
#7118=ADVANCED_FACE('',(#794),#6775,.F.);
#7119=ADVANCED_FACE('',(#795),#438,.T.);
#7120=ADVANCED_FACE('',(#796),#6776,.F.);
#7121=ADVANCED_FACE('',(#797),#439,.T.);
#7122=ADVANCED_FACE('',(#798),#440,.F.);
#7123=ADVANCED_FACE('',(#799),#441,.F.);
#7124=ADVANCED_FACE('',(#800),#6777,.F.);
#7125=ADVANCED_FACE('',(#801),#6778,.F.);
#7126=ADVANCED_FACE('',(#802),#6779,.F.);
#7127=ADVANCED_FACE('',(#803),#442,.T.);
#7128=ADVANCED_FACE('',(#804),#6780,.F.);
#7129=ADVANCED_FACE('',(#805),#6781,.F.);
#7130=ADVANCED_FACE('',(#806),#6782,.F.);
#7131=ADVANCED_FACE('',(#807),#443,.T.);
#7132=ADVANCED_FACE('',(#808),#6783,.F.);
#7133=ADVANCED_FACE('',(#809),#444,.T.);
#7134=ADVANCED_FACE('',(#810),#6784,.F.);
#7135=ADVANCED_FACE('',(#811),#445,.T.);
#7136=ADVANCED_FACE('',(#812),#446,.T.);
#7137=ADVANCED_FACE('',(#813),#447,.T.);
#7138=ADVANCED_FACE('',(#814),#6785,.F.);
#7139=ADVANCED_FACE('',(#815),#448,.T.);
#7140=ADVANCED_FACE('',(#816),#22,.F.);
#7141=ADVANCED_FACE('',(#817),#6786,.F.);
#7142=ADVANCED_FACE('',(#818),#449,.T.);
#7143=ADVANCED_FACE('',(#819),#23,.F.);
#7144=ADVANCED_FACE('',(#820),#450,.F.);
#7145=ADVANCED_FACE('',(#821),#451,.T.);
#7146=ADVANCED_FACE('',(#822),#452,.T.);
#7147=ADVANCED_FACE('',(#823),#453,.F.);
#7148=ADVANCED_FACE('',(#824),#454,.T.);
#7149=ADVANCED_FACE('',(#825),#455,.T.);
#7150=ADVANCED_FACE('',(#826),#456,.F.);
#7151=ADVANCED_FACE('',(#827),#457,.T.);
#7152=ADVANCED_FACE('',(#828),#458,.T.);
#7153=ADVANCED_FACE('',(#829),#459,.T.);
#7154=ADVANCED_FACE('',(#830),#460,.F.);
#7155=ADVANCED_FACE('',(#831),#461,.T.);
#7156=ADVANCED_FACE('',(#832),#462,.F.);
#7157=CLOSED_SHELL('',(#6787,#6788,#6789,#6790,#6791,#6792,#6793,#6794,
#6795,#6796,#6797,#6798,#6799,#6800,#6801,#6802,#6803,#6804,#6805,#6806,
#6807,#6808,#6809,#6810,#6811,#6812,#6813,#6814,#6815,#6816,#6817,#6818,
#6819,#6820,#6821,#6822,#6823,#6824,#6825,#6826,#6827,#6828,#6829,#6830,
#6831,#6832,#6833,#6834,#6835,#6836,#6837,#6838,#6839,#6840,#6841,#6842,
#6843,#6844,#6845,#6846,#6847,#6848,#6849,#6850,#6851,#6852,#6853,#6854,
#6855,#6856,#6857,#6858,#6859,#6860,#6861,#6862,#6863,#6864,#6865,#6866,
#6867,#6868,#6869,#6870,#6871,#6872,#6873,#6874,#6875,#6876,#6877,#6878,
#6879,#6880,#6881,#6882,#6883,#6884,#6885,#6886,#6887,#6888,#6889,#6890,
#6891,#6892,#6893,#6894,#6895,#6896,#6897,#6898,#6899,#6900,#6901,#6902,
#6903,#6904,#6905,#6906,#6907,#6908,#6909,#6910,#6911,#6912,#6913,#6914,
#6915,#6916,#6917,#6918,#6919,#6920,#6921,#6922,#6923,#6924,#6925,#6926,
#6927,#6928,#6929,#6930,#6931,#6932,#6933,#6934,#6935,#6936,#6937,#6938,
#6939,#6940,#6941,#6942,#6943,#6944,#6945,#6946,#6947,#6948,#6949,#6950,
#6951,#6952,#6953,#6954,#6955,#6956,#6957,#6958,#6959,#6960,#6961,#6962,
#6963,#6964,#6965,#6966,#6967,#6968,#6969,#6970,#6971,#6972,#6973,#6974,
#6975,#6976,#6977,#6978,#6979,#6980,#6981,#6982,#6983,#6984,#6985,#6986,
#6987,#6988,#6989,#6990,#6991,#6992,#6993,#6994,#6995,#6996,#6997,#6998,
#6999,#7000,#7001,#7002,#7003,#7004,#7005,#7006,#7007,#7008,#7009,#7010,
#7011,#7012,#7013,#7014,#7015,#7016,#7017,#7018,#7019,#7020,#7021,#7022,
#7023,#7024,#7025,#7026,#7027,#7028,#7029,#7030,#7031,#7032,#7033,#7034,
#7035,#7036,#7037,#7038,#7039,#7040,#7041,#7042,#7043,#7044,#7045,#7046,
#7047,#7048,#7049,#7050,#7051,#7052,#7053,#7054,#7055,#7056,#7057,#7058,
#7059,#7060,#7061,#7062,#7063,#7064,#7065,#7066,#7067,#7068,#7069,#7070,
#7071,#7072,#7073,#7074,#7075,#7076,#7077,#7078,#7079,#7080,#7081,#7082,
#7083,#7084,#7085,#7086,#7087,#7088,#7089,#7090,#7091,#7092,#7093,#7094,
#7095,#7096,#7097,#7098,#7099,#7100,#7101,#7102,#7103,#7104,#7105,#7106,
#7107,#7108,#7109,#7110,#7111,#7112,#7113,#7114,#7115,#7116,#7117,#7118,
#7119,#7120,#7121,#7122,#7123,#7124,#7125,#7126,#7127,#7128,#7129,#7130,
#7131,#7132,#7133,#7134,#7135,#7136,#7137,#7138,#7139,#7140,#7141,#7142,
#7143,#7144,#7145,#7146));
#7158=CLOSED_SHELL('',(#7147,#7148,#7149,#7150,#7151));
#7159=CLOSED_SHELL('',(#7152,#7153,#7154,#7155,#7156));
#7160=BREP_WITH_VOIDS('rpi-mount-x1',#7157,(#14,#15));
#7161=DERIVED_UNIT_ELEMENT(#7163,1.);
#7162=DERIVED_UNIT_ELEMENT(#11850,-3.);
#7163=(
MASS_UNIT()
NAMED_UNIT(*)
SI_UNIT(.KILO.,.GRAM.)
);
#7164=DERIVED_UNIT((#7161,#7162));
#7165=MEASURE_REPRESENTATION_ITEM('density measure',
POSITIVE_RATIO_MEASURE(7850.),#7164);
#7166=PROPERTY_DEFINITION_REPRESENTATION(#7171,#7168);
#7167=PROPERTY_DEFINITION_REPRESENTATION(#7172,#7169);
#7168=REPRESENTATION('material name',(#7170),#11847);
#7169=REPRESENTATION('density',(#7165),#11847);
#7170=DESCRIPTIVE_REPRESENTATION_ITEM('Steel','Steel');
#7171=PROPERTY_DEFINITION('material property','material name',#11857);
#7172=PROPERTY_DEFINITION('material property','density of part',#11857);
#7173=AXIS2_PLACEMENT_3D('',#9766,#7771,#7772);
#7174=AXIS2_PLACEMENT_3D('',#9767,#7773,#7774);
#7175=AXIS2_PLACEMENT_3D('',#9770,#7775,#7776);
#7176=AXIS2_PLACEMENT_3D('',#9774,#7778,#7779);
#7177=AXIS2_PLACEMENT_3D('',#9781,#7781,#7782);
#7178=AXIS2_PLACEMENT_3D('',#9790,#7787,#7788);
#7179=AXIS2_PLACEMENT_3D('',#9791,#7789,#7790);
#7180=AXIS2_PLACEMENT_3D('',#9797,#7794,#7795);
#7181=AXIS2_PLACEMENT_3D('',#9803,#7798,#7799);
#7182=AXIS2_PLACEMENT_3D('',#9809,#7802,#7803);
#7183=AXIS2_PLACEMENT_3D('',#9813,#7805,#7806);
#7184=AXIS2_PLACEMENT_3D('',#9817,#7808,#7809);
#7185=AXIS2_PLACEMENT_3D('',#9821,#7811,#7812);
#7186=AXIS2_PLACEMENT_3D('',#9831,#7817,#7818);
#7187=AXIS2_PLACEMENT_3D('',#9837,#7821,#7822);
#7188=AXIS2_PLACEMENT_3D('',#9859,#7833,#7834);
#7189=AXIS2_PLACEMENT_3D('',#9863,#7836,#7837);
#7190=AXIS2_PLACEMENT_3D('',#9871,#7841,#7842);
#7191=AXIS2_PLACEMENT_3D('',#9875,#7844,#7845);
#7192=AXIS2_PLACEMENT_3D('',#9891,#7853,#7854);
#7193=AXIS2_PLACEMENT_3D('',#9897,#7857,#7858);
#7194=AXIS2_PLACEMENT_3D('',#9907,#7863,#7864);
#7195=AXIS2_PLACEMENT_3D('',#9911,#7866,#7867);
#7196=AXIS2_PLACEMENT_3D('',#9914,#7869,#7870);
#7197=AXIS2_PLACEMENT_3D('',#9916,#7871,#7872);
#7198=AXIS2_PLACEMENT_3D('',#9918,#7873,#7874);
#7199=AXIS2_PLACEMENT_3D('',#9919,#7875,#7876);
#7200=AXIS2_PLACEMENT_3D('',#9922,#7877,#7878);
#7201=AXIS2_PLACEMENT_3D('',#9930,#7881,#7882);
#7202=AXIS2_PLACEMENT_3D('',#9936,#7886,#7887);
#7203=AXIS2_PLACEMENT_3D('',#9938,#7888,#7889);
#7204=AXIS2_PLACEMENT_3D('',#9944,#7893,#7894);
#7205=AXIS2_PLACEMENT_3D('',#9948,#7896,#7897);
#7206=AXIS2_PLACEMENT_3D('',#9950,#7899,#7900);
#7207=AXIS2_PLACEMENT_3D('',#9954,#7902,#7903);
#7208=AXIS2_PLACEMENT_3D('',#9956,#7905,#7906);
#7209=AXIS2_PLACEMENT_3D('',#9960,#7908,#7909);
#7210=AXIS2_PLACEMENT_3D('',#9962,#7911,#7912);
#7211=AXIS2_PLACEMENT_3D('',#9964,#7913,#7914);
#7212=AXIS2_PLACEMENT_3D('',#9968,#7916,#7917);
#7213=AXIS2_PLACEMENT_3D('',#9974,#7920,#7921);
#7214=AXIS2_PLACEMENT_3D('',#9979,#7924,#7925);
#7215=AXIS2_PLACEMENT_3D('',#9980,#7926,#7927);
#7216=AXIS2_PLACEMENT_3D('',#9984,#7929,#7930);
#7217=AXIS2_PLACEMENT_3D('',#9986,#7932,#7933);
#7218=AXIS2_PLACEMENT_3D('',#9990,#7936,#7937);
#7219=AXIS2_PLACEMENT_3D('',#9992,#7938,#7939);
#7220=AXIS2_PLACEMENT_3D('',#9994,#7941,#7942);
#7221=AXIS2_PLACEMENT_3D('',#9996,#7943,#7944);
#7222=AXIS2_PLACEMENT_3D('',#9999,#7946,#7947);
#7223=AXIS2_PLACEMENT_3D('',#10000,#7948,#7949);
#7224=AXIS2_PLACEMENT_3D('',#10006,#7953,#7954);
#7225=AXIS2_PLACEMENT_3D('',#10010,#7956,#7957);
#7226=AXIS2_PLACEMENT_3D('',#10011,#7958,#7959);
#7227=AXIS2_PLACEMENT_3D('',#10012,#7960,#7961);
#7228=AXIS2_PLACEMENT_3D('',#10018,#7965,#7966);
#7229=AXIS2_PLACEMENT_3D('',#10024,#7970,#7971);
#7230=AXIS2_PLACEMENT_3D('',#10028,#7973,#7974);
#7231=AXIS2_PLACEMENT_3D('',#10029,#7975,#7976);
#7232=AXIS2_PLACEMENT_3D('',#10030,#7977,#7978);
#7233=AXIS2_PLACEMENT_3D('',#10036,#7982,#7983);
#7234=AXIS2_PLACEMENT_3D('',#10039,#7985,#7986);
#7235=AXIS2_PLACEMENT_3D('',#10040,#7987,#7988);
#7236=AXIS2_PLACEMENT_3D('',#10044,#7991,#7992);
#7237=AXIS2_PLACEMENT_3D('',#10047,#7994,#7995);
#7238=AXIS2_PLACEMENT_3D('',#10048,#7996,#7997);
#7239=AXIS2_PLACEMENT_3D('',#10052,#8000,#8001);
#7240=AXIS2_PLACEMENT_3D('',#10056,#8004,#8005);
#7241=AXIS2_PLACEMENT_3D('',#10059,#8007,#8008);
#7242=AXIS2_PLACEMENT_3D('',#10060,#8009,#8010);
#7243=AXIS2_PLACEMENT_3D('',#10064,#8013,#8014);
#7244=AXIS2_PLACEMENT_3D('',#10072,#8019,#8020);
#7245=AXIS2_PLACEMENT_3D('',#10079,#8025,#8026);
#7246=AXIS2_PLACEMENT_3D('',#10080,#8027,#8028);
#7247=AXIS2_PLACEMENT_3D('',#10082,#8030,#8031);
#7248=AXIS2_PLACEMENT_3D('',#10084,#8033,#8034);
#7249=AXIS2_PLACEMENT_3D('',#10086,#8036,#8037);
#7250=AXIS2_PLACEMENT_3D('',#10088,#8039,#8040);
#7251=AXIS2_PLACEMENT_3D('',#10090,#8042,#8043);
#7252=AXIS2_PLACEMENT_3D('',#10092,#8045,#8046);
#7253=AXIS2_PLACEMENT_3D('',#10093,#8047,#8048);
#7254=AXIS2_PLACEMENT_3D('',#10099,#8052,#8053);
#7255=AXIS2_PLACEMENT_3D('',#10100,#8054,#8055);
#7256=AXIS2_PLACEMENT_3D('',#10120,#8066,#8067);
#7257=AXIS2_PLACEMENT_3D('',#10123,#8068,#8069);
#7258=AXIS2_PLACEMENT_3D('',#10126,#8072,#8073);
#7259=AXIS2_PLACEMENT_3D('',#10130,#8076,#8077);
#7260=AXIS2_PLACEMENT_3D('',#10133,#8078,#8079);
#7261=AXIS2_PLACEMENT_3D('',#10136,#8082,#8083);
#7262=AXIS2_PLACEMENT_3D('',#10150,#8091,#8092);
#7263=AXIS2_PLACEMENT_3D('',#10156,#8096,#8097);
#7264=AXIS2_PLACEMENT_3D('',#10167,#8104,#8105);
#7265=AXIS2_PLACEMENT_3D('',#10180,#8112,#8113);
#7266=AXIS2_PLACEMENT_3D('',#10185,#8117,#8118);
#7267=AXIS2_PLACEMENT_3D('',#10195,#8124,#8125);
#7268=AXIS2_PLACEMENT_3D('',#10203,#8130,#8131);
#7269=AXIS2_PLACEMENT_3D('',#10213,#8137,#8138);
#7270=AXIS2_PLACEMENT_3D('',#10240,#8152,#8153);
#7271=AXIS2_PLACEMENT_3D('',#10242,#8154,#8155);
#7272=AXIS2_PLACEMENT_3D('',#10243,#8156,#8157);
#7273=AXIS2_PLACEMENT_3D('',#10249,#8161,#8162);
#7274=AXIS2_PLACEMENT_3D('',#10252,#8163,#8164);
#7275=AXIS2_PLACEMENT_3D('',#10255,#8167,#8168);
#7276=AXIS2_PLACEMENT_3D('',#10261,#8172,#8173);
#7277=AXIS2_PLACEMENT_3D('',#10264,#8174,#8175);
#7278=AXIS2_PLACEMENT_3D('',#10267,#8178,#8179);
#7279=AXIS2_PLACEMENT_3D('',#10273,#8184,#8185);
#7280=AXIS2_PLACEMENT_3D('',#10278,#8189,#8190);
#7281=AXIS2_PLACEMENT_3D('',#10279,#8191,#8192);
#7282=AXIS2_PLACEMENT_3D('',#10287,#8197,#8198);
#7283=AXIS2_PLACEMENT_3D('',#10291,#8201,#8202);
#7284=AXIS2_PLACEMENT_3D('',#10294,#8203,#8204);
#7285=AXIS2_PLACEMENT_3D('',#10297,#8207,#8208);
#7286=AXIS2_PLACEMENT_3D('',#10301,#8211,#8212);
#7287=AXIS2_PLACEMENT_3D('',#10303,#8213,#8214);
#7288=AXIS2_PLACEMENT_3D('',#10305,#8216,#8217);
#7289=AXIS2_PLACEMENT_3D('',#10307,#8219,#8220);
#7290=AXIS2_PLACEMENT_3D('',#10309,#8221,#8222);
#7291=AXIS2_PLACEMENT_3D('',#10311,#8224,#8225);
#7292=AXIS2_PLACEMENT_3D('',#10315,#8228,#8229);
#7293=AXIS2_PLACEMENT_3D('',#10316,#8230,#8231);
#7294=AXIS2_PLACEMENT_3D('',#10317,#8232,#8233);
#7295=AXIS2_PLACEMENT_3D('',#10324,#8238,#8239);
#7296=AXIS2_PLACEMENT_3D('',#10326,#8241,#8242);
#7297=AXIS2_PLACEMENT_3D('',#10330,#8245,#8246);
#7298=AXIS2_PLACEMENT_3D('',#10334,#8249,#8250);
#7299=AXIS2_PLACEMENT_3D('',#10336,#8252,#8253);
#7300=AXIS2_PLACEMENT_3D('',#10338,#8255,#8256);
#7301=AXIS2_PLACEMENT_3D('',#10340,#8257,#8258);
#7302=AXIS2_PLACEMENT_3D('',#10341,#8259,#8260);
#7303=AXIS2_PLACEMENT_3D('',#10343,#8262,#8263);
#7304=AXIS2_PLACEMENT_3D('',#10345,#8264,#8265);
#7305=AXIS2_PLACEMENT_3D('',#10347,#8267,#8268);
#7306=AXIS2_PLACEMENT_3D('',#10363,#8277,#8278);
#7307=AXIS2_PLACEMENT_3D('',#10366,#8280,#8281);
#7308=AXIS2_PLACEMENT_3D('',#10367,#8282,#8283);
#7309=AXIS2_PLACEMENT_3D('',#10370,#8285,#8286);
#7310=AXIS2_PLACEMENT_3D('',#10371,#8287,#8288);
#7311=AXIS2_PLACEMENT_3D('',#10377,#8292,#8293);
#7312=AXIS2_PLACEMENT_3D('',#10380,#8296,#8297);
#7313=AXIS2_PLACEMENT_3D('',#10384,#8300,#8301);
#7314=AXIS2_PLACEMENT_3D('',#10389,#8305,#8306);
#7315=AXIS2_PLACEMENT_3D('',#10393,#8309,#8310);
#7316=AXIS2_PLACEMENT_3D('',#10395,#8311,#8312);
#7317=AXIS2_PLACEMENT_3D('',#10397,#8314,#8315);
#7318=AXIS2_PLACEMENT_3D('',#10399,#8317,#8318);
#7319=AXIS2_PLACEMENT_3D('',#10400,#8319,#8320);
#7320=AXIS2_PLACEMENT_3D('',#10401,#8321,#8322);
#7321=AXIS2_PLACEMENT_3D('',#10402,#8323,#8324);
#7322=AXIS2_PLACEMENT_3D('',#10425,#8336,#8337);
#7323=AXIS2_PLACEMENT_3D('',#10427,#8338,#8339);
#7324=AXIS2_PLACEMENT_3D('',#10428,#8340,#8341);
#7325=AXIS2_PLACEMENT_3D('',#10447,#8351,#8352);
#7326=AXIS2_PLACEMENT_3D('',#10448,#8353,#8354);
#7327=AXIS2_PLACEMENT_3D('',#10454,#8358,#8359);
#7328=AXIS2_PLACEMENT_3D('',#10458,#8362,#8363);
#7329=AXIS2_PLACEMENT_3D('',#10462,#8365,#8366);
#7330=AXIS2_PLACEMENT_3D('',#10464,#8368,#8369);
#7331=AXIS2_PLACEMENT_3D('',#10474,#8375,#8376);
#7332=AXIS2_PLACEMENT_3D('',#10478,#8379,#8380);
#7333=AXIS2_PLACEMENT_3D('',#10487,#8385,#8386);
#7334=AXIS2_PLACEMENT_3D('',#10497,#8392,#8393);
#7335=AXIS2_PLACEMENT_3D('',#10503,#8396,#8397);
#7336=AXIS2_PLACEMENT_3D('',#10505,#8399,#8400);
#7337=AXIS2_PLACEMENT_3D('',#10511,#8404,#8405);
#7338=AXIS2_PLACEMENT_3D('',#10527,#8413,#8414);
#7339=AXIS2_PLACEMENT_3D('',#10531,#8417,#8418);
#7340=AXIS2_PLACEMENT_3D('',#10540,#8423,#8424);
#7341=AXIS2_PLACEMENT_3D('',#10554,#8432,#8433);
#7342=AXIS2_PLACEMENT_3D('',#10559,#8435,#8436);
#7343=AXIS2_PLACEMENT_3D('',#10566,#8441,#8442);
#7344=AXIS2_PLACEMENT_3D('',#10577,#8449,#8450);
#7345=AXIS2_PLACEMENT_3D('',#10586,#8455,#8456);
#7346=AXIS2_PLACEMENT_3D('',#10596,#8462,#8463);
#7347=AXIS2_PLACEMENT_3D('',#10600,#8466,#8467);
#7348=AXIS2_PLACEMENT_3D('',#10609,#8472,#8473);
#7349=AXIS2_PLACEMENT_3D('',#10615,#8477,#8478);
#7350=AXIS2_PLACEMENT_3D('',#10624,#8483,#8484);
#7351=AXIS2_PLACEMENT_3D('',#10628,#8486,#8487);
#7352=AXIS2_PLACEMENT_3D('',#10629,#8488,#8489);
#7353=AXIS2_PLACEMENT_3D('',#10630,#8490,#8491);
#7354=AXIS2_PLACEMENT_3D('',#10638,#8496,#8497);
#7355=AXIS2_PLACEMENT_3D('',#10640,#8498,#8499);
#7356=AXIS2_PLACEMENT_3D('',#10643,#8501,#8502);
#7357=AXIS2_PLACEMENT_3D('',#10644,#8503,#8504);
#7358=AXIS2_PLACEMENT_3D('',#10658,#8512,#8513);
#7359=AXIS2_PLACEMENT_3D('',#10660,#8514,#8515);
#7360=AXIS2_PLACEMENT_3D('',#10663,#8517,#8518);
#7361=AXIS2_PLACEMENT_3D('',#10664,#8519,#8520);
#7362=AXIS2_PLACEMENT_3D('',#10672,#8525,#8526);
#7363=AXIS2_PLACEMENT_3D('',#10676,#8528,#8529);
#7364=AXIS2_PLACEMENT_3D('',#10677,#8530,#8531);
#7365=AXIS2_PLACEMENT_3D('',#10678,#8532,#8533);
#7366=AXIS2_PLACEMENT_3D('',#10684,#8537,#8538);
#7367=AXIS2_PLACEMENT_3D('',#10698,#8546,#8547);
#7368=AXIS2_PLACEMENT_3D('',#10706,#8553,#8554);
#7369=AXIS2_PLACEMENT_3D('',#10709,#8557,#8558);
#7370=AXIS2_PLACEMENT_3D('',#10720,#8565,#8566);
#7371=AXIS2_PLACEMENT_3D('',#10734,#8574,#8575);
#7372=AXIS2_PLACEMENT_3D('',#10740,#8579,#8580);
#7373=AXIS2_PLACEMENT_3D('',#10744,#8582,#8583);
#7374=AXIS2_PLACEMENT_3D('',#10745,#8584,#8585);
#7375=AXIS2_PLACEMENT_3D('',#10746,#8586,#8587);
#7376=AXIS2_PLACEMENT_3D('',#10754,#8592,#8593);
#7377=AXIS2_PLACEMENT_3D('',#10756,#8594,#8595);
#7378=AXIS2_PLACEMENT_3D('',#10759,#8597,#8598);
#7379=AXIS2_PLACEMENT_3D('',#10760,#8599,#8600);
#7380=AXIS2_PLACEMENT_3D('',#10774,#8608,#8609);
#7381=AXIS2_PLACEMENT_3D('',#10776,#8610,#8611);
#7382=AXIS2_PLACEMENT_3D('',#10779,#8613,#8614);
#7383=AXIS2_PLACEMENT_3D('',#10780,#8615,#8616);
#7384=AXIS2_PLACEMENT_3D('',#10788,#8621,#8622);
#7385=AXIS2_PLACEMENT_3D('',#10792,#8624,#8625);
#7386=AXIS2_PLACEMENT_3D('',#10793,#8626,#8627);
#7387=AXIS2_PLACEMENT_3D('',#10794,#8628,#8629);
#7388=AXIS2_PLACEMENT_3D('',#10814,#8640,#8641);
#7389=AXIS2_PLACEMENT_3D('',#10818,#8644,#8645);
#7390=AXIS2_PLACEMENT_3D('',#10827,#8650,#8651);
#7391=AXIS2_PLACEMENT_3D('',#10833,#8655,#8656);
#7392=AXIS2_PLACEMENT_3D('',#10847,#8664,#8665);
#7393=AXIS2_PLACEMENT_3D('',#10856,#8670,#8671);
#7394=AXIS2_PLACEMENT_3D('',#10868,#8678,#8679);
#7395=AXIS2_PLACEMENT_3D('',#10881,#8686,#8687);
#7396=AXIS2_PLACEMENT_3D('',#10882,#8688,#8689);
#7397=AXIS2_PLACEMENT_3D('',#10894,#8696,#8697);
#7398=AXIS2_PLACEMENT_3D('',#10902,#8702,#8703);
#7399=AXIS2_PLACEMENT_3D('',#10907,#8706,#8707);
#7400=AXIS2_PLACEMENT_3D('',#10911,#8709,#8710);
#7401=AXIS2_PLACEMENT_3D('',#10913,#8712,#8713);
#7402=AXIS2_PLACEMENT_3D('',#10915,#8714,#8715);
#7403=AXIS2_PLACEMENT_3D('',#10918,#8717,#8718);
#7404=AXIS2_PLACEMENT_3D('',#10919,#8719,#8720);
#7405=AXIS2_PLACEMENT_3D('',#10921,#8721,#8722);
#7406=AXIS2_PLACEMENT_3D('',#10924,#8724,#8725);
#7407=AXIS2_PLACEMENT_3D('',#10925,#8726,#8727);
#7408=AXIS2_PLACEMENT_3D('',#10927,#8728,#8729);
#7409=AXIS2_PLACEMENT_3D('',#10930,#8731,#8732);
#7410=AXIS2_PLACEMENT_3D('',#10931,#8733,#8734);
#7411=AXIS2_PLACEMENT_3D('',#10933,#8735,#8736);
#7412=AXIS2_PLACEMENT_3D('',#10936,#8738,#8739);
#7413=AXIS2_PLACEMENT_3D('',#10937,#8740,#8741);
#7414=AXIS2_PLACEMENT_3D('',#10941,#8743,#8744);
#7415=AXIS2_PLACEMENT_3D('',#10943,#8746,#8747);
#7416=AXIS2_PLACEMENT_3D('',#10955,#8755,#8756);
#7417=AXIS2_PLACEMENT_3D('',#10958,#8758,#8759);
#7418=AXIS2_PLACEMENT_3D('',#10960,#8761,#8762);
#7419=AXIS2_PLACEMENT_3D('',#10963,#8764,#8765);
#7420=AXIS2_PLACEMENT_3D('',#10964,#8766,#8767);
#7421=AXIS2_PLACEMENT_3D('',#10967,#8769,#8770);
#7422=AXIS2_PLACEMENT_3D('',#10968,#8771,#8772);
#7423=AXIS2_PLACEMENT_3D('',#10970,#8773,#8774);
#7424=AXIS2_PLACEMENT_3D('',#10975,#8775,#8776);
#7425=AXIS2_PLACEMENT_3D('',#10977,#8777,#8778);
#7426=AXIS2_PLACEMENT_3D('',#10980,#8780,#8781);
#7427=AXIS2_PLACEMENT_3D('',#10981,#8782,#8783);
#7428=AXIS2_PLACEMENT_3D('',#10983,#8784,#8785);
#7429=AXIS2_PLACEMENT_3D('',#10985,#8787,#8788);
#7430=AXIS2_PLACEMENT_3D('',#10987,#8789,#8790);
#7431=AXIS2_PLACEMENT_3D('',#10990,#8792,#8793);
#7432=AXIS2_PLACEMENT_3D('',#10991,#8794,#8795);
#7433=AXIS2_PLACEMENT_3D('',#10993,#8796,#8797);
#7434=AXIS2_PLACEMENT_3D('',#10996,#8799,#8800);
#7435=AXIS2_PLACEMENT_3D('',#10997,#8801,#8802);
#7436=AXIS2_PLACEMENT_3D('',#10999,#8803,#8804);
#7437=AXIS2_PLACEMENT_3D('',#11002,#8806,#8807);
#7438=AXIS2_PLACEMENT_3D('',#11003,#8808,#8809);
#7439=AXIS2_PLACEMENT_3D('',#11005,#8810,#8811);
#7440=AXIS2_PLACEMENT_3D('',#11008,#8813,#8814);
#7441=AXIS2_PLACEMENT_3D('',#11009,#8815,#8816);
#7442=AXIS2_PLACEMENT_3D('',#11011,#8817,#8818);
#7443=AXIS2_PLACEMENT_3D('',#11014,#8820,#8821);
#7444=AXIS2_PLACEMENT_3D('',#11015,#8822,#8823);
#7445=AXIS2_PLACEMENT_3D('',#11017,#8824,#8825);
#7446=AXIS2_PLACEMENT_3D('',#11020,#8827,#8828);
#7447=AXIS2_PLACEMENT_3D('',#11021,#8829,#8830);
#7448=AXIS2_PLACEMENT_3D('',#11023,#8831,#8832);
#7449=AXIS2_PLACEMENT_3D('',#11026,#8834,#8835);
#7450=AXIS2_PLACEMENT_3D('',#11027,#8836,#8837);
#7451=AXIS2_PLACEMENT_3D('',#11029,#8838,#8839);
#7452=AXIS2_PLACEMENT_3D('',#11032,#8841,#8842);
#7453=AXIS2_PLACEMENT_3D('',#11033,#8843,#8844);
#7454=AXIS2_PLACEMENT_3D('',#11042,#8849,#8850);
#7455=AXIS2_PLACEMENT_3D('',#11051,#8855,#8856);
#7456=AXIS2_PLACEMENT_3D('',#11053,#8857,#8858);
#7457=AXIS2_PLACEMENT_3D('',#11055,#8859,#8860);
#7458=AXIS2_PLACEMENT_3D('',#11057,#8862,#8863);
#7459=AXIS2_PLACEMENT_3D('',#11059,#8864,#8865);
#7460=AXIS2_PLACEMENT_3D('',#11061,#8866,#8867);
#7461=AXIS2_PLACEMENT_3D('',#11063,#8869,#8870);
#7462=AXIS2_PLACEMENT_3D('',#11069,#8874,#8875);
#7463=AXIS2_PLACEMENT_3D('',#11071,#8876,#8877);
#7464=AXIS2_PLACEMENT_3D('',#11074,#8879,#8880);
#7465=AXIS2_PLACEMENT_3D('',#11075,#8881,#8882);
#7466=AXIS2_PLACEMENT_3D('',#11081,#8886,#8887);
#7467=AXIS2_PLACEMENT_3D('',#11083,#8888,#8889);
#7468=AXIS2_PLACEMENT_3D('',#11086,#8891,#8892);
#7469=AXIS2_PLACEMENT_3D('',#11087,#8893,#8894);
#7470=AXIS2_PLACEMENT_3D('',#11092,#8898,#8899);
#7471=AXIS2_PLACEMENT_3D('',#11093,#8900,#8901);
#7472=AXIS2_PLACEMENT_3D('',#11094,#8902,#8903);
#7473=AXIS2_PLACEMENT_3D('',#11098,#8906,#8907);
#7474=AXIS2_PLACEMENT_3D('',#11099,#8908,#8909);
#7475=AXIS2_PLACEMENT_3D('',#11100,#8910,#8911);
#7476=AXIS2_PLACEMENT_3D('',#11114,#8920,#8921);
#7477=AXIS2_PLACEMENT_3D('',#11117,#8922,#8923);
#7478=AXIS2_PLACEMENT_3D('',#11120,#8925,#8926);
#7479=AXIS2_PLACEMENT_3D('',#11121,#8927,#8928);
#7480=AXIS2_PLACEMENT_3D('',#11122,#8929,#8930);
#7481=AXIS2_PLACEMENT_3D('',#11129,#8935,#8936);
#7482=AXIS2_PLACEMENT_3D('',#11131,#8937,#8938);
#7483=AXIS2_PLACEMENT_3D('',#11134,#8940,#8941);
#7484=AXIS2_PLACEMENT_3D('',#11135,#8942,#8943);
#7485=AXIS2_PLACEMENT_3D('',#11141,#8947,#8948);
#7486=AXIS2_PLACEMENT_3D('',#11143,#8949,#8950);
#7487=AXIS2_PLACEMENT_3D('',#11146,#8952,#8953);
#7488=AXIS2_PLACEMENT_3D('',#11147,#8954,#8955);
#7489=AXIS2_PLACEMENT_3D('',#11153,#8959,#8960);
#7490=AXIS2_PLACEMENT_3D('',#11154,#8961,#8962);
#7491=AXIS2_PLACEMENT_3D('',#11155,#8963,#8964);
#7492=AXIS2_PLACEMENT_3D('',#11156,#8965,#8966);
#7493=AXIS2_PLACEMENT_3D('',#11158,#8967,#8968);
#7494=AXIS2_PLACEMENT_3D('',#11161,#8970,#8971);
#7495=AXIS2_PLACEMENT_3D('',#11162,#8972,#8973);
#7496=AXIS2_PLACEMENT_3D('',#11172,#8978,#8979);
#7497=AXIS2_PLACEMENT_3D('',#11176,#8981,#8982);
#7498=AXIS2_PLACEMENT_3D('',#11180,#8985,#8986);
#7499=AXIS2_PLACEMENT_3D('',#11186,#8990,#8991);
#7500=AXIS2_PLACEMENT_3D('',#11196,#8997,#8998);
#7501=AXIS2_PLACEMENT_3D('',#11201,#9002,#9003);
#7502=AXIS2_PLACEMENT_3D('',#11203,#9004,#9005);
#7503=AXIS2_PLACEMENT_3D('',#11205,#9006,#9007);
#7504=AXIS2_PLACEMENT_3D('',#11207,#9009,#9010);
#7505=AXIS2_PLACEMENT_3D('',#11218,#9017,#9018);
#7506=AXIS2_PLACEMENT_3D('',#11220,#9019,#9020);
#7507=AXIS2_PLACEMENT_3D('',#11222,#9022,#9023);
#7508=AXIS2_PLACEMENT_3D('',#11226,#9026,#9027);
#7509=AXIS2_PLACEMENT_3D('',#11228,#9028,#9029);
#7510=AXIS2_PLACEMENT_3D('',#11230,#9031,#9032);
#7511=AXIS2_PLACEMENT_3D('',#11242,#9039,#9040);
#7512=AXIS2_PLACEMENT_3D('',#11244,#9041,#9042);
#7513=AXIS2_PLACEMENT_3D('',#11245,#9043,#9044);
#7514=AXIS2_PLACEMENT_3D('',#11247,#9046,#9047);
#7515=AXIS2_PLACEMENT_3D('',#11253,#9051,#9052);
#7516=AXIS2_PLACEMENT_3D('',#11260,#9057,#9058);
#7517=AXIS2_PLACEMENT_3D('',#11263,#9061,#9062);
#7518=AXIS2_PLACEMENT_3D('',#11264,#9063,#9064);
#7519=AXIS2_PLACEMENT_3D('',#11266,#9066,#9067);
#7520=AXIS2_PLACEMENT_3D('',#11268,#9069,#9070);
#7521=AXIS2_PLACEMENT_3D('',#11271,#9072,#9073);
#7522=AXIS2_PLACEMENT_3D('',#11272,#9074,#9075);
#7523=AXIS2_PLACEMENT_3D('',#11275,#9078,#9079);
#7524=AXIS2_PLACEMENT_3D('',#11278,#9081,#9082);
#7525=AXIS2_PLACEMENT_3D('',#11279,#9083,#9084);
#7526=AXIS2_PLACEMENT_3D('',#11281,#9085,#9086);
#7527=AXIS2_PLACEMENT_3D('',#11286,#9087,#9088);
#7528=AXIS2_PLACEMENT_3D('',#11287,#9089,#9090);
#7529=AXIS2_PLACEMENT_3D('',#11289,#9092,#9093);
#7530=AXIS2_PLACEMENT_3D('',#11291,#9095,#9096);
#7531=AXIS2_PLACEMENT_3D('',#11293,#9098,#9099);
#7532=AXIS2_PLACEMENT_3D('',#11295,#9101,#9102);
#7533=AXIS2_PLACEMENT_3D('',#11297,#9104,#9105);
#7534=AXIS2_PLACEMENT_3D('',#11298,#9106,#9107);
#7535=AXIS2_PLACEMENT_3D('',#11300,#9109,#9110);
#7536=AXIS2_PLACEMENT_3D('',#11302,#9112,#9113);
#7537=AXIS2_PLACEMENT_3D('',#11303,#9114,#9115);
#7538=AXIS2_PLACEMENT_3D('',#11305,#9116,#9117);
#7539=AXIS2_PLACEMENT_3D('',#11307,#9118,#9119);
#7540=AXIS2_PLACEMENT_3D('',#11314,#9123,#9124);
#7541=AXIS2_PLACEMENT_3D('',#11316,#9125,#9126);
#7542=AXIS2_PLACEMENT_3D('',#11321,#9129,#9130);
#7543=AXIS2_PLACEMENT_3D('',#11323,#9131,#9132);
#7544=AXIS2_PLACEMENT_3D('',#11325,#9134,#9135);
#7545=AXIS2_PLACEMENT_3D('',#11327,#9137,#9138);
#7546=AXIS2_PLACEMENT_3D('',#11330,#9141,#9142);
#7547=AXIS2_PLACEMENT_3D('',#11333,#9145,#9146);
#7548=AXIS2_PLACEMENT_3D('',#11334,#9147,#9148);
#7549=AXIS2_PLACEMENT_3D('',#11335,#9149,#9150);
#7550=AXIS2_PLACEMENT_3D('',#11339,#9152,#9153);
#7551=AXIS2_PLACEMENT_3D('',#11341,#9155,#9156);
#7552=AXIS2_PLACEMENT_3D('',#11342,#9157,#9158);
#7553=AXIS2_PLACEMENT_3D('',#11346,#9161,#9162);
#7554=AXIS2_PLACEMENT_3D('',#11348,#9163,#9164);
#7555=AXIS2_PLACEMENT_3D('',#11350,#9166,#9167);
#7556=AXIS2_PLACEMENT_3D('',#11352,#9169,#9170);
#7557=AXIS2_PLACEMENT_3D('',#11354,#9172,#9173);
#7558=AXIS2_PLACEMENT_3D('',#11355,#9174,#9175);
#7559=AXIS2_PLACEMENT_3D('',#11356,#9176,#9177);
#7560=AXIS2_PLACEMENT_3D('',#11358,#9179,#9180);
#7561=AXIS2_PLACEMENT_3D('',#11360,#9182,#9183);
#7562=AXIS2_PLACEMENT_3D('',#11364,#9186,#9187);
#7563=AXIS2_PLACEMENT_3D('',#11365,#9188,#9189);
#7564=AXIS2_PLACEMENT_3D('',#11367,#9190,#9191);
#7565=AXIS2_PLACEMENT_3D('',#11368,#9192,#9193);
#7566=AXIS2_PLACEMENT_3D('',#11369,#9194,#9195);
#7567=AXIS2_PLACEMENT_3D('',#11373,#9197,#9198);
#7568=AXIS2_PLACEMENT_3D('',#11377,#9201,#9202);
#7569=AXIS2_PLACEMENT_3D('',#11378,#9203,#9204);
#7570=AXIS2_PLACEMENT_3D('',#11382,#9207,#9208);
#7571=AXIS2_PLACEMENT_3D('',#11384,#9209,#9210);
#7572=AXIS2_PLACEMENT_3D('',#11386,#9212,#9213);
#7573=AXIS2_PLACEMENT_3D('',#11388,#9215,#9216);
#7574=AXIS2_PLACEMENT_3D('',#11390,#9217,#9218);
#7575=AXIS2_PLACEMENT_3D('',#11392,#9220,#9221);
#7576=AXIS2_PLACEMENT_3D('',#11398,#9225,#9226);
#7577=AXIS2_PLACEMENT_3D('',#11400,#9228,#9229);
#7578=AXIS2_PLACEMENT_3D('',#11401,#9230,#9231);
#7579=AXIS2_PLACEMENT_3D('',#11403,#9232,#9233);
#7580=AXIS2_PLACEMENT_3D('',#11404,#9234,#9235);
#7581=AXIS2_PLACEMENT_3D('',#11409,#9238,#9239);
#7582=AXIS2_PLACEMENT_3D('',#11411,#9240,#9241);
#7583=AXIS2_PLACEMENT_3D('',#11416,#9244,#9245);
#7584=AXIS2_PLACEMENT_3D('',#11419,#9247,#9248);
#7585=AXIS2_PLACEMENT_3D('',#11421,#9249,#9250);
#7586=AXIS2_PLACEMENT_3D('',#11422,#9251,#9252);
#7587=AXIS2_PLACEMENT_3D('',#11426,#9255,#9256);
#7588=AXIS2_PLACEMENT_3D('',#11428,#9258,#9259);
#7589=AXIS2_PLACEMENT_3D('',#11434,#9263,#9264);
#7590=AXIS2_PLACEMENT_3D('',#11436,#9266,#9267);
#7591=AXIS2_PLACEMENT_3D('',#11440,#9270,#9271);
#7592=AXIS2_PLACEMENT_3D('',#11442,#9273,#9274);
#7593=AXIS2_PLACEMENT_3D('',#11444,#9276,#9277);
#7594=AXIS2_PLACEMENT_3D('',#11446,#9279,#9280);
#7595=AXIS2_PLACEMENT_3D('',#11447,#9281,#9282);
#7596=AXIS2_PLACEMENT_3D('',#11449,#9284,#9285);
#7597=AXIS2_PLACEMENT_3D('',#11451,#9287,#9288);
#7598=AXIS2_PLACEMENT_3D('',#11454,#9291,#9292);
#7599=AXIS2_PLACEMENT_3D('',#11455,#9293,#9294);
#7600=AXIS2_PLACEMENT_3D('',#11457,#9296,#9297);
#7601=AXIS2_PLACEMENT_3D('',#11458,#9298,#9299);
#7602=AXIS2_PLACEMENT_3D('',#11460,#9300,#9301);
#7603=AXIS2_PLACEMENT_3D('',#11461,#9302,#9303);
#7604=AXIS2_PLACEMENT_3D('',#11463,#9304,#9305);
#7605=AXIS2_PLACEMENT_3D('',#11464,#9306,#9307);
#7606=AXIS2_PLACEMENT_3D('',#11465,#9308,#9309);
#7607=AXIS2_PLACEMENT_3D('',#11467,#9310,#9311);
#7608=AXIS2_PLACEMENT_3D('',#11468,#9312,#9313);
#7609=AXIS2_PLACEMENT_3D('',#11470,#9314,#9315);
#7610=AXIS2_PLACEMENT_3D('',#11471,#9316,#9317);
#7611=AXIS2_PLACEMENT_3D('',#11472,#9318,#9319);
#7612=AXIS2_PLACEMENT_3D('',#11473,#9320,#9321);
#7613=AXIS2_PLACEMENT_3D('',#11474,#9322,#9323);
#7614=AXIS2_PLACEMENT_3D('',#11475,#9324,#9325);
#7615=AXIS2_PLACEMENT_3D('',#11477,#9326,#9327);
#7616=AXIS2_PLACEMENT_3D('',#11478,#9328,#9329);
#7617=AXIS2_PLACEMENT_3D('',#11480,#9330,#9331);
#7618=AXIS2_PLACEMENT_3D('',#11481,#9332,#9333);
#7619=AXIS2_PLACEMENT_3D('',#11483,#9334,#9335);
#7620=AXIS2_PLACEMENT_3D('',#11485,#9337,#9338);
#7621=AXIS2_PLACEMENT_3D('',#11486,#9339,#9340);
#7622=AXIS2_PLACEMENT_3D('',#11488,#9341,#9342);
#7623=AXIS2_PLACEMENT_3D('',#11490,#9344,#9345);
#7624=AXIS2_PLACEMENT_3D('',#11491,#9346,#9347);
#7625=AXIS2_PLACEMENT_3D('',#11492,#9348,#9349);
#7626=AXIS2_PLACEMENT_3D('',#11495,#9351,#9352);
#7627=AXIS2_PLACEMENT_3D('',#11496,#9353,#9354);
#7628=AXIS2_PLACEMENT_3D('',#11499,#9356,#9357);
#7629=AXIS2_PLACEMENT_3D('',#11500,#9358,#9359);
#7630=AXIS2_PLACEMENT_3D('',#11502,#9361,#9362);
#7631=AXIS2_PLACEMENT_3D('',#11504,#9364,#9365);
#7632=AXIS2_PLACEMENT_3D('',#11506,#9367,#9368);
#7633=AXIS2_PLACEMENT_3D('',#11508,#9370,#9371);
#7634=AXIS2_PLACEMENT_3D('',#11509,#9372,#9373);
#7635=AXIS2_PLACEMENT_3D('',#11510,#9374,#9375);
#7636=AXIS2_PLACEMENT_3D('',#11519,#9380,#9381);
#7637=AXIS2_PLACEMENT_3D('',#11521,#9382,#9383);
#7638=AXIS2_PLACEMENT_3D('',#11524,#9385,#9386);
#7639=AXIS2_PLACEMENT_3D('',#11525,#9387,#9388);
#7640=AXIS2_PLACEMENT_3D('',#11534,#9393,#9394);
#7641=AXIS2_PLACEMENT_3D('',#11535,#9395,#9396);
#7642=AXIS2_PLACEMENT_3D('',#11536,#9397,#9398);
#7643=AXIS2_PLACEMENT_3D('',#11537,#9399,#9400);
#7644=AXIS2_PLACEMENT_3D('',#11540,#9402,#9403);
#7645=AXIS2_PLACEMENT_3D('',#11541,#9404,#9405);
#7646=AXIS2_PLACEMENT_3D('',#11545,#9407,#9408);
#7647=AXIS2_PLACEMENT_3D('',#11547,#9410,#9411);
#7648=AXIS2_PLACEMENT_3D('',#11551,#9414,#9415);
#7649=AXIS2_PLACEMENT_3D('',#11552,#9416,#9417);
#7650=AXIS2_PLACEMENT_3D('',#11553,#9418,#9419);
#7651=AXIS2_PLACEMENT_3D('',#11555,#9420,#9421);
#7652=AXIS2_PLACEMENT_3D('',#11557,#9423,#9424);
#7653=AXIS2_PLACEMENT_3D('',#11558,#9425,#9426);
#7654=AXIS2_PLACEMENT_3D('',#11559,#9427,#9428);
#7655=AXIS2_PLACEMENT_3D('',#11561,#9429,#9430);
#7656=AXIS2_PLACEMENT_3D('',#11564,#9432,#9433);
#7657=AXIS2_PLACEMENT_3D('',#11567,#9435,#9436);
#7658=AXIS2_PLACEMENT_3D('',#11569,#9437,#9438);
#7659=AXIS2_PLACEMENT_3D('',#11573,#9441,#9442);
#7660=AXIS2_PLACEMENT_3D('',#11576,#9444,#9445);
#7661=AXIS2_PLACEMENT_3D('',#11579,#9447,#9448);
#7662=AXIS2_PLACEMENT_3D('',#11581,#9449,#9450);
#7663=AXIS2_PLACEMENT_3D('',#11584,#9452,#9453);
#7664=AXIS2_PLACEMENT_3D('',#11589,#9456,#9457);
#7665=AXIS2_PLACEMENT_3D('',#11593,#9459,#9460);
#7666=AXIS2_PLACEMENT_3D('',#11601,#9466,#9467);
#7667=AXIS2_PLACEMENT_3D('',#11603,#9469,#9470);
#7668=AXIS2_PLACEMENT_3D('',#11607,#9473,#9474);
#7669=AXIS2_PLACEMENT_3D('',#11612,#9478,#9479);
#7670=AXIS2_PLACEMENT_3D('',#11615,#9481,#9482);
#7671=AXIS2_PLACEMENT_3D('',#11616,#9483,#9484);
#7672=AXIS2_PLACEMENT_3D('',#11618,#9485,#9486);
#7673=AXIS2_PLACEMENT_3D('',#11620,#9488,#9489);
#7674=AXIS2_PLACEMENT_3D('',#11626,#9493,#9494);
#7675=AXIS2_PLACEMENT_3D('',#11630,#9497,#9498);
#7676=AXIS2_PLACEMENT_3D('',#11632,#9499,#9500);
#7677=AXIS2_PLACEMENT_3D('',#11635,#9502,#9503);
#7678=AXIS2_PLACEMENT_3D('',#11636,#9504,#9505);
#7679=AXIS2_PLACEMENT_3D('',#11644,#9510,#9511);
#7680=AXIS2_PLACEMENT_3D('',#11646,#9512,#9513);
#7681=AXIS2_PLACEMENT_3D('',#11649,#9515,#9516);
#7682=AXIS2_PLACEMENT_3D('',#11650,#9517,#9518);
#7683=AXIS2_PLACEMENT_3D('',#11653,#9520,#9521);
#7684=AXIS2_PLACEMENT_3D('',#11656,#9523,#9524);
#7685=AXIS2_PLACEMENT_3D('',#11659,#9526,#9527);
#7686=AXIS2_PLACEMENT_3D('',#11663,#9530,#9531);
#7687=AXIS2_PLACEMENT_3D('',#11665,#9532,#9533);
#7688=AXIS2_PLACEMENT_3D('',#11666,#9534,#9535);
#7689=AXIS2_PLACEMENT_3D('',#11669,#9538,#9539);
#7690=AXIS2_PLACEMENT_3D('',#11670,#9540,#9541);
#7691=AXIS2_PLACEMENT_3D('',#11671,#9542,#9543);
#7692=AXIS2_PLACEMENT_3D('',#11672,#9544,#9545);
#7693=AXIS2_PLACEMENT_3D('',#11673,#9546,#9547);
#7694=AXIS2_PLACEMENT_3D('',#11677,#9550,#9551);
#7695=AXIS2_PLACEMENT_3D('',#11683,#9555,#9556);
#7696=AXIS2_PLACEMENT_3D('',#11685,#9558,#9559);
#7697=AXIS2_PLACEMENT_3D('',#11687,#9560,#9561);
#7698=AXIS2_PLACEMENT_3D('',#11689,#9563,#9564);
#7699=AXIS2_PLACEMENT_3D('',#11696,#9569,#9570);
#7700=AXIS2_PLACEMENT_3D('',#11698,#9571,#9572);
#7701=AXIS2_PLACEMENT_3D('',#11700,#9574,#9575);
#7702=AXIS2_PLACEMENT_3D('',#11702,#9577,#9578);
#7703=AXIS2_PLACEMENT_3D('',#11703,#9579,#9580);
#7704=AXIS2_PLACEMENT_3D('',#11705,#9582,#9583);
#7705=AXIS2_PLACEMENT_3D('',#11706,#9584,#9585);
#7706=AXIS2_PLACEMENT_3D('',#11707,#9586,#9587);
#7707=AXIS2_PLACEMENT_3D('',#11708,#9588,#9589);
#7708=AXIS2_PLACEMENT_3D('',#11710,#9591,#9592);
#7709=AXIS2_PLACEMENT_3D('',#11712,#9594,#9595);
#7710=AXIS2_PLACEMENT_3D('',#11716,#9598,#9599);
#7711=AXIS2_PLACEMENT_3D('',#11717,#9600,#9601);
#7712=AXIS2_PLACEMENT_3D('',#11718,#9602,#9603);
#7713=AXIS2_PLACEMENT_3D('',#11719,#9604,#9605);
#7714=AXIS2_PLACEMENT_3D('',#11724,#9609,#9610);
#7715=AXIS2_PLACEMENT_3D('',#11725,#9611,#9612);
#7716=AXIS2_PLACEMENT_3D('',#11729,#9615,#9616);
#7717=AXIS2_PLACEMENT_3D('',#11732,#9619,#9620);
#7718=AXIS2_PLACEMENT_3D('',#11733,#9621,#9622);
#7719=AXIS2_PLACEMENT_3D('',#11734,#9623,#9624);
#7720=AXIS2_PLACEMENT_3D('',#11736,#9626,#9627);
#7721=AXIS2_PLACEMENT_3D('',#11737,#9628,#9629);
#7722=AXIS2_PLACEMENT_3D('',#11739,#9631,#9632);
#7723=AXIS2_PLACEMENT_3D('',#11740,#9633,#9634);
#7724=AXIS2_PLACEMENT_3D('',#11742,#9636,#9637);
#7725=AXIS2_PLACEMENT_3D('',#11743,#9638,#9639);
#7726=AXIS2_PLACEMENT_3D('',#11745,#9641,#9642);
#7727=AXIS2_PLACEMENT_3D('',#11746,#9643,#9644);
#7728=AXIS2_PLACEMENT_3D('',#11750,#9647,#9648);
#7729=AXIS2_PLACEMENT_3D('',#11754,#9651,#9652);
#7730=AXIS2_PLACEMENT_3D('',#11756,#9654,#9655);
#7731=AXIS2_PLACEMENT_3D('',#11757,#9656,#9657);
#7732=AXIS2_PLACEMENT_3D('',#11758,#9658,#9659);
#7733=AXIS2_PLACEMENT_3D('',#11759,#9660,#9661);
#7734=AXIS2_PLACEMENT_3D('',#11760,#9662,#9663);
#7735=AXIS2_PLACEMENT_3D('',#11761,#9664,#9665);
#7736=AXIS2_PLACEMENT_3D('',#11767,#9669,#9670);
#7737=AXIS2_PLACEMENT_3D('',#11768,#9671,#9672);
#7738=AXIS2_PLACEMENT_3D('',#11769,#9673,#9674);
#7739=AXIS2_PLACEMENT_3D('',#11770,#9675,#9676);
#7740=AXIS2_PLACEMENT_3D('',#11771,#9677,#9678);
#7741=AXIS2_PLACEMENT_3D('',#11772,#9679,#9680);
#7742=AXIS2_PLACEMENT_3D('',#11774,#9682,#9683);
#7743=AXIS2_PLACEMENT_3D('',#11775,#9684,#9685);
#7744=AXIS2_PLACEMENT_3D('',#11777,#9687,#9688);
#7745=AXIS2_PLACEMENT_3D('',#11778,#9689,#9690);
#7746=AXIS2_PLACEMENT_3D('',#11780,#9692,#9693);
#7747=AXIS2_PLACEMENT_3D('',#11781,#9694,#9695);
#7748=AXIS2_PLACEMENT_3D('',#11782,#9696,#9697);
#7749=AXIS2_PLACEMENT_3D('',#11785,#9699,#9700);
#7750=AXIS2_PLACEMENT_3D('',#11786,#9701,#9702);
#7751=AXIS2_PLACEMENT_3D('',#11788,#9703,#9704);
#7752=AXIS2_PLACEMENT_3D('',#11789,#9705,#9706);
#7753=AXIS2_PLACEMENT_3D('',#11791,#9708,#9709);
#7754=AXIS2_PLACEMENT_3D('',#11794,#9711,#9712);
#7755=AXIS2_PLACEMENT_3D('',#11795,#9713,#9714);
#7756=AXIS2_PLACEMENT_3D('',#11797,#9715,#9716);
#7757=AXIS2_PLACEMENT_3D('',#11798,#9717,#9718);
#7758=AXIS2_PLACEMENT_3D('',#11800,#9720,#9721);
#7759=AXIS2_PLACEMENT_3D('',#11802,#9723,#9724);
#7760=AXIS2_PLACEMENT_3D('',#11804,#9726,#9727);
#7761=AXIS2_PLACEMENT_3D('',#11805,#9728,#9729);
#7762=AXIS2_PLACEMENT_3D('',#11814,#9734,#9735);
#7763=AXIS2_PLACEMENT_3D('',#11820,#9739,#9740);
#7764=AXIS2_PLACEMENT_3D('',#11822,#9742,#9743);
#7765=AXIS2_PLACEMENT_3D('',#11824,#9745,#9746);
#7766=AXIS2_PLACEMENT_3D('',#11825,#9747,#9748);
#7767=AXIS2_PLACEMENT_3D('',#11834,#9753,#9754);
#7768=AXIS2_PLACEMENT_3D('',#11840,#9758,#9759);
#7769=AXIS2_PLACEMENT_3D('',#11842,#9761,#9762);
#7770=AXIS2_PLACEMENT_3D('',#11844,#9764,#9765);
#7771=DIRECTION('axis',(0.,0.,1.));
#7772=DIRECTION('refdir',(1.,0.,0.));
#7773=DIRECTION('center_axis',(-0.0176613904033441,1.44709966794329E-17,
0.999844025480485));
#7774=DIRECTION('ref_axis',(0.525675643864863,0.850634407294895,0.00928561109055544));
#7775=DIRECTION('center_axis',(0.,0.,-1.));
#7776=DIRECTION('ref_axis',(1.,2.01537740634506E-13,0.));
#7777=DIRECTION('',(0.0176613904033441,-1.29196064487498E-17,-0.999844025480485));
#7778=DIRECTION('center_axis',(-0.816496580921658,-0.408248290460389,0.408248290479472));
#7779=DIRECTION('ref_axis',(0.361237093877727,0.190362074947245,0.912836262660809));
#7780=DIRECTION('',(-0.0176613904033441,1.44709966794329E-17,0.999844025480485));
#7781=DIRECTION('center_axis',(0.816496580921658,0.408248290460389,-0.408248290479472));
#7782=DIRECTION('ref_axis',(-0.577350269198207,0.577350269172465,-0.577350269198206));
#7783=DIRECTION('',(-0.447213595499573,0.894427191000109,0.));
#7784=DIRECTION('',(5.08684004010072E-13,0.707106781202565,0.70710678117053));
#7785=DIRECTION('',(0.577350269198207,-0.577350269172465,0.577350269198206));
#7786=DIRECTION('',(0.,-0.707106781203074,-0.707106781170021));
#7787=DIRECTION('center_axis',(-0.816496580921658,-0.408248290460389,0.408248290479472));
#7788=DIRECTION('ref_axis',(0.365148371684151,0.182574185841879,0.912870929168296));
#7789=DIRECTION('center_axis',(0.894315579496702,0.447157789747869,0.0157973205727702));
#7790=DIRECTION('ref_axis',(0.0176613904033441,0.,-0.999844025480485));
#7791=DIRECTION('',(0.447213595499572,-0.894427191000109,0.));
#7792=DIRECTION('',(-0.0176613904146718,2.2662463537812E-11,0.999844025480285));
#7793=DIRECTION('',(-0.343739026479645,0.664019382892964,0.664019382862634));
#7794=DIRECTION('center_axis',(0.,0.,-1.));
#7795=DIRECTION('ref_axis',(-1.,0.,0.));
#7796=DIRECTION('',(-1.,1.00327155915932E-15,0.));
#7797=DIRECTION('',(-0.258819045102514,-0.96592582628907,0.));
#7798=DIRECTION('center_axis',(0.,0.,-1.));
#7799=DIRECTION('ref_axis',(-0.965925826289068,-0.258819045102524,0.));
#7800=DIRECTION('',(-0.258819045102518,0.965925826289069,0.));
#7801=DIRECTION('',(-1.,1.00327155915848E-15,0.));
#7802=DIRECTION('center_axis',(0.,0.,-1.));
#7803=DIRECTION('ref_axis',(-1.,-4.34466235453615E-14,0.));
#7804=DIRECTION('',(0.447213595500344,0.894427190999723,0.));
#7805=DIRECTION('center_axis',(0.,0.,1.));
#7806=DIRECTION('ref_axis',(1.,1.28130285779899E-9,0.));
#7807=DIRECTION('',(1.,-7.19245774367794E-13,0.));
#7808=DIRECTION('center_axis',(0.,0.,1.));
#7809=DIRECTION('ref_axis',(-1.,1.28309073185176E-9,0.));
#7810=DIRECTION('',(0.44721359550071,-0.89442719099954,0.));
#7811=DIRECTION('center_axis',(0.,0.,1.));
#7812=DIRECTION('ref_axis',(-3.08588266093744E-14,-1.,0.));
#7813=DIRECTION('',(0.,1.,0.));
#7814=DIRECTION('',(-0.080384189920309,-0.996763955011845,0.));
#7815=DIRECTION('',(-1.,0.,0.));
#7816=DIRECTION('',(0.,1.,0.));
#7817=DIRECTION('center_axis',(0.,0.,1.));
#7818=DIRECTION('ref_axis',(0.499999999998945,-0.866025403785048,0.));
#7819=DIRECTION('',(0.866025403783224,-0.500000000002103,0.));
#7820=DIRECTION('',(-9.97271727800162E-13,1.,0.));
#7821=DIRECTION('center_axis',(0.,0.,1.));
#7822=DIRECTION('ref_axis',(-0.866025403784801,-0.499999999999373,0.));
#7823=DIRECTION('',(-0.866025403783218,0.500000000002115,0.));
#7824=DIRECTION('',(0.,1.,0.));
#7825=DIRECTION('',(0.866025403783225,-0.500000000002102,0.));
#7826=DIRECTION('',(0.866024874684999,-0.500000916425993,0.));
#7827=DIRECTION('',(-0.866025403783213,0.500000000002123,0.));
#7828=DIRECTION('',(1.,4.77785658268475E-12,0.));
#7829=DIRECTION('',(-0.866025403784796,-0.499999999999381,0.));
#7830=DIRECTION('',(0.,1.,0.));
#7831=DIRECTION('',(-1.76329624973882E-7,0.999999999999984,0.));
#7832=DIRECTION('',(-2.35106166631191E-7,0.999999999999972,0.));
#7833=DIRECTION('center_axis',(0.,0.,1.));
#7834=DIRECTION('ref_axis',(-0.968245836551854,0.249999999999999,0.));
#7835=DIRECTION('',(1.,0.,0.));
#7836=DIRECTION('center_axis',(0.,0.,1.));
#7837=DIRECTION('ref_axis',(0.707106781186548,0.707106781186548,0.));
#7838=DIRECTION('',(-0.707106781186547,0.707106781186548,0.));
#7839=DIRECTION('',(1.,0.,0.));
#7840=DIRECTION('',(-0.707106781186547,-0.707106781186548,0.));
#7841=DIRECTION('center_axis',(0.,0.,1.));
#7842=DIRECTION('ref_axis',(-0.707106781186548,0.707106781186548,0.));
#7843=DIRECTION('',(1.,0.,0.));
#7844=DIRECTION('center_axis',(0.,0.,1.));
#7845=DIRECTION('ref_axis',(0.968245836551854,0.249999999999999,0.));
#7846=DIRECTION('',(2.30970102300619E-7,-0.999999999999973,0.));
#7847=DIRECTION('',(0.,-1.,0.));
#7848=DIRECTION('',(-0.866025403784081,0.50000000000062,0.));
#7849=DIRECTION('',(1.,0.,0.));
#7850=DIRECTION('',(0.866025403783143,0.500000000002244,0.));
#7851=DIRECTION('',(0.,-1.,0.));
#7852=DIRECTION('',(-0.86602540378328,-0.500000000002007,0.));
#7853=DIRECTION('center_axis',(0.,0.,1.));
#7854=DIRECTION('ref_axis',(0.866025403784261,-0.500000000000307,0.));
#7855=DIRECTION('',(-3.02362309967044E-12,-1.,0.));
#7856=DIRECTION('',(-0.866025403783253,-0.500000000002054,0.));
#7857=DIRECTION('center_axis',(0.,0.,1.));
#7858=DIRECTION('ref_axis',(-0.499999999998977,-0.866025403785029,0.));
#7859=DIRECTION('',(0.,-1.,0.));
#7860=DIRECTION('',(-1.,0.,0.));
#7861=DIRECTION('',(-0.0803841899203098,0.996763955011845,0.));
#7862=DIRECTION('',(0.,-1.,0.));
#7863=DIRECTION('center_axis',(0.,0.,1.));
#7864=DIRECTION('ref_axis',(1.72497373462511E-14,-1.,0.));
#7865=DIRECTION('',(0.447213595501689,0.89442719099905,0.));
#7866=DIRECTION('center_axis',(0.,0.,1.));
#7867=DIRECTION('ref_axis',(1.,1.28156343044019E-9,0.));
#7868=DIRECTION('',(1.,-7.19245774367794E-13,0.));
#7869=DIRECTION('center_axis',(0.,0.,1.));
#7870=DIRECTION('ref_axis',(-1.,1.28297105460141E-9,0.));
#7871=DIRECTION('center_axis',(0.,0.,-1.));
#7872=DIRECTION('ref_axis',(-1.,0.,0.));
#7873=DIRECTION('center_axis',(0.,0.,-1.));
#7874=DIRECTION('ref_axis',(-1.,0.,0.));
#7875=DIRECTION('center_axis',(-0.0176613904038359,1.44709966798357E-17,
-0.999844025480476));
#7876=DIRECTION('ref_axis',(-0.525675643864497,0.850634407295118,0.00928561109080686));
#7877=DIRECTION('center_axis',(0.816496580921463,-0.408248290461172,0.40824829047908));
#7878=DIRECTION('ref_axis',(-0.361237093877096,0.190362074947611,0.912836262660982));
#7879=DIRECTION('',(0.0176613904038359,-1.44709966798357E-17,0.999844025480476));
#7880=DIRECTION('',(-0.0176613904038359,1.44709966798357E-17,-0.999844025480476));
#7881=DIRECTION('center_axis',(-0.89431557949631,0.447157789748637,0.0157973205732032));
#7882=DIRECTION('ref_axis',(0.0176613904038359,0.,0.999844025480476));
#7883=DIRECTION('',(-0.447213595500344,-0.894427190999723,0.));
#7884=DIRECTION('',(0.343739026480459,0.664019382892506,0.66401938286267));
#7885=DIRECTION('',(-0.0176613904151509,-2.26370593286748E-11,-0.999844025480276));
#7886=DIRECTION('center_axis',(-0.816496580921463,0.408248290461172,-0.40824829047908));
#7887=DIRECTION('ref_axis',(-0.577350269198483,-0.577350269171911,0.577350269198483));
#7888=DIRECTION('center_axis',(0.816496580921463,-0.408248290461172,0.40824829047908));
#7889=DIRECTION('ref_axis',(-0.365148371683642,0.182574185842018,0.912870929168472));
#7890=DIRECTION('',(0.,0.707106781202056,0.707106781171039));
#7891=DIRECTION('',(0.577350269198483,0.577350269171911,-0.577350269198483));
#7892=DIRECTION('',(5.08684004010072E-13,0.707106781202565,0.70710678117053));
#7893=DIRECTION('center_axis',(0.,0.,1.));
#7894=DIRECTION('ref_axis',(-0.707106781186545,0.70710678118655,0.));
#7895=DIRECTION('',(0.,0.,-1.));
#7896=DIRECTION('center_axis',(7.1629215410285E-28,4.53046326135267E-11,
1.));
#7897=DIRECTION('ref_axis',(-0.707106781186545,0.70710678118655,0.));
#7898=DIRECTION('',(0.,0.,1.));
#7899=DIRECTION('center_axis',(0.,0.,1.));
#7900=DIRECTION('ref_axis',(0.968245836551854,0.249999999999999,0.));
#7901=DIRECTION('',(0.,0.,-1.));
#7902=DIRECTION('center_axis',(-5.08583564406757E-13,-0.707106781202565,
-0.70710678117053));
#7903=DIRECTION('ref_axis',(5.08489162350023E-13,0.70710678117053,-0.707106781202565));
#7904=DIRECTION('',(0.,0.,-1.));
#7905=DIRECTION('center_axis',(0.,0.,-1.));
#7906=DIRECTION('ref_axis',(-0.707106781186548,0.707106781186548,0.));
#7907=DIRECTION('',(0.,0.,-1.));
#7908=DIRECTION('center_axis',(-7.1629215410285E-28,-4.53046326135267E-11,
-1.));
#7909=DIRECTION('ref_axis',(-0.707106781186548,0.707106781186548,0.));
#7910=DIRECTION('',(0.,0.,1.));
#7911=DIRECTION('center_axis',(1.,0.,0.));
#7912=DIRECTION('ref_axis',(0.,1.,-4.53046326135267E-11));
#7913=DIRECTION('center_axis',(1.,0.,0.));
#7914=DIRECTION('ref_axis',(0.,0.707106781186547,-0.707106781186547));
#7915=DIRECTION('',(0.,1.,0.));
#7916=DIRECTION('center_axis',(-1.,0.,0.));
#7917=DIRECTION('ref_axis',(0.,-0.382683432311024,0.923879532533682));
#7918=DIRECTION('',(0.,0.707106781269305,0.70710678110379));
#7919=DIRECTION('',(0.,0.,1.));
#7920=DIRECTION('center_axis',(-1.,0.,0.));
#7921=DIRECTION('ref_axis',(0.,-0.965344213455551,-0.260979979208912));
#7922=DIRECTION('',(0.,-0.503871025514148,0.863778900904231));
#7923=DIRECTION('',(0.,-1.,4.53046326135267E-11));
#7924=DIRECTION('center_axis',(-1.,0.,0.));
#7925=DIRECTION('ref_axis',(0.,1.,-2.18046076091224E-22));
#7926=DIRECTION('center_axis',(0.,0.,-1.));
#7927=DIRECTION('ref_axis',(0.707106781186548,0.707106781186548,0.));
#7928=DIRECTION('',(0.,0.,-1.));
#7929=DIRECTION('center_axis',(-7.1629215410285E-28,-4.53046326135267E-11,
-1.));
#7930=DIRECTION('ref_axis',(0.707106781186548,0.707106781186548,0.));
#7931=DIRECTION('',(0.,0.,1.));
#7932=DIRECTION('center_axis',(0.,1.,0.));
#7933=DIRECTION('ref_axis',(1.,0.,0.));
#7934=DIRECTION('',(0.,0.,1.));
#7935=DIRECTION('',(-1.,0.,7.16292154102849E-28));
#7936=DIRECTION('center_axis',(0.,0.,-1.));
#7937=DIRECTION('ref_axis',(-0.968245836551854,0.249999999999999,0.));
#7938=DIRECTION('center_axis',(-5.08583564406757E-13,-0.707106781202565,
-0.70710678117053));
#7939=DIRECTION('ref_axis',(5.08611825823355E-13,0.70710678117053,-0.707106781202565));
#7940=DIRECTION('',(0.,0.,-1.));
#7941=DIRECTION('center_axis',(-1.,0.,0.));
#7942=DIRECTION('ref_axis',(2.43111090376843E-16,0.707106781186547,-0.707106781186547));
#7943=DIRECTION('center_axis',(-1.,5.73018335290404E-16,0.));
#7944=DIRECTION('ref_axis',(4.05185150628071E-16,0.707106781186547,-0.707106781186547));
#7945=DIRECTION('',(0.707106781186548,0.,0.707106781186548));
#7946=DIRECTION('center_axis',(1.,-5.73018335290404E-16,0.));
#7947=DIRECTION('ref_axis',(0.,0.707106781186548,-0.707106781186548));
#7948=DIRECTION('center_axis',(-0.707106781053027,4.05185150551561E-16,
0.707106781320068));
#7949=DIRECTION('ref_axis',(0.707106781320068,0.,0.707106781053027));
#7950=DIRECTION('',(0.707106781320068,0.,0.707106781053027));
#7951=DIRECTION('',(5.73018335290404E-16,1.,0.));
#7952=DIRECTION('',(-5.73018335290404E-16,-1.,0.));
#7953=DIRECTION('center_axis',(1.,0.,0.));
#7954=DIRECTION('ref_axis',(-7.3094874442027E-17,-0.382683432311024,0.923879532533681));
#7955=DIRECTION('',(0.707106781186543,-0.499999999941486,0.500000000058521));
#7956=DIRECTION('center_axis',(-1.,5.73018335290404E-16,0.));
#7957=DIRECTION('ref_axis',(0.,-0.382683432311024,0.923879532533681));
#7958=DIRECTION('center_axis',(1.,-5.73018335290404E-16,0.));
#7959=DIRECTION('ref_axis',(-2.19284623326081E-16,-0.382683432311024,0.923879532533681));
#7960=DIRECTION('center_axis',(-0.707106781186544,-0.499999999941484,0.500000000058521));
#7961=DIRECTION('ref_axis',(0.577350269234678,0.,0.81649658089587));
#7962=DIRECTION('',(4.05185150675493E-16,0.707106781269305,0.70710678110379));
#7963=DIRECTION('',(-4.05185150675493E-16,-0.707106781269305,-0.70710678110379));
#7964=DIRECTION('',(0.678598344536976,-0.678598344536976,0.281084637757656));
#7965=DIRECTION('center_axis',(-0.707106781186544,-0.707106781186551,0.));
#7966=DIRECTION('ref_axis',(0.,0.,1.));
#7967=DIRECTION('',(0.,0.,-1.));
#7968=DIRECTION('',(0.707106781186551,-0.707106781186544,0.));
#7969=DIRECTION('',(0.,0.,1.));
#7970=DIRECTION('center_axis',(1.,0.,0.));
#7971=DIRECTION('ref_axis',(-1.84386644725508E-16,-0.965344213455551,-0.260979979208913));
#7972=DIRECTION('',(0.70710678118654,-0.610783918275252,-0.356290618984477));
#7973=DIRECTION('center_axis',(-1.,5.73018335290404E-16,0.));
#7974=DIRECTION('ref_axis',(0.,-0.965344213455551,-0.260979979208912));
#7975=DIRECTION('center_axis',(1.,-5.73018335290404E-16,0.));
#7976=DIRECTION('ref_axis',(-5.53159934176524E-16,-0.965344213455551,-0.260979979208912));
#7977=DIRECTION('center_axis',(-0.707106781186547,-0.610783918275245,-0.356290618984474));
#7978=DIRECTION('ref_axis',(-0.44997704256618,0.,0.893040122930316));
#7979=DIRECTION('',(0.653681652836032,-0.756769645761214,3.42851707742806E-11));
#7980=DIRECTION('',(-2.88727336241185E-16,-0.503871025514148,0.863778900904231));
#7981=DIRECTION('',(2.88727336241185E-16,0.503871025514148,-0.863778900904231));
#7982=DIRECTION('center_axis',(-1.,0.,0.));
#7983=DIRECTION('ref_axis',(0.,0.707106781186548,-0.707106781186548));
#7984=DIRECTION('',(1.,0.,0.));
#7985=DIRECTION('center_axis',(-1.,0.,0.));
#7986=DIRECTION('ref_axis',(0.,0.707106781186548,-0.707106781186548));
#7987=DIRECTION('center_axis',(0.,0.,1.));
#7988=DIRECTION('ref_axis',(1.,0.,0.));
#7989=DIRECTION('',(-1.,1.1686558153949E-15,0.));
#7990=DIRECTION('',(0.,-1.,0.));
#7991=DIRECTION('center_axis',(-1.,1.1686558153949E-15,0.));
#7992=DIRECTION('ref_axis',(0.,-0.382683432311024,0.923879532533681));
#7993=DIRECTION('',(1.,-1.1686558153949E-15,0.));
#7994=DIRECTION('center_axis',(1.,0.,0.));
#7995=DIRECTION('ref_axis',(0.,-0.382683432311024,0.923879532533681));
#7996=DIRECTION('center_axis',(-8.26364451842113E-16,-0.70710678110379,
0.707106781269305));
#7997=DIRECTION('ref_axis',(1.,0.,1.16865581512135E-15));
#7998=DIRECTION('',(1.,-1.1686558153949E-15,0.));
#7999=DIRECTION('',(0.,-0.707106781269305,-0.70710678110379));
#8000=DIRECTION('center_axis',(-1.1686558153949E-15,-1.,0.));
#8001=DIRECTION('ref_axis',(1.,-1.1686558153949E-15,5.22292302140247E-26));
#8002=DIRECTION('',(-1.,1.1686558153949E-15,-5.22296185159647E-26));
#8003=DIRECTION('',(0.,0.,-1.));
#8004=DIRECTION('center_axis',(-1.,1.1686558153949E-15,-5.22296185159647E-26));
#8005=DIRECTION('ref_axis',(0.,-0.965344213455551,-0.260979979208912));
#8006=DIRECTION('',(1.,-1.1686558153949E-15,5.22296185159647E-26));
#8007=DIRECTION('center_axis',(1.,0.,0.));
#8008=DIRECTION('ref_axis',(0.,-0.965344213455551,-0.260979979208912));
#8009=DIRECTION('center_axis',(-1.00946023573083E-15,-0.863778900904231,
-0.503871025514148));
#8010=DIRECTION('ref_axis',(-1.,0.,2.00340996924913E-15));
#8011=DIRECTION('',(1.,-1.1686558153949E-15,5.22292302140247E-26));
#8012=DIRECTION('',(0.,0.503871025514148,-0.863778900904231));
#8013=DIRECTION('center_axis',(7.1629215410285E-28,4.53046326135267E-11,
1.));
#8014=DIRECTION('ref_axis',(1.,0.,-7.16292154102849E-28));
#8015=DIRECTION('',(0.,1.,-4.53046326135267E-11));
#8016=DIRECTION('',(-1.,0.,7.16292154102849E-28));
#8017=DIRECTION('',(0.,1.,0.));
#8018=DIRECTION('',(1.,-8.19357726031174E-16,0.));
#8019=DIRECTION('center_axis',(7.1629215410285E-28,4.53046326135267E-11,
1.));
#8020=DIRECTION('ref_axis',(0.707106781186548,0.707106781186548,0.));
#8021=DIRECTION('',(0.,-1.,4.53046326135267E-11));
#8022=DIRECTION('',(1.,-7.19245774400378E-13,3.25844492758866E-23));
#8023=DIRECTION('',(-1.,0.,7.16292154102849E-28));
#8024=DIRECTION('',(0.653681652836028,0.756769645761217,-3.42851707742807E-11));
#8025=DIRECTION('center_axis',(7.1629215410285E-28,4.53046326135267E-11,
1.));
#8026=DIRECTION('ref_axis',(-1.,0.,0.));
#8027=DIRECTION('center_axis',(0.70710678118655,-0.610783918275242,-0.356290618984472));
#8028=DIRECTION('ref_axis',(-0.449977042566177,0.,-0.893040122930318));
#8029=DIRECTION('',(-0.707106781186542,-0.610783918275249,-0.356290618984477));
#8030=DIRECTION('center_axis',(-1.,0.,0.));
#8031=DIRECTION('ref_axis',(0.,-0.965344213455551,-0.260979979208912));
#8032=DIRECTION('',(-0.707106781186544,-0.707106781186551,0.));
#8033=DIRECTION('center_axis',(0.707106781186551,-0.707106781186544,0.));
#8034=DIRECTION('ref_axis',(0.,0.,-1.));
#8035=DIRECTION('',(-0.678598344536971,-0.678598344536977,0.281084637757663));
#8036=DIRECTION('center_axis',(0.70710678118655,-0.49999999994148,0.500000000058516));
#8037=DIRECTION('ref_axis',(0.57735026923467,0.,-0.816496580895875));
#8038=DIRECTION('',(-0.707106781186549,-0.499999999941481,0.500000000058516));
#8039=DIRECTION('center_axis',(-1.,0.,0.));
#8040=DIRECTION('ref_axis',(0.,-0.382683432311024,0.923879532533681));
#8041=DIRECTION('',(-0.707106781186548,0.,0.707106781186548));
#8042=DIRECTION('center_axis',(0.707106781053027,0.,0.707106781320068));
#8043=DIRECTION('ref_axis',(0.707106781320068,0.,-0.707106781053027));
#8044=DIRECTION('',(-0.707106781320068,0.,0.707106781053027));
#8045=DIRECTION('center_axis',(1.,0.,0.));
#8046=DIRECTION('ref_axis',(0.,0.707106781186547,-0.707106781186547));
#8047=DIRECTION('center_axis',(-0.999999999999972,-2.35106166631191E-7,
0.));
#8048=DIRECTION('ref_axis',(-2.35106166631191E-7,0.999999999999972,0.));
#8049=DIRECTION('',(1.66245164719926E-7,-0.70710678117052,0.707106781202555));
#8050=DIRECTION('',(0.,0.,-1.));
#8051=DIRECTION('',(0.,0.,-1.));
#8052=DIRECTION('center_axis',(0.,1.,0.));
#8053=DIRECTION('ref_axis',(1.,0.,0.));
#8054=DIRECTION('center_axis',(-5.08583564406757E-13,-0.707106781202565,
-0.70710678117053));
#8055=DIRECTION('ref_axis',(-1.,0.,7.19245774400379E-13));
#8056=DIRECTION('',(0.,-0.70710678117053,0.707106781202565));
#8057=DIRECTION('',(0.774596669234783,0.447213595495351,-0.447213595516169));
#8058=DIRECTION('',(-1.,7.19245774400378E-13,-3.25844492758866E-23));
#8059=DIRECTION('',(-0.774596669232911,0.44721359549753,-0.447213595517234));
#8060=DIRECTION('',(1.,-7.19245774400378E-13,3.25844492758866E-23));
#8061=DIRECTION('',(-1.04672830574967E-15,-0.70710678117053,0.707106781202565));
#8062=DIRECTION('',(-0.57735026919943,0.577350269171853,-0.577350269197594));
#8063=DIRECTION('',(1.,-7.19245774367794E-13,0.));
#8064=DIRECTION('',(-0.577350269198483,-0.577350269171911,0.577350269198483));
#8065=DIRECTION('',(0.,0.70710678117053,-0.707106781202565));
#8066=DIRECTION('center_axis',(0.,0.,1.));
#8067=DIRECTION('ref_axis',(0.499999999998945,-0.866025403785048,0.));
#8068=DIRECTION('center_axis',(0.353553390594769,0.612372435694931,-0.707106781186547));
#8069=DIRECTION('ref_axis',(-0.353553390594769,-0.612372435694931,-0.707106781186548));
#8070=DIRECTION('',(0.,0.,1.));
#8071=DIRECTION('',(0.,0.,-1.));
#8072=DIRECTION('center_axis',(0.500000000002103,0.866025403783224,0.));
#8073=DIRECTION('ref_axis',(0.866025403783224,-0.500000000002103,0.));
#8074=DIRECTION('',(0.866025403783224,-0.500000000002103,0.));
#8075=DIRECTION('',(0.,0.,-1.));
#8076=DIRECTION('center_axis',(0.,0.,-1.));
#8077=DIRECTION('ref_axis',(-0.499999999998977,-0.866025403785029,0.));
#8078=DIRECTION('center_axis',(-0.353553390594693,0.612372435694976,-0.707106781186547));
#8079=DIRECTION('ref_axis',(0.353553390594693,-0.612372435694975,-0.707106781186548));
#8080=DIRECTION('',(0.,0.,1.));
#8081=DIRECTION('',(0.,0.,-1.));
#8082=DIRECTION('center_axis',(1.,0.,0.));
#8083=DIRECTION('ref_axis',(0.,0.,-1.));
#8084=DIRECTION('',(0.,-0.755928946018887,-0.654653670707477));
#8085=DIRECTION('',(0.,-0.70710678117053,0.707106781202565));
#8086=DIRECTION('',(0.,0.,1.));
#8087=DIRECTION('',(0.,1.,-4.53046326135267E-11));
#8088=DIRECTION('',(0.,0.707106781218583,0.707106781154512));
#8089=DIRECTION('',(0.,0.,-1.));
#8090=DIRECTION('',(0.,-0.707106781218584,-0.707106781154511));
#8091=DIRECTION('center_axis',(0.500000916425993,0.866024874684999,0.));
#8092=DIRECTION('ref_axis',(0.866024874684999,-0.500000916425993,0.));
#8093=DIRECTION('',(-0.774596669232718,0.447213595497419,-0.44721359551768));
#8094=DIRECTION('',(0.,0.,-1.));
#8095=DIRECTION('',(0.,0.,-1.));
#8096=DIRECTION('center_axis',(-0.500000000002115,-0.866025403783218,0.));
#8097=DIRECTION('ref_axis',(0.866025403783218,-0.500000000002115,2.26523163068592E-11));
#8098=DIRECTION('',(-0.654653670708343,0.37796447301157,0.654653670706259));
#8099=DIRECTION('',(0.866025403783218,-0.500000000002115,2.26523163068592E-11));
#8100=DIRECTION('',(0.,0.,-1.));
#8101=DIRECTION('',(-0.668775395231966,0.386117654466751,0.635336625452541));
#8102=DIRECTION('',(-0.866025403783218,0.500000000002115,-2.26523163068592E-11));
#8103=DIRECTION('',(0.,0.,1.));
#8104=DIRECTION('center_axis',(-0.996737827513778,0.0807075163978751,0.));
#8105=DIRECTION('ref_axis',(0.,0.,1.));
#8106=DIRECTION('',(-0.0571619921169414,-0.705950602644242,-0.705950602580276));
#8107=DIRECTION('',(0.,0.,1.));
#8108=DIRECTION('',(0.0571619921169416,0.705950602644243,0.705950602580274));
#8109=DIRECTION('',(0.0807075163978751,0.996737827513778,0.));
#8110=DIRECTION('',(0.,0.,1.));
#8111=DIRECTION('',(-0.0807075163978751,-0.996737827513778,0.));
#8112=DIRECTION('center_axis',(0.,-0.707106781154511,0.707106781218584));
#8113=DIRECTION('ref_axis',(2.27213567303229E-16,0.707106781218584,0.707106781154511));
#8114=DIRECTION('',(0.,0.707106781218584,0.707106781154511));
#8115=DIRECTION('',(-0.0569322488096666,-0.705959885239875,-0.705959885175905));
#8116=DIRECTION('',(-1.,0.,0.));
#8117=DIRECTION('center_axis',(-1.,0.,0.));
#8118=DIRECTION('ref_axis',(0.,0.,1.));
#8119=DIRECTION('',(0.,-0.707106781218583,-0.707106781154512));
#8120=DIRECTION('',(0.,-1.,4.53046326135267E-11));
#8121=DIRECTION('',(0.,0.,-1.));
#8122=DIRECTION('',(0.,0.70710678117053,-0.707106781202565));
#8123=DIRECTION('',(0.,0.755928946018911,0.65465367070745));
#8124=DIRECTION('center_axis',(0.,-0.707106781154512,0.707106781218583));
#8125=DIRECTION('ref_axis',(0.,0.707106781218583,0.707106781154512));
#8126=DIRECTION('',(-1.,0.,0.));
#8127=DIRECTION('',(0.0569322488096664,0.705959885239873,0.705959885175907));
#8128=DIRECTION('',(0.,-0.707106781218583,-0.707106781154512));
#8129=DIRECTION('',(1.,-7.16292154135301E-28,-7.16292154070398E-28));
#8130=DIRECTION('center_axis',(0.996737827513778,0.0807075163978765,0.));
#8131=DIRECTION('ref_axis',(0.,0.,-1.));
#8132=DIRECTION('',(0.0571619921169425,-0.705950602644243,-0.705950602580274));
#8133=DIRECTION('',(-0.0571619921169424,0.705950602644242,0.705950602580276));
#8134=DIRECTION('',(-0.0807075163978765,0.996737827513778,0.));
#8135=DIRECTION('',(0.,0.,-1.));
#8136=DIRECTION('',(0.0807075163978765,-0.996737827513778,0.));
#8137=DIRECTION('center_axis',(0.,0.,-1.));
#8138=DIRECTION('ref_axis',(-1.,0.,0.));
#8139=DIRECTION('',(1.,0.,0.));
#8140=DIRECTION('',(0.0803841899203098,-0.996763955011845,0.));
#8141=DIRECTION('',(0.,1.,0.));
#8142=DIRECTION('',(1.,0.,0.));
#8143=DIRECTION('',(0.,-1.,0.));
#8144=DIRECTION('',(-1.,-9.67480064316209E-14,0.));
#8145=DIRECTION('',(0.,-1.,0.));
#8146=DIRECTION('',(1.,0.,0.));
#8147=DIRECTION('',(0.,-1.,0.));
#8148=DIRECTION('',(-1.,3.17206578464331E-16,0.));
#8149=DIRECTION('',(0.,-1.,0.));
#8150=DIRECTION('',(1.,-3.17206578464331E-16,0.));
#8151=DIRECTION('',(0.,-1.,0.));
#8152=DIRECTION('center_axis',(0.,0.,1.));
#8153=DIRECTION('ref_axis',(-1.,0.,0.));
#8154=DIRECTION('center_axis',(0.,0.,1.));
#8155=DIRECTION('ref_axis',(-1.,0.,0.));
#8156=DIRECTION('center_axis',(0.,-0.707106781154512,0.707106781218583));
#8157=DIRECTION('ref_axis',(0.,0.707106781218583,0.707106781154512));
#8158=DIRECTION('',(1.,0.,0.));
#8159=DIRECTION('',(0.,0.707106781218583,0.707106781154512));
#8160=DIRECTION('',(0.0569322488096669,-0.705959885239873,-0.705959885175906));
#8161=DIRECTION('center_axis',(0.,0.0353062653229051,-0.999376539462954));
#8162=DIRECTION('ref_axis',(0.973220319222645,-0.22973101820724,-0.00811600429012015));
#8163=DIRECTION('center_axis',(-0.81649658092044,0.408248290462196,-0.408248290480104));
#8164=DIRECTION('ref_axis',(0.380507467676341,-0.151301803212835,-0.912316738521815));
#8165=DIRECTION('',(0.,-0.035306265322905,0.999376539462954));
#8166=DIRECTION('',(0.,0.035306265322905,-0.999376539462954));
#8167=DIRECTION('center_axis',(-0.894315579495653,0.447157789749991,0.0157973205720847));
#8168=DIRECTION('ref_axis',(0.0176613904025988,0.,0.999844025480498));
#8169=DIRECTION('',(-0.447213595501689,-0.89442719099905,0.));
#8170=DIRECTION('',(0.343739026480836,0.664019382892409,0.664019382862573));
#8171=DIRECTION('',(-0.0176613904139138,-2.26370577769625E-11,-0.999844025480298));
#8172=DIRECTION('center_axis',(0.,-0.0353062653223996,0.999376539462972));
#8173=DIRECTION('ref_axis',(-0.973220319222772,-0.22973101820671,-0.00811600428998606));
#8174=DIRECTION('center_axis',(0.816496580920793,0.408248290461254,-0.408248290480337));
#8175=DIRECTION('ref_axis',(-0.380507467676508,-0.151301803212954,-0.912316738521726));
#8176=DIRECTION('',(0.,-0.0353062653223996,0.999376539462972));
#8177=DIRECTION('',(0.,0.0353062653223996,-0.999376539462972));
#8178=DIRECTION('center_axis',(-1.,0.,0.));
#8179=DIRECTION('ref_axis',(0.,0.,1.));
#8180=DIRECTION('',(0.,-0.707106781203074,-0.707106781170021));
#8181=DIRECTION('',(0.,1.,0.));
#8182=DIRECTION('',(-6.70643283289106E-26,-1.,4.53046326135267E-11));
#8183=DIRECTION('',(0.,0.,-1.));
#8184=DIRECTION('center_axis',(-1.,0.,0.));
#8185=DIRECTION('ref_axis',(0.,0.,1.));
#8186=DIRECTION('',(0.,-1.,0.));
#8187=DIRECTION('',(0.,0.,1.));
#8188=DIRECTION('',(0.,0.,1.));
#8189=DIRECTION('center_axis',(0.999999999999984,1.76329624973882E-7,0.));
#8190=DIRECTION('ref_axis',(-1.76329624973882E-7,0.999999999999984,0.));
#8191=DIRECTION('center_axis',(-0.999999999999973,-2.30970102300619E-7,
0.));
#8192=DIRECTION('ref_axis',(2.30970102300619E-7,-0.999999999999973,0.));
#8193=DIRECTION('',(0.,1.,0.));
#8194=DIRECTION('',(0.,0.,1.));
#8195=DIRECTION('',(-1.6332052628162E-7,0.707106781170521,-0.707106781202556));
#8196=DIRECTION('',(0.,0.,1.));
#8197=DIRECTION('center_axis',(1.,0.,0.));
#8198=DIRECTION('ref_axis',(0.,0.,-1.));
#8199=DIRECTION('',(0.,0.70710678117053,-0.707106781202565));
#8200=DIRECTION('',(0.,0.,-1.));
#8201=DIRECTION('center_axis',(-0.017661390413625,2.26624635381352E-11,
0.999844025480303));
#8202=DIRECTION('ref_axis',(-0.525675643864695,-0.85063440729515,-0.00928561107668334));
#8203=DIRECTION('center_axis',(5.08583564383716E-13,0.70710678117053,-0.707106781202565));
#8204=DIRECTION('ref_axis',(0.0249730832955854,-0.706886251512934,-0.706886251480891));
#8205=DIRECTION('',(-0.017661390413625,2.26624650895254E-11,0.999844025480303));
#8206=DIRECTION('',(0.017661390413625,-2.26624635381352E-11,-0.999844025480303));
#8207=DIRECTION('center_axis',(0.894315579496147,0.447157789749013,0.0157973205718237));
#8208=DIRECTION('ref_axis',(0.0176613904022973,0.,-0.999844025480503));
#8209=DIRECTION('',(-0.343739026479962,0.664019382892882,0.664019382862552));
#8210=DIRECTION('',(-0.44721359550071,0.89442719099954,0.));
#8211=DIRECTION('center_axis',(-0.0176613904151509,-2.26370577772846E-11,
-0.999844025480276));
#8212=DIRECTION('ref_axis',(0.525675643864257,-0.850634407295412,-0.00928561107748917));
#8213=DIRECTION('center_axis',(5.08583564383716E-13,0.70710678117053,-0.707106781202565));
#8214=DIRECTION('ref_axis',(-0.0249730832987589,-0.70688625151286,-0.706886251480853));
#8215=DIRECTION('',(0.0176613904151509,2.26370577772846E-11,0.999844025480276));
#8216=DIRECTION('center_axis',(7.19245774367794E-13,1.,-2.2653293994361E-11));
#8217=DIRECTION('ref_axis',(0.,2.2653293994361E-11,1.));
#8218=DIRECTION('',(-1.,7.19245774367794E-13,0.));
#8219=DIRECTION('center_axis',(-0.0176613904139138,-2.26370577769625E-11,
-0.999844025480298));
#8220=DIRECTION('ref_axis',(0.525675643863613,-0.850634407295817,-0.00928561107683227));
#8221=DIRECTION('center_axis',(5.08583564383716E-13,0.70710678117053,-0.707106781202565));
#8222=DIRECTION('ref_axis',(-0.0249730832970105,-0.706886251512891,-0.706886251480883));
#8223=DIRECTION('',(0.0176613904139138,2.26370577769625E-11,0.999844025480298));
#8224=DIRECTION('center_axis',(7.19245774367794E-13,1.,-2.26532939940375E-11));
#8225=DIRECTION('ref_axis',(0.,2.26532939940375E-11,1.));
#8226=DIRECTION('',(-1.,7.19245774367794E-13,0.));
#8227=DIRECTION('',(0.0176613904146718,-2.2662463537812E-11,-0.999844025480285));
#8228=DIRECTION('center_axis',(-0.0176613904146718,2.2662463537812E-11,
0.999844025480285));
#8229=DIRECTION('ref_axis',(-0.525675643865242,-0.850634407294806,-0.00928561107723517));
#8230=DIRECTION('center_axis',(5.08583564383716E-13,0.70710678117053,-0.707106781202565));
#8231=DIRECTION('ref_axis',(0.0249730832970652,-0.706886251512908,-0.706886251480865));
#8232=DIRECTION('center_axis',(8.19357726031174E-16,1.,0.));
#8233=DIRECTION('ref_axis',(1.,-8.19357726031174E-16,0.));
#8234=DIRECTION('',(0.,0.,1.));
#8235=DIRECTION('',(0.,0.,-1.));
#8236=DIRECTION('',(1.,-8.19357726031174E-16,0.));
#8237=DIRECTION('',(0.,0.,1.));
#8238=DIRECTION('center_axis',(0.,0.,1.));
#8239=DIRECTION('ref_axis',(0.707106781186548,0.707106781186548,0.));
#8240=DIRECTION('',(0.,0.,-1.));
#8241=DIRECTION('center_axis',(1.,0.,0.));
#8242=DIRECTION('ref_axis',(0.,0.,-1.));
#8243=DIRECTION('',(0.,1.,0.));
#8244=DIRECTION('',(0.,-0.70710678117053,0.707106781202565));
#8245=DIRECTION('center_axis',(0.816496580920793,0.408248290461254,-0.408248290480337));
#8246=DIRECTION('ref_axis',(-0.57735026919943,0.577350269171853,-0.577350269197594));
#8247=DIRECTION('',(5.08684004010072E-13,0.707106781202565,0.70710678117053));
#8248=DIRECTION('',(0.57735026919943,-0.577350269171853,0.577350269197594));
#8249=DIRECTION('center_axis',(5.08583564383716E-13,0.70710678117053,-0.707106781202565));
#8250=DIRECTION('ref_axis',(-1.,7.19245774367794E-13,0.));
#8251=DIRECTION('',(-1.,7.19245774367794E-13,0.));
#8252=DIRECTION('center_axis',(-1.,0.,0.));
#8253=DIRECTION('ref_axis',(0.,0.,1.));
#8254=DIRECTION('',(0.,-1.,0.));
#8255=DIRECTION('center_axis',(-1.,5.73018335290404E-16,0.));
#8256=DIRECTION('ref_axis',(-5.73018335290404E-16,-1.,4.53046326135267E-11));
#8257=DIRECTION('center_axis',(1.,-5.73018335290404E-16,0.));
#8258=DIRECTION('ref_axis',(5.73018335290405E-16,1.,-2.19716590383858E-22));
#8259=DIRECTION('center_axis',(-1.,-7.46877307475105E-14,2.91528942400729E-9));
#8260=DIRECTION('ref_axis',(-7.46877307475105E-14,1.,-3.09724539902408E-25));
#8261=DIRECTION('',(-1.,-7.46877307475105E-14,2.91528942400729E-9));
#8262=DIRECTION('center_axis',(0.,0.,-1.));
#8263=DIRECTION('ref_axis',(-1.,0.,0.));
#8264=DIRECTION('center_axis',(0.,0.,-1.));
#8265=DIRECTION('ref_axis',(-1.,0.,0.));
#8266=DIRECTION('',(0.,0.,-1.));
#8267=DIRECTION('center_axis',(-5.08583564406757E-13,-0.707106781202565,
-0.70710678117053));
#8268=DIRECTION('ref_axis',(-1.,0.,7.19245774400379E-13));
#8269=DIRECTION('',(-0.577350269198207,0.577350269172465,-0.577350269198206));
#8270=DIRECTION('',(1.,-7.19245774367794E-13,0.));
#8271=DIRECTION('',(-0.57735026919993,-0.577350269171188,0.577350269197759));
#8272=DIRECTION('',(0.,0.70710678117053,-0.707106781202565));
#8273=DIRECTION('',(1.,-7.19245774400378E-13,3.25844492758866E-23));
#8274=DIRECTION('',(-0.774596669232614,-0.44721359549723,0.447213595518048));
#8275=DIRECTION('',(-1.,7.19245774400378E-13,-3.25844492758866E-23));
#8276=DIRECTION('',(0.774596669234145,-0.447213595496461,0.447213595516164));
#8277=DIRECTION('center_axis',(0.,0.,-1.));
#8278=DIRECTION('ref_axis',(-1.,0.,0.));
#8279=DIRECTION('',(0.,0.,-1.));
#8280=DIRECTION('center_axis',(0.,0.,-1.));
#8281=DIRECTION('ref_axis',(-1.,0.,0.));
#8282=DIRECTION('center_axis',(0.,0.,-1.));
#8283=DIRECTION('ref_axis',(-1.,0.,0.));
#8284=DIRECTION('',(0.,0.,-1.));
#8285=DIRECTION('center_axis',(0.,0.,-1.));
#8286=DIRECTION('ref_axis',(-1.,0.,0.));
#8287=DIRECTION('center_axis',(0.996763955011845,-0.080384189920309,0.));
#8288=DIRECTION('ref_axis',(0.,0.,-1.));
#8289=DIRECTION('',(0.080384189920309,0.996763955011845,0.));
#8290=DIRECTION('',(0.,0.,1.));
#8291=DIRECTION('',(-0.080384189920309,-0.996763955011845,0.));
#8292=DIRECTION('center_axis',(-7.19245774400378E-13,-1.,0.));
#8293=DIRECTION('ref_axis',(1.,-7.19245774400378E-13,3.25844492758866E-23));
#8294=DIRECTION('',(0.,0.,1.));
#8295=DIRECTION('',(0.,0.,1.));
#8296=DIRECTION('center_axis',(0.,-0.707106781154511,0.707106781218584));
#8297=DIRECTION('ref_axis',(0.,0.707106781218584,0.707106781154511));
#8298=DIRECTION('',(1.,0.,0.));
#8299=DIRECTION('',(-0.0569322488096671,0.705959885239875,0.705959885175905));
#8300=DIRECTION('center_axis',(-0.996763955011845,-0.0803841899203098,0.));
#8301=DIRECTION('ref_axis',(0.,0.,1.));
#8302=DIRECTION('',(-0.0803841899203098,0.996763955011845,0.));
#8303=DIRECTION('',(0.,0.,-1.));
#8304=DIRECTION('',(0.,0.,1.));
#8305=DIRECTION('center_axis',(0.96592582628907,-0.258819045102513,0.));
#8306=DIRECTION('ref_axis',(-0.258819045102513,-0.96592582628907,0.));
#8307=DIRECTION('',(-0.258819045102513,-0.96592582628907,0.));
#8308=DIRECTION('',(0.,0.,1.));
#8309=DIRECTION('center_axis',(0.,0.,-1.));
#8310=DIRECTION('ref_axis',(-1.,0.,0.));
#8311=DIRECTION('center_axis',(0.,0.,-1.));
#8312=DIRECTION('ref_axis',(-1.,0.,0.));
#8313=DIRECTION('',(0.,0.,-1.));
#8314=DIRECTION('center_axis',(-0.965925826289069,-0.258819045102518,0.));
#8315=DIRECTION('ref_axis',(-0.258819045102518,0.965925826289069,0.));
#8316=DIRECTION('',(-0.258819045102518,0.965925826289069,0.));
#8317=DIRECTION('center_axis',(0.,0.,1.));
#8318=DIRECTION('ref_axis',(-1.,0.,0.));
#8319=DIRECTION('center_axis',(0.,0.,1.));
#8320=DIRECTION('ref_axis',(-1.,0.,0.));
#8321=DIRECTION('center_axis',(0.,0.,1.));
#8322=DIRECTION('ref_axis',(-1.,0.,0.));
#8323=DIRECTION('center_axis',(0.,0.,-1.));
#8324=DIRECTION('ref_axis',(-1.,0.,0.));
#8325=DIRECTION('',(0.,1.,0.));
#8326=DIRECTION('',(1.,6.34413156928661E-16,0.));
#8327=DIRECTION('',(0.,1.,0.));
#8328=DIRECTION('',(-1.,1.58603289232165E-16,0.));
#8329=DIRECTION('',(0.,1.,0.));
#8330=DIRECTION('',(1.,1.6128720798866E-16,0.));
#8331=DIRECTION('',(0.,1.,0.));
#8332=DIRECTION('',(-1.,0.,0.));
#8333=DIRECTION('',(0.,1.,0.));
#8334=DIRECTION('',(1.,0.,0.));
#8335=DIRECTION('',(-3.21328508420841E-16,-1.,0.));
#8336=DIRECTION('center_axis',(0.,0.,1.));
#8337=DIRECTION('ref_axis',(-1.,0.,0.));
#8338=DIRECTION('center_axis',(0.,0.,1.));
#8339=DIRECTION('ref_axis',(-1.,0.,0.));
#8340=DIRECTION('center_axis',(1.,-3.21328508420841E-16,0.));
#8341=DIRECTION('ref_axis',(-3.21328508420841E-16,-1.,0.));
#8342=DIRECTION('',(0.,0.,-1.));
#8343=DIRECTION('',(3.21328508420841E-16,1.,0.));
#8344=DIRECTION('',(-2.27213567282641E-16,-0.707106781154512,0.707106781218584));
#8345=DIRECTION('',(0.,0.,-1.));
#8346=DIRECTION('',(0.,-0.707106781202565,-0.70710678117053));
#8347=DIRECTION('',(2.27213567282642E-16,0.707106781154513,-0.707106781218582));
#8348=DIRECTION('',(-3.21328508420841E-16,-1.,0.));
#8349=DIRECTION('',(-2.27454388128292E-16,-0.707856234873494,0.706356532319707));
#8350=DIRECTION('',(0.,0.,-1.));
#8351=DIRECTION('center_axis',(1.,-3.21328508420841E-16,0.));
#8352=DIRECTION('ref_axis',(2.24329224916188E-16,0.707106781154509,-0.707106781218586));
#8353=DIRECTION('center_axis',(0.,1.,0.));
#8354=DIRECTION('ref_axis',(0.,0.,1.));
#8355=DIRECTION('',(1.,1.1909368889008E-12,-5.39556745097013E-23));
#8356=DIRECTION('',(0.,0.,1.));
#8357=DIRECTION('',(-1.,-1.1909368889008E-12,1.91018266335513E-12));
#8358=DIRECTION('center_axis',(-5.08583564406757E-13,-0.707106781202565,
-0.70710678117053));
#8359=DIRECTION('ref_axis',(-1.,0.,7.19245774400379E-13));
#8360=DIRECTION('',(0.935113126530635,-0.250562807081127,0.250562807091806));
#8361=DIRECTION('',(-0.774596669232911,0.44721359549753,-0.447213595517234));
#8362=DIRECTION('center_axis',(-0.707106781185422,0.,-0.707106781187673));
#8363=DIRECTION('ref_axis',(-0.707106781187673,0.,0.707106781185422));
#8364=DIRECTION('',(0.654653670708343,-0.37796447301157,-0.654653670706259));
#8365=DIRECTION('center_axis',(0.707106781185422,0.,0.707106781187673));
#8366=DIRECTION('ref_axis',(-0.707106781187673,-4.9065389333946E-17,0.707106781185422));
#8367=DIRECTION('',(0.,1.,0.));
#8368=DIRECTION('center_axis',(1.,9.97271727800162E-13,0.));
#8369=DIRECTION('ref_axis',(9.97271727800162E-13,-1.,0.));
#8370=DIRECTION('',(-9.97271727800162E-13,1.,-4.52204888287627E-11));
#8371=DIRECTION('',(9.97271727800162E-13,-1.,0.));
#8372=DIRECTION('',(0.,0.,1.));
#8373=DIRECTION('',(-7.05177601567533E-13,0.707106781341383,0.707106781031712));
#8374=DIRECTION('',(0.,0.,1.));
#8375=DIRECTION('center_axis',(-0.688749461914693,-3.34716991536206E-11,
-0.724999433594414));
#8376=DIRECTION('ref_axis',(-0.724999433594414,0.,0.688749461914693));
#8377=DIRECTION('',(0.724999433594414,4.81336816285758E-13,-0.688749461914693));
#8378=DIRECTION('',(9.08699322785387E-13,-1.,4.53046326135267E-11));
#8379=DIRECTION('center_axis',(0.688749461914693,-3.44431524193058E-11,
-0.724999433594414));
#8380=DIRECTION('ref_axis',(-0.724999433594414,0.,-0.688749461914693));
#8381=DIRECTION('',(-3.02362309967044E-12,-1.,4.46353916111863E-11));
#8382=DIRECTION('',(-0.668775395232215,-0.386117654466784,-0.635336625452259));
#8383=DIRECTION('',(2.31915888668048E-12,1.,-4.53046326135267E-11));
#8384=DIRECTION('',(0.724999433594414,-4.42701085212655E-13,0.688749461914693));
#8385=DIRECTION('center_axis',(-1.,3.02362309967044E-12,0.));
#8386=DIRECTION('ref_axis',(3.02362309967044E-12,1.,0.));
#8387=DIRECTION('',(0.,0.,-1.));
#8388=DIRECTION('',(-2.13802439799742E-12,-0.707106781341383,-0.707106781031712));
#8389=DIRECTION('',(0.,0.,-1.));
#8390=DIRECTION('',(3.02362309967044E-12,1.,0.));
#8391=DIRECTION('',(0.,0.,1.));
#8392=DIRECTION('center_axis',(0.707106781190737,0.,-0.707106781182358));
#8393=DIRECTION('ref_axis',(-0.707106781182358,0.,-0.707106781190737));
#8394=DIRECTION('',(-0.654653670704152,-0.377964473009041,-0.65465367071191));
#8395=DIRECTION('',(0.,-1.,0.));
#8396=DIRECTION('center_axis',(-0.707106781190737,0.,0.707106781182358));
#8397=DIRECTION('ref_axis',(0.707106781182358,4.90653893335772E-17,0.707106781190738));
#8398=DIRECTION('',(0.654653670704152,0.377964473009041,0.65465367071191));
#8399=DIRECTION('center_axis',(0.,1.,0.));
#8400=DIRECTION('ref_axis',(0.,0.,1.));
#8401=DIRECTION('',(-1.,3.22125884383041E-12,-2.50201306957597E-12));
#8402=DIRECTION('',(0.,0.,1.));
#8403=DIRECTION('',(1.,1.1909368889008E-12,-5.39556745097013E-23));
#8404=DIRECTION('center_axis',(-1.,0.,0.));
#8405=DIRECTION('ref_axis',(0.,1.,0.));
#8406=DIRECTION('',(0.,0.,1.));
#8407=DIRECTION('',(0.,0.707106781202565,0.70710678117053));
#8408=DIRECTION('',(0.,0.,1.));
#8409=DIRECTION('',(0.,-0.707106781154512,0.707106781218584));
#8410=DIRECTION('',(0.,-1.,0.));
#8411=DIRECTION('',(0.,1.,0.));
#8412=DIRECTION('',(0.,-0.707106781154513,0.707106781218582));
#8413=DIRECTION('center_axis',(-1.,0.,0.));
#8414=DIRECTION('ref_axis',(0.,0.707106781154519,-0.707106781218576));
#8415=DIRECTION('',(0.,0.,-1.));
#8416=DIRECTION('',(0.,0.707856234873912,-0.706356532319288));
#8417=DIRECTION('center_axis',(0.344374730964957,0.596474530839329,-0.724999433608617));
#8418=DIRECTION('ref_axis',(-0.903277504353873,0.,-0.429056814569166));
#8419=DIRECTION('',(0.255165194346832,0.683699759995348,0.683699759965036));
#8420=DIRECTION('',(0.866025403783715,-0.500000000001254,2.26523163068202E-11));
#8421=DIRECTION('',(-0.362499716805765,-0.627867927233551,-0.688749461899742));
#8422=DIRECTION('',(-0.866025403783715,0.500000000001254,-2.26523163068202E-11));
#8423=DIRECTION('center_axis',(-0.500000000002008,-0.86602540378328,0.));
#8424=DIRECTION('ref_axis',(0.86602540378328,-0.500000000002008,2.26523163068543E-11));
#8425=DIRECTION('',(0.612372435607908,-0.353553390544425,0.707106781287084));
#8426=DIRECTION('',(0.86602540378328,-0.500000000002008,2.26523163068543E-11));
#8427=DIRECTION('',(0.612372435674951,-0.353553390583132,-0.707106781209669));
#8428=DIRECTION('',(0.,0.,1.));
#8429=DIRECTION('',(0.668775395216626,-0.386117654457784,0.635336625474138));
#8430=DIRECTION('',(-0.866025403783715,0.500000000001254,-2.26523163068202E-11));
#8431=DIRECTION('',(0.,0.,1.));
#8432=DIRECTION('center_axis',(0.688749461914693,-3.44431524193058E-11,
-0.724999433594414));
#8433=DIRECTION('ref_axis',(-0.724999433594414,0.,-0.688749461914693));
#8434=DIRECTION('',(0.668775395233182,0.386117654463595,0.635336625453179));
#8435=DIRECTION('center_axis',(-0.688749461914693,3.44431524193058E-11,
0.724999433594414));
#8436=DIRECTION('ref_axis',(0.724999433594414,-3.62558907753773E-11,0.688749461914693));
#8437=DIRECTION('',(-2.31915888668048E-12,-1.,4.53046326135267E-11));
#8438=DIRECTION('',(-0.724999433594414,3.3564791369231E-13,-0.688749461914693));
#8439=DIRECTION('',(2.31915888668048E-12,1.,-4.53046326135267E-11));
#8440=DIRECTION('',(0.451638752185961,0.782261265448524,0.429056814539499));
#8441=DIRECTION('center_axis',(-1.,2.29701315439715E-15,0.));
#8442=DIRECTION('ref_axis',(-2.29701315439715E-15,-1.,4.53046326135267E-11));
#8443=DIRECTION('',(-1.62423357794892E-15,-0.707106781186547,0.707106781186548));
#8444=DIRECTION('',(-2.29701315439715E-15,-1.,4.53046326135267E-11));
#8445=DIRECTION('',(-1.62423357830458E-15,-0.707106781341383,-0.707106781031712));
#8446=DIRECTION('',(0.,0.,1.));
#8447=DIRECTION('',(2.31915888668048E-12,1.,-4.53046326135267E-11));
#8448=DIRECTION('',(0.,0.,1.));
#8449=DIRECTION('center_axis',(-1.,2.29701315439715E-15,0.));
#8450=DIRECTION('ref_axis',(-2.29701315439715E-15,-1.,4.53046326135267E-11));
#8451=DIRECTION('',(0.,0.,-1.));
#8452=DIRECTION('',(1.95047609906595E-12,1.,-4.53046326135267E-11));
#8453=DIRECTION('',(0.,0.,1.));
#8454=DIRECTION('',(-1.95047609906595E-12,-1.,4.56548812617605E-11));
#8455=DIRECTION('center_axis',(-6.1062266354861E-13,-1.,0.));
#8456=DIRECTION('ref_axis',(1.,-6.1062266354861E-13,2.76633191454088E-23));
#8457=DIRECTION('',(0.498471124257595,-3.04377765596243E-13,-0.866906303057815));
#8458=DIRECTION('',(-1.,3.10655205263571E-12,0.));
#8459=DIRECTION('',(0.707106781186548,-4.31775426141413E-13,-0.707106781186548));
#8460=DIRECTION('',(-0.707106781186548,4.31775426141414E-13,0.707106781186547));
#8461=DIRECTION('',(1.,-3.10655205263571E-12,1.40740483147304E-22));
#8462=DIRECTION('center_axis',(-0.707106781186547,-3.203521294019E-11,-0.707106781186548));
#8463=DIRECTION('ref_axis',(-0.707106781186548,0.,0.707106781186547));
#8464=DIRECTION('',(0.707106781186548,1.67323558511486E-16,-0.707106781186547));
#8465=DIRECTION('',(0.,-1.,4.53046326135267E-11));
#8466=DIRECTION('center_axis',(-1.,2.29701315439715E-15,0.));
#8467=DIRECTION('ref_axis',(-2.29701315439715E-15,-1.,4.53046326135267E-11));
#8468=DIRECTION('',(0.,0.,1.));
#8469=DIRECTION('',(1.95047609906595E-12,1.,-4.53046326135267E-11));
#8470=DIRECTION('',(0.,0.,-1.));
#8471=DIRECTION('',(2.29701315439715E-15,1.,0.));
#8472=DIRECTION('center_axis',(-0.707106781186547,-3.203521294019E-11,-0.707106781186548));
#8473=DIRECTION('ref_axis',(-0.707106781186548,0.,0.707106781186547));
#8474=DIRECTION('',(-0.707106781186548,2.29063622868784E-16,0.707106781186547));
#8475=DIRECTION('',(0.707106781186548,-3.27364277632973E-13,-0.707106781186547));
#8476=DIRECTION('',(0.,-1.,4.53046326135267E-11));
#8477=DIRECTION('center_axis',(-1.,2.29701315439715E-15,0.));
#8478=DIRECTION('ref_axis',(-2.29701315439715E-15,-1.,4.53046326135267E-11));
#8479=DIRECTION('',(0.,0.,-1.));
#8480=DIRECTION('',(-4.06353091694953E-12,-1.,4.36474791847711E-11));
#8481=DIRECTION('',(0.,0.,1.));
#8482=DIRECTION('',(1.95047609906595E-12,1.,-4.53046326135267E-11));
#8483=DIRECTION('center_axis',(0.,0.,-1.));
#8484=DIRECTION('ref_axis',(0.707106781187966,0.707106781185129,0.));
#8485=DIRECTION('',(0.,0.,-1.));
#8486=DIRECTION('center_axis',(-7.1629215410285E-28,-4.53046326135267E-11,
-1.));
#8487=DIRECTION('ref_axis',(0.707106781187966,0.707106781185129,0.));
#8488=DIRECTION('center_axis',(-0.394493686928351,1.5809180768229E-12,-0.918898651089268));
#8489=DIRECTION('ref_axis',(0.918898651089268,-3.6884356048723E-12,-0.394493686928351));
#8490=DIRECTION('center_axis',(-4.01071768394009E-12,-1.,0.));
#8491=DIRECTION('ref_axis',(1.,-4.01071768394009E-12,1.81703374895326E-22));
#8492=DIRECTION('',(-0.724999433594414,2.90776804916366E-12,-0.688749461914693));
#8493=DIRECTION('',(1.,-4.01071768394009E-12,1.81703374895326E-22));
#8494=DIRECTION('',(0.,0.,1.));
#8495=DIRECTION('',(1.,-4.01071768394009E-12,1.81703374895326E-22));
#8496=DIRECTION('center_axis',(0.,0.,1.));
#8497=DIRECTION('ref_axis',(-0.707106781188672,-0.707106781184423,0.));
#8498=DIRECTION('center_axis',(0.,0.,-1.));
#8499=DIRECTION('ref_axis',(-0.707106781188672,-0.707106781184423,0.));
#8500=DIRECTION('',(0.,0.,-1.));
#8501=DIRECTION('center_axis',(7.1629215410285E-28,4.53046326135267E-11,
1.));
#8502=DIRECTION('ref_axis',(-0.707106781188672,-0.707106781184423,0.));
#8503=DIRECTION('center_axis',(-1.,1.98815323179028E-12,0.));
#8504=DIRECTION('ref_axis',(-1.98815323179028E-12,-1.,4.53046326135267E-11));
#8505=DIRECTION('',(0.,0.,1.));
#8506=DIRECTION('',(-1.98815323179028E-12,-1.,4.53046326135267E-11));
#8507=DIRECTION('',(-1.98815323179028E-12,-1.,4.53046326135267E-11));
#8508=DIRECTION('',(0.,0.,-1.));
#8509=DIRECTION('',(1.98815323179028E-12,1.,0.));
#8510=DIRECTION('',(0.,0.,1.));
#8511=DIRECTION('',(-1.98815323179028E-12,-1.,4.53046326135267E-11));
#8512=DIRECTION('center_axis',(0.,0.,1.));
#8513=DIRECTION('ref_axis',(-0.707106781183479,0.707106781189616,0.));
#8514=DIRECTION('center_axis',(0.,0.,-1.));
#8515=DIRECTION('ref_axis',(-0.707106781183479,0.707106781189616,0.));
#8516=DIRECTION('',(0.,0.,-1.));
#8517=DIRECTION('center_axis',(7.1629215410285E-28,4.53046326135267E-11,
1.));
#8518=DIRECTION('ref_axis',(-0.707106781183479,0.707106781189616,0.));
#8519=DIRECTION('center_axis',(6.70367465250581E-12,1.,0.));
#8520=DIRECTION('ref_axis',(-1.,6.70367465250581E-12,-3.03706801000233E-22));
#8521=DIRECTION('',(0.,0.,1.));
#8522=DIRECTION('',(-1.,6.70367465250581E-12,-3.03706801000233E-22));
#8523=DIRECTION('',(-1.,6.70367465250581E-12,-3.03706801000233E-22));
#8524=DIRECTION('',(0.724999433594414,-4.86016032606794E-12,0.688749461914693));
#8525=DIRECTION('center_axis',(0.,0.,1.));
#8526=DIRECTION('ref_axis',(0.707106781184175,-0.70710678118892,0.));
#8527=DIRECTION('',(0.,0.,-1.));
#8528=DIRECTION('center_axis',(-7.1629215410285E-28,-4.53046326135267E-11,
-1.));
#8529=DIRECTION('ref_axis',(0.707106781184175,-0.70710678118892,0.));
#8530=DIRECTION('center_axis',(0.394493686901579,-2.64327259989862E-12,
0.918898651100762));
#8531=DIRECTION('ref_axis',(0.918898651100762,-6.15700506037355E-12,-0.394493686901579));
#8532=DIRECTION('center_axis',(-1.,2.29701315439715E-15,0.));
#8533=DIRECTION('ref_axis',(-2.29701315439715E-15,-1.,4.53046326135267E-11));
#8534=DIRECTION('',(-4.06353091694953E-12,-1.,4.36474791847711E-11));
#8535=DIRECTION('',(0.,0.,1.));
#8536=DIRECTION('',(1.95047609906595E-12,1.,-4.53046326135267E-11));
#8537=DIRECTION('center_axis',(-0.500000000002008,-0.86602540378328,0.));
#8538=DIRECTION('ref_axis',(0.86602540378328,-0.500000000002008,2.26523163068543E-11));
#8539=DIRECTION('',(0.,0.,-1.));
#8540=DIRECTION('',(-0.866025403783281,0.500000000002005,0.));
#8541=DIRECTION('',(0.,0.,1.));
#8542=DIRECTION('',(-0.86602540378328,0.500000000002008,0.));
#8543=DIRECTION('',(0.,0.,-1.));
#8544=DIRECTION('',(-0.866025403783298,0.500000000001976,-2.26523163068529E-11));
#8545=DIRECTION('',(-0.668775395216627,0.386117654457782,-0.635336625474138));
#8546=DIRECTION('center_axis',(-0.0650601231070898,-0.997881345842927,0.));
#8547=DIRECTION('ref_axis',(-0.997881345842927,0.0650601231070898,0.));
#8548=DIRECTION('',(0.997881345842927,-0.0650601231070898,0.));
#8549=DIRECTION('',(-0.995776100962533,0.0649228648131458,-0.0649228648190283));
#8550=DIRECTION('',(0.,0.,1.));
#8551=DIRECTION('',(0.995776100962533,-0.0649228648131458,0.0649228648190286));
#8552=DIRECTION('',(-0.997881345842927,0.0650601231070898,0.));
#8553=DIRECTION('center_axis',(2.59902908548189E-12,1.,0.));
#8554=DIRECTION('ref_axis',(-1.,2.59902908548189E-12,0.));
#8555=DIRECTION('',(-1.,2.59902908548189E-12,-1.17747341577474E-22));
#8556=DIRECTION('',(1.,-2.59902908548189E-12,-1.77718859327673E-17));
#8557=DIRECTION('center_axis',(0.065060123088972,-0.997881345844108,0.));
#8558=DIRECTION('ref_axis',(-0.997881345844108,-0.065060123088972,0.));
#8559=DIRECTION('',(0.997881345844108,0.065060123088972,0.));
#8560=DIRECTION('',(0.,0.,-1.));
#8561=DIRECTION('',(-0.997881345844108,-0.065060123088972,0.));
#8562=DIRECTION('',(0.99577610096488,0.0649228647951424,-0.0649228648010251));
#8563=DIRECTION('',(0.,0.,-1.));
#8564=DIRECTION('',(-0.99577610096488,-0.0649228647951424,0.0649228648010249));
#8565=DIRECTION('center_axis',(0.500000000002005,-0.866025403783281,0.));
#8566=DIRECTION('ref_axis',(0.866025403783281,0.500000000002005,-2.26523163068542E-11));
#8567=DIRECTION('',(0.,0.,-1.));
#8568=DIRECTION('',(0.86602540378328,0.500000000002006,0.));
#8569=DIRECTION('',(0.,0.,1.));
#8570=DIRECTION('',(-0.668775395216846,-0.38611765445791,0.63533662547383));
#8571=DIRECTION('',(0.,0.,1.));
#8572=DIRECTION('',(-0.866025403785797,-0.499999999997647,2.26523163066568E-11));
#8573=DIRECTION('',(-0.866025403783281,-0.500000000002005,0.));
#8574=DIRECTION('center_axis',(1.,0.,0.));
#8575=DIRECTION('ref_axis',(0.,1.,-4.53046326135267E-11));
#8576=DIRECTION('',(0.,0.,1.));
#8577=DIRECTION('',(2.51915021994905E-12,-1.,4.53046326135267E-11));
#8578=DIRECTION('',(1.62227323877642E-13,1.,-4.63220129278566E-11));
#8579=DIRECTION('center_axis',(0.,0.,-1.));
#8580=DIRECTION('ref_axis',(-0.707106781184219,-0.707106781188876,0.));
#8581=DIRECTION('',(0.,0.,-1.));
#8582=DIRECTION('center_axis',(-7.1629215410285E-28,-4.53046326135267E-11,
-1.));
#8583=DIRECTION('ref_axis',(-0.707106781184219,-0.707106781188876,0.));
#8584=DIRECTION('center_axis',(0.394493686950944,2.5991246220177E-12,-0.918898651079569));
#8585=DIRECTION('ref_axis',(-0.918898651079569,-6.05417067045623E-12,-0.394493686950944));
#8586=DIRECTION('center_axis',(-6.58850751741661E-12,1.,0.));
#8587=DIRECTION('ref_axis',(-1.,-6.58850751741661E-12,2.98490628840173E-22));
#8588=DIRECTION('',(0.724999433594414,4.77666421835958E-12,-0.688749461914693));
#8589=DIRECTION('',(-1.,-6.58850751741661E-12,2.98490628840173E-22));
#8590=DIRECTION('',(0.,0.,1.));
#8591=DIRECTION('',(-1.,-6.58850751741661E-12,2.98490628840173E-22));
#8592=DIRECTION('center_axis',(0.,0.,1.));
#8593=DIRECTION('ref_axis',(0.707106781183516,0.707106781189579,0.));
#8594=DIRECTION('center_axis',(0.,0.,-1.));
#8595=DIRECTION('ref_axis',(0.707106781183516,0.707106781189579,0.));
#8596=DIRECTION('',(0.,0.,-1.));
#8597=DIRECTION('center_axis',(7.1629215410285E-28,4.53046326135267E-11,
1.));
#8598=DIRECTION('ref_axis',(0.707106781183516,0.707106781189579,0.));
#8599=DIRECTION('center_axis',(1.,1.98601818751216E-12,0.));
#8600=DIRECTION('ref_axis',(-1.98601818751216E-12,1.,-4.53046326135267E-11));
#8601=DIRECTION('',(0.,0.,1.));
#8602=DIRECTION('',(-1.98601818751216E-12,1.,-4.53046326135267E-11));
#8603=DIRECTION('',(-1.98601818751216E-12,1.,-4.53046326135267E-11));
#8604=DIRECTION('',(0.,0.,-1.));
#8605=DIRECTION('',(1.98601818751216E-12,-1.,0.));
#8606=DIRECTION('',(0.,0.,1.));
#8607=DIRECTION('',(-1.98601818751216E-12,1.,-4.53046326135267E-11));
#8608=DIRECTION('center_axis',(0.,0.,1.));
#8609=DIRECTION('ref_axis',(0.707106781187448,-0.707106781185647,0.));
#8610=DIRECTION('center_axis',(0.,0.,-1.));
#8611=DIRECTION('ref_axis',(0.707106781187448,-0.707106781185647,0.));
#8612=DIRECTION('',(0.,0.,-1.));
#8613=DIRECTION('center_axis',(7.1629215410285E-28,4.53046326135267E-11,
1.));
#8614=DIRECTION('ref_axis',(0.707106781187448,-0.707106781185647,0.));
#8615=DIRECTION('center_axis',(5.55407571792397E-13,-1.,0.));
#8616=DIRECTION('ref_axis',(1.,5.55407571792397E-13,-2.51632522829796E-23));
#8617=DIRECTION('',(0.,0.,1.));
#8618=DIRECTION('',(1.,5.55407571792397E-13,-2.51632522829796E-23));
#8619=DIRECTION('',(1.,5.55407571792397E-13,-2.51632522829796E-23));
#8620=DIRECTION('',(-0.724999433594414,-4.02670174963536E-13,0.688749461914693));
#8621=DIRECTION('center_axis',(0.,0.,1.));
#8622=DIRECTION('ref_axis',(-0.707106781186744,0.707106781186352,0.));
#8623=DIRECTION('',(0.,0.,-1.));
#8624=DIRECTION('center_axis',(-7.1629215410285E-28,-4.53046326135267E-11,
-1.));
#8625=DIRECTION('ref_axis',(-0.707106781186744,0.707106781186352,0.));
#8626=DIRECTION('center_axis',(-0.394493686949876,-2.19338367939968E-13,
0.918898651080027));
#8627=DIRECTION('ref_axis',(-0.918898651080027,-5.10907365814804E-13,-0.394493686949876));
#8628=DIRECTION('center_axis',(-2.33146835169435E-14,1.,0.));
#8629=DIRECTION('ref_axis',(-1.,-2.33146835169435E-14,1.05697946338988E-24));
#8630=DIRECTION('',(0.,0.,-1.));
#8631=DIRECTION('',(1.,0.,0.));
#8632=DIRECTION('',(0.707106781808336,1.64859708305458E-14,-0.707106780564759));
#8633=DIRECTION('',(-1.,-2.33146835169435E-14,-8.79339702040602E-10));
#8634=DIRECTION('',(0.70710678056476,1.64859708015522E-14,0.707106781808335));
#8635=DIRECTION('',(-0.707106781186546,-1.6485970816049E-14,-0.707106781186549));
#8636=DIRECTION('',(0.707106781186547,1.6485970816049E-14,0.707106781186548));
#8637=DIRECTION('',(-1.,0.,7.16292154102849E-28));
#8638=DIRECTION('',(0.,0.,-1.));
#8639=DIRECTION('',(0.724999433594414,1.69031323442171E-14,-0.688749461914693));
#8640=DIRECTION('center_axis',(0.707106781186548,-3.203521294019E-11,-0.707106781186547));
#8641=DIRECTION('ref_axis',(-0.707106781186547,0.,-0.707106781186548));
#8642=DIRECTION('',(-0.707106781186547,-1.14047278487427E-16,-0.707106781186548));
#8643=DIRECTION('',(0.,1.,-4.53046326135267E-11));
#8644=DIRECTION('center_axis',(1.,0.,0.));
#8645=DIRECTION('ref_axis',(0.,1.,-4.53046326135267E-11));
#8646=DIRECTION('',(0.,0.,1.));
#8647=DIRECTION('',(2.51915021994905E-12,-1.,4.53046326135267E-11));
#8648=DIRECTION('',(0.,0.,-1.));
#8649=DIRECTION('',(0.,-1.,0.));
#8650=DIRECTION('center_axis',(0.707106781186548,-3.203521294019E-11,-0.707106781186547));
#8651=DIRECTION('ref_axis',(-0.707106781186547,0.,-0.707106781186548));
#8652=DIRECTION('',(0.707106781186547,-1.12149461334555E-16,0.707106781186548));
#8653=DIRECTION('',(-0.707106781186547,-4.69457645150118E-13,-0.707106781186548));
#8654=DIRECTION('',(0.,1.,-4.53046326135267E-11));
#8655=DIRECTION('center_axis',(6.63913368731033E-13,-1.,0.));
#8656=DIRECTION('ref_axis',(1.,6.63913368731033E-13,-3.00790675497225E-23));
#8657=DIRECTION('',(0.498471124257595,3.30941643321006E-13,0.866906303057815));
#8658=DIRECTION('',(1.,0.,-7.16292154102849E-28));
#8659=DIRECTION('',(0.707106781186546,4.69457645150117E-13,0.707106781186549));
#8660=DIRECTION('',(-0.70710678056476,-4.69457644737305E-13,-0.707106781808335));
#8661=DIRECTION('',(1.,6.63913368731033E-13,8.79339702040602E-10));
#8662=DIRECTION('',(-0.707106781808336,-4.69457645562932E-13,0.707106780564759));
#8663=DIRECTION('',(-1.,-6.63913368731033E-13,0.));
#8664=DIRECTION('center_axis',(3.54087129991315E-13,1.,0.));
#8665=DIRECTION('ref_axis',(-1.,3.54087129991315E-13,-1.60410710452805E-23));
#8666=DIRECTION('',(0.429056814622336,-1.51923496092838E-13,0.903277504328617));
#8667=DIRECTION('',(-1.,3.54087129991315E-13,-1.60410710452805E-23));
#8668=DIRECTION('',(0.498471124257595,-1.76502209771916E-13,0.866906303057815));
#8669=DIRECTION('',(0.,0.,1.));
#8670=DIRECTION('center_axis',(1.,0.,0.));
#8671=DIRECTION('ref_axis',(0.,1.,-4.53046326135267E-11));
#8672=DIRECTION('',(0.,0.707106781341383,0.707106781031712));
#8673=DIRECTION('',(0.,1.,-4.53046326135267E-11));
#8674=DIRECTION('',(0.,0.707106781186547,-0.707106781186548));
#8675=DIRECTION('',(0.,0.,1.));
#8676=DIRECTION('',(9.08699322785387E-13,-1.,4.53046326135267E-11));
#8677=DIRECTION('',(0.,0.,1.));
#8678=DIRECTION('center_axis',(-0.688749461914693,-3.34716991536206E-11,
-0.724999433594414));
#8679=DIRECTION('ref_axis',(-0.724999433594414,0.,0.688749461914693));
#8680=DIRECTION('',(0.668775395232897,-0.386117654463683,-0.635336625453426));
#8681=DIRECTION('',(0.451638752185808,-0.782261265448117,-0.429056814540402));
#8682=DIRECTION('',(0.668775395216846,0.386117654457909,-0.63533662547383));
#8683=DIRECTION('',(9.08699322785387E-13,-1.,4.53046326135267E-11));
#8684=DIRECTION('',(-0.724999433594414,-1.69031323442171E-14,0.688749461914693));
#8685=DIRECTION('',(-9.08699322785387E-13,1.,-4.53046326135267E-11));
#8686=DIRECTION('center_axis',(0.688749461914693,3.34716991536206E-11,0.724999433594414));
#8687=DIRECTION('ref_axis',(-0.724999433594414,-3.52334927418633E-11,0.688749461914693));
#8688=DIRECTION('center_axis',(0.500000000002005,-0.866025403783281,0.));
#8689=DIRECTION('ref_axis',(0.866025403783281,0.500000000002005,-2.26523163068542E-11));
#8690=DIRECTION('',(0.612372435674954,0.353553390583132,-0.707106781209667));
#8691=DIRECTION('',(0.,0.,1.));
#8692=DIRECTION('',(-0.866025403783289,-0.500000000001991,2.26523163068536E-11));
#8693=DIRECTION('',(0.,0.,1.));
#8694=DIRECTION('',(0.612372435742,0.35355339062184,0.70710678113225));
#8695=DIRECTION('',(0.866025403783281,0.500000000002005,-2.26523163068542E-11));
#8696=DIRECTION('center_axis',(-0.344374730965464,0.596474530839035,-0.724999433608618));
#8697=DIRECTION('ref_axis',(-0.903277504353628,0.,0.429056814569681));
#8698=DIRECTION('',(-0.866025403783289,-0.500000000001991,2.26523163068536E-11));
#8699=DIRECTION('',(-0.362499716805775,0.627867927233547,0.688749461899741));
#8700=DIRECTION('',(0.866025403783289,0.500000000001991,-2.26523163068536E-11));
#8701=DIRECTION('',(-0.255165194344651,0.683699759996418,0.68369975996478));
#8702=DIRECTION('center_axis',(1.83777852418263E-12,0.70710678117053,-0.707106781202565));
#8703=DIRECTION('ref_axis',(-1.,0.,-2.59901131347821E-12));
#8704=DIRECTION('',(-1.,2.59901131347821E-12,-1.17746536423376E-22));
#8705=DIRECTION('',(0.77459666924616,0.447213595505032,0.447213595486784));
#8706=DIRECTION('center_axis',(-1.83777852418263E-12,-0.70710678117053,
0.707106781202565));
#8707=DIRECTION('ref_axis',(1.83775397061952E-12,0.707106781202565,0.70710678117053));
#8708=DIRECTION('',(1.,-2.59901131347821E-12,1.17746536423376E-22));
#8709=DIRECTION('center_axis',(-1.83777852418263E-12,-0.70710678117053,
0.707106781202565));
#8710=DIRECTION('ref_axis',(1.83779322293099E-12,0.707106781202565,0.70710678117053));
#8711=DIRECTION('',(0.774596669248164,-0.44721359550531,-0.447213595483036));
#8712=DIRECTION('center_axis',(0.,0.,1.));
#8713=DIRECTION('ref_axis',(1.,0.,0.));
#8714=DIRECTION('center_axis',(7.1629215410285E-28,4.53046326135267E-11,
1.));
#8715=DIRECTION('ref_axis',(1.,0.,0.));
#8716=DIRECTION('',(0.,0.,1.));
#8717=DIRECTION('center_axis',(0.,0.,1.));
#8718=DIRECTION('ref_axis',(1.,0.,0.));
#8719=DIRECTION('center_axis',(0.,0.,1.));
#8720=DIRECTION('ref_axis',(1.,0.,0.));
#8721=DIRECTION('center_axis',(7.1629215410285E-28,4.53046326135267E-11,
1.));
#8722=DIRECTION('ref_axis',(1.,0.,0.));
#8723=DIRECTION('',(0.,0.,1.));
#8724=DIRECTION('center_axis',(0.,0.,1.));
#8725=DIRECTION('ref_axis',(1.,0.,0.));
#8726=DIRECTION('center_axis',(0.,0.,1.));
#8727=DIRECTION('ref_axis',(1.,0.,0.));
#8728=DIRECTION('center_axis',(7.1629215410285E-28,4.53046326135267E-11,
1.));
#8729=DIRECTION('ref_axis',(1.,0.,0.));
#8730=DIRECTION('',(0.,0.,1.));
#8731=DIRECTION('center_axis',(0.,0.,1.));
#8732=DIRECTION('ref_axis',(1.,0.,0.));
#8733=DIRECTION('center_axis',(0.,0.,1.));
#8734=DIRECTION('ref_axis',(1.,0.,0.));
#8735=DIRECTION('center_axis',(7.1629215410285E-28,4.53046326135267E-11,
1.));
#8736=DIRECTION('ref_axis',(1.,0.,0.));
#8737=DIRECTION('',(0.,0.,1.));
#8738=DIRECTION('center_axis',(0.,0.,1.));
#8739=DIRECTION('ref_axis',(1.,0.,0.));
#8740=DIRECTION('center_axis',(0.,-0.707106781218584,-0.707106781154512));
#8741=DIRECTION('ref_axis',(-2.27213567282641E-16,-0.707106781154512,0.707106781218584));
#8742=DIRECTION('',(-2.27213567282641E-16,-0.707106781154512,0.707106781218584));
#8743=DIRECTION('center_axis',(0.,-0.707106781218584,-0.707106781154512));
#8744=DIRECTION('ref_axis',(7.35980839974676E-17,0.707106781154512,-0.707106781218584));
#8745=DIRECTION('',(0.377964472994549,-0.654653670682555,0.654653670741874));
#8746=DIRECTION('center_axis',(-1.,0.,0.));
#8747=DIRECTION('ref_axis',(0.,1.,0.));
#8748=DIRECTION('',(0.,0.,1.));
#8749=DIRECTION('',(0.,1.,0.));
#8750=DIRECTION('',(2.27213567282642E-16,0.707106781154513,-0.707106781218582));
#8751=DIRECTION('',(0.,0.,1.));
#8752=DIRECTION('',(0.,1.,0.));
#8753=DIRECTION('',(0.,1.,0.));
#8754=DIRECTION('',(0.,-1.,0.));
#8755=DIRECTION('center_axis',(0.,0.707106781218582,0.707106781154513));
#8756=DIRECTION('ref_axis',(2.27213567282642E-16,0.707106781154513,-0.707106781218582));
#8757=DIRECTION('',(0.99577610096488,0.0649228647951424,-0.0649228648010249));
#8758=DIRECTION('center_axis',(0.,0.707106781218582,0.707106781154513));
#8759=DIRECTION('ref_axis',(7.35980839974677E-17,0.707106781154513,-0.707106781218582));
#8760=DIRECTION('',(-1.,0.,0.));
#8761=DIRECTION('center_axis',(0.,0.,-1.));
#8762=DIRECTION('ref_axis',(-1.,0.,0.));
#8763=DIRECTION('',(-0.997881345844108,-0.065060123088972,0.));
#8764=DIRECTION('center_axis',(0.,0.,-1.));
#8765=DIRECTION('ref_axis',(0.965925826288772,0.258819045103627,0.));
#8766=DIRECTION('center_axis',(0.0460044542210437,-0.705608666465928,-0.707106781186546));
#8767=DIRECTION('ref_axis',(-0.997890285365475,0.,-0.0649228647951674));
#8768=DIRECTION('',(-0.372253462313002,0.644761910016132,-0.667614738594297));
#8769=DIRECTION('center_axis',(0.0460044542210437,-0.705608666465928,-0.707106781186546));
#8770=DIRECTION('ref_axis',(-0.0460044542210435,0.705608666465926,-0.707106781186549));
#8771=DIRECTION('center_axis',(-0.99577610096488,-0.0649228647951424,0.0649228648010249));
#8772=DIRECTION('ref_axis',(-0.0847885820325831,0.378947377520761,-0.921525789887099));
#8773=DIRECTION('center_axis',(-0.866025403784439,-0.5,0.));
#8774=DIRECTION('ref_axis',(-0.49468401754019,0.856817852071903,0.145433459565492));
#8775=DIRECTION('center_axis',(0.,0.,1.));
#8776=DIRECTION('ref_axis',(-0.707106781185628,0.707106781187467,0.));
#8777=DIRECTION('center_axis',(-1.83777852418263E-12,-0.70710678117053,
0.707106781202565));
#8778=DIRECTION('ref_axis',(1.83783247524246E-12,0.707106781202565,0.70710678117053));
#8779=DIRECTION('',(0.,0.,1.));
#8780=DIRECTION('center_axis',(0.,0.,1.));
#8781=DIRECTION('ref_axis',(-0.707106781185628,0.707106781187467,0.));
#8782=DIRECTION('center_axis',(1.83777852418263E-12,0.70710678117053,-0.707106781202565));
#8783=DIRECTION('ref_axis',(-1.,0.,-2.59901131347821E-12));
#8784=DIRECTION('center_axis',(-1.83777852418263E-12,-0.70710678117053,
0.707106781202565));
#8785=DIRECTION('ref_axis',(1.83783247524246E-12,0.707106781202565,0.70710678117053));
#8786=DIRECTION('',(-1.,2.59901131359596E-12,0.));
#8787=DIRECTION('center_axis',(0.,0.,1.));
#8788=DIRECTION('ref_axis',(-1.,0.,0.));
#8789=DIRECTION('center_axis',(0.,0.,1.));
#8790=DIRECTION('ref_axis',(-1.,0.,0.));
#8791=DIRECTION('',(0.,0.,-1.));
#8792=DIRECTION('center_axis',(0.,0.,-1.));
#8793=DIRECTION('ref_axis',(-1.,0.,0.));
#8794=DIRECTION('center_axis',(0.,0.,1.));
#8795=DIRECTION('ref_axis',(-1.,0.,0.));
#8796=DIRECTION('center_axis',(0.,0.,1.));
#8797=DIRECTION('ref_axis',(-1.,0.,0.));
#8798=DIRECTION('',(0.,0.,-1.));
#8799=DIRECTION('center_axis',(0.,0.,-1.));
#8800=DIRECTION('ref_axis',(-1.,0.,0.));
#8801=DIRECTION('center_axis',(0.,0.,-1.));
#8802=DIRECTION('ref_axis',(-1.,0.,0.));
#8803=DIRECTION('center_axis',(0.,0.,-1.));
#8804=DIRECTION('ref_axis',(-1.,0.,0.));
#8805=DIRECTION('',(0.,0.,-1.));
#8806=DIRECTION('center_axis',(0.,0.,-1.));
#8807=DIRECTION('ref_axis',(-1.,0.,0.));
#8808=DIRECTION('center_axis',(0.,0.,-1.));
#8809=DIRECTION('ref_axis',(-1.,0.,0.));
#8810=DIRECTION('center_axis',(0.,0.,-1.));
#8811=DIRECTION('ref_axis',(-1.,0.,0.));
#8812=DIRECTION('',(0.,0.,-1.));
#8813=DIRECTION('center_axis',(0.,0.,-1.));
#8814=DIRECTION('ref_axis',(-1.,0.,0.));
#8815=DIRECTION('center_axis',(0.,0.,-1.));
#8816=DIRECTION('ref_axis',(-1.,0.,0.));
#8817=DIRECTION('center_axis',(0.,0.,-1.));
#8818=DIRECTION('ref_axis',(-1.,0.,0.));
#8819=DIRECTION('',(0.,0.,-1.));
#8820=DIRECTION('center_axis',(0.,0.,-1.));
#8821=DIRECTION('ref_axis',(-1.,0.,0.));
#8822=DIRECTION('center_axis',(0.,0.,-1.));
#8823=DIRECTION('ref_axis',(-1.,0.,0.));
#8824=DIRECTION('center_axis',(0.,0.,-1.));
#8825=DIRECTION('ref_axis',(-1.,0.,0.));
#8826=DIRECTION('',(0.,0.,-1.));
#8827=DIRECTION('center_axis',(0.,0.,-1.));
#8828=DIRECTION('ref_axis',(-1.,0.,0.));
#8829=DIRECTION('center_axis',(0.,0.,1.));
#8830=DIRECTION('ref_axis',(-1.,0.,0.));
#8831=DIRECTION('center_axis',(0.,0.,1.));
#8832=DIRECTION('ref_axis',(-1.,0.,0.));
#8833=DIRECTION('',(0.,0.,-1.));
#8834=DIRECTION('center_axis',(0.,0.,-1.));
#8835=DIRECTION('ref_axis',(-1.,0.,0.));
#8836=DIRECTION('center_axis',(0.,0.,1.));
#8837=DIRECTION('ref_axis',(-1.,0.,0.));
#8838=DIRECTION('center_axis',(0.,0.,1.));
#8839=DIRECTION('ref_axis',(-1.,0.,0.));
#8840=DIRECTION('',(0.,0.,-1.));
#8841=DIRECTION('center_axis',(0.,0.,-1.));
#8842=DIRECTION('ref_axis',(-1.,0.,0.));
#8843=DIRECTION('center_axis',(0.,-1.,0.));
#8844=DIRECTION('ref_axis',(1.,0.,0.));
#8845=DIRECTION('',(0.,0.,-1.));
#8846=DIRECTION('',(-1.,0.,-5.07530525542163E-15));
#8847=DIRECTION('',(0.,0.,1.));
#8848=DIRECTION('',(-1.,-6.63913368731033E-13,0.));
#8849=DIRECTION('center_axis',(0.967719296295063,0.252030481446568,0.));
#8850=DIRECTION('ref_axis',(0.252030481446568,-0.967719296295063,0.));
#8851=DIRECTION('',(0.,0.,-1.));
#8852=DIRECTION('',(0.252030481446568,-0.967719296295063,0.));
#8853=DIRECTION('',(0.,0.,1.));
#8854=DIRECTION('',(-0.252030481446376,0.967719296295113,0.));
#8855=DIRECTION('center_axis',(0.,0.,1.));
#8856=DIRECTION('ref_axis',(-0.866025403785245,0.499999999998604,0.));
#8857=DIRECTION('center_axis',(0.688749461914693,3.34716991536206E-11,0.724999433594414));
#8858=DIRECTION('ref_axis',(-0.724999433594414,-3.52333720052037E-11,0.688749461914693));
#8859=DIRECTION('center_axis',(0.,0.,1.));
#8860=DIRECTION('ref_axis',(-0.866025403785245,0.499999999998604,0.));
#8861=DIRECTION('',(0.,0.,-1.));
#8862=DIRECTION('center_axis',(0.,0.,-1.));
#8863=DIRECTION('ref_axis',(0.866025403785244,-0.499999999998604,0.));
#8864=DIRECTION('center_axis',(0.,0.,-1.));
#8865=DIRECTION('ref_axis',(0.866025403785244,-0.499999999998604,0.));
#8866=DIRECTION('center_axis',(0.,0.,-1.));
#8867=DIRECTION('ref_axis',(0.866025403785244,-0.499999999998604,0.));
#8868=DIRECTION('',(0.,0.,1.));
#8869=DIRECTION('center_axis',(1.,9.07638387974311E-13,0.));
#8870=DIRECTION('ref_axis',(9.07638387974311E-13,-1.,0.));
#8871=DIRECTION('',(0.,0.,-1.));
#8872=DIRECTION('',(-9.07638387974311E-13,1.,0.));
#8873=DIRECTION('',(9.07638387974311E-13,-1.,0.));
#8874=DIRECTION('center_axis',(0.,0.,-1.));
#8875=DIRECTION('ref_axis',(-0.866025403785241,0.49999999999861,0.));
#8876=DIRECTION('center_axis',(0.,0.,1.));
#8877=DIRECTION('ref_axis',(-0.866025403785241,0.49999999999861,0.));
#8878=DIRECTION('',(0.,0.,1.));
#8879=DIRECTION('center_axis',(0.,0.,1.));
#8880=DIRECTION('ref_axis',(-0.866025403785241,0.49999999999861,0.));
#8881=DIRECTION('center_axis',(-0.500000000001991,0.866025403783289,0.));
#8882=DIRECTION('ref_axis',(-0.866025403783289,-0.500000000001991,2.26523163068536E-11));
#8883=DIRECTION('',(-0.866025403783289,-0.500000000001991,0.));
#8884=DIRECTION('',(0.,0.,-1.));
#8885=DIRECTION('',(0.866025403783289,0.50000000000199,0.));
#8886=DIRECTION('center_axis',(0.,0.,1.));
#8887=DIRECTION('ref_axis',(0.258819045100302,0.965925826289663,0.));
#8888=DIRECTION('center_axis',(0.,0.,1.));
#8889=DIRECTION('ref_axis',(0.258819045100302,0.965925826289663,0.));
#8890=DIRECTION('',(0.,0.,1.));
#8891=DIRECTION('center_axis',(0.,0.,1.));
#8892=DIRECTION('ref_axis',(0.258819045100302,0.965925826289663,0.));
#8893=DIRECTION('center_axis',(-0.866025403783292,-0.500000000001986,0.));
#8894=DIRECTION('ref_axis',(-0.500000000001986,0.866025403783292,0.));
#8895=DIRECTION('',(0.,0.,-1.));
#8896=DIRECTION('',(-0.500000000001986,0.866025403783292,0.));
#8897=DIRECTION('',(0.500000000002021,-0.866025403783272,0.));
#8898=DIRECTION('center_axis',(0.,0.,-1.));
#8899=DIRECTION('ref_axis',(0.965925826288772,0.258819045103627,0.));
#8900=DIRECTION('center_axis',(0.,0.,1.));
#8901=DIRECTION('ref_axis',(0.965925826288772,0.258819045103627,0.));
#8902=DIRECTION('center_axis',(-2.59901131359596E-12,-1.,0.));
#8903=DIRECTION('ref_axis',(1.,-2.59901131359596E-12,0.));
#8904=DIRECTION('',(0.,0.,-1.));
#8905=DIRECTION('',(1.,-2.59901131359596E-12,0.));
#8906=DIRECTION('center_axis',(0.,0.,-1.));
#8907=DIRECTION('ref_axis',(0.707106781187467,0.707106781185628,0.));
#8908=DIRECTION('center_axis',(0.,0.,1.));
#8909=DIRECTION('ref_axis',(0.707106781187467,0.707106781185628,0.));
#8910=DIRECTION('center_axis',(1.,0.,0.));
#8911=DIRECTION('ref_axis',(0.,-1.,0.));
#8912=DIRECTION('',(0.,0.,-1.));
#8913=DIRECTION('',(0.,-0.707106781154513,0.707106781218582));
#8914=DIRECTION('',(0.,-1.,0.));
#8915=DIRECTION('',(0.,0.,-1.));
#8916=DIRECTION('',(0.,-1.,0.));
#8917=DIRECTION('',(0.,-1.,0.));
#8918=DIRECTION('',(0.,-1.,0.));
#8919=DIRECTION('',(0.,0.707106781154512,-0.707106781218584));
#8920=DIRECTION('center_axis',(0.,0.,1.));
#8921=DIRECTION('ref_axis',(-0.965925826288099,0.258819045106138,0.));
#8922=DIRECTION('center_axis',(-0.0460044542338549,-0.705608666465093,-0.707106781186546));
#8923=DIRECTION('ref_axis',(0.0460044542338547,0.705608666465091,-0.707106781186549));
#8924=DIRECTION('',(0.,0.,1.));
#8925=DIRECTION('center_axis',(0.,0.,1.));
#8926=DIRECTION('ref_axis',(-0.965925826288099,0.258819045106138,0.));
#8927=DIRECTION('center_axis',(0.,0.,-1.));
#8928=DIRECTION('ref_axis',(-0.965925826288099,0.258819045106138,0.));
#8929=DIRECTION('center_axis',(0.866025403780694,-0.500000000006485,0.));
#8930=DIRECTION('ref_axis',(-0.500000000006485,-0.866025403780694,0.));
#8931=DIRECTION('',(-0.372253462315291,-0.644761910012359,0.667614738596665));
#8932=DIRECTION('',(0.500000000002009,0.866025403783279,0.));
#8933=DIRECTION('',(0.,0.,-1.));
#8934=DIRECTION('',(0.500000000006485,0.866025403780694,0.));
#8935=DIRECTION('center_axis',(0.,0.,-1.));
#8936=DIRECTION('ref_axis',(-0.258819045098214,0.965925826290222,0.));
#8937=DIRECTION('center_axis',(0.,0.,1.));
#8938=DIRECTION('ref_axis',(-0.258819045098214,0.965925826290222,0.));
#8939=DIRECTION('',(0.,0.,1.));
#8940=DIRECTION('center_axis',(0.,0.,1.));
#8941=DIRECTION('ref_axis',(-0.258819045098214,0.965925826290222,0.));
#8942=DIRECTION('center_axis',(0.500000000001254,0.866025403783715,0.));
#8943=DIRECTION('ref_axis',(-0.866025403783715,0.500000000001254,-2.26523163068202E-11));
#8944=DIRECTION('',(0.,0.,-1.));
#8945=DIRECTION('',(0.866025403783715,-0.500000000001254,0.));
#8946=DIRECTION('',(-0.866025403783715,0.500000000001254,0.));
#8947=DIRECTION('center_axis',(0.,0.,1.));
#8948=DIRECTION('ref_axis',(0.866025403785026,0.499999999998982,0.));
#8949=DIRECTION('center_axis',(0.,0.,1.));
#8950=DIRECTION('ref_axis',(0.866025403785026,0.499999999998982,0.));
#8951=DIRECTION('',(0.,0.,1.));
#8952=DIRECTION('center_axis',(0.,0.,1.));
#8953=DIRECTION('ref_axis',(0.866025403785026,0.499999999998982,0.));
#8954=DIRECTION('center_axis',(-1.,9.05715425287924E-13,0.));
#8955=DIRECTION('ref_axis',(9.05715425287925E-13,1.,0.));
#8956=DIRECTION('',(9.05715425287925E-13,1.,0.));
#8957=DIRECTION('',(0.,0.,-1.));
#8958=DIRECTION('',(9.05715425287925E-13,1.,0.));
#8959=DIRECTION('center_axis',(0.,0.,-1.));
#8960=DIRECTION('ref_axis',(-0.866025403785245,-0.499999999998603,0.));
#8961=DIRECTION('center_axis',(0.,0.,-1.));
#8962=DIRECTION('ref_axis',(-0.866025403785245,-0.499999999998603,0.));
#8963=DIRECTION('center_axis',(0.,0.,-1.));
#8964=DIRECTION('ref_axis',(-0.866025403785245,-0.499999999998603,0.));
#8965=DIRECTION('center_axis',(0.,0.,-1.));
#8966=DIRECTION('ref_axis',(0.866025403785597,0.499999999997993,0.));
#8967=DIRECTION('center_axis',(-0.688749461914693,3.44431524193058E-11,
0.724999433594414));
#8968=DIRECTION('ref_axis',(0.724999433594414,-3.62560115120369E-11,0.688749461914693));
#8969=DIRECTION('',(0.,0.,1.));
#8970=DIRECTION('center_axis',(0.,0.,1.));
#8971=DIRECTION('ref_axis',(0.866025403785597,0.499999999997993,0.));
#8972=DIRECTION('center_axis',(1.,-2.31915888668048E-12,0.));
#8973=DIRECTION('ref_axis',(2.31915888668048E-12,1.,-4.53046326135267E-11));
#8974=DIRECTION('',(2.31915888668048E-12,1.,0.));
#8975=DIRECTION('',(0.,0.,-1.));
#8976=DIRECTION('',(-1.96640237895982E-12,-1.,0.));
#8977=DIRECTION('',(2.31915888668048E-12,1.,-4.53046326135267E-11));
#8978=DIRECTION('center_axis',(-1.,2.31915888668048E-12,0.));
#8979=DIRECTION('ref_axis',(3.57807185642008E-23,4.61552102328465E-12,-1.));
#8980=DIRECTION('',(-2.31915888668048E-12,-1.,0.));
#8981=DIRECTION('center_axis',(-1.,2.31915888668048E-12,0.));
#8982=DIRECTION('ref_axis',(3.07634560551146E-23,1.78066450137098E-12,-1.));
#8983=DIRECTION('',(2.31915888668048E-12,1.,-4.53046326135267E-11));
#8984=DIRECTION('',(0.,0.,-1.));
#8985=DIRECTION('center_axis',(-0.967719296294684,0.252030481448023,0.));
#8986=DIRECTION('ref_axis',(0.252030481448023,0.967719296294684,0.));
#8987=DIRECTION('',(0.252030481448023,0.967719296294684,0.));
#8988=DIRECTION('',(0.,0.,1.));
#8989=DIRECTION('',(-0.252030481448336,-0.967719296294602,0.));
#8990=DIRECTION('center_axis',(-0.967719296294684,0.252030481448023,0.));
#8991=DIRECTION('ref_axis',(0.252030481448023,0.967719296294684,0.));
#8992=DIRECTION('',(0.252030481448023,0.967719296294684,0.));
#8993=DIRECTION('',(-0.181111692794301,-0.695413026609584,-0.695413026305145));
#8994=DIRECTION('',(-0.252030481448023,-0.967719296294684,0.));
#8995=DIRECTION('',(-0.181111692755947,-0.695413026462317,0.695413026462401));
#8996=DIRECTION('',(0.,0.,-1.));
#8997=DIRECTION('center_axis',(1.,-2.31915888668048E-12,0.));
#8998=DIRECTION('ref_axis',(2.31915888668048E-12,1.,-4.53046326135267E-11));
#8999=DIRECTION('',(0.,0.,-1.));
#9000=DIRECTION('',(2.31915888668048E-12,1.,-4.53046326135267E-11));
#9001=DIRECTION('',(-1.63989297542081E-12,-0.707106781186547,0.707106781186548));
#9002=DIRECTION('center_axis',(0.,0.,1.));
#9003=DIRECTION('ref_axis',(0.866025403785381,0.499999999998368,0.));
#9004=DIRECTION('center_axis',(0.,0.,-1.));
#9005=DIRECTION('ref_axis',(0.866025403785381,0.499999999998368,0.));
#9006=DIRECTION('center_axis',(-0.344374730964957,-0.596474530839329,0.724999433608617));
#9007=DIRECTION('ref_axis',(0.362499716820189,0.627867927225224,0.688749461899742));
#9008=DIRECTION('',(0.,0.,1.));
#9009=DIRECTION('center_axis',(0.500000000001254,0.866025403783715,0.));
#9010=DIRECTION('ref_axis',(-0.866025403783715,0.500000000001254,-2.26523163068202E-11));
#9011=DIRECTION('',(0.,0.,-1.));
#9012=DIRECTION('',(-0.866025403783715,0.500000000001254,-2.26523163068202E-11));
#9013=DIRECTION('',(0.866025403783715,-0.500000000001254,2.26523163068202E-11));
#9014=DIRECTION('',(0.612372435675259,-0.353553390582599,-0.707106781209669));
#9015=DIRECTION('',(-0.866025403783715,0.500000000001254,0.));
#9016=DIRECTION('',(0.612372435608215,-0.353553390543892,0.707106781287084));
#9017=DIRECTION('center_axis',(0.,0.,1.));
#9018=DIRECTION('ref_axis',(0.258819045104478,0.965925826288544,0.));
#9019=DIRECTION('center_axis',(0.,0.,-1.));
#9020=DIRECTION('ref_axis',(0.258819045104478,0.965925826288544,0.));
#9021=DIRECTION('',(0.,0.,1.));
#9022=DIRECTION('center_axis',(2.59901131347821E-12,1.,0.));
#9023=DIRECTION('ref_axis',(-1.,2.59901131347821E-12,-1.17746536423376E-22));
#9024=DIRECTION('',(0.,0.,-1.));
#9025=DIRECTION('',(-1.,2.59901131347821E-12,-1.17746536423376E-22));
#9026=DIRECTION('center_axis',(0.,0.,1.));
#9027=DIRECTION('ref_axis',(-0.258819045102376,0.965925826289107,0.));
#9028=DIRECTION('center_axis',(0.,0.,-1.));
#9029=DIRECTION('ref_axis',(-0.258819045102376,0.965925826289107,0.));
#9030=DIRECTION('',(0.,0.,1.));
#9031=DIRECTION('center_axis',(-0.500000000001991,0.866025403783289,0.));
#9032=DIRECTION('ref_axis',(-0.866025403783289,-0.500000000001991,2.26523163068536E-11));
#9033=DIRECTION('',(0.61237243567496,0.353553390583122,-0.707106781209667));
#9034=DIRECTION('',(-0.866025403783289,-0.500000000001991,0.));
#9035=DIRECTION('',(0.612372435742005,0.353553390621831,0.70710678113225));
#9036=DIRECTION('',(0.866025403783289,0.500000000001991,-2.26523163068536E-11));
#9037=DIRECTION('',(0.,0.,-1.));
#9038=DIRECTION('',(-0.866025403783289,-0.500000000001991,2.26523163068536E-11));
#9039=DIRECTION('center_axis',(0.,0.,1.));
#9040=DIRECTION('ref_axis',(-0.866025403785241,0.499999999998611,0.));
#9041=DIRECTION('center_axis',(0.,0.,-1.));
#9042=DIRECTION('ref_axis',(-0.866025403785241,0.499999999998611,0.));
#9043=DIRECTION('center_axis',(0.344374730965464,-0.596474530839035,0.724999433608618));
#9044=DIRECTION('ref_axis',(-0.362499716820724,0.627867927224916,0.688749461899741));
#9045=DIRECTION('',(0.,0.,1.));
#9046=DIRECTION('center_axis',(-1.,-9.08699322785387E-13,0.));
#9047=DIRECTION('ref_axis',(9.08699322785387E-13,-1.,4.53046326135267E-11));
#9048=DIRECTION('',(-6.42547453201171E-13,0.707106781186547,-0.707106781186548));
#9049=DIRECTION('',(0.,0.,1.));
#9050=DIRECTION('',(9.08699322785387E-13,-1.,4.53046326135267E-11));
#9051=DIRECTION('center_axis',(0.967719296295063,0.252030481446568,0.));
#9052=DIRECTION('ref_axis',(0.252030481446568,-0.967719296295063,0.));
#9053=DIRECTION('',(0.252030481446568,-0.967719296295063,0.));
#9054=DIRECTION('',(-0.181111692754878,0.695413026462496,-0.695413026462501));
#9055=DIRECTION('',(-0.252030481446568,0.967719296295063,0.));
#9056=DIRECTION('',(-0.18111169279322,0.69541302660972,0.695413026305291));
#9057=DIRECTION('center_axis',(-4.69457645047321E-13,0.707106781031712,
-0.707106781341383));
#9058=DIRECTION('ref_axis',(-1.,0.,6.63913368440278E-13));
#9059=DIRECTION('',(-1.,-6.63913368731033E-13,0.));
#9060=DIRECTION('',(1.,6.63913368731033E-13,0.));
#9061=DIRECTION('center_axis',(6.63913368731033E-13,-1.,0.));
#9062=DIRECTION('ref_axis',(1.,6.63913368731033E-13,-3.00790675497225E-23));
#9063=DIRECTION('center_axis',(-6.1062266354861E-13,-1.,0.));
#9064=DIRECTION('ref_axis',(1.,-6.1062266354861E-13,2.76633191454088E-23));
#9065=DIRECTION('',(-1.,6.1062266354861E-13,0.));
#9066=DIRECTION('center_axis',(4.31775426046867E-13,0.707106781031712,-0.707106781341383));
#9067=DIRECTION('ref_axis',(-1.,0.,-6.10622663281193E-13));
#9068=DIRECTION('',(1.,-6.1062266354861E-13,0.));
#9069=DIRECTION('center_axis',(0.,-0.707106781218584,-0.707106781154512));
#9070=DIRECTION('ref_axis',(0.,0.707106781154512,-0.707106781218584));
#9071=DIRECTION('',(0.377964472994547,0.654653670682555,-0.654653670741875));
#9072=DIRECTION('center_axis',(0.,-0.707106781218584,-0.707106781154512));
#9073=DIRECTION('ref_axis',(-2.45326946658225E-17,0.707106781154512,-0.707106781218584));
#9074=DIRECTION('center_axis',(0.,0.,-1.));
#9075=DIRECTION('ref_axis',(-1.,0.,0.));
#9076=DIRECTION('',(-0.997881345842927,0.0650601231070898,0.));
#9077=DIRECTION('',(-1.,0.,0.));
#9078=DIRECTION('center_axis',(0.,0.707106781218582,0.707106781154513));
#9079=DIRECTION('ref_axis',(0.,-0.707106781154513,0.707106781218582));
#9080=DIRECTION('',(0.995776100962533,-0.0649228648131458,0.0649228648190283));
#9081=DIRECTION('center_axis',(0.,0.707106781218582,0.707106781154513));
#9082=DIRECTION('ref_axis',(-2.45326946658226E-17,0.707106781154513,-0.707106781218582));
#9083=DIRECTION('center_axis',(-0.995776100962533,0.0649228648131458,-0.0649228648190283));
#9084=DIRECTION('ref_axis',(0.084788582056077,0.378947377518654,-0.921525789885804));
#9085=DIRECTION('center_axis',(0.86602540378444,-0.499999999999997,0.));
#9086=DIRECTION('ref_axis',(0.494684017536888,0.856817852066191,0.145433459610373));
#9087=DIRECTION('center_axis',(-0.0460044542338549,-0.705608666465093,-0.707106781186546));
#9088=DIRECTION('ref_axis',(-0.997890285364303,0.,0.0649228648131709));
#9089=DIRECTION('center_axis',(-0.866025403783279,0.500000000002009,0.));
#9090=DIRECTION('ref_axis',(-0.500000000002009,-0.866025403783279,3.92349627523826E-11));
#9091=DIRECTION('',(0.500000000002009,0.866025403783279,0.));
#9092=DIRECTION('center_axis',(0.612372435782042,-0.353553390644963,-0.707106781086011));
#9093=DIRECTION('ref_axis',(-0.755928945926764,0.,-0.654653670813852));
#9094=DIRECTION('',(-0.500000000002009,-0.866025403783279,0.));
#9095=DIRECTION('center_axis',(0.,0.,1.));
#9096=DIRECTION('ref_axis',(1.,0.,0.));
#9097=DIRECTION('',(0.500000000002191,0.866025403783174,0.));
#9098=DIRECTION('center_axis',(-0.612372435714924,0.353553390606384,-0.707106781163426));
#9099=DIRECTION('ref_axis',(-0.755928945997741,0.,0.654653670731895));
#9100=DIRECTION('',(-0.500000000002191,-0.866025403783174,0.));
#9101=DIRECTION('center_axis',(0.866025403783174,-0.500000000002191,0.));
#9102=DIRECTION('ref_axis',(0.500000000002191,0.866025403783174,-3.92349627523778E-11));
#9103=DIRECTION('',(0.362499716805897,0.627867927233475,0.688749461899742));
#9104=DIRECTION('center_axis',(0.344374730964957,0.596474530839329,-0.724999433608617));
#9105=DIRECTION('ref_axis',(-0.903277504353873,0.,-0.429056814569166));
#9106=DIRECTION('center_axis',(4.62963001265021E-13,1.,0.));
#9107=DIRECTION('ref_axis',(-1.,4.62963001265021E-13,-2.09736523938134E-23));
#9108=DIRECTION('',(1.,-4.62963001265021E-13,0.));
#9109=DIRECTION('center_axis',(-3.27364277632973E-13,-0.707106781186548,
-0.707106781186547));
#9110=DIRECTION('ref_axis',(-1.,0.,4.62963001265021E-13));
#9111=DIRECTION('',(-1.,4.62963001265021E-13,0.));
#9112=DIRECTION('center_axis',(0.,0.,1.));
#9113=DIRECTION('ref_axis',(1.,0.,0.));
#9114=DIRECTION('center_axis',(0.,0.,1.));
#9115=DIRECTION('ref_axis',(1.,0.,0.));
#9116=DIRECTION('center_axis',(0.,0.,1.));
#9117=DIRECTION('ref_axis',(0.997347029754434,-0.0727935590557836,0.));
#9118=DIRECTION('center_axis',(0.,0.,1.));
#9119=DIRECTION('ref_axis',(0.707106781185567,-0.707106781187529,0.));
#9120=DIRECTION('',(1.,-4.62963001265021E-13,0.));
#9121=DIRECTION('',(0.,1.,0.));
#9122=DIRECTION('',(-1.,3.2394488210735E-16,0.));
#9123=DIRECTION('center_axis',(0.,0.,1.));
#9124=DIRECTION('ref_axis',(0.707106781186548,0.707106781186547,0.));
#9125=DIRECTION('center_axis',(0.,0.,1.));
#9126=DIRECTION('ref_axis',(0.707106781186547,-0.707106781186548,0.));
#9127=DIRECTION('',(1.,2.36631245751471E-16,0.));
#9128=DIRECTION('',(0.,1.,0.));
#9129=DIRECTION('center_axis',(0.,0.,1.));
#9130=DIRECTION('ref_axis',(1.,-6.10487957996644E-13,0.));
#9131=DIRECTION('center_axis',(0.,0.,-1.));
#9132=DIRECTION('ref_axis',(-0.707106781186547,0.707106781186547,0.));
#9133=DIRECTION('',(-1.,3.10655205263571E-12,0.));
#9134=DIRECTION('center_axis',(0.707106781186548,0.,0.707106781186548));
#9135=DIRECTION('ref_axis',(0.707106781186548,0.,-0.707106781186548));
#9136=DIRECTION('',(-0.707106781186548,-1.67323558511486E-16,0.707106781186548));
#9137=DIRECTION('center_axis',(0.707106781186548,0.,0.707106781186548));
#9138=DIRECTION('ref_axis',(0.707106781186548,0.,-0.707106781186548));
#9139=DIRECTION('',(-0.707106781186548,3.27364277632973E-13,0.707106781186548));
#9140=DIRECTION('',(0.707106781186548,-2.29063622868784E-16,-0.707106781186548));
#9141=DIRECTION('center_axis',(0.688749461914693,-3.44431524193058E-11,
-0.724999433594414));
#9142=DIRECTION('ref_axis',(-0.724999433594414,0.,-0.688749461914693));
#9143=DIRECTION('',(-0.724999433594414,3.3564791369231E-13,-0.688749461914693));
#9144=DIRECTION('',(0.724999433594414,-2.90776804916366E-12,0.688749461914693));
#9145=DIRECTION('center_axis',(-0.724999433594414,2.90776804916366E-12,
-0.688749461914693));
#9146=DIRECTION('ref_axis',(0.487019415069016,0.707106781173394,-0.512652015859136));
#9147=DIRECTION('center_axis',(0.,0.,1.));
#9148=DIRECTION('ref_axis',(1.,-4.01078530405591E-12,0.));
#9149=DIRECTION('center_axis',(0.,0.,1.));
#9150=DIRECTION('ref_axis',(1.,0.,0.));
#9151=DIRECTION('',(1.,9.94759830078904E-13,0.));
#9152=DIRECTION('center_axis',(0.,0.,-1.));
#9153=DIRECTION('ref_axis',(1.,0.,0.));
#9154=DIRECTION('',(-1.,-9.97150450995559E-13,0.));
#9155=DIRECTION('center_axis',(0.,0.,1.));
#9156=DIRECTION('ref_axis',(1.,-6.70351666711849E-12,0.));
#9157=DIRECTION('center_axis',(9.97150450995559E-13,-1.,0.));
#9158=DIRECTION('ref_axis',(-1.,-9.97150450995559E-13,0.));
#9159=DIRECTION('',(0.,0.,-1.));
#9160=DIRECTION('',(-1.,-9.97150450995559E-13,0.));
#9161=DIRECTION('center_axis',(0.,0.,1.));
#9162=DIRECTION('ref_axis',(1.,0.,0.));
#9163=DIRECTION('center_axis',(0.,0.,-1.));
#9164=DIRECTION('ref_axis',(1.,0.,0.));
#9165=DIRECTION('',(1.,9.94759830078904E-13,0.));
#9166=DIRECTION('center_axis',(-9.94759830078904E-13,1.,0.));
#9167=DIRECTION('ref_axis',(1.,9.94759830078904E-13,0.));
#9168=DIRECTION('',(0.,0.,-1.));
#9169=DIRECTION('center_axis',(0.724999433594414,-4.86016032606794E-12,
0.688749461914693));
#9170=DIRECTION('ref_axis',(0.487019415046462,-0.707106781200358,-0.51265201584337));
#9171=DIRECTION('',(-0.724999433594414,4.86016032606794E-12,-0.688749461914693));
#9172=DIRECTION('center_axis',(0.688749461914693,-3.44431524193058E-11,
-0.724999433594414));
#9173=DIRECTION('ref_axis',(-0.724999433594414,0.,-0.688749461914693));
#9174=DIRECTION('center_axis',(0.,0.,1.));
#9175=DIRECTION('ref_axis',(1.,0.,0.));
#9176=DIRECTION('center_axis',(0.86602540378444,-0.499999999999997,0.));
#9177=DIRECTION('ref_axis',(0.,0.,-1.));
#9178=DIRECTION('',(0.,0.,1.));
#9179=DIRECTION('center_axis',(-0.866025403784439,-0.5,0.));
#9180=DIRECTION('ref_axis',(0.,0.,1.));
#9181=DIRECTION('',(0.,0.,-1.));
#9182=DIRECTION('center_axis',(-0.688749461914693,-3.34716991536206E-11,
-0.724999433594414));
#9183=DIRECTION('ref_axis',(-0.724999433594414,0.,0.688749461914693));
#9184=DIRECTION('',(-0.724999433594414,-4.77666421835958E-12,0.688749461914693));
#9185=DIRECTION('',(9.08699322785387E-13,-1.,4.53046326135267E-11));
#9186=DIRECTION('center_axis',(0.,0.,1.));
#9187=DIRECTION('ref_axis',(1.,0.,0.));
#9188=DIRECTION('center_axis',(0.724999433594414,4.77666421835958E-12,-0.688749461914693));
#9189=DIRECTION('ref_axis',(-0.48701941504676,-0.707106781199986,-0.5126520158436));
#9190=DIRECTION('center_axis',(1.,9.08699322785387E-13,0.));
#9191=DIRECTION('ref_axis',(-2.84579185455918E-17,5.97891962906936E-12,
-1.));
#9192=DIRECTION('center_axis',(0.,0.,1.));
#9193=DIRECTION('ref_axis',(-1.,-6.58862567411841E-12,0.));
#9194=DIRECTION('center_axis',(0.,0.,1.));
#9195=DIRECTION('ref_axis',(1.,0.,0.));
#9196=DIRECTION('',(-1.,1.00099056826512E-12,0.));
#9197=DIRECTION('center_axis',(0.,0.,-1.));
#9198=DIRECTION('ref_axis',(1.,0.,0.));
#9199=DIRECTION('',(1.,-9.9602865639278E-13,0.));
#9200=DIRECTION('',(-9.08699322785387E-13,1.,0.));
#9201=DIRECTION('center_axis',(0.,0.,1.));
#9202=DIRECTION('ref_axis',(-1.,-5.55491260332196E-13,0.));
#9203=DIRECTION('center_axis',(9.9602865639278E-13,1.,0.));
#9204=DIRECTION('ref_axis',(1.,-9.9602865639278E-13,0.));
#9205=DIRECTION('',(0.,0.,-1.));
#9206=DIRECTION('',(1.,-9.9602865639278E-13,0.));
#9207=DIRECTION('center_axis',(0.,0.,1.));
#9208=DIRECTION('ref_axis',(1.,0.,0.));
#9209=DIRECTION('center_axis',(0.,0.,-1.));
#9210=DIRECTION('ref_axis',(1.,0.,0.));
#9211=DIRECTION('',(-1.,1.00099056826512E-12,0.));
#9212=DIRECTION('center_axis',(-1.00099056826512E-12,-1.,0.));
#9213=DIRECTION('ref_axis',(-1.,1.00099056826512E-12,0.));
#9214=DIRECTION('',(0.,0.,-1.));
#9215=DIRECTION('center_axis',(-0.724999433594414,-4.02670174963536E-13,
0.688749461914693));
#9216=DIRECTION('ref_axis',(-0.487019415066916,0.707106781174579,-0.512652015859496));
#9217=DIRECTION('center_axis',(1.,9.08699322785387E-13,0.));
#9218=DIRECTION('ref_axis',(-1.05603287997109E-23,-3.71949402682124E-13,
-1.));
#9219=DIRECTION('',(0.724999433594414,4.02670174963536E-13,-0.688749461914693));
#9220=DIRECTION('center_axis',(0.707106781808335,0.,-0.70710678056476));
#9221=DIRECTION('ref_axis',(-0.70710678056476,0.,-0.707106781808335));
#9222=DIRECTION('',(0.,1.,0.));
#9223=DIRECTION('',(-0.70710678056476,-1.14047278387141E-16,-0.707106781808335));
#9224=DIRECTION('',(0.,-1.,0.));
#9225=DIRECTION('center_axis',(-0.707106781186549,0.,0.707106781186546));
#9226=DIRECTION('ref_axis',(0.707106781186546,0.,0.707106781186549));
#9227=DIRECTION('',(0.707106781186546,1.14047278487427E-16,0.707106781186549));
#9228=DIRECTION('center_axis',(0.,0.,1.));
#9229=DIRECTION('ref_axis',(1.,0.,0.));
#9230=DIRECTION('center_axis',(0.,0.,1.));
#9231=DIRECTION('ref_axis',(-0.99734702975694,-0.0727935590214477,0.));
#9232=DIRECTION('center_axis',(0.,0.,-1.));
#9233=DIRECTION('ref_axis',(0.707106781186547,0.707106781186547,0.));
#9234=DIRECTION('center_axis',(0.,0.,1.));
#9235=DIRECTION('ref_axis',(-1.,-6.631344837769E-13,0.));
#9236=DIRECTION('',(0.,1.,0.));
#9237=DIRECTION('',(1.,-1.58603289232165E-16,0.));
#9238=DIRECTION('center_axis',(0.,0.,1.));
#9239=DIRECTION('ref_axis',(-0.707106781186547,-0.707106781186547,0.));
#9240=DIRECTION('center_axis',(0.,0.,1.));
#9241=DIRECTION('ref_axis',(-0.707106781186546,0.707106781186549,0.));
#9242=DIRECTION('',(-1.,-1.6128720798866E-16,0.));
#9243=DIRECTION('',(0.,1.,0.));
#9244=DIRECTION('center_axis',(0.,0.,1.));
#9245=DIRECTION('ref_axis',(-0.707106781186218,-0.707106781186877,0.));
#9246=DIRECTION('',(9.08699322785387E-13,-1.,0.));
#9247=DIRECTION('center_axis',(0.,0.,-1.));
#9248=DIRECTION('ref_axis',(-1.,0.,0.));
#9249=DIRECTION('center_axis',(0.,0.,-1.));
#9250=DIRECTION('ref_axis',(-1.,0.,0.));
#9251=DIRECTION('center_axis',(-0.707106780564759,0.,-0.707106781808336));
#9252=DIRECTION('ref_axis',(-0.707106781808336,0.,0.707106780564759));
#9253=DIRECTION('',(0.,-1.,0.));
#9254=DIRECTION('',(-0.707106781808336,-1.14047278587714E-16,0.707106780564759));
#9255=DIRECTION('center_axis',(-8.79339702040602E-10,0.,1.));
#9256=DIRECTION('ref_axis',(1.,0.,8.79339702040602E-10));
#9257=DIRECTION('',(1.,1.6128720798866E-16,8.79339702040602E-10));
#9258=DIRECTION('center_axis',(0.707106781808335,0.,-0.70710678056476));
#9259=DIRECTION('ref_axis',(-0.70710678056476,0.,-0.707106781808335));
#9260=DIRECTION('',(0.,1.,0.));
#9261=DIRECTION('',(0.,-1.,0.));
#9262=DIRECTION('',(0.70710678056476,-1.12149461235938E-16,0.707106781808335));
#9263=DIRECTION('center_axis',(-0.707106781186549,0.,0.707106781186546));
#9264=DIRECTION('ref_axis',(0.707106781186546,0.,0.707106781186549));
#9265=DIRECTION('',(-0.707106781186546,1.12149461334555E-16,-0.707106781186549));
#9266=DIRECTION('center_axis',(-0.707106780564759,0.,-0.707106781808336));
#9267=DIRECTION('ref_axis',(-0.707106781808336,0.,0.707106780564759));
#9268=DIRECTION('',(0.,-1.,0.));
#9269=DIRECTION('',(0.707106781808336,-1.12149461433173E-16,-0.707106780564759));
#9270=DIRECTION('center_axis',(-8.79339702040602E-10,0.,1.));
#9271=DIRECTION('ref_axis',(1.,0.,8.79339702040602E-10));
#9272=DIRECTION('',(-1.,1.58603289232165E-16,-8.79339702040602E-10));
#9273=DIRECTION('center_axis',(0.,0.,1.));
#9274=DIRECTION('ref_axis',(1.,0.,0.));
#9275=DIRECTION('',(-1.,-2.33146835169435E-14,0.));
#9276=DIRECTION('center_axis',(1.6485970816049E-14,-0.707106781186548,-0.707106781186547));
#9277=DIRECTION('ref_axis',(-1.,0.,-2.33146835169435E-14));
#9278=DIRECTION('',(1.,2.33146835169435E-14,0.));
#9279=DIRECTION('center_axis',(-2.33146835169435E-14,1.,0.));
#9280=DIRECTION('ref_axis',(-1.,-2.33146835169435E-14,1.05697946338988E-24));
#9281=DIRECTION('center_axis',(-0.344374730965464,0.596474530839035,-0.724999433608618));
#9282=DIRECTION('ref_axis',(-0.903277504353628,0.,0.429056814569681));
#9283=DIRECTION('',(0.362499716805947,-0.627867927233448,-0.688749461899741));
#9284=DIRECTION('center_axis',(-0.866025403783135,-0.500000000002258,0.));
#9285=DIRECTION('ref_axis',(0.500000000002258,-0.866025403783135,3.92349627523761E-11));
#9286=DIRECTION('',(-0.500000000002258,0.866025403783135,0.));
#9287=DIRECTION('center_axis',(-0.612372435714991,-0.353553390606263,-0.707106781163428));
#9288=DIRECTION('ref_axis',(-0.755928945997706,0.,0.654653670731935));
#9289=DIRECTION('',(-0.500000000002021,0.866025403783272,0.));
#9290=DIRECTION('',(0.500000000002021,-0.866025403783272,0.));
#9291=DIRECTION('center_axis',(0.866025403783272,0.500000000002021,0.));
#9292=DIRECTION('ref_axis',(-0.500000000002021,0.866025403783272,-3.92349627523823E-11));
#9293=DIRECTION('center_axis',(0.612372435647849,0.353553390567722,-0.707106781240846));
#9294=DIRECTION('ref_axis',(-0.755928946068697,0.,-0.654653670649962));
#9295=DIRECTION('',(0.500000000002258,-0.866025403783135,0.));
#9296=DIRECTION('center_axis',(0.,0.,1.));
#9297=DIRECTION('ref_axis',(1.,0.,0.));
#9298=DIRECTION('center_axis',(0.,0.,1.));
#9299=DIRECTION('ref_axis',(1.,0.,0.));
#9300=DIRECTION('center_axis',(0.,0.,-1.));
#9301=DIRECTION('ref_axis',(1.,0.,0.));
#9302=DIRECTION('center_axis',(0.,0.,1.));
#9303=DIRECTION('ref_axis',(1.,0.,0.));
#9304=DIRECTION('center_axis',(0.,0.,-1.));
#9305=DIRECTION('ref_axis',(1.,0.,0.));
#9306=DIRECTION('center_axis',(0.,0.,1.));
#9307=DIRECTION('ref_axis',(0.965925826289069,0.25881904510252,0.));
#9308=DIRECTION('center_axis',(0.,0.,1.));
#9309=DIRECTION('ref_axis',(-1.,0.,0.));
#9310=DIRECTION('center_axis',(0.,0.,-1.));
#9311=DIRECTION('ref_axis',(-1.,0.,0.));
#9312=DIRECTION('center_axis',(0.,0.,1.));
#9313=DIRECTION('ref_axis',(-1.,0.,0.));
#9314=DIRECTION('center_axis',(0.,0.,-1.));
#9315=DIRECTION('ref_axis',(-1.,0.,0.));
#9316=DIRECTION('center_axis',(0.,0.,1.));
#9317=DIRECTION('ref_axis',(-1.,0.,0.));
#9318=DIRECTION('center_axis',(0.,0.,1.));
#9319=DIRECTION('ref_axis',(-1.,0.,0.));
#9320=DIRECTION('center_axis',(0.,0.,1.));
#9321=DIRECTION('ref_axis',(-1.,0.,0.));
#9322=DIRECTION('center_axis',(0.,0.,1.));
#9323=DIRECTION('ref_axis',(-1.,0.,0.));
#9324=DIRECTION('center_axis',(0.,0.,1.));
#9325=DIRECTION('ref_axis',(-1.,0.,0.));
#9326=DIRECTION('center_axis',(0.,0.,-1.));
#9327=DIRECTION('ref_axis',(-1.,0.,0.));
#9328=DIRECTION('center_axis',(0.,0.,1.));
#9329=DIRECTION('ref_axis',(-1.,0.,0.));
#9330=DIRECTION('center_axis',(0.,0.,-1.));
#9331=DIRECTION('ref_axis',(-1.,0.,0.));
#9332=DIRECTION('center_axis',(0.,0.,-1.));
#9333=DIRECTION('ref_axis',(1.,0.,0.));
#9334=DIRECTION('center_axis',(0.,0.,1.));
#9335=DIRECTION('ref_axis',(1.,0.,0.));
#9336=DIRECTION('',(0.,0.,-1.));
#9337=DIRECTION('center_axis',(0.,0.,-1.));
#9338=DIRECTION('ref_axis',(-0.965925826289069,0.258819045102518,0.));
#9339=DIRECTION('center_axis',(0.,0.,-1.));
#9340=DIRECTION('ref_axis',(1.,0.,0.));
#9341=DIRECTION('center_axis',(0.,0.,1.));
#9342=DIRECTION('ref_axis',(1.,0.,0.));
#9343=DIRECTION('',(0.,0.,-1.));
#9344=DIRECTION('center_axis',(0.,0.,-1.));
#9345=DIRECTION('ref_axis',(1.,0.,0.));
#9346=DIRECTION('center_axis',(0.,0.,-1.));
#9347=DIRECTION('ref_axis',(-0.999987773115356,-0.00494506014031539,0.));
#9348=DIRECTION('center_axis',(0.,0.,-1.));
#9349=DIRECTION('ref_axis',(-1.,0.,0.));
#9350=DIRECTION('',(0.,0.,-1.));
#9351=DIRECTION('center_axis',(0.,0.,-1.));
#9352=DIRECTION('ref_axis',(-1.,0.,0.));
#9353=DIRECTION('center_axis',(0.,0.,-1.));
#9354=DIRECTION('ref_axis',(-1.,0.,0.));
#9355=DIRECTION('',(0.,0.,-1.));
#9356=DIRECTION('center_axis',(0.,0.,-1.));
#9357=DIRECTION('ref_axis',(-1.,0.,0.));
#9358=DIRECTION('center_axis',(0.,0.,1.));
#9359=DIRECTION('ref_axis',(-1.,0.,0.));
#9360=DIRECTION('',(0.,0.,-1.));
#9361=DIRECTION('center_axis',(0.,0.,1.));
#9362=DIRECTION('ref_axis',(-1.,0.,0.));
#9363=DIRECTION('',(0.,0.,-1.));
#9364=DIRECTION('center_axis',(0.,0.,1.));
#9365=DIRECTION('ref_axis',(-1.,0.,0.));
#9366=DIRECTION('',(0.,0.,-1.));
#9367=DIRECTION('center_axis',(0.,0.,1.));
#9368=DIRECTION('ref_axis',(-1.,0.,0.));
#9369=DIRECTION('',(0.,0.,-1.));
#9370=DIRECTION('center_axis',(0.,0.,1.));
#9371=DIRECTION('ref_axis',(-1.,0.,0.));
#9372=DIRECTION('center_axis',(0.,0.,1.));
#9373=DIRECTION('ref_axis',(-1.,0.,0.));
#9374=DIRECTION('center_axis',(-3.51422594732183E-13,1.,0.));
#9375=DIRECTION('ref_axis',(-1.,-3.51422594732183E-13,1.59217878385879E-23));
#9376=DIRECTION('',(0.,0.,-1.));
#9377=DIRECTION('',(0.498471124257595,1.75174015885673E-13,-0.866906303057815));
#9378=DIRECTION('',(-1.,-3.51422594732183E-13,1.59217878385879E-23));
#9379=DIRECTION('',(0.429056814594146,1.507802590722E-13,-0.903277504342007));
#9380=DIRECTION('center_axis',(0.429056814622336,-1.51923496092838E-13,
0.903277504328617));
#9381=DIRECTION('ref_axis',(0.638713648610383,0.707106781179561,-0.303388983136653));
#9382=DIRECTION('center_axis',(-1.,0.,0.));
#9383=DIRECTION('ref_axis',(0.,1.68174927764237E-13,-1.));
#9384=DIRECTION('',(-0.429056814622336,1.51923496092838E-13,-0.903277504328617));
#9385=DIRECTION('center_axis',(7.1629215410285E-28,4.53046326135267E-11,
1.));
#9386=DIRECTION('ref_axis',(1.,-9.57333134294852E-11,3.92986190873325E-21));
#9387=DIRECTION('center_axis',(-0.903277504342007,-1.94382613555178E-11,
-0.429056814594146));
#9388=DIRECTION('ref_axis',(-0.429056814594146,0.,0.903277504342007));
#9389=DIRECTION('',(0.429056814594146,-3.91241110314964E-13,-0.903277504342007));
#9390=DIRECTION('',(0.,1.,-4.53046326135267E-11));
#9391=DIRECTION('',(-0.429056814594146,-1.507802590722E-13,0.903277504342007));
#9392=DIRECTION('',(0.,-1.,4.53046326135267E-11));
#9393=DIRECTION('center_axis',(0.429056814594146,1.507802590722E-13,-0.903277504342007));
#9394=DIRECTION('ref_axis',(-0.638713648619848,0.707106781179563,-0.303388983116722));
#9395=DIRECTION('center_axis',(7.1629215410285E-28,4.53046326135267E-11,
1.));
#9396=DIRECTION('ref_axis',(-1.,-9.5729452498895E-11,3.92982688502716E-21));
#9397=DIRECTION('center_axis',(-0.219911909247783,-7.65658367153417E-14,
0.975519734383162));
#9398=DIRECTION('ref_axis',(-0.975519734383162,-3.39642745819723E-13,-0.219911909247783));
#9399=DIRECTION('center_axis',(0.,0.,1.));
#9400=DIRECTION('ref_axis',(-0.707106781186667,0.707106781186428,0.));
#9401=DIRECTION('',(0.,0.,1.));
#9402=DIRECTION('center_axis',(0.866906303057815,0.,0.498471124257595));
#9403=DIRECTION('ref_axis',(-0.498471124257595,0.,0.866906303057815));
#9404=DIRECTION('center_axis',(0.,0.,-1.));
#9405=DIRECTION('ref_axis',(-0.707106781186547,0.707106781186547,0.));
#9406=DIRECTION('',(0.,0.,1.));
#9407=DIRECTION('center_axis',(0.,0.,-1.));
#9408=DIRECTION('ref_axis',(-0.707106781186547,0.707106781186547,0.));
#9409=DIRECTION('',(0.,0.,-1.));
#9410=DIRECTION('center_axis',(0.,-1.,0.));
#9411=DIRECTION('ref_axis',(1.,0.,0.));
#9412=DIRECTION('',(0.,0.,1.));
#9413=DIRECTION('',(1.,0.,-5.07530525542163E-15));
#9414=DIRECTION('center_axis',(0.,0.,-1.));
#9415=DIRECTION('ref_axis',(0.997347029754434,-0.0727935590557836,0.));
#9416=DIRECTION('center_axis',(0.,0.,1.));
#9417=DIRECTION('ref_axis',(0.997347029754434,-0.0727935590557836,0.));
#9418=DIRECTION('center_axis',(0.,0.,-1.));
#9419=DIRECTION('ref_axis',(0.707106781186547,0.707106781186547,0.));
#9420=DIRECTION('center_axis',(0.,0.,-1.));
#9421=DIRECTION('ref_axis',(0.707106781186547,0.707106781186547,0.));
#9422=DIRECTION('',(0.,0.,-1.));
#9423=DIRECTION('center_axis',(0.,0.,1.));
#9424=DIRECTION('ref_axis',(-0.99734702975694,-0.0727935590214477,0.));
#9425=DIRECTION('center_axis',(0.,0.,1.));
#9426=DIRECTION('ref_axis',(-0.99734702975694,-0.0727935590214477,0.));
#9427=DIRECTION('center_axis',(7.1629215410285E-28,4.53046326135267E-11,
1.));
#9428=DIRECTION('ref_axis',(1.,0.,-7.16292154102849E-28));
#9429=DIRECTION('center_axis',(7.1629215410285E-28,4.53046326135267E-11,
1.));
#9430=DIRECTION('ref_axis',(-1.,-9.44658747503825E-11,3.90624421703527E-21));
#9431=DIRECTION('',(1.95047609906595E-12,1.,-4.53046326135267E-11));
#9432=DIRECTION('center_axis',(-7.1629215410285E-28,-4.53046326135267E-11,
-1.));
#9433=DIRECTION('ref_axis',(1.,7.81798501688458E-11,-3.55921349739797E-21));
#9434=DIRECTION('',(-1.,-2.36631245751471E-16,1.14367838077544E-26));
#9435=DIRECTION('center_axis',(-7.1629215410285E-28,-4.53046326135267E-11,
-1.));
#9436=DIRECTION('ref_axis',(0.707106781186547,-0.707106781186548,0.));
#9437=DIRECTION('center_axis',(-7.1629215410285E-28,-4.53046326135267E-11,
-1.));
#9438=DIRECTION('ref_axis',(0.707106781186548,0.707106781186547,0.));
#9439=DIRECTION('',(1.,-3.2394488210735E-16,1.39599117168029E-26));
#9440=DIRECTION('',(-1.,1.96645818536489E-12,-8.90889493456648E-23));
#9441=DIRECTION('center_axis',(-7.1629215410285E-28,-4.53046326135267E-11,
-1.));
#9442=DIRECTION('ref_axis',(0.707106781186385,-0.70710678118671,0.));
#9443=DIRECTION('',(2.51915021994905E-12,-1.,4.53046326135267E-11));
#9444=DIRECTION('center_axis',(-7.1629215410285E-28,-4.53046326135267E-11,
-1.));
#9445=DIRECTION('ref_axis',(-0.70710678118654,-0.707106781186555,0.));
#9446=DIRECTION('',(1.,1.6128720798866E-16,-8.02334985729059E-27));
#9447=DIRECTION('center_axis',(-7.1629215410285E-28,-4.53046326135267E-11,
-1.));
#9448=DIRECTION('ref_axis',(-0.707106781186546,0.707106781186549,0.));
#9449=DIRECTION('center_axis',(-7.1629215410285E-28,-4.53046326135267E-11,
-1.));
#9450=DIRECTION('ref_axis',(-0.707106781186547,-0.707106781186547,0.));
#9451=DIRECTION('',(-1.,1.58603289232165E-16,-6.46917159585732E-27));
#9452=DIRECTION('center_axis',(-7.1629215410285E-28,-4.53046326135267E-11,
-1.));
#9453=DIRECTION('ref_axis',(-1.,7.81267705363635E-11,-3.5583115350388E-21));
#9454=DIRECTION('',(2.51915021994905E-12,-1.,4.53046326135267E-11));
#9455=DIRECTION('',(0.,1.,-4.53046326135267E-11));
#9456=DIRECTION('center_axis',(7.1629215410285E-28,4.53046326135267E-11,
1.));
#9457=DIRECTION('ref_axis',(1.,-9.4469585255069E-11,3.90658278003269E-21));
#9458=DIRECTION('',(1.,9.08606523366909E-13,-4.11648010235457E-23));
#9459=DIRECTION('center_axis',(-7.1629215410285E-28,-4.53046326135267E-11,
-1.));
#9460=DIRECTION('ref_axis',(-0.707106781187222,0.707106781185873,0.));
#9461=DIRECTION('',(2.51915021994905E-12,-1.,4.53046326135267E-11));
#9462=DIRECTION('',(0.866025403783218,-0.500000000002114,2.26523163068592E-11));
#9463=DIRECTION('',(-0.86602540378328,-0.500000000002007,2.26523163068543E-11));
#9464=DIRECTION('',(0.,1.,-4.53046326135267E-11));
#9465=DIRECTION('',(0.86602540378328,0.500000000002007,-2.26523163068543E-11));
#9466=DIRECTION('center_axis',(-7.1629215410285E-28,-4.53046326135267E-11,
-1.));
#9467=DIRECTION('ref_axis',(0.707106781187938,0.707106781185157,0.));
#9468=DIRECTION('',(1.,-9.11863177572525E-13,4.13109099615722E-23));
#9469=DIRECTION('center_axis',(0.903277504328617,-1.9438261356795E-11,-0.429056814622336));
#9470=DIRECTION('ref_axis',(-0.429056814622336,0.,-0.903277504328617));
#9471=DIRECTION('',(0.429056814622336,3.89843820660881E-13,0.903277504328617));
#9472=DIRECTION('',(0.,-1.,4.53046326135267E-11));
#9473=DIRECTION('center_axis',(1.,0.,0.));
#9474=DIRECTION('ref_axis',(0.,0.,1.));
#9475=DIRECTION('',(0.,0.,1.));
#9476=DIRECTION('',(0.,-1.,0.));
#9477=DIRECTION('',(-1.66832359892711E-12,1.,0.));
#9478=DIRECTION('center_axis',(-0.429056814622336,-3.89843820660881E-13,
-0.903277504328617));
#9479=DIRECTION('ref_axis',(0.6387136485982,-0.707106781193129,-0.303388983130679));
#9480=DIRECTION('',(-0.429056814622336,-3.89843820660881E-13,-0.903277504328617));
#9481=DIRECTION('center_axis',(0.219911909262989,2.00008716331457E-13,0.975519734379734));
#9482=DIRECTION('ref_axis',(0.975519734379734,8.87230029893304E-13,-0.219911909262989));
#9483=DIRECTION('center_axis',(0.,0.,1.));
#9484=DIRECTION('ref_axis',(0.707106781186869,-0.707106781186226,0.));
#9485=DIRECTION('center_axis',(0.,0.,-1.));
#9486=DIRECTION('ref_axis',(0.707106781186869,-0.707106781186226,0.));
#9487=DIRECTION('',(0.,0.,-1.));
#9488=DIRECTION('center_axis',(1.,0.,0.));
#9489=DIRECTION('ref_axis',(0.,1.,-4.53046326135267E-11));
#9490=DIRECTION('',(0.,0.,1.));
#9491=DIRECTION('',(-2.51915021994905E-12,1.,-4.37747042612213E-11));
#9492=DIRECTION('',(0.,0.,1.));
#9493=DIRECTION('center_axis',(9.08606523366909E-13,-1.,0.));
#9494=DIRECTION('ref_axis',(1.,9.08606523366909E-13,-4.11648010235457E-23));
#9495=DIRECTION('',(0.,0.,1.));
#9496=DIRECTION('',(1.,9.08606523366909E-13,0.));
#9497=DIRECTION('center_axis',(0.,0.,1.));
#9498=DIRECTION('ref_axis',(-0.707106781187222,0.707106781185873,0.));
#9499=DIRECTION('center_axis',(0.,0.,1.));
#9500=DIRECTION('ref_axis',(-0.707106781187222,0.707106781185873,0.));
#9501=DIRECTION('',(0.,0.,-1.));
#9502=DIRECTION('center_axis',(0.688749461914693,3.34716991536206E-11,0.724999433594414));
#9503=DIRECTION('ref_axis',(-0.724999433594414,-3.52333720052037E-11,0.688749461914693));
#9504=DIRECTION('center_axis',(-9.11863177572525E-13,-1.,0.));
#9505=DIRECTION('ref_axis',(1.,-9.11863177572525E-13,4.13109099615722E-23));
#9506=DIRECTION('',(-0.429056814594146,3.91241110314964E-13,0.903277504342007));
#9507=DIRECTION('',(0.,0.,-1.));
#9508=DIRECTION('',(1.,-9.11863177572525E-13,0.));
#9509=DIRECTION('',(0.,0.,1.));
#9510=DIRECTION('center_axis',(0.,0.,-1.));
#9511=DIRECTION('ref_axis',(0.707106781187938,0.707106781185157,0.));
#9512=DIRECTION('center_axis',(-0.688749461914693,3.44431524193058E-11,
0.724999433594414));
#9513=DIRECTION('ref_axis',(0.724999433594414,-3.62559310209305E-11,0.688749461914693));
#9514=DIRECTION('',(0.,0.,1.));
#9515=DIRECTION('center_axis',(0.,0.,1.));
#9516=DIRECTION('ref_axis',(0.707106781187938,0.707106781185157,0.));
#9517=DIRECTION('center_axis',(0.,0.,1.));
#9518=DIRECTION('ref_axis',(1.,0.,0.));
#9519=DIRECTION('',(0.,-1.,0.));
#9520=DIRECTION('center_axis',(0.,0.,-1.));
#9521=DIRECTION('ref_axis',(-0.707106781186869,-0.707106781186226,0.));
#9522=DIRECTION('',(-3.02407540661822E-12,-1.,0.));
#9523=DIRECTION('center_axis',(0.,0.,1.));
#9524=DIRECTION('ref_axis',(0.866025403784261,-0.500000000000307,0.));
#9525=DIRECTION('',(0.86602540378328,0.500000000002007,-2.26523163068543E-11));
#9526=DIRECTION('center_axis',(0.,0.,1.));
#9527=DIRECTION('ref_axis',(-0.866025403784801,-0.499999999999373,0.));
#9528=DIRECTION('',(-9.97365173908397E-13,1.,0.));
#9529=DIRECTION('',(-9.08481252569782E-13,1.,0.));
#9530=DIRECTION('center_axis',(0.,0.,-1.));
#9531=DIRECTION('ref_axis',(-1.,0.,0.));
#9532=DIRECTION('center_axis',(0.,0.,-1.));
#9533=DIRECTION('ref_axis',(-1.,0.,0.));
#9534=DIRECTION('center_axis',(-1.,0.,0.));
#9535=DIRECTION('ref_axis',(0.,0.,-1.));
#9536=DIRECTION('',(0.,0.,-1.));
#9537=DIRECTION('',(0.,-1.,0.));
#9538=DIRECTION('center_axis',(-0.429056814594146,3.91241110314964E-13,
0.903277504342007));
#9539=DIRECTION('ref_axis',(-0.638713648607664,-0.707106781193133,-0.303388983110746));
#9540=DIRECTION('center_axis',(-0.219911909247773,2.00008716317618E-13,
0.975519734383164));
#9541=DIRECTION('ref_axis',(-0.975519734383164,8.87230029896422E-13,-0.219911909247773));
#9542=DIRECTION('center_axis',(0.,0.,1.));
#9543=DIRECTION('ref_axis',(-0.707106781186869,-0.707106781186226,0.));
#9544=DIRECTION('center_axis',(0.500000000002007,-0.86602540378328,0.));
#9545=DIRECTION('ref_axis',(0.86602540378328,0.500000000002007,-2.26523163068543E-11));
#9546=DIRECTION('center_axis',(-0.500000000002054,0.866025403783253,0.));
#9547=DIRECTION('ref_axis',(0.866025403783253,0.500000000002054,0.));
#9548=DIRECTION('',(0.,0.,1.));
#9549=DIRECTION('',(0.866025403783253,0.500000000002054,0.));
#9550=DIRECTION('center_axis',(0.500000000002007,-0.86602540378328,0.));
#9551=DIRECTION('ref_axis',(0.86602540378328,0.500000000002007,-2.26523163068543E-11));
#9552=DIRECTION('',(0.,0.,1.));
#9553=DIRECTION('',(0.774596669232614,0.44721359549723,-0.447213595518048));
#9554=DIRECTION('',(-0.86602540378328,-0.500000000002007,0.));
#9555=DIRECTION('center_axis',(-5.08583564406757E-13,-0.707106781202565,
-0.70710678117053));
#9556=DIRECTION('ref_axis',(-1.,0.,7.19245774400379E-13));
#9557=DIRECTION('',(0.935113126530687,0.250562807080358,-0.250562807092382));
#9558=DIRECTION('center_axis',(-0.353553390594693,0.612372435694976,-0.707106781186547));
#9559=DIRECTION('ref_axis',(-0.894427190999198,0.,0.447213595501394));
#9560=DIRECTION('center_axis',(-0.353553390594693,0.612372435694976,-0.707106781186547));
#9561=DIRECTION('ref_axis',(0.353553390594692,-0.612372435694975,-0.707106781186548));
#9562=DIRECTION('',(2.28564422289395E-12,0.755928946019453,0.654653670706824));
#9563=DIRECTION('center_axis',(1.,9.97271727800162E-13,0.));
#9564=DIRECTION('ref_axis',(9.97271727800162E-13,-1.,0.));
#9565=DIRECTION('',(0.,0.,1.));
#9566=DIRECTION('',(-9.97271727800162E-13,1.,-4.52204888287627E-11));
#9567=DIRECTION('',(0.,0.,1.));
#9568=DIRECTION('',(7.53866566090621E-13,-0.755928946019098,-0.654653670707234));
#9569=DIRECTION('center_axis',(0.353553390594769,0.612372435694931,-0.707106781186547));
#9570=DIRECTION('ref_axis',(-0.894427190999159,0.,-0.447213595501471));
#9571=DIRECTION('center_axis',(0.353553390594769,0.612372435694931,-0.707106781186547));
#9572=DIRECTION('ref_axis',(-0.353553390594769,-0.612372435694931,-0.707106781186548));
#9573=DIRECTION('',(-0.866025403783218,0.500000000002115,0.));
#9574=DIRECTION('center_axis',(-0.500000000002115,-0.866025403783218,0.));
#9575=DIRECTION('ref_axis',(0.866025403783218,-0.500000000002115,2.26523163068592E-11));
#9576=DIRECTION('',(0.,0.,-1.));
#9577=DIRECTION('center_axis',(0.,0.,-1.));
#9578=DIRECTION('ref_axis',(-0.866025403784801,-0.499999999999373,0.));
#9579=DIRECTION('center_axis',(-0.500000000002115,-0.866025403783218,0.));
#9580=DIRECTION('ref_axis',(0.866025403783218,-0.500000000002115,2.26523163068592E-11));
#9581=DIRECTION('',(0.,0.,-1.));
#9582=DIRECTION('center_axis',(-0.688749461914693,-3.34716991536206E-11,
-0.724999433594414));
#9583=DIRECTION('ref_axis',(-0.724999433594414,0.,0.688749461914693));
#9584=DIRECTION('center_axis',(0.688749461914693,3.34716991536206E-11,0.724999433594414));
#9585=DIRECTION('ref_axis',(-0.724999433594414,-3.52334223121452E-11,0.688749461914693));
#9586=DIRECTION('center_axis',(0.,0.,-1.));
#9587=DIRECTION('ref_axis',(-0.866025403784801,-0.499999999999373,0.));
#9588=DIRECTION('center_axis',(0.500000000002007,-0.86602540378328,0.));
#9589=DIRECTION('ref_axis',(0.86602540378328,0.500000000002007,-2.26523163068543E-11));
#9590=DIRECTION('',(0.,0.,1.));
#9591=DIRECTION('center_axis',(0.,0.,1.));
#9592=DIRECTION('ref_axis',(0.866025403784261,-0.500000000000307,0.));
#9593=DIRECTION('',(0.,0.,-1.));
#9594=DIRECTION('center_axis',(-1.,3.02362309967044E-12,0.));
#9595=DIRECTION('ref_axis',(3.02362309967044E-12,1.,0.));
#9596=DIRECTION('',(0.,0.,-1.));
#9597=DIRECTION('',(-3.02362309967044E-12,-1.,4.46353916111863E-11));
#9598=DIRECTION('center_axis',(0.688749461914693,-3.44431524193058E-11,
-0.724999433594414));
#9599=DIRECTION('ref_axis',(-0.724999433594414,0.,-0.688749461914693));
#9600=DIRECTION('center_axis',(-0.688749461914693,3.44431524193058E-11,
0.724999433594414));
#9601=DIRECTION('ref_axis',(0.724999433594414,-3.62559108981539E-11,0.688749461914693));
#9602=DIRECTION('center_axis',(0.,0.,1.));
#9603=DIRECTION('ref_axis',(0.866025403784261,-0.500000000000307,0.));
#9604=DIRECTION('center_axis',(0.,0.,1.));
#9605=DIRECTION('ref_axis',(-1.,0.,0.));
#9606=DIRECTION('',(0.,1.,0.));
#9607=DIRECTION('',(0.,-1.,0.));
#9608=DIRECTION('',(-1.,7.19245774367794E-13,0.));
#9609=DIRECTION('center_axis',(0.707106781186547,0.,-0.707106781186548));
#9610=DIRECTION('ref_axis',(-0.707106781186548,0.,-0.707106781186547));
#9611=DIRECTION('center_axis',(-0.707106781185218,0.,-0.707106781187877));
#9612=DIRECTION('ref_axis',(-0.707106781187877,0.,0.707106781185218));
#9613=DIRECTION('',(0.57735026919993,0.577350269171188,-0.577350269197759));
#9614=DIRECTION('',(0.,-1.,0.));
#9615=DIRECTION('center_axis',(0.,0.,1.));
#9616=DIRECTION('ref_axis',(-1.,0.,0.));
#9617=DIRECTION('',(0.,1.,0.));
#9618=DIRECTION('',(0.,-1.,0.));
#9619=DIRECTION('center_axis',(0.707106781185423,0.,-0.707106781187672));
#9620=DIRECTION('ref_axis',(-0.707106781187672,0.,-0.707106781185423));
#9621=DIRECTION('center_axis',(-0.707106781186548,0.,-0.707106781186548));
#9622=DIRECTION('ref_axis',(-0.707106781186548,0.,0.707106781186548));
#9623=DIRECTION('center_axis',(-2.36631245751471E-16,1.,0.));
#9624=DIRECTION('ref_axis',(1.,2.36631245751471E-16,0.));
#9625=DIRECTION('',(0.,0.,1.));
#9626=DIRECTION('center_axis',(0.,0.,1.));
#9627=DIRECTION('ref_axis',(0.707106781186547,-0.707106781186548,0.));
#9628=DIRECTION('center_axis',(-3.2394488210735E-16,-1.,0.));
#9629=DIRECTION('ref_axis',(-1.,3.2394488210735E-16,0.));
#9630=DIRECTION('',(0.,0.,-1.));
#9631=DIRECTION('center_axis',(0.,0.,-1.));
#9632=DIRECTION('ref_axis',(0.707106781186548,0.707106781186547,0.));
#9633=DIRECTION('center_axis',(1.6128720798866E-16,-1.,0.));
#9634=DIRECTION('ref_axis',(-1.,-1.6128720798866E-16,0.));
#9635=DIRECTION('',(0.,0.,1.));
#9636=DIRECTION('center_axis',(0.,0.,1.));
#9637=DIRECTION('ref_axis',(-0.707106781186546,0.707106781186549,0.));
#9638=DIRECTION('center_axis',(1.58603289232165E-16,1.,0.));
#9639=DIRECTION('ref_axis',(1.,-1.58603289232165E-16,0.));
#9640=DIRECTION('',(0.,0.,-1.));
#9641=DIRECTION('center_axis',(0.,0.,-1.));
#9642=DIRECTION('ref_axis',(-0.707106781186547,-0.707106781186547,0.));
#9643=DIRECTION('center_axis',(1.,0.,0.));
#9644=DIRECTION('ref_axis',(0.,1.,-4.53046326135267E-11));
#9645=DIRECTION('',(0.,0.,1.));
#9646=DIRECTION('',(1.62227323877642E-13,1.,-4.63220129278566E-11));
#9647=DIRECTION('center_axis',(-0.688749461914693,-3.34716991536206E-11,
-0.724999433594414));
#9648=DIRECTION('ref_axis',(-0.724999433594414,0.,0.688749461914693));
#9649=DIRECTION('',(-0.724999433594414,-1.69031323442171E-14,0.688749461914693));
#9650=DIRECTION('',(9.08699322785387E-13,-1.,4.53046326135267E-11));
#9651=DIRECTION('center_axis',(-1.,-9.08699322785387E-13,0.));
#9652=DIRECTION('ref_axis',(9.08699322785387E-13,-1.,4.53046326135267E-11));
#9653=DIRECTION('',(0.,0.,1.));
#9654=DIRECTION('center_axis',(0.,0.,-1.));
#9655=DIRECTION('ref_axis',(-0.70710678118654,-0.707106781186555,0.));
#9656=DIRECTION('center_axis',(0.394493686949361,9.10990026586533E-15,-0.918898651080248));
#9657=DIRECTION('ref_axis',(0.918898651080248,2.16278677218582E-14,0.39449368694936));
#9658=DIRECTION('center_axis',(-0.724999433594414,-1.69031323442171E-14,
0.688749461914693));
#9659=DIRECTION('ref_axis',(-0.487019415050301,-0.707106781198388,-0.51265201584244));
#9660=DIRECTION('center_axis',(0.394493686949047,9.1099002658581E-15,-0.918898651080383));
#9661=DIRECTION('ref_axis',(-0.918898651080383,-2.12197947463099E-14,-0.394493686949047));
#9662=DIRECTION('center_axis',(0.,0.,1.));
#9663=DIRECTION('ref_axis',(-0.707106781186218,-0.707106781186877,0.));
#9664=DIRECTION('center_axis',(4.62963001265021E-13,1.,0.));
#9665=DIRECTION('ref_axis',(-1.,4.62963001265021E-13,-2.09736523938134E-23));
#9666=DIRECTION('',(0.,0.,1.));
#9667=DIRECTION('',(0.724999433594414,-3.3564791369231E-13,0.688749461914693));
#9668=DIRECTION('',(0.,0.,1.));
#9669=DIRECTION('center_axis',(-0.724999433594414,3.3564791369231E-13,-0.688749461914693));
#9670=DIRECTION('ref_axis',(0.487019415049827,-0.707106781198839,-0.512652015842269));
#9671=DIRECTION('center_axis',(0.394493686941206,-1.82198005313541E-13,
0.918898651083749));
#9672=DIRECTION('ref_axis',(0.918898651083749,-4.24395894927753E-13,-0.394493686941206));
#9673=DIRECTION('center_axis',(-0.394493686949054,1.8546258912429E-13,-0.91889865108038));
#9674=DIRECTION('ref_axis',(-0.91889865108038,4.32000127277558E-13,0.394493686949054));
#9675=DIRECTION('center_axis',(0.,0.,1.));
#9676=DIRECTION('ref_axis',(0.707106781186385,-0.70710678118671,0.));
#9677=DIRECTION('center_axis',(0.,0.,-1.));
#9678=DIRECTION('ref_axis',(0.707106781185567,-0.707106781187529,0.));
#9679=DIRECTION('center_axis',(0.866906303057815,0.,-0.498471124257595));
#9680=DIRECTION('ref_axis',(0.498471124257595,0.,0.866906303057815));
#9681=DIRECTION('',(-0.498471124257595,-3.30941643321006E-13,-0.866906303057815));
#9682=DIRECTION('center_axis',(-0.498471124257595,-3.30941643321006E-13,
-0.866906303057815));
#9683=DIRECTION('ref_axis',(-0.612995325545836,0.707106781186343,0.352472312188126));
#9684=DIRECTION('center_axis',(-0.866906303057815,0.,-0.498471124257595));
#9685=DIRECTION('ref_axis',(0.498471124257595,0.,-0.866906303057815));
#9686=DIRECTION('',(-0.498471124257595,3.04377765596243E-13,0.866906303057815));
#9687=DIRECTION('center_axis',(-0.498471124257595,3.04377765596243E-13,
0.866906303057815));
#9688=DIRECTION('ref_axis',(0.612995325545812,0.70710678118636,0.352472312188134));
#9689=DIRECTION('center_axis',(-7.19245774400378E-13,-1.,0.));
#9690=DIRECTION('ref_axis',(1.,-7.19245774400378E-13,3.25844492758866E-23));
#9691=DIRECTION('',(0.,0.,-1.));
#9692=DIRECTION('center_axis',(0.499999999999381,-0.866025403784796,0.));
#9693=DIRECTION('ref_axis',(0.,0.,-1.));
#9694=DIRECTION('center_axis',(-0.50000000000062,-0.866025403784081,0.));
#9695=DIRECTION('ref_axis',(0.,0.,1.));
#9696=DIRECTION('center_axis',(0.,0.,-1.));
#9697=DIRECTION('ref_axis',(-1.,0.,0.));
#9698=DIRECTION('',(0.,0.,-1.));
#9699=DIRECTION('center_axis',(0.,0.,1.));
#9700=DIRECTION('ref_axis',(-1.,0.,0.));
#9701=DIRECTION('center_axis',(0.,0.,1.));
#9702=DIRECTION('ref_axis',(-1.,0.,0.));
#9703=DIRECTION('center_axis',(0.,0.,-1.));
#9704=DIRECTION('ref_axis',(-1.,0.,0.));
#9705=DIRECTION('center_axis',(0.,0.,1.));
#9706=DIRECTION('ref_axis',(-1.,0.,0.));
#9707=DIRECTION('',(-0.707106781186546,-8.65956056235492E-17,-0.707106781186549));
#9708=DIRECTION('center_axis',(0.,0.,-1.));
#9709=DIRECTION('ref_axis',(-1.,0.,0.));
#9710=DIRECTION('',(0.,0.,-1.));
#9711=DIRECTION('center_axis',(0.,0.,1.));
#9712=DIRECTION('ref_axis',(-1.,0.,0.));
#9713=DIRECTION('center_axis',(0.,0.,1.));
#9714=DIRECTION('ref_axis',(-1.,0.,0.));
#9715=DIRECTION('center_axis',(0.,0.,-1.));
#9716=DIRECTION('ref_axis',(-1.,0.,0.));
#9717=DIRECTION('center_axis',(0.,0.,1.));
#9718=DIRECTION('ref_axis',(-1.,0.,0.));
#9719=DIRECTION('',(-0.707106781186547,-8.65956056235493E-17,-0.707106781186547));
#9720=DIRECTION('center_axis',(1.,0.,0.));
#9721=DIRECTION('ref_axis',(0.,0.,-1.));
#9722=DIRECTION('',(0.,0.707106781202056,0.707106781171039));
#9723=DIRECTION('center_axis',(5.08583564383716E-13,0.70710678117053,-0.707106781202565));
#9724=DIRECTION('ref_axis',(-1.,7.19245774367794E-13,0.));
#9725=DIRECTION('',(5.08684004010072E-13,0.707106781202565,0.70710678117053));
#9726=DIRECTION('center_axis',(-0.81649658092044,0.408248290462196,-0.408248290480104));
#9727=DIRECTION('ref_axis',(-0.57735026919993,-0.577350269171188,0.577350269197759));
#9728=DIRECTION('center_axis',(-7.19245774400378E-13,-1.,0.));
#9729=DIRECTION('ref_axis',(1.,-7.19245774400378E-13,3.25844492758866E-23));
#9730=DIRECTION('',(1.,-7.19245774400378E-13,0.));
#9731=DIRECTION('',(0.,0.,-1.));
#9732=DIRECTION('',(-1.,7.19245774400378E-13,-3.25844646431882E-23));
#9733=DIRECTION('',(0.,0.,-1.));
#9734=DIRECTION('center_axis',(0.,0.,-1.));
#9735=DIRECTION('ref_axis',(-1.,0.,0.));
#9736=DIRECTION('',(1.,-7.19245774432963E-13,0.));
#9737=DIRECTION('',(0.,1.,0.));
#9738=DIRECTION('',(0.,-1.,0.));
#9739=DIRECTION('center_axis',(-1.,0.,0.));
#9740=DIRECTION('ref_axis',(0.,0.,1.));
#9741=DIRECTION('',(0.,-0.707106781202565,-0.70710678117053));
#9742=DIRECTION('center_axis',(-1.,0.,0.));
#9743=DIRECTION('ref_axis',(0.,0.,1.));
#9744=DIRECTION('',(0.,0.707106781202565,0.70710678117053));
#9745=DIRECTION('center_axis',(-5.08583564429797E-13,-0.70710678117053,
0.707106781202565));
#9746=DIRECTION('ref_axis',(1.,-7.19245774400378E-13,3.25844646431882E-23));
#9747=DIRECTION('center_axis',(-5.08583564429797E-13,-0.70710678117053,
0.707106781202565));
#9748=DIRECTION('ref_axis',(1.,-7.19245774400378E-13,3.25844646431882E-23));
#9749=DIRECTION('',(1.,-7.19245774432963E-13,0.));
#9750=DIRECTION('',(0.,0.707106781202565,0.70710678117053));
#9751=DIRECTION('',(1.,-7.19245774400378E-13,3.25844646431882E-23));
#9752=DIRECTION('',(0.,-0.707106781202565,-0.70710678117053));
#9753=DIRECTION('center_axis',(0.,0.,-1.));
#9754=DIRECTION('ref_axis',(-1.,0.,0.));
#9755=DIRECTION('',(0.,1.,0.));
#9756=DIRECTION('',(1.,-7.19245774400378E-13,0.));
#9757=DIRECTION('',(0.,-1.,0.));
#9758=DIRECTION('center_axis',(1.,0.,0.));
#9759=DIRECTION('ref_axis',(0.,0.,-1.));
#9760=DIRECTION('',(0.,0.,-1.));
#9761=DIRECTION('center_axis',(1.,0.,0.));
#9762=DIRECTION('ref_axis',(0.,0.,-1.));
#9763=DIRECTION('',(0.,0.,-1.));
#9764=DIRECTION('center_axis',(-7.19245774400378E-13,-1.,0.));
#9765=DIRECTION('ref_axis',(1.,-7.19245774400378E-13,3.25844492758866E-23));
#9766=CARTESIAN_POINT('',(0.,0.,0.));
#9767=CARTESIAN_POINT('Origin',(91.9038146424912,-54.6981489716795,44.2850442939729));
#9768=CARTESIAN_POINT('',(91.8956015971028,-51.0381489716795,44.7500000066907));
#9769=CARTESIAN_POINT('',(95.1698179270419,-53.0615514612023,44.7500000067587));
#9770=CARTESIAN_POINT('Origin',(91.8956015971016,-54.6981489716795,44.7500000067587));
#9771=CARTESIAN_POINT('',(95.1956180629948,-53.0615514612023,43.2894065200685));
#9772=CARTESIAN_POINT('',(95.1770096634491,-53.0615514612023,44.3428624872692));
#9773=CARTESIAN_POINT('',(92.020797305984,-51.0382210605323,38.9630954069289));
#9774=CARTESIAN_POINT('Origin',(92.0610497708561,-54.6981489716795,35.3836724256768));
#9775=CARTESIAN_POINT('',(91.9999999999874,-51.0381489716795,38.8398130389625));
#9776=CARTESIAN_POINT('Ctrl Pts',(92.020797305984,-51.0382210605351,38.9630954069289));
#9777=CARTESIAN_POINT('Ctrl Pts',(92.0138521224016,-51.038172912342,38.9219247740526));
#9778=CARTESIAN_POINT('Ctrl Pts',(92.0069195245567,-51.0381489716795,38.8808301603321));
#9779=CARTESIAN_POINT('Ctrl Pts',(91.9999999999874,-51.0381489716795,38.8398130389617));
#9780=CARTESIAN_POINT('',(91.9038146424912,-51.0381489716795,44.2850442939729));
#9781=CARTESIAN_POINT('Origin',(97.4999999999874,-61.2097218486677,39.7500000067587));
#9782=CARTESIAN_POINT('',(97.4999999999899,-57.6703153351975,43.2894065200685));
#9783=CARTESIAN_POINT('',(92.1513948500733,-46.9731050353528,43.2894065200685));
#9784=CARTESIAN_POINT('',(97.4999999999874,-61.2097218486677,39.7500000067587));
#9785=CARTESIAN_POINT('',(97.4999999999874,-61.2097218486677,39.7500000067587));
#9786=CARTESIAN_POINT('',(94.9999999999874,-58.7097218487791,37.2500000067587));
#9787=CARTESIAN_POINT('',(92.4529100606061,-56.1626319095115,34.7029100673775));
#9788=CARTESIAN_POINT('',(94.9999999999874,-54.0381489716795,41.92157288364));
#9789=CARTESIAN_POINT('',(94.9999999999874,-56.6043284342179,39.3553934212215));
#9790=CARTESIAN_POINT('Origin',(91.9999999999874,-54.0381489716795,35.921572883914));
#9791=CARTESIAN_POINT('Origin',(92.1410747956922,-46.9782650625433,44.0197032634136));
#9792=CARTESIAN_POINT('',(97.119304575706,-56.9605247585345,44.7500000067587));
#9793=CARTESIAN_POINT('',(88.7485708636594,-40.2190573344234,44.7500000067587));
#9794=CARTESIAN_POINT('',(97.1325668676049,-56.9605247585516,43.999197096682));
#9795=CARTESIAN_POINT('',(97.1284715036012,-56.9605247585463,44.2310432387555));
#9796=CARTESIAN_POINT('',(96.9240126027167,-56.5576491360509,44.4020727191643));
#9797=CARTESIAN_POINT('Origin',(57.4999999999967,-47.3878830721034,44.7500000067587));
#9798=CARTESIAN_POINT('',(86.1471783327977,-51.0381489716794,44.7500000066907));
#9799=CARTESIAN_POINT('',(94.9999999999879,-51.0381489716795,44.7500000066907));
#9800=CARTESIAN_POINT('',(84.9943700614963,-55.340488011562,44.7500000066907));
#9801=CARTESIAN_POINT('',(86.1471783327977,-51.0381489716794,44.7500000066907));
#9802=CARTESIAN_POINT('',(79.0056299385041,-55.340488011562,44.7500000066907));
#9803=CARTESIAN_POINT('Origin',(82.0000000000002,-54.5381489717442,44.7500000066907));
#9804=CARTESIAN_POINT('',(77.8528216672027,-51.0381489716794,44.7500000066907));
#9805=CARTESIAN_POINT('',(79.0056299385041,-55.340488011562,44.7500000066907));
#9806=CARTESIAN_POINT('',(72.1043984028805,-51.0381489716794,44.7500000066907));
#9807=CARTESIAN_POINT('',(77.8528216672027,-51.0381489716794,44.7500000066907));
#9808=CARTESIAN_POINT('',(68.8301820729428,-53.0615514611994,44.7500000067587));
#9809=CARTESIAN_POINT('Origin',(72.1043984028817,-54.6981489716794,44.7500000067587));
#9810=CARTESIAN_POINT('',(66.8806954242944,-56.960524758492,44.7500000067587));
#9811=CARTESIAN_POINT('',(68.2764291363245,-54.1690573344348,44.7500000067587));
#9812=CARTESIAN_POINT('',(65.8071818734932,-57.623935410794,44.7500000067587));
#9813=CARTESIAN_POINT('Origin',(65.8071818734945,-56.423935410794,44.7500000067587));
#9814=CARTESIAN_POINT('',(63.1928181265243,-57.6239354107922,44.7500000067587));
#9815=CARTESIAN_POINT('',(61.9999999999983,-57.6239354107913,44.7500000067587));
#9816=CARTESIAN_POINT('',(62.1193045757251,-56.9605247584905,44.7500000067587));
#9817=CARTESIAN_POINT('Origin',(63.1928181265247,-56.4239354107921,44.7500000067587));
#9818=CARTESIAN_POINT('',(60.253642609206,-53.2292008254602,44.7500000067587));
#9819=CARTESIAN_POINT('',(60.6307547413304,-53.9834250897074,44.7500000067587));
#9820=CARTESIAN_POINT('',(59.9999999999967,-52.1546827084465,44.7500000067587));
#9821=CARTESIAN_POINT('Origin',(62.3999999999967,-52.1546827084465,44.7500000067587));
#9822=CARTESIAN_POINT('',(59.9999999999967,-43.6000758060998,44.7500000067587));
#9823=CARTESIAN_POINT('',(59.9999999999967,-39.2939794391016,44.7500000067587));
#9824=CARTESIAN_POINT('',(60.002128461972,-43.5736828776057,44.7500000067587));
#9825=CARTESIAN_POINT('',(60.0901757233799,-42.4818968361486,44.7500000067587));
#9826=CARTESIAN_POINT('',(52.9999999999967,-43.5736828776057,44.7500000067587));
#9827=CARTESIAN_POINT('',(59.2499999999967,-43.5736828776057,44.7500000067587));
#9828=CARTESIAN_POINT('',(52.9999999999967,-54.4211602640226,44.7500000067587));
#9829=CARTESIAN_POINT('',(52.9999999999967,-39.2939794391016,44.7500000067587));
#9830=CARTESIAN_POINT('',(51.4999999999946,-55.2871856678058,44.7500000067587));
#9831=CARTESIAN_POINT('Origin',(51.9999999999967,-54.4211602640226,44.7500000067587));
#9832=CARTESIAN_POINT('',(31.5000024438957,-43.7401816949355,44.7500000067587));
#9833=CARTESIAN_POINT('',(31.5000024438957,-43.7401816949355,44.7500000067587));
#9834=CARTESIAN_POINT('',(31.5000000000979,-46.0495827717114,44.7500000067587));
#9835=CARTESIAN_POINT('',(31.500000000085,-33.1720324493784,44.7500000067587));
#9836=CARTESIAN_POINT('',(33.5000000000894,-49.5136843868403,44.7500000067587));
#9837=CARTESIAN_POINT('Origin',(35.5000000000979,-46.0495827717074,44.7500000067587));
#9838=CARTESIAN_POINT('',(37.0999999997002,-51.59214535571,44.7500000067587));
#9839=CARTESIAN_POINT('',(48.3333021970088,-58.0776954032511,44.7500000067587));
#9840=CARTESIAN_POINT('',(37.0999999997002,-53.9015450215439,44.7500000067587));
#9841=CARTESIAN_POINT('',(37.0999999997002,-60.422032449308,44.7500000067587));
#9842=CARTESIAN_POINT('',(52.9999999999975,-63.081414301882,44.7500000067587));
#9843=CARTESIAN_POINT('',(31.5000024438953,-50.6683849252205,44.7500000067587));
#9844=CARTESIAN_POINT('',(53.9999999999968,-63.6587659820026,44.7500000067587));
#9845=CARTESIAN_POINT('',(51.2897446063108,-62.0939954769009,44.7500000067587));
#9846=CARTESIAN_POINT('',(58.1212122314849,-66.0381489732498,44.7500000066907));
#9847=CARTESIAN_POINT('',(56.930118338193,-65.3504705933272,44.7500000067587));
#9848=CARTESIAN_POINT('',(68.0000000000047,-66.0381489732026,44.7500000066907));
#9849=CARTESIAN_POINT('',(58.1212122314849,-66.0381489732498,44.7500000066907));
#9850=CARTESIAN_POINT('',(71.0000000000052,-64.3060981656719,44.7500000066907));
#9851=CARTESIAN_POINT('',(68.8504010144244,-65.5471697186444,44.7500000067587));
#9852=CARTESIAN_POINT('',(71.000001057983,-64.0381489732387,44.7500000066907));
#9853=CARTESIAN_POINT('',(71.0000000000052,-66.0381489731883,44.7500000066907));
#9854=CARTESIAN_POINT('',(71.0000007305526,-62.1812270350237,44.7500000066907));
#9855=CARTESIAN_POINT('',(71.000001057983,-64.0381489732387,44.7500000066907));
#9856=CARTESIAN_POINT('',(71.0000000000052,-59.538148973189,44.7500000067587));
#9857=CARTESIAN_POINT('',(70.9999991006925,-55.7130144357047,44.7500000067587));
#9858=CARTESIAN_POINT('',(72.9364916731089,-58.038148973189,44.7500000067587));
#9859=CARTESIAN_POINT('Origin',(72.9364916731089,-60.038148973189,44.7500000067587));
#9860=CARTESIAN_POINT('',(76.1999999999965,-58.038148973189,44.7500000067587));
#9861=CARTESIAN_POINT('',(64.2500006231881,-58.038148973189,44.7500000067587));
#9862=CARTESIAN_POINT('',(78.1999999999965,-60.038148973189,44.7500000067587));
#9863=CARTESIAN_POINT('Origin',(76.1999999999965,-60.038148973189,44.7500000067587));
#9864=CARTESIAN_POINT('',(79.1999999999965,-61.038148973189,44.7500000066907));
#9865=CARTESIAN_POINT('',(78.6999999999965,-60.538148973189,44.7500000067587));
#9866=CARTESIAN_POINT('',(84.7999999999965,-61.038148973189,44.7500000066907));
#9867=CARTESIAN_POINT('',(78.1999999999965,-61.038148973189,44.7500000066907));
#9868=CARTESIAN_POINT('',(85.7999999999965,-60.038148973189,44.7500000067587));
#9869=CARTESIAN_POINT('',(85.2999999999965,-60.538148973189,44.7500000067587));
#9870=CARTESIAN_POINT('',(87.7999999999965,-58.038148973189,44.7500000067587));
#9871=CARTESIAN_POINT('Origin',(87.7999999999965,-60.038148973189,44.7500000067587));
#9872=CARTESIAN_POINT('',(91.0635086733393,-58.038148973189,44.7500000067587));
#9873=CARTESIAN_POINT('',(71.6499999999966,-58.038148973189,44.7500000067587));
#9874=CARTESIAN_POINT('',(93.000000346443,-59.538148973189,44.7500000067587));
#9875=CARTESIAN_POINT('Origin',(91.0635086733393,-60.038148973189,44.7500000067587));
#9876=CARTESIAN_POINT('',(93.0000013858085,-64.0381489732574,44.7500000066907));
#9877=CARTESIAN_POINT('',(92.9999999999879,-58.038148973189,44.7500000066907));
#9878=CARTESIAN_POINT('',(92.9999999999879,-64.3060981656863,44.7500000066907));
#9879=CARTESIAN_POINT('',(92.9999999999879,-58.038148973189,44.7500000066907));
#9880=CARTESIAN_POINT('',(95.9999999999874,-66.0381489731883,44.7500000066907));
#9881=CARTESIAN_POINT('',(76.7745989855658,-54.9383585222849,44.7500000067587));
#9882=CARTESIAN_POINT('',(105.87878776862,-66.0381489731883,44.7500000066907));
#9883=CARTESIAN_POINT('',(92.9999999999879,-66.0381489731883,44.7500000066907));
#9884=CARTESIAN_POINT('',(126.900000000216,-53.9015464325177,44.7500000067587));
#9885=CARTESIAN_POINT('',(105.87878776862,-66.0381489731883,44.7500000066907));
#9886=CARTESIAN_POINT('',(126.900000000216,-51.5921453557573,44.7500000067587));
#9887=CARTESIAN_POINT('',(126.900000000216,-60.422032449308,44.7500000067587));
#9888=CARTESIAN_POINT('',(130.499999999919,-49.5136843868351,44.7500000067587));
#9889=CARTESIAN_POINT('',(98.3560926037075,-68.0719779749435,44.7500000067587));
#9890=CARTESIAN_POINT('',(132.499999999911,-46.0495827717141,44.7500000067587));
#9891=CARTESIAN_POINT('Origin',(128.499999999911,-46.049582771702,44.7500000067587));
#9892=CARTESIAN_POINT('',(132.499999999918,-43.7401816949383,44.7500000067587));
#9893=CARTESIAN_POINT('',(132.499999999892,-52.1598001562588,44.7500000067587));
#9894=CARTESIAN_POINT('',(112.499999999999,-55.2871870787342,44.7500000067587));
#9895=CARTESIAN_POINT('',(132.499999999895,-43.7401816949383,44.7500000067587));
#9896=CARTESIAN_POINT('',(110.999999999997,-54.421161674951,44.7500000067587));
#9897=CARTESIAN_POINT('Origin',(111.999999999997,-54.421161674951,44.7500000067587));
#9898=CARTESIAN_POINT('',(110.999999999997,-43.5736828776057,44.7500000067587));
#9899=CARTESIAN_POINT('',(110.999999999997,-45.9807829748545,44.7500000067587));
#9900=CARTESIAN_POINT('',(103.997871538021,-43.5736828776057,44.7500000067587));
#9901=CARTESIAN_POINT('',(108.249999999997,-43.5736828776057,44.7500000067587));
#9902=CARTESIAN_POINT('',(103.999999999997,-43.6000758060998,44.7500000067587));
#9903=CARTESIAN_POINT('',(103.75151463588,-40.5188572910465,44.7500000067587));
#9904=CARTESIAN_POINT('',(103.999999999997,-52.1546827085198,44.7500000067587));
#9905=CARTESIAN_POINT('',(103.999999999997,-55.4817867051037,44.7500000067587));
#9906=CARTESIAN_POINT('',(103.746357390786,-53.2292008255359,44.7500000067587));
#9907=CARTESIAN_POINT('Origin',(101.599999999997,-52.1546827085198,44.7500000067587));
#9908=CARTESIAN_POINT('',(101.880695424276,-56.960524758539,44.7500000067587));
#9909=CARTESIAN_POINT('',(99.2192452586296,-62.2834250898056,44.7500000067587));
#9910=CARTESIAN_POINT('',(100.807181873475,-57.6239354108394,44.7500000067587));
#9911=CARTESIAN_POINT('Origin',(100.807181873477,-56.4239354108394,44.7500000067587));
#9912=CARTESIAN_POINT('',(98.1928181265059,-57.6239354108375,44.7500000067587));
#9913=CARTESIAN_POINT('',(79.4999999999897,-57.6239354108241,44.7500000067587));
#9914=CARTESIAN_POINT('Origin',(98.1928181265063,-56.4239354108375,44.7500000067587));
#9915=CARTESIAN_POINT('',(58.3500000000031,-54.5381489717442,44.7500000067587));
#9916=CARTESIAN_POINT('Origin',(56.5000000000031,-54.5381489717442,44.7500000067587));
#9917=CARTESIAN_POINT('',(109.349999999997,-54.5381489717439,44.7500000067587));
#9918=CARTESIAN_POINT('Origin',(107.499999999997,-54.5381489717439,44.7500000067587));
#9919=CARTESIAN_POINT('Origin',(72.0914830924738,-54.6981489716794,44.0188403611526));
#9920=CARTESIAN_POINT('',(71.9792026941869,-51.0382210605334,38.9630954065546));
#9921=CARTESIAN_POINT('',(68.8043819369895,-53.0615514611994,43.2894065200847));
#9922=CARTESIAN_POINT('Origin',(71.9389502291229,-54.6981489716794,35.3836724256915));
#9923=CARTESIAN_POINT('',(68.8182880715173,-53.0615514611994,44.0766585544505));
#9924=CARTESIAN_POINT('',(72.0000000000047,-51.0381489716794,38.8398130396204));
#9925=CARTESIAN_POINT('',(72.0914830924738,-51.0381489716794,44.0188403611526));
#9926=CARTESIAN_POINT('Ctrl Pts',(72.0000000000047,-51.0381489716794,38.8398130396207));
#9927=CARTESIAN_POINT('Ctrl Pts',(71.9930804754931,-51.0381489716794,38.8808301606476));
#9928=CARTESIAN_POINT('Ctrl Pts',(71.9861478777129,-51.0381729123416,38.9219247740246));
#9929=CARTESIAN_POINT('Ctrl Pts',(71.9792026941869,-51.0382210605338,38.9630954065546));
#9930=CARTESIAN_POINT('Origin',(67.7089252042781,-55.278265062573,44.0197032634217));
#9931=CARTESIAN_POINT('',(66.5000000000072,-57.670315335159,43.2894065200847));
#9932=CARTESIAN_POINT('',(67.6986051498968,-55.2731050353824,43.2894065200847));
#9933=CARTESIAN_POINT('',(66.8674331323954,-56.960524758509,43.9991970967028));
#9934=CARTESIAN_POINT('',(66.1198907469985,-58.4045930638152,42.5551287914615));
#9935=CARTESIAN_POINT('',(66.8673720996182,-56.960524758509,43.9957419181295));
#9936=CARTESIAN_POINT('Origin',(69.0000000000047,-58.7097218487604,37.2500000067587));
#9937=CARTESIAN_POINT('',(69.0000000000047,-54.0381489716794,41.9215728836347));
#9938=CARTESIAN_POINT('Origin',(72.0000000000047,-54.0381489716794,35.9215728839044));
#9939=CARTESIAN_POINT('',(69.0000000000047,-58.7097218487604,37.2500000067587));
#9940=CARTESIAN_POINT('',(69.0000000000047,-61.4168286300385,34.5428932255993));
#9941=CARTESIAN_POINT('',(66.5000000000047,-61.2097218486454,39.7500000067587));
#9942=CARTESIAN_POINT('',(67.5672919778503,-60.1424298708489,38.6827080289131));
#9943=CARTESIAN_POINT('',(66.5000000000047,-61.2097218486454,39.7500000067587));
#9944=CARTESIAN_POINT('Origin',(72.0000000000047,-54.0381489716794,38.9500000065435));
#9945=CARTESIAN_POINT('',(72.0000000000047,-51.0381489716794,33.7500000061907));
#9946=CARTESIAN_POINT('',(72.0000000000047,-51.0381489716794,38.9500000065435));
#9947=CARTESIAN_POINT('',(69.0000000000052,-54.0381489716794,33.7500000061907));
#9948=CARTESIAN_POINT('Origin',(72.0000000000047,-54.0381489716794,33.7500000035116));
#9949=CARTESIAN_POINT('',(69.0000000000047,-54.0381489716794,38.9500000065435));
#9950=CARTESIAN_POINT('Origin',(91.0635086733393,-60.038148973189,44.7500000067587));
#9951=CARTESIAN_POINT('',(91.0635086733393,-58.038148973189,33.7500000063963));
#9952=CARTESIAN_POINT('',(91.0635086733393,-58.038148973189,44.7500000067587));
#9953=CARTESIAN_POINT('',(93.000000346443,-59.538148973189,35.2500000063973));
#9954=CARTESIAN_POINT('Origin',(91.0635086733393,-60.038148973189,35.7500000064214));
#9955=CARTESIAN_POINT('',(93.000000346443,-59.538148973189,44.7500000067587));
#9956=CARTESIAN_POINT('Origin',(87.7999999999965,-60.038148973189,39.2500000069286));
#9957=CARTESIAN_POINT('',(85.7999999999965,-60.038148973189,33.7500000064869));
#9958=CARTESIAN_POINT('',(85.7999999999965,-60.038148973189,39.2500000069286));
#9959=CARTESIAN_POINT('',(87.7999999999965,-58.038148973189,33.7500000063963));
#9960=CARTESIAN_POINT('Origin',(87.7999999999965,-60.038148973189,33.7500000035116));
#9961=CARTESIAN_POINT('',(87.7999999999965,-58.038148973189,39.2500000069286));
#9962=CARTESIAN_POINT('Origin',(85.7999999999965,-73.538148973189,33.7500000070985));
#9963=CARTESIAN_POINT('',(85.7999999999965,-63.038148973189,41.7500000067739));
#9964=CARTESIAN_POINT('Origin',(85.7999999999965,-63.038148973189,44.7500000063963));
#9965=CARTESIAN_POINT('',(85.7999999999965,-69.70972184858,41.7500000063963));
#9966=CARTESIAN_POINT('',(85.7999999999965,-69.663148973189,41.7500000067739));
#9967=CARTESIAN_POINT('',(85.7999999999965,-70.4168286296837,41.4571067876656));
#9968=CARTESIAN_POINT('Origin',(85.7999999999965,-69.70972184858,40.7500000063963));
#9969=CARTESIAN_POINT('',(85.7999999999965,-72.538148973189,39.3357864446568));
#9970=CARTESIAN_POINT('',(85.7999999999965,-73.5810421920852,38.2928932260047));
#9971=CARTESIAN_POINT('',(85.7999999999965,-72.538148973189,37.2906982897861));
#9972=CARTESIAN_POINT('',(85.7999999999965,-72.538148973189,33.7500000070985));
#9973=CARTESIAN_POINT('',(85.7999999999965,-72.4019278740933,36.7868272642719));
#9974=CARTESIAN_POINT('Origin',(85.7999999999965,-71.538148973189,37.2906982897861));
#9975=CARTESIAN_POINT('',(85.7999999999965,-70.6304453073787,33.7500000069667));
#9976=CARTESIAN_POINT('',(85.7999999999965,-71.5840203313606,35.3847000481218));
#9977=CARTESIAN_POINT('',(85.7999999999965,-61.9131489734246,33.7500000065718));
#9978=CARTESIAN_POINT('',(85.7999999999965,-70.0381489732173,38.7500000129408));
#9979=CARTESIAN_POINT('Origin',(85.7999999999965,-69.0381489732174,38.7500000129408));
#9980=CARTESIAN_POINT('Origin',(76.1999999999965,-60.038148973189,39.2500000065775));
#9981=CARTESIAN_POINT('',(76.1999999999965,-58.038148973189,33.7500000063963));
#9982=CARTESIAN_POINT('',(76.1999999999965,-58.038148973189,39.2500000065775));
#9983=CARTESIAN_POINT('',(78.1999999999965,-60.038148973189,33.7500000064869));
#9984=CARTESIAN_POINT('Origin',(76.1999999999965,-60.038148973189,33.7500000035116));
#9985=CARTESIAN_POINT('',(78.1999999999965,-60.038148973189,39.2500000065775));
#9986=CARTESIAN_POINT('Origin',(71.0000012463795,-58.038148973189,44.7500000067587));
#9987=CARTESIAN_POINT('',(72.9364916731089,-58.038148973189,33.7500000063963));
#9988=CARTESIAN_POINT('',(72.9364916731089,-58.038148973189,44.7500000067587));
#9989=CARTESIAN_POINT('',(76.5000006232327,-58.038148973189,33.7500000063963));
#9990=CARTESIAN_POINT('Origin',(72.9364916731089,-60.038148973189,44.7500000067587));
#9991=CARTESIAN_POINT('',(71.0000000000052,-59.538148973189,35.2500000064131));
#9992=CARTESIAN_POINT('Origin',(72.9364916731089,-60.038148973189,35.7500000064344));
#9993=CARTESIAN_POINT('',(71.0000000000052,-59.538148973189,44.7500000067587));
#9994=CARTESIAN_POINT('Origin',(78.6999999999965,-63.038148973189,44.7500000063963));
#9995=CARTESIAN_POINT('',(78.1999999999965,-63.038148973189,41.7500000063963));
#9996=CARTESIAN_POINT('Origin',(78.1999999999965,-63.038148973189,44.7500000063963));
#9997=CARTESIAN_POINT('',(79.1999999999965,-63.038148973189,42.7500000063963));
#9998=CARTESIAN_POINT('',(78.1999999999965,-63.038148973189,41.7500000063963));
#9999=CARTESIAN_POINT('Origin',(79.1999999999965,-63.038148973189,44.7500000063963));
#10000=CARTESIAN_POINT('Origin',(78.6999999999965,-61.913148973189,42.2500000065851));
#10001=CARTESIAN_POINT('',(78.1999999999965,-69.70972184858,41.7500000067739));
#10002=CARTESIAN_POINT('',(79.1999999999965,-69.70972184858,42.7500000063963));
#10003=CARTESIAN_POINT('',(78.1999999999965,-69.70972184858,41.7500000067739));
#10004=CARTESIAN_POINT('',(79.1999999999965,-61.913148973189,42.7500000063963));
#10005=CARTESIAN_POINT('',(78.1999999999965,-61.913148973189,41.7500000067739));
#10006=CARTESIAN_POINT('Origin',(78.6999999999965,-69.70972184858,40.7500000063963));
#10007=CARTESIAN_POINT('',(78.1999999999965,-70.4168286296837,41.4571067876656));
#10008=CARTESIAN_POINT('',(79.1999999999965,-71.1239354107875,42.1642135689349));
#10009=CARTESIAN_POINT('',(78.1999999999965,-70.4168286296837,41.4571067876656));
#10010=CARTESIAN_POINT('Origin',(79.1999999999965,-69.70972184858,40.7500000063963));
#10011=CARTESIAN_POINT('Origin',(78.1999999999965,-69.70972184858,40.7500000063963));
#10012=CARTESIAN_POINT('Origin',(78.6999999999965,-70.0595955819057,42.5214466164638));
#10013=CARTESIAN_POINT('',(79.1999999999965,-73.538148973189,39.7500000070985));
#10014=CARTESIAN_POINT('',(79.1999999999965,-70.4131489724575,42.8750000070985));
#10015=CARTESIAN_POINT('',(78.1999999999965,-72.538148973189,39.3357864446568));
#10016=CARTESIAN_POINT('',(78.1999999999965,-69.7060421913538,42.1678932258292));
#10017=CARTESIAN_POINT('',(78.1999999999965,-72.538148973189,39.3357864446568));
#10018=CARTESIAN_POINT('Origin',(78.6999999999965,-73.038148973189,33.7500000067474));
#10019=CARTESIAN_POINT('',(78.1999999999965,-72.538148973189,37.2906982897861));
#10020=CARTESIAN_POINT('',(78.1999999999965,-72.538148973189,33.7500000067474));
#10021=CARTESIAN_POINT('',(79.1999999999965,-73.538148973189,37.2906982897861));
#10022=CARTESIAN_POINT('',(78.1999999999965,-72.538148973189,37.2906982897861));
#10023=CARTESIAN_POINT('',(79.1999999999965,-73.538148973189,33.7500000067474));
#10024=CARTESIAN_POINT('Origin',(78.6999999999965,-71.538148973189,37.2906982897861));
#10025=CARTESIAN_POINT('',(78.1999999999965,-72.4019278740933,36.7868272642719));
#10026=CARTESIAN_POINT('',(79.1999999999965,-73.2657067749975,36.2829562387578));
#10027=CARTESIAN_POINT('',(78.1999999999965,-72.4019278740933,36.7868272642719));
#10028=CARTESIAN_POINT('Origin',(79.1999999999965,-71.538148973189,37.2906982897861));
#10029=CARTESIAN_POINT('Origin',(78.1999999999965,-71.538148973189,37.2906982897861));
#10030=CARTESIAN_POINT('Origin',(78.6999999999965,-70.0482932014267,31.759707540328));
#10031=CARTESIAN_POINT('',(78.1999999999965,-70.6304453073787,33.7500000069667));
#10032=CARTESIAN_POINT('',(79.1999999999965,-71.788148973189,33.7500000070192));
#10033=CARTESIAN_POINT('',(60.1109916235421,-49.6887339990841,33.750000006018));
#10034=CARTESIAN_POINT('',(79.1999999999965,-70.4801826518788,31.5077720275709));
#10035=CARTESIAN_POINT('',(78.1999999999965,-69.6164037509746,32.0116430530851));
#10036=CARTESIAN_POINT('Origin',(83.8999999999965,-63.038148973189,44.7500000063963));
#10037=CARTESIAN_POINT('',(84.7999999999965,-63.038148973189,42.7500000063963));
#10038=CARTESIAN_POINT('',(83.8999999999965,-63.038148973189,42.7500000063963));
#10039=CARTESIAN_POINT('Origin',(84.7999999999965,-63.038148973189,44.7500000063963));
#10040=CARTESIAN_POINT('Origin',(81.9999999999965,-65.788148973189,42.7500000063963));
#10041=CARTESIAN_POINT('',(84.7999999999965,-69.70972184858,42.7500000063963));
#10042=CARTESIAN_POINT('',(81.0499999999965,-69.70972184858,42.7500000063963));
#10043=CARTESIAN_POINT('',(84.7999999999965,-69.663148973189,42.7500000063963));
#10044=CARTESIAN_POINT('Origin',(81.0499999999965,-69.70972184858,40.7500000063963));
#10045=CARTESIAN_POINT('',(84.7999999999965,-71.1239354107875,42.1642135689349));
#10046=CARTESIAN_POINT('',(81.0499999999965,-71.1239354107875,42.1642135689349));
#10047=CARTESIAN_POINT('Origin',(84.7999999999965,-69.70972184858,40.7500000063963));
#10048=CARTESIAN_POINT('Origin',(80.0999999999965,-72.038148973189,41.2500000067474));
#10049=CARTESIAN_POINT('',(84.7999999999965,-73.538148973189,39.7500000070985));
#10050=CARTESIAN_POINT('',(80.0999999999965,-73.538148973189,39.7500000070985));
#10051=CARTESIAN_POINT('',(84.7999999999965,-74.288148973189,39.000000007274));
#10052=CARTESIAN_POINT('Origin',(78.1999999999965,-73.538148973189,33.7500000070985));
#10053=CARTESIAN_POINT('',(84.7999999999965,-73.538148973189,37.2906982897861));
#10054=CARTESIAN_POINT('',(79.1500000000188,-73.538148973189,37.2906982897861));
#10055=CARTESIAN_POINT('',(84.7999999999965,-73.538148973189,33.7500000070985));
#10056=CARTESIAN_POINT('Origin',(79.1500000000188,-71.538148973189,37.2906982897861));
#10057=CARTESIAN_POINT('',(84.7999999999965,-73.2657067749975,36.2829562387578));
#10058=CARTESIAN_POINT('',(79.1500000000188,-73.2657067749975,36.2829562387578));
#10059=CARTESIAN_POINT('Origin',(84.7999999999965,-71.538148973189,37.2906982897861));
#10060=CARTESIAN_POINT('Origin',(80.1000000000411,-72.663148973189,35.2500000070588));
#10061=CARTESIAN_POINT('',(84.7999999999965,-71.788148973189,33.7500000070192));
#10062=CARTESIAN_POINT('',(80.1000000000411,-71.788148973189,33.7500000070192));
#10063=CARTESIAN_POINT('',(84.7999999999965,-72.4477992322649,34.8808290226077));
#10064=CARTESIAN_POINT('Origin',(82.0000000000858,5.63488202393231,33.7500000035116));
#10065=CARTESIAN_POINT('',(78.1999999999965,-26.2016334748775,33.7500000049539));
#10066=CARTESIAN_POINT('',(69.0000000000047,-58.0381489732387,33.7500000063963));
#10067=CARTESIAN_POINT('',(76.5000006232327,-58.038148973189,33.7500000063963));
#10068=CARTESIAN_POINT('',(69.0000000000052,-51.0381489716794,33.7500000061907));
#10069=CARTESIAN_POINT('',(91.9999999999874,-51.0381489716795,33.7500000061907));
#10070=CARTESIAN_POINT('',(49.480196079838,-51.0381489716794,33.7500000061907));
#10071=CARTESIAN_POINT('',(94.9999999999874,-54.0381489716795,33.750000006215));
#10072=CARTESIAN_POINT('Origin',(91.9999999999874,-54.0381489716795,33.7500000035116));
#10073=CARTESIAN_POINT('',(94.9999999999874,-58.0381489732574,33.7500000063963));
#10074=CARTESIAN_POINT('',(94.9999999999874,-26.2016334747643,33.7500000049539));
#10075=CARTESIAN_POINT('',(70.0606061157651,-58.0381489732394,33.7500000063963));
#10076=CARTESIAN_POINT('',(83.9000000000412,-58.038148973189,33.7500000063963));
#10077=CARTESIAN_POINT('',(103.40233176276,-50.2521612988178,33.7500000060435));
#10078=CARTESIAN_POINT('',(83.7000000000002,-54.5381489717442,33.7500000035116));
#10079=CARTESIAN_POINT('Origin',(82.0000000000002,-54.5381489717442,33.7500000035116));
#10080=CARTESIAN_POINT('Origin',(85.2999999999965,-72.0159097818128,35.1327645353647));
#10081=CARTESIAN_POINT('',(85.7999999999965,-72.4019278740933,36.7868272642719));
#10082=CARTESIAN_POINT('Origin',(85.2999999999965,-71.538148973189,37.2906982897861));
#10083=CARTESIAN_POINT('',(85.7999999999965,-72.538148973189,37.2906982897861));
#10084=CARTESIAN_POINT('Origin',(85.2999999999965,-73.038148973189,33.7500000070985));
#10085=CARTESIAN_POINT('',(85.7999999999965,-72.538148973189,39.3357864446568));
#10086=CARTESIAN_POINT('Origin',(85.2999999999965,-73.9345955826371,38.6464466166394));
#10087=CARTESIAN_POINT('',(85.7999999999965,-70.4168286296837,41.4571067876656));
#10088=CARTESIAN_POINT('Origin',(85.2999999999965,-69.70972184858,40.7500000063963));
#10089=CARTESIAN_POINT('',(85.7999999999965,-69.70972184858,41.7500000063963));
#10090=CARTESIAN_POINT('Origin',(85.2999999999965,-69.663148973189,42.2500000065851));
#10091=CARTESIAN_POINT('',(85.7999999999965,-63.038148973189,41.7500000067739));
#10092=CARTESIAN_POINT('Origin',(85.2999999999965,-63.038148973189,44.7500000063963));
#10093=CARTESIAN_POINT('Origin',(71.000001057983,-64.0381489732387,44.7500000067587));
#10094=CARTESIAN_POINT('',(71.0000000000047,-62.1812270350237,37.8930780683676));
#10095=CARTESIAN_POINT('',(71.0000011167595,-64.2881489180478,39.9999999514871));
#10096=CARTESIAN_POINT('',(71.0000000000047,-62.1812270350238,44.1500000067503));
#10097=CARTESIAN_POINT('',(71.0000007305526,-62.1812270350237,44.3000000067077));
#10098=CARTESIAN_POINT('',(71.0000000000047,-62.1812270350237,36.5000000064869));
#10099=CARTESIAN_POINT('Origin',(85.7999999999965,-58.038148973189,44.7500000067587));
#10100=CARTESIAN_POINT('Origin',(70.0606061157622,-62.0381489732394,37.7500000065775));
#10101=CARTESIAN_POINT('',(71.0000000000047,-64.3060981656719,40.017949199112));
#10102=CARTESIAN_POINT('',(71.0000000000047,-62.0381489731366,37.7500000064739));
#10103=CARTESIAN_POINT('',(68.0000000000047,-66.038148973238,41.7500000067587));
#10104=CARTESIAN_POINT('',(71.9894631269273,-63.7348313629909,39.4466823964044));
#10105=CARTESIAN_POINT('',(58.1212122314844,-66.0381489732498,41.7500000067587));
#10106=CARTESIAN_POINT('',(70.0606061157593,-66.0381489732394,41.7500000067587));
#10107=CARTESIAN_POINT('',(44.2648057709558,-58.0381489732209,33.7500000063963));
#10108=CARTESIAN_POINT('',(45.0832642120455,-58.5106861745072,34.2225372077034));
#10109=CARTESIAN_POINT('',(60.0000000000047,-58.0381489732322,33.7500000063963));
#10110=CARTESIAN_POINT('',(70.0606061157651,-58.0381489732394,33.7500000063963));
#10111=CARTESIAN_POINT('',(60.0000000000047,-61.5381489734361,37.2500000067587));
#10112=CARTESIAN_POINT('',(60.0000000000047,-61.5381489733138,37.2500000066364));
#10113=CARTESIAN_POINT('',(62.5000000000047,-64.0381489733246,39.7500000067587));
#10114=CARTESIAN_POINT('',(59.4402615887075,-60.9784105621736,36.6902615954712));
#10115=CARTESIAN_POINT('',(66.5000000000047,-64.0381489733275,39.7500000067587));
#10116=CARTESIAN_POINT('',(69.5303030578806,-64.0381489733297,39.7500000067587));
#10117=CARTESIAN_POINT('',(69.0000000000047,-61.5381489734425,37.2500000067587));
#10118=CARTESIAN_POINT('',(68.5101010193966,-62.0280479540281,37.7398989873668));
#10119=CARTESIAN_POINT('',(69.0000000000047,-60.0381489732264,35.7500000064746));
#10120=CARTESIAN_POINT('Origin',(51.9999999999967,-54.4211602640226,47.2500000067587));
#10121=CARTESIAN_POINT('',(52.9999999999967,-54.4211602640226,44.2500012286604));
#10122=CARTESIAN_POINT('',(51.4999999999946,-55.2871856678058,42.7500000067587));
#10123=CARTESIAN_POINT('Origin',(51.9999999999967,-54.4211602640226,43.7500012286583));
#10124=CARTESIAN_POINT('',(51.4999999999946,-55.2871856678058,47.2500000067587));
#10125=CARTESIAN_POINT('',(52.9999999999967,-54.4211602640226,47.2500000067587));
#10126=CARTESIAN_POINT('Origin',(31.5000024438957,-43.7401816949355,44.7500000067587));
#10127=CARTESIAN_POINT('',(31.5000024438957,-43.7401816949355,42.7500000067587));
#10128=CARTESIAN_POINT('',(31.5000024438957,-43.7401816949355,42.7500000067587));
#10129=CARTESIAN_POINT('',(31.5000000000956,-43.7401802840068,61.2500000067587));
#10130=CARTESIAN_POINT('Origin',(111.999999999997,-54.421161674951,43.2500000065888));
#10131=CARTESIAN_POINT('',(112.499999999999,-55.2871870787342,42.7500000067587));
#10132=CARTESIAN_POINT('',(110.999999999997,-54.421161674951,44.2500000067611));
#10133=CARTESIAN_POINT('Origin',(111.999999999997,-54.421161674951,43.7500000067591));
#10134=CARTESIAN_POINT('',(110.999999999997,-54.421161674951,43.2500000065888));
#10135=CARTESIAN_POINT('',(112.499999999999,-55.2871870787342,43.2500000065888));
#10136=CARTESIAN_POINT('Origin',(110.999999999997,-48.3878830721033,41.7500000064189));
#10137=CARTESIAN_POINT('',(110.999999999997,-60.4706828394942,39.010960997542));
#10138=CARTESIAN_POINT('',(110.999999999997,-57.5873443356907,41.5080053895424));
#10139=CARTESIAN_POINT('',(110.999999999997,-56.0381489732009,34.5784271310839));
#10140=CARTESIAN_POINT('',(110.999999999997,-58.2113689356799,36.7516470936254));
#10141=CARTESIAN_POINT('',(110.999999999997,-56.038148973189,33.7500000063056));
#10142=CARTESIAN_POINT('',(110.999999999997,-56.038148973189,42.5625002022489));
#10143=CARTESIAN_POINT('',(110.999999999997,-51.038148973189,33.7500000060791));
#10144=CARTESIAN_POINT('',(110.999999999997,-52.2130160228274,33.7500000061324));
#10145=CARTESIAN_POINT('',(110.999999999997,-43.5500758060998,41.2380731724899));
#10146=CARTESIAN_POINT('',(110.999999999997,-48.3755824977726,36.4125664812543));
#10147=CARTESIAN_POINT('',(110.999999999997,-43.5500758060998,44.7736070782625));
#10148=CARTESIAN_POINT('',(110.999999999997,-43.5500758060998,44.7500000065888));
#10149=CARTESIAN_POINT('',(110.999999999997,-43.0272329261976,45.2964499581173));
#10150=CARTESIAN_POINT('Origin',(52.9999999999975,-63.081414301882,44.7500000067587));
#10151=CARTESIAN_POINT('',(53.9999999999967,-63.6587659820026,42.1990441402309));
#10152=CARTESIAN_POINT('',(52.9999999999965,-63.0814157128096,41.6216938710117));
#10153=CARTESIAN_POINT('',(39.4967234596525,-55.2852953672561,33.825573525105));
#10154=CARTESIAN_POINT('',(53.9999999999967,-63.6587659820026,41.7500000063059));
#10155=CARTESIAN_POINT('',(52.9999999999967,-63.0814143018815,47.2500000067587));
#10156=CARTESIAN_POINT('Origin',(23.5000000000942,-46.049582771676,33.7500000058531));
#10157=CARTESIAN_POINT('',(32.100000000365,-51.0147950868911,49.7500000060781));
#10158=CARTESIAN_POINT('',(37.3300865879977,-54.034386986163,44.5199134184619));
#10159=CARTESIAN_POINT('',(29.5000000001013,-49.5136843868369,49.7500000067587));
#10160=CARTESIAN_POINT('',(34.2474851263409,-52.254646202461,49.7500000061342));
#10161=CARTESIAN_POINT('',(29.5000000001013,-49.5136843868369,35.6500000060063));
#10162=CARTESIAN_POINT('',(29.5000000001013,-49.5136843868374,55.7500000063059));
#10163=CARTESIAN_POINT('',(31.5000000000984,-50.6683849252215,33.7500000060624));
#10164=CARTESIAN_POINT('',(16.9379219892036,-42.2609652656237,47.5839741160243));
#10165=CARTESIAN_POINT('',(34.2474851263409,-52.254646202461,33.7500000061342));
#10166=CARTESIAN_POINT('',(58.1212122314844,-66.0381489732498,33.7500000067587));
#10167=CARTESIAN_POINT('Origin',(53.4999999999967,-37.3750758060998,49.7500000067587));
#10168=CARTESIAN_POINT('',(53.5272815250865,-37.0381489712409,47.7500000067587));
#10169=CARTESIAN_POINT('',(52.9999999999967,-43.5500758060998,41.2380731724899));
#10170=CARTESIAN_POINT('',(53.0881049178817,-42.4619800702203,42.3261689082708));
#10171=CARTESIAN_POINT('',(52.9999999999967,-43.5500758060998,44.7736070782625));
#10172=CARTESIAN_POINT('',(52.9999999999967,-43.5500758060998,49.7500000067587));
#10173=CARTESIAN_POINT('',(53.4029467958629,-38.5736828771526,49.7500000067587));
#10174=CARTESIAN_POINT('',(53.2379333235412,-40.6115992603249,47.7120836237711));
#10175=CARTESIAN_POINT('',(53.9999999999967,-31.2000758060998,49.7500000067587));
#10176=CARTESIAN_POINT('',(55.0760138943868,-17.9113042103815,49.7500000049448));
#10177=CARTESIAN_POINT('',(53.9999999999967,-31.2000758060998,47.7500000067587));
#10178=CARTESIAN_POINT('',(53.9999999999968,-31.2000758060998,49.7500000067587));
#10179=CARTESIAN_POINT('',(55.9695149517966,-6.87656615137022,47.7500000067587));
#10180=CARTESIAN_POINT('Origin',(60.9999999999967,-43.5736828776057,44.7500000067587));
#10181=CARTESIAN_POINT('',(52.9999999999967,-39.2302811094489,49.0934017745219));
#10182=CARTESIAN_POINT('',(60.4053542684602,-38.5736828771526,49.7500000067587));
#10183=CARTESIAN_POINT('',(60.2290966824598,-40.7592769435578,47.5644059405516));
#10184=CARTESIAN_POINT('',(60.9999999999967,-38.5736828771526,49.7500000067587));
#10185=CARTESIAN_POINT('Origin',(52.9999999999967,-31.2000758060998,49.7500000067587));
#10186=CARTESIAN_POINT('',(52.9999999999967,-51.038148973189,33.7500000060791));
#10187=CARTESIAN_POINT('',(52.9999999999967,-42.0786306807975,42.7095182976589));
#10188=CARTESIAN_POINT('',(52.9999999999967,-56.038148973189,33.7500000063056));
#10189=CARTESIAN_POINT('',(52.9999999999967,-12.7825968914462,33.750000004346));
#10190=CARTESIAN_POINT('',(52.9999999999967,-56.0381489732009,34.5784271310839));
#10191=CARTESIAN_POINT('',(52.9999999999967,-56.038148973189,46.5625002024188));
#10192=CARTESIAN_POINT('',(52.9999999999967,-60.4706828394718,39.0109609975613));
#10193=CARTESIAN_POINT('',(52.9999999999967,-55.9144171194378,34.454695277321));
#10194=CARTESIAN_POINT('',(52.9999999999967,-47.8415463161771,49.948114054581));
#10195=CARTESIAN_POINT('Origin',(109.999999999997,-51.038148973189,33.7500000060791));
#10196=CARTESIAN_POINT('',(60.5291876479692,-37.0381489712409,47.7500000067587));
#10197=CARTESIAN_POINT('',(60.9999999999967,-37.0381489712409,47.7500000067587));
#10198=CARTESIAN_POINT('',(59.9999999999967,-43.6000758060998,41.1880731724944));
#10199=CARTESIAN_POINT('',(60.0795469956738,-42.6136930597039,42.1744559188009));
#10200=CARTESIAN_POINT('',(59.9999999999967,-51.038148973189,33.7500000060791));
#10201=CARTESIAN_POINT('',(59.9999999999967,-42.0786306807975,42.7095182976589));
#10202=CARTESIAN_POINT('',(96.0000000000413,-51.038148973189,33.7500000060791));
#10203=CARTESIAN_POINT('Origin',(110.499999999997,-37.3750758060998,44.7500000065888));
#10204=CARTESIAN_POINT('',(110.597053204131,-38.5736828771526,49.7500000067587));
#10205=CARTESIAN_POINT('',(110.874386760105,-41.9987522934303,46.3249305907914));
#10206=CARTESIAN_POINT('',(110.472718474907,-37.0381489712409,47.7500000067587));
#10207=CARTESIAN_POINT('',(111.104268752662,-44.8377949015165,39.9503540771898));
#10208=CARTESIAN_POINT('',(109.999999999997,-31.2000758060998,47.7500000067587));
#10209=CARTESIAN_POINT('',(108.030485048197,-6.87656615137021,47.7500000067587));
#10210=CARTESIAN_POINT('',(109.999999999997,-31.2000758060998,49.7500000067587));
#10211=CARTESIAN_POINT('',(109.999999999997,-31.2000758060998,48.7500000067587));
#10212=CARTESIAN_POINT('',(108.923986105607,-17.9113042103832,49.7500000049448));
#10213=CARTESIAN_POINT('Origin',(81.9999999999968,21.7141726453512,47.7500000067587));
#10214=CARTESIAN_POINT('',(103.470812352024,-37.0381489712409,47.7500000067587));
#10215=CARTESIAN_POINT('',(95.9999999999968,-37.0381489712409,47.7500000067587));
#10216=CARTESIAN_POINT('',(102.999999999997,-31.2000758060998,47.7500000067587));
#10217=CARTESIAN_POINT('',(101.06230072112,-7.17260474802563,47.7500000067587));
#10218=CARTESIAN_POINT('',(102.999999999997,47.3079130166154,47.7500000067587));
#10219=CARTESIAN_POINT('',(102.999999999997,-1.24295158037426,47.7500000067587));
#10220=CARTESIAN_POINT('',(109.999999999997,47.3079130166154,47.7500000067587));
#10221=CARTESIAN_POINT('',(92.4999999999968,47.3079130166154,47.7500000067587));
#10222=CARTESIAN_POINT('',(109.999999999997,13.6000000000946,47.7500000067587));
#10223=CARTESIAN_POINT('',(109.999999999997,70.5869692124494,47.7500000067587));
#10224=CARTESIAN_POINT('',(106.499999999997,13.6000000000943,47.7500000067587));
#10225=CARTESIAN_POINT('',(94.2499999999972,13.6000000000931,47.7500000067587));
#10226=CARTESIAN_POINT('',(106.499999999997,7.60000000009428,47.7500000067587));
#10227=CARTESIAN_POINT('',(106.499999999997,14.6570863227228,47.7500000067587));
#10228=CARTESIAN_POINT('',(109.999999999997,7.60000000009428,47.7500000067587));
#10229=CARTESIAN_POINT('',(95.9999999999968,7.60000000009428,47.7500000067587));
#10230=CARTESIAN_POINT('',(109.999999999997,-7.59999999990318,47.7500000067587));
#10231=CARTESIAN_POINT('',(109.999999999997,70.5869692124494,47.7500000067587));
#10232=CARTESIAN_POINT('',(106.499999999997,-7.59999999990318,47.7500000067587));
#10233=CARTESIAN_POINT('',(94.2499999999968,-7.59999999990318,47.7500000067587));
#10234=CARTESIAN_POINT('',(106.499999999997,-13.5999999999032,47.7500000067587));
#10235=CARTESIAN_POINT('',(106.499999999997,4.05708632272404,47.7500000067587));
#10236=CARTESIAN_POINT('',(109.999999999997,-13.5999999999032,47.7500000067587));
#10237=CARTESIAN_POINT('',(95.9999999999968,-13.5999999999032,47.7500000067587));
#10238=CARTESIAN_POINT('',(109.999999999997,70.5869692124494,47.7500000067587));
#10239=CARTESIAN_POINT('',(107.700000000003,-28.9999999999044,47.7500000067587));
#10240=CARTESIAN_POINT('Origin',(106.500000000003,-28.9999999999044,47.7500000067587));
#10241=CARTESIAN_POINT('',(107.700000000003,29.0000000000956,47.7500000067587));
#10242=CARTESIAN_POINT('Origin',(106.500000000003,29.0000000000956,47.7500000067587));
#10243=CARTESIAN_POINT('Origin',(109.999999999997,-51.038148973189,33.7500000060791));
#10244=CARTESIAN_POINT('',(103.999999999997,-51.038148973189,33.7500000060791));
#10245=CARTESIAN_POINT('',(109.999999999997,-51.038148973189,33.7500000060791));
#10246=CARTESIAN_POINT('',(103.999999999997,-43.6000758060998,41.1880731724944));
#10247=CARTESIAN_POINT('',(103.999999999997,-50.1725343145321,34.6156146646576));
#10248=CARTESIAN_POINT('',(104.011208871046,-43.7390658071153,41.0490831714915));
#10249=CARTESIAN_POINT('Origin',(101.599999999997,-52.2434373684635,47.2622828581042));
#10250=CARTESIAN_POINT('',(103.999999999997,-52.1224380063855,43.8372838488698));
#10251=CARTESIAN_POINT('',(103.746357390786,-53.1776005536326,43.2894065200652));
#10252=CARTESIAN_POINT('Origin',(101.599999999997,-52.2862274042165,48.4734944508122));
#10253=CARTESIAN_POINT('',(103.746357390786,-53.3166160638635,47.2243692887312));
#10254=CARTESIAN_POINT('',(103.999999999997,-52.2434373684635,47.2622828581042));
#10255=CARTESIAN_POINT('Origin',(99.2089252042489,-62.2782650626152,44.0197032634119));
#10256=CARTESIAN_POINT('',(101.49999999999,-57.6703153352037,43.2894065200652));
#10257=CARTESIAN_POINT('',(99.1986051498682,-62.2731050354248,43.2894065200652));
#10258=CARTESIAN_POINT('',(101.867433132377,-56.960524758556,43.999197096681));
#10259=CARTESIAN_POINT('',(100.114244023076,-60.3472555652681,40.612466290121));
#10260=CARTESIAN_POINT('',(101.86409689013,-56.9605247585602,43.8103262433291));
#10261=CARTESIAN_POINT('Origin',(62.3999999999967,-52.2180856332764,46.5446785157941));
#10262=CARTESIAN_POINT('',(60.253642609206,-53.1776005535584,43.2894065200893));
#10263=CARTESIAN_POINT('',(59.9999999999967,-52.1224380063134,43.8372838488913));
#10264=CARTESIAN_POINT('Origin',(62.3999999999967,-52.2862274041421,48.4734944508358));
#10265=CARTESIAN_POINT('',(59.9999999999967,-52.2180856332764,46.5446785157941));
#10266=CARTESIAN_POINT('',(60.253642609206,-53.2912643286741,46.5067649464217));
#10267=CARTESIAN_POINT('Origin',(59.9999999999967,-31.2000758060998,49.7500000067587));
#10268=CARTESIAN_POINT('',(59.9999999999967,-58.7097218487539,37.2500000067587));
#10269=CARTESIAN_POINT('',(59.9999999999967,-48.7073103377703,47.2524115172748));
#10270=CARTESIAN_POINT('',(59.9999999999967,-44.6191123896444,37.2500000067587));
#10271=CARTESIAN_POINT('',(60.0000000000047,-26.2016334747643,33.7500000049539));
#10272=CARTESIAN_POINT('',(59.9999999999967,-43.6000758060998,49.7500000067587));
#10273=CARTESIAN_POINT('Origin',(71.0000000000047,-66.038148973189,33.7500000063963));
#10274=CARTESIAN_POINT('',(71.000001057983,-64.0381489732387,44.1500000066907));
#10275=CARTESIAN_POINT('',(71.0000000000047,-66.0381489731886,44.1500000067503));
#10276=CARTESIAN_POINT('',(71.000001057983,-64.0381489732387,44.1500000066907));
#10277=CARTESIAN_POINT('',(71.0000000000047,-64.3060981656719,33.7500000065775));
#10278=CARTESIAN_POINT('Origin',(71.000001057983,-64.0381489732387,44.1500000066907));
#10279=CARTESIAN_POINT('Origin',(92.9999999999879,-58.038148973189,44.1500000066907));
#10280=CARTESIAN_POINT('',(93.0000013858085,-64.0381489732574,44.1500000066907));
#10281=CARTESIAN_POINT('',(92.9999999999874,-62.1812270350238,44.1500000067688));
#10282=CARTESIAN_POINT('',(92.9999999999874,-66.0381489731886,44.1500000067688));
#10283=CARTESIAN_POINT('',(93.0000013858085,-64.0381489732574,44.1500000066907));
#10284=CARTESIAN_POINT('',(92.9999999999874,-62.1812270350238,37.8930780683518));
#10285=CARTESIAN_POINT('',(93.0000011837093,-63.16314764873,38.8749986821026));
#10286=CARTESIAN_POINT('',(92.9999999999874,-62.1812270350238,50.9375005940108));
#10287=CARTESIAN_POINT('Origin',(92.9999999999874,-66.038148973189,53.0000007897615));
#10288=CARTESIAN_POINT('',(92.9999999999874,-64.3060981656863,40.0179491991106));
#10289=CARTESIAN_POINT('',(92.9999999999874,-66.8506491689858,42.5625002025254));
#10290=CARTESIAN_POINT('',(92.9999999999874,-64.3060981656863,43.3750003982601));
#10291=CARTESIAN_POINT('Origin',(63.2049254084856,-56.4239354108077,44.0645843486502));
#10292=CARTESIAN_POINT('',(63.217799000757,-57.6239354108242,43.335786444415));
#10293=CARTESIAN_POINT('',(62.1325668676229,-56.9605247585075,43.9991970967009));
#10294=CARTESIAN_POINT('Origin',(63.1966020260735,-56.423935410797,44.5357864443879));
#10295=CARTESIAN_POINT('',(62.1317467130903,-56.9605247585065,44.045627563964));
#10296=CARTESIAN_POINT('',(63.2049254084848,-57.6239354108077,44.0645843486774));
#10297=CARTESIAN_POINT('Origin',(60.6410747957107,-53.9782650625172,44.019703263424));
#10298=CARTESIAN_POINT('',(62.5000000000072,-57.6703153351515,43.2894065200893));
#10299=CARTESIAN_POINT('',(62.9296593266492,-58.5003116374411,42.4594102178376));
#10300=CARTESIAN_POINT('',(60.6513948500911,-53.973105035327,43.2894065200893));
#10301=CARTESIAN_POINT('Origin',(65.7941934042226,-56.4239354108107,44.0146987028174));
#10302=CARTESIAN_POINT('',(65.7822009992584,-57.623935410826,43.335786444415));
#10303=CARTESIAN_POINT('Origin',(65.8033979739454,-56.4239354107989,44.5357864443879));
#10304=CARTESIAN_POINT('',(65.7941934042217,-57.6239354108107,44.0146987028445));
#10305=CARTESIAN_POINT('Origin',(61.9999999999983,-57.6239354108073,44.0428932255869));
#10306=CARTESIAN_POINT('',(61.9999999999983,-57.6239354108233,43.335786444415));
#10307=CARTESIAN_POINT('Origin',(100.790918194735,-56.4239354108602,43.8292830280156));
#10308=CARTESIAN_POINT('',(100.782200999242,-57.6239354108714,43.3357864443948));
#10309=CARTESIAN_POINT('Origin',(100.803397973927,-56.4239354108442,44.5357864443677));
#10310=CARTESIAN_POINT('',(100.790918194734,-57.6239354108602,43.8292830280428));
#10311=CARTESIAN_POINT('Origin',(79.4999999999897,-57.6239354108401,44.0428932255768));
#10312=CARTESIAN_POINT('',(98.2177990007404,-57.6239354108696,43.3357864443948));
#10313=CARTESIAN_POINT('',(79.4999999999897,-57.6239354108561,43.3357864443948));
#10314=CARTESIAN_POINT('',(98.2016501989964,-57.6239354108488,44.25000002347));
#10315=CARTESIAN_POINT('Origin',(98.2016501989973,-56.4239354108489,44.2500000234429));
#10316=CARTESIAN_POINT('Origin',(98.1966020260557,-56.4239354108424,44.5357864443676));
#10317=CARTESIAN_POINT('Origin',(69.0000000000052,-51.0381489716794,44.1500000066907));
#10318=CARTESIAN_POINT('',(91.9999999999874,-51.0381489716795,48.5750003982261));
#10319=CARTESIAN_POINT('',(77.8528216672027,-51.0381489716794,39.1500000066907));
#10320=CARTESIAN_POINT('',(77.8528216672027,-51.0381489716794,44.1500000066907));
#10321=CARTESIAN_POINT('',(86.1471783327977,-51.0381489716794,39.1500000066907));
#10322=CARTESIAN_POINT('',(75.5000000000027,-51.0381489716794,39.1500000066907));
#10323=CARTESIAN_POINT('',(86.1471783327977,-51.0381489716794,44.1500000066907));
#10324=CARTESIAN_POINT('Origin',(91.9999999999874,-54.0381489716795,48.5750003982261));
#10325=CARTESIAN_POINT('',(94.9999999999874,-54.0381489716795,48.5750003982261));
#10326=CARTESIAN_POINT('Origin',(94.9999999999874,-66.038148973189,53.0000007897615));
#10327=CARTESIAN_POINT('',(94.9999999999874,-61.5381489734612,37.2500000067587));
#10328=CARTESIAN_POINT('',(94.9999999999874,-62.038148973189,37.2500000067587));
#10329=CARTESIAN_POINT('',(94.9999999999874,-61.5381489733264,37.2500000066239));
#10330=CARTESIAN_POINT('Origin',(62.5000000000047,-61.2097218486425,39.7500000067587));
#10331=CARTESIAN_POINT('',(62.5000000000047,-61.2097218486425,39.7500000067587));
#10332=CARTESIAN_POINT('',(62.5000000000047,-61.2097218486425,39.7500000067587));
#10333=CARTESIAN_POINT('',(60.3830706302552,-59.0927924789941,37.6330706370159));
#10334=CARTESIAN_POINT('Origin',(66.5000000000047,-61.2097218486454,39.7500000067587));
#10335=CARTESIAN_POINT('',(69.5303030578826,-61.2097218486475,39.7500000067587));
#10336=CARTESIAN_POINT('Origin',(69.0000000000047,-66.038148973189,33.7500000063963));
#10337=CARTESIAN_POINT('',(69.0000000000047,-62.038148973189,37.2500000067587));
#10338=CARTESIAN_POINT('Origin',(78.1999999999965,-58.038148973189,33.7500000063963));
#10339=CARTESIAN_POINT('',(78.1999999999965,-70.0381489732179,38.750000035097));
#10340=CARTESIAN_POINT('Origin',(78.1999999999965,-69.0381489732179,38.750000035097));
#10341=CARTESIAN_POINT('Origin',(91.0000000058503,-69.038148973217,38.7499999977813));
#10342=CARTESIAN_POINT('',(91.0000000058504,-70.038148973217,38.7499999977813));
#10343=CARTESIAN_POINT('Origin',(82.0000000000002,-54.5381489717442,44.1500000066907));
#10344=CARTESIAN_POINT('',(83.7000000000002,-54.5381489717442,39.1500000066907));
#10345=CARTESIAN_POINT('Origin',(82.0000000000002,-54.5381489717442,39.1500000066907));
#10346=CARTESIAN_POINT('',(83.7000000000002,-54.5381489717442,44.1500000066907));
#10347=CARTESIAN_POINT('Origin',(70.0606061157622,-62.0381489732394,37.7500000065775));
#10348=CARTESIAN_POINT('',(97.4999999999874,-64.0381489733498,39.7500000067587));
#10349=CARTESIAN_POINT('',(91.5101010190595,-58.0482499926889,33.7601010258308));
#10350=CARTESIAN_POINT('',(101.499999999987,-64.0381489733526,39.7500000067587));
#10351=CARTESIAN_POINT('',(87.0303030578719,-64.0381489733422,39.7500000067587));
#10352=CARTESIAN_POINT('',(103.999999999987,-61.5381489734677,37.2500000067587));
#10353=CARTESIAN_POINT('',(97.8819725721094,-67.6561764010505,43.3680274346231));
#10354=CARTESIAN_POINT('',(103.999999999987,-58.0381489732638,33.7500000063963));
#10355=CARTESIAN_POINT('',(103.999999999987,-60.038148973239,35.7500000064621));
#10356=CARTESIAN_POINT('',(119.735194228946,-58.0381489732752,33.7500000063963));
#10357=CARTESIAN_POINT('',(70.0606061157651,-58.0381489732394,33.7500000063963));
#10358=CARTESIAN_POINT('',(105.878787768484,-66.0381489732677,41.7500000067587));
#10359=CARTESIAN_POINT('',(97.9046145651082,-70.642040018825,46.3538910525328));
#10360=CARTESIAN_POINT('',(95.9999999999874,-66.0381489732581,41.7500000067587));
#10361=CARTESIAN_POINT('',(70.0606061157593,-66.0381489732394,41.7500000067587));
#10362=CARTESIAN_POINT('',(86.5139995128294,-60.5614040384554,36.2732550717147));
#10363=CARTESIAN_POINT('Origin',(107.499999999997,-54.5381489717439,46.7390437974245));
#10364=CARTESIAN_POINT('',(109.349999999997,-54.5381489717439,38.5390437974245));
#10365=CARTESIAN_POINT('',(109.349999999997,-54.5381489717439,46.7390437974245));
#10366=CARTESIAN_POINT('Origin',(107.499999999997,-54.5381489717439,38.5390437974245));
#10367=CARTESIAN_POINT('Origin',(56.5000000000031,-54.5381489717442,46.7390437974245));
#10368=CARTESIAN_POINT('',(58.3500000000031,-54.5381489717442,38.5390437974245));
#10369=CARTESIAN_POINT('',(58.3500000000031,-54.5381489717442,46.7390437974245));
#10370=CARTESIAN_POINT('Origin',(56.5000000000031,-54.5381489717442,38.5390437974245));
#10371=CARTESIAN_POINT('Origin',(60.4999999999967,-37.4000758060998,49.7500000067587));
#10372=CARTESIAN_POINT('',(60.9999999999968,-31.2000758060998,47.7500000067587));
#10373=CARTESIAN_POINT('',(62.9376992788736,-7.17260474802563,47.7500000067587));
#10374=CARTESIAN_POINT('',(60.9999999999968,-31.2000758060998,49.7500000067587));
#10375=CARTESIAN_POINT('',(60.9999999999967,-31.2000758060998,49.7500000067587));
#10376=CARTESIAN_POINT('',(62.2935302309753,-15.1603009419655,49.7500000067587));
#10377=CARTESIAN_POINT('Origin',(58.1212122314844,-66.0381489732308,33.7500000067587));
#10378=CARTESIAN_POINT('',(95.9999999999874,-66.0381489732581,43.3750003982601));
#10379=CARTESIAN_POINT('',(105.878787768484,-66.0381489732677,33.7500000067587));
#10380=CARTESIAN_POINT('Origin',(109.999999999997,-43.5736828776057,44.7500000067587));
#10381=CARTESIAN_POINT('',(103.594645731533,-38.5736828771526,49.7500000067587));
#10382=CARTESIAN_POINT('',(109.999999999997,-38.5736828771526,49.7500000067587));
#10383=CARTESIAN_POINT('',(103.782247800875,-40.8999485369842,47.423734347138));
#10384=CARTESIAN_POINT('Origin',(103.499999999997,-37.4000758060998,49.7500000067587));
#10385=CARTESIAN_POINT('',(102.999999999997,-31.2000758060998,49.7500000067587));
#10386=CARTESIAN_POINT('',(101.706469769019,-15.1603009419726,49.7500000067587));
#10387=CARTESIAN_POINT('',(102.999999999997,-31.2000758060998,49.7500000067587));
#10388=CARTESIAN_POINT('',(103.999999999997,-43.6000758060998,49.7500000067587));
#10389=CARTESIAN_POINT('Origin',(86.1471783327977,-51.0381489716794,44.1500000066907));
#10390=CARTESIAN_POINT('',(84.9943700614963,-55.340488011562,39.1500000066907));
#10391=CARTESIAN_POINT('',(84.9943700614963,-55.340488011562,39.1500000066907));
#10392=CARTESIAN_POINT('',(84.9943700614963,-55.340488011562,44.1500000066907));
#10393=CARTESIAN_POINT('Origin',(82.0000000000002,-54.5381489717442,44.1500000066907));
#10394=CARTESIAN_POINT('',(79.0056299385041,-55.340488011562,39.1500000066907));
#10395=CARTESIAN_POINT('Origin',(82.0000000000002,-54.5381489717442,39.1500000066907));
#10396=CARTESIAN_POINT('',(79.0056299385041,-55.340488011562,44.1500000066907));
#10397=CARTESIAN_POINT('Origin',(79.0056299385041,-55.340488011562,44.1500000066907));
#10398=CARTESIAN_POINT('',(79.0056299385041,-55.340488011562,39.1500000066907));
#10399=CARTESIAN_POINT('Origin',(82.0000000000002,-54.5381489717442,39.1500000066907));
#10400=CARTESIAN_POINT('Origin',(107.499999999997,-54.5381489717439,38.5390437974245));
#10401=CARTESIAN_POINT('Origin',(56.5000000000031,-54.5381489717442,38.5390437974245));
#10402=CARTESIAN_POINT('Origin',(81.9999999999968,21.7141726453512,47.7500000067587));
#10403=CARTESIAN_POINT('',(53.9999999999968,-13.5999999999032,47.7500000067587));
#10404=CARTESIAN_POINT('',(53.9999999999968,-34.2934775739763,47.7500000067587));
#10405=CARTESIAN_POINT('',(57.4999999999967,-13.5999999999032,47.7500000067587));
#10406=CARTESIAN_POINT('',(69.7499999999968,-13.5999999999032,47.7500000067587));
#10407=CARTESIAN_POINT('',(57.4999999999967,-7.59999999990317,47.7500000067587));
#10408=CARTESIAN_POINT('',(57.4999999999967,7.05708632272404,47.7500000067587));
#10409=CARTESIAN_POINT('',(53.9999999999968,-7.59999999990317,47.7500000067587));
#10410=CARTESIAN_POINT('',(67.9999999999968,-7.59999999990317,47.7500000067587));
#10411=CARTESIAN_POINT('',(53.9999999999968,7.60000000009428,47.7500000067587));
#10412=CARTESIAN_POINT('',(53.9999999999968,70.5869692124534,47.7500000067587));
#10413=CARTESIAN_POINT('',(57.4999999999967,7.60000000009394,47.7500000067587));
#10414=CARTESIAN_POINT('',(69.7499999999968,7.60000000009428,47.7500000067587));
#10415=CARTESIAN_POINT('',(57.4999999999967,13.6000000000946,47.7500000067587));
#10416=CARTESIAN_POINT('',(57.4999999999967,17.6570863227229,47.7500000067587));
#10417=CARTESIAN_POINT('',(53.9999999999968,13.6000000000946,47.7500000067587));
#10418=CARTESIAN_POINT('',(67.9999999999968,13.6000000000946,47.7500000067587));
#10419=CARTESIAN_POINT('',(53.9999999999967,47.3079130166154,47.7500000067587));
#10420=CARTESIAN_POINT('',(53.9999999999968,70.5869692124534,47.7500000067587));
#10421=CARTESIAN_POINT('',(60.9999999999967,47.3079130166154,47.7500000067587));
#10422=CARTESIAN_POINT('',(71.4999999999968,47.3079130166154,47.7500000067587));
#10423=CARTESIAN_POINT('',(60.9999999999968,74.6284210968023,47.7500000067587));
#10424=CARTESIAN_POINT('',(58.7000000000033,-28.9999999999044,47.7500000067587));
#10425=CARTESIAN_POINT('Origin',(57.5000000000033,-28.9999999999044,47.7500000067587));
#10426=CARTESIAN_POINT('',(58.7000000000031,29.0000000000956,47.7500000067587));
#10427=CARTESIAN_POINT('Origin',(57.5000000000031,29.0000000000956,47.7500000067587));
#10428=CARTESIAN_POINT('Origin',(60.9999999999968,74.6284210968023,49.7500000067587));
#10429=CARTESIAN_POINT('',(60.9999999999967,71.9794859028115,49.7500000067587));
#10430=CARTESIAN_POINT('',(60.9999999999967,71.9794859028115,45.2500000068655));
#10431=CARTESIAN_POINT('',(60.9999999999968,71.9794859028115,48.7500000067587));
#10432=CARTESIAN_POINT('',(60.9999999999967,-12.7825968910837,49.7500000067587));
#10433=CARTESIAN_POINT('',(60.9999999999967,61.3079130211162,33.7500000009893));
#10434=CARTESIAN_POINT('',(60.9999999999967,58.021301367593,37.0366116548103));
#10435=CARTESIAN_POINT('',(60.9999999999967,61.3079130211538,34.5784271263971));
#10436=CARTESIAN_POINT('',(60.9999999999967,61.307913021134,37.2500000038204));
#10437=CARTESIAN_POINT('',(60.9999999999967,72.223826479283,45.4943405833259));
#10438=CARTESIAN_POINT('',(60.9999999999967,51.5505537035424,47.7500000067587));
#10439=CARTESIAN_POINT('',(60.9999999999967,60.4532980543162,38.8472556551783));
#10440=CARTESIAN_POINT('',(60.9999999999967,54.203281880634,45.0972718294268));
#10441=CARTESIAN_POINT('',(60.9999999999967,59.3036667163532,47.7500000067587));
#10442=CARTESIAN_POINT('',(60.9999999999968,74.6284210968023,47.7500000067587));
#10443=CARTESIAN_POINT('',(60.9999999999967,61.3079130211162,45.7500000067587));
#10444=CARTESIAN_POINT('',(60.9999999999968,63.2948951379645,43.7672276178299));
#10445=CARTESIAN_POINT('',(60.9999999999967,61.3079130211162,39.1986881424867));
#10446=CARTESIAN_POINT('',(60.9999999999967,61.3079130211162,49.7500000067587));
#10447=CARTESIAN_POINT('Origin',(60.9999999999967,60.8068514449255,39.2008090457556));
#10448=CARTESIAN_POINT('Origin',(81.999999999996,-56.038148973189,43.3750003980789));
#10449=CARTESIAN_POINT('',(44.8007041558196,-56.0381489732202,33.7500000037669));
#10450=CARTESIAN_POINT('',(63.4003520779894,-56.0381489731981,33.7500000063056));
#10451=CARTESIAN_POINT('',(44.8007041558196,-56.0381489732202,34.5784271311149));
#10452=CARTESIAN_POINT('',(44.8007041558196,-56.0381489732202,33.7500000037669));
#10453=CARTESIAN_POINT('',(57.4306551357851,-56.0381489732052,34.5784271310907));
#10454=CARTESIAN_POINT('Origin',(70.0606061157632,-60.6239354108343,39.1642135689185));
#10455=CARTESIAN_POINT('',(52.0260803235518,-60.2097218486803,38.7500000067587));
#10456=CARTESIAN_POINT('',(58.6124440666215,-61.9745326946617,40.5148108528154));
#10457=CARTESIAN_POINT('',(45.7034683149304,-56.5593601035005,35.0996382614182));
#10458=CARTESIAN_POINT('Origin',(37.6999999997385,-66.0381489731883,44.1500000067223));
#10459=CARTESIAN_POINT('',(33.5000000000894,-49.5136843868403,48.3500000063581));
#10460=CARTESIAN_POINT('',(37.901515159431,-52.0549003489427,43.9484848470305));
#10461=CARTESIAN_POINT('',(32.1000000014982,-48.1567135245376,49.7500000049448));
#10462=CARTESIAN_POINT('Origin',(35.5000000000979,-46.0495827717074,46.350000006356));
#10463=CARTESIAN_POINT('',(32.0999999996843,-30.201633474628,49.7500000067587));
#10464=CARTESIAN_POINT('Origin',(29.5000000000635,-11.5381489732808,77.7500000067587));
#10465=CARTESIAN_POINT('',(29.5000000000635,-11.5999999999045,35.6500000042918));
#10466=CARTESIAN_POINT('',(29.5000000000425,9.46144278813371,35.6500000033394));
#10467=CARTESIAN_POINT('',(29.5000000000635,-11.5381489732808,49.7500000067587));
#10468=CARTESIAN_POINT('',(29.5000000000549,-2.95163347470041,49.7500000067587));
#10469=CARTESIAN_POINT('',(29.5000000000635,-11.5381489732808,41.4118510308891));
#10470=CARTESIAN_POINT('',(29.5000000000635,-11.5381489732808,77.7500000067587));
#10471=CARTESIAN_POINT('',(29.5000000000635,-11.5999999999045,41.3500000042924));
#10472=CARTESIAN_POINT('',(29.5000000000538,-1.88453724262716,51.0654627573149));
#10473=CARTESIAN_POINT('',(29.5000000000635,-11.5999999999045,55.7500000055255));
#10474=CARTESIAN_POINT('Origin',(27.5000000000247,30.4610345515359,37.5500000023868));
#10475=CARTESIAN_POINT('',(31.5,-11.5999999999032,33.7500000042924));
#10476=CARTESIAN_POINT('',(27.397503285687,-11.5999999999059,37.6473718829495));
#10477=CARTESIAN_POINT('',(31.5000000000247,30.4610345513674,33.7500000023868));
#10478=CARTESIAN_POINT('Origin',(136.499999999994,-20.2073503737472,37.5500000046823));
#10479=CARTESIAN_POINT('',(134.500000000015,-11.5999999999045,35.650000004293));
#10480=CARTESIAN_POINT('',(134.4999999999,-49.5136843869432,35.6500000059853));
#10481=CARTESIAN_POINT('',(134.499999999945,-34.8605173813242,35.6500000053312));
#10482=CARTESIAN_POINT('',(132.499999999924,-50.6683849252084,33.7500000060624));
#10483=CARTESIAN_POINT('',(130.196996687643,-51.9980245075053,31.5621468594591));
#10484=CARTESIAN_POINT('',(132.5,-11.5999999999033,33.7500000042924));
#10485=CARTESIAN_POINT('',(132.499999999994,-20.2073503739101,33.7500000046823));
#10486=CARTESIAN_POINT('',(134.500000000104,-11.5999999999045,35.6500000043776));
#10487=CARTESIAN_POINT('Origin',(134.4999999999,-49.5136843869432,77.7500000067587));
#10488=CARTESIAN_POINT('',(134.500000000015,-11.5999999999045,41.3500000042924));
#10489=CARTESIAN_POINT('',(134.500000000015,-11.5999999999045,55.7500000055255));
#10490=CARTESIAN_POINT('',(134.500000000015,-11.5381489733703,41.4118510307996));
#10491=CARTESIAN_POINT('',(134.500000000016,-11.3784211002151,41.5715789038848));
#10492=CARTESIAN_POINT('',(134.500000000015,-11.5381489733703,49.7500000067587));
#10493=CARTESIAN_POINT('',(134.500000000015,-11.5381489733703,77.7500000067587));
#10494=CARTESIAN_POINT('',(134.4999999999,-49.5136843868365,49.7500000060101));
#10495=CARTESIAN_POINT('',(134.499999999984,-21.9394011815848,49.7500000067587));
#10496=CARTESIAN_POINT('',(134.4999999999,-49.5136843868365,55.7500000067587));
#10497=CARTESIAN_POINT('Origin',(131.899999999832,-66.0381489731883,49.7500000064343));
#10498=CARTESIAN_POINT('',(131.899999999476,-51.0147950869825,49.7500000060781));
#10499=CARTESIAN_POINT('',(119.178138488784,-58.3597652548132,37.028138495235));
#10500=CARTESIAN_POINT('',(131.899999998343,-48.1567135248025,49.7500000049448));
#10501=CARTESIAN_POINT('',(131.900000000157,-30.201633474628,49.7500000067587));
#10502=CARTESIAN_POINT('',(130.499999999919,-49.5136843868351,48.3500000065041));
#10503=CARTESIAN_POINT('Origin',(128.499999999911,-46.049582771702,46.3500000064724));
#10504=CARTESIAN_POINT('',(118.606709917358,-56.3802786175886,36.4567099238025));
#10505=CARTESIAN_POINT('Origin',(81.999999999996,-56.038148973189,43.3750003980789));
#10506=CARTESIAN_POINT('',(119.199295844084,-56.0381489732734,34.5784271311146));
#10507=CARTESIAN_POINT('',(82.5303030578874,-56.0381489731553,34.5784271310228));
#10508=CARTESIAN_POINT('',(119.199295844084,-56.0381489732734,33.7500000037669));
#10509=CARTESIAN_POINT('',(119.199295844084,-56.0381489732734,33.7500000037669));
#10510=CARTESIAN_POINT('',(63.4003520779894,-56.0381489731981,33.7500000063056));
#10511=CARTESIAN_POINT('Origin',(102.999999999997,-24.2000758060998,49.7500000067587));
#10512=CARTESIAN_POINT('',(102.999999999997,71.9794859027153,45.2500000068785));
#10513=CARTESIAN_POINT('',(102.999999999997,71.9794859027153,49.7500000067587));
#10514=CARTESIAN_POINT('',(102.999999999997,71.9794859027153,48.7500000067587));
#10515=CARTESIAN_POINT('',(102.999999999997,61.3079130211538,34.5784271263971));
#10516=CARTESIAN_POINT('',(102.999999999997,68.893699460156,42.1642135644589));
#10517=CARTESIAN_POINT('',(102.999999999997,61.3079130211162,33.7500000009893));
#10518=CARTESIAN_POINT('',(102.999999999997,61.3079130210248,37.2500000038204));
#10519=CARTESIAN_POINT('',(102.999999999997,61.3079130211162,33.7500000009893));
#10520=CARTESIAN_POINT('',(102.999999999997,74.6284210967903,49.7500000067587));
#10521=CARTESIAN_POINT('',(102.999999999997,51.5505537035424,47.7500000067587));
#10522=CARTESIAN_POINT('',(102.999999999997,59.3036667163508,47.7500000067587));
#10523=CARTESIAN_POINT('',(102.999999999997,-1.24295158037426,47.7500000067587));
#10524=CARTESIAN_POINT('',(102.999999999997,60.4532980543156,38.8472556551789));
#10525=CARTESIAN_POINT('',(102.999999999997,63.0150198020869,36.2855339071755));
#10526=CARTESIAN_POINT('',(102.999999999997,61.3079130211162,39.1986881424861));
#10527=CARTESIAN_POINT('Origin',(102.999999999997,60.8068514449249,39.2008090457561));
#10528=CARTESIAN_POINT('',(102.999999999997,61.3079130211162,45.7500000067587));
#10529=CARTESIAN_POINT('',(102.999999999997,61.3079130211162,49.7500000067587));
#10530=CARTESIAN_POINT('',(102.999999999997,38.4702613077259,68.5392666344087));
#10531=CARTESIAN_POINT('Origin',(127.312539383599,58.282168862177,37.5500000011264));
#10532=CARTESIAN_POINT('',(110.607695154715,63.307913021005,33.7500000008987));
#10533=CARTESIAN_POINT('',(113.444109017208,70.9079130209977,41.3500000005544));
#10534=CARTESIAN_POINT('',(111.66586705514,66.143220854452,36.5853078342199));
#10535=CARTESIAN_POINT('',(117.704105316109,68.4484030110724,41.3500000006659));
#10536=CARTESIAN_POINT('',(129.312539383529,61.7462704773549,41.3500000009695));
#10537=CARTESIAN_POINT('',(113.704105316102,61.5201997808218,33.7500000009797));
#10538=CARTESIAN_POINT('',(115.755353673567,65.0730661548745,37.647371880004));
#10539=CARTESIAN_POINT('',(125.312539383668,54.8180672469991,33.7500000012833));
#10540=CARTESIAN_POINT('Origin',(113.704105316102,61.5201997808218,33.7500000009797));
#10541=CARTESIAN_POINT('',(113.704105316102,61.5201997808218,41.3500000008228));
#10542=CARTESIAN_POINT('',(115.782566285182,60.320199780817,43.7500000010341));
#10543=CARTESIAN_POINT('',(112.578272291218,62.1701997808048,40.0500000004923));
#10544=CARTESIAN_POINT('',(131.717433714792,51.1201997807814,43.7500000014509));
#10545=CARTESIAN_POINT('',(114.853329786492,60.8566947234791,43.7500000010098));
#10546=CARTESIAN_POINT('',(133.795894683872,49.9201997807766,41.3500000013483));
#10547=CARTESIAN_POINT('',(129.898780367254,52.1701997805504,45.8500000011723));
#10548=CARTESIAN_POINT('',(133.795894683872,49.9201997807766,34.9810999510342));
#10549=CARTESIAN_POINT('',(133.795894683872,49.9201997807766,33.7500000015052));
#10550=CARTESIAN_POINT('',(132.500000000159,50.6683849252646,33.7500000014713));
#10551=CARTESIAN_POINT('',(137.748363461339,47.6382408681299,38.7359452897367));
#10552=CARTESIAN_POINT('',(125.312539383668,54.8180672469991,33.7500000012833));
#10553=CARTESIAN_POINT('',(113.704105316102,61.5201997808218,33.7500000009797));
#10554=CARTESIAN_POINT('Origin',(136.499999999994,-20.2073503737472,37.5500000046823));
#10555=CARTESIAN_POINT('',(135.091789367595,52.16475521423,36.2121999004643));
#10556=CARTESIAN_POINT('',(139.83012701909,54.9004357328201,40.7136206692547));
#10557=CARTESIAN_POINT('',(125.681118465346,46.7315018355855,27.2720625435864));
#10558=CARTESIAN_POINT('',(140.500000000163,52.4004357328166,41.3500000013929));
#10559=CARTESIAN_POINT('Origin',(135.500000000163,52.4004357328282,36.6000000013929));
#10560=CARTESIAN_POINT('',(140.500000000063,11.6000000000902,41.3500000032368));
#10561=CARTESIAN_POINT('',(140.499999999994,-20.2073503735843,41.3500000046823));
#10562=CARTESIAN_POINT('',(132.5,11.600000000094,33.7500000032413));
#10563=CARTESIAN_POINT('',(136.60249671526,11.6000000000921,37.6473718826736));
#10564=CARTESIAN_POINT('',(132.499999999994,-20.2073503739101,33.7500000046823));
#10565=CARTESIAN_POINT('',(121.813287395048,29.1657151495092,23.5976230276372));
#10566=CARTESIAN_POINT('Origin',(132.5,11.600000000094,33.7500000032413));
#10567=CARTESIAN_POINT('',(132.5,11.600000000094,41.3500000032413));
#10568=CARTESIAN_POINT('',(132.5,9.20000000009395,43.7500000033501));
#10569=CARTESIAN_POINT('',(132.5,12.9000000000964,40.0500000032389));
#10570=CARTESIAN_POINT('',(132.5,-9.19999999990331,43.7500000041837));
#10571=CARTESIAN_POINT('',(132.5,6.44951905325367,43.7500000034747));
#10572=CARTESIAN_POINT('',(132.5,-11.5999999999033,41.3500000042924));
#10573=CARTESIAN_POINT('',(132.5,-7.09999999762285,45.8500000046021));
#10574=CARTESIAN_POINT('',(132.5,-11.5999999999033,33.7500000042924));
#10575=CARTESIAN_POINT('',(132.499999999994,-20.2073503739101,33.7500000046823));
#10576=CARTESIAN_POINT('',(132.5,11.600000000094,33.7500000032413));
#10577=CARTESIAN_POINT('Origin',(130.5,11.600000000094,33.7500000032413));
#10578=CARTESIAN_POINT('',(130.49999999995,-37.4505102571042,34.6086228502857));
#10579=CARTESIAN_POINT('',(130.49999999995,-37.4505102571042,33.7500000054635));
#10580=CARTESIAN_POINT('',(130.5,-37.4505102571145,55.75000000611));
#10581=CARTESIAN_POINT('',(130.499999999926,-49.513684386831,33.7500000037669));
#10582=CARTESIAN_POINT('',(130.49999999998,-21.9394011814966,33.7500000047608));
#10583=CARTESIAN_POINT('',(130.499999999926,-49.513684386831,34.6086228508364));
#10584=CARTESIAN_POINT('',(130.499999999926,-49.513684386831,33.7500000037669));
#10585=CARTESIAN_POINT('',(130.499999999955,-34.8605173803308,34.6086228501674));
#10586=CARTESIAN_POINT('Origin',(132.499999999999,-13.5999999999033,33.7500000042924));
#10587=CARTESIAN_POINT('',(120.716182001903,-13.5999999999365,45.7500000032413));
#10588=CARTESIAN_POINT('',(127.616182001238,-13.5999999999579,33.750000004383));
#10589=CARTESIAN_POINT('',(125.131207704099,-13.5999999998988,38.0716944341947));
#10590=CARTESIAN_POINT('',(111.999999999997,-13.5999999999094,45.7500000032413));
#10591=CARTESIAN_POINT('',(106.249999999952,-13.5999999998915,45.7500000032413));
#10592=CARTESIAN_POINT('',(119.624999999727,-13.5999999998954,38.1250000035112));
#10593=CARTESIAN_POINT('',(120.499999999997,-13.5999999999358,33.750000004383));
#10594=CARTESIAN_POINT('',(120.000000000127,-13.5999999998957,34.2500000042524));
#10595=CARTESIAN_POINT('',(106.249999999979,-13.5999999998915,33.750000004383));
#10596=CARTESIAN_POINT('Origin',(113.499999999997,-3.98255898794012,40.7500000039473));
#10597=CARTESIAN_POINT('',(120.499999999997,-7.59999999990318,33.7500000041112));
#10598=CARTESIAN_POINT('',(110.500000000255,-7.59999999990318,43.7500000038527));
#10599=CARTESIAN_POINT('',(120.499999999997,-3.98255898825725,33.7500000039473));
#10600=CARTESIAN_POINT('Origin',(130.5,11.600000000094,33.7500000032413));
#10601=CARTESIAN_POINT('',(130.500000000033,5.10000000009427,33.7500000035358));
#10602=CARTESIAN_POINT('',(130.5,5.10000000009427,45.7500000032413));
#10603=CARTESIAN_POINT('',(130.5,5.10000000009427,39.7500000032413));
#10604=CARTESIAN_POINT('',(130.500000000013,-5.09999999990318,33.7500000039979));
#10605=CARTESIAN_POINT('',(130.49999999998,-21.9394011814966,33.7500000047608));
#10606=CARTESIAN_POINT('',(130.5,-5.09999999990318,45.7500000032413));
#10607=CARTESIAN_POINT('',(130.5,-5.09999999990318,39.7500000032413));
#10608=CARTESIAN_POINT('',(130.5,6.44951905289124,45.7500000032413));
#10609=CARTESIAN_POINT('Origin',(113.499999999997,6.6174410120586,40.7500000034671));
#10610=CARTESIAN_POINT('',(120.499999999997,7.60000000009428,33.7500000034225));
#10611=CARTESIAN_POINT('',(116.500000000032,7.60000000009428,37.7500000033876));
#10612=CARTESIAN_POINT('',(120.499999999997,13.600000000074,33.7500000031507));
#10613=CARTESIAN_POINT('',(121.999999999913,13.6000000000988,32.2500000032348));
#10614=CARTESIAN_POINT('',(120.499999999997,6.61744101174147,33.7500000034671));
#10615=CARTESIAN_POINT('Origin',(130.5,11.600000000094,33.7500000032413));
#10616=CARTESIAN_POINT('',(130.500000000018,16.100000000096,34.6086228478069));
#10617=CARTESIAN_POINT('',(130.500000000054,16.100000000096,33.7500000030375));
#10618=CARTESIAN_POINT('',(130.5,16.100000000096,33.7500000032413));
#10619=CARTESIAN_POINT('',(130.500000000048,23.4999999994158,34.608622847484));
#10620=CARTESIAN_POINT('',(130.49999999994,-3.30367518685942,34.6086228486539));
#10621=CARTESIAN_POINT('',(130.500000000068,23.499999999505,33.7500000027022));
#10622=CARTESIAN_POINT('',(130.5,23.499999999505,33.7500000029151));
#10623=CARTESIAN_POINT('',(130.49999999998,-21.9394011814966,33.7500000047608));
#10624=CARTESIAN_POINT('Origin',(128.,23.499999999505,33.7500000029151));
#10625=CARTESIAN_POINT('',(128.00000000001,25.999999999505,35.6819014034714));
#10626=CARTESIAN_POINT('',(128.00000000001,25.999999999505,33.7500000025889));
#10627=CARTESIAN_POINT('',(128.00000000001,25.999999999505,33.7500000029151));
#10628=CARTESIAN_POINT('Origin',(128.,23.499999999505,33.7500000035116));
#10629=CARTESIAN_POINT('Origin',(128.,23.499999999505,35.6819014034714));
#10630=CARTESIAN_POINT('Origin',(125.500000000254,25.999999999515,33.7500000025889));
#10631=CARTESIAN_POINT('',(135.440103788555,25.9999999994752,42.7500000025889));
#10632=CARTESIAN_POINT('',(129.560942796521,25.9999999994987,37.1647970601572));
#10633=CARTESIAN_POINT('',(127.000000000251,25.999999999509,42.7500000025889));
#10634=CARTESIAN_POINT('',(103.750000000189,25.9999999996023,42.7500000025889));
#10635=CARTESIAN_POINT('',(127.000000000251,25.999999999509,33.7500000025889));
#10636=CARTESIAN_POINT('',(127.000000000251,25.999999999509,33.7500000023534));
#10637=CARTESIAN_POINT('',(103.750000000189,25.9999999996023,33.7500000025889));
#10638=CARTESIAN_POINT('Origin',(127.000000000257,27.499999999509,33.7500000023534));
#10639=CARTESIAN_POINT('',(125.500000000257,27.499999999512,42.750000002521));
#10640=CARTESIAN_POINT('Origin',(127.000000000257,27.499999999509,42.7500000025889));
#10641=CARTESIAN_POINT('',(125.500000000257,27.499999999512,33.750000002521));
#10642=CARTESIAN_POINT('',(125.500000000257,27.499999999512,33.7500000023534));
#10643=CARTESIAN_POINT('Origin',(127.000000000257,27.499999999509,33.7500000035116));
#10644=CARTESIAN_POINT('Origin',(125.500000000275,36.399999999515,33.7500000021178));
#10645=CARTESIAN_POINT('',(125.500000000272,34.8999999995079,33.7500000021857));
#10646=CARTESIAN_POINT('',(125.500000000272,34.8999999995079,42.7500000021857));
#10647=CARTESIAN_POINT('',(125.500000000272,34.8999999995079,33.7500000021178));
#10648=CARTESIAN_POINT('',(125.500000000238,17.9499999999823,33.7500000029536));
#10649=CARTESIAN_POINT('',(125.500000000155,28.1001516125119,42.7500000054613));
#10650=CARTESIAN_POINT('',(125.500000000238,17.9499999999823,42.7500000029536));
#10651=CARTESIAN_POINT('',(125.500000000155,28.1001516125119,39.7500000054613));
#10652=CARTESIAN_POINT('',(125.500000000258,28.1001516125119,38.2500000037895));
#10653=CARTESIAN_POINT('',(125.500000000133,34.3000000000694,39.7500000054613));
#10654=CARTESIAN_POINT('',(125.500000000238,18.187499999762,39.7500000054613));
#10655=CARTESIAN_POINT('',(125.500000000133,34.3000000000694,42.7500000054613));
#10656=CARTESIAN_POINT('',(125.50000000027,34.3000000000694,38.2500000037895));
#10657=CARTESIAN_POINT('',(125.500000000238,17.9499999999823,42.7500000029536));
#10658=CARTESIAN_POINT('Origin',(127.000000000272,34.899999999505,33.7500000021178));
#10659=CARTESIAN_POINT('',(127.000000000282,36.399999999505,42.7500000021178));
#10660=CARTESIAN_POINT('Origin',(127.000000000272,34.899999999505,42.7500000025889));
#10661=CARTESIAN_POINT('',(127.000000000282,36.399999999505,33.7500000021178));
#10662=CARTESIAN_POINT('',(127.000000000282,36.399999999505,33.7500000021178));
#10663=CARTESIAN_POINT('Origin',(127.000000000272,34.899999999505,33.7500000035116));
#10664=CARTESIAN_POINT('Origin',(140.50000000009,36.3999999994145,33.7500000021178));
#10665=CARTESIAN_POINT('',(127.999999999983,36.3999999994983,33.7500000021178));
#10666=CARTESIAN_POINT('',(127.999999999983,36.3999999994983,35.6819014027399));
#10667=CARTESIAN_POINT('',(127.999999999983,36.3999999994983,33.7500000026795));
#10668=CARTESIAN_POINT('',(111.250000000178,36.3999999996106,33.7500000021178));
#10669=CARTESIAN_POINT('',(135.440103788802,36.3999999994484,42.7500000021178));
#10670=CARTESIAN_POINT('',(111.250000000178,36.3999999996106,42.7500000021178));
#10671=CARTESIAN_POINT('',(133.503124137106,36.3999999994614,40.9098693330064));
#10672=CARTESIAN_POINT('Origin',(128.,38.8999999994983,33.7500000026795));
#10673=CARTESIAN_POINT('',(130.500000000111,38.8999999994983,34.6086228468118));
#10674=CARTESIAN_POINT('',(130.500000000098,38.8999999994982,33.7500000020045));
#10675=CARTESIAN_POINT('',(130.5,38.8999999994983,33.7500000026795));
#10676=CARTESIAN_POINT('Origin',(128.,38.8999999994983,33.7500000035116));
#10677=CARTESIAN_POINT('Origin',(128.,38.8999999994983,35.6819014027399));
#10678=CARTESIAN_POINT('Origin',(130.5,11.600000000094,33.7500000032413));
#10679=CARTESIAN_POINT('',(130.500000000154,49.5136843868911,34.6086228463485));
#10680=CARTESIAN_POINT('',(130.49999999994,-3.30367518685942,34.6086228486539));
#10681=CARTESIAN_POINT('',(130.500000000154,49.5136843868911,33.7500000037669));
#10682=CARTESIAN_POINT('',(130.500000000154,49.5136843868911,33.7500000037669));
#10683=CARTESIAN_POINT('',(130.49999999998,-21.9394011814966,33.7500000047608));
#10684=CARTESIAN_POINT('Origin',(112.704105316098,59.7881489732552,33.7500000009797));
#10685=CARTESIAN_POINT('',(137.000000000149,45.7609076371443,49.7500000067587));
#10686=CARTESIAN_POINT('',(137.000000000149,45.7609076371444,40.783622846522));
#10687=CARTESIAN_POINT('',(137.000000000147,45.7609076371414,33.7500000034164));
#10688=CARTESIAN_POINT('',(131.999999999984,48.6476589832031,49.7500000067587));
#10689=CARTESIAN_POINT('',(138.499999999995,44.8948822334443,49.7500000067587));
#10690=CARTESIAN_POINT('',(131.999999999982,48.6476589832002,45.7500000032413));
#10691=CARTESIAN_POINT('',(131.999999999982,48.6476589832002,41.7500000038692));
#10692=CARTESIAN_POINT('',(110.972054508531,60.7881489732592,45.7500000032413));
#10693=CARTESIAN_POINT('',(113.853329786645,59.1246439158219,45.7500000032413));
#10694=CARTESIAN_POINT('',(110.972054508605,60.7881489731087,33.7500000067587));
#10695=CARTESIAN_POINT('',(110.972054508816,60.788148973095,41.7500000038692));
#10696=CARTESIAN_POINT('',(121.812539383691,54.5293921124066,33.7500000012964));
#10697=CARTESIAN_POINT('',(145.796028652083,40.6825181271235,49.1398500661005));
#10698=CARTESIAN_POINT('Origin',(110.972054508605,60.7881489731087,49.7500000067587));
#10699=CARTESIAN_POINT('',(97.8157298732434,61.6459183902637,45.7500000067587));
#10700=CARTESIAN_POINT('',(110.970928312438,60.7882223991343,39.718378764515));
#10701=CARTESIAN_POINT('',(107.160943412843,61.0366267686883,39.4699743949385));
#10702=CARTESIAN_POINT('',(110.970928312438,60.7882223991343,34.2696906230183));
#10703=CARTESIAN_POINT('',(110.970928312438,60.7882223991343,49.7500000067587));
#10704=CARTESIAN_POINT('',(108.391496254336,60.9563968699225,34.1015161522149));
#10705=CARTESIAN_POINT('',(110.972054508605,60.7881489731087,33.7500000067587));
#10706=CARTESIAN_POINT('Origin',(110.071796769854,61.3079130210064,33.7500000037669));
#10707=CARTESIAN_POINT('',(96.0358983850425,61.3079130210429,33.7500000009893));
#10708=CARTESIAN_POINT('',(101.125644347163,61.3079130210297,34.5784271256714));
#10709=CARTESIAN_POINT('Origin',(60.9999999999967,61.3079130211162,49.7500000067587));
#10710=CARTESIAN_POINT('',(53.0279454914687,60.7881489732593,45.7500000032413));
#10711=CARTESIAN_POINT('',(70.1702973814353,61.905800414125,45.7500000067587));
#10712=CARTESIAN_POINT('',(53.0279454914687,60.7881489732593,33.7500000067587));
#10713=CARTESIAN_POINT('',(53.0279454914688,60.7881489732593,33.7500000012425));
#10714=CARTESIAN_POINT('',(53.0279454914687,60.7881489732593,33.7500000067587));
#10715=CARTESIAN_POINT('',(53.0279588757261,60.7881498458896,34.2697631762631));
#10716=CARTESIAN_POINT('',(60.48281090241,61.2741931941153,33.7837198279933));
#10717=CARTESIAN_POINT('',(53.0279588757261,60.7881498458896,39.7184513177604));
#10718=CARTESIAN_POINT('',(53.0279588757261,60.7881498458896,49.7500000067587));
#10719=CARTESIAN_POINT('',(60.0671207136123,61.2470909189173,39.2595102446911));
#10720=CARTESIAN_POINT('Origin',(31.2041053161334,48.1881489732107,33.7500000015052));
#10721=CARTESIAN_POINT('',(32.0000000000241,48.6476589832041,49.7500000067587));
#10722=CARTESIAN_POINT('',(32.0000000000241,48.647658983204,45.7500000032413));
#10723=CARTESIAN_POINT('',(32.0000000000241,48.647658983204,41.750000004132));
#10724=CARTESIAN_POINT('',(27.0000000000072,45.7609076372307,49.7500000067587));
#10725=CARTESIAN_POINT('',(25.5000000000116,44.8948822334442,49.7500000067587));
#10726=CARTESIAN_POINT('',(27.0000000000072,45.7609076372307,40.7836228465239));
#10727=CARTESIAN_POINT('',(27.0000000000072,45.7609076372307,33.7500000013837));
#10728=CARTESIAN_POINT('',(33.5000000000062,49.5136843869828,34.6086228463516));
#10729=CARTESIAN_POINT('',(25.9302803354443,45.1433047009346,41.7998565278871));
#10730=CARTESIAN_POINT('',(33.5000000000062,49.5136843869635,33.7500000037669));
#10731=CARTESIAN_POINT('',(33.5000000000062,49.5136843869635,33.7500000037669));
#10732=CARTESIAN_POINT('',(52.4015622317809,60.4265064296533,33.7500000010293));
#10733=CARTESIAN_POINT('',(40.1007755294705,53.3246439157997,45.7500000032413));
#10734=CARTESIAN_POINT('Origin',(33.5,-11.5999999999032,33.7500000042924));
#10735=CARTESIAN_POINT('',(33.4999999998728,38.8999999994987,33.7500000020045));
#10736=CARTESIAN_POINT('',(33.5000000000044,38.8999999994099,34.6086228468432));
#10737=CARTESIAN_POINT('',(33.5,38.8999999994987,33.7500000032051));
#10738=CARTESIAN_POINT('',(33.4999999999808,-3.98255898804585,33.7500000039473));
#10739=CARTESIAN_POINT('',(33.5000000000046,39.987359469201,34.6086228467929));
#10740=CARTESIAN_POINT('Origin',(36.,38.8999999994987,33.7500000032051));
#10741=CARTESIAN_POINT('',(36.0000000000165,36.3999999994987,35.6819014028809));
#10742=CARTESIAN_POINT('',(36.0000000000165,36.3999999994987,33.7500000021178));
#10743=CARTESIAN_POINT('',(36.0000000000165,36.3999999994987,33.7500000032051));
#10744=CARTESIAN_POINT('Origin',(36.,38.8999999994987,33.7500000035116));
#10745=CARTESIAN_POINT('Origin',(36.,38.8999999994987,35.6819014028809));
#10746=CARTESIAN_POINT('Origin',(38.4999999997254,36.3999999995151,33.7500000021178));
#10747=CARTESIAN_POINT('',(28.559896211346,36.3999999994496,42.7500000021178));
#10748=CARTESIAN_POINT('',(34.4390572039251,36.3999999994884,37.1647970591677));
#10749=CARTESIAN_POINT('',(36.9999999997185,36.3999999995052,42.7500000021178));
#10750=CARTESIAN_POINT('',(60.2499999997501,36.3999999996584,42.7500000021178));
#10751=CARTESIAN_POINT('',(36.9999999997185,36.3999999995052,33.7500000021178));
#10752=CARTESIAN_POINT('',(36.9999999997185,36.3999999995052,33.7500000023534));
#10753=CARTESIAN_POINT('',(60.2499999997501,36.3999999996584,33.7500000021178));
#10754=CARTESIAN_POINT('Origin',(36.9999999997284,34.8999999995053,33.7500000023534));
#10755=CARTESIAN_POINT('',(38.4999999997284,34.8999999995082,42.7500000021857));
#10756=CARTESIAN_POINT('Origin',(36.9999999997284,34.8999999995053,42.7500000021178));
#10757=CARTESIAN_POINT('',(38.4999999997284,34.8999999995082,33.7500000021857));
#10758=CARTESIAN_POINT('',(38.4999999997284,34.8999999995082,33.7500000023534));
#10759=CARTESIAN_POINT('Origin',(36.9999999997284,34.8999999995053,33.7500000035116));
#10760=CARTESIAN_POINT('Origin',(38.4999999997461,25.9999999995151,33.7500000025889));
#10761=CARTESIAN_POINT('',(38.4999999997431,27.4999999995173,33.750000002521));
#10762=CARTESIAN_POINT('',(38.4999999997431,27.4999999995173,42.750000002521));
#10763=CARTESIAN_POINT('',(38.4999999997431,27.4999999995173,33.7500000025889));
#10764=CARTESIAN_POINT('',(38.4999999997724,12.7499999999824,33.7500000031892));
#10765=CARTESIAN_POINT('',(38.4999999998668,34.3000000000695,42.7500000054613));
#10766=CARTESIAN_POINT('',(38.4999999997724,12.7499999999824,42.7500000031892));
#10767=CARTESIAN_POINT('',(38.4999999998668,34.3000000000695,39.7500000054613));
#10768=CARTESIAN_POINT('',(38.4999999997296,34.3000000000695,38.2500000040251));
#10769=CARTESIAN_POINT('',(38.4999999998447,28.1001516125121,39.7500000054613));
#10770=CARTESIAN_POINT('',(38.4999999997719,12.9874999997621,39.7500000054613));
#10771=CARTESIAN_POINT('',(38.4999999998447,28.1001516125121,42.7500000054613));
#10772=CARTESIAN_POINT('',(38.4999999997419,28.1001516125121,38.2500000040251));
#10773=CARTESIAN_POINT('',(38.4999999997724,12.7499999999824,42.7500000031892));
#10774=CARTESIAN_POINT('Origin',(36.9999999997431,27.4999999995143,33.7500000025889));
#10775=CARTESIAN_POINT('',(36.999999999744,25.9999999995143,42.7500000025889));
#10776=CARTESIAN_POINT('Origin',(36.9999999997431,27.4999999995143,42.7500000021178));
#10777=CARTESIAN_POINT('',(36.999999999744,25.9999999995143,33.7500000025889));
#10778=CARTESIAN_POINT('',(36.999999999744,25.9999999995143,33.7500000025889));
#10779=CARTESIAN_POINT('Origin',(36.9999999997431,27.4999999995143,33.7500000035116));
#10780=CARTESIAN_POINT('Origin',(23.499999999924,25.9999999995068,33.7500000025889));
#10781=CARTESIAN_POINT('',(35.9999999999986,25.9999999995137,33.7500000025889));
#10782=CARTESIAN_POINT('',(35.9999999999986,25.9999999995137,35.6819014035919));
#10783=CARTESIAN_POINT('',(35.9999999999986,25.9999999995137,33.7500000034407));
#10784=CARTESIAN_POINT('',(52.7499999999635,25.999999999523,33.7500000025889));
#10785=CARTESIAN_POINT('',(28.5598962115806,25.9999999995096,42.7500000025889));
#10786=CARTESIAN_POINT('',(52.7499999999635,25.999999999523,42.7500000025889));
#10787=CARTESIAN_POINT('',(30.4968758638755,25.9999999995107,40.9098693329088));
#10788=CARTESIAN_POINT('Origin',(36.,23.4999999995137,33.7500000034407));
#10789=CARTESIAN_POINT('',(33.5000000000019,23.4999999995137,34.6086228475566));
#10790=CARTESIAN_POINT('',(33.4999999999116,23.4999999995137,33.7500000027022));
#10791=CARTESIAN_POINT('',(33.5,23.4999999995137,33.7500000034407));
#10792=CARTESIAN_POINT('Origin',(36.,23.4999999995137,33.7500000035116));
#10793=CARTESIAN_POINT('Origin',(36.,23.4999999995137,35.6819014035919));
#10794=CARTESIAN_POINT('Origin',(31.5,13.6000000000941,33.7500000032413));
#10795=CARTESIAN_POINT('',(28.0000000000378,13.6000000000946,45.7500000032413));
#10796=CARTESIAN_POINT('',(28.0000000000378,13.600000000094,43.2819014038976));
#10797=CARTESIAN_POINT('',(28.0000000000378,13.600000000094,33.7500000022517));
#10798=CARTESIAN_POINT('',(43.9999999859273,13.6000000000946,45.7500000032413));
#10799=CARTESIAN_POINT('',(57.75,13.6000000000946,45.7500000032413));
#10800=CARTESIAN_POINT('',(47.2928932181884,13.6000000000945,42.4571067767714));
#10801=CARTESIAN_POINT('',(45.8749999909841,13.6000000000944,43.875000001482));
#10802=CARTESIAN_POINT('',(48.7071067805615,13.6000000000945,42.4571067780149));
#10803=CARTESIAN_POINT('',(39.7499999958589,13.6000000000943,42.4571067701386));
#10804=CARTESIAN_POINT('',(51.9999999999968,13.6000000000946,45.7500000032413));
#10805=CARTESIAN_POINT('',(43.8750000090106,13.6000000000944,37.6249999979659));
#10806=CARTESIAN_POINT('',(44.3749999999974,13.6000000000944,38.125000003242));
#10807=CARTESIAN_POINT('',(43.4999999999967,13.6000000000946,33.7500000031507));
#10808=CARTESIAN_POINT('',(44.0000000000653,13.6000000000944,34.2500000032193));
#10809=CARTESIAN_POINT('',(36.0000000000001,13.6000000000946,33.7500000031507));
#10810=CARTESIAN_POINT('',(57.75,13.6000000000946,33.7500000031507));
#10811=CARTESIAN_POINT('',(36.0000000000001,13.6000000000942,35.6819014039335));
#10812=CARTESIAN_POINT('',(36.0000000000001,13.6000000000942,33.7500000037669));
#10813=CARTESIAN_POINT('',(32.5993725787522,13.6000000000941,38.912497454119));
#10814=CARTESIAN_POINT('Origin',(50.4999999999967,9.61744101205877,40.7500000033312));
#10815=CARTESIAN_POINT('',(43.4999999999967,7.60000000009428,33.7500000034225));
#10816=CARTESIAN_POINT('',(53.4999999999286,7.60000000009428,43.7500000033544));
#10817=CARTESIAN_POINT('',(43.4999999999967,9.61744101174163,33.7500000033311));
#10818=CARTESIAN_POINT('Origin',(33.5,-11.5999999999032,33.7500000042924));
#10819=CARTESIAN_POINT('',(33.4999999999836,-5.09999999990317,33.7500000039979));
#10820=CARTESIAN_POINT('',(33.5,-5.09999999990317,45.7500000032413));
#10821=CARTESIAN_POINT('',(33.5,-5.09999999990317,39.7500000037669));
#10822=CARTESIAN_POINT('',(33.4999999999579,5.10000000009428,33.7500000035358));
#10823=CARTESIAN_POINT('',(33.4999999999808,-3.98255898804585,33.7500000039473));
#10824=CARTESIAN_POINT('',(33.5,5.10000000009428,45.7500000032413));
#10825=CARTESIAN_POINT('',(33.5,5.10000000009428,39.7500000037669));
#10826=CARTESIAN_POINT('',(33.5,-5.15048094710727,45.7500000032413));
#10827=CARTESIAN_POINT('Origin',(50.4999999999967,-0.982558987940124,40.7500000038114));
#10828=CARTESIAN_POINT('',(43.4999999999967,-7.59999999990317,33.7500000041112));
#10829=CARTESIAN_POINT('',(47.4999999997052,-7.59999999990317,37.7500000038196));
#10830=CARTESIAN_POINT('',(43.4999999999967,-13.5999999999032,33.750000004383));
#10831=CARTESIAN_POINT('',(41.9999999998501,-13.5999999998962,32.2500000042363));
#10832=CARTESIAN_POINT('',(43.4999999999967,-0.982558988257257,33.7500000038114));
#10833=CARTESIAN_POINT('Origin',(23.5000000000639,-13.5999999999085,33.7500000042924));
#10834=CARTESIAN_POINT('',(36.3838179989152,-13.5999999999032,33.750000004383));
#10835=CARTESIAN_POINT('',(43.2838179982497,-13.5999999998953,45.7500000032413));
#10836=CARTESIAN_POINT('',(34.4248984491724,-13.5999999999012,30.3431833961303));
#10837=CARTESIAN_POINT('',(69.7499999999984,-13.5999999999032,33.750000004383));
#10838=CARTESIAN_POINT('',(51.9999999999968,-13.5999999998896,45.7500000032413));
#10839=CARTESIAN_POINT('',(42.3750000002761,-13.599999999896,36.1250000035206));
#10840=CARTESIAN_POINT('',(48.7071067805615,-13.5999999998917,42.4571067780149));
#10841=CARTESIAN_POINT('',(41.8750000128069,-13.5999999998963,35.6249999982448));
#10842=CARTESIAN_POINT('',(47.2928932181884,-13.5999999998927,42.4571067767714));
#10843=CARTESIAN_POINT('',(35.7499999958912,-13.5999999999003,42.4571067666212));
#10844=CARTESIAN_POINT('',(43.9999999859273,-13.5999999999241,45.7500000032413));
#10845=CARTESIAN_POINT('',(43.8749999872201,-13.599999999895,45.8750000017287));
#10846=CARTESIAN_POINT('',(52.7500000000369,-13.5999999998891,45.7500000032413));
#10847=CARTESIAN_POINT('Origin',(38.4999999998411,-25.9999999998725,33.7500000049448));
#10848=CARTESIAN_POINT('',(35.7323012715335,-25.9999999998716,33.7500000049448));
#10849=CARTESIAN_POINT('',(40.3999999998411,-25.9999999998732,43.5767341682858));
#10850=CARTESIAN_POINT('',(36.7168062388643,-25.9999999998719,35.8226420411108));
#10851=CARTESIAN_POINT('',(33.5,-25.9999999998708,33.7500000049448));
#10852=CARTESIAN_POINT('',(60.249999999925,-25.9999999998802,33.7500000049448));
#10853=CARTESIAN_POINT('',(40.3999999999168,-25.9999999998806,45.750000003988));
#10854=CARTESIAN_POINT('',(34.1211836545316,-25.999999999871,34.8303194033038));
#10855=CARTESIAN_POINT('',(40.3999999998411,-25.9999999998732,33.750000005203));
#10856=CARTESIAN_POINT('Origin',(31.5,-11.5999999999032,33.7500000042924));
#10857=CARTESIAN_POINT('',(31.5,-11.5999999999032,41.3500000042924));
#10858=CARTESIAN_POINT('',(31.5,-9.19999999990317,43.7500000041837));
#10859=CARTESIAN_POINT('',(31.5,-12.8999999998996,40.0500000048652));
#10860=CARTESIAN_POINT('',(31.5,9.20000000009408,43.7500000033501));
#10861=CARTESIAN_POINT('',(31.5,-5.15048094674483,43.7500000040002));
#10862=CARTESIAN_POINT('',(31.5,11.6000000000941,41.3500000032413));
#10863=CARTESIAN_POINT('',(31.5,7.09999999983215,45.8500000035033));
#10864=CARTESIAN_POINT('',(31.5,11.6000000000941,33.7500000032413));
#10865=CARTESIAN_POINT('',(31.5,11.6000000000941,33.7500000032413));
#10866=CARTESIAN_POINT('',(31.5000000000247,30.4610345513674,33.7500000023868));
#10867=CARTESIAN_POINT('',(31.5,-11.5999999999032,33.7500000042924));
#10868=CARTESIAN_POINT('Origin',(27.5000000000247,30.4610345515359,37.5500000023868));
#10869=CARTESIAN_POINT('',(24.1698729810786,54.9004357328952,40.7136206692573));
#10870=CARTESIAN_POINT('',(28.9082106322596,52.1647552144846,36.2121999007616));
#10871=CARTESIAN_POINT('',(34.6200965277376,48.8669963551621,30.7859083002098));
#10872=CARTESIAN_POINT('',(30.2041053161294,49.9201997807773,34.981099951189));
#10873=CARTESIAN_POINT('',(31.604334529614,47.4949316407942,33.6508821984906));
#10874=CARTESIAN_POINT('',(31.5000000000063,50.6683849253387,33.7500000014713));
#10875=CARTESIAN_POINT('',(26.8027404941589,47.95642088519,38.2123965321516));
#10876=CARTESIAN_POINT('',(31.5000000000247,30.4610345513674,33.7500000023868));
#10877=CARTESIAN_POINT('',(23.4999999999366,11.6000000000939,41.3500000033413));
#10878=CARTESIAN_POINT('',(29.5000000002398,11.600000000094,35.6500000030533));
#10879=CARTESIAN_POINT('',(23.5000000000048,52.4004357328975,41.3500000013929));
#10880=CARTESIAN_POINT('',(23.5000000000247,30.4610345517044,41.3500000023868));
#10881=CARTESIAN_POINT('Origin',(28.5000000000048,52.4004357329021,36.6000000013929));
#10882=CARTESIAN_POINT('Origin',(30.2041053161294,49.9201997807773,33.7500000015052));
#10883=CARTESIAN_POINT('',(48.2174337148183,60.320199780817,43.7500000010341));
#10884=CARTESIAN_POINT('',(50.2958946838982,61.5201997808219,41.3500000008228));
#10885=CARTESIAN_POINT('',(46.3987803670551,59.2701997809177,45.8500000009073));
#10886=CARTESIAN_POINT('',(50.2958946838982,61.5201997808219,33.7500000009797));
#10887=CARTESIAN_POINT('',(50.2958946838982,61.5201997808219,33.7500000009797));
#10888=CARTESIAN_POINT('',(57.7579686921593,65.8284302182065,33.7500000007845));
#10889=CARTESIAN_POINT('',(30.2041053161294,49.9201997807773,41.3500000013483));
#10890=CARTESIAN_POINT('',(30.2041053161294,49.9201997807773,33.7500000015052));
#10891=CARTESIAN_POINT('',(32.2825662852092,51.1201997807821,43.7500000014509));
#10892=CARTESIAN_POINT('',(29.078272291247,49.2701997807954,40.0500000015894));
#10893=CARTESIAN_POINT('',(39.1007755296235,55.0566947234569,43.7500000012725));
#10894=CARTESIAN_POINT('Origin',(55.7579686922259,69.2925318333827,37.5500000006276));
#10895=CARTESIAN_POINT('',(53.392304845536,63.3079130211538,33.7500000008987));
#10896=CARTESIAN_POINT('',(57.7579686921593,65.8284302182065,33.7500000007845));
#10897=CARTESIAN_POINT('',(46.295894683891,68.4484030110725,41.3500000006658));
#10898=CARTESIAN_POINT('',(49.2958946839251,63.2522505883347,35.6500000008594));
#10899=CARTESIAN_POINT('',(50.5558909830661,70.9079130211611,41.3500000005544));
#10900=CARTESIAN_POINT('',(53.7579686922925,72.7566334485589,41.3500000004706));
#10901=CARTESIAN_POINT('',(52.3701578144915,66.0466943882641,36.4887813678823));
#10902=CARTESIAN_POINT('Origin',(92.1794919244952,70.307913021053,40.7500000005816));
#10903=CARTESIAN_POINT('',(92.179491924477,63.307913021053,33.7500000008987));
#10904=CARTESIAN_POINT('',(60.480762113544,76.6380400400453,47.0801270192048));
#10905=CARTESIAN_POINT('',(65.9528166223504,79.7973321837417,50.2394191627723));
#10906=CARTESIAN_POINT('',(62.9807621135669,77.3079130211288,47.7500000002644));
#10907=CARTESIAN_POINT('Origin',(62.9807621135539,72.3079130211288,42.750000000491));
#10908=CARTESIAN_POINT('',(101.019237886602,77.30791302103,47.7500000002644));
#10909=CARTESIAN_POINT('',(92.1794919245134,77.307913021053,47.7500000002644));
#10910=CARTESIAN_POINT('',(103.519237886595,76.6380400399485,47.0801270192199));
#10911=CARTESIAN_POINT('Origin',(101.019237886589,72.30791302103,42.750000000491));
#10912=CARTESIAN_POINT('',(119.411284993158,67.4627623649698,37.9048493446981));
#10913=CARTESIAN_POINT('Origin',(34.9999999998028,31.1999999995303,17.7499999999997));
#10914=CARTESIAN_POINT('',(33.5499999998028,31.1999999995303,33.7500000035116));
#10915=CARTESIAN_POINT('Origin',(34.9999999998028,31.1999999995303,33.7500000035116));
#10916=CARTESIAN_POINT('',(33.5499999998028,31.1999999995303,39.7500000054613));
#10917=CARTESIAN_POINT('',(33.5499999998028,31.1999999995303,17.7499999999997));
#10918=CARTESIAN_POINT('Origin',(34.9999999998028,31.1999999995303,39.7500000054613));
#10919=CARTESIAN_POINT('Origin',(34.999999999917,-31.199999999882,17.7499999999997));
#10920=CARTESIAN_POINT('',(33.549999999917,-31.199999999882,33.7500000035116));
#10921=CARTESIAN_POINT('Origin',(34.999999999917,-31.199999999882,33.7500000035116));
#10922=CARTESIAN_POINT('',(33.549999999917,-31.199999999882,39.7500000054613));
#10923=CARTESIAN_POINT('',(33.549999999917,-31.199999999882,17.7499999999997));
#10924=CARTESIAN_POINT('Origin',(34.999999999917,-31.199999999882,39.7500000054613));
#10925=CARTESIAN_POINT('Origin',(129.000000000084,-31.199999999882,17.7499999999997));
#10926=CARTESIAN_POINT('',(127.550000000084,-31.199999999882,33.7500000035116));
#10927=CARTESIAN_POINT('Origin',(129.000000000084,-31.199999999882,33.7500000035116));
#10928=CARTESIAN_POINT('',(127.550000000084,-31.199999999882,39.7500000054613));
#10929=CARTESIAN_POINT('',(127.550000000084,-31.199999999882,17.7499999999997));
#10930=CARTESIAN_POINT('Origin',(129.000000000084,-31.199999999882,39.7500000054613));
#10931=CARTESIAN_POINT('Origin',(129.000000000199,31.199999999523,17.7499999999997));
#10932=CARTESIAN_POINT('',(127.550000000199,31.199999999523,33.7500000035116));
#10933=CARTESIAN_POINT('Origin',(129.000000000199,31.199999999523,33.7500000035116));
#10934=CARTESIAN_POINT('',(127.550000000199,31.199999999523,39.7500000054613));
#10935=CARTESIAN_POINT('',(127.550000000199,31.199999999523,17.7499999999997));
#10936=CARTESIAN_POINT('Origin',(129.000000000199,31.199999999523,39.7500000054613));
#10937=CARTESIAN_POINT('Origin',(60.9999999999967,61.3079130211162,33.7500000009893));
#10938=CARTESIAN_POINT('',(53.9999999999967,58.032728461882,37.0251845605203));
#10939=CARTESIAN_POINT('',(53.9999999999967,58.021301367593,37.0366116548103));
#10940=CARTESIAN_POINT('',(53.4641016151345,60.032728461882,35.0251845603391));
#10941=CARTESIAN_POINT('Origin',(49.9999999999967,58.032728461882,37.0251845605203));
#10942=CARTESIAN_POINT('',(55.5228279915255,56.4669097790906,38.5910032434536));
#10943=CARTESIAN_POINT('Origin',(53.9999999999968,-61.3493649052408,49.7500000067587));
#10944=CARTESIAN_POINT('',(53.9999999999968,58.0327044070419,47.7500000067587));
#10945=CARTESIAN_POINT('',(53.9999999999968,58.0327044070419,49.7500000067587));
#10946=CARTESIAN_POINT('',(53.9999999999968,58.0327044070419,49.7500000067587));
#10947=CARTESIAN_POINT('',(53.9999999999967,51.5505537035424,47.7500000067587));
#10948=CARTESIAN_POINT('',(53.9999999999968,70.5869692124534,47.7500000067587));
#10949=CARTESIAN_POINT('',(53.9999999999967,58.032728461882,41.2678252478318));
#10950=CARTESIAN_POINT('',(53.9999999999967,54.203281880634,45.0972718294268));
#10951=CARTESIAN_POINT('',(53.9999999999968,58.032728461882,49.7500000067587));
#10952=CARTESIAN_POINT('',(53.9999999999968,-14.9505188502056,47.7500000032413));
#10953=CARTESIAN_POINT('',(53.9999999999968,-14.9505188502056,47.7500000032413));
#10954=CARTESIAN_POINT('',(53.9999999999968,70.5869692124534,49.7500000067587));
#10955=CARTESIAN_POINT('Origin',(60.9999999999967,51.5505537035424,47.7500000067587));
#10956=CARTESIAN_POINT('',(53.5026174612602,59.9644817898337,39.3360719197051));
#10957=CARTESIAN_POINT('',(60.0996507751567,60.394596855386,38.9059568541138));
#10958=CARTESIAN_POINT('Origin',(49.9999999999967,58.032728461882,41.2678252478318));
#10959=CARTESIAN_POINT('',(71.4999999999968,51.5505537035424,47.7500000067587));
#10960=CARTESIAN_POINT('Origin',(81.9999999999968,21.7141726453512,47.7500000067587));
#10961=CARTESIAN_POINT('',(53.9172980089569,58.8418869012894,47.7500000067587));
#10962=CARTESIAN_POINT('',(70.3004176276132,59.9100377224368,47.7500000067587));
#10963=CARTESIAN_POINT('Origin',(49.9999999999967,58.0327044070419,47.7500000067587));
#10964=CARTESIAN_POINT('Origin',(70.2353575045243,60.9079190682809,46.7500000067587));
#10965=CARTESIAN_POINT('',(53.4641016151299,60.0327044070499,46.5322204182898));
#10966=CARTESIAN_POINT('',(54.8271151922673,57.6718956400542,48.9767052790805));
#10967=CARTESIAN_POINT('Origin',(49.9999999999967,58.0327044070419,48.3026082325127));
#10968=CARTESIAN_POINT('Origin',(60.0996507751567,60.7481502459952,39.2595102446911));
#10969=CARTESIAN_POINT('',(53.4641016151345,60.032728461882,39.2797076854616));
#10970=CARTESIAN_POINT('Origin',(53.3067524978494,60.305265127546,39.7023953631805));
#10971=CARTESIAN_POINT('Ctrl Pts',(53.5026174612602,59.9644817898337,39.3360719197051));
#10972=CARTESIAN_POINT('Ctrl Pts',(53.4911444879568,59.985284361282,39.3152693481268));
#10973=CARTESIAN_POINT('Ctrl Pts',(53.478237400235,60.008244563883,39.2962630157777));
#10974=CARTESIAN_POINT('Ctrl Pts',(53.4641016151345,60.032728461882,39.2797076854616));
#10975=CARTESIAN_POINT('Origin',(63.4999999999968,71.9794859028115,48.7500000067587));
#10976=CARTESIAN_POINT('',(63.5000000000033,74.4794859028115,47.7500000067587));
#10977=CARTESIAN_POINT('Origin',(63.4999999999968,71.9794859028115,45.250000006872));
#10978=CARTESIAN_POINT('',(63.5000000000033,74.4794859028115,49.7500000067587));
#10979=CARTESIAN_POINT('',(63.5000000000033,74.4794859028115,48.7500000067587));
#10980=CARTESIAN_POINT('Origin',(63.4999999999968,71.9794859028115,49.7500000067587));
#10981=CARTESIAN_POINT('Origin',(92.1794919244915,68.8936994587119,42.1642135629867));
#10982=CARTESIAN_POINT('',(100.500000000003,74.4794859027153,47.7500000067587));
#10983=CARTESIAN_POINT('Origin',(100.499999999997,71.9794859027153,45.250000006872));
#10984=CARTESIAN_POINT('',(87.0897459623854,74.4794859027502,47.7500000067587));
#10985=CARTESIAN_POINT('Origin',(106.500000000003,29.0000000000956,49.7500000067587));
#10986=CARTESIAN_POINT('',(109.000000000003,29.0000000000956,52.7500000067587));
#10987=CARTESIAN_POINT('Origin',(106.500000000003,29.0000000000956,52.7500000067587));
#10988=CARTESIAN_POINT('',(109.000000000003,29.0000000000956,49.7500000067587));
#10989=CARTESIAN_POINT('',(109.000000000003,29.0000000000956,49.7500000067587));
#10990=CARTESIAN_POINT('Origin',(106.500000000003,29.0000000000956,49.7500000067587));
#10991=CARTESIAN_POINT('Origin',(57.5000000000031,29.0000000000956,49.7500000067587));
#10992=CARTESIAN_POINT('',(60.0000000000031,29.0000000000956,52.7500000067587));
#10993=CARTESIAN_POINT('Origin',(57.5000000000031,29.0000000000956,52.7500000067587));
#10994=CARTESIAN_POINT('',(60.0000000000031,29.0000000000956,49.7500000067587));
#10995=CARTESIAN_POINT('',(60.0000000000031,29.0000000000956,49.7500000067587));
#10996=CARTESIAN_POINT('Origin',(57.5000000000031,29.0000000000956,49.7500000067587));
#10997=CARTESIAN_POINT('Origin',(55.4282352815481,67.7742545408281,49.7500000067587));
#10998=CARTESIAN_POINT('',(58.5782352815481,67.7742545408281,49.7500000067587));
#10999=CARTESIAN_POINT('Origin',(55.4282352815481,67.7742545408281,49.7500000067587));
#11000=CARTESIAN_POINT('',(58.5782352815481,67.7742545408281,48.0000000067587));
#11001=CARTESIAN_POINT('',(58.5782352815481,67.7742545408281,49.7500000067587));
#11002=CARTESIAN_POINT('Origin',(55.4282352815481,67.7742545408281,48.0000000067587));
#11003=CARTESIAN_POINT('Origin',(34.999999999917,-19.7999999998626,49.7500000067587));
#11004=CARTESIAN_POINT('',(38.149999999917,-19.7999999998626,49.7500000067587));
#11005=CARTESIAN_POINT('Origin',(34.999999999917,-19.7999999998626,49.7500000067587));
#11006=CARTESIAN_POINT('',(38.149999999917,-19.7999999998626,48.0000000067587));
#11007=CARTESIAN_POINT('',(38.149999999917,-19.7999999998626,49.7500000067587));
#11008=CARTESIAN_POINT('Origin',(34.999999999917,-19.7999999998626,48.0000000067587));
#11009=CARTESIAN_POINT('Origin',(108.571764718458,67.7742545408281,49.7500000067587));
#11010=CARTESIAN_POINT('',(111.721764718458,67.7742545408281,49.7500000067587));
#11011=CARTESIAN_POINT('Origin',(108.571764718458,67.7742545408281,49.7500000067587));
#11012=CARTESIAN_POINT('',(111.721764718458,67.7742545408281,48.0000000067587));
#11013=CARTESIAN_POINT('',(111.721764718458,67.7742545408281,49.7500000067587));
#11014=CARTESIAN_POINT('Origin',(108.571764718458,67.7742545408281,48.0000000067587));
#11015=CARTESIAN_POINT('Origin',(129.00000000009,-19.7999999998626,49.7500000067587));
#11016=CARTESIAN_POINT('',(132.15000000009,-19.7999999998626,49.7500000067587));
#11017=CARTESIAN_POINT('Origin',(129.00000000009,-19.7999999998626,49.7500000067587));
#11018=CARTESIAN_POINT('',(132.15000000009,-19.7999999998626,48.0000000067587));
#11019=CARTESIAN_POINT('',(132.15000000009,-19.7999999998626,49.7500000067587));
#11020=CARTESIAN_POINT('Origin',(129.00000000009,-19.7999999998626,48.0000000067587));
#11021=CARTESIAN_POINT('Origin',(57.5000000000033,-28.9999999999044,49.7500000067587));
#11022=CARTESIAN_POINT('',(60.0000000000033,-28.9999999999044,52.7500000067587));
#11023=CARTESIAN_POINT('Origin',(57.5000000000033,-28.9999999999044,52.7500000067587));
#11024=CARTESIAN_POINT('',(60.0000000000033,-28.9999999999044,49.7500000067587));
#11025=CARTESIAN_POINT('',(60.0000000000033,-28.9999999999044,49.7500000067587));
#11026=CARTESIAN_POINT('Origin',(57.5000000000033,-28.9999999999044,49.7500000067587));
#11027=CARTESIAN_POINT('Origin',(106.500000000003,-28.9999999999044,49.7500000067587));
#11028=CARTESIAN_POINT('',(109.000000000003,-28.9999999999044,52.7500000067587));
#11029=CARTESIAN_POINT('Origin',(106.500000000003,-28.9999999999044,52.7500000067587));
#11030=CARTESIAN_POINT('',(109.000000000003,-28.9999999999044,49.7500000067587));
#11031=CARTESIAN_POINT('',(109.000000000003,-28.9999999999044,49.7500000067587));
#11032=CARTESIAN_POINT('Origin',(106.500000000003,-28.9999999999044,49.7500000067587));
#11033=CARTESIAN_POINT('Origin',(82.0000000000765,-13.5999999998224,51.4576260980645));
#11034=CARTESIAN_POINT('',(33.9933675744555,-13.5999999998224,49.750000004383));
#11035=CARTESIAN_POINT('',(33.9933675744555,-13.5999999999015,45.7500000032413));
#11036=CARTESIAN_POINT('',(33.9933675744555,-13.5999999998224,49.7500000067587));
#11037=CARTESIAN_POINT('',(37.9000000001439,-13.5999999998224,49.750000004383));
#11038=CARTESIAN_POINT('',(38.5000000001545,-13.5999999998224,49.750000004383));
#11039=CARTESIAN_POINT('',(37.9000000001439,-13.5999999998989,45.7500000032413));
#11040=CARTESIAN_POINT('',(37.9000000001439,-13.5999999998224,48.6038130512238));
#11041=CARTESIAN_POINT('',(52.7500000000369,-13.5999999998891,45.7500000032413));
#11042=CARTESIAN_POINT('Origin',(25.435438592632,12.0040609645497,77.7500000067587));
#11043=CARTESIAN_POINT('',(31.5000000000632,-11.281983897376,49.7500000067587));
#11044=CARTESIAN_POINT('',(31.5000000000632,-11.2819838973758,45.7500000032413));
#11045=CARTESIAN_POINT('',(31.5000000000632,-11.281983897376,49.7500000067587));
#11046=CARTESIAN_POINT('',(25.5000000000417,11.7561650775614,45.7500000032413));
#11047=CARTESIAN_POINT('',(28.5373605547529,0.0936375859309069,45.7500000032413));
#11048=CARTESIAN_POINT('',(25.5000000000417,11.75616507758,49.7500000067587));
#11049=CARTESIAN_POINT('',(25.5000000000417,11.7561650775614,55.7500000040104));
#11050=CARTESIAN_POINT('',(31.0408964522254,-9.519167909046,49.7500000067587));
#11051=CARTESIAN_POINT('Origin',(28.5000000000132,43.1628314258809,33.7500000013837));
#11052=CARTESIAN_POINT('',(25.5000000000132,43.1628314258781,42.2086228466381));
#11053=CARTESIAN_POINT('Origin',(28.5000000000132,43.1628314258809,39.3586228466381));
#11054=CARTESIAN_POINT('',(25.5000000000132,43.1628314258781,49.7500000067587));
#11055=CARTESIAN_POINT('Origin',(28.5000000000132,43.1628314258809,49.7500000067587));
#11056=CARTESIAN_POINT('',(25.5000000000132,43.1628314258781,33.7500000013837));
#11057=CARTESIAN_POINT('Origin',(30.5000000000181,51.2457351945539,41.750000004132));
#11058=CARTESIAN_POINT('',(33.5000000000181,51.2457351945566,49.7500000067587));
#11059=CARTESIAN_POINT('Origin',(30.5000000000181,51.2457351945539,49.7500000067587));
#11060=CARTESIAN_POINT('',(33.5000000000181,51.2457351945566,45.7500000032413));
#11061=CARTESIAN_POINT('Origin',(30.5000000000181,51.2457351945539,45.7500000032413));
#11062=CARTESIAN_POINT('',(33.5000000000181,51.2457351945566,41.750000004132));
#11063=CARTESIAN_POINT('Origin',(33.5000000000112,58.7512886940117,49.7500000067587));
#11064=CARTESIAN_POINT('',(33.5000000000128,57.0192378864456,49.7500000067587));
#11065=CARTESIAN_POINT('',(33.5000000000128,57.0192378864456,45.7500000032413));
#11066=CARTESIAN_POINT('',(33.5000000000128,57.0192378864456,41.7500000035116));
#11067=CARTESIAN_POINT('',(33.5000000000196,49.5136843869906,49.7500000067587));
#11068=CARTESIAN_POINT('',(33.5000000000373,30.0251633998281,45.7500000032413));
#11069=CARTESIAN_POINT('Origin',(36.5000000000128,57.0192378864483,41.7500000035116));
#11070=CARTESIAN_POINT('',(35.0000000000068,59.6173140977982,45.7500000032413));
#11071=CARTESIAN_POINT('Origin',(36.5000000000128,57.0192378864483,45.7500000032413));
#11072=CARTESIAN_POINT('',(35.0000000000068,59.6173140977981,49.7500000067587));
#11073=CARTESIAN_POINT('',(35.0000000000068,59.6173140977982,41.7500000035116));
#11074=CARTESIAN_POINT('Origin',(36.5000000000128,57.0192378864483,49.7500000067587));
#11075=CARTESIAN_POINT('Origin',(62.6410161514022,75.5758622135658,33.7500000002644));
#11076=CARTESIAN_POINT('',(47.2958946838953,66.7163522035061,45.7500000032413));
#11077=CARTESIAN_POINT('',(53.8192309471019,70.4826021511029,45.7500000032413));
#11078=CARTESIAN_POINT('',(47.2958946838953,66.7163522035061,49.7500000067587));
#11079=CARTESIAN_POINT('',(47.2958946838953,66.7163522035061,41.7500000035116));
#11080=CARTESIAN_POINT('',(36.1874606164479,60.3028948043561,49.7500000067587));
#11081=CARTESIAN_POINT('Origin',(48.2958946838992,64.9843013959395,41.7500000035116));
#11082=CARTESIAN_POINT('',(50.0279454914656,65.9843013959434,45.7500000032413));
#11083=CARTESIAN_POINT('Origin',(48.2958946838992,64.9843013959395,45.7500000032413));
#11084=CARTESIAN_POINT('',(50.0279454914658,65.9843013959435,49.7500000067587));
#11085=CARTESIAN_POINT('',(50.0279454914658,65.9843013959435,41.7500000035116));
#11086=CARTESIAN_POINT('Origin',(48.2958946838992,64.9843013959395,49.7500000067587));
#11087=CARTESIAN_POINT('Origin',(53.0279454914687,60.7881489732593,49.7500000067587));
#11088=CARTESIAN_POINT('',(53.4641016151299,60.0327044070499,49.7500000067587));
#11089=CARTESIAN_POINT('',(53.4641016151299,60.0327044070499,49.7500000067587));
#11090=CARTESIAN_POINT('',(53.0279454914687,60.7881489732593,49.7500000067587));
#11091=CARTESIAN_POINT('',(69.0292226200634,33.0731240006929,45.7500000032413));
#11092=CARTESIAN_POINT('Origin',(49.9999999999967,58.0327044070419,49.7500000067587));
#11093=CARTESIAN_POINT('Origin',(49.9999999999967,58.0327044070419,49.7500000067587));
#11094=CARTESIAN_POINT('Origin',(60.7420366769834,74.4794859028187,47.7500000067587));
#11095=CARTESIAN_POINT('',(100.500000000003,74.4794859027153,49.7500000067587));
#11096=CARTESIAN_POINT('',(100.500000000003,74.4794859027153,48.7500000067587));
#11097=CARTESIAN_POINT('',(87.0897459623854,74.4794859027502,49.7500000067587));
#11098=CARTESIAN_POINT('Origin',(100.499999999997,71.9794859027153,48.7500000067587));
#11099=CARTESIAN_POINT('Origin',(100.499999999997,71.9794859027153,49.7500000067587));
#11100=CARTESIAN_POINT('Origin',(109.999999999997,-31.2000758060998,49.7500000067587));
#11101=CARTESIAN_POINT('',(109.999999999997,58.0347284617544,41.2658252479592));
#11102=CARTESIAN_POINT('',(109.999999999997,58.0347284617544,37.0231845606478));
#11103=CARTESIAN_POINT('',(109.999999999997,58.0347284617544,49.7500000067587));
#11104=CARTESIAN_POINT('',(109.999999999997,51.5505537035424,47.7500000067587));
#11105=CARTESIAN_POINT('',(109.999999999997,63.0150198020869,36.2855339071755));
#11106=CARTESIAN_POINT('',(109.999999999997,58.0327044067619,47.7500000067587));
#11107=CARTESIAN_POINT('',(109.999999999997,70.5869692124494,47.7500000067587));
#11108=CARTESIAN_POINT('',(109.999999999997,58.0327044067619,49.7500000067587));
#11109=CARTESIAN_POINT('',(109.999999999997,58.0327044067619,49.7500000067587));
#11110=CARTESIAN_POINT('',(109.999999999997,70.5869692124494,49.7500000067587));
#11111=CARTESIAN_POINT('',(109.999999999997,35.943003659069,47.7500000032413));
#11112=CARTESIAN_POINT('',(109.999999999997,35.943003659069,47.7500000032413));
#11113=CARTESIAN_POINT('',(109.999999999997,61.3079130211162,33.7500000009893));
#11114=CARTESIAN_POINT('Origin',(113.999999999997,58.0327044067619,49.7500000067587));
#11115=CARTESIAN_POINT('',(110.535898384874,60.0327044067878,46.5322204184125));
#11116=CARTESIAN_POINT('',(110.082701991067,58.8418869011559,47.7500000067587));
#11117=CARTESIAN_POINT('Origin',(113.999999999997,58.0327044067619,48.302608232589));
#11118=CARTESIAN_POINT('',(110.535898384874,60.0327044067878,49.7500000067587));
#11119=CARTESIAN_POINT('',(110.535898384874,60.0327044067878,49.7500000067587));
#11120=CARTESIAN_POINT('Origin',(113.999999999997,58.0327044067619,49.7500000067587));
#11121=CARTESIAN_POINT('Origin',(113.999999999997,58.0327044067619,47.7500000067587));
#11122=CARTESIAN_POINT('Origin',(114.972054508648,67.7163522033387,49.7500000067587));
#11123=CARTESIAN_POINT('',(110.526455316807,60.0163485331171,46.5491560068145));
#11124=CARTESIAN_POINT('',(113.97205450854,65.9843013959522,45.7500000032413));
#11125=CARTESIAN_POINT('',(96.9707773799407,36.5372256158179,45.7500000032413));
#11126=CARTESIAN_POINT('',(113.972054508687,65.9843013958673,49.7500000067587));
#11127=CARTESIAN_POINT('',(113.972054508687,65.9843013958673,41.7500000040104));
#11128=CARTESIAN_POINT('',(110.972054508605,60.7881489731087,49.7500000067587));
#11129=CARTESIAN_POINT('Origin',(115.704105316248,64.9843013958544,41.7500000040104));
#11130=CARTESIAN_POINT('',(116.704105316251,66.7163522034218,45.7500000032413));
#11131=CARTESIAN_POINT('Origin',(115.704105316248,64.9843013958544,45.7500000032413));
#11132=CARTESIAN_POINT('',(116.704105316251,66.7163522034218,49.7500000067587));
#11133=CARTESIAN_POINT('',(116.704105316251,66.7163522034218,41.7500000040104));
#11134=CARTESIAN_POINT('Origin',(115.704105316248,64.9843013958544,49.7500000067587));
#11135=CARTESIAN_POINT('Origin',(139.500000000167,53.5551362712002,33.7500000012621));
#11136=CARTESIAN_POINT('',(128.999999999997,59.6173140978094,49.7500000067587));
#11137=CARTESIAN_POINT('',(128.999999999997,59.6173140978094,45.7500000032413));
#11138=CARTESIAN_POINT('',(128.999999999997,59.6173140978094,41.7500000040104));
#11139=CARTESIAN_POINT('',(109.474082115536,70.8906080446152,49.7500000067587));
#11140=CARTESIAN_POINT('',(129.251277128656,59.4722391799368,45.7500000032413));
#11141=CARTESIAN_POINT('Origin',(127.499999999994,57.0192378864583,41.7500000040104));
#11142=CARTESIAN_POINT('',(130.499999999994,57.0192378864556,45.7500000032413));
#11143=CARTESIAN_POINT('Origin',(127.499999999994,57.0192378864583,45.7500000032413));
#11144=CARTESIAN_POINT('',(130.499999999994,57.0192378864556,49.7500000067587));
#11145=CARTESIAN_POINT('',(130.499999999994,57.0192378864556,41.7500000040104));
#11146=CARTESIAN_POINT('Origin',(127.499999999994,57.0192378864583,49.7500000067587));
#11147=CARTESIAN_POINT('Origin',(130.499999999987,49.5136843869906,49.7500000067587));
#11148=CARTESIAN_POINT('',(130.499999999988,51.2457351945528,45.7500000032413));
#11149=CARTESIAN_POINT('',(130.499999999965,25.4063612463177,45.7500000032413));
#11150=CARTESIAN_POINT('',(130.499999999988,51.2457351945528,49.7500000067587));
#11151=CARTESIAN_POINT('',(130.499999999988,51.2457351945528,41.7500000038692));
#11152=CARTESIAN_POINT('',(130.499999999987,49.5136843869906,49.7500000067587));
#11153=CARTESIAN_POINT('Origin',(133.499999999989,51.2457351945501,41.7500000038692));
#11154=CARTESIAN_POINT('Origin',(133.499999999989,51.2457351945501,49.7500000067587));
#11155=CARTESIAN_POINT('Origin',(133.499999999989,51.2457351945501,45.7500000032413));
#11156=CARTESIAN_POINT('Origin',(135.500000000141,43.1628314257916,33.7500000034164));
#11157=CARTESIAN_POINT('',(138.500000000141,43.1628314257846,42.2086228466381));
#11158=CARTESIAN_POINT('Origin',(135.500000000141,43.1628314257916,39.3586228466381));
#11159=CARTESIAN_POINT('',(138.500000000146,43.1628314257846,49.7500000067587));
#11160=CARTESIAN_POINT('',(138.500000000141,43.1628314257846,33.7500000034164));
#11161=CARTESIAN_POINT('Origin',(135.500000000141,43.1628314257916,49.7500000067587));
#11162=CARTESIAN_POINT('Origin',(138.499999999935,-46.0495827716493,33.7500000058531));
#11163=CARTESIAN_POINT('',(138.500000000069,11.7561650774528,45.7500000032413));
#11164=CARTESIAN_POINT('',(138.500000000079,16.1000000000865,45.7500000032413));
#11165=CARTESIAN_POINT('',(138.499999999989,-22.3752723330458,45.7500000032413));
#11166=CARTESIAN_POINT('',(138.500000000084,11.7561650774646,49.7500000067587));
#11167=CARTESIAN_POINT('',(138.500000000084,11.7561650774646,49.7500000067587));
#11168=CARTESIAN_POINT('',(138.50000000012,29.8836842821064,49.7500000067587));
#11169=CARTESIAN_POINT('',(138.500000000132,38.8999999993533,42.2086228468312));
#11170=CARTESIAN_POINT('',(138.499999999964,-33.1284665724034,42.2086228500945));
#11171=CARTESIAN_POINT('',(138.500000000128,37.5552190234519,42.7500000025889));
#11172=CARTESIAN_POINT('Origin',(138.500000000132,38.8999999994279,45.6569014028647));
#11173=CARTESIAN_POINT('',(138.500000000099,24.8447809746549,42.7500000025889));
#11174=CARTESIAN_POINT('',(138.499999999987,-23.2747913859846,42.7500000025889));
#11175=CARTESIAN_POINT('',(138.500000000096,23.4999999993837,42.2086228475289));
#11176=CARTESIAN_POINT('Origin',(138.500000000096,23.4999999994629,45.6569014035624));
#11177=CARTESIAN_POINT('',(138.500000000079,16.1000000000059,42.2086228478642));
#11178=CARTESIAN_POINT('',(138.499999999964,-33.1284665724034,42.2086228500945));
#11179=CARTESIAN_POINT('',(138.500000000079,16.1000000000865,33.7500000045472));
#11180=CARTESIAN_POINT('Origin',(132.564561407426,-11.0340880104742,77.7500000067587));
#11181=CARTESIAN_POINT('',(132.500000000016,-11.2819838974618,45.7500000032413));
#11182=CARTESIAN_POINT('',(132.462639445313,-11.4254369016312,45.7500000032413));
#11183=CARTESIAN_POINT('',(132.500000000016,-11.2819838974783,49.7500000067587));
#11184=CARTESIAN_POINT('',(132.500000000016,-11.2819838974619,77.7500000067587));
#11185=CARTESIAN_POINT('',(135.959103547893,1.99990657832929,49.7500000067587));
#11186=CARTESIAN_POINT('Origin',(134.500000000015,-11.5381489733703,77.7500000067587));
#11187=CARTESIAN_POINT('',(140.500000000071,11.5000000015568,49.7500000067587));
#11188=CARTESIAN_POINT('',(134.926822844153,-9.89928092852714,49.7500000067587));
#11189=CARTESIAN_POINT('',(135.108941884026,-9.1999999999049,43.7500000032413));
#11190=CARTESIAN_POINT('',(136.4847754911,-3.91722339920861,49.0327766016249));
#11191=CARTESIAN_POINT('',(139.900993542393,9.20000000009052,43.7500000032413));
#11192=CARTESIAN_POINT('',(134.398078037903,-11.9294978645272,43.7500000032413));
#11193=CARTESIAN_POINT('',(140.500000000068,11.500000001545,41.4500000017866));
#11194=CARTESIAN_POINT('',(136.046588659903,-5.59972564852246,58.5497256518561));
#11195=CARTESIAN_POINT('',(140.500000000068,11.500000001545,55.7500000063059));
#11196=CARTESIAN_POINT('Origin',(140.499999999934,-46.0495827716539,33.7500000058531));
#11197=CARTESIAN_POINT('',(140.500000000163,52.4004357328166,49.7500000013929));
#11198=CARTESIAN_POINT('',(140.500000000163,52.4004357328166,33.7500000035576));
#11199=CARTESIAN_POINT('',(140.499999999994,-20.2073503735662,49.7500000046823));
#11200=CARTESIAN_POINT('',(140.500000000038,-1.5123956935123,54.4623956968439));
#11201=CARTESIAN_POINT('Origin',(135.500000000163,52.4004357328282,33.7500000035576));
#11202=CARTESIAN_POINT('',(138.000000000169,56.7305627517468,49.7500000011967));
#11203=CARTESIAN_POINT('Origin',(135.500000000163,52.4004357328282,49.7500000067587));
#11204=CARTESIAN_POINT('',(138.000000000169,56.7305627517468,41.3500000011967));
#11205=CARTESIAN_POINT('Origin',(135.500000000163,52.4004357328282,36.6000000013929));
#11206=CARTESIAN_POINT('',(138.000000000169,56.7305627517468,33.7500000035576));
#11207=CARTESIAN_POINT('Origin',(140.50000000017,55.2871870787677,33.7500000012621));
#11208=CARTESIAN_POINT('',(103.519237886595,76.6380400399485,49.7500000002948));
#11209=CARTESIAN_POINT('',(103.519237886595,76.6380400399485,33.7500000007633));
#11210=CARTESIAN_POINT('',(129.312539383521,61.7462704773594,49.7500000009695));
#11211=CARTESIAN_POINT('',(137.79589468389,56.8484030110438,41.3500000011914));
#11212=CARTESIAN_POINT('',(129.312539383529,61.7462704773549,41.3500000009695));
#11213=CARTESIAN_POINT('',(135.717433714809,58.0484030110468,43.7500000015052));
#11214=CARTESIAN_POINT('',(139.597754037844,55.8080990279935,39.269392035117));
#11215=CARTESIAN_POINT('',(119.78256628519,67.2484030110693,43.7500000015052));
#11216=CARTESIAN_POINT('',(130.251277128658,61.2042899875042,43.7500000015052));
#11217=CARTESIAN_POINT('',(122.277245960673,65.8080990288827,46.6306079666905));
#11218=CARTESIAN_POINT('Origin',(101.019237886589,72.30791302103,33.7500000007633));
#11219=CARTESIAN_POINT('',(101.019237886602,77.30791302103,49.7500000002645));
#11220=CARTESIAN_POINT('Origin',(101.019237886589,72.30791302103,49.7500000067587));
#11221=CARTESIAN_POINT('',(101.019237886602,77.30791302103,33.7500000007633));
#11222=CARTESIAN_POINT('Origin',(102.358983848755,77.3079130210265,33.7500000002645));
#11223=CARTESIAN_POINT('',(62.9807621135669,77.3079130211288,49.7500000002645));
#11224=CARTESIAN_POINT('',(62.9807621135669,77.3079130211288,33.7500000002645));
#11225=CARTESIAN_POINT('',(92.1794919245134,77.307913021053,49.7500000002645));
#11226=CARTESIAN_POINT('Origin',(62.9807621135539,72.3079130211288,33.7500000002645));
#11227=CARTESIAN_POINT('',(60.480762113544,76.6380400400453,49.7500000002948));
#11228=CARTESIAN_POINT('Origin',(62.9807621135539,72.3079130211288,49.7500000067587));
#11229=CARTESIAN_POINT('',(60.480762113544,76.6380400400453,33.7500000002645));
#11230=CARTESIAN_POINT('Origin',(61.6410161513982,77.3079130211323,33.7500000002644));
#11231=CARTESIAN_POINT('',(44.2174337148111,67.2484030110677,43.7500000009797));
#11232=CARTESIAN_POINT('',(51.2580080755564,71.3132805135152,35.6202449955855));
#11233=CARTESIAN_POINT('',(28.2825662852,58.0484030110319,43.7500000009797));
#11234=CARTESIAN_POINT('',(52.8192309470979,72.2146529586695,43.7500000009797));
#11235=CARTESIAN_POINT('',(26.2041053161201,56.8484030110271,41.3500000011913));
#11236=CARTESIAN_POINT('',(33.9375000011498,61.3132805142024,50.2797550062918));
#11237=CARTESIAN_POINT('',(25.9999999999948,56.7305627518186,41.3500000011967));
#11238=CARTESIAN_POINT('',(53.7579686922925,72.7566334485589,41.3500000004706));
#11239=CARTESIAN_POINT('',(25.9999999999948,56.7305627518186,49.7500000011967));
#11240=CARTESIAN_POINT('',(25.9999999999948,56.7305627518186,33.7500000007633));
#11241=CARTESIAN_POINT('',(53.7579686923004,72.7566334485634,49.7500000004706));
#11242=CARTESIAN_POINT('Origin',(28.5000000000048,52.4004357329021,33.7500000007633));
#11243=CARTESIAN_POINT('',(23.5000000000048,52.4004357328975,49.7500000013929));
#11244=CARTESIAN_POINT('Origin',(28.5000000000048,52.4004357329021,49.7500000067587));
#11245=CARTESIAN_POINT('Origin',(28.5000000000048,52.4004357329021,36.6000000013929));
#11246=CARTESIAN_POINT('',(23.5000000000048,52.4004357328975,33.7500000007633));
#11247=CARTESIAN_POINT('Origin',(23.5000000000021,55.287187078841,33.7500000012621));
#11248=CARTESIAN_POINT('',(23.5000000000419,11.5000000016565,41.4500000016787));
#11249=CARTESIAN_POINT('',(23.5000000000307,23.8217967702681,29.1282032330671));
#11250=CARTESIAN_POINT('',(23.5000000000419,11.5000000016566,49.7500000067587));
#11251=CARTESIAN_POINT('',(23.5000000000419,11.5000000016565,55.7500000040104));
#11252=CARTESIAN_POINT('',(23.5000000000247,30.4610345517225,49.7500000023868));
#11253=CARTESIAN_POINT('Origin',(23.5000000000419,11.5000000016566,77.7500000067587));
#11254=CARTESIAN_POINT('',(26.0731771559207,1.61979355901855,49.7500000067587));
#11255=CARTESIAN_POINT('',(24.0990064577412,9.20000000009391,43.7500000032413));
#11256=CARTESIAN_POINT('',(26.4698120628198,0.0968378800568689,52.8531621232784));
#11257=CARTESIAN_POINT('',(28.8910581160793,-9.1999999999049,43.7500000032413));
#11258=CARTESIAN_POINT('',(26.6019219621627,-0.410423376962228,43.7500000032413));
#11259=CARTESIAN_POINT('',(25.9004194499304,2.28312985354511,55.2331298516644));
#11260=CARTESIAN_POINT('Origin',(52.7500000000348,-10.3999999998891,42.5500000037669));
#11261=CARTESIAN_POINT('',(52.7500000000356,-11.5999999998891,41.3500000042924));
#11262=CARTESIAN_POINT('',(52.750000000034,-9.19999999988906,43.7500000032413));
#11263=CARTESIAN_POINT('Origin',(23.5000000000625,-11.5999999999085,33.7500000042924));
#11264=CARTESIAN_POINT('Origin',(132.5,-11.5999999999033,33.7500000042924));
#11265=CARTESIAN_POINT('',(107.249999999996,-11.5999999998879,41.3500000042924));
#11266=CARTESIAN_POINT('Origin',(107.249999999997,-10.3999999998879,42.5500000037669));
#11267=CARTESIAN_POINT('',(107.249999999998,-9.19999999988789,43.7500000032413));
#11268=CARTESIAN_POINT('Origin',(102.999999999997,47.3079130166154,47.7500000067587));
#11269=CARTESIAN_POINT('',(110.535898384859,60.0347284617544,35.0231845604665));
#11270=CARTESIAN_POINT('',(105.012169111612,50.4673487132345,44.5905643098534));
#11271=CARTESIAN_POINT('Origin',(113.999999999997,58.0347284617544,37.0231845606478));
#11272=CARTESIAN_POINT('Origin',(81.9999999999968,21.7141726453512,47.7500000067587));
#11273=CARTESIAN_POINT('',(91.1074473093485,60.0790404071553,47.7500000067587));
#11274=CARTESIAN_POINT('',(92.4999999999968,51.5505537035424,47.7500000067587));
#11275=CARTESIAN_POINT('Origin',(102.999999999997,63.0150198020869,36.2855339071755));
#11276=CARTESIAN_POINT('',(110.496318460924,59.9645511667621,39.3360025427767));
#11277=CARTESIAN_POINT('',(107.12841335129,60.1841327051576,39.1164210043613));
#11278=CARTESIAN_POINT('Origin',(113.999999999997,58.0347284617544,41.2658252479592));
#11279=CARTESIAN_POINT('Origin',(107.12841335129,60.5376860957669,39.4699743949385));
#11280=CARTESIAN_POINT('',(110.535898384859,60.0347284617544,39.2783389184857));
#11281=CARTESIAN_POINT('Origin',(110.692134690317,60.3053376807951,39.7023228099314));
#11282=CARTESIAN_POINT('Ctrl Pts',(110.535898384859,60.0347284617544,39.2783389184857));
#11283=CARTESIAN_POINT('Ctrl Pts',(110.521313179601,60.0094661452089,39.2952355167197));
#11284=CARTESIAN_POINT('Ctrl Pts',(110.508046516485,59.9858439889734,39.3147097205622));
#11285=CARTESIAN_POINT('Ctrl Pts',(110.496318460925,59.9645511667628,39.3360025427759));
#11286=CARTESIAN_POINT('Origin',(97.7506697501363,60.6480370444207,46.7500000067587));
#11287=CARTESIAN_POINT('Origin',(117.704105316109,68.4484030110724,33.7500000006658));
#11288=CARTESIAN_POINT('',(98.7028281875072,35.5372256158139,41.3500000008228));
#11289=CARTESIAN_POINT('Origin',(99.7420586720472,34.9372256158115,42.550000001164));
#11290=CARTESIAN_POINT('',(100.781289156587,34.3372256158091,43.7500000015052));
#11291=CARTESIAN_POINT('Origin',(82.,1.29903810568864,43.7500000015052));
#11292=CARTESIAN_POINT('',(114.716156586187,21.6731240006503,43.7500000015052));
#11293=CARTESIAN_POINT('Origin',(115.755387070726,21.0731240006477,42.5500000014268));
#11294=CARTESIAN_POINT('',(116.794617555266,20.473124000645,41.3500000013483));
#11295=CARTESIAN_POINT('Origin',(133.795894683872,49.9201997807766,33.7500000015052));
#11296=CARTESIAN_POINT('',(134.795894683848,51.6522505882939,35.650000001371));
#11297=CARTESIAN_POINT('Origin',(127.312539383599,58.282168862177,37.5500000011264));
#11298=CARTESIAN_POINT('Origin',(140.500000000063,11.6000000000902,33.7500000032413));
#11299=CARTESIAN_POINT('',(111.250000000034,11.6000000001038,41.3500000032413));
#11300=CARTESIAN_POINT('Origin',(111.250000000034,10.4000000001038,42.5500000032413));
#11301=CARTESIAN_POINT('',(111.250000000033,9.20000000010379,43.7500000032413));
#11302=CARTESIAN_POINT('Origin',(82.,1.29903810568864,43.7500000032413));
#11303=CARTESIAN_POINT('Origin',(82.,1.29903810568864,45.7500000032413));
#11304=CARTESIAN_POINT('',(130.00663242563,-13.5999999999653,45.7500000032413));
#11305=CARTESIAN_POINT('Origin',(130.00663242563,-11.0999999998224,45.7500000032413));
#11306=CARTESIAN_POINT('',(136.000000000077,13.6000000000923,45.7500000032413));
#11307=CARTESIAN_POINT('Origin',(136.000000000079,16.1000000000923,45.7500000032413));
#11308=CARTESIAN_POINT('',(111.999999999997,13.6000000001034,45.7500000032413));
#11309=CARTESIAN_POINT('',(111.250000000035,13.6000000001038,45.7500000032413));
#11310=CARTESIAN_POINT('',(111.999999999997,7.60000000009428,45.7500000032413));
#11311=CARTESIAN_POINT('',(111.999999999997,35.943003659069,45.7500000032413));
#11312=CARTESIAN_POINT('',(128.,7.60000000009427,45.7500000032413));
#11313=CARTESIAN_POINT('',(106.249999999994,7.60000000009428,45.7500000032413));
#11314=CARTESIAN_POINT('Origin',(128.,5.10000000009427,45.7500000032413));
#11315=CARTESIAN_POINT('',(128.,-7.59999999990318,45.7500000032413));
#11316=CARTESIAN_POINT('Origin',(128.,-5.09999999990318,45.7500000032413));
#11317=CARTESIAN_POINT('',(111.999999999997,-7.59999999990318,45.7500000032413));
#11318=CARTESIAN_POINT('',(94.2499999999984,-7.59999999990318,45.7500000032413));
#11319=CARTESIAN_POINT('',(111.999999999997,35.943003659069,45.7500000032413));
#11320=CARTESIAN_POINT('',(123.600000000009,-16.0999999998224,45.750000004383));
#11321=CARTESIAN_POINT('Origin',(120.716182001902,-16.0999999998961,45.7500000032413));
#11322=CARTESIAN_POINT('',(126.100000000009,-13.5999999999532,45.7500000032413));
#11323=CARTESIAN_POINT('Origin',(126.100000000009,-16.0999999998224,45.7500000032413));
#11324=CARTESIAN_POINT('',(106.249999999952,-13.5999999998915,45.7500000032413));
#11325=CARTESIAN_POINT('Origin',(110.999999999997,35.943003659069,46.7500000032413));
#11326=CARTESIAN_POINT('',(110.124999999997,-7.59999999990318,47.6250000032413));
#11327=CARTESIAN_POINT('Origin',(110.999999999997,35.943003659069,46.7500000032413));
#11328=CARTESIAN_POINT('',(121.625000000011,13.600000000099,36.125000003227));
#11329=CARTESIAN_POINT('',(116.124999999998,7.60000000009428,41.6250000032405));
#11330=CARTESIAN_POINT('Origin',(135.122501076165,-20.2073503736783,38.9999988718712));
#11331=CARTESIAN_POINT('',(135.224997791539,16.1000000000074,39.0973707497511));
#11332=CARTESIAN_POINT('',(131.282816451298,23.4999999994126,35.3522984761711));
#11333=CARTESIAN_POINT('Origin',(129.560942796511,23.4999999994987,37.1647970601572));
#11334=CARTESIAN_POINT('Origin',(135.440103788545,23.4999999994752,42.7500000025889));
#11335=CARTESIAN_POINT('Origin',(82.0000000000179,-0.500000000188843,42.7500000025889));
#11336=CARTESIAN_POINT('',(129.000000000081,34.3000000000729,42.7500000054613));
#11337=CARTESIAN_POINT('',(103.750000000058,34.3000000000478,42.7500000025889));
#11338=CARTESIAN_POINT('',(128.969341002085,28.1001516125154,42.7500000054613));
#11339=CARTESIAN_POINT('Origin',(129.000000000199,31.199999999523,42.7500000025889));
#11340=CARTESIAN_POINT('',(105.484670501037,28.100151612492,42.7500000025889));
#11341=CARTESIAN_POINT('Origin',(135.440103789315,38.8999999994484,42.7500000025889));
#11342=CARTESIAN_POINT('Origin',(128.969341002085,28.1001516125154,42.7500000054613));
#11343=CARTESIAN_POINT('',(128.969341002085,28.1001516125154,39.7500000054613));
#11344=CARTESIAN_POINT('',(128.969341002085,28.1001516125154,42.7500000054613));
#11345=CARTESIAN_POINT('',(103.750000000064,28.1001516124902,39.7500000054613));
#11346=CARTESIAN_POINT('Origin',(82.0000000000007,-0.0249999999044848,39.7500000054613));
#11347=CARTESIAN_POINT('',(129.000000000081,34.3000000000729,39.7500000054613));
#11348=CARTESIAN_POINT('Origin',(129.000000000199,31.199999999523,39.7500000054613));
#11349=CARTESIAN_POINT('',(105.500000000024,34.3000000000495,39.7500000054613));
#11350=CARTESIAN_POINT('Origin',(125.500000000133,34.3000000000694,42.7500000054613));
#11351=CARTESIAN_POINT('',(129.000000000081,34.3000000000729,42.7500000054613));
#11352=CARTESIAN_POINT('Origin',(133.503124137123,38.8999999994614,40.9098693330064));
#11353=CARTESIAN_POINT('',(135.224997791909,38.8999999993753,39.0973707490203));
#11354=CARTESIAN_POINT('Origin',(135.122501076165,-20.2073503736783,38.9999988718712));
#11355=CARTESIAN_POINT('Origin',(82.,1.29903810568864,45.7500000032413));
#11356=CARTESIAN_POINT('Origin',(110.485464156217,59.9473738153066,49.7500000067587));
#11357=CARTESIAN_POINT('',(110.535898384859,60.0347284617544,49.7500000067587));
#11358=CARTESIAN_POINT('Origin',(53.5139794378615,59.946337538748,49.7500000067587));
#11359=CARTESIAN_POINT('',(53.4641016151345,60.032728461882,49.7500000067587));
#11360=CARTESIAN_POINT('Origin',(28.8774989238541,30.4610345516028,38.9999988695757));
#11361=CARTESIAN_POINT('',(25.500000000017,38.8999999993571,42.2086228468312));
#11362=CARTESIAN_POINT('',(32.7171835491219,38.8999999994047,35.3522984751816));
#11363=CARTESIAN_POINT('',(25.5000000000134,42.8741108154856,42.2086228466512));
#11364=CARTESIAN_POINT('Origin',(82.,1.29903810568864,45.7500000032413));
#11365=CARTESIAN_POINT('Origin',(34.4390572039086,38.8999999994884,37.1647970591677));
#11366=CARTESIAN_POINT('',(25.5000000000183,37.5552190239907,42.7500000021178));
#11367=CARTESIAN_POINT('Origin',(25.500000000017,38.8999999994295,45.6569014028647));
#11368=CARTESIAN_POINT('Origin',(28.5598962113296,38.8999999994496,42.7500000021178));
#11369=CARTESIAN_POINT('Origin',(82.0000000000179,-0.500000000188843,42.7500000021178));
#11370=CARTESIAN_POINT('',(35.0306589979146,28.1001516125155,42.7500000054613));
#11371=CARTESIAN_POINT('',(60.2499999999456,28.1001516124903,42.7500000021178));
#11372=CARTESIAN_POINT('',(34.9999999999187,34.300000000073,42.7500000054613));
#11373=CARTESIAN_POINT('Origin',(34.9999999998015,31.1999999995231,42.7500000021178));
#11374=CARTESIAN_POINT('',(58.4999999999856,34.3000000000496,42.7500000021178));
#11375=CARTESIAN_POINT('',(25.5000000000298,24.8447809741617,42.7500000021178));
#11376=CARTESIAN_POINT('',(25.5000000000275,27.3935935393013,42.7500000021178));
#11377=CARTESIAN_POINT('Origin',(28.559896212078,23.4999999995096,42.7500000021178));
#11378=CARTESIAN_POINT('Origin',(34.9999999999187,34.300000000073,42.7500000054613));
#11379=CARTESIAN_POINT('',(34.9999999999187,34.300000000073,39.7500000054613));
#11380=CARTESIAN_POINT('',(34.9999999999187,34.300000000073,42.7500000054613));
#11381=CARTESIAN_POINT('',(60.2499999999509,34.3000000000479,39.7500000054613));
#11382=CARTESIAN_POINT('Origin',(82.0000000000007,-0.0249999999044848,39.7500000054613));
#11383=CARTESIAN_POINT('',(35.0306589979146,28.1001516125155,39.7500000054613));
#11384=CARTESIAN_POINT('Origin',(34.9999999998015,31.1999999995231,39.7500000054613));
#11385=CARTESIAN_POINT('',(58.5153294989718,28.100151612492,39.7500000054613));
#11386=CARTESIAN_POINT('Origin',(38.4999999998447,28.1001516125121,42.7500000054613));
#11387=CARTESIAN_POINT('',(35.0306589979146,28.1001516125155,42.7500000054613));
#11388=CARTESIAN_POINT('Origin',(30.4968758638769,23.4999999995107,40.9098693329088));
#11389=CARTESIAN_POINT('',(25.500000000031,23.4999999994252,42.2086228475289));
#11390=CARTESIAN_POINT('Origin',(25.500000000031,23.4999999995079,45.6569014035624));
#11391=CARTESIAN_POINT('',(28.7750022090901,23.499999999427,39.0973707489228));
#11392=CARTESIAN_POINT('Origin',(51.9999999999968,-13.5999999999241,45.7500000032413));
#11393=CARTESIAN_POINT('',(48.7071067805615,7.60000000009428,42.4571067780149));
#11394=CARTESIAN_POINT('',(48.7071067805615,-13.5999999999241,42.4571067780149));
#11395=CARTESIAN_POINT('',(51.9999999999968,7.60000000009428,45.7500000032413));
#11396=CARTESIAN_POINT('',(53.3749999975786,7.60000000009428,47.1250000032413));
#11397=CARTESIAN_POINT('',(51.9999999999968,-14.9505188502056,45.7500000032413));
#11398=CARTESIAN_POINT('Origin',(52.9999999999968,-14.9505188502056,46.7500000032413));
#11399=CARTESIAN_POINT('',(53.8749999999968,7.60000000009428,47.6250000032413));
#11400=CARTESIAN_POINT('Origin',(82.,1.29903810568864,45.7500000032413));
#11401=CARTESIAN_POINT('Origin',(33.9933675744555,-11.0999999998224,45.7500000032413));
#11402=CARTESIAN_POINT('',(40.4000000001439,-16.0999999998224,45.750000004383));
#11403=CARTESIAN_POINT('Origin',(37.9000000001439,-16.0999999998224,45.7500000032413));
#11404=CARTESIAN_POINT('Origin',(43.2838179982514,-16.0999999998953,45.7500000032413));
#11405=CARTESIAN_POINT('',(43.9999999859273,-7.59999999990317,45.7500000032413));
#11406=CARTESIAN_POINT('',(43.9999999859273,-6.15048094711772,45.7500000032413));
#11407=CARTESIAN_POINT('',(36.,-7.59999999990317,45.7500000032413));
#11408=CARTESIAN_POINT('',(57.75,-7.59999999990317,45.7500000032413));
#11409=CARTESIAN_POINT('Origin',(36.,-5.09999999990317,45.7500000032413));
#11410=CARTESIAN_POINT('',(36.,7.60000000009428,45.7500000032413));
#11411=CARTESIAN_POINT('Origin',(36.,5.10000000009428,45.7500000032413));
#11412=CARTESIAN_POINT('',(43.9999999859273,7.60000000009428,45.7500000032413));
#11413=CARTESIAN_POINT('',(69.7499999999984,7.60000000009428,45.7500000032413));
#11414=CARTESIAN_POINT('',(43.9999999859273,-6.15048094711772,45.7500000032413));
#11415=CARTESIAN_POINT('',(25.5000000000378,16.1000000000917,45.7500000032413));
#11416=CARTESIAN_POINT('Origin',(28.0000000000378,16.100000000094,45.7500000032413));
#11417=CARTESIAN_POINT('',(25.5000000000267,28.2931125922401,45.7500000032413));
#11418=CARTESIAN_POINT('',(37.7499999999967,10.3000000000956,45.7500000032413));
#11419=CARTESIAN_POINT('Origin',(36.2999999999967,10.3000000000956,45.7500000032413));
#11420=CARTESIAN_POINT('',(37.7499999999967,-10.2999999999044,45.7500000032413));
#11421=CARTESIAN_POINT('Origin',(36.2999999999967,-10.2999999999044,45.7500000032413));
#11422=CARTESIAN_POINT('Origin',(47.9999999999967,-13.5999999999241,41.7499999962066));
#11423=CARTESIAN_POINT('',(47.2928932181884,7.60000000009428,42.4571067767714));
#11424=CARTESIAN_POINT('',(47.2928932181884,-13.5999999999241,42.4571067767714));
#11425=CARTESIAN_POINT('',(49.375000002415,7.60000000009428,40.3749999962066));
#11426=CARTESIAN_POINT('Origin',(47.999999999375,-13.5999999999241,42.4571067773932));
#11427=CARTESIAN_POINT('',(52.7500000011336,7.60000000009428,42.45710678157));
#11428=CARTESIAN_POINT('Origin',(51.9999999999968,-13.5999999999241,45.7500000032413));
#11429=CARTESIAN_POINT('',(48.7071067805615,-7.59999999990317,42.4571067780149));
#11430=CARTESIAN_POINT('',(48.7071067805615,-13.5999999999241,42.4571067780149));
#11431=CARTESIAN_POINT('',(51.9999999999968,-7.59999999990317,45.7500000032413));
#11432=CARTESIAN_POINT('',(51.9999999999968,-14.9505188502056,45.7500000032413));
#11433=CARTESIAN_POINT('',(47.3750000081315,-7.59999999990317,41.1250000032421));
#11434=CARTESIAN_POINT('Origin',(52.9999999999968,-14.9505188502056,46.7500000032413));
#11435=CARTESIAN_POINT('',(47.8749999999976,-7.59999999990317,41.6250000032421));
#11436=CARTESIAN_POINT('Origin',(47.9999999999967,-13.5999999999241,41.7499999962066));
#11437=CARTESIAN_POINT('',(47.2928932181884,-7.59999999990317,42.4571067767714));
#11438=CARTESIAN_POINT('',(47.2928932181884,-13.5999999999241,42.4571067767714));
#11439=CARTESIAN_POINT('',(43.3749999918636,-7.59999999990317,46.3749999962058));
#11440=CARTESIAN_POINT('Origin',(47.999999999375,-13.5999999999241,42.4571067773932));
#11441=CARTESIAN_POINT('',(40.7500000011353,-7.59999999990317,42.4571067710179));
#11442=CARTESIAN_POINT('Origin',(82.,1.29903810568864,43.7500000032413));
#11443=CARTESIAN_POINT('',(56.75,9.20000000009467,43.7500000032413));
#11444=CARTESIAN_POINT('Origin',(56.7499999999999,10.4000000000947,42.5500000032413));
#11445=CARTESIAN_POINT('',(56.7499999999999,11.6000000000947,41.3500000032413));
#11446=CARTESIAN_POINT('Origin',(31.5,11.6000000000941,33.7500000032413));
#11447=CARTESIAN_POINT('Origin',(55.7579686922259,69.2925318333827,37.5500000006276));
#11448=CARTESIAN_POINT('',(28.1528569587937,53.4730661546034,37.6473718802811));
#11449=CARTESIAN_POINT('Origin',(26.2041053161201,56.8484030110271,33.7500000011914));
#11450=CARTESIAN_POINT('',(45.205382444733,23.9372256157713,41.3500000013483));
#11451=CARTESIAN_POINT('Origin',(66.2579413279569,31.4731240006865,42.5500000009012));
#11452=CARTESIAN_POINT('',(65.218710843417,30.873124000684,43.7500000009797));
#11453=CARTESIAN_POINT('',(67.2971718124969,32.0731240006889,41.3500000008228));
#11454=CARTESIAN_POINT('Origin',(50.2958946838982,61.5201997808219,33.7500000009797));
#11455=CARTESIAN_POINT('Origin',(46.2446129292728,24.537225615774,42.550000001164));
#11456=CARTESIAN_POINT('',(47.2838434138125,25.1372256157767,43.7500000009797));
#11457=CARTESIAN_POINT('Origin',(82.,1.29903810568864,43.7500000009797));
#11458=CARTESIAN_POINT('Origin',(82.0000000000007,-0.0249999999044848,39.7500000054613));
#11459=CARTESIAN_POINT('',(31.849999999917,-31.199999999882,39.7500000054613));
#11460=CARTESIAN_POINT('Origin',(34.999999999917,-31.199999999882,39.7500000054613));
#11461=CARTESIAN_POINT('Origin',(82.0000000000007,-0.0249999999044848,39.7500000054613));
#11462=CARTESIAN_POINT('',(125.850000000084,-31.199999999882,39.7500000054613));
#11463=CARTESIAN_POINT('Origin',(129.000000000084,-31.199999999882,39.7500000054613));
#11464=CARTESIAN_POINT('Origin',(49.9999999999967,58.032728461882,49.7500000067587));
#11465=CARTESIAN_POINT('Origin',(106.500000000003,29.0000000000956,52.7500000067587));
#11466=CARTESIAN_POINT('',(107.700000000003,29.0000000000956,52.7500000067587));
#11467=CARTESIAN_POINT('Origin',(106.500000000003,29.0000000000956,52.7500000067587));
#11468=CARTESIAN_POINT('Origin',(57.5000000000031,29.0000000000956,52.7500000067587));
#11469=CARTESIAN_POINT('',(58.7000000000031,29.0000000000956,52.7500000067587));
#11470=CARTESIAN_POINT('Origin',(57.5000000000031,29.0000000000956,52.7500000067587));
#11471=CARTESIAN_POINT('Origin',(55.4282352815481,67.7742545408281,48.0000000067587));
#11472=CARTESIAN_POINT('Origin',(34.999999999917,-19.7999999998626,48.0000000067587));
#11473=CARTESIAN_POINT('Origin',(108.571764718458,67.7742545408281,48.0000000067587));
#11474=CARTESIAN_POINT('Origin',(129.00000000009,-19.7999999998626,48.0000000067587));
#11475=CARTESIAN_POINT('Origin',(57.5000000000033,-28.9999999999044,52.7500000067587));
#11476=CARTESIAN_POINT('',(58.7000000000033,-28.9999999999044,52.7500000067587));
#11477=CARTESIAN_POINT('Origin',(57.5000000000033,-28.9999999999044,52.7500000067587));
#11478=CARTESIAN_POINT('Origin',(106.500000000003,-28.9999999999044,52.7500000067587));
#11479=CARTESIAN_POINT('',(107.700000000003,-28.9999999999044,52.7500000067587));
#11480=CARTESIAN_POINT('Origin',(106.500000000003,-28.9999999999044,52.7500000067587));
#11481=CARTESIAN_POINT('Origin',(34.999999999917,-31.199999999882,42.7500000054613));
#11482=CARTESIAN_POINT('',(31.849999999917,-31.199999999882,49.7500000049448));
#11483=CARTESIAN_POINT('Origin',(34.999999999917,-31.199999999882,49.7500000049448));
#11484=CARTESIAN_POINT('',(31.849999999917,-31.199999999882,42.7500000054613));
#11485=CARTESIAN_POINT('Origin',(113.999999999997,58.0347284617544,49.7500000067587));
#11486=CARTESIAN_POINT('Origin',(129.000000000084,-31.199999999882,42.7500000054613));
#11487=CARTESIAN_POINT('',(125.850000000084,-31.199999999882,49.7500000049448));
#11488=CARTESIAN_POINT('Origin',(129.000000000084,-31.199999999882,49.7500000049448));
#11489=CARTESIAN_POINT('',(125.850000000084,-31.199999999882,42.7500000054613));
#11490=CARTESIAN_POINT('Origin',(129.000000000199,31.199999999523,42.7500000054613));
#11491=CARTESIAN_POINT('Origin',(34.9999999998015,31.1999999995231,42.7500000054613));
#11492=CARTESIAN_POINT('Origin',(36.2999999999967,10.3000000000956,45.7500000032413));
#11493=CARTESIAN_POINT('',(37.7499999999967,10.3000000000956,40.7500000032413));
#11494=CARTESIAN_POINT('',(37.7499999999967,10.3000000000956,45.7500000032413));
#11495=CARTESIAN_POINT('Origin',(36.2999999999967,10.3000000000956,40.7500000032413));
#11496=CARTESIAN_POINT('Origin',(36.2999999999967,-10.2999999999044,45.7500000032413));
#11497=CARTESIAN_POINT('',(37.7499999999967,-10.2999999999044,40.7500000032413));
#11498=CARTESIAN_POINT('',(37.7499999999967,-10.2999999999044,45.7500000032413));
#11499=CARTESIAN_POINT('Origin',(36.2999999999967,-10.2999999999044,40.7500000032413));
#11500=CARTESIAN_POINT('Origin',(106.500000000003,29.0000000000956,49.7500000067587));
#11501=CARTESIAN_POINT('',(107.700000000003,29.0000000000956,49.7500000067587));
#11502=CARTESIAN_POINT('Origin',(57.5000000000031,29.0000000000956,49.7500000067587));
#11503=CARTESIAN_POINT('',(58.7000000000031,29.0000000000956,49.7500000067587));
#11504=CARTESIAN_POINT('Origin',(57.5000000000033,-28.9999999999044,49.7500000067587));
#11505=CARTESIAN_POINT('',(58.7000000000033,-28.9999999999044,49.7500000067587));
#11506=CARTESIAN_POINT('Origin',(106.500000000003,-28.9999999999044,49.7500000067587));
#11507=CARTESIAN_POINT('',(107.700000000003,-28.9999999999044,49.7500000067587));
#11508=CARTESIAN_POINT('Origin',(36.2999999999967,10.3000000000956,40.7500000032413));
#11509=CARTESIAN_POINT('Origin',(36.2999999999967,-10.2999999999044,40.7500000032413));
#11510=CARTESIAN_POINT('Origin',(140.499999999981,-25.9999999998674,33.7500000049448));
#11511=CARTESIAN_POINT('',(126.100000000008,-25.9999999998724,41.4021739174223));
#11512=CARTESIAN_POINT('',(126.100000000008,-25.9999999998724,38.31357627496));
#11513=CARTESIAN_POINT('',(126.100000000008,-25.9999999998724,41.7500000046639));
#11514=CARTESIAN_POINT('',(130.5,-25.9999999998709,33.7500000049448));
#11515=CARTESIAN_POINT('',(128.292367308474,-25.9999999998717,37.5893612070411));
#11516=CARTESIAN_POINT('',(128.267698728425,-25.9999999998717,33.7500000049448));
#11517=CARTESIAN_POINT('',(111.250000000004,-25.9999999998777,33.7500000049448));
#11518=CARTESIAN_POINT('',(128.663866887314,-25.9999999998715,32.9159617757683));
#11519=CARTESIAN_POINT('Origin',(36.7168062388634,-28.4999999998719,35.8226420411108));
#11520=CARTESIAN_POINT('',(40.4000000001439,-28.499999999921,37.750000005058));
#11521=CARTESIAN_POINT('Origin',(40.4000000001439,-28.4999999998732,43.5767341689252));
#11522=CARTESIAN_POINT('',(38.4999999998506,-28.4999999999203,33.750000005058));
#11523=CARTESIAN_POINT('',(38.974999999685,-28.4999999999205,34.750000004555));
#11524=CARTESIAN_POINT('Origin',(35.7323012715864,-28.4999999998716,33.750000005058));
#11525=CARTESIAN_POINT('Origin',(124.550000000079,-3.98255898821687,35.7500000039473));
#11526=CARTESIAN_POINT('',(123.600000000009,-34.8999999999281,37.750000005348));
#11527=CARTESIAN_POINT('',(125.500000000149,-34.8999999999298,33.750000005348));
#11528=CARTESIAN_POINT('',(125.02500000036,-34.8999999999294,34.7500000048296));
#11529=CARTESIAN_POINT('',(123.600000000009,-28.4999999998724,37.750000005058));
#11530=CARTESIAN_POINT('',(123.600000000009,-3.98255898812626,37.7500000039473));
#11531=CARTESIAN_POINT('',(125.500000000149,-28.4999999999205,33.750000005058));
#11532=CARTESIAN_POINT('',(126.405673126459,-28.4999999999201,31.843319739283));
#11533=CARTESIAN_POINT('',(125.500000000149,-3.98255898830748,33.7500000039473));
#11534=CARTESIAN_POINT('Origin',(128.663866887314,-28.4999999998715,32.9159617757683));
#11535=CARTESIAN_POINT('Origin',(128.267698728373,-28.4999999998717,33.750000005058));
#11536=CARTESIAN_POINT('Origin',(126.100000000009,-28.4999999998724,38.31357627496));
#11537=CARTESIAN_POINT('Origin',(126.100000000009,-28.4999999998724,41.7500000046639));
#11538=CARTESIAN_POINT('',(123.600000000009,-28.4999999998724,45.750000004383));
#11539=CARTESIAN_POINT('',(123.600000000009,-28.4999999998724,41.7500000046639));
#11540=CARTESIAN_POINT('Origin',(126.100000000009,-28.4999999998724,41.4021739174208));
#11541=CARTESIAN_POINT('Origin',(126.100000000009,-16.0999999998224,50.6038130512238));
#11542=CARTESIAN_POINT('',(123.600000000009,-16.0999999998224,49.750000004383));
#11543=CARTESIAN_POINT('',(123.600000000009,-16.0999999998224,50.6038130512238));
#11544=CARTESIAN_POINT('',(126.100000000009,-13.5999999998224,49.750000004383));
#11545=CARTESIAN_POINT('Origin',(126.100000000009,-16.0999999998224,49.7500000049448));
#11546=CARTESIAN_POINT('',(126.100000000009,-13.5999999998224,50.6038130512238));
#11547=CARTESIAN_POINT('Origin',(82.0000000000765,-13.5999999998224,51.4576260980645));
#11548=CARTESIAN_POINT('',(130.00663242563,-13.5999999998224,49.750000004383));
#11549=CARTESIAN_POINT('',(130.00663242563,-13.5999999998224,77.7500000067587));
#11550=CARTESIAN_POINT('',(125.499999999998,-13.5999999998224,49.750000004383));
#11551=CARTESIAN_POINT('Origin',(130.00663242563,-11.0999999998224,77.7500000067587));
#11552=CARTESIAN_POINT('Origin',(130.00663242563,-11.0999999998224,49.7500000049448));
#11553=CARTESIAN_POINT('Origin',(37.9000000001439,-16.0999999998224,48.6038130512238));
#11554=CARTESIAN_POINT('',(40.3999999998246,-16.0999999998224,49.7500000049448));
#11555=CARTESIAN_POINT('Origin',(37.9000000001439,-16.0999999998224,49.7500000049448));
#11556=CARTESIAN_POINT('',(40.4000000001439,-16.0999999998224,48.6038130512238));
#11557=CARTESIAN_POINT('Origin',(33.9933675744555,-11.0999999998224,49.7500000067587));
#11558=CARTESIAN_POINT('Origin',(33.9933675744555,-11.0999999998224,49.7500000049448));
#11559=CARTESIAN_POINT('Origin',(82.0000000000858,5.63488202393231,33.7500000035116));
#11560=CARTESIAN_POINT('',(128.267698728316,-37.3999999998817,33.7500000054612));
#11561=CARTESIAN_POINT('Origin',(128.267698728372,-34.8999999998817,33.750000005348));
#11562=CARTESIAN_POINT('',(130.499999999991,-16.0999999999008,33.7500000044963));
#11563=CARTESIAN_POINT('',(130.49999999998,-21.9394011814966,33.7500000047608));
#11564=CARTESIAN_POINT('Origin',(127.616182001171,-16.0999999999003,33.7500000044963));
#11565=CARTESIAN_POINT('',(128.,-7.59999999990318,33.7500000041112));
#11566=CARTESIAN_POINT('',(94.2499999999984,-7.59999999990318,33.7500000041112));
#11567=CARTESIAN_POINT('Origin',(128.,-5.09999999990318,33.7500000035116));
#11568=CARTESIAN_POINT('',(128.,7.60000000009427,33.7500000034225));
#11569=CARTESIAN_POINT('Origin',(128.,5.10000000009427,33.7500000035116));
#11570=CARTESIAN_POINT('',(106.25,7.60000000009428,33.7500000034225));
#11571=CARTESIAN_POINT('',(127.999999999999,13.6000000000592,33.7500000031507));
#11572=CARTESIAN_POINT('',(94.2500000000118,13.6000000001256,33.7500000031507));
#11573=CARTESIAN_POINT('Origin',(128.,16.100000000096,33.7500000035116));
#11574=CARTESIAN_POINT('',(33.4999999999302,16.1000000000942,33.7500000030375));
#11575=CARTESIAN_POINT('',(33.4999999999808,-3.98255898804585,33.7500000039473));
#11576=CARTESIAN_POINT('Origin',(36.,16.1000000000942,33.7500000035116));
#11577=CARTESIAN_POINT('',(36.,7.60000000009428,33.7500000034225));
#11578=CARTESIAN_POINT('',(69.7499999999984,7.60000000009428,33.7500000034225));
#11579=CARTESIAN_POINT('Origin',(36.,5.10000000009428,33.7500000035116));
#11580=CARTESIAN_POINT('',(36.,-7.59999999990317,33.7500000041112));
#11581=CARTESIAN_POINT('Origin',(36.,-5.09999999990317,33.7500000035116));
#11582=CARTESIAN_POINT('',(57.75,-7.59999999990317,33.7500000041112));
#11583=CARTESIAN_POINT('',(33.5000000000114,-16.0999999999004,33.7500000044963));
#11584=CARTESIAN_POINT('Origin',(36.3838179989819,-16.0999999998999,33.7500000044963));
#11585=CARTESIAN_POINT('',(33.4999999999808,-3.98255898804585,33.7500000039473));
#11586=CARTESIAN_POINT('',(38.4999999998506,-34.8999999999297,33.750000005348));
#11587=CARTESIAN_POINT('',(38.4999999998506,-3.98255898821687,33.7500000039473));
#11588=CARTESIAN_POINT('',(35.7323012716424,-37.3999999998816,33.7500000054612));
#11589=CARTESIAN_POINT('Origin',(35.7323012715864,-34.8999999998816,33.750000005348));
#11590=CARTESIAN_POINT('',(34.0000000000895,-37.3999999998831,33.7500000054612));
#11591=CARTESIAN_POINT('',(52.7500000000687,-37.3999999998661,33.7500000054612));
#11592=CARTESIAN_POINT('',(33.5000000000651,-37.4505102571054,33.7500000054635));
#11593=CARTESIAN_POINT('Origin',(34.0000000000917,-39.8999999998831,33.7500000035116));
#11594=CARTESIAN_POINT('',(33.5000000000955,-49.5136843868438,33.7500000037669));
#11595=CARTESIAN_POINT('',(33.4999999999808,-3.98255898804585,33.7500000039473));
#11596=CARTESIAN_POINT('',(39.7474851265006,-53.1206716063523,33.7500000061735));
#11597=CARTESIAN_POINT('',(112.441908758008,-62.2489293032207,33.750000006587));
#11598=CARTESIAN_POINT('',(103.999999999987,-26.2016334746284,33.7500000049539));
#11599=CARTESIAN_POINT('',(118.602162795649,-56.3829038995313,33.7500000063213));
#11600=CARTESIAN_POINT('',(129.999999999932,-37.3999999998832,33.7500000054612));
#11601=CARTESIAN_POINT('Origin',(129.999999999929,-39.8999999998832,33.7500000035116));
#11602=CARTESIAN_POINT('',(103.750000000062,-37.3999999998593,33.7500000054612));
#11603=CARTESIAN_POINT('Origin',(39.4499999999973,-3.98255898812626,35.7500000039473));
#11604=CARTESIAN_POINT('',(40.4000000001439,-34.8999999998796,37.750000005348));
#11605=CARTESIAN_POINT('',(37.5943268733945,-34.8999999999305,31.843319739419));
#11606=CARTESIAN_POINT('',(40.4000000001439,-3.98255898803565,37.7500000039473));
#11607=CARTESIAN_POINT('Origin',(40.4000000001439,-13.5999999998224,45.750000004383));
#11608=CARTESIAN_POINT('',(40.399999999856,-34.8999999998796,49.7500000049448));
#11609=CARTESIAN_POINT('',(40.4000000001439,-34.8999999998796,39.7500000049221));
#11610=CARTESIAN_POINT('',(40.4000000001439,-13.5999999998224,45.750000004383));
#11611=CARTESIAN_POINT('',(40.3999999998294,-18.9500000000671,49.7500000049448));
#11612=CARTESIAN_POINT('Origin',(35.336133112573,-34.8999999998819,32.9159617759748));
#11613=CARTESIAN_POINT('',(37.9000000001462,-37.3999999998796,38.3135762752909));
#11614=CARTESIAN_POINT('',(35.3361331125752,-37.3999999998819,32.9159617759748));
#11615=CARTESIAN_POINT('Origin',(37.9000000001439,-34.8999999998796,38.3135762752909));
#11616=CARTESIAN_POINT('Origin',(37.9000000001439,-34.8999999998796,39.7500000049221));
#11617=CARTESIAN_POINT('',(37.9000000001462,-37.3999999998796,49.7500000049448));
#11618=CARTESIAN_POINT('Origin',(37.9000000001439,-34.8999999998796,49.7500000049448));
#11619=CARTESIAN_POINT('',(37.9000000001462,-37.3999999998796,39.7500000049221));
#11620=CARTESIAN_POINT('Origin',(33.5,-11.5999999999032,33.7500000042924));
#11621=CARTESIAN_POINT('',(33.5000000000651,-37.4505102571054,34.6086228503105));
#11622=CARTESIAN_POINT('',(33.5,-37.4505102571187,55.75000000611));
#11623=CARTESIAN_POINT('',(33.5000000000955,-49.5136843868438,34.6086228508386));
#11624=CARTESIAN_POINT('',(33.4999999999496,8.43051727577899,34.6086228483021));
#11625=CARTESIAN_POINT('',(33.5000000000955,-49.5136843868438,33.7500000037669));
#11626=CARTESIAN_POINT('Origin',(23.500000000086,-37.3999999998927,33.7500000054612));
#11627=CARTESIAN_POINT('',(34.0000000000895,-37.3999999998831,49.7500000049448));
#11628=CARTESIAN_POINT('',(34.0000000000895,-37.3999999998831,55.75000000611));
#11629=CARTESIAN_POINT('',(52.7500000000687,-37.3999999998661,49.7500000049448));
#11630=CARTESIAN_POINT('Origin',(34.0000000000917,-39.8999999998831,55.75000000611));
#11631=CARTESIAN_POINT('',(31.5000000000917,-39.8999999998856,49.7500000067587));
#11632=CARTESIAN_POINT('Origin',(34.0000000000917,-39.8999999998831,49.7500000049448));
#11633=CARTESIAN_POINT('',(31.5000000000917,-39.8999999998856,36.5086228503983));
#11634=CARTESIAN_POINT('',(31.5000000000917,-39.8999999998856,55.75000000611));
#11635=CARTESIAN_POINT('Origin',(34.0000000000917,-39.8999999998831,34.1336228503983));
#11636=CARTESIAN_POINT('Origin',(125.50000000014,-37.3999999998791,33.7500000054612));
#11637=CARTESIAN_POINT('',(126.100000000007,-37.3999999998797,38.31357627525));
#11638=CARTESIAN_POINT('',(127.283193761213,-37.3999999998808,35.822642041315));
#11639=CARTESIAN_POINT('',(129.999999999932,-37.3999999998832,49.7500000049448));
#11640=CARTESIAN_POINT('',(129.999999999932,-37.3999999998832,55.75000000611));
#11641=CARTESIAN_POINT('',(126.100000000007,-37.3999999998797,49.7500000049448));
#11642=CARTESIAN_POINT('',(103.750000000062,-37.3999999998593,49.7500000049448));
#11643=CARTESIAN_POINT('',(126.100000000007,-37.3999999998797,41.7500000049221));
#11644=CARTESIAN_POINT('Origin',(129.999999999929,-39.8999999998832,55.75000000611));
#11645=CARTESIAN_POINT('',(132.499999999929,-39.8999999998908,36.5086228503829));
#11646=CARTESIAN_POINT('Origin',(129.999999999929,-39.8999999998832,34.1336228503829));
#11647=CARTESIAN_POINT('',(132.499999999929,-39.8999999998908,49.7500000067587));
#11648=CARTESIAN_POINT('',(132.499999999929,-39.8999999998908,55.75000000611));
#11649=CARTESIAN_POINT('Origin',(129.999999999929,-39.8999999998832,49.7500000049448));
#11650=CARTESIAN_POINT('Origin',(82.0000000000179,-0.500000000188843,49.7500000049448));
#11651=CARTESIAN_POINT('',(123.600000000009,-34.8999999998797,49.750000004383));
#11652=CARTESIAN_POINT('',(123.600000000009,-13.5999999998224,49.750000004383));
#11653=CARTESIAN_POINT('Origin',(126.100000000009,-34.8999999998797,49.7500000049448));
#11654=CARTESIAN_POINT('',(132.499999999911,-46.0495827717141,49.7500000067587));
#11655=CARTESIAN_POINT('',(132.500000000042,-2.82355093684936,49.7500000067587));
#11656=CARTESIAN_POINT('Origin',(128.499999999911,-46.049582771702,49.7500000049448));
#11657=CARTESIAN_POINT('',(112.441908758008,-62.2489293032207,49.750000006587));
#11658=CARTESIAN_POINT('',(31.5000000000979,-46.0495827717114,49.7500000067587));
#11659=CARTESIAN_POINT('Origin',(35.5000000000979,-46.0495827717074,49.7500000049448));
#11660=CARTESIAN_POINT('',(31.5000000000732,-21.3620509122891,49.7500000067587));
#11661=CARTESIAN_POINT('',(25.5000000000445,8.69552355073049,49.7500000067587));
#11662=CARTESIAN_POINT('',(138.799999999996,52.4004357329159,49.7500000067587));
#11663=CARTESIAN_POINT('Origin',(135.499999999996,52.4004357329159,49.7500000067587));
#11664=CARTESIAN_POINT('',(31.8000000000109,52.4004357329158,49.7500000067587));
#11665=CARTESIAN_POINT('Origin',(28.5000000000109,52.4004357329158,49.7500000067587));
#11666=CARTESIAN_POINT('Origin',(123.600000000009,-13.5999999998224,49.750000004383));
#11667=CARTESIAN_POINT('',(123.600000000009,-34.8999999998797,41.7500000049221));
#11668=CARTESIAN_POINT('',(123.600000000009,-13.5999999998224,45.750000004383));
#11669=CARTESIAN_POINT('Origin',(127.283193761215,-34.8999999998808,35.822642041315));
#11670=CARTESIAN_POINT('Origin',(126.100000000009,-34.8999999998797,38.31357627525));
#11671=CARTESIAN_POINT('Origin',(126.100000000009,-34.8999999998797,41.7500000049221));
#11672=CARTESIAN_POINT('Origin',(105.878787768483,-66.038148973267,33.7500000067587));
#11673=CARTESIAN_POINT('Origin',(110.999999999997,-56.1532124825246,44.7500000067587));
#11674=CARTESIAN_POINT('',(132.499999999918,-43.7401816949383,42.7500000067587));
#11675=CARTESIAN_POINT('',(132.499999999918,-43.7401816949252,61.2500000067587));
#11676=CARTESIAN_POINT('',(132.499999999895,-43.7401816949383,42.7500000067587));
#11677=CARTESIAN_POINT('Origin',(104.878787768479,-64.3060981657004,33.7500000067587));
#11678=CARTESIAN_POINT('',(130.499999999919,-49.5136843868351,38.7500000067587));
#11679=CARTESIAN_POINT('',(130.499999999919,-49.5136843868351,55.7500000067587));
#11680=CARTESIAN_POINT('',(111.973919676368,-60.2097218487234,38.7500000067587));
#11681=CARTESIAN_POINT('',(97.2844104622246,-68.6907139478177,47.2309921062478));
#11682=CARTESIAN_POINT('',(98.3560926037075,-68.0719779749435,38.7500000067587));
#11683=CARTESIAN_POINT('Origin',(70.0606061157632,-60.6239354108343,39.1642135689185));
#11684=CARTESIAN_POINT('',(86.2079473581042,-67.1136933234591,45.6539714818258));
#11685=CARTESIAN_POINT('Origin',(97.3560926037035,-66.3399271673769,40.7500000067587));
#11686=CARTESIAN_POINT('',(132.499999999911,-46.0495827717141,40.7500000067402));
#11687=CARTESIAN_POINT('Origin',(128.499999999911,-46.049582771702,42.7500000067587));
#11688=CARTESIAN_POINT('',(132.499999999918,-43.6814416491463,42.8008703786242));
#11689=CARTESIAN_POINT('Origin',(31.5000000000635,-11.5381489732788,77.7500000067587));
#11690=CARTESIAN_POINT('',(31.5000000000979,-46.0495827717114,36.5086228506764));
#11691=CARTESIAN_POINT('',(31.5000000000979,-46.0495827717114,40.7500000067468));
#11692=CARTESIAN_POINT('',(31.5000000000979,-46.0495827717114,55.7500000063059));
#11693=CARTESIAN_POINT('',(31.5000000000425,9.46144278817453,36.5086228481662));
#11694=CARTESIAN_POINT('',(31.5000000000979,-46.0495827717114,55.7500000063059));
#11695=CARTESIAN_POINT('',(31.5000000000818,-29.9757793675632,54.6703220901483));
#11696=CARTESIAN_POINT('Origin',(49.333302197013,-56.3456445956846,40.7500000067587));
#11697=CARTESIAN_POINT('',(33.5000000000894,-49.5136843868403,38.7500000067587));
#11698=CARTESIAN_POINT('Origin',(35.5000000000979,-46.0495827717074,42.7500000067587));
#11699=CARTESIAN_POINT('',(48.3333021970088,-58.0776954032511,38.7500000067587));
#11700=CARTESIAN_POINT('Origin',(24.5000000000984,-44.3175319641096,33.7500000058531));
#11701=CARTESIAN_POINT('',(33.5000000000894,-49.5136843868403,55.7500000063059));
#11702=CARTESIAN_POINT('Origin',(35.5000000000979,-46.0495827717074,55.7500000063059));
#11703=CARTESIAN_POINT('Origin',(24.5000000000984,-44.3175319641096,33.7500000058531));
#11704=CARTESIAN_POINT('',(33.5000000000894,-49.5136843868403,55.7500000063059));
#11705=CARTESIAN_POINT('Origin',(28.8774989238541,30.4610345516028,38.9999988695757));
#11706=CARTESIAN_POINT('Origin',(35.5000000000979,-46.0495827717074,32.7086228506764));
#11707=CARTESIAN_POINT('Origin',(35.5000000000979,-46.0495827717074,55.7500000063059));
#11708=CARTESIAN_POINT('Origin',(104.878787768479,-64.3060981657004,33.7500000067587));
#11709=CARTESIAN_POINT('',(130.499999999919,-49.5136843868351,55.7500000067587));
#11710=CARTESIAN_POINT('Origin',(128.499999999911,-46.049582771702,55.7500000067587));
#11711=CARTESIAN_POINT('',(132.499999999911,-46.0495827717141,55.7500000067587));
#11712=CARTESIAN_POINT('Origin',(132.4999999999,-49.5136843869372,77.7500000067587));
#11713=CARTESIAN_POINT('',(132.499999999911,-46.0495827717141,36.5086228506574));
#11714=CARTESIAN_POINT('',(132.499999999911,-46.0495827717141,55.7500000067587));
#11715=CARTESIAN_POINT('',(132.499999999945,-34.8605173812798,36.508622850158));
#11716=CARTESIAN_POINT('Origin',(135.122501076165,-20.2073503736783,38.9999988718712));
#11717=CARTESIAN_POINT('Origin',(128.499999999911,-46.049582771702,32.7086228506574));
#11718=CARTESIAN_POINT('Origin',(128.499999999911,-46.049582771702,55.7500000067587));
#11719=CARTESIAN_POINT('Origin',(103.999999999987,-58.038148973189,39.7500000067587));
#11720=CARTESIAN_POINT('',(101.499999999987,-61.2097218486705,39.7500000067587));
#11721=CARTESIAN_POINT('',(101.499999999987,-60.806919655647,39.7500000067587));
#11722=CARTESIAN_POINT('',(97.4999999999874,-62.038148973189,39.7500000067587));
#11723=CARTESIAN_POINT('',(87.030303057874,-61.2097218486601,39.7500000067587));
#11724=CARTESIAN_POINT('Origin',(96.2499999999874,-62.038148973189,38.5000000067587));
#11725=CARTESIAN_POINT('Origin',(102.749999999992,-60.806919655647,38.5000000067587));
#11726=CARTESIAN_POINT('',(103.999999999997,-58.7097218487856,37.2500000067587));
#11727=CARTESIAN_POINT('',(96.9391635305619,-65.7705583178689,44.310836476167));
#11728=CARTESIAN_POINT('',(103.999999999997,-60.806919655647,37.2500000067587));
#11729=CARTESIAN_POINT('Origin',(69.0000000000047,-58.038148973189,39.7500000067587));
#11730=CARTESIAN_POINT('',(66.5000000000047,-62.038148973189,39.7500000067587));
#11731=CARTESIAN_POINT('',(62.5000000000047,-44.6191123896444,39.7500000067587));
#11732=CARTESIAN_POINT('Origin',(61.2500000000007,-44.6191123896444,38.5000000067587));
#11733=CARTESIAN_POINT('Origin',(67.7500000000047,-62.038148973189,38.5000000067587));
#11734=CARTESIAN_POINT('Origin',(106.499999999997,-7.59999999990318,45.7500000032413));
#11735=CARTESIAN_POINT('',(128.,-7.59999999990318,39.7500000032413));
#11736=CARTESIAN_POINT('Origin',(128.,-5.09999999990318,39.7500000032413));
#11737=CARTESIAN_POINT('Origin',(130.5,7.60000000009427,45.7500000032413));
#11738=CARTESIAN_POINT('',(128.,7.60000000009427,39.7500000032413));
#11739=CARTESIAN_POINT('Origin',(128.,5.10000000009427,39.7500000032413));
#11740=CARTESIAN_POINT('Origin',(57.4999999999967,7.60000000009428,45.7500000032413));
#11741=CARTESIAN_POINT('',(36.,7.60000000009428,39.7500000037669));
#11742=CARTESIAN_POINT('Origin',(36.,5.10000000009428,39.7500000037669));
#11743=CARTESIAN_POINT('Origin',(33.5,-7.59999999990317,45.7500000032413));
#11744=CARTESIAN_POINT('',(36.,-7.59999999990317,39.7500000037669));
#11745=CARTESIAN_POINT('Origin',(36.,-5.09999999990317,39.7500000037669));
#11746=CARTESIAN_POINT('Origin',(33.5,-11.5999999999032,33.7500000042924));
#11747=CARTESIAN_POINT('',(33.5000000000007,16.1000000000105,34.6086228478994));
#11748=CARTESIAN_POINT('',(33.5,16.1000000000942,33.7500000037669));
#11749=CARTESIAN_POINT('',(33.5000000000046,39.987359469201,34.6086228467929));
#11750=CARTESIAN_POINT('Origin',(28.8774989238541,30.4610345516028,38.9999988695757));
#11751=CARTESIAN_POINT('',(25.5000000000378,16.1000000000917,42.2086228478642));
#11752=CARTESIAN_POINT('',(30.8774989239654,16.1000000000104,37.0999988701329));
#11753=CARTESIAN_POINT('',(25.5000000000134,42.8741108154856,42.2086228466512));
#11754=CARTESIAN_POINT('Origin',(25.5000000000022,55.2871870788429,33.7500000012621));
#11755=CARTESIAN_POINT('',(25.5000000000378,16.1000000000917,33.7500000022517));
#11756=CARTESIAN_POINT('Origin',(36.,16.1000000000942,33.7500000037669));
#11757=CARTESIAN_POINT('Origin',(36.,16.1000000000942,35.6819014039335));
#11758=CARTESIAN_POINT('Origin',(32.5993725787521,16.1000000000941,38.912497454119));
#11759=CARTESIAN_POINT('Origin',(28.0000000000378,16.100000000094,43.2819014038976));
#11760=CARTESIAN_POINT('Origin',(28.0000000000378,16.100000000094,33.7500000022517));
#11761=CARTESIAN_POINT('Origin',(140.500000000064,13.6000000000902,33.7500000032413));
#11762=CARTESIAN_POINT('',(136.000000000077,13.6000000000923,43.2819014038976));
#11763=CARTESIAN_POINT('',(136.000000000077,13.6000000000923,33.7500000045472));
#11764=CARTESIAN_POINT('',(127.999999999999,13.600000000096,35.681901403823));
#11765=CARTESIAN_POINT('',(133.503124136751,13.6000000000935,40.9098693337372));
#11766=CARTESIAN_POINT('',(127.999999999999,13.600000000096,33.7500000032413));
#11767=CARTESIAN_POINT('Origin',(133.503124136752,16.1000000000935,40.9098693337372));
#11768=CARTESIAN_POINT('Origin',(128.,16.100000000096,35.681901403823));
#11769=CARTESIAN_POINT('Origin',(136.000000000079,16.1000000000923,43.2819014038976));
#11770=CARTESIAN_POINT('Origin',(128.,16.100000000096,33.7500000032413));
#11771=CARTESIAN_POINT('Origin',(136.000000000079,16.1000000000923,33.7500000045472));
#11772=CARTESIAN_POINT('Origin',(33.5000000001529,-13.5999999998224,33.750000004383));
#11773=CARTESIAN_POINT('',(32.2576326915295,-16.0999999999012,31.5893612067743));
#11774=CARTESIAN_POINT('Origin',(34.4248984491741,-16.0999999999012,30.3431833961303));
#11775=CARTESIAN_POINT('Origin',(123.600000000009,-13.5999999998224,45.750000004383));
#11776=CARTESIAN_POINT('',(127.298473461742,-16.0999999998988,39.3178722448387));
#11777=CARTESIAN_POINT('Origin',(125.131207704098,-16.0999999998988,38.0716944341947));
#11778=CARTESIAN_POINT('Origin',(58.1212122314844,-66.0381489732308,33.7500000067587));
#11779=CARTESIAN_POINT('',(68.0000000000047,-66.038148973238,33.7500000065775));
#11780=CARTESIAN_POINT('Origin',(69.5000000000047,-65.1721235694549,33.7500000065775));
#11781=CARTESIAN_POINT('Origin',(94.4999999999874,-65.1721235694722,43.3750003982601));
#11782=CARTESIAN_POINT('Origin',(28.5000000000109,52.4004357329158,49.7500000067587));
#11783=CARTESIAN_POINT('',(31.8000000000109,52.4004357329158,46.7500000067587));
#11784=CARTESIAN_POINT('',(31.8000000000109,52.4004357329158,49.7500000067587));
#11785=CARTESIAN_POINT('Origin',(28.5000000000109,52.4004357329158,46.7500000067587));
#11786=CARTESIAN_POINT('Origin',(28.5000000000109,52.4004357329158,45.2500000067587));
#11787=CARTESIAN_POINT('',(30.3000000000109,52.4004357329158,45.2500000067587));
#11788=CARTESIAN_POINT('Origin',(28.5000000000109,52.4004357329158,45.2500000067587));
#11789=CARTESIAN_POINT('Origin',(28.5000000000109,52.4004357329158,46.0000000067587));
#11790=CARTESIAN_POINT('',(31.0500000000109,52.4004357329158,46.0000000067587));
#11791=CARTESIAN_POINT('Origin',(135.499999999996,52.4004357329159,49.7500000067587));
#11792=CARTESIAN_POINT('',(138.799999999996,52.4004357329159,46.7500000067587));
#11793=CARTESIAN_POINT('',(138.799999999996,52.4004357329159,49.7500000067587));
#11794=CARTESIAN_POINT('Origin',(135.499999999996,52.4004357329159,46.7500000067587));
#11795=CARTESIAN_POINT('Origin',(135.499999999996,52.4004357329159,45.2500000067587));
#11796=CARTESIAN_POINT('',(137.299999999996,52.4004357329159,45.2500000067587));
#11797=CARTESIAN_POINT('Origin',(135.499999999996,52.4004357329159,45.2500000067587));
#11798=CARTESIAN_POINT('Origin',(135.499999999996,52.4004357329159,46.0000000067587));
#11799=CARTESIAN_POINT('',(138.049999999996,52.4004357329159,46.0000000067587));
#11800=CARTESIAN_POINT('Origin',(103.999999999997,-63.575690338105,49.7500000067587));
#11801=CARTESIAN_POINT('',(103.999999999997,-56.8012139711688,39.1585078842918));
#11802=CARTESIAN_POINT('Origin',(101.499999999987,-61.2097218486705,39.7500000067587));
#11803=CARTESIAN_POINT('',(101.499999999987,-61.2097218486705,39.7500000067587));
#11804=CARTESIAN_POINT('Origin',(103.999999999997,-58.7097218487856,37.2500000067587));
#11805=CARTESIAN_POINT('Origin',(58.1212122314858,-64.0381489732308,33.7500000067587));
#11806=CARTESIAN_POINT('',(59.9999999999961,-64.0381489732631,42.7500000067587));
#11807=CARTESIAN_POINT('',(69.0000000000052,-64.0381489732387,42.7500000067587));
#11808=CARTESIAN_POINT('',(61.3106061157425,-64.0381489732331,42.7500000067587));
#11809=CARTESIAN_POINT('',(69.0000000000047,-64.0381489732387,42.5784271314783));
#11810=CARTESIAN_POINT('',(69.0000000000052,-64.0381489732387,38.9500000067247));
#11811=CARTESIAN_POINT('',(59.9999999999969,-64.0381489732329,42.5784271314783));
#11812=CARTESIAN_POINT('',(64.0909091736233,-64.0381489732351,42.5784271314783));
#11813=CARTESIAN_POINT('',(59.9999999999967,-64.0381489732387,46.9500000067247));
#11814=CARTESIAN_POINT('Origin',(64.5000000000007,-62.0381489732257,42.7500000067587));
#11815=CARTESIAN_POINT('',(59.9999999999967,-63.8665760979441,42.7500000067587));
#11816=CARTESIAN_POINT('',(69.0000000000048,-63.8665760979505,42.7500000067587));
#11817=CARTESIAN_POINT('',(62.2499999999982,-63.8665760979457,42.7500000067587));
#11818=CARTESIAN_POINT('',(69.0000000000047,-64.0381489732074,42.7500000067587));
#11819=CARTESIAN_POINT('',(59.9999999999967,-46.6191123896627,42.7500000067587));
#11820=CARTESIAN_POINT('Origin',(69.0000000000047,-66.038148973189,33.7500000063963));
#11821=CARTESIAN_POINT('',(69.0000000000047,-66.7452557545178,39.8713203503218));
#11822=CARTESIAN_POINT('Origin',(59.9999999999967,-31.2000758060998,49.7500000067587));
#11823=CARTESIAN_POINT('',(59.9999999999967,-54.0357374622571,52.5808386420003));
#11824=CARTESIAN_POINT('Origin',(59.9999999999969,-64.0381489732322,42.5784271314783));
#11825=CARTESIAN_POINT('Origin',(94.9999999999874,-64.0381489732574,42.5784271314783));
#11826=CARTESIAN_POINT('',(94.9999999999875,-63.8665760979692,42.7500000067587));
#11827=CARTESIAN_POINT('',(103.999999999997,-63.866576097975,42.7500000067587));
#11828=CARTESIAN_POINT('',(97.2499999999893,-63.8665760979709,42.7500000067587));
#11829=CARTESIAN_POINT('',(94.9999999999874,-64.0381489732573,42.5784271314783));
#11830=CARTESIAN_POINT('',(94.9999999999874,-61.9327555586921,44.6838205459482));
#11831=CARTESIAN_POINT('',(103.999999999997,-64.0381489732631,42.5784271314783));
#11832=CARTESIAN_POINT('',(64.0909091736233,-64.0381489732351,42.5784271314783));
#11833=CARTESIAN_POINT('',(103.999999999997,-62.1296410956472,44.4869350090085));
#11834=CARTESIAN_POINT('Origin',(99.4999999999924,-62.0381489732257,42.7500000067587));
#11835=CARTESIAN_POINT('',(103.999999999997,-64.0381489732631,42.7500000067587));
#11836=CARTESIAN_POINT('',(103.999999999997,-62.8069196556654,42.7500000067587));
#11837=CARTESIAN_POINT('',(94.9999999999879,-64.0381489732574,42.7500000067587));
#11838=CARTESIAN_POINT('',(78.8106061157384,-64.0381489732457,42.7500000067587));
#11839=CARTESIAN_POINT('',(94.9999999999874,-64.0381489732074,42.7500000067587));
#11840=CARTESIAN_POINT('Origin',(103.999999999997,-63.575690338105,49.7500000067587));
#11841=CARTESIAN_POINT('',(103.999999999997,-64.0381489732631,41.7500000067587));
#11842=CARTESIAN_POINT('Origin',(94.9999999999874,-66.038148973189,53.0000007897615));
#11843=CARTESIAN_POINT('',(94.9999999999874,-64.0381489732574,43.3750003982601));
#11844=CARTESIAN_POINT('Origin',(58.1212122314858,-64.0381489732308,33.7500000067587));
#11845=UNCERTAINTY_MEASURE_WITH_UNIT(LENGTH_MEASURE(0.01),#11849,
'DISTANCE_ACCURACY_VALUE',
'Maximum model space distance between geometric entities at asserted c
onnectivities');
#11846=UNCERTAINTY_MEASURE_WITH_UNIT(LENGTH_MEASURE(0.01),#11849,
'DISTANCE_ACCURACY_VALUE',
'Maximum model space distance between geometric entities at asserted c
onnectivities');
#11847=(
GEOMETRIC_REPRESENTATION_CONTEXT(3)
GLOBAL_UNCERTAINTY_ASSIGNED_CONTEXT((#11845))
GLOBAL_UNIT_ASSIGNED_CONTEXT((#11849,#11851,#11852))
REPRESENTATION_CONTEXT('','3D')
);
#11848=(
GEOMETRIC_REPRESENTATION_CONTEXT(3)
GLOBAL_UNCERTAINTY_ASSIGNED_CONTEXT((#11846))
GLOBAL_UNIT_ASSIGNED_CONTEXT((#11849,#11851,#11852))
REPRESENTATION_CONTEXT('','3D')
);
#11849=(
LENGTH_UNIT()
NAMED_UNIT(*)
SI_UNIT(.MILLI.,.METRE.)
);
#11850=(
LENGTH_UNIT()
NAMED_UNIT(*)
SI_UNIT($,.METRE.)
);
#11851=(
NAMED_UNIT(*)
PLANE_ANGLE_UNIT()
SI_UNIT($,.RADIAN.)
);
#11852=(
NAMED_UNIT(*)
SI_UNIT($,.STERADIAN.)
SOLID_ANGLE_UNIT()
);
#11853=SHAPE_DEFINITION_REPRESENTATION(#11854,#11855);
#11854=PRODUCT_DEFINITION_SHAPE('',$,#11857);
#11855=SHAPE_REPRESENTATION('',(#7173),#11847);
#11856=PRODUCT_DEFINITION_CONTEXT('part definition',#11861,'design');
#11857=PRODUCT_DEFINITION('(Unsaved)','(Unsaved)',#11858,#11856);
#11858=PRODUCT_DEFINITION_FORMATION('',$,#11863);
#11859=PRODUCT_RELATED_PRODUCT_CATEGORY('(Unsaved)','(Unsaved)',(#11863));
#11860=APPLICATION_PROTOCOL_DEFINITION('international standard',
'automotive_design',2009,#11861);
#11861=APPLICATION_CONTEXT(
'Core Data for Automotive Mechanical Design Process');
#11862=PRODUCT_CONTEXT('part definition',#11861,'mechanical');
#11863=PRODUCT('(Unsaved)','(Unsaved)',$,(#11862));
#11864=PRESENTATION_STYLE_ASSIGNMENT((#11865));
#11865=SURFACE_STYLE_USAGE(.BOTH.,#11866);
#11866=SURFACE_SIDE_STYLE('',(#11867));
#11867=SURFACE_STYLE_FILL_AREA(#11868);
#11868=FILL_AREA_STYLE('Steel - Satin',(#11869));
#11869=FILL_AREA_STYLE_COLOUR('Steel - Satin',#11870);
#11870=COLOUR_RGB('Steel - Satin',0.627450980392157,0.627450980392157,0.627450980392157);
ENDSEC;
END-ISO-10303-21;
