ISO-10303-21;
HEADER;
/* Generated by software containing ST-Developer
 * from STEP Tools, Inc. (www.steptools.com) 
 */

FILE_DESCRIPTION(
/* description */ (''),
/* implementation_level */ '2;1');

FILE_NAME(
/* name */ 'top-x1.step',
/* time_stamp */ '2026-09-30T23:19:19+03:00',
/* author */ (''),
/* organization */ (''),
/* preprocessor_version */ 'ST-DEVELOPER v20.1',
/* originating_system */ 'Autodesk Translation Framework v15.8.0.0',
/* authorisation */ '');

FILE_SCHEMA (('AUTOMOTIVE_DESIGN { 1 0 10303 214 3 1 1 }'));
ENDSEC;

DATA;
#10=MECHANICAL_DESIGN_GEOMETRIC_PRESENTATION_REPRESENTATION('',(#13),#6207);
#11=SHAPE_REPRESENTATION_RELATIONSHIP('SRR','None',#6214,#12);
#12=ADVANCED_BREP_SHAPE_REPRESENTATION('',(#14),#6206);
#13=STYLED_ITEM('',(#6223),#14);
#14=MANIFOLD_SOLID_BREP('top-x1',#3691);
#15=SPHERICAL_SURFACE('',#3856,2.5);
#16=SPHERICAL_SURFACE('',#3863,2.49999999999999);
#17=SPHERICAL_SURFACE('',#3898,2.5);
#18=SPHERICAL_SURFACE('',#3906,2.50000000000001);
#19=SPHERICAL_SURFACE('',#3925,2.5);
#20=SPHERICAL_SURFACE('',#3931,2.5);
#21=SPHERICAL_SURFACE('',#3944,2.5);
#22=SPHERICAL_SURFACE('',#3950,2.5);
#23=CONICAL_SURFACE('',#3804,2.,0.785398163397448);
#24=CONICAL_SURFACE('',#3810,2.00000000000001,0.785398163397448);
#25=CONICAL_SURFACE('',#3955,1.99999999999999,0.785398163397446);
#26=CONICAL_SURFACE('',#3960,2.,0.785398163397448);
#27=FACE_BOUND('',#464,.T.);
#28=FACE_BOUND('',#465,.T.);
#29=FACE_BOUND('',#466,.T.);
#30=FACE_BOUND('',#475,.T.);
#31=FACE_BOUND('',#476,.T.);
#32=FACE_BOUND('',#477,.T.);
#33=FACE_BOUND('',#548,.T.);
#34=FACE_BOUND('',#549,.T.);
#35=FACE_BOUND('',#550,.T.);
#36=FACE_BOUND('',#551,.T.);
#37=FACE_BOUND('',#552,.T.);
#38=FACE_BOUND('',#553,.T.);
#39=FACE_BOUND('',#554,.T.);
#40=FACE_BOUND('',#555,.T.);
#41=CIRCLE('',#3719,3.);
#42=CIRCLE('',#3720,3.);
#43=CIRCLE('',#3721,1.4);
#44=CIRCLE('',#3722,2.);
#45=CIRCLE('',#3723,4.5);
#46=CIRCLE('',#3724,2.);
#47=CIRCLE('',#3725,2.);
#48=CIRCLE('',#3726,2.);
#49=CIRCLE('',#3727,2.);
#50=CIRCLE('',#3728,2.);
#51=CIRCLE('',#3729,1.4);
#52=CIRCLE('',#3730,3.);
#53=CIRCLE('',#3731,3.);
#54=CIRCLE('',#3732,4.5);
#55=CIRCLE('',#3745,4.5);
#56=CIRCLE('',#3746,2.);
#57=CIRCLE('',#3747,1.4);
#58=CIRCLE('',#3748,3.);
#59=CIRCLE('',#3749,3.);
#60=CIRCLE('',#3750,2.);
#61=CIRCLE('',#3751,2.);
#62=CIRCLE('',#3752,2.);
#63=CIRCLE('',#3753,2.);
#64=CIRCLE('',#3754,4.5);
#65=CIRCLE('',#3755,3.);
#66=CIRCLE('',#3756,3.);
#67=CIRCLE('',#3757,1.4);
#68=CIRCLE('',#3758,2.);
#69=CIRCLE('',#3771,1.5);
#70=CIRCLE('',#3774,1.5);
#71=CIRCLE('',#3777,1.5);
#72=CIRCLE('',#3781,1.5);
#73=CIRCLE('',#3790,1.5);
#74=CIRCLE('',#3794,1.5);
#75=CIRCLE('',#3799,1.5);
#76=CIRCLE('',#3802,1.5);
#77=CIRCLE('',#3805,0.999999999999996);
#78=CIRCLE('',#3806,3.);
#79=CIRCLE('',#3808,3.);
#80=CIRCLE('',#3811,1.00000000000001);
#81=CIRCLE('',#3812,3.00000000000001);
#82=CIRCLE('',#3814,3.00000000000001);
#83=CIRCLE('',#3849,3.);
#84=CIRCLE('',#3857,2.5);
#85=CIRCLE('',#3858,2.5);
#86=CIRCLE('',#3859,2.5);
#87=CIRCLE('',#3861,2.5);
#88=CIRCLE('',#3864,2.5);
#89=CIRCLE('',#3865,2.49999999999999);
#90=CIRCLE('',#3866,2.5);
#91=CIRCLE('',#3868,2.5);
#92=CIRCLE('',#3873,4.);
#93=CIRCLE('',#3874,4.);
#94=CIRCLE('',#3875,2.5);
#95=CIRCLE('',#3876,2.5);
#96=CIRCLE('',#3877,3.);
#97=CIRCLE('',#3878,3.);
#98=CIRCLE('',#3879,2.49999999968065);
#99=CIRCLE('',#3880,2.49999999999999);
#100=CIRCLE('',#3881,5.);
#101=CIRCLE('',#3882,5.);
#102=CIRCLE('',#3883,5.);
#103=CIRCLE('',#3884,5.);
#104=CIRCLE('',#3885,2.5);
#105=CIRCLE('',#3886,2.50000000000001);
#106=CIRCLE('',#3887,3.);
#107=CIRCLE('',#3888,3.);
#108=CIRCLE('',#3889,3.);
#109=CIRCLE('',#3890,3.15);
#110=CIRCLE('',#3891,3.15);
#111=CIRCLE('',#3892,3.15);
#112=CIRCLE('',#3893,3.15);
#113=CIRCLE('',#3894,3.);
#114=CIRCLE('',#3895,2.99999999999999);
#115=CIRCLE('',#3899,2.50000000000001);
#116=CIRCLE('',#3900,2.5);
#117=CIRCLE('',#3901,2.5);
#118=CIRCLE('',#3907,2.5);
#119=CIRCLE('',#3908,2.50000000000001);
#120=CIRCLE('',#3909,2.50000000000001);
#121=CIRCLE('',#3919,2.5);
#122=CIRCLE('',#3923,2.5);
#123=CIRCLE('',#3924,2.5);
#124=CIRCLE('',#3926,2.5);
#125=CIRCLE('',#3928,2.5);
#126=CIRCLE('',#3932,2.50000000000001);
#127=CIRCLE('',#3940,2.5);
#128=CIRCLE('',#3942,2.5);
#129=CIRCLE('',#3943,2.5);
#130=CIRCLE('',#3945,2.49999999968065);
#131=CIRCLE('',#3949,2.5);
#132=CIRCLE('',#3951,2.49999999999999);
#133=CIRCLE('',#3956,0.999999999999996);
#134=CIRCLE('',#3957,2.99999999999999);
#135=CIRCLE('',#3961,1.);
#136=CIRCLE('',#3962,3.);
#137=CIRCLE('',#3966,3.15);
#138=CIRCLE('',#3969,3.15);
#139=CIRCLE('',#4018,3.15);
#140=CIRCLE('',#4021,3.15);
#141=PLANE('',#3708);
#142=PLANE('',#3711);
#143=PLANE('',#3716);
#144=PLANE('',#3733);
#145=PLANE('',#3734);
#146=PLANE('',#3735);
#147=PLANE('',#3736);
#148=PLANE('',#3737);
#149=PLANE('',#3738);
#150=PLANE('',#3739);
#151=PLANE('',#3744);
#152=PLANE('',#3759);
#153=PLANE('',#3760);
#154=PLANE('',#3761);
#155=PLANE('',#3762);
#156=PLANE('',#3767);
#157=PLANE('',#3768);
#158=PLANE('',#3769);
#159=PLANE('',#3772);
#160=PLANE('',#3778);
#161=PLANE('',#3782);
#162=PLANE('',#3783);
#163=PLANE('',#3791);
#164=PLANE('',#3795);
#165=PLANE('',#3796);
#166=PLANE('',#3800);
#167=PLANE('',#3803);
#168=PLANE('',#3809);
#169=PLANE('',#3815);
#170=PLANE('',#3819);
#171=PLANE('',#3821);
#172=PLANE('',#3822);
#173=PLANE('',#3823);
#174=PLANE('',#3824);
#175=PLANE('',#3825);
#176=PLANE('',#3826);
#177=PLANE('',#3827);
#178=PLANE('',#3828);
#179=PLANE('',#3829);
#180=PLANE('',#3831);
#181=PLANE('',#3833);
#182=PLANE('',#3835);
#183=PLANE('',#3837);
#184=PLANE('',#3839);
#185=PLANE('',#3841);
#186=PLANE('',#3842);
#187=PLANE('',#3843);
#188=PLANE('',#3845);
#189=PLANE('',#3847);
#190=PLANE('',#3871);
#191=PLANE('',#3872);
#192=PLANE('',#3913);
#193=PLANE('',#3914);
#194=PLANE('',#3915);
#195=PLANE('',#3916);
#196=PLANE('',#3917);
#197=PLANE('',#3933);
#198=PLANE('',#3935);
#199=PLANE('',#3953);
#200=PLANE('',#3959);
#201=PLANE('',#3964);
#202=PLANE('',#3967);
#203=PLANE('',#3970);
#204=PLANE('',#3971);
#205=PLANE('',#3972);
#206=PLANE('',#3973);
#207=PLANE('',#3974);
#208=PLANE('',#3975);
#209=PLANE('',#3977);
#210=PLANE('',#3979);
#211=PLANE('',#3981);
#212=PLANE('',#3983);
#213=PLANE('',#3985);
#214=PLANE('',#3987);
#215=PLANE('',#3989);
#216=PLANE('',#3991);
#217=PLANE('',#3994);
#218=PLANE('',#3996);
#219=PLANE('',#3998);
#220=PLANE('',#4001);
#221=PLANE('',#4004);
#222=PLANE('',#4006);
#223=PLANE('',#4008);
#224=PLANE('',#4009);
#225=PLANE('',#4012);
#226=PLANE('',#4016);
#227=PLANE('',#4019);
#228=PLANE('',#4022);
#229=PLANE('',#4024);
#230=PLANE('',#4026);
#231=PLANE('',#4027);
#232=PLANE('',#4028);
#233=PLANE('',#4029);
#234=PLANE('',#4030);
#235=PLANE('',#4031);
#236=PLANE('',#4032);
#237=PLANE('',#4033);
#238=PLANE('',#4034);
#239=PLANE('',#4035);
#240=PLANE('',#4036);
#241=PLANE('',#4037);
#242=PLANE('',#4038);
#243=PLANE('',#4039);
#244=PLANE('',#4040);
#245=PLANE('',#4041);
#246=PLANE('',#4042);
#247=PLANE('',#4043);
#248=PLANE('',#4044);
#249=PLANE('',#4045);
#250=PLANE('',#4046);
#251=PLANE('',#4047);
#252=PLANE('',#4048);
#253=PLANE('',#4049);
#254=PLANE('',#4050);
#255=PLANE('',#4051);
#256=PLANE('',#4052);
#257=FACE_OUTER_BOUND('',#459,.T.);
#258=FACE_OUTER_BOUND('',#460,.T.);
#259=FACE_OUTER_BOUND('',#461,.T.);
#260=FACE_OUTER_BOUND('',#462,.T.);
#261=FACE_OUTER_BOUND('',#463,.T.);
#262=FACE_OUTER_BOUND('',#467,.T.);
#263=FACE_OUTER_BOUND('',#468,.T.);
#264=FACE_OUTER_BOUND('',#469,.T.);
#265=FACE_OUTER_BOUND('',#470,.T.);
#266=FACE_OUTER_BOUND('',#471,.T.);
#267=FACE_OUTER_BOUND('',#472,.T.);
#268=FACE_OUTER_BOUND('',#473,.T.);
#269=FACE_OUTER_BOUND('',#474,.T.);
#270=FACE_OUTER_BOUND('',#478,.T.);
#271=FACE_OUTER_BOUND('',#479,.T.);
#272=FACE_OUTER_BOUND('',#480,.T.);
#273=FACE_OUTER_BOUND('',#481,.T.);
#274=FACE_OUTER_BOUND('',#482,.T.);
#275=FACE_OUTER_BOUND('',#483,.T.);
#276=FACE_OUTER_BOUND('',#484,.T.);
#277=FACE_OUTER_BOUND('',#485,.T.);
#278=FACE_OUTER_BOUND('',#486,.T.);
#279=FACE_OUTER_BOUND('',#487,.T.);
#280=FACE_OUTER_BOUND('',#488,.T.);
#281=FACE_OUTER_BOUND('',#489,.T.);
#282=FACE_OUTER_BOUND('',#490,.T.);
#283=FACE_OUTER_BOUND('',#491,.T.);
#284=FACE_OUTER_BOUND('',#492,.T.);
#285=FACE_OUTER_BOUND('',#493,.T.);
#286=FACE_OUTER_BOUND('',#494,.T.);
#287=FACE_OUTER_BOUND('',#495,.T.);
#288=FACE_OUTER_BOUND('',#496,.T.);
#289=FACE_OUTER_BOUND('',#497,.T.);
#290=FACE_OUTER_BOUND('',#498,.T.);
#291=FACE_OUTER_BOUND('',#499,.T.);
#292=FACE_OUTER_BOUND('',#500,.T.);
#293=FACE_OUTER_BOUND('',#501,.T.);
#294=FACE_OUTER_BOUND('',#502,.T.);
#295=FACE_OUTER_BOUND('',#503,.T.);
#296=FACE_OUTER_BOUND('',#504,.T.);
#297=FACE_OUTER_BOUND('',#505,.T.);
#298=FACE_OUTER_BOUND('',#506,.T.);
#299=FACE_OUTER_BOUND('',#507,.T.);
#300=FACE_OUTER_BOUND('',#508,.T.);
#301=FACE_OUTER_BOUND('',#509,.T.);
#302=FACE_OUTER_BOUND('',#510,.T.);
#303=FACE_OUTER_BOUND('',#511,.T.);
#304=FACE_OUTER_BOUND('',#512,.T.);
#305=FACE_OUTER_BOUND('',#513,.T.);
#306=FACE_OUTER_BOUND('',#514,.T.);
#307=FACE_OUTER_BOUND('',#515,.T.);
#308=FACE_OUTER_BOUND('',#516,.T.);
#309=FACE_OUTER_BOUND('',#517,.T.);
#310=FACE_OUTER_BOUND('',#518,.T.);
#311=FACE_OUTER_BOUND('',#519,.T.);
#312=FACE_OUTER_BOUND('',#520,.T.);
#313=FACE_OUTER_BOUND('',#521,.T.);
#314=FACE_OUTER_BOUND('',#522,.T.);
#315=FACE_OUTER_BOUND('',#523,.T.);
#316=FACE_OUTER_BOUND('',#524,.T.);
#317=FACE_OUTER_BOUND('',#525,.T.);
#318=FACE_OUTER_BOUND('',#526,.T.);
#319=FACE_OUTER_BOUND('',#527,.T.);
#320=FACE_OUTER_BOUND('',#528,.T.);
#321=FACE_OUTER_BOUND('',#529,.T.);
#322=FACE_OUTER_BOUND('',#530,.T.);
#323=FACE_OUTER_BOUND('',#531,.T.);
#324=FACE_OUTER_BOUND('',#532,.T.);
#325=FACE_OUTER_BOUND('',#533,.T.);
#326=FACE_OUTER_BOUND('',#534,.T.);
#327=FACE_OUTER_BOUND('',#535,.T.);
#328=FACE_OUTER_BOUND('',#536,.T.);
#329=FACE_OUTER_BOUND('',#537,.T.);
#330=FACE_OUTER_BOUND('',#538,.T.);
#331=FACE_OUTER_BOUND('',#539,.T.);
#332=FACE_OUTER_BOUND('',#540,.T.);
#333=FACE_OUTER_BOUND('',#541,.T.);
#334=FACE_OUTER_BOUND('',#542,.T.);
#335=FACE_OUTER_BOUND('',#543,.T.);
#336=FACE_OUTER_BOUND('',#544,.T.);
#337=FACE_OUTER_BOUND('',#545,.T.);
#338=FACE_OUTER_BOUND('',#546,.T.);
#339=FACE_OUTER_BOUND('',#547,.T.);
#340=FACE_OUTER_BOUND('',#556,.T.);
#341=FACE_OUTER_BOUND('',#557,.T.);
#342=FACE_OUTER_BOUND('',#558,.T.);
#343=FACE_OUTER_BOUND('',#559,.T.);
#344=FACE_OUTER_BOUND('',#560,.T.);
#345=FACE_OUTER_BOUND('',#561,.T.);
#346=FACE_OUTER_BOUND('',#562,.T.);
#347=FACE_OUTER_BOUND('',#563,.T.);
#348=FACE_OUTER_BOUND('',#564,.T.);
#349=FACE_OUTER_BOUND('',#565,.T.);
#350=FACE_OUTER_BOUND('',#566,.T.);
#351=FACE_OUTER_BOUND('',#567,.T.);
#352=FACE_OUTER_BOUND('',#568,.T.);
#353=FACE_OUTER_BOUND('',#569,.T.);
#354=FACE_OUTER_BOUND('',#570,.T.);
#355=FACE_OUTER_BOUND('',#571,.T.);
#356=FACE_OUTER_BOUND('',#572,.T.);
#357=FACE_OUTER_BOUND('',#573,.T.);
#358=FACE_OUTER_BOUND('',#574,.T.);
#359=FACE_OUTER_BOUND('',#575,.T.);
#360=FACE_OUTER_BOUND('',#576,.T.);
#361=FACE_OUTER_BOUND('',#577,.T.);
#362=FACE_OUTER_BOUND('',#578,.T.);
#363=FACE_OUTER_BOUND('',#579,.T.);
#364=FACE_OUTER_BOUND('',#580,.T.);
#365=FACE_OUTER_BOUND('',#581,.T.);
#366=FACE_OUTER_BOUND('',#582,.T.);
#367=FACE_OUTER_BOUND('',#583,.T.);
#368=FACE_OUTER_BOUND('',#584,.T.);
#369=FACE_OUTER_BOUND('',#585,.T.);
#370=FACE_OUTER_BOUND('',#586,.T.);
#371=FACE_OUTER_BOUND('',#587,.T.);
#372=FACE_OUTER_BOUND('',#588,.T.);
#373=FACE_OUTER_BOUND('',#589,.T.);
#374=FACE_OUTER_BOUND('',#590,.T.);
#375=FACE_OUTER_BOUND('',#591,.T.);
#376=FACE_OUTER_BOUND('',#592,.T.);
#377=FACE_OUTER_BOUND('',#593,.T.);
#378=FACE_OUTER_BOUND('',#594,.T.);
#379=FACE_OUTER_BOUND('',#595,.T.);
#380=FACE_OUTER_BOUND('',#596,.T.);
#381=FACE_OUTER_BOUND('',#597,.T.);
#382=FACE_OUTER_BOUND('',#598,.T.);
#383=FACE_OUTER_BOUND('',#599,.T.);
#384=FACE_OUTER_BOUND('',#600,.T.);
#385=FACE_OUTER_BOUND('',#601,.T.);
#386=FACE_OUTER_BOUND('',#602,.T.);
#387=FACE_OUTER_BOUND('',#603,.T.);
#388=FACE_OUTER_BOUND('',#604,.T.);
#389=FACE_OUTER_BOUND('',#605,.T.);
#390=FACE_OUTER_BOUND('',#606,.T.);
#391=FACE_OUTER_BOUND('',#607,.T.);
#392=FACE_OUTER_BOUND('',#608,.T.);
#393=FACE_OUTER_BOUND('',#609,.T.);
#394=FACE_OUTER_BOUND('',#610,.T.);
#395=FACE_OUTER_BOUND('',#611,.T.);
#396=FACE_OUTER_BOUND('',#612,.T.);
#397=FACE_OUTER_BOUND('',#613,.T.);
#398=FACE_OUTER_BOUND('',#614,.T.);
#399=FACE_OUTER_BOUND('',#615,.T.);
#400=FACE_OUTER_BOUND('',#616,.T.);
#401=FACE_OUTER_BOUND('',#617,.T.);
#402=FACE_OUTER_BOUND('',#618,.T.);
#403=FACE_OUTER_BOUND('',#619,.T.);
#404=FACE_OUTER_BOUND('',#620,.T.);
#405=FACE_OUTER_BOUND('',#621,.T.);
#406=FACE_OUTER_BOUND('',#622,.T.);
#407=FACE_OUTER_BOUND('',#623,.T.);
#408=FACE_OUTER_BOUND('',#624,.T.);
#409=FACE_OUTER_BOUND('',#625,.T.);
#410=FACE_OUTER_BOUND('',#626,.T.);
#411=FACE_OUTER_BOUND('',#627,.T.);
#412=FACE_OUTER_BOUND('',#628,.T.);
#413=FACE_OUTER_BOUND('',#629,.T.);
#414=FACE_OUTER_BOUND('',#630,.T.);
#415=FACE_OUTER_BOUND('',#631,.T.);
#416=FACE_OUTER_BOUND('',#632,.T.);
#417=FACE_OUTER_BOUND('',#633,.T.);
#418=FACE_OUTER_BOUND('',#634,.T.);
#419=FACE_OUTER_BOUND('',#635,.T.);
#420=FACE_OUTER_BOUND('',#636,.T.);
#421=FACE_OUTER_BOUND('',#637,.T.);
#422=FACE_OUTER_BOUND('',#638,.T.);
#423=FACE_OUTER_BOUND('',#639,.T.);
#424=FACE_OUTER_BOUND('',#640,.T.);
#425=FACE_OUTER_BOUND('',#641,.T.);
#426=FACE_OUTER_BOUND('',#642,.T.);
#427=FACE_OUTER_BOUND('',#643,.T.);
#428=FACE_OUTER_BOUND('',#644,.T.);
#429=FACE_OUTER_BOUND('',#645,.T.);
#430=FACE_OUTER_BOUND('',#646,.T.);
#431=FACE_OUTER_BOUND('',#647,.T.);
#432=FACE_OUTER_BOUND('',#648,.T.);
#433=FACE_OUTER_BOUND('',#649,.T.);
#434=FACE_OUTER_BOUND('',#650,.T.);
#435=FACE_OUTER_BOUND('',#651,.T.);
#436=FACE_OUTER_BOUND('',#652,.T.);
#437=FACE_OUTER_BOUND('',#653,.T.);
#438=FACE_OUTER_BOUND('',#654,.T.);
#439=FACE_OUTER_BOUND('',#655,.T.);
#440=FACE_OUTER_BOUND('',#656,.T.);
#441=FACE_OUTER_BOUND('',#657,.T.);
#442=FACE_OUTER_BOUND('',#658,.T.);
#443=FACE_OUTER_BOUND('',#659,.T.);
#444=FACE_OUTER_BOUND('',#660,.T.);
#445=FACE_OUTER_BOUND('',#661,.T.);
#446=FACE_OUTER_BOUND('',#662,.T.);
#447=FACE_OUTER_BOUND('',#663,.T.);
#448=FACE_OUTER_BOUND('',#664,.T.);
#449=FACE_OUTER_BOUND('',#665,.T.);
#450=FACE_OUTER_BOUND('',#666,.T.);
#451=FACE_OUTER_BOUND('',#667,.T.);
#452=FACE_OUTER_BOUND('',#668,.T.);
#453=FACE_OUTER_BOUND('',#669,.T.);
#454=FACE_OUTER_BOUND('',#670,.T.);
#455=FACE_OUTER_BOUND('',#671,.T.);
#456=FACE_OUTER_BOUND('',#672,.T.);
#457=FACE_OUTER_BOUND('',#673,.T.);
#458=FACE_OUTER_BOUND('',#674,.T.);
#459=EDGE_LOOP('',(#2355,#2356,#2357,#2358));
#460=EDGE_LOOP('',(#2359,#2360,#2361,#2362,#2363,#2364,#2365,#2366));
#461=EDGE_LOOP('',(#2367,#2368,#2369,#2370,#2371,#2372,#2373,#2374));
#462=EDGE_LOOP('',(#2375,#2376,#2377,#2378));
#463=EDGE_LOOP('',(#2379,#2380,#2381,#2382,#2383,#2384,#2385,#2386,#2387,
#2388,#2389,#2390,#2391,#2392,#2393,#2394));
#464=EDGE_LOOP('',(#2395,#2396,#2397,#2398,#2399,#2400,#2401,#2402,#2403,
#2404));
#465=EDGE_LOOP('',(#2405,#2406,#2407,#2408,#2409,#2410,#2411,#2412));
#466=EDGE_LOOP('',(#2413,#2414,#2415,#2416,#2417,#2418,#2419,#2420,#2421,
#2422));
#467=EDGE_LOOP('',(#2423,#2424,#2425,#2426));
#468=EDGE_LOOP('',(#2427,#2428,#2429,#2430));
#469=EDGE_LOOP('',(#2431,#2432,#2433,#2434,#2435,#2436,#2437));
#470=EDGE_LOOP('',(#2438,#2439,#2440,#2441));
#471=EDGE_LOOP('',(#2442,#2443,#2444,#2445,#2446,#2447,#2448));
#472=EDGE_LOOP('',(#2449,#2450,#2451,#2452));
#473=EDGE_LOOP('',(#2453,#2454,#2455,#2456,#2457,#2458,#2459,#2460,#2461,
#2462,#2463,#2464,#2465,#2466));
#474=EDGE_LOOP('',(#2467,#2468,#2469,#2470,#2471,#2472,#2473,#2474,#2475,
#2476,#2477,#2478));
#475=EDGE_LOOP('',(#2479,#2480,#2481,#2482,#2483,#2484,#2485,#2486,#2487,
#2488));
#476=EDGE_LOOP('',(#2489,#2490,#2491,#2492,#2493,#2494,#2495,#2496));
#477=EDGE_LOOP('',(#2497,#2498,#2499,#2500,#2501,#2502,#2503,#2504,#2505,
#2506));
#478=EDGE_LOOP('',(#2507,#2508,#2509,#2510));
#479=EDGE_LOOP('',(#2511,#2512,#2513,#2514));
#480=EDGE_LOOP('',(#2515,#2516,#2517,#2518));
#481=EDGE_LOOP('',(#2519,#2520,#2521,#2522,#2523,#2524,#2525,#2526,#2527,
#2528,#2529,#2530,#2531,#2532));
#482=EDGE_LOOP('',(#2533,#2534,#2535,#2536,#2537,#2538,#2539));
#483=EDGE_LOOP('',(#2540,#2541,#2542,#2543));
#484=EDGE_LOOP('',(#2544,#2545,#2546,#2547,#2548,#2549,#2550));
#485=EDGE_LOOP('',(#2551,#2552,#2553,#2554));
#486=EDGE_LOOP('',(#2555,#2556,#2557,#2558,#2559,#2560));
#487=EDGE_LOOP('',(#2561,#2562,#2563,#2564));
#488=EDGE_LOOP('',(#2565,#2566,#2567,#2568,#2569));
#489=EDGE_LOOP('',(#2570,#2571,#2572,#2573));
#490=EDGE_LOOP('',(#2574,#2575,#2576,#2577,#2578));
#491=EDGE_LOOP('',(#2579,#2580,#2581,#2582));
#492=EDGE_LOOP('',(#2583,#2584,#2585,#2586,#2587,#2588,#2589,#2590,#2591,
#2592,#2593,#2594,#2595,#2596));
#493=EDGE_LOOP('',(#2597,#2598,#2599,#2600,#2601));
#494=EDGE_LOOP('',(#2602,#2603,#2604,#2605));
#495=EDGE_LOOP('',(#2606,#2607,#2608,#2609,#2610));
#496=EDGE_LOOP('',(#2611,#2612,#2613,#2614,#2615));
#497=EDGE_LOOP('',(#2616,#2617,#2618,#2619,#2620,#2621,#2622));
#498=EDGE_LOOP('',(#2623,#2624,#2625,#2626));
#499=EDGE_LOOP('',(#2627,#2628,#2629,#2630,#2631,#2632));
#500=EDGE_LOOP('',(#2633,#2634,#2635,#2636));
#501=EDGE_LOOP('',(#2637,#2638,#2639,#2640,#2641,#2642));
#502=EDGE_LOOP('',(#2643,#2644,#2645,#2646));
#503=EDGE_LOOP('',(#2647,#2648,#2649,#2650));
#504=EDGE_LOOP('',(#2651));
#505=EDGE_LOOP('',(#2652,#2653,#2654,#2655));
#506=EDGE_LOOP('',(#2656,#2657,#2658,#2659));
#507=EDGE_LOOP('',(#2660));
#508=EDGE_LOOP('',(#2661,#2662,#2663,#2664));
#509=EDGE_LOOP('',(#2665,#2666,#2667,#2668));
#510=EDGE_LOOP('',(#2669,#2670,#2671,#2672,#2673,#2674));
#511=EDGE_LOOP('',(#2675,#2676,#2677,#2678));
#512=EDGE_LOOP('',(#2679,#2680,#2681,#2682,#2683));
#513=EDGE_LOOP('',(#2684,#2685,#2686,#2687,#2688));
#514=EDGE_LOOP('',(#2689,#2690,#2691,#2692));
#515=EDGE_LOOP('',(#2693,#2694,#2695,#2696,#2697));
#516=EDGE_LOOP('',(#2698,#2699,#2700,#2701,#2702,#2703));
#517=EDGE_LOOP('',(#2704,#2705,#2706,#2707));
#518=EDGE_LOOP('',(#2708,#2709,#2710,#2711,#2712,#2713));
#519=EDGE_LOOP('',(#2714,#2715,#2716,#2717,#2718,#2719));
#520=EDGE_LOOP('',(#2720,#2721,#2722,#2723));
#521=EDGE_LOOP('',(#2724,#2725,#2726,#2727));
#522=EDGE_LOOP('',(#2728,#2729,#2730,#2731));
#523=EDGE_LOOP('',(#2732,#2733,#2734,#2735));
#524=EDGE_LOOP('',(#2736,#2737,#2738,#2739));
#525=EDGE_LOOP('',(#2740,#2741,#2742,#2743));
#526=EDGE_LOOP('',(#2744,#2745,#2746,#2747));
#527=EDGE_LOOP('',(#2748,#2749,#2750,#2751));
#528=EDGE_LOOP('',(#2752,#2753,#2754,#2755));
#529=EDGE_LOOP('',(#2756,#2757,#2758,#2759));
#530=EDGE_LOOP('',(#2760,#2761,#2762,#2763));
#531=EDGE_LOOP('',(#2764,#2765,#2766,#2767));
#532=EDGE_LOOP('',(#2768,#2769,#2770,#2771));
#533=EDGE_LOOP('',(#2772,#2773,#2774));
#534=EDGE_LOOP('',(#2775,#2776,#2777));
#535=EDGE_LOOP('',(#2778,#2779,#2780,#2781));
#536=EDGE_LOOP('',(#2782,#2783,#2784,#2785,#2786));
#537=EDGE_LOOP('',(#2787,#2788,#2789,#2790));
#538=EDGE_LOOP('',(#2791,#2792,#2793,#2794));
#539=EDGE_LOOP('',(#2795,#2796,#2797));
#540=EDGE_LOOP('',(#2798,#2799,#2800,#2801));
#541=EDGE_LOOP('',(#2802,#2803,#2804,#2805));
#542=EDGE_LOOP('',(#2806,#2807,#2808));
#543=EDGE_LOOP('',(#2809,#2810,#2811,#2812));
#544=EDGE_LOOP('',(#2813,#2814,#2815,#2816));
#545=EDGE_LOOP('',(#2817,#2818,#2819,#2820));
#546=EDGE_LOOP('',(#2821,#2822,#2823,#2824));
#547=EDGE_LOOP('',(#2825,#2826,#2827,#2828,#2829,#2830,#2831,#2832,#2833,
#2834,#2835,#2836,#2837,#2838,#2839,#2840,#2841,#2842,#2843,#2844,#2845,
#2846,#2847,#2848,#2849,#2850,#2851,#2852,#2853,#2854,#2855,#2856,#2857,
#2858,#2859,#2860,#2861,#2862,#2863,#2864,#2865,#2866,#2867,#2868,#2869,
#2870,#2871,#2872,#2873,#2874,#2875,#2876,#2877,#2878,#2879,#2880,#2881,
#2882,#2883,#2884,#2885,#2886,#2887,#2888,#2889,#2890,#2891,#2892,#2893,
#2894,#2895,#2896,#2897,#2898,#2899,#2900));
#548=EDGE_LOOP('',(#2901));
#549=EDGE_LOOP('',(#2902));
#550=EDGE_LOOP('',(#2903));
#551=EDGE_LOOP('',(#2904));
#552=EDGE_LOOP('',(#2905));
#553=EDGE_LOOP('',(#2906));
#554=EDGE_LOOP('',(#2907));
#555=EDGE_LOOP('',(#2908));
#556=EDGE_LOOP('',(#2909,#2910,#2911,#2912));
#557=EDGE_LOOP('',(#2913,#2914,#2915));
#558=EDGE_LOOP('',(#2916,#2917,#2918,#2919));
#559=EDGE_LOOP('',(#2920,#2921,#2922,#2923));
#560=EDGE_LOOP('',(#2924,#2925,#2926,#2927));
#561=EDGE_LOOP('',(#2928,#2929,#2930));
#562=EDGE_LOOP('',(#2931,#2932,#2933,#2934));
#563=EDGE_LOOP('',(#2935,#2936,#2937,#2938));
#564=EDGE_LOOP('',(#2939,#2940,#2941,#2942));
#565=EDGE_LOOP('',(#2943,#2944,#2945,#2946));
#566=EDGE_LOOP('',(#2947,#2948,#2949,#2950));
#567=EDGE_LOOP('',(#2951,#2952,#2953,#2954,#2955));
#568=EDGE_LOOP('',(#2956,#2957,#2958,#2959));
#569=EDGE_LOOP('',(#2960,#2961,#2962,#2963,#2964));
#570=EDGE_LOOP('',(#2965,#2966,#2967,#2968));
#571=EDGE_LOOP('',(#2969,#2970,#2971,#2972));
#572=EDGE_LOOP('',(#2973,#2974,#2975,#2976));
#573=EDGE_LOOP('',(#2977,#2978,#2979));
#574=EDGE_LOOP('',(#2980,#2981,#2982,#2983));
#575=EDGE_LOOP('',(#2984,#2985,#2986,#2987));
#576=EDGE_LOOP('',(#2988,#2989,#2990));
#577=EDGE_LOOP('',(#2991,#2992,#2993,#2994,#2995,#2996));
#578=EDGE_LOOP('',(#2997,#2998,#2999,#3000));
#579=EDGE_LOOP('',(#3001,#3002,#3003,#3004));
#580=EDGE_LOOP('',(#3005,#3006,#3007,#3008));
#581=EDGE_LOOP('',(#3009,#3010,#3011,#3012));
#582=EDGE_LOOP('',(#3013,#3014,#3015,#3016));
#583=EDGE_LOOP('',(#3017,#3018,#3019,#3020));
#584=EDGE_LOOP('',(#3021,#3022,#3023));
#585=EDGE_LOOP('',(#3024,#3025,#3026,#3027));
#586=EDGE_LOOP('',(#3028,#3029,#3030,#3031));
#587=EDGE_LOOP('',(#3032,#3033,#3034));
#588=EDGE_LOOP('',(#3035,#3036,#3037,#3038));
#589=EDGE_LOOP('',(#3039,#3040,#3041,#3042));
#590=EDGE_LOOP('',(#3043,#3044,#3045,#3046));
#591=EDGE_LOOP('',(#3047,#3048,#3049,#3050));
#592=EDGE_LOOP('',(#3051,#3052,#3053,#3054));
#593=EDGE_LOOP('',(#3055));
#594=EDGE_LOOP('',(#3056,#3057,#3058,#3059));
#595=EDGE_LOOP('',(#3060,#3061,#3062,#3063));
#596=EDGE_LOOP('',(#3064));
#597=EDGE_LOOP('',(#3065,#3066,#3067,#3068));
#598=EDGE_LOOP('',(#3069));
#599=EDGE_LOOP('',(#3070,#3071,#3072,#3073));
#600=EDGE_LOOP('',(#3074));
#601=EDGE_LOOP('',(#3075,#3076,#3077,#3078));
#602=EDGE_LOOP('',(#3079,#3080,#3081,#3082));
#603=EDGE_LOOP('',(#3083,#3084,#3085,#3086));
#604=EDGE_LOOP('',(#3087,#3088,#3089,#3090));
#605=EDGE_LOOP('',(#3091,#3092,#3093,#3094,#3095));
#606=EDGE_LOOP('',(#3096,#3097,#3098,#3099));
#607=EDGE_LOOP('',(#3100,#3101,#3102,#3103));
#608=EDGE_LOOP('',(#3104,#3105,#3106,#3107));
#609=EDGE_LOOP('',(#3108,#3109,#3110,#3111));
#610=EDGE_LOOP('',(#3112,#3113,#3114,#3115));
#611=EDGE_LOOP('',(#3116,#3117,#3118,#3119));
#612=EDGE_LOOP('',(#3120,#3121,#3122,#3123));
#613=EDGE_LOOP('',(#3124,#3125,#3126,#3127));
#614=EDGE_LOOP('',(#3128,#3129,#3130,#3131));
#615=EDGE_LOOP('',(#3132,#3133,#3134,#3135));
#616=EDGE_LOOP('',(#3136,#3137,#3138,#3139));
#617=EDGE_LOOP('',(#3140,#3141,#3142,#3143));
#618=EDGE_LOOP('',(#3144,#3145,#3146,#3147));
#619=EDGE_LOOP('',(#3148,#3149,#3150,#3151));
#620=EDGE_LOOP('',(#3152,#3153,#3154,#3155));
#621=EDGE_LOOP('',(#3156,#3157,#3158,#3159));
#622=EDGE_LOOP('',(#3160,#3161,#3162,#3163));
#623=EDGE_LOOP('',(#3164,#3165,#3166,#3167,#3168,#3169,#3170,#3171,#3172,
#3173,#3174,#3175));
#624=EDGE_LOOP('',(#3176,#3177,#3178,#3179));
#625=EDGE_LOOP('',(#3180,#3181,#3182,#3183));
#626=EDGE_LOOP('',(#3184,#3185,#3186,#3187,#3188));
#627=EDGE_LOOP('',(#3189,#3190,#3191,#3192,#3193));
#628=EDGE_LOOP('',(#3194,#3195,#3196,#3197,#3198,#3199,#3200,#3201,#3202,
#3203,#3204,#3205));
#629=EDGE_LOOP('',(#3206,#3207,#3208,#3209,#3210));
#630=EDGE_LOOP('',(#3211,#3212,#3213,#3214));
#631=EDGE_LOOP('',(#3215,#3216,#3217,#3218));
#632=EDGE_LOOP('',(#3219,#3220,#3221,#3222));
#633=EDGE_LOOP('',(#3223,#3224,#3225,#3226));
#634=EDGE_LOOP('',(#3227,#3228,#3229,#3230,#3231,#3232));
#635=EDGE_LOOP('',(#3233,#3234,#3235,#3236));
#636=EDGE_LOOP('',(#3237,#3238,#3239,#3240,#3241,#3242,#3243,#3244));
#637=EDGE_LOOP('',(#3245,#3246,#3247,#3248));
#638=EDGE_LOOP('',(#3249,#3250,#3251,#3252));
#639=EDGE_LOOP('',(#3253,#3254,#3255,#3256));
#640=EDGE_LOOP('',(#3257,#3258,#3259,#3260));
#641=EDGE_LOOP('',(#3261,#3262,#3263,#3264));
#642=EDGE_LOOP('',(#3265));
#643=EDGE_LOOP('',(#3266,#3267,#3268,#3269));
#644=EDGE_LOOP('',(#3270));
#645=EDGE_LOOP('',(#3271,#3272,#3273,#3274));
#646=EDGE_LOOP('',(#3275,#3276,#3277,#3278));
#647=EDGE_LOOP('',(#3279,#3280,#3281,#3282));
#648=EDGE_LOOP('',(#3283,#3284,#3285,#3286));
#649=EDGE_LOOP('',(#3287,#3288,#3289,#3290));
#650=EDGE_LOOP('',(#3291,#3292,#3293,#3294,#3295,#3296,#3297));
#651=EDGE_LOOP('',(#3298,#3299,#3300,#3301,#3302));
#652=EDGE_LOOP('',(#3303,#3304,#3305,#3306));
#653=EDGE_LOOP('',(#3307,#3308,#3309,#3310,#3311,#3312,#3313,#3314));
#654=EDGE_LOOP('',(#3315,#3316,#3317,#3318,#3319));
#655=EDGE_LOOP('',(#3320,#3321,#3322,#3323,#3324,#3325,#3326,#3327));
#656=EDGE_LOOP('',(#3328,#3329,#3330,#3331,#3332));
#657=EDGE_LOOP('',(#3333,#3334,#3335,#3336));
#658=EDGE_LOOP('',(#3337,#3338,#3339,#3340));
#659=EDGE_LOOP('',(#3341,#3342,#3343,#3344,#3345,#3346,#3347,#3348));
#660=EDGE_LOOP('',(#3349,#3350,#3351,#3352,#3353));
#661=EDGE_LOOP('',(#3354,#3355,#3356,#3357));
#662=EDGE_LOOP('',(#3358,#3359,#3360,#3361,#3362));
#663=EDGE_LOOP('',(#3363,#3364,#3365,#3366,#3367));
#664=EDGE_LOOP('',(#3368,#3369,#3370,#3371));
#665=EDGE_LOOP('',(#3372,#3373,#3374,#3375,#3376));
#666=EDGE_LOOP('',(#3377,#3378,#3379,#3380,#3381));
#667=EDGE_LOOP('',(#3382,#3383,#3384,#3385));
#668=EDGE_LOOP('',(#3386,#3387,#3388,#3389,#3390));
#669=EDGE_LOOP('',(#3391,#3392,#3393,#3394));
#670=EDGE_LOOP('',(#3395,#3396,#3397,#3398));
#671=EDGE_LOOP('',(#3399,#3400,#3401,#3402));
#672=EDGE_LOOP('',(#3403,#3404,#3405,#3406));
#673=EDGE_LOOP('',(#3407,#3408,#3409,#3410));
#674=EDGE_LOOP('',(#3411,#3412,#3413,#3414));
#675=LINE('',#5141,#1059);
#676=LINE('',#5144,#1060);
#677=LINE('',#5147,#1061);
#678=LINE('',#5151,#1062);
#679=LINE('',#5155,#1063);
#680=LINE('',#5157,#1064);
#681=LINE('',#5158,#1065);
#682=LINE('',#5161,#1066);
#683=LINE('',#5165,#1067);
#684=LINE('',#5167,#1068);
#685=LINE('',#5169,#1069);
#686=LINE('',#5170,#1070);
#687=LINE('',#5175,#1071);
#688=LINE('',#5179,#1072);
#689=LINE('',#5183,#1073);
#690=LINE('',#5185,#1074);
#691=LINE('',#5187,#1075);
#692=LINE('',#5189,#1076);
#693=LINE('',#5191,#1077);
#694=LINE('',#5193,#1078);
#695=LINE('',#5195,#1079);
#696=LINE('',#5197,#1080);
#697=LINE('',#5199,#1081);
#698=LINE('',#5202,#1082);
#699=LINE('',#5205,#1083);
#700=LINE('',#5209,#1084);
#701=LINE('',#5213,#1085);
#702=LINE('',#5217,#1086);
#703=LINE('',#5221,#1087);
#704=LINE('',#5225,#1088);
#705=LINE('',#5229,#1089);
#706=LINE('',#5233,#1090);
#707=LINE('',#5237,#1091);
#708=LINE('',#5241,#1092);
#709=LINE('',#5245,#1093);
#710=LINE('',#5249,#1094);
#711=LINE('',#5253,#1095);
#712=LINE('',#5257,#1096);
#713=LINE('',#5261,#1097);
#714=LINE('',#5262,#1098);
#715=LINE('',#5266,#1099);
#716=LINE('',#5268,#1100);
#717=LINE('',#5270,#1101);
#718=LINE('',#5271,#1102);
#719=LINE('',#5274,#1103);
#720=LINE('',#5276,#1104);
#721=LINE('',#5278,#1105);
#722=LINE('',#5280,#1106);
#723=LINE('',#5282,#1107);
#724=LINE('',#5283,#1108);
#725=LINE('',#5286,#1109);
#726=LINE('',#5287,#1110);
#727=LINE('',#5290,#1111);
#728=LINE('',#5292,#1112);
#729=LINE('',#5294,#1113);
#730=LINE('',#5296,#1114);
#731=LINE('',#5297,#1115);
#732=LINE('',#5300,#1116);
#733=LINE('',#5302,#1117);
#734=LINE('',#5303,#1118);
#735=LINE('',#5306,#1119);
#736=LINE('',#5308,#1120);
#737=LINE('',#5310,#1121);
#738=LINE('',#5314,#1122);
#739=LINE('',#5318,#1123);
#740=LINE('',#5322,#1124);
#741=LINE('',#5326,#1125);
#742=LINE('',#5327,#1126);
#743=LINE('',#5330,#1127);
#744=LINE('',#5332,#1128);
#745=LINE('',#5334,#1129);
#746=LINE('',#5336,#1130);
#747=LINE('',#5338,#1131);
#748=LINE('',#5340,#1132);
#749=LINE('',#5342,#1133);
#750=LINE('',#5343,#1134);
#751=LINE('',#5346,#1135);
#752=LINE('',#5350,#1136);
#753=LINE('',#5354,#1137);
#754=LINE('',#5358,#1138);
#755=LINE('',#5362,#1139);
#756=LINE('',#5366,#1140);
#757=LINE('',#5370,#1141);
#758=LINE('',#5374,#1142);
#759=LINE('',#5378,#1143);
#760=LINE('',#5382,#1144);
#761=LINE('',#5386,#1145);
#762=LINE('',#5390,#1146);
#763=LINE('',#5394,#1147);
#764=LINE('',#5398,#1148);
#765=LINE('',#5402,#1149);
#766=LINE('',#5404,#1150);
#767=LINE('',#5405,#1151);
#768=LINE('',#5408,#1152);
#769=LINE('',#5409,#1153);
#770=LINE('',#5412,#1154);
#771=LINE('',#5413,#1155);
#772=LINE('',#5416,#1156);
#773=LINE('',#5418,#1157);
#774=LINE('',#5422,#1158);
#775=LINE('',#5426,#1159);
#776=LINE('',#5430,#1160);
#777=LINE('',#5434,#1161);
#778=LINE('',#5435,#1162);
#779=LINE('',#5438,#1163);
#780=LINE('',#5440,#1164);
#781=LINE('',#5442,#1165);
#782=LINE('',#5443,#1166);
#783=LINE('',#5446,#1167);
#784=LINE('',#5447,#1168);
#785=LINE('',#5450,#1169);
#786=LINE('',#5452,#1170);
#787=LINE('',#5454,#1171);
#788=LINE('',#5455,#1172);
#789=LINE('',#5458,#1173);
#790=LINE('',#5461,#1174);
#791=LINE('',#5464,#1175);
#792=LINE('',#5466,#1176);
#793=LINE('',#5468,#1177);
#794=LINE('',#5469,#1178);
#795=LINE('',#5472,#1179);
#796=LINE('',#5479,#1180);
#797=LINE('',#5481,#1181);
#798=LINE('',#5484,#1182);
#799=LINE('',#5487,#1183);
#800=LINE('',#5489,#1184);
#801=LINE('',#5490,#1185);
#802=LINE('',#5496,#1186);
#803=LINE('',#5500,#1187);
#804=LINE('',#5501,#1188);
#805=LINE('',#5504,#1189);
#806=LINE('',#5506,#1190);
#807=LINE('',#5507,#1191);
#808=LINE('',#5512,#1192);
#809=LINE('',#5513,#1193);
#810=LINE('',#5515,#1194);
#811=LINE('',#5517,#1195);
#812=LINE('',#5523,#1196);
#813=LINE('',#5527,#1197);
#814=LINE('',#5531,#1198);
#815=LINE('',#5533,#1199);
#816=LINE('',#5536,#1200);
#817=LINE('',#5539,#1201);
#818=LINE('',#5541,#1202);
#819=LINE('',#5542,#1203);
#820=LINE('',#5548,#1204);
#821=LINE('',#5552,#1205);
#822=LINE('',#5553,#1206);
#823=LINE('',#5556,#1207);
#824=LINE('',#5558,#1208);
#825=LINE('',#5560,#1209);
#826=LINE('',#5561,#1210);
#827=LINE('',#5565,#1211);
#828=LINE('',#5566,#1212);
#829=LINE('',#5569,#1213);
#830=LINE('',#5572,#1214);
#831=LINE('',#5575,#1215);
#832=LINE('',#5577,#1216);
#833=LINE('',#5579,#1217);
#834=LINE('',#5580,#1218);
#835=LINE('',#5583,#1219);
#836=LINE('',#5586,#1220);
#837=LINE('',#5589,#1221);
#838=LINE('',#5591,#1222);
#839=LINE('',#5593,#1223);
#840=LINE('',#5594,#1224);
#841=LINE('',#5599,#1225);
#842=LINE('',#5603,#1226);
#843=LINE('',#5610,#1227);
#844=LINE('',#5614,#1228);
#845=LINE('',#5620,#1229);
#846=LINE('',#5622,#1230);
#847=LINE('',#5623,#1231);
#848=LINE('',#5626,#1232);
#849=LINE('',#5628,#1233);
#850=LINE('',#5633,#1234);
#851=LINE('',#5635,#1235);
#852=LINE('',#5637,#1236);
#853=LINE('',#5638,#1237);
#854=LINE('',#5641,#1238);
#855=LINE('',#5642,#1239);
#856=LINE('',#5643,#1240);
#857=LINE('',#5646,#1241);
#858=LINE('',#5648,#1242);
#859=LINE('',#5649,#1243);
#860=LINE('',#5653,#1244);
#861=LINE('',#5655,#1245);
#862=LINE('',#5657,#1246);
#863=LINE('',#5658,#1247);
#864=LINE('',#5660,#1248);
#865=LINE('',#5662,#1249);
#866=LINE('',#5663,#1250);
#867=LINE('',#5666,#1251);
#868=LINE('',#5668,#1252);
#869=LINE('',#5669,#1253);
#870=LINE('',#5672,#1254);
#871=LINE('',#5673,#1255);
#872=LINE('',#5676,#1256);
#873=LINE('',#5678,#1257);
#874=LINE('',#5680,#1258);
#875=LINE('',#5681,#1259);
#876=LINE('',#5683,#1260);
#877=LINE('',#5685,#1261);
#878=LINE('',#5686,#1262);
#879=LINE('',#5688,#1263);
#880=LINE('',#5690,#1264);
#881=LINE('',#5691,#1265);
#882=LINE('',#5693,#1266);
#883=LINE('',#5695,#1267);
#884=LINE('',#5696,#1268);
#885=LINE('',#5698,#1269);
#886=LINE('',#5700,#1270);
#887=LINE('',#5701,#1271);
#888=LINE('',#5703,#1272);
#889=LINE('',#5705,#1273);
#890=LINE('',#5708,#1274);
#891=LINE('',#5713,#1275);
#892=LINE('',#5715,#1276);
#893=LINE('',#5717,#1277);
#894=LINE('',#5718,#1278);
#895=LINE('',#5722,#1279);
#896=LINE('',#5728,#1280);
#897=LINE('',#5729,#1281);
#898=LINE('',#5732,#1282);
#899=LINE('',#5734,#1283);
#900=LINE('',#5735,#1284);
#901=LINE('',#5743,#1285);
#902=LINE('',#5747,#1286);
#903=LINE('',#5758,#1287);
#904=LINE('',#5760,#1288);
#905=LINE('',#5772,#1289);
#906=LINE('',#5773,#1290);
#907=LINE('',#5775,#1291);
#908=LINE('',#5776,#1292);
#909=LINE('',#5778,#1293);
#910=LINE('',#5779,#1294);
#911=LINE('',#5781,#1295);
#912=LINE('',#5783,#1296);
#913=LINE('',#5787,#1297);
#914=LINE('',#5790,#1298);
#915=LINE('',#5794,#1299);
#916=LINE('',#5797,#1300);
#917=LINE('',#5798,#1301);
#918=LINE('',#5800,#1302);
#919=LINE('',#5804,#1303);
#920=LINE('',#5808,#1304);
#921=LINE('',#5810,#1305);
#922=LINE('',#5811,#1306);
#923=LINE('',#5815,#1307);
#924=LINE('',#5817,#1308);
#925=LINE('',#5819,#1309);
#926=LINE('',#5821,#1310);
#927=LINE('',#5823,#1311);
#928=LINE('',#5825,#1312);
#929=LINE('',#5827,#1313);
#930=LINE('',#5831,#1314);
#931=LINE('',#5835,#1315);
#932=LINE('',#5840,#1316);
#933=LINE('',#5841,#1317);
#934=LINE('',#5843,#1318);
#935=LINE('',#5844,#1319);
#936=LINE('',#5846,#1320);
#937=LINE('',#5850,#1321);
#938=LINE('',#5853,#1322);
#939=LINE('',#5855,#1323);
#940=LINE('',#5857,#1324);
#941=LINE('',#5861,#1325);
#942=LINE('',#5864,#1326);
#943=LINE('',#5865,#1327);
#944=LINE('',#5868,#1328);
#945=LINE('',#5883,#1329);
#946=LINE('',#5892,#1330);
#947=LINE('',#5894,#1331);
#948=LINE('',#5897,#1332);
#949=LINE('',#5907,#1333);
#950=LINE('',#5908,#1334);
#951=LINE('',#5910,#1335);
#952=LINE('',#5911,#1336);
#953=LINE('',#5913,#1337);
#954=LINE('',#5914,#1338);
#955=LINE('',#5917,#1339);
#956=LINE('',#5919,#1340);
#957=LINE('',#5921,#1341);
#958=LINE('',#5926,#1342);
#959=LINE('',#5930,#1343);
#960=LINE('',#5933,#1344);
#961=LINE('',#5934,#1345);
#962=LINE('',#5939,#1346);
#963=LINE('',#5942,#1347);
#964=LINE('',#5948,#1348);
#965=LINE('',#5951,#1349);
#966=LINE('',#5955,#1350);
#967=LINE('',#5957,#1351);
#968=LINE('',#5959,#1352);
#969=LINE('',#5963,#1353);
#970=LINE('',#5967,#1354);
#971=LINE('',#5973,#1355);
#972=LINE('',#5976,#1356);
#973=LINE('',#5981,#1357);
#974=LINE('',#5985,#1358);
#975=LINE('',#5989,#1359);
#976=LINE('',#5991,#1360);
#977=LINE('',#5997,#1361);
#978=LINE('',#6000,#1362);
#979=LINE('',#6006,#1363);
#980=LINE('',#6009,#1364);
#981=LINE('',#6013,#1365);
#982=LINE('',#6018,#1366);
#983=LINE('',#6022,#1367);
#984=LINE('',#6025,#1368);
#985=LINE('',#6029,#1369);
#986=LINE('',#6030,#1370);
#987=LINE('',#6032,#1371);
#988=LINE('',#6033,#1372);
#989=LINE('',#6036,#1373);
#990=LINE('',#6038,#1374);
#991=LINE('',#6040,#1375);
#992=LINE('',#6041,#1376);
#993=LINE('',#6043,#1377);
#994=LINE('',#6045,#1378);
#995=LINE('',#6047,#1379);
#996=LINE('',#6049,#1380);
#997=LINE('',#6051,#1381);
#998=LINE('',#6053,#1382);
#999=LINE('',#6056,#1383);
#1000=LINE('',#6059,#1384);
#1001=LINE('',#6065,#1385);
#1002=LINE('',#6066,#1386);
#1003=LINE('',#6069,#1387);
#1004=LINE('',#6071,#1388);
#1005=LINE('',#6072,#1389);
#1006=LINE('',#6074,#1390);
#1007=LINE('',#6077,#1391);
#1008=LINE('',#6079,#1392);
#1009=LINE('',#6081,#1393);
#1010=LINE('',#6086,#1394);
#1011=LINE('',#6092,#1395);
#1012=LINE('',#6096,#1396);
#1013=LINE('',#6098,#1397);
#1014=LINE('',#6099,#1398);
#1015=LINE('',#6101,#1399);
#1016=LINE('',#6102,#1400);
#1017=LINE('',#6103,#1401);
#1018=LINE('',#6105,#1402);
#1019=LINE('',#6107,#1403);
#1020=LINE('',#6109,#1404);
#1021=LINE('',#6111,#1405);
#1022=LINE('',#6113,#1406);
#1023=LINE('',#6116,#1407);
#1024=LINE('',#6120,#1408);
#1025=LINE('',#6121,#1409);
#1026=LINE('',#6123,#1410);
#1027=LINE('',#6124,#1411);
#1028=LINE('',#6126,#1412);
#1029=LINE('',#6128,#1413);
#1030=LINE('',#6130,#1414);
#1031=LINE('',#6132,#1415);
#1032=LINE('',#6136,#1416);
#1033=LINE('',#6141,#1417);
#1034=LINE('',#6145,#1418);
#1035=LINE('',#6146,#1419);
#1036=LINE('',#6148,#1420);
#1037=LINE('',#6153,#1421);
#1038=LINE('',#6157,#1422);
#1039=LINE('',#6159,#1423);
#1040=LINE('',#6161,#1424);
#1041=LINE('',#6162,#1425);
#1042=LINE('',#6165,#1426);
#1043=LINE('',#6167,#1427);
#1044=LINE('',#6168,#1428);
#1045=LINE('',#6170,#1429);
#1046=LINE('',#6171,#1430);
#1047=LINE('',#6173,#1431);
#1048=LINE('',#6176,#1432);
#1049=LINE('',#6179,#1433);
#1050=LINE('',#6180,#1434);
#1051=LINE('',#6184,#1435);
#1052=LINE('',#6185,#1436);
#1053=LINE('',#6187,#1437);
#1054=LINE('',#6192,#1438);
#1055=LINE('',#6193,#1439);
#1056=LINE('',#6194,#1440);
#1057=LINE('',#6197,#1441);
#1058=LINE('',#6198,#1442);
#1059=VECTOR('',#4059,10.);
#1060=VECTOR('',#4062,10.);
#1061=VECTOR('',#4065,10.);
#1062=VECTOR('',#4068,10.);
#1063=VECTOR('',#4071,10.);
#1064=VECTOR('',#4072,10.);
#1065=VECTOR('',#4073,10.);
#1066=VECTOR('',#4076,10.);
#1067=VECTOR('',#4079,10.);
#1068=VECTOR('',#4080,10.);
#1069=VECTOR('',#4081,10.);
#1070=VECTOR('',#4082,10.);
#1071=VECTOR('',#4087,10.);
#1072=VECTOR('',#4092,10.);
#1073=VECTOR('',#4095,10.);
#1074=VECTOR('',#4096,10.);
#1075=VECTOR('',#4097,10.);
#1076=VECTOR('',#4098,10.);
#1077=VECTOR('',#4099,10.);
#1078=VECTOR('',#4100,10.);
#1079=VECTOR('',#4101,10.);
#1080=VECTOR('',#4102,10.);
#1081=VECTOR('',#4103,10.);
#1082=VECTOR('',#4106,10.);
#1083=VECTOR('',#4107,10.);
#1084=VECTOR('',#4110,10.);
#1085=VECTOR('',#4113,10.);
#1086=VECTOR('',#4116,10.);
#1087=VECTOR('',#4119,10.);
#1088=VECTOR('',#4122,10.);
#1089=VECTOR('',#4125,10.);
#1090=VECTOR('',#4128,10.);
#1091=VECTOR('',#4131,10.);
#1092=VECTOR('',#4134,10.);
#1093=VECTOR('',#4137,10.);
#1094=VECTOR('',#4140,10.);
#1095=VECTOR('',#4143,10.);
#1096=VECTOR('',#4146,10.);
#1097=VECTOR('',#4151,10.);
#1098=VECTOR('',#4152,10.);
#1099=VECTOR('',#4155,10.);
#1100=VECTOR('',#4156,10.);
#1101=VECTOR('',#4157,10.);
#1102=VECTOR('',#4158,10.);
#1103=VECTOR('',#4161,10.);
#1104=VECTOR('',#4162,10.);
#1105=VECTOR('',#4163,10.);
#1106=VECTOR('',#4164,10.);
#1107=VECTOR('',#4165,10.);
#1108=VECTOR('',#4166,10.);
#1109=VECTOR('',#4169,10.);
#1110=VECTOR('',#4170,10.);
#1111=VECTOR('',#4173,10.);
#1112=VECTOR('',#4174,10.);
#1113=VECTOR('',#4175,10.);
#1114=VECTOR('',#4176,10.);
#1115=VECTOR('',#4177,10.);
#1116=VECTOR('',#4180,10.);
#1117=VECTOR('',#4181,10.);
#1118=VECTOR('',#4182,10.);
#1119=VECTOR('',#4185,10.);
#1120=VECTOR('',#4186,10.);
#1121=VECTOR('',#4187,10.);
#1122=VECTOR('',#4190,10.);
#1123=VECTOR('',#4193,10.);
#1124=VECTOR('',#4196,10.);
#1125=VECTOR('',#4199,10.);
#1126=VECTOR('',#4200,10.);
#1127=VECTOR('',#4203,10.);
#1128=VECTOR('',#4204,10.);
#1129=VECTOR('',#4205,10.);
#1130=VECTOR('',#4206,10.);
#1131=VECTOR('',#4207,10.);
#1132=VECTOR('',#4208,10.);
#1133=VECTOR('',#4209,10.);
#1134=VECTOR('',#4210,10.);
#1135=VECTOR('',#4211,10.);
#1136=VECTOR('',#4214,10.);
#1137=VECTOR('',#4217,10.);
#1138=VECTOR('',#4220,10.);
#1139=VECTOR('',#4223,10.);
#1140=VECTOR('',#4226,10.);
#1141=VECTOR('',#4229,10.);
#1142=VECTOR('',#4232,10.);
#1143=VECTOR('',#4235,10.);
#1144=VECTOR('',#4238,10.);
#1145=VECTOR('',#4241,10.);
#1146=VECTOR('',#4244,10.);
#1147=VECTOR('',#4247,10.);
#1148=VECTOR('',#4250,10.);
#1149=VECTOR('',#4255,10.);
#1150=VECTOR('',#4256,10.);
#1151=VECTOR('',#4257,10.);
#1152=VECTOR('',#4260,10.);
#1153=VECTOR('',#4261,10.);
#1154=VECTOR('',#4264,10.);
#1155=VECTOR('',#4265,10.);
#1156=VECTOR('',#4268,10.);
#1157=VECTOR('',#4269,10.);
#1158=VECTOR('',#4272,10.);
#1159=VECTOR('',#4275,10.);
#1160=VECTOR('',#4278,10.);
#1161=VECTOR('',#4281,10.);
#1162=VECTOR('',#4282,10.);
#1163=VECTOR('',#4285,10.);
#1164=VECTOR('',#4286,10.);
#1165=VECTOR('',#4287,10.);
#1166=VECTOR('',#4288,10.);
#1167=VECTOR('',#4291,10.);
#1168=VECTOR('',#4292,10.);
#1169=VECTOR('',#4295,10.);
#1170=VECTOR('',#4296,10.);
#1171=VECTOR('',#4297,10.);
#1172=VECTOR('',#4298,10.);
#1173=VECTOR('',#4301,10.);
#1174=VECTOR('',#4304,10.);
#1175=VECTOR('',#4307,10.);
#1176=VECTOR('',#4308,10.);
#1177=VECTOR('',#4309,10.);
#1178=VECTOR('',#4310,10.);
#1179=VECTOR('',#4313,10.);
#1180=VECTOR('',#4320,10.);
#1181=VECTOR('',#4321,10.);
#1182=VECTOR('',#4324,10.);
#1183=VECTOR('',#4327,10.);
#1184=VECTOR('',#4328,10.);
#1185=VECTOR('',#4329,10.);
#1186=VECTOR('',#4334,10.);
#1187=VECTOR('',#4337,10.);
#1188=VECTOR('',#4338,10.);
#1189=VECTOR('',#4341,10.);
#1190=VECTOR('',#4342,10.);
#1191=VECTOR('',#4343,10.);
#1192=VECTOR('',#4348,10.);
#1193=VECTOR('',#4349,10.);
#1194=VECTOR('',#4350,10.);
#1195=VECTOR('',#4351,10.);
#1196=VECTOR('',#4356,10.);
#1197=VECTOR('',#4359,10.);
#1198=VECTOR('',#4364,10.);
#1199=VECTOR('',#4365,10.);
#1200=VECTOR('',#4368,10.);
#1201=VECTOR('',#4371,10.);
#1202=VECTOR('',#4372,10.);
#1203=VECTOR('',#4373,10.);
#1204=VECTOR('',#4378,10.);
#1205=VECTOR('',#4381,10.);
#1206=VECTOR('',#4382,10.);
#1207=VECTOR('',#4385,10.);
#1208=VECTOR('',#4386,10.);
#1209=VECTOR('',#4387,10.);
#1210=VECTOR('',#4388,10.);
#1211=VECTOR('',#4393,10.);
#1212=VECTOR('',#4394,10.);
#1213=VECTOR('',#4397,10.);
#1214=VECTOR('',#4400,10.);
#1215=VECTOR('',#4403,10.);
#1216=VECTOR('',#4404,10.);
#1217=VECTOR('',#4405,10.);
#1218=VECTOR('',#4406,10.);
#1219=VECTOR('',#4409,10.);
#1220=VECTOR('',#4412,10.);
#1221=VECTOR('',#4415,10.);
#1222=VECTOR('',#4416,10.);
#1223=VECTOR('',#4417,10.);
#1224=VECTOR('',#4418,10.);
#1225=VECTOR('',#4423,2.);
#1226=VECTOR('',#4428,3.);
#1227=VECTOR('',#4437,2.00000000000001);
#1228=VECTOR('',#4442,3.00000000000001);
#1229=VECTOR('',#4451,10.);
#1230=VECTOR('',#4454,10.);
#1231=VECTOR('',#4455,10.);
#1232=VECTOR('',#4458,10.);
#1233=VECTOR('',#4459,10.);
#1234=VECTOR('',#4464,10.);
#1235=VECTOR('',#4465,10.);
#1236=VECTOR('',#4466,10.);
#1237=VECTOR('',#4467,10.);
#1238=VECTOR('',#4470,10.);
#1239=VECTOR('',#4471,10.);
#1240=VECTOR('',#4472,10.);
#1241=VECTOR('',#4475,10.);
#1242=VECTOR('',#4476,10.);
#1243=VECTOR('',#4477,10.);
#1244=VECTOR('',#4480,10.);
#1245=VECTOR('',#4481,10.);
#1246=VECTOR('',#4482,10.);
#1247=VECTOR('',#4483,10.);
#1248=VECTOR('',#4486,10.);
#1249=VECTOR('',#4487,10.);
#1250=VECTOR('',#4488,10.);
#1251=VECTOR('',#4491,10.);
#1252=VECTOR('',#4492,10.);
#1253=VECTOR('',#4493,10.);
#1254=VECTOR('',#4496,10.);
#1255=VECTOR('',#4497,10.);
#1256=VECTOR('',#4500,10.);
#1257=VECTOR('',#4501,10.);
#1258=VECTOR('',#4502,10.);
#1259=VECTOR('',#4503,10.);
#1260=VECTOR('',#4506,10.);
#1261=VECTOR('',#4509,10.);
#1262=VECTOR('',#4510,10.);
#1263=VECTOR('',#4513,10.);
#1264=VECTOR('',#4516,10.);
#1265=VECTOR('',#4517,10.);
#1266=VECTOR('',#4520,10.);
#1267=VECTOR('',#4523,10.);
#1268=VECTOR('',#4524,10.);
#1269=VECTOR('',#4527,10.);
#1270=VECTOR('',#4530,10.);
#1271=VECTOR('',#4531,10.);
#1272=VECTOR('',#4534,10.);
#1273=VECTOR('',#4537,10.);
#1274=VECTOR('',#4542,10.);
#1275=VECTOR('',#4547,10.);
#1276=VECTOR('',#4548,10.);
#1277=VECTOR('',#4549,10.);
#1278=VECTOR('',#4550,10.);
#1279=VECTOR('',#4555,10.);
#1280=VECTOR('',#4560,10.);
#1281=VECTOR('',#4561,10.);
#1282=VECTOR('',#4564,10.);
#1283=VECTOR('',#4565,10.);
#1284=VECTOR('',#4566,10.);
#1285=VECTOR('',#4577,10.);
#1286=VECTOR('',#4582,10.);
#1287=VECTOR('',#4597,10.);
#1288=VECTOR('',#4600,10.);
#1289=VECTOR('',#4613,10.);
#1290=VECTOR('',#4614,10.);
#1291=VECTOR('',#4617,10.);
#1292=VECTOR('',#4618,10.);
#1293=VECTOR('',#4621,10.);
#1294=VECTOR('',#4622,10.);
#1295=VECTOR('',#4625,10.);
#1296=VECTOR('',#4628,10.);
#1297=VECTOR('',#4631,10.);
#1298=VECTOR('',#4634,10.);
#1299=VECTOR('',#4637,10.);
#1300=VECTOR('',#4640,10.);
#1301=VECTOR('',#4641,10.);
#1302=VECTOR('',#4642,10.);
#1303=VECTOR('',#4645,10.);
#1304=VECTOR('',#4648,10.);
#1305=VECTOR('',#4649,10.);
#1306=VECTOR('',#4650,10.);
#1307=VECTOR('',#4653,10.);
#1308=VECTOR('',#4656,10.);
#1309=VECTOR('',#4657,10.);
#1310=VECTOR('',#4658,10.);
#1311=VECTOR('',#4659,10.);
#1312=VECTOR('',#4660,10.);
#1313=VECTOR('',#4661,10.);
#1314=VECTOR('',#4664,10.);
#1315=VECTOR('',#4667,10.);
#1316=VECTOR('',#4672,10.);
#1317=VECTOR('',#4673,10.);
#1318=VECTOR('',#4674,10.);
#1319=VECTOR('',#4675,10.);
#1320=VECTOR('',#4676,10.);
#1321=VECTOR('',#4679,10.);
#1322=VECTOR('',#4682,10.);
#1323=VECTOR('',#4683,10.);
#1324=VECTOR('',#4684,10.);
#1325=VECTOR('',#4687,10.);
#1326=VECTOR('',#4690,10.);
#1327=VECTOR('',#4691,10.);
#1328=VECTOR('',#4694,10.);
#1329=VECTOR('',#4709,10.);
#1330=VECTOR('',#4722,10.);
#1331=VECTOR('',#4725,10.);
#1332=VECTOR('',#4728,10.);
#1333=VECTOR('',#4741,10.);
#1334=VECTOR('',#4742,10.);
#1335=VECTOR('',#4745,10.);
#1336=VECTOR('',#4746,10.);
#1337=VECTOR('',#4749,10.);
#1338=VECTOR('',#4750,10.);
#1339=VECTOR('',#4755,10.);
#1340=VECTOR('',#4758,10.);
#1341=VECTOR('',#4761,10.);
#1342=VECTOR('',#4766,10.);
#1343=VECTOR('',#4769,10.);
#1344=VECTOR('',#4774,10.);
#1345=VECTOR('',#4775,10.);
#1346=VECTOR('',#4780,10.);
#1347=VECTOR('',#4783,10.);
#1348=VECTOR('',#4792,10.);
#1349=VECTOR('',#4797,10.);
#1350=VECTOR('',#4804,10.);
#1351=VECTOR('',#4807,10.);
#1352=VECTOR('',#4810,10.);
#1353=VECTOR('',#4815,10.);
#1354=VECTOR('',#4820,10.);
#1355=VECTOR('',#4827,10.);
#1356=VECTOR('',#4830,10.);
#1357=VECTOR('',#4837,10.);
#1358=VECTOR('',#4844,10.);
#1359=VECTOR('',#4851,10.);
#1360=VECTOR('',#4854,10.);
#1361=VECTOR('',#4861,1.99999999999999);
#1362=VECTOR('',#4866,2.99999999999999);
#1363=VECTOR('',#4873,2.);
#1364=VECTOR('',#4878,3.);
#1365=VECTOR('',#4883,3.15);
#1366=VECTOR('',#4890,3.15);
#1367=VECTOR('',#4897,10.);
#1368=VECTOR('',#4902,10.);
#1369=VECTOR('',#4907,10.);
#1370=VECTOR('',#4908,10.);
#1371=VECTOR('',#4911,10.);
#1372=VECTOR('',#4912,10.);
#1373=VECTOR('',#4917,10.);
#1374=VECTOR('',#4920,10.);
#1375=VECTOR('',#4923,10.);
#1376=VECTOR('',#4924,10.);
#1377=VECTOR('',#4927,10.);
#1378=VECTOR('',#4930,10.);
#1379=VECTOR('',#4933,10.);
#1380=VECTOR('',#4936,10.);
#1381=VECTOR('',#4939,10.);
#1382=VECTOR('',#4942,10.);
#1383=VECTOR('',#4947,10.);
#1384=VECTOR('',#4952,10.);
#1385=VECTOR('',#4959,10.);
#1386=VECTOR('',#4960,10.);
#1387=VECTOR('',#4963,10.);
#1388=VECTOR('',#4964,10.);
#1389=VECTOR('',#4965,10.);
#1390=VECTOR('',#4966,10.);
#1391=VECTOR('',#4969,10.);
#1392=VECTOR('',#4972,10.);
#1393=VECTOR('',#4975,10.);
#1394=VECTOR('',#4982,10.);
#1395=VECTOR('',#4987,10.);
#1396=VECTOR('',#4990,10.);
#1397=VECTOR('',#4991,10.);
#1398=VECTOR('',#4992,10.);
#1399=VECTOR('',#4993,10.);
#1400=VECTOR('',#4994,10.);
#1401=VECTOR('',#4995,10.);
#1402=VECTOR('',#4998,10.);
#1403=VECTOR('',#5001,10.);
#1404=VECTOR('',#5004,10.);
#1405=VECTOR('',#5007,10.);
#1406=VECTOR('',#5010,10.);
#1407=VECTOR('',#5013,10.);
#1408=VECTOR('',#5016,10.);
#1409=VECTOR('',#5017,10.);
#1410=VECTOR('',#5020,10.);
#1411=VECTOR('',#5021,10.);
#1412=VECTOR('',#5024,10.);
#1413=VECTOR('',#5027,10.);
#1414=VECTOR('',#5030,10.);
#1415=VECTOR('',#5033,10.);
#1416=VECTOR('',#5038,3.15);
#1417=VECTOR('',#5045,3.15);
#1418=VECTOR('',#5052,10.);
#1419=VECTOR('',#5053,10.);
#1420=VECTOR('',#5056,10.);
#1421=VECTOR('',#5065,10.);
#1422=VECTOR('',#5072,10.);
#1423=VECTOR('',#5073,10.);
#1424=VECTOR('',#5074,10.);
#1425=VECTOR('',#5075,10.);
#1426=VECTOR('',#5078,10.);
#1427=VECTOR('',#5079,10.);
#1428=VECTOR('',#5080,10.);
#1429=VECTOR('',#5083,10.);
#1430=VECTOR('',#5084,10.);
#1431=VECTOR('',#5087,10.);
#1432=VECTOR('',#5092,10.);
#1433=VECTOR('',#5097,10.);
#1434=VECTOR('',#5098,10.);
#1435=VECTOR('',#5103,10.);
#1436=VECTOR('',#5104,10.);
#1437=VECTOR('',#5107,10.);
#1438=VECTOR('',#5116,10.);
#1439=VECTOR('',#5117,10.);
#1440=VECTOR('',#5118,10.);
#1441=VECTOR('',#5123,10.);
#1442=VECTOR('',#5124,10.);
#1443=ELLIPSE('',#3706,10.4890128498233,9.);
#1444=ELLIPSE('',#3707,18.1173858424932,9.);
#1445=ELLIPSE('',#3709,10.,5.);
#1446=ELLIPSE('',#3710,10.,5.);
#1447=ELLIPSE('',#3712,12.2390109325001,5.);
#1448=ELLIPSE('',#3714,18.1173858424971,9.);
#1449=ELLIPSE('',#3715,10.4890128498255,9.);
#1450=ELLIPSE('',#3717,7.0857431671547,5.);
#1451=ELLIPSE('',#3718,7.08574316715304,5.);
#1452=ELLIPSE('',#3740,2.12132034355963,1.5);
#1453=ELLIPSE('',#3741,3.53553390593272,2.5);
#1454=ELLIPSE('',#3742,3.53553390593272,2.5);
#1455=ELLIPSE('',#3743,2.12132034355963,1.5);
#1456=ELLIPSE('',#3763,2.1213203435586,1.5);
#1457=ELLIPSE('',#3764,3.53553390593101,2.5);
#1458=ELLIPSE('',#3765,3.53553390593101,2.5);
#1459=ELLIPSE('',#3766,2.1213203435586,1.5);
#1460=ELLIPSE('',#3776,2.99379523773623,1.5);
#1461=ELLIPSE('',#3780,3.,1.5);
#1462=ELLIPSE('',#3784,5.,2.5);
#1463=ELLIPSE('',#3785,5.,2.5);
#1464=ELLIPSE('',#3786,3.,1.5);
#1465=ELLIPSE('',#3787,8.,4.);
#1466=ELLIPSE('',#3788,8.,4.);
#1467=ELLIPSE('',#3793,2.99379523773623,1.5);
#1468=ELLIPSE('',#3797,4.98965872956038,2.5);
#1469=ELLIPSE('',#3817,12.239010932503,5.);
#1470=ELLIPSE('',#3820,7.07106781186544,5.);
#1471=ELLIPSE('',#3844,4.24264068711848,3.);
#1472=ELLIPSE('',#3846,4.24264068711726,3.);
#1473=ELLIPSE('',#3850,4.24264068711721,3.);
#1474=ELLIPSE('',#3852,4.98965872956038,2.5);
#1475=ELLIPSE('',#3853,2.70598050073099,2.5);
#1476=ELLIPSE('',#3855,2.70598050073099,2.5);
#1477=ELLIPSE('',#3897,2.70598050073099,2.5);
#1478=ELLIPSE('',#3905,2.70598050073099,2.5);
#1479=ELLIPSE('',#3920,2.7567373088072,2.5);
#1480=ELLIPSE('',#3929,2.75673730880721,2.5);
#1481=ELLIPSE('',#3938,2.75673730880721,2.5);
#1482=ELLIPSE('',#3947,2.7567373088072,2.5);
#1483=ELLIPSE('',#3993,4.24264068711721,3.);
#1484=ELLIPSE('',#3995,4.24264068711721,3.);
#1485=ELLIPSE('',#4000,4.24264068711927,3.);
#1486=ELLIPSE('',#4002,4.24264068711927,3.);
#1487=ELLIPSE('',#4003,4.24264068711927,3.);
#1488=ELLIPSE('',#4010,7.07106781186202,5.);
#1489=VERTEX_POINT('',#5137);
#1490=VERTEX_POINT('',#5138);
#1491=VERTEX_POINT('',#5140);
#1492=VERTEX_POINT('',#5142);
#1493=VERTEX_POINT('',#5146);
#1494=VERTEX_POINT('',#5148);
#1495=VERTEX_POINT('',#5150);
#1496=VERTEX_POINT('',#5152);
#1497=VERTEX_POINT('',#5154);
#1498=VERTEX_POINT('',#5156);
#1499=VERTEX_POINT('',#5160);
#1500=VERTEX_POINT('',#5162);
#1501=VERTEX_POINT('',#5164);
#1502=VERTEX_POINT('',#5166);
#1503=VERTEX_POINT('',#5168);
#1504=VERTEX_POINT('',#5172);
#1505=VERTEX_POINT('',#5174);
#1506=VERTEX_POINT('',#5178);
#1507=VERTEX_POINT('',#5180);
#1508=VERTEX_POINT('',#5182);
#1509=VERTEX_POINT('',#5184);
#1510=VERTEX_POINT('',#5186);
#1511=VERTEX_POINT('',#5188);
#1512=VERTEX_POINT('',#5190);
#1513=VERTEX_POINT('',#5192);
#1514=VERTEX_POINT('',#5194);
#1515=VERTEX_POINT('',#5196);
#1516=VERTEX_POINT('',#5198);
#1517=VERTEX_POINT('',#5200);
#1518=VERTEX_POINT('',#5203);
#1519=VERTEX_POINT('',#5204);
#1520=VERTEX_POINT('',#5206);
#1521=VERTEX_POINT('',#5208);
#1522=VERTEX_POINT('',#5210);
#1523=VERTEX_POINT('',#5212);
#1524=VERTEX_POINT('',#5214);
#1525=VERTEX_POINT('',#5216);
#1526=VERTEX_POINT('',#5218);
#1527=VERTEX_POINT('',#5220);
#1528=VERTEX_POINT('',#5223);
#1529=VERTEX_POINT('',#5224);
#1530=VERTEX_POINT('',#5226);
#1531=VERTEX_POINT('',#5228);
#1532=VERTEX_POINT('',#5230);
#1533=VERTEX_POINT('',#5232);
#1534=VERTEX_POINT('',#5234);
#1535=VERTEX_POINT('',#5236);
#1536=VERTEX_POINT('',#5239);
#1537=VERTEX_POINT('',#5240);
#1538=VERTEX_POINT('',#5242);
#1539=VERTEX_POINT('',#5244);
#1540=VERTEX_POINT('',#5246);
#1541=VERTEX_POINT('',#5248);
#1542=VERTEX_POINT('',#5250);
#1543=VERTEX_POINT('',#5252);
#1544=VERTEX_POINT('',#5254);
#1545=VERTEX_POINT('',#5256);
#1546=VERTEX_POINT('',#5260);
#1547=VERTEX_POINT('',#5264);
#1548=VERTEX_POINT('',#5265);
#1549=VERTEX_POINT('',#5267);
#1550=VERTEX_POINT('',#5269);
#1551=VERTEX_POINT('',#5273);
#1552=VERTEX_POINT('',#5275);
#1553=VERTEX_POINT('',#5277);
#1554=VERTEX_POINT('',#5279);
#1555=VERTEX_POINT('',#5281);
#1556=VERTEX_POINT('',#5285);
#1557=VERTEX_POINT('',#5289);
#1558=VERTEX_POINT('',#5291);
#1559=VERTEX_POINT('',#5293);
#1560=VERTEX_POINT('',#5295);
#1561=VERTEX_POINT('',#5299);
#1562=VERTEX_POINT('',#5301);
#1563=VERTEX_POINT('',#5305);
#1564=VERTEX_POINT('',#5307);
#1565=VERTEX_POINT('',#5309);
#1566=VERTEX_POINT('',#5311);
#1567=VERTEX_POINT('',#5313);
#1568=VERTEX_POINT('',#5315);
#1569=VERTEX_POINT('',#5317);
#1570=VERTEX_POINT('',#5319);
#1571=VERTEX_POINT('',#5321);
#1572=VERTEX_POINT('',#5323);
#1573=VERTEX_POINT('',#5325);
#1574=VERTEX_POINT('',#5329);
#1575=VERTEX_POINT('',#5331);
#1576=VERTEX_POINT('',#5333);
#1577=VERTEX_POINT('',#5335);
#1578=VERTEX_POINT('',#5337);
#1579=VERTEX_POINT('',#5339);
#1580=VERTEX_POINT('',#5341);
#1581=VERTEX_POINT('',#5344);
#1582=VERTEX_POINT('',#5345);
#1583=VERTEX_POINT('',#5347);
#1584=VERTEX_POINT('',#5349);
#1585=VERTEX_POINT('',#5351);
#1586=VERTEX_POINT('',#5353);
#1587=VERTEX_POINT('',#5355);
#1588=VERTEX_POINT('',#5357);
#1589=VERTEX_POINT('',#5359);
#1590=VERTEX_POINT('',#5361);
#1591=VERTEX_POINT('',#5364);
#1592=VERTEX_POINT('',#5365);
#1593=VERTEX_POINT('',#5367);
#1594=VERTEX_POINT('',#5369);
#1595=VERTEX_POINT('',#5371);
#1596=VERTEX_POINT('',#5373);
#1597=VERTEX_POINT('',#5375);
#1598=VERTEX_POINT('',#5377);
#1599=VERTEX_POINT('',#5380);
#1600=VERTEX_POINT('',#5381);
#1601=VERTEX_POINT('',#5383);
#1602=VERTEX_POINT('',#5385);
#1603=VERTEX_POINT('',#5387);
#1604=VERTEX_POINT('',#5389);
#1605=VERTEX_POINT('',#5391);
#1606=VERTEX_POINT('',#5393);
#1607=VERTEX_POINT('',#5395);
#1608=VERTEX_POINT('',#5397);
#1609=VERTEX_POINT('',#5401);
#1610=VERTEX_POINT('',#5403);
#1611=VERTEX_POINT('',#5407);
#1612=VERTEX_POINT('',#5411);
#1613=VERTEX_POINT('',#5415);
#1614=VERTEX_POINT('',#5417);
#1615=VERTEX_POINT('',#5419);
#1616=VERTEX_POINT('',#5421);
#1617=VERTEX_POINT('',#5423);
#1618=VERTEX_POINT('',#5425);
#1619=VERTEX_POINT('',#5427);
#1620=VERTEX_POINT('',#5429);
#1621=VERTEX_POINT('',#5431);
#1622=VERTEX_POINT('',#5433);
#1623=VERTEX_POINT('',#5437);
#1624=VERTEX_POINT('',#5439);
#1625=VERTEX_POINT('',#5441);
#1626=VERTEX_POINT('',#5445);
#1627=VERTEX_POINT('',#5449);
#1628=VERTEX_POINT('',#5451);
#1629=VERTEX_POINT('',#5453);
#1630=VERTEX_POINT('',#5457);
#1631=VERTEX_POINT('',#5459);
#1632=VERTEX_POINT('',#5463);
#1633=VERTEX_POINT('',#5465);
#1634=VERTEX_POINT('',#5467);
#1635=VERTEX_POINT('',#5471);
#1636=VERTEX_POINT('',#5475);
#1637=VERTEX_POINT('',#5476);
#1638=VERTEX_POINT('',#5478);
#1639=VERTEX_POINT('',#5480);
#1640=VERTEX_POINT('',#5482);
#1641=VERTEX_POINT('',#5486);
#1642=VERTEX_POINT('',#5488);
#1643=VERTEX_POINT('',#5492);
#1644=VERTEX_POINT('',#5493);
#1645=VERTEX_POINT('',#5495);
#1646=VERTEX_POINT('',#5497);
#1647=VERTEX_POINT('',#5499);
#1648=VERTEX_POINT('',#5503);
#1649=VERTEX_POINT('',#5505);
#1650=VERTEX_POINT('',#5509);
#1651=VERTEX_POINT('',#5511);
#1652=VERTEX_POINT('',#5514);
#1653=VERTEX_POINT('',#5516);
#1654=VERTEX_POINT('',#5518);
#1655=VERTEX_POINT('',#5520);
#1656=VERTEX_POINT('',#5522);
#1657=VERTEX_POINT('',#5524);
#1658=VERTEX_POINT('',#5526);
#1659=VERTEX_POINT('',#5530);
#1660=VERTEX_POINT('',#5532);
#1661=VERTEX_POINT('',#5534);
#1662=VERTEX_POINT('',#5538);
#1663=VERTEX_POINT('',#5540);
#1664=VERTEX_POINT('',#5544);
#1665=VERTEX_POINT('',#5545);
#1666=VERTEX_POINT('',#5547);
#1667=VERTEX_POINT('',#5549);
#1668=VERTEX_POINT('',#5551);
#1669=VERTEX_POINT('',#5555);
#1670=VERTEX_POINT('',#5557);
#1671=VERTEX_POINT('',#5559);
#1672=VERTEX_POINT('',#5563);
#1673=VERTEX_POINT('',#5568);
#1674=VERTEX_POINT('',#5570);
#1675=VERTEX_POINT('',#5574);
#1676=VERTEX_POINT('',#5576);
#1677=VERTEX_POINT('',#5578);
#1678=VERTEX_POINT('',#5582);
#1679=VERTEX_POINT('',#5584);
#1680=VERTEX_POINT('',#5588);
#1681=VERTEX_POINT('',#5590);
#1682=VERTEX_POINT('',#5592);
#1683=VERTEX_POINT('',#5596);
#1684=VERTEX_POINT('',#5598);
#1685=VERTEX_POINT('',#5602);
#1686=VERTEX_POINT('',#5607);
#1687=VERTEX_POINT('',#5609);
#1688=VERTEX_POINT('',#5613);
#1689=VERTEX_POINT('',#5618);
#1690=VERTEX_POINT('',#5625);
#1691=VERTEX_POINT('',#5627);
#1692=VERTEX_POINT('',#5631);
#1693=VERTEX_POINT('',#5632);
#1694=VERTEX_POINT('',#5634);
#1695=VERTEX_POINT('',#5636);
#1696=VERTEX_POINT('',#5640);
#1697=VERTEX_POINT('',#5645);
#1698=VERTEX_POINT('',#5647);
#1699=VERTEX_POINT('',#5651);
#1700=VERTEX_POINT('',#5652);
#1701=VERTEX_POINT('',#5654);
#1702=VERTEX_POINT('',#5656);
#1703=VERTEX_POINT('',#5661);
#1704=VERTEX_POINT('',#5665);
#1705=VERTEX_POINT('',#5667);
#1706=VERTEX_POINT('',#5671);
#1707=VERTEX_POINT('',#5675);
#1708=VERTEX_POINT('',#5677);
#1709=VERTEX_POINT('',#5679);
#1710=VERTEX_POINT('',#5711);
#1711=VERTEX_POINT('',#5712);
#1712=VERTEX_POINT('',#5714);
#1713=VERTEX_POINT('',#5716);
#1714=VERTEX_POINT('',#5720);
#1715=VERTEX_POINT('',#5724);
#1716=VERTEX_POINT('',#5725);
#1717=VERTEX_POINT('',#5727);
#1718=VERTEX_POINT('',#5731);
#1719=VERTEX_POINT('',#5733);
#1720=VERTEX_POINT('',#5740);
#1721=VERTEX_POINT('',#5742);
#1722=VERTEX_POINT('',#5746);
#1723=VERTEX_POINT('',#5750);
#1724=VERTEX_POINT('',#5751);
#1725=VERTEX_POINT('',#5756);
#1726=VERTEX_POINT('',#5762);
#1727=VERTEX_POINT('',#5763);
#1728=VERTEX_POINT('',#5765);
#1729=VERTEX_POINT('',#5769);
#1730=VERTEX_POINT('',#5770);
#1731=VERTEX_POINT('',#5784);
#1732=VERTEX_POINT('',#5786);
#1733=VERTEX_POINT('',#5788);
#1734=VERTEX_POINT('',#5791);
#1735=VERTEX_POINT('',#5793);
#1736=VERTEX_POINT('',#5795);
#1737=VERTEX_POINT('',#5799);
#1738=VERTEX_POINT('',#5801);
#1739=VERTEX_POINT('',#5803);
#1740=VERTEX_POINT('',#5805);
#1741=VERTEX_POINT('',#5807);
#1742=VERTEX_POINT('',#5809);
#1743=VERTEX_POINT('',#5812);
#1744=VERTEX_POINT('',#5814);
#1745=VERTEX_POINT('',#5818);
#1746=VERTEX_POINT('',#5820);
#1747=VERTEX_POINT('',#5822);
#1748=VERTEX_POINT('',#5824);
#1749=VERTEX_POINT('',#5826);
#1750=VERTEX_POINT('',#5828);
#1751=VERTEX_POINT('',#5830);
#1752=VERTEX_POINT('',#5832);
#1753=VERTEX_POINT('',#5834);
#1754=VERTEX_POINT('',#5837);
#1755=VERTEX_POINT('',#5839);
#1756=VERTEX_POINT('',#5842);
#1757=VERTEX_POINT('',#5845);
#1758=VERTEX_POINT('',#5847);
#1759=VERTEX_POINT('',#5849);
#1760=VERTEX_POINT('',#5852);
#1761=VERTEX_POINT('',#5854);
#1762=VERTEX_POINT('',#5856);
#1763=VERTEX_POINT('',#5858);
#1764=VERTEX_POINT('',#5860);
#1765=VERTEX_POINT('',#5862);
#1766=VERTEX_POINT('',#5866);
#1767=VERTEX_POINT('',#5869);
#1768=VERTEX_POINT('',#5871);
#1769=VERTEX_POINT('',#5873);
#1770=VERTEX_POINT('',#5875);
#1771=VERTEX_POINT('',#5877);
#1772=VERTEX_POINT('',#5879);
#1773=VERTEX_POINT('',#5882);
#1774=VERTEX_POINT('',#5886);
#1775=VERTEX_POINT('',#5887);
#1776=VERTEX_POINT('',#5896);
#1777=VERTEX_POINT('',#5900);
#1778=VERTEX_POINT('',#5901);
#1779=VERTEX_POINT('',#5903);
#1780=VERTEX_POINT('',#5924);
#1781=VERTEX_POINT('',#5925);
#1782=VERTEX_POINT('',#5927);
#1783=VERTEX_POINT('',#5929);
#1784=VERTEX_POINT('',#5936);
#1785=VERTEX_POINT('',#5938);
#1786=VERTEX_POINT('',#5940);
#1787=VERTEX_POINT('',#5947);
#1788=VERTEX_POINT('',#5962);
#1789=VERTEX_POINT('',#5966);
#1790=VERTEX_POINT('',#5970);
#1791=VERTEX_POINT('',#5972);
#1792=VERTEX_POINT('',#5974);
#1793=VERTEX_POINT('',#5980);
#1794=VERTEX_POINT('',#5994);
#1795=VERTEX_POINT('',#5996);
#1796=VERTEX_POINT('',#6003);
#1797=VERTEX_POINT('',#6005);
#1798=VERTEX_POINT('',#6012);
#1799=VERTEX_POINT('',#6017);
#1800=VERTEX_POINT('',#6028);
#1801=VERTEX_POINT('',#6062);
#1802=VERTEX_POINT('',#6063);
#1803=VERTEX_POINT('',#6068);
#1804=VERTEX_POINT('',#6070);
#1805=VERTEX_POINT('',#6073);
#1806=VERTEX_POINT('',#6075);
#1807=VERTEX_POINT('',#6084);
#1808=VERTEX_POINT('',#6088);
#1809=VERTEX_POINT('',#6089);
#1810=VERTEX_POINT('',#6091);
#1811=VERTEX_POINT('',#6093);
#1812=VERTEX_POINT('',#6095);
#1813=VERTEX_POINT('',#6097);
#1814=VERTEX_POINT('',#6100);
#1815=VERTEX_POINT('',#6115);
#1816=VERTEX_POINT('',#6117);
#1817=VERTEX_POINT('',#6119);
#1818=VERTEX_POINT('',#6135);
#1819=VERTEX_POINT('',#6140);
#1820=VERTEX_POINT('',#6158);
#1821=VERTEX_POINT('',#6160);
#1822=VERTEX_POINT('',#6164);
#1823=VERTEX_POINT('',#6166);
#1824=VERTEX_POINT('',#6183);
#1825=EDGE_CURVE('',#1489,#1490,#1443,.T.);
#1826=EDGE_CURVE('',#1490,#1491,#675,.T.);
#1827=EDGE_CURVE('',#1491,#1492,#1444,.T.);
#1828=EDGE_CURVE('',#1492,#1489,#676,.T.);
#1829=EDGE_CURVE('',#1492,#1493,#677,.T.);
#1830=EDGE_CURVE('',#1494,#1493,#1445,.T.);
#1831=EDGE_CURVE('',#1494,#1495,#678,.T.);
#1832=EDGE_CURVE('',#1496,#1495,#1446,.T.);
#1833=EDGE_CURVE('',#1496,#1497,#679,.T.);
#1834=EDGE_CURVE('',#1498,#1497,#680,.T.);
#1835=EDGE_CURVE('',#1498,#1489,#681,.T.);
#1836=EDGE_CURVE('',#1499,#1491,#682,.T.);
#1837=EDGE_CURVE('',#1500,#1499,#1447,.T.);
#1838=EDGE_CURVE('',#1500,#1501,#683,.T.);
#1839=EDGE_CURVE('',#1502,#1501,#684,.T.);
#1840=EDGE_CURVE('',#1502,#1503,#685,.T.);
#1841=EDGE_CURVE('',#1493,#1503,#686,.T.);
#1842=EDGE_CURVE('',#1497,#1504,#1448,.T.);
#1843=EDGE_CURVE('',#1504,#1505,#687,.T.);
#1844=EDGE_CURVE('',#1505,#1498,#1449,.T.);
#1845=EDGE_CURVE('',#1506,#1505,#688,.T.);
#1846=EDGE_CURVE('',#1507,#1506,#1450,.T.);
#1847=EDGE_CURVE('',#1507,#1508,#689,.T.);
#1848=EDGE_CURVE('',#1508,#1509,#690,.T.);
#1849=EDGE_CURVE('',#1509,#1510,#691,.T.);
#1850=EDGE_CURVE('',#1511,#1510,#692,.T.);
#1851=EDGE_CURVE('',#1512,#1511,#693,.T.);
#1852=EDGE_CURVE('',#1513,#1512,#694,.T.);
#1853=EDGE_CURVE('',#1513,#1514,#695,.T.);
#1854=EDGE_CURVE('',#1514,#1515,#696,.T.);
#1855=EDGE_CURVE('',#1515,#1516,#697,.T.);
#1856=EDGE_CURVE('',#1517,#1516,#1451,.T.);
#1857=EDGE_CURVE('',#1490,#1517,#698,.T.);
#1858=EDGE_CURVE('',#1518,#1519,#699,.T.);
#1859=EDGE_CURVE('',#1520,#1519,#41,.T.);
#1860=EDGE_CURVE('',#1520,#1521,#700,.T.);
#1861=EDGE_CURVE('',#1522,#1521,#42,.T.);
#1862=EDGE_CURVE('',#1522,#1523,#701,.T.);
#1863=EDGE_CURVE('',#1524,#1523,#43,.T.);
#1864=EDGE_CURVE('',#1524,#1525,#702,.T.);
#1865=EDGE_CURVE('',#1526,#1525,#44,.T.);
#1866=EDGE_CURVE('',#1526,#1527,#703,.T.);
#1867=EDGE_CURVE('',#1518,#1527,#45,.T.);
#1868=EDGE_CURVE('',#1528,#1529,#704,.T.);
#1869=EDGE_CURVE('',#1530,#1529,#46,.T.);
#1870=EDGE_CURVE('',#1530,#1531,#705,.T.);
#1871=EDGE_CURVE('',#1532,#1531,#47,.T.);
#1872=EDGE_CURVE('',#1532,#1533,#706,.T.);
#1873=EDGE_CURVE('',#1534,#1533,#48,.T.);
#1874=EDGE_CURVE('',#1534,#1535,#707,.T.);
#1875=EDGE_CURVE('',#1528,#1535,#49,.T.);
#1876=EDGE_CURVE('',#1536,#1537,#708,.T.);
#1877=EDGE_CURVE('',#1538,#1537,#50,.T.);
#1878=EDGE_CURVE('',#1538,#1539,#709,.T.);
#1879=EDGE_CURVE('',#1540,#1539,#51,.T.);
#1880=EDGE_CURVE('',#1540,#1541,#710,.T.);
#1881=EDGE_CURVE('',#1542,#1541,#52,.T.);
#1882=EDGE_CURVE('',#1542,#1543,#711,.T.);
#1883=EDGE_CURVE('',#1544,#1543,#53,.T.);
#1884=EDGE_CURVE('',#1544,#1545,#712,.T.);
#1885=EDGE_CURVE('',#1536,#1545,#54,.T.);
#1886=EDGE_CURVE('',#1504,#1546,#713,.T.);
#1887=EDGE_CURVE('',#1506,#1546,#714,.T.);
#1888=EDGE_CURVE('',#1547,#1548,#715,.T.);
#1889=EDGE_CURVE('',#1547,#1549,#716,.T.);
#1890=EDGE_CURVE('',#1550,#1549,#717,.T.);
#1891=EDGE_CURVE('',#1550,#1548,#718,.T.);
#1892=EDGE_CURVE('',#1551,#1549,#719,.T.);
#1893=EDGE_CURVE('',#1551,#1552,#720,.T.);
#1894=EDGE_CURVE('',#1552,#1553,#721,.T.);
#1895=EDGE_CURVE('',#1554,#1553,#722,.T.);
#1896=EDGE_CURVE('',#1555,#1554,#723,.T.);
#1897=EDGE_CURVE('',#1555,#1550,#724,.T.);
#1898=EDGE_CURVE('',#1547,#1556,#725,.T.);
#1899=EDGE_CURVE('',#1556,#1551,#726,.T.);
#1900=EDGE_CURVE('',#1548,#1557,#727,.T.);
#1901=EDGE_CURVE('',#1558,#1557,#728,.T.);
#1902=EDGE_CURVE('',#1559,#1558,#729,.T.);
#1903=EDGE_CURVE('',#1559,#1560,#730,.T.);
#1904=EDGE_CURVE('',#1560,#1556,#731,.T.);
#1905=EDGE_CURVE('',#1558,#1561,#732,.T.);
#1906=EDGE_CURVE('',#1562,#1561,#733,.T.);
#1907=EDGE_CURVE('',#1562,#1559,#734,.T.);
#1908=EDGE_CURVE('',#1557,#1563,#735,.F.);
#1909=EDGE_CURVE('',#1563,#1564,#736,.F.);
#1910=EDGE_CURVE('',#1565,#1564,#737,.F.);
#1911=EDGE_CURVE('',#1565,#1566,#1452,.T.);
#1912=EDGE_CURVE('',#1566,#1567,#738,.T.);
#1913=EDGE_CURVE('',#1568,#1567,#1453,.F.);
#1914=EDGE_CURVE('',#1569,#1568,#739,.T.);
#1915=EDGE_CURVE('',#1570,#1569,#1454,.F.);
#1916=EDGE_CURVE('',#1570,#1571,#740,.T.);
#1917=EDGE_CURVE('',#1571,#1572,#1455,.T.);
#1918=EDGE_CURVE('',#1573,#1572,#741,.F.);
#1919=EDGE_CURVE('',#1573,#1561,#742,.T.);
#1920=EDGE_CURVE('',#1574,#1555,#743,.F.);
#1921=EDGE_CURVE('',#1575,#1574,#744,.F.);
#1922=EDGE_CURVE('',#1576,#1575,#745,.F.);
#1923=EDGE_CURVE('',#1576,#1577,#746,.F.);
#1924=EDGE_CURVE('',#1577,#1578,#747,.F.);
#1925=EDGE_CURVE('',#1578,#1579,#748,.F.);
#1926=EDGE_CURVE('',#1580,#1579,#749,.F.);
#1927=EDGE_CURVE('',#1563,#1580,#750,.F.);
#1928=EDGE_CURVE('',#1581,#1582,#751,.T.);
#1929=EDGE_CURVE('',#1583,#1582,#55,.T.);
#1930=EDGE_CURVE('',#1583,#1584,#752,.T.);
#1931=EDGE_CURVE('',#1585,#1584,#56,.T.);
#1932=EDGE_CURVE('',#1585,#1586,#753,.T.);
#1933=EDGE_CURVE('',#1587,#1586,#57,.T.);
#1934=EDGE_CURVE('',#1587,#1588,#754,.T.);
#1935=EDGE_CURVE('',#1589,#1588,#58,.T.);
#1936=EDGE_CURVE('',#1589,#1590,#755,.T.);
#1937=EDGE_CURVE('',#1581,#1590,#59,.T.);
#1938=EDGE_CURVE('',#1591,#1592,#756,.T.);
#1939=EDGE_CURVE('',#1593,#1592,#60,.T.);
#1940=EDGE_CURVE('',#1593,#1594,#757,.T.);
#1941=EDGE_CURVE('',#1595,#1594,#61,.T.);
#1942=EDGE_CURVE('',#1595,#1596,#758,.T.);
#1943=EDGE_CURVE('',#1597,#1596,#62,.T.);
#1944=EDGE_CURVE('',#1597,#1598,#759,.T.);
#1945=EDGE_CURVE('',#1591,#1598,#63,.T.);
#1946=EDGE_CURVE('',#1599,#1600,#760,.T.);
#1947=EDGE_CURVE('',#1601,#1600,#64,.T.);
#1948=EDGE_CURVE('',#1601,#1602,#761,.T.);
#1949=EDGE_CURVE('',#1603,#1602,#65,.T.);
#1950=EDGE_CURVE('',#1603,#1604,#762,.T.);
#1951=EDGE_CURVE('',#1605,#1604,#66,.T.);
#1952=EDGE_CURVE('',#1605,#1606,#763,.T.);
#1953=EDGE_CURVE('',#1607,#1606,#67,.T.);
#1954=EDGE_CURVE('',#1607,#1608,#764,.T.);
#1955=EDGE_CURVE('',#1599,#1608,#68,.T.);
#1956=EDGE_CURVE('',#1553,#1609,#765,.T.);
#1957=EDGE_CURVE('',#1610,#1609,#766,.T.);
#1958=EDGE_CURVE('',#1610,#1554,#767,.T.);
#1959=EDGE_CURVE('',#1552,#1611,#768,.T.);
#1960=EDGE_CURVE('',#1609,#1611,#769,.T.);
#1961=EDGE_CURVE('',#1612,#1562,#770,.T.);
#1962=EDGE_CURVE('',#1612,#1560,#771,.T.);
#1963=EDGE_CURVE('',#1610,#1613,#772,.T.);
#1964=EDGE_CURVE('',#1614,#1613,#773,.F.);
#1965=EDGE_CURVE('',#1614,#1615,#1456,.T.);
#1966=EDGE_CURVE('',#1615,#1616,#774,.T.);
#1967=EDGE_CURVE('',#1617,#1616,#1457,.F.);
#1968=EDGE_CURVE('',#1617,#1618,#775,.T.);
#1969=EDGE_CURVE('',#1619,#1618,#1458,.F.);
#1970=EDGE_CURVE('',#1619,#1620,#776,.T.);
#1971=EDGE_CURVE('',#1620,#1621,#1459,.T.);
#1972=EDGE_CURVE('',#1622,#1621,#777,.F.);
#1973=EDGE_CURVE('',#1574,#1622,#778,.T.);
#1974=EDGE_CURVE('',#1573,#1623,#779,.T.);
#1975=EDGE_CURVE('',#1623,#1624,#780,.T.);
#1976=EDGE_CURVE('',#1624,#1625,#781,.T.);
#1977=EDGE_CURVE('',#1612,#1625,#782,.F.);
#1978=EDGE_CURVE('',#1626,#1572,#783,.T.);
#1979=EDGE_CURVE('',#1623,#1626,#784,.T.);
#1980=EDGE_CURVE('',#1627,#1611,#785,.F.);
#1981=EDGE_CURVE('',#1627,#1628,#786,.T.);
#1982=EDGE_CURVE('',#1629,#1628,#787,.F.);
#1983=EDGE_CURVE('',#1629,#1613,#788,.T.);
#1984=EDGE_CURVE('',#1565,#1630,#789,.T.);
#1985=EDGE_CURVE('',#1630,#1631,#69,.T.);
#1986=EDGE_CURVE('',#1631,#1566,#790,.T.);
#1987=EDGE_CURVE('',#1632,#1631,#791,.T.);
#1988=EDGE_CURVE('',#1632,#1633,#792,.T.);
#1989=EDGE_CURVE('',#1634,#1633,#793,.T.);
#1990=EDGE_CURVE('',#1567,#1634,#794,.T.);
#1991=EDGE_CURVE('',#1571,#1635,#795,.T.);
#1992=EDGE_CURVE('',#1635,#1626,#70,.T.);
#1993=EDGE_CURVE('',#1636,#1637,#1460,.T.);
#1994=EDGE_CURVE('',#1638,#1636,#796,.T.);
#1995=EDGE_CURVE('',#1638,#1639,#797,.T.);
#1996=EDGE_CURVE('',#1639,#1640,#71,.T.);
#1997=EDGE_CURVE('',#1640,#1637,#798,.T.);
#1998=EDGE_CURVE('',#1641,#1638,#799,.T.);
#1999=EDGE_CURVE('',#1642,#1641,#800,.T.);
#2000=EDGE_CURVE('',#1639,#1642,#801,.T.);
#2001=EDGE_CURVE('',#1643,#1644,#1461,.T.);
#2002=EDGE_CURVE('',#1643,#1645,#802,.T.);
#2003=EDGE_CURVE('',#1645,#1646,#72,.T.);
#2004=EDGE_CURVE('',#1646,#1647,#803,.T.);
#2005=EDGE_CURVE('',#1644,#1647,#804,.T.);
#2006=EDGE_CURVE('',#1643,#1648,#805,.T.);
#2007=EDGE_CURVE('',#1649,#1648,#806,.T.);
#2008=EDGE_CURVE('',#1645,#1649,#807,.T.);
#2009=EDGE_CURVE('',#1650,#1644,#1462,.F.);
#2010=EDGE_CURVE('',#1650,#1651,#808,.T.);
#2011=EDGE_CURVE('',#1651,#1578,#809,.F.);
#2012=EDGE_CURVE('',#1577,#1652,#810,.T.);
#2013=EDGE_CURVE('',#1652,#1653,#811,.T.);
#2014=EDGE_CURVE('',#1654,#1653,#1463,.F.);
#2015=EDGE_CURVE('',#1654,#1655,#1464,.T.);
#2016=EDGE_CURVE('',#1656,#1655,#812,.F.);
#2017=EDGE_CURVE('',#1656,#1657,#1465,.T.);
#2018=EDGE_CURVE('',#1658,#1657,#813,.T.);
#2019=EDGE_CURVE('',#1658,#1648,#1466,.T.);
#2020=EDGE_CURVE('',#1659,#1654,#814,.T.);
#2021=EDGE_CURVE('',#1659,#1660,#815,.T.);
#2022=EDGE_CURVE('',#1660,#1661,#73,.T.);
#2023=EDGE_CURVE('',#1661,#1655,#816,.T.);
#2024=EDGE_CURVE('',#1662,#1659,#817,.T.);
#2025=EDGE_CURVE('',#1663,#1662,#818,.T.);
#2026=EDGE_CURVE('',#1663,#1660,#819,.T.);
#2027=EDGE_CURVE('',#1664,#1665,#1467,.T.);
#2028=EDGE_CURVE('',#1664,#1666,#820,.T.);
#2029=EDGE_CURVE('',#1666,#1667,#74,.T.);
#2030=EDGE_CURVE('',#1667,#1668,#821,.T.);
#2031=EDGE_CURVE('',#1665,#1668,#822,.T.);
#2032=EDGE_CURVE('',#1664,#1669,#823,.F.);
#2033=EDGE_CURVE('',#1670,#1669,#824,.T.);
#2034=EDGE_CURVE('',#1671,#1670,#825,.T.);
#2035=EDGE_CURVE('',#1666,#1671,#826,.T.);
#2036=EDGE_CURVE('',#1672,#1665,#1468,.F.);
#2037=EDGE_CURVE('',#1672,#1652,#827,.T.);
#2038=EDGE_CURVE('',#1669,#1576,#828,.T.);
#2039=EDGE_CURVE('',#1620,#1673,#829,.T.);
#2040=EDGE_CURVE('',#1673,#1674,#75,.T.);
#2041=EDGE_CURVE('',#1674,#1621,#830,.T.);
#2042=EDGE_CURVE('',#1675,#1619,#831,.T.);
#2043=EDGE_CURVE('',#1676,#1675,#832,.T.);
#2044=EDGE_CURVE('',#1677,#1676,#833,.T.);
#2045=EDGE_CURVE('',#1677,#1673,#834,.T.);
#2046=EDGE_CURVE('',#1614,#1678,#835,.T.);
#2047=EDGE_CURVE('',#1678,#1679,#76,.T.);
#2048=EDGE_CURVE('',#1679,#1615,#836,.T.);
#2049=EDGE_CURVE('',#1680,#1679,#837,.T.);
#2050=EDGE_CURVE('',#1680,#1681,#838,.T.);
#2051=EDGE_CURVE('',#1682,#1681,#839,.T.);
#2052=EDGE_CURVE('',#1616,#1682,#840,.T.);
#2053=EDGE_CURVE('',#1683,#1683,#77,.T.);
#2054=EDGE_CURVE('',#1683,#1684,#841,.T.);
#2055=EDGE_CURVE('',#1684,#1684,#78,.T.);
#2056=EDGE_CURVE('',#1684,#1685,#842,.T.);
#2057=EDGE_CURVE('',#1685,#1685,#79,.T.);
#2058=EDGE_CURVE('',#1686,#1686,#80,.T.);
#2059=EDGE_CURVE('',#1686,#1687,#843,.T.);
#2060=EDGE_CURVE('',#1687,#1687,#81,.T.);
#2061=EDGE_CURVE('',#1687,#1688,#844,.T.);
#2062=EDGE_CURVE('',#1688,#1688,#82,.T.);
#2063=EDGE_CURVE('',#1546,#1689,#1469,.T.);
#2064=EDGE_CURVE('',#1689,#1507,#845,.T.);
#2065=EDGE_CURVE('',#1499,#1517,#846,.T.);
#2066=EDGE_CURVE('',#1516,#1500,#847,.T.);
#2067=EDGE_CURVE('',#1515,#1690,#848,.T.);
#2068=EDGE_CURVE('',#1691,#1690,#849,.T.);
#2069=EDGE_CURVE('',#1501,#1691,#1470,.T.);
#2070=EDGE_CURVE('',#1692,#1693,#850,.T.);
#2071=EDGE_CURVE('',#1693,#1694,#851,.T.);
#2072=EDGE_CURVE('',#1694,#1695,#852,.T.);
#2073=EDGE_CURVE('',#1695,#1692,#853,.T.);
#2074=EDGE_CURVE('',#1695,#1696,#854,.T.);
#2075=EDGE_CURVE('',#1514,#1696,#855,.T.);
#2076=EDGE_CURVE('',#1692,#1513,#856,.T.);
#2077=EDGE_CURVE('',#1697,#1694,#857,.T.);
#2078=EDGE_CURVE('',#1698,#1697,#858,.T.);
#2079=EDGE_CURVE('',#1696,#1698,#859,.T.);
#2080=EDGE_CURVE('',#1699,#1700,#860,.T.);
#2081=EDGE_CURVE('',#1700,#1701,#861,.T.);
#2082=EDGE_CURVE('',#1701,#1702,#862,.T.);
#2083=EDGE_CURVE('',#1702,#1699,#863,.T.);
#2084=EDGE_CURVE('',#1510,#1702,#864,.T.);
#2085=EDGE_CURVE('',#1509,#1703,#865,.T.);
#2086=EDGE_CURVE('',#1703,#1699,#866,.T.);
#2087=EDGE_CURVE('',#1701,#1704,#867,.T.);
#2088=EDGE_CURVE('',#1704,#1705,#868,.T.);
#2089=EDGE_CURVE('',#1705,#1511,#869,.T.);
#2090=EDGE_CURVE('',#1705,#1706,#870,.T.);
#2091=EDGE_CURVE('',#1512,#1706,#871,.T.);
#2092=EDGE_CURVE('',#1707,#1704,#872,.T.);
#2093=EDGE_CURVE('',#1707,#1708,#873,.T.);
#2094=EDGE_CURVE('',#1709,#1708,#874,.T.);
#2095=EDGE_CURVE('',#1706,#1709,#875,.T.);
#2096=EDGE_CURVE('',#1709,#1693,#876,.T.);
#2097=EDGE_CURVE('',#1545,#1601,#877,.T.);
#2098=EDGE_CURVE('',#1600,#1536,#878,.T.);
#2099=EDGE_CURVE('',#1602,#1544,#879,.T.);
#2100=EDGE_CURVE('',#1527,#1583,#880,.T.);
#2101=EDGE_CURVE('',#1582,#1518,#881,.T.);
#2102=EDGE_CURVE('',#1584,#1526,#882,.T.);
#2103=EDGE_CURVE('',#1521,#1589,#883,.T.);
#2104=EDGE_CURVE('',#1588,#1522,#884,.T.);
#2105=EDGE_CURVE('',#1590,#1520,#885,.T.);
#2106=EDGE_CURVE('',#1541,#1605,#886,.T.);
#2107=EDGE_CURVE('',#1604,#1542,#887,.T.);
#2108=EDGE_CURVE('',#1606,#1540,#888,.T.);
#2109=EDGE_CURVE('',#1543,#1603,#889,.T.);
#2110=EDGE_CURVE('',#1519,#1581,#890,.T.);
#2111=EDGE_CURVE('',#1710,#1711,#891,.T.);
#2112=EDGE_CURVE('',#1712,#1710,#892,.T.);
#2113=EDGE_CURVE('',#1712,#1713,#893,.T.);
#2114=EDGE_CURVE('',#1713,#1711,#894,.T.);
#2115=EDGE_CURVE('',#1714,#1710,#1471,.T.);
#2116=EDGE_CURVE('',#1712,#1714,#895,.T.);
#2117=EDGE_CURVE('',#1715,#1716,#1472,.T.);
#2118=EDGE_CURVE('',#1717,#1715,#896,.T.);
#2119=EDGE_CURVE('',#1716,#1717,#897,.T.);
#2120=EDGE_CURVE('',#1718,#1715,#898,.T.);
#2121=EDGE_CURVE('',#1719,#1718,#899,.T.);
#2122=EDGE_CURVE('',#1719,#1717,#900,.T.);
#2123=EDGE_CURVE('',#1716,#1671,#83,.T.);
#2124=EDGE_CURVE('',#1718,#1670,#1473,.T.);
#2125=EDGE_CURVE('',#1636,#1720,#1474,.F.);
#2126=EDGE_CURVE('',#1720,#1721,#901,.T.);
#2127=EDGE_CURVE('',#1721,#1638,#1475,.T.);
#2128=EDGE_CURVE('',#1722,#1650,#902,.T.);
#2129=EDGE_CURVE('',#1647,#1722,#1476,.T.);
#2130=EDGE_CURVE('',#1723,#1724,#84,.F.);
#2131=EDGE_CURVE('',#1641,#1723,#85,.F.);
#2132=EDGE_CURVE('',#1724,#1641,#86,.F.);
#2133=EDGE_CURVE('',#1725,#1642,#87,.T.);
#2134=EDGE_CURVE('',#1723,#1725,#903,.T.);
#2135=EDGE_CURVE('',#1721,#1724,#904,.T.);
#2136=EDGE_CURVE('',#1726,#1727,#88,.F.);
#2137=EDGE_CURVE('',#1728,#1726,#89,.F.);
#2138=EDGE_CURVE('',#1727,#1728,#90,.F.);
#2139=EDGE_CURVE('',#1729,#1730,#91,.T.);
#2140=EDGE_CURVE('',#1730,#1728,#905,.T.);
#2141=EDGE_CURVE('',#1726,#1729,#906,.T.);
#2142=EDGE_CURVE('',#1724,#1727,#907,.T.);
#2143=EDGE_CURVE('',#1728,#1723,#908,.T.);
#2144=EDGE_CURVE('',#1647,#1726,#909,.T.);
#2145=EDGE_CURVE('',#1727,#1722,#910,.T.);
#2146=EDGE_CURVE('',#1725,#1730,#911,.T.);
#2147=EDGE_CURVE('',#1729,#1646,#912,.T.);
#2148=EDGE_CURVE('',#1731,#1649,#92,.T.);
#2149=EDGE_CURVE('',#1731,#1732,#913,.T.);
#2150=EDGE_CURVE('',#1733,#1732,#93,.T.);
#2151=EDGE_CURVE('',#1733,#1661,#914,.T.);
#2152=EDGE_CURVE('',#1734,#1663,#94,.T.);
#2153=EDGE_CURVE('',#1735,#1734,#915,.T.);
#2154=EDGE_CURVE('',#1736,#1735,#95,.T.);
#2155=EDGE_CURVE('',#1667,#1736,#916,.T.);
#2156=EDGE_CURVE('',#1716,#1717,#917,.T.);
#2157=EDGE_CURVE('',#1737,#1716,#918,.T.);
#2158=EDGE_CURVE('',#1738,#1737,#96,.T.);
#2159=EDGE_CURVE('',#1739,#1738,#919,.T.);
#2160=EDGE_CURVE('',#1740,#1739,#97,.T.);
#2161=EDGE_CURVE('',#1740,#1741,#920,.T.);
#2162=EDGE_CURVE('',#1741,#1742,#921,.T.);
#2163=EDGE_CURVE('',#1742,#1674,#922,.T.);
#2164=EDGE_CURVE('',#1743,#1677,#98,.T.);
#2165=EDGE_CURVE('',#1744,#1743,#923,.T.);
#2166=EDGE_CURVE('',#1680,#1744,#99,.T.);
#2167=EDGE_CURVE('',#1678,#1629,#924,.T.);
#2168=EDGE_CURVE('',#1628,#1745,#925,.T.);
#2169=EDGE_CURVE('',#1746,#1745,#926,.T.);
#2170=EDGE_CURVE('',#1746,#1747,#927,.T.);
#2171=EDGE_CURVE('',#1747,#1748,#928,.T.);
#2172=EDGE_CURVE('',#1749,#1748,#929,.T.);
#2173=EDGE_CURVE('',#1750,#1749,#100,.T.);
#2174=EDGE_CURVE('',#1751,#1750,#930,.T.);
#2175=EDGE_CURVE('',#1752,#1751,#101,.T.);
#2176=EDGE_CURVE('',#1753,#1752,#931,.T.);
#2177=EDGE_CURVE('',#1503,#1753,#102,.T.);
#2178=EDGE_CURVE('',#1754,#1502,#103,.T.);
#2179=EDGE_CURVE('',#1755,#1754,#932,.T.);
#2180=EDGE_CURVE('',#1755,#1698,#933,.T.);
#2181=EDGE_CURVE('',#1756,#1697,#934,.T.);
#2182=EDGE_CURVE('',#1756,#1624,#935,.F.);
#2183=EDGE_CURVE('',#1757,#1635,#936,.T.);
#2184=EDGE_CURVE('',#1758,#1757,#104,.T.);
#2185=EDGE_CURVE('',#1759,#1758,#937,.T.);
#2186=EDGE_CURVE('',#1632,#1759,#105,.T.);
#2187=EDGE_CURVE('',#1630,#1760,#938,.T.);
#2188=EDGE_CURVE('',#1760,#1761,#939,.T.);
#2189=EDGE_CURVE('',#1761,#1762,#940,.T.);
#2190=EDGE_CURVE('',#1763,#1762,#106,.T.);
#2191=EDGE_CURVE('',#1763,#1764,#941,.T.);
#2192=EDGE_CURVE('',#1765,#1764,#107,.T.);
#2193=EDGE_CURVE('',#1765,#1714,#942,.T.);
#2194=EDGE_CURVE('',#1712,#1714,#943,.T.);
#2195=EDGE_CURVE('',#1766,#1714,#108,.T.);
#2196=EDGE_CURVE('',#1766,#1640,#944,.T.);
#2197=EDGE_CURVE('',#1767,#1767,#109,.T.);
#2198=EDGE_CURVE('',#1768,#1768,#110,.T.);
#2199=EDGE_CURVE('',#1769,#1769,#111,.T.);
#2200=EDGE_CURVE('',#1770,#1770,#112,.T.);
#2201=EDGE_CURVE('',#1771,#1771,#113,.T.);
#2202=EDGE_CURVE('',#1772,#1772,#114,.T.);
#2203=EDGE_CURVE('',#1653,#1773,#945,.T.);
#2204=EDGE_CURVE('',#1773,#1659,#1477,.T.);
#2205=EDGE_CURVE('',#1774,#1775,#115,.F.);
#2206=EDGE_CURVE('',#1662,#1774,#116,.F.);
#2207=EDGE_CURVE('',#1775,#1662,#117,.F.);
#2208=EDGE_CURVE('',#1774,#1734,#946,.T.);
#2209=EDGE_CURVE('',#1773,#1775,#947,.T.);
#2210=EDGE_CURVE('',#1776,#1672,#948,.T.);
#2211=EDGE_CURVE('',#1668,#1776,#1478,.T.);
#2212=EDGE_CURVE('',#1777,#1778,#118,.F.);
#2213=EDGE_CURVE('',#1779,#1777,#119,.F.);
#2214=EDGE_CURVE('',#1778,#1779,#120,.F.);
#2215=EDGE_CURVE('',#1735,#1779,#949,.T.);
#2216=EDGE_CURVE('',#1777,#1736,#950,.T.);
#2217=EDGE_CURVE('',#1775,#1778,#951,.T.);
#2218=EDGE_CURVE('',#1779,#1774,#952,.T.);
#2219=EDGE_CURVE('',#1668,#1777,#953,.T.);
#2220=EDGE_CURVE('',#1778,#1776,#954,.T.);
#2221=EDGE_CURVE('',#1721,#1722,#955,.T.);
#2222=EDGE_CURVE('',#1651,#1720,#956,.T.);
#2223=EDGE_CURVE('',#1773,#1776,#957,.T.);
#2224=EDGE_CURVE('',#1780,#1781,#958,.T.);
#2225=EDGE_CURVE('',#1781,#1782,#121,.T.);
#2226=EDGE_CURVE('',#1782,#1783,#959,.T.);
#2227=EDGE_CURVE('',#1783,#1780,#1479,.T.);
#2228=EDGE_CURVE('',#1783,#1570,#960,.T.);
#2229=EDGE_CURVE('',#1569,#1780,#961,.T.);
#2230=EDGE_CURVE('',#1784,#1781,#122,.T.);
#2231=EDGE_CURVE('',#1781,#1785,#962,.T.);
#2232=EDGE_CURVE('',#1785,#1786,#123,.T.);
#2233=EDGE_CURVE('',#1786,#1784,#963,.T.);
#2234=EDGE_CURVE('',#1784,#1782,#124,.T.);
#2235=EDGE_CURVE('',#1633,#1785,#125,.T.);
#2236=EDGE_CURVE('',#1785,#1787,#964,.T.);
#2237=EDGE_CURVE('',#1787,#1634,#1480,.T.);
#2238=EDGE_CURVE('',#1787,#1568,#965,.T.);
#2239=EDGE_CURVE('',#1633,#1786,#126,.T.);
#2240=EDGE_CURVE('',#1757,#1782,#966,.T.);
#2241=EDGE_CURVE('',#1758,#1784,#967,.T.);
#2242=EDGE_CURVE('',#1759,#1786,#968,.T.);
#2243=EDGE_CURVE('',#1618,#1788,#969,.T.);
#2244=EDGE_CURVE('',#1788,#1675,#1481,.T.);
#2245=EDGE_CURVE('',#1788,#1789,#970,.T.);
#2246=EDGE_CURVE('',#1789,#1676,#127,.T.);
#2247=EDGE_CURVE('',#1790,#1789,#128,.T.);
#2248=EDGE_CURVE('',#1789,#1791,#971,.T.);
#2249=EDGE_CURVE('',#1791,#1792,#129,.T.);
#2250=EDGE_CURVE('',#1792,#1790,#972,.T.);
#2251=EDGE_CURVE('',#1790,#1676,#130,.T.);
#2252=EDGE_CURVE('',#1793,#1617,#973,.T.);
#2253=EDGE_CURVE('',#1682,#1793,#1482,.T.);
#2254=EDGE_CURVE('',#1681,#1791,#131,.T.);
#2255=EDGE_CURVE('',#1791,#1793,#974,.T.);
#2256=EDGE_CURVE('',#1681,#1792,#132,.T.);
#2257=EDGE_CURVE('',#1743,#1790,#975,.T.);
#2258=EDGE_CURVE('',#1744,#1792,#976,.T.);
#2259=EDGE_CURVE('',#1794,#1794,#133,.T.);
#2260=EDGE_CURVE('',#1794,#1795,#977,.T.);
#2261=EDGE_CURVE('',#1795,#1795,#134,.T.);
#2262=EDGE_CURVE('',#1795,#1772,#978,.T.);
#2263=EDGE_CURVE('',#1796,#1796,#135,.T.);
#2264=EDGE_CURVE('',#1796,#1797,#979,.T.);
#2265=EDGE_CURVE('',#1797,#1797,#136,.T.);
#2266=EDGE_CURVE('',#1797,#1771,#980,.T.);
#2267=EDGE_CURVE('',#1770,#1798,#981,.T.);
#2268=EDGE_CURVE('',#1798,#1798,#137,.T.);
#2269=EDGE_CURVE('',#1769,#1799,#982,.T.);
#2270=EDGE_CURVE('',#1799,#1799,#138,.T.);
#2271=EDGE_CURVE('',#1780,#1787,#983,.T.);
#2272=EDGE_CURVE('',#1793,#1788,#984,.T.);
#2273=EDGE_CURVE('',#1800,#1742,#985,.T.);
#2274=EDGE_CURVE('',#1622,#1800,#986,.T.);
#2275=EDGE_CURVE('',#1537,#1599,#987,.T.);
#2276=EDGE_CURVE('',#1608,#1538,#988,.T.);
#2277=EDGE_CURVE('',#1525,#1585,#989,.T.);
#2278=EDGE_CURVE('',#1586,#1524,#990,.T.);
#2279=EDGE_CURVE('',#1531,#1597,#991,.T.);
#2280=EDGE_CURVE('',#1596,#1532,#992,.T.);
#2281=EDGE_CURVE('',#1598,#1530,#993,.T.);
#2282=EDGE_CURVE('',#1529,#1591,#994,.T.);
#2283=EDGE_CURVE('',#1592,#1528,#995,.T.);
#2284=EDGE_CURVE('',#1535,#1593,#996,.T.);
#2285=EDGE_CURVE('',#1594,#1534,#997,.T.);
#2286=EDGE_CURVE('',#1533,#1595,#998,.T.);
#2287=EDGE_CURVE('',#1539,#1607,#999,.T.);
#2288=EDGE_CURVE('',#1523,#1587,#1000,.T.);
#2289=EDGE_CURVE('',#1801,#1802,#1483,.T.);
#2290=EDGE_CURVE('',#1801,#1740,#1001,.T.);
#2291=EDGE_CURVE('',#1739,#1802,#1002,.T.);
#2292=EDGE_CURVE('',#1575,#1803,#1003,.T.);
#2293=EDGE_CURVE('',#1804,#1803,#1004,.T.);
#2294=EDGE_CURVE('',#1804,#1801,#1005,.F.);
#2295=EDGE_CURVE('',#1802,#1805,#1006,.T.);
#2296=EDGE_CURVE('',#1806,#1805,#1484,.F.);
#2297=EDGE_CURVE('',#1806,#1719,#1007,.T.);
#2298=EDGE_CURVE('',#1805,#1738,#1008,.T.);
#2299=EDGE_CURVE('',#1737,#1806,#1009,.T.);
#2300=EDGE_CURVE('',#1807,#1711,#1485,.T.);
#2301=EDGE_CURVE('',#1807,#1766,#1010,.T.);
#2302=EDGE_CURVE('',#1808,#1809,#1486,.F.);
#2303=EDGE_CURVE('',#1808,#1810,#1011,.T.);
#2304=EDGE_CURVE('',#1810,#1811,#1487,.T.);
#2305=EDGE_CURVE('',#1811,#1812,#1012,.T.);
#2306=EDGE_CURVE('',#1813,#1812,#1013,.T.);
#2307=EDGE_CURVE('',#1580,#1813,#1014,.F.);
#2308=EDGE_CURVE('',#1579,#1814,#1015,.T.);
#2309=EDGE_CURVE('',#1814,#1807,#1016,.T.);
#2310=EDGE_CURVE('',#1713,#1809,#1017,.T.);
#2311=EDGE_CURVE('',#1809,#1765,#1018,.T.);
#2312=EDGE_CURVE('',#1764,#1808,#1019,.T.);
#2313=EDGE_CURVE('',#1810,#1763,#1020,.T.);
#2314=EDGE_CURVE('',#1762,#1811,#1021,.T.);
#2315=EDGE_CURVE('',#1812,#1761,#1022,.T.);
#2316=EDGE_CURVE('',#1815,#1689,#1023,.T.);
#2317=EDGE_CURVE('',#1816,#1815,#1488,.T.);
#2318=EDGE_CURVE('',#1817,#1816,#1024,.T.);
#2319=EDGE_CURVE('',#1508,#1817,#1025,.T.);
#2320=EDGE_CURVE('',#1495,#1752,#1026,.T.);
#2321=EDGE_CURVE('',#1751,#1496,#1027,.T.);
#2322=EDGE_CURVE('',#1815,#1750,#1028,.T.);
#2323=EDGE_CURVE('',#1753,#1494,#1029,.T.);
#2324=EDGE_CURVE('',#1691,#1754,#1030,.T.);
#2325=EDGE_CURVE('',#1749,#1816,#1031,.T.);
#2326=EDGE_CURVE('',#1767,#1818,#1032,.T.);
#2327=EDGE_CURVE('',#1818,#1818,#139,.T.);
#2328=EDGE_CURVE('',#1768,#1819,#1033,.T.);
#2329=EDGE_CURVE('',#1819,#1819,#140,.T.);
#2330=EDGE_CURVE('',#1656,#1733,#1034,.T.);
#2331=EDGE_CURVE('',#1732,#1657,#1035,.T.);
#2332=EDGE_CURVE('',#1658,#1731,#1036,.T.);
#2333=EDGE_CURVE('',#1814,#1637,#1037,.T.);
#2334=EDGE_CURVE('',#1700,#1746,#1038,.T.);
#2335=EDGE_CURVE('',#1745,#1820,#1039,.T.);
#2336=EDGE_CURVE('',#1820,#1821,#1040,.T.);
#2337=EDGE_CURVE('',#1821,#1707,#1041,.T.);
#2338=EDGE_CURVE('',#1822,#1625,#1042,.T.);
#2339=EDGE_CURVE('',#1823,#1822,#1043,.T.);
#2340=EDGE_CURVE('',#1823,#1560,#1044,.T.);
#2341=EDGE_CURVE('',#1708,#1823,#1045,.T.);
#2342=EDGE_CURVE('',#1821,#1552,#1046,.T.);
#2343=EDGE_CURVE('',#1820,#1627,#1047,.F.);
#2344=EDGE_CURVE('',#1822,#1756,#1048,.T.);
#2345=EDGE_CURVE('',#1741,#1804,#1049,.T.);
#2346=EDGE_CURVE('',#1803,#1800,#1050,.F.);
#2347=EDGE_CURVE('',#1824,#1760,#1051,.F.);
#2348=EDGE_CURVE('',#1824,#1813,#1052,.F.);
#2349=EDGE_CURVE('',#1824,#1564,#1053,.T.);
#2350=EDGE_CURVE('',#1703,#1747,#1054,.T.);
#2351=EDGE_CURVE('',#1817,#1703,#1055,.T.);
#2352=EDGE_CURVE('',#1748,#1817,#1056,.T.);
#2353=EDGE_CURVE('',#1690,#1755,#1057,.T.);
#2354=EDGE_CURVE('',#1696,#1690,#1058,.T.);
#2355=ORIENTED_EDGE('',*,*,#1825,.T.);
#2356=ORIENTED_EDGE('',*,*,#1826,.T.);
#2357=ORIENTED_EDGE('',*,*,#1827,.T.);
#2358=ORIENTED_EDGE('',*,*,#1828,.T.);
#2359=ORIENTED_EDGE('',*,*,#1828,.F.);
#2360=ORIENTED_EDGE('',*,*,#1829,.T.);
#2361=ORIENTED_EDGE('',*,*,#1830,.F.);
#2362=ORIENTED_EDGE('',*,*,#1831,.T.);
#2363=ORIENTED_EDGE('',*,*,#1832,.F.);
#2364=ORIENTED_EDGE('',*,*,#1833,.T.);
#2365=ORIENTED_EDGE('',*,*,#1834,.F.);
#2366=ORIENTED_EDGE('',*,*,#1835,.T.);
#2367=ORIENTED_EDGE('',*,*,#1827,.F.);
#2368=ORIENTED_EDGE('',*,*,#1836,.F.);
#2369=ORIENTED_EDGE('',*,*,#1837,.F.);
#2370=ORIENTED_EDGE('',*,*,#1838,.T.);
#2371=ORIENTED_EDGE('',*,*,#1839,.F.);
#2372=ORIENTED_EDGE('',*,*,#1840,.T.);
#2373=ORIENTED_EDGE('',*,*,#1841,.F.);
#2374=ORIENTED_EDGE('',*,*,#1829,.F.);
#2375=ORIENTED_EDGE('',*,*,#1842,.T.);
#2376=ORIENTED_EDGE('',*,*,#1843,.T.);
#2377=ORIENTED_EDGE('',*,*,#1844,.T.);
#2378=ORIENTED_EDGE('',*,*,#1834,.T.);
#2379=ORIENTED_EDGE('',*,*,#1825,.F.);
#2380=ORIENTED_EDGE('',*,*,#1835,.F.);
#2381=ORIENTED_EDGE('',*,*,#1844,.F.);
#2382=ORIENTED_EDGE('',*,*,#1845,.F.);
#2383=ORIENTED_EDGE('',*,*,#1846,.F.);
#2384=ORIENTED_EDGE('',*,*,#1847,.T.);
#2385=ORIENTED_EDGE('',*,*,#1848,.T.);
#2386=ORIENTED_EDGE('',*,*,#1849,.T.);
#2387=ORIENTED_EDGE('',*,*,#1850,.F.);
#2388=ORIENTED_EDGE('',*,*,#1851,.F.);
#2389=ORIENTED_EDGE('',*,*,#1852,.F.);
#2390=ORIENTED_EDGE('',*,*,#1853,.T.);
#2391=ORIENTED_EDGE('',*,*,#1854,.T.);
#2392=ORIENTED_EDGE('',*,*,#1855,.T.);
#2393=ORIENTED_EDGE('',*,*,#1856,.F.);
#2394=ORIENTED_EDGE('',*,*,#1857,.F.);
#2395=ORIENTED_EDGE('',*,*,#1858,.T.);
#2396=ORIENTED_EDGE('',*,*,#1859,.F.);
#2397=ORIENTED_EDGE('',*,*,#1860,.T.);
#2398=ORIENTED_EDGE('',*,*,#1861,.F.);
#2399=ORIENTED_EDGE('',*,*,#1862,.T.);
#2400=ORIENTED_EDGE('',*,*,#1863,.F.);
#2401=ORIENTED_EDGE('',*,*,#1864,.T.);
#2402=ORIENTED_EDGE('',*,*,#1865,.F.);
#2403=ORIENTED_EDGE('',*,*,#1866,.T.);
#2404=ORIENTED_EDGE('',*,*,#1867,.F.);
#2405=ORIENTED_EDGE('',*,*,#1868,.T.);
#2406=ORIENTED_EDGE('',*,*,#1869,.F.);
#2407=ORIENTED_EDGE('',*,*,#1870,.T.);
#2408=ORIENTED_EDGE('',*,*,#1871,.F.);
#2409=ORIENTED_EDGE('',*,*,#1872,.T.);
#2410=ORIENTED_EDGE('',*,*,#1873,.F.);
#2411=ORIENTED_EDGE('',*,*,#1874,.T.);
#2412=ORIENTED_EDGE('',*,*,#1875,.F.);
#2413=ORIENTED_EDGE('',*,*,#1876,.T.);
#2414=ORIENTED_EDGE('',*,*,#1877,.F.);
#2415=ORIENTED_EDGE('',*,*,#1878,.T.);
#2416=ORIENTED_EDGE('',*,*,#1879,.F.);
#2417=ORIENTED_EDGE('',*,*,#1880,.T.);
#2418=ORIENTED_EDGE('',*,*,#1881,.F.);
#2419=ORIENTED_EDGE('',*,*,#1882,.T.);
#2420=ORIENTED_EDGE('',*,*,#1883,.F.);
#2421=ORIENTED_EDGE('',*,*,#1884,.T.);
#2422=ORIENTED_EDGE('',*,*,#1885,.F.);
#2423=ORIENTED_EDGE('',*,*,#1843,.F.);
#2424=ORIENTED_EDGE('',*,*,#1886,.T.);
#2425=ORIENTED_EDGE('',*,*,#1887,.F.);
#2426=ORIENTED_EDGE('',*,*,#1845,.T.);
#2427=ORIENTED_EDGE('',*,*,#1888,.F.);
#2428=ORIENTED_EDGE('',*,*,#1889,.T.);
#2429=ORIENTED_EDGE('',*,*,#1890,.F.);
#2430=ORIENTED_EDGE('',*,*,#1891,.T.);
#2431=ORIENTED_EDGE('',*,*,#1890,.T.);
#2432=ORIENTED_EDGE('',*,*,#1892,.F.);
#2433=ORIENTED_EDGE('',*,*,#1893,.T.);
#2434=ORIENTED_EDGE('',*,*,#1894,.T.);
#2435=ORIENTED_EDGE('',*,*,#1895,.F.);
#2436=ORIENTED_EDGE('',*,*,#1896,.F.);
#2437=ORIENTED_EDGE('',*,*,#1897,.T.);
#2438=ORIENTED_EDGE('',*,*,#1889,.F.);
#2439=ORIENTED_EDGE('',*,*,#1898,.T.);
#2440=ORIENTED_EDGE('',*,*,#1899,.T.);
#2441=ORIENTED_EDGE('',*,*,#1892,.T.);
#2442=ORIENTED_EDGE('',*,*,#1888,.T.);
#2443=ORIENTED_EDGE('',*,*,#1900,.T.);
#2444=ORIENTED_EDGE('',*,*,#1901,.F.);
#2445=ORIENTED_EDGE('',*,*,#1902,.F.);
#2446=ORIENTED_EDGE('',*,*,#1903,.T.);
#2447=ORIENTED_EDGE('',*,*,#1904,.T.);
#2448=ORIENTED_EDGE('',*,*,#1898,.F.);
#2449=ORIENTED_EDGE('',*,*,#1902,.T.);
#2450=ORIENTED_EDGE('',*,*,#1905,.T.);
#2451=ORIENTED_EDGE('',*,*,#1906,.F.);
#2452=ORIENTED_EDGE('',*,*,#1907,.T.);
#2453=ORIENTED_EDGE('',*,*,#1901,.T.);
#2454=ORIENTED_EDGE('',*,*,#1908,.T.);
#2455=ORIENTED_EDGE('',*,*,#1909,.T.);
#2456=ORIENTED_EDGE('',*,*,#1910,.F.);
#2457=ORIENTED_EDGE('',*,*,#1911,.T.);
#2458=ORIENTED_EDGE('',*,*,#1912,.T.);
#2459=ORIENTED_EDGE('',*,*,#1913,.F.);
#2460=ORIENTED_EDGE('',*,*,#1914,.F.);
#2461=ORIENTED_EDGE('',*,*,#1915,.F.);
#2462=ORIENTED_EDGE('',*,*,#1916,.T.);
#2463=ORIENTED_EDGE('',*,*,#1917,.T.);
#2464=ORIENTED_EDGE('',*,*,#1918,.F.);
#2465=ORIENTED_EDGE('',*,*,#1919,.T.);
#2466=ORIENTED_EDGE('',*,*,#1905,.F.);
#2467=ORIENTED_EDGE('',*,*,#1891,.F.);
#2468=ORIENTED_EDGE('',*,*,#1897,.F.);
#2469=ORIENTED_EDGE('',*,*,#1920,.F.);
#2470=ORIENTED_EDGE('',*,*,#1921,.F.);
#2471=ORIENTED_EDGE('',*,*,#1922,.F.);
#2472=ORIENTED_EDGE('',*,*,#1923,.T.);
#2473=ORIENTED_EDGE('',*,*,#1924,.T.);
#2474=ORIENTED_EDGE('',*,*,#1925,.T.);
#2475=ORIENTED_EDGE('',*,*,#1926,.F.);
#2476=ORIENTED_EDGE('',*,*,#1927,.F.);
#2477=ORIENTED_EDGE('',*,*,#1908,.F.);
#2478=ORIENTED_EDGE('',*,*,#1900,.F.);
#2479=ORIENTED_EDGE('',*,*,#1928,.T.);
#2480=ORIENTED_EDGE('',*,*,#1929,.F.);
#2481=ORIENTED_EDGE('',*,*,#1930,.T.);
#2482=ORIENTED_EDGE('',*,*,#1931,.F.);
#2483=ORIENTED_EDGE('',*,*,#1932,.T.);
#2484=ORIENTED_EDGE('',*,*,#1933,.F.);
#2485=ORIENTED_EDGE('',*,*,#1934,.T.);
#2486=ORIENTED_EDGE('',*,*,#1935,.F.);
#2487=ORIENTED_EDGE('',*,*,#1936,.T.);
#2488=ORIENTED_EDGE('',*,*,#1937,.F.);
#2489=ORIENTED_EDGE('',*,*,#1938,.T.);
#2490=ORIENTED_EDGE('',*,*,#1939,.F.);
#2491=ORIENTED_EDGE('',*,*,#1940,.T.);
#2492=ORIENTED_EDGE('',*,*,#1941,.F.);
#2493=ORIENTED_EDGE('',*,*,#1942,.T.);
#2494=ORIENTED_EDGE('',*,*,#1943,.F.);
#2495=ORIENTED_EDGE('',*,*,#1944,.T.);
#2496=ORIENTED_EDGE('',*,*,#1945,.F.);
#2497=ORIENTED_EDGE('',*,*,#1946,.T.);
#2498=ORIENTED_EDGE('',*,*,#1947,.F.);
#2499=ORIENTED_EDGE('',*,*,#1948,.T.);
#2500=ORIENTED_EDGE('',*,*,#1949,.F.);
#2501=ORIENTED_EDGE('',*,*,#1950,.T.);
#2502=ORIENTED_EDGE('',*,*,#1951,.F.);
#2503=ORIENTED_EDGE('',*,*,#1952,.T.);
#2504=ORIENTED_EDGE('',*,*,#1953,.F.);
#2505=ORIENTED_EDGE('',*,*,#1954,.T.);
#2506=ORIENTED_EDGE('',*,*,#1955,.F.);
#2507=ORIENTED_EDGE('',*,*,#1895,.T.);
#2508=ORIENTED_EDGE('',*,*,#1956,.T.);
#2509=ORIENTED_EDGE('',*,*,#1957,.F.);
#2510=ORIENTED_EDGE('',*,*,#1958,.T.);
#2511=ORIENTED_EDGE('',*,*,#1894,.F.);
#2512=ORIENTED_EDGE('',*,*,#1959,.T.);
#2513=ORIENTED_EDGE('',*,*,#1960,.F.);
#2514=ORIENTED_EDGE('',*,*,#1956,.F.);
#2515=ORIENTED_EDGE('',*,*,#1903,.F.);
#2516=ORIENTED_EDGE('',*,*,#1907,.F.);
#2517=ORIENTED_EDGE('',*,*,#1961,.F.);
#2518=ORIENTED_EDGE('',*,*,#1962,.T.);
#2519=ORIENTED_EDGE('',*,*,#1896,.T.);
#2520=ORIENTED_EDGE('',*,*,#1958,.F.);
#2521=ORIENTED_EDGE('',*,*,#1963,.T.);
#2522=ORIENTED_EDGE('',*,*,#1964,.F.);
#2523=ORIENTED_EDGE('',*,*,#1965,.T.);
#2524=ORIENTED_EDGE('',*,*,#1966,.T.);
#2525=ORIENTED_EDGE('',*,*,#1967,.F.);
#2526=ORIENTED_EDGE('',*,*,#1968,.T.);
#2527=ORIENTED_EDGE('',*,*,#1969,.F.);
#2528=ORIENTED_EDGE('',*,*,#1970,.T.);
#2529=ORIENTED_EDGE('',*,*,#1971,.T.);
#2530=ORIENTED_EDGE('',*,*,#1972,.F.);
#2531=ORIENTED_EDGE('',*,*,#1973,.F.);
#2532=ORIENTED_EDGE('',*,*,#1920,.T.);
#2533=ORIENTED_EDGE('',*,*,#1906,.T.);
#2534=ORIENTED_EDGE('',*,*,#1919,.F.);
#2535=ORIENTED_EDGE('',*,*,#1974,.T.);
#2536=ORIENTED_EDGE('',*,*,#1975,.T.);
#2537=ORIENTED_EDGE('',*,*,#1976,.T.);
#2538=ORIENTED_EDGE('',*,*,#1977,.F.);
#2539=ORIENTED_EDGE('',*,*,#1961,.T.);
#2540=ORIENTED_EDGE('',*,*,#1974,.F.);
#2541=ORIENTED_EDGE('',*,*,#1918,.T.);
#2542=ORIENTED_EDGE('',*,*,#1978,.F.);
#2543=ORIENTED_EDGE('',*,*,#1979,.F.);
#2544=ORIENTED_EDGE('',*,*,#1957,.T.);
#2545=ORIENTED_EDGE('',*,*,#1960,.T.);
#2546=ORIENTED_EDGE('',*,*,#1980,.F.);
#2547=ORIENTED_EDGE('',*,*,#1981,.T.);
#2548=ORIENTED_EDGE('',*,*,#1982,.F.);
#2549=ORIENTED_EDGE('',*,*,#1983,.T.);
#2550=ORIENTED_EDGE('',*,*,#1963,.F.);
#2551=ORIENTED_EDGE('',*,*,#1911,.F.);
#2552=ORIENTED_EDGE('',*,*,#1984,.T.);
#2553=ORIENTED_EDGE('',*,*,#1985,.T.);
#2554=ORIENTED_EDGE('',*,*,#1986,.T.);
#2555=ORIENTED_EDGE('',*,*,#1986,.F.);
#2556=ORIENTED_EDGE('',*,*,#1987,.F.);
#2557=ORIENTED_EDGE('',*,*,#1988,.T.);
#2558=ORIENTED_EDGE('',*,*,#1989,.F.);
#2559=ORIENTED_EDGE('',*,*,#1990,.F.);
#2560=ORIENTED_EDGE('',*,*,#1912,.F.);
#2561=ORIENTED_EDGE('',*,*,#1917,.F.);
#2562=ORIENTED_EDGE('',*,*,#1991,.T.);
#2563=ORIENTED_EDGE('',*,*,#1992,.T.);
#2564=ORIENTED_EDGE('',*,*,#1978,.T.);
#2565=ORIENTED_EDGE('',*,*,#1993,.F.);
#2566=ORIENTED_EDGE('',*,*,#1994,.F.);
#2567=ORIENTED_EDGE('',*,*,#1995,.T.);
#2568=ORIENTED_EDGE('',*,*,#1996,.T.);
#2569=ORIENTED_EDGE('',*,*,#1997,.T.);
#2570=ORIENTED_EDGE('',*,*,#1995,.F.);
#2571=ORIENTED_EDGE('',*,*,#1998,.F.);
#2572=ORIENTED_EDGE('',*,*,#1999,.F.);
#2573=ORIENTED_EDGE('',*,*,#2000,.F.);
#2574=ORIENTED_EDGE('',*,*,#2001,.F.);
#2575=ORIENTED_EDGE('',*,*,#2002,.T.);
#2576=ORIENTED_EDGE('',*,*,#2003,.T.);
#2577=ORIENTED_EDGE('',*,*,#2004,.T.);
#2578=ORIENTED_EDGE('',*,*,#2005,.F.);
#2579=ORIENTED_EDGE('',*,*,#2002,.F.);
#2580=ORIENTED_EDGE('',*,*,#2006,.T.);
#2581=ORIENTED_EDGE('',*,*,#2007,.F.);
#2582=ORIENTED_EDGE('',*,*,#2008,.F.);
#2583=ORIENTED_EDGE('',*,*,#2001,.T.);
#2584=ORIENTED_EDGE('',*,*,#2009,.F.);
#2585=ORIENTED_EDGE('',*,*,#2010,.T.);
#2586=ORIENTED_EDGE('',*,*,#2011,.T.);
#2587=ORIENTED_EDGE('',*,*,#1924,.F.);
#2588=ORIENTED_EDGE('',*,*,#2012,.T.);
#2589=ORIENTED_EDGE('',*,*,#2013,.T.);
#2590=ORIENTED_EDGE('',*,*,#2014,.F.);
#2591=ORIENTED_EDGE('',*,*,#2015,.T.);
#2592=ORIENTED_EDGE('',*,*,#2016,.F.);
#2593=ORIENTED_EDGE('',*,*,#2017,.T.);
#2594=ORIENTED_EDGE('',*,*,#2018,.F.);
#2595=ORIENTED_EDGE('',*,*,#2019,.T.);
#2596=ORIENTED_EDGE('',*,*,#2006,.F.);
#2597=ORIENTED_EDGE('',*,*,#2015,.F.);
#2598=ORIENTED_EDGE('',*,*,#2020,.F.);
#2599=ORIENTED_EDGE('',*,*,#2021,.T.);
#2600=ORIENTED_EDGE('',*,*,#2022,.T.);
#2601=ORIENTED_EDGE('',*,*,#2023,.T.);
#2602=ORIENTED_EDGE('',*,*,#2021,.F.);
#2603=ORIENTED_EDGE('',*,*,#2024,.F.);
#2604=ORIENTED_EDGE('',*,*,#2025,.F.);
#2605=ORIENTED_EDGE('',*,*,#2026,.T.);
#2606=ORIENTED_EDGE('',*,*,#2027,.F.);
#2607=ORIENTED_EDGE('',*,*,#2028,.T.);
#2608=ORIENTED_EDGE('',*,*,#2029,.T.);
#2609=ORIENTED_EDGE('',*,*,#2030,.T.);
#2610=ORIENTED_EDGE('',*,*,#2031,.F.);
#2611=ORIENTED_EDGE('',*,*,#2028,.F.);
#2612=ORIENTED_EDGE('',*,*,#2032,.T.);
#2613=ORIENTED_EDGE('',*,*,#2033,.F.);
#2614=ORIENTED_EDGE('',*,*,#2034,.F.);
#2615=ORIENTED_EDGE('',*,*,#2035,.F.);
#2616=ORIENTED_EDGE('',*,*,#2027,.T.);
#2617=ORIENTED_EDGE('',*,*,#2036,.F.);
#2618=ORIENTED_EDGE('',*,*,#2037,.T.);
#2619=ORIENTED_EDGE('',*,*,#2012,.F.);
#2620=ORIENTED_EDGE('',*,*,#1923,.F.);
#2621=ORIENTED_EDGE('',*,*,#2038,.F.);
#2622=ORIENTED_EDGE('',*,*,#2032,.F.);
#2623=ORIENTED_EDGE('',*,*,#1971,.F.);
#2624=ORIENTED_EDGE('',*,*,#2039,.T.);
#2625=ORIENTED_EDGE('',*,*,#2040,.T.);
#2626=ORIENTED_EDGE('',*,*,#2041,.T.);
#2627=ORIENTED_EDGE('',*,*,#2039,.F.);
#2628=ORIENTED_EDGE('',*,*,#1970,.F.);
#2629=ORIENTED_EDGE('',*,*,#2042,.F.);
#2630=ORIENTED_EDGE('',*,*,#2043,.F.);
#2631=ORIENTED_EDGE('',*,*,#2044,.F.);
#2632=ORIENTED_EDGE('',*,*,#2045,.T.);
#2633=ORIENTED_EDGE('',*,*,#1965,.F.);
#2634=ORIENTED_EDGE('',*,*,#2046,.T.);
#2635=ORIENTED_EDGE('',*,*,#2047,.T.);
#2636=ORIENTED_EDGE('',*,*,#2048,.T.);
#2637=ORIENTED_EDGE('',*,*,#2048,.F.);
#2638=ORIENTED_EDGE('',*,*,#2049,.F.);
#2639=ORIENTED_EDGE('',*,*,#2050,.T.);
#2640=ORIENTED_EDGE('',*,*,#2051,.F.);
#2641=ORIENTED_EDGE('',*,*,#2052,.F.);
#2642=ORIENTED_EDGE('',*,*,#1966,.F.);
#2643=ORIENTED_EDGE('',*,*,#2053,.T.);
#2644=ORIENTED_EDGE('',*,*,#2054,.T.);
#2645=ORIENTED_EDGE('',*,*,#2055,.T.);
#2646=ORIENTED_EDGE('',*,*,#2054,.F.);
#2647=ORIENTED_EDGE('',*,*,#2055,.F.);
#2648=ORIENTED_EDGE('',*,*,#2056,.T.);
#2649=ORIENTED_EDGE('',*,*,#2057,.F.);
#2650=ORIENTED_EDGE('',*,*,#2056,.F.);
#2651=ORIENTED_EDGE('',*,*,#2053,.F.);
#2652=ORIENTED_EDGE('',*,*,#2058,.T.);
#2653=ORIENTED_EDGE('',*,*,#2059,.T.);
#2654=ORIENTED_EDGE('',*,*,#2060,.T.);
#2655=ORIENTED_EDGE('',*,*,#2059,.F.);
#2656=ORIENTED_EDGE('',*,*,#2060,.F.);
#2657=ORIENTED_EDGE('',*,*,#2061,.T.);
#2658=ORIENTED_EDGE('',*,*,#2062,.F.);
#2659=ORIENTED_EDGE('',*,*,#2061,.F.);
#2660=ORIENTED_EDGE('',*,*,#2058,.F.);
#2661=ORIENTED_EDGE('',*,*,#1846,.T.);
#2662=ORIENTED_EDGE('',*,*,#1887,.T.);
#2663=ORIENTED_EDGE('',*,*,#2063,.T.);
#2664=ORIENTED_EDGE('',*,*,#2064,.T.);
#2665=ORIENTED_EDGE('',*,*,#1837,.T.);
#2666=ORIENTED_EDGE('',*,*,#2065,.T.);
#2667=ORIENTED_EDGE('',*,*,#1856,.T.);
#2668=ORIENTED_EDGE('',*,*,#2066,.T.);
#2669=ORIENTED_EDGE('',*,*,#2066,.F.);
#2670=ORIENTED_EDGE('',*,*,#1855,.F.);
#2671=ORIENTED_EDGE('',*,*,#2067,.T.);
#2672=ORIENTED_EDGE('',*,*,#2068,.F.);
#2673=ORIENTED_EDGE('',*,*,#2069,.F.);
#2674=ORIENTED_EDGE('',*,*,#1838,.F.);
#2675=ORIENTED_EDGE('',*,*,#2070,.T.);
#2676=ORIENTED_EDGE('',*,*,#2071,.T.);
#2677=ORIENTED_EDGE('',*,*,#2072,.T.);
#2678=ORIENTED_EDGE('',*,*,#2073,.T.);
#2679=ORIENTED_EDGE('',*,*,#2073,.F.);
#2680=ORIENTED_EDGE('',*,*,#2074,.T.);
#2681=ORIENTED_EDGE('',*,*,#2075,.F.);
#2682=ORIENTED_EDGE('',*,*,#1853,.F.);
#2683=ORIENTED_EDGE('',*,*,#2076,.F.);
#2684=ORIENTED_EDGE('',*,*,#2072,.F.);
#2685=ORIENTED_EDGE('',*,*,#2077,.F.);
#2686=ORIENTED_EDGE('',*,*,#2078,.F.);
#2687=ORIENTED_EDGE('',*,*,#2079,.F.);
#2688=ORIENTED_EDGE('',*,*,#2074,.F.);
#2689=ORIENTED_EDGE('',*,*,#2080,.T.);
#2690=ORIENTED_EDGE('',*,*,#2081,.T.);
#2691=ORIENTED_EDGE('',*,*,#2082,.T.);
#2692=ORIENTED_EDGE('',*,*,#2083,.T.);
#2693=ORIENTED_EDGE('',*,*,#2083,.F.);
#2694=ORIENTED_EDGE('',*,*,#2084,.F.);
#2695=ORIENTED_EDGE('',*,*,#1849,.F.);
#2696=ORIENTED_EDGE('',*,*,#2085,.T.);
#2697=ORIENTED_EDGE('',*,*,#2086,.T.);
#2698=ORIENTED_EDGE('',*,*,#2082,.F.);
#2699=ORIENTED_EDGE('',*,*,#2087,.T.);
#2700=ORIENTED_EDGE('',*,*,#2088,.T.);
#2701=ORIENTED_EDGE('',*,*,#2089,.T.);
#2702=ORIENTED_EDGE('',*,*,#1850,.T.);
#2703=ORIENTED_EDGE('',*,*,#2084,.T.);
#2704=ORIENTED_EDGE('',*,*,#2089,.F.);
#2705=ORIENTED_EDGE('',*,*,#2090,.T.);
#2706=ORIENTED_EDGE('',*,*,#2091,.F.);
#2707=ORIENTED_EDGE('',*,*,#1851,.T.);
#2708=ORIENTED_EDGE('',*,*,#2088,.F.);
#2709=ORIENTED_EDGE('',*,*,#2092,.F.);
#2710=ORIENTED_EDGE('',*,*,#2093,.T.);
#2711=ORIENTED_EDGE('',*,*,#2094,.F.);
#2712=ORIENTED_EDGE('',*,*,#2095,.F.);
#2713=ORIENTED_EDGE('',*,*,#2090,.F.);
#2714=ORIENTED_EDGE('',*,*,#2070,.F.);
#2715=ORIENTED_EDGE('',*,*,#2076,.T.);
#2716=ORIENTED_EDGE('',*,*,#1852,.T.);
#2717=ORIENTED_EDGE('',*,*,#2091,.T.);
#2718=ORIENTED_EDGE('',*,*,#2095,.T.);
#2719=ORIENTED_EDGE('',*,*,#2096,.T.);
#2720=ORIENTED_EDGE('',*,*,#1885,.T.);
#2721=ORIENTED_EDGE('',*,*,#2097,.T.);
#2722=ORIENTED_EDGE('',*,*,#1947,.T.);
#2723=ORIENTED_EDGE('',*,*,#2098,.T.);
#2724=ORIENTED_EDGE('',*,*,#2097,.F.);
#2725=ORIENTED_EDGE('',*,*,#1884,.F.);
#2726=ORIENTED_EDGE('',*,*,#2099,.F.);
#2727=ORIENTED_EDGE('',*,*,#1948,.F.);
#2728=ORIENTED_EDGE('',*,*,#1867,.T.);
#2729=ORIENTED_EDGE('',*,*,#2100,.T.);
#2730=ORIENTED_EDGE('',*,*,#1929,.T.);
#2731=ORIENTED_EDGE('',*,*,#2101,.T.);
#2732=ORIENTED_EDGE('',*,*,#2100,.F.);
#2733=ORIENTED_EDGE('',*,*,#1866,.F.);
#2734=ORIENTED_EDGE('',*,*,#2102,.F.);
#2735=ORIENTED_EDGE('',*,*,#1930,.F.);
#2736=ORIENTED_EDGE('',*,*,#1861,.T.);
#2737=ORIENTED_EDGE('',*,*,#2103,.T.);
#2738=ORIENTED_EDGE('',*,*,#1935,.T.);
#2739=ORIENTED_EDGE('',*,*,#2104,.T.);
#2740=ORIENTED_EDGE('',*,*,#2103,.F.);
#2741=ORIENTED_EDGE('',*,*,#1860,.F.);
#2742=ORIENTED_EDGE('',*,*,#2105,.F.);
#2743=ORIENTED_EDGE('',*,*,#1936,.F.);
#2744=ORIENTED_EDGE('',*,*,#1881,.T.);
#2745=ORIENTED_EDGE('',*,*,#2106,.T.);
#2746=ORIENTED_EDGE('',*,*,#1951,.T.);
#2747=ORIENTED_EDGE('',*,*,#2107,.T.);
#2748=ORIENTED_EDGE('',*,*,#2106,.F.);
#2749=ORIENTED_EDGE('',*,*,#1880,.F.);
#2750=ORIENTED_EDGE('',*,*,#2108,.F.);
#2751=ORIENTED_EDGE('',*,*,#1952,.F.);
#2752=ORIENTED_EDGE('',*,*,#1883,.T.);
#2753=ORIENTED_EDGE('',*,*,#2109,.T.);
#2754=ORIENTED_EDGE('',*,*,#1949,.T.);
#2755=ORIENTED_EDGE('',*,*,#2099,.T.);
#2756=ORIENTED_EDGE('',*,*,#2107,.F.);
#2757=ORIENTED_EDGE('',*,*,#1950,.F.);
#2758=ORIENTED_EDGE('',*,*,#2109,.F.);
#2759=ORIENTED_EDGE('',*,*,#1882,.F.);
#2760=ORIENTED_EDGE('',*,*,#1859,.T.);
#2761=ORIENTED_EDGE('',*,*,#2110,.T.);
#2762=ORIENTED_EDGE('',*,*,#1937,.T.);
#2763=ORIENTED_EDGE('',*,*,#2105,.T.);
#2764=ORIENTED_EDGE('',*,*,#2101,.F.);
#2765=ORIENTED_EDGE('',*,*,#1928,.F.);
#2766=ORIENTED_EDGE('',*,*,#2110,.F.);
#2767=ORIENTED_EDGE('',*,*,#1858,.F.);
#2768=ORIENTED_EDGE('',*,*,#2111,.F.);
#2769=ORIENTED_EDGE('',*,*,#2112,.F.);
#2770=ORIENTED_EDGE('',*,*,#2113,.T.);
#2771=ORIENTED_EDGE('',*,*,#2114,.T.);
#2772=ORIENTED_EDGE('',*,*,#2115,.F.);
#2773=ORIENTED_EDGE('',*,*,#2116,.F.);
#2774=ORIENTED_EDGE('',*,*,#2112,.T.);
#2775=ORIENTED_EDGE('',*,*,#2117,.F.);
#2776=ORIENTED_EDGE('',*,*,#2118,.F.);
#2777=ORIENTED_EDGE('',*,*,#2119,.F.);
#2778=ORIENTED_EDGE('',*,*,#2120,.F.);
#2779=ORIENTED_EDGE('',*,*,#2121,.F.);
#2780=ORIENTED_EDGE('',*,*,#2122,.T.);
#2781=ORIENTED_EDGE('',*,*,#2118,.T.);
#2782=ORIENTED_EDGE('',*,*,#2120,.T.);
#2783=ORIENTED_EDGE('',*,*,#2117,.T.);
#2784=ORIENTED_EDGE('',*,*,#2123,.T.);
#2785=ORIENTED_EDGE('',*,*,#2034,.T.);
#2786=ORIENTED_EDGE('',*,*,#2124,.F.);
#2787=ORIENTED_EDGE('',*,*,#1994,.T.);
#2788=ORIENTED_EDGE('',*,*,#2125,.T.);
#2789=ORIENTED_EDGE('',*,*,#2126,.T.);
#2790=ORIENTED_EDGE('',*,*,#2127,.T.);
#2791=ORIENTED_EDGE('',*,*,#2128,.T.);
#2792=ORIENTED_EDGE('',*,*,#2009,.T.);
#2793=ORIENTED_EDGE('',*,*,#2005,.T.);
#2794=ORIENTED_EDGE('',*,*,#2129,.T.);
#2795=ORIENTED_EDGE('',*,*,#2130,.F.);
#2796=ORIENTED_EDGE('',*,*,#2131,.F.);
#2797=ORIENTED_EDGE('',*,*,#2132,.F.);
#2798=ORIENTED_EDGE('',*,*,#2133,.T.);
#2799=ORIENTED_EDGE('',*,*,#1999,.T.);
#2800=ORIENTED_EDGE('',*,*,#2131,.T.);
#2801=ORIENTED_EDGE('',*,*,#2134,.T.);
#2802=ORIENTED_EDGE('',*,*,#2135,.T.);
#2803=ORIENTED_EDGE('',*,*,#2132,.T.);
#2804=ORIENTED_EDGE('',*,*,#1998,.T.);
#2805=ORIENTED_EDGE('',*,*,#2127,.F.);
#2806=ORIENTED_EDGE('',*,*,#2136,.F.);
#2807=ORIENTED_EDGE('',*,*,#2137,.F.);
#2808=ORIENTED_EDGE('',*,*,#2138,.F.);
#2809=ORIENTED_EDGE('',*,*,#2139,.T.);
#2810=ORIENTED_EDGE('',*,*,#2140,.T.);
#2811=ORIENTED_EDGE('',*,*,#2137,.T.);
#2812=ORIENTED_EDGE('',*,*,#2141,.T.);
#2813=ORIENTED_EDGE('',*,*,#2130,.T.);
#2814=ORIENTED_EDGE('',*,*,#2142,.T.);
#2815=ORIENTED_EDGE('',*,*,#2138,.T.);
#2816=ORIENTED_EDGE('',*,*,#2143,.T.);
#2817=ORIENTED_EDGE('',*,*,#2144,.T.);
#2818=ORIENTED_EDGE('',*,*,#2136,.T.);
#2819=ORIENTED_EDGE('',*,*,#2145,.T.);
#2820=ORIENTED_EDGE('',*,*,#2129,.F.);
#2821=ORIENTED_EDGE('',*,*,#2134,.F.);
#2822=ORIENTED_EDGE('',*,*,#2143,.F.);
#2823=ORIENTED_EDGE('',*,*,#2140,.F.);
#2824=ORIENTED_EDGE('',*,*,#2146,.F.);
#2825=ORIENTED_EDGE('',*,*,#2133,.F.);
#2826=ORIENTED_EDGE('',*,*,#2146,.T.);
#2827=ORIENTED_EDGE('',*,*,#2139,.F.);
#2828=ORIENTED_EDGE('',*,*,#2147,.T.);
#2829=ORIENTED_EDGE('',*,*,#2003,.F.);
#2830=ORIENTED_EDGE('',*,*,#2008,.T.);
#2831=ORIENTED_EDGE('',*,*,#2148,.F.);
#2832=ORIENTED_EDGE('',*,*,#2149,.T.);
#2833=ORIENTED_EDGE('',*,*,#2150,.F.);
#2834=ORIENTED_EDGE('',*,*,#2151,.T.);
#2835=ORIENTED_EDGE('',*,*,#2022,.F.);
#2836=ORIENTED_EDGE('',*,*,#2026,.F.);
#2837=ORIENTED_EDGE('',*,*,#2152,.F.);
#2838=ORIENTED_EDGE('',*,*,#2153,.F.);
#2839=ORIENTED_EDGE('',*,*,#2154,.F.);
#2840=ORIENTED_EDGE('',*,*,#2155,.F.);
#2841=ORIENTED_EDGE('',*,*,#2029,.F.);
#2842=ORIENTED_EDGE('',*,*,#2035,.T.);
#2843=ORIENTED_EDGE('',*,*,#2123,.F.);
#2844=ORIENTED_EDGE('',*,*,#2119,.T.);
#2845=ORIENTED_EDGE('',*,*,#2156,.F.);
#2846=ORIENTED_EDGE('',*,*,#2157,.F.);
#2847=ORIENTED_EDGE('',*,*,#2158,.F.);
#2848=ORIENTED_EDGE('',*,*,#2159,.F.);
#2849=ORIENTED_EDGE('',*,*,#2160,.F.);
#2850=ORIENTED_EDGE('',*,*,#2161,.T.);
#2851=ORIENTED_EDGE('',*,*,#2162,.T.);
#2852=ORIENTED_EDGE('',*,*,#2163,.T.);
#2853=ORIENTED_EDGE('',*,*,#2040,.F.);
#2854=ORIENTED_EDGE('',*,*,#2045,.F.);
#2855=ORIENTED_EDGE('',*,*,#2164,.F.);
#2856=ORIENTED_EDGE('',*,*,#2165,.F.);
#2857=ORIENTED_EDGE('',*,*,#2166,.F.);
#2858=ORIENTED_EDGE('',*,*,#2049,.T.);
#2859=ORIENTED_EDGE('',*,*,#2047,.F.);
#2860=ORIENTED_EDGE('',*,*,#2167,.T.);
#2861=ORIENTED_EDGE('',*,*,#1982,.T.);
#2862=ORIENTED_EDGE('',*,*,#2168,.T.);
#2863=ORIENTED_EDGE('',*,*,#2169,.F.);
#2864=ORIENTED_EDGE('',*,*,#2170,.T.);
#2865=ORIENTED_EDGE('',*,*,#2171,.T.);
#2866=ORIENTED_EDGE('',*,*,#2172,.F.);
#2867=ORIENTED_EDGE('',*,*,#2173,.F.);
#2868=ORIENTED_EDGE('',*,*,#2174,.F.);
#2869=ORIENTED_EDGE('',*,*,#2175,.F.);
#2870=ORIENTED_EDGE('',*,*,#2176,.F.);
#2871=ORIENTED_EDGE('',*,*,#2177,.F.);
#2872=ORIENTED_EDGE('',*,*,#1840,.F.);
#2873=ORIENTED_EDGE('',*,*,#2178,.F.);
#2874=ORIENTED_EDGE('',*,*,#2179,.F.);
#2875=ORIENTED_EDGE('',*,*,#2180,.T.);
#2876=ORIENTED_EDGE('',*,*,#2078,.T.);
#2877=ORIENTED_EDGE('',*,*,#2181,.F.);
#2878=ORIENTED_EDGE('',*,*,#2182,.T.);
#2879=ORIENTED_EDGE('',*,*,#1975,.F.);
#2880=ORIENTED_EDGE('',*,*,#1979,.T.);
#2881=ORIENTED_EDGE('',*,*,#1992,.F.);
#2882=ORIENTED_EDGE('',*,*,#2183,.F.);
#2883=ORIENTED_EDGE('',*,*,#2184,.F.);
#2884=ORIENTED_EDGE('',*,*,#2185,.F.);
#2885=ORIENTED_EDGE('',*,*,#2186,.F.);
#2886=ORIENTED_EDGE('',*,*,#1987,.T.);
#2887=ORIENTED_EDGE('',*,*,#1985,.F.);
#2888=ORIENTED_EDGE('',*,*,#2187,.T.);
#2889=ORIENTED_EDGE('',*,*,#2188,.T.);
#2890=ORIENTED_EDGE('',*,*,#2189,.T.);
#2891=ORIENTED_EDGE('',*,*,#2190,.F.);
#2892=ORIENTED_EDGE('',*,*,#2191,.T.);
#2893=ORIENTED_EDGE('',*,*,#2192,.F.);
#2894=ORIENTED_EDGE('',*,*,#2193,.T.);
#2895=ORIENTED_EDGE('',*,*,#2194,.F.);
#2896=ORIENTED_EDGE('',*,*,#2116,.T.);
#2897=ORIENTED_EDGE('',*,*,#2195,.F.);
#2898=ORIENTED_EDGE('',*,*,#2196,.T.);
#2899=ORIENTED_EDGE('',*,*,#1996,.F.);
#2900=ORIENTED_EDGE('',*,*,#2000,.T.);
#2901=ORIENTED_EDGE('',*,*,#2057,.T.);
#2902=ORIENTED_EDGE('',*,*,#2062,.T.);
#2903=ORIENTED_EDGE('',*,*,#2197,.T.);
#2904=ORIENTED_EDGE('',*,*,#2198,.T.);
#2905=ORIENTED_EDGE('',*,*,#2199,.T.);
#2906=ORIENTED_EDGE('',*,*,#2200,.T.);
#2907=ORIENTED_EDGE('',*,*,#2201,.T.);
#2908=ORIENTED_EDGE('',*,*,#2202,.T.);
#2909=ORIENTED_EDGE('',*,*,#2020,.T.);
#2910=ORIENTED_EDGE('',*,*,#2014,.T.);
#2911=ORIENTED_EDGE('',*,*,#2203,.T.);
#2912=ORIENTED_EDGE('',*,*,#2204,.T.);
#2913=ORIENTED_EDGE('',*,*,#2205,.F.);
#2914=ORIENTED_EDGE('',*,*,#2206,.F.);
#2915=ORIENTED_EDGE('',*,*,#2207,.F.);
#2916=ORIENTED_EDGE('',*,*,#2152,.T.);
#2917=ORIENTED_EDGE('',*,*,#2025,.T.);
#2918=ORIENTED_EDGE('',*,*,#2206,.T.);
#2919=ORIENTED_EDGE('',*,*,#2208,.T.);
#2920=ORIENTED_EDGE('',*,*,#2209,.T.);
#2921=ORIENTED_EDGE('',*,*,#2207,.T.);
#2922=ORIENTED_EDGE('',*,*,#2024,.T.);
#2923=ORIENTED_EDGE('',*,*,#2204,.F.);
#2924=ORIENTED_EDGE('',*,*,#2210,.T.);
#2925=ORIENTED_EDGE('',*,*,#2036,.T.);
#2926=ORIENTED_EDGE('',*,*,#2031,.T.);
#2927=ORIENTED_EDGE('',*,*,#2211,.T.);
#2928=ORIENTED_EDGE('',*,*,#2212,.F.);
#2929=ORIENTED_EDGE('',*,*,#2213,.F.);
#2930=ORIENTED_EDGE('',*,*,#2214,.F.);
#2931=ORIENTED_EDGE('',*,*,#2154,.T.);
#2932=ORIENTED_EDGE('',*,*,#2215,.T.);
#2933=ORIENTED_EDGE('',*,*,#2213,.T.);
#2934=ORIENTED_EDGE('',*,*,#2216,.T.);
#2935=ORIENTED_EDGE('',*,*,#2205,.T.);
#2936=ORIENTED_EDGE('',*,*,#2217,.T.);
#2937=ORIENTED_EDGE('',*,*,#2214,.T.);
#2938=ORIENTED_EDGE('',*,*,#2218,.T.);
#2939=ORIENTED_EDGE('',*,*,#2219,.T.);
#2940=ORIENTED_EDGE('',*,*,#2212,.T.);
#2941=ORIENTED_EDGE('',*,*,#2220,.T.);
#2942=ORIENTED_EDGE('',*,*,#2211,.F.);
#2943=ORIENTED_EDGE('',*,*,#2208,.F.);
#2944=ORIENTED_EDGE('',*,*,#2218,.F.);
#2945=ORIENTED_EDGE('',*,*,#2215,.F.);
#2946=ORIENTED_EDGE('',*,*,#2153,.T.);
#2947=ORIENTED_EDGE('',*,*,#2135,.F.);
#2948=ORIENTED_EDGE('',*,*,#2221,.T.);
#2949=ORIENTED_EDGE('',*,*,#2145,.F.);
#2950=ORIENTED_EDGE('',*,*,#2142,.F.);
#2951=ORIENTED_EDGE('',*,*,#2126,.F.);
#2952=ORIENTED_EDGE('',*,*,#2222,.F.);
#2953=ORIENTED_EDGE('',*,*,#2010,.F.);
#2954=ORIENTED_EDGE('',*,*,#2128,.F.);
#2955=ORIENTED_EDGE('',*,*,#2221,.F.);
#2956=ORIENTED_EDGE('',*,*,#2209,.F.);
#2957=ORIENTED_EDGE('',*,*,#2223,.T.);
#2958=ORIENTED_EDGE('',*,*,#2220,.F.);
#2959=ORIENTED_EDGE('',*,*,#2217,.F.);
#2960=ORIENTED_EDGE('',*,*,#2203,.F.);
#2961=ORIENTED_EDGE('',*,*,#2013,.F.);
#2962=ORIENTED_EDGE('',*,*,#2037,.F.);
#2963=ORIENTED_EDGE('',*,*,#2210,.F.);
#2964=ORIENTED_EDGE('',*,*,#2223,.F.);
#2965=ORIENTED_EDGE('',*,*,#2224,.T.);
#2966=ORIENTED_EDGE('',*,*,#2225,.T.);
#2967=ORIENTED_EDGE('',*,*,#2226,.T.);
#2968=ORIENTED_EDGE('',*,*,#2227,.T.);
#2969=ORIENTED_EDGE('',*,*,#2228,.T.);
#2970=ORIENTED_EDGE('',*,*,#1915,.T.);
#2971=ORIENTED_EDGE('',*,*,#2229,.T.);
#2972=ORIENTED_EDGE('',*,*,#2227,.F.);
#2973=ORIENTED_EDGE('',*,*,#2230,.T.);
#2974=ORIENTED_EDGE('',*,*,#2231,.T.);
#2975=ORIENTED_EDGE('',*,*,#2232,.T.);
#2976=ORIENTED_EDGE('',*,*,#2233,.T.);
#2977=ORIENTED_EDGE('',*,*,#2230,.F.);
#2978=ORIENTED_EDGE('',*,*,#2234,.T.);
#2979=ORIENTED_EDGE('',*,*,#2225,.F.);
#2980=ORIENTED_EDGE('',*,*,#1989,.T.);
#2981=ORIENTED_EDGE('',*,*,#2235,.T.);
#2982=ORIENTED_EDGE('',*,*,#2236,.T.);
#2983=ORIENTED_EDGE('',*,*,#2237,.T.);
#2984=ORIENTED_EDGE('',*,*,#2238,.T.);
#2985=ORIENTED_EDGE('',*,*,#1913,.T.);
#2986=ORIENTED_EDGE('',*,*,#1990,.T.);
#2987=ORIENTED_EDGE('',*,*,#2237,.F.);
#2988=ORIENTED_EDGE('',*,*,#2235,.F.);
#2989=ORIENTED_EDGE('',*,*,#2239,.T.);
#2990=ORIENTED_EDGE('',*,*,#2232,.F.);
#2991=ORIENTED_EDGE('',*,*,#1991,.F.);
#2992=ORIENTED_EDGE('',*,*,#1916,.F.);
#2993=ORIENTED_EDGE('',*,*,#2228,.F.);
#2994=ORIENTED_EDGE('',*,*,#2226,.F.);
#2995=ORIENTED_EDGE('',*,*,#2240,.F.);
#2996=ORIENTED_EDGE('',*,*,#2183,.T.);
#2997=ORIENTED_EDGE('',*,*,#2234,.F.);
#2998=ORIENTED_EDGE('',*,*,#2241,.F.);
#2999=ORIENTED_EDGE('',*,*,#2184,.T.);
#3000=ORIENTED_EDGE('',*,*,#2240,.T.);
#3001=ORIENTED_EDGE('',*,*,#2233,.F.);
#3002=ORIENTED_EDGE('',*,*,#2242,.F.);
#3003=ORIENTED_EDGE('',*,*,#2185,.T.);
#3004=ORIENTED_EDGE('',*,*,#2241,.T.);
#3005=ORIENTED_EDGE('',*,*,#2239,.F.);
#3006=ORIENTED_EDGE('',*,*,#1988,.F.);
#3007=ORIENTED_EDGE('',*,*,#2186,.T.);
#3008=ORIENTED_EDGE('',*,*,#2242,.T.);
#3009=ORIENTED_EDGE('',*,*,#2042,.T.);
#3010=ORIENTED_EDGE('',*,*,#1969,.T.);
#3011=ORIENTED_EDGE('',*,*,#2243,.T.);
#3012=ORIENTED_EDGE('',*,*,#2244,.T.);
#3013=ORIENTED_EDGE('',*,*,#2245,.T.);
#3014=ORIENTED_EDGE('',*,*,#2246,.T.);
#3015=ORIENTED_EDGE('',*,*,#2043,.T.);
#3016=ORIENTED_EDGE('',*,*,#2244,.F.);
#3017=ORIENTED_EDGE('',*,*,#2247,.T.);
#3018=ORIENTED_EDGE('',*,*,#2248,.T.);
#3019=ORIENTED_EDGE('',*,*,#2249,.T.);
#3020=ORIENTED_EDGE('',*,*,#2250,.T.);
#3021=ORIENTED_EDGE('',*,*,#2247,.F.);
#3022=ORIENTED_EDGE('',*,*,#2251,.T.);
#3023=ORIENTED_EDGE('',*,*,#2246,.F.);
#3024=ORIENTED_EDGE('',*,*,#2252,.T.);
#3025=ORIENTED_EDGE('',*,*,#1967,.T.);
#3026=ORIENTED_EDGE('',*,*,#2052,.T.);
#3027=ORIENTED_EDGE('',*,*,#2253,.T.);
#3028=ORIENTED_EDGE('',*,*,#2051,.T.);
#3029=ORIENTED_EDGE('',*,*,#2254,.T.);
#3030=ORIENTED_EDGE('',*,*,#2255,.T.);
#3031=ORIENTED_EDGE('',*,*,#2253,.F.);
#3032=ORIENTED_EDGE('',*,*,#2254,.F.);
#3033=ORIENTED_EDGE('',*,*,#2256,.T.);
#3034=ORIENTED_EDGE('',*,*,#2249,.F.);
#3035=ORIENTED_EDGE('',*,*,#2251,.F.);
#3036=ORIENTED_EDGE('',*,*,#2257,.F.);
#3037=ORIENTED_EDGE('',*,*,#2164,.T.);
#3038=ORIENTED_EDGE('',*,*,#2044,.T.);
#3039=ORIENTED_EDGE('',*,*,#2250,.F.);
#3040=ORIENTED_EDGE('',*,*,#2258,.F.);
#3041=ORIENTED_EDGE('',*,*,#2165,.T.);
#3042=ORIENTED_EDGE('',*,*,#2257,.T.);
#3043=ORIENTED_EDGE('',*,*,#2256,.F.);
#3044=ORIENTED_EDGE('',*,*,#2050,.F.);
#3045=ORIENTED_EDGE('',*,*,#2166,.T.);
#3046=ORIENTED_EDGE('',*,*,#2258,.T.);
#3047=ORIENTED_EDGE('',*,*,#2259,.T.);
#3048=ORIENTED_EDGE('',*,*,#2260,.T.);
#3049=ORIENTED_EDGE('',*,*,#2261,.T.);
#3050=ORIENTED_EDGE('',*,*,#2260,.F.);
#3051=ORIENTED_EDGE('',*,*,#2261,.F.);
#3052=ORIENTED_EDGE('',*,*,#2262,.T.);
#3053=ORIENTED_EDGE('',*,*,#2202,.F.);
#3054=ORIENTED_EDGE('',*,*,#2262,.F.);
#3055=ORIENTED_EDGE('',*,*,#2259,.F.);
#3056=ORIENTED_EDGE('',*,*,#2263,.T.);
#3057=ORIENTED_EDGE('',*,*,#2264,.T.);
#3058=ORIENTED_EDGE('',*,*,#2265,.T.);
#3059=ORIENTED_EDGE('',*,*,#2264,.F.);
#3060=ORIENTED_EDGE('',*,*,#2265,.F.);
#3061=ORIENTED_EDGE('',*,*,#2266,.T.);
#3062=ORIENTED_EDGE('',*,*,#2201,.F.);
#3063=ORIENTED_EDGE('',*,*,#2266,.F.);
#3064=ORIENTED_EDGE('',*,*,#2263,.F.);
#3065=ORIENTED_EDGE('',*,*,#2200,.F.);
#3066=ORIENTED_EDGE('',*,*,#2267,.T.);
#3067=ORIENTED_EDGE('',*,*,#2268,.T.);
#3068=ORIENTED_EDGE('',*,*,#2267,.F.);
#3069=ORIENTED_EDGE('',*,*,#2268,.F.);
#3070=ORIENTED_EDGE('',*,*,#2199,.F.);
#3071=ORIENTED_EDGE('',*,*,#2269,.T.);
#3072=ORIENTED_EDGE('',*,*,#2270,.T.);
#3073=ORIENTED_EDGE('',*,*,#2269,.F.);
#3074=ORIENTED_EDGE('',*,*,#2270,.F.);
#3075=ORIENTED_EDGE('',*,*,#2224,.F.);
#3076=ORIENTED_EDGE('',*,*,#2271,.T.);
#3077=ORIENTED_EDGE('',*,*,#2236,.F.);
#3078=ORIENTED_EDGE('',*,*,#2231,.F.);
#3079=ORIENTED_EDGE('',*,*,#2229,.F.);
#3080=ORIENTED_EDGE('',*,*,#1914,.T.);
#3081=ORIENTED_EDGE('',*,*,#2238,.F.);
#3082=ORIENTED_EDGE('',*,*,#2271,.F.);
#3083=ORIENTED_EDGE('',*,*,#2245,.F.);
#3084=ORIENTED_EDGE('',*,*,#2272,.F.);
#3085=ORIENTED_EDGE('',*,*,#2255,.F.);
#3086=ORIENTED_EDGE('',*,*,#2248,.F.);
#3087=ORIENTED_EDGE('',*,*,#2243,.F.);
#3088=ORIENTED_EDGE('',*,*,#1968,.F.);
#3089=ORIENTED_EDGE('',*,*,#2252,.F.);
#3090=ORIENTED_EDGE('',*,*,#2272,.T.);
#3091=ORIENTED_EDGE('',*,*,#2041,.F.);
#3092=ORIENTED_EDGE('',*,*,#2163,.F.);
#3093=ORIENTED_EDGE('',*,*,#2273,.F.);
#3094=ORIENTED_EDGE('',*,*,#2274,.F.);
#3095=ORIENTED_EDGE('',*,*,#1972,.T.);
#3096=ORIENTED_EDGE('',*,*,#1877,.T.);
#3097=ORIENTED_EDGE('',*,*,#2275,.T.);
#3098=ORIENTED_EDGE('',*,*,#1955,.T.);
#3099=ORIENTED_EDGE('',*,*,#2276,.T.);
#3100=ORIENTED_EDGE('',*,*,#2098,.F.);
#3101=ORIENTED_EDGE('',*,*,#1946,.F.);
#3102=ORIENTED_EDGE('',*,*,#2275,.F.);
#3103=ORIENTED_EDGE('',*,*,#1876,.F.);
#3104=ORIENTED_EDGE('',*,*,#1865,.T.);
#3105=ORIENTED_EDGE('',*,*,#2277,.T.);
#3106=ORIENTED_EDGE('',*,*,#1931,.T.);
#3107=ORIENTED_EDGE('',*,*,#2102,.T.);
#3108=ORIENTED_EDGE('',*,*,#2277,.F.);
#3109=ORIENTED_EDGE('',*,*,#1864,.F.);
#3110=ORIENTED_EDGE('',*,*,#2278,.F.);
#3111=ORIENTED_EDGE('',*,*,#1932,.F.);
#3112=ORIENTED_EDGE('',*,*,#1871,.T.);
#3113=ORIENTED_EDGE('',*,*,#2279,.T.);
#3114=ORIENTED_EDGE('',*,*,#1943,.T.);
#3115=ORIENTED_EDGE('',*,*,#2280,.T.);
#3116=ORIENTED_EDGE('',*,*,#2279,.F.);
#3117=ORIENTED_EDGE('',*,*,#1870,.F.);
#3118=ORIENTED_EDGE('',*,*,#2281,.F.);
#3119=ORIENTED_EDGE('',*,*,#1944,.F.);
#3120=ORIENTED_EDGE('',*,*,#1869,.T.);
#3121=ORIENTED_EDGE('',*,*,#2282,.T.);
#3122=ORIENTED_EDGE('',*,*,#1945,.T.);
#3123=ORIENTED_EDGE('',*,*,#2281,.T.);
#3124=ORIENTED_EDGE('',*,*,#2282,.F.);
#3125=ORIENTED_EDGE('',*,*,#1868,.F.);
#3126=ORIENTED_EDGE('',*,*,#2283,.F.);
#3127=ORIENTED_EDGE('',*,*,#1938,.F.);
#3128=ORIENTED_EDGE('',*,*,#1875,.T.);
#3129=ORIENTED_EDGE('',*,*,#2284,.T.);
#3130=ORIENTED_EDGE('',*,*,#1939,.T.);
#3131=ORIENTED_EDGE('',*,*,#2283,.T.);
#3132=ORIENTED_EDGE('',*,*,#2284,.F.);
#3133=ORIENTED_EDGE('',*,*,#1874,.F.);
#3134=ORIENTED_EDGE('',*,*,#2285,.F.);
#3135=ORIENTED_EDGE('',*,*,#1940,.F.);
#3136=ORIENTED_EDGE('',*,*,#1873,.T.);
#3137=ORIENTED_EDGE('',*,*,#2286,.T.);
#3138=ORIENTED_EDGE('',*,*,#1941,.T.);
#3139=ORIENTED_EDGE('',*,*,#2285,.T.);
#3140=ORIENTED_EDGE('',*,*,#2280,.F.);
#3141=ORIENTED_EDGE('',*,*,#1942,.F.);
#3142=ORIENTED_EDGE('',*,*,#2286,.F.);
#3143=ORIENTED_EDGE('',*,*,#1872,.F.);
#3144=ORIENTED_EDGE('',*,*,#1879,.T.);
#3145=ORIENTED_EDGE('',*,*,#2287,.T.);
#3146=ORIENTED_EDGE('',*,*,#1953,.T.);
#3147=ORIENTED_EDGE('',*,*,#2108,.T.);
#3148=ORIENTED_EDGE('',*,*,#2276,.F.);
#3149=ORIENTED_EDGE('',*,*,#1954,.F.);
#3150=ORIENTED_EDGE('',*,*,#2287,.F.);
#3151=ORIENTED_EDGE('',*,*,#1878,.F.);
#3152=ORIENTED_EDGE('',*,*,#1863,.T.);
#3153=ORIENTED_EDGE('',*,*,#2288,.T.);
#3154=ORIENTED_EDGE('',*,*,#1933,.T.);
#3155=ORIENTED_EDGE('',*,*,#2278,.T.);
#3156=ORIENTED_EDGE('',*,*,#2104,.F.);
#3157=ORIENTED_EDGE('',*,*,#1934,.F.);
#3158=ORIENTED_EDGE('',*,*,#2288,.F.);
#3159=ORIENTED_EDGE('',*,*,#1862,.F.);
#3160=ORIENTED_EDGE('',*,*,#2289,.F.);
#3161=ORIENTED_EDGE('',*,*,#2290,.T.);
#3162=ORIENTED_EDGE('',*,*,#2160,.T.);
#3163=ORIENTED_EDGE('',*,*,#2291,.T.);
#3164=ORIENTED_EDGE('',*,*,#2124,.T.);
#3165=ORIENTED_EDGE('',*,*,#2033,.T.);
#3166=ORIENTED_EDGE('',*,*,#2038,.T.);
#3167=ORIENTED_EDGE('',*,*,#1922,.T.);
#3168=ORIENTED_EDGE('',*,*,#2292,.T.);
#3169=ORIENTED_EDGE('',*,*,#2293,.F.);
#3170=ORIENTED_EDGE('',*,*,#2294,.T.);
#3171=ORIENTED_EDGE('',*,*,#2289,.T.);
#3172=ORIENTED_EDGE('',*,*,#2295,.T.);
#3173=ORIENTED_EDGE('',*,*,#2296,.F.);
#3174=ORIENTED_EDGE('',*,*,#2297,.T.);
#3175=ORIENTED_EDGE('',*,*,#2121,.T.);
#3176=ORIENTED_EDGE('',*,*,#2291,.F.);
#3177=ORIENTED_EDGE('',*,*,#2159,.T.);
#3178=ORIENTED_EDGE('',*,*,#2298,.F.);
#3179=ORIENTED_EDGE('',*,*,#2295,.F.);
#3180=ORIENTED_EDGE('',*,*,#2158,.T.);
#3181=ORIENTED_EDGE('',*,*,#2299,.T.);
#3182=ORIENTED_EDGE('',*,*,#2296,.T.);
#3183=ORIENTED_EDGE('',*,*,#2298,.T.);
#3184=ORIENTED_EDGE('',*,*,#2299,.F.);
#3185=ORIENTED_EDGE('',*,*,#2157,.T.);
#3186=ORIENTED_EDGE('',*,*,#2156,.T.);
#3187=ORIENTED_EDGE('',*,*,#2122,.F.);
#3188=ORIENTED_EDGE('',*,*,#2297,.F.);
#3189=ORIENTED_EDGE('',*,*,#2111,.T.);
#3190=ORIENTED_EDGE('',*,*,#2300,.F.);
#3191=ORIENTED_EDGE('',*,*,#2301,.T.);
#3192=ORIENTED_EDGE('',*,*,#2195,.T.);
#3193=ORIENTED_EDGE('',*,*,#2115,.T.);
#3194=ORIENTED_EDGE('',*,*,#2302,.F.);
#3195=ORIENTED_EDGE('',*,*,#2303,.T.);
#3196=ORIENTED_EDGE('',*,*,#2304,.T.);
#3197=ORIENTED_EDGE('',*,*,#2305,.T.);
#3198=ORIENTED_EDGE('',*,*,#2306,.F.);
#3199=ORIENTED_EDGE('',*,*,#2307,.F.);
#3200=ORIENTED_EDGE('',*,*,#1926,.T.);
#3201=ORIENTED_EDGE('',*,*,#2308,.T.);
#3202=ORIENTED_EDGE('',*,*,#2309,.T.);
#3203=ORIENTED_EDGE('',*,*,#2300,.T.);
#3204=ORIENTED_EDGE('',*,*,#2114,.F.);
#3205=ORIENTED_EDGE('',*,*,#2310,.T.);
#3206=ORIENTED_EDGE('',*,*,#2193,.F.);
#3207=ORIENTED_EDGE('',*,*,#2311,.F.);
#3208=ORIENTED_EDGE('',*,*,#2310,.F.);
#3209=ORIENTED_EDGE('',*,*,#2113,.F.);
#3210=ORIENTED_EDGE('',*,*,#2194,.T.);
#3211=ORIENTED_EDGE('',*,*,#2192,.T.);
#3212=ORIENTED_EDGE('',*,*,#2312,.T.);
#3213=ORIENTED_EDGE('',*,*,#2302,.T.);
#3214=ORIENTED_EDGE('',*,*,#2311,.T.);
#3215=ORIENTED_EDGE('',*,*,#2312,.F.);
#3216=ORIENTED_EDGE('',*,*,#2191,.F.);
#3217=ORIENTED_EDGE('',*,*,#2313,.F.);
#3218=ORIENTED_EDGE('',*,*,#2303,.F.);
#3219=ORIENTED_EDGE('',*,*,#2304,.F.);
#3220=ORIENTED_EDGE('',*,*,#2313,.T.);
#3221=ORIENTED_EDGE('',*,*,#2190,.T.);
#3222=ORIENTED_EDGE('',*,*,#2314,.T.);
#3223=ORIENTED_EDGE('',*,*,#2314,.F.);
#3224=ORIENTED_EDGE('',*,*,#2189,.F.);
#3225=ORIENTED_EDGE('',*,*,#2315,.F.);
#3226=ORIENTED_EDGE('',*,*,#2305,.F.);
#3227=ORIENTED_EDGE('',*,*,#2064,.F.);
#3228=ORIENTED_EDGE('',*,*,#2316,.F.);
#3229=ORIENTED_EDGE('',*,*,#2317,.F.);
#3230=ORIENTED_EDGE('',*,*,#2318,.F.);
#3231=ORIENTED_EDGE('',*,*,#2319,.F.);
#3232=ORIENTED_EDGE('',*,*,#1847,.F.);
#3233=ORIENTED_EDGE('',*,*,#1832,.T.);
#3234=ORIENTED_EDGE('',*,*,#2320,.T.);
#3235=ORIENTED_EDGE('',*,*,#2175,.T.);
#3236=ORIENTED_EDGE('',*,*,#2321,.T.);
#3237=ORIENTED_EDGE('',*,*,#1842,.F.);
#3238=ORIENTED_EDGE('',*,*,#1833,.F.);
#3239=ORIENTED_EDGE('',*,*,#2321,.F.);
#3240=ORIENTED_EDGE('',*,*,#2174,.T.);
#3241=ORIENTED_EDGE('',*,*,#2322,.F.);
#3242=ORIENTED_EDGE('',*,*,#2316,.T.);
#3243=ORIENTED_EDGE('',*,*,#2063,.F.);
#3244=ORIENTED_EDGE('',*,*,#1886,.F.);
#3245=ORIENTED_EDGE('',*,*,#1830,.T.);
#3246=ORIENTED_EDGE('',*,*,#1841,.T.);
#3247=ORIENTED_EDGE('',*,*,#2177,.T.);
#3248=ORIENTED_EDGE('',*,*,#2323,.T.);
#3249=ORIENTED_EDGE('',*,*,#2069,.T.);
#3250=ORIENTED_EDGE('',*,*,#2324,.T.);
#3251=ORIENTED_EDGE('',*,*,#2178,.T.);
#3252=ORIENTED_EDGE('',*,*,#1839,.T.);
#3253=ORIENTED_EDGE('',*,*,#2317,.T.);
#3254=ORIENTED_EDGE('',*,*,#2322,.T.);
#3255=ORIENTED_EDGE('',*,*,#2173,.T.);
#3256=ORIENTED_EDGE('',*,*,#2325,.T.);
#3257=ORIENTED_EDGE('',*,*,#1826,.F.);
#3258=ORIENTED_EDGE('',*,*,#1857,.T.);
#3259=ORIENTED_EDGE('',*,*,#2065,.F.);
#3260=ORIENTED_EDGE('',*,*,#1836,.T.);
#3261=ORIENTED_EDGE('',*,*,#2197,.F.);
#3262=ORIENTED_EDGE('',*,*,#2326,.T.);
#3263=ORIENTED_EDGE('',*,*,#2327,.T.);
#3264=ORIENTED_EDGE('',*,*,#2326,.F.);
#3265=ORIENTED_EDGE('',*,*,#2327,.F.);
#3266=ORIENTED_EDGE('',*,*,#2198,.F.);
#3267=ORIENTED_EDGE('',*,*,#2328,.T.);
#3268=ORIENTED_EDGE('',*,*,#2329,.T.);
#3269=ORIENTED_EDGE('',*,*,#2328,.F.);
#3270=ORIENTED_EDGE('',*,*,#2329,.F.);
#3271=ORIENTED_EDGE('',*,*,#2017,.F.);
#3272=ORIENTED_EDGE('',*,*,#2330,.T.);
#3273=ORIENTED_EDGE('',*,*,#2150,.T.);
#3274=ORIENTED_EDGE('',*,*,#2331,.T.);
#3275=ORIENTED_EDGE('',*,*,#2331,.F.);
#3276=ORIENTED_EDGE('',*,*,#2149,.F.);
#3277=ORIENTED_EDGE('',*,*,#2332,.F.);
#3278=ORIENTED_EDGE('',*,*,#2018,.T.);
#3279=ORIENTED_EDGE('',*,*,#2019,.F.);
#3280=ORIENTED_EDGE('',*,*,#2332,.T.);
#3281=ORIENTED_EDGE('',*,*,#2148,.T.);
#3282=ORIENTED_EDGE('',*,*,#2007,.T.);
#3283=ORIENTED_EDGE('',*,*,#2023,.F.);
#3284=ORIENTED_EDGE('',*,*,#2151,.F.);
#3285=ORIENTED_EDGE('',*,*,#2330,.F.);
#3286=ORIENTED_EDGE('',*,*,#2016,.T.);
#3287=ORIENTED_EDGE('',*,*,#2030,.F.);
#3288=ORIENTED_EDGE('',*,*,#2155,.T.);
#3289=ORIENTED_EDGE('',*,*,#2216,.F.);
#3290=ORIENTED_EDGE('',*,*,#2219,.F.);
#3291=ORIENTED_EDGE('',*,*,#1993,.T.);
#3292=ORIENTED_EDGE('',*,*,#2333,.F.);
#3293=ORIENTED_EDGE('',*,*,#2308,.F.);
#3294=ORIENTED_EDGE('',*,*,#1925,.F.);
#3295=ORIENTED_EDGE('',*,*,#2011,.F.);
#3296=ORIENTED_EDGE('',*,*,#2222,.T.);
#3297=ORIENTED_EDGE('',*,*,#2125,.F.);
#3298=ORIENTED_EDGE('',*,*,#1997,.F.);
#3299=ORIENTED_EDGE('',*,*,#2196,.F.);
#3300=ORIENTED_EDGE('',*,*,#2301,.F.);
#3301=ORIENTED_EDGE('',*,*,#2309,.F.);
#3302=ORIENTED_EDGE('',*,*,#2333,.T.);
#3303=ORIENTED_EDGE('',*,*,#2004,.F.);
#3304=ORIENTED_EDGE('',*,*,#2147,.F.);
#3305=ORIENTED_EDGE('',*,*,#2141,.F.);
#3306=ORIENTED_EDGE('',*,*,#2144,.F.);
#3307=ORIENTED_EDGE('',*,*,#2081,.F.);
#3308=ORIENTED_EDGE('',*,*,#2334,.T.);
#3309=ORIENTED_EDGE('',*,*,#2169,.T.);
#3310=ORIENTED_EDGE('',*,*,#2335,.T.);
#3311=ORIENTED_EDGE('',*,*,#2336,.T.);
#3312=ORIENTED_EDGE('',*,*,#2337,.T.);
#3313=ORIENTED_EDGE('',*,*,#2092,.T.);
#3314=ORIENTED_EDGE('',*,*,#2087,.F.);
#3315=ORIENTED_EDGE('',*,*,#2338,.F.);
#3316=ORIENTED_EDGE('',*,*,#2339,.F.);
#3317=ORIENTED_EDGE('',*,*,#2340,.T.);
#3318=ORIENTED_EDGE('',*,*,#1962,.F.);
#3319=ORIENTED_EDGE('',*,*,#1977,.T.);
#3320=ORIENTED_EDGE('',*,*,#1893,.F.);
#3321=ORIENTED_EDGE('',*,*,#1899,.F.);
#3322=ORIENTED_EDGE('',*,*,#1904,.F.);
#3323=ORIENTED_EDGE('',*,*,#2340,.F.);
#3324=ORIENTED_EDGE('',*,*,#2341,.F.);
#3325=ORIENTED_EDGE('',*,*,#2093,.F.);
#3326=ORIENTED_EDGE('',*,*,#2337,.F.);
#3327=ORIENTED_EDGE('',*,*,#2342,.T.);
#3328=ORIENTED_EDGE('',*,*,#1959,.F.);
#3329=ORIENTED_EDGE('',*,*,#2342,.F.);
#3330=ORIENTED_EDGE('',*,*,#2336,.F.);
#3331=ORIENTED_EDGE('',*,*,#2343,.T.);
#3332=ORIENTED_EDGE('',*,*,#1980,.T.);
#3333=ORIENTED_EDGE('',*,*,#2343,.F.);
#3334=ORIENTED_EDGE('',*,*,#2335,.F.);
#3335=ORIENTED_EDGE('',*,*,#2168,.F.);
#3336=ORIENTED_EDGE('',*,*,#1981,.F.);
#3337=ORIENTED_EDGE('',*,*,#2182,.F.);
#3338=ORIENTED_EDGE('',*,*,#2344,.F.);
#3339=ORIENTED_EDGE('',*,*,#2338,.T.);
#3340=ORIENTED_EDGE('',*,*,#1976,.F.);
#3341=ORIENTED_EDGE('',*,*,#2071,.F.);
#3342=ORIENTED_EDGE('',*,*,#2096,.F.);
#3343=ORIENTED_EDGE('',*,*,#2094,.T.);
#3344=ORIENTED_EDGE('',*,*,#2341,.T.);
#3345=ORIENTED_EDGE('',*,*,#2339,.T.);
#3346=ORIENTED_EDGE('',*,*,#2344,.T.);
#3347=ORIENTED_EDGE('',*,*,#2181,.T.);
#3348=ORIENTED_EDGE('',*,*,#2077,.T.);
#3349=ORIENTED_EDGE('',*,*,#2162,.F.);
#3350=ORIENTED_EDGE('',*,*,#2345,.T.);
#3351=ORIENTED_EDGE('',*,*,#2293,.T.);
#3352=ORIENTED_EDGE('',*,*,#2346,.T.);
#3353=ORIENTED_EDGE('',*,*,#2273,.T.);
#3354=ORIENTED_EDGE('',*,*,#1983,.F.);
#3355=ORIENTED_EDGE('',*,*,#2167,.F.);
#3356=ORIENTED_EDGE('',*,*,#2046,.F.);
#3357=ORIENTED_EDGE('',*,*,#1964,.T.);
#3358=ORIENTED_EDGE('',*,*,#2188,.F.);
#3359=ORIENTED_EDGE('',*,*,#2347,.F.);
#3360=ORIENTED_EDGE('',*,*,#2348,.T.);
#3361=ORIENTED_EDGE('',*,*,#2306,.T.);
#3362=ORIENTED_EDGE('',*,*,#2315,.T.);
#3363=ORIENTED_EDGE('',*,*,#1984,.F.);
#3364=ORIENTED_EDGE('',*,*,#1910,.T.);
#3365=ORIENTED_EDGE('',*,*,#2349,.F.);
#3366=ORIENTED_EDGE('',*,*,#2347,.T.);
#3367=ORIENTED_EDGE('',*,*,#2187,.F.);
#3368=ORIENTED_EDGE('',*,*,#2290,.F.);
#3369=ORIENTED_EDGE('',*,*,#2294,.F.);
#3370=ORIENTED_EDGE('',*,*,#2345,.F.);
#3371=ORIENTED_EDGE('',*,*,#2161,.F.);
#3372=ORIENTED_EDGE('',*,*,#1921,.T.);
#3373=ORIENTED_EDGE('',*,*,#1973,.T.);
#3374=ORIENTED_EDGE('',*,*,#2274,.T.);
#3375=ORIENTED_EDGE('',*,*,#2346,.F.);
#3376=ORIENTED_EDGE('',*,*,#2292,.F.);
#3377=ORIENTED_EDGE('',*,*,#1927,.T.);
#3378=ORIENTED_EDGE('',*,*,#2307,.T.);
#3379=ORIENTED_EDGE('',*,*,#2348,.F.);
#3380=ORIENTED_EDGE('',*,*,#2349,.T.);
#3381=ORIENTED_EDGE('',*,*,#1909,.F.);
#3382=ORIENTED_EDGE('',*,*,#2171,.F.);
#3383=ORIENTED_EDGE('',*,*,#2350,.F.);
#3384=ORIENTED_EDGE('',*,*,#2351,.F.);
#3385=ORIENTED_EDGE('',*,*,#2352,.F.);
#3386=ORIENTED_EDGE('',*,*,#2080,.F.);
#3387=ORIENTED_EDGE('',*,*,#2086,.F.);
#3388=ORIENTED_EDGE('',*,*,#2350,.T.);
#3389=ORIENTED_EDGE('',*,*,#2170,.F.);
#3390=ORIENTED_EDGE('',*,*,#2334,.F.);
#3391=ORIENTED_EDGE('',*,*,#2180,.F.);
#3392=ORIENTED_EDGE('',*,*,#2353,.F.);
#3393=ORIENTED_EDGE('',*,*,#2354,.F.);
#3394=ORIENTED_EDGE('',*,*,#2079,.T.);
#3395=ORIENTED_EDGE('',*,*,#2325,.F.);
#3396=ORIENTED_EDGE('',*,*,#2172,.T.);
#3397=ORIENTED_EDGE('',*,*,#2352,.T.);
#3398=ORIENTED_EDGE('',*,*,#2318,.T.);
#3399=ORIENTED_EDGE('',*,*,#2351,.T.);
#3400=ORIENTED_EDGE('',*,*,#2085,.F.);
#3401=ORIENTED_EDGE('',*,*,#1848,.F.);
#3402=ORIENTED_EDGE('',*,*,#2319,.T.);
#3403=ORIENTED_EDGE('',*,*,#2354,.T.);
#3404=ORIENTED_EDGE('',*,*,#2067,.F.);
#3405=ORIENTED_EDGE('',*,*,#1854,.F.);
#3406=ORIENTED_EDGE('',*,*,#2075,.T.);
#3407=ORIENTED_EDGE('',*,*,#2320,.F.);
#3408=ORIENTED_EDGE('',*,*,#1831,.F.);
#3409=ORIENTED_EDGE('',*,*,#2323,.F.);
#3410=ORIENTED_EDGE('',*,*,#2176,.T.);
#3411=ORIENTED_EDGE('',*,*,#2324,.F.);
#3412=ORIENTED_EDGE('',*,*,#2068,.T.);
#3413=ORIENTED_EDGE('',*,*,#2353,.T.);
#3414=ORIENTED_EDGE('',*,*,#2179,.T.);
#3415=CYLINDRICAL_SURFACE('',#3705,9.);
#3416=CYLINDRICAL_SURFACE('',#3713,9.);
#3417=CYLINDRICAL_SURFACE('',#3770,1.5);
#3418=CYLINDRICAL_SURFACE('',#3773,1.5);
#3419=CYLINDRICAL_SURFACE('',#3775,1.5);
#3420=CYLINDRICAL_SURFACE('',#3779,1.5);
#3421=CYLINDRICAL_SURFACE('',#3789,1.5);
#3422=CYLINDRICAL_SURFACE('',#3792,1.5);
#3423=CYLINDRICAL_SURFACE('',#3798,1.5);
#3424=CYLINDRICAL_SURFACE('',#3801,1.5);
#3425=CYLINDRICAL_SURFACE('',#3807,3.);
#3426=CYLINDRICAL_SURFACE('',#3813,3.00000000000001);
#3427=CYLINDRICAL_SURFACE('',#3816,5.);
#3428=CYLINDRICAL_SURFACE('',#3818,5.);
#3429=CYLINDRICAL_SURFACE('',#3830,4.5);
#3430=CYLINDRICAL_SURFACE('',#3832,4.5);
#3431=CYLINDRICAL_SURFACE('',#3834,3.);
#3432=CYLINDRICAL_SURFACE('',#3836,3.);
#3433=CYLINDRICAL_SURFACE('',#3838,3.);
#3434=CYLINDRICAL_SURFACE('',#3840,3.);
#3435=CYLINDRICAL_SURFACE('',#3848,3.);
#3436=CYLINDRICAL_SURFACE('',#3851,2.5);
#3437=CYLINDRICAL_SURFACE('',#3854,2.5);
#3438=CYLINDRICAL_SURFACE('',#3860,2.5);
#3439=CYLINDRICAL_SURFACE('',#3862,2.5);
#3440=CYLINDRICAL_SURFACE('',#3867,2.5);
#3441=CYLINDRICAL_SURFACE('',#3869,2.5);
#3442=CYLINDRICAL_SURFACE('',#3870,2.5);
#3443=CYLINDRICAL_SURFACE('',#3896,2.5);
#3444=CYLINDRICAL_SURFACE('',#3902,2.5);
#3445=CYLINDRICAL_SURFACE('',#3903,2.5);
#3446=CYLINDRICAL_SURFACE('',#3904,2.5);
#3447=CYLINDRICAL_SURFACE('',#3910,2.5);
#3448=CYLINDRICAL_SURFACE('',#3911,2.5);
#3449=CYLINDRICAL_SURFACE('',#3912,2.5);
#3450=CYLINDRICAL_SURFACE('',#3918,2.5);
#3451=CYLINDRICAL_SURFACE('',#3921,2.5);
#3452=CYLINDRICAL_SURFACE('',#3922,2.5);
#3453=CYLINDRICAL_SURFACE('',#3927,2.5);
#3454=CYLINDRICAL_SURFACE('',#3930,2.5);
#3455=CYLINDRICAL_SURFACE('',#3934,2.5);
#3456=CYLINDRICAL_SURFACE('',#3936,2.50000000000001);
#3457=CYLINDRICAL_SURFACE('',#3937,2.5);
#3458=CYLINDRICAL_SURFACE('',#3939,2.5);
#3459=CYLINDRICAL_SURFACE('',#3941,2.5);
#3460=CYLINDRICAL_SURFACE('',#3946,2.5);
#3461=CYLINDRICAL_SURFACE('',#3948,2.5);
#3462=CYLINDRICAL_SURFACE('',#3952,2.49999999968065);
#3463=CYLINDRICAL_SURFACE('',#3954,2.49999999999999);
#3464=CYLINDRICAL_SURFACE('',#3958,2.99999999999999);
#3465=CYLINDRICAL_SURFACE('',#3963,3.);
#3466=CYLINDRICAL_SURFACE('',#3965,3.15);
#3467=CYLINDRICAL_SURFACE('',#3968,3.15);
#3468=CYLINDRICAL_SURFACE('',#3976,2.);
#3469=CYLINDRICAL_SURFACE('',#3978,2.);
#3470=CYLINDRICAL_SURFACE('',#3980,2.);
#3471=CYLINDRICAL_SURFACE('',#3982,2.);
#3472=CYLINDRICAL_SURFACE('',#3984,2.);
#3473=CYLINDRICAL_SURFACE('',#3986,2.);
#3474=CYLINDRICAL_SURFACE('',#3988,1.4);
#3475=CYLINDRICAL_SURFACE('',#3990,1.4);
#3476=CYLINDRICAL_SURFACE('',#3992,3.);
#3477=CYLINDRICAL_SURFACE('',#3997,3.);
#3478=CYLINDRICAL_SURFACE('',#3999,3.);
#3479=CYLINDRICAL_SURFACE('',#4005,3.);
#3480=CYLINDRICAL_SURFACE('',#4007,3.);
#3481=CYLINDRICAL_SURFACE('',#4011,5.);
#3482=CYLINDRICAL_SURFACE('',#4013,5.);
#3483=CYLINDRICAL_SURFACE('',#4014,5.);
#3484=CYLINDRICAL_SURFACE('',#4015,5.);
#3485=CYLINDRICAL_SURFACE('',#4017,3.15);
#3486=CYLINDRICAL_SURFACE('',#4020,3.15);
#3487=CYLINDRICAL_SURFACE('',#4023,4.);
#3488=CYLINDRICAL_SURFACE('',#4025,4.);
#3489=ADVANCED_FACE('',(#257),#3415,.T.);
#3490=ADVANCED_FACE('',(#258),#141,.T.);
#3491=ADVANCED_FACE('',(#259),#142,.T.);
#3492=ADVANCED_FACE('',(#260),#3416,.T.);
#3493=ADVANCED_FACE('',(#261,#27,#28,#29),#143,.T.);
#3494=ADVANCED_FACE('',(#262),#144,.T.);
#3495=ADVANCED_FACE('',(#263),#145,.T.);
#3496=ADVANCED_FACE('',(#264),#146,.T.);
#3497=ADVANCED_FACE('',(#265),#147,.T.);
#3498=ADVANCED_FACE('',(#266),#148,.T.);
#3499=ADVANCED_FACE('',(#267),#149,.T.);
#3500=ADVANCED_FACE('',(#268),#150,.T.);
#3501=ADVANCED_FACE('',(#269,#30,#31,#32),#151,.F.);
#3502=ADVANCED_FACE('',(#270),#152,.T.);
#3503=ADVANCED_FACE('',(#271),#153,.F.);
#3504=ADVANCED_FACE('',(#272),#154,.F.);
#3505=ADVANCED_FACE('',(#273),#155,.T.);
#3506=ADVANCED_FACE('',(#274),#156,.T.);
#3507=ADVANCED_FACE('',(#275),#157,.T.);
#3508=ADVANCED_FACE('',(#276),#158,.T.);
#3509=ADVANCED_FACE('',(#277),#3417,.F.);
#3510=ADVANCED_FACE('',(#278),#159,.T.);
#3511=ADVANCED_FACE('',(#279),#3418,.F.);
#3512=ADVANCED_FACE('',(#280),#3419,.F.);
#3513=ADVANCED_FACE('',(#281),#160,.T.);
#3514=ADVANCED_FACE('',(#282),#3420,.F.);
#3515=ADVANCED_FACE('',(#283),#161,.F.);
#3516=ADVANCED_FACE('',(#284),#162,.F.);
#3517=ADVANCED_FACE('',(#285),#3421,.F.);
#3518=ADVANCED_FACE('',(#286),#163,.T.);
#3519=ADVANCED_FACE('',(#287),#3422,.F.);
#3520=ADVANCED_FACE('',(#288),#164,.F.);
#3521=ADVANCED_FACE('',(#289),#165,.F.);
#3522=ADVANCED_FACE('',(#290),#3423,.F.);
#3523=ADVANCED_FACE('',(#291),#166,.T.);
#3524=ADVANCED_FACE('',(#292),#3424,.F.);
#3525=ADVANCED_FACE('',(#293),#167,.T.);
#3526=ADVANCED_FACE('',(#294),#23,.T.);
#3527=ADVANCED_FACE('',(#295),#3425,.T.);
#3528=ADVANCED_FACE('',(#296),#168,.F.);
#3529=ADVANCED_FACE('',(#297),#24,.T.);
#3530=ADVANCED_FACE('',(#298),#3426,.T.);
#3531=ADVANCED_FACE('',(#299),#169,.F.);
#3532=ADVANCED_FACE('',(#300),#3427,.T.);
#3533=ADVANCED_FACE('',(#301),#3428,.T.);
#3534=ADVANCED_FACE('',(#302),#170,.F.);
#3535=ADVANCED_FACE('',(#303),#171,.T.);
#3536=ADVANCED_FACE('',(#304),#172,.F.);
#3537=ADVANCED_FACE('',(#305),#173,.F.);
#3538=ADVANCED_FACE('',(#306),#174,.T.);
#3539=ADVANCED_FACE('',(#307),#175,.F.);
#3540=ADVANCED_FACE('',(#308),#176,.T.);
#3541=ADVANCED_FACE('',(#309),#177,.T.);
#3542=ADVANCED_FACE('',(#310),#178,.F.);
#3543=ADVANCED_FACE('',(#311),#179,.T.);
#3544=ADVANCED_FACE('',(#312),#3429,.F.);
#3545=ADVANCED_FACE('',(#313),#180,.F.);
#3546=ADVANCED_FACE('',(#314),#3430,.F.);
#3547=ADVANCED_FACE('',(#315),#181,.F.);
#3548=ADVANCED_FACE('',(#316),#3431,.F.);
#3549=ADVANCED_FACE('',(#317),#182,.F.);
#3550=ADVANCED_FACE('',(#318),#3432,.F.);
#3551=ADVANCED_FACE('',(#319),#183,.F.);
#3552=ADVANCED_FACE('',(#320),#3433,.F.);
#3553=ADVANCED_FACE('',(#321),#184,.F.);
#3554=ADVANCED_FACE('',(#322),#3434,.F.);
#3555=ADVANCED_FACE('',(#323),#185,.F.);
#3556=ADVANCED_FACE('',(#324),#186,.F.);
#3557=ADVANCED_FACE('',(#325),#187,.F.);
#3558=ADVANCED_FACE('',(#326),#188,.F.);
#3559=ADVANCED_FACE('',(#327),#189,.F.);
#3560=ADVANCED_FACE('',(#328),#3435,.F.);
#3561=ADVANCED_FACE('',(#329),#3436,.T.);
#3562=ADVANCED_FACE('',(#330),#3437,.T.);
#3563=ADVANCED_FACE('',(#331),#15,.T.);
#3564=ADVANCED_FACE('',(#332),#3438,.T.);
#3565=ADVANCED_FACE('',(#333),#3439,.T.);
#3566=ADVANCED_FACE('',(#334),#16,.T.);
#3567=ADVANCED_FACE('',(#335),#3440,.T.);
#3568=ADVANCED_FACE('',(#336),#3441,.T.);
#3569=ADVANCED_FACE('',(#337),#3442,.T.);
#3570=ADVANCED_FACE('',(#338),#190,.T.);
#3571=ADVANCED_FACE('',(#339,#33,#34,#35,#36,#37,#38,#39,#40),#191,.F.);
#3572=ADVANCED_FACE('',(#340),#3443,.T.);
#3573=ADVANCED_FACE('',(#341),#17,.T.);
#3574=ADVANCED_FACE('',(#342),#3444,.T.);
#3575=ADVANCED_FACE('',(#343),#3445,.T.);
#3576=ADVANCED_FACE('',(#344),#3446,.T.);
#3577=ADVANCED_FACE('',(#345),#18,.T.);
#3578=ADVANCED_FACE('',(#346),#3447,.T.);
#3579=ADVANCED_FACE('',(#347),#3448,.T.);
#3580=ADVANCED_FACE('',(#348),#3449,.T.);
#3581=ADVANCED_FACE('',(#349),#192,.T.);
#3582=ADVANCED_FACE('',(#350),#193,.T.);
#3583=ADVANCED_FACE('',(#351),#194,.T.);
#3584=ADVANCED_FACE('',(#352),#195,.T.);
#3585=ADVANCED_FACE('',(#353),#196,.T.);
#3586=ADVANCED_FACE('',(#354),#3450,.T.);
#3587=ADVANCED_FACE('',(#355),#3451,.T.);
#3588=ADVANCED_FACE('',(#356),#3452,.T.);
#3589=ADVANCED_FACE('',(#357),#19,.T.);
#3590=ADVANCED_FACE('',(#358),#3453,.T.);
#3591=ADVANCED_FACE('',(#359),#3454,.T.);
#3592=ADVANCED_FACE('',(#360),#20,.T.);
#3593=ADVANCED_FACE('',(#361),#197,.T.);
#3594=ADVANCED_FACE('',(#362),#3455,.T.);
#3595=ADVANCED_FACE('',(#363),#198,.T.);
#3596=ADVANCED_FACE('',(#364),#3456,.T.);
#3597=ADVANCED_FACE('',(#365),#3457,.T.);
#3598=ADVANCED_FACE('',(#366),#3458,.T.);
#3599=ADVANCED_FACE('',(#367),#3459,.T.);
#3600=ADVANCED_FACE('',(#368),#21,.T.);
#3601=ADVANCED_FACE('',(#369),#3460,.T.);
#3602=ADVANCED_FACE('',(#370),#3461,.T.);
#3603=ADVANCED_FACE('',(#371),#22,.T.);
#3604=ADVANCED_FACE('',(#372),#3462,.T.);
#3605=ADVANCED_FACE('',(#373),#199,.T.);
#3606=ADVANCED_FACE('',(#374),#3463,.T.);
#3607=ADVANCED_FACE('',(#375),#25,.T.);
#3608=ADVANCED_FACE('',(#376),#3464,.T.);
#3609=ADVANCED_FACE('',(#377),#200,.F.);
#3610=ADVANCED_FACE('',(#378),#26,.T.);
#3611=ADVANCED_FACE('',(#379),#3465,.T.);
#3612=ADVANCED_FACE('',(#380),#201,.F.);
#3613=ADVANCED_FACE('',(#381),#3466,.F.);
#3614=ADVANCED_FACE('',(#382),#202,.F.);
#3615=ADVANCED_FACE('',(#383),#3467,.F.);
#3616=ADVANCED_FACE('',(#384),#203,.F.);
#3617=ADVANCED_FACE('',(#385),#204,.F.);
#3618=ADVANCED_FACE('',(#386),#205,.F.);
#3619=ADVANCED_FACE('',(#387),#206,.F.);
#3620=ADVANCED_FACE('',(#388),#207,.F.);
#3621=ADVANCED_FACE('',(#389),#208,.T.);
#3622=ADVANCED_FACE('',(#390),#3468,.F.);
#3623=ADVANCED_FACE('',(#391),#209,.F.);
#3624=ADVANCED_FACE('',(#392),#3469,.F.);
#3625=ADVANCED_FACE('',(#393),#210,.F.);
#3626=ADVANCED_FACE('',(#394),#3470,.F.);
#3627=ADVANCED_FACE('',(#395),#211,.F.);
#3628=ADVANCED_FACE('',(#396),#3471,.F.);
#3629=ADVANCED_FACE('',(#397),#212,.F.);
#3630=ADVANCED_FACE('',(#398),#3472,.F.);
#3631=ADVANCED_FACE('',(#399),#213,.F.);
#3632=ADVANCED_FACE('',(#400),#3473,.F.);
#3633=ADVANCED_FACE('',(#401),#214,.F.);
#3634=ADVANCED_FACE('',(#402),#3474,.F.);
#3635=ADVANCED_FACE('',(#403),#215,.F.);
#3636=ADVANCED_FACE('',(#404),#3475,.F.);
#3637=ADVANCED_FACE('',(#405),#216,.F.);
#3638=ADVANCED_FACE('',(#406),#3476,.F.);
#3639=ADVANCED_FACE('',(#407),#217,.T.);
#3640=ADVANCED_FACE('',(#408),#218,.T.);
#3641=ADVANCED_FACE('',(#409),#3477,.T.);
#3642=ADVANCED_FACE('',(#410),#219,.T.);
#3643=ADVANCED_FACE('',(#411),#3478,.F.);
#3644=ADVANCED_FACE('',(#412),#220,.T.);
#3645=ADVANCED_FACE('',(#413),#221,.T.);
#3646=ADVANCED_FACE('',(#414),#3479,.T.);
#3647=ADVANCED_FACE('',(#415),#222,.T.);
#3648=ADVANCED_FACE('',(#416),#3480,.F.);
#3649=ADVANCED_FACE('',(#417),#223,.F.);
#3650=ADVANCED_FACE('',(#418),#224,.F.);
#3651=ADVANCED_FACE('',(#419),#3481,.T.);
#3652=ADVANCED_FACE('',(#420),#225,.T.);
#3653=ADVANCED_FACE('',(#421),#3482,.T.);
#3654=ADVANCED_FACE('',(#422),#3483,.T.);
#3655=ADVANCED_FACE('',(#423),#3484,.T.);
#3656=ADVANCED_FACE('',(#424),#226,.T.);
#3657=ADVANCED_FACE('',(#425),#3485,.F.);
#3658=ADVANCED_FACE('',(#426),#227,.F.);
#3659=ADVANCED_FACE('',(#427),#3486,.F.);
#3660=ADVANCED_FACE('',(#428),#228,.F.);
#3661=ADVANCED_FACE('',(#429),#3487,.F.);
#3662=ADVANCED_FACE('',(#430),#229,.F.);
#3663=ADVANCED_FACE('',(#431),#3488,.F.);
#3664=ADVANCED_FACE('',(#432),#230,.F.);
#3665=ADVANCED_FACE('',(#433),#231,.T.);
#3666=ADVANCED_FACE('',(#434),#232,.F.);
#3667=ADVANCED_FACE('',(#435),#233,.F.);
#3668=ADVANCED_FACE('',(#436),#234,.T.);
#3669=ADVANCED_FACE('',(#437),#235,.T.);
#3670=ADVANCED_FACE('',(#438),#236,.F.);
#3671=ADVANCED_FACE('',(#439),#237,.F.);
#3672=ADVANCED_FACE('',(#440),#238,.F.);
#3673=ADVANCED_FACE('',(#441),#239,.F.);
#3674=ADVANCED_FACE('',(#442),#240,.F.);
#3675=ADVANCED_FACE('',(#443),#241,.T.);
#3676=ADVANCED_FACE('',(#444),#242,.T.);
#3677=ADVANCED_FACE('',(#445),#243,.T.);
#3678=ADVANCED_FACE('',(#446),#244,.T.);
#3679=ADVANCED_FACE('',(#447),#245,.T.);
#3680=ADVANCED_FACE('',(#448),#246,.F.);
#3681=ADVANCED_FACE('',(#449),#247,.T.);
#3682=ADVANCED_FACE('',(#450),#248,.T.);
#3683=ADVANCED_FACE('',(#451),#249,.F.);
#3684=ADVANCED_FACE('',(#452),#250,.F.);
#3685=ADVANCED_FACE('',(#453),#251,.F.);
#3686=ADVANCED_FACE('',(#454),#252,.T.);
#3687=ADVANCED_FACE('',(#455),#253,.F.);
#3688=ADVANCED_FACE('',(#456),#254,.F.);
#3689=ADVANCED_FACE('',(#457),#255,.T.);
#3690=ADVANCED_FACE('',(#458),#256,.T.);
#3691=CLOSED_SHELL('',(#3489,#3490,#3491,#3492,#3493,#3494,#3495,#3496,
#3497,#3498,#3499,#3500,#3501,#3502,#3503,#3504,#3505,#3506,#3507,#3508,
#3509,#3510,#3511,#3512,#3513,#3514,#3515,#3516,#3517,#3518,#3519,#3520,
#3521,#3522,#3523,#3524,#3525,#3526,#3527,#3528,#3529,#3530,#3531,#3532,
#3533,#3534,#3535,#3536,#3537,#3538,#3539,#3540,#3541,#3542,#3543,#3544,
#3545,#3546,#3547,#3548,#3549,#3550,#3551,#3552,#3553,#3554,#3555,#3556,
#3557,#3558,#3559,#3560,#3561,#3562,#3563,#3564,#3565,#3566,#3567,#3568,
#3569,#3570,#3571,#3572,#3573,#3574,#3575,#3576,#3577,#3578,#3579,#3580,
#3581,#3582,#3583,#3584,#3585,#3586,#3587,#3588,#3589,#3590,#3591,#3592,
#3593,#3594,#3595,#3596,#3597,#3598,#3599,#3600,#3601,#3602,#3603,#3604,
#3605,#3606,#3607,#3608,#3609,#3610,#3611,#3612,#3613,#3614,#3615,#3616,
#3617,#3618,#3619,#3620,#3621,#3622,#3623,#3624,#3625,#3626,#3627,#3628,
#3629,#3630,#3631,#3632,#3633,#3634,#3635,#3636,#3637,#3638,#3639,#3640,
#3641,#3642,#3643,#3644,#3645,#3646,#3647,#3648,#3649,#3650,#3651,#3652,
#3653,#3654,#3655,#3656,#3657,#3658,#3659,#3660,#3661,#3662,#3663,#3664,
#3665,#3666,#3667,#3668,#3669,#3670,#3671,#3672,#3673,#3674,#3675,#3676,
#3677,#3678,#3679,#3680,#3681,#3682,#3683,#3684,#3685,#3686,#3687,#3688,
#3689,#3690));
#3692=DERIVED_UNIT_ELEMENT(#3694,1.);
#3693=DERIVED_UNIT_ELEMENT(#6209,-3.);
#3694=(
MASS_UNIT()
NAMED_UNIT(*)
SI_UNIT(.KILO.,.GRAM.)
);
#3695=DERIVED_UNIT((#3692,#3693));
#3696=MEASURE_REPRESENTATION_ITEM('density measure',
POSITIVE_RATIO_MEASURE(7850.),#3695);
#3697=PROPERTY_DEFINITION_REPRESENTATION(#3702,#3699);
#3698=PROPERTY_DEFINITION_REPRESENTATION(#3703,#3700);
#3699=REPRESENTATION('material name',(#3701),#6206);
#3700=REPRESENTATION('density',(#3696),#6206);
#3701=DESCRIPTIVE_REPRESENTATION_ITEM('Steel','Steel');
#3702=PROPERTY_DEFINITION('material property','material name',#6216);
#3703=PROPERTY_DEFINITION('material property','density of part',#6216);
#3704=AXIS2_PLACEMENT_3D('',#5135,#4053,#4054);
#3705=AXIS2_PLACEMENT_3D('',#5136,#4055,#4056);
#3706=AXIS2_PLACEMENT_3D('',#5139,#4057,#4058);
#3707=AXIS2_PLACEMENT_3D('',#5143,#4060,#4061);
#3708=AXIS2_PLACEMENT_3D('',#5145,#4063,#4064);
#3709=AXIS2_PLACEMENT_3D('',#5149,#4066,#4067);
#3710=AXIS2_PLACEMENT_3D('',#5153,#4069,#4070);
#3711=AXIS2_PLACEMENT_3D('',#5159,#4074,#4075);
#3712=AXIS2_PLACEMENT_3D('',#5163,#4077,#4078);
#3713=AXIS2_PLACEMENT_3D('',#5171,#4083,#4084);
#3714=AXIS2_PLACEMENT_3D('',#5173,#4085,#4086);
#3715=AXIS2_PLACEMENT_3D('',#5176,#4088,#4089);
#3716=AXIS2_PLACEMENT_3D('',#5177,#4090,#4091);
#3717=AXIS2_PLACEMENT_3D('',#5181,#4093,#4094);
#3718=AXIS2_PLACEMENT_3D('',#5201,#4104,#4105);
#3719=AXIS2_PLACEMENT_3D('',#5207,#4108,#4109);
#3720=AXIS2_PLACEMENT_3D('',#5211,#4111,#4112);
#3721=AXIS2_PLACEMENT_3D('',#5215,#4114,#4115);
#3722=AXIS2_PLACEMENT_3D('',#5219,#4117,#4118);
#3723=AXIS2_PLACEMENT_3D('',#5222,#4120,#4121);
#3724=AXIS2_PLACEMENT_3D('',#5227,#4123,#4124);
#3725=AXIS2_PLACEMENT_3D('',#5231,#4126,#4127);
#3726=AXIS2_PLACEMENT_3D('',#5235,#4129,#4130);
#3727=AXIS2_PLACEMENT_3D('',#5238,#4132,#4133);
#3728=AXIS2_PLACEMENT_3D('',#5243,#4135,#4136);
#3729=AXIS2_PLACEMENT_3D('',#5247,#4138,#4139);
#3730=AXIS2_PLACEMENT_3D('',#5251,#4141,#4142);
#3731=AXIS2_PLACEMENT_3D('',#5255,#4144,#4145);
#3732=AXIS2_PLACEMENT_3D('',#5258,#4147,#4148);
#3733=AXIS2_PLACEMENT_3D('',#5259,#4149,#4150);
#3734=AXIS2_PLACEMENT_3D('',#5263,#4153,#4154);
#3735=AXIS2_PLACEMENT_3D('',#5272,#4159,#4160);
#3736=AXIS2_PLACEMENT_3D('',#5284,#4167,#4168);
#3737=AXIS2_PLACEMENT_3D('',#5288,#4171,#4172);
#3738=AXIS2_PLACEMENT_3D('',#5298,#4178,#4179);
#3739=AXIS2_PLACEMENT_3D('',#5304,#4183,#4184);
#3740=AXIS2_PLACEMENT_3D('',#5312,#4188,#4189);
#3741=AXIS2_PLACEMENT_3D('',#5316,#4191,#4192);
#3742=AXIS2_PLACEMENT_3D('',#5320,#4194,#4195);
#3743=AXIS2_PLACEMENT_3D('',#5324,#4197,#4198);
#3744=AXIS2_PLACEMENT_3D('',#5328,#4201,#4202);
#3745=AXIS2_PLACEMENT_3D('',#5348,#4212,#4213);
#3746=AXIS2_PLACEMENT_3D('',#5352,#4215,#4216);
#3747=AXIS2_PLACEMENT_3D('',#5356,#4218,#4219);
#3748=AXIS2_PLACEMENT_3D('',#5360,#4221,#4222);
#3749=AXIS2_PLACEMENT_3D('',#5363,#4224,#4225);
#3750=AXIS2_PLACEMENT_3D('',#5368,#4227,#4228);
#3751=AXIS2_PLACEMENT_3D('',#5372,#4230,#4231);
#3752=AXIS2_PLACEMENT_3D('',#5376,#4233,#4234);
#3753=AXIS2_PLACEMENT_3D('',#5379,#4236,#4237);
#3754=AXIS2_PLACEMENT_3D('',#5384,#4239,#4240);
#3755=AXIS2_PLACEMENT_3D('',#5388,#4242,#4243);
#3756=AXIS2_PLACEMENT_3D('',#5392,#4245,#4246);
#3757=AXIS2_PLACEMENT_3D('',#5396,#4248,#4249);
#3758=AXIS2_PLACEMENT_3D('',#5399,#4251,#4252);
#3759=AXIS2_PLACEMENT_3D('',#5400,#4253,#4254);
#3760=AXIS2_PLACEMENT_3D('',#5406,#4258,#4259);
#3761=AXIS2_PLACEMENT_3D('',#5410,#4262,#4263);
#3762=AXIS2_PLACEMENT_3D('',#5414,#4266,#4267);
#3763=AXIS2_PLACEMENT_3D('',#5420,#4270,#4271);
#3764=AXIS2_PLACEMENT_3D('',#5424,#4273,#4274);
#3765=AXIS2_PLACEMENT_3D('',#5428,#4276,#4277);
#3766=AXIS2_PLACEMENT_3D('',#5432,#4279,#4280);
#3767=AXIS2_PLACEMENT_3D('',#5436,#4283,#4284);
#3768=AXIS2_PLACEMENT_3D('',#5444,#4289,#4290);
#3769=AXIS2_PLACEMENT_3D('',#5448,#4293,#4294);
#3770=AXIS2_PLACEMENT_3D('',#5456,#4299,#4300);
#3771=AXIS2_PLACEMENT_3D('',#5460,#4302,#4303);
#3772=AXIS2_PLACEMENT_3D('',#5462,#4305,#4306);
#3773=AXIS2_PLACEMENT_3D('',#5470,#4311,#4312);
#3774=AXIS2_PLACEMENT_3D('',#5473,#4314,#4315);
#3775=AXIS2_PLACEMENT_3D('',#5474,#4316,#4317);
#3776=AXIS2_PLACEMENT_3D('',#5477,#4318,#4319);
#3777=AXIS2_PLACEMENT_3D('',#5483,#4322,#4323);
#3778=AXIS2_PLACEMENT_3D('',#5485,#4325,#4326);
#3779=AXIS2_PLACEMENT_3D('',#5491,#4330,#4331);
#3780=AXIS2_PLACEMENT_3D('',#5494,#4332,#4333);
#3781=AXIS2_PLACEMENT_3D('',#5498,#4335,#4336);
#3782=AXIS2_PLACEMENT_3D('',#5502,#4339,#4340);
#3783=AXIS2_PLACEMENT_3D('',#5508,#4344,#4345);
#3784=AXIS2_PLACEMENT_3D('',#5510,#4346,#4347);
#3785=AXIS2_PLACEMENT_3D('',#5519,#4352,#4353);
#3786=AXIS2_PLACEMENT_3D('',#5521,#4354,#4355);
#3787=AXIS2_PLACEMENT_3D('',#5525,#4357,#4358);
#3788=AXIS2_PLACEMENT_3D('',#5528,#4360,#4361);
#3789=AXIS2_PLACEMENT_3D('',#5529,#4362,#4363);
#3790=AXIS2_PLACEMENT_3D('',#5535,#4366,#4367);
#3791=AXIS2_PLACEMENT_3D('',#5537,#4369,#4370);
#3792=AXIS2_PLACEMENT_3D('',#5543,#4374,#4375);
#3793=AXIS2_PLACEMENT_3D('',#5546,#4376,#4377);
#3794=AXIS2_PLACEMENT_3D('',#5550,#4379,#4380);
#3795=AXIS2_PLACEMENT_3D('',#5554,#4383,#4384);
#3796=AXIS2_PLACEMENT_3D('',#5562,#4389,#4390);
#3797=AXIS2_PLACEMENT_3D('',#5564,#4391,#4392);
#3798=AXIS2_PLACEMENT_3D('',#5567,#4395,#4396);
#3799=AXIS2_PLACEMENT_3D('',#5571,#4398,#4399);
#3800=AXIS2_PLACEMENT_3D('',#5573,#4401,#4402);
#3801=AXIS2_PLACEMENT_3D('',#5581,#4407,#4408);
#3802=AXIS2_PLACEMENT_3D('',#5585,#4410,#4411);
#3803=AXIS2_PLACEMENT_3D('',#5587,#4413,#4414);
#3804=AXIS2_PLACEMENT_3D('',#5595,#4419,#4420);
#3805=AXIS2_PLACEMENT_3D('',#5597,#4421,#4422);
#3806=AXIS2_PLACEMENT_3D('',#5600,#4424,#4425);
#3807=AXIS2_PLACEMENT_3D('',#5601,#4426,#4427);
#3808=AXIS2_PLACEMENT_3D('',#5604,#4429,#4430);
#3809=AXIS2_PLACEMENT_3D('',#5605,#4431,#4432);
#3810=AXIS2_PLACEMENT_3D('',#5606,#4433,#4434);
#3811=AXIS2_PLACEMENT_3D('',#5608,#4435,#4436);
#3812=AXIS2_PLACEMENT_3D('',#5611,#4438,#4439);
#3813=AXIS2_PLACEMENT_3D('',#5612,#4440,#4441);
#3814=AXIS2_PLACEMENT_3D('',#5615,#4443,#4444);
#3815=AXIS2_PLACEMENT_3D('',#5616,#4445,#4446);
#3816=AXIS2_PLACEMENT_3D('',#5617,#4447,#4448);
#3817=AXIS2_PLACEMENT_3D('',#5619,#4449,#4450);
#3818=AXIS2_PLACEMENT_3D('',#5621,#4452,#4453);
#3819=AXIS2_PLACEMENT_3D('',#5624,#4456,#4457);
#3820=AXIS2_PLACEMENT_3D('',#5629,#4460,#4461);
#3821=AXIS2_PLACEMENT_3D('',#5630,#4462,#4463);
#3822=AXIS2_PLACEMENT_3D('',#5639,#4468,#4469);
#3823=AXIS2_PLACEMENT_3D('',#5644,#4473,#4474);
#3824=AXIS2_PLACEMENT_3D('',#5650,#4478,#4479);
#3825=AXIS2_PLACEMENT_3D('',#5659,#4484,#4485);
#3826=AXIS2_PLACEMENT_3D('',#5664,#4489,#4490);
#3827=AXIS2_PLACEMENT_3D('',#5670,#4494,#4495);
#3828=AXIS2_PLACEMENT_3D('',#5674,#4498,#4499);
#3829=AXIS2_PLACEMENT_3D('',#5682,#4504,#4505);
#3830=AXIS2_PLACEMENT_3D('',#5684,#4507,#4508);
#3831=AXIS2_PLACEMENT_3D('',#5687,#4511,#4512);
#3832=AXIS2_PLACEMENT_3D('',#5689,#4514,#4515);
#3833=AXIS2_PLACEMENT_3D('',#5692,#4518,#4519);
#3834=AXIS2_PLACEMENT_3D('',#5694,#4521,#4522);
#3835=AXIS2_PLACEMENT_3D('',#5697,#4525,#4526);
#3836=AXIS2_PLACEMENT_3D('',#5699,#4528,#4529);
#3837=AXIS2_PLACEMENT_3D('',#5702,#4532,#4533);
#3838=AXIS2_PLACEMENT_3D('',#5704,#4535,#4536);
#3839=AXIS2_PLACEMENT_3D('',#5706,#4538,#4539);
#3840=AXIS2_PLACEMENT_3D('',#5707,#4540,#4541);
#3841=AXIS2_PLACEMENT_3D('',#5709,#4543,#4544);
#3842=AXIS2_PLACEMENT_3D('',#5710,#4545,#4546);
#3843=AXIS2_PLACEMENT_3D('',#5719,#4551,#4552);
#3844=AXIS2_PLACEMENT_3D('',#5721,#4553,#4554);
#3845=AXIS2_PLACEMENT_3D('',#5723,#4556,#4557);
#3846=AXIS2_PLACEMENT_3D('',#5726,#4558,#4559);
#3847=AXIS2_PLACEMENT_3D('',#5730,#4562,#4563);
#3848=AXIS2_PLACEMENT_3D('',#5736,#4567,#4568);
#3849=AXIS2_PLACEMENT_3D('',#5737,#4569,#4570);
#3850=AXIS2_PLACEMENT_3D('',#5738,#4571,#4572);
#3851=AXIS2_PLACEMENT_3D('',#5739,#4573,#4574);
#3852=AXIS2_PLACEMENT_3D('',#5741,#4575,#4576);
#3853=AXIS2_PLACEMENT_3D('',#5744,#4578,#4579);
#3854=AXIS2_PLACEMENT_3D('',#5745,#4580,#4581);
#3855=AXIS2_PLACEMENT_3D('',#5748,#4583,#4584);
#3856=AXIS2_PLACEMENT_3D('',#5749,#4585,#4586);
#3857=AXIS2_PLACEMENT_3D('',#5752,#4587,#4588);
#3858=AXIS2_PLACEMENT_3D('',#5753,#4589,#4590);
#3859=AXIS2_PLACEMENT_3D('',#5754,#4591,#4592);
#3860=AXIS2_PLACEMENT_3D('',#5755,#4593,#4594);
#3861=AXIS2_PLACEMENT_3D('',#5757,#4595,#4596);
#3862=AXIS2_PLACEMENT_3D('',#5759,#4598,#4599);
#3863=AXIS2_PLACEMENT_3D('',#5761,#4601,#4602);
#3864=AXIS2_PLACEMENT_3D('',#5764,#4603,#4604);
#3865=AXIS2_PLACEMENT_3D('',#5766,#4605,#4606);
#3866=AXIS2_PLACEMENT_3D('',#5767,#4607,#4608);
#3867=AXIS2_PLACEMENT_3D('',#5768,#4609,#4610);
#3868=AXIS2_PLACEMENT_3D('',#5771,#4611,#4612);
#3869=AXIS2_PLACEMENT_3D('',#5774,#4615,#4616);
#3870=AXIS2_PLACEMENT_3D('',#5777,#4619,#4620);
#3871=AXIS2_PLACEMENT_3D('',#5780,#4623,#4624);
#3872=AXIS2_PLACEMENT_3D('',#5782,#4626,#4627);
#3873=AXIS2_PLACEMENT_3D('',#5785,#4629,#4630);
#3874=AXIS2_PLACEMENT_3D('',#5789,#4632,#4633);
#3875=AXIS2_PLACEMENT_3D('',#5792,#4635,#4636);
#3876=AXIS2_PLACEMENT_3D('',#5796,#4638,#4639);
#3877=AXIS2_PLACEMENT_3D('',#5802,#4643,#4644);
#3878=AXIS2_PLACEMENT_3D('',#5806,#4646,#4647);
#3879=AXIS2_PLACEMENT_3D('',#5813,#4651,#4652);
#3880=AXIS2_PLACEMENT_3D('',#5816,#4654,#4655);
#3881=AXIS2_PLACEMENT_3D('',#5829,#4662,#4663);
#3882=AXIS2_PLACEMENT_3D('',#5833,#4665,#4666);
#3883=AXIS2_PLACEMENT_3D('',#5836,#4668,#4669);
#3884=AXIS2_PLACEMENT_3D('',#5838,#4670,#4671);
#3885=AXIS2_PLACEMENT_3D('',#5848,#4677,#4678);
#3886=AXIS2_PLACEMENT_3D('',#5851,#4680,#4681);
#3887=AXIS2_PLACEMENT_3D('',#5859,#4685,#4686);
#3888=AXIS2_PLACEMENT_3D('',#5863,#4688,#4689);
#3889=AXIS2_PLACEMENT_3D('',#5867,#4692,#4693);
#3890=AXIS2_PLACEMENT_3D('',#5870,#4695,#4696);
#3891=AXIS2_PLACEMENT_3D('',#5872,#4697,#4698);
#3892=AXIS2_PLACEMENT_3D('',#5874,#4699,#4700);
#3893=AXIS2_PLACEMENT_3D('',#5876,#4701,#4702);
#3894=AXIS2_PLACEMENT_3D('',#5878,#4703,#4704);
#3895=AXIS2_PLACEMENT_3D('',#5880,#4705,#4706);
#3896=AXIS2_PLACEMENT_3D('',#5881,#4707,#4708);
#3897=AXIS2_PLACEMENT_3D('',#5884,#4710,#4711);
#3898=AXIS2_PLACEMENT_3D('',#5885,#4712,#4713);
#3899=AXIS2_PLACEMENT_3D('',#5888,#4714,#4715);
#3900=AXIS2_PLACEMENT_3D('',#5889,#4716,#4717);
#3901=AXIS2_PLACEMENT_3D('',#5890,#4718,#4719);
#3902=AXIS2_PLACEMENT_3D('',#5891,#4720,#4721);
#3903=AXIS2_PLACEMENT_3D('',#5893,#4723,#4724);
#3904=AXIS2_PLACEMENT_3D('',#5895,#4726,#4727);
#3905=AXIS2_PLACEMENT_3D('',#5898,#4729,#4730);
#3906=AXIS2_PLACEMENT_3D('',#5899,#4731,#4732);
#3907=AXIS2_PLACEMENT_3D('',#5902,#4733,#4734);
#3908=AXIS2_PLACEMENT_3D('',#5904,#4735,#4736);
#3909=AXIS2_PLACEMENT_3D('',#5905,#4737,#4738);
#3910=AXIS2_PLACEMENT_3D('',#5906,#4739,#4740);
#3911=AXIS2_PLACEMENT_3D('',#5909,#4743,#4744);
#3912=AXIS2_PLACEMENT_3D('',#5912,#4747,#4748);
#3913=AXIS2_PLACEMENT_3D('',#5915,#4751,#4752);
#3914=AXIS2_PLACEMENT_3D('',#5916,#4753,#4754);
#3915=AXIS2_PLACEMENT_3D('',#5918,#4756,#4757);
#3916=AXIS2_PLACEMENT_3D('',#5920,#4759,#4760);
#3917=AXIS2_PLACEMENT_3D('',#5922,#4762,#4763);
#3918=AXIS2_PLACEMENT_3D('',#5923,#4764,#4765);
#3919=AXIS2_PLACEMENT_3D('',#5928,#4767,#4768);
#3920=AXIS2_PLACEMENT_3D('',#5931,#4770,#4771);
#3921=AXIS2_PLACEMENT_3D('',#5932,#4772,#4773);
#3922=AXIS2_PLACEMENT_3D('',#5935,#4776,#4777);
#3923=AXIS2_PLACEMENT_3D('',#5937,#4778,#4779);
#3924=AXIS2_PLACEMENT_3D('',#5941,#4781,#4782);
#3925=AXIS2_PLACEMENT_3D('',#5943,#4784,#4785);
#3926=AXIS2_PLACEMENT_3D('',#5944,#4786,#4787);
#3927=AXIS2_PLACEMENT_3D('',#5945,#4788,#4789);
#3928=AXIS2_PLACEMENT_3D('',#5946,#4790,#4791);
#3929=AXIS2_PLACEMENT_3D('',#5949,#4793,#4794);
#3930=AXIS2_PLACEMENT_3D('',#5950,#4795,#4796);
#3931=AXIS2_PLACEMENT_3D('',#5952,#4798,#4799);
#3932=AXIS2_PLACEMENT_3D('',#5953,#4800,#4801);
#3933=AXIS2_PLACEMENT_3D('',#5954,#4802,#4803);
#3934=AXIS2_PLACEMENT_3D('',#5956,#4805,#4806);
#3935=AXIS2_PLACEMENT_3D('',#5958,#4808,#4809);
#3936=AXIS2_PLACEMENT_3D('',#5960,#4811,#4812);
#3937=AXIS2_PLACEMENT_3D('',#5961,#4813,#4814);
#3938=AXIS2_PLACEMENT_3D('',#5964,#4816,#4817);
#3939=AXIS2_PLACEMENT_3D('',#5965,#4818,#4819);
#3940=AXIS2_PLACEMENT_3D('',#5968,#4821,#4822);
#3941=AXIS2_PLACEMENT_3D('',#5969,#4823,#4824);
#3942=AXIS2_PLACEMENT_3D('',#5971,#4825,#4826);
#3943=AXIS2_PLACEMENT_3D('',#5975,#4828,#4829);
#3944=AXIS2_PLACEMENT_3D('',#5977,#4831,#4832);
#3945=AXIS2_PLACEMENT_3D('',#5978,#4833,#4834);
#3946=AXIS2_PLACEMENT_3D('',#5979,#4835,#4836);
#3947=AXIS2_PLACEMENT_3D('',#5982,#4838,#4839);
#3948=AXIS2_PLACEMENT_3D('',#5983,#4840,#4841);
#3949=AXIS2_PLACEMENT_3D('',#5984,#4842,#4843);
#3950=AXIS2_PLACEMENT_3D('',#5986,#4845,#4846);
#3951=AXIS2_PLACEMENT_3D('',#5987,#4847,#4848);
#3952=AXIS2_PLACEMENT_3D('',#5988,#4849,#4850);
#3953=AXIS2_PLACEMENT_3D('',#5990,#4852,#4853);
#3954=AXIS2_PLACEMENT_3D('',#5992,#4855,#4856);
#3955=AXIS2_PLACEMENT_3D('',#5993,#4857,#4858);
#3956=AXIS2_PLACEMENT_3D('',#5995,#4859,#4860);
#3957=AXIS2_PLACEMENT_3D('',#5998,#4862,#4863);
#3958=AXIS2_PLACEMENT_3D('',#5999,#4864,#4865);
#3959=AXIS2_PLACEMENT_3D('',#6001,#4867,#4868);
#3960=AXIS2_PLACEMENT_3D('',#6002,#4869,#4870);
#3961=AXIS2_PLACEMENT_3D('',#6004,#4871,#4872);
#3962=AXIS2_PLACEMENT_3D('',#6007,#4874,#4875);
#3963=AXIS2_PLACEMENT_3D('',#6008,#4876,#4877);
#3964=AXIS2_PLACEMENT_3D('',#6010,#4879,#4880);
#3965=AXIS2_PLACEMENT_3D('',#6011,#4881,#4882);
#3966=AXIS2_PLACEMENT_3D('',#6014,#4884,#4885);
#3967=AXIS2_PLACEMENT_3D('',#6015,#4886,#4887);
#3968=AXIS2_PLACEMENT_3D('',#6016,#4888,#4889);
#3969=AXIS2_PLACEMENT_3D('',#6019,#4891,#4892);
#3970=AXIS2_PLACEMENT_3D('',#6020,#4893,#4894);
#3971=AXIS2_PLACEMENT_3D('',#6021,#4895,#4896);
#3972=AXIS2_PLACEMENT_3D('',#6023,#4898,#4899);
#3973=AXIS2_PLACEMENT_3D('',#6024,#4900,#4901);
#3974=AXIS2_PLACEMENT_3D('',#6026,#4903,#4904);
#3975=AXIS2_PLACEMENT_3D('',#6027,#4905,#4906);
#3976=AXIS2_PLACEMENT_3D('',#6031,#4909,#4910);
#3977=AXIS2_PLACEMENT_3D('',#6034,#4913,#4914);
#3978=AXIS2_PLACEMENT_3D('',#6035,#4915,#4916);
#3979=AXIS2_PLACEMENT_3D('',#6037,#4918,#4919);
#3980=AXIS2_PLACEMENT_3D('',#6039,#4921,#4922);
#3981=AXIS2_PLACEMENT_3D('',#6042,#4925,#4926);
#3982=AXIS2_PLACEMENT_3D('',#6044,#4928,#4929);
#3983=AXIS2_PLACEMENT_3D('',#6046,#4931,#4932);
#3984=AXIS2_PLACEMENT_3D('',#6048,#4934,#4935);
#3985=AXIS2_PLACEMENT_3D('',#6050,#4937,#4938);
#3986=AXIS2_PLACEMENT_3D('',#6052,#4940,#4941);
#3987=AXIS2_PLACEMENT_3D('',#6054,#4943,#4944);
#3988=AXIS2_PLACEMENT_3D('',#6055,#4945,#4946);
#3989=AXIS2_PLACEMENT_3D('',#6057,#4948,#4949);
#3990=AXIS2_PLACEMENT_3D('',#6058,#4950,#4951);
#3991=AXIS2_PLACEMENT_3D('',#6060,#4953,#4954);
#3992=AXIS2_PLACEMENT_3D('',#6061,#4955,#4956);
#3993=AXIS2_PLACEMENT_3D('',#6064,#4957,#4958);
#3994=AXIS2_PLACEMENT_3D('',#6067,#4961,#4962);
#3995=AXIS2_PLACEMENT_3D('',#6076,#4967,#4968);
#3996=AXIS2_PLACEMENT_3D('',#6078,#4970,#4971);
#3997=AXIS2_PLACEMENT_3D('',#6080,#4973,#4974);
#3998=AXIS2_PLACEMENT_3D('',#6082,#4976,#4977);
#3999=AXIS2_PLACEMENT_3D('',#6083,#4978,#4979);
#4000=AXIS2_PLACEMENT_3D('',#6085,#4980,#4981);
#4001=AXIS2_PLACEMENT_3D('',#6087,#4983,#4984);
#4002=AXIS2_PLACEMENT_3D('',#6090,#4985,#4986);
#4003=AXIS2_PLACEMENT_3D('',#6094,#4988,#4989);
#4004=AXIS2_PLACEMENT_3D('',#6104,#4996,#4997);
#4005=AXIS2_PLACEMENT_3D('',#6106,#4999,#5000);
#4006=AXIS2_PLACEMENT_3D('',#6108,#5002,#5003);
#4007=AXIS2_PLACEMENT_3D('',#6110,#5005,#5006);
#4008=AXIS2_PLACEMENT_3D('',#6112,#5008,#5009);
#4009=AXIS2_PLACEMENT_3D('',#6114,#5011,#5012);
#4010=AXIS2_PLACEMENT_3D('',#6118,#5014,#5015);
#4011=AXIS2_PLACEMENT_3D('',#6122,#5018,#5019);
#4012=AXIS2_PLACEMENT_3D('',#6125,#5022,#5023);
#4013=AXIS2_PLACEMENT_3D('',#6127,#5025,#5026);
#4014=AXIS2_PLACEMENT_3D('',#6129,#5028,#5029);
#4015=AXIS2_PLACEMENT_3D('',#6131,#5031,#5032);
#4016=AXIS2_PLACEMENT_3D('',#6133,#5034,#5035);
#4017=AXIS2_PLACEMENT_3D('',#6134,#5036,#5037);
#4018=AXIS2_PLACEMENT_3D('',#6137,#5039,#5040);
#4019=AXIS2_PLACEMENT_3D('',#6138,#5041,#5042);
#4020=AXIS2_PLACEMENT_3D('',#6139,#5043,#5044);
#4021=AXIS2_PLACEMENT_3D('',#6142,#5046,#5047);
#4022=AXIS2_PLACEMENT_3D('',#6143,#5048,#5049);
#4023=AXIS2_PLACEMENT_3D('',#6144,#5050,#5051);
#4024=AXIS2_PLACEMENT_3D('',#6147,#5054,#5055);
#4025=AXIS2_PLACEMENT_3D('',#6149,#5057,#5058);
#4026=AXIS2_PLACEMENT_3D('',#6150,#5059,#5060);
#4027=AXIS2_PLACEMENT_3D('',#6151,#5061,#5062);
#4028=AXIS2_PLACEMENT_3D('',#6152,#5063,#5064);
#4029=AXIS2_PLACEMENT_3D('',#6154,#5066,#5067);
#4030=AXIS2_PLACEMENT_3D('',#6155,#5068,#5069);
#4031=AXIS2_PLACEMENT_3D('',#6156,#5070,#5071);
#4032=AXIS2_PLACEMENT_3D('',#6163,#5076,#5077);
#4033=AXIS2_PLACEMENT_3D('',#6169,#5081,#5082);
#4034=AXIS2_PLACEMENT_3D('',#6172,#5085,#5086);
#4035=AXIS2_PLACEMENT_3D('',#6174,#5088,#5089);
#4036=AXIS2_PLACEMENT_3D('',#6175,#5090,#5091);
#4037=AXIS2_PLACEMENT_3D('',#6177,#5093,#5094);
#4038=AXIS2_PLACEMENT_3D('',#6178,#5095,#5096);
#4039=AXIS2_PLACEMENT_3D('',#6181,#5099,#5100);
#4040=AXIS2_PLACEMENT_3D('',#6182,#5101,#5102);
#4041=AXIS2_PLACEMENT_3D('',#6186,#5105,#5106);
#4042=AXIS2_PLACEMENT_3D('',#6188,#5108,#5109);
#4043=AXIS2_PLACEMENT_3D('',#6189,#5110,#5111);
#4044=AXIS2_PLACEMENT_3D('',#6190,#5112,#5113);
#4045=AXIS2_PLACEMENT_3D('',#6191,#5114,#5115);
#4046=AXIS2_PLACEMENT_3D('',#6195,#5119,#5120);
#4047=AXIS2_PLACEMENT_3D('',#6196,#5121,#5122);
#4048=AXIS2_PLACEMENT_3D('',#6199,#5125,#5126);
#4049=AXIS2_PLACEMENT_3D('',#6200,#5127,#5128);
#4050=AXIS2_PLACEMENT_3D('',#6201,#5129,#5130);
#4051=AXIS2_PLACEMENT_3D('',#6202,#5131,#5132);
#4052=AXIS2_PLACEMENT_3D('',#6203,#5133,#5134);
#4053=DIRECTION('axis',(0.,0.,1.));
#4054=DIRECTION('refdir',(1.,0.,0.));
#4055=DIRECTION('center_axis',(-0.135480111009442,-0.495390033084998,0.858040706867054));
#4056=DIRECTION('ref_axis',(0.222001238306802,0.828827275174562,0.513576477378936));
#4057=DIRECTION('center_axis',(0.,0.,-1.));
#4058=DIRECTION('ref_axis',(0.263794670703377,0.964578857174724,-5.29226051524146E-17));
#4059=DIRECTION('',(0.135480111009442,0.495390033084998,-0.858040706867054));
#4060=DIRECTION('center_axis',(-0.500000000001254,-0.866025403783715,0.));
#4061=DIRECTION('ref_axis',(0.130086059221183,-0.0751052213094185,0.988654046129568));
#4062=DIRECTION('',(-0.135480111009442,-0.495390033084998,0.858040706867054));
#4063=DIRECTION('center_axis',(2.2508098221953E-12,0.866025403784439,0.5));
#4064=DIRECTION('ref_axis',(0.,-0.5,0.866025403784439));
#4065=DIRECTION('',(-0.654653670707989,0.377964473010498,-0.654653670707231));
#4066=DIRECTION('center_axis',(-2.2508098221953E-12,-0.866025403784439,
-0.5));
#4067=DIRECTION('ref_axis',(1.29951605032375E-12,0.5,-0.866025403784439));
#4068=DIRECTION('',(-1.,2.59901131347821E-12,0.));
#4069=DIRECTION('center_axis',(-2.2508098221953E-12,-0.866025403784439,
-0.5));
#4070=DIRECTION('ref_axis',(1.29951605032375E-12,0.5,-0.866025403784439));
#4071=DIRECTION('',(-0.654653670704728,-0.377964473009358,0.654653670711151));
#4072=DIRECTION('',(-0.135480111008415,0.495390033085596,-0.858040706866871));
#4073=DIRECTION('',(1.,-2.59901131347821E-12,0.));
#4074=DIRECTION('center_axis',(0.500000000001254,0.866025403783715,0.));
#4075=DIRECTION('ref_axis',(-0.866025403783715,0.500000000001254,-2.26523163068202E-11));
#4076=DIRECTION('',(-0.866025403783715,0.500000000001254,0.));
#4077=DIRECTION('center_axis',(-0.500000000001254,-0.866025403783715,0.));
#4078=DIRECTION('ref_axis',(-0.549307209751291,0.317142665418771,0.773099035755658));
#4079=DIRECTION('',(0.65465367070686,-0.377964473009846,-0.654653670708737));
#4080=DIRECTION('',(0.,0.,1.));
#4081=DIRECTION('',(-0.866025403783715,0.500000000001254,-2.26523163068202E-11));
#4082=DIRECTION('',(0.,0.,-1.));
#4083=DIRECTION('center_axis',(-0.135480111008415,0.495390033085597,-0.858040706866871));
#4084=DIRECTION('ref_axis',(-0.222001238304951,0.828827275174868,0.513576477379243));
#4085=DIRECTION('center_axis',(0.500000000001991,-0.866025403783289,0.));
#4086=DIRECTION('ref_axis',(-0.130086059222717,-0.0751052213104521,0.988654046129288));
#4087=DIRECTION('',(0.135480111008415,-0.495390033085596,0.858040706866871));
#4088=DIRECTION('center_axis',(0.,0.,-1.));
#4089=DIRECTION('ref_axis',(-0.26379467070122,0.964578857175314,0.));
#4090=DIRECTION('center_axis',(0.,0.,1.));
#4091=DIRECTION('ref_axis',(1.,0.,0.));
#4092=DIRECTION('',(0.866025403783289,0.500000000001991,0.));
#4093=DIRECTION('center_axis',(0.,0.,-1.));
#4094=DIRECTION('ref_axis',(-0.99587059492256,0.0907841294973244,6.91004702228343E-18));
#4095=DIRECTION('',(6.57547919702455E-13,-1.,0.));
#4096=DIRECTION('',(-0.328035207607995,-0.944665497713121,0.));
#4097=DIRECTION('',(9.18621411242997E-13,-1.,0.));
#4098=DIRECTION('',(-0.866025403783218,0.500000000002115,0.));
#4099=DIRECTION('',(-1.,0.,0.));
#4100=DIRECTION('',(-0.86602540378328,-0.500000000002007,0.));
#4101=DIRECTION('',(2.80348131689213E-12,1.,0.));
#4102=DIRECTION('',(-0.328035207650372,0.944665497698406,0.));
#4103=DIRECTION('',(4.98152224646648E-12,1.,0.));
#4104=DIRECTION('center_axis',(0.,0.,-1.));
#4105=DIRECTION('ref_axis',(0.995870594922453,0.0907841294985002,-6.91004702224701E-18));
#4106=DIRECTION('',(0.866025403783715,-0.500000000001254,0.));
#4107=DIRECTION('',(0.866025403783647,-0.500000000001371,0.));
#4108=DIRECTION('center_axis',(0.,0.,1.));
#4109=DIRECTION('ref_axis',(0.866025403784753,0.499999999999455,0.));
#4110=DIRECTION('',(3.22398364249096E-13,-1.,0.));
#4111=DIRECTION('center_axis',(0.,0.,1.));
#4112=DIRECTION('ref_axis',(0.86637275003247,-0.499397895471311,0.));
#4113=DIRECTION('',(-0.865329456119978,-0.501203483997371,0.));
#4114=DIRECTION('center_axis',(0.,0.,1.));
#4115=DIRECTION('ref_axis',(-0.499397895471481,-0.866372750032373,0.));
#4116=DIRECTION('',(4.69826761971006E-14,1.,0.));
#4117=DIRECTION('center_axis',(0.,0.,1.));
#4118=DIRECTION('ref_axis',(-0.70710678118634,0.707106781186755,0.));
#4119=DIRECTION('',(1.,-5.43094980753587E-13,0.));
#4120=DIRECTION('center_axis',(0.,0.,1.));
#4121=DIRECTION('ref_axis',(0.258819045103548,0.965925826288793,0.));
#4122=DIRECTION('',(2.38801602464071E-13,1.,0.));
#4123=DIRECTION('center_axis',(0.,0.,1.));
#4124=DIRECTION('ref_axis',(-0.707106781187204,0.707106781185891,0.));
#4125=DIRECTION('',(1.,2.09087649155501E-12,0.));
#4126=DIRECTION('center_axis',(0.,0.,1.));
#4127=DIRECTION('ref_axis',(0.707106781185891,0.707106781187204,0.));
#4128=DIRECTION('',(-2.32645251789781E-13,-1.,0.));
#4129=DIRECTION('center_axis',(0.,0.,1.));
#4130=DIRECTION('ref_axis',(0.707106781185861,-0.707106781187234,0.));
#4131=DIRECTION('',(-1.,1.70540052668104E-12,0.));
#4132=DIRECTION('center_axis',(0.,0.,1.));
#4133=DIRECTION('ref_axis',(-0.707106781187233,-0.707106781185862,0.));
#4134=DIRECTION('',(1.,1.78523862359771E-12,0.));
#4135=DIRECTION('center_axis',(0.,0.,1.));
#4136=DIRECTION('ref_axis',(0.707106781185756,0.707106781187339,0.));
#4137=DIRECTION('',(4.55569949883968E-13,-1.,0.));
#4138=DIRECTION('center_axis',(0.,0.,1.));
#4139=DIRECTION('ref_axis',(0.499690525206036,-0.866204005427887,0.));
#4140=DIRECTION('',(-0.865667868815442,0.500618758039021,0.));
#4141=DIRECTION('center_axis',(0.,0.,1.));
#4142=DIRECTION('ref_axis',(-0.866204005427848,-0.499690525206105,0.));
#4143=DIRECTION('',(-6.06886569084824E-13,1.,0.));
#4144=DIRECTION('center_axis',(0.,0.,1.));
#4145=DIRECTION('ref_axis',(-0.866025403785156,0.499999999998757,0.));
#4146=DIRECTION('',(0.866025403783308,0.500000000001958,0.));
#4147=DIRECTION('center_axis',(0.,0.,1.));
#4148=DIRECTION('ref_axis',(-0.258819045104476,0.965925826288544,0.));
#4149=DIRECTION('center_axis',(-0.432713142808121,0.749481148442493,0.501036270314276));
#4150=DIRECTION('ref_axis',(0.756823007571915,0.,0.65361987057448));
#4151=DIRECTION('',(-0.866025403783289,-0.500000000001991,0.));
#4152=DIRECTION('',(-0.705642285086231,0.0643267518035692,-0.705642285085498));
#4153=DIRECTION('center_axis',(0.,0.66913060635889,-0.743144825477366));
#4154=DIRECTION('ref_axis',(-1.,0.,0.));
#4155=DIRECTION('',(-0.0510300447735669,0.742176595843668,0.6682588084809));
#4156=DIRECTION('',(-1.,0.,0.));
#4157=DIRECTION('',(-0.0510300447736537,-0.742176595843665,-0.668258808480897));
#4158=DIRECTION('',(1.,0.,0.));
#4159=DIRECTION('center_axis',(0.353553390594768,0.61237243569493,-0.707106781186549));
#4160=DIRECTION('ref_axis',(-0.89442719099916,0.,-0.44721359550147));
#4161=DIRECTION('',(0.875068388680344,0.0505917022667575,0.48134789372567));
#4162=DIRECTION('',(-0.866025403783218,0.500000000002115,-6.6289690830959E-13));
#4163=DIRECTION('',(-0.866025403783218,0.500000000002115,0.));
#4164=DIRECTION('',(0.234713667826546,-0.789821812461352,-0.566648920139864));
#4165=DIRECTION('',(-0.65465367070845,-0.377964473008098,-0.654653670708156));
#4166=DIRECTION('',(0.866025403783218,-0.500000000002115,0.));
#4167=DIRECTION('center_axis',(0.,0.994521895368278,-0.104528463267606));
#4168=DIRECTION('ref_axis',(0.,-0.104528463267606,-0.994521895368278));
#4169=DIRECTION('',(0.875068388680385,-0.0505917022667496,-0.481347893725595));
#4170=DIRECTION('',(-1.,-8.04517653910177E-14,-7.65447416916104E-13));
#4171=DIRECTION('center_axis',(-0.353553390594693,0.612372435694976,-0.707106781186547));
#4172=DIRECTION('ref_axis',(-0.894427190999198,0.,0.447213595501394));
#4173=DIRECTION('',(0.86602540378328,0.500000000002007,0.));
#4174=DIRECTION('',(-0.654653670707475,0.377964473009141,0.654653670708529));
#4175=DIRECTION('',(0.234713667827988,0.789821812461373,0.566648920139238));
#4176=DIRECTION('',(-0.86602540378328,-0.500000000002007,0.));
#4177=DIRECTION('',(-0.86602540378328,-0.500000000002007,-6.62896908309637E-13));
#4178=DIRECTION('center_axis',(-0.733656882917945,0.526354012892934,-0.429766251884243));
#4179=DIRECTION('ref_axis',(-0.505449465123794,0.,0.862856209461386));
#4180=DIRECTION('',(0.654653670707933,0.377964473011225,-0.654653670706868));
#4181=DIRECTION('',(0.489609778037886,0.848029011443445,0.202803010332552));
#4182=DIRECTION('',(-0.654653670707933,-0.377964473011225,0.654653670706868));
#4183=DIRECTION('center_axis',(-0.707106781186544,1.98236065010421E-12,
-0.707106781186551));
#4184=DIRECTION('ref_axis',(2.80348131689213E-12,1.,0.));
#4185=DIRECTION('',(-2.80348131689213E-12,-1.,0.));
#4186=DIRECTION('',(-0.707106781186551,0.,0.707106781186544));
#4187=DIRECTION('',(-3.02362309967044E-12,-1.,2.2014178277831E-13));
#4188=DIRECTION('center_axis',(-0.707106781186544,1.98236065010421E-12,
-0.707106781186551));
#4189=DIRECTION('ref_axis',(0.707106781186551,-1.98230714960739E-12,-0.707106781186544));
#4190=DIRECTION('',(-0.707106781186551,0.,0.707106781186544));
#4191=DIRECTION('center_axis',(0.707106781186544,-1.98236065010421E-12,
0.707106781186551));
#4192=DIRECTION('ref_axis',(-0.707106781186551,1.98247724295708E-12,0.707106781186544));
#4193=DIRECTION('',(0.,1.,0.));
#4194=DIRECTION('center_axis',(0.707106781186544,-1.98236065010421E-12,
0.707106781186551));
#4195=DIRECTION('ref_axis',(-0.707106781186551,1.98247724295708E-12,0.707106781186544));
#4196=DIRECTION('',(0.707106781186551,-6.44945671502503E-13,-0.707106781186544));
#4197=DIRECTION('center_axis',(-0.707106781186544,1.98236065010421E-12,
-0.707106781186551));
#4198=DIRECTION('ref_axis',(0.707106781186551,-1.9823725701265E-12,-0.707106781186544));
#4199=DIRECTION('',(-3.02362309967044E-12,-1.,2.2014178277831E-13));
#4200=DIRECTION('',(-0.447213595500613,-0.774596669241983,0.447213595498437));
#4201=DIRECTION('center_axis',(0.,0.,1.));
#4202=DIRECTION('ref_axis',(1.,0.,0.));
#4203=DIRECTION('',(-9.18621411242997E-13,1.,0.));
#4204=DIRECTION('',(0.328035207607995,0.944665497713121,0.));
#4205=DIRECTION('',(-6.57547919702455E-13,1.,0.));
#4206=DIRECTION('',(-0.866025403783289,-0.500000000001991,0.));
#4207=DIRECTION('',(-1.,2.59901131347821E-12,0.));
#4208=DIRECTION('',(-0.866025403783715,0.500000000001254,0.));
#4209=DIRECTION('',(-4.98152224646648E-12,-1.,0.));
#4210=DIRECTION('',(0.328035207650372,-0.944665497698406,0.));
#4211=DIRECTION('',(-0.866025403783647,0.500000000001371,0.));
#4212=DIRECTION('center_axis',(0.,0.,-1.));
#4213=DIRECTION('ref_axis',(0.258819045103548,0.965925826288793,0.));
#4214=DIRECTION('',(-1.,5.43094980753587E-13,0.));
#4215=DIRECTION('center_axis',(0.,0.,-1.));
#4216=DIRECTION('ref_axis',(-0.70710678118634,0.707106781186755,0.));
#4217=DIRECTION('',(-4.69826761971006E-14,-1.,0.));
#4218=DIRECTION('center_axis',(0.,0.,-1.));
#4219=DIRECTION('ref_axis',(-0.499397895471481,-0.866372750032373,0.));
#4220=DIRECTION('',(0.865329456119978,0.501203483997371,0.));
#4221=DIRECTION('center_axis',(0.,0.,-1.));
#4222=DIRECTION('ref_axis',(0.86637275003247,-0.499397895471311,0.));
#4223=DIRECTION('',(-3.22398364249096E-13,1.,0.));
#4224=DIRECTION('center_axis',(0.,0.,-1.));
#4225=DIRECTION('ref_axis',(0.866025403784753,0.499999999999455,0.));
#4226=DIRECTION('',(-2.38801602464071E-13,-1.,0.));
#4227=DIRECTION('center_axis',(0.,0.,-1.));
#4228=DIRECTION('ref_axis',(-0.707106781187233,-0.707106781185862,0.));
#4229=DIRECTION('',(1.,-1.70540052668104E-12,0.));
#4230=DIRECTION('center_axis',(0.,0.,-1.));
#4231=DIRECTION('ref_axis',(0.707106781185861,-0.707106781187234,0.));
#4232=DIRECTION('',(2.32645251789781E-13,1.,0.));
#4233=DIRECTION('center_axis',(0.,0.,-1.));
#4234=DIRECTION('ref_axis',(0.707106781185891,0.707106781187204,0.));
#4235=DIRECTION('',(-1.,-2.09087649155501E-12,0.));
#4236=DIRECTION('center_axis',(0.,0.,-1.));
#4237=DIRECTION('ref_axis',(-0.707106781187204,0.707106781185891,0.));
#4238=DIRECTION('',(-1.,-1.78523862359771E-12,0.));
#4239=DIRECTION('center_axis',(0.,0.,-1.));
#4240=DIRECTION('ref_axis',(-0.258819045104476,0.965925826288544,0.));
#4241=DIRECTION('',(-0.866025403783308,-0.500000000001958,0.));
#4242=DIRECTION('center_axis',(0.,0.,-1.));
#4243=DIRECTION('ref_axis',(-0.866025403785156,0.499999999998757,0.));
#4244=DIRECTION('',(6.06886569084824E-13,-1.,0.));
#4245=DIRECTION('center_axis',(0.,0.,-1.));
#4246=DIRECTION('ref_axis',(-0.866204005427848,-0.499690525206105,0.));
#4247=DIRECTION('',(0.865667868815442,-0.500618758039021,0.));
#4248=DIRECTION('center_axis',(0.,0.,-1.));
#4249=DIRECTION('ref_axis',(0.499690525206036,-0.866204005427887,0.));
#4250=DIRECTION('',(-4.55569949883968E-13,1.,0.));
#4251=DIRECTION('center_axis',(0.,0.,-1.));
#4252=DIRECTION('ref_axis',(0.707106781185756,0.707106781187339,0.));
#4253=DIRECTION('center_axis',(0.733656882918145,0.526354012892311,-0.429766251884664));
#4254=DIRECTION('ref_axis',(-0.50544946512406,0.,-0.86285620946123));
#4255=DIRECTION('',(-0.654653670707873,0.377964473011299,-0.654653670706885));
#4256=DIRECTION('',(0.489609778036919,-0.848029011443878,-0.202803010333078));
#4257=DIRECTION('',(0.654653670707873,-0.377964473011299,0.654653670706885));
#4258=DIRECTION('center_axis',(-0.500000000002115,-0.866025403783218,0.));
#4259=DIRECTION('ref_axis',(0.866025403783218,-0.500000000002115,2.26523163068592E-11));
#4260=DIRECTION('',(-0.654653670707176,0.377964473010896,-0.654653670707815));
#4261=DIRECTION('',(0.,0.,-1.));
#4262=DIRECTION('center_axis',(0.500000000002007,-0.86602540378328,0.));
#4263=DIRECTION('ref_axis',(0.86602540378328,0.500000000002007,-2.26523163068543E-11));
#4264=DIRECTION('',(0.,0.,1.));
#4265=DIRECTION('',(-0.654653670711128,-0.377964473013069,0.654653670702608));
#4266=DIRECTION('center_axis',(0.707106781186202,6.49563429232761E-13,-0.707106781186894));
#4267=DIRECTION('ref_axis',(9.18621411242997E-13,-1.,0.));
#4268=DIRECTION('',(-0.44721359549974,0.774596669242398,-0.447213595498591));
#4269=DIRECTION('',(-9.97271727800162E-13,1.,-7.86503165570884E-14));
#4270=DIRECTION('center_axis',(0.707106781186202,6.49563429232761E-13,-0.707106781186894));
#4271=DIRECTION('ref_axis',(-0.707106781186894,-6.4962575478073E-13,-0.707106781186201));
#4272=DIRECTION('',(0.707106781186894,6.42691179754842E-13,0.707106781186202));
#4273=DIRECTION('center_axis',(-0.707106781186202,-6.49563429232761E-13,
0.707106781186894));
#4274=DIRECTION('ref_axis',(0.707106781186894,6.49586502469263E-13,0.707106781186202));
#4275=DIRECTION('',(0.,1.,0.));
#4276=DIRECTION('center_axis',(-0.707106781186202,-6.49563429232761E-13,
0.707106781186894));
#4277=DIRECTION('ref_axis',(0.707106781186894,6.49507997846328E-13,0.707106781186202));
#4278=DIRECTION('',(-0.707106781186894,0.,-0.707106781186202));
#4279=DIRECTION('center_axis',(0.707106781186202,6.49563429232761E-13,-0.707106781186894));
#4280=DIRECTION('ref_axis',(-0.707106781186894,-6.49560334261618E-13,-0.707106781186202));
#4281=DIRECTION('',(-9.97271727800162E-13,1.,-7.86503165570884E-14));
#4282=DIRECTION('',(-0.707106781186894,-2.32790595308512E-16,-0.707106781186202));
#4283=DIRECTION('center_axis',(-0.866025403784261,0.500000000000307,0.));
#4284=DIRECTION('ref_axis',(0.,0.,1.));
#4285=DIRECTION('',(0.,0.,-1.));
#4286=DIRECTION('',(-0.500000000000307,-0.866025403784261,0.));
#4287=DIRECTION('',(-3.90485520589977E-13,-6.76340761281269E-13,1.));
#4288=DIRECTION('',(-0.447213595501342,-0.774596669243246,0.447213595495522));
#4289=DIRECTION('center_axis',(-1.,3.02362309967044E-12,0.));
#4290=DIRECTION('ref_axis',(3.02362309967044E-12,1.,0.));
#4291=DIRECTION('',(0.,0.,1.));
#4292=DIRECTION('',(3.02362309967044E-12,1.,0.));
#4293=DIRECTION('center_axis',(0.8660254037848,0.499999999999375,0.));
#4294=DIRECTION('ref_axis',(0.,0.,-1.));
#4295=DIRECTION('',(-0.447213595499423,0.774596669241849,-0.447213595499859));
#4296=DIRECTION('',(-9.94055829179356E-15,1.72175520170152E-14,-1.));
#4297=DIRECTION('',(-0.499999999999375,0.8660254037848,0.));
#4298=DIRECTION('',(0.,0.,1.));
#4299=DIRECTION('center_axis',(0.,0.,1.));
#4300=DIRECTION('ref_axis',(0.707106781185484,-0.707106781187611,0.));
#4301=DIRECTION('',(0.,0.,-1.));
#4302=DIRECTION('center_axis',(0.,0.,-1.));
#4303=DIRECTION('ref_axis',(0.707106781185484,-0.707106781187611,0.));
#4304=DIRECTION('',(0.,0.,1.));
#4305=DIRECTION('center_axis',(0.,1.,0.));
#4306=DIRECTION('ref_axis',(-1.,0.,0.));
#4307=DIRECTION('',(1.,0.,0.));
#4308=DIRECTION('',(0.,0.,1.));
#4309=DIRECTION('',(-0.764331689953873,0.,-0.644823284111435));
#4310=DIRECTION('',(0.,0.,-1.));
#4311=DIRECTION('center_axis',(0.,0.,-1.));
#4312=DIRECTION('ref_axis',(0.70710678118794,0.707106781185155,0.));
#4313=DIRECTION('',(0.,0.,-1.));
#4314=DIRECTION('center_axis',(0.,0.,-1.));
#4315=DIRECTION('ref_axis',(0.70710678118794,0.707106781185155,0.));
#4316=DIRECTION('center_axis',(0.,0.,-1.));
#4317=DIRECTION('ref_axis',(-0.258819045098188,0.965925826290229,0.));
#4318=DIRECTION('center_axis',(-0.432713142807483,-0.749481148442862,-0.501036270314276));
#4319=DIRECTION('ref_axis',(0.250518135157766,0.433910138309207,-0.865426285612795));
#4320=DIRECTION('',(0.,0.,1.));
#4321=DIRECTION('',(0.,0.,-1.));
#4322=DIRECTION('center_axis',(0.,0.,-1.));
#4323=DIRECTION('ref_axis',(-0.258819045098188,0.965925826290229,0.));
#4324=DIRECTION('',(0.,0.,1.));
#4325=DIRECTION('center_axis',(0.86602540378069,-0.500000000006493,0.));
#4326=DIRECTION('ref_axis',(0.500000000006492,0.86602540378069,0.));
#4327=DIRECTION('',(0.353553390597866,0.612372435693146,0.707106781186545));
#4328=DIRECTION('',(0.,0.,1.));
#4329=DIRECTION('',(-0.500000000006492,-0.86602540378069,0.));
#4330=DIRECTION('center_axis',(0.,0.,1.));
#4331=DIRECTION('ref_axis',(0.965925826290228,0.258819045098192,0.));
#4332=DIRECTION('center_axis',(-2.2508098221953E-12,-0.866025403784439,
-0.5));
#4333=DIRECTION('ref_axis',(1.29946979103105E-12,0.5,-0.866025403784439));
#4334=DIRECTION('',(0.,0.,-1.));
#4335=DIRECTION('center_axis',(0.,0.,-1.));
#4336=DIRECTION('ref_axis',(0.965925826290228,0.258819045098192,0.));
#4337=DIRECTION('',(0.,0.,1.));
#4338=DIRECTION('',(0.,0.,-1.));
#4339=DIRECTION('center_axis',(0.500000000001254,0.866025403783715,0.));
#4340=DIRECTION('ref_axis',(-0.866025403783715,0.500000000001254,-2.26523163068202E-11));
#4341=DIRECTION('',(-0.654653670707989,0.377964473010498,-0.654653670707231));
#4342=DIRECTION('',(0.,0.,1.));
#4343=DIRECTION('',(-0.866025403783715,0.500000000001254,0.));
#4344=DIRECTION('center_axis',(2.2508098221953E-12,0.866025403784439,0.5));
#4345=DIRECTION('ref_axis',(0.,-0.5,0.866025403784439));
#4346=DIRECTION('center_axis',(2.2508098221953E-12,0.866025403784439,0.5));
#4347=DIRECTION('ref_axis',(-1.29955768368717E-12,-0.5,0.866025403784439));
#4348=DIRECTION('',(0.654653670702774,-0.377964473012756,0.654653670711143));
#4349=DIRECTION('',(0.135480111009442,0.495390033084998,-0.858040706867054));
#4350=DIRECTION('',(-0.135480111008415,0.495390033085597,-0.858040706866871));
#4351=DIRECTION('',(0.654653670704738,0.377964473009354,-0.654653670711144));
#4352=DIRECTION('center_axis',(2.2508098221953E-12,0.866025403784439,0.5));
#4353=DIRECTION('ref_axis',(-1.29946053917251E-12,-0.5,0.866025403784439));
#4354=DIRECTION('center_axis',(-2.2508098221953E-12,-0.866025403784439,
-0.5));
#4355=DIRECTION('ref_axis',(1.29946979103105E-12,0.5,-0.866025403784439));
#4356=DIRECTION('',(0.654653670704728,0.377964473009358,-0.654653670711151));
#4357=DIRECTION('center_axis',(-2.2508098221953E-12,-0.866025403784439,
-0.5));
#4358=DIRECTION('ref_axis',(1.29948135585423E-12,0.5,-0.866025403784439));
#4359=DIRECTION('',(-1.,2.59901131347821E-12,-8.07793566946316E-28));
#4360=DIRECTION('center_axis',(-2.2508098221953E-12,-0.866025403784439,
-0.5));
#4361=DIRECTION('ref_axis',(1.29955074479326E-12,0.5,-0.866025403784439));
#4362=DIRECTION('center_axis',(0.,0.,-1.));
#4363=DIRECTION('ref_axis',(-0.965925826289663,0.258819045100301,0.));
#4364=DIRECTION('',(0.,0.,1.));
#4365=DIRECTION('',(0.,0.,-1.));
#4366=DIRECTION('center_axis',(0.,0.,-1.));
#4367=DIRECTION('ref_axis',(-0.965925826289663,0.258819045100301,0.));
#4368=DIRECTION('',(0.,0.,1.));
#4369=DIRECTION('center_axis',(0.866025403783288,0.500000000001992,0.));
#4370=DIRECTION('ref_axis',(-0.500000000001992,0.866025403783288,0.));
#4371=DIRECTION('',(-0.353553390594683,0.612372435694982,0.707106781186546));
#4372=DIRECTION('',(0.,0.,1.));
#4373=DIRECTION('',(-0.500000000001992,0.866025403783288,0.));
#4374=DIRECTION('center_axis',(0.,0.,1.));
#4375=DIRECTION('ref_axis',(0.258819045100303,0.965925826289662,0.));
#4376=DIRECTION('center_axis',(0.432713142808121,-0.749481148442493,-0.501036270314276));
#4377=DIRECTION('ref_axis',(-0.250518135158135,0.433910138308994,-0.865426285612795));
#4378=DIRECTION('',(0.,0.,-1.));
#4379=DIRECTION('center_axis',(0.,0.,-1.));
#4380=DIRECTION('ref_axis',(0.258819045100303,0.965925826289662,0.));
#4381=DIRECTION('',(0.,0.,1.));
#4382=DIRECTION('',(0.,0.,-1.));
#4383=DIRECTION('center_axis',(-0.500000000001991,0.866025403783289,0.));
#4384=DIRECTION('ref_axis',(-0.866025403783289,-0.500000000001991,2.26523163068536E-11));
#4385=DIRECTION('',(0.866025403783289,0.500000000001991,0.));
#4386=DIRECTION('',(0.654653670707649,0.377964473011044,0.654653670707257));
#4387=DIRECTION('',(0.,0.,1.));
#4388=DIRECTION('',(-0.866025403783289,-0.500000000001991,0.));
#4389=DIRECTION('center_axis',(-0.432713142808121,0.749481148442493,0.501036270314276));
#4390=DIRECTION('ref_axis',(0.756823007571915,0.,0.65361987057448));
#4391=DIRECTION('center_axis',(-0.432713142808121,0.749481148442493,0.501036270314276));
#4392=DIRECTION('ref_axis',(0.250518135158136,-0.433910138308994,0.865426285612795));
#4393=DIRECTION('',(0.866025403783295,0.500000000001981,1.96103043832926E-14));
#4394=DIRECTION('',(0.705642285086231,-0.0643267518035692,0.705642285085499));
#4395=DIRECTION('center_axis',(0.,0.,-1.));
#4396=DIRECTION('ref_axis',(-0.707106781186196,-0.707106781186899,0.));
#4397=DIRECTION('',(0.,0.,-1.));
#4398=DIRECTION('center_axis',(0.,0.,-1.));
#4399=DIRECTION('ref_axis',(-0.707106781186196,-0.707106781186899,0.));
#4400=DIRECTION('',(0.,0.,1.));
#4401=DIRECTION('center_axis',(0.,1.,0.));
#4402=DIRECTION('ref_axis',(-1.,0.,0.));
#4403=DIRECTION('',(3.09095894728274E-16,0.,1.));
#4404=DIRECTION('',(-0.764331689953873,0.,0.644823284111435));
#4405=DIRECTION('',(0.,0.,1.));
#4406=DIRECTION('',(-1.,0.,0.));
#4407=DIRECTION('center_axis',(0.,0.,1.));
#4408=DIRECTION('ref_axis',(-0.707106781187222,0.707106781185873,0.));
#4409=DIRECTION('',(0.,0.,-1.));
#4410=DIRECTION('center_axis',(0.,0.,-1.));
#4411=DIRECTION('ref_axis',(-0.707106781187222,0.707106781185873,0.));
#4412=DIRECTION('',(0.,0.,1.));
#4413=DIRECTION('center_axis',(9.08902582826417E-13,-1.,0.));
#4414=DIRECTION('ref_axis',(1.,9.08902582826417E-13,0.));
#4415=DIRECTION('',(-1.,-9.08902582826417E-13,0.));
#4416=DIRECTION('',(0.,0.,1.));
#4417=DIRECTION('',(0.764331689953873,6.94703047135156E-13,-0.644823284111435));
#4418=DIRECTION('',(-3.09095894728274E-16,-2.8093805705957E-28,-1.));
#4419=DIRECTION('center_axis',(0.,0.,1.));
#4420=DIRECTION('ref_axis',(-1.,0.,0.));
#4421=DIRECTION('center_axis',(0.,0.,1.));
#4422=DIRECTION('ref_axis',(-1.,0.,0.));
#4423=DIRECTION('',(0.707106781186547,-8.65956056235493E-17,0.707106781186547));
#4424=DIRECTION('center_axis',(0.,0.,-1.));
#4425=DIRECTION('ref_axis',(-1.,0.,0.));
#4426=DIRECTION('center_axis',(0.,0.,-1.));
#4427=DIRECTION('ref_axis',(-1.,0.,0.));
#4428=DIRECTION('',(0.,0.,1.));
#4429=DIRECTION('center_axis',(0.,0.,1.));
#4430=DIRECTION('ref_axis',(-1.,0.,0.));
#4431=DIRECTION('center_axis',(0.,0.,1.));
#4432=DIRECTION('ref_axis',(-1.,0.,0.));
#4433=DIRECTION('center_axis',(0.,0.,1.));
#4434=DIRECTION('ref_axis',(-1.,0.,0.));
#4435=DIRECTION('center_axis',(0.,0.,1.));
#4436=DIRECTION('ref_axis',(-1.,0.,0.));
#4437=DIRECTION('',(0.707106781186548,-8.65956056235493E-17,0.707106781186548));
#4438=DIRECTION('center_axis',(0.,0.,-1.));
#4439=DIRECTION('ref_axis',(-1.,0.,0.));
#4440=DIRECTION('center_axis',(0.,0.,-1.));
#4441=DIRECTION('ref_axis',(-1.,0.,0.));
#4442=DIRECTION('',(0.,0.,1.));
#4443=DIRECTION('center_axis',(0.,0.,1.));
#4444=DIRECTION('ref_axis',(-1.,0.,0.));
#4445=DIRECTION('center_axis',(0.,0.,1.));
#4446=DIRECTION('ref_axis',(-1.,0.,0.));
#4447=DIRECTION('center_axis',(0.705642285086231,-0.0643267518035692,0.705642285085499));
#4448=DIRECTION('ref_axis',(-0.625508366618468,0.411298942143814,0.663002611971986));
#4449=DIRECTION('center_axis',(0.500000000001991,-0.866025403783289,0.));
#4450=DIRECTION('ref_axis',(0.549307209751251,0.317142665419371,0.773099035755441));
#4451=DIRECTION('',(0.705642285086231,-0.0643267518035692,0.705642285085498));
#4452=DIRECTION('center_axis',(0.705642285085991,0.0643267518043874,-0.705642285085664));
#4453=DIRECTION('ref_axis',(0.625508366618826,0.411298942142679,0.663002611972352));
#4454=DIRECTION('',(-0.705642285085991,-0.0643267518043874,0.705642285085664));
#4455=DIRECTION('',(0.705642285085991,0.0643267518043874,-0.705642285085664));
#4456=DIRECTION('center_axis',(-0.707106781186544,3.52246816110807E-12,
-0.707106781186551));
#4457=DIRECTION('ref_axis',(4.98152224646648E-12,1.,0.));
#4458=DIRECTION('',(0.707106781186551,0.,-0.707106781186544));
#4459=DIRECTION('',(-2.31915888668048E-12,-1.,-2.66236335978597E-12));
#4460=DIRECTION('center_axis',(-0.707106781186544,3.52246816110807E-12,
-0.707106781186551));
#4461=DIRECTION('ref_axis',(0.707106781186551,-3.52258093568E-12,-0.707106781186544));
#4462=DIRECTION('center_axis',(0.707639154162209,-0.610984404689375,0.354887143642825));
#4463=DIRECTION('ref_axis',(0.448292107040126,0.,-0.893887121937398));
#4464=DIRECTION('',(-0.262816404094329,-0.693830384536357,-0.670467698873747));
#4465=DIRECTION('',(0.654653670707933,0.377964473011225,-0.654653670706868));
#4466=DIRECTION('',(1.51865898621878E-12,0.502264646140687,0.864713955731704));
#4467=DIRECTION('',(-0.654653670707933,-0.377964473011225,0.654653670706868));
#4468=DIRECTION('center_axis',(-0.707106781186544,1.98236065010421E-12,
-0.707106781186551));
#4469=DIRECTION('ref_axis',(2.80348131689213E-12,1.,0.));
#4470=DIRECTION('',(3.02362309967044E-12,1.,-2.2014178277831E-13));
#4471=DIRECTION('',(0.707106781186551,0.,-0.707106781186544));
#4472=DIRECTION('',(-0.6978443392851,0.161327481399986,0.697844339285545));
#4473=DIRECTION('center_axis',(-1.,3.02362309967044E-12,0.));
#4474=DIRECTION('ref_axis',(3.02362309967044E-12,1.,0.));
#4475=DIRECTION('',(0.,0.,1.));
#4476=DIRECTION('',(-3.02362309967044E-12,-1.,0.));
#4477=DIRECTION('',(0.,0.,-1.));
#4478=DIRECTION('center_axis',(-0.707639154162294,-0.61098440468928,0.354887143642821));
#4479=DIRECTION('ref_axis',(0.448292107040079,0.,0.893887121937422));
#4480=DIRECTION('',(5.00894331468835E-13,-0.50226464613986,-0.864713955732184));
#4481=DIRECTION('',(0.654653670707873,-0.377964473011299,0.654653670706885));
#4482=DIRECTION('',(-0.262816404094236,0.69383038453639,0.670467698873749));
#4483=DIRECTION('',(-0.654653670707873,0.377964473011299,-0.654653670706885));
#4484=DIRECTION('center_axis',(0.707106781186202,6.49563429232761E-13,-0.707106781186894));
#4485=DIRECTION('ref_axis',(9.18621411242997E-13,-1.,0.));
#4486=DIRECTION('',(-0.697844339285675,-0.161327481399254,-0.69784433928514));
#4487=DIRECTION('',(-0.707106781186894,0.,-0.707106781186202));
#4488=DIRECTION('',(9.97271727800162E-13,-1.,7.86503165570884E-14));
#4489=DIRECTION('center_axis',(-0.409576022146228,-0.709406479915221,0.573576436351048));
#4490=DIRECTION('ref_axis',(0.813814953380841,0.,0.581124101766343));
#4491=DIRECTION('',(0.866025403783218,-0.500000000002115,0.));
#4492=DIRECTION('',(0.771263359288522,0.0665340567623336,0.633029264655064));
#4493=DIRECTION('',(0.151905774946238,0.566920070059659,0.809645768037809));
#4494=DIRECTION('center_axis',(0.,-0.819152044288994,0.573576436351042));
#4495=DIRECTION('ref_axis',(1.,0.,0.));
#4496=DIRECTION('',(1.,0.,0.));
#4497=DIRECTION('',(0.151905774946195,-0.566920070059663,-0.809645768037815));
#4498=DIRECTION('center_axis',(0.,0.994521895368278,-0.104528463267606));
#4499=DIRECTION('ref_axis',(0.,-0.104528463267606,-0.994521895368278));
#4500=DIRECTION('',(-0.178152359240328,0.10285631256475,0.978612444158916));
#4501=DIRECTION('',(1.,8.04517653910177E-14,7.65447416916104E-13));
#4502=DIRECTION('',(-0.178152359240378,-0.102856312564749,-0.978612444158907));
#4503=DIRECTION('',(0.771263359288584,-0.0665340567623257,-0.63302926465499));
#4504=DIRECTION('center_axis',(0.40957602214614,-0.709406479915274,0.573576436351046));
#4505=DIRECTION('ref_axis',(0.813814953380899,0.,-0.581124101766262));
#4506=DIRECTION('',(0.86602540378328,0.500000000002007,0.));
#4507=DIRECTION('center_axis',(0.,0.,-1.));
#4508=DIRECTION('ref_axis',(-0.258819045104476,0.965925826288544,0.));
#4509=DIRECTION('',(0.,0.,-1.));
#4510=DIRECTION('',(0.,0.,1.));
#4511=DIRECTION('center_axis',(-0.500000000001958,0.866025403783308,0.));
#4512=DIRECTION('ref_axis',(0.866025403783308,0.500000000001958,0.));
#4513=DIRECTION('',(0.,0.,1.));
#4514=DIRECTION('center_axis',(0.,0.,-1.));
#4515=DIRECTION('ref_axis',(0.258819045103548,0.965925826288793,0.));
#4516=DIRECTION('',(0.,0.,-1.));
#4517=DIRECTION('',(0.,0.,1.));
#4518=DIRECTION('center_axis',(5.43094980753587E-13,1.,0.));
#4519=DIRECTION('ref_axis',(1.,-5.43094980753587E-13,0.));
#4520=DIRECTION('',(0.,0.,1.));
#4521=DIRECTION('center_axis',(0.,0.,-1.));
#4522=DIRECTION('ref_axis',(0.86637275003247,-0.499397895471311,0.));
#4523=DIRECTION('',(0.,0.,-1.));
#4524=DIRECTION('',(0.,0.,1.));
#4525=DIRECTION('center_axis',(1.,3.22398364249096E-13,0.));
#4526=DIRECTION('ref_axis',(3.22398364249096E-13,-1.,0.));
#4527=DIRECTION('',(0.,0.,1.));
#4528=DIRECTION('center_axis',(0.,0.,-1.));
#4529=DIRECTION('ref_axis',(-0.866204005427848,-0.499690525206105,0.));
#4530=DIRECTION('',(0.,0.,-1.));
#4531=DIRECTION('',(0.,0.,1.));
#4532=DIRECTION('center_axis',(-0.500618758039021,-0.865667868815442,0.));
#4533=DIRECTION('ref_axis',(-0.865667868815442,0.500618758039021,5.42730013913057E-15));
#4534=DIRECTION('',(0.,0.,1.));
#4535=DIRECTION('center_axis',(0.,0.,-1.));
#4536=DIRECTION('ref_axis',(-0.866025403785156,0.499999999998757,0.));
#4537=DIRECTION('',(0.,0.,-1.));
#4538=DIRECTION('center_axis',(-1.,-6.06886569084824E-13,0.));
#4539=DIRECTION('ref_axis',(-6.06886569084824E-13,1.,0.));
#4540=DIRECTION('center_axis',(0.,0.,-1.));
#4541=DIRECTION('ref_axis',(0.866025403784753,0.499999999999455,0.));
#4542=DIRECTION('',(0.,0.,-1.));
#4543=DIRECTION('center_axis',(0.500000000001371,0.866025403783647,0.));
#4544=DIRECTION('ref_axis',(0.866025403783647,-0.500000000001371,0.));
#4545=DIRECTION('center_axis',(-0.0907841294985005,0.995870594922453,0.));
#4546=DIRECTION('ref_axis',(0.,0.,-1.));
#4547=DIRECTION('',(0.,0.,1.));
#4548=DIRECTION('',(-0.705642285085992,-0.0643267518043876,0.705642285085664));
#4549=DIRECTION('',(0.,0.,1.));
#4550=DIRECTION('',(-0.705642285085992,-0.0643267518043876,0.705642285085664));
#4551=DIRECTION('center_axis',(-0.707106781186412,6.40437519046227E-13,
-0.707106781186683));
#4552=DIRECTION('ref_axis',(-9.05715425287925E-13,-1.,0.));
#4553=DIRECTION('center_axis',(0.707106781186412,-6.40437519046227E-13,
0.707106781186683));
#4554=DIRECTION('ref_axis',(0.707106781186683,-6.40336041066655E-13,-0.707106781186412));
#4555=DIRECTION('',(-9.05715425287925E-13,-1.,0.));
#4556=DIRECTION('center_axis',(0.70710678118621,6.41797259001555E-13,-0.707106781186886));
#4557=DIRECTION('ref_axis',(-9.07638387974311E-13,1.,0.));
#4558=DIRECTION('center_axis',(-0.70710678118621,-6.41797259001555E-13,
0.707106781186886));
#4559=DIRECTION('ref_axis',(-0.707106781186886,-6.41840713006412E-13,-0.70710678118621));
#4560=DIRECTION('',(0.705642285086231,-0.0643267518035689,0.705642285085499));
#4561=DIRECTION('',(-9.07638387974311E-13,1.,0.));
#4562=DIRECTION('center_axis',(0.090784129497324,0.99587059492256,0.));
#4563=DIRECTION('ref_axis',(0.,0.,1.));
#4564=DIRECTION('',(0.,0.,-1.));
#4565=DIRECTION('',(0.705642285086231,-0.0643267518035689,0.705642285085499));
#4566=DIRECTION('',(0.,0.,-1.));
#4567=DIRECTION('center_axis',(0.,0.,-1.));
#4568=DIRECTION('ref_axis',(-0.866025403785241,0.49999999999861,0.));
#4569=DIRECTION('center_axis',(0.,0.,-1.));
#4570=DIRECTION('ref_axis',(-0.866025403785241,0.49999999999861,0.));
#4571=DIRECTION('center_axis',(0.707106781186202,4.64956592976486E-13,-0.707106781186894));
#4572=DIRECTION('ref_axis',(-0.707106781186894,-4.64878208808848E-13,-0.707106781186202));
#4573=DIRECTION('center_axis',(0.,0.,1.));
#4574=DIRECTION('ref_axis',(0.258819045095282,-0.965925826291008,0.));
#4575=DIRECTION('center_axis',(0.432713142807483,0.749481148442862,0.501036270314276));
#4576=DIRECTION('ref_axis',(-0.250518135157766,-0.433910138309207,0.865426285612795));
#4577=DIRECTION('',(0.,0.,-1.));
#4578=DIRECTION('center_axis',(0.191341716185028,0.331413574034161,0.923879532511286));
#4579=DIRECTION('ref_axis',(0.461939766261633,0.800103145187806,-0.382683432365092));
#4580=DIRECTION('center_axis',(0.,0.,1.));
#4581=DIRECTION('ref_axis',(-0.965925826291008,-0.258819045095281,0.));
#4582=DIRECTION('',(0.,0.,1.));
#4583=DIRECTION('center_axis',(0.191341716185036,0.331413574034158,0.923879532511285));
#4584=DIRECTION('ref_axis',(0.461939766261652,0.800103145187795,-0.382683432365093));
#4585=DIRECTION('center_axis',(0.,0.,1.));
#4586=DIRECTION('ref_axis',(1.,0.,0.));
#4587=DIRECTION('center_axis',(0.866025403780693,-0.500000000006487,-1.04411148502471E-14));
#4588=DIRECTION('ref_axis',(-0.500000000006487,-0.866025403780693,0.));
#4589=DIRECTION('center_axis',(0.,0.,1.));
#4590=DIRECTION('ref_axis',(0.866025403780691,-0.500000000006492,0.));
#4591=DIRECTION('center_axis',(-0.353553390597865,-0.612372435693146,-0.707106781186546));
#4592=DIRECTION('ref_axis',(-0.353553390597859,-0.612372435693145,0.707106781186549));
#4593=DIRECTION('center_axis',(0.,0.,1.));
#4594=DIRECTION('ref_axis',(0.258819045095273,-0.96592582629101,0.));
#4595=DIRECTION('center_axis',(0.,0.,1.));
#4596=DIRECTION('ref_axis',(0.258819045095273,-0.96592582629101,0.));
#4597=DIRECTION('',(0.,0.,-1.));
#4598=DIRECTION('center_axis',(0.353553390597866,0.612372435693146,0.707106781186545));
#4599=DIRECTION('ref_axis',(0.362372435689901,-0.786566092488208,0.5));
#4600=DIRECTION('',(-0.353553390597866,-0.612372435693146,-0.707106781186545));
#4601=DIRECTION('center_axis',(0.,0.,1.));
#4602=DIRECTION('ref_axis',(-0.965925826291006,-0.258819045095288,0.));
#4603=DIRECTION('center_axis',(-0.353553390597868,-0.612372435693148,-0.707106781186543));
#4604=DIRECTION('ref_axis',(-0.866025403780689,0.500000000006494,0.));
#4605=DIRECTION('center_axis',(-3.07674029820039E-15,1.7763568394233E-15,
1.));
#4606=DIRECTION('ref_axis',(-0.500000000006489,-0.866025403780692,0.));
#4607=DIRECTION('center_axis',(-0.866025403780689,0.500000000006494,9.73457324383937E-15));
#4608=DIRECTION('ref_axis',(-0.353553390597859,-0.612372435693145,0.707106781186549));
#4609=DIRECTION('center_axis',(0.,0.,1.));
#4610=DIRECTION('ref_axis',(-0.965925826291009,-0.258819045095279,0.));
#4611=DIRECTION('center_axis',(0.,0.,1.));
#4612=DIRECTION('ref_axis',(-0.965925826291009,-0.258819045095279,0.));
#4613=DIRECTION('',(0.,0.,1.));
#4614=DIRECTION('',(0.,0.,-1.));
#4615=DIRECTION('center_axis',(0.866025403780692,-0.500000000006489,-8.71401314569493E-15));
#4616=DIRECTION('ref_axis',(-0.461939766261636,-0.800103145187806,0.382683432365089));
#4617=DIRECTION('',(-0.866025403780692,0.500000000006489,8.71401314569493E-15));
#4618=DIRECTION('',(0.866025403780692,-0.500000000006489,-8.71401314569493E-15));
#4619=DIRECTION('center_axis',(-0.353553390597867,-0.612372435693145,-0.707106781186545));
#4620=DIRECTION('ref_axis',(-0.862372435696387,-0.0794593112924808,0.500000000000005));
#4621=DIRECTION('',(-0.353553390597867,-0.612372435693145,-0.707106781186545));
#4622=DIRECTION('',(0.353553390597867,0.612372435693145,0.707106781186545));
#4623=DIRECTION('center_axis',(-0.500000000006489,-0.866025403780692,0.));
#4624=DIRECTION('ref_axis',(0.866025403780692,-0.500000000006489,0.));
#4625=DIRECTION('',(-0.866025403780692,0.500000000006489,0.));
#4626=DIRECTION('center_axis',(0.,0.,1.));
#4627=DIRECTION('ref_axis',(1.,0.,0.));
#4628=DIRECTION('',(0.500000000006495,0.866025403780689,0.));
#4629=DIRECTION('center_axis',(0.,0.,-1.));
#4630=DIRECTION('ref_axis',(0.258819045104475,0.965925826288545,0.));
#4631=DIRECTION('',(-1.,2.59901131347821E-12,0.));
#4632=DIRECTION('center_axis',(0.,0.,-1.));
#4633=DIRECTION('ref_axis',(-0.258819045102376,0.965925826289107,0.));
#4634=DIRECTION('',(-0.866025403783289,-0.500000000001991,0.));
#4635=DIRECTION('center_axis',(0.,0.,1.));
#4636=DIRECTION('ref_axis',(0.965925826289663,-0.258819045100302,0.));
#4637=DIRECTION('',(0.866025403783291,0.500000000001988,0.));
#4638=DIRECTION('center_axis',(0.,0.,1.));
#4639=DIRECTION('ref_axis',(-0.2588190451003,-0.965925826289663,0.));
#4640=DIRECTION('',(0.500000000001991,-0.866025403783289,0.));
#4641=DIRECTION('',(-9.07638387974311E-13,1.,0.));
#4642=DIRECTION('',(-9.07638387974311E-13,1.,0.));
#4643=DIRECTION('center_axis',(0.,0.,1.));
#4644=DIRECTION('ref_axis',(0.866025403785244,-0.499999999998604,0.));
#4645=DIRECTION('',(0.86602540378328,0.500000000002006,0.));
#4646=DIRECTION('center_axis',(0.,0.,-1.));
#4647=DIRECTION('ref_axis',(-0.866025403785245,0.499999999998604,0.));
#4648=DIRECTION('',(9.08699322785387E-13,-1.,0.));
#4649=DIRECTION('',(0.252030481446568,-0.967719296295063,0.));
#4650=DIRECTION('',(9.97271727800162E-13,-1.,0.));
#4651=DIRECTION('center_axis',(0.,0.,1.));
#4652=DIRECTION('ref_axis',(1.,0.,0.));
#4653=DIRECTION('',(-1.66864158424005E-12,1.,0.));
#4654=DIRECTION('center_axis',(0.,0.,1.));
#4655=DIRECTION('ref_axis',(9.07718344933531E-13,-1.,0.));
#4656=DIRECTION('',(9.97271727800162E-13,-1.,0.));
#4657=DIRECTION('',(0.,-1.,0.));
#4658=DIRECTION('',(0.866025403783218,-0.500000000002115,2.26523163068592E-11));
#4659=DIRECTION('',(-9.97271727800162E-13,1.,0.));
#4660=DIRECTION('',(-0.252030481446568,0.967719296295063,0.));
#4661=DIRECTION('',(9.08699322785387E-13,-1.,4.53046326135267E-11));
#4662=DIRECTION('center_axis',(0.,0.,1.));
#4663=DIRECTION('ref_axis',(-0.866025403785241,0.499999999998611,0.));
#4664=DIRECTION('',(-0.866025403783289,-0.500000000001991,2.26523163068536E-11));
#4665=DIRECTION('center_axis',(0.,0.,1.));
#4666=DIRECTION('ref_axis',(-0.258819045102376,0.965925826289107,0.));
#4667=DIRECTION('',(-1.,2.59901131347821E-12,-1.17746536423376E-22));
#4668=DIRECTION('center_axis',(0.,0.,1.));
#4669=DIRECTION('ref_axis',(0.258819045104478,0.965925826288544,0.));
#4670=DIRECTION('center_axis',(0.,0.,1.));
#4671=DIRECTION('ref_axis',(0.866025403785381,0.499999999998368,0.));
#4672=DIRECTION('',(2.31915888668048E-12,1.,-4.53046326135267E-11));
#4673=DIRECTION('',(-0.252030481448023,-0.967719296294684,0.));
#4674=DIRECTION('',(0.86602540378328,0.500000000002007,-2.26523163068543E-11));
#4675=DIRECTION('',(0.,-1.,0.));
#4676=DIRECTION('',(1.,-9.12090915632659E-13,0.));
#4677=DIRECTION('center_axis',(0.,0.,1.));
#4678=DIRECTION('ref_axis',(-1.,7.105427357601E-15,0.));
#4679=DIRECTION('',(0.,-1.,0.));
#4680=DIRECTION('center_axis',(0.,0.,1.));
#4681=DIRECTION('ref_axis',(0.,1.,0.));
#4682=DIRECTION('',(3.02362309967044E-12,1.,0.));
#4683=DIRECTION('',(0.252030481448023,0.967719296294684,0.));
#4684=DIRECTION('',(2.31915888668048E-12,1.,0.));
#4685=DIRECTION('center_axis',(0.,0.,-1.));
#4686=DIRECTION('ref_axis',(0.866025403785599,0.49999999999799,0.));
#4687=DIRECTION('',(-0.866025403783281,0.500000000002005,0.));
#4688=DIRECTION('center_axis',(0.,0.,1.));
#4689=DIRECTION('ref_axis',(-0.866025403785245,-0.499999999998603,0.));
#4690=DIRECTION('',(9.05715425287925E-13,1.,0.));
#4691=DIRECTION('',(-9.05715425287925E-13,-1.,0.));
#4692=DIRECTION('center_axis',(0.,0.,-1.));
#4693=DIRECTION('ref_axis',(0.866025403785026,0.499999999998982,0.));
#4694=DIRECTION('',(-0.866025403783715,0.500000000001254,0.));
#4695=DIRECTION('center_axis',(0.,0.,1.));
#4696=DIRECTION('ref_axis',(-1.,0.,0.));
#4697=DIRECTION('center_axis',(0.,0.,1.));
#4698=DIRECTION('ref_axis',(-1.,0.,0.));
#4699=DIRECTION('center_axis',(0.,0.,1.));
#4700=DIRECTION('ref_axis',(-1.,0.,0.));
#4701=DIRECTION('center_axis',(0.,0.,1.));
#4702=DIRECTION('ref_axis',(-1.,0.,0.));
#4703=DIRECTION('center_axis',(0.,0.,1.));
#4704=DIRECTION('ref_axis',(-1.,0.,0.));
#4705=DIRECTION('center_axis',(0.,0.,1.));
#4706=DIRECTION('ref_axis',(-1.,0.,0.));
#4707=DIRECTION('center_axis',(0.,0.,1.));
#4708=DIRECTION('ref_axis',(0.965925826289662,-0.258819045100304,0.));
#4709=DIRECTION('',(0.,0.,-1.));
#4710=DIRECTION('center_axis',(-0.191341716183308,0.331413574035152,0.923879532511286));
#4711=DIRECTION('ref_axis',(-0.461939766257484,0.800103145190203,-0.382683432365091));
#4712=DIRECTION('center_axis',(0.,0.,1.));
#4713=DIRECTION('ref_axis',(1.,0.,0.));
#4714=DIRECTION('center_axis',(0.866025403783291,0.500000000001988,6.28036983473503E-15));
#4715=DIRECTION('ref_axis',(0.500000000001988,-0.866025403783291,0.));
#4716=DIRECTION('center_axis',(1.77635683940732E-15,-3.07674029820961E-15,
1.));
#4717=DIRECTION('ref_axis',(0.866025403783288,0.500000000001992,0.));
#4718=DIRECTION('center_axis',(0.353553390594683,-0.612372435694982,-0.707106781186546));
#4719=DIRECTION('ref_axis',(0.353553390594672,-0.612372435694986,0.707106781186549));
#4720=DIRECTION('center_axis',(0.,0.,1.));
#4721=DIRECTION('ref_axis',(0.965925826289663,-0.258819045100302,0.));
#4722=DIRECTION('',(0.,0.,-1.));
#4723=DIRECTION('center_axis',(-0.353553390594683,0.612372435694982,0.707106781186546));
#4724=DIRECTION('ref_axis',(0.862372435695973,-0.0794593112969627,0.500000000000007));
#4725=DIRECTION('',(0.353553390594683,-0.612372435694982,-0.707106781186546));
#4726=DIRECTION('center_axis',(0.,0.,1.));
#4727=DIRECTION('ref_axis',(-0.258819045100306,-0.965925826289662,0.));
#4728=DIRECTION('',(0.,0.,1.));
#4729=DIRECTION('center_axis',(-0.191341716183312,0.331413574035154,0.923879532511285));
#4730=DIRECTION('ref_axis',(-0.461939766257489,0.800103145190198,-0.382683432365094));
#4731=DIRECTION('center_axis',(0.,0.,1.));
#4732=DIRECTION('ref_axis',(1.,0.,0.));
#4733=DIRECTION('center_axis',(0.353553390594684,-0.612372435694988,-0.707106781186541));
#4734=DIRECTION('ref_axis',(-0.86602540378329,-0.50000000000199,0.));
#4735=DIRECTION('center_axis',(-3.07674029820962E-15,-1.77635683940731E-15,
1.));
#4736=DIRECTION('ref_axis',(0.500000000001988,-0.866025403783291,0.));
#4737=DIRECTION('center_axis',(-0.866025403783289,-0.500000000001991,-9.42055475210253E-15));
#4738=DIRECTION('ref_axis',(0.353553390594675,-0.612372435694983,0.70710678118655));
#4739=DIRECTION('center_axis',(0.,0.,1.));
#4740=DIRECTION('ref_axis',(-0.2588190451003,-0.965925826289663,0.));
#4741=DIRECTION('',(0.,0.,1.));
#4742=DIRECTION('',(0.,0.,-1.));
#4743=DIRECTION('center_axis',(0.866025403783291,0.500000000001988,8.321490031024E-15));
#4744=DIRECTION('ref_axis',(0.461939766257478,-0.800103145190205,0.382683432365092));
#4745=DIRECTION('',(-0.866025403783291,-0.500000000001988,-8.321490031024E-15));
#4746=DIRECTION('',(0.866025403783291,0.500000000001988,8.321490031024E-15));
#4747=DIRECTION('center_axis',(0.353553390594682,-0.612372435694983,-0.707106781186546));
#4748=DIRECTION('ref_axis',(-0.362372435693989,-0.786566092486324,0.500000000000001));
#4749=DIRECTION('',(0.353553390594682,-0.612372435694983,-0.707106781186546));
#4750=DIRECTION('',(-0.353553390594682,0.612372435694983,0.707106781186546));
#4751=DIRECTION('center_axis',(0.500000000001988,-0.866025403783291,0.));
#4752=DIRECTION('ref_axis',(0.866025403783291,0.500000000001988,0.));
#4753=DIRECTION('center_axis',(-0.353553390597856,-0.612372435693146,0.70710678118655));
#4754=DIRECTION('ref_axis',(0.894427190997598,0.,0.447213595504594));
#4755=DIRECTION('',(-0.866025403780696,0.500000000006482,0.));
#4756=DIRECTION('center_axis',(-0.500000000006482,-0.866025403780696,0.));
#4757=DIRECTION('ref_axis',(0.866025403780696,-0.500000000006482,0.));
#4758=DIRECTION('',(0.866025403780696,-0.500000000006482,1.04272530905852E-11));
#4759=DIRECTION('center_axis',(0.353553390594674,-0.612372435694985,0.707106781186549));
#4760=DIRECTION('ref_axis',(0.894427190999208,0.,-0.447213595501374));
#4761=DIRECTION('',(-0.866025403783295,-0.500000000001981,0.));
#4762=DIRECTION('center_axis',(0.500000000001981,-0.866025403783295,0.));
#4763=DIRECTION('ref_axis',(0.866025403783295,0.500000000001981,0.));
#4764=DIRECTION('center_axis',(-0.764331689953873,6.97139990937086E-13,
-0.644823284111435));
#4765=DIRECTION('ref_axis',(-0.455958916862688,-0.70710678118634,0.540464121041997));
#4766=DIRECTION('',(-0.764331689953873,6.97139990937086E-13,-0.644823284111435));
#4767=DIRECTION('center_axis',(0.764331689953875,-6.95155622410193E-13,
0.644823284111433));
#4768=DIRECTION('ref_axis',(-0.644823284111433,0.,0.764331689953875));
#4769=DIRECTION('',(0.764331689953873,-6.97139990937086E-13,0.644823284111435));
#4770=DIRECTION('center_axis',(-0.4214123371999,3.83272287945055E-13,-0.906869142740957));
#4771=DIRECTION('ref_axis',(0.906869142740957,-8.29501532998951E-13,-0.4214123371999));
#4772=DIRECTION('center_axis',(0.,0.,-1.));
#4773=DIRECTION('ref_axis',(-0.707106781186869,-0.707106781186226,0.));
#4774=DIRECTION('',(0.,0.,1.));
#4775=DIRECTION('',(0.,0.,-1.));
#4776=DIRECTION('center_axis',(0.,1.,0.));
#4777=DIRECTION('ref_axis',(-0.906869142740955,0.,0.421412337199904));
#4778=DIRECTION('center_axis',(0.,1.,0.));
#4779=DIRECTION('ref_axis',(-1.,0.,0.));
#4780=DIRECTION('',(0.,1.,0.));
#4781=DIRECTION('center_axis',(0.,-1.,0.));
#4782=DIRECTION('ref_axis',(-0.644823284111433,0.,0.764331689953875));
#4783=DIRECTION('',(0.,-1.,0.));
#4784=DIRECTION('center_axis',(0.,0.,1.));
#4785=DIRECTION('ref_axis',(1.,0.,0.));
#4786=DIRECTION('center_axis',(0.,0.,1.));
#4787=DIRECTION('ref_axis',(-1.,7.105427357601E-15,0.));
#4788=DIRECTION('center_axis',(0.764331689953873,0.,0.644823284111435));
#4789=DIRECTION('ref_axis',(-0.45595891686217,0.707106781186551,0.540464121042158));
#4790=DIRECTION('center_axis',(0.764331689953873,0.,0.644823284111435));
#4791=DIRECTION('ref_axis',(0.,1.,0.));
#4792=DIRECTION('',(0.764331689953873,0.,0.644823284111435));
#4793=DIRECTION('center_axis',(-0.421412337199897,0.,-0.906869142740958));
#4794=DIRECTION('ref_axis',(-0.906869142740958,0.,0.421412337199897));
#4795=DIRECTION('center_axis',(0.,0.,1.));
#4796=DIRECTION('ref_axis',(-0.707106781186547,0.707106781186547,0.));
#4797=DIRECTION('',(0.,0.,1.));
#4798=DIRECTION('center_axis',(0.,0.,1.));
#4799=DIRECTION('ref_axis',(1.,0.,0.));
#4800=DIRECTION('center_axis',(0.,0.,1.));
#4801=DIRECTION('ref_axis',(0.,1.,0.));
#4802=DIRECTION('center_axis',(-9.12090915632659E-13,-1.,0.));
#4803=DIRECTION('ref_axis',(1.,-9.12090915632659E-13,0.));
#4804=DIRECTION('',(0.,0.,1.));
#4805=DIRECTION('center_axis',(0.,0.,1.));
#4806=DIRECTION('ref_axis',(-1.,7.105427357601E-15,0.));
#4807=DIRECTION('',(0.,0.,1.));
#4808=DIRECTION('center_axis',(-1.,0.,0.));
#4809=DIRECTION('ref_axis',(0.,-1.,0.));
#4810=DIRECTION('',(0.,0.,1.));
#4811=DIRECTION('center_axis',(0.,0.,1.));
#4812=DIRECTION('ref_axis',(0.,1.,0.));
#4813=DIRECTION('center_axis',(-3.09095894728274E-16,0.,-1.));
#4814=DIRECTION('ref_axis',(0.707106781186547,0.707106781186547,0.));
#4815=DIRECTION('',(-3.09095894728274E-16,0.,-1.));
#4816=DIRECTION('center_axis',(-0.421412337199903,0.,0.906869142740956));
#4817=DIRECTION('ref_axis',(0.906869142740956,0.,0.421412337199903));
#4818=DIRECTION('center_axis',(0.764331689953873,0.,-0.644823284111435));
#4819=DIRECTION('ref_axis',(0.455958916862176,0.707106781186548,0.540464121042156));
#4820=DIRECTION('',(0.764331689953873,0.,-0.644823284111435));
#4821=DIRECTION('center_axis',(-0.764331689953873,0.,0.644823284111435));
#4822=DIRECTION('ref_axis',(0.644823284111435,0.,0.764331689953873));
#4823=DIRECTION('center_axis',(1.66864158424005E-12,-1.,-1.40773823785785E-12));
#4824=DIRECTION('ref_axis',(0.906869142740956,9.18667664841576E-13,0.421412337199902));
#4825=DIRECTION('center_axis',(1.66711089377714E-12,-1.,-1.40644688115469E-12));
#4826=DIRECTION('ref_axis',(1.,1.66711089377714E-12,0.));
#4827=DIRECTION('',(1.66864158424005E-12,-1.,-1.40773823785785E-12));
#4828=DIRECTION('center_axis',(-1.66799907200469E-12,1.,1.40719618673642E-12));
#4829=DIRECTION('ref_axis',(0.644823284111435,0.,0.764331689953873));
#4830=DIRECTION('',(-1.66864158424005E-12,1.,1.40773823785785E-12));
#4831=DIRECTION('center_axis',(0.,0.,1.));
#4832=DIRECTION('ref_axis',(1.,0.,0.));
#4833=DIRECTION('center_axis',(0.,0.,1.));
#4834=DIRECTION('ref_axis',(1.,0.,0.));
#4835=DIRECTION('center_axis',(3.09095894728274E-16,2.8093805705957E-28,
1.));
#4836=DIRECTION('ref_axis',(0.707106781186869,-0.707106781186226,0.));
#4837=DIRECTION('',(3.09095894728274E-16,2.8093805705957E-28,1.));
#4838=DIRECTION('center_axis',(-0.4214123371999,-3.83272287945055E-13,0.906869142740957));
#4839=DIRECTION('ref_axis',(-0.906869142740957,-8.24792680524256E-13,-0.4214123371999));
#4840=DIRECTION('center_axis',(-0.764331689953873,-6.94703047135156E-13,
0.644823284111435));
#4841=DIRECTION('ref_axis',(0.455958916862684,-0.70710678118634,0.540464121042));
#4842=DIRECTION('center_axis',(-0.764331689953874,-6.95155622410196E-13,
0.644823284111434));
#4843=DIRECTION('ref_axis',(9.09494701772927E-13,-1.,0.));
#4844=DIRECTION('',(-0.764331689953873,-6.94703047135156E-13,0.644823284111435));
#4845=DIRECTION('center_axis',(0.,0.,1.));
#4846=DIRECTION('ref_axis',(1.,0.,0.));
#4847=DIRECTION('center_axis',(0.,0.,1.));
#4848=DIRECTION('ref_axis',(9.07718344933531E-13,-1.,0.));
#4849=DIRECTION('center_axis',(0.,0.,1.));
#4850=DIRECTION('ref_axis',(1.,0.,0.));
#4851=DIRECTION('',(0.,0.,1.));
#4852=DIRECTION('center_axis',(1.,1.66864158424005E-12,0.));
#4853=DIRECTION('ref_axis',(-1.66864158424005E-12,1.,0.));
#4854=DIRECTION('',(0.,0.,1.));
#4855=DIRECTION('center_axis',(0.,0.,1.));
#4856=DIRECTION('ref_axis',(9.07718344933531E-13,-1.,0.));
#4857=DIRECTION('center_axis',(0.,0.,1.));
#4858=DIRECTION('ref_axis',(-1.,0.,0.));
#4859=DIRECTION('center_axis',(0.,0.,1.));
#4860=DIRECTION('ref_axis',(-1.,0.,0.));
#4861=DIRECTION('',(0.707106781186546,-8.65956056235491E-17,0.707106781186549));
#4862=DIRECTION('center_axis',(0.,0.,-1.));
#4863=DIRECTION('ref_axis',(-1.,0.,0.));
#4864=DIRECTION('center_axis',(0.,0.,-1.));
#4865=DIRECTION('ref_axis',(-1.,0.,0.));
#4866=DIRECTION('',(0.,0.,1.));
#4867=DIRECTION('center_axis',(0.,0.,1.));
#4868=DIRECTION('ref_axis',(-1.,0.,0.));
#4869=DIRECTION('center_axis',(0.,0.,1.));
#4870=DIRECTION('ref_axis',(-1.,0.,0.));
#4871=DIRECTION('center_axis',(0.,0.,1.));
#4872=DIRECTION('ref_axis',(-1.,0.,0.));
#4873=DIRECTION('',(0.707106781186547,-8.65956056235493E-17,0.707106781186547));
#4874=DIRECTION('center_axis',(0.,0.,-1.));
#4875=DIRECTION('ref_axis',(-1.,0.,0.));
#4876=DIRECTION('center_axis',(0.,0.,-1.));
#4877=DIRECTION('ref_axis',(-1.,0.,0.));
#4878=DIRECTION('',(0.,0.,1.));
#4879=DIRECTION('center_axis',(0.,0.,1.));
#4880=DIRECTION('ref_axis',(-1.,0.,0.));
#4881=DIRECTION('center_axis',(0.,0.,1.));
#4882=DIRECTION('ref_axis',(-1.,0.,0.));
#4883=DIRECTION('',(0.,0.,1.));
#4884=DIRECTION('center_axis',(0.,0.,1.));
#4885=DIRECTION('ref_axis',(-1.,0.,0.));
#4886=DIRECTION('center_axis',(0.,0.,1.));
#4887=DIRECTION('ref_axis',(-1.,0.,0.));
#4888=DIRECTION('center_axis',(0.,0.,1.));
#4889=DIRECTION('ref_axis',(-1.,0.,0.));
#4890=DIRECTION('',(0.,0.,1.));
#4891=DIRECTION('center_axis',(0.,0.,1.));
#4892=DIRECTION('ref_axis',(-1.,0.,0.));
#4893=DIRECTION('center_axis',(0.,0.,1.));
#4894=DIRECTION('ref_axis',(-1.,0.,0.));
#4895=DIRECTION('center_axis',(0.644823284111435,0.,-0.764331689953873));
#4896=DIRECTION('ref_axis',(-0.764331689953873,0.,-0.644823284111435));
#4897=DIRECTION('',(0.,1.,0.));
#4898=DIRECTION('center_axis',(1.,0.,0.));
#4899=DIRECTION('ref_axis',(0.,0.,-1.));
#4900=DIRECTION('center_axis',(-0.644823284111435,0.,-0.764331689953873));
#4901=DIRECTION('ref_axis',(-0.764331689953873,0.,0.644823284111435));
#4902=DIRECTION('',(0.,1.,0.));
#4903=DIRECTION('center_axis',(-1.,0.,3.09095894728274E-16));
#4904=DIRECTION('ref_axis',(3.09095894728274E-16,0.,1.));
#4905=DIRECTION('center_axis',(1.,9.97271727800162E-13,0.));
#4906=DIRECTION('ref_axis',(9.97271727800162E-13,-1.,0.));
#4907=DIRECTION('',(0.,0.,-1.));
#4908=DIRECTION('',(-9.42088193097373E-13,0.944665497712929,-0.32803520760855));
#4909=DIRECTION('center_axis',(0.,0.,-1.));
#4910=DIRECTION('ref_axis',(0.707106781185756,0.707106781187339,0.));
#4911=DIRECTION('',(0.,0.,-1.));
#4912=DIRECTION('',(0.,0.,1.));
#4913=DIRECTION('center_axis',(-1.78523862359771E-12,1.,0.));
#4914=DIRECTION('ref_axis',(1.,1.78523862359771E-12,0.));
#4915=DIRECTION('center_axis',(0.,0.,-1.));
#4916=DIRECTION('ref_axis',(-0.70710678118634,0.707106781186755,0.));
#4917=DIRECTION('',(0.,0.,-1.));
#4918=DIRECTION('center_axis',(-1.,4.69826761971006E-14,0.));
#4919=DIRECTION('ref_axis',(4.69826761971006E-14,1.,0.));
#4920=DIRECTION('',(0.,0.,1.));
#4921=DIRECTION('center_axis',(0.,0.,-1.));
#4922=DIRECTION('ref_axis',(0.707106781185891,0.707106781187204,0.));
#4923=DIRECTION('',(0.,0.,-1.));
#4924=DIRECTION('',(0.,0.,1.));
#4925=DIRECTION('center_axis',(-2.09087649155501E-12,1.,0.));
#4926=DIRECTION('ref_axis',(1.,2.09087649155501E-12,0.));
#4927=DIRECTION('',(0.,0.,1.));
#4928=DIRECTION('center_axis',(0.,0.,-1.));
#4929=DIRECTION('ref_axis',(-0.707106781187204,0.707106781185891,0.));
#4930=DIRECTION('',(0.,0.,-1.));
#4931=DIRECTION('center_axis',(-1.,2.38801602464071E-13,0.));
#4932=DIRECTION('ref_axis',(2.38801602464071E-13,1.,0.));
#4933=DIRECTION('',(0.,0.,1.));
#4934=DIRECTION('center_axis',(0.,0.,-1.));
#4935=DIRECTION('ref_axis',(-0.707106781187233,-0.707106781185862,0.));
#4936=DIRECTION('',(0.,0.,-1.));
#4937=DIRECTION('center_axis',(-1.70540052668104E-12,-1.,0.));
#4938=DIRECTION('ref_axis',(-1.,1.70540052668104E-12,0.));
#4939=DIRECTION('',(0.,0.,1.));
#4940=DIRECTION('center_axis',(0.,0.,-1.));
#4941=DIRECTION('ref_axis',(0.707106781185861,-0.707106781187234,0.));
#4942=DIRECTION('',(0.,0.,-1.));
#4943=DIRECTION('center_axis',(1.,-2.32645251789781E-13,0.));
#4944=DIRECTION('ref_axis',(-2.32645251789781E-13,-1.,0.));
#4945=DIRECTION('center_axis',(0.,0.,-1.));
#4946=DIRECTION('ref_axis',(0.499690525206036,-0.866204005427887,0.));
#4947=DIRECTION('',(0.,0.,-1.));
#4948=DIRECTION('center_axis',(1.,4.55569949883968E-13,0.));
#4949=DIRECTION('ref_axis',(4.55569949883968E-13,-1.,-1.29607382612793E-15));
#4950=DIRECTION('center_axis',(0.,0.,-1.));
#4951=DIRECTION('ref_axis',(-0.499397895471481,-0.866372750032373,0.));
#4952=DIRECTION('',(0.,0.,-1.));
#4953=DIRECTION('center_axis',(0.501203483997371,-0.865329456119978,0.));
#4954=DIRECTION('ref_axis',(-0.865329456119978,-0.501203483997371,0.));
#4955=DIRECTION('center_axis',(0.,0.,1.));
#4956=DIRECTION('ref_axis',(-0.866025403785245,0.499999999998604,0.));
#4957=DIRECTION('center_axis',(0.707106781186202,4.64956592976486E-13,-0.707106781186894));
#4958=DIRECTION('ref_axis',(-0.707106781186894,-4.6494362932796E-13,-0.707106781186201));
#4959=DIRECTION('',(0.,0.,-1.));
#4960=DIRECTION('',(0.,0.,1.));
#4961=DIRECTION('center_axis',(0.707106781186202,4.64956592976486E-13,-0.707106781186894));
#4962=DIRECTION('ref_axis',(6.57547919702455E-13,-1.,0.));
#4963=DIRECTION('',(-0.707106781186894,-2.32790595308687E-16,-0.707106781186202));
#4964=DIRECTION('',(0.24438827630824,-0.938375586216198,0.244388276307384));
#4965=DIRECTION('',(9.08699322785387E-13,-1.,2.51151403082686E-13));
#4966=DIRECTION('',(0.654653670707645,0.377964473011057,0.654653670707253));
#4967=DIRECTION('center_axis',(-0.707106781186202,-4.64956592976486E-13,
0.707106781186894));
#4968=DIRECTION('ref_axis',(0.707106781186894,4.65009049847072E-13,0.707106781186201));
#4969=DIRECTION('',(-9.07638387974311E-13,1.,-2.50090468271611E-13));
#4970=DIRECTION('center_axis',(0.500000000002006,-0.866025403783281,0.));
#4971=DIRECTION('ref_axis',(0.866025403783281,0.500000000002006,0.));
#4972=DIRECTION('',(0.,0.,-1.));
#4973=DIRECTION('center_axis',(0.,0.,1.));
#4974=DIRECTION('ref_axis',(0.866025403785244,-0.499999999998604,0.));
#4975=DIRECTION('',(0.,0.,1.));
#4976=DIRECTION('center_axis',(1.,9.07638387974311E-13,0.));
#4977=DIRECTION('ref_axis',(-9.07638387974311E-13,1.,0.));
#4978=DIRECTION('center_axis',(0.,0.,1.));
#4979=DIRECTION('ref_axis',(0.866025403785026,0.499999999998982,0.));
#4980=DIRECTION('center_axis',(-0.707106781186544,3.52246816110807E-12,
-0.707106781186551));
#4981=DIRECTION('ref_axis',(0.707106781186551,-3.52250243105707E-12,-0.707106781186544));
#4982=DIRECTION('',(0.,0.,-1.));
#4983=DIRECTION('center_axis',(-0.707106781186544,3.52246816110807E-12,
-0.707106781186551));
#4984=DIRECTION('ref_axis',(4.98152224646648E-12,1.,0.));
#4985=DIRECTION('center_axis',(0.707106781186544,-3.52246816110807E-12,
0.707106781186551));
#4986=DIRECTION('ref_axis',(-0.707106781186551,3.52256785157618E-12,0.707106781186544));
#4987=DIRECTION('',(0.654653670706673,-0.377964473010495,-0.654653670708549));
#4988=DIRECTION('center_axis',(-0.707106781186544,3.52246816110807E-12,
-0.707106781186551));
#4989=DIRECTION('ref_axis',(0.707106781186551,-3.52243701053795E-12,-0.707106781186544));
#4990=DIRECTION('',(-2.31915888668048E-12,-1.,-2.66236335978597E-12));
#4991=DIRECTION('',(0.244388276309795,0.938375586216383,-0.244388276305118));
#4992=DIRECTION('',(-0.707106781186551,0.,0.707106781186544));
#4993=DIRECTION('',(0.705642285085991,0.0643267518043874,-0.705642285085664));
#4994=DIRECTION('',(0.65465367070686,-0.377964473009846,-0.654653670708737));
#4995=DIRECTION('',(-9.05715425287925E-13,-1.,-4.07580682117851E-12));
#4996=DIRECTION('center_axis',(-1.,9.05715425287924E-13,0.));
#4997=DIRECTION('ref_axis',(-9.05715425287925E-13,-1.,0.));
#4998=DIRECTION('',(0.,0.,-1.));
#4999=DIRECTION('center_axis',(0.,0.,1.));
#5000=DIRECTION('ref_axis',(-0.866025403785245,-0.499999999998603,0.));
#5001=DIRECTION('',(0.,0.,1.));
#5002=DIRECTION('center_axis',(-0.500000000002005,-0.866025403783281,0.));
#5003=DIRECTION('ref_axis',(0.866025403783281,-0.500000000002005,0.));
#5004=DIRECTION('',(0.,0.,-1.));
#5005=DIRECTION('center_axis',(0.,0.,-1.));
#5006=DIRECTION('ref_axis',(0.866025403785599,0.49999999999799,0.));
#5007=DIRECTION('',(0.,0.,1.));
#5008=DIRECTION('center_axis',(1.,-2.31915888668048E-12,0.));
#5009=DIRECTION('ref_axis',(2.31915888668048E-12,1.,-4.53046326135267E-11));
#5010=DIRECTION('',(0.,0.,-1.));
#5011=DIRECTION('center_axis',(0.707106781186202,4.64956592976486E-13,-0.707106781186894));
#5012=DIRECTION('ref_axis',(6.57547919702455E-13,-1.,0.));
#5013=DIRECTION('',(0.654653670707649,0.377964473011044,0.654653670707257));
#5014=DIRECTION('center_axis',(0.707106781186202,4.64956592976486E-13,-0.707106781186894));
#5015=DIRECTION('ref_axis',(-0.707106781186894,-4.65022133950895E-13,-0.707106781186202));
#5016=DIRECTION('',(-9.08699322785387E-13,1.,-2.51151403082686E-13));
#5017=DIRECTION('',(-0.707106781186894,0.,-0.707106781186202));
#5018=DIRECTION('center_axis',(0.,0.,1.));
#5019=DIRECTION('ref_axis',(-0.258819045102376,0.965925826289107,0.));
#5020=DIRECTION('',(0.,0.,-1.));
#5021=DIRECTION('',(0.,0.,1.));
#5022=DIRECTION('center_axis',(-0.500000000001991,0.866025403783289,0.));
#5023=DIRECTION('ref_axis',(-0.866025403783289,-0.500000000001991,2.26523163068536E-11));
#5024=DIRECTION('',(0.,0.,-1.));
#5025=DIRECTION('center_axis',(0.,0.,1.));
#5026=DIRECTION('ref_axis',(0.258819045104478,0.965925826288544,0.));
#5027=DIRECTION('',(0.,0.,1.));
#5028=DIRECTION('center_axis',(0.,0.,1.));
#5029=DIRECTION('ref_axis',(0.866025403785381,0.499999999998368,0.));
#5030=DIRECTION('',(0.,0.,-1.));
#5031=DIRECTION('center_axis',(0.,0.,1.));
#5032=DIRECTION('ref_axis',(-0.866025403785241,0.499999999998611,0.));
#5033=DIRECTION('',(0.,0.,1.));
#5034=DIRECTION('center_axis',(0.432713142807483,0.749481148442862,0.501036270314276));
#5035=DIRECTION('ref_axis',(0.756823007572392,0.,-0.653619870573929));
#5036=DIRECTION('center_axis',(0.,0.,1.));
#5037=DIRECTION('ref_axis',(-1.,0.,0.));
#5038=DIRECTION('',(0.,0.,1.));
#5039=DIRECTION('center_axis',(0.,0.,1.));
#5040=DIRECTION('ref_axis',(-1.,0.,0.));
#5041=DIRECTION('center_axis',(0.,0.,1.));
#5042=DIRECTION('ref_axis',(-1.,0.,0.));
#5043=DIRECTION('center_axis',(0.,0.,1.));
#5044=DIRECTION('ref_axis',(-1.,0.,0.));
#5045=DIRECTION('',(0.,0.,1.));
#5046=DIRECTION('center_axis',(0.,0.,1.));
#5047=DIRECTION('ref_axis',(-1.,0.,0.));
#5048=DIRECTION('center_axis',(0.,0.,1.));
#5049=DIRECTION('ref_axis',(-1.,0.,0.));
#5050=DIRECTION('center_axis',(0.,0.,1.));
#5051=DIRECTION('ref_axis',(-0.258819045102376,0.965925826289107,0.));
#5052=DIRECTION('',(0.,0.,-1.));
#5053=DIRECTION('',(0.,0.,1.));
#5054=DIRECTION('center_axis',(2.59901131347821E-12,1.,0.));
#5055=DIRECTION('ref_axis',(-1.,2.59901131347821E-12,-1.17746536423376E-22));
#5056=DIRECTION('',(0.,0.,-1.));
#5057=DIRECTION('center_axis',(0.,0.,1.));
#5058=DIRECTION('ref_axis',(0.258819045104475,0.965925826288545,0.));
#5059=DIRECTION('center_axis',(-0.500000000001991,0.866025403783289,0.));
#5060=DIRECTION('ref_axis',(-0.866025403783289,-0.500000000001991,2.26523163068536E-11));
#5061=DIRECTION('center_axis',(-0.866025403783289,-0.500000000001991,0.));
#5062=DIRECTION('ref_axis',(0.500000000001991,-0.866025403783289,0.));
#5063=DIRECTION('center_axis',(0.432713142807483,0.749481148442862,0.501036270314276));
#5064=DIRECTION('ref_axis',(0.756823007572392,0.,-0.653619870573929));
#5065=DIRECTION('',(-0.866025403783715,0.500000000001254,0.));
#5066=DIRECTION('center_axis',(0.500000000001254,0.866025403783715,0.));
#5067=DIRECTION('ref_axis',(-0.866025403783715,0.500000000001254,-2.26523163068202E-11));
#5068=DIRECTION('center_axis',(-0.866025403780689,0.500000000006495,0.));
#5069=DIRECTION('ref_axis',(-0.500000000006495,-0.866025403780689,0.));
#5070=DIRECTION('center_axis',(-0.500000000002115,-0.866025403783218,0.));
#5071=DIRECTION('ref_axis',(0.866025403783218,-0.500000000002115,2.26523163068592E-11));
#5072=DIRECTION('',(0.,0.,-1.));
#5073=DIRECTION('',(9.94055829179355E-15,-5.73918400569454E-15,1.));
#5074=DIRECTION('',(0.654653670707176,-0.377964473010896,0.654653670707815));
#5075=DIRECTION('',(0.866025403783218,-0.500000000002115,6.6289690830959E-13));
#5076=DIRECTION('center_axis',(0.707106781181946,0.,0.707106781191149));
#5077=DIRECTION('ref_axis',(0.707106781191149,0.,-0.707106781181946));
#5078=DIRECTION('',(0.,1.,0.));
#5079=DIRECTION('',(0.654653670711128,0.377964473013069,-0.654653670702608));
#5080=DIRECTION('',(0.,1.,0.));
#5081=DIRECTION('center_axis',(-7.65447416916104E-13,0.,1.));
#5082=DIRECTION('ref_axis',(1.,0.,7.65447416916104E-13));
#5083=DIRECTION('',(0.86602540378328,0.500000000002007,6.62896908309637E-13));
#5084=DIRECTION('',(0.,1.,0.));
#5085=DIRECTION('center_axis',(-0.707106781186892,0.,0.707106781186203));
#5086=DIRECTION('ref_axis',(0.707106781186203,0.,0.707106781186892));
#5087=DIRECTION('',(0.,-1.,0.));
#5088=DIRECTION('center_axis',(-1.,0.,9.94055829179356E-15));
#5089=DIRECTION('ref_axis',(9.94055829179356E-15,0.,1.));
#5090=DIRECTION('center_axis',(1.,0.,3.90485520589977E-13));
#5091=DIRECTION('ref_axis',(3.90485520589977E-13,0.,-1.));
#5092=DIRECTION('',(3.90485520589977E-13,2.25446920428481E-13,-1.));
#5093=DIRECTION('center_axis',(0.500000000002007,-0.86602540378328,0.));
#5094=DIRECTION('ref_axis',(0.86602540378328,0.500000000002007,-2.26523163068543E-11));
#5095=DIRECTION('center_axis',(0.967719296295063,0.252030481446568,0.));
#5096=DIRECTION('ref_axis',(0.252030481446568,-0.967719296295063,0.));
#5097=DIRECTION('',(0.,0.,1.));
#5098=DIRECTION('',(-0.217249280277963,0.834170213953943,-0.50691498732109));
#5099=DIRECTION('center_axis',(1.,9.97271727800162E-13,0.));
#5100=DIRECTION('ref_axis',(9.97271727800162E-13,-1.,0.));
#5101=DIRECTION('center_axis',(-0.967719296294684,0.252030481448023,0.));
#5102=DIRECTION('ref_axis',(0.252030481448023,0.967719296294684,0.));
#5103=DIRECTION('',(0.,0.,1.));
#5104=DIRECTION('',(-0.217249280274419,-0.834170213935195,0.506914987353459));
#5105=DIRECTION('center_axis',(-1.,3.02362309967044E-12,0.));
#5106=DIRECTION('ref_axis',(3.02362309967044E-12,1.,0.));
#5107=DIRECTION('',(-2.8563124202999E-12,-0.944665497697522,0.328035207652918));
#5108=DIRECTION('center_axis',(-1.,-9.08699322785387E-13,0.));
#5109=DIRECTION('ref_axis',(9.08699322785387E-13,-1.,4.53046326135267E-11));
#5110=DIRECTION('center_axis',(0.686708461152163,-0.238459595661686,-0.686708461152835));
#5111=DIRECTION('ref_axis',(-0.328035207607995,-0.944665497713121,0.));
#5112=DIRECTION('center_axis',(-0.686708461146824,-0.238459595694352,-0.68670846114683));
#5113=DIRECTION('ref_axis',(-0.328035207650372,0.944665497698406,0.));
#5114=DIRECTION('center_axis',(0.967719296295063,0.252030481446568,0.));
#5115=DIRECTION('ref_axis',(0.252030481446568,-0.967719296295063,0.));
#5116=DIRECTION('',(0.,0.,-1.));
#5117=DIRECTION('',(0.217249280277963,-0.834170213953943,0.50691498732109));
#5118=DIRECTION('',(0.,0.,1.));
#5119=DIRECTION('center_axis',(1.,9.97271727800162E-13,0.));
#5120=DIRECTION('ref_axis',(9.97271727800162E-13,-1.,0.));
#5121=DIRECTION('center_axis',(-0.967719296294684,0.252030481448023,0.));
#5122=DIRECTION('ref_axis',(0.252030481448023,0.967719296294684,0.));
#5123=DIRECTION('',(0.,0.,-1.));
#5124=DIRECTION('',(0.217249280274419,0.834170213935195,-0.506914987353459));
#5125=DIRECTION('center_axis',(-1.,-9.08699322785387E-13,0.));
#5126=DIRECTION('ref_axis',(9.08699322785387E-13,-1.,4.53046326135267E-11));
#5127=DIRECTION('center_axis',(0.686708461152163,-0.238459595661686,-0.686708461152835));
#5128=DIRECTION('ref_axis',(-0.328035207607995,-0.944665497713121,0.));
#5129=DIRECTION('center_axis',(-0.686708461146824,-0.238459595694352,-0.68670846114683));
#5130=DIRECTION('ref_axis',(-0.328035207650372,0.944665497698406,0.));
#5131=DIRECTION('center_axis',(2.59901131347821E-12,1.,0.));
#5132=DIRECTION('ref_axis',(-1.,2.59901131347821E-12,-1.17746536423376E-22));
#5133=DIRECTION('center_axis',(1.,-2.31915888668048E-12,0.));
#5134=DIRECTION('ref_axis',(2.31915888668048E-12,1.,-4.53046326135267E-11));
#5135=CARTESIAN_POINT('',(0.,0.,0.));
#5136=CARTESIAN_POINT('Origin',(108.23581774851,61.8613066368955,68.3177735890917));
#5137=CARTESIAN_POINT('',(107.457045159722,66.8079130210132,77.7500000067587));
#5138=CARTESIAN_POINT('',(111.35293603962,65.7643993414432,77.7500000067587));
#5139=CARTESIAN_POINT('Origin',(106.746518847065,56.4156081756018,77.7500000067587));
#5140=CARTESIAN_POINT('',(112.852936033874,71.2492269020648,68.2500000010011));
#5141=CARTESIAN_POINT('',(112.130236033777,68.6066369728813,72.8271000219202));
#5142=CARTESIAN_POINT('',(109.241836812226,73.3340960097606,66.4463194907486));
#5143=CARTESIAN_POINT('Origin',(111.082745896063,72.2712466546499,50.2872285745838));
#5144=CARTESIAN_POINT('',(108.23581774853,69.6555352709555,72.8177735890917));
#5145=CARTESIAN_POINT('Origin',(92.1794919244997,72.057913021053,68.6567332670221));
#5146=CARTESIAN_POINT('',(103.519237886595,76.6380400399485,60.7237205651249));
#5147=CARTESIAN_POINT('',(111.570287864042,71.9897641681953,68.7747705425618));
#5148=CARTESIAN_POINT('',(101.019237886602,77.30791302103,59.5634665272855));
#5149=CARTESIAN_POINT('Origin',(101.019237886589,72.30791302103,68.2237205651299));
#5150=CARTESIAN_POINT('',(62.9807621135669,77.3079130211288,59.5634665272855));
#5151=CARTESIAN_POINT('',(92.1794919245134,77.307913021053,59.5634665272855));
#5152=CARTESIAN_POINT('',(60.480762113544,76.6380400400453,60.7237205651511));
#5153=CARTESIAN_POINT('Origin',(62.9807621135539,72.3079130211288,68.2237205651299));
#5154=CARTESIAN_POINT('',(54.7581631880434,73.3340960099257,66.4463194907078));
#5155=CARTESIAN_POINT('',(67.6897847185708,80.8001711816737,53.5146979600536));
#5156=CARTESIAN_POINT('',(56.5429548405399,66.8079130211456,77.7500000067587));
#5157=CARTESIAN_POINT('',(55.7565606735673,69.6834039658697,72.7695035937958));
#5158=CARTESIAN_POINT('',(92.1794919244861,66.807913021053,77.7500000067587));
#5159=CARTESIAN_POINT('Origin',(140.50000000017,55.2871870787677,49.7500000012621));
#5160=CARTESIAN_POINT('',(124.097679259572,64.7570713737176,68.2500000010011));
#5161=CARTESIAN_POINT('',(129.312539383678,61.7462704772688,68.2500000010011));
#5162=CARTESIAN_POINT('',(129.890367911154,61.4126610213839,64.8596320956779));
#5163=CARTESIAN_POINT('Origin',(129.408249653088,61.6910121274608,58.2706825418804));
#5164=CARTESIAN_POINT('',(138.000000000169,56.7305627517468,56.75000000664));
#5165=CARTESIAN_POINT('',(136.810116625401,57.4175422384758,57.9398833814117));
#5166=CARTESIAN_POINT('',(138.000000000169,56.7305627517468,49.7500000011967));
#5167=CARTESIAN_POINT('',(138.000000000169,56.7305627517468,49.7500000035576));
#5168=CARTESIAN_POINT('',(103.519237886595,76.6380400399485,49.7500000002948));
#5169=CARTESIAN_POINT('',(129.312539383521,61.7462704773594,49.7500000009695));
#5170=CARTESIAN_POINT('',(103.519237886595,76.6380400399485,49.7500000007633));
#5171=CARTESIAN_POINT('Origin',(55.756560673547,61.8891753318097,68.2695035937958));
#5172=CARTESIAN_POINT('',(51.1470639663537,71.2492269022017,68.2500000010011));
#5173=CARTESIAN_POINT('Origin',(52.9172541041855,72.2712466548011,50.2872285745838));
#5174=CARTESIAN_POINT('',(52.647063960596,65.7643993415722,77.7500000067587));
#5175=CARTESIAN_POINT('',(51.8621423882739,68.6345056677922,72.7788300266243));
#5176=CARTESIAN_POINT('Origin',(57.2534811531512,56.4156081757305,77.7500000067587));
#5177=CARTESIAN_POINT('Origin',(82.0000000000858,5.63488202393231,77.7500000067587));
#5178=CARTESIAN_POINT('',(49.4023207463838,63.8910459733856,77.7500000067587));
#5179=CARTESIAN_POINT('',(56.5079686921544,67.9934937276647,77.7500000067587));
#5180=CARTESIAN_POINT('',(47.0000000001293,60.2375677556908,77.7500000067587));
#5181=CARTESIAN_POINT('Origin',(54.0710678119984,59.9152664751901,77.7500000067587));
#5182=CARTESIAN_POINT('',(47.0000000001613,11.5000000016102,77.7500000067587));
#5183=CARTESIAN_POINT('',(47.0000000001444,37.2449002143986,77.7500000067587));
#5184=CARTESIAN_POINT('',(39.0000000000306,-11.5381489731166,77.7500000067587));
#5185=CARTESIAN_POINT('',(47.9743724366616,14.3059671701846,77.7500000067587));
#5186=CARTESIAN_POINT('',(39.0000000000686,-52.9200509750653,77.7500000067587));
#5187=CARTESIAN_POINT('',(39.0000000000227,-2.95163347461189,77.7500000067587));
#5188=CARTESIAN_POINT('',(53.2248496517077,-61.1327717506674,77.7500000067587));
#5189=CARTESIAN_POINT('',(35.1474851265016,-50.6958004757418,77.7500000067587));
#5190=CARTESIAN_POINT('',(110.775150348286,-61.1327717506674,77.7500000067587));
#5191=CARTESIAN_POINT('',(108.250000000068,-61.1327717506674,77.7500000067587));
#5192=CARTESIAN_POINT('',(124.999999999915,-52.9200509750737,77.7500000067587));
#5193=CARTESIAN_POINT('',(111.541908757847,-60.6900835765014,77.7500000067587));
#5194=CARTESIAN_POINT('',(125.000000000031,-11.5381489731899,77.7500000067587));
#5195=CARTESIAN_POINT('',(124.999999999994,-24.6818149601738,77.7500000067587));
#5196=CARTESIAN_POINT('',(116.999999998892,11.5000000011042,77.7500000067587));
#5197=CARTESIAN_POINT('',(120.025627562559,2.78689268328166,77.7500000067587));
#5198=CARTESIAN_POINT('',(117.000000000068,60.237567755562,77.7500000067587));
#5199=CARTESIAN_POINT('',(116.99999999981,8.56744101265144,77.7500000067587));
#5200=CARTESIAN_POINT('',(114.59767925381,63.8910459732729,77.7500000067587));
#5201=CARTESIAN_POINT('Origin',(109.928932188201,59.9152664750727,77.7500000067587));
#5202=CARTESIAN_POINT('',(126.562539383671,56.9831307564584,77.7500000067587));
#5203=CARTESIAN_POINT('',(100.37756196748,52.2050273380583,77.7500000067587));
#5204=CARTESIAN_POINT('',(103.500000000065,50.4022868994112,77.7500000067587));
#5205=CARTESIAN_POINT('',(103.046594137699,50.664060896101,77.7500000067587));
#5206=CARTESIAN_POINT('',(105.000000000061,47.8042106880612,77.7500000067587));
#5207=CARTESIAN_POINT('Origin',(102.000000000061,47.8042106880602,77.7500000067587));
#5208=CARTESIAN_POINT('',(105.000000000074,6.27880681547864,77.7500000067587));
#5209=CARTESIAN_POINT('',(105.000000000067,27.585571759783,77.7500000067587));
#5210=CARTESIAN_POINT('',(103.503610452066,3.68281844711773,77.7500000067587));
#5211=CARTESIAN_POINT('Origin',(102.000000000074,6.27880681547767,77.7500000067587));
#5212=CARTESIAN_POINT('',(95.7683515443543,-0.797485195324556,77.7500000067587));
#5213=CARTESIAN_POINT('',(96.6242174824656,-0.301763031954025,77.7500000067587));
#5214=CARTESIAN_POINT('',(93.666666666758,0.413976043243486,77.7500000067587));
#5215=CARTESIAN_POINT('Origin',(95.066666666758,0.41397604324342,77.7500000067587));
#5216=CARTESIAN_POINT('',(93.6666666667604,50.8079130210334,77.7500000067587));
#5217=CARTESIAN_POINT('',(93.6666666667581,1.81004481106264,77.7500000067587));
#5218=CARTESIAN_POINT('',(95.6666666667614,52.8079130210333,77.7500000067587));
#5219=CARTESIAN_POINT('Origin',(95.6666666667604,50.8079130210333,77.7500000067587));
#5220=CARTESIAN_POINT('',(98.1275619674767,52.8079130210319,77.7500000067587));
#5221=CARTESIAN_POINT('',(87.8333333334359,52.8079130210375,77.7500000067587));
#5222=CARTESIAN_POINT('Origin',(98.1275619674743,48.3079130210319,77.7500000067587));
#5223=CARTESIAN_POINT('',(76.3333333334272,-0.0147924017765913,77.7500000067587));
#5224=CARTESIAN_POINT('',(76.3333333334394,50.8079130210288,77.7500000067587));
#5225=CARTESIAN_POINT('',(76.3333333334277,1.81004481108,77.7500000067587));
#5226=CARTESIAN_POINT('',(78.3333333334352,52.8079130210283,77.7500000067587));
#5227=CARTESIAN_POINT('Origin',(78.3333333334394,50.8079130210283,77.7500000067587));
#5228=CARTESIAN_POINT('',(85.666666666757,52.8079130210437,77.7500000067587));
#5229=CARTESIAN_POINT('',(79.1666666667135,52.8079130210301,77.7500000067587));
#5230=CARTESIAN_POINT('',(87.6666666667612,50.8079130210432,77.7500000067587));
#5231=CARTESIAN_POINT('Origin',(85.6666666667612,50.8079130210437,77.7500000067587));
#5232=CARTESIAN_POINT('',(87.6666666667494,-0.0147924017900403,77.7500000067587));
#5233=CARTESIAN_POINT('',(87.6666666667562,29.2213975224894,77.7500000067587));
#5234=CARTESIAN_POINT('',(85.666666666746,-2.01479240178958,77.7500000067587));
#5235=CARTESIAN_POINT('Origin',(85.6666666667494,-0.0147924017895739,77.7500000067587));
#5236=CARTESIAN_POINT('',(78.3333333334238,-2.01479240177707,77.7500000067587));
#5237=CARTESIAN_POINT('',(84.8333333334108,-2.01479240178815,77.7500000067587));
#5238=CARTESIAN_POINT('Origin',(78.3333333334272,-0.0147924017770688,77.7500000067587));
#5239=CARTESIAN_POINT('',(65.8724380326532,52.807913020997,77.7500000067587));
#5240=CARTESIAN_POINT('',(68.3333333333938,52.8079130210014,77.7500000067587));
#5241=CARTESIAN_POINT('',(73.3333333333568,52.8079130210104,77.7500000067587));
#5242=CARTESIAN_POINT('',(70.3333333333973,50.8079130210023,77.7500000067587));
#5243=CARTESIAN_POINT('Origin',(68.3333333333973,50.8079130210014,77.7500000067587));
#5244=CARTESIAN_POINT('',(70.3333333334203,0.412080925653791,77.7500000067587));
#5245=CARTESIAN_POINT('',(70.3333333334072,29.221397522466,77.7500000067587));
#5246=CARTESIAN_POINT('',(68.2324670721657,-0.799854090688463,77.7500000067587));
#5247=CARTESIAN_POINT('Origin',(68.9333333334203,0.412080925653151,77.7500000067587));
#5248=CARTESIAN_POINT('',(60.4981437259772,3.67293216755555,77.7500000067587));
#5249=CARTESIAN_POINT('',(73.0471536070552,-3.58420416335757,77.7500000067587));
#5250=CARTESIAN_POINT('',(59.0000000000942,6.26993577400006,77.7500000067587));
#5251=CARTESIAN_POINT('Origin',(62.0000000000942,6.26993577400188,77.7500000067587));
#5252=CARTESIAN_POINT('',(59.000000000069,47.8042106880175,77.7500000067587));
#5253=CARTESIAN_POINT('',(59.0000000000949,5.08709797553778,77.7500000067587));
#5254=CARTESIAN_POINT('',(60.5000000000632,50.4022868993692,77.7500000067587));
#5255=CARTESIAN_POINT('Origin',(62.000000000069,47.8042106880193,77.7500000067587));
#5256=CARTESIAN_POINT('',(63.6224380326524,52.2050273380219,77.7500000067587));
#5257=CARTESIAN_POINT('',(58.1200725291198,49.0282351333611,77.7500000067587));
#5258=CARTESIAN_POINT('Origin',(65.8724380326612,48.307913020997,77.7500000067587));
#5259=CARTESIAN_POINT('Origin',(55.1329686921489,70.3750635880688,73.0000000038799));
#5260=CARTESIAN_POINT('',(39.9023207406164,64.7570713738195,68.2500000010011));
#5261=CARTESIAN_POINT('',(53.7579686921434,72.7566334484728,68.2500000010011));
#5262=CARTESIAN_POINT('',(48.7885537828297,63.9469973186553,77.1362330432052));
#5263=CARTESIAN_POINT('Origin',(108.250000000068,-57.5467973623614,75.4516434381482));
#5264=CARTESIAN_POINT('',(110.005736632875,-57.8781559013417,75.1532868695377));
#5265=CARTESIAN_POINT('',(109.960170008503,-57.2154388233811,75.7500000067587));
#5266=CARTESIAN_POINT('',(109.982600875311,-57.5416714270074,75.4562588510718));
#5267=CARTESIAN_POINT('',(53.9942633671193,-57.8781559013417,75.1532868695377));
#5268=CARTESIAN_POINT('',(108.250000000068,-57.8781559013417,75.1532868695377));
#5269=CARTESIAN_POINT('',(54.0398299914914,-57.2154388233811,75.7500000067587));
#5270=CARTESIAN_POINT('',(54.2524751330837,-54.1227461163757,78.5346730279171));
#5271=CARTESIAN_POINT('',(108.250000000068,-57.2154388233811,75.7500000067587));
#5272=CARTESIAN_POINT('Origin',(36.897485126509,-47.6647115625006,75.4500000067587));
#5273=CARTESIAN_POINT('',(53.9882880013779,-57.8785013645428,75.1500000067363));
#5274=CARTESIAN_POINT('',(80.1305408241165,-56.3670982690807,89.5300398942101));
#5275=CARTESIAN_POINT('',(40.0769552621892,-49.8467896627405,75.1500000067257));
#5276=CARTESIAN_POINT('',(36.5440097523119,-47.8070426215691,75.150000006723));
#5277=CARTESIAN_POINT('',(40.076919570269,-49.8467690560008,75.1500000067587));
#5278=CARTESIAN_POINT('',(36.7474851265084,-47.9245191836355,75.1500000067587));
#5279=CARTESIAN_POINT('',(39.8284018867794,-49.0104961238786,75.7499747687275));
#5280=CARTESIAN_POINT('',(39.5033479311404,-47.916675270718,76.5347244369323));
#5281=CARTESIAN_POINT('',(39.8284271248106,-49.0104815526945,75.7500000067587));
#5282=CARTESIAN_POINT('',(44.1896284487289,-46.4925407943494,80.1112013306751));
#5283=CARTESIAN_POINT('',(37.0474851265097,-47.4049039413656,75.7500000067587));
#5284=CARTESIAN_POINT('Origin',(134.50000000005,-57.1031148491556,82.5273099070236));
#5285=CARTESIAN_POINT('',(110.011711998624,-57.8785013645383,75.1500000067792));
#5286=CARTESIAN_POINT('',(117.664532268946,-58.320945874736,70.9404216859867));
#5287=CARTESIAN_POINT('',(87.2884776311222,-57.8785013645401,75.1500000067618));
#5288=CARTESIAN_POINT('Origin',(109.79190875784,-57.6589946632599,75.4500000067587));
#5289=CARTESIAN_POINT('',(124.171572875179,-49.0104815526991,75.7500000067587));
#5290=CARTESIAN_POINT('',(109.64190875784,-57.399187042125,75.7500000067587));
#5291=CARTESIAN_POINT('',(124.171598113211,-49.0104961238834,75.7499747687271));
#5292=CARTESIAN_POINT('',(122.714253304815,-48.1690977064535,77.2073195771253));
#5293=CARTESIAN_POINT('',(123.92308042972,-49.8467690560061,75.1500000067587));
#5294=CARTESIAN_POINT('',(122.871131733241,-53.3866226732131,72.6103711968245));
#5295=CARTESIAN_POINT('',(123.92304473768,-49.8467896628147,75.1500000067898));
#5296=CARTESIAN_POINT('',(109.941908757841,-57.9188022843949,75.1500000067587));
#5297=CARTESIAN_POINT('',(78.7031005786888,-75.9545365958879,75.1500000067552));
#5298=CARTESIAN_POINT('Origin',(122.628511533135,-50.2477931666076,76.8688151260704));
#5299=CARTESIAN_POINT('',(132.493756979238,-44.2056954623184,67.427815902714));
#5300=CARTESIAN_POINT('',(122.724620662595,-49.8459089445125,77.196952219341));
#5301=CARTESIAN_POINT('',(131.893782217266,-45.2448822333113,67.1792982192253));
#5302=CARTESIAN_POINT('',(130.200768098032,-48.1772687057546,66.4780288097534));
#5303=CARTESIAN_POINT('',(122.532402403676,-50.6496773887026,76.5406780327998));
#5304=CARTESIAN_POINT('Origin',(123.585786437536,-54.9985119441553,76.3357864443856));
#5305=CARTESIAN_POINT('',(124.171572875284,-11.7800983966599,75.7500000067587));
#5306=CARTESIAN_POINT('',(124.171572875248,-24.6818149601714,75.7500000067587));
#5307=CARTESIAN_POINT('',(132.500000000014,-11.7800983966599,67.421572882028));
#5308=CARTESIAN_POINT('',(123.585786437627,-11.7800983966599,76.3357864444157));
#5309=CARTESIAN_POINT('',(132.500000000014,-12.0999999998269,67.4215728820281));
#5310=CARTESIAN_POINT('',(132.499999999892,-52.2560981655618,67.4215728820369));
#5311=CARTESIAN_POINT('',(131.000000000014,-13.5999999998224,68.9215728820239));
#5312=CARTESIAN_POINT('Origin',(131.000000000014,-12.0999999998224,68.9215728820281));
#5313=CARTESIAN_POINT('',(130.549999999837,-13.5999999998224,69.3715728822));
#5314=CARTESIAN_POINT('',(132.960786438072,-13.5999999998224,66.9607864439652));
#5315=CARTESIAN_POINT('',(128.049999999837,-16.0999999998224,71.8715728821451));
#5316=CARTESIAN_POINT('Origin',(130.549999999837,-16.0999999998224,69.371572882193));
#5317=CARTESIAN_POINT('',(128.049999999837,-34.8999999998837,71.8715728821451));
#5318=CARTESIAN_POINT('',(128.049999999837,-37.3999999999168,71.8715728821451));
#5319=CARTESIAN_POINT('',(130.549999999835,-37.3999999998837,69.3715728821355));
#5320=CARTESIAN_POINT('Origin',(130.549999999837,-34.8999999998837,69.3715728821403));
#5321=CARTESIAN_POINT('',(130.999999999934,-37.3999999998842,68.9215728820368));
#5322=CARTESIAN_POINT('',(130.860786438042,-37.399999999884,69.0607864439284));
#5323=CARTESIAN_POINT('',(132.499999999932,-38.8999999998887,67.421572882034));
#5324=CARTESIAN_POINT('Origin',(130.999999999932,-38.8999999998842,68.921572882034));
#5325=CARTESIAN_POINT('',(132.499999999916,-44.1948822333099,67.4215728820352));
#5326=CARTESIAN_POINT('',(132.499999999892,-52.2560981655618,67.4215728820369));
#5327=CARTESIAN_POINT('',(129.091827461901,-50.0980102301094,70.8297454200344));
#5328=CARTESIAN_POINT('Origin',(82.0000000000858,5.63488202393231,75.7500000067587));
#5329=CARTESIAN_POINT('',(39.8284271247764,-11.7800983965538,75.7500000067587));
#5330=CARTESIAN_POINT('',(39.8284271247683,-2.95163347461112,75.7500000067587));
#5331=CARTESIAN_POINT('',(47.8284271249071,11.2580505781729,75.7500000067587));
#5332=CARTESIAN_POINT('',(48.7886310675608,14.0232157627497,75.7500000067587));
#5333=CARTESIAN_POINT('',(47.8284271248739,61.6508669932075,75.7500000067587));
#5334=CARTESIAN_POINT('',(47.82842712489,37.2449002143991,75.7500000067587));
#5335=CARTESIAN_POINT('',(54.7606928622052,65.653212482771,75.7500000067587));
#5336=CARTESIAN_POINT('',(53.142997510078,64.7192356357486,75.7500000067587));
#5337=CARTESIAN_POINT('',(109.23930713803,65.6532124826294,75.7500000067587));
#5338=CARTESIAN_POINT('',(87.0897459623625,65.6532124826869,75.7500000067587));
#5339=CARTESIAN_POINT('',(116.171572875328,61.6508669930925,75.7500000067587));
#5340=CARTESIAN_POINT('',(120.392256527876,59.2140541501221,75.7500000067587));
#5341=CARTESIAN_POINT('',(116.171572875077,11.2580505749495,75.7500000067587));
#5342=CARTESIAN_POINT('',(116.171572875064,8.56744101265556,75.7500000067587));
#5343=CARTESIAN_POINT('',(119.211368931664,2.50414127580698,75.7500000067587));
#5344=CARTESIAN_POINT('',(103.500000000065,50.4022868994112,75.7500000067587));
#5345=CARTESIAN_POINT('',(100.37756196748,52.2050273380583,75.7500000067587));
#5346=CARTESIAN_POINT('',(103.046594137699,50.664060896101,75.7500000067587));
#5347=CARTESIAN_POINT('',(98.1275619674767,52.8079130210319,75.7500000067587));
#5348=CARTESIAN_POINT('Origin',(98.1275619674743,48.3079130210319,75.7500000067587));
#5349=CARTESIAN_POINT('',(95.6666666667614,52.8079130210333,75.7500000067587));
#5350=CARTESIAN_POINT('',(87.8333333334359,52.8079130210375,75.7500000067587));
#5351=CARTESIAN_POINT('',(93.6666666667604,50.8079130210334,75.7500000067587));
#5352=CARTESIAN_POINT('Origin',(95.6666666667604,50.8079130210333,75.7500000067587));
#5353=CARTESIAN_POINT('',(93.666666666758,0.413976043243486,75.7500000067587));
#5354=CARTESIAN_POINT('',(93.6666666667581,1.81004481106264,75.7500000067587));
#5355=CARTESIAN_POINT('',(95.7683515443543,-0.797485195324556,75.7500000067587));
#5356=CARTESIAN_POINT('Origin',(95.066666666758,0.41397604324342,75.7500000067587));
#5357=CARTESIAN_POINT('',(103.503610452066,3.68281844711773,75.7500000067587));
#5358=CARTESIAN_POINT('',(96.6242174824656,-0.301763031954025,75.7500000067587));
#5359=CARTESIAN_POINT('',(105.000000000074,6.27880681547864,75.7500000067587));
#5360=CARTESIAN_POINT('Origin',(102.000000000074,6.27880681547767,75.7500000067587));
#5361=CARTESIAN_POINT('',(105.000000000061,47.8042106880612,75.7500000067587));
#5362=CARTESIAN_POINT('',(105.000000000067,27.585571759783,75.7500000067587));
#5363=CARTESIAN_POINT('Origin',(102.000000000061,47.8042106880602,75.7500000067587));
#5364=CARTESIAN_POINT('',(76.3333333334394,50.8079130210288,75.7500000067587));
#5365=CARTESIAN_POINT('',(76.3333333334272,-0.0147924017765913,75.7500000067587));
#5366=CARTESIAN_POINT('',(76.3333333334277,1.81004481108,75.7500000067587));
#5367=CARTESIAN_POINT('',(78.3333333334238,-2.01479240177707,75.7500000067587));
#5368=CARTESIAN_POINT('Origin',(78.3333333334272,-0.0147924017770688,75.7500000067587));
#5369=CARTESIAN_POINT('',(85.666666666746,-2.01479240178958,75.7500000067587));
#5370=CARTESIAN_POINT('',(84.8333333334108,-2.01479240178815,75.7500000067587));
#5371=CARTESIAN_POINT('',(87.6666666667494,-0.0147924017900403,75.7500000067587));
#5372=CARTESIAN_POINT('Origin',(85.6666666667494,-0.0147924017895739,75.7500000067587));
#5373=CARTESIAN_POINT('',(87.6666666667612,50.8079130210432,75.7500000067587));
#5374=CARTESIAN_POINT('',(87.6666666667562,29.2213975224894,75.7500000067587));
#5375=CARTESIAN_POINT('',(85.666666666757,52.8079130210437,75.7500000067587));
#5376=CARTESIAN_POINT('Origin',(85.6666666667612,50.8079130210437,75.7500000067587));
#5377=CARTESIAN_POINT('',(78.3333333334352,52.8079130210283,75.7500000067587));
#5378=CARTESIAN_POINT('',(79.1666666667135,52.8079130210301,75.7500000067587));
#5379=CARTESIAN_POINT('Origin',(78.3333333334394,50.8079130210283,75.7500000067587));
#5380=CARTESIAN_POINT('',(68.3333333333938,52.8079130210014,75.7500000067587));
#5381=CARTESIAN_POINT('',(65.8724380326532,52.807913020997,75.7500000067587));
#5382=CARTESIAN_POINT('',(73.3333333333568,52.8079130210104,75.7500000067587));
#5383=CARTESIAN_POINT('',(63.6224380326524,52.2050273380219,75.7500000067587));
#5384=CARTESIAN_POINT('Origin',(65.8724380326612,48.307913020997,75.7500000067587));
#5385=CARTESIAN_POINT('',(60.5000000000632,50.4022868993692,75.7500000067587));
#5386=CARTESIAN_POINT('',(58.1200725291198,49.0282351333611,75.7500000067587));
#5387=CARTESIAN_POINT('',(59.000000000069,47.8042106880175,75.7500000067587));
#5388=CARTESIAN_POINT('Origin',(62.000000000069,47.8042106880193,75.7500000067587));
#5389=CARTESIAN_POINT('',(59.0000000000942,6.26993577400006,75.7500000067587));
#5390=CARTESIAN_POINT('',(59.0000000000949,5.08709797553778,75.7500000067587));
#5391=CARTESIAN_POINT('',(60.4981437259772,3.67293216755555,75.7500000067587));
#5392=CARTESIAN_POINT('Origin',(62.0000000000942,6.26993577400188,75.7500000067587));
#5393=CARTESIAN_POINT('',(68.2324670721657,-0.799854090688463,75.7500000067587));
#5394=CARTESIAN_POINT('',(73.0471536070552,-3.58420416335757,75.7500000067587));
#5395=CARTESIAN_POINT('',(70.3333333334203,0.412080925653791,75.7500000067587));
#5396=CARTESIAN_POINT('Origin',(68.9333333334203,0.412080925653151,75.7500000067587));
#5397=CARTESIAN_POINT('',(70.3333333333973,50.8079130210023,75.7500000067587));
#5398=CARTESIAN_POINT('',(70.3333333334072,29.221397522466,75.7500000067587));
#5399=CARTESIAN_POINT('Origin',(68.3333333333973,50.8079130210014,75.7500000067587));
#5400=CARTESIAN_POINT('Origin',(26.1028880589626,-41.4324626109081,61.6002147182024));
#5401=CARTESIAN_POINT('',(32.106217782745,-45.2448822333176,67.1792982192467));
#5402=CARTESIAN_POINT('',(26.1989971884214,-41.8343468330032,61.2720776249321));
#5403=CARTESIAN_POINT('',(31.5062430207752,-44.2056954623251,67.4278159027358));
#5404=CARTESIAN_POINT('',(30.897120375657,-43.1506640929379,67.680122763492));
#5405=CARTESIAN_POINT('',(26.0067789295038,-41.030578388813,61.9283518114727));
#5406=CARTESIAN_POINT('Origin',(26.0000000001048,-41.7194557527599,49.7500000058531));
#5407=CARTESIAN_POINT('',(32.106217782745,-45.2448822333176,67.1792625272736));
#5408=CARTESIAN_POINT('',(29.196577001195,-43.5650003448351,64.2696217457208));
#5409=CARTESIAN_POINT('',(32.106217782745,-45.2448822333176,63.7500000063059));
#5410=CARTESIAN_POINT('Origin',(103.378787768473,-61.7080219543506,49.7500000067587));
#5411=CARTESIAN_POINT('',(131.893782217266,-45.2448822333113,67.1792625273077));
#5412=CARTESIAN_POINT('',(131.893782217266,-45.2448822333113,63.7500000067587));
#5413=CARTESIAN_POINT('',(121.492952962852,-51.2498038031747,77.5800917815863));
#5414=CARTESIAN_POINT('Origin',(40.414213562403,-11.5381489731153,76.3357864443849));
#5415=CARTESIAN_POINT('',(31.500000000096,-44.1948822333161,67.4215728820567));
#5416=CARTESIAN_POINT('',(27.3806168599186,-37.0599013386742,63.3021897418898));
#5417=CARTESIAN_POINT('',(31.5000000000907,-38.8999999998855,67.4215728820562));
#5418=CARTESIAN_POINT('',(31.5000000000635,-11.5381489732022,67.4215728820541));
#5419=CARTESIAN_POINT('',(33.0000000000894,-37.399999999884,68.9215728820548));
#5420=CARTESIAN_POINT('Origin',(33.0000000000907,-38.899999999884,68.9215728820548));
#5421=CARTESIAN_POINT('',(33.4500000001194,-37.3999999998836,69.3715728820844));
#5422=CARTESIAN_POINT('',(31.0392135619796,-37.3999999998858,66.9607864439469));
#5423=CARTESIAN_POINT('',(35.9500000001161,-34.8999999998836,71.8715728821462));
#5424=CARTESIAN_POINT('Origin',(33.4500000001171,-34.8999999998836,69.3715728820844));
#5425=CARTESIAN_POINT('',(35.9500000001161,-16.0999999998224,71.8715728821462));
#5426=CARTESIAN_POINT('',(35.9500000001161,-37.3999999999168,71.8715728821462));
#5427=CARTESIAN_POINT('',(33.4500000001171,-13.5999999998224,69.3715728821039));
#5428=CARTESIAN_POINT('Origin',(33.4500000001171,-16.0999999998224,69.3715728821016));
#5429=CARTESIAN_POINT('',(33.000000000064,-13.5999999998224,68.9215728820513));
#5430=CARTESIAN_POINT('',(33.1392135619785,-13.5999999998224,69.0607864439657));
#5431=CARTESIAN_POINT('',(31.500000000064,-12.0999999998239,67.4215728820541));
#5432=CARTESIAN_POINT('Origin',(33.000000000064,-12.0999999998224,68.9215728820527));
#5433=CARTESIAN_POINT('',(31.5000000000637,-11.7800983965538,67.4215728820541));
#5434=CARTESIAN_POINT('',(31.5000000000635,-11.5381489732022,67.4215728820541));
#5435=CARTESIAN_POINT('',(42.4142135624378,-11.7800983965538,78.3357864444175));
#5436=CARTESIAN_POINT('Origin',(132.196891108591,-44.7198822333106,63.7500000067587));
#5437=CARTESIAN_POINT('',(132.499999999916,-44.1948822333099,49.7500000067587));
#5438=CARTESIAN_POINT('',(132.499999999916,-44.1948822333099,63.7500000067587));
#5439=CARTESIAN_POINT('',(131.899999999832,-45.2341127179959,49.7500000067587));
#5440=CARTESIAN_POINT('',(136.824405982112,-36.7047913595984,49.7500000067587));
#5441=CARTESIAN_POINT('',(131.899999999826,-45.2341127180077,67.1730447447482));
#5442=CARTESIAN_POINT('',(131.899999999826,-45.2341127180065,65.4615223757602));
#5443=CARTESIAN_POINT('',(127.162305085044,-53.4400410211639,71.9107396594684));
#5444=CARTESIAN_POINT('Origin',(132.4999999999,-49.5136843869372,77.7500000067587));
#5445=CARTESIAN_POINT('',(132.499999999932,-38.8999999998887,49.7500000067587));
#5446=CARTESIAN_POINT('',(132.499999999932,-38.8999999998887,63.7500000058517));
#5447=CARTESIAN_POINT('',(132.499999999984,-21.9394011815788,49.7500000067587));
#5448=CARTESIAN_POINT('Origin',(31.8031088914205,-44.7198822333169,63.7500000063059));
#5449=CARTESIAN_POINT('',(32.1000000001036,-45.2341127178723,67.1730447446322));
#5450=CARTESIAN_POINT('',(35.2423038624668,-50.6767426603144,70.3153486069985));
#5451=CARTESIAN_POINT('',(32.1000000001034,-45.2341127178719,49.7500000067587));
#5452=CARTESIAN_POINT('',(32.1000000001035,-45.2341127178721,56.7500000063229));
#5453=CARTESIAN_POINT('',(31.500000000096,-44.1948822333161,49.7500000067587));
#5454=CARTESIAN_POINT('',(27.1755940179085,-36.7047913596,49.7500000067587));
#5455=CARTESIAN_POINT('',(31.500000000096,-44.1948822333161,63.7500000063059));
#5456=CARTESIAN_POINT('Origin',(131.000000000014,-12.0999999998224,63.7500000058517));
#5457=CARTESIAN_POINT('',(132.500000000014,-12.0999999998269,49.7500000067587));
#5458=CARTESIAN_POINT('',(132.500000000014,-12.0999999998269,63.7500000058517));
#5459=CARTESIAN_POINT('',(131.000000000014,-13.5999999998224,49.7500000049448));
#5460=CARTESIAN_POINT('Origin',(131.000000000014,-12.0999999998224,49.7500000067587));
#5461=CARTESIAN_POINT('',(131.000000000014,-13.5999999998224,63.7500000058517));
#5462=CARTESIAN_POINT('Origin',(134.500000000009,-13.5999999998224,49.7500000049448));
#5463=CARTESIAN_POINT('',(126.100000000009,-13.5999999998224,49.7500000049448));
#5464=CARTESIAN_POINT('',(130.006632425631,-13.5999999998224,49.7500000049448));
#5465=CARTESIAN_POINT('',(126.100000000009,-13.5999999998224,52.5882768932336));
#5466=CARTESIAN_POINT('',(126.100000000009,-13.5999999998224,49.7500000049448));
#5467=CARTESIAN_POINT('',(130.549999999837,-13.5999999998224,56.3424894319789));
#5468=CARTESIAN_POINT('',(129.63524644997,-13.5999999998224,55.5707637585172));
#5469=CARTESIAN_POINT('',(130.549999999837,-13.5999999998224,60.810786443545));
#5470=CARTESIAN_POINT('Origin',(130.999999999932,-38.8999999998842,63.7500000058517));
#5471=CARTESIAN_POINT('',(130.999999999934,-37.3999999998842,49.7500000049448));
#5472=CARTESIAN_POINT('',(130.999999999934,-37.3999999998842,63.7500000058517));
#5473=CARTESIAN_POINT('Origin',(130.999999999932,-38.8999999998842,49.7500000067587));
#5474=CARTESIAN_POINT('Origin',(115.11253238347,65.90319645703,49.7500000040104));
#5475=CARTESIAN_POINT('',(113.813494277779,66.6531964570051,70.3037275665248));
#5476=CARTESIAN_POINT('',(115.862532383472,67.2022345627056,67.712818473992));
#5477=CARTESIAN_POINT('Origin',(115.11253238347,65.90319645703,70.3037275664713));
#5478=CARTESIAN_POINT('',(113.813494277779,66.6531964570051,56.964466100826));
#5479=CARTESIAN_POINT('',(113.813494277779,66.6531964570051,49.7500000067587));
#5480=CARTESIAN_POINT('',(113.813494277799,66.6531964570398,49.7500000067587));
#5481=CARTESIAN_POINT('',(113.813494277799,66.6531964570398,49.7500000040104));
#5482=CARTESIAN_POINT('',(115.862532383472,67.2022345627056,49.7500000067587));
#5483=CARTESIAN_POINT('Origin',(115.11253238347,65.90319645703,49.7500000067587));
#5484=CARTESIAN_POINT('',(115.862532383472,67.2022345627056,49.7500000040104));
#5485=CARTESIAN_POINT('Origin',(110.438494277672,60.8075249813754,49.7500000067587));
#5486=CARTESIAN_POINT('',(111.688494277688,62.9725884908271,52.7144661006989));
#5487=CARTESIAN_POINT('',(111.353627754215,62.3925826584271,52.0447330537605));
#5488=CARTESIAN_POINT('',(111.688494277688,62.9725884908271,49.7500000067587));
#5489=CARTESIAN_POINT('',(111.688494277688,62.9725884908271,49.7500000067587));
#5490=CARTESIAN_POINT('',(115.563494277739,69.6842853701275,49.7500000067587));
#5491=CARTESIAN_POINT('Origin',(103.680997053525,72.5031964570466,49.7500000040104));
#5492=CARTESIAN_POINT('',(104.430997053527,73.8022345627222,61.635479732059));
#5493=CARTESIAN_POINT('',(104.980035159216,71.7531964570713,65.1845178376886));
#5494=CARTESIAN_POINT('Origin',(103.680997053525,72.5031964570466,63.8854797320605));
#5495=CARTESIAN_POINT('',(104.430997053527,73.8022345627222,49.7500000067587));
#5496=CARTESIAN_POINT('',(104.430997053527,73.8022345627222,49.7500000040104));
#5497=CARTESIAN_POINT('',(104.980035159196,71.7531964570369,49.7500000067587));
#5498=CARTESIAN_POINT('Origin',(103.680997053525,72.5031964570466,49.7500000067587));
#5499=CARTESIAN_POINT('',(104.980035159216,71.7531964570713,56.964466100826));
#5500=CARTESIAN_POINT('',(104.980035159196,71.7531964570369,49.7500000040104));
#5501=CARTESIAN_POINT('',(104.980035159216,71.7531964570713,49.7500000067587));
#5502=CARTESIAN_POINT('Origin',(139.500000000167,53.5551362712002,49.7500000012621));
#5503=CARTESIAN_POINT('',(102.751288694161,74.7720146361655,59.9557713726948));
#5504=CARTESIAN_POINT('',(110.998859292609,70.0102775309751,68.2033419711334));
#5505=CARTESIAN_POINT('',(102.751288694161,74.7720146361655,49.7500000067587));
#5506=CARTESIAN_POINT('',(102.751288694161,74.7720146361655,49.7500000007633));
#5507=CARTESIAN_POINT('',(128.312539383676,60.0142196697014,49.7500000067587));
#5508=CARTESIAN_POINT('Origin',(92.1794919244952,70.3258622134841,67.6567332670221));
#5509=CARTESIAN_POINT('',(105.895098668652,68.3381329476033,71.0995813471575));
#5510=CARTESIAN_POINT('Origin',(107.145098668668,70.503196457055,67.349581347168));
#5511=CARTESIAN_POINT('',(109.417426708735,66.3045159054519,74.6219093872858));
#5512=CARTESIAN_POINT('',(96.7788693392852,73.6013904049985,61.9833520176743));
#5513=CARTESIAN_POINT('',(109.830369956599,67.814464249142,72.0066021392082));
#5514=CARTESIAN_POINT('',(54.582573291464,66.3045159057301,74.6219093870507));
#5515=CARTESIAN_POINT('',(54.16200846547,67.842332944062,71.9583321439167));
#5516=CARTESIAN_POINT('',(58.1049013313228,68.3381329477275,71.0995813471575));
#5517=CARTESIAN_POINT('',(69.0599245944467,74.6630185777041,60.1445580839264));
#5518=CARTESIAN_POINT('',(59.0199648407761,71.7531964571907,65.1845178376886));
#5519=CARTESIAN_POINT('Origin',(56.8549013313178,70.5031964571857,67.3495813471681));
#5520=CARTESIAN_POINT('',(59.5690029465115,73.8022345627586,61.6354797321978));
#5521=CARTESIAN_POINT('Origin',(60.3190029465145,72.5031964570837,63.8854797321914));
#5522=CARTESIAN_POINT('',(61.2487113059771,74.7720146362613,59.9557713727158));
#5523=CARTESIAN_POINT('',(68.2612132899997,78.8206845444511,52.9432693886243));
#5524=CARTESIAN_POINT('',(63.2487113059954,75.3079130211281,59.0275681424233));
#5525=CARTESIAN_POINT('Origin',(63.248711305985,71.3079130211281,65.9557713726988));
#5526=CARTESIAN_POINT('',(100.751288694166,75.3079130210307,59.0275681424233));
#5527=CARTESIAN_POINT('',(97.2692378866288,75.3079130210397,59.0275681424233));
#5528=CARTESIAN_POINT('Origin',(100.751288694156,71.3079130210307,65.9557713726988));
#5529=CARTESIAN_POINT('Origin',(60.3190029465145,72.5031964570837,49.7500000035116));
#5530=CARTESIAN_POINT('',(59.0199648407761,71.7531964571907,56.964466100826));
#5531=CARTESIAN_POINT('',(59.0199648407761,71.7531964571907,49.7500000067587));
#5532=CARTESIAN_POINT('',(59.0199648408396,71.7531964570807,49.7500000067587));
#5533=CARTESIAN_POINT('',(59.0199648408396,71.7531964570807,49.7500000035116));
#5534=CARTESIAN_POINT('',(59.5690029465115,73.8022345627586,49.7500000067587));
#5535=CARTESIAN_POINT('Origin',(60.3190029465145,72.5031964570837,49.7500000067587));
#5536=CARTESIAN_POINT('',(59.5690029465115,73.8022345627586,49.7500000035116));
#5537=CARTESIAN_POINT('Origin',(62.394964840853,65.9075249815435,49.7500000067587));
#5538=CARTESIAN_POINT('',(61.144964840848,68.0725884910017,52.7144661006989));
#5539=CARTESIAN_POINT('',(61.4798313643185,67.4925826585999,52.0447330537606));
#5540=CARTESIAN_POINT('',(61.144964840848,68.0725884910017,49.7500000067587));
#5541=CARTESIAN_POINT('',(61.144964840848,68.0725884910017,49.7500000067587));
#5542=CARTESIAN_POINT('',(62.394964840853,65.9075249815435,49.7500000067587));
#5543=CARTESIAN_POINT('Origin',(48.8874676165751,65.9031964570574,49.7500000035116));
#5544=CARTESIAN_POINT('',(48.1374676165721,67.2022345627323,67.712818473992));
#5545=CARTESIAN_POINT('',(50.1865057221865,66.6531964571705,70.3037275662518));
#5546=CARTESIAN_POINT('Origin',(48.8874676165751,65.9031964570574,70.3037275664713));
#5547=CARTESIAN_POINT('',(48.1374676165721,67.2022345627324,49.7500000067587));
#5548=CARTESIAN_POINT('',(48.1374676165721,67.2022345627324,49.7500000035116));
#5549=CARTESIAN_POINT('',(50.18650572225,66.6531964570604,49.7500000067587));
#5550=CARTESIAN_POINT('Origin',(48.8874676165751,65.9031964570574,49.7500000067587));
#5551=CARTESIAN_POINT('',(50.1865057221865,66.6531964571705,56.9644661008259));
#5552=CARTESIAN_POINT('',(50.18650572225,66.6531964570604,49.7500000035116));
#5553=CARTESIAN_POINT('',(50.1865057221865,66.6531964571705,49.7500000067587));
#5554=CARTESIAN_POINT('Origin',(62.6410161514022,75.5758622135658,49.7500000002645));
#5555=CARTESIAN_POINT('',(39.7912455920988,62.3835410301607,67.7128184739919));
#5556=CARTESIAN_POINT('',(58.6994924217748,73.300222427236,67.712818473992));
#5557=CARTESIAN_POINT('',(35.0000000000068,59.6173140977982,62.9215728819028));
#5558=CARTESIAN_POINT('',(46.9667590954274,66.5263256829033,74.8883319773162));
#5559=CARTESIAN_POINT('',(35.0000000000068,59.6173140977981,49.7500000067587));
#5560=CARTESIAN_POINT('',(35.0000000000068,59.6173140977982,49.7500000035116));
#5561=CARTESIAN_POINT('',(54.7579686921474,71.0245826409063,49.7500000067587));
#5562=CARTESIAN_POINT('Origin',(55.9983949777651,68.8761012911838,71.9979274632514));
#5563=CARTESIAN_POINT('',(53.6015692316497,65.7381329477172,74.6219093870507));
#5564=CARTESIAN_POINT('Origin',(52.3515692316447,67.9031964571754,70.3037275662518));
#5565=CARTESIAN_POINT('',(54.0972372071414,66.0243069867976,74.6219093870507));
#5566=CARTESIAN_POINT('',(48.8925272307239,61.5538630227116,76.8141001126076));
#5567=CARTESIAN_POINT('Origin',(33.000000000064,-12.0999999998224,63.7500000058517));
#5568=CARTESIAN_POINT('',(33.000000000064,-13.5999999998224,49.7500000049448));
#5569=CARTESIAN_POINT('',(33.000000000064,-13.5999999998224,63.7500000058517));
#5570=CARTESIAN_POINT('',(31.500000000064,-12.0999999998239,49.7500000067587));
#5571=CARTESIAN_POINT('Origin',(33.000000000064,-12.0999999998224,49.7500000067587));
#5572=CARTESIAN_POINT('',(31.500000000064,-12.0999999998239,63.7500000058517));
#5573=CARTESIAN_POINT('Origin',(37.9000000001439,-13.5999999998224,49.7500000049448));
#5574=CARTESIAN_POINT('',(33.4500000001171,-13.5999999998224,56.3424894319789));
#5575=CARTESIAN_POINT('',(33.4500000001171,-13.5999999998224,53.6271062746372));
#5576=CARTESIAN_POINT('',(37.9000000001439,-13.6000000001417,52.5882768930662));
#5577=CARTESIAN_POINT('',(39.0434058655802,-13.5999999998224,51.6236502330524));
#5578=CARTESIAN_POINT('',(37.9000000001439,-13.6000000001417,49.7500000049448));
#5579=CARTESIAN_POINT('',(37.9000000001439,-13.6000000001417,49.7500000049448));
#5580=CARTESIAN_POINT('',(37.9000000001439,-13.5999999998224,49.7500000049448));
#5581=CARTESIAN_POINT('Origin',(33.0000000000907,-38.899999999884,63.7500000058517));
#5582=CARTESIAN_POINT('',(31.5000000000907,-38.8999999998855,49.7500000067587));
#5583=CARTESIAN_POINT('',(31.5000000000907,-38.8999999998855,63.7500000058517));
#5584=CARTESIAN_POINT('',(33.0000000000894,-37.399999999884,49.7500000049448));
#5585=CARTESIAN_POINT('Origin',(33.0000000000907,-38.899999999884,49.7500000067587));
#5586=CARTESIAN_POINT('',(33.0000000000894,-37.399999999884,63.7500000058517));
#5587=CARTESIAN_POINT('Origin',(29.5000000000892,-37.3999999998872,49.7500000049448));
#5588=CARTESIAN_POINT('',(37.9000000001462,-37.3999999998796,49.7500000049448));
#5589=CARTESIAN_POINT('',(34.0000000000895,-37.3999999998831,49.7500000049448));
#5590=CARTESIAN_POINT('',(37.9000000001462,-37.3999999998796,52.5882768930662));
#5591=CARTESIAN_POINT('',(37.9000000001462,-37.3999999998796,49.7500000049448));
#5592=CARTESIAN_POINT('',(33.4500000001194,-37.3999999998836,56.3424894319789));
#5593=CARTESIAN_POINT('',(36.5897535500406,-37.3999999998808,53.6936574890263));
#5594=CARTESIAN_POINT('',(33.4500000001194,-37.3999999998836,53.6271062746372));
#5595=CARTESIAN_POINT('Origin',(28.5000000000109,52.4004357329158,46.7500000067587));
#5596=CARTESIAN_POINT('',(29.5000000000109,52.4004357329158,45.7500000067587));
#5597=CARTESIAN_POINT('Origin',(28.5000000000109,52.4004357329158,45.7500000067587));
#5598=CARTESIAN_POINT('',(31.5000000000109,52.4004357329158,47.7500000067587));
#5599=CARTESIAN_POINT('',(30.5000000000109,52.4004357329158,46.7500000067587));
#5600=CARTESIAN_POINT('Origin',(28.5000000000109,52.4004357329158,47.7500000067587));
#5601=CARTESIAN_POINT('Origin',(28.5000000000109,52.4004357329158,49.7500000067587));
#5602=CARTESIAN_POINT('',(31.5000000000109,52.4004357329158,49.7500000067587));
#5603=CARTESIAN_POINT('',(31.5000000000109,52.4004357329158,49.7500000067587));
#5604=CARTESIAN_POINT('Origin',(28.5000000000109,52.4004357329158,49.7500000067587));
#5605=CARTESIAN_POINT('Origin',(28.5000000000109,52.4004357329158,45.7500000067587));
#5606=CARTESIAN_POINT('Origin',(135.499999999996,52.4004357329159,46.7500000067587));
#5607=CARTESIAN_POINT('',(136.499999999996,52.4004357329159,45.7500000067587));
#5608=CARTESIAN_POINT('Origin',(135.499999999996,52.4004357329159,45.7500000067587));
#5609=CARTESIAN_POINT('',(138.499999999996,52.4004357329159,47.7500000067587));
#5610=CARTESIAN_POINT('',(137.499999999996,52.4004357329159,46.7500000067587));
#5611=CARTESIAN_POINT('Origin',(135.499999999996,52.4004357329159,47.7500000067587));
#5612=CARTESIAN_POINT('Origin',(135.499999999996,52.4004357329159,49.7500000067587));
#5613=CARTESIAN_POINT('',(138.499999999996,52.4004357329159,49.7500000067587));
#5614=CARTESIAN_POINT('',(138.499999999996,52.4004357329159,49.7500000067587));
#5615=CARTESIAN_POINT('Origin',(135.499999999996,52.4004357329159,49.7500000067587));
#5616=CARTESIAN_POINT('Origin',(135.499999999996,52.4004357329159,45.7500000067587));
#5617=CARTESIAN_POINT('Origin',(50.9521194968703,60.1995915764429,74.6310516916338));
#5618=CARTESIAN_POINT('',(34.1096320890625,61.4126610214955,64.8596320957054));
#5619=CARTESIAN_POINT('Origin',(34.5917503470998,61.691012127556,58.2706825418804));
#5620=CARTESIAN_POINT('',(47.4165855909393,60.1995915764405,78.1665855975683));
#5621=CARTESIAN_POINT('Origin',(116.244172055028,60.4909673309944,71.4347601399346));
#5622=CARTESIAN_POINT('',(118.407737769065,64.2383730732087,73.939941491506));
#5623=CARTESIAN_POINT('',(119.77970596096,60.4909673309768,74.9702940458674));
#5624=CARTESIAN_POINT('Origin',(116.999999999825,11.5000000015449,77.7500000067587));
#5625=CARTESIAN_POINT('',(140.500000000068,11.5000000011042,54.250000005583));
#5626=CARTESIAN_POINT('',(116.999999998892,11.5000000011042,77.7500000067587));
#5627=CARTESIAN_POINT('',(140.500000000163,52.4004357328166,54.2500000066247));
#5628=CARTESIAN_POINT('',(140.500000000001,-17.2747913850564,54.2500000064392));
#5629=CARTESIAN_POINT('Origin',(135.500000000163,52.4004357328282,59.2500000066247));
#5630=CARTESIAN_POINT('Origin',(124.514748204369,-54.2413517617971,76.449369667334));
#5631=CARTESIAN_POINT('',(125.00472474073,-52.9211432394845,77.7452752659428));
#5632=CARTESIAN_POINT('',(123.99890214211,-55.5764960618507,75.1793335946229));
#5633=CARTESIAN_POINT('',(123.411618462183,-57.1269139776586,73.6811214155772));
#5634=CARTESIAN_POINT('',(134.4999999999,-49.5136843868365,64.6782357368499));
#5635=CARTESIAN_POINT('',(124.006040389509,-55.5723747927935,75.1721953472242));
#5636=CARTESIAN_POINT('',(134.499999999907,-47.4390435125402,68.2500000067821));
#5637=CARTESIAN_POINT('',(134.499999999915,-44.7151834200215,72.9394796537367));
#5638=CARTESIAN_POINT('',(125.02345601923,-52.9103287308008,77.7265439874438));
#5639=CARTESIAN_POINT('Origin',(124.999999999909,-54.9985119441593,77.7500000067587));
#5640=CARTESIAN_POINT('',(134.500000000015,-11.5381489733703,68.2500000067742));
#5641=CARTESIAN_POINT('',(134.499999999892,-52.2560981655677,68.2500000067832));
#5642=CARTESIAN_POINT('',(125.000000000031,-11.5381489731899,77.7500000067587));
#5643=CARTESIAN_POINT('',(122.743839472097,-52.3984723434267,80.0061605345779));
#5644=CARTESIAN_POINT('Origin',(134.4999999999,-49.5136843869432,77.7500000067587));
#5645=CARTESIAN_POINT('',(134.4999999999,-49.5136843868365,49.7500000060101));
#5646=CARTESIAN_POINT('',(134.4999999999,-49.5136843868365,63.7500000067587));
#5647=CARTESIAN_POINT('',(134.500000000015,-11.5381489733703,49.7500000067587));
#5648=CARTESIAN_POINT('',(134.499999999984,-21.9394011815848,49.7500000067587));
#5649=CARTESIAN_POINT('',(134.500000000015,-11.5381489733703,77.7500000067587));
#5650=CARTESIAN_POINT('Origin',(24.2166513877248,-45.4260212060966,61.1807692594699));
#5651=CARTESIAN_POINT('',(29.5000000000993,-47.4390435125455,68.2500000068037));
#5652=CARTESIAN_POINT('',(29.5000000001013,-49.5136843868374,64.6782357368711));
#5653=CARTESIAN_POINT('',(29.500000000094,-42.1289158044458,77.3920759446655));
#5654=CARTESIAN_POINT('',(40.001097857869,-55.5764960618404,75.1793335946229));
#5655=CARTESIAN_POINT('',(24.7253592025844,-46.7570442370917,59.9035949393614));
#5656=CARTESIAN_POINT('',(38.9952752592501,-52.9211432394767,77.7452752659403));
#5657=CARTESIAN_POINT('',(39.0934912923703,-53.180431727432,77.4947175507719));
#5658=CARTESIAN_POINT('',(23.7079435728652,-44.0949981751015,62.4579435795784));
#5659=CARTESIAN_POINT('Origin',(39.0000000000306,-11.5381489731166,77.7500000067587));
#5660=CARTESIAN_POINT('',(40.0501441725491,-52.6772789055436,78.8001441792384));
#5661=CARTESIAN_POINT('',(29.5000000000635,-11.5381489732808,68.2500000068009));
#5662=CARTESIAN_POINT('',(39.0000000000306,-11.5381489731166,77.7500000067587));
#5663=CARTESIAN_POINT('',(29.5000000000635,-11.5381489732042,68.2500000068009));
#5664=CARTESIAN_POINT('Origin',(34.6974851264997,-51.4752233391467,76.4646668006908));
#5665=CARTESIAN_POINT('',(52.6909050808565,-62.902959678038,75.1793335946229));
#5666=CARTESIAN_POINT('',(34.2474851264978,-52.2546462025516,75.1793335946229));
#5667=CARTESIAN_POINT('',(52.7519400489458,-62.8976944155535,75.2294292208477));
#5668=CARTESIAN_POINT('',(74.2207411480239,-61.0456598105866,92.8503614343425));
#5669=CARTESIAN_POINT('',(53.867255231636,-58.7352814873214,81.17397094754));
#5670=CARTESIAN_POINT('Origin',(108.250000000068,-62.0152330831104,76.4897146138032));
#5671=CARTESIAN_POINT('',(111.248059951048,-62.8976944155535,75.2294292208477));
#5672=CARTESIAN_POINT('',(108.250000000068,-62.8976944155535,75.2294292208477));
#5673=CARTESIAN_POINT('',(110.969094810573,-61.8565823377653,76.716291359536));
#5674=CARTESIAN_POINT('Origin',(134.50000000005,-62.075724325997,83.0499522233616));
#5675=CARTESIAN_POINT('',(52.6962451395471,-62.9060427623605,75.1500000067353));
#5676=CARTESIAN_POINT('',(54.8945312079352,-64.1752238157073,63.0745489067938));
#5677=CARTESIAN_POINT('',(111.303754860455,-62.9060427623558,75.1500000067802));
#5678=CARTESIAN_POINT('',(87.2884776311226,-62.9060427623577,75.1500000067618));
#5679=CARTESIAN_POINT('',(111.309094919137,-62.902959678038,75.1793335946229));
#5680=CARTESIAN_POINT('',(110.039182843211,-63.6361437569251,68.2035530560539));
#5681=CARTESIAN_POINT('',(116.11658243891,-63.3176839660164,71.2334955707768));
#5682=CARTESIAN_POINT('Origin',(111.991908757849,-61.4695064399064,76.4646668006908));
#5683=CARTESIAN_POINT('',(112.441908757851,-62.2489293033113,75.1793335946229));
#5684=CARTESIAN_POINT('Origin',(65.8724380326612,48.307913020997,77.7500000067588));
#5685=CARTESIAN_POINT('',(63.6224380326524,52.2050273380219,77.7500000067588));
#5686=CARTESIAN_POINT('',(65.8724380326532,52.807913020997,77.7500000067588));
#5687=CARTESIAN_POINT('Origin',(59.000000000068,49.536261495583,77.7500000067588));
#5688=CARTESIAN_POINT('',(60.5000000000632,50.4022868993692,77.7500000067588));
#5689=CARTESIAN_POINT('Origin',(98.1275619674743,48.3079130210319,77.7500000067587));
#5690=CARTESIAN_POINT('',(98.1275619674767,52.8079130210319,77.7500000067587));
#5691=CARTESIAN_POINT('',(100.37756196748,52.2050273380583,77.7500000067587));
#5692=CARTESIAN_POINT('Origin',(93.6666666667605,52.8079130210344,77.7500000067587));
#5693=CARTESIAN_POINT('',(95.6666666667614,52.8079130210333,77.7500000067587));
#5694=CARTESIAN_POINT('Origin',(102.000000000074,6.27880681547767,77.7500000067587));
#5695=CARTESIAN_POINT('',(105.000000000074,6.27880681547864,77.7500000067587));
#5696=CARTESIAN_POINT('',(103.503610452066,3.68281844711773,77.7500000067587));
#5697=CARTESIAN_POINT('Origin',(105.00000000006,49.5362614956262,77.7500000067587));
#5698=CARTESIAN_POINT('',(105.000000000061,47.8042106880612,77.7500000067587));
#5699=CARTESIAN_POINT('Origin',(62.0000000000942,6.26993577400188,77.7500000067587));
#5700=CARTESIAN_POINT('',(60.4981437259772,3.67293216755556,77.7500000067587));
#5701=CARTESIAN_POINT('',(59.0000000000942,6.26993577400006,77.7500000067587));
#5702=CARTESIAN_POINT('Origin',(70.3333333334214,-2.0147924017928,77.7500000067587));
#5703=CARTESIAN_POINT('',(68.2324670721657,-0.799854090688462,77.7500000067587));
#5704=CARTESIAN_POINT('Origin',(62.000000000069,47.8042106880193,77.7500000067588));
#5705=CARTESIAN_POINT('',(59.000000000069,47.8042106880175,77.7500000067588));
#5706=CARTESIAN_POINT('Origin',(59.0000000000953,4.53931392715721,77.7500000067588));
#5707=CARTESIAN_POINT('Origin',(102.000000000061,47.8042106880602,77.7500000067587));
#5708=CARTESIAN_POINT('',(103.500000000065,50.4022868994112,77.7500000067587));
#5709=CARTESIAN_POINT('Origin',(99.3333333334193,52.8079130210313,77.7500000067587));
#5710=CARTESIAN_POINT('Origin',(130.499999999995,58.7512886940234,61.4215728820776));
#5711=CARTESIAN_POINT('',(129.982194466742,58.7040852472732,50.2678055400119));
#5712=CARTESIAN_POINT('',(129.982194466734,58.7040852472841,61.9393784153382));
#5713=CARTESIAN_POINT('',(129.982194466734,58.7040852472841,49.7500000040104));
#5714=CARTESIAN_POINT('',(130.499999999995,58.7512886940117,49.7500000067587));
#5715=CARTESIAN_POINT('',(130.499999999995,58.7512886940117,49.7500000067587));
#5716=CARTESIAN_POINT('',(130.499999999995,58.7512886940234,61.4215728820776));
#5717=CARTESIAN_POINT('',(130.499999999995,58.7512886940234,49.7500000040104));
#5718=CARTESIAN_POINT('',(130.499999999995,58.7512886940234,61.4215728820776));
#5719=CARTESIAN_POINT('Origin',(130.499999999995,58.7512886940117,49.7500000067587));
#5720=CARTESIAN_POINT('',(130.499999999994,57.0192378864556,49.7500000067587));
#5721=CARTESIAN_POINT('Origin',(127.499999999994,57.0192378864583,52.7500000067575));
#5722=CARTESIAN_POINT('',(130.499999999971,32.1930853589501,49.7500000067587));
#5723=CARTESIAN_POINT('Origin',(33.5000000000196,49.5136843869906,49.7500000067587));
#5724=CARTESIAN_POINT('',(34.0178055332714,58.7040852472731,50.2678055400183));
#5725=CARTESIAN_POINT('',(33.5000000000128,57.0192378864456,49.7500000067587));
#5726=CARTESIAN_POINT('Origin',(36.5000000000128,57.0192378864483,52.7500000067558));
#5727=CARTESIAN_POINT('',(33.5000000000112,58.7512886940117,49.7500000067587));
#5728=CARTESIAN_POINT('',(33.5000000000112,58.7512886940117,49.7500000067587));
#5729=CARTESIAN_POINT('',(33.5000000000395,27.5742832054394,49.7500000067587));
#5730=CARTESIAN_POINT('Origin',(33.5000000000112,58.7512886940117,49.7500000067587));
#5731=CARTESIAN_POINT('',(34.0178055332714,58.7040852472731,61.9393784151678));
#5732=CARTESIAN_POINT('',(34.0178055332714,58.7040852472731,49.7500000035116));
#5733=CARTESIAN_POINT('',(33.5000000000112,58.7512886940117,61.4215728819081));
#5734=CARTESIAN_POINT('',(33.5000000000112,58.7512886940117,61.4215728819081));
#5735=CARTESIAN_POINT('',(33.5000000000112,58.7512886940117,49.7500000035116));
#5736=CARTESIAN_POINT('Origin',(36.5000000000128,57.0192378864483,49.7500000035116));
#5737=CARTESIAN_POINT('Origin',(36.5000000000128,57.0192378864483,49.7500000067587));
#5738=CARTESIAN_POINT('Origin',(36.5000000000128,57.0192378864483,64.4215728819056));
#5739=CARTESIAN_POINT('Origin',(111.648430768328,67.9031964570214,49.7500000067587));
#5740=CARTESIAN_POINT('',(110.398430768311,65.7381329475696,74.6219093872976));
#5741=CARTESIAN_POINT('Origin',(111.648430768328,67.9031964570214,70.3037275664987));
#5742=CARTESIAN_POINT('',(110.398430768311,65.7381329475696,58.0000000067587));
#5743=CARTESIAN_POINT('',(110.398430768311,65.7381329475696,49.7500000067587));
#5744=CARTESIAN_POINT('Origin',(111.648430768328,67.9031964570214,56.9644661008259));
#5745=CARTESIAN_POINT('Origin',(107.145098668668,70.503196457055,49.7500000067587));
#5746=CARTESIAN_POINT('',(105.895098668652,68.3381329476033,58.0000000067587));
#5747=CARTESIAN_POINT('',(105.895098668652,68.3381329476033,49.7500000067587));
#5748=CARTESIAN_POINT('Origin',(107.145098668668,70.503196457055,56.9644661008259));
#5749=CARTESIAN_POINT('Origin',(109.523430768236,64.2225884908434,52.7144661006989));
#5750=CARTESIAN_POINT('',(108.27343076822,62.0575249813916,52.7144661006989));
#5751=CARTESIAN_POINT('',(108.639547291742,62.6916574016105,54.4822330536653));
#5752=CARTESIAN_POINT('Origin',(109.523430768236,64.2225884908434,52.7144661006989));
#5753=CARTESIAN_POINT('Origin',(109.523430768236,64.2225884908434,52.7144661006989));
#5754=CARTESIAN_POINT('Origin',(109.523430768236,64.2225884908434,52.7144661006989));
#5755=CARTESIAN_POINT('Origin',(109.523430768236,64.2225884908434,49.7500000067587));
#5756=CARTESIAN_POINT('',(108.27343076822,62.0575249813916,49.7500000067587));
#5757=CARTESIAN_POINT('Origin',(109.523430768236,64.2225884908434,49.7500000067587));
#5758=CARTESIAN_POINT('',(108.27343076822,62.0575249813916,49.7500000067587));
#5759=CARTESIAN_POINT('Origin',(109.188564244763,63.6425826584433,52.0447330537605));
#5760=CARTESIAN_POINT('',(108.304680768268,62.1116515692104,53.8125000067269));
#5761=CARTESIAN_POINT('Origin',(105.020098668577,66.8225884908771,52.7144661006989));
#5762=CARTESIAN_POINT('',(102.855035159125,68.0725884908933,52.7144661006989));
#5763=CARTESIAN_POINT('',(104.136215192082,65.2916574016442,54.4822330536653));
#5764=CARTESIAN_POINT('Origin',(105.020098668577,66.8225884908771,52.7144661006989));
#5765=CARTESIAN_POINT('',(103.770098668561,64.6575249814254,52.7144661006989));
#5766=CARTESIAN_POINT('Origin',(105.020098668577,66.8225884908771,52.7144661006989));
#5767=CARTESIAN_POINT('Origin',(105.020098668577,66.8225884908771,52.7144661006989));
#5768=CARTESIAN_POINT('Origin',(105.020098668577,66.8225884908771,49.7500000067587));
#5769=CARTESIAN_POINT('',(102.855035159125,68.0725884908933,49.7500000067587));
#5770=CARTESIAN_POINT('',(103.770098668561,64.6575249814254,49.7500000067587));
#5771=CARTESIAN_POINT('Origin',(105.020098668577,66.8225884908771,49.7500000067587));
#5772=CARTESIAN_POINT('',(103.770098668561,64.6575249814254,49.7500000067587));
#5773=CARTESIAN_POINT('',(102.855035159125,68.0725884908933,49.7500000067587));
#5774=CARTESIAN_POINT('Origin',(103.959217548948,67.4350884908834,52.7144661006989));
#5775=CARTESIAN_POINT('',(103.075334072454,65.9041574016505,54.4822330536653));
#5776=CARTESIAN_POINT('',(102.709217548932,65.2700249814317,52.7144661006989));
#5777=CARTESIAN_POINT('Origin',(105.96648214512,68.4617727556651,54.6072330537606));
#5778=CARTESIAN_POINT('',(103.801418635668,69.7117727556813,54.6072330537606));
#5779=CARTESIAN_POINT('',(105.082598668625,66.9308416664322,56.3750000067269));
#5780=CARTESIAN_POINT('Origin',(101.605035159109,65.9075249814416,49.7500000067587));
#5781=CARTESIAN_POINT('',(110.438494277672,60.8075249813754,49.7500000067587));
#5782=CARTESIAN_POINT('Origin',(82.0000000000858,5.63488202393231,49.7500000067587));
#5783=CARTESIAN_POINT('',(101.605035159109,65.9075249814416,49.7500000067587));
#5784=CARTESIAN_POINT('',(100.751288694166,75.3079130210307,49.7500000067587));
#5785=CARTESIAN_POINT('Origin',(100.751288694156,71.3079130210307,49.7500000067587));
#5786=CARTESIAN_POINT('',(63.2487113059954,75.3079130211281,49.7500000067587));
#5787=CARTESIAN_POINT('',(92.1794919245082,75.3079130210529,49.7500000067587));
#5788=CARTESIAN_POINT('',(61.2487113059771,74.7720146362613,49.7500000067587));
#5789=CARTESIAN_POINT('Origin',(63.248711305985,71.3079130211281,49.7500000067587));
#5790=CARTESIAN_POINT('',(54.7579686921474,71.0245826409063,49.7500000067587));
#5791=CARTESIAN_POINT('',(60.2299013313948,64.6575249815385,49.7500000067587));
#5792=CARTESIAN_POINT('Origin',(58.9799013313898,66.8225884909968,49.7500000067587));
#5793=CARTESIAN_POINT('',(55.7265692317217,62.0575249815282,49.7500000067587));
#5794=CARTESIAN_POINT('',(53.5615057222635,60.8075249815232,49.7500000067587));
#5795=CARTESIAN_POINT('',(52.3115057222585,62.9725884909815,49.7500000067587));
#5796=CARTESIAN_POINT('Origin',(54.4765692317167,64.2225884909864,49.7500000067587));
#5797=CARTESIAN_POINT('',(48.4365057222431,69.6842853703019,49.7500000067587));
#5798=CARTESIAN_POINT('',(33.5000000000395,27.5742832054394,49.7500000067587));
#5799=CARTESIAN_POINT('',(33.5000000000181,51.2457351945566,49.7500000067587));
#5800=CARTESIAN_POINT('',(33.5000000000196,49.5136843869906,49.7500000067587));
#5801=CARTESIAN_POINT('',(32.0000000000241,48.6476589832041,49.7500000067587));
#5802=CARTESIAN_POINT('Origin',(30.5000000000181,51.2457351945539,49.7500000067587));
#5803=CARTESIAN_POINT('',(27.0000000000072,45.7609076372307,49.7500000067587));
#5804=CARTESIAN_POINT('',(25.5000000000116,44.8948822334442,49.7500000067587));
#5805=CARTESIAN_POINT('',(25.5000000000132,43.1628314258781,49.7500000067587));
#5806=CARTESIAN_POINT('Origin',(28.5000000000132,43.1628314258809,49.7500000067587));
#5807=CARTESIAN_POINT('',(25.5000000000417,11.7561650775614,49.7500000067587));
#5808=CARTESIAN_POINT('',(25.5000000000247,30.4610345513619,49.7500000067587));
#5809=CARTESIAN_POINT('',(31.5000000000632,-11.2819838973758,49.7500000067587));
#5810=CARTESIAN_POINT('',(28.0086157485108,2.12385452191168,49.7500000067587));
#5811=CARTESIAN_POINT('',(31.5000000000549,-2.95163347469841,49.7500000067587));
#5812=CARTESIAN_POINT('',(40.3999999998246,-16.0999999998224,49.7500000049448));
#5813=CARTESIAN_POINT('Origin',(37.9000000001439,-16.0999999998224,49.7500000049448));
#5814=CARTESIAN_POINT('',(40.4000000001439,-34.8999999998796,49.7500000049448));
#5815=CARTESIAN_POINT('',(40.399999999856,-34.8999999998796,49.7500000049448));
#5816=CARTESIAN_POINT('Origin',(37.900000000144,-34.8999999998796,49.7500000049448));
#5817=CARTESIAN_POINT('',(31.5000000000549,-2.95163347469841,49.7500000067587));
#5818=CARTESIAN_POINT('',(32.1000000001034,-51.0147950867401,49.7500000060781));
#5819=CARTESIAN_POINT('',(32.1000000001034,-30.201633474628,49.7500000067587));
#5820=CARTESIAN_POINT('',(29.5000000001013,-49.5136843868369,49.7500000067587));
#5821=CARTESIAN_POINT('',(34.2474851263409,-52.254646202461,49.7500000061342));
#5822=CARTESIAN_POINT('',(29.5000000000635,-11.5381489732808,49.7500000067587));
#5823=CARTESIAN_POINT('',(29.5000000000549,-2.95163347470041,49.7500000067587));
#5824=CARTESIAN_POINT('',(23.5000000000419,11.5000000016566,49.7500000067587));
#5825=CARTESIAN_POINT('',(26.0731771559207,1.61979355901855,49.7500000067587));
#5826=CARTESIAN_POINT('',(23.5000000000048,52.4004357328975,49.7500000013929));
#5827=CARTESIAN_POINT('',(23.5000000000247,30.4610345517225,49.7500000023868));
#5828=CARTESIAN_POINT('',(25.9999999999948,56.7305627518186,49.7500000011967));
#5829=CARTESIAN_POINT('Origin',(28.5000000000048,52.4004357329021,49.7500000067587));
#5830=CARTESIAN_POINT('',(60.480762113544,76.6380400400453,49.7500000002948));
#5831=CARTESIAN_POINT('',(53.7579686923004,72.7566334485634,49.7500000004706));
#5832=CARTESIAN_POINT('',(62.9807621135669,77.3079130211288,49.7500000002645));
#5833=CARTESIAN_POINT('Origin',(62.9807621135539,72.3079130211288,49.7500000067587));
#5834=CARTESIAN_POINT('',(101.019237886602,77.30791302103,49.7500000002645));
#5835=CARTESIAN_POINT('',(92.1794919245134,77.307913021053,49.7500000002645));
#5836=CARTESIAN_POINT('Origin',(101.019237886589,72.30791302103,49.7500000067587));
#5837=CARTESIAN_POINT('',(140.500000000163,52.4004357328166,49.7500000013929));
#5838=CARTESIAN_POINT('Origin',(135.500000000163,52.4004357328282,49.7500000067587));
#5839=CARTESIAN_POINT('',(140.500000000071,11.5000000015568,49.7500000067587));
#5840=CARTESIAN_POINT('',(140.499999999994,-20.2073503735662,49.7500000046823));
#5841=CARTESIAN_POINT('',(134.926822844153,-9.89928092852714,49.7500000067587));
#5842=CARTESIAN_POINT('',(131.899999999832,-51.0147950867768,49.7500000064343));
#5843=CARTESIAN_POINT('',(112.441908758008,-62.2489293032207,49.750000006587));
#5844=CARTESIAN_POINT('',(131.900000000157,-30.201633474628,49.7500000067587));
#5845=CARTESIAN_POINT('',(126.100000000007,-37.3999999998797,49.7500000049448));
#5846=CARTESIAN_POINT('',(126.100000000007,-37.3999999998797,49.7500000049448));
#5847=CARTESIAN_POINT('',(123.600000000009,-34.8999999998797,49.7500000049448));
#5848=CARTESIAN_POINT('Origin',(126.100000000009,-34.8999999998797,49.7500000049448));
#5849=CARTESIAN_POINT('',(123.600000000009,-16.0999999998224,49.7500000049448));
#5850=CARTESIAN_POINT('',(123.600000000009,-16.0999999998224,49.7500000049448));
#5851=CARTESIAN_POINT('Origin',(126.100000000009,-16.0999999998224,49.7500000049448));
#5852=CARTESIAN_POINT('',(132.500000000016,-11.2819838974618,49.7500000067587));
#5853=CARTESIAN_POINT('',(132.499999999984,-21.9394011815788,49.7500000067587));
#5854=CARTESIAN_POINT('',(138.500000000069,11.7561650774528,49.7500000067587));
#5855=CARTESIAN_POINT('',(132.991384251564,-9.39521996563109,49.7500000067587));
#5856=CARTESIAN_POINT('',(138.500000000141,43.1628314257886,49.7500000067587));
#5857=CARTESIAN_POINT('',(138.499999999994,-20.207350373924,49.7500000067587));
#5858=CARTESIAN_POINT('',(137.000000000147,45.7609076371454,49.7500000067587));
#5859=CARTESIAN_POINT('Origin',(135.500000000141,43.1628314257955,49.7500000067587));
#5860=CARTESIAN_POINT('',(131.999999999982,48.6476589832041,49.7500000067587));
#5861=CARTESIAN_POINT('',(138.499999999995,44.8948822334443,49.7500000067587));
#5862=CARTESIAN_POINT('',(130.499999999988,51.2457351945567,49.7500000067587));
#5863=CARTESIAN_POINT('Origin',(133.499999999989,51.245735194554,49.7500000067587));
#5864=CARTESIAN_POINT('',(130.499999999987,49.5136843869906,49.7500000067587));
#5865=CARTESIAN_POINT('',(130.499999999971,32.1930853589501,49.7500000067587));
#5866=CARTESIAN_POINT('',(128.999999999997,59.6173140978094,49.7500000067587));
#5867=CARTESIAN_POINT('Origin',(127.499999999994,57.0192378864583,49.7500000067587));
#5868=CARTESIAN_POINT('',(128.312539383676,60.0142196697014,49.7500000067587));
#5869=CARTESIAN_POINT('',(111.721764718424,67.77425454069,49.7500000067587));
#5870=CARTESIAN_POINT('Origin',(108.571764718424,67.77425454069,49.7500000067587));
#5871=CARTESIAN_POINT('',(58.5782352815481,67.7742545408281,49.7500000067587));
#5872=CARTESIAN_POINT('Origin',(55.4282352815481,67.7742545408281,49.7500000067587));
#5873=CARTESIAN_POINT('',(132.15000000009,-19.7999999998626,49.7500000049448));
#5874=CARTESIAN_POINT('Origin',(129.00000000009,-19.7999999998626,49.7500000067587));
#5875=CARTESIAN_POINT('',(38.149999999917,-19.7999999998626,49.7500000049448));
#5876=CARTESIAN_POINT('Origin',(34.999999999917,-19.7999999998626,49.7500000067587));
#5877=CARTESIAN_POINT('',(37.9999999999155,-31.1999999998819,49.7500000049448));
#5878=CARTESIAN_POINT('Origin',(34.9999999999155,-31.1999999998819,49.7500000067587));
#5879=CARTESIAN_POINT('',(132.000000000084,-31.199999999882,49.7500000049448));
#5880=CARTESIAN_POINT('Origin',(129.000000000084,-31.199999999882,49.7500000067587));
#5881=CARTESIAN_POINT('Origin',(56.8549013313178,70.5031964571857,49.7500000067587));
#5882=CARTESIAN_POINT('',(58.1049013313228,68.3381329477275,58.0000000067587));
#5883=CARTESIAN_POINT('',(58.1049013313228,68.3381329477275,49.7500000067587));
#5884=CARTESIAN_POINT('Origin',(56.8549013313178,70.5031964571857,56.964466100826));
#5885=CARTESIAN_POINT('Origin',(58.9799013313898,66.8225884909968,52.7144661006989));
#5886=CARTESIAN_POINT('',(60.2299013313948,64.6575249815385,52.7144661006989));
#5887=CARTESIAN_POINT('',(59.8637848078765,65.2916574017593,54.4822330536653));
#5888=CARTESIAN_POINT('Origin',(58.9799013313898,66.8225884909968,52.7144661006989));
#5889=CARTESIAN_POINT('Origin',(58.9799013313898,66.8225884909968,52.7144661006989));
#5890=CARTESIAN_POINT('Origin',(58.9799013313898,66.8225884909968,52.7144661006989));
#5891=CARTESIAN_POINT('Origin',(58.9799013313898,66.8225884909968,49.7500000067587));
#5892=CARTESIAN_POINT('',(60.2299013313948,64.6575249815385,49.7500000067587));
#5893=CARTESIAN_POINT('Origin',(59.3147678548603,66.242582658595,52.0447330537606));
#5894=CARTESIAN_POINT('',(60.198651331347,64.7116515693575,53.812500006727));
#5895=CARTESIAN_POINT('Origin',(52.3515692316447,67.9031964571754,49.7500000067587));
#5896=CARTESIAN_POINT('',(53.6015692316497,65.7381329477172,58.0000000067587));
#5897=CARTESIAN_POINT('',(53.6015692316497,65.7381329477172,49.7500000067587));
#5898=CARTESIAN_POINT('Origin',(52.3515692316447,67.9031964571754,56.9644661008259));
#5899=CARTESIAN_POINT('Origin',(54.4765692317167,64.2225884909864,52.7144661006989));
#5900=CARTESIAN_POINT('',(52.3115057222585,62.9725884909815,52.7144661006989));
#5901=CARTESIAN_POINT('',(55.3604527082034,62.691657401749,54.4822330536653));
#5902=CARTESIAN_POINT('Origin',(54.4765692317167,64.2225884909864,52.7144661006989));
#5903=CARTESIAN_POINT('',(55.7265692317217,62.0575249815282,52.7144661006989));
#5904=CARTESIAN_POINT('Origin',(54.4765692317167,64.2225884909864,52.7144661006989));
#5905=CARTESIAN_POINT('Origin',(54.4765692317167,64.2225884909864,52.7144661006989));
#5906=CARTESIAN_POINT('Origin',(54.4765692317167,64.2225884909864,49.7500000067587));
#5907=CARTESIAN_POINT('',(55.7265692317217,62.0575249815282,49.7500000067587));
#5908=CARTESIAN_POINT('',(52.3115057222585,62.9725884909815,49.7500000067587));
#5909=CARTESIAN_POINT('Origin',(53.4156881120822,63.610088490984,52.7144661006989));
#5910=CARTESIAN_POINT('',(54.2995715885689,62.0791574017465,54.4822330536653));
#5911=CARTESIAN_POINT('',(54.6656881120871,61.4450249815258,52.7144661006989));
#5912=CARTESIAN_POINT('Origin',(53.5301857551821,65.8617727557793,54.6072330537606));
#5913=CARTESIAN_POINT('',(51.3651222457239,64.6117727557744,54.6072330537606));
#5914=CARTESIAN_POINT('',(54.4140692316688,64.3308416665419,56.3750000067269));
#5915=CARTESIAN_POINT('Origin',(53.5615057222635,60.8075249815232,49.7500000067587));
#5916=CARTESIAN_POINT('Origin',(104.875899938833,66.4728289645657,55.8750000067587));
#5917=CARTESIAN_POINT('',(105.938399938847,68.3131329475997,58.0000000067587));
#5918=CARTESIAN_POINT('Origin',(103.7300351592,69.5881329476195,49.7500000067587));
#5919=CARTESIAN_POINT('',(115.021287271276,63.0691255011121,74.6219093873532));
#5920=CARTESIAN_POINT('Origin',(54.7073705018431,63.9228289646778,55.8750000067587));
#5921=CARTESIAN_POINT('',(53.6448705018389,65.7631329477173,58.0000000067587));
#5922=CARTESIAN_POINT('Origin',(51.4365057221915,64.4881329477123,49.7500000067587));
#5923=CARTESIAN_POINT('Origin',(127.181594134447,-34.8999999998807,53.5007565025584));
#5924=CARTESIAN_POINT('',(128.049999999837,-34.8999999998829,57.5042125443295));
#5925=CARTESIAN_POINT('',(124.48794178973,-34.8999999998797,54.4991061181182));
#5926=CARTESIAN_POINT('',(125.569535924168,-34.8999999998807,55.4115857274431));
#5927=CARTESIAN_POINT('',(126.100000000007,-37.3999999998797,52.5882768932336));
#5928=CARTESIAN_POINT('Origin',(126.100000000009,-34.8999999998797,52.5882768932336));
#5929=CARTESIAN_POINT('',(130.549999999835,-37.3999999998837,56.3424894319789));
#5930=CARTESIAN_POINT('',(127.181594134444,-37.3999999998807,53.5007565025584));
#5931=CARTESIAN_POINT('Origin',(130.549999999837,-34.8999999998837,56.3424894319789));
#5932=CARTESIAN_POINT('Origin',(130.549999999837,-34.8999999998837,60.810786443545));
#5933=CARTESIAN_POINT('',(130.549999999835,-37.3999999998837,60.810786443545));
#5934=CARTESIAN_POINT('',(128.049999999837,-34.8999999998837,60.810786443545));
#5935=CARTESIAN_POINT('Origin',(126.100000000009,-26.7499999998696,52.5882768932336));
#5936=CARTESIAN_POINT('',(123.600000000009,-34.8999999998797,52.5882768932336));
#5937=CARTESIAN_POINT('Origin',(126.100000000009,-34.8999999998797,52.5882768932336));
#5938=CARTESIAN_POINT('',(124.48794178973,-16.0999999998224,54.4991061181182));
#5939=CARTESIAN_POINT('',(124.48794178973,-26.7499999998696,54.4991061181182));
#5940=CARTESIAN_POINT('',(123.600000000009,-16.0999999998224,52.5882768932336));
#5941=CARTESIAN_POINT('Origin',(126.100000000009,-16.0999999998224,52.5882768932336));
#5942=CARTESIAN_POINT('',(123.600000000009,-26.7499999998696,52.5882768932336));
#5943=CARTESIAN_POINT('Origin',(126.100000000009,-34.8999999998797,52.5882768932336));
#5944=CARTESIAN_POINT('Origin',(126.100000000009,-34.8999999998797,52.5882768932336));
#5945=CARTESIAN_POINT('Origin',(129.63524644997,-16.0999999998224,55.5707637585172));
#5946=CARTESIAN_POINT('Origin',(126.100000000009,-16.0999999998224,52.5882768932336));
#5947=CARTESIAN_POINT('',(128.049999999837,-16.0999999998224,57.5042125443295));
#5948=CARTESIAN_POINT('',(128.023188239692,-16.0999999998224,57.4815929834018));
#5949=CARTESIAN_POINT('Origin',(130.549999999837,-16.0999999998224,56.3424894319789));
#5950=CARTESIAN_POINT('Origin',(130.549999999837,-16.0999999998224,60.810786443545));
#5951=CARTESIAN_POINT('',(128.049999999837,-16.0999999998224,60.810786443545));
#5952=CARTESIAN_POINT('Origin',(126.100000000009,-16.0999999998224,52.5882768932336));
#5953=CARTESIAN_POINT('Origin',(126.100000000009,-16.0999999998224,52.5882768932336));
#5954=CARTESIAN_POINT('Origin',(126.100000000007,-37.3999999998797,49.7500000049448));
#5955=CARTESIAN_POINT('',(126.100000000007,-37.3999999998797,49.7500000049448));
#5956=CARTESIAN_POINT('Origin',(126.100000000009,-34.8999999998797,49.7500000049448));
#5957=CARTESIAN_POINT('',(123.600000000009,-34.8999999998797,49.7500000049448));
#5958=CARTESIAN_POINT('Origin',(123.600000000009,-16.0999999998224,49.7500000049448));
#5959=CARTESIAN_POINT('',(123.600000000009,-16.0999999998224,49.7500000049448));
#5960=CARTESIAN_POINT('Origin',(126.100000000009,-16.0999999998224,49.7500000049448));
#5961=CARTESIAN_POINT('Origin',(33.4500000001171,-16.0999999998224,53.6271062746372));
#5962=CARTESIAN_POINT('',(35.9500000001171,-16.0999999998224,57.5042125443295));
#5963=CARTESIAN_POINT('',(35.9500000001171,-16.0999999998224,53.6271062746372));
#5964=CARTESIAN_POINT('Origin',(33.4500000001171,-16.0999999998224,56.3424894319789));
#5965=CARTESIAN_POINT('Origin',(39.0434058655802,-16.0999999998224,51.6236502330524));
#5966=CARTESIAN_POINT('',(39.5120582104225,-16.0999999998224,54.4991061179509));
#5967=CARTESIAN_POINT('',(40.6554640758588,-16.0999999998224,53.5344794579371));
#5968=CARTESIAN_POINT('Origin',(37.9000000001439,-16.0999999998224,52.5882768930662));
#5969=CARTESIAN_POINT('Origin',(37.8999999998581,-36.1499999999035,52.5882768933074));
#5970=CARTESIAN_POINT('',(40.3999999998246,-16.0999999998224,52.5882768933356));
#5971=CARTESIAN_POINT('Origin',(37.8999999998246,-16.0999999998266,52.5882768933356));
#5972=CARTESIAN_POINT('',(39.5120582101346,-34.8999999998838,54.4991061181938));
#5973=CARTESIAN_POINT('',(39.5120582101366,-36.1499999999035,54.4991061181921));
#5974=CARTESIAN_POINT('',(40.4000000001439,-34.8999999998796,52.5882768933091));
#5975=CARTESIAN_POINT('Origin',(37.899999999856,-34.8999999998838,52.5882768933091));
#5976=CARTESIAN_POINT('',(40.3999999998581,-36.1499999998994,52.5882768933074));
#5977=CARTESIAN_POINT('Origin',(37.9000000001439,-16.0999999998224,52.5882768930662));
#5978=CARTESIAN_POINT('Origin',(37.9000000001439,-16.0999999998224,52.5882768930662));
#5979=CARTESIAN_POINT('Origin',(33.4500000001171,-34.8999999998836,53.6271062746372));
#5980=CARTESIAN_POINT('',(35.9500000001171,-34.8999999998836,57.5042125443295));
#5981=CARTESIAN_POINT('',(35.9500000001171,-34.8999999998836,53.6271062746372));
#5982=CARTESIAN_POINT('Origin',(33.4500000001171,-34.8999999998836,56.3424894319789));
#5983=CARTESIAN_POINT('Origin',(36.5897535500384,-34.8999999998808,53.6936574890263));
#5984=CARTESIAN_POINT('Origin',(37.9000000001439,-34.8999999998796,52.5882768930662));
#5985=CARTESIAN_POINT('',(38.201811760317,-34.8999999998808,55.604486713911));
#5986=CARTESIAN_POINT('Origin',(37.900000000144,-34.8999999998796,52.5882768933091));
#5987=CARTESIAN_POINT('Origin',(37.900000000144,-34.8999999998796,52.5882768933091));
#5988=CARTESIAN_POINT('Origin',(37.9000000001439,-16.0999999998224,49.7500000049448));
#5989=CARTESIAN_POINT('',(40.3999999998246,-16.0999999998224,49.7500000049448));
#5990=CARTESIAN_POINT('Origin',(40.399999999856,-34.8999999998796,49.7500000049448));
#5991=CARTESIAN_POINT('',(40.4000000001439,-34.8999999998796,49.7500000049448));
#5992=CARTESIAN_POINT('Origin',(37.900000000144,-34.8999999998796,49.7500000049448));
#5993=CARTESIAN_POINT('Origin',(129.000000000084,-31.199999999882,46.7500000049448));
#5994=CARTESIAN_POINT('',(130.000000000084,-31.199999999882,45.7500000049448));
#5995=CARTESIAN_POINT('Origin',(129.000000000084,-31.199999999882,45.7500000049448));
#5996=CARTESIAN_POINT('',(132.000000000084,-31.199999999882,47.7500000049448));
#5997=CARTESIAN_POINT('',(131.000000000084,-31.199999999882,46.7500000049448));
#5998=CARTESIAN_POINT('Origin',(129.000000000084,-31.199999999882,47.7500000049448));
#5999=CARTESIAN_POINT('Origin',(129.000000000084,-31.199999999882,49.7500000049448));
#6000=CARTESIAN_POINT('',(132.000000000084,-31.199999999882,49.7500000049448));
#6001=CARTESIAN_POINT('Origin',(129.000000000084,-31.199999999882,45.7500000049448));
#6002=CARTESIAN_POINT('Origin',(34.9999999999155,-31.1999999998819,46.7500000049448));
#6003=CARTESIAN_POINT('',(35.9999999999155,-31.1999999998819,45.7500000049448));
#6004=CARTESIAN_POINT('Origin',(34.9999999999155,-31.1999999998819,45.7500000049448));
#6005=CARTESIAN_POINT('',(37.9999999999155,-31.1999999998819,47.7500000049448));
#6006=CARTESIAN_POINT('',(36.9999999999155,-31.1999999998819,46.7500000049448));
#6007=CARTESIAN_POINT('Origin',(34.9999999999155,-31.1999999998819,47.7500000049448));
#6008=CARTESIAN_POINT('Origin',(34.9999999999155,-31.1999999998819,49.7500000049448));
#6009=CARTESIAN_POINT('',(37.9999999999155,-31.1999999998819,49.7500000049448));
#6010=CARTESIAN_POINT('Origin',(34.9999999999155,-31.1999999998819,45.7500000049448));
#6011=CARTESIAN_POINT('Origin',(34.999999999917,-19.7999999998626,49.7500000049448));
#6012=CARTESIAN_POINT('',(38.149999999917,-19.7999999998626,51.4500000049448));
#6013=CARTESIAN_POINT('',(38.149999999917,-19.7999999998626,49.7500000049448));
#6014=CARTESIAN_POINT('Origin',(34.999999999917,-19.7999999998626,51.4500000049448));
#6015=CARTESIAN_POINT('Origin',(34.999999999917,-19.7999999998626,51.4500000049448));
#6016=CARTESIAN_POINT('Origin',(129.00000000009,-19.7999999998626,49.7500000049448));
#6017=CARTESIAN_POINT('',(132.15000000009,-19.7999999998626,51.4500000049448));
#6018=CARTESIAN_POINT('',(132.15000000009,-19.7999999998626,49.7500000049448));
#6019=CARTESIAN_POINT('Origin',(129.00000000009,-19.7999999998626,51.4500000049448));
#6020=CARTESIAN_POINT('Origin',(129.00000000009,-19.7999999998626,51.4500000049448));
#6021=CARTESIAN_POINT('Origin',(128.049999999837,-37.3999999999168,57.5042125443295));
#6022=CARTESIAN_POINT('',(128.049999999837,-37.3999999999168,57.5042125443295));
#6023=CARTESIAN_POINT('Origin',(128.049999999837,-37.3999999999168,71.8715728821451));
#6024=CARTESIAN_POINT('Origin',(40.4000000001444,-37.3999999999168,53.7500000054165));
#6025=CARTESIAN_POINT('',(35.9500000001171,-37.3999999999168,57.5042125443295));
#6026=CARTESIAN_POINT('Origin',(35.9500000001171,-37.3999999999168,57.5042125443295));
#6027=CARTESIAN_POINT('Origin',(31.5000000000635,-11.5381489732788,77.7500000067587));
#6028=CARTESIAN_POINT('',(31.5000000000632,-11.2819838973758,67.2486025623523));
#6029=CARTESIAN_POINT('',(31.5000000000632,-11.2819838973758,77.7500000067587));
#6030=CARTESIAN_POINT('',(31.5000000000564,-4.48525371922673,64.8884371911746));
#6031=CARTESIAN_POINT('Origin',(68.3333333333973,50.8079130210014,77.7500000067588));
#6032=CARTESIAN_POINT('',(68.3333333333938,52.8079130210014,77.7500000067588));
#6033=CARTESIAN_POINT('',(70.3333333333973,50.8079130210023,77.7500000067588));
#6034=CARTESIAN_POINT('Origin',(64.6666666667119,52.8079130209949,77.7500000067588));
#6035=CARTESIAN_POINT('Origin',(95.6666666667604,50.8079130210333,77.7500000067587));
#6036=CARTESIAN_POINT('',(93.6666666667604,50.8079130210334,77.7500000067587));
#6037=CARTESIAN_POINT('Origin',(93.6666666667579,-2.01479240180647,77.7500000067587));
#6038=CARTESIAN_POINT('',(93.666666666758,0.413976043243486,77.7500000067587));
#6039=CARTESIAN_POINT('Origin',(85.6666666667612,50.8079130210437,77.7500000067587));
#6040=CARTESIAN_POINT('',(85.666666666757,52.8079130210437,77.7500000067587));
#6041=CARTESIAN_POINT('',(87.6666666667612,50.8079130210432,77.7500000067587));
#6042=CARTESIAN_POINT('Origin',(76.3333333334399,52.8079130210241,77.7500000067587));
#6043=CARTESIAN_POINT('',(78.3333333334352,52.8079130210283,77.7500000067587));
#6044=CARTESIAN_POINT('Origin',(78.3333333334394,50.8079130210283,77.7500000067587));
#6045=CARTESIAN_POINT('',(76.3333333334394,50.8079130210288,77.7500000067587));
#6046=CARTESIAN_POINT('Origin',(76.3333333334268,-2.01479240177366,77.7500000067587));
#6047=CARTESIAN_POINT('',(76.3333333334272,-0.0147924017765912,77.7500000067587));
#6048=CARTESIAN_POINT('Origin',(78.3333333334272,-0.0147924017770688,77.7500000067587));
#6049=CARTESIAN_POINT('',(78.3333333334238,-2.01479240177707,77.7500000067587));
#6050=CARTESIAN_POINT('Origin',(87.6666666667489,-2.01479240179299,77.7500000067587));
#6051=CARTESIAN_POINT('',(85.666666666746,-2.01479240178958,77.7500000067587));
#6052=CARTESIAN_POINT('Origin',(85.6666666667494,-0.0147924017895739,77.7500000067587));
#6053=CARTESIAN_POINT('',(87.6666666667494,-0.0147924017900392,77.7500000067587));
#6054=CARTESIAN_POINT('Origin',(87.6666666667617,52.8079130210478,77.7500000067587));
#6055=CARTESIAN_POINT('Origin',(68.9333333334203,0.412080925653151,77.7500000067587));
#6056=CARTESIAN_POINT('',(70.3333333334203,0.412080925653789,77.7500000067587));
#6057=CARTESIAN_POINT('Origin',(70.3333333333964,52.807913021005,77.7500000067588));
#6058=CARTESIAN_POINT('Origin',(95.066666666758,0.41397604324342,77.7500000067587));
#6059=CARTESIAN_POINT('',(95.7683515443543,-0.797485195324552,77.7500000067587));
#6060=CARTESIAN_POINT('Origin',(105.000000000075,4.54953533693907,77.7500000067587));
#6061=CARTESIAN_POINT('Origin',(28.5000000000132,43.1628314258809,49.7500000040104));
#6062=CARTESIAN_POINT('',(25.5000000000132,43.1628314258781,53.4215728819076));
#6063=CARTESIAN_POINT('',(27.0000000000072,45.7609076372307,54.9215728819019));
#6064=CARTESIAN_POINT('Origin',(28.5000000000132,43.1628314258809,56.4215728819047));
#6065=CARTESIAN_POINT('',(25.5000000000132,43.1628314258781,49.7500000040104));
#6066=CARTESIAN_POINT('',(27.0000000000072,45.7609076372307,49.7500000040104));
#6067=CARTESIAN_POINT('Origin',(48.414213562496,68.8549184048888,76.3357864443849));
#6068=CARTESIAN_POINT('',(25.6297277398698,11.2580505781729,53.5513006217432));
#6069=CARTESIAN_POINT('',(48.4142135625244,11.2580505781729,76.3357864443754));
#6070=CARTESIAN_POINT('',(25.5000000000417,11.7561650775614,53.4215728819155));
#6071=CARTESIAN_POINT('',(21.0175572025701,28.9673625674641,48.9391300844596));
#6072=CARTESIAN_POINT('',(25.499999999996,62.071052741853,53.4215728819029));
#6073=CARTESIAN_POINT('',(32.0000000000241,48.6476589832041,59.9215728819158));
#6074=CARTESIAN_POINT('',(37.4978973392679,51.8218714920104,65.4194702211563));
#6075=CARTESIAN_POINT('',(33.5000000000181,51.2457351945566,61.42157288191));
#6076=CARTESIAN_POINT('Origin',(30.5000000000181,51.2457351945539,58.4215728819129));
#6077=CARTESIAN_POINT('',(33.5000000000108,59.1843013959325,61.421572881908));
#6078=CARTESIAN_POINT('Origin',(25.5000000000116,44.8948822334442,49.7500000067587));
#6079=CARTESIAN_POINT('',(32.0000000000241,48.6476589832041,49.7500000067587));
#6080=CARTESIAN_POINT('Origin',(30.5000000000181,51.2457351945539,49.7500000067587));
#6081=CARTESIAN_POINT('',(33.5000000000181,51.2457351945566,49.7500000067587));
#6082=CARTESIAN_POINT('Origin',(33.5000000000196,49.5136843869906,49.7500000067587));
#6083=CARTESIAN_POINT('Origin',(127.499999999994,57.0192378864583,49.7500000040104));
#6084=CARTESIAN_POINT('',(128.999999999997,59.6173140978094,62.9215728820797));
#6085=CARTESIAN_POINT('Origin',(127.499999999994,57.0192378864583,64.4215728820705));
#6086=CARTESIAN_POINT('',(128.999999999997,59.6173140978094,49.7500000040104));
#6087=CARTESIAN_POINT('Origin',(115.585786437452,11.500000001552,76.3357864443856));
#6088=CARTESIAN_POINT('',(131.999999999982,48.6476589832041,59.9215728820401));
#6089=CARTESIAN_POINT('',(130.499999999988,51.2457351945567,61.421572882047));
#6090=CARTESIAN_POINT('Origin',(133.499999999989,51.245735194554,58.421572882047));
#6091=CARTESIAN_POINT('',(137.000000000147,45.7609076371453,54.9215728818609));
#6092=CARTESIAN_POINT('',(131.312219284983,49.0447493641545,60.6093535970414));
#6093=CARTESIAN_POINT('',(138.500000000141,43.1628314257886,53.4215728818539));
#6094=CARTESIAN_POINT('Origin',(135.500000000141,43.1628314257955,56.4215728818539));
#6095=CARTESIAN_POINT('',(138.500000000069,11.7561650774527,53.4215728817703));
#6096=CARTESIAN_POINT('',(138.500000000001,-17.2747913850496,53.421572881693));
#6097=CARTESIAN_POINT('',(138.370272259428,11.2580505749495,53.5513006224079));
#6098=CARTESIAN_POINT('',(133.585075550622,-7.11562853351638,58.3364973311231));
#6099=CARTESIAN_POINT('',(117.585786437503,11.2580505749495,74.3357864443336));
#6100=CARTESIAN_POINT('',(124.208754408099,62.3835410300549,67.712818473992));
#6101=CARTESIAN_POINT('',(118.303764321177,61.8452387772605,73.6178085609114));
#6102=CARTESIAN_POINT('',(135.026505000505,56.1379098134823,56.8950678815551));
#6103=CARTESIAN_POINT('',(130.499999999974,35.1256443477817,61.4215728819813));
#6104=CARTESIAN_POINT('Origin',(130.499999999995,58.7512886940117,49.7500000067587));
#6105=CARTESIAN_POINT('',(130.499999999988,51.2457351945567,49.7500000067587));
#6106=CARTESIAN_POINT('Origin',(133.499999999989,51.245735194554,49.7500000067587));
#6107=CARTESIAN_POINT('',(131.999999999982,48.6476589832041,49.7500000067587));
#6108=CARTESIAN_POINT('Origin',(130.499999999987,49.5136843869906,49.7500000067587));
#6109=CARTESIAN_POINT('',(137.000000000147,45.7609076371453,49.7500000063059));
#6110=CARTESIAN_POINT('Origin',(135.500000000141,43.1628314257955,49.7500000063059));
#6111=CARTESIAN_POINT('',(138.500000000141,43.1628314257886,49.7500000063059));
#6112=CARTESIAN_POINT('Origin',(138.499999999935,-46.0495827716493,49.7500000058531));
#6113=CARTESIAN_POINT('',(138.500000000069,11.7561650774527,63.7500000063059));
#6114=CARTESIAN_POINT('Origin',(47.0000000001236,68.8549184048879,77.7500000067587));
#6115=CARTESIAN_POINT('',(25.9999999999948,56.7305627518186,56.7500000066425));
#6116=CARTESIAN_POINT('',(45.1831474705349,67.8059581078979,75.9331474771711));
#6117=CARTESIAN_POINT('',(23.5000000000048,52.4004357328975,54.2500000066521));
#6118=CARTESIAN_POINT('Origin',(28.5000000000048,52.4004357329021,59.2500000066472));
#6119=CARTESIAN_POINT('',(23.5000000000419,11.5000000016102,54.2500000066623));
#6120=CARTESIAN_POINT('',(23.499999999996,62.0710527418514,54.2500000066496));
#6121=CARTESIAN_POINT('',(47.0000000001613,11.5000000016102,77.7500000067587));
#6122=CARTESIAN_POINT('Origin',(62.9807621135539,72.3079130211288,49.7500000002645));
#6123=CARTESIAN_POINT('',(62.9807621135669,77.3079130211288,49.7500000002645));
#6124=CARTESIAN_POINT('',(60.480762113544,76.6380400400453,49.7500000002645));
#6125=CARTESIAN_POINT('Origin',(61.6410161513982,77.3079130211323,49.7500000002645));
#6126=CARTESIAN_POINT('',(25.9999999999948,56.7305627518186,49.7500000007633));
#6127=CARTESIAN_POINT('Origin',(101.019237886589,72.30791302103,49.7500000007633));
#6128=CARTESIAN_POINT('',(101.019237886602,77.30791302103,49.7500000007633));
#6129=CARTESIAN_POINT('Origin',(135.500000000163,52.4004357328282,49.7500000035576));
#6130=CARTESIAN_POINT('',(140.500000000163,52.4004357328166,49.7500000035576));
#6131=CARTESIAN_POINT('Origin',(28.5000000000048,52.4004357329021,49.7500000007633));
#6132=CARTESIAN_POINT('',(23.5000000000048,52.4004357328975,49.7500000007633));
#6133=CARTESIAN_POINT('Origin',(127.937539383675,59.3647006168636,73.0000000038799));
#6134=CARTESIAN_POINT('Origin',(108.571764718424,67.77425454069,49.7500000067587));
#6135=CARTESIAN_POINT('',(111.721764718424,67.77425454069,51.5000000067587));
#6136=CARTESIAN_POINT('',(111.721764718424,67.77425454069,49.7500000067587));
#6137=CARTESIAN_POINT('Origin',(108.571764718424,67.77425454069,51.5000000067587));
#6138=CARTESIAN_POINT('Origin',(108.571764718424,67.77425454069,51.5000000067587));
#6139=CARTESIAN_POINT('Origin',(55.4282352815481,67.7742545408281,49.7500000067587));
#6140=CARTESIAN_POINT('',(58.5782352815481,67.7742545408281,51.5000000067587));
#6141=CARTESIAN_POINT('',(58.5782352815481,67.7742545408281,49.7500000067587));
#6142=CARTESIAN_POINT('Origin',(55.4282352815481,67.7742545408281,51.5000000067587));
#6143=CARTESIAN_POINT('Origin',(55.4282352815481,67.7742545408281,51.5000000067587));
#6144=CARTESIAN_POINT('Origin',(63.248711305985,71.3079130211281,49.7500000002645));
#6145=CARTESIAN_POINT('',(61.2487113059771,74.7720146362613,49.7500000002645));
#6146=CARTESIAN_POINT('',(63.2487113059954,75.3079130211281,49.7500000002645));
#6147=CARTESIAN_POINT('Origin',(102.358983848749,75.3079130210265,49.7500000002645));
#6148=CARTESIAN_POINT('',(100.751288694166,75.3079130210307,49.7500000007633));
#6149=CARTESIAN_POINT('Origin',(100.751288694156,71.3079130210307,49.7500000007633));
#6150=CARTESIAN_POINT('Origin',(62.6410161514022,75.5758622135658,49.7500000002645));
#6151=CARTESIAN_POINT('Origin',(48.4365057222431,69.6842853703019,49.7500000067587));
#6152=CARTESIAN_POINT('Origin',(127.07211309806,57.8657383199779,71.9979274632514));
#6153=CARTESIAN_POINT('',(133.906269691921,56.7846779704508,67.712818473992));
#6154=CARTESIAN_POINT('Origin',(139.500000000167,53.5551362712002,49.7500000012621));
#6155=CARTESIAN_POINT('Origin',(106.730035159175,74.7842853701937,49.7500000067587));
#6156=CARTESIAN_POINT('Origin',(23.5000000000942,-46.049582771676,49.7500000058531));
#6157=CARTESIAN_POINT('',(29.5000000001013,-49.5136843868374,63.7500000063059));
#6158=CARTESIAN_POINT('',(32.1000000001036,-51.0147950867402,67.1730447446322));
#6159=CARTESIAN_POINT('',(32.1000000001034,-51.0147950867401,49.7500000060964));
#6160=CARTESIAN_POINT('',(40.0769552621892,-55.6202923546449,75.1500000067257));
#6161=CARTESIAN_POINT('',(27.768005572617,-48.5137169378888,62.8410503171414));
#6162=CARTESIAN_POINT('',(34.0440097523014,-52.1371696404852,75.150000006721));
#6163=CARTESIAN_POINT('Origin',(123.92304473768,-66.0381489731883,75.1500000067898));
#6164=CARTESIAN_POINT('',(131.899999999826,-51.0147950867807,67.1730447447482));
#6165=CARTESIAN_POINT('',(131.899999999826,-66.0381489731883,67.1730447447482));
#6166=CARTESIAN_POINT('',(123.92304473768,-55.6202923547187,75.1500000067898));
#6167=CARTESIAN_POINT('',(122.921524391447,-56.1985203962185,76.1515203530102));
#6168=CARTESIAN_POINT('',(123.92304473768,-66.0381489731883,75.1500000067898));
#6169=CARTESIAN_POINT('Origin',(40.0769552621892,-66.0381489731883,75.1500000067257));
#6170=CARTESIAN_POINT('',(81.2031005786989,-80.2846636148043,75.1500000067572));
#6171=CARTESIAN_POINT('',(40.0769552621892,-66.0381489731883,75.1500000067257));
#6172=CARTESIAN_POINT('Origin',(32.1000000001036,-66.0381489731883,67.1730447446322));
#6173=CARTESIAN_POINT('',(32.1000000001036,-66.0381489731883,67.1730447446322));
#6174=CARTESIAN_POINT('Origin',(32.1000000001034,-66.0381489731883,49.7500000063396));
#6175=CARTESIAN_POINT('Origin',(131.899999999826,-66.0381489731883,67.1730447447482));
#6176=CARTESIAN_POINT('',(131.899999999829,-51.0147950867788,58.4615223757619));
#6177=CARTESIAN_POINT('Origin',(105.878787768483,-66.038148973267,49.7500000067587));
#6178=CARTESIAN_POINT('Origin',(25.435438592632,12.0040609645497,77.7500000067587));
#6179=CARTESIAN_POINT('',(25.5000000000417,11.7561650775614,63.7500000040104));
#6180=CARTESIAN_POINT('',(28.7048594999993,-0.549506689688857,60.726608062128));
#6181=CARTESIAN_POINT('Origin',(31.5000000000635,-11.5381489732788,77.7500000067587));
#6182=CARTESIAN_POINT('Origin',(132.564561407426,-11.0340880104742,77.7500000067587));
#6183=CARTESIAN_POINT('',(132.500000000016,-11.2819838974619,67.248602562293));
#6184=CARTESIAN_POINT('',(132.500000000016,-11.2819838974619,77.7500000067587));
#6185=CARTESIAN_POINT('',(131.167298074725,-16.3991481464187,70.3582403882572));
#6186=CARTESIAN_POINT('Origin',(132.4999999999,-49.5136843869372,77.7500000067587));
#6187=CARTESIAN_POINT('',(132.499999999954,-31.7093431730138,74.3420055267168));
#6188=CARTESIAN_POINT('Origin',(25.5000000000022,55.2871870788429,49.7500000012621));
#6189=CARTESIAN_POINT('Origin',(48.3734169224656,11.0230808102869,76.376583084453));
#6190=CARTESIAN_POINT('Origin',(123.626583077737,-12.0150681645786,76.376583084465));
#6191=CARTESIAN_POINT('Origin',(23.5000000000419,11.5000000016566,77.7500000067587));
#6192=CARTESIAN_POINT('',(29.5000000000635,-11.5381489732808,77.7500000067587));
#6193=CARTESIAN_POINT('',(26.6425502146956,-0.566423332702112,61.5826171742559));
#6194=CARTESIAN_POINT('',(23.5000000000419,11.5000000016565,63.7500000040104));
#6195=CARTESIAN_POINT('Origin',(29.5000000000635,-11.5381489732808,77.7500000067587));
#6196=CARTESIAN_POINT('Origin',(134.500000000015,-11.5381489733703,77.7500000067587));
#6197=CARTESIAN_POINT('',(140.500000000068,11.500000001545,63.7500000063059));
#6198=CARTESIAN_POINT('',(133.22960736004,-16.4160647893932,71.2142495003851));
#6199=CARTESIAN_POINT('Origin',(23.5000000000021,55.287187078841,49.7500000012621));
#6200=CARTESIAN_POINT('Origin',(47.0000000001613,11.5000000016102,77.7500000067587));
#6201=CARTESIAN_POINT('Origin',(125.000000000031,-11.5381489731899,77.7500000067587));
#6202=CARTESIAN_POINT('Origin',(102.358983848755,77.3079130210265,49.7500000002645));
#6203=CARTESIAN_POINT('Origin',(140.499999999934,-46.0495827716539,49.7500000058531));
#6204=UNCERTAINTY_MEASURE_WITH_UNIT(LENGTH_MEASURE(0.01),#6208,
'DISTANCE_ACCURACY_VALUE',
'Maximum model space distance between geometric entities at asserted c
onnectivities');
#6205=UNCERTAINTY_MEASURE_WITH_UNIT(LENGTH_MEASURE(0.01),#6208,
'DISTANCE_ACCURACY_VALUE',
'Maximum model space distance between geometric entities at asserted c
onnectivities');
#6206=(
GEOMETRIC_REPRESENTATION_CONTEXT(3)
GLOBAL_UNCERTAINTY_ASSIGNED_CONTEXT((#6204))
GLOBAL_UNIT_ASSIGNED_CONTEXT((#6208,#6210,#6211))
REPRESENTATION_CONTEXT('','3D')
);
#6207=(
GEOMETRIC_REPRESENTATION_CONTEXT(3)
GLOBAL_UNCERTAINTY_ASSIGNED_CONTEXT((#6205))
GLOBAL_UNIT_ASSIGNED_CONTEXT((#6208,#6210,#6211))
REPRESENTATION_CONTEXT('','3D')
);
#6208=(
LENGTH_UNIT()
NAMED_UNIT(*)
SI_UNIT(.MILLI.,.METRE.)
);
#6209=(
LENGTH_UNIT()
NAMED_UNIT(*)
SI_UNIT($,.METRE.)
);
#6210=(
NAMED_UNIT(*)
PLANE_ANGLE_UNIT()
SI_UNIT($,.RADIAN.)
);
#6211=(
NAMED_UNIT(*)
SI_UNIT($,.STERADIAN.)
SOLID_ANGLE_UNIT()
);
#6212=SHAPE_DEFINITION_REPRESENTATION(#6213,#6214);
#6213=PRODUCT_DEFINITION_SHAPE('',$,#6216);
#6214=SHAPE_REPRESENTATION('',(#3704),#6206);
#6215=PRODUCT_DEFINITION_CONTEXT('part definition',#6220,'design');
#6216=PRODUCT_DEFINITION('(Unsaved)','(Unsaved)',#6217,#6215);
#6217=PRODUCT_DEFINITION_FORMATION('',$,#6222);
#6218=PRODUCT_RELATED_PRODUCT_CATEGORY('(Unsaved)','(Unsaved)',(#6222));
#6219=APPLICATION_PROTOCOL_DEFINITION('international standard',
'automotive_design',2009,#6220);
#6220=APPLICATION_CONTEXT(
'Core Data for Automotive Mechanical Design Process');
#6221=PRODUCT_CONTEXT('part definition',#6220,'mechanical');
#6222=PRODUCT('(Unsaved)','(Unsaved)',$,(#6221));
#6223=PRESENTATION_STYLE_ASSIGNMENT((#6224));
#6224=SURFACE_STYLE_USAGE(.BOTH.,#6225);
#6225=SURFACE_SIDE_STYLE('',(#6226));
#6226=SURFACE_STYLE_FILL_AREA(#6227);
#6227=FILL_AREA_STYLE('Steel - Satin',(#6228));
#6228=FILL_AREA_STYLE_COLOUR('Steel - Satin',#6229);
#6229=COLOUR_RGB('Steel - Satin',0.627450980392157,0.627450980392157,0.627450980392157);
ENDSEC;
END-ISO-10303-21;
