ISO-10303-21;
HEADER;
/* Generated by software containing ST-Developer
 * from STEP Tools, Inc. (www.steptools.com) 
 */

FILE_DESCRIPTION(
/* description */ (''),
/* implementation_level */ '2;1');

FILE_NAME(
/* name */ 'switch-frame-x6.step',
/* time_stamp */ '2026-09-30T23:19:32+03:00',
/* author */ (''),
/* organization */ (''),
/* preprocessor_version */ 'ST-DEVELOPER v20.1',
/* originating_system */ 'Autodesk Translation Framework v15.8.0.0',
/* authorisation */ '');

FILE_SCHEMA (('AUTOMOTIVE_DESIGN { 1 0 10303 214 3 1 1 }'));
ENDSEC;

DATA;
#10=MECHANICAL_DESIGN_GEOMETRIC_PRESENTATION_REPRESENTATION('',(#13),#2481);
#11=SHAPE_REPRESENTATION_RELATIONSHIP('SRR','None',#2488,#12);
#12=ADVANCED_BREP_SHAPE_REPRESENTATION('',(#14),#2480);
#13=STYLED_ITEM('',(#2497),#14);
#14=MANIFOLD_SOLID_BREP('switch-frame-x6',#1474);
#15=(
BOUNDED_SURFACE()
B_SPLINE_SURFACE(2,2,((#2394,#2395,#2396),(#2397,#2398,#2399),(#2400,#2401,
#2402)),.UNSPECIFIED.,.F.,.F.,.F.)
B_SPLINE_SURFACE_WITH_KNOTS((3,3),(3,3),(-5.79996836688171E-12,0.785398163403802),
(-1.5707963267963,-0.78539816339744),.UNSPECIFIED.)
GEOMETRIC_REPRESENTATION_ITEM()
RATIONAL_B_SPLINE_SURFACE(((1.,0.923879532511017,1.),(0.923879532508969,
0.853553390590883,0.923879532508969),(1.,0.923879532511017,1.)))
REPRESENTATION_ITEM('')
SURFACE()
);
#16=(
BOUNDED_SURFACE()
B_SPLINE_SURFACE(2,2,((#2410,#2411,#2412),(#2413,#2414,#2415),(#2416,#2417,
#2418)),.UNSPECIFIED.,.F.,.F.,.F.)
B_SPLINE_SURFACE_WITH_KNOTS((3,3),(3,3),(-2.74544052694387E-16,0.785398163464333),
(-2.35619449019334,-1.5707963267949),.UNSPECIFIED.)
GEOMETRIC_REPRESENTATION_ITEM()
RATIONAL_B_SPLINE_SURFACE(((1.,0.923879532511096,1.),(0.923879532498483,
0.853553390581269,0.923879532498483),(1.,0.923879532511096,1.)))
REPRESENTATION_ITEM('')
SURFACE()
);
#17=(
BOUNDED_CURVE()
B_SPLINE_CURVE(2,(#2340,#2341,#2342),.UNSPECIFIED.,.F.,.F.)
B_SPLINE_CURVE_WITH_KNOTS((3,3),(0.,0.143565095098899),.UNSPECIFIED.)
CURVE()
GEOMETRIC_REPRESENTATION_ITEM()
RATIONAL_B_SPLINE_CURVE((1.,1.0266714852172,1.))
REPRESENTATION_ITEM('')
);
#18=(
BOUNDED_CURVE()
B_SPLINE_CURVE(2,(#2373,#2374,#2375),.UNSPECIFIED.,.F.,.F.)
B_SPLINE_CURVE_WITH_KNOTS((3,3),(0.,0.143565095103254),.UNSPECIFIED.)
CURVE()
GEOMETRIC_REPRESENTATION_ITEM()
RATIONAL_B_SPLINE_CURVE((1.,1.02667148519886,1.))
REPRESENTATION_ITEM('')
);
#19=ELLIPSE('',#1510,2.8284271247462,2.);
#20=ELLIPSE('',#1515,2.82842712474621,2.);
#21=ELLIPSE('',#1534,8.5440037458769,3.);
#22=ELLIPSE('',#1537,8.54400374530354,3.);
#23=ELLIPSE('',#1571,12.0830459743858,3.);
#24=ELLIPSE('',#1574,4.24264068711933,3.);
#25=ELLIPSE('',#1579,4.24264068711933,3.);
#26=ELLIPSE('',#1581,12.0830459735749,3.);
#27=CYLINDRICAL_SURFACE('',#1509,2.);
#28=CYLINDRICAL_SURFACE('',#1514,2.);
#29=CYLINDRICAL_SURFACE('',#1532,3.);
#30=CYLINDRICAL_SURFACE('',#1536,3.);
#31=CYLINDRICAL_SURFACE('',#1550,1.15);
#32=CYLINDRICAL_SURFACE('',#1553,1.6);
#33=CYLINDRICAL_SURFACE('',#1556,1.6);
#34=CYLINDRICAL_SURFACE('',#1573,3.);
#35=CYLINDRICAL_SURFACE('',#1582,3.);
#36=CYLINDRICAL_SURFACE('',#1588,3.);
#37=CYLINDRICAL_SURFACE('',#1592,4.);
#38=CYLINDRICAL_SURFACE('',#1597,3.);
#39=CYLINDRICAL_SURFACE('',#1608,3.14999999999995);
#40=CYLINDRICAL_SURFACE('',#1610,3.14999999999997);
#41=CYLINDRICAL_SURFACE('',#1614,3.15000000000003);
#42=CYLINDRICAL_SURFACE('',#1616,3.1499999999999);
#43=FACE_BOUND('',#193,.T.);
#44=FACE_BOUND('',#198,.T.);
#45=FACE_BOUND('',#199,.T.);
#46=FACE_BOUND('',#226,.T.);
#47=FACE_BOUND('',#244,.T.);
#48=FACE_BOUND('',#271,.T.);
#49=CIRCLE('',#1491,2.);
#50=CIRCLE('',#1492,0.999999999999998);
#51=CIRCLE('',#1495,2.);
#52=CIRCLE('',#1496,0.999999999999998);
#53=CIRCLE('',#1500,2.);
#54=CIRCLE('',#1501,2.);
#55=CIRCLE('',#1502,3.1499999999999);
#56=CIRCLE('',#1503,3.15000000000003);
#57=CIRCLE('',#1504,3.14999999999997);
#58=CIRCLE('',#1505,3.14999999999995);
#59=CIRCLE('',#1508,0.999999999994299);
#60=CIRCLE('',#1512,1.6);
#61=CIRCLE('',#1513,1.6);
#62=CIRCLE('',#1518,1.00000000000574);
#63=CIRCLE('',#1523,3.);
#64=CIRCLE('',#1524,2.0000000000019);
#65=CIRCLE('',#1527,3.);
#66=CIRCLE('',#1528,1.99999999999809);
#67=CIRCLE('',#1533,3.);
#68=CIRCLE('',#1538,3.);
#69=CIRCLE('',#1548,2.35);
#70=CIRCLE('',#1549,1.15);
#71=CIRCLE('',#1551,1.15);
#72=CIRCLE('',#1554,1.6);
#73=CIRCLE('',#1557,1.6);
#74=CIRCLE('',#1561,3.);
#75=CIRCLE('',#1564,3.);
#76=CIRCLE('',#1575,3.00000000000001);
#77=CIRCLE('',#1577,1.9999999999981);
#78=CIRCLE('',#1578,2.00000000000191);
#79=CIRCLE('',#1583,3.00000000000001);
#80=CIRCLE('',#1589,3.00000000000001);
#81=CIRCLE('',#1590,4.);
#82=CIRCLE('',#1591,3.12132034355382);
#83=CIRCLE('',#1593,4.);
#84=CIRCLE('',#1595,2.99999999999999);
#85=CIRCLE('',#1596,3.1213203435655);
#86=CIRCLE('',#1603,3.14999999999995);
#87=CIRCLE('',#1604,3.14999999999997);
#88=CIRCLE('',#1605,3.15000000000003);
#89=CIRCLE('',#1606,3.1499999999999);
#90=CONICAL_SURFACE('',#1490,1.5,0.78539816339745);
#91=CONICAL_SURFACE('',#1494,1.5,0.785398163397446);
#92=CONICAL_SURFACE('',#1522,2.50000000000095,0.785398163418593);
#93=CONICAL_SURFACE('',#1526,2.49999999999905,0.785398163454039);
#94=CONICAL_SURFACE('',#1547,1.75,0.785398163397452);
#95=CONICAL_SURFACE('',#1560,2.5,0.785398163397447);
#96=CONICAL_SURFACE('',#1563,2.5,0.785398163397449);
#97=CONICAL_SURFACE('',#1585,2.50000000000096,0.785398163340813);
#98=CONICAL_SURFACE('',#1587,2.49999999999905,0.785398163376259);
#99=CONICAL_SURFACE('',#1599,2.50000000000287,0.785398163400198);
#100=CONICAL_SURFACE('',#1601,2.49999999999715,0.785398163394693);
#101=FACE_OUTER_BOUND('',#185,.T.);
#102=FACE_OUTER_BOUND('',#186,.T.);
#103=FACE_OUTER_BOUND('',#187,.T.);
#104=FACE_OUTER_BOUND('',#188,.T.);
#105=FACE_OUTER_BOUND('',#189,.T.);
#106=FACE_OUTER_BOUND('',#190,.T.);
#107=FACE_OUTER_BOUND('',#191,.T.);
#108=FACE_OUTER_BOUND('',#192,.T.);
#109=FACE_OUTER_BOUND('',#194,.T.);
#110=FACE_OUTER_BOUND('',#195,.T.);
#111=FACE_OUTER_BOUND('',#196,.T.);
#112=FACE_OUTER_BOUND('',#197,.T.);
#113=FACE_OUTER_BOUND('',#200,.T.);
#114=FACE_OUTER_BOUND('',#201,.T.);
#115=FACE_OUTER_BOUND('',#202,.T.);
#116=FACE_OUTER_BOUND('',#203,.T.);
#117=FACE_OUTER_BOUND('',#204,.T.);
#118=FACE_OUTER_BOUND('',#205,.T.);
#119=FACE_OUTER_BOUND('',#206,.T.);
#120=FACE_OUTER_BOUND('',#207,.T.);
#121=FACE_OUTER_BOUND('',#208,.T.);
#122=FACE_OUTER_BOUND('',#209,.T.);
#123=FACE_OUTER_BOUND('',#210,.T.);
#124=FACE_OUTER_BOUND('',#211,.T.);
#125=FACE_OUTER_BOUND('',#212,.T.);
#126=FACE_OUTER_BOUND('',#213,.T.);
#127=FACE_OUTER_BOUND('',#214,.T.);
#128=FACE_OUTER_BOUND('',#215,.T.);
#129=FACE_OUTER_BOUND('',#216,.T.);
#130=FACE_OUTER_BOUND('',#217,.T.);
#131=FACE_OUTER_BOUND('',#218,.T.);
#132=FACE_OUTER_BOUND('',#219,.T.);
#133=FACE_OUTER_BOUND('',#220,.T.);
#134=FACE_OUTER_BOUND('',#221,.T.);
#135=FACE_OUTER_BOUND('',#222,.T.);
#136=FACE_OUTER_BOUND('',#223,.T.);
#137=FACE_OUTER_BOUND('',#224,.T.);
#138=FACE_OUTER_BOUND('',#225,.T.);
#139=FACE_OUTER_BOUND('',#227,.T.);
#140=FACE_OUTER_BOUND('',#228,.T.);
#141=FACE_OUTER_BOUND('',#229,.T.);
#142=FACE_OUTER_BOUND('',#230,.T.);
#143=FACE_OUTER_BOUND('',#231,.T.);
#144=FACE_OUTER_BOUND('',#232,.T.);
#145=FACE_OUTER_BOUND('',#233,.T.);
#146=FACE_OUTER_BOUND('',#234,.T.);
#147=FACE_OUTER_BOUND('',#235,.T.);
#148=FACE_OUTER_BOUND('',#236,.T.);
#149=FACE_OUTER_BOUND('',#237,.T.);
#150=FACE_OUTER_BOUND('',#238,.T.);
#151=FACE_OUTER_BOUND('',#239,.T.);
#152=FACE_OUTER_BOUND('',#240,.T.);
#153=FACE_OUTER_BOUND('',#241,.T.);
#154=FACE_OUTER_BOUND('',#242,.T.);
#155=FACE_OUTER_BOUND('',#243,.T.);
#156=FACE_OUTER_BOUND('',#245,.T.);
#157=FACE_OUTER_BOUND('',#246,.T.);
#158=FACE_OUTER_BOUND('',#247,.T.);
#159=FACE_OUTER_BOUND('',#248,.T.);
#160=FACE_OUTER_BOUND('',#249,.T.);
#161=FACE_OUTER_BOUND('',#250,.T.);
#162=FACE_OUTER_BOUND('',#251,.T.);
#163=FACE_OUTER_BOUND('',#252,.T.);
#164=FACE_OUTER_BOUND('',#253,.T.);
#165=FACE_OUTER_BOUND('',#254,.T.);
#166=FACE_OUTER_BOUND('',#255,.T.);
#167=FACE_OUTER_BOUND('',#256,.T.);
#168=FACE_OUTER_BOUND('',#257,.T.);
#169=FACE_OUTER_BOUND('',#258,.T.);
#170=FACE_OUTER_BOUND('',#259,.T.);
#171=FACE_OUTER_BOUND('',#260,.T.);
#172=FACE_OUTER_BOUND('',#261,.T.);
#173=FACE_OUTER_BOUND('',#262,.T.);
#174=FACE_OUTER_BOUND('',#263,.T.);
#175=FACE_OUTER_BOUND('',#264,.T.);
#176=FACE_OUTER_BOUND('',#265,.T.);
#177=FACE_OUTER_BOUND('',#266,.T.);
#178=FACE_OUTER_BOUND('',#267,.T.);
#179=FACE_OUTER_BOUND('',#268,.T.);
#180=FACE_OUTER_BOUND('',#269,.T.);
#181=FACE_OUTER_BOUND('',#270,.T.);
#182=FACE_OUTER_BOUND('',#272,.T.);
#183=FACE_OUTER_BOUND('',#273,.T.);
#184=FACE_OUTER_BOUND('',#274,.T.);
#185=EDGE_LOOP('',(#921,#922,#923,#924));
#186=EDGE_LOOP('',(#925,#926,#927,#928));
#187=EDGE_LOOP('',(#929,#930,#931,#932));
#188=EDGE_LOOP('',(#933,#934,#935,#936));
#189=EDGE_LOOP('',(#937,#938,#939,#940));
#190=EDGE_LOOP('',(#941,#942,#943,#944));
#191=EDGE_LOOP('',(#945,#946,#947,#948));
#192=EDGE_LOOP('',(#949,#950,#951,#952,#953,#954,#955,#956,#957,#958,#959,
#960));
#193=EDGE_LOOP('',(#961,#962,#963,#964,#965,#966,#967,#968,#969,#970,#971,
#972));
#194=EDGE_LOOP('',(#973,#974,#975,#976));
#195=EDGE_LOOP('',(#977,#978,#979,#980,#981,#982,#983,#984,#985));
#196=EDGE_LOOP('',(#986,#987,#988,#989));
#197=EDGE_LOOP('',(#990,#991,#992,#993,#994,#995,#996,#997));
#198=EDGE_LOOP('',(#998));
#199=EDGE_LOOP('',(#999));
#200=EDGE_LOOP('',(#1000,#1001,#1002,#1003));
#201=EDGE_LOOP('',(#1004,#1005,#1006,#1007));
#202=EDGE_LOOP('',(#1008,#1009,#1010,#1011,#1012,#1013,#1014,#1015,#1016));
#203=EDGE_LOOP('',(#1017,#1018,#1019,#1020));
#204=EDGE_LOOP('',(#1021,#1022,#1023,#1024));
#205=EDGE_LOOP('',(#1025,#1026,#1027,#1028));
#206=EDGE_LOOP('',(#1029,#1030,#1031,#1032));
#207=EDGE_LOOP('',(#1033,#1034,#1035,#1036));
#208=EDGE_LOOP('',(#1037,#1038,#1039,#1040));
#209=EDGE_LOOP('',(#1041,#1042,#1043,#1044));
#210=EDGE_LOOP('',(#1045,#1046,#1047,#1048));
#211=EDGE_LOOP('',(#1049,#1050,#1051,#1052));
#212=EDGE_LOOP('',(#1053,#1054,#1055,#1056,#1057));
#213=EDGE_LOOP('',(#1058,#1059,#1060,#1061));
#214=EDGE_LOOP('',(#1062,#1063,#1064,#1065,#1066));
#215=EDGE_LOOP('',(#1067,#1068,#1069,#1070));
#216=EDGE_LOOP('',(#1071,#1072,#1073,#1074));
#217=EDGE_LOOP('',(#1075,#1076,#1077,#1078));
#218=EDGE_LOOP('',(#1079,#1080,#1081,#1082));
#219=EDGE_LOOP('',(#1083,#1084,#1085,#1086));
#220=EDGE_LOOP('',(#1087,#1088,#1089,#1090));
#221=EDGE_LOOP('',(#1091,#1092,#1093,#1094));
#222=EDGE_LOOP('',(#1095,#1096,#1097,#1098));
#223=EDGE_LOOP('',(#1099,#1100,#1101,#1102));
#224=EDGE_LOOP('',(#1103,#1104,#1105,#1106));
#225=EDGE_LOOP('',(#1107,#1108,#1109,#1110));
#226=EDGE_LOOP('',(#1111));
#227=EDGE_LOOP('',(#1112,#1113,#1114,#1115));
#228=EDGE_LOOP('',(#1116));
#229=EDGE_LOOP('',(#1117,#1118,#1119,#1120));
#230=EDGE_LOOP('',(#1121));
#231=EDGE_LOOP('',(#1122,#1123,#1124,#1125));
#232=EDGE_LOOP('',(#1126,#1127,#1128,#1129));
#233=EDGE_LOOP('',(#1130,#1131,#1132,#1133));
#234=EDGE_LOOP('',(#1134,#1135,#1136,#1137));
#235=EDGE_LOOP('',(#1138,#1139,#1140,#1141,#1142));
#236=EDGE_LOOP('',(#1143,#1144,#1145,#1146,#1147));
#237=EDGE_LOOP('',(#1148,#1149,#1150,#1151,#1152,#1153));
#238=EDGE_LOOP('',(#1154,#1155,#1156,#1157,#1158,#1159,#1160,#1161,#1162,
#1163,#1164,#1165,#1166,#1167));
#239=EDGE_LOOP('',(#1168,#1169,#1170,#1171,#1172,#1173));
#240=EDGE_LOOP('',(#1174,#1175,#1176,#1177,#1178,#1179,#1180));
#241=EDGE_LOOP('',(#1181,#1182,#1183,#1184));
#242=EDGE_LOOP('',(#1185,#1186,#1187,#1188,#1189));
#243=EDGE_LOOP('',(#1190,#1191,#1192,#1193,#1194,#1195,#1196,#1197));
#244=EDGE_LOOP('',(#1198,#1199,#1200,#1201,#1202,#1203,#1204,#1205));
#245=EDGE_LOOP('',(#1206,#1207,#1208,#1209,#1210,#1211,#1212));
#246=EDGE_LOOP('',(#1213,#1214,#1215,#1216,#1217));
#247=EDGE_LOOP('',(#1218,#1219,#1220,#1221));
#248=EDGE_LOOP('',(#1222,#1223,#1224,#1225));
#249=EDGE_LOOP('',(#1226,#1227,#1228,#1229));
#250=EDGE_LOOP('',(#1230,#1231,#1232,#1233));
#251=EDGE_LOOP('',(#1234,#1235,#1236,#1237));
#252=EDGE_LOOP('',(#1238,#1239,#1240,#1241));
#253=EDGE_LOOP('',(#1242,#1243,#1244,#1245));
#254=EDGE_LOOP('',(#1246,#1247,#1248,#1249));
#255=EDGE_LOOP('',(#1250,#1251,#1252,#1253));
#256=EDGE_LOOP('',(#1254,#1255,#1256,#1257));
#257=EDGE_LOOP('',(#1258,#1259,#1260,#1261));
#258=EDGE_LOOP('',(#1262,#1263,#1264,#1265));
#259=EDGE_LOOP('',(#1266,#1267,#1268,#1269));
#260=EDGE_LOOP('',(#1270,#1271,#1272,#1273));
#261=EDGE_LOOP('',(#1274,#1275,#1276,#1277,#1278,#1279,#1280,#1281,#1282,
#1283,#1284,#1285));
#262=EDGE_LOOP('',(#1286,#1287,#1288,#1289));
#263=EDGE_LOOP('',(#1290,#1291,#1292,#1293));
#264=EDGE_LOOP('',(#1294,#1295,#1296,#1297));
#265=EDGE_LOOP('',(#1298,#1299,#1300,#1301));
#266=EDGE_LOOP('',(#1302,#1303,#1304,#1305));
#267=EDGE_LOOP('',(#1306,#1307,#1308,#1309));
#268=EDGE_LOOP('',(#1310,#1311,#1312,#1313));
#269=EDGE_LOOP('',(#1314,#1315,#1316,#1317));
#270=EDGE_LOOP('',(#1318,#1319,#1320,#1321));
#271=EDGE_LOOP('',(#1322));
#272=EDGE_LOOP('',(#1323,#1324,#1325,#1326));
#273=EDGE_LOOP('',(#1327,#1328,#1329,#1330));
#274=EDGE_LOOP('',(#1331,#1332,#1333,#1334));
#275=LINE('',#2043,#431);
#276=LINE('',#2045,#432);
#277=LINE('',#2047,#433);
#278=LINE('',#2048,#434);
#279=LINE('',#2051,#435);
#280=LINE('',#2053,#436);
#281=LINE('',#2054,#437);
#282=LINE('',#2058,#438);
#283=LINE('',#2063,#439);
#284=LINE('',#2065,#440);
#285=LINE('',#2066,#441);
#286=LINE('',#2070,#442);
#287=LINE('',#2075,#443);
#288=LINE('',#2077,#444);
#289=LINE('',#2078,#445);
#290=LINE('',#2081,#446);
#291=LINE('',#2083,#447);
#292=LINE('',#2084,#448);
#293=LINE('',#2087,#449);
#294=LINE('',#2091,#450);
#295=LINE('',#2094,#451);
#296=LINE('',#2097,#452);
#297=LINE('',#2099,#453);
#298=LINE('',#2103,#454);
#299=LINE('',#2107,#455);
#300=LINE('',#2109,#456);
#301=LINE('',#2111,#457);
#302=LINE('',#2115,#458);
#303=LINE('',#2118,#459);
#304=LINE('',#2121,#460);
#305=LINE('',#2122,#461);
#306=LINE('',#2125,#462);
#307=LINE('',#2127,#463);
#308=LINE('',#2129,#464);
#309=LINE('',#2131,#465);
#310=LINE('',#2133,#466);
#311=LINE('',#2135,#467);
#312=LINE('',#2138,#468);
#313=LINE('',#2141,#469);
#314=LINE('',#2144,#470);
#315=LINE('',#2147,#471);
#316=LINE('',#2149,#472);
#317=LINE('',#2151,#473);
#318=LINE('',#2153,#474);
#319=LINE('',#2155,#475);
#320=LINE('',#2156,#476);
#321=LINE('',#2163,#477);
#322=LINE('',#2168,#478);
#323=LINE('',#2170,#479);
#324=LINE('',#2172,#480);
#325=LINE('',#2173,#481);
#326=LINE('',#2176,#482);
#327=LINE('',#2180,#483);
#328=LINE('',#2182,#484);
#329=LINE('',#2184,#485);
#330=LINE('',#2185,#486);
#331=LINE('',#2186,#487);
#332=LINE('',#2189,#488);
#333=LINE('',#2191,#489);
#334=LINE('',#2192,#490);
#335=LINE('',#2195,#491);
#336=LINE('',#2196,#492);
#337=LINE('',#2199,#493);
#338=LINE('',#2201,#494);
#339=LINE('',#2202,#495);
#340=LINE('',#2206,#496);
#341=LINE('',#2212,#497);
#342=LINE('',#2213,#498);
#343=LINE('',#2214,#499);
#344=LINE('',#2218,#500);
#345=LINE('',#2222,#501);
#346=LINE('',#2224,#502);
#347=LINE('',#2225,#503);
#348=LINE('',#2227,#504);
#349=LINE('',#2230,#505);
#350=LINE('',#2231,#506);
#351=LINE('',#2234,#507);
#352=LINE('',#2240,#508);
#353=LINE('',#2241,#509);
#354=LINE('',#2244,#510);
#355=LINE('',#2249,#511);
#356=LINE('',#2252,#512);
#357=LINE('',#2254,#513);
#358=LINE('',#2255,#514);
#359=LINE('',#2258,#515);
#360=LINE('',#2260,#516);
#361=LINE('',#2261,#517);
#362=LINE('',#2264,#518);
#363=LINE('',#2266,#519);
#364=LINE('',#2267,#520);
#365=LINE('',#2270,#521);
#366=LINE('',#2272,#522);
#367=LINE('',#2273,#523);
#368=LINE('',#2276,#524);
#369=LINE('',#2278,#525);
#370=LINE('',#2279,#526);
#371=LINE('',#2282,#527);
#372=LINE('',#2284,#528);
#373=LINE('',#2285,#529);
#374=LINE('',#2287,#530);
#375=LINE('',#2288,#531);
#376=LINE('',#2293,#532);
#377=LINE('',#2297,#533);
#378=LINE('',#2302,#534);
#379=LINE('',#2304,#535);
#380=LINE('',#2306,#536);
#381=LINE('',#2307,#537);
#382=LINE('',#2310,#538);
#383=LINE('',#2315,#539);
#384=LINE('',#2320,#540);
#385=LINE('',#2321,#541);
#386=LINE('',#2323,#542);
#387=LINE('',#2326,#543);
#388=LINE('',#2330,#544);
#389=LINE('',#2332,#545);
#390=LINE('',#2334,#546);
#391=LINE('',#2336,#547);
#392=LINE('',#2344,#548);
#393=LINE('',#2347,#549);
#394=LINE('',#2350,#550);
#395=LINE('',#2351,#551);
#396=LINE('',#2356,#552);
#397=LINE('',#2362,#553);
#398=LINE('',#2366,#554);
#399=LINE('',#2369,#555);
#400=LINE('',#2376,#556);
#401=LINE('',#2379,#557);
#402=LINE('',#2382,#558);
#403=LINE('',#2384,#559);
#404=LINE('',#2386,#560);
#405=LINE('',#2388,#561);
#406=LINE('',#2393,#562);
#407=LINE('',#2407,#563);
#408=LINE('',#2409,#564);
#409=LINE('',#2423,#565);
#410=LINE('',#2427,#566);
#411=LINE('',#2432,#567);
#412=LINE('',#2436,#568);
#413=LINE('',#2440,#569);
#414=LINE('',#2442,#570);
#415=LINE('',#2444,#571);
#416=LINE('',#2448,#572);
#417=LINE('',#2452,#573);
#418=LINE('',#2453,#574);
#419=LINE('',#2455,#575);
#420=LINE('',#2456,#576);
#421=LINE('',#2458,#577);
#422=LINE('',#2460,#578);
#423=LINE('',#2462,#579);
#424=LINE('',#2464,#580);
#425=LINE('',#2466,#581);
#426=LINE('',#2468,#582);
#427=LINE('',#2470,#583);
#428=LINE('',#2472,#584);
#429=LINE('',#2474,#585);
#430=LINE('',#2476,#586);
#431=VECTOR('',#1623,10.);
#432=VECTOR('',#1624,10.);
#433=VECTOR('',#1625,10.);
#434=VECTOR('',#1626,10.);
#435=VECTOR('',#1629,10.);
#436=VECTOR('',#1630,10.);
#437=VECTOR('',#1631,10.);
#438=VECTOR('',#1634,10.);
#439=VECTOR('',#1641,10.);
#440=VECTOR('',#1642,10.);
#441=VECTOR('',#1643,10.);
#442=VECTOR('',#1646,10.);
#443=VECTOR('',#1653,10.);
#444=VECTOR('',#1654,10.);
#445=VECTOR('',#1655,10.);
#446=VECTOR('',#1658,10.);
#447=VECTOR('',#1659,10.);
#448=VECTOR('',#1660,10.);
#449=VECTOR('',#1663,10.);
#450=VECTOR('',#1666,10.);
#451=VECTOR('',#1669,10.);
#452=VECTOR('',#1670,10.);
#453=VECTOR('',#1671,10.);
#454=VECTOR('',#1674,10.);
#455=VECTOR('',#1677,10.);
#456=VECTOR('',#1678,10.);
#457=VECTOR('',#1679,10.);
#458=VECTOR('',#1682,10.);
#459=VECTOR('',#1685,10.);
#460=VECTOR('',#1688,10.);
#461=VECTOR('',#1689,10.);
#462=VECTOR('',#1692,10.);
#463=VECTOR('',#1693,10.);
#464=VECTOR('',#1694,10.);
#465=VECTOR('',#1695,10.);
#466=VECTOR('',#1696,10.);
#467=VECTOR('',#1697,10.);
#468=VECTOR('',#1700,10.);
#469=VECTOR('',#1703,10.);
#470=VECTOR('',#1706,10.);
#471=VECTOR('',#1709,10.);
#472=VECTOR('',#1710,10.);
#473=VECTOR('',#1711,10.);
#474=VECTOR('',#1712,10.);
#475=VECTOR('',#1713,10.);
#476=VECTOR('',#1714,10.);
#477=VECTOR('',#1721,10.);
#478=VECTOR('',#1726,10.);
#479=VECTOR('',#1727,10.);
#480=VECTOR('',#1728,10.);
#481=VECTOR('',#1729,10.);
#482=VECTOR('',#1732,10.);
#483=VECTOR('',#1735,10.);
#484=VECTOR('',#1736,10.);
#485=VECTOR('',#1737,10.);
#486=VECTOR('',#1738,10.);
#487=VECTOR('',#1739,10.);
#488=VECTOR('',#1742,10.);
#489=VECTOR('',#1743,10.);
#490=VECTOR('',#1744,10.);
#491=VECTOR('',#1747,10.);
#492=VECTOR('',#1748,10.);
#493=VECTOR('',#1751,10.);
#494=VECTOR('',#1752,10.);
#495=VECTOR('',#1753,10.);
#496=VECTOR('',#1756,10.);
#497=VECTOR('',#1763,10.);
#498=VECTOR('',#1764,10.);
#499=VECTOR('',#1765,10.);
#500=VECTOR('',#1768,10.);
#501=VECTOR('',#1775,10.);
#502=VECTOR('',#1776,10.);
#503=VECTOR('',#1777,10.);
#504=VECTOR('',#1780,10.);
#505=VECTOR('',#1783,10.);
#506=VECTOR('',#1784,10.);
#507=VECTOR('',#1787,10.);
#508=VECTOR('',#1794,10.);
#509=VECTOR('',#1795,10.);
#510=VECTOR('',#1798,10.);
#511=VECTOR('',#1805,10.);
#512=VECTOR('',#1808,10.);
#513=VECTOR('',#1809,10.);
#514=VECTOR('',#1810,10.);
#515=VECTOR('',#1813,10.);
#516=VECTOR('',#1814,10.);
#517=VECTOR('',#1815,10.);
#518=VECTOR('',#1818,10.);
#519=VECTOR('',#1819,10.);
#520=VECTOR('',#1820,10.);
#521=VECTOR('',#1823,10.);
#522=VECTOR('',#1824,10.);
#523=VECTOR('',#1825,10.);
#524=VECTOR('',#1828,10.);
#525=VECTOR('',#1829,10.);
#526=VECTOR('',#1830,10.);
#527=VECTOR('',#1833,10.);
#528=VECTOR('',#1834,10.);
#529=VECTOR('',#1835,10.);
#530=VECTOR('',#1838,10.);
#531=VECTOR('',#1839,10.);
#532=VECTOR('',#1844,1.75);
#533=VECTOR('',#1849,1.15);
#534=VECTOR('',#1854,10.);
#535=VECTOR('',#1855,10.);
#536=VECTOR('',#1856,10.);
#537=VECTOR('',#1857,10.);
#538=VECTOR('',#1860,1.6);
#539=VECTOR('',#1867,1.6);
#540=VECTOR('',#1874,10.);
#541=VECTOR('',#1875,10.);
#542=VECTOR('',#1878,10.);
#543=VECTOR('',#1883,10.);
#544=VECTOR('',#1890,10.);
#545=VECTOR('',#1893,10.);
#546=VECTOR('',#1896,10.);
#547=VECTOR('',#1899,10.);
#548=VECTOR('',#1904,10.);
#549=VECTOR('',#1907,10.);
#550=VECTOR('',#1910,10.);
#551=VECTOR('',#1911,10.);
#552=VECTOR('',#1916,10.);
#553=VECTOR('',#1923,10.);
#554=VECTOR('',#1926,10.);
#555=VECTOR('',#1929,10.);
#556=VECTOR('',#1934,10.);
#557=VECTOR('',#1937,10.);
#558=VECTOR('',#1940,10.);
#559=VECTOR('',#1943,10.);
#560=VECTOR('',#1946,10.);
#561=VECTOR('',#1949,10.);
#562=VECTOR('',#1956,10.);
#563=VECTOR('',#1965,10.);
#564=VECTOR('',#1968,10.);
#565=VECTOR('',#1975,10.);
#566=VECTOR('',#1982,10.);
#567=VECTOR('',#1987,10.);
#568=VECTOR('',#1990,10.);
#569=VECTOR('',#1993,10.);
#570=VECTOR('',#1994,10.);
#571=VECTOR('',#1995,10.);
#572=VECTOR('',#1998,10.);
#573=VECTOR('',#2001,10.);
#574=VECTOR('',#2002,10.);
#575=VECTOR('',#2005,10.);
#576=VECTOR('',#2006,10.);
#577=VECTOR('',#2009,10.);
#578=VECTOR('',#2012,10.);
#579=VECTOR('',#2015,10.);
#580=VECTOR('',#2018,10.);
#581=VECTOR('',#2021,10.);
#582=VECTOR('',#2024,10.);
#583=VECTOR('',#2027,10.);
#584=VECTOR('',#2030,10.);
#585=VECTOR('',#2033,10.);
#586=VECTOR('',#2036,10.);
#587=VERTEX_POINT('',#2041);
#588=VERTEX_POINT('',#2042);
#589=VERTEX_POINT('',#2044);
#590=VERTEX_POINT('',#2046);
#591=VERTEX_POINT('',#2050);
#592=VERTEX_POINT('',#2052);
#593=VERTEX_POINT('',#2056);
#594=VERTEX_POINT('',#2057);
#595=VERTEX_POINT('',#2062);
#596=VERTEX_POINT('',#2064);
#597=VERTEX_POINT('',#2068);
#598=VERTEX_POINT('',#2069);
#599=VERTEX_POINT('',#2074);
#600=VERTEX_POINT('',#2076);
#601=VERTEX_POINT('',#2080);
#602=VERTEX_POINT('',#2082);
#603=VERTEX_POINT('',#2086);
#604=VERTEX_POINT('',#2088);
#605=VERTEX_POINT('',#2090);
#606=VERTEX_POINT('',#2092);
#607=VERTEX_POINT('',#2095);
#608=VERTEX_POINT('',#2096);
#609=VERTEX_POINT('',#2098);
#610=VERTEX_POINT('',#2100);
#611=VERTEX_POINT('',#2102);
#612=VERTEX_POINT('',#2104);
#613=VERTEX_POINT('',#2106);
#614=VERTEX_POINT('',#2108);
#615=VERTEX_POINT('',#2110);
#616=VERTEX_POINT('',#2112);
#617=VERTEX_POINT('',#2114);
#618=VERTEX_POINT('',#2116);
#619=VERTEX_POINT('',#2120);
#620=VERTEX_POINT('',#2124);
#621=VERTEX_POINT('',#2126);
#622=VERTEX_POINT('',#2128);
#623=VERTEX_POINT('',#2130);
#624=VERTEX_POINT('',#2132);
#625=VERTEX_POINT('',#2134);
#626=VERTEX_POINT('',#2136);
#627=VERTEX_POINT('',#2140);
#628=VERTEX_POINT('',#2142);
#629=VERTEX_POINT('',#2146);
#630=VERTEX_POINT('',#2148);
#631=VERTEX_POINT('',#2150);
#632=VERTEX_POINT('',#2152);
#633=VERTEX_POINT('',#2154);
#634=VERTEX_POINT('',#2157);
#635=VERTEX_POINT('',#2159);
#636=VERTEX_POINT('',#2162);
#637=VERTEX_POINT('',#2166);
#638=VERTEX_POINT('',#2167);
#639=VERTEX_POINT('',#2169);
#640=VERTEX_POINT('',#2171);
#641=VERTEX_POINT('',#2175);
#642=VERTEX_POINT('',#2177);
#643=VERTEX_POINT('',#2179);
#644=VERTEX_POINT('',#2181);
#645=VERTEX_POINT('',#2183);
#646=VERTEX_POINT('',#2188);
#647=VERTEX_POINT('',#2190);
#648=VERTEX_POINT('',#2194);
#649=VERTEX_POINT('',#2198);
#650=VERTEX_POINT('',#2200);
#651=VERTEX_POINT('',#2204);
#652=VERTEX_POINT('',#2205);
#653=VERTEX_POINT('',#2210);
#654=VERTEX_POINT('',#2211);
#655=VERTEX_POINT('',#2216);
#656=VERTEX_POINT('',#2217);
#657=VERTEX_POINT('',#2223);
#658=VERTEX_POINT('',#2229);
#659=VERTEX_POINT('',#2233);
#660=VERTEX_POINT('',#2235);
#661=VERTEX_POINT('',#2239);
#662=VERTEX_POINT('',#2243);
#663=VERTEX_POINT('',#2245);
#664=VERTEX_POINT('',#2251);
#665=VERTEX_POINT('',#2253);
#666=VERTEX_POINT('',#2257);
#667=VERTEX_POINT('',#2259);
#668=VERTEX_POINT('',#2263);
#669=VERTEX_POINT('',#2265);
#670=VERTEX_POINT('',#2269);
#671=VERTEX_POINT('',#2271);
#672=VERTEX_POINT('',#2275);
#673=VERTEX_POINT('',#2277);
#674=VERTEX_POINT('',#2281);
#675=VERTEX_POINT('',#2283);
#676=VERTEX_POINT('',#2290);
#677=VERTEX_POINT('',#2292);
#678=VERTEX_POINT('',#2296);
#679=VERTEX_POINT('',#2300);
#680=VERTEX_POINT('',#2301);
#681=VERTEX_POINT('',#2303);
#682=VERTEX_POINT('',#2305);
#683=VERTEX_POINT('',#2309);
#684=VERTEX_POINT('',#2314);
#685=VERTEX_POINT('',#2319);
#686=VERTEX_POINT('',#2339);
#687=VERTEX_POINT('',#2343);
#688=VERTEX_POINT('',#2345);
#689=VERTEX_POINT('',#2349);
#690=VERTEX_POINT('',#2353);
#691=VERTEX_POINT('',#2355);
#692=VERTEX_POINT('',#2359);
#693=VERTEX_POINT('',#2361);
#694=VERTEX_POINT('',#2363);
#695=VERTEX_POINT('',#2365);
#696=VERTEX_POINT('',#2367);
#697=VERTEX_POINT('',#2371);
#698=VERTEX_POINT('',#2378);
#699=VERTEX_POINT('',#2380);
#700=VERTEX_POINT('',#2391);
#701=VERTEX_POINT('',#2419);
#702=VERTEX_POINT('',#2430);
#703=VERTEX_POINT('',#2431);
#704=VERTEX_POINT('',#2433);
#705=VERTEX_POINT('',#2435);
#706=VERTEX_POINT('',#2437);
#707=VERTEX_POINT('',#2439);
#708=VERTEX_POINT('',#2441);
#709=VERTEX_POINT('',#2443);
#710=VERTEX_POINT('',#2445);
#711=VERTEX_POINT('',#2447);
#712=VERTEX_POINT('',#2449);
#713=VERTEX_POINT('',#2451);
#714=EDGE_CURVE('',#587,#588,#275,.T.);
#715=EDGE_CURVE('',#588,#589,#276,.T.);
#716=EDGE_CURVE('',#589,#590,#277,.T.);
#717=EDGE_CURVE('',#590,#587,#278,.T.);
#718=EDGE_CURVE('',#590,#591,#279,.T.);
#719=EDGE_CURVE('',#591,#592,#280,.T.);
#720=EDGE_CURVE('',#592,#587,#281,.T.);
#721=EDGE_CURVE('',#593,#594,#282,.T.);
#722=EDGE_CURVE('',#594,#592,#49,.T.);
#723=EDGE_CURVE('',#591,#593,#50,.T.);
#724=EDGE_CURVE('',#593,#595,#283,.T.);
#725=EDGE_CURVE('',#595,#596,#284,.T.);
#726=EDGE_CURVE('',#596,#594,#285,.T.);
#727=EDGE_CURVE('',#597,#598,#286,.T.);
#728=EDGE_CURVE('',#598,#596,#51,.T.);
#729=EDGE_CURVE('',#595,#597,#52,.T.);
#730=EDGE_CURVE('',#599,#598,#287,.T.);
#731=EDGE_CURVE('',#597,#600,#288,.T.);
#732=EDGE_CURVE('',#600,#599,#289,.T.);
#733=EDGE_CURVE('',#600,#601,#290,.T.);
#734=EDGE_CURVE('',#601,#602,#291,.T.);
#735=EDGE_CURVE('',#602,#599,#292,.T.);
#736=EDGE_CURVE('',#603,#589,#293,.T.);
#737=EDGE_CURVE('',#604,#603,#53,.T.);
#738=EDGE_CURVE('',#605,#604,#294,.T.);
#739=EDGE_CURVE('',#606,#605,#54,.T.);
#740=EDGE_CURVE('',#601,#606,#295,.T.);
#741=EDGE_CURVE('',#607,#608,#296,.T.);
#742=EDGE_CURVE('',#608,#609,#297,.T.);
#743=EDGE_CURVE('',#609,#610,#55,.T.);
#744=EDGE_CURVE('',#610,#611,#298,.T.);
#745=EDGE_CURVE('',#611,#612,#56,.T.);
#746=EDGE_CURVE('',#612,#613,#299,.T.);
#747=EDGE_CURVE('',#613,#614,#300,.T.);
#748=EDGE_CURVE('',#614,#615,#301,.T.);
#749=EDGE_CURVE('',#615,#616,#57,.T.);
#750=EDGE_CURVE('',#616,#617,#302,.T.);
#751=EDGE_CURVE('',#617,#618,#58,.T.);
#752=EDGE_CURVE('',#618,#607,#303,.T.);
#753=EDGE_CURVE('',#588,#619,#304,.T.);
#754=EDGE_CURVE('',#603,#619,#305,.T.);
#755=EDGE_CURVE('',#620,#587,#306,.T.);
#756=EDGE_CURVE('',#621,#620,#307,.T.);
#757=EDGE_CURVE('',#622,#621,#308,.T.);
#758=EDGE_CURVE('',#623,#622,#309,.T.);
#759=EDGE_CURVE('',#624,#623,#310,.T.);
#760=EDGE_CURVE('',#625,#624,#311,.T.);
#761=EDGE_CURVE('',#626,#625,#59,.T.);
#762=EDGE_CURVE('',#588,#626,#312,.T.);
#763=EDGE_CURVE('',#594,#627,#313,.T.);
#764=EDGE_CURVE('',#627,#628,#19,.F.);
#765=EDGE_CURVE('',#628,#592,#314,.T.);
#766=EDGE_CURVE('',#629,#596,#315,.T.);
#767=EDGE_CURVE('',#630,#629,#316,.T.);
#768=EDGE_CURVE('',#631,#630,#317,.T.);
#769=EDGE_CURVE('',#632,#631,#318,.T.);
#770=EDGE_CURVE('',#633,#632,#319,.T.);
#771=EDGE_CURVE('',#627,#633,#320,.T.);
#772=EDGE_CURVE('',#634,#634,#60,.T.);
#773=EDGE_CURVE('',#635,#635,#61,.T.);
#774=EDGE_CURVE('',#598,#636,#321,.T.);
#775=EDGE_CURVE('',#636,#629,#20,.F.);
#776=EDGE_CURVE('',#637,#638,#322,.F.);
#777=EDGE_CURVE('',#638,#639,#323,.T.);
#778=EDGE_CURVE('',#639,#640,#324,.F.);
#779=EDGE_CURVE('',#640,#637,#325,.T.);
#780=EDGE_CURVE('',#641,#602,#326,.T.);
#781=EDGE_CURVE('',#642,#641,#62,.T.);
#782=EDGE_CURVE('',#643,#642,#327,.T.);
#783=EDGE_CURVE('',#644,#643,#328,.T.);
#784=EDGE_CURVE('',#645,#644,#329,.T.);
#785=EDGE_CURVE('',#639,#645,#330,.T.);
#786=EDGE_CURVE('',#599,#638,#331,.T.);
#787=EDGE_CURVE('',#646,#621,#332,.F.);
#788=EDGE_CURVE('',#620,#647,#333,.F.);
#789=EDGE_CURVE('',#647,#646,#334,.T.);
#790=EDGE_CURVE('',#646,#648,#335,.T.);
#791=EDGE_CURVE('',#648,#622,#336,.T.);
#792=EDGE_CURVE('',#648,#649,#337,.T.);
#793=EDGE_CURVE('',#649,#650,#338,.T.);
#794=EDGE_CURVE('',#650,#622,#339,.T.);
#795=EDGE_CURVE('',#651,#652,#340,.T.);
#796=EDGE_CURVE('',#652,#650,#63,.T.);
#797=EDGE_CURVE('',#649,#651,#64,.T.);
#798=EDGE_CURVE('',#653,#654,#341,.T.);
#799=EDGE_CURVE('',#654,#652,#342,.T.);
#800=EDGE_CURVE('',#651,#653,#343,.T.);
#801=EDGE_CURVE('',#655,#656,#344,.T.);
#802=EDGE_CURVE('',#656,#654,#65,.T.);
#803=EDGE_CURVE('',#653,#655,#66,.T.);
#804=EDGE_CURVE('',#645,#656,#345,.T.);
#805=EDGE_CURVE('',#655,#657,#346,.T.);
#806=EDGE_CURVE('',#657,#645,#347,.T.);
#807=EDGE_CURVE('',#657,#640,#348,.T.);
#808=EDGE_CURVE('',#658,#650,#349,.T.);
#809=EDGE_CURVE('',#623,#658,#350,.T.);
#810=EDGE_CURVE('',#652,#659,#351,.T.);
#811=EDGE_CURVE('',#660,#659,#67,.T.);
#812=EDGE_CURVE('',#658,#660,#21,.T.);
#813=EDGE_CURVE('',#661,#654,#352,.T.);
#814=EDGE_CURVE('',#659,#661,#353,.T.);
#815=EDGE_CURVE('',#656,#662,#354,.T.);
#816=EDGE_CURVE('',#663,#662,#22,.T.);
#817=EDGE_CURVE('',#661,#663,#68,.T.);
#818=EDGE_CURVE('',#662,#644,#355,.T.);
#819=EDGE_CURVE('',#664,#633,#356,.T.);
#820=EDGE_CURVE('',#632,#665,#357,.T.);
#821=EDGE_CURVE('',#665,#664,#358,.T.);
#822=EDGE_CURVE('',#630,#666,#359,.T.);
#823=EDGE_CURVE('',#666,#667,#360,.T.);
#824=EDGE_CURVE('',#667,#631,#361,.T.);
#825=EDGE_CURVE('',#668,#666,#362,.T.);
#826=EDGE_CURVE('',#669,#668,#363,.T.);
#827=EDGE_CURVE('',#667,#669,#364,.T.);
#828=EDGE_CURVE('',#668,#670,#365,.T.);
#829=EDGE_CURVE('',#670,#671,#366,.T.);
#830=EDGE_CURVE('',#671,#669,#367,.T.);
#831=EDGE_CURVE('',#672,#670,#368,.T.);
#832=EDGE_CURVE('',#673,#672,#369,.T.);
#833=EDGE_CURVE('',#671,#673,#370,.T.);
#834=EDGE_CURVE('',#672,#674,#371,.T.);
#835=EDGE_CURVE('',#674,#675,#372,.T.);
#836=EDGE_CURVE('',#675,#673,#373,.T.);
#837=EDGE_CURVE('',#675,#665,#374,.T.);
#838=EDGE_CURVE('',#664,#674,#375,.T.);
#839=EDGE_CURVE('',#676,#676,#69,.T.);
#840=EDGE_CURVE('',#676,#677,#376,.T.);
#841=EDGE_CURVE('',#677,#677,#70,.T.);
#842=EDGE_CURVE('',#677,#678,#377,.T.);
#843=EDGE_CURVE('',#678,#678,#71,.T.);
#844=EDGE_CURVE('',#679,#680,#378,.T.);
#845=EDGE_CURVE('',#681,#679,#379,.T.);
#846=EDGE_CURVE('',#682,#681,#380,.T.);
#847=EDGE_CURVE('',#680,#682,#381,.T.);
#848=EDGE_CURVE('',#635,#683,#382,.T.);
#849=EDGE_CURVE('',#683,#683,#72,.T.);
#850=EDGE_CURVE('',#634,#684,#383,.T.);
#851=EDGE_CURVE('',#684,#684,#73,.T.);
#852=EDGE_CURVE('',#606,#685,#384,.T.);
#853=EDGE_CURVE('',#685,#602,#385,.T.);
#854=EDGE_CURVE('',#605,#680,#386,.T.);
#855=EDGE_CURVE('',#680,#685,#74,.T.);
#856=EDGE_CURVE('',#604,#679,#387,.T.);
#857=EDGE_CURVE('',#619,#679,#75,.T.);
#858=EDGE_CURVE('',#628,#647,#388,.F.);
#859=EDGE_CURVE('',#637,#636,#389,.F.);
#860=EDGE_CURVE('',#664,#646,#390,.T.);
#861=EDGE_CURVE('',#640,#666,#391,.T.);
#862=EDGE_CURVE('',#660,#686,#17,.T.);
#863=EDGE_CURVE('',#686,#687,#392,.T.);
#864=EDGE_CURVE('',#687,#688,#23,.T.);
#865=EDGE_CURVE('',#688,#624,#393,.T.);
#866=EDGE_CURVE('',#689,#688,#394,.T.);
#867=EDGE_CURVE('',#625,#689,#395,.T.);
#868=EDGE_CURVE('',#687,#690,#24,.T.);
#869=EDGE_CURVE('',#690,#691,#396,.T.);
#870=EDGE_CURVE('',#691,#689,#76,.T.);
#871=EDGE_CURVE('',#692,#686,#77,.T.);
#872=EDGE_CURVE('',#693,#692,#397,.T.);
#873=EDGE_CURVE('',#694,#693,#78,.T.);
#874=EDGE_CURVE('',#695,#694,#398,.T.);
#875=EDGE_CURVE('',#696,#695,#25,.T.);
#876=EDGE_CURVE('',#690,#696,#399,.T.);
#877=EDGE_CURVE('',#697,#695,#26,.T.);
#878=EDGE_CURVE('',#694,#663,#18,.T.);
#879=EDGE_CURVE('',#643,#697,#400,.T.);
#880=EDGE_CURVE('',#697,#698,#401,.T.);
#881=EDGE_CURVE('',#699,#698,#79,.T.);
#882=EDGE_CURVE('',#699,#696,#402,.T.);
#883=EDGE_CURVE('',#642,#698,#403,.T.);
#884=EDGE_CURVE('',#693,#661,#404,.T.);
#885=EDGE_CURVE('',#692,#659,#405,.T.);
#886=EDGE_CURVE('',#682,#700,#80,.T.);
#887=EDGE_CURVE('',#700,#685,#406,.T.);
#888=EDGE_CURVE('',#682,#699,#81,.T.);
#889=EDGE_CURVE('',#698,#700,#82,.T.);
#890=EDGE_CURVE('',#691,#681,#83,.T.);
#891=EDGE_CURVE('',#691,#699,#407,.T.);
#892=EDGE_CURVE('',#641,#700,#408,.T.);
#893=EDGE_CURVE('',#681,#701,#84,.T.);
#894=EDGE_CURVE('',#701,#689,#85,.T.);
#895=EDGE_CURVE('',#619,#701,#409,.T.);
#896=EDGE_CURVE('',#626,#701,#410,.T.);
#897=EDGE_CURVE('',#702,#703,#411,.T.);
#898=EDGE_CURVE('',#703,#704,#86,.T.);
#899=EDGE_CURVE('',#704,#705,#412,.T.);
#900=EDGE_CURVE('',#705,#706,#87,.T.);
#901=EDGE_CURVE('',#706,#707,#413,.T.);
#902=EDGE_CURVE('',#707,#708,#414,.T.);
#903=EDGE_CURVE('',#708,#709,#415,.T.);
#904=EDGE_CURVE('',#709,#710,#88,.T.);
#905=EDGE_CURVE('',#710,#711,#416,.T.);
#906=EDGE_CURVE('',#711,#712,#89,.T.);
#907=EDGE_CURVE('',#712,#713,#417,.T.);
#908=EDGE_CURVE('',#713,#702,#418,.T.);
#909=EDGE_CURVE('',#702,#607,#419,.T.);
#910=EDGE_CURVE('',#703,#618,#420,.T.);
#911=EDGE_CURVE('',#704,#617,#421,.T.);
#912=EDGE_CURVE('',#705,#616,#422,.T.);
#913=EDGE_CURVE('',#706,#615,#423,.T.);
#914=EDGE_CURVE('',#707,#614,#424,.T.);
#915=EDGE_CURVE('',#708,#613,#425,.T.);
#916=EDGE_CURVE('',#709,#612,#426,.T.);
#917=EDGE_CURVE('',#710,#611,#427,.T.);
#918=EDGE_CURVE('',#711,#610,#428,.T.);
#919=EDGE_CURVE('',#712,#609,#429,.T.);
#920=EDGE_CURVE('',#713,#608,#430,.T.);
#921=ORIENTED_EDGE('',*,*,#714,.T.);
#922=ORIENTED_EDGE('',*,*,#715,.T.);
#923=ORIENTED_EDGE('',*,*,#716,.T.);
#924=ORIENTED_EDGE('',*,*,#717,.T.);
#925=ORIENTED_EDGE('',*,*,#718,.T.);
#926=ORIENTED_EDGE('',*,*,#719,.T.);
#927=ORIENTED_EDGE('',*,*,#720,.T.);
#928=ORIENTED_EDGE('',*,*,#717,.F.);
#929=ORIENTED_EDGE('',*,*,#721,.T.);
#930=ORIENTED_EDGE('',*,*,#722,.T.);
#931=ORIENTED_EDGE('',*,*,#719,.F.);
#932=ORIENTED_EDGE('',*,*,#723,.T.);
#933=ORIENTED_EDGE('',*,*,#721,.F.);
#934=ORIENTED_EDGE('',*,*,#724,.T.);
#935=ORIENTED_EDGE('',*,*,#725,.T.);
#936=ORIENTED_EDGE('',*,*,#726,.T.);
#937=ORIENTED_EDGE('',*,*,#727,.T.);
#938=ORIENTED_EDGE('',*,*,#728,.T.);
#939=ORIENTED_EDGE('',*,*,#725,.F.);
#940=ORIENTED_EDGE('',*,*,#729,.T.);
#941=ORIENTED_EDGE('',*,*,#730,.T.);
#942=ORIENTED_EDGE('',*,*,#727,.F.);
#943=ORIENTED_EDGE('',*,*,#731,.T.);
#944=ORIENTED_EDGE('',*,*,#732,.T.);
#945=ORIENTED_EDGE('',*,*,#733,.T.);
#946=ORIENTED_EDGE('',*,*,#734,.T.);
#947=ORIENTED_EDGE('',*,*,#735,.T.);
#948=ORIENTED_EDGE('',*,*,#732,.F.);
#949=ORIENTED_EDGE('',*,*,#733,.F.);
#950=ORIENTED_EDGE('',*,*,#731,.F.);
#951=ORIENTED_EDGE('',*,*,#729,.F.);
#952=ORIENTED_EDGE('',*,*,#724,.F.);
#953=ORIENTED_EDGE('',*,*,#723,.F.);
#954=ORIENTED_EDGE('',*,*,#718,.F.);
#955=ORIENTED_EDGE('',*,*,#716,.F.);
#956=ORIENTED_EDGE('',*,*,#736,.F.);
#957=ORIENTED_EDGE('',*,*,#737,.F.);
#958=ORIENTED_EDGE('',*,*,#738,.F.);
#959=ORIENTED_EDGE('',*,*,#739,.F.);
#960=ORIENTED_EDGE('',*,*,#740,.F.);
#961=ORIENTED_EDGE('',*,*,#741,.T.);
#962=ORIENTED_EDGE('',*,*,#742,.T.);
#963=ORIENTED_EDGE('',*,*,#743,.T.);
#964=ORIENTED_EDGE('',*,*,#744,.T.);
#965=ORIENTED_EDGE('',*,*,#745,.T.);
#966=ORIENTED_EDGE('',*,*,#746,.T.);
#967=ORIENTED_EDGE('',*,*,#747,.T.);
#968=ORIENTED_EDGE('',*,*,#748,.T.);
#969=ORIENTED_EDGE('',*,*,#749,.T.);
#970=ORIENTED_EDGE('',*,*,#750,.T.);
#971=ORIENTED_EDGE('',*,*,#751,.T.);
#972=ORIENTED_EDGE('',*,*,#752,.T.);
#973=ORIENTED_EDGE('',*,*,#715,.F.);
#974=ORIENTED_EDGE('',*,*,#753,.T.);
#975=ORIENTED_EDGE('',*,*,#754,.F.);
#976=ORIENTED_EDGE('',*,*,#736,.T.);
#977=ORIENTED_EDGE('',*,*,#714,.F.);
#978=ORIENTED_EDGE('',*,*,#755,.F.);
#979=ORIENTED_EDGE('',*,*,#756,.F.);
#980=ORIENTED_EDGE('',*,*,#757,.F.);
#981=ORIENTED_EDGE('',*,*,#758,.F.);
#982=ORIENTED_EDGE('',*,*,#759,.F.);
#983=ORIENTED_EDGE('',*,*,#760,.F.);
#984=ORIENTED_EDGE('',*,*,#761,.F.);
#985=ORIENTED_EDGE('',*,*,#762,.F.);
#986=ORIENTED_EDGE('',*,*,#722,.F.);
#987=ORIENTED_EDGE('',*,*,#763,.T.);
#988=ORIENTED_EDGE('',*,*,#764,.T.);
#989=ORIENTED_EDGE('',*,*,#765,.T.);
#990=ORIENTED_EDGE('',*,*,#726,.F.);
#991=ORIENTED_EDGE('',*,*,#766,.F.);
#992=ORIENTED_EDGE('',*,*,#767,.F.);
#993=ORIENTED_EDGE('',*,*,#768,.F.);
#994=ORIENTED_EDGE('',*,*,#769,.F.);
#995=ORIENTED_EDGE('',*,*,#770,.F.);
#996=ORIENTED_EDGE('',*,*,#771,.F.);
#997=ORIENTED_EDGE('',*,*,#763,.F.);
#998=ORIENTED_EDGE('',*,*,#772,.T.);
#999=ORIENTED_EDGE('',*,*,#773,.T.);
#1000=ORIENTED_EDGE('',*,*,#728,.F.);
#1001=ORIENTED_EDGE('',*,*,#774,.T.);
#1002=ORIENTED_EDGE('',*,*,#775,.T.);
#1003=ORIENTED_EDGE('',*,*,#766,.T.);
#1004=ORIENTED_EDGE('',*,*,#776,.T.);
#1005=ORIENTED_EDGE('',*,*,#777,.T.);
#1006=ORIENTED_EDGE('',*,*,#778,.T.);
#1007=ORIENTED_EDGE('',*,*,#779,.T.);
#1008=ORIENTED_EDGE('',*,*,#735,.F.);
#1009=ORIENTED_EDGE('',*,*,#780,.F.);
#1010=ORIENTED_EDGE('',*,*,#781,.F.);
#1011=ORIENTED_EDGE('',*,*,#782,.F.);
#1012=ORIENTED_EDGE('',*,*,#783,.F.);
#1013=ORIENTED_EDGE('',*,*,#784,.F.);
#1014=ORIENTED_EDGE('',*,*,#785,.F.);
#1015=ORIENTED_EDGE('',*,*,#777,.F.);
#1016=ORIENTED_EDGE('',*,*,#786,.F.);
#1017=ORIENTED_EDGE('',*,*,#787,.T.);
#1018=ORIENTED_EDGE('',*,*,#756,.T.);
#1019=ORIENTED_EDGE('',*,*,#788,.T.);
#1020=ORIENTED_EDGE('',*,*,#789,.T.);
#1021=ORIENTED_EDGE('',*,*,#757,.T.);
#1022=ORIENTED_EDGE('',*,*,#787,.F.);
#1023=ORIENTED_EDGE('',*,*,#790,.T.);
#1024=ORIENTED_EDGE('',*,*,#791,.T.);
#1025=ORIENTED_EDGE('',*,*,#792,.T.);
#1026=ORIENTED_EDGE('',*,*,#793,.T.);
#1027=ORIENTED_EDGE('',*,*,#794,.T.);
#1028=ORIENTED_EDGE('',*,*,#791,.F.);
#1029=ORIENTED_EDGE('',*,*,#795,.T.);
#1030=ORIENTED_EDGE('',*,*,#796,.T.);
#1031=ORIENTED_EDGE('',*,*,#793,.F.);
#1032=ORIENTED_EDGE('',*,*,#797,.T.);
#1033=ORIENTED_EDGE('',*,*,#798,.T.);
#1034=ORIENTED_EDGE('',*,*,#799,.T.);
#1035=ORIENTED_EDGE('',*,*,#795,.F.);
#1036=ORIENTED_EDGE('',*,*,#800,.T.);
#1037=ORIENTED_EDGE('',*,*,#801,.T.);
#1038=ORIENTED_EDGE('',*,*,#802,.T.);
#1039=ORIENTED_EDGE('',*,*,#798,.F.);
#1040=ORIENTED_EDGE('',*,*,#803,.T.);
#1041=ORIENTED_EDGE('',*,*,#804,.T.);
#1042=ORIENTED_EDGE('',*,*,#801,.F.);
#1043=ORIENTED_EDGE('',*,*,#805,.T.);
#1044=ORIENTED_EDGE('',*,*,#806,.T.);
#1045=ORIENTED_EDGE('',*,*,#807,.T.);
#1046=ORIENTED_EDGE('',*,*,#778,.F.);
#1047=ORIENTED_EDGE('',*,*,#785,.T.);
#1048=ORIENTED_EDGE('',*,*,#806,.F.);
#1049=ORIENTED_EDGE('',*,*,#794,.F.);
#1050=ORIENTED_EDGE('',*,*,#808,.F.);
#1051=ORIENTED_EDGE('',*,*,#809,.F.);
#1052=ORIENTED_EDGE('',*,*,#758,.T.);
#1053=ORIENTED_EDGE('',*,*,#796,.F.);
#1054=ORIENTED_EDGE('',*,*,#810,.T.);
#1055=ORIENTED_EDGE('',*,*,#811,.F.);
#1056=ORIENTED_EDGE('',*,*,#812,.F.);
#1057=ORIENTED_EDGE('',*,*,#808,.T.);
#1058=ORIENTED_EDGE('',*,*,#799,.F.);
#1059=ORIENTED_EDGE('',*,*,#813,.F.);
#1060=ORIENTED_EDGE('',*,*,#814,.F.);
#1061=ORIENTED_EDGE('',*,*,#810,.F.);
#1062=ORIENTED_EDGE('',*,*,#802,.F.);
#1063=ORIENTED_EDGE('',*,*,#815,.T.);
#1064=ORIENTED_EDGE('',*,*,#816,.F.);
#1065=ORIENTED_EDGE('',*,*,#817,.F.);
#1066=ORIENTED_EDGE('',*,*,#813,.T.);
#1067=ORIENTED_EDGE('',*,*,#804,.F.);
#1068=ORIENTED_EDGE('',*,*,#784,.T.);
#1069=ORIENTED_EDGE('',*,*,#818,.F.);
#1070=ORIENTED_EDGE('',*,*,#815,.F.);
#1071=ORIENTED_EDGE('',*,*,#819,.T.);
#1072=ORIENTED_EDGE('',*,*,#770,.T.);
#1073=ORIENTED_EDGE('',*,*,#820,.T.);
#1074=ORIENTED_EDGE('',*,*,#821,.T.);
#1075=ORIENTED_EDGE('',*,*,#822,.T.);
#1076=ORIENTED_EDGE('',*,*,#823,.T.);
#1077=ORIENTED_EDGE('',*,*,#824,.T.);
#1078=ORIENTED_EDGE('',*,*,#768,.T.);
#1079=ORIENTED_EDGE('',*,*,#823,.F.);
#1080=ORIENTED_EDGE('',*,*,#825,.F.);
#1081=ORIENTED_EDGE('',*,*,#826,.F.);
#1082=ORIENTED_EDGE('',*,*,#827,.F.);
#1083=ORIENTED_EDGE('',*,*,#828,.T.);
#1084=ORIENTED_EDGE('',*,*,#829,.T.);
#1085=ORIENTED_EDGE('',*,*,#830,.T.);
#1086=ORIENTED_EDGE('',*,*,#826,.T.);
#1087=ORIENTED_EDGE('',*,*,#829,.F.);
#1088=ORIENTED_EDGE('',*,*,#831,.F.);
#1089=ORIENTED_EDGE('',*,*,#832,.F.);
#1090=ORIENTED_EDGE('',*,*,#833,.F.);
#1091=ORIENTED_EDGE('',*,*,#834,.T.);
#1092=ORIENTED_EDGE('',*,*,#835,.T.);
#1093=ORIENTED_EDGE('',*,*,#836,.T.);
#1094=ORIENTED_EDGE('',*,*,#832,.T.);
#1095=ORIENTED_EDGE('',*,*,#821,.F.);
#1096=ORIENTED_EDGE('',*,*,#837,.F.);
#1097=ORIENTED_EDGE('',*,*,#835,.F.);
#1098=ORIENTED_EDGE('',*,*,#838,.F.);
#1099=ORIENTED_EDGE('',*,*,#839,.T.);
#1100=ORIENTED_EDGE('',*,*,#840,.T.);
#1101=ORIENTED_EDGE('',*,*,#841,.T.);
#1102=ORIENTED_EDGE('',*,*,#840,.F.);
#1103=ORIENTED_EDGE('',*,*,#841,.F.);
#1104=ORIENTED_EDGE('',*,*,#842,.T.);
#1105=ORIENTED_EDGE('',*,*,#843,.F.);
#1106=ORIENTED_EDGE('',*,*,#842,.F.);
#1107=ORIENTED_EDGE('',*,*,#844,.F.);
#1108=ORIENTED_EDGE('',*,*,#845,.F.);
#1109=ORIENTED_EDGE('',*,*,#846,.F.);
#1110=ORIENTED_EDGE('',*,*,#847,.F.);
#1111=ORIENTED_EDGE('',*,*,#839,.F.);
#1112=ORIENTED_EDGE('',*,*,#773,.F.);
#1113=ORIENTED_EDGE('',*,*,#848,.T.);
#1114=ORIENTED_EDGE('',*,*,#849,.T.);
#1115=ORIENTED_EDGE('',*,*,#848,.F.);
#1116=ORIENTED_EDGE('',*,*,#849,.F.);
#1117=ORIENTED_EDGE('',*,*,#772,.F.);
#1118=ORIENTED_EDGE('',*,*,#850,.T.);
#1119=ORIENTED_EDGE('',*,*,#851,.T.);
#1120=ORIENTED_EDGE('',*,*,#850,.F.);
#1121=ORIENTED_EDGE('',*,*,#851,.F.);
#1122=ORIENTED_EDGE('',*,*,#734,.F.);
#1123=ORIENTED_EDGE('',*,*,#740,.T.);
#1124=ORIENTED_EDGE('',*,*,#852,.T.);
#1125=ORIENTED_EDGE('',*,*,#853,.T.);
#1126=ORIENTED_EDGE('',*,*,#854,.T.);
#1127=ORIENTED_EDGE('',*,*,#855,.T.);
#1128=ORIENTED_EDGE('',*,*,#852,.F.);
#1129=ORIENTED_EDGE('',*,*,#739,.T.);
#1130=ORIENTED_EDGE('',*,*,#854,.F.);
#1131=ORIENTED_EDGE('',*,*,#738,.T.);
#1132=ORIENTED_EDGE('',*,*,#856,.T.);
#1133=ORIENTED_EDGE('',*,*,#844,.T.);
#1134=ORIENTED_EDGE('',*,*,#754,.T.);
#1135=ORIENTED_EDGE('',*,*,#857,.T.);
#1136=ORIENTED_EDGE('',*,*,#856,.F.);
#1137=ORIENTED_EDGE('',*,*,#737,.T.);
#1138=ORIENTED_EDGE('',*,*,#720,.F.);
#1139=ORIENTED_EDGE('',*,*,#765,.F.);
#1140=ORIENTED_EDGE('',*,*,#858,.T.);
#1141=ORIENTED_EDGE('',*,*,#788,.F.);
#1142=ORIENTED_EDGE('',*,*,#755,.T.);
#1143=ORIENTED_EDGE('',*,*,#730,.F.);
#1144=ORIENTED_EDGE('',*,*,#786,.T.);
#1145=ORIENTED_EDGE('',*,*,#776,.F.);
#1146=ORIENTED_EDGE('',*,*,#859,.T.);
#1147=ORIENTED_EDGE('',*,*,#774,.F.);
#1148=ORIENTED_EDGE('',*,*,#789,.F.);
#1149=ORIENTED_EDGE('',*,*,#858,.F.);
#1150=ORIENTED_EDGE('',*,*,#764,.F.);
#1151=ORIENTED_EDGE('',*,*,#771,.T.);
#1152=ORIENTED_EDGE('',*,*,#819,.F.);
#1153=ORIENTED_EDGE('',*,*,#860,.T.);
#1154=ORIENTED_EDGE('',*,*,#790,.F.);
#1155=ORIENTED_EDGE('',*,*,#860,.F.);
#1156=ORIENTED_EDGE('',*,*,#838,.T.);
#1157=ORIENTED_EDGE('',*,*,#834,.F.);
#1158=ORIENTED_EDGE('',*,*,#831,.T.);
#1159=ORIENTED_EDGE('',*,*,#828,.F.);
#1160=ORIENTED_EDGE('',*,*,#825,.T.);
#1161=ORIENTED_EDGE('',*,*,#861,.F.);
#1162=ORIENTED_EDGE('',*,*,#807,.F.);
#1163=ORIENTED_EDGE('',*,*,#805,.F.);
#1164=ORIENTED_EDGE('',*,*,#803,.F.);
#1165=ORIENTED_EDGE('',*,*,#800,.F.);
#1166=ORIENTED_EDGE('',*,*,#797,.F.);
#1167=ORIENTED_EDGE('',*,*,#792,.F.);
#1168=ORIENTED_EDGE('',*,*,#779,.F.);
#1169=ORIENTED_EDGE('',*,*,#861,.T.);
#1170=ORIENTED_EDGE('',*,*,#822,.F.);
#1171=ORIENTED_EDGE('',*,*,#767,.T.);
#1172=ORIENTED_EDGE('',*,*,#775,.F.);
#1173=ORIENTED_EDGE('',*,*,#859,.F.);
#1174=ORIENTED_EDGE('',*,*,#862,.T.);
#1175=ORIENTED_EDGE('',*,*,#863,.T.);
#1176=ORIENTED_EDGE('',*,*,#864,.T.);
#1177=ORIENTED_EDGE('',*,*,#865,.T.);
#1178=ORIENTED_EDGE('',*,*,#759,.T.);
#1179=ORIENTED_EDGE('',*,*,#809,.T.);
#1180=ORIENTED_EDGE('',*,*,#812,.T.);
#1181=ORIENTED_EDGE('',*,*,#865,.F.);
#1182=ORIENTED_EDGE('',*,*,#866,.F.);
#1183=ORIENTED_EDGE('',*,*,#867,.F.);
#1184=ORIENTED_EDGE('',*,*,#760,.T.);
#1185=ORIENTED_EDGE('',*,*,#864,.F.);
#1186=ORIENTED_EDGE('',*,*,#868,.T.);
#1187=ORIENTED_EDGE('',*,*,#869,.T.);
#1188=ORIENTED_EDGE('',*,*,#870,.T.);
#1189=ORIENTED_EDGE('',*,*,#866,.T.);
#1190=ORIENTED_EDGE('',*,*,#863,.F.);
#1191=ORIENTED_EDGE('',*,*,#871,.F.);
#1192=ORIENTED_EDGE('',*,*,#872,.F.);
#1193=ORIENTED_EDGE('',*,*,#873,.F.);
#1194=ORIENTED_EDGE('',*,*,#874,.F.);
#1195=ORIENTED_EDGE('',*,*,#875,.F.);
#1196=ORIENTED_EDGE('',*,*,#876,.F.);
#1197=ORIENTED_EDGE('',*,*,#868,.F.);
#1198=ORIENTED_EDGE('',*,*,#833,.T.);
#1199=ORIENTED_EDGE('',*,*,#836,.F.);
#1200=ORIENTED_EDGE('',*,*,#837,.T.);
#1201=ORIENTED_EDGE('',*,*,#820,.F.);
#1202=ORIENTED_EDGE('',*,*,#769,.T.);
#1203=ORIENTED_EDGE('',*,*,#824,.F.);
#1204=ORIENTED_EDGE('',*,*,#827,.T.);
#1205=ORIENTED_EDGE('',*,*,#830,.F.);
#1206=ORIENTED_EDGE('',*,*,#877,.T.);
#1207=ORIENTED_EDGE('',*,*,#874,.T.);
#1208=ORIENTED_EDGE('',*,*,#878,.T.);
#1209=ORIENTED_EDGE('',*,*,#816,.T.);
#1210=ORIENTED_EDGE('',*,*,#818,.T.);
#1211=ORIENTED_EDGE('',*,*,#783,.T.);
#1212=ORIENTED_EDGE('',*,*,#879,.T.);
#1213=ORIENTED_EDGE('',*,*,#877,.F.);
#1214=ORIENTED_EDGE('',*,*,#880,.T.);
#1215=ORIENTED_EDGE('',*,*,#881,.F.);
#1216=ORIENTED_EDGE('',*,*,#882,.T.);
#1217=ORIENTED_EDGE('',*,*,#875,.T.);
#1218=ORIENTED_EDGE('',*,*,#879,.F.);
#1219=ORIENTED_EDGE('',*,*,#782,.T.);
#1220=ORIENTED_EDGE('',*,*,#883,.T.);
#1221=ORIENTED_EDGE('',*,*,#880,.F.);
#1222=ORIENTED_EDGE('',*,*,#878,.F.);
#1223=ORIENTED_EDGE('',*,*,#873,.T.);
#1224=ORIENTED_EDGE('',*,*,#884,.T.);
#1225=ORIENTED_EDGE('',*,*,#817,.T.);
#1226=ORIENTED_EDGE('',*,*,#884,.F.);
#1227=ORIENTED_EDGE('',*,*,#872,.T.);
#1228=ORIENTED_EDGE('',*,*,#885,.T.);
#1229=ORIENTED_EDGE('',*,*,#814,.T.);
#1230=ORIENTED_EDGE('',*,*,#862,.F.);
#1231=ORIENTED_EDGE('',*,*,#811,.T.);
#1232=ORIENTED_EDGE('',*,*,#885,.F.);
#1233=ORIENTED_EDGE('',*,*,#871,.T.);
#1234=ORIENTED_EDGE('',*,*,#855,.F.);
#1235=ORIENTED_EDGE('',*,*,#847,.T.);
#1236=ORIENTED_EDGE('',*,*,#886,.T.);
#1237=ORIENTED_EDGE('',*,*,#887,.T.);
#1238=ORIENTED_EDGE('',*,*,#886,.F.);
#1239=ORIENTED_EDGE('',*,*,#888,.T.);
#1240=ORIENTED_EDGE('',*,*,#881,.T.);
#1241=ORIENTED_EDGE('',*,*,#889,.T.);
#1242=ORIENTED_EDGE('',*,*,#888,.F.);
#1243=ORIENTED_EDGE('',*,*,#846,.T.);
#1244=ORIENTED_EDGE('',*,*,#890,.F.);
#1245=ORIENTED_EDGE('',*,*,#891,.T.);
#1246=ORIENTED_EDGE('',*,*,#853,.F.);
#1247=ORIENTED_EDGE('',*,*,#887,.F.);
#1248=ORIENTED_EDGE('',*,*,#892,.F.);
#1249=ORIENTED_EDGE('',*,*,#780,.T.);
#1250=ORIENTED_EDGE('',*,*,#870,.F.);
#1251=ORIENTED_EDGE('',*,*,#890,.T.);
#1252=ORIENTED_EDGE('',*,*,#893,.T.);
#1253=ORIENTED_EDGE('',*,*,#894,.T.);
#1254=ORIENTED_EDGE('',*,*,#857,.F.);
#1255=ORIENTED_EDGE('',*,*,#895,.T.);
#1256=ORIENTED_EDGE('',*,*,#893,.F.);
#1257=ORIENTED_EDGE('',*,*,#845,.T.);
#1258=ORIENTED_EDGE('',*,*,#882,.F.);
#1259=ORIENTED_EDGE('',*,*,#891,.F.);
#1260=ORIENTED_EDGE('',*,*,#869,.F.);
#1261=ORIENTED_EDGE('',*,*,#876,.T.);
#1262=ORIENTED_EDGE('',*,*,#889,.F.);
#1263=ORIENTED_EDGE('',*,*,#883,.F.);
#1264=ORIENTED_EDGE('',*,*,#781,.T.);
#1265=ORIENTED_EDGE('',*,*,#892,.T.);
#1266=ORIENTED_EDGE('',*,*,#753,.F.);
#1267=ORIENTED_EDGE('',*,*,#762,.T.);
#1268=ORIENTED_EDGE('',*,*,#896,.T.);
#1269=ORIENTED_EDGE('',*,*,#895,.F.);
#1270=ORIENTED_EDGE('',*,*,#894,.F.);
#1271=ORIENTED_EDGE('',*,*,#896,.F.);
#1272=ORIENTED_EDGE('',*,*,#761,.T.);
#1273=ORIENTED_EDGE('',*,*,#867,.T.);
#1274=ORIENTED_EDGE('',*,*,#897,.T.);
#1275=ORIENTED_EDGE('',*,*,#898,.T.);
#1276=ORIENTED_EDGE('',*,*,#899,.T.);
#1277=ORIENTED_EDGE('',*,*,#900,.T.);
#1278=ORIENTED_EDGE('',*,*,#901,.T.);
#1279=ORIENTED_EDGE('',*,*,#902,.T.);
#1280=ORIENTED_EDGE('',*,*,#903,.T.);
#1281=ORIENTED_EDGE('',*,*,#904,.T.);
#1282=ORIENTED_EDGE('',*,*,#905,.T.);
#1283=ORIENTED_EDGE('',*,*,#906,.T.);
#1284=ORIENTED_EDGE('',*,*,#907,.T.);
#1285=ORIENTED_EDGE('',*,*,#908,.T.);
#1286=ORIENTED_EDGE('',*,*,#897,.F.);
#1287=ORIENTED_EDGE('',*,*,#909,.T.);
#1288=ORIENTED_EDGE('',*,*,#752,.F.);
#1289=ORIENTED_EDGE('',*,*,#910,.F.);
#1290=ORIENTED_EDGE('',*,*,#898,.F.);
#1291=ORIENTED_EDGE('',*,*,#910,.T.);
#1292=ORIENTED_EDGE('',*,*,#751,.F.);
#1293=ORIENTED_EDGE('',*,*,#911,.F.);
#1294=ORIENTED_EDGE('',*,*,#899,.F.);
#1295=ORIENTED_EDGE('',*,*,#911,.T.);
#1296=ORIENTED_EDGE('',*,*,#750,.F.);
#1297=ORIENTED_EDGE('',*,*,#912,.F.);
#1298=ORIENTED_EDGE('',*,*,#900,.F.);
#1299=ORIENTED_EDGE('',*,*,#912,.T.);
#1300=ORIENTED_EDGE('',*,*,#749,.F.);
#1301=ORIENTED_EDGE('',*,*,#913,.F.);
#1302=ORIENTED_EDGE('',*,*,#901,.F.);
#1303=ORIENTED_EDGE('',*,*,#913,.T.);
#1304=ORIENTED_EDGE('',*,*,#748,.F.);
#1305=ORIENTED_EDGE('',*,*,#914,.F.);
#1306=ORIENTED_EDGE('',*,*,#902,.F.);
#1307=ORIENTED_EDGE('',*,*,#914,.T.);
#1308=ORIENTED_EDGE('',*,*,#747,.F.);
#1309=ORIENTED_EDGE('',*,*,#915,.F.);
#1310=ORIENTED_EDGE('',*,*,#903,.F.);
#1311=ORIENTED_EDGE('',*,*,#915,.T.);
#1312=ORIENTED_EDGE('',*,*,#746,.F.);
#1313=ORIENTED_EDGE('',*,*,#916,.F.);
#1314=ORIENTED_EDGE('',*,*,#904,.F.);
#1315=ORIENTED_EDGE('',*,*,#916,.T.);
#1316=ORIENTED_EDGE('',*,*,#745,.F.);
#1317=ORIENTED_EDGE('',*,*,#917,.F.);
#1318=ORIENTED_EDGE('',*,*,#905,.F.);
#1319=ORIENTED_EDGE('',*,*,#917,.T.);
#1320=ORIENTED_EDGE('',*,*,#744,.F.);
#1321=ORIENTED_EDGE('',*,*,#918,.F.);
#1322=ORIENTED_EDGE('',*,*,#843,.T.);
#1323=ORIENTED_EDGE('',*,*,#906,.F.);
#1324=ORIENTED_EDGE('',*,*,#918,.T.);
#1325=ORIENTED_EDGE('',*,*,#743,.F.);
#1326=ORIENTED_EDGE('',*,*,#919,.F.);
#1327=ORIENTED_EDGE('',*,*,#907,.F.);
#1328=ORIENTED_EDGE('',*,*,#919,.T.);
#1329=ORIENTED_EDGE('',*,*,#742,.F.);
#1330=ORIENTED_EDGE('',*,*,#920,.F.);
#1331=ORIENTED_EDGE('',*,*,#908,.F.);
#1332=ORIENTED_EDGE('',*,*,#920,.T.);
#1333=ORIENTED_EDGE('',*,*,#741,.F.);
#1334=ORIENTED_EDGE('',*,*,#909,.F.);
#1335=PLANE('',#1488);
#1336=PLANE('',#1489);
#1337=PLANE('',#1493);
#1338=PLANE('',#1497);
#1339=PLANE('',#1498);
#1340=PLANE('',#1499);
#1341=PLANE('',#1506);
#1342=PLANE('',#1507);
#1343=PLANE('',#1511);
#1344=PLANE('',#1516);
#1345=PLANE('',#1517);
#1346=PLANE('',#1519);
#1347=PLANE('',#1520);
#1348=PLANE('',#1521);
#1349=PLANE('',#1525);
#1350=PLANE('',#1529);
#1351=PLANE('',#1530);
#1352=PLANE('',#1531);
#1353=PLANE('',#1535);
#1354=PLANE('',#1539);
#1355=PLANE('',#1540);
#1356=PLANE('',#1541);
#1357=PLANE('',#1542);
#1358=PLANE('',#1543);
#1359=PLANE('',#1544);
#1360=PLANE('',#1545);
#1361=PLANE('',#1546);
#1362=PLANE('',#1552);
#1363=PLANE('',#1555);
#1364=PLANE('',#1558);
#1365=PLANE('',#1559);
#1366=PLANE('',#1562);
#1367=PLANE('',#1565);
#1368=PLANE('',#1566);
#1369=PLANE('',#1567);
#1370=PLANE('',#1568);
#1371=PLANE('',#1569);
#1372=PLANE('',#1570);
#1373=PLANE('',#1572);
#1374=PLANE('',#1576);
#1375=PLANE('',#1580);
#1376=PLANE('',#1584);
#1377=PLANE('',#1586);
#1378=PLANE('',#1594);
#1379=PLANE('',#1598);
#1380=PLANE('',#1600);
#1381=PLANE('',#1602);
#1382=PLANE('',#1607);
#1383=PLANE('',#1609);
#1384=PLANE('',#1611);
#1385=PLANE('',#1612);
#1386=PLANE('',#1613);
#1387=PLANE('',#1615);
#1388=PLANE('',#1617);
#1389=PLANE('',#1618);
#1390=ADVANCED_FACE('',(#101),#1335,.T.);
#1391=ADVANCED_FACE('',(#102),#1336,.T.);
#1392=ADVANCED_FACE('',(#103),#90,.T.);
#1393=ADVANCED_FACE('',(#104),#1337,.T.);
#1394=ADVANCED_FACE('',(#105),#91,.T.);
#1395=ADVANCED_FACE('',(#106),#1338,.T.);
#1396=ADVANCED_FACE('',(#107),#1339,.T.);
#1397=ADVANCED_FACE('',(#108,#43),#1340,.F.);
#1398=ADVANCED_FACE('',(#109),#1341,.T.);
#1399=ADVANCED_FACE('',(#110),#1342,.T.);
#1400=ADVANCED_FACE('',(#111),#27,.T.);
#1401=ADVANCED_FACE('',(#112,#44,#45),#1343,.T.);
#1402=ADVANCED_FACE('',(#113),#28,.T.);
#1403=ADVANCED_FACE('',(#114),#1344,.T.);
#1404=ADVANCED_FACE('',(#115),#1345,.T.);
#1405=ADVANCED_FACE('',(#116),#1346,.T.);
#1406=ADVANCED_FACE('',(#117),#1347,.T.);
#1407=ADVANCED_FACE('',(#118),#1348,.T.);
#1408=ADVANCED_FACE('',(#119),#92,.T.);
#1409=ADVANCED_FACE('',(#120),#1349,.T.);
#1410=ADVANCED_FACE('',(#121),#93,.T.);
#1411=ADVANCED_FACE('',(#122),#1350,.T.);
#1412=ADVANCED_FACE('',(#123),#1351,.T.);
#1413=ADVANCED_FACE('',(#124),#1352,.T.);
#1414=ADVANCED_FACE('',(#125),#29,.T.);
#1415=ADVANCED_FACE('',(#126),#1353,.T.);
#1416=ADVANCED_FACE('',(#127),#30,.T.);
#1417=ADVANCED_FACE('',(#128),#1354,.T.);
#1418=ADVANCED_FACE('',(#129),#1355,.T.);
#1419=ADVANCED_FACE('',(#130),#1356,.T.);
#1420=ADVANCED_FACE('',(#131),#1357,.F.);
#1421=ADVANCED_FACE('',(#132),#1358,.T.);
#1422=ADVANCED_FACE('',(#133),#1359,.F.);
#1423=ADVANCED_FACE('',(#134),#1360,.T.);
#1424=ADVANCED_FACE('',(#135),#1361,.F.);
#1425=ADVANCED_FACE('',(#136),#94,.F.);
#1426=ADVANCED_FACE('',(#137),#31,.F.);
#1427=ADVANCED_FACE('',(#138,#46),#1362,.T.);
#1428=ADVANCED_FACE('',(#139),#32,.F.);
#1429=ADVANCED_FACE('',(#140),#1363,.T.);
#1430=ADVANCED_FACE('',(#141),#33,.F.);
#1431=ADVANCED_FACE('',(#142),#1364,.T.);
#1432=ADVANCED_FACE('',(#143),#1365,.T.);
#1433=ADVANCED_FACE('',(#144),#95,.T.);
#1434=ADVANCED_FACE('',(#145),#1366,.T.);
#1435=ADVANCED_FACE('',(#146),#96,.T.);
#1436=ADVANCED_FACE('',(#147),#1367,.T.);
#1437=ADVANCED_FACE('',(#148),#1368,.T.);
#1438=ADVANCED_FACE('',(#149),#1369,.T.);
#1439=ADVANCED_FACE('',(#150),#1370,.T.);
#1440=ADVANCED_FACE('',(#151),#1371,.T.);
#1441=ADVANCED_FACE('',(#152),#1372,.T.);
#1442=ADVANCED_FACE('',(#153),#1373,.T.);
#1443=ADVANCED_FACE('',(#154),#34,.T.);
#1444=ADVANCED_FACE('',(#155,#47),#1374,.T.);
#1445=ADVANCED_FACE('',(#156),#1375,.T.);
#1446=ADVANCED_FACE('',(#157),#35,.T.);
#1447=ADVANCED_FACE('',(#158),#1376,.T.);
#1448=ADVANCED_FACE('',(#159),#97,.T.);
#1449=ADVANCED_FACE('',(#160),#1377,.T.);
#1450=ADVANCED_FACE('',(#161),#98,.T.);
#1451=ADVANCED_FACE('',(#162),#36,.T.);
#1452=ADVANCED_FACE('',(#163),#15,.F.);
#1453=ADVANCED_FACE('',(#164),#37,.T.);
#1454=ADVANCED_FACE('',(#165),#1378,.T.);
#1455=ADVANCED_FACE('',(#166),#16,.F.);
#1456=ADVANCED_FACE('',(#167),#38,.T.);
#1457=ADVANCED_FACE('',(#168),#1379,.T.);
#1458=ADVANCED_FACE('',(#169),#99,.T.);
#1459=ADVANCED_FACE('',(#170),#1380,.T.);
#1460=ADVANCED_FACE('',(#171),#100,.T.);
#1461=ADVANCED_FACE('',(#172),#1381,.T.);
#1462=ADVANCED_FACE('',(#173),#1382,.T.);
#1463=ADVANCED_FACE('',(#174),#39,.F.);
#1464=ADVANCED_FACE('',(#175),#1383,.T.);
#1465=ADVANCED_FACE('',(#176),#40,.F.);
#1466=ADVANCED_FACE('',(#177),#1384,.T.);
#1467=ADVANCED_FACE('',(#178),#1385,.T.);
#1468=ADVANCED_FACE('',(#179),#1386,.T.);
#1469=ADVANCED_FACE('',(#180),#41,.F.);
#1470=ADVANCED_FACE('',(#181,#48),#1387,.T.);
#1471=ADVANCED_FACE('',(#182),#42,.F.);
#1472=ADVANCED_FACE('',(#183),#1388,.T.);
#1473=ADVANCED_FACE('',(#184),#1389,.T.);
#1474=CLOSED_SHELL('',(#1390,#1391,#1392,#1393,#1394,#1395,#1396,#1397,
#1398,#1399,#1400,#1401,#1402,#1403,#1404,#1405,#1406,#1407,#1408,#1409,
#1410,#1411,#1412,#1413,#1414,#1415,#1416,#1417,#1418,#1419,#1420,#1421,
#1422,#1423,#1424,#1425,#1426,#1427,#1428,#1429,#1430,#1431,#1432,#1433,
#1434,#1435,#1436,#1437,#1438,#1439,#1440,#1441,#1442,#1443,#1444,#1445,
#1446,#1447,#1448,#1449,#1450,#1451,#1452,#1453,#1454,#1455,#1456,#1457,
#1458,#1459,#1460,#1461,#1462,#1463,#1464,#1465,#1466,#1467,#1468,#1469,
#1470,#1471,#1472,#1473));
#1475=DERIVED_UNIT_ELEMENT(#1477,1.);
#1476=DERIVED_UNIT_ELEMENT(#2483,-3.);
#1477=(
MASS_UNIT()
NAMED_UNIT(*)
SI_UNIT(.KILO.,.GRAM.)
);
#1478=DERIVED_UNIT((#1475,#1476));
#1479=MEASURE_REPRESENTATION_ITEM('density measure',
POSITIVE_RATIO_MEASURE(7850.),#1478);
#1480=PROPERTY_DEFINITION_REPRESENTATION(#1485,#1482);
#1481=PROPERTY_DEFINITION_REPRESENTATION(#1486,#1483);
#1482=REPRESENTATION('material name',(#1484),#2480);
#1483=REPRESENTATION('density',(#1479),#2480);
#1484=DESCRIPTIVE_REPRESENTATION_ITEM('Steel','Steel');
#1485=PROPERTY_DEFINITION('material property','material name',#2490);
#1486=PROPERTY_DEFINITION('material property','density of part',#2490);
#1487=AXIS2_PLACEMENT_3D('',#2039,#1619,#1620);
#1488=AXIS2_PLACEMENT_3D('',#2040,#1621,#1622);
#1489=AXIS2_PLACEMENT_3D('',#2049,#1627,#1628);
#1490=AXIS2_PLACEMENT_3D('',#2055,#1632,#1633);
#1491=AXIS2_PLACEMENT_3D('',#2059,#1635,#1636);
#1492=AXIS2_PLACEMENT_3D('',#2060,#1637,#1638);
#1493=AXIS2_PLACEMENT_3D('',#2061,#1639,#1640);
#1494=AXIS2_PLACEMENT_3D('',#2067,#1644,#1645);
#1495=AXIS2_PLACEMENT_3D('',#2071,#1647,#1648);
#1496=AXIS2_PLACEMENT_3D('',#2072,#1649,#1650);
#1497=AXIS2_PLACEMENT_3D('',#2073,#1651,#1652);
#1498=AXIS2_PLACEMENT_3D('',#2079,#1656,#1657);
#1499=AXIS2_PLACEMENT_3D('',#2085,#1661,#1662);
#1500=AXIS2_PLACEMENT_3D('',#2089,#1664,#1665);
#1501=AXIS2_PLACEMENT_3D('',#2093,#1667,#1668);
#1502=AXIS2_PLACEMENT_3D('',#2101,#1672,#1673);
#1503=AXIS2_PLACEMENT_3D('',#2105,#1675,#1676);
#1504=AXIS2_PLACEMENT_3D('',#2113,#1680,#1681);
#1505=AXIS2_PLACEMENT_3D('',#2117,#1683,#1684);
#1506=AXIS2_PLACEMENT_3D('',#2119,#1686,#1687);
#1507=AXIS2_PLACEMENT_3D('',#2123,#1690,#1691);
#1508=AXIS2_PLACEMENT_3D('',#2137,#1698,#1699);
#1509=AXIS2_PLACEMENT_3D('',#2139,#1701,#1702);
#1510=AXIS2_PLACEMENT_3D('',#2143,#1704,#1705);
#1511=AXIS2_PLACEMENT_3D('',#2145,#1707,#1708);
#1512=AXIS2_PLACEMENT_3D('',#2158,#1715,#1716);
#1513=AXIS2_PLACEMENT_3D('',#2160,#1717,#1718);
#1514=AXIS2_PLACEMENT_3D('',#2161,#1719,#1720);
#1515=AXIS2_PLACEMENT_3D('',#2164,#1722,#1723);
#1516=AXIS2_PLACEMENT_3D('',#2165,#1724,#1725);
#1517=AXIS2_PLACEMENT_3D('',#2174,#1730,#1731);
#1518=AXIS2_PLACEMENT_3D('',#2178,#1733,#1734);
#1519=AXIS2_PLACEMENT_3D('',#2187,#1740,#1741);
#1520=AXIS2_PLACEMENT_3D('',#2193,#1745,#1746);
#1521=AXIS2_PLACEMENT_3D('',#2197,#1749,#1750);
#1522=AXIS2_PLACEMENT_3D('',#2203,#1754,#1755);
#1523=AXIS2_PLACEMENT_3D('',#2207,#1757,#1758);
#1524=AXIS2_PLACEMENT_3D('',#2208,#1759,#1760);
#1525=AXIS2_PLACEMENT_3D('',#2209,#1761,#1762);
#1526=AXIS2_PLACEMENT_3D('',#2215,#1766,#1767);
#1527=AXIS2_PLACEMENT_3D('',#2219,#1769,#1770);
#1528=AXIS2_PLACEMENT_3D('',#2220,#1771,#1772);
#1529=AXIS2_PLACEMENT_3D('',#2221,#1773,#1774);
#1530=AXIS2_PLACEMENT_3D('',#2226,#1778,#1779);
#1531=AXIS2_PLACEMENT_3D('',#2228,#1781,#1782);
#1532=AXIS2_PLACEMENT_3D('',#2232,#1785,#1786);
#1533=AXIS2_PLACEMENT_3D('',#2236,#1788,#1789);
#1534=AXIS2_PLACEMENT_3D('',#2237,#1790,#1791);
#1535=AXIS2_PLACEMENT_3D('',#2238,#1792,#1793);
#1536=AXIS2_PLACEMENT_3D('',#2242,#1796,#1797);
#1537=AXIS2_PLACEMENT_3D('',#2246,#1799,#1800);
#1538=AXIS2_PLACEMENT_3D('',#2247,#1801,#1802);
#1539=AXIS2_PLACEMENT_3D('',#2248,#1803,#1804);
#1540=AXIS2_PLACEMENT_3D('',#2250,#1806,#1807);
#1541=AXIS2_PLACEMENT_3D('',#2256,#1811,#1812);
#1542=AXIS2_PLACEMENT_3D('',#2262,#1816,#1817);
#1543=AXIS2_PLACEMENT_3D('',#2268,#1821,#1822);
#1544=AXIS2_PLACEMENT_3D('',#2274,#1826,#1827);
#1545=AXIS2_PLACEMENT_3D('',#2280,#1831,#1832);
#1546=AXIS2_PLACEMENT_3D('',#2286,#1836,#1837);
#1547=AXIS2_PLACEMENT_3D('',#2289,#1840,#1841);
#1548=AXIS2_PLACEMENT_3D('',#2291,#1842,#1843);
#1549=AXIS2_PLACEMENT_3D('',#2294,#1845,#1846);
#1550=AXIS2_PLACEMENT_3D('',#2295,#1847,#1848);
#1551=AXIS2_PLACEMENT_3D('',#2298,#1850,#1851);
#1552=AXIS2_PLACEMENT_3D('',#2299,#1852,#1853);
#1553=AXIS2_PLACEMENT_3D('',#2308,#1858,#1859);
#1554=AXIS2_PLACEMENT_3D('',#2311,#1861,#1862);
#1555=AXIS2_PLACEMENT_3D('',#2312,#1863,#1864);
#1556=AXIS2_PLACEMENT_3D('',#2313,#1865,#1866);
#1557=AXIS2_PLACEMENT_3D('',#2316,#1868,#1869);
#1558=AXIS2_PLACEMENT_3D('',#2317,#1870,#1871);
#1559=AXIS2_PLACEMENT_3D('',#2318,#1872,#1873);
#1560=AXIS2_PLACEMENT_3D('',#2322,#1876,#1877);
#1561=AXIS2_PLACEMENT_3D('',#2324,#1879,#1880);
#1562=AXIS2_PLACEMENT_3D('',#2325,#1881,#1882);
#1563=AXIS2_PLACEMENT_3D('',#2327,#1884,#1885);
#1564=AXIS2_PLACEMENT_3D('',#2328,#1886,#1887);
#1565=AXIS2_PLACEMENT_3D('',#2329,#1888,#1889);
#1566=AXIS2_PLACEMENT_3D('',#2331,#1891,#1892);
#1567=AXIS2_PLACEMENT_3D('',#2333,#1894,#1895);
#1568=AXIS2_PLACEMENT_3D('',#2335,#1897,#1898);
#1569=AXIS2_PLACEMENT_3D('',#2337,#1900,#1901);
#1570=AXIS2_PLACEMENT_3D('',#2338,#1902,#1903);
#1571=AXIS2_PLACEMENT_3D('',#2346,#1905,#1906);
#1572=AXIS2_PLACEMENT_3D('',#2348,#1908,#1909);
#1573=AXIS2_PLACEMENT_3D('',#2352,#1912,#1913);
#1574=AXIS2_PLACEMENT_3D('',#2354,#1914,#1915);
#1575=AXIS2_PLACEMENT_3D('',#2357,#1917,#1918);
#1576=AXIS2_PLACEMENT_3D('',#2358,#1919,#1920);
#1577=AXIS2_PLACEMENT_3D('',#2360,#1921,#1922);
#1578=AXIS2_PLACEMENT_3D('',#2364,#1924,#1925);
#1579=AXIS2_PLACEMENT_3D('',#2368,#1927,#1928);
#1580=AXIS2_PLACEMENT_3D('',#2370,#1930,#1931);
#1581=AXIS2_PLACEMENT_3D('',#2372,#1932,#1933);
#1582=AXIS2_PLACEMENT_3D('',#2377,#1935,#1936);
#1583=AXIS2_PLACEMENT_3D('',#2381,#1938,#1939);
#1584=AXIS2_PLACEMENT_3D('',#2383,#1941,#1942);
#1585=AXIS2_PLACEMENT_3D('',#2385,#1944,#1945);
#1586=AXIS2_PLACEMENT_3D('',#2387,#1947,#1948);
#1587=AXIS2_PLACEMENT_3D('',#2389,#1950,#1951);
#1588=AXIS2_PLACEMENT_3D('',#2390,#1952,#1953);
#1589=AXIS2_PLACEMENT_3D('',#2392,#1954,#1955);
#1590=AXIS2_PLACEMENT_3D('',#2403,#1957,#1958);
#1591=AXIS2_PLACEMENT_3D('',#2404,#1959,#1960);
#1592=AXIS2_PLACEMENT_3D('',#2405,#1961,#1962);
#1593=AXIS2_PLACEMENT_3D('',#2406,#1963,#1964);
#1594=AXIS2_PLACEMENT_3D('',#2408,#1966,#1967);
#1595=AXIS2_PLACEMENT_3D('',#2420,#1969,#1970);
#1596=AXIS2_PLACEMENT_3D('',#2421,#1971,#1972);
#1597=AXIS2_PLACEMENT_3D('',#2422,#1973,#1974);
#1598=AXIS2_PLACEMENT_3D('',#2424,#1976,#1977);
#1599=AXIS2_PLACEMENT_3D('',#2425,#1978,#1979);
#1600=AXIS2_PLACEMENT_3D('',#2426,#1980,#1981);
#1601=AXIS2_PLACEMENT_3D('',#2428,#1983,#1984);
#1602=AXIS2_PLACEMENT_3D('',#2429,#1985,#1986);
#1603=AXIS2_PLACEMENT_3D('',#2434,#1988,#1989);
#1604=AXIS2_PLACEMENT_3D('',#2438,#1991,#1992);
#1605=AXIS2_PLACEMENT_3D('',#2446,#1996,#1997);
#1606=AXIS2_PLACEMENT_3D('',#2450,#1999,#2000);
#1607=AXIS2_PLACEMENT_3D('',#2454,#2003,#2004);
#1608=AXIS2_PLACEMENT_3D('',#2457,#2007,#2008);
#1609=AXIS2_PLACEMENT_3D('',#2459,#2010,#2011);
#1610=AXIS2_PLACEMENT_3D('',#2461,#2013,#2014);
#1611=AXIS2_PLACEMENT_3D('',#2463,#2016,#2017);
#1612=AXIS2_PLACEMENT_3D('',#2465,#2019,#2020);
#1613=AXIS2_PLACEMENT_3D('',#2467,#2022,#2023);
#1614=AXIS2_PLACEMENT_3D('',#2469,#2025,#2026);
#1615=AXIS2_PLACEMENT_3D('',#2471,#2028,#2029);
#1616=AXIS2_PLACEMENT_3D('',#2473,#2031,#2032);
#1617=AXIS2_PLACEMENT_3D('',#2475,#2034,#2035);
#1618=AXIS2_PLACEMENT_3D('',#2477,#2037,#2038);
#1619=DIRECTION('axis',(0.,0.,1.));
#1620=DIRECTION('refdir',(1.,0.,0.));
#1621=DIRECTION('center_axis',(-1.46042650697152E-15,0.707106781190078,
0.707106781183017));
#1622=DIRECTION('ref_axis',(1.,0.,2.06535497301859E-15));
#1623=DIRECTION('',(-1.,-1.22464679924516E-16,-1.94289029309286E-15));
#1624=DIRECTION('',(0.281084637714824,-0.678598344542458,0.678598344549235));
#1625=DIRECTION('',(1.,1.22464679924516E-16,1.94289029309286E-15));
#1626=DIRECTION('',(0.281084637714816,0.678598344542462,-0.678598344549234));
#1627=DIRECTION('center_axis',(0.5,0.50000000000353,0.707106781184052));
#1628=DIRECTION('ref_axis',(0.816496580926765,0.,-0.577350269190984));
#1629=DIRECTION('',(0.707106781186546,-0.707106781186549,3.5316743369358E-12));
#1630=DIRECTION('',(0.500000000000002,0.499999999996469,-0.707106781189043));
#1631=DIRECTION('',(-0.707106781186546,0.707106781186549,-3.5316743369358E-12));
#1632=DIRECTION('center_axis',(0.,-4.99156271871472E-12,-1.));
#1633=DIRECTION('ref_axis',(0.923879532511287,0.382683432365088,-1.90845957454049E-12));
#1634=DIRECTION('',(0.707106781186551,-3.52956784712113E-12,-0.707106781186544));
#1635=DIRECTION('center_axis',(-1.94289029309347E-15,4.99259885488651E-12,
1.));
#1636=DIRECTION('ref_axis',(0.923879532511287,0.382683432365088,-1.9082944269936E-12));
#1637=DIRECTION('center_axis',(1.94289029309347E-15,-4.99259885488651E-12,
-1.));
#1638=DIRECTION('ref_axis',(0.923879532511287,0.382683432365088,-1.90878986963427E-12));
#1639=DIRECTION('center_axis',(0.707106781186547,3.53038710164007E-12,0.707106781186548));
#1640=DIRECTION('ref_axis',(0.707106781186548,0.,-0.707106781186547));
#1641=DIRECTION('',(1.22464679914816E-16,-1.,4.99259885488651E-12));
#1642=DIRECTION('',(0.707106781186548,-3.52956784712114E-12,-0.707106781186547));
#1643=DIRECTION('',(-1.22464679914816E-16,1.,-4.99259885488651E-12));
#1644=DIRECTION('center_axis',(0.,-4.99156271871467E-12,-1.));
#1645=DIRECTION('ref_axis',(0.923879532511287,-0.382683432365088,1.91125850124755E-12));
#1646=DIRECTION('',(0.500000000000002,-0.500000000003529,-0.707106781184051));
#1647=DIRECTION('center_axis',(-1.94289029309347E-15,4.99259885488651E-12,
1.));
#1648=DIRECTION('ref_axis',(0.923879532511287,-0.382683432365088,1.91069782047848E-12));
#1649=DIRECTION('center_axis',(1.94289029309347E-15,-4.99259885488651E-12,
-1.));
#1650=DIRECTION('ref_axis',(0.923879532511287,-0.382683432365088,1.91237986278568E-12));
#1651=DIRECTION('center_axis',(0.500000000000001,-0.499999999996472,0.707106781189041));
#1652=DIRECTION('ref_axis',(0.816496580928685,0.,-0.577350269188269));
#1653=DIRECTION('',(0.707106781186548,0.707106781186548,-3.52892667513309E-12));
#1654=DIRECTION('',(-0.707106781186548,-0.707106781186548,3.52892667513309E-12));
#1655=DIRECTION('',(0.281084637714809,-0.678598344549237,-0.678598344542462));
#1656=DIRECTION('center_axis',(-1.2872352957243E-15,-0.707106781183019,
0.707106781190076));
#1657=DIRECTION('ref_axis',(1.,0.,1.82042561316956E-15));
#1658=DIRECTION('',(-1.,-1.22464679924516E-16,-1.94289029309286E-15));
#1659=DIRECTION('',(-0.281084637714825,-0.678598344549232,-0.67859834454246));
#1660=DIRECTION('',(1.,1.22464679924516E-16,1.94289029309286E-15));
#1661=DIRECTION('center_axis',(1.94289029309347E-15,-4.99259885488651E-12,
-1.));
#1662=DIRECTION('ref_axis',(1.,1.22464679924516E-16,1.94289029309286E-15));
#1663=DIRECTION('',(0.707106781186549,0.707106781186546,-3.52892667513309E-12));
#1664=DIRECTION('center_axis',(1.94289029309347E-15,-4.99259885488651E-12,
-1.));
#1665=DIRECTION('ref_axis',(-0.923879532511287,0.38268343236509,-1.91237986278569E-12));
#1666=DIRECTION('',(-1.22464679914816E-16,1.,-4.99259885488651E-12));
#1667=DIRECTION('center_axis',(1.94289029309347E-15,-4.99259885488651E-12,
-1.));
#1668=DIRECTION('ref_axis',(-0.923879532511287,-0.38268343236509,1.90878986963428E-12));
#1669=DIRECTION('',(-0.707106781186548,0.707106781186547,-3.53167433693579E-12));
#1670=DIRECTION('',(-1.,-1.22464679924516E-16,-1.94289029309286E-15));
#1671=DIRECTION('',(-0.707106781186552,0.707106781186543,-3.53167433693577E-12));
#1672=DIRECTION('center_axis',(1.94289029309347E-15,-4.99259885488651E-12,
-1.));
#1673=DIRECTION('ref_axis',(-0.707106781186535,-0.70710678118656,3.52892667513316E-12));
#1674=DIRECTION('',(3.64521899413127E-15,1.,-4.99260105210502E-12));
#1675=DIRECTION('center_axis',(1.94823973190791E-15,-4.99259885488651E-12,
-1.));
#1676=DIRECTION('ref_axis',(-1.,-5.76169274151259E-15,-1.94823973187915E-15));
#1677=DIRECTION('',(0.707106781186549,0.707106781186546,-3.52891766891091E-12));
#1678=DIRECTION('',(1.,5.09743542596649E-15,1.942890293068E-15));
#1679=DIRECTION('',(0.707106781186541,-0.707106781186555,3.53167433693583E-12));
#1680=DIRECTION('center_axis',(1.94289029309385E-15,-4.99259885488651E-12,
-1.));
#1681=DIRECTION('ref_axis',(0.707106781186547,0.707106781186548,-3.5289266751331E-12));
#1682=DIRECTION('',(1.22464679914816E-16,-1.,4.99255984505522E-12));
#1683=DIRECTION('center_axis',(1.94289029309347E-15,-4.99259885488651E-12,
-1.));
#1684=DIRECTION('ref_axis',(1.,9.99111378770384E-15,1.94289029304358E-15));
#1685=DIRECTION('',(-0.707106781186539,-0.707106781186556,3.52892298139344E-12));
#1686=DIRECTION('center_axis',(-0.499999999999999,0.500000000003529,0.707106781184053));
#1687=DIRECTION('ref_axis',(0.816496580926766,0.,0.577350269190983));
#1688=DIRECTION('',(-0.707106781186549,-0.707106781186546,3.52892667513309E-12));
#1689=DIRECTION('',(-0.499999999999998,0.499999999996471,-0.707106781189044));
#1690=DIRECTION('center_axis',(-1.22464679914816E-16,1.,-4.99257201237345E-12));
#1691=DIRECTION('ref_axis',(-1.,-1.22464679924516E-16,-1.94289029309286E-15));
#1692=DIRECTION('',(-1.61486985400023E-15,4.99257201237345E-12,1.));
#1693=DIRECTION('',(-0.707106781186546,3.53019492990582E-12,0.707106781186549));
#1694=DIRECTION('',(-1.,-1.22464679914816E-16,1.20433521655943E-30));
#1695=DIRECTION('',(1.90104249347472E-43,4.99257201237345E-12,1.));
#1696=DIRECTION('',(1.,1.22464679892159E-16,-4.53813791087635E-15));
#1697=DIRECTION('',(0.707106781186551,-3.53019492990579E-12,-0.707106781186544));
#1698=DIRECTION('center_axis',(1.22464679914816E-16,-1.,4.99257201237345E-12));
#1699=DIRECTION('ref_axis',(-0.923879532511285,-1.9106877366362E-12,-0.382683432365093));
#1700=DIRECTION('',(1.61486985400023E-15,-4.99257201237345E-12,-1.));
#1701=DIRECTION('center_axis',(1.61486985400023E-15,-4.99257201237345E-12,
-1.));
#1702=DIRECTION('ref_axis',(0.923879532511287,0.382683432365088,-1.9082944269936E-12));
#1703=DIRECTION('',(1.61486985400023E-15,-4.99257201237345E-12,-1.));
#1704=DIRECTION('center_axis',(-0.707106781186549,-7.04038504959926E-15,
-0.707106781186546));
#1705=DIRECTION('ref_axis',(0.707106781186546,-7.0535913052475E-12,-0.707106781186549));
#1706=DIRECTION('',(-1.61486985400051E-15,4.99257201237345E-12,1.));
#1707=DIRECTION('center_axis',(1.,1.22464679922878E-16,1.61486985399962E-15));
#1708=DIRECTION('ref_axis',(-1.22464679914816E-16,1.,-4.99259885488651E-12));
#1709=DIRECTION('',(-1.61486985400023E-15,4.99257201237345E-12,1.));
#1710=DIRECTION('',(1.22464679922862E-16,-1.,9.8341433415492E-15));
#1711=DIRECTION('',(-1.61486985399962E-15,9.66547103791312E-15,1.));
#1712=DIRECTION('',(-2.23736388129023E-29,-1.,9.8341433415492E-15));
#1713=DIRECTION('',(1.61486985399962E-15,-9.66547103791312E-15,-1.));
#1714=DIRECTION('',(1.22464679922862E-16,-1.,9.8341433415492E-15));
#1715=DIRECTION('center_axis',(-1.,-1.22464679922878E-16,-1.61486985399962E-15));
#1716=DIRECTION('ref_axis',(0.,1.,-7.72517655155674E-32));
#1717=DIRECTION('center_axis',(-1.,-1.22464679922878E-16,-1.61486985399962E-15));
#1718=DIRECTION('ref_axis',(0.,1.,-7.72517655155674E-32));
#1719=DIRECTION('center_axis',(-1.61486985400023E-15,4.99257201237345E-12,
1.));
#1720=DIRECTION('ref_axis',(0.923879532511287,-0.382683432365088,1.91069782047848E-12));
#1721=DIRECTION('',(1.61486985400051E-15,-4.99257201237345E-12,-1.));
#1722=DIRECTION('center_axis',(-0.707106781186551,-7.04038504959924E-15,
-0.707106781186544));
#1723=DIRECTION('ref_axis',(0.707106781186544,-7.05359130524748E-12,-0.70710678118655));
#1724=DIRECTION('center_axis',(0.499999999999121,-0.707106781185297,0.500000000002647));
#1725=DIRECTION('ref_axis',(0.707106781189041,0.,-0.707106781184054));
#1726=DIRECTION('',(0.678598344545202,0.678598344546606,0.281084637714546));
#1727=DIRECTION('',(0.707106781186544,-3.53019492990583E-12,-0.707106781186551));
#1728=DIRECTION('',(-0.281084637714183,-0.678598344547679,-0.678598344544279));
#1729=DIRECTION('',(-0.707106781186544,3.53019492990583E-12,0.707106781186551));
#1730=DIRECTION('center_axis',(1.22464679914816E-16,-1.,4.99257201237345E-12));
#1731=DIRECTION('ref_axis',(1.,1.22464679924516E-16,1.94289029309286E-15));
#1732=DIRECTION('',(-1.61486985400023E-15,4.99257201237345E-12,1.));
#1733=DIRECTION('center_axis',(-1.22464679914816E-16,1.,-4.99257201237345E-12));
#1734=DIRECTION('ref_axis',(-0.923879532511286,-1.9106877366362E-12,-0.382683432365093));
#1735=DIRECTION('',(-0.707106781186551,3.53019492990579E-12,0.707106781186544));
#1736=DIRECTION('',(-1.,-1.22464679892159E-16,4.53813791087635E-15));
#1737=DIRECTION('',(-1.90104249347472E-43,-4.99257201237345E-12,-1.));
#1738=DIRECTION('',(1.,1.22464679914816E-16,-1.20433521655943E-30));
#1739=DIRECTION('',(1.61486985400023E-15,-4.99257201237345E-12,-1.));
#1740=DIRECTION('center_axis',(0.500000000000881,0.7071067811878,0.499999999997348));
#1741=DIRECTION('ref_axis',(0.70710678118405,0.,-0.707106781189045));
#1742=DIRECTION('',(0.281084637595797,-0.678598344514977,0.678598344626018));
#1743=DIRECTION('',(-0.678598344546489,0.678598344545088,-0.281084637715101));
#1744=DIRECTION('',(0.707106781186546,-3.53019492990582E-12,-0.707106781186549));
#1745=DIRECTION('center_axis',(-8.65956056306904E-17,0.7071067812444,0.707106781128695));
#1746=DIRECTION('ref_axis',(1.,0.,1.22464679934854E-16));
#1747=DIRECTION('',(1.,1.22464679914816E-16,-1.20433521655943E-30));
#1748=DIRECTION('',(0.281084637823637,0.67859834446779,-0.678598344578831));
#1749=DIRECTION('center_axis',(0.499999999985172,0.500000000016599,0.707106781185296));
#1750=DIRECTION('ref_axis',(0.816496580935316,0.,-0.577350269178892));
#1751=DIRECTION('',(0.707106781208765,-0.70710678116433,6.95378944375148E-15));
#1752=DIRECTION('',(0.499999999983408,0.500000000014824,-0.707106781187797));
#1753=DIRECTION('',(-0.707106781208765,0.70710678116433,-6.95378944375148E-15));
#1754=DIRECTION('center_axis',(0.,-8.88178419734294E-15,-1.));
#1755=DIRECTION('ref_axis',(0.923879532505274,0.382683432379605,-1.14744335908852E-12));
#1756=DIRECTION('',(0.707106781199479,-6.28036983486186E-15,-0.707106781173616));
#1757=DIRECTION('center_axis',(1.89009981033925E-43,9.8341433415492E-15,
1.));
#1758=DIRECTION('ref_axis',(0.923879532505274,0.382683432379605,-1.90989668932929E-12));
#1759=DIRECTION('center_axis',(-1.89009981033925E-43,-9.8341433415492E-15,
-1.));
#1760=DIRECTION('ref_axis',(0.923879532505275,0.382683432379605,-3.76336372845697E-15));
#1761=DIRECTION('center_axis',(0.707106781186549,6.95378944396996E-15,0.707106781186546));
#1762=DIRECTION('ref_axis',(0.707106781186546,0.,-0.707106781186549));
#1763=DIRECTION('',(0.707106781186546,-6.28036983473511E-15,-0.707106781186549));
#1764=DIRECTION('',(0.,1.,-9.8341433415492E-15));
#1765=DIRECTION('',(0.,-1.,9.8341433415492E-15));
#1766=DIRECTION('center_axis',(0.,-8.88178419804033E-15,-1.));
#1767=DIRECTION('ref_axis',(0.923879532511287,-0.38268343236509,1.14744335908188E-12));
#1768=DIRECTION('',(0.500000000029724,-0.50000000002973,-0.707106781144507));
#1769=DIRECTION('center_axis',(1.89009981033925E-43,9.8341433415492E-15,
1.));
#1770=DIRECTION('ref_axis',(0.923879532511287,-0.38268343236509,1.90989668931687E-12));
#1771=DIRECTION('center_axis',(-1.89009981033925E-43,-9.8341433415492E-15,
-1.));
#1772=DIRECTION('ref_axis',(0.923879532511287,-0.38268343236509,3.76336372831444E-15));
#1773=DIRECTION('center_axis',(0.499999999999115,-0.499999999999109,0.707106781187803));
#1774=DIRECTION('ref_axis',(0.816496580928691,0.,-0.577350269188261));
#1775=DIRECTION('',(0.707106781186548,0.707106781186547,-6.95378944396997E-15));
#1776=DIRECTION('',(-0.707106781186548,-0.707106781186547,6.95378944396997E-15));
#1777=DIRECTION('',(0.281084637714188,-0.678598344547676,-0.67859834454428));
#1778=DIRECTION('center_axis',(8.65956056233903E-17,-0.707106781184776,
0.707106781188319));
#1779=DIRECTION('ref_axis',(1.,0.,-1.22464679914204E-16));
#1780=DIRECTION('',(-1.,-1.22464679914816E-16,1.20433521655943E-30));
#1781=DIRECTION('center_axis',(0.70710678116433,0.707106781208765,-3.53028152562236E-12));
#1782=DIRECTION('ref_axis',(-4.99257201268719E-12,0.,-1.));
#1783=DIRECTION('',(1.90104249347472E-43,4.99257201237345E-12,1.));
#1784=DIRECTION('',(0.331294578223764,-0.331294578207356,-0.883452208605507));
#1785=DIRECTION('center_axis',(-1.90104249347472E-43,-4.99257201237345E-12,
-1.));
#1786=DIRECTION('ref_axis',(0.923879532505274,0.382683432379605,-1.90989668932929E-12));
#1787=DIRECTION('',(-1.90104249347472E-43,-4.99257201237345E-12,-1.));
#1788=DIRECTION('center_axis',(-4.53813791087635E-15,-9.8341433415492E-15,
-1.));
#1789=DIRECTION('ref_axis',(0.923879532505274,0.382683432379605,-1.90989668932929E-12));
#1790=DIRECTION('center_axis',(-1.70811385459207E-15,0.936329177575912,
-0.351123441570079));
#1791=DIRECTION('ref_axis',(-6.49708882185895E-16,0.351123441570079,0.936329177575912));
#1792=DIRECTION('center_axis',(1.,-1.86951243792065E-57,-1.90104249347472E-43));
#1793=DIRECTION('ref_axis',(1.90104249347472E-43,9.89107785575139E-15,1.));
#1794=DIRECTION('',(1.90104249347472E-43,4.99257201237345E-12,1.));
#1795=DIRECTION('',(0.,-1.,9.8341433415492E-15));
#1796=DIRECTION('center_axis',(1.90104249347472E-43,4.99257201237345E-12,
1.));
#1797=DIRECTION('ref_axis',(0.923879532511287,-0.38268343236509,1.90989668931687E-12));
#1798=DIRECTION('',(-2.85598154493305E-28,-4.99257201237345E-12,-1.));
#1799=DIRECTION('center_axis',(-1.47877934864618E-15,-0.936329177570582,
-0.351123441584292));
#1800=DIRECTION('ref_axis',(-5.84737994006546E-16,-0.351123441584292,0.936329177570582));
#1801=DIRECTION('center_axis',(-4.53813791087635E-15,-9.8341433415492E-15,
-1.));
#1802=DIRECTION('ref_axis',(0.923879532511287,-0.38268343236509,1.90989668931687E-12));
#1803=DIRECTION('center_axis',(0.707106781186547,-0.707106781186548,3.53028152551144E-12));
#1804=DIRECTION('ref_axis',(4.99257201237346E-12,0.,-1.));
#1805=DIRECTION('',(-0.331294578225023,-0.331294578220612,0.883452208600064));
#1806=DIRECTION('center_axis',(0.707106781186549,-0.707106781186546,7.9764055387674E-15));
#1807=DIRECTION('ref_axis',(1.12803408919127E-14,0.,-1.));
#1808=DIRECTION('',(-0.577350269189624,-0.57735026918962,0.577350269189633));
#1809=DIRECTION('',(0.707106781186546,0.707106781186549,-1.01627375347104E-14));
#1810=DIRECTION('',(-1.61486985399962E-15,9.66547103791312E-15,1.));
#1811=DIRECTION('center_axis',(0.707106781186549,0.707106781186546,-5.69263468977367E-15));
#1812=DIRECTION('ref_axis',(-8.05060118391346E-15,0.,-1.));
#1813=DIRECTION('',(0.577350269189624,-0.577350269189631,-0.577350269189623));
#1814=DIRECTION('',(1.61486985399962E-15,-9.66547103791312E-15,-1.));
#1815=DIRECTION('',(-0.707106781186546,0.707106781186549,-3.74484135322958E-15));
#1816=DIRECTION('center_axis',(-2.20119558772076E-29,-1.,9.66547103791312E-15));
#1817=DIRECTION('ref_axis',(-1.,0.,-2.27738056333365E-15));
#1818=DIRECTION('',(-1.,2.20119558772076E-29,-2.74587482903912E-44));
#1819=DIRECTION('',(-2.089831575765E-15,9.66547103791312E-15,1.));
#1820=DIRECTION('',(1.,-6.58751964208386E-29,-4.53813791087635E-15));
#1821=DIRECTION('center_axis',(-0.707106781186548,0.707106781186548,-8.31225419303175E-15));
#1822=DIRECTION('ref_axis',(-1.17553026136781E-14,0.,1.));
#1823=DIRECTION('',(0.707106781186548,0.707106781186548,-6.95378944396998E-15));
#1824=DIRECTION('',(2.089831575765E-15,-9.66547103791312E-15,-1.));
#1825=DIRECTION('',(-0.707106781186548,-0.707106781186548,1.01627375347104E-14));
#1826=DIRECTION('center_axis',(1.,-4.80096443081149E-15,2.08983157576505E-15));
#1827=DIRECTION('ref_axis',(-4.80096443081151E-15,-1.,9.71445146547011E-15));
#1828=DIRECTION('',(-4.80096443081151E-15,-1.,9.8341433415492E-15));
#1829=DIRECTION('',(-2.089831575765E-15,9.66547103791312E-15,1.));
#1830=DIRECTION('',(4.80096443081151E-15,1.,-9.83414334154922E-15));
#1831=DIRECTION('center_axis',(-0.707106781186552,-0.707106781186543,5.35678603550929E-15));
#1832=DIRECTION('ref_axis',(7.575639462148E-15,0.,1.));
#1833=DIRECTION('',(-0.707106781186543,0.707106781186552,-6.95378944397002E-15));
#1834=DIRECTION('',(2.089831575765E-15,-9.66547103791312E-15,-1.));
#1835=DIRECTION('',(0.707106781186543,-0.707106781186552,3.74484135322963E-15));
#1836=DIRECTION('center_axis',(2.20119558772076E-29,1.,-9.66547103791312E-15));
#1837=DIRECTION('ref_axis',(1.,0.,2.27738056333365E-15));
#1838=DIRECTION('',(-1.,6.58751964208386E-29,4.53813791087635E-15));
#1839=DIRECTION('',(1.,-2.20119558772076E-29,2.74587482903912E-44));
#1840=DIRECTION('center_axis',(-1.,0.,0.));
#1841=DIRECTION('ref_axis',(8.22262850910755E-17,-1.,-1.39141465707504E-31));
#1842=DIRECTION('center_axis',(-1.,-1.22464679922878E-16,-1.61486985399962E-15));
#1843=DIRECTION('ref_axis',(1.22464679922878E-16,-1.,-7.41616949202919E-32));
#1844=DIRECTION('',(0.707106781186545,-0.70710678118655,8.65956056235495E-17));
#1845=DIRECTION('center_axis',(1.,1.22464679922878E-16,1.61486985399962E-15));
#1846=DIRECTION('ref_axis',(0.,-1.,-2.7192621470746E-31));
#1847=DIRECTION('center_axis',(1.,0.,2.22044604925032E-15));
#1848=DIRECTION('ref_axis',(0.,-1.,-2.7192621470746E-31));
#1849=DIRECTION('',(1.,0.,2.22044604925032E-15));
#1850=DIRECTION('center_axis',(-1.,3.64521899412321E-15,-1.61486985401843E-15));
#1851=DIRECTION('ref_axis',(0.,-1.,-2.7192621470746E-31));
#1852=DIRECTION('center_axis',(-1.,-1.22464679922878E-16,-1.61486985399962E-15));
#1853=DIRECTION('ref_axis',(1.22464679914816E-16,-1.,4.99259885488651E-12));
#1854=DIRECTION('',(1.22464679914816E-16,-1.,4.99259885488651E-12));
#1855=DIRECTION('',(-1.61486985400023E-15,4.99257201237345E-12,1.));
#1856=DIRECTION('',(-1.22464679922863E-16,1.,-9.71167866162634E-15));
#1857=DIRECTION('',(1.61486985400023E-15,-4.99257201237345E-12,-1.));
#1858=DIRECTION('center_axis',(-1.,0.,-1.38777878078144E-15));
#1859=DIRECTION('ref_axis',(0.,1.,-7.72517655155674E-32));
#1860=DIRECTION('',(-1.,0.,-1.38777878078144E-15));
#1861=DIRECTION('center_axis',(-1.,-1.22464679922878E-16,-1.61486985399962E-15));
#1862=DIRECTION('ref_axis',(-1.22464679922878E-16,1.,-2.47205649707729E-31));
#1863=DIRECTION('center_axis',(1.,1.22464679922878E-16,1.61486985399962E-15));
#1864=DIRECTION('ref_axis',(-1.22464679922878E-16,1.,-2.47205649707729E-31));
#1865=DIRECTION('center_axis',(-1.,0.,-1.38777878078144E-15));
#1866=DIRECTION('ref_axis',(0.,1.,-7.72517655155674E-32));
#1867=DIRECTION('',(-1.,0.,-1.38777878078144E-15));
#1868=DIRECTION('center_axis',(-1.,-1.22464679922878E-16,-1.61486985399962E-15));
#1869=DIRECTION('ref_axis',(-1.22464679922878E-16,1.,-2.47205649707729E-31));
#1870=DIRECTION('center_axis',(1.,1.22464679922878E-16,1.61486985399962E-15));
#1871=DIRECTION('ref_axis',(-1.22464679922878E-16,1.,-2.47205649707729E-31));
#1872=DIRECTION('center_axis',(-0.5,-0.499999999996469,0.707106781189044));
#1873=DIRECTION('ref_axis',(0.816496580928687,0.,0.577350269188267));
#1874=DIRECTION('',(-0.499999999999997,-0.500000000003536,-0.70710678118405));
#1875=DIRECTION('',(0.707106781186548,-0.707106781186547,3.53167433693579E-12));
#1876=DIRECTION('center_axis',(0.,-4.99156271871469E-12,-1.));
#1877=DIRECTION('ref_axis',(-0.923879532511287,-0.38268343236509,1.90849260404988E-12));
#1878=DIRECTION('',(-0.707106781186551,-3.5295678471211E-12,-0.707106781186544));
#1879=DIRECTION('center_axis',(-1.94289029309347E-15,4.99259885488651E-12,
1.));
#1880=DIRECTION('ref_axis',(-0.923879532511287,-0.38268343236509,1.90829442699361E-12));
#1881=DIRECTION('center_axis',(-0.70710678118655,3.53021391042881E-12,0.707106781186545));
#1882=DIRECTION('ref_axis',(0.707106781186545,0.,0.70710678118655));
#1883=DIRECTION('',(-0.707106781186546,-3.52956784712113E-12,-0.707106781186549));
#1884=DIRECTION('center_axis',(0.,-4.9915627187147E-12,-1.));
#1885=DIRECTION('ref_axis',(-0.923879532511287,0.38268343236509,-1.9128126734923E-12));
#1886=DIRECTION('center_axis',(-1.94289029309347E-15,4.99259885488651E-12,
1.));
#1887=DIRECTION('ref_axis',(-0.923879532511287,0.38268343236509,-1.91310121396336E-12));
#1888=DIRECTION('center_axis',(0.707106781186549,0.707106781186546,-3.52913964008693E-12));
#1889=DIRECTION('ref_axis',(-4.99095714251944E-12,0.,-1.));
#1890=DIRECTION('',(0.577350269188666,-0.577350269191549,-0.577350269188662));
#1891=DIRECTION('center_axis',(0.707106781186548,-0.707106781186548,3.53142341093593E-12));
#1892=DIRECTION('ref_axis',(4.99418688222745E-12,0.,-1.));
#1893=DIRECTION('',(-0.577350269190583,-0.5773502691877,0.577350269190594));
#1894=DIRECTION('center_axis',(0.707106781186549,7.04038504959926E-15,0.707106781186546));
#1895=DIRECTION('ref_axis',(0.707106781186546,0.,-0.707106781186549));
#1896=DIRECTION('',(-1.22464679922862E-16,1.,-9.8341433415492E-15));
#1897=DIRECTION('center_axis',(1.89009981033925E-43,9.8341433415492E-15,
1.));
#1898=DIRECTION('ref_axis',(-1.,1.92197707994919E-29,0.));
#1899=DIRECTION('',(-1.22464679922862E-16,1.,-9.8341433415492E-15));
#1900=DIRECTION('center_axis',(0.707106781186551,7.04038504959924E-15,0.707106781186544));
#1901=DIRECTION('ref_axis',(0.707106781186544,0.,-0.707106781186551));
#1902=DIRECTION('center_axis',(-1.70811385459207E-15,0.936329177575912,
-0.351123441570079));
#1903=DIRECTION('ref_axis',(0.,0.351123441570079,0.936329177575912));
#1904=DIRECTION('',(-1.,-1.22464679892159E-16,4.53813791087635E-15));
#1905=DIRECTION('center_axis',(-1.70811385459207E-15,0.936329177575912,
-0.351123441570079));
#1906=DIRECTION('ref_axis',(-0.729963502734136,0.239988000888583,0.63996800240763));
#1907=DIRECTION('',(-0.402558874832619,0.321416325630128,0.857110201731331));
#1908=DIRECTION('center_axis',(-0.499999999982331,0.707106781209035,-0.499999999985866));
#1909=DIRECTION('ref_axis',(-0.707106781189047,0.,0.707106781184048));
#1910=DIRECTION('',(0.707106781186551,-3.53019588399231E-12,-0.707106781186544));
#1911=DIRECTION('',(-0.499999999999254,-0.707106781190094,-0.49999999999573));
#1912=DIRECTION('center_axis',(-0.707106781186551,3.53019588399231E-12,
0.707106781186544));
#1913=DIRECTION('ref_axis',(-0.65328148243293,0.382683432379776,-0.653281482434843));
#1914=DIRECTION('center_axis',(4.53813791087635E-15,9.8341433415492E-15,
1.));
#1915=DIRECTION('ref_axis',(-1.,4.98259028685424E-12,4.51955420830329E-15));
#1916=DIRECTION('',(-0.707106781186551,3.53019588399231E-12,0.707106781186544));
#1917=DIRECTION('center_axis',(0.70710678118655,-1.46280280734602E-12,-0.707106781186545));
#1918=DIRECTION('ref_axis',(-0.707106781186545,-7.40148683083436E-15,-0.70710678118655));
#1919=DIRECTION('center_axis',(-4.53813791087635E-15,-9.8341433415492E-15,
-1.));
#1920=DIRECTION('ref_axis',(1.,-6.41068461961069E-29,-4.53813791087635E-15));
#1921=DIRECTION('center_axis',(4.53813791087635E-15,9.8341433415492E-15,
1.));
#1922=DIRECTION('ref_axis',(0.923879532505274,0.382683432379605,-7.95605646000198E-15));
#1923=DIRECTION('',(0.,1.,-9.8341433415492E-15));
#1924=DIRECTION('center_axis',(4.53813791087635E-15,9.8341433415492E-15,
1.));
#1925=DIRECTION('ref_axis',(0.923879532511287,-0.38268343236509,-4.29329003257943E-16));
#1926=DIRECTION('',(1.,1.22464679892159E-16,-4.53813791087635E-15));
#1927=DIRECTION('center_axis',(4.53813791087635E-15,9.8341433415492E-15,
1.));
#1928=DIRECTION('ref_axis',(-1.,4.9826229971138E-12,4.55624381514696E-15));
#1929=DIRECTION('',(0.,-1.,9.8341433415492E-15));
#1930=DIRECTION('center_axis',(-1.47877934864618E-15,-0.936329177570582,
-0.351123441584292));
#1931=DIRECTION('ref_axis',(0.,0.351123441584292,-0.936329177570582));
#1932=DIRECTION('center_axis',(-1.47877934864618E-15,-0.936329177570582,
-0.351123441584292));
#1933=DIRECTION('ref_axis',(-0.729963502737354,-0.239988000897091,0.639968002400769));
#1934=DIRECTION('',(0.402558874828537,0.321416325643769,-0.857110201728133));
#1935=DIRECTION('center_axis',(0.707106781186551,-3.53019588409837E-12,
-0.707106781186544));
#1936=DIRECTION('ref_axis',(-0.653281482438901,-0.38268343236591,-0.653281482436995));
#1937=DIRECTION('',(-0.707106781186551,3.53019588409837E-12,0.707106781186544));
#1938=DIRECTION('center_axis',(-0.70710678118655,1.46672803847998E-12,0.707106781186545));
#1939=DIRECTION('ref_axis',(-0.707106781186545,-5.92118946466749E-15,-0.70710678118655));
#1940=DIRECTION('',(0.707106781186551,-3.53019588409837E-12,-0.707106781186544));
#1941=DIRECTION('center_axis',(-0.500000000000877,-0.7071067811878,-0.499999999997352));
#1942=DIRECTION('ref_axis',(-0.707106781184055,0.,0.70710678118904));
#1943=DIRECTION('',(-0.499999999999118,0.707106781185295,-0.500000000002653));
#1944=DIRECTION('center_axis',(8.88178419596125E-15,8.88178419596125E-15,
1.));
#1945=DIRECTION('ref_axis',(0.923879532511287,-0.38268343236509,1.14576628198838E-12));
#1946=DIRECTION('',(0.707106781144478,6.28036983437341E-15,0.707106781228617));
#1947=DIRECTION('center_axis',(0.707106781186548,-6.95378944396997E-15,
-0.707106781186548));
#1948=DIRECTION('ref_axis',(-0.707106781186548,0.,-0.707106781186548));
#1949=DIRECTION('',(0.707106781186548,6.28036983473512E-15,0.707106781186548));
#1950=DIRECTION('center_axis',(8.8817841966586E-15,8.8817841966586E-15,
1.));
#1951=DIRECTION('ref_axis',(0.923879532505274,0.382683432379605,-1.14912043618201E-12));
#1952=DIRECTION('center_axis',(1.61486985400023E-15,-4.99257201237345E-12,
-1.));
#1953=DIRECTION('ref_axis',(-0.923879532511287,-0.38268343236509,1.90829442699361E-12));
#1954=DIRECTION('center_axis',(-1.48029736616687E-15,2.07400234282288E-12,
1.));
#1955=DIRECTION('ref_axis',(-1.,0.,-1.48029736616687E-15));
#1956=DIRECTION('',(-1.61486985400051E-15,4.99257201237345E-12,1.));
#1957=DIRECTION('center_axis',(1.22464679922863E-16,-1.,9.71167866162634E-15));
#1958=DIRECTION('ref_axis',(-0.923879532511286,-3.81639164714897E-15,-0.382683432365092));
#1959=DIRECTION('center_axis',(1.18365174882762E-12,1.,-4.69792535451156E-12));
#1960=DIRECTION('ref_axis',(-0.923879532511285,-7.04266575296458E-13,-0.382683432365094));
#1961=DIRECTION('center_axis',(-1.22464679922863E-16,1.,-9.71167866162634E-15));
#1962=DIRECTION('ref_axis',(-0.923879532511285,-4.20593859853756E-15,-0.382683432365093));
#1963=DIRECTION('center_axis',(-1.22464679922863E-16,1.,-9.71167866162634E-15));
#1964=DIRECTION('ref_axis',(-0.923879532511286,-3.81639164714897E-15,-0.382683432365092));
#1965=DIRECTION('',(1.22464679922863E-16,-1.,9.71167866162634E-15));
#1966=DIRECTION('center_axis',(-0.707106781186547,-0.707106781186548,3.52913964008694E-12));
#1967=DIRECTION('ref_axis',(4.99095714251946E-12,0.,1.));
#1968=DIRECTION('',(-0.707106781187594,0.707106781185501,-3.53061457543889E-12));
#1969=DIRECTION('center_axis',(0.,-2.07252204545941E-12,-1.));
#1970=DIRECTION('ref_axis',(-1.,0.,0.));
#1971=DIRECTION('center_axis',(-1.18136111813997E-12,-1.,4.69425420934676E-12));
#1972=DIRECTION('ref_axis',(-0.923879532511288,-7.04977955672907E-13,-0.382683432365087));
#1973=DIRECTION('center_axis',(-1.61486985400023E-15,4.99257201237345E-12,
1.));
#1974=DIRECTION('ref_axis',(-0.923879532511287,0.38268343236509,-1.91310121396336E-12));
#1975=DIRECTION('',(1.61486985400051E-15,-4.99257201237345E-12,-1.));
#1976=DIRECTION('center_axis',(-0.707106781186544,-6.95378944397001E-15,
-0.707106781186551));
#1977=DIRECTION('ref_axis',(0.707106781186551,-6.99404822504588E-15,-0.707106781186544));
#1978=DIRECTION('center_axis',(0.,1.,-4.99304301610519E-12));
#1979=DIRECTION('ref_axis',(-0.923879532511285,-3.85502298207821E-13,-0.382683432365093));
#1980=DIRECTION('center_axis',(-0.707106781186546,0.707106781186549,-3.53142341093594E-12));
#1981=DIRECTION('ref_axis',(-4.99418688222747E-12,0.,1.));
#1982=DIRECTION('',(-0.707106781186549,-0.707106781186546,3.52956784712112E-12));
#1983=DIRECTION('center_axis',(0.,-1.,4.99304301605656E-12));
#1984=DIRECTION('ref_axis',(-0.923879532511285,-3.85502298204331E-13,-0.382683432365093));
#1985=DIRECTION('center_axis',(-1.91693184107941E-15,9.8341433415492E-15,
1.));
#1986=DIRECTION('ref_axis',(-1.,2.48292551103755E-31,-1.91693184107941E-15));
#1987=DIRECTION('',(0.707106781186539,0.707106781186556,-3.52892298139344E-12));
#1988=DIRECTION('center_axis',(-1.94289029309347E-15,4.99259885488651E-12,
1.));
#1989=DIRECTION('ref_axis',(1.,9.99111378770384E-15,1.94289029304358E-15));
#1990=DIRECTION('',(-1.22464679914816E-16,1.,-4.99255984505522E-12));
#1991=DIRECTION('center_axis',(-1.94289029309385E-15,4.99259885488651E-12,
1.));
#1992=DIRECTION('ref_axis',(0.707106781186547,0.707106781186548,-3.5289266751331E-12));
#1993=DIRECTION('',(-0.707106781186541,0.707106781186555,-3.53167433693583E-12));
#1994=DIRECTION('',(-1.,-5.09743542596649E-15,-1.942890293068E-15));
#1995=DIRECTION('',(-0.707106781186549,-0.707106781186546,3.52891766891091E-12));
#1996=DIRECTION('center_axis',(-1.94823973190791E-15,4.99259885488651E-12,
1.));
#1997=DIRECTION('ref_axis',(-1.,-5.76169274151259E-15,-1.94823973187915E-15));
#1998=DIRECTION('',(-3.64521899413127E-15,-1.,4.99260105210502E-12));
#1999=DIRECTION('center_axis',(-1.94289029309347E-15,4.99259885488651E-12,
1.));
#2000=DIRECTION('ref_axis',(-0.707106781186535,-0.70710678118656,3.52892667513316E-12));
#2001=DIRECTION('',(0.707106781186552,-0.707106781186543,3.53167433693577E-12));
#2002=DIRECTION('',(1.,1.22464679924516E-16,1.94289029309286E-15));
#2003=DIRECTION('center_axis',(-0.707106781186556,0.707106781186539,-3.53142341093589E-12));
#2004=DIRECTION('ref_axis',(-0.707106781186539,-0.707106781186556,3.52892298139344E-12));
#2005=DIRECTION('',(-1.61486985400023E-15,4.99257201237345E-12,1.));
#2006=DIRECTION('',(-1.61486985400023E-15,4.99257201237345E-12,1.));
#2007=DIRECTION('center_axis',(-1.61486985400023E-15,4.99257201237345E-12,
1.));
#2008=DIRECTION('ref_axis',(1.,9.9911137877022E-15,1.61486985395035E-15));
#2009=DIRECTION('',(-1.61486985400023E-15,4.99257201237345E-12,1.));
#2010=DIRECTION('center_axis',(-1.,-1.22464679922878E-16,-1.61486985399962E-15));
#2011=DIRECTION('ref_axis',(1.22464679914816E-16,-1.,4.99255984505522E-12));
#2012=DIRECTION('',(-1.61486985400023E-15,4.99257201237345E-12,1.));
#2013=DIRECTION('center_axis',(-1.61486985400023E-15,4.99257201237345E-12,
1.));
#2014=DIRECTION('ref_axis',(0.707106781186547,0.707106781186548,-3.52913964008694E-12));
#2015=DIRECTION('',(-1.61486985400023E-15,4.99257201237345E-12,1.));
#2016=DIRECTION('center_axis',(-0.707106781186555,-0.707106781186541,3.52913964008691E-12));
#2017=DIRECTION('ref_axis',(0.70710678118654,-0.707106781186554,3.53167433693583E-12));
#2018=DIRECTION('',(-1.61486985400023E-15,4.99257201237345E-12,1.));
#2019=DIRECTION('center_axis',(5.09743542595679E-15,-1.,4.99257201237345E-12));
#2020=DIRECTION('ref_axis',(1.,5.09743542596649E-15,1.942890293068E-15));
#2021=DIRECTION('',(-1.61486985400023E-15,4.99257201237345E-12,1.));
#2022=DIRECTION('center_axis',(0.707106781186546,-0.707106781186549,3.53142341093594E-12));
#2023=DIRECTION('ref_axis',(0.707106781186549,0.707106781186546,-3.52891766891091E-12));
#2024=DIRECTION('',(-1.61486985400023E-15,4.99257201237345E-12,1.));
#2025=DIRECTION('center_axis',(-1.61486985400023E-15,4.99257201237345E-12,
1.));
#2026=DIRECTION('ref_axis',(-1.,-5.76169274151092E-15,-1.61486985397146E-15));
#2027=DIRECTION('',(-1.61486985400023E-15,4.99257201237345E-12,1.));
#2028=DIRECTION('center_axis',(1.,-3.64521899412321E-15,1.61486985401843E-15));
#2029=DIRECTION('ref_axis',(3.64521899413127E-15,1.,-4.99260105210502E-12));
#2030=DIRECTION('',(-1.61486985400023E-15,4.99257201237345E-12,1.));
#2031=DIRECTION('center_axis',(-1.61486985400023E-15,4.99257201237345E-12,
1.));
#2032=DIRECTION('ref_axis',(-0.707106781186535,-0.70710678118656,3.529139640087E-12));
#2033=DIRECTION('',(-1.61486985400023E-15,4.99257201237345E-12,1.));
#2034=DIRECTION('center_axis',(0.707106781186543,0.707106781186552,-3.52913964008696E-12));
#2035=DIRECTION('ref_axis',(-0.707106781186552,0.707106781186543,-3.53167433693577E-12));
#2036=DIRECTION('',(-1.61486985400023E-15,4.99257201237345E-12,1.));
#2037=DIRECTION('center_axis',(-1.22464679914816E-16,1.,-4.99257201237345E-12));
#2038=DIRECTION('ref_axis',(-1.,-1.22464679924516E-16,-1.94289029309286E-15));
#2039=CARTESIAN_POINT('',(0.,0.,0.));
#2040=CARTESIAN_POINT('Origin',(-78.3688314494181,-17.8999999999572,-14.335016805891));
#2041=CARTESIAN_POINT('',(-76.8938314494181,-17.3999999999597,-14.8350168058935));
#2042=CARTESIAN_POINT('',(-85.7938314494181,-17.3999999999597,-14.8350168058935));
#2043=CARTESIAN_POINT('',(-78.3688314494181,-17.3999999999597,-14.8350168058935));
#2044=CARTESIAN_POINT('',(-85.3796178870449,-18.3999999999547,-13.8350168058885));
#2045=CARTESIAN_POINT('',(-85.2140954596914,-18.7996064889465,-13.4354103168927));
#2046=CARTESIAN_POINT('',(-77.3080450117911,-18.3999999999547,-13.8350168058885));
#2047=CARTESIAN_POINT('',(-78.3688314494181,-18.3999999999547,-13.8350168058885));
#2048=CARTESIAN_POINT('',(-77.3080450117911,-18.3999999999547,-13.8350168058885));
#2049=CARTESIAN_POINT('Origin',(-76.0348848400113,-18.9660533905504,-14.3350168058856));
#2050=CARTESIAN_POINT('',(-76.1867246682315,-19.5213203435143,-13.8350168058829));
#2051=CARTESIAN_POINT('',(-76.3884382306046,-19.3196067811412,-13.8350168058839));
#2052=CARTESIAN_POINT('',(-75.479617887045,-18.8142135623328,-14.8350168058864));
#2053=CARTESIAN_POINT('',(-76.1867246682315,-19.5213203435143,-13.8350168058829));
#2054=CARTESIAN_POINT('',(-75.6813314494181,-18.6124999999597,-14.8350168058874));
#2055=CARTESIAN_POINT('Origin',(-76.8938314494181,-20.2284271247034,-14.3350168058793));
#2056=CARTESIAN_POINT('',(-75.8938314494181,-20.2284271247009,-13.8350168058793));
#2057=CARTESIAN_POINT('',(-74.8938314494181,-20.2284271247059,-14.8350168058793));
#2058=CARTESIAN_POINT('',(-75.8938314494181,-20.2284271247009,-13.8350168058793));
#2059=CARTESIAN_POINT('Origin',(-76.8938314494181,-20.2284271247059,-14.8350168058793));
#2060=CARTESIAN_POINT('Origin',(-76.8938314494181,-20.2284271247009,-13.8350168058793));
#2061=CARTESIAN_POINT('Origin',(-75.3938314494181,-29.0999999999572,-14.335016805835));
#2062=CARTESIAN_POINT('',(-75.8938314494181,-30.1715728752085,-13.8350168058297));
#2063=CARTESIAN_POINT('',(-75.8938314494181,-29.0999999999547,-13.835016805835));
#2064=CARTESIAN_POINT('',(-74.8938314494181,-30.1715728752135,-14.8350168058297));
#2065=CARTESIAN_POINT('',(-75.8938314494181,-30.1715728752085,-13.8350168058297));
#2066=CARTESIAN_POINT('',(-74.8938314494181,-29.0999999999597,-14.835016805835));
#2067=CARTESIAN_POINT('Origin',(-76.8938314494181,-30.171572875211,-14.3350168058297));
#2068=CARTESIAN_POINT('',(-76.1867246682315,-30.878679656395,-13.8350168058262));
#2069=CARTESIAN_POINT('',(-75.479617887045,-31.5857864375866,-14.8350168058226));
#2070=CARTESIAN_POINT('',(-76.1867246682315,-30.878679656395,-13.8350168058262));
#2071=CARTESIAN_POINT('Origin',(-76.8938314494181,-30.1715728752135,-14.8350168058297));
#2072=CARTESIAN_POINT('Origin',(-76.8938314494181,-30.1715728752085,-13.8350168058297));
#2073=CARTESIAN_POINT('Origin',(-76.0348848400113,-31.4339466093639,-14.3350168058234));
#2074=CARTESIAN_POINT('',(-76.8938314494181,-32.9999999999597,-14.8350168058156));
#2075=CARTESIAN_POINT('',(-75.6813314494181,-31.7874999999597,-14.8350168058216));
#2076=CARTESIAN_POINT('',(-77.3080450117911,-31.9999999999547,-13.8350168058206));
#2077=CARTESIAN_POINT('',(-76.3884382306046,-31.0803932187681,-13.8350168058252));
#2078=CARTESIAN_POINT('',(-77.3080450117911,-31.9999999999547,-13.8350168058206));
#2079=CARTESIAN_POINT('Origin',(-85.3188314494181,-32.4999999999572,-14.3350168058181));
#2080=CARTESIAN_POINT('',(-85.3796178870449,-31.9999999999547,-13.8350168058206));
#2081=CARTESIAN_POINT('',(-85.3188314494181,-31.9999999999547,-13.8350168058206));
#2082=CARTESIAN_POINT('',(-85.7938314494181,-32.9999999999597,-14.8350168058156));
#2083=CARTESIAN_POINT('',(-85.4886502528099,-32.2632274161233,-14.0982442219866));
#2084=CARTESIAN_POINT('',(-85.3188314494181,-32.9999999999597,-14.8350168058156));
#2085=CARTESIAN_POINT('Origin',(-81.8438314494181,-25.1999999999547,-13.8350168058545));
#2086=CARTESIAN_POINT('',(-87.2080450117912,-20.2284271247009,-13.8350168058794));
#2087=CARTESIAN_POINT('',(-86.7992246682315,-19.8196067811412,-13.8350168058814));
#2088=CARTESIAN_POINT('',(-87.7938314494181,-21.642640687074,-13.8350168058723));
#2089=CARTESIAN_POINT('Origin',(-85.7938314494181,-21.642640687074,-13.8350168058723));
#2090=CARTESIAN_POINT('',(-87.7938314494181,-28.7573593128354,-13.8350168058368));
#2091=CARTESIAN_POINT('',(-87.7938314494181,-21.2999999999547,-13.835016805874));
#2092=CARTESIAN_POINT('',(-87.2080450117912,-30.1715728752085,-13.8350168058297));
#2093=CARTESIAN_POINT('Origin',(-85.7938314494181,-28.7573593128354,-13.8350168058368));
#2094=CARTESIAN_POINT('',(-86.7992246682315,-30.5803932187681,-13.8350168058277));
#2095=CARTESIAN_POINT('',(-81.0816994150621,-31.4499999999547,-13.8350168058233));
#2096=CARTESIAN_POINT('',(-84.2059634837741,-31.4499999999547,-13.8350168058233));
#2097=CARTESIAN_POINT('',(-81.0816994150621,-31.4499999999547,-13.8350168058233));
#2098=CARTESIAN_POINT('',(-85.8712178101557,-29.784745673573,-13.8350168058316));
#2099=CARTESIAN_POINT('',(-84.2059634837741,-31.4499999999547,-13.8350168058233));
#2100=CARTESIAN_POINT('',(-86.7938314494181,-27.5573593128354,-13.8350168058428));
#2101=CARTESIAN_POINT('Origin',(-83.6438314494182,-27.5573593128354,-13.8350168058428));
#2102=CARTESIAN_POINT('',(-86.7938314494181,-22.842640687074,-13.8350168058663));
#2103=CARTESIAN_POINT('',(-86.7938314494181,-27.5573593128354,-13.8350168058428));
#2104=CARTESIAN_POINT('',(-85.8712178101557,-20.6152543263363,-13.8350168058774));
#2105=CARTESIAN_POINT('Origin',(-83.6438314494181,-22.8426406870739,-13.8350168058663));
#2106=CARTESIAN_POINT('',(-84.205963483774,-18.9499999999547,-13.8350168058857));
#2107=CARTESIAN_POINT('',(-85.8712178101557,-20.6152543263363,-13.8350168058774));
#2108=CARTESIAN_POINT('',(-81.0816994150621,-18.9499999999546,-13.8350168058857));
#2109=CARTESIAN_POINT('',(-84.205963483774,-18.9499999999547,-13.8350168058857));
#2110=CARTESIAN_POINT('',(-79.4164450886804,-20.6152543263363,-13.8350168058774));
#2111=CARTESIAN_POINT('',(-81.0816994150621,-18.9499999999546,-13.8350168058857));
#2112=CARTESIAN_POINT('',(-78.4938314494181,-22.8426406870739,-13.8350168058663));
#2113=CARTESIAN_POINT('Origin',(-81.643831449418,-22.8426406870739,-13.8350168058663));
#2114=CARTESIAN_POINT('',(-78.4938314494181,-27.5573593128354,-13.8350168058427));
#2115=CARTESIAN_POINT('',(-78.4938314494181,-22.8426406870739,-13.8350168058663));
#2116=CARTESIAN_POINT('',(-79.4164450886805,-29.784745673573,-13.8350168058316));
#2117=CARTESIAN_POINT('Origin',(-81.6438314494181,-27.5573593128354,-13.8350168058428));
#2118=CARTESIAN_POINT('',(-79.4164450886805,-29.784745673573,-13.8350168058316));
#2119=CARTESIAN_POINT('Origin',(-87.1527780588248,-19.4660533905504,-14.3350168058832));
#2120=CARTESIAN_POINT('',(-87.9151517929777,-19.5213203435193,-14.8350168058829));
#2121=CARTESIAN_POINT('',(-87.506331449418,-19.1124999999597,-14.8350168058849));
#2122=CARTESIAN_POINT('',(-87.2080450117912,-20.2284271247009,-13.8350168058794));
#2123=CARTESIAN_POINT('Origin',(-74.893831449418,-17.4000000000645,-35.8350168058935));
#2124=CARTESIAN_POINT('',(-76.893831449418,-17.4000000000366,-30.2492303682664));
#2125=CARTESIAN_POINT('',(-76.893831449418,-17.4000000000645,-35.8350168058935));
#2126=CARTESIAN_POINT('',(-74.3080450117911,-17.4000000000495,-32.8350168058933));
#2127=CARTESIAN_POINT('',(-74.1009382305948,-17.4000000000506,-33.0421235870896));
#2128=CARTESIAN_POINT('',(-70.0938314494182,-17.4000000000495,-32.8350168058933));
#2129=CARTESIAN_POINT('',(-70.9938314494181,-17.4000000000495,-32.8350168058933));
#2130=CARTESIAN_POINT('',(-70.0938314494182,-17.4000000000645,-35.8350168058927));
#2131=CARTESIAN_POINT('',(-70.0938314494182,-17.4000000000845,-39.8350168058931));
#2132=CARTESIAN_POINT('',(-84.5511907622996,-17.4000000000645,-35.8350168058926));
#2133=CARTESIAN_POINT('',(-77.8438314494184,-17.4000000000645,-35.8350168058927));
#2134=CARTESIAN_POINT('',(-85.5009382306005,-17.4000000000598,-34.8852693375986));
#2135=CARTESIAN_POINT('',(-83.1975111058584,-17.4000000000713,-37.1886964623338));
#2136=CARTESIAN_POINT('',(-85.793831449418,-17.4000000000562,-34.178162556416));
#2137=CARTESIAN_POINT('Origin',(-84.793831449418,-17.4000000000562,-34.178162556416));
#2138=CARTESIAN_POINT('',(-85.793831449418,-17.4000000000645,-35.8350168058935));
#2139=CARTESIAN_POINT('Origin',(-76.893831449418,-20.2284271248107,-35.8350168058793));
#2140=CARTESIAN_POINT('',(-74.893831449418,-20.2284271247857,-30.8350168058933));
#2141=CARTESIAN_POINT('',(-74.893831449418,-20.2284271248107,-35.8350168058793));
#2142=CARTESIAN_POINT('',(-75.4796178870449,-18.8142135624097,-30.2492303682664));
#2143=CARTESIAN_POINT('Origin',(-76.893831449418,-20.2284271247757,-28.8350168058932));
#2144=CARTESIAN_POINT('',(-75.4796178870449,-18.8142135624376,-35.8350168058864));
#2145=CARTESIAN_POINT('Origin',(-74.893831449418,-33.0000000000645,-35.8350168058156));
#2146=CARTESIAN_POINT('',(-74.893831449418,-30.1715728752934,-30.8350168058931));
#2147=CARTESIAN_POINT('',(-74.893831449418,-30.1715728753183,-35.8350168058297));
#2148=CARTESIAN_POINT('',(-74.893831449418,-27.8999999999652,-30.8350168058932));
#2149=CARTESIAN_POINT('',(-74.893831449418,-25.1999999999752,-30.8350168058932));
#2150=CARTESIAN_POINT('',(-74.893831449418,-27.8999999999653,-43.8350168058926));
#2151=CARTESIAN_POINT('',(-74.893831449418,-27.8999999999652,-33.835016805851));
#2152=CARTESIAN_POINT('',(-74.893831449418,-22.4999999999653,-43.8350168058926));
#2153=CARTESIAN_POINT('',(-74.893831449418,-23.1499999999257,-43.8350168058926));
#2154=CARTESIAN_POINT('',(-74.893831449418,-22.4999999999652,-30.8350168058932));
#2155=CARTESIAN_POINT('',(-74.893831449418,-22.4999999999652,-33.835016805851));
#2156=CARTESIAN_POINT('',(-74.893831449418,-25.1999999999752,-30.8350168058932));
#2157=CARTESIAN_POINT('',(-74.8938314494181,-23.5499999999778,-19.2350168058937));
#2158=CARTESIAN_POINT('Origin',(-74.8938314494181,-21.9499999999778,-19.2350168058937));
#2159=CARTESIAN_POINT('',(-74.8938314494181,-30.0499999999778,-19.2350168058937));
#2160=CARTESIAN_POINT('Origin',(-74.8938314494181,-28.4499999999778,-19.2350168058937));
#2161=CARTESIAN_POINT('Origin',(-76.893831449418,-30.1715728753183,-35.8350168058297));
#2162=CARTESIAN_POINT('',(-75.4796178870449,-31.5857864376635,-30.2492303682662));
#2163=CARTESIAN_POINT('',(-75.4796178870449,-31.5857864376914,-35.8350168058226));
#2164=CARTESIAN_POINT('Origin',(-76.893831449418,-30.1715728752834,-28.8350168058931));
#2165=CARTESIAN_POINT('Origin',(-77.2223848400391,-32.5000000000314,-29.2135701964586));
#2166=CARTESIAN_POINT('',(-75.893831449418,-32.0000000000346,-29.8350168058931));
#2167=CARTESIAN_POINT('',(-76.893831449418,-33.0000000000366,-30.2492303682662));
#2168=CARTESIAN_POINT('',(-76.8278141854238,-32.9339827360423,-30.2218851221691));
#2169=CARTESIAN_POINT('',(-74.3080450117912,-33.0000000000495,-32.8350168058931));
#2170=CARTESIAN_POINT('',(-77.5759382306337,-33.0000000000332,-29.5671235870506));
#2171=CARTESIAN_POINT('',(-73.893831449418,-32.0000000000445,-31.8350168058931));
#2172=CARTESIAN_POINT('',(-74.0783615737497,-32.4454951288746,-32.2805119347209));
#2173=CARTESIAN_POINT('',(-76.8688314494446,-32.0000000000297,-28.8600168058665));
#2174=CARTESIAN_POINT('Origin',(-88.793831449418,-33.0000000000645,-35.8350168058156));
#2175=CARTESIAN_POINT('',(-85.7938314494238,-33.0000000000562,-34.178162556386));
#2176=CARTESIAN_POINT('',(-85.793831449418,-33.0000000000645,-35.8350168058156));
#2177=CARTESIAN_POINT('',(-85.500938230612,-33.0000000000598,-34.88526933758));
#2178=CARTESIAN_POINT('Origin',(-84.793831449418,-33.0000000000562,-34.178162556386));
#2179=CARTESIAN_POINT('',(-84.5511907622996,-33.0000000000645,-35.8350168058925));
#2180=CARTESIAN_POINT('',(-86.6725111058973,-33.0000000000539,-33.7136964622948));
#2181=CARTESIAN_POINT('',(-70.0938314494182,-33.0000000000645,-35.8350168058925));
#2182=CARTESIAN_POINT('',(-84.7938314494184,-33.0000000000645,-35.8350168058925));
#2183=CARTESIAN_POINT('',(-70.0938314494182,-33.0000000000495,-32.8350168058931));
#2184=CARTESIAN_POINT('',(-70.0938314494182,-33.0000000000845,-39.8350168058152));
#2185=CARTESIAN_POINT('',(-77.9438314494181,-33.0000000000495,-32.8350168058931));
#2186=CARTESIAN_POINT('',(-76.893831449418,-33.0000000000645,-35.8350168058156));
#2187=CARTESIAN_POINT('Origin',(-73.7473848400028,-17.9000000000488,-32.6885701964951));
#2188=CARTESIAN_POINT('',(-73.893831449418,-18.3999999998859,-31.8350168058933));
#2189=CARTESIAN_POINT('',(-73.997946336857,-18.1486444270324,-32.0863723787879));
#2190=CARTESIAN_POINT('',(-75.893831449418,-18.4000000000346,-29.8350168058933));
#2191=CARTESIAN_POINT('',(-76.3591198362715,-17.9347116131821,-30.0277455661427));
#2192=CARTESIAN_POINT('',(-73.3938314494108,-18.400000000047,-32.3350168059005));
#2193=CARTESIAN_POINT('Origin',(-70.9938314494181,-17.8999999999677,-32.3350168058933));
#2194=CARTESIAN_POINT('',(-70.5080450119315,-18.3999999998859,-31.8350168058933));
#2195=CARTESIAN_POINT('',(-70.9938314494181,-18.3999999998859,-31.8350168058933));
#2196=CARTESIAN_POINT('',(-70.5080450119315,-18.3999999998859,-31.8350168058933));
#2197=CARTESIAN_POINT('Origin',(-68.9473848399842,-19.2535533905733,-32.3350168058933));
#2198=CARTESIAN_POINT('',(-68.679617887087,-20.2284271246155,-31.8350168058933));
#2199=CARTESIAN_POINT('',(-69.3009382305651,-19.6071067811765,-31.8350168058933));
#2200=CARTESIAN_POINT('',(-67.9725111059252,-19.5213203434092,-32.8350168058933));
#2201=CARTESIAN_POINT('',(-68.679617887087,-20.2284271246155,-31.8350168058933));
#2202=CARTESIAN_POINT('',(-68.5938314494032,-18.8999999999702,-32.8350168058933));
#2203=CARTESIAN_POINT('Origin',(-70.0938314494182,-21.6426406870355,-32.335016805874));
#2204=CARTESIAN_POINT('',(-68.0938314494163,-21.6426406870355,-31.8350168058932));
#2205=CARTESIAN_POINT('',(-67.0938314494182,-21.6426406870355,-32.8350168058548));
#2206=CARTESIAN_POINT('',(-68.0938314494163,-21.6426406870355,-31.8350168058932));
#2207=CARTESIAN_POINT('Origin',(-70.0938314494182,-21.6426406870355,-32.8350168058548));
#2208=CARTESIAN_POINT('Origin',(-70.0938314494182,-21.6426406870355,-31.8350168058932));
#2209=CARTESIAN_POINT('Origin',(-67.5938314494182,-17.3999999998859,-32.3350168058933));
#2210=CARTESIAN_POINT('',(-68.0938314494182,-28.7573593129302,-31.8350168058932));
#2211=CARTESIAN_POINT('',(-67.0938314494182,-28.7573593129302,-32.8350168058932));
#2212=CARTESIAN_POINT('',(-68.0938314494182,-28.7573593129302,-31.8350168058932));
#2213=CARTESIAN_POINT('',(-67.0938314494182,-17.3999999998859,-32.8350168058933));
#2214=CARTESIAN_POINT('',(-68.0938314494182,-17.3999999998859,-31.8350168058933));
#2215=CARTESIAN_POINT('Origin',(-70.0938314494182,-28.7573593129302,-32.3350168058347));
#2216=CARTESIAN_POINT('',(-68.6796178870464,-30.171572875302,-31.8350168058931));
#2217=CARTESIAN_POINT('',(-67.9725111058585,-30.8786796564899,-32.8350168057762));
#2218=CARTESIAN_POINT('',(-68.6796178870464,-30.171572875302,-31.8350168058931));
#2219=CARTESIAN_POINT('Origin',(-70.0938314494182,-28.7573593129302,-32.8350168057762));
#2220=CARTESIAN_POINT('Origin',(-70.0938314494182,-28.7573593129302,-31.8350168058932));
#2221=CARTESIAN_POINT('Origin',(-65.0473848399805,-27.2464466094228,-32.3350168058932));
#2222=CARTESIAN_POINT('',(-64.693831449386,-27.6000000000174,-32.8350168058932));
#2223=CARTESIAN_POINT('',(-70.5080450117913,-32.0000000000445,-31.8350168058931));
#2224=CARTESIAN_POINT('',(-65.4009382305751,-26.8928932188283,-31.8350168058932));
#2225=CARTESIAN_POINT('',(-70.5080450117913,-32.0000000000445,-31.8350168058931));
#2226=CARTESIAN_POINT('Origin',(-77.9438314494181,-32.500000000047,-32.3350168058931));
#2227=CARTESIAN_POINT('',(-77.9438314494181,-32.0000000000445,-31.8350168058931));
#2228=CARTESIAN_POINT('Origin',(-68.5938314494182,-18.8999999999902,-39.8350168058856));
#2229=CARTESIAN_POINT('',(-67.9725111059252,-19.5213203434524,-41.4918710552637));
#2230=CARTESIAN_POINT('',(-67.9725111059252,-19.5213203434541,-41.8350168058823));
#2231=CARTESIAN_POINT('',(-69.1014534006489,-18.3923780487847,-38.4813582693039));
#2232=CARTESIAN_POINT('Origin',(-70.0938314494182,-21.6426406870804,-41.8350168058717));
#2233=CARTESIAN_POINT('',(-67.0938314494182,-21.6426406870854,-42.8350168058926));
#2234=CARTESIAN_POINT('',(-67.0938314494182,-21.6426406870804,-41.8350168058717));
#2235=CARTESIAN_POINT('',(-67.5673242542686,-20.0249999998939,-42.8350168058541));
#2236=CARTESIAN_POINT('Origin',(-70.0938314494182,-21.6426406870854,-42.8350168058541));
#2237=CARTESIAN_POINT('Origin',(-70.0938314494182,-21.642640687107,-47.1487253053456));
#2238=CARTESIAN_POINT('Origin',(-67.0938314494182,-17.399999999886,-43.8350168058927));
#2239=CARTESIAN_POINT('',(-67.0938314494182,-28.7573593129802,-42.8350168057755));
#2240=CARTESIAN_POINT('',(-67.0938314494182,-28.7573593129752,-41.8350168058362));
#2241=CARTESIAN_POINT('',(-67.0938314494182,-17.399999999886,-42.8350168058927));
#2242=CARTESIAN_POINT('Origin',(-70.0938314494182,-28.7573593129752,-41.8350168058362));
#2243=CARTESIAN_POINT('',(-67.9725111058585,-30.8786796565331,-41.4918710553849));
#2244=CARTESIAN_POINT('',(-67.9725111058585,-30.8786796565348,-41.8350168058256));
#2245=CARTESIAN_POINT('',(-67.5673242542505,-30.3750000001434,-42.8350168057755));
#2246=CARTESIAN_POINT('Origin',(-70.0938314494182,-28.7573593130017,-47.1487253048773));
#2247=CARTESIAN_POINT('Origin',(-70.0938314494182,-28.7573593129802,-42.8350168057755));
#2248=CARTESIAN_POINT('Origin',(-68.5938314494182,-31.5000000000845,-39.8350168058227));
#2249=CARTESIAN_POINT('',(-69.4828558396749,-32.3890243903294,-37.4642850985412));
#2250=CARTESIAN_POINT('Origin',(-74.393831449418,-21.9999999999652,-33.8350168058511));
#2251=CARTESIAN_POINT('',(-73.893831449418,-21.4999999999652,-31.8350168058932));
#2252=CARTESIAN_POINT('',(-74.5104981160934,-22.1166666666406,-31.2183501392179));
#2253=CARTESIAN_POINT('',(-73.893831449418,-21.4999999999653,-43.8350168058926));
#2254=CARTESIAN_POINT('',(-74.8438314493984,-22.4499999999457,-43.8350168058926));
#2255=CARTESIAN_POINT('',(-73.893831449418,-21.4999999999652,-33.8350168058511));
#2256=CARTESIAN_POINT('Origin',(-74.393831449418,-28.3999999999652,-33.835016805851));
#2257=CARTESIAN_POINT('',(-73.893831449418,-28.8999999999652,-31.8350168058932));
#2258=CARTESIAN_POINT('',(-74.5104981160901,-28.2833333332932,-31.2183501392211));
#2259=CARTESIAN_POINT('',(-73.893831449418,-28.8999999999653,-43.8350168058926));
#2260=CARTESIAN_POINT('',(-73.893831449418,-28.8999999999652,-33.835016805851));
#2261=CARTESIAN_POINT('',(-78.743831449438,-24.0499999999453,-43.8350168058926));
#2262=CARTESIAN_POINT('Origin',(-69.693831449418,-28.8999999999652,-31.8350168058864));
#2263=CARTESIAN_POINT('',(-70.693831449418,-28.8999999999652,-31.8350168058932));
#2264=CARTESIAN_POINT('',(-68.3938314494181,-28.8999999999652,-31.8350168058932));
#2265=CARTESIAN_POINT('',(-70.6938314494179,-28.8999999999653,-43.8350168058926));
#2266=CARTESIAN_POINT('',(-70.693831449418,-28.8999999999652,-31.8350168058864));
#2267=CARTESIAN_POINT('',(-75.2438314494184,-28.8999999999653,-43.8350168058926));
#2268=CARTESIAN_POINT('Origin',(-70.193831449418,-28.3999999999652,-31.8350168058864));
#2269=CARTESIAN_POINT('',(-69.693831449418,-27.8999999999652,-31.8350168058932));
#2270=CARTESIAN_POINT('',(-66.6688314493982,-24.8749999999454,-31.8350168058932));
#2271=CARTESIAN_POINT('',(-69.693831449418,-27.8999999999653,-43.8350168058926));
#2272=CARTESIAN_POINT('',(-69.693831449418,-27.8999999999652,-31.8350168058864));
#2273=CARTESIAN_POINT('',(-70.0938314493984,-28.2999999999457,-43.8350168058926));
#2274=CARTESIAN_POINT('Origin',(-69.6938314494179,-21.4999999999652,-31.8350168058864));
#2275=CARTESIAN_POINT('',(-69.693831449418,-22.4999999999652,-31.8350168058932));
#2276=CARTESIAN_POINT('',(-69.6938314494179,-19.4499999999256,-31.8350168058933));
#2277=CARTESIAN_POINT('',(-69.6938314494179,-22.4999999999653,-43.8350168058926));
#2278=CARTESIAN_POINT('',(-69.693831449418,-22.4999999999652,-31.8350168058864));
#2279=CARTESIAN_POINT('',(-69.6938314494179,-19.4499999999257,-43.8350168058927));
#2280=CARTESIAN_POINT('Origin',(-70.193831449418,-21.9999999999652,-31.8350168058864));
#2281=CARTESIAN_POINT('',(-70.6938314494179,-21.4999999999652,-31.8350168058932));
#2282=CARTESIAN_POINT('',(-70.5688314494379,-21.6249999999453,-31.8350168058932));
#2283=CARTESIAN_POINT('',(-70.6938314494179,-21.4999999999653,-43.8350168058926));
#2284=CARTESIAN_POINT('',(-70.6938314494179,-21.4999999999652,-31.8350168058864));
#2285=CARTESIAN_POINT('',(-73.993831449438,-18.1999999999453,-43.8350168058927));
#2286=CARTESIAN_POINT('Origin',(-74.893831449418,-21.4999999999652,-31.8350168058864));
#2287=CARTESIAN_POINT('',(-77.8438314494184,-21.4999999999653,-43.8350168058926));
#2288=CARTESIAN_POINT('',(-70.9938314494181,-21.4999999999652,-31.8350168058932));
#2289=CARTESIAN_POINT('Origin',(-88.1938314494181,-25.200000000012,-24.4478414635738));
#2290=CARTESIAN_POINT('',(-88.7938314494181,-22.850000000012,-24.4478414635738));
#2291=CARTESIAN_POINT('Origin',(-88.7938314494181,-25.200000000012,-24.4478414635738));
#2292=CARTESIAN_POINT('',(-87.5938314494181,-24.050000000012,-24.4478414635738));
#2293=CARTESIAN_POINT('',(-88.1938314494181,-23.450000000012,-24.4478414635738));
#2294=CARTESIAN_POINT('Origin',(-87.5938314494181,-25.200000000012,-24.4478414635738));
#2295=CARTESIAN_POINT('Origin',(-88.7938314494181,-25.200000000012,-24.4478414635738));
#2296=CARTESIAN_POINT('',(-86.7938314494181,-24.050000000012,-24.4478414635738));
#2297=CARTESIAN_POINT('',(-88.7938314494181,-24.050000000012,-24.4478414635738));
#2298=CARTESIAN_POINT('Origin',(-86.7938314494181,-25.200000000012,-24.4478414635738));
#2299=CARTESIAN_POINT('Origin',(-88.793831449418,-17.4000000000645,-35.8350168058935));
#2300=CARTESIAN_POINT('',(-88.7938314494181,-21.642640687079,-14.8350168058723));
#2301=CARTESIAN_POINT('',(-88.7938314494181,-28.7573593128404,-14.8350168058368));
#2302=CARTESIAN_POINT('',(-88.7938314494181,-21.2999999999597,-14.835016805874));
#2303=CARTESIAN_POINT('',(-88.793831449418,-21.6426406871929,-34.1781625564011));
#2304=CARTESIAN_POINT('',(-88.793831449418,-21.6426406871838,-35.8350168058723));
#2305=CARTESIAN_POINT('',(-88.793831449418,-28.757359312937,-34.178162556401));
#2306=CARTESIAN_POINT('',(-88.793831449418,-17.3999999999752,-34.1781625564011));
#2307=CARTESIAN_POINT('',(-88.793831449418,-28.7573593129452,-35.8350168058368));
#2308=CARTESIAN_POINT('Origin',(-74.8938314494181,-28.4499999999778,-19.2350168058937));
#2309=CARTESIAN_POINT('',(-78.0938314494181,-30.0499999999778,-19.2350168058937));
#2310=CARTESIAN_POINT('',(-74.8938314494181,-30.0499999999778,-19.2350168058937));
#2311=CARTESIAN_POINT('Origin',(-78.0938314494181,-28.4499999999778,-19.2350168058937));
#2312=CARTESIAN_POINT('Origin',(-78.0938314494181,-28.4499999999778,-19.2350168058937));
#2313=CARTESIAN_POINT('Origin',(-74.8938314494181,-21.9499999999778,-19.2350168058937));
#2314=CARTESIAN_POINT('',(-78.0938314494181,-23.5499999999778,-19.2350168058937));
#2315=CARTESIAN_POINT('',(-74.8938314494181,-23.5499999999778,-19.2350168058937));
#2316=CARTESIAN_POINT('Origin',(-78.0938314494181,-21.9499999999778,-19.2350168058937));
#2317=CARTESIAN_POINT('Origin',(-78.0938314494181,-21.9499999999778,-19.2350168058937));
#2318=CARTESIAN_POINT('Origin',(-87.1527780588248,-30.9339466093639,-14.3350168058259));
#2319=CARTESIAN_POINT('',(-87.9151517929777,-30.8786796564,-14.8350168058262));
#2320=CARTESIAN_POINT('',(-87.2080450117912,-30.1715728752085,-13.8350168058297));
#2321=CARTESIAN_POINT('',(-87.506331449418,-31.2874999999597,-14.8350168058241));
#2322=CARTESIAN_POINT('Origin',(-85.7938314494181,-28.7573593128379,-14.3350168058368));
#2323=CARTESIAN_POINT('',(-87.7938314494181,-28.7573593128354,-13.8350168058368));
#2324=CARTESIAN_POINT('Origin',(-85.7938314494181,-28.7573593128404,-14.8350168058368));
#2325=CARTESIAN_POINT('Origin',(-88.2938314494181,-21.2999999999572,-14.335016805874));
#2326=CARTESIAN_POINT('',(-87.7938314494181,-21.642640687074,-13.8350168058723));
#2327=CARTESIAN_POINT('Origin',(-85.7938314494181,-21.6426406870765,-14.3350168058723));
#2328=CARTESIAN_POINT('Origin',(-85.7938314494181,-21.642640687079,-14.8350168058723));
#2329=CARTESIAN_POINT('Origin',(-75.893831449418,-18.4000000000645,-35.8350168058885));
#2330=CARTESIAN_POINT('',(-73.2604981160935,-21.0333333333722,-32.4683501392178));
#2331=CARTESIAN_POINT('Origin',(-75.893831449418,-32.0000000000645,-35.8350168058206));
#2332=CARTESIAN_POINT('',(-73.2604981160888,-29.3666666667185,-32.4683501392224));
#2333=CARTESIAN_POINT('Origin',(-74.393831449418,-25.1999999999752,-31.3350168058932));
#2334=CARTESIAN_POINT('',(-73.893831449418,-25.1999999999752,-31.8350168058932));
#2335=CARTESIAN_POINT('Origin',(-67.0938314494182,-17.3999999998859,-31.8350168058933));
#2336=CARTESIAN_POINT('',(-73.893831449418,-25.1999999999752,-31.8350168058932));
#2337=CARTESIAN_POINT('Origin',(-74.393831449418,-25.1999999999752,-31.3350168058932));
#2338=CARTESIAN_POINT('Origin',(-77.8438314494184,-18.8999999999753,-39.8350168058926));
#2339=CARTESIAN_POINT('',(-68.526718140653,-20.399999999886,-43.8350168058927));
#2340=CARTESIAN_POINT('Ctrl Pts',(-67.5673242542686,-20.0249999998939,-42.8350168058541));
#2341=CARTESIAN_POINT('Ctrl Pts',(-68.1519863498472,-20.2564430946447,-43.452198391893));
#2342=CARTESIAN_POINT('Ctrl Pts',(-68.526718140653,-20.399999999886,-43.8350168058927));
#2343=CARTESIAN_POINT('',(-80.4127562796855,-20.399999999886,-43.8350168058926));
#2344=CARTESIAN_POINT('',(-77.8438314494184,-20.399999999886,-43.8350168058926));
#2345=CARTESIAN_POINT('',(-81.8943365128596,-19.5213203434425,-41.4918710552371));
#2346=CARTESIAN_POINT('Origin',(-73.2374822628508,-21.6426406871053,-47.1487253053413));
#2347=CARTESIAN_POINT('',(-82.6832955041089,-18.8913893795663,-39.8120551514675));
#2348=CARTESIAN_POINT('Origin',(-84.2581712776419,-18.8999999999759,-38.2493566341099));
#2349=CARTESIAN_POINT('',(-87.0009382305012,-19.5213203434927,-36.3852693374886));
#2350=CARTESIAN_POINT('',(-86.4350111058159,-19.5213203434198,-36.9511964622808));
#2351=CARTESIAN_POINT('',(-85.5009382306005,-17.4000000000598,-34.8852693375986));
#2352=CARTESIAN_POINT('Origin',(-84.9350111058689,-21.6426406870469,-35.4511964623232));
#2353=CARTESIAN_POINT('',(-80.7938314494188,-21.6426406870782,-43.8350168058926));
#2354=CARTESIAN_POINT('Origin',(-76.5511907622995,-21.6426406870888,-43.8350168058926));
#2355=CARTESIAN_POINT('',(-87.6222585741642,-21.6426406870441,-37.0065896811473));
#2356=CARTESIAN_POINT('',(-87.0563314494286,-21.642640687047,-37.5725168058829));
#2357=CARTESIAN_POINT('Origin',(-85.5009382306046,-21.6426406870441,-34.8852693375876));
#2358=CARTESIAN_POINT('Origin',(-80.7938314494188,-17.399999999886,-43.8350168058926));
#2359=CARTESIAN_POINT('',(-68.0938314494182,-21.6426406870854,-43.8350168058926));
#2360=CARTESIAN_POINT('Origin',(-70.0938314494182,-21.6426406870854,-43.8350168058926));
#2361=CARTESIAN_POINT('',(-68.0938314494163,-28.7573593129802,-43.8350168058926));
#2362=CARTESIAN_POINT('',(-68.0938314494182,-17.399999999886,-43.8350168058927));
#2363=CARTESIAN_POINT('',(-68.5267181405885,-30.0000000001044,-43.8350168058926));
#2364=CARTESIAN_POINT('Origin',(-70.0938314494182,-28.7573593129802,-43.8350168058926));
#2365=CARTESIAN_POINT('',(-80.4127562797316,-30.0000000001044,-43.8350168058925));
#2366=CARTESIAN_POINT('',(-84.7938314494184,-30.0000000001044,-43.8350168058925));
#2367=CARTESIAN_POINT('',(-80.7938314494188,-28.7573593129821,-43.8350168058925));
#2368=CARTESIAN_POINT('Origin',(-76.5511907622995,-28.7573593129927,-43.8350168058926));
#2369=CARTESIAN_POINT('',(-80.7938314494188,-17.399999999886,-43.8350168058926));
#2370=CARTESIAN_POINT('Origin',(-84.7938314494184,-31.5000000000845,-39.8350168058925));
#2371=CARTESIAN_POINT('',(-81.8943365128119,-30.8786796565369,-41.4918710553748));
#2372=CARTESIAN_POINT('Origin',(-73.2374822633346,-28.7573593130092,-47.1487253048573));
#2373=CARTESIAN_POINT('Ctrl Pts',(-68.5267181405885,-30.0000000001044,-43.8350168058926));
#2374=CARTESIAN_POINT('Ctrl Pts',(-68.1519863497974,-30.1435569053671,-43.4521983918537));
#2375=CARTESIAN_POINT('Ctrl Pts',(-67.5673242542454,-30.3750000001454,-42.8350168057702));
#2376=CARTESIAN_POINT('',(-84.1275024835203,-32.6617132591708,-36.7371147816209));
#2377=CARTESIAN_POINT('Origin',(-86.6725111058867,-28.7573593129421,-33.7136964623054));
#2378=CARTESIAN_POINT('',(-87.000938230595,-30.8786796565243,-36.3852693375735));
#2379=CARTESIAN_POINT('',(-88.1725111058893,-30.8786796565055,-35.2136964622975));
#2380=CARTESIAN_POINT('',(-87.6222585741642,-28.7573593129544,-37.0065896811472));
#2381=CARTESIAN_POINT('Origin',(-85.5009382306046,-28.7573593129544,-34.8852693375875));
#2382=CARTESIAN_POINT('',(-88.7938314494463,-28.7573593129421,-35.8350168058651));
#2383=CARTESIAN_POINT('Origin',(-87.7331712776733,-31.5000000000592,-34.7743566340784));
#2384=CARTESIAN_POINT('',(-85.500938230612,-33.0000000000598,-34.88526933758));
#2385=CARTESIAN_POINT('Origin',(-70.0938314494182,-28.7573593129802,-43.335016805834));
#2386=CARTESIAN_POINT('',(-68.0938314494163,-28.7573593129802,-43.8350168058926));
#2387=CARTESIAN_POINT('Origin',(-67.5938314494182,-17.399999999886,-43.3350168058927));
#2388=CARTESIAN_POINT('',(-68.0938314494182,-21.6426406870854,-43.8350168058926));
#2389=CARTESIAN_POINT('Origin',(-70.0938314494182,-21.6426406870854,-43.3350168058734));
#2390=CARTESIAN_POINT('Origin',(-85.793831449418,-28.7573593129452,-35.8350168058368));
#2391=CARTESIAN_POINT('',(-87.9151517929837,-30.8786796565026,-34.1781625563966));
#2392=CARTESIAN_POINT('Origin',(-85.793831449418,-28.757359312937,-34.178162556401));
#2393=CARTESIAN_POINT('',(-87.9151517929777,-30.8786796565049,-35.8350168058262));
#2394=CARTESIAN_POINT('Ctrl Pts',(-88.793831449418,-28.757359312937,-34.178162556401));
#2395=CARTESIAN_POINT('Ctrl Pts',(-88.7938314494192,-28.757359312937,-35.8350168058939));
#2396=CARTESIAN_POINT('Ctrl Pts',(-87.6222585741642,-28.757359312937,-37.0065896811472));
#2397=CARTESIAN_POINT('Ctrl Pts',(-88.7938314494252,-30.0000000000776,-34.178162556401));
#2398=CARTESIAN_POINT('Ctrl Pts',(-88.7938314494264,-30.0000000000776,-35.8350168058968));
#2399=CARTESIAN_POINT('Ctrl Pts',(-87.6222585741693,-30.0000000000776,-37.0065896811523));
#2400=CARTESIAN_POINT('Ctrl Pts',(-87.9151517929642,-30.8786796565275,-34.178162556401));
#2401=CARTESIAN_POINT('Ctrl Pts',(-87.9151517929651,-30.8786796565275,-35.4710557752092));
#2402=CARTESIAN_POINT('Ctrl Pts',(-87.000938230595,-30.8786796565275,-36.385269337578));
#2403=CARTESIAN_POINT('Origin',(-84.793831449418,-28.7573593129544,-34.178162556401));
#2404=CARTESIAN_POINT('Origin',(-84.7938314494239,-30.8786796565144,-34.1781625563797));
#2405=CARTESIAN_POINT('Origin',(-84.793831449418,-17.3999999999752,-34.1781625564011));
#2406=CARTESIAN_POINT('Origin',(-84.793831449418,-21.6426406871929,-34.1781625564011));
#2407=CARTESIAN_POINT('',(-87.6222585741642,-17.3999999999752,-37.0065896811473));
#2408=CARTESIAN_POINT('Origin',(-87.293831449418,-31.5000000000645,-35.8350168058231));
#2409=CARTESIAN_POINT('',(-85.7938314494238,-33.0000000000562,-34.178162556386));
#2410=CARTESIAN_POINT('Ctrl Pts',(-87.6222585741614,-21.6426406871929,-37.0065896811501));
#2411=CARTESIAN_POINT('Ctrl Pts',(-88.793831449418,-21.6426406871929,-35.8350168058958));
#2412=CARTESIAN_POINT('Ctrl Pts',(-88.793831449418,-21.6426406871929,-34.1781625564011));
#2413=CARTESIAN_POINT('Ctrl Pts',(-87.6222585741614,-20.3999999999561,-37.0065896811501));
#2414=CARTESIAN_POINT('Ctrl Pts',(-88.793831449418,-20.3999999999561,-35.8350168058958));
#2415=CARTESIAN_POINT('Ctrl Pts',(-88.793831449418,-20.3999999999561,-34.1781625564011));
#2416=CARTESIAN_POINT('Ctrl Pts',(-87.000938230502,-19.5213203434914,-36.3852693374895));
#2417=CARTESIAN_POINT('Ctrl Pts',(-87.9151517928358,-19.5213203434914,-35.4710557751576));
#2418=CARTESIAN_POINT('Ctrl Pts',(-87.9151517928358,-19.5213203434914,-34.1781625564011));
#2419=CARTESIAN_POINT('',(-87.9151517929918,-19.52132034363,-34.1781625564055));
#2420=CARTESIAN_POINT('Origin',(-85.793831449418,-21.6426406871929,-34.1781625564011));
#2421=CARTESIAN_POINT('Origin',(-84.7938314494121,-19.5213203436337,-34.1781625564224));
#2422=CARTESIAN_POINT('Origin',(-85.793831449418,-21.6426406871838,-35.8350168058723));
#2423=CARTESIAN_POINT('',(-87.9151517929777,-19.5213203436241,-35.8350168058829));
#2424=CARTESIAN_POINT('Origin',(-88.793831449418,-17.3999999998859,-35.8350168058935));
#2425=CARTESIAN_POINT('Origin',(-84.793831449418,-31.5000000000635,-34.1781625563935));
#2426=CARTESIAN_POINT('Origin',(-87.293831449418,-18.9000000000645,-35.835016805886));
#2427=CARTESIAN_POINT('',(-85.793831449418,-17.4000000000562,-34.178162556416));
#2428=CARTESIAN_POINT('Origin',(-84.793831449418,-18.9000000000635,-34.1781625564086));
#2429=CARTESIAN_POINT('Origin',(-74.893831449418,-17.3999999998859,-35.8350168058935));
#2430=CARTESIAN_POINT('',(-81.081699415062,-31.4500000000645,-35.8350168058233));
#2431=CARTESIAN_POINT('',(-79.4164450886804,-29.7847456736828,-35.8350168058316));
#2432=CARTESIAN_POINT('',(-79.4164450886804,-29.7847456736828,-35.8350168058316));
#2433=CARTESIAN_POINT('',(-78.4938314494181,-27.5573593129452,-35.8350168058427));
#2434=CARTESIAN_POINT('Origin',(-81.643831449418,-27.5573593129452,-35.8350168058428));
#2435=CARTESIAN_POINT('',(-78.493831449418,-22.8426406871838,-35.8350168058663));
#2436=CARTESIAN_POINT('',(-78.493831449418,-22.8426406871838,-35.8350168058663));
#2437=CARTESIAN_POINT('',(-79.4164450886804,-20.6152543264462,-35.8350168058774));
#2438=CARTESIAN_POINT('Origin',(-81.643831449418,-22.8426406871838,-35.8350168058663));
#2439=CARTESIAN_POINT('',(-81.081699415062,-18.9500000000645,-35.8350168058857));
#2440=CARTESIAN_POINT('',(-81.081699415062,-18.9500000000645,-35.8350168058857));
#2441=CARTESIAN_POINT('',(-84.205963483774,-18.9500000000645,-35.8350168058857));
#2442=CARTESIAN_POINT('',(-84.205963483774,-18.9500000000645,-35.8350168058857));
#2443=CARTESIAN_POINT('',(-85.8712178101557,-20.6152543264462,-35.8350168058774));
#2444=CARTESIAN_POINT('',(-85.8712178101557,-20.6152543264462,-35.8350168058774));
#2445=CARTESIAN_POINT('',(-86.7938314494181,-22.8426406871838,-35.8350168058663));
#2446=CARTESIAN_POINT('Origin',(-83.643831449418,-22.8426406871838,-35.8350168058663));
#2447=CARTESIAN_POINT('',(-86.7938314494181,-27.5573593129453,-35.8350168058428));
#2448=CARTESIAN_POINT('',(-86.7938314494181,-27.5573593129453,-35.8350168058428));
#2449=CARTESIAN_POINT('',(-85.8712178101557,-29.7847456736829,-35.8350168058316));
#2450=CARTESIAN_POINT('Origin',(-83.6438314494182,-27.5573593129453,-35.8350168058428));
#2451=CARTESIAN_POINT('',(-84.205963483774,-31.4500000000645,-35.8350168058233));
#2452=CARTESIAN_POINT('',(-84.205963483774,-31.4500000000645,-35.8350168058233));
#2453=CARTESIAN_POINT('',(-81.081699415062,-31.4500000000645,-35.8350168058233));
#2454=CARTESIAN_POINT('Origin',(-79.4164450886804,-29.7847456736828,-35.8350168058316));
#2455=CARTESIAN_POINT('',(-81.081699415062,-31.4500000000645,-35.8350168058233));
#2456=CARTESIAN_POINT('',(-79.4164450886804,-29.7847456736828,-35.8350168058316));
#2457=CARTESIAN_POINT('Origin',(-81.643831449418,-27.5573593129452,-35.8350168058428));
#2458=CARTESIAN_POINT('',(-78.4938314494181,-27.5573593129452,-35.8350168058427));
#2459=CARTESIAN_POINT('Origin',(-78.493831449418,-22.8426406871838,-35.8350168058663));
#2460=CARTESIAN_POINT('',(-78.493831449418,-22.8426406871838,-35.8350168058663));
#2461=CARTESIAN_POINT('Origin',(-81.643831449418,-22.8426406871838,-35.8350168058663));
#2462=CARTESIAN_POINT('',(-79.4164450886804,-20.6152543264462,-35.8350168058774));
#2463=CARTESIAN_POINT('Origin',(-81.081699415062,-18.9500000000645,-35.8350168058857));
#2464=CARTESIAN_POINT('',(-81.081699415062,-18.9500000000645,-35.8350168058857));
#2465=CARTESIAN_POINT('Origin',(-84.205963483774,-18.9500000000645,-35.8350168058857));
#2466=CARTESIAN_POINT('',(-84.205963483774,-18.9500000000645,-35.8350168058857));
#2467=CARTESIAN_POINT('Origin',(-85.8712178101557,-20.6152543264462,-35.8350168058774));
#2468=CARTESIAN_POINT('',(-85.8712178101557,-20.6152543264462,-35.8350168058774));
#2469=CARTESIAN_POINT('Origin',(-83.643831449418,-22.8426406871838,-35.8350168058663));
#2470=CARTESIAN_POINT('',(-86.7938314494181,-22.8426406871838,-35.8350168058663));
#2471=CARTESIAN_POINT('Origin',(-86.7938314494181,-27.5573593129453,-35.8350168058428));
#2472=CARTESIAN_POINT('',(-86.7938314494181,-27.5573593129453,-35.8350168058428));
#2473=CARTESIAN_POINT('Origin',(-83.6438314494182,-27.5573593129453,-35.8350168058428));
#2474=CARTESIAN_POINT('',(-85.8712178101557,-29.7847456736829,-35.8350168058316));
#2475=CARTESIAN_POINT('Origin',(-84.205963483774,-31.4500000000645,-35.8350168058233));
#2476=CARTESIAN_POINT('',(-84.205963483774,-31.4500000000645,-35.8350168058233));
#2477=CARTESIAN_POINT('Origin',(-81.081699415062,-31.4500000000645,-35.8350168058233));
#2478=UNCERTAINTY_MEASURE_WITH_UNIT(LENGTH_MEASURE(0.01),#2482,
'DISTANCE_ACCURACY_VALUE',
'Maximum model space distance between geometric entities at asserted c
onnectivities');
#2479=UNCERTAINTY_MEASURE_WITH_UNIT(LENGTH_MEASURE(0.01),#2482,
'DISTANCE_ACCURACY_VALUE',
'Maximum model space distance between geometric entities at asserted c
onnectivities');
#2480=(
GEOMETRIC_REPRESENTATION_CONTEXT(3)
GLOBAL_UNCERTAINTY_ASSIGNED_CONTEXT((#2478))
GLOBAL_UNIT_ASSIGNED_CONTEXT((#2482,#2484,#2485))
REPRESENTATION_CONTEXT('','3D')
);
#2481=(
GEOMETRIC_REPRESENTATION_CONTEXT(3)
GLOBAL_UNCERTAINTY_ASSIGNED_CONTEXT((#2479))
GLOBAL_UNIT_ASSIGNED_CONTEXT((#2482,#2484,#2485))
REPRESENTATION_CONTEXT('','3D')
);
#2482=(
LENGTH_UNIT()
NAMED_UNIT(*)
SI_UNIT(.MILLI.,.METRE.)
);
#2483=(
LENGTH_UNIT()
NAMED_UNIT(*)
SI_UNIT($,.METRE.)
);
#2484=(
NAMED_UNIT(*)
PLANE_ANGLE_UNIT()
SI_UNIT($,.RADIAN.)
);
#2485=(
NAMED_UNIT(*)
SI_UNIT($,.STERADIAN.)
SOLID_ANGLE_UNIT()
);
#2486=SHAPE_DEFINITION_REPRESENTATION(#2487,#2488);
#2487=PRODUCT_DEFINITION_SHAPE('',$,#2490);
#2488=SHAPE_REPRESENTATION('',(#1487),#2480);
#2489=PRODUCT_DEFINITION_CONTEXT('part definition',#2494,'design');
#2490=PRODUCT_DEFINITION('(Unsaved)','(Unsaved)',#2491,#2489);
#2491=PRODUCT_DEFINITION_FORMATION('',$,#2496);
#2492=PRODUCT_RELATED_PRODUCT_CATEGORY('(Unsaved)','(Unsaved)',(#2496));
#2493=APPLICATION_PROTOCOL_DEFINITION('international standard',
'automotive_design',2009,#2494);
#2494=APPLICATION_CONTEXT(
'Core Data for Automotive Mechanical Design Process');
#2495=PRODUCT_CONTEXT('part definition',#2494,'mechanical');
#2496=PRODUCT('(Unsaved)','(Unsaved)',$,(#2495));
#2497=PRESENTATION_STYLE_ASSIGNMENT((#2498));
#2498=SURFACE_STYLE_USAGE(.BOTH.,#2499);
#2499=SURFACE_SIDE_STYLE('',(#2500));
#2500=SURFACE_STYLE_FILL_AREA(#2501);
#2501=FILL_AREA_STYLE('Steel - Satin',(#2502));
#2502=FILL_AREA_STYLE_COLOUR('Steel - Satin',#2503);
#2503=COLOUR_RGB('Steel - Satin',0.627450980392157,0.627450980392157,0.627450980392157);
ENDSEC;
END-ISO-10303-21;
