ISO-10303-21;
HEADER;
/* Generated by software containing ST-Developer
 * from STEP Tools, Inc. (www.steptools.com) 
 */

FILE_DESCRIPTION(
/* description */ (''),
/* implementation_level */ '2;1');

FILE_NAME(
/* name */ 'switch-cover-x6.step',
/* time_stamp */ '2026-09-30T23:19:31+03:00',
/* author */ (''),
/* organization */ (''),
/* preprocessor_version */ 'ST-DEVELOPER v20.1',
/* originating_system */ 'Autodesk Translation Framework v15.8.0.0',
/* authorisation */ '');

FILE_SCHEMA (('AUTOMOTIVE_DESIGN { 1 0 10303 214 3 1 1 }'));
ENDSEC;

DATA;
#10=MECHANICAL_DESIGN_GEOMETRIC_PRESENTATION_REPRESENTATION('',(#13),#2702);
#11=SHAPE_REPRESENTATION_RELATIONSHIP('SRR','None',#2709,#12);
#12=ADVANCED_BREP_SHAPE_REPRESENTATION('',(#14),#2701);
#13=STYLED_ITEM('',(#2718),#14);
#14=MANIFOLD_SOLID_BREP('switch-cover-x6',#1594);
#15=B_SPLINE_CURVE_WITH_KNOTS('',3,(#2615,#2616,#2617,#2618,#2619,#2620,
#2621,#2622),.UNSPECIFIED.,.F.,.F.,(4,2,2,4),(0.0857002944785918,0.158075575320238,
0.243002505214828,0.327929435109417),.UNSPECIFIED.);
#16=B_SPLINE_CURVE_WITH_KNOTS('',3,(#2645,#2646,#2647,#2648,#2649,#2650,
#2651,#2652),.UNSPECIFIED.,.F.,.F.,(4,2,2,4),(-0.327929435109417,-0.243002505214828,
-0.158075575320238,-0.0857002944785917),.UNSPECIFIED.);
#17=(
BOUNDED_SURFACE()
B_SPLINE_SURFACE(2,2,((#2555,#2556,#2557),(#2558,#2559,#2560),(#2561,#2562,
#2563)),.UNSPECIFIED.,.F.,.F.,.F.)
B_SPLINE_SURFACE_WITH_KNOTS((3,3),(3,3),(-1.5707963267949,-0.610865238198012),
(-8.24296706572383E-31,0.785398163397447),.UNSPECIFIED.)
GEOMETRIC_REPRESENTATION_ITEM()
RATIONAL_B_SPLINE_SURFACE(((1.,0.923879532511287,1.),(0.887010833178203,
0.819491153889125,0.887010833178203),(1.,0.923879532511287,1.)))
REPRESENTATION_ITEM('')
SURFACE()
);
#18=(
BOUNDED_SURFACE()
B_SPLINE_SURFACE(2,2,((#2585,#2586,#2587),(#2588,#2589,#2590),(#2591,#2592,
#2593)),.UNSPECIFIED.,.F.,.F.,.F.)
B_SPLINE_SURFACE_WITH_KNOTS((3,3),(3,3),(-1.5707963267949,-0.610865238198016),
(2.35619449019235,3.14159265358979),.UNSPECIFIED.)
GEOMETRIC_REPRESENTATION_ITEM()
RATIONAL_B_SPLINE_SURFACE(((1.,0.923879532511287,1.),(0.887010833178219,
0.819491153889141,0.887010833178219),(1.,0.923879532511287,1.)))
REPRESENTATION_ITEM('')
SURFACE()
);
#19=CONICAL_SURFACE('',#1632,1.75,0.785398163397448);
#20=CONICAL_SURFACE('',#1638,1.75,0.785398163397448);
#21=CONICAL_SURFACE('',#1643,1.5,0.785398163397441);
#22=CONICAL_SURFACE('',#1647,3.5,0.785398163397448);
#23=CONICAL_SURFACE('',#1651,3.5,0.785398163397448);
#24=CONICAL_SURFACE('',#1655,1.5,0.785398163397432);
#25=CONICAL_SURFACE('',#1660,1.5,0.785398163397434);
#26=CONICAL_SURFACE('',#1664,3.5,0.78539816339745);
#27=CONICAL_SURFACE('',#1668,3.5,0.785398163397456);
#28=CONICAL_SURFACE('',#1672,1.5,0.78539816339745);
#29=CONICAL_SURFACE('',#1722,3.12474057723786,0.610865238198015);
#30=CONICAL_SURFACE('',#1730,3.12474057723786,0.610865238198016);
#31=FACE_BOUND('',#216,.T.);
#32=FACE_BOUND('',#217,.T.);
#33=FACE_BOUND('',#220,.T.);
#34=FACE_BOUND('',#221,.T.);
#35=CIRCLE('',#1619,1.);
#36=CIRCLE('',#1627,1.);
#37=CIRCLE('',#1630,1.15);
#38=CIRCLE('',#1631,1.15);
#39=CIRCLE('',#1633,2.35);
#40=CIRCLE('',#1634,1.15);
#41=CIRCLE('',#1636,2.35);
#42=CIRCLE('',#1639,1.15);
#43=CIRCLE('',#1644,2.);
#44=CIRCLE('',#1645,1.);
#45=CIRCLE('',#1648,4.);
#46=CIRCLE('',#1649,3.);
#47=CIRCLE('',#1652,4.);
#48=CIRCLE('',#1653,3.);
#49=CIRCLE('',#1656,2.);
#50=CIRCLE('',#1657,1.);
#51=CIRCLE('',#1661,2.);
#52=CIRCLE('',#1662,0.999999999999999);
#53=CIRCLE('',#1665,4.);
#54=CIRCLE('',#1666,3.);
#55=CIRCLE('',#1669,4.);
#56=CIRCLE('',#1670,3.);
#57=CIRCLE('',#1673,2.);
#58=CIRCLE('',#1674,0.999999999999996);
#59=CIRCLE('',#1678,4.);
#60=CIRCLE('',#1681,4.);
#61=CIRCLE('',#1684,4.);
#62=CIRCLE('',#1687,4.);
#63=CIRCLE('',#1690,3.40000000000001);
#64=CIRCLE('',#1693,1.25);
#65=CIRCLE('',#1696,1.25);
#66=CIRCLE('',#1705,2.);
#67=CIRCLE('',#1706,2.);
#68=CIRCLE('',#1707,2.84665114195022);
#69=CIRCLE('',#1708,1.20834705337224);
#70=CIRCLE('',#1714,2.);
#71=CIRCLE('',#1715,2.);
#72=CIRCLE('',#1716,2.84665114195022);
#73=CIRCLE('',#1717,1.20834705337224);
#74=CIRCLE('',#1723,4.);
#75=CIRCLE('',#1725,4.);
#76=CIRCLE('',#1731,4.);
#77=CIRCLE('',#1734,4.);
#78=CIRCLE('',#1736,3.4);
#79=CIRCLE('',#1738,3.40000000000001);
#80=CIRCLE('',#1739,2.);
#81=CIRCLE('',#1741,2.);
#82=CIRCLE('',#1742,3.4);
#83=CYLINDRICAL_SURFACE('',#1617,1.);
#84=CYLINDRICAL_SURFACE('',#1626,1.);
#85=CYLINDRICAL_SURFACE('',#1637,1.15);
#86=CYLINDRICAL_SURFACE('',#1640,1.15);
#87=CYLINDRICAL_SURFACE('',#1677,4.);
#88=CYLINDRICAL_SURFACE('',#1680,4.);
#89=CYLINDRICAL_SURFACE('',#1683,4.);
#90=CYLINDRICAL_SURFACE('',#1686,4.);
#91=CYLINDRICAL_SURFACE('',#1692,1.25);
#92=CYLINDRICAL_SURFACE('',#1695,1.25);
#93=CYLINDRICAL_SURFACE('',#1702,2.);
#94=CYLINDRICAL_SURFACE('',#1704,2.);
#95=CYLINDRICAL_SURFACE('',#1709,2.);
#96=CYLINDRICAL_SURFACE('',#1711,2.);
#97=CYLINDRICAL_SURFACE('',#1713,2.);
#98=CYLINDRICAL_SURFACE('',#1718,2.);
#99=CYLINDRICAL_SURFACE('',#1724,4.);
#100=CYLINDRICAL_SURFACE('',#1733,4.);
#101=CYLINDRICAL_SURFACE('',#1744,2.);
#102=CYLINDRICAL_SURFACE('',#1747,3.4);
#103=CYLINDRICAL_SURFACE('',#1750,3.40000000000001);
#104=ELLIPSE('',#1610,1.76776695306327,1.25);
#105=ELLIPSE('',#1613,1.76776695285325,1.25);
#106=ELLIPSE('',#1618,1.41421356237309,1.);
#107=ELLIPSE('',#1621,1.41421356237309,1.);
#108=ELLIPSE('',#1622,1.76776695296637,1.25);
#109=ELLIPSE('',#1623,2.82842712474619,2.);
#110=ELLIPSE('',#1624,1.76776695296637,1.25);
#111=ELLIPSE('',#1703,2.16478440058479,2.);
#112=ELLIPSE('',#1712,2.16478440058479,2.);
#113=ELLIPSE('',#1727,2.8284271247462,2.);
#114=FACE_OUTER_BOUND('',#203,.T.);
#115=FACE_OUTER_BOUND('',#204,.T.);
#116=FACE_OUTER_BOUND('',#205,.T.);
#117=FACE_OUTER_BOUND('',#206,.T.);
#118=FACE_OUTER_BOUND('',#207,.T.);
#119=FACE_OUTER_BOUND('',#208,.T.);
#120=FACE_OUTER_BOUND('',#209,.T.);
#121=FACE_OUTER_BOUND('',#210,.T.);
#122=FACE_OUTER_BOUND('',#211,.T.);
#123=FACE_OUTER_BOUND('',#212,.T.);
#124=FACE_OUTER_BOUND('',#213,.T.);
#125=FACE_OUTER_BOUND('',#214,.T.);
#126=FACE_OUTER_BOUND('',#215,.T.);
#127=FACE_OUTER_BOUND('',#218,.T.);
#128=FACE_OUTER_BOUND('',#219,.T.);
#129=FACE_OUTER_BOUND('',#222,.T.);
#130=FACE_OUTER_BOUND('',#223,.T.);
#131=FACE_OUTER_BOUND('',#224,.T.);
#132=FACE_OUTER_BOUND('',#225,.T.);
#133=FACE_OUTER_BOUND('',#226,.T.);
#134=FACE_OUTER_BOUND('',#227,.T.);
#135=FACE_OUTER_BOUND('',#228,.T.);
#136=FACE_OUTER_BOUND('',#229,.T.);
#137=FACE_OUTER_BOUND('',#230,.T.);
#138=FACE_OUTER_BOUND('',#231,.T.);
#139=FACE_OUTER_BOUND('',#232,.T.);
#140=FACE_OUTER_BOUND('',#233,.T.);
#141=FACE_OUTER_BOUND('',#234,.T.);
#142=FACE_OUTER_BOUND('',#235,.T.);
#143=FACE_OUTER_BOUND('',#236,.T.);
#144=FACE_OUTER_BOUND('',#237,.T.);
#145=FACE_OUTER_BOUND('',#238,.T.);
#146=FACE_OUTER_BOUND('',#239,.T.);
#147=FACE_OUTER_BOUND('',#240,.T.);
#148=FACE_OUTER_BOUND('',#241,.T.);
#149=FACE_OUTER_BOUND('',#242,.T.);
#150=FACE_OUTER_BOUND('',#243,.T.);
#151=FACE_OUTER_BOUND('',#244,.T.);
#152=FACE_OUTER_BOUND('',#245,.T.);
#153=FACE_OUTER_BOUND('',#246,.T.);
#154=FACE_OUTER_BOUND('',#247,.T.);
#155=FACE_OUTER_BOUND('',#248,.T.);
#156=FACE_OUTER_BOUND('',#249,.T.);
#157=FACE_OUTER_BOUND('',#250,.T.);
#158=FACE_OUTER_BOUND('',#251,.T.);
#159=FACE_OUTER_BOUND('',#252,.T.);
#160=FACE_OUTER_BOUND('',#253,.T.);
#161=FACE_OUTER_BOUND('',#254,.T.);
#162=FACE_OUTER_BOUND('',#255,.T.);
#163=FACE_OUTER_BOUND('',#256,.T.);
#164=FACE_OUTER_BOUND('',#257,.T.);
#165=FACE_OUTER_BOUND('',#258,.T.);
#166=FACE_OUTER_BOUND('',#259,.T.);
#167=FACE_OUTER_BOUND('',#260,.T.);
#168=FACE_OUTER_BOUND('',#261,.T.);
#169=FACE_OUTER_BOUND('',#262,.T.);
#170=FACE_OUTER_BOUND('',#263,.T.);
#171=FACE_OUTER_BOUND('',#264,.T.);
#172=FACE_OUTER_BOUND('',#265,.T.);
#173=FACE_OUTER_BOUND('',#266,.T.);
#174=FACE_OUTER_BOUND('',#267,.T.);
#175=FACE_OUTER_BOUND('',#268,.T.);
#176=FACE_OUTER_BOUND('',#269,.T.);
#177=FACE_OUTER_BOUND('',#270,.T.);
#178=FACE_OUTER_BOUND('',#271,.T.);
#179=FACE_OUTER_BOUND('',#272,.T.);
#180=FACE_OUTER_BOUND('',#273,.T.);
#181=FACE_OUTER_BOUND('',#274,.T.);
#182=FACE_OUTER_BOUND('',#275,.T.);
#183=FACE_OUTER_BOUND('',#276,.T.);
#184=FACE_OUTER_BOUND('',#277,.T.);
#185=FACE_OUTER_BOUND('',#278,.T.);
#186=FACE_OUTER_BOUND('',#279,.T.);
#187=FACE_OUTER_BOUND('',#280,.T.);
#188=FACE_OUTER_BOUND('',#281,.T.);
#189=FACE_OUTER_BOUND('',#282,.T.);
#190=FACE_OUTER_BOUND('',#283,.T.);
#191=FACE_OUTER_BOUND('',#284,.T.);
#192=FACE_OUTER_BOUND('',#285,.T.);
#193=FACE_OUTER_BOUND('',#286,.T.);
#194=FACE_OUTER_BOUND('',#287,.T.);
#195=FACE_OUTER_BOUND('',#288,.T.);
#196=FACE_OUTER_BOUND('',#289,.T.);
#197=FACE_OUTER_BOUND('',#290,.T.);
#198=FACE_OUTER_BOUND('',#291,.T.);
#199=FACE_OUTER_BOUND('',#292,.T.);
#200=FACE_OUTER_BOUND('',#293,.T.);
#201=FACE_OUTER_BOUND('',#294,.T.);
#202=FACE_OUTER_BOUND('',#295,.T.);
#203=EDGE_LOOP('',(#997,#998,#999,#1000));
#204=EDGE_LOOP('',(#1001,#1002,#1003,#1004,#1005,#1006));
#205=EDGE_LOOP('',(#1007,#1008,#1009,#1010,#1011,#1012,#1013));
#206=EDGE_LOOP('',(#1014,#1015,#1016,#1017,#1018,#1019));
#207=EDGE_LOOP('',(#1020,#1021,#1022,#1023));
#208=EDGE_LOOP('',(#1024,#1025,#1026,#1027,#1028,#1029,#1030));
#209=EDGE_LOOP('',(#1031,#1032,#1033,#1034));
#210=EDGE_LOOP('',(#1035,#1036,#1037,#1038));
#211=EDGE_LOOP('',(#1039,#1040,#1041,#1042,#1043,#1044,#1045,#1046,#1047,
#1048,#1049,#1050,#1051,#1052));
#212=EDGE_LOOP('',(#1053,#1054,#1055,#1056));
#213=EDGE_LOOP('',(#1057,#1058,#1059,#1060));
#214=EDGE_LOOP('',(#1061,#1062,#1063,#1064));
#215=EDGE_LOOP('',(#1065,#1066,#1067,#1068));
#216=EDGE_LOOP('',(#1069));
#217=EDGE_LOOP('',(#1070));
#218=EDGE_LOOP('',(#1071,#1072,#1073,#1074));
#219=EDGE_LOOP('',(#1075,#1076,#1077,#1078));
#220=EDGE_LOOP('',(#1079));
#221=EDGE_LOOP('',(#1080));
#222=EDGE_LOOP('',(#1081,#1082,#1083,#1084));
#223=EDGE_LOOP('',(#1085,#1086,#1087,#1088));
#224=EDGE_LOOP('',(#1089,#1090,#1091,#1092));
#225=EDGE_LOOP('',(#1093,#1094,#1095,#1096));
#226=EDGE_LOOP('',(#1097,#1098,#1099,#1100));
#227=EDGE_LOOP('',(#1101,#1102,#1103,#1104));
#228=EDGE_LOOP('',(#1105,#1106,#1107,#1108));
#229=EDGE_LOOP('',(#1109,#1110,#1111,#1112));
#230=EDGE_LOOP('',(#1113,#1114,#1115,#1116));
#231=EDGE_LOOP('',(#1117,#1118,#1119,#1120));
#232=EDGE_LOOP('',(#1121,#1122,#1123,#1124));
#233=EDGE_LOOP('',(#1125,#1126,#1127,#1128));
#234=EDGE_LOOP('',(#1129,#1130,#1131,#1132,#1133));
#235=EDGE_LOOP('',(#1134,#1135,#1136,#1137,#1138));
#236=EDGE_LOOP('',(#1139,#1140,#1141,#1142));
#237=EDGE_LOOP('',(#1143,#1144,#1145,#1146));
#238=EDGE_LOOP('',(#1147,#1148,#1149,#1150));
#239=EDGE_LOOP('',(#1151,#1152,#1153,#1154));
#240=EDGE_LOOP('',(#1155,#1156,#1157,#1158));
#241=EDGE_LOOP('',(#1159,#1160,#1161,#1162));
#242=EDGE_LOOP('',(#1163,#1164,#1165,#1166));
#243=EDGE_LOOP('',(#1167,#1168,#1169,#1170));
#244=EDGE_LOOP('',(#1171,#1172,#1173,#1174,#1175,#1176,#1177));
#245=EDGE_LOOP('',(#1178,#1179,#1180,#1181));
#246=EDGE_LOOP('',(#1182,#1183,#1184,#1185));
#247=EDGE_LOOP('',(#1186,#1187,#1188,#1189));
#248=EDGE_LOOP('',(#1190,#1191,#1192,#1193,#1194,#1195,#1196,#1197,#1198,
#1199,#1200,#1201,#1202,#1203,#1204,#1205));
#249=EDGE_LOOP('',(#1206,#1207,#1208,#1209));
#250=EDGE_LOOP('',(#1210,#1211,#1212,#1213));
#251=EDGE_LOOP('',(#1214,#1215,#1216,#1217));
#252=EDGE_LOOP('',(#1218,#1219,#1220,#1221,#1222,#1223,#1224));
#253=EDGE_LOOP('',(#1225,#1226,#1227,#1228,#1229,#1230,#1231,#1232));
#254=EDGE_LOOP('',(#1233,#1234,#1235,#1236));
#255=EDGE_LOOP('',(#1237,#1238,#1239,#1240,#1241));
#256=EDGE_LOOP('',(#1242,#1243,#1244,#1245));
#257=EDGE_LOOP('',(#1246,#1247,#1248,#1249,#1250));
#258=EDGE_LOOP('',(#1251,#1252,#1253,#1254));
#259=EDGE_LOOP('',(#1255,#1256,#1257,#1258));
#260=EDGE_LOOP('',(#1259,#1260,#1261,#1262));
#261=EDGE_LOOP('',(#1263,#1264,#1265,#1266,#1267,#1268,#1269,#1270,#1271,
#1272,#1273));
#262=EDGE_LOOP('',(#1274,#1275,#1276,#1277,#1278,#1279,#1280,#1281,#1282,
#1283,#1284));
#263=EDGE_LOOP('',(#1285,#1286,#1287,#1288));
#264=EDGE_LOOP('',(#1289,#1290,#1291,#1292));
#265=EDGE_LOOP('',(#1293,#1294,#1295,#1296));
#266=EDGE_LOOP('',(#1297,#1298,#1299,#1300));
#267=EDGE_LOOP('',(#1301,#1302,#1303,#1304,#1305,#1306,#1307,#1308,#1309));
#268=EDGE_LOOP('',(#1310,#1311,#1312,#1313));
#269=EDGE_LOOP('',(#1314,#1315,#1316,#1317));
#270=EDGE_LOOP('',(#1318,#1319,#1320,#1321));
#271=EDGE_LOOP('',(#1322,#1323,#1324,#1325));
#272=EDGE_LOOP('',(#1326,#1327,#1328,#1329,#1330,#1331,#1332,#1333,#1334));
#273=EDGE_LOOP('',(#1335,#1336,#1337,#1338));
#274=EDGE_LOOP('',(#1339,#1340,#1341,#1342));
#275=EDGE_LOOP('',(#1343,#1344,#1345,#1346));
#276=EDGE_LOOP('',(#1347,#1348,#1349,#1350,#1351));
#277=EDGE_LOOP('',(#1352,#1353,#1354,#1355,#1356,#1357));
#278=EDGE_LOOP('',(#1358,#1359,#1360,#1361));
#279=EDGE_LOOP('',(#1362,#1363,#1364,#1365));
#280=EDGE_LOOP('',(#1366,#1367,#1368,#1369));
#281=EDGE_LOOP('',(#1370,#1371,#1372,#1373));
#282=EDGE_LOOP('',(#1374,#1375,#1376,#1377,#1378));
#283=EDGE_LOOP('',(#1379,#1380,#1381,#1382,#1383,#1384,#1385,#1386));
#284=EDGE_LOOP('',(#1387,#1388,#1389,#1390,#1391,#1392,#1393,#1394,#1395));
#285=EDGE_LOOP('',(#1396,#1397,#1398,#1399,#1400,#1401,#1402,#1403,#1404));
#286=EDGE_LOOP('',(#1405,#1406,#1407,#1408));
#287=EDGE_LOOP('',(#1409,#1410,#1411,#1412,#1413,#1414,#1415,#1416));
#288=EDGE_LOOP('',(#1417,#1418,#1419,#1420,#1421));
#289=EDGE_LOOP('',(#1422,#1423,#1424,#1425));
#290=EDGE_LOOP('',(#1426,#1427,#1428,#1429));
#291=EDGE_LOOP('',(#1430,#1431,#1432,#1433));
#292=EDGE_LOOP('',(#1434,#1435,#1436,#1437));
#293=EDGE_LOOP('',(#1438,#1439,#1440,#1441));
#294=EDGE_LOOP('',(#1442,#1443,#1444,#1445));
#295=EDGE_LOOP('',(#1446,#1447,#1448,#1449,#1450));
#296=LINE('',#2216,#463);
#297=LINE('',#2218,#464);
#298=LINE('',#2220,#465);
#299=LINE('',#2221,#466);
#300=LINE('',#2224,#467);
#301=LINE('',#2228,#468);
#302=LINE('',#2230,#469);
#303=LINE('',#2231,#470);
#304=LINE('',#2234,#471);
#305=LINE('',#2236,#472);
#306=LINE('',#2238,#473);
#307=LINE('',#2240,#474);
#308=LINE('',#2242,#475);
#309=LINE('',#2243,#476);
#310=LINE('',#2247,#477);
#311=LINE('',#2249,#478);
#312=LINE('',#2251,#479);
#313=LINE('',#2255,#480);
#314=LINE('',#2256,#481);
#315=LINE('',#2259,#482);
#316=LINE('',#2261,#483);
#317=LINE('',#2262,#484);
#318=LINE('',#2265,#485);
#319=LINE('',#2267,#486);
#320=LINE('',#2269,#487);
#321=LINE('',#2271,#488);
#322=LINE('',#2273,#489);
#323=LINE('',#2274,#490);
#324=LINE('',#2277,#491);
#325=LINE('',#2278,#492);
#326=LINE('',#2284,#493);
#327=LINE('',#2287,#494);
#328=LINE('',#2290,#495);
#329=LINE('',#2292,#496);
#330=LINE('',#2294,#497);
#331=LINE('',#2298,#498);
#332=LINE('',#2302,#499);
#333=LINE('',#2304,#500);
#334=LINE('',#2308,#501);
#335=LINE('',#2310,#502);
#336=LINE('',#2313,#503);
#337=LINE('',#2316,#504);
#338=LINE('',#2317,#505);
#339=LINE('',#2320,#506);
#340=LINE('',#2323,#507);
#341=LINE('',#2326,#508);
#342=LINE('',#2327,#509);
#343=LINE('',#2329,#510);
#344=LINE('',#2338,#511);
#345=LINE('',#2343,#512);
#346=LINE('',#2345,#513);
#347=LINE('',#2347,#514);
#348=LINE('',#2348,#515);
#349=LINE('',#2352,#516);
#350=LINE('',#2355,#517);
#351=LINE('',#2358,#518);
#352=LINE('',#2362,#519);
#353=LINE('',#2363,#520);
#354=LINE('',#2364,#521);
#355=LINE('',#2367,#522);
#356=LINE('',#2369,#523);
#357=LINE('',#2370,#524);
#358=LINE('',#2374,#525);
#359=LINE('',#2379,#526);
#360=LINE('',#2381,#527);
#361=LINE('',#2382,#528);
#362=LINE('',#2387,#529);
#363=LINE('',#2391,#530);
#364=LINE('',#2393,#531);
#365=LINE('',#2394,#532);
#366=LINE('',#2399,#533);
#367=LINE('',#2403,#534);
#368=LINE('',#2405,#535);
#369=LINE('',#2406,#536);
#370=LINE('',#2410,#537);
#371=LINE('',#2415,#538);
#372=LINE('',#2416,#539);
#373=LINE('',#2417,#540);
#374=LINE('',#2420,#541);
#375=LINE('',#2422,#542);
#376=LINE('',#2424,#543);
#377=LINE('',#2425,#544);
#378=LINE('',#2429,#545);
#379=LINE('',#2434,#546);
#380=LINE('',#2436,#547);
#381=LINE('',#2437,#548);
#382=LINE('',#2442,#549);
#383=LINE('',#2446,#550);
#384=LINE('',#2448,#551);
#385=LINE('',#2449,#552);
#386=LINE('',#2454,#553);
#387=LINE('',#2459,#554);
#388=LINE('',#2460,#555);
#389=LINE('',#2461,#556);
#390=LINE('',#2465,#557);
#391=LINE('',#2469,#558);
#392=LINE('',#2470,#559);
#393=LINE('',#2473,#560);
#394=LINE('',#2475,#561);
#395=LINE('',#2476,#562);
#396=LINE('',#2479,#563);
#397=LINE('',#2483,#564);
#398=LINE('',#2484,#565);
#399=LINE('',#2487,#566);
#400=LINE('',#2491,#567);
#401=LINE('',#2492,#568);
#402=LINE('',#2493,#569);
#403=LINE('',#2496,#570);
#404=LINE('',#2500,#571);
#405=LINE('',#2501,#572);
#406=LINE('',#2504,#573);
#407=LINE('',#2507,#574);
#408=LINE('',#2510,#575);
#409=LINE('',#2512,#576);
#410=LINE('',#2514,#577);
#411=LINE('',#2516,#578);
#412=LINE('',#2519,#579);
#413=LINE('',#2522,#580);
#414=LINE('',#2523,#581);
#415=LINE('',#2525,#582);
#416=LINE('',#2527,#583);
#417=LINE('',#2530,#584);
#418=LINE('',#2532,#585);
#419=LINE('',#2535,#586);
#420=LINE('',#2537,#587);
#421=LINE('',#2539,#588);
#422=LINE('',#2541,#589);
#423=LINE('',#2544,#590);
#424=LINE('',#2547,#591);
#425=LINE('',#2550,#592);
#426=LINE('',#2553,#593);
#427=LINE('',#2570,#594);
#428=LINE('',#2571,#595);
#429=LINE('',#2575,#596);
#430=LINE('',#2578,#597);
#431=LINE('',#2581,#598);
#432=LINE('',#2584,#599);
#433=LINE('',#2600,#600);
#434=LINE('',#2601,#601);
#435=LINE('',#2604,#602);
#436=LINE('',#2607,#603);
#437=LINE('',#2608,#604);
#438=LINE('',#2613,#605);
#439=LINE('',#2626,#606);
#440=LINE('',#2628,#607);
#441=LINE('',#2631,#608);
#442=LINE('',#2633,#609);
#443=LINE('',#2636,#610);
#444=LINE('',#2639,#611);
#445=LINE('',#2642,#612);
#446=LINE('',#2655,#613);
#447=LINE('',#2659,#614);
#448=LINE('',#2660,#615);
#449=LINE('',#2663,#616);
#450=LINE('',#2667,#617);
#451=LINE('',#2669,#618);
#452=LINE('',#2675,#619);
#453=LINE('',#2677,#620);
#454=LINE('',#2680,#621);
#455=LINE('',#2683,#622);
#456=LINE('',#2684,#623);
#457=LINE('',#2686,#624);
#458=LINE('',#2688,#625);
#459=LINE('',#2690,#626);
#460=LINE('',#2693,#627);
#461=LINE('',#2695,#628);
#462=LINE('',#2697,#629);
#463=VECTOR('',#1757,10.);
#464=VECTOR('',#1758,10.);
#465=VECTOR('',#1759,10.);
#466=VECTOR('',#1760,10.);
#467=VECTOR('',#1763,10.);
#468=VECTOR('',#1766,10.);
#469=VECTOR('',#1767,10.);
#470=VECTOR('',#1768,10.);
#471=VECTOR('',#1771,10.);
#472=VECTOR('',#1772,10.);
#473=VECTOR('',#1773,10.);
#474=VECTOR('',#1774,10.);
#475=VECTOR('',#1775,10.);
#476=VECTOR('',#1776,10.);
#477=VECTOR('',#1779,10.);
#478=VECTOR('',#1780,10.);
#479=VECTOR('',#1781,10.);
#480=VECTOR('',#1784,10.);
#481=VECTOR('',#1785,10.);
#482=VECTOR('',#1788,10.);
#483=VECTOR('',#1789,10.);
#484=VECTOR('',#1790,10.);
#485=VECTOR('',#1793,10.);
#486=VECTOR('',#1794,10.);
#487=VECTOR('',#1795,10.);
#488=VECTOR('',#1796,10.);
#489=VECTOR('',#1797,10.);
#490=VECTOR('',#1798,10.);
#491=VECTOR('',#1801,10.);
#492=VECTOR('',#1802,10.);
#493=VECTOR('',#1807,10.);
#494=VECTOR('',#1810,10.);
#495=VECTOR('',#1813,10.);
#496=VECTOR('',#1814,10.);
#497=VECTOR('',#1815,10.);
#498=VECTOR('',#1818,10.);
#499=VECTOR('',#1821,10.);
#500=VECTOR('',#1822,10.);
#501=VECTOR('',#1825,10.);
#502=VECTOR('',#1826,10.);
#503=VECTOR('',#1829,10.);
#504=VECTOR('',#1832,10.);
#505=VECTOR('',#1833,10.);
#506=VECTOR('',#1836,10.);
#507=VECTOR('',#1839,10.);
#508=VECTOR('',#1842,10.);
#509=VECTOR('',#1843,10.);
#510=VECTOR('',#1846,10.);
#511=VECTOR('',#1855,1.75);
#512=VECTOR('',#1860,10.);
#513=VECTOR('',#1861,10.);
#514=VECTOR('',#1862,10.);
#515=VECTOR('',#1863,10.);
#516=VECTOR('',#1868,1.15);
#517=VECTOR('',#1871,1.75);
#518=VECTOR('',#1876,1.15);
#519=VECTOR('',#1879,10.);
#520=VECTOR('',#1880,10.);
#521=VECTOR('',#1881,10.);
#522=VECTOR('',#1884,10.);
#523=VECTOR('',#1885,10.);
#524=VECTOR('',#1886,10.);
#525=VECTOR('',#1889,10.);
#526=VECTOR('',#1896,10.);
#527=VECTOR('',#1897,10.);
#528=VECTOR('',#1898,10.);
#529=VECTOR('',#1903,10.);
#530=VECTOR('',#1908,10.);
#531=VECTOR('',#1909,10.);
#532=VECTOR('',#1910,10.);
#533=VECTOR('',#1915,10.);
#534=VECTOR('',#1920,10.);
#535=VECTOR('',#1921,10.);
#536=VECTOR('',#1922,10.);
#537=VECTOR('',#1925,10.);
#538=VECTOR('',#1932,10.);
#539=VECTOR('',#1933,10.);
#540=VECTOR('',#1934,10.);
#541=VECTOR('',#1937,10.);
#542=VECTOR('',#1938,10.);
#543=VECTOR('',#1939,10.);
#544=VECTOR('',#1940,10.);
#545=VECTOR('',#1943,10.);
#546=VECTOR('',#1950,10.);
#547=VECTOR('',#1951,10.);
#548=VECTOR('',#1952,10.);
#549=VECTOR('',#1957,10.);
#550=VECTOR('',#1962,10.);
#551=VECTOR('',#1963,10.);
#552=VECTOR('',#1964,10.);
#553=VECTOR('',#1969,10.);
#554=VECTOR('',#1974,10.);
#555=VECTOR('',#1975,10.);
#556=VECTOR('',#1976,10.);
#557=VECTOR('',#1979,10.);
#558=VECTOR('',#1986,10.);
#559=VECTOR('',#1987,10.);
#560=VECTOR('',#1990,10.);
#561=VECTOR('',#1991,10.);
#562=VECTOR('',#1992,10.);
#563=VECTOR('',#1995,10.);
#564=VECTOR('',#2000,10.);
#565=VECTOR('',#2001,10.);
#566=VECTOR('',#2004,10.);
#567=VECTOR('',#2009,10.);
#568=VECTOR('',#2010,10.);
#569=VECTOR('',#2011,10.);
#570=VECTOR('',#2014,10.);
#571=VECTOR('',#2019,10.);
#572=VECTOR('',#2020,10.);
#573=VECTOR('',#2023,10.);
#574=VECTOR('',#2028,10.);
#575=VECTOR('',#2031,10.);
#576=VECTOR('',#2032,10.);
#577=VECTOR('',#2033,10.);
#578=VECTOR('',#2034,10.);
#579=VECTOR('',#2037,10.);
#580=VECTOR('',#2040,10.);
#581=VECTOR('',#2041,10.);
#582=VECTOR('',#2044,10.);
#583=VECTOR('',#2045,10.);
#584=VECTOR('',#2050,10.);
#585=VECTOR('',#2053,10.);
#586=VECTOR('',#2056,10.);
#587=VECTOR('',#2059,10.);
#588=VECTOR('',#2062,10.);
#589=VECTOR('',#2065,10.);
#590=VECTOR('',#2070,10.);
#591=VECTOR('',#2073,10.);
#592=VECTOR('',#2076,10.);
#593=VECTOR('',#2079,10.);
#594=VECTOR('',#2090,10.);
#595=VECTOR('',#2091,10.);
#596=VECTOR('',#2096,10.);
#597=VECTOR('',#2099,10.);
#598=VECTOR('',#2102,10.);
#599=VECTOR('',#2105,10.);
#600=VECTOR('',#2114,10.);
#601=VECTOR('',#2115,10.);
#602=VECTOR('',#2120,10.);
#603=VECTOR('',#2123,10.);
#604=VECTOR('',#2124,10.);
#605=VECTOR('',#2131,10.);
#606=VECTOR('',#2136,10.);
#607=VECTOR('',#2137,10.);
#608=VECTOR('',#2142,10.);
#609=VECTOR('',#2145,10.);
#610=VECTOR('',#2148,10.);
#611=VECTOR('',#2153,10.);
#612=VECTOR('',#2156,10.);
#613=VECTOR('',#2161,10.);
#614=VECTOR('',#2164,10.);
#615=VECTOR('',#2165,10.);
#616=VECTOR('',#2168,10.);
#617=VECTOR('',#2171,10.);
#618=VECTOR('',#2172,10.);
#619=VECTOR('',#2179,10.);
#620=VECTOR('',#2180,10.);
#621=VECTOR('',#2183,10.);
#622=VECTOR('',#2188,10.);
#623=VECTOR('',#2189,10.);
#624=VECTOR('',#2192,10.);
#625=VECTOR('',#2195,10.);
#626=VECTOR('',#2198,10.);
#627=VECTOR('',#2203,10.);
#628=VECTOR('',#2206,10.);
#629=VECTOR('',#2209,10.);
#630=VERTEX_POINT('',#2214);
#631=VERTEX_POINT('',#2215);
#632=VERTEX_POINT('',#2217);
#633=VERTEX_POINT('',#2219);
#634=VERTEX_POINT('',#2223);
#635=VERTEX_POINT('',#2225);
#636=VERTEX_POINT('',#2227);
#637=VERTEX_POINT('',#2229);
#638=VERTEX_POINT('',#2233);
#639=VERTEX_POINT('',#2235);
#640=VERTEX_POINT('',#2237);
#641=VERTEX_POINT('',#2239);
#642=VERTEX_POINT('',#2241);
#643=VERTEX_POINT('',#2245);
#644=VERTEX_POINT('',#2246);
#645=VERTEX_POINT('',#2248);
#646=VERTEX_POINT('',#2250);
#647=VERTEX_POINT('',#2252);
#648=VERTEX_POINT('',#2254);
#649=VERTEX_POINT('',#2258);
#650=VERTEX_POINT('',#2260);
#651=VERTEX_POINT('',#2264);
#652=VERTEX_POINT('',#2266);
#653=VERTEX_POINT('',#2268);
#654=VERTEX_POINT('',#2270);
#655=VERTEX_POINT('',#2272);
#656=VERTEX_POINT('',#2276);
#657=VERTEX_POINT('',#2280);
#658=VERTEX_POINT('',#2281);
#659=VERTEX_POINT('',#2283);
#660=VERTEX_POINT('',#2285);
#661=VERTEX_POINT('',#2289);
#662=VERTEX_POINT('',#2291);
#663=VERTEX_POINT('',#2293);
#664=VERTEX_POINT('',#2295);
#665=VERTEX_POINT('',#2297);
#666=VERTEX_POINT('',#2299);
#667=VERTEX_POINT('',#2301);
#668=VERTEX_POINT('',#2303);
#669=VERTEX_POINT('',#2305);
#670=VERTEX_POINT('',#2307);
#671=VERTEX_POINT('',#2309);
#672=VERTEX_POINT('',#2311);
#673=VERTEX_POINT('',#2315);
#674=VERTEX_POINT('',#2319);
#675=VERTEX_POINT('',#2321);
#676=VERTEX_POINT('',#2325);
#677=VERTEX_POINT('',#2330);
#678=VERTEX_POINT('',#2332);
#679=VERTEX_POINT('',#2335);
#680=VERTEX_POINT('',#2337);
#681=VERTEX_POINT('',#2341);
#682=VERTEX_POINT('',#2342);
#683=VERTEX_POINT('',#2344);
#684=VERTEX_POINT('',#2346);
#685=VERTEX_POINT('',#2349);
#686=VERTEX_POINT('',#2354);
#687=VERTEX_POINT('',#2360);
#688=VERTEX_POINT('',#2361);
#689=VERTEX_POINT('',#2366);
#690=VERTEX_POINT('',#2368);
#691=VERTEX_POINT('',#2372);
#692=VERTEX_POINT('',#2373);
#693=VERTEX_POINT('',#2378);
#694=VERTEX_POINT('',#2380);
#695=VERTEX_POINT('',#2384);
#696=VERTEX_POINT('',#2386);
#697=VERTEX_POINT('',#2390);
#698=VERTEX_POINT('',#2392);
#699=VERTEX_POINT('',#2396);
#700=VERTEX_POINT('',#2398);
#701=VERTEX_POINT('',#2402);
#702=VERTEX_POINT('',#2404);
#703=VERTEX_POINT('',#2408);
#704=VERTEX_POINT('',#2409);
#705=VERTEX_POINT('',#2414);
#706=VERTEX_POINT('',#2419);
#707=VERTEX_POINT('',#2421);
#708=VERTEX_POINT('',#2423);
#709=VERTEX_POINT('',#2427);
#710=VERTEX_POINT('',#2428);
#711=VERTEX_POINT('',#2433);
#712=VERTEX_POINT('',#2435);
#713=VERTEX_POINT('',#2439);
#714=VERTEX_POINT('',#2441);
#715=VERTEX_POINT('',#2445);
#716=VERTEX_POINT('',#2447);
#717=VERTEX_POINT('',#2451);
#718=VERTEX_POINT('',#2453);
#719=VERTEX_POINT('',#2457);
#720=VERTEX_POINT('',#2458);
#721=VERTEX_POINT('',#2463);
#722=VERTEX_POINT('',#2464);
#723=VERTEX_POINT('',#2472);
#724=VERTEX_POINT('',#2474);
#725=VERTEX_POINT('',#2478);
#726=VERTEX_POINT('',#2482);
#727=VERTEX_POINT('',#2486);
#728=VERTEX_POINT('',#2490);
#729=VERTEX_POINT('',#2495);
#730=VERTEX_POINT('',#2499);
#731=VERTEX_POINT('',#2503);
#732=VERTEX_POINT('',#2509);
#733=VERTEX_POINT('',#2511);
#734=VERTEX_POINT('',#2513);
#735=VERTEX_POINT('',#2515);
#736=VERTEX_POINT('',#2517);
#737=VERTEX_POINT('',#2521);
#738=VERTEX_POINT('',#2526);
#739=VERTEX_POINT('',#2533);
#740=VERTEX_POINT('',#2546);
#741=VERTEX_POINT('',#2548);
#742=VERTEX_POINT('',#2552);
#743=VERTEX_POINT('',#2564);
#744=VERTEX_POINT('',#2565);
#745=VERTEX_POINT('',#2574);
#746=VERTEX_POINT('',#2576);
#747=VERTEX_POINT('',#2580);
#748=VERTEX_POINT('',#2582);
#749=VERTEX_POINT('',#2594);
#750=VERTEX_POINT('',#2595);
#751=VERTEX_POINT('',#2606);
#752=VERTEX_POINT('',#2612);
#753=VERTEX_POINT('',#2614);
#754=VERTEX_POINT('',#2625);
#755=VERTEX_POINT('',#2627);
#756=VERTEX_POINT('',#2635);
#757=VERTEX_POINT('',#2641);
#758=VERTEX_POINT('',#2643);
#759=VERTEX_POINT('',#2654);
#760=VERTEX_POINT('',#2656);
#761=VERTEX_POINT('',#2658);
#762=VERTEX_POINT('',#2662);
#763=VERTEX_POINT('',#2664);
#764=VERTEX_POINT('',#2666);
#765=VERTEX_POINT('',#2668);
#766=VERTEX_POINT('',#2672);
#767=VERTEX_POINT('',#2674);
#768=VERTEX_POINT('',#2676);
#769=VERTEX_POINT('',#2678);
#770=EDGE_CURVE('',#630,#631,#296,.T.);
#771=EDGE_CURVE('',#631,#632,#297,.F.);
#772=EDGE_CURVE('',#632,#633,#298,.T.);
#773=EDGE_CURVE('',#633,#630,#299,.T.);
#774=EDGE_CURVE('',#633,#634,#300,.T.);
#775=EDGE_CURVE('',#635,#634,#104,.T.);
#776=EDGE_CURVE('',#635,#636,#301,.F.);
#777=EDGE_CURVE('',#637,#636,#302,.T.);
#778=EDGE_CURVE('',#637,#630,#303,.T.);
#779=EDGE_CURVE('',#638,#637,#304,.T.);
#780=EDGE_CURVE('',#639,#638,#305,.T.);
#781=EDGE_CURVE('',#640,#639,#306,.T.);
#782=EDGE_CURVE('',#641,#640,#307,.T.);
#783=EDGE_CURVE('',#642,#641,#308,.T.);
#784=EDGE_CURVE('',#630,#642,#309,.T.);
#785=EDGE_CURVE('',#643,#644,#310,.T.);
#786=EDGE_CURVE('',#644,#645,#311,.F.);
#787=EDGE_CURVE('',#646,#645,#312,.T.);
#788=EDGE_CURVE('',#646,#647,#105,.F.);
#789=EDGE_CURVE('',#647,#648,#313,.T.);
#790=EDGE_CURVE('',#648,#643,#314,.T.);
#791=EDGE_CURVE('',#648,#649,#315,.T.);
#792=EDGE_CURVE('',#649,#650,#316,.F.);
#793=EDGE_CURVE('',#650,#643,#317,.T.);
#794=EDGE_CURVE('',#643,#651,#318,.T.);
#795=EDGE_CURVE('',#652,#651,#319,.T.);
#796=EDGE_CURVE('',#653,#652,#320,.T.);
#797=EDGE_CURVE('',#654,#653,#321,.T.);
#798=EDGE_CURVE('',#654,#655,#322,.T.);
#799=EDGE_CURVE('',#644,#655,#323,.T.);
#800=EDGE_CURVE('',#656,#650,#324,.T.);
#801=EDGE_CURVE('',#651,#656,#325,.T.);
#802=EDGE_CURVE('',#657,#658,#106,.T.);
#803=EDGE_CURVE('',#657,#659,#326,.T.);
#804=EDGE_CURVE('',#659,#660,#35,.T.);
#805=EDGE_CURVE('',#660,#658,#327,.T.);
#806=EDGE_CURVE('',#658,#661,#328,.T.);
#807=EDGE_CURVE('',#661,#662,#329,.T.);
#808=EDGE_CURVE('',#662,#663,#330,.T.);
#809=EDGE_CURVE('',#663,#664,#107,.T.);
#810=EDGE_CURVE('',#665,#664,#331,.T.);
#811=EDGE_CURVE('',#665,#666,#108,.T.);
#812=EDGE_CURVE('',#666,#667,#332,.T.);
#813=EDGE_CURVE('',#667,#668,#333,.T.);
#814=EDGE_CURVE('',#669,#668,#109,.F.);
#815=EDGE_CURVE('',#669,#670,#334,.T.);
#816=EDGE_CURVE('',#670,#671,#335,.T.);
#817=EDGE_CURVE('',#671,#672,#110,.T.);
#818=EDGE_CURVE('',#657,#672,#336,.T.);
#819=EDGE_CURVE('',#660,#673,#337,.T.);
#820=EDGE_CURVE('',#673,#661,#338,.T.);
#821=EDGE_CURVE('',#663,#674,#339,.T.);
#822=EDGE_CURVE('',#674,#675,#36,.T.);
#823=EDGE_CURVE('',#675,#664,#340,.T.);
#824=EDGE_CURVE('',#662,#676,#341,.T.);
#825=EDGE_CURVE('',#676,#674,#342,.T.);
#826=EDGE_CURVE('',#673,#676,#343,.T.);
#827=EDGE_CURVE('',#677,#677,#37,.T.);
#828=EDGE_CURVE('',#678,#678,#38,.T.);
#829=EDGE_CURVE('',#679,#679,#39,.T.);
#830=EDGE_CURVE('',#679,#680,#344,.T.);
#831=EDGE_CURVE('',#680,#680,#40,.T.);
#832=EDGE_CURVE('',#681,#682,#345,.T.);
#833=EDGE_CURVE('',#683,#681,#346,.T.);
#834=EDGE_CURVE('',#684,#683,#347,.T.);
#835=EDGE_CURVE('',#682,#684,#348,.T.);
#836=EDGE_CURVE('',#685,#685,#41,.T.);
#837=EDGE_CURVE('',#680,#677,#349,.T.);
#838=EDGE_CURVE('',#685,#686,#350,.T.);
#839=EDGE_CURVE('',#686,#686,#42,.T.);
#840=EDGE_CURVE('',#686,#678,#351,.T.);
#841=EDGE_CURVE('',#687,#688,#352,.T.);
#842=EDGE_CURVE('',#688,#681,#353,.T.);
#843=EDGE_CURVE('',#682,#687,#354,.T.);
#844=EDGE_CURVE('',#688,#689,#355,.T.);
#845=EDGE_CURVE('',#689,#690,#356,.T.);
#846=EDGE_CURVE('',#690,#681,#357,.T.);
#847=EDGE_CURVE('',#691,#692,#358,.T.);
#848=EDGE_CURVE('',#692,#690,#43,.T.);
#849=EDGE_CURVE('',#689,#691,#44,.T.);
#850=EDGE_CURVE('',#691,#693,#359,.T.);
#851=EDGE_CURVE('',#693,#694,#360,.T.);
#852=EDGE_CURVE('',#694,#692,#361,.T.);
#853=EDGE_CURVE('',#693,#695,#45,.T.);
#854=EDGE_CURVE('',#695,#696,#362,.T.);
#855=EDGE_CURVE('',#696,#694,#46,.T.);
#856=EDGE_CURVE('',#695,#697,#363,.T.);
#857=EDGE_CURVE('',#697,#698,#364,.T.);
#858=EDGE_CURVE('',#698,#696,#365,.T.);
#859=EDGE_CURVE('',#697,#699,#47,.T.);
#860=EDGE_CURVE('',#699,#700,#366,.T.);
#861=EDGE_CURVE('',#700,#698,#48,.T.);
#862=EDGE_CURVE('',#699,#701,#367,.T.);
#863=EDGE_CURVE('',#701,#702,#368,.T.);
#864=EDGE_CURVE('',#702,#700,#369,.T.);
#865=EDGE_CURVE('',#703,#704,#370,.T.);
#866=EDGE_CURVE('',#704,#702,#49,.T.);
#867=EDGE_CURVE('',#701,#703,#50,.T.);
#868=EDGE_CURVE('',#640,#705,#371,.T.);
#869=EDGE_CURVE('',#705,#704,#372,.T.);
#870=EDGE_CURVE('',#703,#641,#373,.T.);
#871=EDGE_CURVE('',#652,#706,#374,.T.);
#872=EDGE_CURVE('',#706,#707,#375,.T.);
#873=EDGE_CURVE('',#707,#708,#376,.T.);
#874=EDGE_CURVE('',#708,#653,#377,.T.);
#875=EDGE_CURVE('',#709,#710,#378,.T.);
#876=EDGE_CURVE('',#710,#707,#51,.T.);
#877=EDGE_CURVE('',#706,#709,#52,.T.);
#878=EDGE_CURVE('',#709,#711,#379,.T.);
#879=EDGE_CURVE('',#711,#712,#380,.T.);
#880=EDGE_CURVE('',#712,#710,#381,.T.);
#881=EDGE_CURVE('',#711,#713,#53,.T.);
#882=EDGE_CURVE('',#713,#714,#382,.T.);
#883=EDGE_CURVE('',#714,#712,#54,.T.);
#884=EDGE_CURVE('',#713,#715,#383,.T.);
#885=EDGE_CURVE('',#715,#716,#384,.T.);
#886=EDGE_CURVE('',#716,#714,#385,.T.);
#887=EDGE_CURVE('',#715,#717,#55,.T.);
#888=EDGE_CURVE('',#717,#718,#386,.T.);
#889=EDGE_CURVE('',#718,#716,#56,.T.);
#890=EDGE_CURVE('',#719,#720,#387,.T.);
#891=EDGE_CURVE('',#720,#718,#388,.T.);
#892=EDGE_CURVE('',#717,#719,#389,.T.);
#893=EDGE_CURVE('',#721,#722,#390,.T.);
#894=EDGE_CURVE('',#722,#720,#57,.T.);
#895=EDGE_CURVE('',#719,#721,#58,.T.);
#896=EDGE_CURVE('',#682,#722,#391,.T.);
#897=EDGE_CURVE('',#721,#687,#392,.T.);
#898=EDGE_CURVE('',#723,#699,#393,.T.);
#899=EDGE_CURVE('',#723,#724,#394,.T.);
#900=EDGE_CURVE('',#724,#642,#395,.T.);
#901=EDGE_CURVE('',#697,#725,#396,.T.);
#902=EDGE_CURVE('',#725,#723,#59,.T.);
#903=EDGE_CURVE('',#726,#695,#397,.T.);
#904=EDGE_CURVE('',#726,#725,#398,.T.);
#905=EDGE_CURVE('',#693,#727,#399,.T.);
#906=EDGE_CURVE('',#727,#726,#60,.T.);
#907=EDGE_CURVE('',#728,#717,#400,.T.);
#908=EDGE_CURVE('',#675,#728,#401,.T.);
#909=EDGE_CURVE('',#659,#727,#402,.T.);
#910=EDGE_CURVE('',#715,#729,#403,.T.);
#911=EDGE_CURVE('',#729,#728,#61,.T.);
#912=EDGE_CURVE('',#730,#713,#404,.T.);
#913=EDGE_CURVE('',#730,#729,#405,.T.);
#914=EDGE_CURVE('',#711,#731,#406,.T.);
#915=EDGE_CURVE('',#731,#730,#62,.T.);
#916=EDGE_CURVE('',#656,#731,#407,.T.);
#917=EDGE_CURVE('',#732,#708,#408,.T.);
#918=EDGE_CURVE('',#733,#732,#409,.T.);
#919=EDGE_CURVE('',#733,#734,#410,.T.);
#920=EDGE_CURVE('',#734,#735,#411,.T.);
#921=EDGE_CURVE('',#735,#736,#63,.T.);
#922=EDGE_CURVE('',#736,#654,#412,.T.);
#923=EDGE_CURVE('',#737,#707,#413,.T.);
#924=EDGE_CURVE('',#732,#737,#414,.T.);
#925=EDGE_CURVE('',#646,#666,#415,.T.);
#926=EDGE_CURVE('',#665,#738,#416,.T.);
#927=EDGE_CURVE('',#647,#738,#64,.T.);
#928=EDGE_CURVE('',#645,#667,#417,.T.);
#929=EDGE_CURVE('',#671,#635,#418,.T.);
#930=EDGE_CURVE('',#739,#634,#65,.T.);
#931=EDGE_CURVE('',#739,#672,#419,.T.);
#932=EDGE_CURVE('',#739,#632,#420,.T.);
#933=EDGE_CURVE('',#636,#670,#421,.F.);
#934=EDGE_CURVE('',#649,#738,#422,.T.);
#935=EDGE_CURVE('',#631,#724,#423,.T.);
#936=EDGE_CURVE('',#722,#740,#424,.T.);
#937=EDGE_CURVE('',#740,#741,#111,.T.);
#938=EDGE_CURVE('',#741,#720,#425,.T.);
#939=EDGE_CURVE('',#710,#742,#426,.T.);
#940=EDGE_CURVE('',#742,#737,#66,.T.);
#941=EDGE_CURVE('',#743,#744,#67,.T.);
#942=EDGE_CURVE('',#744,#737,#68,.T.);
#943=EDGE_CURVE('',#742,#743,#69,.T.);
#944=EDGE_CURVE('',#740,#744,#427,.T.);
#945=EDGE_CURVE('',#743,#741,#428,.T.);
#946=EDGE_CURVE('',#692,#745,#429,.T.);
#947=EDGE_CURVE('',#745,#746,#112,.T.);
#948=EDGE_CURVE('',#746,#690,#430,.T.);
#949=EDGE_CURVE('',#745,#747,#431,.T.);
#950=EDGE_CURVE('',#747,#748,#70,.T.);
#951=EDGE_CURVE('',#748,#746,#432,.T.);
#952=EDGE_CURVE('',#749,#750,#71,.T.);
#953=EDGE_CURVE('',#750,#748,#72,.T.);
#954=EDGE_CURVE('',#747,#749,#73,.T.);
#955=EDGE_CURVE('',#704,#750,#433,.T.);
#956=EDGE_CURVE('',#749,#702,#434,.T.);
#957=EDGE_CURVE('',#684,#740,#435,.T.);
#958=EDGE_CURVE('',#684,#751,#436,.T.);
#959=EDGE_CURVE('',#751,#744,#437,.T.);
#960=EDGE_CURVE('',#751,#732,#74,.T.);
#961=EDGE_CURVE('',#751,#752,#438,.T.);
#962=EDGE_CURVE('',#752,#753,#15,.T.);
#963=EDGE_CURVE('',#753,#733,#75,.T.);
#964=EDGE_CURVE('',#754,#683,#439,.T.);
#965=EDGE_CURVE('',#755,#754,#440,.T.);
#966=EDGE_CURVE('',#755,#752,#113,.T.);
#967=EDGE_CURVE('',#746,#683,#441,.T.);
#968=EDGE_CURVE('',#748,#754,#442,.T.);
#969=EDGE_CURVE('',#750,#756,#443,.T.);
#970=EDGE_CURVE('',#756,#754,#76,.T.);
#971=EDGE_CURVE('',#705,#756,#444,.T.);
#972=EDGE_CURVE('',#756,#757,#445,.T.);
#973=EDGE_CURVE('',#757,#758,#77,.T.);
#974=EDGE_CURVE('',#758,#755,#16,.T.);
#975=EDGE_CURVE('',#639,#759,#446,.T.);
#976=EDGE_CURVE('',#759,#760,#78,.T.);
#977=EDGE_CURVE('',#760,#761,#447,.T.);
#978=EDGE_CURVE('',#761,#757,#448,.T.);
#979=EDGE_CURVE('',#655,#762,#449,.T.);
#980=EDGE_CURVE('',#762,#763,#79,.T.);
#981=EDGE_CURVE('',#763,#764,#450,.T.);
#982=EDGE_CURVE('',#764,#765,#451,.T.);
#983=EDGE_CURVE('',#765,#668,#80,.T.);
#984=EDGE_CURVE('',#669,#766,#81,.T.);
#985=EDGE_CURVE('',#766,#767,#452,.T.);
#986=EDGE_CURVE('',#767,#768,#453,.T.);
#987=EDGE_CURVE('',#768,#769,#82,.T.);
#988=EDGE_CURVE('',#769,#638,#454,.T.);
#989=EDGE_CURVE('',#758,#766,#455,.T.);
#990=EDGE_CURVE('',#753,#765,#456,.T.);
#991=EDGE_CURVE('',#761,#767,#457,.T.);
#992=EDGE_CURVE('',#760,#768,#458,.T.);
#993=EDGE_CURVE('',#759,#769,#459,.T.);
#994=EDGE_CURVE('',#736,#762,#460,.T.);
#995=EDGE_CURVE('',#735,#763,#461,.T.);
#996=EDGE_CURVE('',#734,#764,#462,.T.);
#997=ORIENTED_EDGE('',*,*,#770,.T.);
#998=ORIENTED_EDGE('',*,*,#771,.T.);
#999=ORIENTED_EDGE('',*,*,#772,.T.);
#1000=ORIENTED_EDGE('',*,*,#773,.T.);
#1001=ORIENTED_EDGE('',*,*,#774,.T.);
#1002=ORIENTED_EDGE('',*,*,#775,.F.);
#1003=ORIENTED_EDGE('',*,*,#776,.T.);
#1004=ORIENTED_EDGE('',*,*,#777,.F.);
#1005=ORIENTED_EDGE('',*,*,#778,.T.);
#1006=ORIENTED_EDGE('',*,*,#773,.F.);
#1007=ORIENTED_EDGE('',*,*,#778,.F.);
#1008=ORIENTED_EDGE('',*,*,#779,.F.);
#1009=ORIENTED_EDGE('',*,*,#780,.F.);
#1010=ORIENTED_EDGE('',*,*,#781,.F.);
#1011=ORIENTED_EDGE('',*,*,#782,.F.);
#1012=ORIENTED_EDGE('',*,*,#783,.F.);
#1013=ORIENTED_EDGE('',*,*,#784,.F.);
#1014=ORIENTED_EDGE('',*,*,#785,.T.);
#1015=ORIENTED_EDGE('',*,*,#786,.T.);
#1016=ORIENTED_EDGE('',*,*,#787,.F.);
#1017=ORIENTED_EDGE('',*,*,#788,.T.);
#1018=ORIENTED_EDGE('',*,*,#789,.T.);
#1019=ORIENTED_EDGE('',*,*,#790,.T.);
#1020=ORIENTED_EDGE('',*,*,#791,.T.);
#1021=ORIENTED_EDGE('',*,*,#792,.T.);
#1022=ORIENTED_EDGE('',*,*,#793,.T.);
#1023=ORIENTED_EDGE('',*,*,#790,.F.);
#1024=ORIENTED_EDGE('',*,*,#785,.F.);
#1025=ORIENTED_EDGE('',*,*,#794,.T.);
#1026=ORIENTED_EDGE('',*,*,#795,.F.);
#1027=ORIENTED_EDGE('',*,*,#796,.F.);
#1028=ORIENTED_EDGE('',*,*,#797,.F.);
#1029=ORIENTED_EDGE('',*,*,#798,.T.);
#1030=ORIENTED_EDGE('',*,*,#799,.F.);
#1031=ORIENTED_EDGE('',*,*,#793,.F.);
#1032=ORIENTED_EDGE('',*,*,#800,.F.);
#1033=ORIENTED_EDGE('',*,*,#801,.F.);
#1034=ORIENTED_EDGE('',*,*,#794,.F.);
#1035=ORIENTED_EDGE('',*,*,#802,.F.);
#1036=ORIENTED_EDGE('',*,*,#803,.T.);
#1037=ORIENTED_EDGE('',*,*,#804,.T.);
#1038=ORIENTED_EDGE('',*,*,#805,.T.);
#1039=ORIENTED_EDGE('',*,*,#802,.T.);
#1040=ORIENTED_EDGE('',*,*,#806,.T.);
#1041=ORIENTED_EDGE('',*,*,#807,.T.);
#1042=ORIENTED_EDGE('',*,*,#808,.T.);
#1043=ORIENTED_EDGE('',*,*,#809,.T.);
#1044=ORIENTED_EDGE('',*,*,#810,.F.);
#1045=ORIENTED_EDGE('',*,*,#811,.T.);
#1046=ORIENTED_EDGE('',*,*,#812,.T.);
#1047=ORIENTED_EDGE('',*,*,#813,.T.);
#1048=ORIENTED_EDGE('',*,*,#814,.F.);
#1049=ORIENTED_EDGE('',*,*,#815,.T.);
#1050=ORIENTED_EDGE('',*,*,#816,.T.);
#1051=ORIENTED_EDGE('',*,*,#817,.T.);
#1052=ORIENTED_EDGE('',*,*,#818,.F.);
#1053=ORIENTED_EDGE('',*,*,#805,.F.);
#1054=ORIENTED_EDGE('',*,*,#819,.T.);
#1055=ORIENTED_EDGE('',*,*,#820,.T.);
#1056=ORIENTED_EDGE('',*,*,#806,.F.);
#1057=ORIENTED_EDGE('',*,*,#809,.F.);
#1058=ORIENTED_EDGE('',*,*,#821,.T.);
#1059=ORIENTED_EDGE('',*,*,#822,.T.);
#1060=ORIENTED_EDGE('',*,*,#823,.T.);
#1061=ORIENTED_EDGE('',*,*,#821,.F.);
#1062=ORIENTED_EDGE('',*,*,#808,.F.);
#1063=ORIENTED_EDGE('',*,*,#824,.T.);
#1064=ORIENTED_EDGE('',*,*,#825,.T.);
#1065=ORIENTED_EDGE('',*,*,#820,.F.);
#1066=ORIENTED_EDGE('',*,*,#826,.T.);
#1067=ORIENTED_EDGE('',*,*,#824,.F.);
#1068=ORIENTED_EDGE('',*,*,#807,.F.);
#1069=ORIENTED_EDGE('',*,*,#827,.F.);
#1070=ORIENTED_EDGE('',*,*,#828,.F.);
#1071=ORIENTED_EDGE('',*,*,#829,.T.);
#1072=ORIENTED_EDGE('',*,*,#830,.T.);
#1073=ORIENTED_EDGE('',*,*,#831,.T.);
#1074=ORIENTED_EDGE('',*,*,#830,.F.);
#1075=ORIENTED_EDGE('',*,*,#832,.F.);
#1076=ORIENTED_EDGE('',*,*,#833,.F.);
#1077=ORIENTED_EDGE('',*,*,#834,.F.);
#1078=ORIENTED_EDGE('',*,*,#835,.F.);
#1079=ORIENTED_EDGE('',*,*,#836,.F.);
#1080=ORIENTED_EDGE('',*,*,#829,.F.);
#1081=ORIENTED_EDGE('',*,*,#831,.F.);
#1082=ORIENTED_EDGE('',*,*,#837,.T.);
#1083=ORIENTED_EDGE('',*,*,#827,.T.);
#1084=ORIENTED_EDGE('',*,*,#837,.F.);
#1085=ORIENTED_EDGE('',*,*,#836,.T.);
#1086=ORIENTED_EDGE('',*,*,#838,.T.);
#1087=ORIENTED_EDGE('',*,*,#839,.T.);
#1088=ORIENTED_EDGE('',*,*,#838,.F.);
#1089=ORIENTED_EDGE('',*,*,#839,.F.);
#1090=ORIENTED_EDGE('',*,*,#840,.T.);
#1091=ORIENTED_EDGE('',*,*,#828,.T.);
#1092=ORIENTED_EDGE('',*,*,#840,.F.);
#1093=ORIENTED_EDGE('',*,*,#841,.T.);
#1094=ORIENTED_EDGE('',*,*,#842,.T.);
#1095=ORIENTED_EDGE('',*,*,#832,.T.);
#1096=ORIENTED_EDGE('',*,*,#843,.T.);
#1097=ORIENTED_EDGE('',*,*,#844,.T.);
#1098=ORIENTED_EDGE('',*,*,#845,.T.);
#1099=ORIENTED_EDGE('',*,*,#846,.T.);
#1100=ORIENTED_EDGE('',*,*,#842,.F.);
#1101=ORIENTED_EDGE('',*,*,#847,.T.);
#1102=ORIENTED_EDGE('',*,*,#848,.T.);
#1103=ORIENTED_EDGE('',*,*,#845,.F.);
#1104=ORIENTED_EDGE('',*,*,#849,.T.);
#1105=ORIENTED_EDGE('',*,*,#847,.F.);
#1106=ORIENTED_EDGE('',*,*,#850,.T.);
#1107=ORIENTED_EDGE('',*,*,#851,.T.);
#1108=ORIENTED_EDGE('',*,*,#852,.T.);
#1109=ORIENTED_EDGE('',*,*,#851,.F.);
#1110=ORIENTED_EDGE('',*,*,#853,.T.);
#1111=ORIENTED_EDGE('',*,*,#854,.T.);
#1112=ORIENTED_EDGE('',*,*,#855,.T.);
#1113=ORIENTED_EDGE('',*,*,#854,.F.);
#1114=ORIENTED_EDGE('',*,*,#856,.T.);
#1115=ORIENTED_EDGE('',*,*,#857,.T.);
#1116=ORIENTED_EDGE('',*,*,#858,.T.);
#1117=ORIENTED_EDGE('',*,*,#857,.F.);
#1118=ORIENTED_EDGE('',*,*,#859,.T.);
#1119=ORIENTED_EDGE('',*,*,#860,.T.);
#1120=ORIENTED_EDGE('',*,*,#861,.T.);
#1121=ORIENTED_EDGE('',*,*,#860,.F.);
#1122=ORIENTED_EDGE('',*,*,#862,.T.);
#1123=ORIENTED_EDGE('',*,*,#863,.T.);
#1124=ORIENTED_EDGE('',*,*,#864,.T.);
#1125=ORIENTED_EDGE('',*,*,#865,.T.);
#1126=ORIENTED_EDGE('',*,*,#866,.T.);
#1127=ORIENTED_EDGE('',*,*,#863,.F.);
#1128=ORIENTED_EDGE('',*,*,#867,.T.);
#1129=ORIENTED_EDGE('',*,*,#868,.T.);
#1130=ORIENTED_EDGE('',*,*,#869,.T.);
#1131=ORIENTED_EDGE('',*,*,#865,.F.);
#1132=ORIENTED_EDGE('',*,*,#870,.T.);
#1133=ORIENTED_EDGE('',*,*,#782,.T.);
#1134=ORIENTED_EDGE('',*,*,#796,.T.);
#1135=ORIENTED_EDGE('',*,*,#871,.T.);
#1136=ORIENTED_EDGE('',*,*,#872,.T.);
#1137=ORIENTED_EDGE('',*,*,#873,.T.);
#1138=ORIENTED_EDGE('',*,*,#874,.T.);
#1139=ORIENTED_EDGE('',*,*,#875,.T.);
#1140=ORIENTED_EDGE('',*,*,#876,.T.);
#1141=ORIENTED_EDGE('',*,*,#872,.F.);
#1142=ORIENTED_EDGE('',*,*,#877,.T.);
#1143=ORIENTED_EDGE('',*,*,#875,.F.);
#1144=ORIENTED_EDGE('',*,*,#878,.T.);
#1145=ORIENTED_EDGE('',*,*,#879,.T.);
#1146=ORIENTED_EDGE('',*,*,#880,.T.);
#1147=ORIENTED_EDGE('',*,*,#879,.F.);
#1148=ORIENTED_EDGE('',*,*,#881,.T.);
#1149=ORIENTED_EDGE('',*,*,#882,.T.);
#1150=ORIENTED_EDGE('',*,*,#883,.T.);
#1151=ORIENTED_EDGE('',*,*,#882,.F.);
#1152=ORIENTED_EDGE('',*,*,#884,.T.);
#1153=ORIENTED_EDGE('',*,*,#885,.T.);
#1154=ORIENTED_EDGE('',*,*,#886,.T.);
#1155=ORIENTED_EDGE('',*,*,#885,.F.);
#1156=ORIENTED_EDGE('',*,*,#887,.T.);
#1157=ORIENTED_EDGE('',*,*,#888,.T.);
#1158=ORIENTED_EDGE('',*,*,#889,.T.);
#1159=ORIENTED_EDGE('',*,*,#890,.T.);
#1160=ORIENTED_EDGE('',*,*,#891,.T.);
#1161=ORIENTED_EDGE('',*,*,#888,.F.);
#1162=ORIENTED_EDGE('',*,*,#892,.T.);
#1163=ORIENTED_EDGE('',*,*,#893,.T.);
#1164=ORIENTED_EDGE('',*,*,#894,.T.);
#1165=ORIENTED_EDGE('',*,*,#890,.F.);
#1166=ORIENTED_EDGE('',*,*,#895,.T.);
#1167=ORIENTED_EDGE('',*,*,#896,.T.);
#1168=ORIENTED_EDGE('',*,*,#893,.F.);
#1169=ORIENTED_EDGE('',*,*,#897,.T.);
#1170=ORIENTED_EDGE('',*,*,#843,.F.);
#1171=ORIENTED_EDGE('',*,*,#870,.F.);
#1172=ORIENTED_EDGE('',*,*,#867,.F.);
#1173=ORIENTED_EDGE('',*,*,#862,.F.);
#1174=ORIENTED_EDGE('',*,*,#898,.F.);
#1175=ORIENTED_EDGE('',*,*,#899,.T.);
#1176=ORIENTED_EDGE('',*,*,#900,.T.);
#1177=ORIENTED_EDGE('',*,*,#783,.T.);
#1178=ORIENTED_EDGE('',*,*,#859,.F.);
#1179=ORIENTED_EDGE('',*,*,#901,.T.);
#1180=ORIENTED_EDGE('',*,*,#902,.T.);
#1181=ORIENTED_EDGE('',*,*,#898,.T.);
#1182=ORIENTED_EDGE('',*,*,#856,.F.);
#1183=ORIENTED_EDGE('',*,*,#903,.F.);
#1184=ORIENTED_EDGE('',*,*,#904,.T.);
#1185=ORIENTED_EDGE('',*,*,#901,.F.);
#1186=ORIENTED_EDGE('',*,*,#853,.F.);
#1187=ORIENTED_EDGE('',*,*,#905,.T.);
#1188=ORIENTED_EDGE('',*,*,#906,.T.);
#1189=ORIENTED_EDGE('',*,*,#903,.T.);
#1190=ORIENTED_EDGE('',*,*,#850,.F.);
#1191=ORIENTED_EDGE('',*,*,#849,.F.);
#1192=ORIENTED_EDGE('',*,*,#844,.F.);
#1193=ORIENTED_EDGE('',*,*,#841,.F.);
#1194=ORIENTED_EDGE('',*,*,#897,.F.);
#1195=ORIENTED_EDGE('',*,*,#895,.F.);
#1196=ORIENTED_EDGE('',*,*,#892,.F.);
#1197=ORIENTED_EDGE('',*,*,#907,.F.);
#1198=ORIENTED_EDGE('',*,*,#908,.F.);
#1199=ORIENTED_EDGE('',*,*,#822,.F.);
#1200=ORIENTED_EDGE('',*,*,#825,.F.);
#1201=ORIENTED_EDGE('',*,*,#826,.F.);
#1202=ORIENTED_EDGE('',*,*,#819,.F.);
#1203=ORIENTED_EDGE('',*,*,#804,.F.);
#1204=ORIENTED_EDGE('',*,*,#909,.T.);
#1205=ORIENTED_EDGE('',*,*,#905,.F.);
#1206=ORIENTED_EDGE('',*,*,#887,.F.);
#1207=ORIENTED_EDGE('',*,*,#910,.T.);
#1208=ORIENTED_EDGE('',*,*,#911,.T.);
#1209=ORIENTED_EDGE('',*,*,#907,.T.);
#1210=ORIENTED_EDGE('',*,*,#884,.F.);
#1211=ORIENTED_EDGE('',*,*,#912,.F.);
#1212=ORIENTED_EDGE('',*,*,#913,.T.);
#1213=ORIENTED_EDGE('',*,*,#910,.F.);
#1214=ORIENTED_EDGE('',*,*,#881,.F.);
#1215=ORIENTED_EDGE('',*,*,#914,.T.);
#1216=ORIENTED_EDGE('',*,*,#915,.T.);
#1217=ORIENTED_EDGE('',*,*,#912,.T.);
#1218=ORIENTED_EDGE('',*,*,#878,.F.);
#1219=ORIENTED_EDGE('',*,*,#877,.F.);
#1220=ORIENTED_EDGE('',*,*,#871,.F.);
#1221=ORIENTED_EDGE('',*,*,#795,.T.);
#1222=ORIENTED_EDGE('',*,*,#801,.T.);
#1223=ORIENTED_EDGE('',*,*,#916,.T.);
#1224=ORIENTED_EDGE('',*,*,#914,.F.);
#1225=ORIENTED_EDGE('',*,*,#874,.F.);
#1226=ORIENTED_EDGE('',*,*,#917,.F.);
#1227=ORIENTED_EDGE('',*,*,#918,.F.);
#1228=ORIENTED_EDGE('',*,*,#919,.T.);
#1229=ORIENTED_EDGE('',*,*,#920,.T.);
#1230=ORIENTED_EDGE('',*,*,#921,.T.);
#1231=ORIENTED_EDGE('',*,*,#922,.T.);
#1232=ORIENTED_EDGE('',*,*,#797,.T.);
#1233=ORIENTED_EDGE('',*,*,#873,.F.);
#1234=ORIENTED_EDGE('',*,*,#923,.F.);
#1235=ORIENTED_EDGE('',*,*,#924,.F.);
#1236=ORIENTED_EDGE('',*,*,#917,.T.);
#1237=ORIENTED_EDGE('',*,*,#925,.T.);
#1238=ORIENTED_EDGE('',*,*,#811,.F.);
#1239=ORIENTED_EDGE('',*,*,#926,.T.);
#1240=ORIENTED_EDGE('',*,*,#927,.F.);
#1241=ORIENTED_EDGE('',*,*,#788,.F.);
#1242=ORIENTED_EDGE('',*,*,#925,.F.);
#1243=ORIENTED_EDGE('',*,*,#787,.T.);
#1244=ORIENTED_EDGE('',*,*,#928,.T.);
#1245=ORIENTED_EDGE('',*,*,#812,.F.);
#1246=ORIENTED_EDGE('',*,*,#817,.F.);
#1247=ORIENTED_EDGE('',*,*,#929,.T.);
#1248=ORIENTED_EDGE('',*,*,#775,.T.);
#1249=ORIENTED_EDGE('',*,*,#930,.F.);
#1250=ORIENTED_EDGE('',*,*,#931,.T.);
#1251=ORIENTED_EDGE('',*,*,#772,.F.);
#1252=ORIENTED_EDGE('',*,*,#932,.F.);
#1253=ORIENTED_EDGE('',*,*,#930,.T.);
#1254=ORIENTED_EDGE('',*,*,#774,.F.);
#1255=ORIENTED_EDGE('',*,*,#929,.F.);
#1256=ORIENTED_EDGE('',*,*,#816,.F.);
#1257=ORIENTED_EDGE('',*,*,#933,.F.);
#1258=ORIENTED_EDGE('',*,*,#776,.F.);
#1259=ORIENTED_EDGE('',*,*,#789,.F.);
#1260=ORIENTED_EDGE('',*,*,#927,.T.);
#1261=ORIENTED_EDGE('',*,*,#934,.F.);
#1262=ORIENTED_EDGE('',*,*,#791,.F.);
#1263=ORIENTED_EDGE('',*,*,#823,.F.);
#1264=ORIENTED_EDGE('',*,*,#908,.T.);
#1265=ORIENTED_EDGE('',*,*,#911,.F.);
#1266=ORIENTED_EDGE('',*,*,#913,.F.);
#1267=ORIENTED_EDGE('',*,*,#915,.F.);
#1268=ORIENTED_EDGE('',*,*,#916,.F.);
#1269=ORIENTED_EDGE('',*,*,#800,.T.);
#1270=ORIENTED_EDGE('',*,*,#792,.F.);
#1271=ORIENTED_EDGE('',*,*,#934,.T.);
#1272=ORIENTED_EDGE('',*,*,#926,.F.);
#1273=ORIENTED_EDGE('',*,*,#810,.T.);
#1274=ORIENTED_EDGE('',*,*,#803,.F.);
#1275=ORIENTED_EDGE('',*,*,#818,.T.);
#1276=ORIENTED_EDGE('',*,*,#931,.F.);
#1277=ORIENTED_EDGE('',*,*,#932,.T.);
#1278=ORIENTED_EDGE('',*,*,#771,.F.);
#1279=ORIENTED_EDGE('',*,*,#935,.T.);
#1280=ORIENTED_EDGE('',*,*,#899,.F.);
#1281=ORIENTED_EDGE('',*,*,#902,.F.);
#1282=ORIENTED_EDGE('',*,*,#904,.F.);
#1283=ORIENTED_EDGE('',*,*,#906,.F.);
#1284=ORIENTED_EDGE('',*,*,#909,.F.);
#1285=ORIENTED_EDGE('',*,*,#894,.F.);
#1286=ORIENTED_EDGE('',*,*,#936,.T.);
#1287=ORIENTED_EDGE('',*,*,#937,.T.);
#1288=ORIENTED_EDGE('',*,*,#938,.T.);
#1289=ORIENTED_EDGE('',*,*,#876,.F.);
#1290=ORIENTED_EDGE('',*,*,#939,.T.);
#1291=ORIENTED_EDGE('',*,*,#940,.T.);
#1292=ORIENTED_EDGE('',*,*,#923,.T.);
#1293=ORIENTED_EDGE('',*,*,#941,.T.);
#1294=ORIENTED_EDGE('',*,*,#942,.T.);
#1295=ORIENTED_EDGE('',*,*,#940,.F.);
#1296=ORIENTED_EDGE('',*,*,#943,.T.);
#1297=ORIENTED_EDGE('',*,*,#944,.T.);
#1298=ORIENTED_EDGE('',*,*,#941,.F.);
#1299=ORIENTED_EDGE('',*,*,#945,.T.);
#1300=ORIENTED_EDGE('',*,*,#937,.F.);
#1301=ORIENTED_EDGE('',*,*,#891,.F.);
#1302=ORIENTED_EDGE('',*,*,#938,.F.);
#1303=ORIENTED_EDGE('',*,*,#945,.F.);
#1304=ORIENTED_EDGE('',*,*,#943,.F.);
#1305=ORIENTED_EDGE('',*,*,#939,.F.);
#1306=ORIENTED_EDGE('',*,*,#880,.F.);
#1307=ORIENTED_EDGE('',*,*,#883,.F.);
#1308=ORIENTED_EDGE('',*,*,#886,.F.);
#1309=ORIENTED_EDGE('',*,*,#889,.F.);
#1310=ORIENTED_EDGE('',*,*,#848,.F.);
#1311=ORIENTED_EDGE('',*,*,#946,.T.);
#1312=ORIENTED_EDGE('',*,*,#947,.T.);
#1313=ORIENTED_EDGE('',*,*,#948,.T.);
#1314=ORIENTED_EDGE('',*,*,#949,.T.);
#1315=ORIENTED_EDGE('',*,*,#950,.T.);
#1316=ORIENTED_EDGE('',*,*,#951,.T.);
#1317=ORIENTED_EDGE('',*,*,#947,.F.);
#1318=ORIENTED_EDGE('',*,*,#952,.T.);
#1319=ORIENTED_EDGE('',*,*,#953,.T.);
#1320=ORIENTED_EDGE('',*,*,#950,.F.);
#1321=ORIENTED_EDGE('',*,*,#954,.T.);
#1322=ORIENTED_EDGE('',*,*,#866,.F.);
#1323=ORIENTED_EDGE('',*,*,#955,.T.);
#1324=ORIENTED_EDGE('',*,*,#952,.F.);
#1325=ORIENTED_EDGE('',*,*,#956,.T.);
#1326=ORIENTED_EDGE('',*,*,#864,.F.);
#1327=ORIENTED_EDGE('',*,*,#956,.F.);
#1328=ORIENTED_EDGE('',*,*,#954,.F.);
#1329=ORIENTED_EDGE('',*,*,#949,.F.);
#1330=ORIENTED_EDGE('',*,*,#946,.F.);
#1331=ORIENTED_EDGE('',*,*,#852,.F.);
#1332=ORIENTED_EDGE('',*,*,#855,.F.);
#1333=ORIENTED_EDGE('',*,*,#858,.F.);
#1334=ORIENTED_EDGE('',*,*,#861,.F.);
#1335=ORIENTED_EDGE('',*,*,#896,.F.);
#1336=ORIENTED_EDGE('',*,*,#835,.T.);
#1337=ORIENTED_EDGE('',*,*,#957,.T.);
#1338=ORIENTED_EDGE('',*,*,#936,.F.);
#1339=ORIENTED_EDGE('',*,*,#944,.F.);
#1340=ORIENTED_EDGE('',*,*,#957,.F.);
#1341=ORIENTED_EDGE('',*,*,#958,.T.);
#1342=ORIENTED_EDGE('',*,*,#959,.T.);
#1343=ORIENTED_EDGE('',*,*,#942,.F.);
#1344=ORIENTED_EDGE('',*,*,#959,.F.);
#1345=ORIENTED_EDGE('',*,*,#960,.T.);
#1346=ORIENTED_EDGE('',*,*,#924,.T.);
#1347=ORIENTED_EDGE('',*,*,#960,.F.);
#1348=ORIENTED_EDGE('',*,*,#961,.T.);
#1349=ORIENTED_EDGE('',*,*,#962,.T.);
#1350=ORIENTED_EDGE('',*,*,#963,.T.);
#1351=ORIENTED_EDGE('',*,*,#918,.T.);
#1352=ORIENTED_EDGE('',*,*,#958,.F.);
#1353=ORIENTED_EDGE('',*,*,#834,.T.);
#1354=ORIENTED_EDGE('',*,*,#964,.F.);
#1355=ORIENTED_EDGE('',*,*,#965,.F.);
#1356=ORIENTED_EDGE('',*,*,#966,.T.);
#1357=ORIENTED_EDGE('',*,*,#961,.F.);
#1358=ORIENTED_EDGE('',*,*,#846,.F.);
#1359=ORIENTED_EDGE('',*,*,#948,.F.);
#1360=ORIENTED_EDGE('',*,*,#967,.T.);
#1361=ORIENTED_EDGE('',*,*,#833,.T.);
#1362=ORIENTED_EDGE('',*,*,#951,.F.);
#1363=ORIENTED_EDGE('',*,*,#968,.T.);
#1364=ORIENTED_EDGE('',*,*,#964,.T.);
#1365=ORIENTED_EDGE('',*,*,#967,.F.);
#1366=ORIENTED_EDGE('',*,*,#953,.F.);
#1367=ORIENTED_EDGE('',*,*,#969,.T.);
#1368=ORIENTED_EDGE('',*,*,#970,.T.);
#1369=ORIENTED_EDGE('',*,*,#968,.F.);
#1370=ORIENTED_EDGE('',*,*,#869,.F.);
#1371=ORIENTED_EDGE('',*,*,#971,.T.);
#1372=ORIENTED_EDGE('',*,*,#969,.F.);
#1373=ORIENTED_EDGE('',*,*,#955,.F.);
#1374=ORIENTED_EDGE('',*,*,#970,.F.);
#1375=ORIENTED_EDGE('',*,*,#972,.T.);
#1376=ORIENTED_EDGE('',*,*,#973,.T.);
#1377=ORIENTED_EDGE('',*,*,#974,.T.);
#1378=ORIENTED_EDGE('',*,*,#965,.T.);
#1379=ORIENTED_EDGE('',*,*,#868,.F.);
#1380=ORIENTED_EDGE('',*,*,#781,.T.);
#1381=ORIENTED_EDGE('',*,*,#975,.T.);
#1382=ORIENTED_EDGE('',*,*,#976,.T.);
#1383=ORIENTED_EDGE('',*,*,#977,.T.);
#1384=ORIENTED_EDGE('',*,*,#978,.T.);
#1385=ORIENTED_EDGE('',*,*,#972,.F.);
#1386=ORIENTED_EDGE('',*,*,#971,.F.);
#1387=ORIENTED_EDGE('',*,*,#928,.F.);
#1388=ORIENTED_EDGE('',*,*,#786,.F.);
#1389=ORIENTED_EDGE('',*,*,#799,.T.);
#1390=ORIENTED_EDGE('',*,*,#979,.T.);
#1391=ORIENTED_EDGE('',*,*,#980,.T.);
#1392=ORIENTED_EDGE('',*,*,#981,.T.);
#1393=ORIENTED_EDGE('',*,*,#982,.T.);
#1394=ORIENTED_EDGE('',*,*,#983,.T.);
#1395=ORIENTED_EDGE('',*,*,#813,.F.);
#1396=ORIENTED_EDGE('',*,*,#933,.T.);
#1397=ORIENTED_EDGE('',*,*,#815,.F.);
#1398=ORIENTED_EDGE('',*,*,#984,.T.);
#1399=ORIENTED_EDGE('',*,*,#985,.T.);
#1400=ORIENTED_EDGE('',*,*,#986,.T.);
#1401=ORIENTED_EDGE('',*,*,#987,.T.);
#1402=ORIENTED_EDGE('',*,*,#988,.T.);
#1403=ORIENTED_EDGE('',*,*,#779,.T.);
#1404=ORIENTED_EDGE('',*,*,#777,.T.);
#1405=ORIENTED_EDGE('',*,*,#770,.F.);
#1406=ORIENTED_EDGE('',*,*,#784,.T.);
#1407=ORIENTED_EDGE('',*,*,#900,.F.);
#1408=ORIENTED_EDGE('',*,*,#935,.F.);
#1409=ORIENTED_EDGE('',*,*,#962,.F.);
#1410=ORIENTED_EDGE('',*,*,#966,.F.);
#1411=ORIENTED_EDGE('',*,*,#974,.F.);
#1412=ORIENTED_EDGE('',*,*,#989,.T.);
#1413=ORIENTED_EDGE('',*,*,#984,.F.);
#1414=ORIENTED_EDGE('',*,*,#814,.T.);
#1415=ORIENTED_EDGE('',*,*,#983,.F.);
#1416=ORIENTED_EDGE('',*,*,#990,.F.);
#1417=ORIENTED_EDGE('',*,*,#973,.F.);
#1418=ORIENTED_EDGE('',*,*,#978,.F.);
#1419=ORIENTED_EDGE('',*,*,#991,.T.);
#1420=ORIENTED_EDGE('',*,*,#985,.F.);
#1421=ORIENTED_EDGE('',*,*,#989,.F.);
#1422=ORIENTED_EDGE('',*,*,#986,.F.);
#1423=ORIENTED_EDGE('',*,*,#991,.F.);
#1424=ORIENTED_EDGE('',*,*,#977,.F.);
#1425=ORIENTED_EDGE('',*,*,#992,.T.);
#1426=ORIENTED_EDGE('',*,*,#987,.F.);
#1427=ORIENTED_EDGE('',*,*,#992,.F.);
#1428=ORIENTED_EDGE('',*,*,#976,.F.);
#1429=ORIENTED_EDGE('',*,*,#993,.T.);
#1430=ORIENTED_EDGE('',*,*,#988,.F.);
#1431=ORIENTED_EDGE('',*,*,#993,.F.);
#1432=ORIENTED_EDGE('',*,*,#975,.F.);
#1433=ORIENTED_EDGE('',*,*,#780,.T.);
#1434=ORIENTED_EDGE('',*,*,#979,.F.);
#1435=ORIENTED_EDGE('',*,*,#798,.F.);
#1436=ORIENTED_EDGE('',*,*,#922,.F.);
#1437=ORIENTED_EDGE('',*,*,#994,.T.);
#1438=ORIENTED_EDGE('',*,*,#980,.F.);
#1439=ORIENTED_EDGE('',*,*,#994,.F.);
#1440=ORIENTED_EDGE('',*,*,#921,.F.);
#1441=ORIENTED_EDGE('',*,*,#995,.T.);
#1442=ORIENTED_EDGE('',*,*,#981,.F.);
#1443=ORIENTED_EDGE('',*,*,#995,.F.);
#1444=ORIENTED_EDGE('',*,*,#920,.F.);
#1445=ORIENTED_EDGE('',*,*,#996,.T.);
#1446=ORIENTED_EDGE('',*,*,#963,.F.);
#1447=ORIENTED_EDGE('',*,*,#990,.T.);
#1448=ORIENTED_EDGE('',*,*,#982,.F.);
#1449=ORIENTED_EDGE('',*,*,#996,.F.);
#1450=ORIENTED_EDGE('',*,*,#919,.F.);
#1451=PLANE('',#1608);
#1452=PLANE('',#1609);
#1453=PLANE('',#1611);
#1454=PLANE('',#1612);
#1455=PLANE('',#1614);
#1456=PLANE('',#1615);
#1457=PLANE('',#1616);
#1458=PLANE('',#1620);
#1459=PLANE('',#1625);
#1460=PLANE('',#1628);
#1461=PLANE('',#1629);
#1462=PLANE('',#1635);
#1463=PLANE('',#1641);
#1464=PLANE('',#1642);
#1465=PLANE('',#1646);
#1466=PLANE('',#1650);
#1467=PLANE('',#1654);
#1468=PLANE('',#1658);
#1469=PLANE('',#1659);
#1470=PLANE('',#1663);
#1471=PLANE('',#1667);
#1472=PLANE('',#1671);
#1473=PLANE('',#1675);
#1474=PLANE('',#1676);
#1475=PLANE('',#1679);
#1476=PLANE('',#1682);
#1477=PLANE('',#1685);
#1478=PLANE('',#1688);
#1479=PLANE('',#1689);
#1480=PLANE('',#1691);
#1481=PLANE('',#1694);
#1482=PLANE('',#1697);
#1483=PLANE('',#1698);
#1484=PLANE('',#1699);
#1485=PLANE('',#1700);
#1486=PLANE('',#1701);
#1487=PLANE('',#1710);
#1488=PLANE('',#1719);
#1489=PLANE('',#1720);
#1490=PLANE('',#1721);
#1491=PLANE('',#1726);
#1492=PLANE('',#1728);
#1493=PLANE('',#1729);
#1494=PLANE('',#1732);
#1495=PLANE('',#1735);
#1496=PLANE('',#1737);
#1497=PLANE('',#1740);
#1498=PLANE('',#1743);
#1499=PLANE('',#1745);
#1500=PLANE('',#1746);
#1501=PLANE('',#1748);
#1502=PLANE('',#1749);
#1503=PLANE('',#1751);
#1504=PLANE('',#1752);
#1505=ADVANCED_FACE('',(#114),#1451,.T.);
#1506=ADVANCED_FACE('',(#115),#1452,.T.);
#1507=ADVANCED_FACE('',(#116),#1453,.F.);
#1508=ADVANCED_FACE('',(#117),#1454,.T.);
#1509=ADVANCED_FACE('',(#118),#1455,.T.);
#1510=ADVANCED_FACE('',(#119),#1456,.F.);
#1511=ADVANCED_FACE('',(#120),#1457,.T.);
#1512=ADVANCED_FACE('',(#121),#83,.F.);
#1513=ADVANCED_FACE('',(#122),#1458,.T.);
#1514=ADVANCED_FACE('',(#123),#1459,.T.);
#1515=ADVANCED_FACE('',(#124),#84,.F.);
#1516=ADVANCED_FACE('',(#125),#1460,.T.);
#1517=ADVANCED_FACE('',(#126,#31,#32),#1461,.F.);
#1518=ADVANCED_FACE('',(#127),#19,.F.);
#1519=ADVANCED_FACE('',(#128,#33,#34),#1462,.T.);
#1520=ADVANCED_FACE('',(#129),#85,.F.);
#1521=ADVANCED_FACE('',(#130),#20,.F.);
#1522=ADVANCED_FACE('',(#131),#86,.F.);
#1523=ADVANCED_FACE('',(#132),#1463,.T.);
#1524=ADVANCED_FACE('',(#133),#1464,.T.);
#1525=ADVANCED_FACE('',(#134),#21,.T.);
#1526=ADVANCED_FACE('',(#135),#1465,.T.);
#1527=ADVANCED_FACE('',(#136),#22,.T.);
#1528=ADVANCED_FACE('',(#137),#1466,.T.);
#1529=ADVANCED_FACE('',(#138),#23,.T.);
#1530=ADVANCED_FACE('',(#139),#1467,.T.);
#1531=ADVANCED_FACE('',(#140),#24,.T.);
#1532=ADVANCED_FACE('',(#141),#1468,.T.);
#1533=ADVANCED_FACE('',(#142),#1469,.T.);
#1534=ADVANCED_FACE('',(#143),#25,.T.);
#1535=ADVANCED_FACE('',(#144),#1470,.T.);
#1536=ADVANCED_FACE('',(#145),#26,.T.);
#1537=ADVANCED_FACE('',(#146),#1471,.T.);
#1538=ADVANCED_FACE('',(#147),#27,.T.);
#1539=ADVANCED_FACE('',(#148),#1472,.T.);
#1540=ADVANCED_FACE('',(#149),#28,.T.);
#1541=ADVANCED_FACE('',(#150),#1473,.T.);
#1542=ADVANCED_FACE('',(#151),#1474,.T.);
#1543=ADVANCED_FACE('',(#152),#87,.T.);
#1544=ADVANCED_FACE('',(#153),#1475,.T.);
#1545=ADVANCED_FACE('',(#154),#88,.T.);
#1546=ADVANCED_FACE('',(#155),#1476,.T.);
#1547=ADVANCED_FACE('',(#156),#89,.T.);
#1548=ADVANCED_FACE('',(#157),#1477,.T.);
#1549=ADVANCED_FACE('',(#158),#90,.T.);
#1550=ADVANCED_FACE('',(#159),#1478,.T.);
#1551=ADVANCED_FACE('',(#160),#1479,.T.);
#1552=ADVANCED_FACE('',(#161),#1480,.T.);
#1553=ADVANCED_FACE('',(#162),#91,.F.);
#1554=ADVANCED_FACE('',(#163),#1481,.T.);
#1555=ADVANCED_FACE('',(#164),#92,.F.);
#1556=ADVANCED_FACE('',(#165),#1482,.F.);
#1557=ADVANCED_FACE('',(#166),#1483,.T.);
#1558=ADVANCED_FACE('',(#167),#1484,.F.);
#1559=ADVANCED_FACE('',(#168),#1485,.T.);
#1560=ADVANCED_FACE('',(#169),#1486,.T.);
#1561=ADVANCED_FACE('',(#170),#93,.T.);
#1562=ADVANCED_FACE('',(#171),#94,.T.);
#1563=ADVANCED_FACE('',(#172),#17,.F.);
#1564=ADVANCED_FACE('',(#173),#95,.T.);
#1565=ADVANCED_FACE('',(#174),#1487,.T.);
#1566=ADVANCED_FACE('',(#175),#96,.T.);
#1567=ADVANCED_FACE('',(#176),#97,.T.);
#1568=ADVANCED_FACE('',(#177),#18,.F.);
#1569=ADVANCED_FACE('',(#178),#98,.T.);
#1570=ADVANCED_FACE('',(#179),#1488,.T.);
#1571=ADVANCED_FACE('',(#180),#1489,.T.);
#1572=ADVANCED_FACE('',(#181),#1490,.T.);
#1573=ADVANCED_FACE('',(#182),#29,.T.);
#1574=ADVANCED_FACE('',(#183),#99,.T.);
#1575=ADVANCED_FACE('',(#184),#1491,.T.);
#1576=ADVANCED_FACE('',(#185),#1492,.T.);
#1577=ADVANCED_FACE('',(#186),#1493,.T.);
#1578=ADVANCED_FACE('',(#187),#30,.T.);
#1579=ADVANCED_FACE('',(#188),#1494,.T.);
#1580=ADVANCED_FACE('',(#189),#100,.T.);
#1581=ADVANCED_FACE('',(#190),#1495,.T.);
#1582=ADVANCED_FACE('',(#191),#1496,.T.);
#1583=ADVANCED_FACE('',(#192),#1497,.T.);
#1584=ADVANCED_FACE('',(#193),#1498,.T.);
#1585=ADVANCED_FACE('',(#194),#101,.F.);
#1586=ADVANCED_FACE('',(#195),#1499,.F.);
#1587=ADVANCED_FACE('',(#196),#1500,.F.);
#1588=ADVANCED_FACE('',(#197),#102,.F.);
#1589=ADVANCED_FACE('',(#198),#1501,.F.);
#1590=ADVANCED_FACE('',(#199),#1502,.F.);
#1591=ADVANCED_FACE('',(#200),#103,.F.);
#1592=ADVANCED_FACE('',(#201),#1503,.F.);
#1593=ADVANCED_FACE('',(#202),#1504,.F.);
#1594=CLOSED_SHELL('',(#1505,#1506,#1507,#1508,#1509,#1510,#1511,#1512,
#1513,#1514,#1515,#1516,#1517,#1518,#1519,#1520,#1521,#1522,#1523,#1524,
#1525,#1526,#1527,#1528,#1529,#1530,#1531,#1532,#1533,#1534,#1535,#1536,
#1537,#1538,#1539,#1540,#1541,#1542,#1543,#1544,#1545,#1546,#1547,#1548,
#1549,#1550,#1551,#1552,#1553,#1554,#1555,#1556,#1557,#1558,#1559,#1560,
#1561,#1562,#1563,#1564,#1565,#1566,#1567,#1568,#1569,#1570,#1571,#1572,
#1573,#1574,#1575,#1576,#1577,#1578,#1579,#1580,#1581,#1582,#1583,#1584,
#1585,#1586,#1587,#1588,#1589,#1590,#1591,#1592,#1593));
#1595=DERIVED_UNIT_ELEMENT(#1597,1.);
#1596=DERIVED_UNIT_ELEMENT(#2704,-3.);
#1597=(
MASS_UNIT()
NAMED_UNIT(*)
SI_UNIT(.KILO.,.GRAM.)
);
#1598=DERIVED_UNIT((#1595,#1596));
#1599=MEASURE_REPRESENTATION_ITEM('density measure',
POSITIVE_RATIO_MEASURE(7850.),#1598);
#1600=PROPERTY_DEFINITION_REPRESENTATION(#1605,#1602);
#1601=PROPERTY_DEFINITION_REPRESENTATION(#1606,#1603);
#1602=REPRESENTATION('material name',(#1604),#2701);
#1603=REPRESENTATION('density',(#1599),#2701);
#1604=DESCRIPTIVE_REPRESENTATION_ITEM('Steel','Steel');
#1605=PROPERTY_DEFINITION('material property','material name',#2711);
#1606=PROPERTY_DEFINITION('material property','density of part',#2711);
#1607=AXIS2_PLACEMENT_3D('',#2212,#1753,#1754);
#1608=AXIS2_PLACEMENT_3D('',#2213,#1755,#1756);
#1609=AXIS2_PLACEMENT_3D('',#2222,#1761,#1762);
#1610=AXIS2_PLACEMENT_3D('',#2226,#1764,#1765);
#1611=AXIS2_PLACEMENT_3D('',#2232,#1769,#1770);
#1612=AXIS2_PLACEMENT_3D('',#2244,#1777,#1778);
#1613=AXIS2_PLACEMENT_3D('',#2253,#1782,#1783);
#1614=AXIS2_PLACEMENT_3D('',#2257,#1786,#1787);
#1615=AXIS2_PLACEMENT_3D('',#2263,#1791,#1792);
#1616=AXIS2_PLACEMENT_3D('',#2275,#1799,#1800);
#1617=AXIS2_PLACEMENT_3D('',#2279,#1803,#1804);
#1618=AXIS2_PLACEMENT_3D('',#2282,#1805,#1806);
#1619=AXIS2_PLACEMENT_3D('',#2286,#1808,#1809);
#1620=AXIS2_PLACEMENT_3D('',#2288,#1811,#1812);
#1621=AXIS2_PLACEMENT_3D('',#2296,#1816,#1817);
#1622=AXIS2_PLACEMENT_3D('',#2300,#1819,#1820);
#1623=AXIS2_PLACEMENT_3D('',#2306,#1823,#1824);
#1624=AXIS2_PLACEMENT_3D('',#2312,#1827,#1828);
#1625=AXIS2_PLACEMENT_3D('',#2314,#1830,#1831);
#1626=AXIS2_PLACEMENT_3D('',#2318,#1834,#1835);
#1627=AXIS2_PLACEMENT_3D('',#2322,#1837,#1838);
#1628=AXIS2_PLACEMENT_3D('',#2324,#1840,#1841);
#1629=AXIS2_PLACEMENT_3D('',#2328,#1844,#1845);
#1630=AXIS2_PLACEMENT_3D('',#2331,#1847,#1848);
#1631=AXIS2_PLACEMENT_3D('',#2333,#1849,#1850);
#1632=AXIS2_PLACEMENT_3D('',#2334,#1851,#1852);
#1633=AXIS2_PLACEMENT_3D('',#2336,#1853,#1854);
#1634=AXIS2_PLACEMENT_3D('',#2339,#1856,#1857);
#1635=AXIS2_PLACEMENT_3D('',#2340,#1858,#1859);
#1636=AXIS2_PLACEMENT_3D('',#2350,#1864,#1865);
#1637=AXIS2_PLACEMENT_3D('',#2351,#1866,#1867);
#1638=AXIS2_PLACEMENT_3D('',#2353,#1869,#1870);
#1639=AXIS2_PLACEMENT_3D('',#2356,#1872,#1873);
#1640=AXIS2_PLACEMENT_3D('',#2357,#1874,#1875);
#1641=AXIS2_PLACEMENT_3D('',#2359,#1877,#1878);
#1642=AXIS2_PLACEMENT_3D('',#2365,#1882,#1883);
#1643=AXIS2_PLACEMENT_3D('',#2371,#1887,#1888);
#1644=AXIS2_PLACEMENT_3D('',#2375,#1890,#1891);
#1645=AXIS2_PLACEMENT_3D('',#2376,#1892,#1893);
#1646=AXIS2_PLACEMENT_3D('',#2377,#1894,#1895);
#1647=AXIS2_PLACEMENT_3D('',#2383,#1899,#1900);
#1648=AXIS2_PLACEMENT_3D('',#2385,#1901,#1902);
#1649=AXIS2_PLACEMENT_3D('',#2388,#1904,#1905);
#1650=AXIS2_PLACEMENT_3D('',#2389,#1906,#1907);
#1651=AXIS2_PLACEMENT_3D('',#2395,#1911,#1912);
#1652=AXIS2_PLACEMENT_3D('',#2397,#1913,#1914);
#1653=AXIS2_PLACEMENT_3D('',#2400,#1916,#1917);
#1654=AXIS2_PLACEMENT_3D('',#2401,#1918,#1919);
#1655=AXIS2_PLACEMENT_3D('',#2407,#1923,#1924);
#1656=AXIS2_PLACEMENT_3D('',#2411,#1926,#1927);
#1657=AXIS2_PLACEMENT_3D('',#2412,#1928,#1929);
#1658=AXIS2_PLACEMENT_3D('',#2413,#1930,#1931);
#1659=AXIS2_PLACEMENT_3D('',#2418,#1935,#1936);
#1660=AXIS2_PLACEMENT_3D('',#2426,#1941,#1942);
#1661=AXIS2_PLACEMENT_3D('',#2430,#1944,#1945);
#1662=AXIS2_PLACEMENT_3D('',#2431,#1946,#1947);
#1663=AXIS2_PLACEMENT_3D('',#2432,#1948,#1949);
#1664=AXIS2_PLACEMENT_3D('',#2438,#1953,#1954);
#1665=AXIS2_PLACEMENT_3D('',#2440,#1955,#1956);
#1666=AXIS2_PLACEMENT_3D('',#2443,#1958,#1959);
#1667=AXIS2_PLACEMENT_3D('',#2444,#1960,#1961);
#1668=AXIS2_PLACEMENT_3D('',#2450,#1965,#1966);
#1669=AXIS2_PLACEMENT_3D('',#2452,#1967,#1968);
#1670=AXIS2_PLACEMENT_3D('',#2455,#1970,#1971);
#1671=AXIS2_PLACEMENT_3D('',#2456,#1972,#1973);
#1672=AXIS2_PLACEMENT_3D('',#2462,#1977,#1978);
#1673=AXIS2_PLACEMENT_3D('',#2466,#1980,#1981);
#1674=AXIS2_PLACEMENT_3D('',#2467,#1982,#1983);
#1675=AXIS2_PLACEMENT_3D('',#2468,#1984,#1985);
#1676=AXIS2_PLACEMENT_3D('',#2471,#1988,#1989);
#1677=AXIS2_PLACEMENT_3D('',#2477,#1993,#1994);
#1678=AXIS2_PLACEMENT_3D('',#2480,#1996,#1997);
#1679=AXIS2_PLACEMENT_3D('',#2481,#1998,#1999);
#1680=AXIS2_PLACEMENT_3D('',#2485,#2002,#2003);
#1681=AXIS2_PLACEMENT_3D('',#2488,#2005,#2006);
#1682=AXIS2_PLACEMENT_3D('',#2489,#2007,#2008);
#1683=AXIS2_PLACEMENT_3D('',#2494,#2012,#2013);
#1684=AXIS2_PLACEMENT_3D('',#2497,#2015,#2016);
#1685=AXIS2_PLACEMENT_3D('',#2498,#2017,#2018);
#1686=AXIS2_PLACEMENT_3D('',#2502,#2021,#2022);
#1687=AXIS2_PLACEMENT_3D('',#2505,#2024,#2025);
#1688=AXIS2_PLACEMENT_3D('',#2506,#2026,#2027);
#1689=AXIS2_PLACEMENT_3D('',#2508,#2029,#2030);
#1690=AXIS2_PLACEMENT_3D('',#2518,#2035,#2036);
#1691=AXIS2_PLACEMENT_3D('',#2520,#2038,#2039);
#1692=AXIS2_PLACEMENT_3D('',#2524,#2042,#2043);
#1693=AXIS2_PLACEMENT_3D('',#2528,#2046,#2047);
#1694=AXIS2_PLACEMENT_3D('',#2529,#2048,#2049);
#1695=AXIS2_PLACEMENT_3D('',#2531,#2051,#2052);
#1696=AXIS2_PLACEMENT_3D('',#2534,#2054,#2055);
#1697=AXIS2_PLACEMENT_3D('',#2536,#2057,#2058);
#1698=AXIS2_PLACEMENT_3D('',#2538,#2060,#2061);
#1699=AXIS2_PLACEMENT_3D('',#2540,#2063,#2064);
#1700=AXIS2_PLACEMENT_3D('',#2542,#2066,#2067);
#1701=AXIS2_PLACEMENT_3D('',#2543,#2068,#2069);
#1702=AXIS2_PLACEMENT_3D('',#2545,#2071,#2072);
#1703=AXIS2_PLACEMENT_3D('',#2549,#2074,#2075);
#1704=AXIS2_PLACEMENT_3D('',#2551,#2077,#2078);
#1705=AXIS2_PLACEMENT_3D('',#2554,#2080,#2081);
#1706=AXIS2_PLACEMENT_3D('',#2566,#2082,#2083);
#1707=AXIS2_PLACEMENT_3D('',#2567,#2084,#2085);
#1708=AXIS2_PLACEMENT_3D('',#2568,#2086,#2087);
#1709=AXIS2_PLACEMENT_3D('',#2569,#2088,#2089);
#1710=AXIS2_PLACEMENT_3D('',#2572,#2092,#2093);
#1711=AXIS2_PLACEMENT_3D('',#2573,#2094,#2095);
#1712=AXIS2_PLACEMENT_3D('',#2577,#2097,#2098);
#1713=AXIS2_PLACEMENT_3D('',#2579,#2100,#2101);
#1714=AXIS2_PLACEMENT_3D('',#2583,#2103,#2104);
#1715=AXIS2_PLACEMENT_3D('',#2596,#2106,#2107);
#1716=AXIS2_PLACEMENT_3D('',#2597,#2108,#2109);
#1717=AXIS2_PLACEMENT_3D('',#2598,#2110,#2111);
#1718=AXIS2_PLACEMENT_3D('',#2599,#2112,#2113);
#1719=AXIS2_PLACEMENT_3D('',#2602,#2116,#2117);
#1720=AXIS2_PLACEMENT_3D('',#2603,#2118,#2119);
#1721=AXIS2_PLACEMENT_3D('',#2605,#2121,#2122);
#1722=AXIS2_PLACEMENT_3D('',#2609,#2125,#2126);
#1723=AXIS2_PLACEMENT_3D('',#2610,#2127,#2128);
#1724=AXIS2_PLACEMENT_3D('',#2611,#2129,#2130);
#1725=AXIS2_PLACEMENT_3D('',#2623,#2132,#2133);
#1726=AXIS2_PLACEMENT_3D('',#2624,#2134,#2135);
#1727=AXIS2_PLACEMENT_3D('',#2629,#2138,#2139);
#1728=AXIS2_PLACEMENT_3D('',#2630,#2140,#2141);
#1729=AXIS2_PLACEMENT_3D('',#2632,#2143,#2144);
#1730=AXIS2_PLACEMENT_3D('',#2634,#2146,#2147);
#1731=AXIS2_PLACEMENT_3D('',#2637,#2149,#2150);
#1732=AXIS2_PLACEMENT_3D('',#2638,#2151,#2152);
#1733=AXIS2_PLACEMENT_3D('',#2640,#2154,#2155);
#1734=AXIS2_PLACEMENT_3D('',#2644,#2157,#2158);
#1735=AXIS2_PLACEMENT_3D('',#2653,#2159,#2160);
#1736=AXIS2_PLACEMENT_3D('',#2657,#2162,#2163);
#1737=AXIS2_PLACEMENT_3D('',#2661,#2166,#2167);
#1738=AXIS2_PLACEMENT_3D('',#2665,#2169,#2170);
#1739=AXIS2_PLACEMENT_3D('',#2670,#2173,#2174);
#1740=AXIS2_PLACEMENT_3D('',#2671,#2175,#2176);
#1741=AXIS2_PLACEMENT_3D('',#2673,#2177,#2178);
#1742=AXIS2_PLACEMENT_3D('',#2679,#2181,#2182);
#1743=AXIS2_PLACEMENT_3D('',#2681,#2184,#2185);
#1744=AXIS2_PLACEMENT_3D('',#2682,#2186,#2187);
#1745=AXIS2_PLACEMENT_3D('',#2685,#2190,#2191);
#1746=AXIS2_PLACEMENT_3D('',#2687,#2193,#2194);
#1747=AXIS2_PLACEMENT_3D('',#2689,#2196,#2197);
#1748=AXIS2_PLACEMENT_3D('',#2691,#2199,#2200);
#1749=AXIS2_PLACEMENT_3D('',#2692,#2201,#2202);
#1750=AXIS2_PLACEMENT_3D('',#2694,#2204,#2205);
#1751=AXIS2_PLACEMENT_3D('',#2696,#2207,#2208);
#1752=AXIS2_PLACEMENT_3D('',#2698,#2210,#2211);
#1753=DIRECTION('axis',(0.,0.,1.));
#1754=DIRECTION('refdir',(1.,0.,0.));
#1755=DIRECTION('center_axis',(0.707106781186549,-0.496676748532945,-0.503301308826769));
#1756=DIRECTION('ref_axis',(-0.5798832404759,0.,-0.814699593356453));
#1757=DIRECTION('',(1.21306642687246E-15,0.711775536902949,-0.702406993890663));
#1758=DIRECTION('',(-0.5798832404759,-6.09774098896911E-16,-0.814699593356453));
#1759=DIRECTION('',(-1.21306642687246E-15,-0.711775536902949,0.702406993890663));
#1760=DIRECTION('',(-0.6780935580684,-0.678093558068403,-0.283510587125543));
#1761=DIRECTION('center_axis',(0.707106781147787,-0.707106781225308,1.22118302335377E-15));
#1762=DIRECTION('ref_axis',(1.72701359386135E-15,0.,-1.));
#1763=DIRECTION('',(-1.72701359386135E-15,0.,1.));
#1764=DIRECTION('center_axis',(-0.707106781147787,0.707106781225308,-1.22118302335377E-15));
#1765=DIRECTION('ref_axis',(0.707106781225308,0.707106781147787,9.81307786623569E-16));
#1766=DIRECTION('',(0.577350269231824,0.577350269168527,-0.577350269168526));
#1767=DIRECTION('',(0.707106781225308,0.707106781147787,1.07212063672157E-15));
#1768=DIRECTION('',(1.72701359386135E-15,0.,-1.));
#1769=DIRECTION('center_axis',(0.,1.,0.));
#1770=DIRECTION('ref_axis',(1.,0.,2.22044604925031E-15));
#1771=DIRECTION('',(1.,1.58603289232165E-16,1.58603289232165E-15));
#1772=DIRECTION('',(2.22044604925031E-15,0.,-1.));
#1773=DIRECTION('',(1.,0.,1.11022302462516E-15));
#1774=DIRECTION('',(0.63368727422464,0.,0.773589321594957));
#1775=DIRECTION('',(-1.58603289232165E-15,0.,1.));
#1776=DIRECTION('',(-1.,-1.58603289232165E-16,-1.58603289232165E-15));
#1777=DIRECTION('center_axis',(0.707106781231794,0.707106781141301,1.13395566467752E-15));
#1778=DIRECTION('ref_axis',(1.60365548001413E-15,0.,-1.));
#1779=DIRECTION('',(-1.60365548001411E-15,-1.60710109605764E-29,1.));
#1780=DIRECTION('',(-0.707106781141301,0.707106781231794,-1.17086858996512E-15));
#1781=DIRECTION('',(-0.577350269140368,0.577350269214255,0.577350269214254));
#1782=DIRECTION('center_axis',(-0.707106781231794,-0.707106781141301,-1.13395566467752E-15));
#1783=DIRECTION('ref_axis',(0.707106781141301,-0.707106781231794,1.09906472114897E-15));
#1784=DIRECTION('',(1.60365548001411E-15,1.60710109605764E-29,-1.));
#1785=DIRECTION('',(-0.678093558068572,0.678093558068574,-0.283510587124725));
#1786=DIRECTION('center_axis',(0.707106781186549,0.496676748534067,-0.503301308825662));
#1787=DIRECTION('ref_axis',(-0.579883240475054,0.,-0.814699593357055));
#1788=DIRECTION('',(1.12641882495555E-15,-0.711775536901383,-0.70240699389225));
#1789=DIRECTION('',(0.579883240475054,2.03258032965787E-16,0.814699593357055));
#1790=DIRECTION('',(-1.12641882495555E-15,0.711775536901383,0.70240699389225));
#1791=DIRECTION('center_axis',(-2.60558636304668E-14,-1.,-5.78556394580749E-29));
#1792=DIRECTION('ref_axis',(-1.,2.60558636304668E-14,-2.22044604925031E-15));
#1793=DIRECTION('',(-1.,0.,-1.58603289232165E-15));
#1794=DIRECTION('',(1.61486985399962E-15,-4.94411299205611E-32,-1.));
#1795=DIRECTION('',(-0.633687274224646,1.65112692015597E-14,-0.773589321594952));
#1796=DIRECTION('',(-1.,2.60558636304668E-14,-1.11022302462516E-15));
#1797=DIRECTION('',(2.22044604925031E-15,0.,-1.));
#1798=DIRECTION('',(-1.,0.,-1.58603289232165E-15));
#1799=DIRECTION('center_axis',(1.1288994134755E-15,0.70240699389225,-0.711775536901384));
#1800=DIRECTION('ref_axis',(1.22146324297865E-15,-0.711775536901383,-0.70240699389225));
#1801=DIRECTION('',(1.,0.,1.58603289232165E-15));
#1802=DIRECTION('',(1.22146324297865E-15,-0.711775536901383,-0.70240699389225));
#1803=DIRECTION('center_axis',(1.61486985399962E-15,-7.48464960421454E-16,
-1.));
#1804=DIRECTION('ref_axis',(0.461748613235033,0.887010833178222,0.));
#1805=DIRECTION('center_axis',(-0.707106781186546,-1.35969582317476E-16,
-0.707106781186549));
#1806=DIRECTION('ref_axis',(0.707106781186549,-7.85046229341888E-16,-0.707106781186546));
#1807=DIRECTION('',(1.61486985399962E-15,-7.48464960421454E-16,-1.));
#1808=DIRECTION('center_axis',(1.11022302462516E-15,-1.11242542354E-31,
-1.));
#1809=DIRECTION('ref_axis',(0.461748613235033,0.887010833178222,0.));
#1810=DIRECTION('',(-1.61486985399962E-15,7.48464960421454E-16,1.));
#1811=DIRECTION('center_axis',(-0.707106781186546,-1.35969582317476E-16,
-0.707106781186549));
#1812=DIRECTION('ref_axis',(-0.707106781186549,0.,0.707106781186546));
#1813=DIRECTION('',(0.497542812164525,-0.710564775461629,-0.497542812164522));
#1814=DIRECTION('',(1.22464679922878E-16,-1.,6.98253474607018E-17));
#1815=DIRECTION('',(-0.497542812164523,-0.710564775461631,0.497542812164521));
#1816=DIRECTION('center_axis',(-0.707106781186546,-1.35969582317476E-16,
-0.707106781186549));
#1817=DIRECTION('ref_axis',(0.707106781186549,-3.43457725337076E-16,-0.707106781186546));
#1818=DIRECTION('',(0.707106781186549,-1.76414882998177E-16,-0.707106781186546));
#1819=DIRECTION('center_axis',(-0.707106781186546,-1.35969582317476E-16,
-0.707106781186549));
#1820=DIRECTION('ref_axis',(-0.707106781186549,1.57009245868377E-16,0.707106781186546));
#1821=DIRECTION('',(-0.577350269189628,0.577350269189625,0.577350269189625));
#1822=DIRECTION('',(-1.22464679922878E-16,1.,-6.98253474607018E-17));
#1823=DIRECTION('center_axis',(0.707106781186546,1.35969582317476E-16,0.707106781186549));
#1824=DIRECTION('ref_axis',(-0.707106781186549,3.43776273625242E-62,0.707106781186546));
#1825=DIRECTION('',(-1.22464679922878E-16,1.,-6.98253474607018E-17));
#1826=DIRECTION('',(0.577350269189627,0.577350269189626,-0.577350269189624));
#1827=DIRECTION('center_axis',(-0.707106781186546,-1.35969582317476E-16,
-0.707106781186549));
#1828=DIRECTION('ref_axis',(-0.707106781186549,1.96261557335472E-16,0.707106781186546));
#1829=DIRECTION('',(-0.707106781186549,5.29244648994531E-16,0.707106781186546));
#1830=DIRECTION('center_axis',(-0.819152044288991,-0.573576436351048,-8.93522077432284E-16));
#1831=DIRECTION('ref_axis',(-1.09078904662668E-15,0.,1.));
#1832=DIRECTION('',(0.573576436351048,-0.81915204428899,6.36797766019378E-16));
#1833=DIRECTION('',(-1.61486985399962E-15,7.48464960421454E-16,1.));
#1834=DIRECTION('center_axis',(-1.61486985399962E-15,2.49488320140485E-16,
1.));
#1835=DIRECTION('ref_axis',(0.46174861323504,-0.887010833178219,1.25164539495774E-15));
#1836=DIRECTION('',(1.61486985399962E-15,-2.49488320140485E-16,-1.));
#1837=DIRECTION('center_axis',(1.11022302462516E-15,-1.11242542354E-31,
-1.));
#1838=DIRECTION('ref_axis',(0.46174861323504,-0.887010833178219,1.25164539495774E-15));
#1839=DIRECTION('',(-1.61486985399962E-15,2.49488320140485E-16,1.));
#1840=DIRECTION('center_axis',(-0.819152044288992,0.573576436351045,-1.46592456374184E-15));
#1841=DIRECTION('ref_axis',(-1.78956345645726E-15,0.,1.));
#1842=DIRECTION('',(1.61486985399962E-15,-2.49488320140485E-16,-1.));
#1843=DIRECTION('',(-0.573576436351045,-0.819152044288993,-6.36797766019375E-16));
#1844=DIRECTION('center_axis',(1.,1.22464679922878E-16,1.61486985399962E-15));
#1845=DIRECTION('ref_axis',(-1.22464679922878E-16,1.,-2.47205649707729E-31));
#1846=DIRECTION('',(1.22464679922878E-16,-1.,2.47205649707729E-31));
#1847=DIRECTION('center_axis',(-1.,-1.22464679922878E-16,-1.61486985399962E-15));
#1848=DIRECTION('ref_axis',(-1.22464679922878E-16,1.,-2.47205649707729E-31));
#1849=DIRECTION('center_axis',(-1.,-1.22464679922878E-16,-1.61486985399962E-15));
#1850=DIRECTION('ref_axis',(-1.22464679922878E-16,1.,-2.47205649707729E-31));
#1851=DIRECTION('center_axis',(1.,0.,1.85037170770859E-15));
#1852=DIRECTION('ref_axis',(-8.22262850910755E-17,1.,-2.44027291353956E-31));
#1853=DIRECTION('center_axis',(1.,1.22464679922878E-16,1.61486985399962E-15));
#1854=DIRECTION('ref_axis',(-1.22464679922878E-16,1.,-3.09007062141168E-31));
#1855=DIRECTION('',(-0.707106781186548,0.707106781186548,-1.22181477661293E-15));
#1856=DIRECTION('center_axis',(-1.,-1.22464679922878E-16,-1.61486985399962E-15));
#1857=DIRECTION('ref_axis',(0.,1.,-1.11242542354E-31));
#1858=DIRECTION('center_axis',(1.,1.22464679922878E-16,1.61486985399962E-15));
#1859=DIRECTION('ref_axis',(-1.22464679922878E-16,1.,-2.47205649707729E-31));
#1860=DIRECTION('',(1.22464679922878E-16,-1.,2.47205649707729E-31));
#1861=DIRECTION('',(1.61486985399962E-15,2.24287479722254E-16,-1.));
#1862=DIRECTION('',(-1.22464679922878E-16,1.,-2.47205649707729E-31));
#1863=DIRECTION('',(-1.61486985399962E-15,-4.48574959444508E-16,1.));
#1864=DIRECTION('center_axis',(1.,1.22464679922878E-16,1.61486985399962E-15));
#1865=DIRECTION('ref_axis',(-1.22464679922878E-16,1.,-3.09007062141168E-31));
#1866=DIRECTION('center_axis',(1.,0.,1.11022302462516E-15));
#1867=DIRECTION('ref_axis',(0.,1.,-1.11242542354E-31));
#1868=DIRECTION('',(-1.,0.,-1.11022302462516E-15));
#1869=DIRECTION('center_axis',(1.,0.,1.85037170770859E-15));
#1870=DIRECTION('ref_axis',(-8.22262850910755E-17,1.,-2.44027291353956E-31));
#1871=DIRECTION('',(-0.707106781186548,0.707106781186548,-1.22181477661293E-15));
#1872=DIRECTION('center_axis',(-1.,-1.22464679922878E-16,-1.61486985399962E-15));
#1873=DIRECTION('ref_axis',(0.,1.,-1.11242542354E-31));
#1874=DIRECTION('center_axis',(1.,0.,1.11022302462516E-15));
#1875=DIRECTION('ref_axis',(0.,1.,-1.11242542354E-31));
#1876=DIRECTION('',(-1.,0.,-1.11022302462516E-15));
#1877=DIRECTION('center_axis',(0.707106781186548,8.65956056293071E-17,-0.707106781186548));
#1878=DIRECTION('ref_axis',(-0.707106781186548,0.,-0.707106781186548));
#1879=DIRECTION('',(-1.22464679922878E-16,1.,-2.47205649707729E-31));
#1880=DIRECTION('',(0.690161970814198,0.217607233528045,0.690161970814195));
#1881=DIRECTION('',(-0.690161970814198,0.217607233528045,-0.690161970814195));
#1882=DIRECTION('center_axis',(0.579227965339569,0.405579787672639,-0.707106781186548));
#1883=DIRECTION('ref_axis',(-0.773589321594955,0.,-0.633687274224642));
#1884=DIRECTION('',(-0.573576436351046,0.819152044288992,-6.36797766019377E-16));
#1885=DIRECTION('',(0.579227965339569,0.405579787672639,0.707106781186548));
#1886=DIRECTION('',(0.573576436351046,-0.819152044288992,6.36797766019377E-16));
#1887=DIRECTION('center_axis',(0.,0.,1.));
#1888=DIRECTION('ref_axis',(0.461748613235033,0.887010833178222,1.70881314000757E-16));
#1889=DIRECTION('',(0.,0.707106781186542,0.707106781186553));
#1890=DIRECTION('center_axis',(1.11022302462516E-15,-1.11242542354E-31,
-1.));
#1891=DIRECTION('ref_axis',(0.461748613235033,0.887010833178222,0.));
#1892=DIRECTION('center_axis',(-1.11022302462516E-15,1.11242542354E-31,
1.));
#1893=DIRECTION('ref_axis',(0.461748613235033,0.887010833178222,5.1264394200227E-16));
#1894=DIRECTION('center_axis',(7.85046229341887E-16,0.707106781186548,-0.707106781186548));
#1895=DIRECTION('ref_axis',(-1.,0.,-1.11022302462516E-15));
#1896=DIRECTION('',(-1.,0.,-1.11022302462516E-15));
#1897=DIRECTION('',(0.,0.707106781186547,0.707106781186547));
#1898=DIRECTION('',(1.,0.,1.11022302462516E-15));
#1899=DIRECTION('center_axis',(0.,-1.,0.));
#1900=DIRECTION('ref_axis',(-0.382683432365089,8.88062622488274E-17,-0.923879532511287));
#1901=DIRECTION('center_axis',(-2.49009124122794E-31,1.,2.24287479722254E-16));
#1902=DIRECTION('ref_axis',(-0.382683432365089,0.,-0.923879532511287));
#1903=DIRECTION('',(0.499999999999999,0.707106781186549,0.499999999999999));
#1904=DIRECTION('center_axis',(2.49009124122794E-31,-1.,-2.24287479722254E-16));
#1905=DIRECTION('ref_axis',(-0.382683432365089,2.07214611913931E-16,-0.923879532511287));
#1906=DIRECTION('center_axis',(-0.500000000000001,0.707106781186547,-0.500000000000001));
#1907=DIRECTION('ref_axis',(-0.707106781186548,0.,0.707106781186547));
#1908=DIRECTION('',(-0.707106781186548,-1.58595197846846E-16,0.707106781186547));
#1909=DIRECTION('',(0.5,0.707106781186548,0.499999999999999));
#1910=DIRECTION('',(0.707106781186548,1.58595197846846E-16,-0.707106781186547));
#1911=DIRECTION('center_axis',(0.,-1.,0.));
#1912=DIRECTION('ref_axis',(-0.923879532511287,3.6784758247126E-17,-0.38268343236509));
#1913=DIRECTION('center_axis',(-2.49009124122794E-31,1.,2.24287479722254E-16));
#1914=DIRECTION('ref_axis',(-0.923879532511287,0.,-0.38268343236509));
#1915=DIRECTION('',(0.707106781186548,0.707106781186548,1.57009245868378E-15));
#1916=DIRECTION('center_axis',(2.49009124122794E-31,-1.,-2.24287479722254E-16));
#1917=DIRECTION('ref_axis',(-0.923879532511287,8.58311025766274E-17,-0.38268343236509));
#1918=DIRECTION('center_axis',(-0.707106781186555,0.70710678118654,-9.62899415498722E-16));
#1919=DIRECTION('ref_axis',(-1.3617454125994E-15,0.,1.));
#1920=DIRECTION('',(-1.58603289232165E-15,-2.24287479722254E-16,1.));
#1921=DIRECTION('',(0.70710678118654,0.707106781186555,2.35513868802569E-15));
#1922=DIRECTION('',(1.58603289232165E-15,2.24287479722254E-16,-1.));
#1923=DIRECTION('center_axis',(1.,0.,1.11022302462512E-15));
#1924=DIRECTION('ref_axis',(-2.44116162858224E-16,0.887010833178222,0.461748613235034));
#1925=DIRECTION('',(0.707106781186559,0.405579787672631,0.57922796533956));
#1926=DIRECTION('center_axis',(-1.,0.,-1.58603289232165E-15));
#1927=DIRECTION('ref_axis',(0.,0.887010833178222,0.461748613235034));
#1928=DIRECTION('center_axis',(1.,0.,1.58603289232165E-15));
#1929=DIRECTION('ref_axis',(-7.32348488574673E-16,0.887010833178222,0.461748613235034));
#1930=DIRECTION('center_axis',(-0.707106781186549,0.405579787672639,0.579227965339568));
#1931=DIRECTION('ref_axis',(0.63368727422464,0.,0.773589321594957));
#1932=DIRECTION('',(0.497542812164522,0.867439421552548,5.52383485801801E-16));
#1933=DIRECTION('',(9.09711094313396E-16,0.819152044288992,-0.573576436351046));
#1934=DIRECTION('',(-9.09711094313396E-16,-0.819152044288992,0.573576436351046));
#1935=DIRECTION('center_axis',(-0.707106781186549,-0.405579787672639,0.579227965339568));
#1936=DIRECTION('ref_axis',(0.633687274224641,0.,0.773589321594956));
#1937=DIRECTION('',(9.09711094313396E-16,-0.819152044288992,-0.573576436351046));
#1938=DIRECTION('',(0.707106781186546,-0.405579787672638,0.579227965339571));
#1939=DIRECTION('',(-9.09711094313396E-16,0.819152044288992,0.573576436351046));
#1940=DIRECTION('',(-0.497542812164523,0.867439421552548,-5.52383485801802E-16));
#1941=DIRECTION('center_axis',(1.,0.,1.11022302462512E-15));
#1942=DIRECTION('ref_axis',(-2.44116162858224E-16,-0.887010833178222,0.461748613235033));
#1943=DIRECTION('',(0.707106781186558,-0.707106781186536,7.85046229341875E-16));
#1944=DIRECTION('center_axis',(-1.,0.,-1.58603289232165E-15));
#1945=DIRECTION('ref_axis',(0.,-0.887010833178222,0.461748613235033));
#1946=DIRECTION('center_axis',(1.,0.,1.58603289232165E-15));
#1947=DIRECTION('ref_axis',(-7.32348488574672E-16,-0.887010833178222,0.461748613235033));
#1948=DIRECTION('center_axis',(-0.707106781186554,-0.707106781186541,-1.43868500903925E-15));
#1949=DIRECTION('ref_axis',(-2.03460785176615E-15,0.,1.));
#1950=DIRECTION('',(1.58603289232165E-15,4.48574959444508E-16,-1.));
#1951=DIRECTION('',(0.707106781186548,-0.707106781186548,0.));
#1952=DIRECTION('',(-1.58603289232165E-15,-4.48574959444508E-16,1.));
#1953=DIRECTION('center_axis',(0.,1.,0.));
#1954=DIRECTION('ref_axis',(-0.923879532511287,7.35695164942521E-17,-0.38268343236509));
#1955=DIRECTION('center_axis',(4.98018248245588E-31,-1.,-4.48574959444508E-16));
#1956=DIRECTION('ref_axis',(-0.923879532511287,0.,-0.38268343236509));
#1957=DIRECTION('',(0.500000000000002,-0.707106781186546,0.499999999999999));
#1958=DIRECTION('center_axis',(-4.98018248245588E-31,1.,4.48574959444508E-16));
#1959=DIRECTION('ref_axis',(-0.923879532511287,1.71662205153255E-16,-0.38268343236509));
#1960=DIRECTION('center_axis',(-0.500000000000001,-0.707106781186545,-0.500000000000002));
#1961=DIRECTION('ref_axis',(-0.707106781186548,0.,0.707106781186547));
#1962=DIRECTION('',(0.707106781186548,3.17190395693692E-16,-0.707106781186547));
#1963=DIRECTION('',(0.499999999999998,-0.70710678118655,0.499999999999998));
#1964=DIRECTION('',(-0.707106781186548,-3.17190395693692E-16,0.707106781186547));
#1965=DIRECTION('center_axis',(0.,1.,0.));
#1966=DIRECTION('ref_axis',(-0.382683432365089,1.77612524497655E-16,-0.923879532511287));
#1967=DIRECTION('center_axis',(4.98018248245588E-31,-1.,-4.48574959444508E-16));
#1968=DIRECTION('ref_axis',(-0.382683432365089,0.,-0.923879532511287));
#1969=DIRECTION('',(0.,-0.707106781186541,0.707106781186554));
#1970=DIRECTION('center_axis',(-4.98018248245588E-31,1.,4.48574959444508E-16));
#1971=DIRECTION('ref_axis',(-0.382683432365089,4.14429223827861E-16,-0.923879532511287));
#1972=DIRECTION('center_axis',(7.85046229341885E-16,-0.707106781186549,
-0.707106781186546));
#1973=DIRECTION('ref_axis',(-1.,0.,-1.11022302462516E-15));
#1974=DIRECTION('',(0.,-0.707106781186546,0.707106781186549));
#1975=DIRECTION('',(-1.,0.,-1.11022302462516E-15));
#1976=DIRECTION('',(1.,0.,1.11022302462516E-15));
#1977=DIRECTION('center_axis',(0.,0.,1.));
#1978=DIRECTION('ref_axis',(0.461748613235034,-0.887010833178222,5.8809644565334E-16));
#1979=DIRECTION('',(0.579227965339567,-0.405579787672639,0.707106781186549));
#1980=DIRECTION('center_axis',(1.11022302462516E-15,-1.11242542354E-31,
-1.));
#1981=DIRECTION('ref_axis',(0.461748613235034,-0.887010833178222,6.25822697478874E-16));
#1982=DIRECTION('center_axis',(-1.11022302462516E-15,1.11242542354E-31,
1.));
#1983=DIRECTION('ref_axis',(0.461748613235034,-0.887010833178222,5.1264394200227E-16));
#1984=DIRECTION('center_axis',(0.579227965339572,-0.405579787672638,-0.707106781186546));
#1985=DIRECTION('ref_axis',(-0.773589321594953,0.,-0.633687274224645));
#1986=DIRECTION('',(-0.573576436351044,-0.819152044288993,-6.36797766019375E-16));
#1987=DIRECTION('',(0.573576436351044,0.819152044288993,6.36797766019375E-16));
#1988=DIRECTION('center_axis',(-1.,0.,-1.58603289232165E-15));
#1989=DIRECTION('ref_axis',(-1.58603289232165E-15,0.,1.));
#1990=DIRECTION('',(1.76434331198928E-46,1.,-1.11242542354E-31));
#1991=DIRECTION('',(-1.61486985399962E-15,7.48464960421454E-16,1.));
#1992=DIRECTION('',(-1.04712851636877E-15,-0.711775536902949,0.702406993890663));
#1993=DIRECTION('center_axis',(1.76434331198928E-46,1.,-1.11242542354E-31));
#1994=DIRECTION('ref_axis',(-0.923879532511287,0.,-0.38268343236509));
#1995=DIRECTION('',(-1.84175484687916E-46,-1.,1.11242542354E-31));
#1996=DIRECTION('center_axis',(1.18709004597865E-30,1.,-7.48464960421454E-16));
#1997=DIRECTION('ref_axis',(-0.923879532511287,0.,-0.38268343236509));
#1998=DIRECTION('center_axis',(-0.707106781186547,-7.86603560549449E-32,
-0.707106781186548));
#1999=DIRECTION('ref_axis',(-0.707106781186548,0.,0.707106781186547));
#2000=DIRECTION('',(1.85787683735695E-46,1.,-1.11242542354E-31));
#2001=DIRECTION('',(-0.707106781186548,5.29244648994532E-16,0.707106781186547));
#2002=DIRECTION('center_axis',(-1.85787683735695E-46,-1.,1.11242542354E-31));
#2003=DIRECTION('ref_axis',(-0.382683432365089,0.,-0.923879532511287));
#2004=DIRECTION('',(-1.85787683735695E-46,-1.,1.11242542354E-31));
#2005=DIRECTION('center_axis',(1.18709004597865E-30,1.,-7.48464960421454E-16));
#2006=DIRECTION('ref_axis',(-0.382683432365089,0.,-0.923879532511287));
#2007=DIRECTION('center_axis',(1.11022302462516E-15,-1.11242542354E-31,
-1.));
#2008=DIRECTION('ref_axis',(-1.22464679922878E-16,1.,-2.47205649707729E-31));
#2009=DIRECTION('',(-1.85787683735695E-46,-1.,1.11242542354E-31));
#2010=DIRECTION('',(-1.,0.,-1.58603289232165E-15));
#2011=DIRECTION('',(-1.,0.,-1.58603289232165E-15));
#2012=DIRECTION('center_axis',(-1.85787683735695E-46,-1.,1.11242542354E-31));
#2013=DIRECTION('ref_axis',(-0.382683432365089,0.,-0.923879532511287));
#2014=DIRECTION('',(1.85787683735695E-46,1.,-1.11242542354E-31));
#2015=DIRECTION('center_axis',(-3.95696681992883E-31,-1.,2.49488320140485E-16));
#2016=DIRECTION('ref_axis',(-0.382683432365089,0.,-0.923879532511287));
#2017=DIRECTION('center_axis',(-0.707106781186547,-7.86603560549449E-32,
-0.707106781186548));
#2018=DIRECTION('ref_axis',(-0.707106781186548,0.,0.707106781186547));
#2019=DIRECTION('',(-1.84175484687916E-46,-1.,1.11242542354E-31));
#2020=DIRECTION('',(0.707106781186548,-1.76414882998177E-16,-0.707106781186547));
#2021=DIRECTION('center_axis',(1.76434331198928E-46,1.,-1.11242542354E-31));
#2022=DIRECTION('ref_axis',(-0.923879532511287,0.,-0.38268343236509));
#2023=DIRECTION('',(1.76434331198928E-46,1.,-1.11242542354E-31));
#2024=DIRECTION('center_axis',(-3.95696681992883E-31,-1.,2.49488320140485E-16));
#2025=DIRECTION('ref_axis',(-0.923879532511287,0.,-0.38268343236509));
#2026=DIRECTION('center_axis',(-1.,0.,-1.58603289232165E-15));
#2027=DIRECTION('ref_axis',(-1.58603289232165E-15,0.,1.));
#2028=DIRECTION('',(1.61486985399962E-15,-2.49488320140485E-16,-1.));
#2029=DIRECTION('center_axis',(-1.11022302462516E-15,1.11242542354E-31,
1.));
#2030=DIRECTION('ref_axis',(1.22464679922878E-16,-1.,2.47205649707729E-31));
#2031=DIRECTION('',(-1.,0.,-1.11022302462516E-15));
#2032=DIRECTION('',(1.22464679922878E-16,-1.,2.47205649707729E-31));
#2033=DIRECTION('',(-1.,-6.27942142698686E-12,-1.11022302462516E-15));
#2034=DIRECTION('',(-1.33865800937612E-11,-1.,-1.48619781985401E-26));
#2035=DIRECTION('center_axis',(1.11022302462516E-15,-1.11242542354E-31,
-1.));
#2036=DIRECTION('ref_axis',(0.707106781169598,-0.707106781203497,1.57009245864614E-15));
#2037=DIRECTION('',(-0.707106781203496,-0.707106781169599,-7.85046229360704E-16));
#2038=DIRECTION('center_axis',(-9.09441460238404E-16,-0.573576436351046,
0.819152044288992));
#2039=DIRECTION('ref_axis',(1.,0.,1.11022302462516E-15));
#2040=DIRECTION('',(-1.,1.06916847282387E-46,-1.11022302462516E-15));
#2041=DIRECTION('',(0.,-0.819152044288992,-0.573576436351046));
#2042=DIRECTION('center_axis',(-1.,0.,-1.58603289232165E-15));
#2043=DIRECTION('ref_axis',(0.,-0.923879532511287,0.382683432365089));
#2044=DIRECTION('',(1.,1.39452223873684E-31,1.58603289232165E-15));
#2045=DIRECTION('',(-1.,-8.75811540203011E-47,-1.58603289232165E-15));
#2046=DIRECTION('center_axis',(1.,0.,1.60365548001411E-15));
#2047=DIRECTION('ref_axis',(0.,-0.923879532511287,0.382683432365089));
#2048=DIRECTION('center_axis',(1.12149461334555E-15,0.707106781186548,-0.707106781186548));
#2049=DIRECTION('ref_axis',(-1.,0.,-1.58603289232165E-15));
#2050=DIRECTION('',(1.,0.,1.58603289232165E-15));
#2051=DIRECTION('center_axis',(1.,0.,1.58603289232165E-15));
#2052=DIRECTION('ref_axis',(0.,0.923879532511287,0.382683432365089));
#2053=DIRECTION('',(-1.,0.,-1.58603289232165E-15));
#2054=DIRECTION('center_axis',(1.,0.,1.72701359386135E-15));
#2055=DIRECTION('ref_axis',(0.,0.923879532511287,0.382683432365089));
#2056=DIRECTION('',(1.,0.,1.58603289232165E-15));
#2057=DIRECTION('center_axis',(-1.,0.,-1.72701359386135E-15));
#2058=DIRECTION('ref_axis',(-1.72701359386135E-15,0.,1.));
#2059=DIRECTION('',(1.72701359386135E-15,-7.48464960421454E-16,-1.));
#2060=DIRECTION('center_axis',(1.12149461334555E-15,-0.707106781186547,
-0.707106781186548));
#2061=DIRECTION('ref_axis',(-1.,0.,-1.58603289232165E-15));
#2062=DIRECTION('',(-1.,0.,-1.58603289232165E-15));
#2063=DIRECTION('center_axis',(-1.,0.,-1.60365548001411E-15));
#2064=DIRECTION('ref_axis',(-1.60365548001411E-15,0.,1.));
#2065=DIRECTION('',(-1.60365548001411E-15,2.49488320140485E-16,1.));
#2066=DIRECTION('center_axis',(3.95696681992883E-31,1.,-2.49488320140485E-16));
#2067=DIRECTION('ref_axis',(1.61486985399962E-15,-2.49488320140485E-16,
-1.));
#2068=DIRECTION('center_axis',(-1.18709004597865E-30,-1.,7.48464960421454E-16));
#2069=DIRECTION('ref_axis',(-1.61486985399962E-15,7.48464960421454E-16,
1.));
#2070=DIRECTION('',(-1.,-1.17146531096232E-31,-1.74254861088016E-15));
#2071=DIRECTION('center_axis',(1.61486985399962E-15,4.48574959444508E-16,
-1.));
#2072=DIRECTION('ref_axis',(0.461748613235034,-0.887010833178222,6.25822697478875E-16));
#2073=DIRECTION('',(-1.61486985399962E-15,-4.48574959444508E-16,1.));
#2074=DIRECTION('center_axis',(0.382683432365096,1.02571232897395E-15,-0.923879532511284));
#2075=DIRECTION('ref_axis',(0.923879532511284,1.30410575773996E-15,0.382683432365096));
#2076=DIRECTION('',(1.61486985399962E-15,4.48574959444508E-16,-1.));
#2077=DIRECTION('center_axis',(1.,-1.06916847282387E-46,1.11022302462516E-15));
#2078=DIRECTION('ref_axis',(0.,-0.887010833178222,0.461748613235033));
#2079=DIRECTION('',(1.,-1.93356932620857E-47,1.11022302462516E-15));
#2080=DIRECTION('center_axis',(-1.,0.,0.));
#2081=DIRECTION('ref_axis',(0.,-1.,-5.55111512312578E-16));
#2082=DIRECTION('center_axis',(-0.707106781186547,-3.92523114670944E-16,
0.707106781186548));
#2083=DIRECTION('ref_axis',(0.,-1.,-5.55111512312578E-16));
#2084=DIRECTION('center_axis',(-1.4412898213741E-15,-1.,5.97001791323452E-16));
#2085=DIRECTION('ref_axis',(0.382683432365091,0.,0.923879532511286));
#2086=DIRECTION('center_axis',(-4.98018248245588E-31,1.,4.48574959444508E-16));
#2087=DIRECTION('ref_axis',(0.38268343236509,-4.14429223827861E-16,0.923879532511287));
#2088=DIRECTION('center_axis',(0.707106781186548,3.17190395693692E-16,-0.707106781186547));
#2089=DIRECTION('ref_axis',(0.326505575621975,-0.887010833178222,0.326505575621977));
#2090=DIRECTION('',(-0.707106781186548,-3.17190395693692E-16,0.707106781186547));
#2091=DIRECTION('',(0.707106781186548,3.17190395693692E-16,-0.707106781186547));
#2092=DIRECTION('center_axis',(4.98018248245588E-31,-1.,-4.48574959444508E-16));
#2093=DIRECTION('ref_axis',(1.61486985399962E-15,4.48574959444508E-16,-1.));
#2094=DIRECTION('center_axis',(-1.61486985399962E-15,-2.24287479722254E-16,
1.));
#2095=DIRECTION('ref_axis',(0.461748613235033,0.887010833178222,0.));
#2096=DIRECTION('',(-1.61486985399962E-15,-2.24287479722254E-16,1.));
#2097=DIRECTION('center_axis',(0.382683432365094,-2.05142465794791E-15,
-0.923879532511285));
#2098=DIRECTION('ref_axis',(-0.923879532511285,5.5386686603855E-15,-0.382683432365094));
#2099=DIRECTION('',(1.61486985399962E-15,2.24287479722254E-16,-1.));
#2100=DIRECTION('center_axis',(-0.707106781186548,-1.58595197846846E-16,
0.707106781186547));
#2101=DIRECTION('ref_axis',(0.326505575621975,0.887010833178222,0.326505575621976));
#2102=DIRECTION('',(-0.707106781186548,-1.58595197846846E-16,0.707106781186547));
#2103=DIRECTION('center_axis',(0.70710678118655,0.,-0.707106781186546));
#2104=DIRECTION('ref_axis',(0.,1.,0.));
#2105=DIRECTION('',(0.707106781186548,1.58595197846846E-16,-0.707106781186547));
#2106=DIRECTION('center_axis',(1.,0.,0.));
#2107=DIRECTION('ref_axis',(0.,1.,0.));
#2108=DIRECTION('center_axis',(0.,1.,0.));
#2109=DIRECTION('ref_axis',(0.382683432365085,0.,0.923879532511289));
#2110=DIRECTION('center_axis',(2.49009124122794E-31,-1.,-2.24287479722254E-16));
#2111=DIRECTION('ref_axis',(0.38268343236509,-2.07214611913931E-16,0.923879532511287));
#2112=DIRECTION('center_axis',(-1.,0.,-1.11022302462516E-15));
#2113=DIRECTION('ref_axis',(0.,0.887010833178222,0.461748613235034));
#2114=DIRECTION('',(1.,0.,1.11022302462516E-15));
#2115=DIRECTION('',(-1.,-4.37905770101505E-47,-1.11022302462516E-15));
#2116=DIRECTION('center_axis',(-2.49009124122794E-31,1.,2.24287479722254E-16));
#2117=DIRECTION('ref_axis',(-1.61486985399962E-15,-2.24287479722254E-16,
1.));
#2118=DIRECTION('center_axis',(0.819152044288993,-0.573576436351044,1.06553191548996E-15));
#2119=DIRECTION('ref_axis',(1.30077428594446E-15,0.,-1.));
#2120=DIRECTION('',(-0.558043047329447,-0.79696806571985,-0.231148998591873));
#2121=DIRECTION('center_axis',(0.579227965339568,-0.573576436351047,0.579227965339569));
#2122=DIRECTION('ref_axis',(0.707106781186548,0.,-0.707106781186547));
#2123=DIRECTION('',(-0.707106781186548,-3.17190395693692E-16,0.707106781186547));
#2124=DIRECTION('',(-0.405579787672639,-0.819152044288991,-0.405579787672639));
#2125=DIRECTION('center_axis',(0.,1.,4.44089209850063E-16));
#2126=DIRECTION('ref_axis',(0.382683432365089,-1.49172500215817E-16,0.923879532511287));
#2127=DIRECTION('center_axis',(4.98018248245588E-31,-1.,-4.48574959444508E-16));
#2128=DIRECTION('ref_axis',(0.382683432365089,0.,0.923879532511287));
#2129=DIRECTION('center_axis',(1.22464679922878E-16,-1.,2.47205649707729E-31));
#2130=DIRECTION('ref_axis',(0.382683432365089,0.,0.923879532511287));
#2131=DIRECTION('',(-1.22464679922878E-16,1.,-2.45623520743338E-31));
#2132=DIRECTION('center_axis',(6.27942142698686E-12,-1.,1.39431164991307E-26));
#2133=DIRECTION('ref_axis',(0.382683432365089,0.,0.923879532511287));
#2134=DIRECTION('center_axis',(0.707106781186547,8.65956056293074E-17,0.707106781186548));
#2135=DIRECTION('ref_axis',(0.707106781186548,0.,-0.707106781186547));
#2136=DIRECTION('',(0.707106781186548,1.58595197846846E-16,-0.707106781186547));
#2137=DIRECTION('',(-1.22464679922878E-16,1.,-2.45623520743338E-31));
#2138=DIRECTION('center_axis',(-0.707106781186547,-8.65956056293074E-17,
-0.707106781186548));
#2139=DIRECTION('ref_axis',(-0.707106781186548,3.43776273625242E-62,0.707106781186547));
#2140=DIRECTION('center_axis',(0.819152044288991,0.573576436351046,1.4514699555017E-15));
#2141=DIRECTION('ref_axis',(1.7719176380272E-15,0.,-1.));
#2142=DIRECTION('',(0.558043047329447,-0.796968065719849,0.231148998591875));
#2143=DIRECTION('center_axis',(0.579227965339568,0.573576436351048,0.579227965339569));
#2144=DIRECTION('ref_axis',(0.707106781186548,0.,-0.707106781186547));
#2145=DIRECTION('',(0.40557978767264,-0.819152044288991,0.40557978767264));
#2146=DIRECTION('center_axis',(0.,-1.,-4.44089209850064E-16));
#2147=DIRECTION('ref_axis',(0.382683432365089,-7.45862501079087E-17,0.923879532511287));
#2148=DIRECTION('',(0.,-0.819152044288991,0.573576436351047));
#2149=DIRECTION('center_axis',(-2.49009124122794E-31,1.,2.24287479722254E-16));
#2150=DIRECTION('ref_axis',(0.382683432365089,0.,0.923879532511287));
#2151=DIRECTION('center_axis',(-9.09441460238404E-16,0.573576436351046,
0.819152044288992));
#2152=DIRECTION('ref_axis',(1.,0.,1.11022302462516E-15));
#2153=DIRECTION('',(1.,0.,1.11022302462516E-15));
#2154=DIRECTION('center_axis',(1.22464679922878E-16,-1.,2.47205649707729E-31));
#2155=DIRECTION('ref_axis',(0.382683432365089,0.,0.923879532511287));
#2156=DIRECTION('',(1.22464679922878E-16,-1.,2.47205649707729E-31));
#2157=DIRECTION('center_axis',(-1.17150733556743E-11,1.,-2.60126883492847E-26));
#2158=DIRECTION('ref_axis',(0.382683432365089,0.,0.923879532511287));
#2159=DIRECTION('center_axis',(-1.11022302462516E-15,1.11242542354E-31,
1.));
#2160=DIRECTION('ref_axis',(1.22464679922878E-16,-1.,2.47205649707729E-31));
#2161=DIRECTION('',(0.707106781186511,-0.707106781186584,7.85046229341846E-16));
#2162=DIRECTION('center_axis',(1.11022302462516E-15,-1.11242542354E-31,
-1.));
#2163=DIRECTION('ref_axis',(1.,-1.33879835322445E-11,2.22044604925031E-15));
#2164=DIRECTION('',(-1.33865800937612E-11,-1.,-1.48619781985401E-26));
#2165=DIRECTION('',(1.,1.17150733556743E-11,1.11022302462516E-15));
#2166=DIRECTION('center_axis',(1.58603289232165E-15,-6.98253474607016E-17,
-1.));
#2167=DIRECTION('ref_axis',(1.22464679922878E-16,-1.,6.98253474607018E-17));
#2168=DIRECTION('',(0.707106781203496,0.707106781169599,1.07212063668545E-15));
#2169=DIRECTION('center_axis',(-1.58603289232165E-15,6.98253474607016E-17,
1.));
#2170=DIRECTION('ref_axis',(0.707106781169598,-0.707106781203497,1.57009245864614E-15));
#2171=DIRECTION('',(1.33865800937612E-11,1.,-6.982534743947E-17));
#2172=DIRECTION('',(1.,6.27942142698686E-12,1.58603289232121E-15));
#2173=DIRECTION('center_axis',(-1.58603289232165E-15,6.98253474607016E-17,
1.));
#2174=DIRECTION('ref_axis',(-4.86173068582901E-62,-1.,0.));
#2175=DIRECTION('center_axis',(1.58603289232165E-15,-6.98253474607016E-17,
-1.));
#2176=DIRECTION('ref_axis',(1.22464679922878E-16,-1.,6.98253474607018E-17));
#2177=DIRECTION('center_axis',(-1.58603289232165E-15,6.98253474607016E-17,
1.));
#2178=DIRECTION('ref_axis',(-4.86173068582901E-62,-1.,0.));
#2179=DIRECTION('',(-1.,-1.17150733556743E-11,-1.58603289232083E-15));
#2180=DIRECTION('',(1.33865800937612E-11,1.,-6.982534743947E-17));
#2181=DIRECTION('center_axis',(-1.58603289232165E-15,6.98253474607016E-17,
1.));
#2182=DIRECTION('ref_axis',(1.,-1.33879835322445E-11,2.22044604925031E-15));
#2183=DIRECTION('',(-0.707106781186511,0.707106781186584,-1.17086859003367E-15));
#2184=DIRECTION('center_axis',(1.24030347308872E-15,-0.702406993890663,
-0.711775536902949));
#2185=DIRECTION('ref_axis',(-1.04712851636877E-15,-0.711775536902949,0.702406993890663));
#2186=DIRECTION('center_axis',(2.22044604925031E-15,0.,-1.));
#2187=DIRECTION('ref_axis',(-4.86173068582901E-62,-1.,0.));
#2188=DIRECTION('',(2.22044604925031E-15,0.,-1.));
#2189=DIRECTION('',(2.22044604925031E-15,0.,-1.));
#2190=DIRECTION('center_axis',(-1.17150733556743E-11,1.,-2.60126883492847E-26));
#2191=DIRECTION('ref_axis',(1.,1.17150733556743E-11,2.22044604925031E-15));
#2192=DIRECTION('',(2.22044604925031E-15,0.,-1.));
#2193=DIRECTION('center_axis',(1.,-1.33865800937612E-11,2.22044604925031E-15));
#2194=DIRECTION('ref_axis',(-1.33865800937612E-11,-1.,-2.97242036027299E-26));
#2195=DIRECTION('',(2.22044604925031E-15,0.,-1.));
#2196=DIRECTION('center_axis',(2.22044604925031E-15,0.,-1.));
#2197=DIRECTION('ref_axis',(1.,-1.33879835322445E-11,2.22044604925031E-15));
#2198=DIRECTION('',(2.22044604925031E-15,0.,-1.));
#2199=DIRECTION('center_axis',(0.707106781186584,0.707106781186511,1.57009245868386E-15));
#2200=DIRECTION('ref_axis',(0.707106781186511,-0.707106781186584,1.57009245868369E-15));
#2201=DIRECTION('center_axis',(0.707106781169599,-0.707106781203496,1.57009245864614E-15));
#2202=DIRECTION('ref_axis',(-0.707106781203496,-0.707106781169599,-1.57009245872141E-15));
#2203=DIRECTION('',(2.22044604925031E-15,0.,-1.));
#2204=DIRECTION('center_axis',(2.22044604925031E-15,0.,-1.));
#2205=DIRECTION('ref_axis',(0.707106781169598,-0.707106781203497,1.57009245864614E-15));
#2206=DIRECTION('',(2.22044604925031E-15,0.,-1.));
#2207=DIRECTION('center_axis',(1.,-1.33865800937612E-11,2.22044604925031E-15));
#2208=DIRECTION('ref_axis',(-1.33865800937612E-11,-1.,-2.97242036027299E-26));
#2209=DIRECTION('',(2.22044604925031E-15,0.,-1.));
#2210=DIRECTION('center_axis',(6.27942142698686E-12,-1.,1.39431164991307E-26));
#2211=DIRECTION('ref_axis',(-1.,-6.27942142698686E-12,-2.22044604925031E-15));
#2212=CARTESIAN_POINT('',(0.,0.,0.));
#2213=CARTESIAN_POINT('Origin',(-78.8683314494181,-17.9246628247227,-12.8607086667994));
#2214=CARTESIAN_POINT('',(-79.6428314494181,-18.7999999999778,-13.0850168058274));
#2215=CARTESIAN_POINT('',(-79.6428314494181,-17.2499999999778,-14.6146153717851));
#2216=CARTESIAN_POINT('',(-79.6428314494181,-18.468677041491,-13.4119788201308));
#2217=CARTESIAN_POINT('',(-78.0938314494181,-17.2499999999778,-12.4383674963103));
#2218=CARTESIAN_POINT('',(-79.5971720761297,-17.2499999999778,-14.5504668152233));
#2219=CARTESIAN_POINT('',(-78.0938314494181,-17.2509999999778,-12.4373806585258));
#2220=CARTESIAN_POINT('',(-78.0938314494181,-17.3806486079544,-12.3094385134681));
#2221=CARTESIAN_POINT('',(-78.0938314494181,-17.2509999999778,-12.4373806585258));
#2222=CARTESIAN_POINT('Origin',(-78.8683314494181,-18.0254999998929,-7.47991644736593));
#2223=CARTESIAN_POINT('',(-78.0938314494181,-17.2509999999778,-7.90279375985982));
#2224=CARTESIAN_POINT('',(-78.0938314494181,-17.2509999999778,-7.47991644736593));
#2225=CARTESIAN_POINT('',(-78.4589479729749,-17.6161165234946,-7.06890028237694));
#2226=CARTESIAN_POINT('Origin',(-79.342831449555,-18.4999999999778,-7.95278375886012));
#2227=CARTESIAN_POINT('',(-79.0928314495276,-18.2499999999778,-6.43501680589375));
#2228=CARTESIAN_POINT('',(-77.0106815089687,-16.1678500596472,-8.51716674622439));
#2229=CARTESIAN_POINT('',(-79.6428314494181,-18.7999999999778,-6.43501680589376));
#2230=CARTESIAN_POINT('',(-76.2308314491714,-15.3879999999354,-6.43501680589375));
#2231=CARTESIAN_POINT('',(-79.6428314494181,-18.799999999808,-7.47991644736593));
#2232=CARTESIAN_POINT('Origin',(-83.0938314494181,-18.799999999808,-4.43501680589244));
#2233=CARTESIAN_POINT('',(-80.8781460244681,-18.799999999808,-6.43501680589376));
#2234=CARTESIAN_POINT('',(-69.0938314494181,-18.7999999999778,-6.43501680589374));
#2235=CARTESIAN_POINT('',(-80.8781460244681,-18.799999999808,-4.43501680589243));
#2236=CARTESIAN_POINT('',(-80.8781460244681,-18.799999999808,-4.43501680589243));
#2237=CARTESIAN_POINT('',(-82.409298489313,-18.799999999808,-4.43501680589375));
#2238=CARTESIAN_POINT('',(-76.0938314494181,-18.799999999808,-4.43501680589374));
#2239=CARTESIAN_POINT('',(-83.093831449418,-18.799999999808,-5.27067724875974));
#2240=CARTESIAN_POINT('',(-82.7904119691186,-18.799999999808,-4.90027045747497));
#2241=CARTESIAN_POINT('',(-83.0938314494181,-18.7999999999778,-13.0850168058274));
#2242=CARTESIAN_POINT('',(-83.093831449418,-18.799999999808,-9.3850168058931));
#2243=CARTESIAN_POINT('',(-69.0938314494181,-18.7999999999778,-13.0850168058274));
#2244=CARTESIAN_POINT('Origin',(-78.8683314494181,-32.3744999998787,-7.47991644736593));
#2245=CARTESIAN_POINT('',(-79.6428314494181,-31.5999999999778,-13.0850168058206));
#2246=CARTESIAN_POINT('',(-79.6428314494181,-31.5999999999778,-6.43501680589375));
#2247=CARTESIAN_POINT('',(-79.6428314494181,-31.5999999997796,-7.47991644736593));
#2248=CARTESIAN_POINT('',(-79.0928314492902,-32.1499999999778,-6.43501680589375));
#2249=CARTESIAN_POINT('',(-80.205831449706,-31.0369999994196,-6.43501680589376));
#2250=CARTESIAN_POINT('',(-78.4589479728882,-32.783883476461,-7.06890028237694));
#2251=CARTESIAN_POINT('',(-77.0106815094109,-34.2321499401236,-8.51716674603956));
#2252=CARTESIAN_POINT('',(-78.0938314494181,-33.1489999999778,-7.90279375986027));
#2253=CARTESIAN_POINT('Origin',(-79.3428314492582,-31.8999999999778,-7.95278375886012));
#2254=CARTESIAN_POINT('',(-78.0938314494181,-33.1489999999778,-12.437380658521));
#2255=CARTESIAN_POINT('',(-78.0938314494181,-33.1489999999778,-7.47991644736593));
#2256=CARTESIAN_POINT('',(-78.0938314494181,-33.1489999999778,-12.437380658521));
#2257=CARTESIAN_POINT('Origin',(-78.8683314494181,-31.7003371752349,-12.0959093838138));
#2258=CARTESIAN_POINT('',(-78.0938314494181,-33.1499999999778,-12.4383674963055));
#2259=CARTESIAN_POINT('',(-78.0938314494181,-32.2443513920045,-11.5446392304837));
#2260=CARTESIAN_POINT('',(-79.6428314494181,-33.1499999999778,-14.6146153717851));
#2261=CARTESIAN_POINT('',(-75.2118820708222,-33.1499999999778,-8.38940932173533));
#2262=CARTESIAN_POINT('',(-79.6428314494181,-31.1563229584654,-12.6471795371439));
#2263=CARTESIAN_POINT('Origin',(-80.8781460244681,-31.5999999997795,-4.43501680589243));
#2264=CARTESIAN_POINT('',(-83.093831449418,-31.5999999999778,-13.0850168058206));
#2265=CARTESIAN_POINT('',(-69.0938314494181,-31.5999999999778,-13.0850168058206));
#2266=CARTESIAN_POINT('',(-83.0938314494181,-31.5999999999778,-5.27067724864161));
#2267=CARTESIAN_POINT('',(-83.0938314494181,-31.5999999999778,-6.43501680589376));
#2268=CARTESIAN_POINT('',(-82.4092984895235,-31.5999999997795,-4.43501680589375));
#2269=CARTESIAN_POINT('',(-82.3455471353964,-31.5999999997795,-4.35719077277628));
#2270=CARTESIAN_POINT('',(-80.8781460244681,-31.5999999997795,-4.43501680589243));
#2271=CARTESIAN_POINT('',(-74.9859887369433,-31.5999999997797,-4.43501680589374));
#2272=CARTESIAN_POINT('',(-80.8781460244681,-31.5999999997795,-6.43501680589376));
#2273=CARTESIAN_POINT('',(-80.8781460244681,-31.5999999997795,-4.43501680589243));
#2274=CARTESIAN_POINT('',(-69.0938314494181,-31.5999999999778,-6.43501680589374));
#2275=CARTESIAN_POINT('Origin',(-69.0938314494181,-31.5999999999778,-13.0850168058206));
#2276=CARTESIAN_POINT('',(-83.093831449418,-33.1499999999778,-14.6146153717851));
#2277=CARTESIAN_POINT('',(-69.0938314494181,-33.1499999999778,-14.6146153717851));
#2278=CARTESIAN_POINT('',(-83.093831449418,-31.5999999999778,-13.0850168058206));
#2279=CARTESIAN_POINT('Origin',(-70.4546475458214,-18.2499999999778,-21.7600168058937));
#2280=CARTESIAN_POINT('',(-70.4546475458215,-17.2499999999778,-11.0742007094903));
#2281=CARTESIAN_POINT('',(-69.6354955015325,-17.6764235636268,-11.8933527537793));
#2282=CARTESIAN_POINT('Origin',(-70.4546475458215,-18.2499999999778,-11.0742007094903));
#2283=CARTESIAN_POINT('',(-70.4546475458214,-17.2499999999778,-24.2350168058937));
#2284=CARTESIAN_POINT('',(-70.4546475458214,-17.2499999999778,-21.7600168058937));
#2285=CARTESIAN_POINT('',(-69.6354955015325,-17.6764235636268,-24.2350168058937));
#2286=CARTESIAN_POINT('Origin',(-70.4546475458214,-18.2499999999778,-24.2350168058937));
#2287=CARTESIAN_POINT('',(-69.6354955015325,-17.6764235636268,-21.7600168058937));
#2288=CARTESIAN_POINT('Origin',(-72.0938314494181,-21.2249999999775,-9.43501680589374));
#2289=CARTESIAN_POINT('',(-69.0938314494181,-18.4499999999778,-12.4350168058937));
#2290=CARTESIAN_POINT('',(-68.6561530281238,-19.0750695649432,-12.872695227188));
#2291=CARTESIAN_POINT('',(-69.0938314494181,-31.9499999999778,-12.4350168058937));
#2292=CARTESIAN_POINT('',(-69.0938314494181,-21.2249999999775,-12.4350168058937));
#2293=CARTESIAN_POINT('',(-69.6354955015325,-32.7235764363289,-11.8933527537793));
#2294=CARTESIAN_POINT('',(-68.3524382338238,-30.8911807569147,-13.176410021488));
#2295=CARTESIAN_POINT('',(-70.4546475458215,-33.1499999999778,-11.0742007094903));
#2296=CARTESIAN_POINT('Origin',(-70.4546475458215,-32.1499999999778,-11.0742007094903));
#2297=CARTESIAN_POINT('',(-73.5760644964517,-33.1499999999778,-7.95278375886011));
#2298=CARTESIAN_POINT('',(-72.0938314494181,-33.1499999999778,-9.43501680589374));
#2299=CARTESIAN_POINT('',(-74.4599479729349,-32.783883476461,-7.06890028237693));
#2300=CARTESIAN_POINT('Origin',(-73.5760644964517,-31.8999999999778,-7.95278375886011));
#2301=CARTESIAN_POINT('',(-75.0938314494181,-32.1499999999778,-6.43501680589375));
#2302=CARTESIAN_POINT('',(-74.7479981160848,-32.4958333333111,-6.78085013922704));
#2303=CARTESIAN_POINT('',(-75.0938314494181,-27.0914280319346,-6.43501680589375));
#2304=CARTESIAN_POINT('',(-75.0938314494181,-21.2249999999775,-6.43501680589375));
#2305=CARTESIAN_POINT('',(-75.0938314494181,-23.3085719679948,-6.43501680589375));
#2306=CARTESIAN_POINT('Origin',(-75.7438314493245,-25.1999999999647,-5.78501680598732));
#2307=CARTESIAN_POINT('',(-75.0938314494181,-18.2499999999778,-6.43501680589375));
#2308=CARTESIAN_POINT('',(-75.0938314494181,-21.2249999999775,-6.43501680589375));
#2309=CARTESIAN_POINT('',(-74.4599479729349,-17.6161165234946,-7.06890028237693));
#2310=CARTESIAN_POINT('',(-73.4229981160847,-16.5791666666444,-8.10585013922712));
#2311=CARTESIAN_POINT('',(-73.5760644964517,-17.2499999999778,-7.95278375886011));
#2312=CARTESIAN_POINT('Origin',(-73.5760644964517,-18.4999999999778,-7.95278375886011));
#2313=CARTESIAN_POINT('',(-67.6438314494181,-17.2499999999778,-13.8850168058937));
#2314=CARTESIAN_POINT('Origin',(-69.5139559723439,-17.8499999999778,-19.2850168058937));
#2315=CARTESIAN_POINT('',(-69.093831449418,-18.4499999999778,-24.2350168058937));
#2316=CARTESIAN_POINT('',(-65.4981385966986,-23.5851815804459,-24.2350168058937));
#2317=CARTESIAN_POINT('',(-69.093831449418,-18.4499999999778,-19.2850168058937));
#2318=CARTESIAN_POINT('Origin',(-70.4546475458215,-32.1499999999778,-8.41001680589374));
#2319=CARTESIAN_POINT('',(-69.6354955015325,-32.7235764363289,-24.2350168058937));
#2320=CARTESIAN_POINT('',(-69.6354955015325,-32.7235764363289,-8.41001680589374));
#2321=CARTESIAN_POINT('',(-70.4546475458214,-33.1499999999778,-24.2350168058937));
#2322=CARTESIAN_POINT('Origin',(-70.4546475458214,-32.1499999999778,-24.2350168058937));
#2323=CARTESIAN_POINT('',(-70.4546475458215,-33.1499999999778,-8.41001680589374));
#2324=CARTESIAN_POINT('Origin',(-69.5139559723439,-32.5499999999778,-10.3850168058937));
#2325=CARTESIAN_POINT('',(-69.093831449418,-31.9499999999778,-24.2350168058937));
#2326=CARTESIAN_POINT('',(-69.0938314494181,-31.9499999999778,-10.3850168058937));
#2327=CARTESIAN_POINT('',(-69.9381862299109,-33.1558635967218,-24.2350168058937));
#2328=CARTESIAN_POINT('Origin',(-69.0938314494181,-25.1999999999773,-14.3350168058937));
#2329=CARTESIAN_POINT('',(-69.093831449418,-33.1499999999778,-24.2350168058937));
#2330=CARTESIAN_POINT('',(-69.093831449418,-29.5999999999778,-19.2350168058937));
#2331=CARTESIAN_POINT('Origin',(-69.093831449418,-28.4499999999778,-19.2350168058937));
#2332=CARTESIAN_POINT('',(-69.093831449418,-23.0999999999778,-19.2350168058937));
#2333=CARTESIAN_POINT('Origin',(-69.093831449418,-21.9499999999778,-19.2350168058937));
#2334=CARTESIAN_POINT('Origin',(-67.6938314494181,-28.4499999999778,-19.2350168058937));
#2335=CARTESIAN_POINT('',(-67.093831449418,-30.7999999999778,-19.2350168058937));
#2336=CARTESIAN_POINT('Origin',(-67.093831449418,-28.4499999999778,-19.2350168058937));
#2337=CARTESIAN_POINT('',(-68.2938314494181,-29.5999999999778,-19.2350168058937));
#2338=CARTESIAN_POINT('',(-67.6938314494181,-30.1999999999778,-19.2350168058937));
#2339=CARTESIAN_POINT('Origin',(-68.2938314494181,-28.4499999999778,-19.2350168058937));
#2340=CARTESIAN_POINT('Origin',(-67.0938314494181,-25.1999999999773,-14.3350168058937));
#2341=CARTESIAN_POINT('',(-67.093831449418,-18.2499999999792,-23.2350168058937));
#2342=CARTESIAN_POINT('',(-67.093831449418,-32.1499999999753,-23.2350168058937));
#2343=CARTESIAN_POINT('',(-67.093831449418,-29.9249999999763,-23.2350168058937));
#2344=CARTESIAN_POINT('',(-67.0938314494181,-18.2499999999792,-12.4350168058937));
#2345=CARTESIAN_POINT('',(-67.093831449418,-18.2499999999792,-19.2850168058937));
#2346=CARTESIAN_POINT('',(-67.0938314494181,-32.1499999999753,-12.4350168058937));
#2347=CARTESIAN_POINT('',(-67.0938314494181,-20.4749999999782,-12.4350168058937));
#2348=CARTESIAN_POINT('',(-67.0938314494181,-32.1499999999753,-9.38501680589373));
#2349=CARTESIAN_POINT('',(-67.093831449418,-24.2999999999778,-19.2350168058937));
#2350=CARTESIAN_POINT('Origin',(-67.093831449418,-21.9499999999778,-19.2350168058937));
#2351=CARTESIAN_POINT('Origin',(-69.093831449418,-28.4499999999778,-19.2350168058937));
#2352=CARTESIAN_POINT('',(-69.093831449418,-29.5999999999778,-19.2350168058937));
#2353=CARTESIAN_POINT('Origin',(-67.6938314494181,-21.9499999999778,-19.2350168058937));
#2354=CARTESIAN_POINT('',(-68.2938314494181,-23.0999999999778,-19.2350168058937));
#2355=CARTESIAN_POINT('',(-67.6938314494181,-23.6999999999778,-19.2350168058937));
#2356=CARTESIAN_POINT('Origin',(-68.2938314494181,-21.9499999999778,-19.2350168058937));
#2357=CARTESIAN_POINT('Origin',(-69.093831449418,-21.9499999999778,-19.2350168058937));
#2358=CARTESIAN_POINT('',(-69.093831449418,-23.0999999999778,-19.2350168058937));
#2359=CARTESIAN_POINT('Origin',(-67.593831449418,-29.9249999999763,-23.7350168058937));
#2360=CARTESIAN_POINT('',(-68.093831449418,-31.8347012110963,-24.2350168058937));
#2361=CARTESIAN_POINT('',(-68.093831449418,-18.5652987888582,-24.2350168058937));
#2362=CARTESIAN_POINT('',(-68.093831449418,-29.9249999999763,-24.2350168058937));
#2363=CARTESIAN_POINT('',(-68.093831449418,-18.5652987888582,-24.2350168058937));
#2364=CARTESIAN_POINT('',(-67.093831449418,-32.1499999999753,-23.2350168058937));
#2365=CARTESIAN_POINT('Origin',(-64.4172873660595,-22.9442244953957,-23.7350168058937));
#2366=CARTESIAN_POINT('',(-69.0663323517568,-17.1764235636281,-24.2350168058937));
#2367=CARTESIAN_POINT('',(-64.826863388204,-23.2310127135712,-24.2350168058937));
#2368=CARTESIAN_POINT('',(-68.2471803074678,-16.6028471272771,-23.2350168058937));
#2369=CARTESIAN_POINT('',(-69.0663323517568,-17.1764235636281,-24.2350168058937));
#2370=CARTESIAN_POINT('',(-64.007711343915,-22.6574362772202,-23.2350168058937));
#2371=CARTESIAN_POINT('Origin',(-69.8854843960458,-17.7499999999792,-23.7350168058937));
#2372=CARTESIAN_POINT('',(-69.8854843960458,-16.7499999999792,-24.2350168058937));
#2373=CARTESIAN_POINT('',(-69.8854843960458,-15.7499999999792,-23.2350168058937));
#2374=CARTESIAN_POINT('',(-69.8854843960458,-16.7499999999792,-24.2350168058937));
#2375=CARTESIAN_POINT('Origin',(-69.8854843960458,-17.7499999999792,-23.2350168058937));
#2376=CARTESIAN_POINT('Origin',(-69.8854843960458,-17.7499999999792,-24.2350168058937));
#2377=CARTESIAN_POINT('Origin',(-69.093831449418,-16.2499999999792,-23.7350168058937));
#2378=CARTESIAN_POINT('',(-75.4369771999257,-16.7499999999792,-24.2350168058937));
#2379=CARTESIAN_POINT('',(-69.093831449418,-16.7499999999792,-24.2350168058937));
#2380=CARTESIAN_POINT('',(-75.4369771999257,-15.7499999999792,-23.2350168058937));
#2381=CARTESIAN_POINT('',(-75.4369771999257,-16.7499999999792,-24.2350168058937));
#2382=CARTESIAN_POINT('',(-69.093831449418,-15.7499999999792,-23.2350168058937));
#2383=CARTESIAN_POINT('Origin',(-75.4369771999257,-16.2499999999792,-20.2350168058937));
#2384=CARTESIAN_POINT('',(-78.2654043246718,-16.7499999999792,-23.0634439306399));
#2385=CARTESIAN_POINT('Origin',(-75.4369771999257,-16.7499999999792,-20.2350168058937));
#2386=CARTESIAN_POINT('',(-77.5582975434853,-15.7499999999792,-22.3563371494534));
#2387=CARTESIAN_POINT('',(-78.2654043246718,-16.7499999999792,-23.0634439306399));
#2388=CARTESIAN_POINT('Origin',(-75.4369771999257,-15.7499999999792,-20.2350168058937));
#2389=CARTESIAN_POINT('Origin',(-76.2402780588248,-16.2499999999792,-24.3814634153005));
#2390=CARTESIAN_POINT('',(-81.9222585741642,-16.7499999999792,-19.4065896811476));
#2391=CARTESIAN_POINT('',(-76.593831449418,-16.7499999999792,-24.7350168058937));
#2392=CARTESIAN_POINT('',(-81.2151517929777,-15.7499999999792,-18.699482899961));
#2393=CARTESIAN_POINT('',(-81.9222585741642,-16.7499999999792,-19.4065896811476));
#2394=CARTESIAN_POINT('',(-75.8867246682315,-15.7499999999792,-24.0279100247072));
#2395=CARTESIAN_POINT('Origin',(-79.093831449418,-16.2499999999792,-16.5781625564014));
#2396=CARTESIAN_POINT('',(-83.093831449418,-16.7499999999792,-16.5781625564014));
#2397=CARTESIAN_POINT('Origin',(-79.093831449418,-16.7499999999792,-16.5781625564014));
#2398=CARTESIAN_POINT('',(-82.093831449418,-15.7499999999792,-16.5781625564014));
#2399=CARTESIAN_POINT('',(-83.093831449418,-16.7499999999792,-16.5781625564014));
#2400=CARTESIAN_POINT('Origin',(-79.093831449418,-15.7499999999792,-16.5781625564014));
#2401=CARTESIAN_POINT('Origin',(-82.5938314494181,-16.2499999999792,-19.2850168058938));
#2402=CARTESIAN_POINT('',(-83.0938314494181,-16.7499999999792,-7.22666975252152));
#2403=CARTESIAN_POINT('',(-83.093831449418,-16.7499999999792,-19.2850168058938));
#2404=CARTESIAN_POINT('',(-82.0938314494181,-15.7499999999792,-7.22666975252152));
#2405=CARTESIAN_POINT('',(-83.0938314494181,-16.7499999999792,-7.22666975252152));
#2406=CARTESIAN_POINT('',(-82.0938314494181,-15.7499999999792,-19.2850168058938));
#2407=CARTESIAN_POINT('Origin',(-82.593831449418,-17.7499999999792,-7.22666975252152));
#2408=CARTESIAN_POINT('',(-83.0938314494181,-17.1764235636281,-6.40751770823253));
#2409=CARTESIAN_POINT('',(-82.093831449418,-16.6028471272771,-5.58836566394354));
#2410=CARTESIAN_POINT('',(-83.0938314494181,-17.1764235636281,-6.40751770823253));
#2411=CARTESIAN_POINT('Origin',(-82.093831449418,-17.7499999999792,-7.22666975252152));
#2412=CARTESIAN_POINT('Origin',(-83.0938314494181,-17.7499999999792,-7.22666975252152));
#2413=CARTESIAN_POINT('Origin',(-82.5938314494181,-17.9178089807373,-5.27800675607323));
#2414=CARTESIAN_POINT('',(-82.0938314494181,-18.2499999999792,-4.43501680589375));
#2415=CARTESIAN_POINT('',(-79.9354809556432,-14.4870307477801,-4.43501680589375));
#2416=CARTESIAN_POINT('',(-82.0938314494181,-17.6310207625618,-4.86843073392873));
#2417=CARTESIAN_POINT('',(-83.0938314494181,-18.2045971989128,-5.68758277821772));
#2418=CARTESIAN_POINT('Origin',(-82.5938314494181,-32.4821910192172,-5.27800675607323));
#2419=CARTESIAN_POINT('',(-83.0938314494181,-33.2235764363264,-6.40751770823253));
#2420=CARTESIAN_POINT('',(-83.0938314494181,-32.1954028010417,-5.68758277821772));
#2421=CARTESIAN_POINT('',(-82.0938314494181,-33.7971528726774,-5.58836566394353));
#2422=CARTESIAN_POINT('',(-83.0938314494181,-33.2235764363264,-6.40751770823253));
#2423=CARTESIAN_POINT('',(-82.0938314494181,-32.1499999999753,-4.43501680589375));
#2424=CARTESIAN_POINT('',(-82.0938314494181,-32.7689792373927,-4.86843073392873));
#2425=CARTESIAN_POINT('',(-84.0139899104087,-28.8023058840765,-4.43501680589375));
#2426=CARTESIAN_POINT('Origin',(-82.593831449418,-32.6499999999753,-7.22666975252152));
#2427=CARTESIAN_POINT('',(-83.0938314494181,-33.6499999999753,-7.22666975252152));
#2428=CARTESIAN_POINT('',(-82.093831449418,-34.6499999999753,-7.22666975252152));
#2429=CARTESIAN_POINT('',(-83.0938314494181,-33.6499999999753,-7.22666975252152));
#2430=CARTESIAN_POINT('Origin',(-82.093831449418,-32.6499999999753,-7.22666975252152));
#2431=CARTESIAN_POINT('Origin',(-83.0938314494181,-32.6499999999753,-7.22666975252152));
#2432=CARTESIAN_POINT('Origin',(-82.5938314494181,-34.1499999999753,-9.38501680589376));
#2433=CARTESIAN_POINT('',(-83.093831449418,-33.6499999999753,-16.5781625564014));
#2434=CARTESIAN_POINT('',(-83.093831449418,-33.6499999999753,-9.38501680589376));
#2435=CARTESIAN_POINT('',(-82.093831449418,-34.6499999999753,-16.5781625564014));
#2436=CARTESIAN_POINT('',(-83.093831449418,-33.6499999999753,-16.5781625564014));
#2437=CARTESIAN_POINT('',(-82.0938314494181,-34.6499999999753,-9.38501680589376));
#2438=CARTESIAN_POINT('Origin',(-79.093831449418,-34.1499999999753,-16.5781625564014));
#2439=CARTESIAN_POINT('',(-81.9222585741642,-33.6499999999753,-19.4065896811476));
#2440=CARTESIAN_POINT('Origin',(-79.093831449418,-33.6499999999753,-16.5781625564014));
#2441=CARTESIAN_POINT('',(-81.2151517929777,-34.6499999999753,-18.699482899961));
#2442=CARTESIAN_POINT('',(-81.9222585741642,-33.6499999999753,-19.4065896811476));
#2443=CARTESIAN_POINT('Origin',(-79.093831449418,-34.6499999999753,-16.5781625564014));
#2444=CARTESIAN_POINT('Origin',(-81.1902780588248,-34.1499999999753,-19.4314634153005));
#2445=CARTESIAN_POINT('',(-78.2654043246718,-33.6499999999753,-23.0634439306399));
#2446=CARTESIAN_POINT('',(-81.5438314494181,-33.6499999999753,-19.7850168058937));
#2447=CARTESIAN_POINT('',(-77.5582975434853,-34.6499999999753,-22.3563371494534));
#2448=CARTESIAN_POINT('',(-78.2654043246718,-33.6499999999753,-23.0634439306399));
#2449=CARTESIAN_POINT('',(-80.8367246682315,-34.6499999999753,-19.0779100247072));
#2450=CARTESIAN_POINT('Origin',(-75.4369771999257,-34.1499999999753,-20.2350168058937));
#2451=CARTESIAN_POINT('',(-75.4369771999257,-33.6499999999753,-24.2350168058937));
#2452=CARTESIAN_POINT('Origin',(-75.4369771999257,-33.6499999999753,-20.2350168058937));
#2453=CARTESIAN_POINT('',(-75.4369771999257,-34.6499999999753,-23.2350168058937));
#2454=CARTESIAN_POINT('',(-75.4369771999257,-33.6499999999753,-24.2350168058937));
#2455=CARTESIAN_POINT('Origin',(-75.4369771999257,-34.6499999999753,-20.2350168058937));
#2456=CARTESIAN_POINT('Origin',(-69.093831449418,-34.1499999999753,-23.7350168058937));
#2457=CARTESIAN_POINT('',(-69.8854843960458,-33.6499999999753,-24.2350168058937));
#2458=CARTESIAN_POINT('',(-69.8854843960458,-34.6499999999753,-23.2350168058937));
#2459=CARTESIAN_POINT('',(-69.8854843960458,-33.6499999999753,-24.2350168058937));
#2460=CARTESIAN_POINT('',(-69.093831449418,-34.6499999999753,-23.2350168058937));
#2461=CARTESIAN_POINT('',(-69.093831449418,-33.6499999999753,-24.2350168058937));
#2462=CARTESIAN_POINT('Origin',(-69.8854843960458,-32.6499999999753,-23.7350168058937));
#2463=CARTESIAN_POINT('',(-69.0663323517568,-33.2235764363263,-24.2350168058937));
#2464=CARTESIAN_POINT('',(-68.2471803074678,-33.7971528726774,-23.2350168058937));
#2465=CARTESIAN_POINT('',(-69.0663323517568,-33.2235764363263,-24.2350168058937));
#2466=CARTESIAN_POINT('Origin',(-69.8854843960458,-32.6499999999753,-23.2350168058937));
#2467=CARTESIAN_POINT('Origin',(-69.8854843960458,-32.6499999999753,-24.2350168058937));
#2468=CARTESIAN_POINT('Origin',(-68.857334999272,-33.7968206817713,-23.7350168058937));
#2469=CARTESIAN_POINT('',(-68.4477589771275,-34.0836088999468,-23.2350168058937));
#2470=CARTESIAN_POINT('',(-69.2669110214165,-33.5100324635958,-24.2350168058937));
#2471=CARTESIAN_POINT('Origin',(-83.093831449418,-25.1999999999773,-14.3350168058938));
#2472=CARTESIAN_POINT('',(-83.0938314494181,-17.2499999999778,-16.5781625564014));
#2473=CARTESIAN_POINT('',(-83.093831449418,-27.5624999999768,-16.5781625564014));
#2474=CARTESIAN_POINT('',(-83.0938314494181,-17.2499999999778,-14.6146153717851));
#2475=CARTESIAN_POINT('',(-83.0938314494181,-17.2499999999778,-6.43501680589376));
#2476=CARTESIAN_POINT('',(-83.0938314494181,-17.2499999999778,-14.6146153717851));
#2477=CARTESIAN_POINT('Origin',(-79.093831449418,-27.5624999999768,-16.5781625564014));
#2478=CARTESIAN_POINT('',(-81.9222585741642,-17.2499999999778,-19.4065896811476));
#2479=CARTESIAN_POINT('',(-81.9222585741642,-27.5624999999768,-19.4065896811476));
#2480=CARTESIAN_POINT('Origin',(-79.093831449418,-17.2499999999778,-16.5781625564014));
#2481=CARTESIAN_POINT('Origin',(-80.093831449418,-29.9249999999763,-21.2350168058937));
#2482=CARTESIAN_POINT('',(-78.2654043246719,-17.2499999999778,-23.0634439306399));
#2483=CARTESIAN_POINT('',(-78.2654043246718,-32.2874999999758,-23.0634439306399));
#2484=CARTESIAN_POINT('',(-76.593831449418,-17.2499999999778,-24.7350168058938));
#2485=CARTESIAN_POINT('Origin',(-75.4369771999257,-32.2874999999758,-20.2350168058937));
#2486=CARTESIAN_POINT('',(-75.4369771999257,-17.2499999999778,-24.2350168058937));
#2487=CARTESIAN_POINT('',(-75.4369771999257,-32.2874999999758,-24.2350168058937));
#2488=CARTESIAN_POINT('Origin',(-75.4369771999257,-17.2499999999778,-20.2350168058937));
#2489=CARTESIAN_POINT('Origin',(-69.093831449418,-34.6499999999753,-24.2350168058937));
#2490=CARTESIAN_POINT('',(-75.4369771999257,-33.1499999999778,-24.2350168058937));
#2491=CARTESIAN_POINT('',(-75.4369771999257,-32.2874999999758,-24.2350168058937));
#2492=CARTESIAN_POINT('',(-69.093831449418,-33.1499999999778,-24.2350168058937));
#2493=CARTESIAN_POINT('',(-69.093831449418,-17.2499999999778,-24.2350168058937));
#2494=CARTESIAN_POINT('Origin',(-75.4369771999257,-32.2874999999758,-20.2350168058937));
#2495=CARTESIAN_POINT('',(-78.2654043246718,-33.1499999999778,-23.0634439306399));
#2496=CARTESIAN_POINT('',(-78.2654043246718,-32.2874999999758,-23.0634439306399));
#2497=CARTESIAN_POINT('Origin',(-75.4369771999257,-33.1499999999778,-20.2350168058937));
#2498=CARTESIAN_POINT('Origin',(-80.093831449418,-29.9249999999763,-21.2350168058937));
#2499=CARTESIAN_POINT('',(-81.9222585741642,-33.1499999999778,-19.4065896811476));
#2500=CARTESIAN_POINT('',(-81.9222585741642,-27.5624999999768,-19.4065896811476));
#2501=CARTESIAN_POINT('',(-81.0438314494181,-33.1499999999778,-20.2850168058937));
#2502=CARTESIAN_POINT('Origin',(-79.093831449418,-27.5624999999768,-16.5781625564014));
#2503=CARTESIAN_POINT('',(-83.093831449418,-33.1499999999778,-16.5781625564014));
#2504=CARTESIAN_POINT('',(-83.093831449418,-27.5624999999768,-16.5781625564014));
#2505=CARTESIAN_POINT('Origin',(-79.093831449418,-33.1499999999778,-16.5781625564014));
#2506=CARTESIAN_POINT('Origin',(-83.093831449418,-25.1999999999773,-14.3350168058938));
#2507=CARTESIAN_POINT('',(-83.0938314494181,-33.1499999999778,-6.43501680589376));
#2508=CARTESIAN_POINT('Origin',(-69.0938314494181,-15.7499999999792,-4.43501680589374));
#2509=CARTESIAN_POINT('',(-76.7506856989104,-32.1499999999753,-4.43501680589374));
#2510=CARTESIAN_POINT('',(-69.0938314494181,-32.1499999999753,-4.43501680589374));
#2511=CARTESIAN_POINT('',(-76.7506856989104,-27.199999999971,-4.43501680589375));
#2512=CARTESIAN_POINT('',(-76.7506856989104,-18.1124999999787,-4.43501680589374));
#2513=CARTESIAN_POINT('',(-78.2438314494412,-27.1999999999804,-4.43501680589243));
#2514=CARTESIAN_POINT('',(-72.4188314493353,-27.1999999999438,-4.43501680589374));
#2515=CARTESIAN_POINT('',(-78.2438314494459,-27.5573593128129,-4.43501680589243));
#2516=CARTESIAN_POINT('',(-78.2438314493645,-21.4749999999186,-4.43501680589375));
#2517=CARTESIAN_POINT('',(-79.2396683934693,-29.9615223688593,-4.43501680589243));
#2518=CARTESIAN_POINT('Origin',(-81.643831449446,-27.5573593127674,-4.43501680589376));
#2519=CARTESIAN_POINT('',(-73.1503285651149,-23.8721825407968,-4.43501680589374));
#2520=CARTESIAN_POINT('Origin',(-69.0938314494181,-33.3999999999753,-5.31027622865587));
#2521=CARTESIAN_POINT('',(-76.7506856989104,-33.7971528726774,-5.58836566394353));
#2522=CARTESIAN_POINT('',(-69.0938314494181,-33.7971528726774,-5.58836566394352));
#2523=CARTESIAN_POINT('',(-76.7506856989104,-32.1499999999753,-4.43501680589374));
#2524=CARTESIAN_POINT('Origin',(-69.0938314494181,-31.8999999999778,-7.95278375886011));
#2525=CARTESIAN_POINT('',(-69.0938314494181,-32.783883476461,-7.06890028237692));
#2526=CARTESIAN_POINT('',(-78.0938314494181,-33.1499999999778,-7.95278375886012));
#2527=CARTESIAN_POINT('',(-69.0938314494181,-33.1499999999778,-7.95278375886011));
#2528=CARTESIAN_POINT('Origin',(-78.0938314494181,-31.8999999999778,-7.95278375886012));
#2529=CARTESIAN_POINT('Origin',(-69.0938314494181,-32.6499999999778,-6.93501680589374));
#2530=CARTESIAN_POINT('',(-69.0938314494181,-32.1499999999778,-6.43501680589374));
#2531=CARTESIAN_POINT('Origin',(-69.0938314494181,-18.4999999999778,-7.9527837588601));
#2532=CARTESIAN_POINT('',(-69.0938314494181,-17.6161165234946,-7.06890028237692));
#2533=CARTESIAN_POINT('',(-78.0938314494181,-17.2499999999778,-7.95278375886012));
#2534=CARTESIAN_POINT('Origin',(-78.0938314494181,-18.4999999999778,-7.95278375886012));
#2535=CARTESIAN_POINT('',(-69.0938314494181,-17.2499999999778,-7.9527837588601));
#2536=CARTESIAN_POINT('Origin',(-78.0938314494181,-18.0249999999778,-10.5248160888394));
#2537=CARTESIAN_POINT('',(-78.0938314494181,-17.2499999999778,-17.3799164473666));
#2538=CARTESIAN_POINT('Origin',(-69.0938314494181,-17.7499999999778,-6.93501680589374));
#2539=CARTESIAN_POINT('',(-69.0938314494181,-18.2499999999778,-6.43501680589374));
#2540=CARTESIAN_POINT('Origin',(-78.0938314494181,-32.3749999999778,-10.5248160888394));
#2541=CARTESIAN_POINT('',(-78.0938314494181,-33.1499999999778,-8.47991644736659));
#2542=CARTESIAN_POINT('Origin',(-69.0938314494181,-33.1499999999778,-6.43501680589374));
#2543=CARTESIAN_POINT('Origin',(-69.093831449418,-17.2499999999778,-24.2350168058937));
#2544=CARTESIAN_POINT('',(-69.0938314494181,-17.2499999999778,-14.6146153717851));
#2545=CARTESIAN_POINT('Origin',(-69.8854843960458,-32.6499999999753,-6.91001680589374));
#2546=CARTESIAN_POINT('',(-68.2471803074678,-33.7971528726774,-12.9127495450455));
#2547=CARTESIAN_POINT('',(-68.2471803074679,-33.7971528726774,-6.91001680589374));
#2548=CARTESIAN_POINT('',(-69.8854843960458,-34.6499999999753,-13.5913573178258));
#2549=CARTESIAN_POINT('Origin',(-69.8854843960458,-32.6499999999753,-13.5913573178258));
#2550=CARTESIAN_POINT('',(-69.8854843960458,-34.6499999999753,-6.91001680589374));
#2551=CARTESIAN_POINT('Origin',(-69.0938314494181,-32.6499999999753,-7.2266697525215));
#2552=CARTESIAN_POINT('',(-76.7506856989104,-34.6499999999753,-7.22666975252151));
#2553=CARTESIAN_POINT('',(-69.0938314494181,-34.6499999999753,-7.2266697525215));
#2554=CARTESIAN_POINT('Origin',(-76.7506856989104,-32.6499999999753,-7.22666975252151));
#2555=CARTESIAN_POINT('Ctrl Pts',(-76.7506856989104,-34.6499999999753,-7.22666975252151));
#2556=CARTESIAN_POINT('Ctrl Pts',(-76.2501719613501,-34.6499999999753,-7.22666975252151));
#2557=CARTESIAN_POINT('Ctrl Pts',(-75.8962553034442,-34.6499999999753,-7.58058641042746));
#2558=CARTESIAN_POINT('Ctrl Pts',(-76.7506856989104,-34.6499999999753,-6.18553565141801));
#2559=CARTESIAN_POINT('Ctrl Pts',(-75.8189200964239,-34.6499999999753,-6.18553565141801));
#2560=CARTESIAN_POINT('Ctrl Pts',(-75.1600623204293,-34.6499999999753,-6.84439342741261));
#2561=CARTESIAN_POINT('Ctrl Pts',(-76.7506856989104,-33.7971528726774,-5.58836566394352));
#2562=CARTESIAN_POINT('Ctrl Pts',(-75.5715641885698,-33.7971528726774,-5.58836566394352));
#2563=CARTESIAN_POINT('Ctrl Pts',(-74.737799372765,-33.7971528726774,-6.42213047974831));
#2564=CARTESIAN_POINT('',(-75.8962553034442,-34.6499999999753,-7.58058641042745));
#2565=CARTESIAN_POINT('',(-74.737799372765,-33.7971528726774,-6.42213047974831));
#2566=CARTESIAN_POINT('Origin',(-75.8962553034442,-32.6499999999753,-7.58058641042745));
#2567=CARTESIAN_POINT('Origin',(-76.7506856989104,-33.7971528726774,-8.43501680589375));
#2568=CARTESIAN_POINT('Origin',(-76.7506856989104,-34.6499999999753,-8.43501680589375));
#2569=CARTESIAN_POINT('Origin',(-73.817828178698,-32.6499999999753,-9.65901353517364));
#2570=CARTESIAN_POINT('',(-72.6593722480188,-33.7971528726774,-8.5005576044945));
#2571=CARTESIAN_POINT('',(-73.817828178698,-34.6499999999753,-9.65901353517364));
#2572=CARTESIAN_POINT('Origin',(-69.0938314494181,-34.6499999999753,-4.43501680589374));
#2573=CARTESIAN_POINT('Origin',(-69.8854843960458,-17.7499999999792,-21.7600168058937));
#2574=CARTESIAN_POINT('',(-69.8854843960458,-15.7499999999792,-13.5913573178258));
#2575=CARTESIAN_POINT('',(-69.8854843960458,-15.7499999999792,-21.7600168058937));
#2576=CARTESIAN_POINT('',(-68.2471803074679,-16.6028471272771,-12.9127495450455));
#2577=CARTESIAN_POINT('Origin',(-69.8854843960458,-17.7499999999792,-13.5913573178258));
#2578=CARTESIAN_POINT('',(-68.2471803074678,-16.6028471272771,-21.7600168058937));
#2579=CARTESIAN_POINT('Origin',(-66.392828178698,-17.7499999999792,-17.0840135351736));
#2580=CARTESIAN_POINT('',(-75.8962553034442,-15.7499999999792,-7.58058641042746));
#2581=CARTESIAN_POINT('',(-66.392828178698,-15.7499999999792,-17.0840135351736));
#2582=CARTESIAN_POINT('',(-74.737799372765,-16.6028471272771,-6.42213047974832));
#2583=CARTESIAN_POINT('Origin',(-75.8962553034442,-17.7499999999792,-7.58058641042746));
#2584=CARTESIAN_POINT('',(-65.2343722480188,-16.6028471272771,-15.9255576044945));
#2585=CARTESIAN_POINT('Ctrl Pts',(-75.8962553034442,-15.7499999999792,-7.58058641042746));
#2586=CARTESIAN_POINT('Ctrl Pts',(-76.2501719613501,-15.7499999999792,-7.22666975252152));
#2587=CARTESIAN_POINT('Ctrl Pts',(-76.7506856989104,-15.7499999999792,-7.22666975252152));
#2588=CARTESIAN_POINT('Ctrl Pts',(-75.1600623204293,-15.7499999999792,-6.84439342741261));
#2589=CARTESIAN_POINT('Ctrl Pts',(-75.8189200964239,-15.7499999999792,-6.18553565141802));
#2590=CARTESIAN_POINT('Ctrl Pts',(-76.7506856989104,-15.7499999999792,-6.18553565141802));
#2591=CARTESIAN_POINT('Ctrl Pts',(-74.737799372765,-16.6028471272771,-6.42213047974831));
#2592=CARTESIAN_POINT('Ctrl Pts',(-75.5715641885698,-16.6028471272771,-5.58836566394352));
#2593=CARTESIAN_POINT('Ctrl Pts',(-76.7506856989104,-16.6028471272771,-5.58836566394352));
#2594=CARTESIAN_POINT('',(-76.7506856989104,-15.7499999999792,-7.22666975252151));
#2595=CARTESIAN_POINT('',(-76.7506856989104,-16.6028471272771,-5.58836566394352));
#2596=CARTESIAN_POINT('Origin',(-76.7506856989104,-17.7499999999792,-7.22666975252151));
#2597=CARTESIAN_POINT('Origin',(-76.7506856989104,-16.6028471272771,-8.43501680589375));
#2598=CARTESIAN_POINT('Origin',(-76.7506856989104,-15.7499999999792,-8.43501680589375));
#2599=CARTESIAN_POINT('Origin',(-69.0938314494181,-17.7499999999792,-7.22666975252151));
#2600=CARTESIAN_POINT('',(-69.0938314494181,-16.6028471272771,-5.58836566394352));
#2601=CARTESIAN_POINT('',(-69.0938314494181,-15.7499999999792,-7.22666975252151));
#2602=CARTESIAN_POINT('Origin',(-69.093831449418,-15.7499999999792,-24.2350168058937));
#2603=CARTESIAN_POINT('Origin',(-67.9690908721802,-33.3999999999753,-9.38501680589374));
#2604=CARTESIAN_POINT('',(-67.0938314494181,-32.1499999999753,-12.4350168058937));
#2605=CARTESIAN_POINT('Origin',(-72.2127333225506,-33.3999999999753,-8.55391867902627));
#2606=CARTESIAN_POINT('',(-73.9222585741643,-32.1499999999753,-5.60658968114755));
#2607=CARTESIAN_POINT('',(-71.5938314494181,-32.1499999999753,-7.93501680589374));
#2608=CARTESIAN_POINT('',(-73.9222585741643,-32.1499999999753,-5.60658968114755));
#2609=CARTESIAN_POINT('Origin',(-76.7506856989104,-33.3999999999753,-8.43501680589375));
#2610=CARTESIAN_POINT('Origin',(-76.7506856989104,-32.1499999999753,-8.43501680589375));
#2611=CARTESIAN_POINT('Origin',(-76.7506856989104,-18.1124999999787,-8.43501680589375));
#2612=CARTESIAN_POINT('',(-73.9222585741643,-26.0257555694164,-5.60658968114755));
#2613=CARTESIAN_POINT('',(-73.9222585741643,-18.1124999999787,-5.60658968114755));
#2614=CARTESIAN_POINT('',(-75.7438314493245,-27.1999999999647,-4.56380969181541));
#2615=CARTESIAN_POINT('Ctrl Pts',(-73.9222585741643,-26.0257555694164,-5.60658968114755));
#2616=CARTESIAN_POINT('Ctrl Pts',(-74.0189685264949,-26.2390925815306,-5.50987972881691));
#2617=CARTESIAN_POINT('Ctrl Pts',(-74.1516563236403,-26.4288929207325,-5.38876550276855));
#2618=CARTESIAN_POINT('Ctrl Pts',(-74.4710693077398,-26.7627900619282,-5.14093246029819));
#2619=CARTESIAN_POINT('Ctrl Pts',(-74.6910594864454,-26.922185823227,-4.99463126452869));
#2620=CARTESIAN_POINT('Ctrl Pts',(-75.1901651670848,-27.1410581167943,-4.7413615883479));
#2621=CARTESIAN_POINT('Ctrl Pts',(-75.4698566700039,-27.1999999999647,-4.63506722537262));
#2622=CARTESIAN_POINT('Ctrl Pts',(-75.7438314493245,-27.1999999999647,-4.56380969181541));
#2623=CARTESIAN_POINT('Origin',(-76.7506856989104,-27.1999999999647,-8.43501680589375));
#2624=CARTESIAN_POINT('Origin',(-71.0938314494181,-20.4749999999782,-8.43501680589374));
#2625=CARTESIAN_POINT('',(-73.9222585741643,-18.2499999999792,-5.60658968114755));
#2626=CARTESIAN_POINT('',(-66.6438314494181,-18.2499999999792,-12.8850168058937));
#2627=CARTESIAN_POINT('',(-73.9222585741643,-24.374244430513,-5.60658968114755));
#2628=CARTESIAN_POINT('',(-73.9222585741643,-18.1124999999787,-5.60658968114755));
#2629=CARTESIAN_POINT('Origin',(-75.7438314493245,-25.1999999999647,-3.78501680598731));
#2630=CARTESIAN_POINT('Origin',(-67.9690908721802,-16.9999999999792,-19.2850168058937));
#2631=CARTESIAN_POINT('',(-68.8443502949423,-15.7499999999792,-13.1601054528996));
#2632=CARTESIAN_POINT('Origin',(-67.2627333225506,-16.9999999999792,-13.5039186790263));
#2633=CARTESIAN_POINT('',(-75.1600623204293,-15.7499999999792,-6.84439342741262));
#2634=CARTESIAN_POINT('Origin',(-76.7506856989104,-16.9999999999792,-8.43501680589375));
#2635=CARTESIAN_POINT('',(-76.7506856989104,-18.2499999999792,-4.43501680589374));
#2636=CARTESIAN_POINT('',(-76.7506856989104,-15.7499999999792,-6.18553565141802));
#2637=CARTESIAN_POINT('Origin',(-76.7506856989104,-18.2499999999792,-8.43501680589375));
#2638=CARTESIAN_POINT('Origin',(-69.0938314494181,-16.9999999999792,-5.31027622865587));
#2639=CARTESIAN_POINT('',(-69.0938314494181,-18.2499999999792,-4.43501680589374));
#2640=CARTESIAN_POINT('Origin',(-76.7506856989104,-18.1124999999787,-8.43501680589375));
#2641=CARTESIAN_POINT('',(-76.7506856989104,-23.1999999999765,-4.43501680589374));
#2642=CARTESIAN_POINT('',(-76.7506856989104,-18.1124999999787,-4.43501680589374));
#2643=CARTESIAN_POINT('',(-75.7438314493245,-23.1999999999647,-4.56380969181541));
#2644=CARTESIAN_POINT('Origin',(-76.7506856989104,-23.199999999994,-8.43501680589375));
#2645=CARTESIAN_POINT('Ctrl Pts',(-75.7438314493245,-23.1999999999647,-4.56380969181541));
#2646=CARTESIAN_POINT('Ctrl Pts',(-75.4698566700039,-23.1999999999647,-4.63506722537262));
#2647=CARTESIAN_POINT('Ctrl Pts',(-75.1901651670848,-23.2589418831351,-4.74136158834789));
#2648=CARTESIAN_POINT('Ctrl Pts',(-74.6910594864454,-23.4778141767024,-4.99463126452868));
#2649=CARTESIAN_POINT('Ctrl Pts',(-74.4710693077398,-23.6372099380012,-5.14093246029819));
#2650=CARTESIAN_POINT('Ctrl Pts',(-74.1516563236403,-23.9711070791969,-5.38876550276855));
#2651=CARTESIAN_POINT('Ctrl Pts',(-74.0189685264949,-24.1609074183988,-5.50987972881691));
#2652=CARTESIAN_POINT('Ctrl Pts',(-73.9222585741643,-24.374244430513,-5.60658968114755));
#2653=CARTESIAN_POINT('Origin',(-69.0938314494181,-15.7499999999792,-4.43501680589374));
#2654=CARTESIAN_POINT('',(-79.2396683933486,-20.4384776309277,-4.43501680589243));
#2655=CARTESIAN_POINT('',(-78.6945673806631,-20.9835786436132,-4.43501680589375));
#2656=CARTESIAN_POINT('',(-78.2438314493828,-22.8426406870075,-4.43501680589243));
#2657=CARTESIAN_POINT('Origin',(-81.6438314493828,-22.842640686962,-4.43501680589376));
#2658=CARTESIAN_POINT('',(-78.2438314493876,-23.199999999994,-4.43501680589243));
#2659=CARTESIAN_POINT('',(-78.2438314493354,-19.2963203434321,-4.43501680589375));
#2660=CARTESIAN_POINT('',(-73.6688314493592,-23.1999999999404,-4.43501680589374));
#2661=CARTESIAN_POINT('Origin',(-69.0938314494181,-17.2499999999778,-6.43501680589374));
#2662=CARTESIAN_POINT('',(-79.2396683934693,-29.9615223688593,-6.43501680589375));
#2663=CARTESIAN_POINT('',(-73.5253285651146,-24.2471825407784,-6.43501680589375));
#2664=CARTESIAN_POINT('',(-78.2438314494459,-27.5573593128129,-6.43501680589375));
#2665=CARTESIAN_POINT('Origin',(-81.643831449446,-27.5573593127674,-6.43501680589377));
#2666=CARTESIAN_POINT('',(-78.2438314494412,-27.1999999999804,-6.43501680589375));
#2667=CARTESIAN_POINT('',(-78.2438314493746,-22.2249999999179,-6.43501680589375));
#2668=CARTESIAN_POINT('',(-75.7438314493245,-27.1999999999647,-6.43501680589375));
#2669=CARTESIAN_POINT('',(-72.41883144934,-27.1999999999438,-6.43501680589374));
#2670=CARTESIAN_POINT('Origin',(-75.7438314493245,-25.1999999999647,-6.43501680589375));
#2671=CARTESIAN_POINT('Origin',(-69.0938314494181,-17.2499999999778,-6.43501680589374));
#2672=CARTESIAN_POINT('',(-75.7438314493245,-23.1999999999647,-6.43501680589375));
#2673=CARTESIAN_POINT('Origin',(-75.7438314493245,-25.1999999999647,-6.43501680589375));
#2674=CARTESIAN_POINT('',(-78.2438314493876,-23.199999999994,-6.43501680589375));
#2675=CARTESIAN_POINT('',(-73.668831449368,-23.1999999999404,-6.43501680589375));
#2676=CARTESIAN_POINT('',(-78.2438314493828,-22.8426406870075,-6.43501680589375));
#2677=CARTESIAN_POINT('',(-78.2438314493454,-20.0463203434314,-6.43501680589375));
#2678=CARTESIAN_POINT('',(-79.2396683933486,-20.4384776309277,-6.43501680589375));
#2679=CARTESIAN_POINT('Origin',(-81.6438314493828,-22.842640686962,-6.43501680589377));
#2680=CARTESIAN_POINT('',(-78.3195673806635,-21.3585786436129,-6.43501680589375));
#2681=CARTESIAN_POINT('Origin',(-69.0938314494181,-17.2499999999778,-14.6146153717851));
#2682=CARTESIAN_POINT('Origin',(-75.7438314493245,-25.1999999999647,-4.43501680589242));
#2683=CARTESIAN_POINT('',(-75.7438314493245,-23.1999999999647,-4.43501680589242));
#2684=CARTESIAN_POINT('',(-75.7438314493245,-27.1999999999647,-4.43501680589242));
#2685=CARTESIAN_POINT('Origin',(-78.2438314493876,-23.199999999994,-4.43501680589243));
#2686=CARTESIAN_POINT('',(-78.2438314493876,-23.199999999994,-4.43501680589243));
#2687=CARTESIAN_POINT('Origin',(-78.2438314493828,-22.8426406870075,-4.43501680589243));
#2688=CARTESIAN_POINT('',(-78.2438314493828,-22.8426406870075,-4.43501680589243));
#2689=CARTESIAN_POINT('Origin',(-81.6438314493828,-22.842640686962,-4.43501680589243));
#2690=CARTESIAN_POINT('',(-79.2396683933486,-20.4384776309277,-4.43501680589243));
#2691=CARTESIAN_POINT('Origin',(-80.8781460244681,-18.799999999808,-4.43501680589243));
#2692=CARTESIAN_POINT('Origin',(-79.2396683934693,-29.9615223688593,-4.43501680589243));
#2693=CARTESIAN_POINT('',(-79.2396683934693,-29.9615223688593,-4.43501680589243));
#2694=CARTESIAN_POINT('Origin',(-81.643831449446,-27.5573593127674,-4.43501680589243));
#2695=CARTESIAN_POINT('',(-78.2438314494459,-27.5573593128129,-4.43501680589243));
#2696=CARTESIAN_POINT('Origin',(-78.2438314494412,-27.1999999999804,-4.43501680589243));
#2697=CARTESIAN_POINT('',(-78.2438314494412,-27.1999999999804,-4.43501680589243));
#2698=CARTESIAN_POINT('Origin',(-75.7438314493245,-27.1999999999647,-4.43501680589242));
#2699=UNCERTAINTY_MEASURE_WITH_UNIT(LENGTH_MEASURE(0.01),#2703,
'DISTANCE_ACCURACY_VALUE',
'Maximum model space distance between geometric entities at asserted c
onnectivities');
#2700=UNCERTAINTY_MEASURE_WITH_UNIT(LENGTH_MEASURE(0.01),#2703,
'DISTANCE_ACCURACY_VALUE',
'Maximum model space distance between geometric entities at asserted c
onnectivities');
#2701=(
GEOMETRIC_REPRESENTATION_CONTEXT(3)
GLOBAL_UNCERTAINTY_ASSIGNED_CONTEXT((#2699))
GLOBAL_UNIT_ASSIGNED_CONTEXT((#2703,#2705,#2706))
REPRESENTATION_CONTEXT('','3D')
);
#2702=(
GEOMETRIC_REPRESENTATION_CONTEXT(3)
GLOBAL_UNCERTAINTY_ASSIGNED_CONTEXT((#2700))
GLOBAL_UNIT_ASSIGNED_CONTEXT((#2703,#2705,#2706))
REPRESENTATION_CONTEXT('','3D')
);
#2703=(
LENGTH_UNIT()
NAMED_UNIT(*)
SI_UNIT(.MILLI.,.METRE.)
);
#2704=(
LENGTH_UNIT()
NAMED_UNIT(*)
SI_UNIT($,.METRE.)
);
#2705=(
NAMED_UNIT(*)
PLANE_ANGLE_UNIT()
SI_UNIT($,.RADIAN.)
);
#2706=(
NAMED_UNIT(*)
SI_UNIT($,.STERADIAN.)
SOLID_ANGLE_UNIT()
);
#2707=SHAPE_DEFINITION_REPRESENTATION(#2708,#2709);
#2708=PRODUCT_DEFINITION_SHAPE('',$,#2711);
#2709=SHAPE_REPRESENTATION('',(#1607),#2701);
#2710=PRODUCT_DEFINITION_CONTEXT('part definition',#2715,'design');
#2711=PRODUCT_DEFINITION('(Unsaved)','(Unsaved)',#2712,#2710);
#2712=PRODUCT_DEFINITION_FORMATION('',$,#2717);
#2713=PRODUCT_RELATED_PRODUCT_CATEGORY('(Unsaved)','(Unsaved)',(#2717));
#2714=APPLICATION_PROTOCOL_DEFINITION('international standard',
'automotive_design',2009,#2715);
#2715=APPLICATION_CONTEXT(
'Core Data for Automotive Mechanical Design Process');
#2716=PRODUCT_CONTEXT('part definition',#2715,'mechanical');
#2717=PRODUCT('(Unsaved)','(Unsaved)',$,(#2716));
#2718=PRESENTATION_STYLE_ASSIGNMENT((#2719));
#2719=SURFACE_STYLE_USAGE(.BOTH.,#2720);
#2720=SURFACE_SIDE_STYLE('',(#2721));
#2721=SURFACE_STYLE_FILL_AREA(#2722);
#2722=FILL_AREA_STYLE('Steel - Satin',(#2723));
#2723=FILL_AREA_STYLE_COLOUR('Steel - Satin',#2724);
#2724=COLOUR_RGB('Steel - Satin',0.627450980392157,0.627450980392157,0.627450980392157);
ENDSEC;
END-ISO-10303-21;
