ISO-10303-21;
HEADER;
/* Generated by software containing ST-Developer
 * from STEP Tools, Inc. (www.steptools.com) 
 */

FILE_DESCRIPTION(
/* description */ (''),
/* implementation_level */ '2;1');

FILE_NAME(
/* name */ 'shield-x6.step',
/* time_stamp */ '2026-09-30T23:19:27+03:00',
/* author */ (''),
/* organization */ (''),
/* preprocessor_version */ 'ST-DEVELOPER v20.1',
/* originating_system */ 'Autodesk Translation Framework v15.8.0.0',
/* authorisation */ '');

FILE_SCHEMA (('AUTOMOTIVE_DESIGN { 1 0 10303 214 3 1 1 }'));
ENDSEC;

DATA;
#10=MECHANICAL_DESIGN_GEOMETRIC_PRESENTATION_REPRESENTATION('',(#13),#3867);
#11=SHAPE_REPRESENTATION_RELATIONSHIP('SRR','None',#3874,#12);
#12=ADVANCED_BREP_SHAPE_REPRESENTATION('',(#14),#3866);
#13=STYLED_ITEM('',(#3883),#14);
#14=MANIFOLD_SOLID_BREP('shield-x6',#2201);
#15=(
BOUNDED_CURVE()
B_SPLINE_CURVE(2,(#3482,#3483,#3484),.UNSPECIFIED.,.F.,.F.)
B_SPLINE_CURVE_WITH_KNOTS((3,3),(0.958999185849011,1.31445112638987),
 .UNSPECIFIED.)
CURVE()
GEOMETRIC_REPRESENTATION_ITEM()
RATIONAL_B_SPLINE_CURVE((1.00080672818769,1.00055287052932,1.))
REPRESENTATION_ITEM('')
);
#16=(
BOUNDED_CURVE()
B_SPLINE_CURVE(2,(#3496,#3497,#3498),.UNSPECIFIED.,.F.,.F.)
B_SPLINE_CURVE_WITH_KNOTS((3,3),(0.,0.35545194054086),.UNSPECIFIED.)
CURVE()
GEOMETRIC_REPRESENTATION_ITEM()
RATIONAL_B_SPLINE_CURVE((1.,1.00055287052937,1.00080672818776))
REPRESENTATION_ITEM('')
);
#17=(
BOUNDED_CURVE()
B_SPLINE_CURVE(2,(#3732,#3733,#3734),.UNSPECIFIED.,.F.,.F.)
B_SPLINE_CURVE_WITH_KNOTS((3,3),(34.8454953569755,35.2286071631136),
 .UNSPECIFIED.)
CURVE()
GEOMETRIC_REPRESENTATION_ITEM()
RATIONAL_B_SPLINE_CURVE((1.66343026399324,1.65825713261502,1.65289005229193))
REPRESENTATION_ITEM('')
);
#18=(
BOUNDED_CURVE()
B_SPLINE_CURVE(2,(#3737,#3738,#3739),.UNSPECIFIED.,.F.,.F.)
B_SPLINE_CURVE_WITH_KNOTS((3,3),(14.025173056294,14.4082848624321),
 .UNSPECIFIED.)
CURVE()
GEOMETRIC_REPRESENTATION_ITEM()
RATIONAL_B_SPLINE_CURVE((1.65289005229192,1.658257132615,1.66343026399322))
REPRESENTATION_ITEM('')
);
#19=B_SPLINE_CURVE_WITH_KNOTS('',3,(#3128,#3129,#3130,#3131,#3132,#3133),
 .UNSPECIFIED.,.F.,.F.,(4,2,4),(3.78655497597684,3.82909096845071,3.84392748897523),
 .UNSPECIFIED.);
#20=B_SPLINE_CURVE_WITH_KNOTS('',3,(#3141,#3142,#3143,#3144,#3145,#3146),
 .UNSPECIFIED.,.F.,.F.,(4,2,4),(1.19972651260903,1.2571152218729,1.2579245364698),
 .UNSPECIFIED.);
#21=B_SPLINE_CURVE_WITH_KNOTS('',3,(#3180,#3181,#3182,#3183,#3184,#3185),
 .UNSPECIFIED.,.F.,.F.,(4,2,4),(1.82543473289934,1.86189561524566,1.91756459876801),
 .UNSPECIFIED.);
#22=B_SPLINE_CURVE_WITH_KNOTS('',3,(#3187,#3188,#3189,#3190,#3191,#3192),
 .UNSPECIFIED.,.F.,.F.,(4,2,4),(0.61007580962277,0.665744793145119,0.702205675491435),
 .UNSPECIFIED.);
#23=B_SPLINE_CURVE_WITH_KNOTS('',3,(#3198,#3199,#3200,#3201,#3202,#3203),
 .UNSPECIFIED.,.F.,.F.,(4,2,4),(3.80058892141147,3.85353030295166,3.86957857738566),
 .UNSPECIFIED.);
#24=B_SPLINE_CURVE_WITH_KNOTS('',3,(#3211,#3212,#3213,#3214,#3215,#3216),
 .UNSPECIFIED.,.F.,.F.,(4,2,4),(1.19970758719592,1.2565514722097,1.27010437495404),
 .UNSPECIFIED.);
#25=B_SPLINE_CURVE_WITH_KNOTS('',3,(#3524,#3525,#3526,#3527,#3528,#3529,
#3530,#3531),.UNSPECIFIED.,.F.,.F.,(4,2,2,4),(1.88492385221382,2.02861178743683,
2.46429347317059,2.56429424427008),.UNSPECIFIED.);
#26=B_SPLINE_CURVE_WITH_KNOTS('',3,(#3533,#3534,#3535,#3536),
 .UNSPECIFIED.,.F.,.F.,(4,4),(1.96993892204796,1.98099782139906),
 .UNSPECIFIED.);
#27=B_SPLINE_CURVE_WITH_KNOTS('',3,(#3598,#3599,#3600,#3601,#3602,#3603),
 .UNSPECIFIED.,.F.,.F.,(4,2,4),(-0.596210574480347,-0.497724982377191,-0.473500527089783),
 .UNSPECIFIED.);
#28=B_SPLINE_CURVE_WITH_KNOTS('',3,(#3605,#3606,#3607,#3608,#3609,#3610),
 .UNSPECIFIED.,.F.,.F.,(4,2,4),(0.359312573533226,0.394198160515948,0.434152097339767),
 .UNSPECIFIED.);
#29=B_SPLINE_CURVE_WITH_KNOTS('',3,(#3611,#3612,#3613,#3614,#3615,#3616),
 .UNSPECIFIED.,.F.,.F.,(4,2,4),(1.35608223106668,1.61075433305737,1.78304528871645),
 .UNSPECIFIED.);
#30=B_SPLINE_CURVE_WITH_KNOTS('',3,(#3625,#3626,#3627,#3628,#3629,#3630,
#3631,#3632),.UNSPECIFIED.,.F.,.F.,(4,2,2,4),(4.7609991031517,4.86099987425132,
5.29668155998508,5.4403694952081),.UNSPECIFIED.);
#31=B_SPLINE_CURVE_WITH_KNOTS('',3,(#3634,#3635,#3636,#3637,#3638,#3639),
 .UNSPECIFIED.,.F.,.F.,(4,2,4),(0.441636234578996,0.613927190238071,0.868599292228631),
 .UNSPECIFIED.);
#32=B_SPLINE_CURVE_WITH_KNOTS('',3,(#3641,#3642,#3643,#3644,#3645,#3646),
 .UNSPECIFIED.,.F.,.F.,(4,2,4),(2.2545259541869,2.31820229758115,2.33162905106945),
 .UNSPECIFIED.);
#33=B_SPLINE_CURVE_WITH_KNOTS('',3,(#3648,#3649,#3650,#3651,#3652,#3653),
 .UNSPECIFIED.,.F.,.F.,(4,2,4),(-0.965943093259356,-0.941718637971948,-0.84323304586879),
 .UNSPECIFIED.);
#34=B_SPLINE_CURVE_WITH_KNOTS('',3,(#3662,#3663,#3664,#3665),
 .UNSPECIFIED.,.F.,.F.,(4,4),(0.,0.0110588993509951),.UNSPECIFIED.);
#35=B_SPLINE_CURVE_WITH_KNOTS('',3,(#3671,#3672,#3673,#3674,#3675,#3676,
#3677,#3678),.UNSPECIFIED.,.F.,.F.,(4,2,2,4),(-0.85662395268254,-0.782995534868431,
-0.661788204273912,-0.628544908374798),.UNSPECIFIED.);
#36=B_SPLINE_CURVE_WITH_KNOTS('',3,(#3681,#3682,#3683,#3684,#3685,#3686,
#3687,#3688),.UNSPECIFIED.,.F.,.F.,(4,2,2,4),(0.628544908374799,0.661788204273913,
0.782995534868431,0.856623952682542),.UNSPECIFIED.);
#37=B_SPLINE_CURVE_WITH_KNOTS('',3,(#3703,#3704,#3705,#3706,#3707,#3708,
#3709,#3710),.UNSPECIFIED.,.F.,.F.,(4,2,2,4),(0.810554469858071,0.852319567831697,
1.00560957186425,1.15282178015831),.UNSPECIFIED.);
#38=B_SPLINE_CURVE_WITH_KNOTS('',3,(#3716,#3717,#3718,#3719,#3720,#3721,
#3722,#3723),.UNSPECIFIED.,.F.,.F.,(4,2,2,4),(0.161186465602576,0.312637363663625,
0.463720875653174,0.503390343558654),.UNSPECIFIED.);
#39=B_SPLINE_CURVE_WITH_KNOTS('',3,(#3750,#3751,#3752,#3753,#3754,#3755,
#3756,#3757),.UNSPECIFIED.,.F.,.F.,(4,2,2,4),(5.75573816594042,5.80212720720258,
6.27063301153824,6.7391388158739),.UNSPECIFIED.);
#40=B_SPLINE_CURVE_WITH_KNOTS('',3,(#3759,#3760,#3761,#3762),
 .UNSPECIFIED.,.F.,.F.,(4,4),(0.,0.0954901678725925),.UNSPECIFIED.);
#41=B_SPLINE_CURVE_WITH_KNOTS('',3,(#3773,#3774,#3775,#3776),
 .UNSPECIFIED.,.F.,.F.,(4,4),(6.39530194396218,6.49141445465721),
 .UNSPECIFIED.);
#42=B_SPLINE_CURVE_WITH_KNOTS('',3,(#3777,#3778,#3779,#3780,#3781,#3782,
#3783,#3784),.UNSPECIFIED.,.F.,.F.,(4,2,2,4),(0.,0.457044618184186,0.914089236368371,
0.993225030028341),.UNSPECIFIED.);
#43=B_SPLINE_CURVE_WITH_KNOTS('',3,(#3790,#3791,#3792,#3793,#3794,#3795),
 .UNSPECIFIED.,.F.,.F.,(4,2,4),(-3.58339704535047,-3.37216164803804,-2.95632959843627),
 .UNSPECIFIED.);
#44=B_SPLINE_CURVE_WITH_KNOTS('',3,(#3831,#3832,#3833,#3834,#3835,#3836),
 .UNSPECIFIED.,.F.,.F.,(4,2,4),(5.83463143738411,6.02249835222432,6.44945874970776),
 .UNSPECIFIED.);
#45=CYLINDRICAL_SURFACE('',#2223,1.15);
#46=CYLINDRICAL_SURFACE('',#2228,1.15);
#47=CYLINDRICAL_SURFACE('',#2231,8.);
#48=CYLINDRICAL_SURFACE('',#2236,6.);
#49=CYLINDRICAL_SURFACE('',#2243,6.);
#50=CYLINDRICAL_SURFACE('',#2247,8.);
#51=CYLINDRICAL_SURFACE('',#2253,6.);
#52=CYLINDRICAL_SURFACE('',#2262,13.5);
#53=CYLINDRICAL_SURFACE('',#2264,6.);
#54=CYLINDRICAL_SURFACE('',#2270,6.);
#55=CYLINDRICAL_SURFACE('',#2275,6.);
#56=CYLINDRICAL_SURFACE('',#2300,2.5);
#57=CYLINDRICAL_SURFACE('',#2310,2.5);
#58=CYLINDRICAL_SURFACE('',#2315,13.5);
#59=CYLINDRICAL_SURFACE('',#2321,1.);
#60=CYLINDRICAL_SURFACE('',#2324,1.);
#61=CYLINDRICAL_SURFACE('',#2340,18.5);
#62=CYLINDRICAL_SURFACE('',#2345,32.5);
#63=CYLINDRICAL_SURFACE('',#2348,12.);
#64=CYLINDRICAL_SURFACE('',#2354,12.);
#65=CYLINDRICAL_SURFACE('',#2359,18.5);
#66=CYLINDRICAL_SURFACE('',#2362,18.5);
#67=CYLINDRICAL_SURFACE('',#2365,18.5);
#68=CYLINDRICAL_SURFACE('',#2369,27.5);
#69=CYLINDRICAL_SURFACE('',#2374,27.5);
#70=CYLINDRICAL_SURFACE('',#2376,32.5);
#71=CYLINDRICAL_SURFACE('',#2378,4.);
#72=CYLINDRICAL_SURFACE('',#2380,4.);
#73=CYLINDRICAL_SURFACE('',#2386,4.);
#74=CYLINDRICAL_SURFACE('',#2387,4.);
#75=CYLINDRICAL_SURFACE('',#2394,5.5);
#76=CYLINDRICAL_SURFACE('',#2396,5.5);
#77=CYLINDRICAL_SURFACE('',#2399,29.);
#78=CYLINDRICAL_SURFACE('',#2410,17.);
#79=CYLINDRICAL_SURFACE('',#2414,34.);
#80=CYLINDRICAL_SURFACE('',#2416,17.);
#81=CYLINDRICAL_SURFACE('',#2417,17.);
#82=CYLINDRICAL_SURFACE('',#2420,17.);
#83=CYLINDRICAL_SURFACE('',#2424,29.);
#84=CYLINDRICAL_SURFACE('',#2426,34.);
#85=FACE_BOUND('',#335,.T.);
#86=FACE_BOUND('',#340,.T.);
#87=FACE_BOUND('',#369,.T.);
#88=FACE_BOUND('',#404,.T.);
#89=ELLIPSE('',#2219,24.4529249328334,13.5);
#90=ELLIPSE('',#2222,24.4529249328334,13.5);
#91=ELLIPSE('',#2232,12.5069532503838,8.);
#92=ELLIPSE('',#2233,12.5069532503838,8.);
#93=ELLIPSE('',#2234,11.3137084989847,8.);
#94=ELLIPSE('',#2235,11.3137084989847,8.);
#95=ELLIPSE('',#2237,6.55220587821725,6.);
#96=ELLIPSE('',#2246,6.55220587821725,6.);
#97=ELLIPSE('',#2248,9.86826813829978,8.);
#98=ELLIPSE('',#2249,11.3137084989848,8.);
#99=ELLIPSE('',#2250,11.3137084989848,8.);
#100=ELLIPSE('',#2251,9.86826813829978,8.);
#101=ELLIPSE('',#2256,6.62026751377496,6.);
#102=ELLIPSE('',#2258,21.0322746386056,17.);
#103=ELLIPSE('',#2259,40.8464831833727,29.);
#104=ELLIPSE('',#2261,29.0354812530744,17.);
#105=ELLIPSE('',#2263,24.4529249328333,13.5);
#106=ELLIPSE('',#2265,6.62026751377496,6.);
#107=ELLIPSE('',#2286,4.72720754833222,1.);
#108=ELLIPSE('',#2291,11.8180188708305,2.5);
#109=ELLIPSE('',#2294,15.6981740309547,12.);
#110=ELLIPSE('',#2295,22.8880635773061,18.5);
#111=ELLIPSE('',#2296,38.7337340531982,27.5);
#112=ELLIPSE('',#2298,40.8464831833727,29.);
#113=ELLIPSE('',#2299,21.0322746386056,17.);
#114=ELLIPSE('',#2301,11.8180188708304,2.5);
#115=ELLIPSE('',#2303,11.8180188708305,2.5);
#116=ELLIPSE('',#2308,4.7272075483322,1.);
#117=ELLIPSE('',#2311,11.8180188708305,2.5);
#118=ELLIPSE('',#2313,24.4529249328333,13.5);
#119=ELLIPSE('',#2317,29.0354812530744,17.);
#120=ELLIPSE('',#2322,4.7272075483322,1.);
#121=ELLIPSE('',#2325,4.72720754833217,1.);
#122=ELLIPSE('',#2339,21.7359332736296,12.);
#123=ELLIPSE('',#2341,31.5974354812868,18.5);
#124=ELLIPSE('',#2342,19.4560062919898,18.5);
#125=ELLIPSE('',#2343,31.5974354812868,18.5);
#126=ELLIPSE('',#2346,55.5090082779363,32.5);
#127=ELLIPSE('',#2347,50.561024372964,32.5);
#128=ELLIPSE('',#2349,21.7359332736296,12.);
#129=ELLIPSE('',#2350,21.7359332736296,12.);
#130=ELLIPSE('',#2353,31.5974354812868,18.5);
#131=ELLIPSE('',#2355,21.7359332736296,12.);
#132=ELLIPSE('',#2356,15.6981740309547,12.);
#133=ELLIPSE('',#2360,22.8880635773061,18.5);
#134=ELLIPSE('',#2363,31.5974354812868,18.5);
#135=ELLIPSE('',#2364,19.4560062919898,18.5);
#136=ELLIPSE('',#2368,55.5090082779363,32.5);
#137=ELLIPSE('',#2370,38.7337340531982,27.5);
#138=ELLIPSE('',#2371,38.7337340531982,27.5);
#139=ELLIPSE('',#2375,38.7337340531982,27.5);
#140=ELLIPSE('',#2377,50.561024372964,32.5);
#141=ELLIPSE('',#2379,4.16769255394818,4.);
#142=ELLIPSE('',#2381,4.16769255394818,4.);
#143=ELLIPSE('',#2389,5.73057726167874,5.5);
#144=ELLIPSE('',#2390,52.8946101132546,34.);
#145=ELLIPSE('',#2392,52.8946101132546,34.);
#146=ELLIPSE('',#2393,5.73057726167874,5.5);
#147=ELLIPSE('',#2395,13.6879901784126,5.5);
#148=ELLIPSE('',#2397,13.6879901784126,5.5);
#149=ELLIPSE('',#2411,29.0354812530743,17.);
#150=ELLIPSE('',#2412,17.878492268315,17.);
#151=ELLIPSE('',#2415,58.0709625061487,34.);
#152=ELLIPSE('',#2418,17.878492268315,17.);
#153=ELLIPSE('',#2419,29.0354812530744,17.);
#154=ELLIPSE('',#2423,58.0709625061487,34.);
#155=PLANE('',#2218);
#156=PLANE('',#2230);
#157=PLANE('',#2240);
#158=PLANE('',#2241);
#159=PLANE('',#2242);
#160=PLANE('',#2252);
#161=PLANE('',#2257);
#162=PLANE('',#2260);
#163=PLANE('',#2268);
#164=PLANE('',#2269);
#165=PLANE('',#2273);
#166=PLANE('',#2274);
#167=PLANE('',#2278);
#168=PLANE('',#2279);
#169=PLANE('',#2280);
#170=PLANE('',#2281);
#171=PLANE('',#2282);
#172=PLANE('',#2283);
#173=PLANE('',#2284);
#174=PLANE('',#2285);
#175=PLANE('',#2292);
#176=PLANE('',#2293);
#177=PLANE('',#2297);
#178=PLANE('',#2302);
#179=PLANE('',#2309);
#180=PLANE('',#2312);
#181=PLANE('',#2314);
#182=PLANE('',#2316);
#183=PLANE('',#2318);
#184=PLANE('',#2319);
#185=PLANE('',#2320);
#186=PLANE('',#2323);
#187=PLANE('',#2326);
#188=PLANE('',#2327);
#189=PLANE('',#2330);
#190=PLANE('',#2335);
#191=PLANE('',#2338);
#192=PLANE('',#2344);
#193=PLANE('',#2351);
#194=PLANE('',#2352);
#195=PLANE('',#2357);
#196=PLANE('',#2358);
#197=PLANE('',#2361);
#198=PLANE('',#2366);
#199=PLANE('',#2367);
#200=PLANE('',#2372);
#201=PLANE('',#2373);
#202=PLANE('',#2382);
#203=PLANE('',#2383);
#204=PLANE('',#2384);
#205=PLANE('',#2385);
#206=PLANE('',#2388);
#207=PLANE('',#2391);
#208=PLANE('',#2398);
#209=PLANE('',#2402);
#210=PLANE('',#2407);
#211=PLANE('',#2413);
#212=PLANE('',#2421);
#213=PLANE('',#2422);
#214=PLANE('',#2425);
#215=PLANE('',#2427);
#216=PLANE('',#2428);
#217=PLANE('',#2429);
#218=PLANE('',#2430);
#219=FACE_OUTER_BOUND('',#333,.T.);
#220=FACE_OUTER_BOUND('',#334,.T.);
#221=FACE_OUTER_BOUND('',#336,.T.);
#222=FACE_OUTER_BOUND('',#337,.T.);
#223=FACE_OUTER_BOUND('',#338,.T.);
#224=FACE_OUTER_BOUND('',#339,.T.);
#225=FACE_OUTER_BOUND('',#341,.T.);
#226=FACE_OUTER_BOUND('',#342,.T.);
#227=FACE_OUTER_BOUND('',#343,.T.);
#228=FACE_OUTER_BOUND('',#344,.T.);
#229=FACE_OUTER_BOUND('',#345,.T.);
#230=FACE_OUTER_BOUND('',#346,.T.);
#231=FACE_OUTER_BOUND('',#347,.T.);
#232=FACE_OUTER_BOUND('',#348,.T.);
#233=FACE_OUTER_BOUND('',#349,.T.);
#234=FACE_OUTER_BOUND('',#350,.T.);
#235=FACE_OUTER_BOUND('',#351,.T.);
#236=FACE_OUTER_BOUND('',#352,.T.);
#237=FACE_OUTER_BOUND('',#353,.T.);
#238=FACE_OUTER_BOUND('',#354,.T.);
#239=FACE_OUTER_BOUND('',#355,.T.);
#240=FACE_OUTER_BOUND('',#356,.T.);
#241=FACE_OUTER_BOUND('',#357,.T.);
#242=FACE_OUTER_BOUND('',#358,.T.);
#243=FACE_OUTER_BOUND('',#359,.T.);
#244=FACE_OUTER_BOUND('',#360,.T.);
#245=FACE_OUTER_BOUND('',#361,.T.);
#246=FACE_OUTER_BOUND('',#362,.T.);
#247=FACE_OUTER_BOUND('',#363,.T.);
#248=FACE_OUTER_BOUND('',#364,.T.);
#249=FACE_OUTER_BOUND('',#365,.T.);
#250=FACE_OUTER_BOUND('',#366,.T.);
#251=FACE_OUTER_BOUND('',#367,.T.);
#252=FACE_OUTER_BOUND('',#368,.T.);
#253=FACE_OUTER_BOUND('',#370,.T.);
#254=FACE_OUTER_BOUND('',#371,.T.);
#255=FACE_OUTER_BOUND('',#372,.T.);
#256=FACE_OUTER_BOUND('',#373,.T.);
#257=FACE_OUTER_BOUND('',#374,.T.);
#258=FACE_OUTER_BOUND('',#375,.T.);
#259=FACE_OUTER_BOUND('',#376,.T.);
#260=FACE_OUTER_BOUND('',#377,.T.);
#261=FACE_OUTER_BOUND('',#378,.T.);
#262=FACE_OUTER_BOUND('',#379,.T.);
#263=FACE_OUTER_BOUND('',#380,.T.);
#264=FACE_OUTER_BOUND('',#381,.T.);
#265=FACE_OUTER_BOUND('',#382,.T.);
#266=FACE_OUTER_BOUND('',#383,.T.);
#267=FACE_OUTER_BOUND('',#384,.T.);
#268=FACE_OUTER_BOUND('',#385,.T.);
#269=FACE_OUTER_BOUND('',#386,.T.);
#270=FACE_OUTER_BOUND('',#387,.T.);
#271=FACE_OUTER_BOUND('',#388,.T.);
#272=FACE_OUTER_BOUND('',#389,.T.);
#273=FACE_OUTER_BOUND('',#390,.T.);
#274=FACE_OUTER_BOUND('',#391,.T.);
#275=FACE_OUTER_BOUND('',#392,.T.);
#276=FACE_OUTER_BOUND('',#393,.T.);
#277=FACE_OUTER_BOUND('',#394,.T.);
#278=FACE_OUTER_BOUND('',#395,.T.);
#279=FACE_OUTER_BOUND('',#396,.T.);
#280=FACE_OUTER_BOUND('',#397,.T.);
#281=FACE_OUTER_BOUND('',#398,.T.);
#282=FACE_OUTER_BOUND('',#399,.T.);
#283=FACE_OUTER_BOUND('',#400,.T.);
#284=FACE_OUTER_BOUND('',#401,.T.);
#285=FACE_OUTER_BOUND('',#402,.T.);
#286=FACE_OUTER_BOUND('',#403,.T.);
#287=FACE_OUTER_BOUND('',#405,.T.);
#288=FACE_OUTER_BOUND('',#406,.T.);
#289=FACE_OUTER_BOUND('',#407,.T.);
#290=FACE_OUTER_BOUND('',#408,.T.);
#291=FACE_OUTER_BOUND('',#409,.T.);
#292=FACE_OUTER_BOUND('',#410,.T.);
#293=FACE_OUTER_BOUND('',#411,.T.);
#294=FACE_OUTER_BOUND('',#412,.T.);
#295=FACE_OUTER_BOUND('',#413,.T.);
#296=FACE_OUTER_BOUND('',#414,.T.);
#297=FACE_OUTER_BOUND('',#415,.T.);
#298=FACE_OUTER_BOUND('',#416,.T.);
#299=FACE_OUTER_BOUND('',#417,.T.);
#300=FACE_OUTER_BOUND('',#418,.T.);
#301=FACE_OUTER_BOUND('',#419,.T.);
#302=FACE_OUTER_BOUND('',#420,.T.);
#303=FACE_OUTER_BOUND('',#421,.T.);
#304=FACE_OUTER_BOUND('',#422,.T.);
#305=FACE_OUTER_BOUND('',#423,.T.);
#306=FACE_OUTER_BOUND('',#424,.T.);
#307=FACE_OUTER_BOUND('',#425,.T.);
#308=FACE_OUTER_BOUND('',#426,.T.);
#309=FACE_OUTER_BOUND('',#427,.T.);
#310=FACE_OUTER_BOUND('',#428,.T.);
#311=FACE_OUTER_BOUND('',#429,.T.);
#312=FACE_OUTER_BOUND('',#430,.T.);
#313=FACE_OUTER_BOUND('',#431,.T.);
#314=FACE_OUTER_BOUND('',#432,.T.);
#315=FACE_OUTER_BOUND('',#433,.T.);
#316=FACE_OUTER_BOUND('',#434,.T.);
#317=FACE_OUTER_BOUND('',#435,.T.);
#318=FACE_OUTER_BOUND('',#436,.T.);
#319=FACE_OUTER_BOUND('',#437,.T.);
#320=FACE_OUTER_BOUND('',#438,.T.);
#321=FACE_OUTER_BOUND('',#439,.T.);
#322=FACE_OUTER_BOUND('',#440,.T.);
#323=FACE_OUTER_BOUND('',#441,.T.);
#324=FACE_OUTER_BOUND('',#442,.T.);
#325=FACE_OUTER_BOUND('',#443,.T.);
#326=FACE_OUTER_BOUND('',#444,.T.);
#327=FACE_OUTER_BOUND('',#445,.T.);
#328=FACE_OUTER_BOUND('',#446,.T.);
#329=FACE_OUTER_BOUND('',#447,.T.);
#330=FACE_OUTER_BOUND('',#448,.T.);
#331=FACE_OUTER_BOUND('',#449,.T.);
#332=FACE_OUTER_BOUND('',#450,.T.);
#333=EDGE_LOOP('',(#1421,#1422,#1423,#1424));
#334=EDGE_LOOP('',(#1425,#1426,#1427,#1428,#1429,#1430,#1431,#1432,#1433,
#1434,#1435,#1436,#1437,#1438));
#335=EDGE_LOOP('',(#1439));
#336=EDGE_LOOP('',(#1440,#1441,#1442,#1443));
#337=EDGE_LOOP('',(#1444,#1445,#1446,#1447));
#338=EDGE_LOOP('',(#1448,#1449,#1450,#1451));
#339=EDGE_LOOP('',(#1452,#1453,#1454,#1455));
#340=EDGE_LOOP('',(#1456));
#341=EDGE_LOOP('',(#1457,#1458,#1459,#1460,#1461,#1462,#1463,#1464,#1465,
#1466));
#342=EDGE_LOOP('',(#1467,#1468,#1469,#1470,#1471,#1472));
#343=EDGE_LOOP('',(#1473,#1474,#1475,#1476));
#344=EDGE_LOOP('',(#1477,#1478,#1479,#1480));
#345=EDGE_LOOP('',(#1481,#1482,#1483,#1484));
#346=EDGE_LOOP('',(#1485,#1486,#1487,#1488,#1489,#1490));
#347=EDGE_LOOP('',(#1491,#1492,#1493,#1494,#1495,#1496,#1497,#1498,#1499,
#1500,#1501,#1502));
#348=EDGE_LOOP('',(#1503,#1504,#1505,#1506));
#349=EDGE_LOOP('',(#1507,#1508,#1509,#1510,#1511,#1512));
#350=EDGE_LOOP('',(#1513,#1514,#1515,#1516,#1517,#1518,#1519,#1520,#1521,
#1522));
#351=EDGE_LOOP('',(#1523,#1524,#1525,#1526,#1527,#1528));
#352=EDGE_LOOP('',(#1529,#1530,#1531,#1532,#1533));
#353=EDGE_LOOP('',(#1534,#1535,#1536,#1537,#1538,#1539));
#354=EDGE_LOOP('',(#1540,#1541,#1542,#1543));
#355=EDGE_LOOP('',(#1544,#1545,#1546,#1547));
#356=EDGE_LOOP('',(#1548,#1549,#1550,#1551,#1552));
#357=EDGE_LOOP('',(#1553,#1554,#1555,#1556));
#358=EDGE_LOOP('',(#1557,#1558,#1559,#1560));
#359=EDGE_LOOP('',(#1561,#1562,#1563,#1564,#1565));
#360=EDGE_LOOP('',(#1566,#1567,#1568,#1569));
#361=EDGE_LOOP('',(#1570,#1571,#1572,#1573));
#362=EDGE_LOOP('',(#1574,#1575,#1576,#1577));
#363=EDGE_LOOP('',(#1578,#1579,#1580,#1581));
#364=EDGE_LOOP('',(#1582,#1583,#1584,#1585));
#365=EDGE_LOOP('',(#1586,#1587,#1588,#1589));
#366=EDGE_LOOP('',(#1590,#1591,#1592,#1593));
#367=EDGE_LOOP('',(#1594,#1595,#1596,#1597,#1598,#1599,#1600,#1601,#1602,
#1603,#1604,#1605,#1606,#1607,#1608,#1609));
#368=EDGE_LOOP('',(#1610,#1611,#1612,#1613,#1614,#1615,#1616,#1617,#1618,
#1619));
#369=EDGE_LOOP('',(#1620));
#370=EDGE_LOOP('',(#1621,#1622,#1623,#1624,#1625,#1626,#1627,#1628,#1629,
#1630,#1631));
#371=EDGE_LOOP('',(#1632,#1633,#1634,#1635,#1636,#1637,#1638,#1639,#1640,
#1641));
#372=EDGE_LOOP('',(#1642,#1643,#1644,#1645));
#373=EDGE_LOOP('',(#1646,#1647,#1648,#1649,#1650,#1651,#1652,#1653,#1654,
#1655,#1656,#1657,#1658,#1659,#1660,#1661));
#374=EDGE_LOOP('',(#1662,#1663,#1664,#1665,#1666));
#375=EDGE_LOOP('',(#1667,#1668,#1669,#1670));
#376=EDGE_LOOP('',(#1671,#1672,#1673,#1674,#1675,#1676));
#377=EDGE_LOOP('',(#1677,#1678,#1679,#1680,#1681));
#378=EDGE_LOOP('',(#1682,#1683,#1684,#1685,#1686));
#379=EDGE_LOOP('',(#1687,#1688,#1689,#1690,#1691,#1692));
#380=EDGE_LOOP('',(#1693,#1694,#1695,#1696,#1697,#1698));
#381=EDGE_LOOP('',(#1699,#1700,#1701,#1702));
#382=EDGE_LOOP('',(#1703,#1704,#1705,#1706));
#383=EDGE_LOOP('',(#1707,#1708,#1709,#1710));
#384=EDGE_LOOP('',(#1711,#1712,#1713,#1714,#1715,#1716));
#385=EDGE_LOOP('',(#1717,#1718,#1719,#1720));
#386=EDGE_LOOP('',(#1721,#1722,#1723,#1724));
#387=EDGE_LOOP('',(#1725,#1726,#1727,#1728));
#388=EDGE_LOOP('',(#1729,#1730,#1731,#1732));
#389=EDGE_LOOP('',(#1733,#1734,#1735,#1736));
#390=EDGE_LOOP('',(#1737,#1738,#1739,#1740));
#391=EDGE_LOOP('',(#1741,#1742,#1743,#1744));
#392=EDGE_LOOP('',(#1745,#1746,#1747,#1748));
#393=EDGE_LOOP('',(#1749,#1750,#1751,#1752));
#394=EDGE_LOOP('',(#1753,#1754,#1755,#1756,#1757,#1758));
#395=EDGE_LOOP('',(#1759,#1760,#1761,#1762,#1763,#1764));
#396=EDGE_LOOP('',(#1765,#1766,#1767,#1768));
#397=EDGE_LOOP('',(#1769,#1770,#1771,#1772,#1773,#1774,#1775));
#398=EDGE_LOOP('',(#1776,#1777,#1778,#1779,#1780));
#399=EDGE_LOOP('',(#1781,#1782,#1783,#1784,#1785,#1786));
#400=EDGE_LOOP('',(#1787,#1788,#1789,#1790,#1791));
#401=EDGE_LOOP('',(#1792,#1793,#1794,#1795,#1796));
#402=EDGE_LOOP('',(#1797,#1798,#1799,#1800,#1801,#1802));
#403=EDGE_LOOP('',(#1803,#1804,#1805,#1806,#1807,#1808,#1809,#1810,#1811,
#1812,#1813,#1814,#1815,#1816,#1817,#1818));
#404=EDGE_LOOP('',(#1819));
#405=EDGE_LOOP('',(#1820,#1821,#1822,#1823));
#406=EDGE_LOOP('',(#1824,#1825,#1826,#1827,#1828));
#407=EDGE_LOOP('',(#1829,#1830,#1831,#1832,#1833,#1834));
#408=EDGE_LOOP('',(#1835,#1836,#1837,#1838));
#409=EDGE_LOOP('',(#1839,#1840,#1841,#1842));
#410=EDGE_LOOP('',(#1843,#1844,#1845,#1846,#1847,#1848));
#411=EDGE_LOOP('',(#1849,#1850,#1851,#1852,#1853,#1854,#1855,#1856));
#412=EDGE_LOOP('',(#1857,#1858,#1859,#1860,#1861,#1862,#1863,#1864,#1865,
#1866,#1867));
#413=EDGE_LOOP('',(#1868,#1869,#1870,#1871));
#414=EDGE_LOOP('',(#1872,#1873,#1874,#1875,#1876,#1877,#1878,#1879));
#415=EDGE_LOOP('',(#1880,#1881,#1882,#1883,#1884,#1885,#1886));
#416=EDGE_LOOP('',(#1887,#1888,#1889,#1890,#1891,#1892));
#417=EDGE_LOOP('',(#1893,#1894,#1895,#1896,#1897,#1898));
#418=EDGE_LOOP('',(#1899,#1900,#1901));
#419=EDGE_LOOP('',(#1902,#1903,#1904));
#420=EDGE_LOOP('',(#1905,#1906,#1907,#1908,#1909,#1910));
#421=EDGE_LOOP('',(#1911,#1912,#1913,#1914));
#422=EDGE_LOOP('',(#1915,#1916,#1917,#1918,#1919));
#423=EDGE_LOOP('',(#1920,#1921,#1922,#1923,#1924));
#424=EDGE_LOOP('',(#1925,#1926,#1927,#1928,#1929,#1930,#1931,#1932,#1933,
#1934));
#425=EDGE_LOOP('',(#1935,#1936,#1937,#1938,#1939,#1940,#1941,#1942,#1943,
#1944));
#426=EDGE_LOOP('',(#1945,#1946,#1947,#1948,#1949,#1950,#1951));
#427=EDGE_LOOP('',(#1952,#1953,#1954,#1955,#1956,#1957,#1958));
#428=EDGE_LOOP('',(#1959,#1960,#1961,#1962,#1963,#1964,#1965,#1966,#1967,
#1968,#1969,#1970));
#429=EDGE_LOOP('',(#1971,#1972,#1973,#1974,#1975));
#430=EDGE_LOOP('',(#1976,#1977,#1978,#1979));
#431=EDGE_LOOP('',(#1980,#1981,#1982,#1983));
#432=EDGE_LOOP('',(#1984,#1985,#1986,#1987));
#433=EDGE_LOOP('',(#1988,#1989,#1990,#1991));
#434=EDGE_LOOP('',(#1992,#1993,#1994,#1995));
#435=EDGE_LOOP('',(#1996,#1997,#1998,#1999));
#436=EDGE_LOOP('',(#2000,#2001,#2002,#2003,#2004,#2005));
#437=EDGE_LOOP('',(#2006,#2007,#2008,#2009));
#438=EDGE_LOOP('',(#2010,#2011,#2012,#2013,#2014,#2015,#2016));
#439=EDGE_LOOP('',(#2017,#2018,#2019,#2020));
#440=EDGE_LOOP('',(#2021,#2022,#2023,#2024,#2025,#2026));
#441=EDGE_LOOP('',(#2027,#2028,#2029,#2030));
#442=EDGE_LOOP('',(#2031,#2032,#2033,#2034));
#443=EDGE_LOOP('',(#2035,#2036,#2037,#2038,#2039,#2040));
#444=EDGE_LOOP('',(#2041,#2042,#2043,#2044,#2045));
#445=EDGE_LOOP('',(#2046,#2047,#2048,#2049,#2050,#2051));
#446=EDGE_LOOP('',(#2052,#2053,#2054,#2055,#2056,#2057,#2058));
#447=EDGE_LOOP('',(#2059,#2060,#2061));
#448=EDGE_LOOP('',(#2062,#2063,#2064));
#449=EDGE_LOOP('',(#2065,#2066,#2067,#2068,#2069,#2070));
#450=EDGE_LOOP('',(#2071,#2072,#2073,#2074,#2075,#2076));
#451=LINE('',#3066,#647);
#452=LINE('',#3071,#648);
#453=LINE('',#3075,#649);
#454=LINE('',#3077,#650);
#455=LINE('',#3079,#651);
#456=LINE('',#3083,#652);
#457=LINE('',#3085,#653);
#458=LINE('',#3087,#654);
#459=LINE('',#3091,#655);
#460=LINE('',#3093,#656);
#461=LINE('',#3095,#657);
#462=LINE('',#3100,#658);
#463=LINE('',#3105,#659);
#464=LINE('',#3110,#660);
#465=LINE('',#3114,#661);
#466=LINE('',#3116,#662);
#467=LINE('',#3118,#663);
#468=LINE('',#3119,#664);
#469=LINE('',#3126,#665);
#470=LINE('',#3137,#666);
#471=LINE('',#3147,#667);
#472=LINE('',#3150,#668);
#473=LINE('',#3156,#669);
#474=LINE('',#3160,#670);
#475=LINE('',#3161,#671);
#476=LINE('',#3164,#672);
#477=LINE('',#3165,#673);
#478=LINE('',#3168,#674);
#479=LINE('',#3169,#675);
#480=LINE('',#3174,#676);
#481=LINE('',#3196,#677);
#482=LINE('',#3207,#678);
#483=LINE('',#3218,#679);
#484=LINE('',#3222,#680);
#485=LINE('',#3224,#681);
#486=LINE('',#3225,#682);
#487=LINE('',#3230,#683);
#488=LINE('',#3235,#684);
#489=LINE('',#3237,#685);
#490=LINE('',#3241,#686);
#491=LINE('',#3244,#687);
#492=LINE('',#3247,#688);
#493=LINE('',#3249,#689);
#494=LINE('',#3252,#690);
#495=LINE('',#3255,#691);
#496=LINE('',#3259,#692);
#497=LINE('',#3265,#693);
#498=LINE('',#3268,#694);
#499=LINE('',#3269,#695);
#500=LINE('',#3271,#696);
#501=LINE('',#3276,#697);
#502=LINE('',#3278,#698);
#503=LINE('',#3282,#699);
#504=LINE('',#3283,#700);
#505=LINE('',#3286,#701);
#506=LINE('',#3287,#702);
#507=LINE('',#3294,#703);
#508=LINE('',#3295,#704);
#509=LINE('',#3298,#705);
#510=LINE('',#3300,#706);
#511=LINE('',#3301,#707);
#512=LINE('',#3303,#708);
#513=LINE('',#3306,#709);
#514=LINE('',#3307,#710);
#515=LINE('',#3309,#711);
#516=LINE('',#3312,#712);
#517=LINE('',#3313,#713);
#518=LINE('',#3316,#714);
#519=LINE('',#3317,#715);
#520=LINE('',#3319,#716);
#521=LINE('',#3322,#717);
#522=LINE('',#3326,#718);
#523=LINE('',#3330,#719);
#524=LINE('',#3334,#720);
#525=LINE('',#3338,#721);
#526=LINE('',#3342,#722);
#527=LINE('',#3345,#723);
#528=LINE('',#3348,#724);
#529=LINE('',#3350,#725);
#530=LINE('',#3352,#726);
#531=LINE('',#3354,#727);
#532=LINE('',#3355,#728);
#533=LINE('',#3358,#729);
#534=LINE('',#3362,#730);
#535=LINE('',#3366,#731);
#536=LINE('',#3369,#732);
#537=LINE('',#3372,#733);
#538=LINE('',#3376,#734);
#539=LINE('',#3379,#735);
#540=LINE('',#3384,#736);
#541=LINE('',#3385,#737);
#542=LINE('',#3388,#738);
#543=LINE('',#3392,#739);
#544=LINE('',#3396,#740);
#545=LINE('',#3400,#741);
#546=LINE('',#3404,#742);
#547=LINE('',#3408,#743);
#548=LINE('',#3411,#744);
#549=LINE('',#3413,#745);
#550=LINE('',#3416,#746);
#551=LINE('',#3419,#747);
#552=LINE('',#3422,#748);
#553=LINE('',#3426,#749);
#554=LINE('',#3428,#750);
#555=LINE('',#3429,#751);
#556=LINE('',#3431,#752);
#557=LINE('',#3433,#753);
#558=LINE('',#3436,#754);
#559=LINE('',#3440,#755);
#560=LINE('',#3441,#756);
#561=LINE('',#3443,#757);
#562=LINE('',#3445,#758);
#563=LINE('',#3450,#759);
#564=LINE('',#3451,#760);
#565=LINE('',#3454,#761);
#566=LINE('',#3456,#762);
#567=LINE('',#3457,#763);
#568=LINE('',#3460,#764);
#569=LINE('',#3463,#765);
#570=LINE('',#3466,#766);
#571=LINE('',#3467,#767);
#572=LINE('',#3470,#768);
#573=LINE('',#3471,#769);
#574=LINE('',#3474,#770);
#575=LINE('',#3478,#771);
#576=LINE('',#3479,#772);
#577=LINE('',#3488,#773);
#578=LINE('',#3492,#774);
#579=LINE('',#3493,#775);
#580=LINE('',#3502,#776);
#581=LINE('',#3506,#777);
#582=LINE('',#3507,#778);
#583=LINE('',#3515,#779);
#584=LINE('',#3518,#780);
#585=LINE('',#3519,#781);
#586=LINE('',#3538,#782);
#587=LINE('',#3543,#783);
#588=LINE('',#3547,#784);
#589=LINE('',#3548,#785);
#590=LINE('',#3552,#786);
#591=LINE('',#3559,#787);
#592=LINE('',#3560,#788);
#593=LINE('',#3562,#789);
#594=LINE('',#3564,#790);
#595=LINE('',#3569,#791);
#596=LINE('',#3570,#792);
#597=LINE('',#3572,#793);
#598=LINE('',#3575,#794);
#599=LINE('',#3580,#795);
#600=LINE('',#3583,#796);
#601=LINE('',#3584,#797);
#602=LINE('',#3588,#798);
#603=LINE('',#3594,#799);
#604=LINE('',#3617,#800);
#605=LINE('',#3619,#801);
#606=LINE('',#3620,#802);
#607=LINE('',#3622,#803);
#608=LINE('',#3656,#804);
#609=LINE('',#3661,#805);
#610=LINE('',#3668,#806);
#611=LINE('',#3691,#807);
#612=LINE('',#3693,#808);
#613=LINE('',#3695,#809);
#614=LINE('',#3698,#810);
#615=LINE('',#3701,#811);
#616=LINE('',#3711,#812);
#617=LINE('',#3714,#813);
#618=LINE('',#3724,#814);
#619=LINE('',#3729,#815);
#620=LINE('',#3743,#816);
#621=LINE('',#3748,#817);
#622=LINE('',#3763,#818);
#623=LINE('',#3768,#819);
#624=LINE('',#3771,#820);
#625=LINE('',#3786,#821);
#626=LINE('',#3787,#822);
#627=LINE('',#3796,#823);
#628=LINE('',#3797,#824);
#629=LINE('',#3801,#825);
#630=LINE('',#3804,#826);
#631=LINE('',#3805,#827);
#632=LINE('',#3810,#828);
#633=LINE('',#3814,#829);
#634=LINE('',#3815,#830);
#635=LINE('',#3820,#831);
#636=LINE('',#3826,#832);
#637=LINE('',#3827,#833);
#638=LINE('',#3829,#834);
#639=LINE('',#3839,#835);
#640=LINE('',#3845,#836);
#641=LINE('',#3847,#837);
#642=LINE('',#3850,#838);
#643=LINE('',#3851,#839);
#644=LINE('',#3855,#840);
#645=LINE('',#3856,#841);
#646=LINE('',#3859,#842);
#647=VECTOR('',#2437,1.85);
#648=VECTOR('',#2442,10.);
#649=VECTOR('',#2445,10.);
#650=VECTOR('',#2446,10.);
#651=VECTOR('',#2447,10.);
#652=VECTOR('',#2450,10.);
#653=VECTOR('',#2451,10.);
#654=VECTOR('',#2452,10.);
#655=VECTOR('',#2455,10.);
#656=VECTOR('',#2456,10.);
#657=VECTOR('',#2457,10.);
#658=VECTOR('',#2464,1.15);
#659=VECTOR('',#2469,1.85);
#660=VECTOR('',#2476,1.15);
#661=VECTOR('',#2479,10.);
#662=VECTOR('',#2480,10.);
#663=VECTOR('',#2481,10.);
#664=VECTOR('',#2482,10.);
#665=VECTOR('',#2489,10.);
#666=VECTOR('',#2492,10.);
#667=VECTOR('',#2495,10.);
#668=VECTOR('',#2498,10.);
#669=VECTOR('',#2503,10.);
#670=VECTOR('',#2508,10.);
#671=VECTOR('',#2509,10.);
#672=VECTOR('',#2512,10.);
#673=VECTOR('',#2513,10.);
#674=VECTOR('',#2516,10.);
#675=VECTOR('',#2517,10.);
#676=VECTOR('',#2522,10.);
#677=VECTOR('',#2531,10.);
#678=VECTOR('',#2534,10.);
#679=VECTOR('',#2537,10.);
#680=VECTOR('',#2542,10.);
#681=VECTOR('',#2543,10.);
#682=VECTOR('',#2544,10.);
#683=VECTOR('',#2549,10.);
#684=VECTOR('',#2556,10.);
#685=VECTOR('',#2557,10.);
#686=VECTOR('',#2560,10.);
#687=VECTOR('',#2563,10.);
#688=VECTOR('',#2566,10.);
#689=VECTOR('',#2567,10.);
#690=VECTOR('',#2570,10.);
#691=VECTOR('',#2573,10.);
#692=VECTOR('',#2578,10.);
#693=VECTOR('',#2583,10.);
#694=VECTOR('',#2588,10.);
#695=VECTOR('',#2589,10.);
#696=VECTOR('',#2592,10.);
#697=VECTOR('',#2597,10.);
#698=VECTOR('',#2598,10.);
#699=VECTOR('',#2603,10.);
#700=VECTOR('',#2604,10.);
#701=VECTOR('',#2607,10.);
#702=VECTOR('',#2608,10.);
#703=VECTOR('',#2615,10.);
#704=VECTOR('',#2616,10.);
#705=VECTOR('',#2619,10.);
#706=VECTOR('',#2620,10.);
#707=VECTOR('',#2621,10.);
#708=VECTOR('',#2624,10.);
#709=VECTOR('',#2627,10.);
#710=VECTOR('',#2628,10.);
#711=VECTOR('',#2631,10.);
#712=VECTOR('',#2634,10.);
#713=VECTOR('',#2635,10.);
#714=VECTOR('',#2638,10.);
#715=VECTOR('',#2639,10.);
#716=VECTOR('',#2642,10.);
#717=VECTOR('',#2645,10.);
#718=VECTOR('',#2648,10.);
#719=VECTOR('',#2651,10.);
#720=VECTOR('',#2654,10.);
#721=VECTOR('',#2657,10.);
#722=VECTOR('',#2660,10.);
#723=VECTOR('',#2663,10.);
#724=VECTOR('',#2666,10.);
#725=VECTOR('',#2667,10.);
#726=VECTOR('',#2668,10.);
#727=VECTOR('',#2669,10.);
#728=VECTOR('',#2670,10.);
#729=VECTOR('',#2673,10.);
#730=VECTOR('',#2676,10.);
#731=VECTOR('',#2679,10.);
#732=VECTOR('',#2682,10.);
#733=VECTOR('',#2685,10.);
#734=VECTOR('',#2688,10.);
#735=VECTOR('',#2691,10.);
#736=VECTOR('',#2696,10.);
#737=VECTOR('',#2697,10.);
#738=VECTOR('',#2700,10.);
#739=VECTOR('',#2703,10.);
#740=VECTOR('',#2706,10.);
#741=VECTOR('',#2709,10.);
#742=VECTOR('',#2712,10.);
#743=VECTOR('',#2715,10.);
#744=VECTOR('',#2718,10.);
#745=VECTOR('',#2721,10.);
#746=VECTOR('',#2724,10.);
#747=VECTOR('',#2727,10.);
#748=VECTOR('',#2730,10.);
#749=VECTOR('',#2733,10.);
#750=VECTOR('',#2734,10.);
#751=VECTOR('',#2735,10.);
#752=VECTOR('',#2738,10.);
#753=VECTOR('',#2741,10.);
#754=VECTOR('',#2744,10.);
#755=VECTOR('',#2749,10.);
#756=VECTOR('',#2750,10.);
#757=VECTOR('',#2753,10.);
#758=VECTOR('',#2756,10.);
#759=VECTOR('',#2761,10.);
#760=VECTOR('',#2762,10.);
#761=VECTOR('',#2765,10.);
#762=VECTOR('',#2766,10.);
#763=VECTOR('',#2767,10.);
#764=VECTOR('',#2770,10.);
#765=VECTOR('',#2773,10.);
#766=VECTOR('',#2776,10.);
#767=VECTOR('',#2777,10.);
#768=VECTOR('',#2780,10.);
#769=VECTOR('',#2781,10.);
#770=VECTOR('',#2784,10.);
#771=VECTOR('',#2789,10.);
#772=VECTOR('',#2790,10.);
#773=VECTOR('',#2797,10.);
#774=VECTOR('',#2802,10.);
#775=VECTOR('',#2803,10.);
#776=VECTOR('',#2810,10.);
#777=VECTOR('',#2813,10.);
#778=VECTOR('',#2814,10.);
#779=VECTOR('',#2823,10.);
#780=VECTOR('',#2826,10.);
#781=VECTOR('',#2827,10.);
#782=VECTOR('',#2832,10.);
#783=VECTOR('',#2839,10.);
#784=VECTOR('',#2844,10.);
#785=VECTOR('',#2845,10.);
#786=VECTOR('',#2850,10.);
#787=VECTOR('',#2857,10.);
#788=VECTOR('',#2858,10.);
#789=VECTOR('',#2861,10.);
#790=VECTOR('',#2864,10.);
#791=VECTOR('',#2869,10.);
#792=VECTOR('',#2870,10.);
#793=VECTOR('',#2873,10.);
#794=VECTOR('',#2876,10.);
#795=VECTOR('',#2883,10.);
#796=VECTOR('',#2886,10.);
#797=VECTOR('',#2887,10.);
#798=VECTOR('',#2892,10.);
#799=VECTOR('',#2897,10.);
#800=VECTOR('',#2900,10.);
#801=VECTOR('',#2903,10.);
#802=VECTOR('',#2904,10.);
#803=VECTOR('',#2907,10.);
#804=VECTOR('',#2912,10.);
#805=VECTOR('',#2917,10.);
#806=VECTOR('',#2920,10.);
#807=VECTOR('',#2927,10.);
#808=VECTOR('',#2930,10.);
#809=VECTOR('',#2933,10.);
#810=VECTOR('',#2938,10.);
#811=VECTOR('',#2941,10.);
#812=VECTOR('',#2942,10.);
#813=VECTOR('',#2945,10.);
#814=VECTOR('',#2946,10.);
#815=VECTOR('',#2951,10.);
#816=VECTOR('',#2958,10.);
#817=VECTOR('',#2963,10.);
#818=VECTOR('',#2964,10.);
#819=VECTOR('',#2969,10.);
#820=VECTOR('',#2972,10.);
#821=VECTOR('',#2975,10.);
#822=VECTOR('',#2976,10.);
#823=VECTOR('',#2979,10.);
#824=VECTOR('',#2980,10.);
#825=VECTOR('',#2985,10.);
#826=VECTOR('',#2988,10.);
#827=VECTOR('',#2989,10.);
#828=VECTOR('',#2996,10.);
#829=VECTOR('',#3001,10.);
#830=VECTOR('',#3002,10.);
#831=VECTOR('',#3009,10.);
#832=VECTOR('',#3016,10.);
#833=VECTOR('',#3017,10.);
#834=VECTOR('',#3020,10.);
#835=VECTOR('',#3025,10.);
#836=VECTOR('',#3032,10.);
#837=VECTOR('',#3035,10.);
#838=VECTOR('',#3038,10.);
#839=VECTOR('',#3039,10.);
#840=VECTOR('',#3046,10.);
#841=VECTOR('',#3047,10.);
#842=VECTOR('',#3052,10.);
#843=CIRCLE('',#2216,2.55);
#844=CIRCLE('',#2217,1.15);
#845=CIRCLE('',#2220,6.);
#846=CIRCLE('',#2221,6.);
#847=CIRCLE('',#2224,1.15);
#848=CIRCLE('',#2226,2.55);
#849=CIRCLE('',#2227,1.15);
#850=CIRCLE('',#2229,1.15);
#851=CIRCLE('',#2238,6.);
#852=CIRCLE('',#2239,6.);
#853=CIRCLE('',#2244,6.);
#854=CIRCLE('',#2245,6.);
#855=CIRCLE('',#2254,6.);
#856=CIRCLE('',#2255,6.);
#857=CIRCLE('',#2266,6.);
#858=CIRCLE('',#2267,6.);
#859=CIRCLE('',#2271,6.);
#860=CIRCLE('',#2272,6.);
#861=CIRCLE('',#2276,6.);
#862=CIRCLE('',#2277,6.);
#863=CIRCLE('',#2287,20.5);
#864=CIRCLE('',#2288,30.5);
#865=CIRCLE('',#2289,32.6213203435599);
#866=CIRCLE('',#2290,18.3786796564404);
#867=CIRCLE('',#2304,18.3786796564403);
#868=CIRCLE('',#2305,32.6213203435599);
#869=CIRCLE('',#2306,30.5);
#870=CIRCLE('',#2307,20.5);
#871=CIRCLE('',#2329,18.5);
#872=CIRCLE('',#2332,32.5);
#873=CIRCLE('',#2334,18.5);
#874=CIRCLE('',#2337,32.5);
#875=CIRCLE('',#2401,17.);
#876=CIRCLE('',#2404,34.);
#877=CIRCLE('',#2406,17.);
#878=CIRCLE('',#2409,34.);
#879=VERTEX_POINT('',#3063);
#880=VERTEX_POINT('',#3065);
#881=VERTEX_POINT('',#3069);
#882=VERTEX_POINT('',#3070);
#883=VERTEX_POINT('',#3072);
#884=VERTEX_POINT('',#3074);
#885=VERTEX_POINT('',#3076);
#886=VERTEX_POINT('',#3078);
#887=VERTEX_POINT('',#3080);
#888=VERTEX_POINT('',#3082);
#889=VERTEX_POINT('',#3084);
#890=VERTEX_POINT('',#3086);
#891=VERTEX_POINT('',#3088);
#892=VERTEX_POINT('',#3090);
#893=VERTEX_POINT('',#3092);
#894=VERTEX_POINT('',#3094);
#895=VERTEX_POINT('',#3098);
#896=VERTEX_POINT('',#3102);
#897=VERTEX_POINT('',#3104);
#898=VERTEX_POINT('',#3108);
#899=VERTEX_POINT('',#3112);
#900=VERTEX_POINT('',#3113);
#901=VERTEX_POINT('',#3115);
#902=VERTEX_POINT('',#3117);
#903=VERTEX_POINT('',#3121);
#904=VERTEX_POINT('',#3123);
#905=VERTEX_POINT('',#3125);
#906=VERTEX_POINT('',#3127);
#907=VERTEX_POINT('',#3134);
#908=VERTEX_POINT('',#3136);
#909=VERTEX_POINT('',#3138);
#910=VERTEX_POINT('',#3140);
#911=VERTEX_POINT('',#3149);
#912=VERTEX_POINT('',#3151);
#913=VERTEX_POINT('',#3153);
#914=VERTEX_POINT('',#3155);
#915=VERTEX_POINT('',#3159);
#916=VERTEX_POINT('',#3163);
#917=VERTEX_POINT('',#3167);
#918=VERTEX_POINT('',#3171);
#919=VERTEX_POINT('',#3173);
#920=VERTEX_POINT('',#3175);
#921=VERTEX_POINT('',#3179);
#922=VERTEX_POINT('',#3186);
#923=VERTEX_POINT('',#3193);
#924=VERTEX_POINT('',#3195);
#925=VERTEX_POINT('',#3197);
#926=VERTEX_POINT('',#3204);
#927=VERTEX_POINT('',#3206);
#928=VERTEX_POINT('',#3208);
#929=VERTEX_POINT('',#3210);
#930=VERTEX_POINT('',#3217);
#931=VERTEX_POINT('',#3221);
#932=VERTEX_POINT('',#3223);
#933=VERTEX_POINT('',#3227);
#934=VERTEX_POINT('',#3229);
#935=VERTEX_POINT('',#3231);
#936=VERTEX_POINT('',#3236);
#937=VERTEX_POINT('',#3238);
#938=VERTEX_POINT('',#3240);
#939=VERTEX_POINT('',#3242);
#940=VERTEX_POINT('',#3246);
#941=VERTEX_POINT('',#3248);
#942=VERTEX_POINT('',#3250);
#943=VERTEX_POINT('',#3254);
#944=VERTEX_POINT('',#3258);
#945=VERTEX_POINT('',#3260);
#946=VERTEX_POINT('',#3262);
#947=VERTEX_POINT('',#3264);
#948=VERTEX_POINT('',#3273);
#949=VERTEX_POINT('',#3274);
#950=VERTEX_POINT('',#3277);
#951=VERTEX_POINT('',#3281);
#952=VERTEX_POINT('',#3285);
#953=VERTEX_POINT('',#3289);
#954=VERTEX_POINT('',#3290);
#955=VERTEX_POINT('',#3292);
#956=VERTEX_POINT('',#3297);
#957=VERTEX_POINT('',#3299);
#958=VERTEX_POINT('',#3305);
#959=VERTEX_POINT('',#3311);
#960=VERTEX_POINT('',#3315);
#961=VERTEX_POINT('',#3321);
#962=VERTEX_POINT('',#3323);
#963=VERTEX_POINT('',#3325);
#964=VERTEX_POINT('',#3327);
#965=VERTEX_POINT('',#3329);
#966=VERTEX_POINT('',#3331);
#967=VERTEX_POINT('',#3333);
#968=VERTEX_POINT('',#3335);
#969=VERTEX_POINT('',#3337);
#970=VERTEX_POINT('',#3339);
#971=VERTEX_POINT('',#3341);
#972=VERTEX_POINT('',#3343);
#973=VERTEX_POINT('',#3347);
#974=VERTEX_POINT('',#3349);
#975=VERTEX_POINT('',#3351);
#976=VERTEX_POINT('',#3353);
#977=VERTEX_POINT('',#3357);
#978=VERTEX_POINT('',#3359);
#979=VERTEX_POINT('',#3361);
#980=VERTEX_POINT('',#3363);
#981=VERTEX_POINT('',#3365);
#982=VERTEX_POINT('',#3367);
#983=VERTEX_POINT('',#3371);
#984=VERTEX_POINT('',#3373);
#985=VERTEX_POINT('',#3375);
#986=VERTEX_POINT('',#3377);
#987=VERTEX_POINT('',#3381);
#988=VERTEX_POINT('',#3382);
#989=VERTEX_POINT('',#3387);
#990=VERTEX_POINT('',#3389);
#991=VERTEX_POINT('',#3391);
#992=VERTEX_POINT('',#3393);
#993=VERTEX_POINT('',#3395);
#994=VERTEX_POINT('',#3397);
#995=VERTEX_POINT('',#3399);
#996=VERTEX_POINT('',#3401);
#997=VERTEX_POINT('',#3403);
#998=VERTEX_POINT('',#3405);
#999=VERTEX_POINT('',#3407);
#1000=VERTEX_POINT('',#3409);
#1001=VERTEX_POINT('',#3415);
#1002=VERTEX_POINT('',#3417);
#1003=VERTEX_POINT('',#3421);
#1004=VERTEX_POINT('',#3423);
#1005=VERTEX_POINT('',#3425);
#1006=VERTEX_POINT('',#3427);
#1007=VERTEX_POINT('',#3435);
#1008=VERTEX_POINT('',#3439);
#1009=VERTEX_POINT('',#3447);
#1010=VERTEX_POINT('',#3448);
#1011=VERTEX_POINT('',#3453);
#1012=VERTEX_POINT('',#3455);
#1013=VERTEX_POINT('',#3459);
#1014=VERTEX_POINT('',#3461);
#1015=VERTEX_POINT('',#3465);
#1016=VERTEX_POINT('',#3469);
#1017=VERTEX_POINT('',#3473);
#1018=VERTEX_POINT('',#3477);
#1019=VERTEX_POINT('',#3481);
#1020=VERTEX_POINT('',#3487);
#1021=VERTEX_POINT('',#3491);
#1022=VERTEX_POINT('',#3495);
#1023=VERTEX_POINT('',#3501);
#1024=VERTEX_POINT('',#3503);
#1025=VERTEX_POINT('',#3505);
#1026=VERTEX_POINT('',#3509);
#1027=VERTEX_POINT('',#3511);
#1028=VERTEX_POINT('',#3513);
#1029=VERTEX_POINT('',#3517);
#1030=VERTEX_POINT('',#3521);
#1031=VERTEX_POINT('',#3523);
#1032=VERTEX_POINT('',#3532);
#1033=VERTEX_POINT('',#3537);
#1034=VERTEX_POINT('',#3541);
#1035=VERTEX_POINT('',#3546);
#1036=VERTEX_POINT('',#3550);
#1037=VERTEX_POINT('',#3554);
#1038=VERTEX_POINT('',#3555);
#1039=VERTEX_POINT('',#3557);
#1040=VERTEX_POINT('',#3566);
#1041=VERTEX_POINT('',#3567);
#1042=VERTEX_POINT('',#3574);
#1043=VERTEX_POINT('',#3576);
#1044=VERTEX_POINT('',#3582);
#1045=VERTEX_POINT('',#3586);
#1046=VERTEX_POINT('',#3590);
#1047=VERTEX_POINT('',#3591);
#1048=VERTEX_POINT('',#3593);
#1049=VERTEX_POINT('',#3595);
#1050=VERTEX_POINT('',#3597);
#1051=VERTEX_POINT('',#3604);
#1052=VERTEX_POINT('',#3624);
#1053=VERTEX_POINT('',#3633);
#1054=VERTEX_POINT('',#3640);
#1055=VERTEX_POINT('',#3647);
#1056=VERTEX_POINT('',#3654);
#1057=VERTEX_POINT('',#3658);
#1058=VERTEX_POINT('',#3660);
#1059=VERTEX_POINT('',#3667);
#1060=VERTEX_POINT('',#3669);
#1061=VERTEX_POINT('',#3680);
#1062=VERTEX_POINT('',#3689);
#1063=VERTEX_POINT('',#3700);
#1064=VERTEX_POINT('',#3702);
#1065=VERTEX_POINT('',#3713);
#1066=VERTEX_POINT('',#3715);
#1067=VERTEX_POINT('',#3726);
#1068=VERTEX_POINT('',#3728);
#1069=VERTEX_POINT('',#3730);
#1070=VERTEX_POINT('',#3736);
#1071=VERTEX_POINT('',#3740);
#1072=VERTEX_POINT('',#3742);
#1073=VERTEX_POINT('',#3746);
#1074=VERTEX_POINT('',#3747);
#1075=VERTEX_POINT('',#3749);
#1076=VERTEX_POINT('',#3758);
#1077=VERTEX_POINT('',#3766);
#1078=VERTEX_POINT('',#3767);
#1079=VERTEX_POINT('',#3770);
#1080=VERTEX_POINT('',#3772);
#1081=VERTEX_POINT('',#3789);
#1082=VERTEX_POINT('',#3799);
#1083=VERTEX_POINT('',#3803);
#1084=VERTEX_POINT('',#3809);
#1085=VERTEX_POINT('',#3813);
#1086=VERTEX_POINT('',#3819);
#1087=VERTEX_POINT('',#3821);
#1088=VERTEX_POINT('',#3825);
#1089=VERTEX_POINT('',#3830);
#1090=VERTEX_POINT('',#3841);
#1091=VERTEX_POINT('',#3843);
#1092=VERTEX_POINT('',#3849);
#1093=EDGE_CURVE('',#879,#879,#843,.T.);
#1094=EDGE_CURVE('',#879,#880,#451,.T.);
#1095=EDGE_CURVE('',#880,#880,#844,.T.);
#1096=EDGE_CURVE('',#881,#882,#452,.T.);
#1097=EDGE_CURVE('',#883,#881,#89,.T.);
#1098=EDGE_CURVE('',#884,#883,#453,.T.);
#1099=EDGE_CURVE('',#884,#885,#454,.T.);
#1100=EDGE_CURVE('',#885,#886,#455,.T.);
#1101=EDGE_CURVE('',#887,#886,#845,.T.);
#1102=EDGE_CURVE('',#888,#887,#456,.T.);
#1103=EDGE_CURVE('',#888,#889,#457,.T.);
#1104=EDGE_CURVE('',#890,#889,#458,.T.);
#1105=EDGE_CURVE('',#891,#890,#846,.T.);
#1106=EDGE_CURVE('',#891,#892,#459,.T.);
#1107=EDGE_CURVE('',#892,#893,#460,.T.);
#1108=EDGE_CURVE('',#894,#893,#461,.T.);
#1109=EDGE_CURVE('',#882,#894,#90,.T.);
#1110=EDGE_CURVE('',#895,#895,#847,.T.);
#1111=EDGE_CURVE('',#895,#880,#462,.T.);
#1112=EDGE_CURVE('',#896,#896,#848,.T.);
#1113=EDGE_CURVE('',#896,#897,#463,.T.);
#1114=EDGE_CURVE('',#897,#897,#849,.T.);
#1115=EDGE_CURVE('',#898,#898,#850,.T.);
#1116=EDGE_CURVE('',#898,#897,#464,.T.);
#1117=EDGE_CURVE('',#899,#900,#465,.T.);
#1118=EDGE_CURVE('',#901,#899,#466,.F.);
#1119=EDGE_CURVE('',#902,#901,#467,.F.);
#1120=EDGE_CURVE('',#900,#902,#468,.F.);
#1121=EDGE_CURVE('',#903,#899,#91,.T.);
#1122=EDGE_CURVE('',#900,#904,#92,.T.);
#1123=EDGE_CURVE('',#904,#905,#469,.T.);
#1124=EDGE_CURVE('',#905,#906,#19,.T.);
#1125=EDGE_CURVE('',#906,#907,#93,.T.);
#1126=EDGE_CURVE('',#907,#908,#470,.T.);
#1127=EDGE_CURVE('',#908,#909,#94,.T.);
#1128=EDGE_CURVE('',#909,#910,#20,.T.);
#1129=EDGE_CURVE('',#910,#903,#471,.T.);
#1130=EDGE_CURVE('',#909,#911,#472,.T.);
#1131=EDGE_CURVE('',#911,#912,#95,.T.);
#1132=EDGE_CURVE('',#912,#913,#851,.T.);
#1133=EDGE_CURVE('',#913,#914,#473,.T.);
#1134=EDGE_CURVE('',#914,#910,#852,.T.);
#1135=EDGE_CURVE('',#908,#915,#474,.T.);
#1136=EDGE_CURVE('',#911,#915,#475,.F.);
#1137=EDGE_CURVE('',#916,#907,#476,.T.);
#1138=EDGE_CURVE('',#915,#916,#477,.T.);
#1139=EDGE_CURVE('',#917,#906,#478,.T.);
#1140=EDGE_CURVE('',#917,#916,#479,.T.);
#1141=EDGE_CURVE('',#905,#918,#853,.T.);
#1142=EDGE_CURVE('',#918,#919,#480,.T.);
#1143=EDGE_CURVE('',#919,#920,#854,.T.);
#1144=EDGE_CURVE('',#920,#917,#96,.T.);
#1145=EDGE_CURVE('',#921,#881,#21,.T.);
#1146=EDGE_CURVE('',#882,#922,#22,.T.);
#1147=EDGE_CURVE('',#922,#923,#97,.T.);
#1148=EDGE_CURVE('',#923,#924,#481,.T.);
#1149=EDGE_CURVE('',#924,#925,#23,.T.);
#1150=EDGE_CURVE('',#925,#926,#98,.T.);
#1151=EDGE_CURVE('',#926,#927,#482,.T.);
#1152=EDGE_CURVE('',#927,#928,#99,.T.);
#1153=EDGE_CURVE('',#928,#929,#24,.T.);
#1154=EDGE_CURVE('',#929,#930,#483,.T.);
#1155=EDGE_CURVE('',#930,#921,#100,.T.);
#1156=EDGE_CURVE('',#931,#925,#484,.T.);
#1157=EDGE_CURVE('',#931,#932,#485,.T.);
#1158=EDGE_CURVE('',#932,#926,#486,.T.);
#1159=EDGE_CURVE('',#924,#933,#855,.T.);
#1160=EDGE_CURVE('',#933,#934,#487,.T.);
#1161=EDGE_CURVE('',#934,#935,#856,.T.);
#1162=EDGE_CURVE('',#935,#931,#101,.T.);
#1163=EDGE_CURVE('',#914,#933,#488,.T.);
#1164=EDGE_CURVE('',#936,#923,#489,.T.);
#1165=EDGE_CURVE('',#937,#936,#102,.T.);
#1166=EDGE_CURVE('',#938,#937,#490,.F.);
#1167=EDGE_CURVE('',#939,#938,#103,.T.);
#1168=EDGE_CURVE('',#903,#939,#491,.F.);
#1169=EDGE_CURVE('',#940,#922,#492,.T.);
#1170=EDGE_CURVE('',#940,#941,#493,.T.);
#1171=EDGE_CURVE('',#942,#941,#104,.T.);
#1172=EDGE_CURVE('',#936,#942,#494,.T.);
#1173=EDGE_CURVE('',#894,#943,#495,.T.);
#1174=EDGE_CURVE('',#943,#940,#105,.T.);
#1175=EDGE_CURVE('',#928,#944,#496,.T.);
#1176=EDGE_CURVE('',#944,#945,#106,.T.);
#1177=EDGE_CURVE('',#945,#946,#857,.T.);
#1178=EDGE_CURVE('',#946,#947,#497,.T.);
#1179=EDGE_CURVE('',#947,#929,#858,.T.);
#1180=EDGE_CURVE('',#919,#946,#498,.T.);
#1181=EDGE_CURVE('',#947,#918,#499,.T.);
#1182=EDGE_CURVE('',#934,#913,#500,.T.);
#1183=EDGE_CURVE('',#948,#949,#859,.T.);
#1184=EDGE_CURVE('',#948,#891,#501,.T.);
#1185=EDGE_CURVE('',#890,#950,#502,.T.);
#1186=EDGE_CURVE('',#950,#949,#860,.T.);
#1187=EDGE_CURVE('',#951,#948,#503,.T.);
#1188=EDGE_CURVE('',#892,#951,#504,.T.);
#1189=EDGE_CURVE('',#949,#952,#505,.T.);
#1190=EDGE_CURVE('',#951,#952,#506,.T.);
#1191=EDGE_CURVE('',#953,#954,#861,.T.);
#1192=EDGE_CURVE('',#955,#953,#862,.F.);
#1193=EDGE_CURVE('',#955,#887,#507,.T.);
#1194=EDGE_CURVE('',#886,#954,#508,.T.);
#1195=EDGE_CURVE('',#954,#956,#509,.T.);
#1196=EDGE_CURVE('',#957,#956,#510,.T.);
#1197=EDGE_CURVE('',#957,#953,#511,.T.);
#1198=EDGE_CURVE('',#956,#885,#512,.T.);
#1199=EDGE_CURVE('',#927,#958,#513,.T.);
#1200=EDGE_CURVE('',#958,#944,#514,.T.);
#1201=EDGE_CURVE('',#958,#932,#515,.T.);
#1202=EDGE_CURVE('',#889,#959,#516,.T.);
#1203=EDGE_CURVE('',#959,#950,#517,.T.);
#1204=EDGE_CURVE('',#960,#955,#518,.F.);
#1205=EDGE_CURVE('',#960,#888,#519,.T.);
#1206=EDGE_CURVE('',#959,#960,#520,.T.);
#1207=EDGE_CURVE('',#952,#961,#521,.T.);
#1208=EDGE_CURVE('',#961,#962,#107,.T.);
#1209=EDGE_CURVE('',#962,#963,#522,.T.);
#1210=EDGE_CURVE('',#963,#964,#863,.T.);
#1211=EDGE_CURVE('',#964,#965,#523,.T.);
#1212=EDGE_CURVE('',#965,#966,#864,.T.);
#1213=EDGE_CURVE('',#966,#967,#524,.T.);
#1214=EDGE_CURVE('',#968,#967,#865,.T.);
#1215=EDGE_CURVE('',#969,#968,#525,.T.);
#1216=EDGE_CURVE('',#970,#969,#866,.T.);
#1217=EDGE_CURVE('',#971,#970,#526,.T.);
#1218=EDGE_CURVE('',#972,#971,#108,.T.);
#1219=EDGE_CURVE('',#893,#972,#527,.T.);
#1220=EDGE_CURVE('',#912,#973,#528,.T.);
#1221=EDGE_CURVE('',#920,#974,#529,.F.);
#1222=EDGE_CURVE('',#974,#975,#530,.T.);
#1223=EDGE_CURVE('',#976,#975,#531,.T.);
#1224=EDGE_CURVE('',#976,#973,#532,.T.);
#1225=EDGE_CURVE('',#945,#977,#533,.T.);
#1226=EDGE_CURVE('',#977,#978,#109,.T.);
#1227=EDGE_CURVE('',#978,#979,#534,.T.);
#1228=EDGE_CURVE('',#979,#980,#110,.T.);
#1229=EDGE_CURVE('',#980,#981,#535,.T.);
#1230=EDGE_CURVE('',#981,#982,#111,.T.);
#1231=EDGE_CURVE('',#982,#974,#536,.T.);
#1232=EDGE_CURVE('',#983,#904,#537,.F.);
#1233=EDGE_CURVE('',#984,#983,#112,.F.);
#1234=EDGE_CURVE('',#985,#984,#538,.T.);
#1235=EDGE_CURVE('',#986,#985,#113,.T.);
#1236=EDGE_CURVE('',#930,#986,#539,.T.);
#1237=EDGE_CURVE('',#987,#988,#114,.T.);
#1238=EDGE_CURVE('',#988,#972,#540,.T.);
#1239=EDGE_CURVE('',#971,#987,#541,.T.);
#1240=EDGE_CURVE('',#989,#884,#542,.T.);
#1241=EDGE_CURVE('',#990,#989,#115,.T.);
#1242=EDGE_CURVE('',#991,#990,#543,.T.);
#1243=EDGE_CURVE('',#992,#991,#867,.T.);
#1244=EDGE_CURVE('',#993,#992,#544,.T.);
#1245=EDGE_CURVE('',#994,#993,#868,.T.);
#1246=EDGE_CURVE('',#994,#995,#545,.T.);
#1247=EDGE_CURVE('',#995,#996,#869,.T.);
#1248=EDGE_CURVE('',#996,#997,#546,.T.);
#1249=EDGE_CURVE('',#997,#998,#870,.T.);
#1250=EDGE_CURVE('',#998,#999,#547,.T.);
#1251=EDGE_CURVE('',#999,#1000,#116,.T.);
#1252=EDGE_CURVE('',#1000,#957,#548,.T.);
#1253=EDGE_CURVE('',#988,#943,#549,.T.);
#1254=EDGE_CURVE('',#989,#1001,#550,.T.);
#1255=EDGE_CURVE('',#1001,#1002,#117,.T.);
#1256=EDGE_CURVE('',#1002,#990,#551,.T.);
#1257=EDGE_CURVE('',#1003,#1001,#552,.T.);
#1258=EDGE_CURVE('',#1004,#1003,#118,.T.);
#1259=EDGE_CURVE('',#1005,#1004,#553,.T.);
#1260=EDGE_CURVE('',#1006,#1005,#554,.T.);
#1261=EDGE_CURVE('',#1002,#1006,#555,.F.);
#1262=EDGE_CURVE('',#1003,#883,#556,.T.);
#1263=EDGE_CURVE('',#921,#1004,#557,.T.);
#1264=EDGE_CURVE('',#986,#1007,#558,.T.);
#1265=EDGE_CURVE('',#1005,#1007,#119,.F.);
#1266=EDGE_CURVE('',#1008,#987,#559,.F.);
#1267=EDGE_CURVE('',#941,#1008,#560,.T.);
#1268=EDGE_CURVE('',#970,#1008,#561,.T.);
#1269=EDGE_CURVE('',#1006,#991,#562,.T.);
#1270=EDGE_CURVE('',#1009,#1010,#120,.T.);
#1271=EDGE_CURVE('',#1000,#1009,#563,.T.);
#1272=EDGE_CURVE('',#1010,#999,#564,.T.);
#1273=EDGE_CURVE('',#1011,#1009,#565,.T.);
#1274=EDGE_CURVE('',#1011,#1012,#566,.T.);
#1275=EDGE_CURVE('',#953,#1012,#567,.T.);
#1276=EDGE_CURVE('',#1013,#961,#568,.T.);
#1277=EDGE_CURVE('',#1014,#1013,#121,.T.);
#1278=EDGE_CURVE('',#962,#1014,#569,.T.);
#1279=EDGE_CURVE('',#1015,#1014,#570,.T.);
#1280=EDGE_CURVE('',#963,#1015,#571,.T.);
#1281=EDGE_CURVE('',#1016,#998,#572,.T.);
#1282=EDGE_CURVE('',#1010,#1016,#573,.T.);
#1283=EDGE_CURVE('',#1017,#997,#574,.T.);
#1284=EDGE_CURVE('',#1016,#1017,#871,.T.);
#1285=EDGE_CURVE('',#1018,#996,#575,.T.);
#1286=EDGE_CURVE('',#1017,#1018,#576,.T.);
#1287=EDGE_CURVE('',#1019,#995,#15,.T.);
#1288=EDGE_CURVE('',#1018,#1019,#872,.T.);
#1289=EDGE_CURVE('',#964,#1020,#577,.T.);
#1290=EDGE_CURVE('',#1020,#1015,#873,.T.);
#1291=EDGE_CURVE('',#1021,#1020,#578,.T.);
#1292=EDGE_CURVE('',#965,#1021,#579,.T.);
#1293=EDGE_CURVE('',#966,#1022,#16,.T.);
#1294=EDGE_CURVE('',#1022,#1021,#874,.T.);
#1295=EDGE_CURVE('',#1013,#1023,#580,.T.);
#1296=EDGE_CURVE('',#1023,#1024,#122,.T.);
#1297=EDGE_CURVE('',#1024,#1025,#581,.T.);
#1298=EDGE_CURVE('',#1025,#1015,#582,.T.);
#1299=EDGE_CURVE('',#1026,#1025,#123,.T.);
#1300=EDGE_CURVE('',#1027,#1026,#124,.T.);
#1301=EDGE_CURVE('',#1028,#1027,#125,.T.);
#1302=EDGE_CURVE('',#1020,#1028,#583,.T.);
#1303=EDGE_CURVE('',#1028,#1029,#584,.T.);
#1304=EDGE_CURVE('',#1029,#1021,#585,.T.);
#1305=EDGE_CURVE('',#1030,#1029,#126,.T.);
#1306=EDGE_CURVE('',#1030,#1031,#25,.T.);
#1307=EDGE_CURVE('',#1031,#1032,#26,.T.);
#1308=EDGE_CURVE('',#1033,#1032,#586,.T.);
#1309=EDGE_CURVE('',#1022,#1033,#127,.T.);
#1310=EDGE_CURVE('',#1034,#1011,#128,.T.);
#1311=EDGE_CURVE('',#978,#1034,#587,.T.);
#1312=EDGE_CURVE('',#1012,#977,#129,.T.);
#1313=EDGE_CURVE('',#1016,#1035,#588,.T.);
#1314=EDGE_CURVE('',#1035,#1034,#589,.T.);
#1315=EDGE_CURVE('',#1035,#1036,#130,.T.);
#1316=EDGE_CURVE('',#979,#1036,#590,.T.);
#1317=EDGE_CURVE('',#1037,#1038,#131,.T.);
#1318=EDGE_CURVE('',#1039,#1037,#132,.T.);
#1319=EDGE_CURVE('',#1024,#1039,#591,.T.);
#1320=EDGE_CURVE('',#1038,#1023,#592,.T.);
#1321=EDGE_CURVE('',#1038,#949,#593,.T.);
#1322=EDGE_CURVE('',#1037,#935,#594,.T.);
#1323=EDGE_CURVE('',#1040,#1041,#133,.T.);
#1324=EDGE_CURVE('',#1040,#1027,#595,.T.);
#1325=EDGE_CURVE('',#1041,#1026,#596,.T.);
#1326=EDGE_CURVE('',#1041,#1039,#597,.T.);
#1327=EDGE_CURVE('',#1042,#1017,#598,.T.);
#1328=EDGE_CURVE('',#1043,#1042,#134,.T.);
#1329=EDGE_CURVE('',#1036,#1043,#135,.T.);
#1330=EDGE_CURVE('',#980,#1043,#599,.T.);
#1331=EDGE_CURVE('',#1018,#1044,#600,.T.);
#1332=EDGE_CURVE('',#1044,#1042,#601,.T.);
#1333=EDGE_CURVE('',#1044,#1045,#136,.T.);
#1334=EDGE_CURVE('',#1045,#981,#602,.T.);
#1335=EDGE_CURVE('',#1046,#1047,#137,.T.);
#1336=EDGE_CURVE('',#1048,#1046,#603,.T.);
#1337=EDGE_CURVE('',#1049,#1048,#138,.T.);
#1338=EDGE_CURVE('',#1050,#1049,#27,.T.);
#1339=EDGE_CURVE('',#1050,#1051,#28,.T.);
#1340=EDGE_CURVE('',#1031,#1051,#29,.T.);
#1341=EDGE_CURVE('',#1047,#1030,#604,.T.);
#1342=EDGE_CURVE('',#973,#1046,#605,.T.);
#1343=EDGE_CURVE('',#1047,#1040,#606,.T.);
#1344=EDGE_CURVE('',#1048,#976,#607,.T.);
#1345=EDGE_CURVE('',#1052,#1045,#30,.T.);
#1346=EDGE_CURVE('',#1053,#1052,#31,.T.);
#1347=EDGE_CURVE('',#1054,#1053,#32,.F.);
#1348=EDGE_CURVE('',#1055,#1054,#33,.T.);
#1349=EDGE_CURVE('',#1056,#1055,#139,.T.);
#1350=EDGE_CURVE('',#982,#1056,#608,.T.);
#1351=EDGE_CURVE('',#1057,#1019,#140,.T.);
#1352=EDGE_CURVE('',#1058,#1057,#609,.T.);
#1353=EDGE_CURVE('',#1058,#1052,#34,.T.);
#1354=EDGE_CURVE('',#1059,#1058,#610,.T.);
#1355=EDGE_CURVE('',#1060,#1059,#141,.T.);
#1356=EDGE_CURVE('',#1054,#1060,#35,.T.);
#1357=EDGE_CURVE('',#1061,#1050,#36,.T.);
#1358=EDGE_CURVE('',#1062,#1061,#142,.T.);
#1359=EDGE_CURVE('',#1032,#1062,#611,.T.);
#1360=EDGE_CURVE('',#1033,#1062,#612,.T.);
#1361=EDGE_CURVE('',#1059,#1057,#613,.T.);
#1362=EDGE_CURVE('',#975,#1056,#614,.T.);
#1363=EDGE_CURVE('',#1049,#1063,#615,.T.);
#1364=EDGE_CURVE('',#1064,#1063,#37,.T.);
#1365=EDGE_CURVE('',#1064,#1061,#616,.T.);
#1366=EDGE_CURVE('',#1060,#1065,#617,.T.);
#1367=EDGE_CURVE('',#1065,#1066,#38,.F.);
#1368=EDGE_CURVE('',#1066,#1055,#618,.T.);
#1369=EDGE_CURVE('',#1067,#1064,#143,.T.);
#1370=EDGE_CURVE('',#1068,#1067,#619,.T.);
#1371=EDGE_CURVE('',#1069,#1068,#144,.T.);
#1372=EDGE_CURVE('',#967,#1069,#17,.T.);
#1373=EDGE_CURVE('',#1070,#994,#18,.T.);
#1374=EDGE_CURVE('',#1071,#1070,#145,.T.);
#1375=EDGE_CURVE('',#1072,#1071,#620,.T.);
#1376=EDGE_CURVE('',#1065,#1072,#146,.T.);
#1377=EDGE_CURVE('',#1073,#1074,#621,.T.);
#1378=EDGE_CURVE('',#1073,#1075,#39,.F.);
#1379=EDGE_CURVE('',#1075,#1076,#40,.F.);
#1380=EDGE_CURVE('',#1076,#1067,#622,.T.);
#1381=EDGE_CURVE('',#1063,#1074,#147,.T.);
#1382=EDGE_CURVE('',#1077,#1078,#623,.T.);
#1383=EDGE_CURVE('',#1077,#1066,#148,.T.);
#1384=EDGE_CURVE('',#1072,#1079,#624,.T.);
#1385=EDGE_CURVE('',#1079,#1080,#41,.F.);
#1386=EDGE_CURVE('',#1078,#1080,#42,.T.);
#1387=EDGE_CURVE('',#902,#1077,#625,.T.);
#1388=EDGE_CURVE('',#1074,#901,#626,.T.);
#1389=EDGE_CURVE('',#1080,#1081,#43,.T.);
#1390=EDGE_CURVE('',#1081,#984,#627,.T.);
#1391=EDGE_CURVE('',#983,#1078,#628,.T.);
#1392=EDGE_CURVE('',#1006,#1082,#875,.T.);
#1393=EDGE_CURVE('',#1082,#992,#629,.T.);
#1394=EDGE_CURVE('',#1083,#993,#630,.T.);
#1395=EDGE_CURVE('',#1082,#1083,#631,.F.);
#1396=EDGE_CURVE('',#1083,#1070,#876,.T.);
#1397=EDGE_CURVE('',#969,#1084,#632,.T.);
#1398=EDGE_CURVE('',#1084,#1008,#877,.T.);
#1399=EDGE_CURVE('',#968,#1085,#633,.T.);
#1400=EDGE_CURVE('',#1085,#1084,#634,.F.);
#1401=EDGE_CURVE('',#1069,#1085,#878,.T.);
#1402=EDGE_CURVE('',#1084,#1086,#635,.T.);
#1403=EDGE_CURVE('',#1086,#1087,#149,.T.);
#1404=EDGE_CURVE('',#1087,#942,#150,.T.);
#1405=EDGE_CURVE('',#1088,#1085,#636,.T.);
#1406=EDGE_CURVE('',#1086,#1088,#637,.T.);
#1407=EDGE_CURVE('',#1068,#1076,#638,.T.);
#1408=EDGE_CURVE('',#1089,#1075,#44,.F.);
#1409=EDGE_CURVE('',#1089,#1088,#151,.T.);
#1410=EDGE_CURVE('',#937,#1087,#639,.T.);
#1411=EDGE_CURVE('',#1007,#1090,#152,.T.);
#1412=EDGE_CURVE('',#1090,#1091,#153,.T.);
#1413=EDGE_CURVE('',#1091,#1082,#640,.T.);
#1414=EDGE_CURVE('',#985,#1090,#641,.T.);
#1415=EDGE_CURVE('',#1092,#1091,#642,.T.);
#1416=EDGE_CURVE('',#1083,#1092,#643,.T.);
#1417=EDGE_CURVE('',#1092,#1081,#154,.F.);
#1418=EDGE_CURVE('',#1073,#939,#644,.T.);
#1419=EDGE_CURVE('',#938,#1089,#645,.T.);
#1420=EDGE_CURVE('',#1079,#1071,#646,.T.);
#1421=ORIENTED_EDGE('',*,*,#1093,.T.);
#1422=ORIENTED_EDGE('',*,*,#1094,.T.);
#1423=ORIENTED_EDGE('',*,*,#1095,.T.);
#1424=ORIENTED_EDGE('',*,*,#1094,.F.);
#1425=ORIENTED_EDGE('',*,*,#1096,.F.);
#1426=ORIENTED_EDGE('',*,*,#1097,.F.);
#1427=ORIENTED_EDGE('',*,*,#1098,.F.);
#1428=ORIENTED_EDGE('',*,*,#1099,.T.);
#1429=ORIENTED_EDGE('',*,*,#1100,.T.);
#1430=ORIENTED_EDGE('',*,*,#1101,.F.);
#1431=ORIENTED_EDGE('',*,*,#1102,.F.);
#1432=ORIENTED_EDGE('',*,*,#1103,.T.);
#1433=ORIENTED_EDGE('',*,*,#1104,.F.);
#1434=ORIENTED_EDGE('',*,*,#1105,.F.);
#1435=ORIENTED_EDGE('',*,*,#1106,.T.);
#1436=ORIENTED_EDGE('',*,*,#1107,.T.);
#1437=ORIENTED_EDGE('',*,*,#1108,.F.);
#1438=ORIENTED_EDGE('',*,*,#1109,.F.);
#1439=ORIENTED_EDGE('',*,*,#1093,.F.);
#1440=ORIENTED_EDGE('',*,*,#1110,.F.);
#1441=ORIENTED_EDGE('',*,*,#1111,.T.);
#1442=ORIENTED_EDGE('',*,*,#1095,.F.);
#1443=ORIENTED_EDGE('',*,*,#1111,.F.);
#1444=ORIENTED_EDGE('',*,*,#1112,.T.);
#1445=ORIENTED_EDGE('',*,*,#1113,.T.);
#1446=ORIENTED_EDGE('',*,*,#1114,.T.);
#1447=ORIENTED_EDGE('',*,*,#1113,.F.);
#1448=ORIENTED_EDGE('',*,*,#1115,.F.);
#1449=ORIENTED_EDGE('',*,*,#1116,.T.);
#1450=ORIENTED_EDGE('',*,*,#1114,.F.);
#1451=ORIENTED_EDGE('',*,*,#1116,.F.);
#1452=ORIENTED_EDGE('',*,*,#1117,.F.);
#1453=ORIENTED_EDGE('',*,*,#1118,.F.);
#1454=ORIENTED_EDGE('',*,*,#1119,.F.);
#1455=ORIENTED_EDGE('',*,*,#1120,.F.);
#1456=ORIENTED_EDGE('',*,*,#1112,.F.);
#1457=ORIENTED_EDGE('',*,*,#1121,.T.);
#1458=ORIENTED_EDGE('',*,*,#1117,.T.);
#1459=ORIENTED_EDGE('',*,*,#1122,.T.);
#1460=ORIENTED_EDGE('',*,*,#1123,.T.);
#1461=ORIENTED_EDGE('',*,*,#1124,.T.);
#1462=ORIENTED_EDGE('',*,*,#1125,.T.);
#1463=ORIENTED_EDGE('',*,*,#1126,.T.);
#1464=ORIENTED_EDGE('',*,*,#1127,.T.);
#1465=ORIENTED_EDGE('',*,*,#1128,.T.);
#1466=ORIENTED_EDGE('',*,*,#1129,.T.);
#1467=ORIENTED_EDGE('',*,*,#1128,.F.);
#1468=ORIENTED_EDGE('',*,*,#1130,.T.);
#1469=ORIENTED_EDGE('',*,*,#1131,.T.);
#1470=ORIENTED_EDGE('',*,*,#1132,.T.);
#1471=ORIENTED_EDGE('',*,*,#1133,.T.);
#1472=ORIENTED_EDGE('',*,*,#1134,.T.);
#1473=ORIENTED_EDGE('',*,*,#1127,.F.);
#1474=ORIENTED_EDGE('',*,*,#1135,.T.);
#1475=ORIENTED_EDGE('',*,*,#1136,.F.);
#1476=ORIENTED_EDGE('',*,*,#1130,.F.);
#1477=ORIENTED_EDGE('',*,*,#1126,.F.);
#1478=ORIENTED_EDGE('',*,*,#1137,.F.);
#1479=ORIENTED_EDGE('',*,*,#1138,.F.);
#1480=ORIENTED_EDGE('',*,*,#1135,.F.);
#1481=ORIENTED_EDGE('',*,*,#1125,.F.);
#1482=ORIENTED_EDGE('',*,*,#1139,.F.);
#1483=ORIENTED_EDGE('',*,*,#1140,.T.);
#1484=ORIENTED_EDGE('',*,*,#1137,.T.);
#1485=ORIENTED_EDGE('',*,*,#1124,.F.);
#1486=ORIENTED_EDGE('',*,*,#1141,.T.);
#1487=ORIENTED_EDGE('',*,*,#1142,.T.);
#1488=ORIENTED_EDGE('',*,*,#1143,.T.);
#1489=ORIENTED_EDGE('',*,*,#1144,.T.);
#1490=ORIENTED_EDGE('',*,*,#1139,.T.);
#1491=ORIENTED_EDGE('',*,*,#1145,.T.);
#1492=ORIENTED_EDGE('',*,*,#1096,.T.);
#1493=ORIENTED_EDGE('',*,*,#1146,.T.);
#1494=ORIENTED_EDGE('',*,*,#1147,.T.);
#1495=ORIENTED_EDGE('',*,*,#1148,.T.);
#1496=ORIENTED_EDGE('',*,*,#1149,.T.);
#1497=ORIENTED_EDGE('',*,*,#1150,.T.);
#1498=ORIENTED_EDGE('',*,*,#1151,.T.);
#1499=ORIENTED_EDGE('',*,*,#1152,.T.);
#1500=ORIENTED_EDGE('',*,*,#1153,.T.);
#1501=ORIENTED_EDGE('',*,*,#1154,.T.);
#1502=ORIENTED_EDGE('',*,*,#1155,.T.);
#1503=ORIENTED_EDGE('',*,*,#1150,.F.);
#1504=ORIENTED_EDGE('',*,*,#1156,.F.);
#1505=ORIENTED_EDGE('',*,*,#1157,.T.);
#1506=ORIENTED_EDGE('',*,*,#1158,.T.);
#1507=ORIENTED_EDGE('',*,*,#1149,.F.);
#1508=ORIENTED_EDGE('',*,*,#1159,.T.);
#1509=ORIENTED_EDGE('',*,*,#1160,.T.);
#1510=ORIENTED_EDGE('',*,*,#1161,.T.);
#1511=ORIENTED_EDGE('',*,*,#1162,.T.);
#1512=ORIENTED_EDGE('',*,*,#1156,.T.);
#1513=ORIENTED_EDGE('',*,*,#1129,.F.);
#1514=ORIENTED_EDGE('',*,*,#1134,.F.);
#1515=ORIENTED_EDGE('',*,*,#1163,.T.);
#1516=ORIENTED_EDGE('',*,*,#1159,.F.);
#1517=ORIENTED_EDGE('',*,*,#1148,.F.);
#1518=ORIENTED_EDGE('',*,*,#1164,.F.);
#1519=ORIENTED_EDGE('',*,*,#1165,.F.);
#1520=ORIENTED_EDGE('',*,*,#1166,.F.);
#1521=ORIENTED_EDGE('',*,*,#1167,.F.);
#1522=ORIENTED_EDGE('',*,*,#1168,.F.);
#1523=ORIENTED_EDGE('',*,*,#1147,.F.);
#1524=ORIENTED_EDGE('',*,*,#1169,.F.);
#1525=ORIENTED_EDGE('',*,*,#1170,.T.);
#1526=ORIENTED_EDGE('',*,*,#1171,.F.);
#1527=ORIENTED_EDGE('',*,*,#1172,.F.);
#1528=ORIENTED_EDGE('',*,*,#1164,.T.);
#1529=ORIENTED_EDGE('',*,*,#1146,.F.);
#1530=ORIENTED_EDGE('',*,*,#1109,.T.);
#1531=ORIENTED_EDGE('',*,*,#1173,.T.);
#1532=ORIENTED_EDGE('',*,*,#1174,.T.);
#1533=ORIENTED_EDGE('',*,*,#1169,.T.);
#1534=ORIENTED_EDGE('',*,*,#1153,.F.);
#1535=ORIENTED_EDGE('',*,*,#1175,.T.);
#1536=ORIENTED_EDGE('',*,*,#1176,.T.);
#1537=ORIENTED_EDGE('',*,*,#1177,.T.);
#1538=ORIENTED_EDGE('',*,*,#1178,.T.);
#1539=ORIENTED_EDGE('',*,*,#1179,.T.);
#1540=ORIENTED_EDGE('',*,*,#1178,.F.);
#1541=ORIENTED_EDGE('',*,*,#1180,.F.);
#1542=ORIENTED_EDGE('',*,*,#1142,.F.);
#1543=ORIENTED_EDGE('',*,*,#1181,.F.);
#1544=ORIENTED_EDGE('',*,*,#1160,.F.);
#1545=ORIENTED_EDGE('',*,*,#1163,.F.);
#1546=ORIENTED_EDGE('',*,*,#1133,.F.);
#1547=ORIENTED_EDGE('',*,*,#1182,.F.);
#1548=ORIENTED_EDGE('',*,*,#1183,.F.);
#1549=ORIENTED_EDGE('',*,*,#1184,.T.);
#1550=ORIENTED_EDGE('',*,*,#1105,.T.);
#1551=ORIENTED_EDGE('',*,*,#1185,.T.);
#1552=ORIENTED_EDGE('',*,*,#1186,.T.);
#1553=ORIENTED_EDGE('',*,*,#1184,.F.);
#1554=ORIENTED_EDGE('',*,*,#1187,.F.);
#1555=ORIENTED_EDGE('',*,*,#1188,.F.);
#1556=ORIENTED_EDGE('',*,*,#1106,.F.);
#1557=ORIENTED_EDGE('',*,*,#1183,.T.);
#1558=ORIENTED_EDGE('',*,*,#1189,.T.);
#1559=ORIENTED_EDGE('',*,*,#1190,.F.);
#1560=ORIENTED_EDGE('',*,*,#1187,.T.);
#1561=ORIENTED_EDGE('',*,*,#1191,.F.);
#1562=ORIENTED_EDGE('',*,*,#1192,.F.);
#1563=ORIENTED_EDGE('',*,*,#1193,.T.);
#1564=ORIENTED_EDGE('',*,*,#1101,.T.);
#1565=ORIENTED_EDGE('',*,*,#1194,.T.);
#1566=ORIENTED_EDGE('',*,*,#1191,.T.);
#1567=ORIENTED_EDGE('',*,*,#1195,.T.);
#1568=ORIENTED_EDGE('',*,*,#1196,.F.);
#1569=ORIENTED_EDGE('',*,*,#1197,.T.);
#1570=ORIENTED_EDGE('',*,*,#1194,.F.);
#1571=ORIENTED_EDGE('',*,*,#1100,.F.);
#1572=ORIENTED_EDGE('',*,*,#1198,.F.);
#1573=ORIENTED_EDGE('',*,*,#1195,.F.);
#1574=ORIENTED_EDGE('',*,*,#1152,.F.);
#1575=ORIENTED_EDGE('',*,*,#1199,.T.);
#1576=ORIENTED_EDGE('',*,*,#1200,.T.);
#1577=ORIENTED_EDGE('',*,*,#1175,.F.);
#1578=ORIENTED_EDGE('',*,*,#1151,.F.);
#1579=ORIENTED_EDGE('',*,*,#1158,.F.);
#1580=ORIENTED_EDGE('',*,*,#1201,.F.);
#1581=ORIENTED_EDGE('',*,*,#1199,.F.);
#1582=ORIENTED_EDGE('',*,*,#1185,.F.);
#1583=ORIENTED_EDGE('',*,*,#1104,.T.);
#1584=ORIENTED_EDGE('',*,*,#1202,.T.);
#1585=ORIENTED_EDGE('',*,*,#1203,.T.);
#1586=ORIENTED_EDGE('',*,*,#1193,.F.);
#1587=ORIENTED_EDGE('',*,*,#1204,.F.);
#1588=ORIENTED_EDGE('',*,*,#1205,.T.);
#1589=ORIENTED_EDGE('',*,*,#1102,.T.);
#1590=ORIENTED_EDGE('',*,*,#1202,.F.);
#1591=ORIENTED_EDGE('',*,*,#1103,.F.);
#1592=ORIENTED_EDGE('',*,*,#1205,.F.);
#1593=ORIENTED_EDGE('',*,*,#1206,.F.);
#1594=ORIENTED_EDGE('',*,*,#1190,.T.);
#1595=ORIENTED_EDGE('',*,*,#1207,.T.);
#1596=ORIENTED_EDGE('',*,*,#1208,.T.);
#1597=ORIENTED_EDGE('',*,*,#1209,.T.);
#1598=ORIENTED_EDGE('',*,*,#1210,.T.);
#1599=ORIENTED_EDGE('',*,*,#1211,.T.);
#1600=ORIENTED_EDGE('',*,*,#1212,.T.);
#1601=ORIENTED_EDGE('',*,*,#1213,.T.);
#1602=ORIENTED_EDGE('',*,*,#1214,.F.);
#1603=ORIENTED_EDGE('',*,*,#1215,.F.);
#1604=ORIENTED_EDGE('',*,*,#1216,.F.);
#1605=ORIENTED_EDGE('',*,*,#1217,.F.);
#1606=ORIENTED_EDGE('',*,*,#1218,.F.);
#1607=ORIENTED_EDGE('',*,*,#1219,.F.);
#1608=ORIENTED_EDGE('',*,*,#1107,.F.);
#1609=ORIENTED_EDGE('',*,*,#1188,.T.);
#1610=ORIENTED_EDGE('',*,*,#1220,.F.);
#1611=ORIENTED_EDGE('',*,*,#1131,.F.);
#1612=ORIENTED_EDGE('',*,*,#1136,.T.);
#1613=ORIENTED_EDGE('',*,*,#1138,.T.);
#1614=ORIENTED_EDGE('',*,*,#1140,.F.);
#1615=ORIENTED_EDGE('',*,*,#1144,.F.);
#1616=ORIENTED_EDGE('',*,*,#1221,.T.);
#1617=ORIENTED_EDGE('',*,*,#1222,.T.);
#1618=ORIENTED_EDGE('',*,*,#1223,.F.);
#1619=ORIENTED_EDGE('',*,*,#1224,.T.);
#1620=ORIENTED_EDGE('',*,*,#1115,.T.);
#1621=ORIENTED_EDGE('',*,*,#1180,.T.);
#1622=ORIENTED_EDGE('',*,*,#1177,.F.);
#1623=ORIENTED_EDGE('',*,*,#1225,.T.);
#1624=ORIENTED_EDGE('',*,*,#1226,.T.);
#1625=ORIENTED_EDGE('',*,*,#1227,.T.);
#1626=ORIENTED_EDGE('',*,*,#1228,.T.);
#1627=ORIENTED_EDGE('',*,*,#1229,.T.);
#1628=ORIENTED_EDGE('',*,*,#1230,.T.);
#1629=ORIENTED_EDGE('',*,*,#1231,.T.);
#1630=ORIENTED_EDGE('',*,*,#1221,.F.);
#1631=ORIENTED_EDGE('',*,*,#1143,.F.);
#1632=ORIENTED_EDGE('',*,*,#1123,.F.);
#1633=ORIENTED_EDGE('',*,*,#1232,.F.);
#1634=ORIENTED_EDGE('',*,*,#1233,.F.);
#1635=ORIENTED_EDGE('',*,*,#1234,.F.);
#1636=ORIENTED_EDGE('',*,*,#1235,.F.);
#1637=ORIENTED_EDGE('',*,*,#1236,.F.);
#1638=ORIENTED_EDGE('',*,*,#1154,.F.);
#1639=ORIENTED_EDGE('',*,*,#1179,.F.);
#1640=ORIENTED_EDGE('',*,*,#1181,.T.);
#1641=ORIENTED_EDGE('',*,*,#1141,.F.);
#1642=ORIENTED_EDGE('',*,*,#1237,.T.);
#1643=ORIENTED_EDGE('',*,*,#1238,.T.);
#1644=ORIENTED_EDGE('',*,*,#1218,.T.);
#1645=ORIENTED_EDGE('',*,*,#1239,.T.);
#1646=ORIENTED_EDGE('',*,*,#1198,.T.);
#1647=ORIENTED_EDGE('',*,*,#1099,.F.);
#1648=ORIENTED_EDGE('',*,*,#1240,.F.);
#1649=ORIENTED_EDGE('',*,*,#1241,.F.);
#1650=ORIENTED_EDGE('',*,*,#1242,.F.);
#1651=ORIENTED_EDGE('',*,*,#1243,.F.);
#1652=ORIENTED_EDGE('',*,*,#1244,.F.);
#1653=ORIENTED_EDGE('',*,*,#1245,.F.);
#1654=ORIENTED_EDGE('',*,*,#1246,.T.);
#1655=ORIENTED_EDGE('',*,*,#1247,.T.);
#1656=ORIENTED_EDGE('',*,*,#1248,.T.);
#1657=ORIENTED_EDGE('',*,*,#1249,.T.);
#1658=ORIENTED_EDGE('',*,*,#1250,.T.);
#1659=ORIENTED_EDGE('',*,*,#1251,.T.);
#1660=ORIENTED_EDGE('',*,*,#1252,.T.);
#1661=ORIENTED_EDGE('',*,*,#1196,.T.);
#1662=ORIENTED_EDGE('',*,*,#1238,.F.);
#1663=ORIENTED_EDGE('',*,*,#1253,.T.);
#1664=ORIENTED_EDGE('',*,*,#1173,.F.);
#1665=ORIENTED_EDGE('',*,*,#1108,.T.);
#1666=ORIENTED_EDGE('',*,*,#1219,.T.);
#1667=ORIENTED_EDGE('',*,*,#1241,.T.);
#1668=ORIENTED_EDGE('',*,*,#1254,.T.);
#1669=ORIENTED_EDGE('',*,*,#1255,.T.);
#1670=ORIENTED_EDGE('',*,*,#1256,.T.);
#1671=ORIENTED_EDGE('',*,*,#1255,.F.);
#1672=ORIENTED_EDGE('',*,*,#1257,.F.);
#1673=ORIENTED_EDGE('',*,*,#1258,.F.);
#1674=ORIENTED_EDGE('',*,*,#1259,.F.);
#1675=ORIENTED_EDGE('',*,*,#1260,.F.);
#1676=ORIENTED_EDGE('',*,*,#1261,.F.);
#1677=ORIENTED_EDGE('',*,*,#1254,.F.);
#1678=ORIENTED_EDGE('',*,*,#1240,.T.);
#1679=ORIENTED_EDGE('',*,*,#1098,.T.);
#1680=ORIENTED_EDGE('',*,*,#1262,.F.);
#1681=ORIENTED_EDGE('',*,*,#1257,.T.);
#1682=ORIENTED_EDGE('',*,*,#1145,.F.);
#1683=ORIENTED_EDGE('',*,*,#1263,.T.);
#1684=ORIENTED_EDGE('',*,*,#1258,.T.);
#1685=ORIENTED_EDGE('',*,*,#1262,.T.);
#1686=ORIENTED_EDGE('',*,*,#1097,.T.);
#1687=ORIENTED_EDGE('',*,*,#1155,.F.);
#1688=ORIENTED_EDGE('',*,*,#1236,.T.);
#1689=ORIENTED_EDGE('',*,*,#1264,.T.);
#1690=ORIENTED_EDGE('',*,*,#1265,.F.);
#1691=ORIENTED_EDGE('',*,*,#1259,.T.);
#1692=ORIENTED_EDGE('',*,*,#1263,.F.);
#1693=ORIENTED_EDGE('',*,*,#1237,.F.);
#1694=ORIENTED_EDGE('',*,*,#1266,.F.);
#1695=ORIENTED_EDGE('',*,*,#1267,.F.);
#1696=ORIENTED_EDGE('',*,*,#1170,.F.);
#1697=ORIENTED_EDGE('',*,*,#1174,.F.);
#1698=ORIENTED_EDGE('',*,*,#1253,.F.);
#1699=ORIENTED_EDGE('',*,*,#1239,.F.);
#1700=ORIENTED_EDGE('',*,*,#1217,.T.);
#1701=ORIENTED_EDGE('',*,*,#1268,.T.);
#1702=ORIENTED_EDGE('',*,*,#1266,.T.);
#1703=ORIENTED_EDGE('',*,*,#1256,.F.);
#1704=ORIENTED_EDGE('',*,*,#1261,.T.);
#1705=ORIENTED_EDGE('',*,*,#1269,.T.);
#1706=ORIENTED_EDGE('',*,*,#1242,.T.);
#1707=ORIENTED_EDGE('',*,*,#1270,.F.);
#1708=ORIENTED_EDGE('',*,*,#1271,.F.);
#1709=ORIENTED_EDGE('',*,*,#1251,.F.);
#1710=ORIENTED_EDGE('',*,*,#1272,.F.);
#1711=ORIENTED_EDGE('',*,*,#1271,.T.);
#1712=ORIENTED_EDGE('',*,*,#1273,.F.);
#1713=ORIENTED_EDGE('',*,*,#1274,.T.);
#1714=ORIENTED_EDGE('',*,*,#1275,.F.);
#1715=ORIENTED_EDGE('',*,*,#1197,.F.);
#1716=ORIENTED_EDGE('',*,*,#1252,.F.);
#1717=ORIENTED_EDGE('',*,*,#1208,.F.);
#1718=ORIENTED_EDGE('',*,*,#1276,.F.);
#1719=ORIENTED_EDGE('',*,*,#1277,.F.);
#1720=ORIENTED_EDGE('',*,*,#1278,.F.);
#1721=ORIENTED_EDGE('',*,*,#1278,.T.);
#1722=ORIENTED_EDGE('',*,*,#1279,.F.);
#1723=ORIENTED_EDGE('',*,*,#1280,.F.);
#1724=ORIENTED_EDGE('',*,*,#1209,.F.);
#1725=ORIENTED_EDGE('',*,*,#1272,.T.);
#1726=ORIENTED_EDGE('',*,*,#1250,.F.);
#1727=ORIENTED_EDGE('',*,*,#1281,.F.);
#1728=ORIENTED_EDGE('',*,*,#1282,.F.);
#1729=ORIENTED_EDGE('',*,*,#1281,.T.);
#1730=ORIENTED_EDGE('',*,*,#1249,.F.);
#1731=ORIENTED_EDGE('',*,*,#1283,.F.);
#1732=ORIENTED_EDGE('',*,*,#1284,.F.);
#1733=ORIENTED_EDGE('',*,*,#1285,.F.);
#1734=ORIENTED_EDGE('',*,*,#1286,.F.);
#1735=ORIENTED_EDGE('',*,*,#1283,.T.);
#1736=ORIENTED_EDGE('',*,*,#1248,.F.);
#1737=ORIENTED_EDGE('',*,*,#1287,.F.);
#1738=ORIENTED_EDGE('',*,*,#1288,.F.);
#1739=ORIENTED_EDGE('',*,*,#1285,.T.);
#1740=ORIENTED_EDGE('',*,*,#1247,.F.);
#1741=ORIENTED_EDGE('',*,*,#1289,.F.);
#1742=ORIENTED_EDGE('',*,*,#1210,.F.);
#1743=ORIENTED_EDGE('',*,*,#1280,.T.);
#1744=ORIENTED_EDGE('',*,*,#1290,.F.);
#1745=ORIENTED_EDGE('',*,*,#1289,.T.);
#1746=ORIENTED_EDGE('',*,*,#1291,.F.);
#1747=ORIENTED_EDGE('',*,*,#1292,.F.);
#1748=ORIENTED_EDGE('',*,*,#1211,.F.);
#1749=ORIENTED_EDGE('',*,*,#1293,.F.);
#1750=ORIENTED_EDGE('',*,*,#1212,.F.);
#1751=ORIENTED_EDGE('',*,*,#1292,.T.);
#1752=ORIENTED_EDGE('',*,*,#1294,.F.);
#1753=ORIENTED_EDGE('',*,*,#1277,.T.);
#1754=ORIENTED_EDGE('',*,*,#1295,.T.);
#1755=ORIENTED_EDGE('',*,*,#1296,.T.);
#1756=ORIENTED_EDGE('',*,*,#1297,.T.);
#1757=ORIENTED_EDGE('',*,*,#1298,.T.);
#1758=ORIENTED_EDGE('',*,*,#1279,.T.);
#1759=ORIENTED_EDGE('',*,*,#1290,.T.);
#1760=ORIENTED_EDGE('',*,*,#1298,.F.);
#1761=ORIENTED_EDGE('',*,*,#1299,.F.);
#1762=ORIENTED_EDGE('',*,*,#1300,.F.);
#1763=ORIENTED_EDGE('',*,*,#1301,.F.);
#1764=ORIENTED_EDGE('',*,*,#1302,.F.);
#1765=ORIENTED_EDGE('',*,*,#1291,.T.);
#1766=ORIENTED_EDGE('',*,*,#1302,.T.);
#1767=ORIENTED_EDGE('',*,*,#1303,.T.);
#1768=ORIENTED_EDGE('',*,*,#1304,.T.);
#1769=ORIENTED_EDGE('',*,*,#1294,.T.);
#1770=ORIENTED_EDGE('',*,*,#1304,.F.);
#1771=ORIENTED_EDGE('',*,*,#1305,.F.);
#1772=ORIENTED_EDGE('',*,*,#1306,.T.);
#1773=ORIENTED_EDGE('',*,*,#1307,.T.);
#1774=ORIENTED_EDGE('',*,*,#1308,.F.);
#1775=ORIENTED_EDGE('',*,*,#1309,.F.);
#1776=ORIENTED_EDGE('',*,*,#1310,.F.);
#1777=ORIENTED_EDGE('',*,*,#1311,.F.);
#1778=ORIENTED_EDGE('',*,*,#1226,.F.);
#1779=ORIENTED_EDGE('',*,*,#1312,.F.);
#1780=ORIENTED_EDGE('',*,*,#1274,.F.);
#1781=ORIENTED_EDGE('',*,*,#1270,.T.);
#1782=ORIENTED_EDGE('',*,*,#1282,.T.);
#1783=ORIENTED_EDGE('',*,*,#1313,.T.);
#1784=ORIENTED_EDGE('',*,*,#1314,.T.);
#1785=ORIENTED_EDGE('',*,*,#1310,.T.);
#1786=ORIENTED_EDGE('',*,*,#1273,.T.);
#1787=ORIENTED_EDGE('',*,*,#1311,.T.);
#1788=ORIENTED_EDGE('',*,*,#1314,.F.);
#1789=ORIENTED_EDGE('',*,*,#1315,.T.);
#1790=ORIENTED_EDGE('',*,*,#1316,.F.);
#1791=ORIENTED_EDGE('',*,*,#1227,.F.);
#1792=ORIENTED_EDGE('',*,*,#1317,.F.);
#1793=ORIENTED_EDGE('',*,*,#1318,.F.);
#1794=ORIENTED_EDGE('',*,*,#1319,.F.);
#1795=ORIENTED_EDGE('',*,*,#1296,.F.);
#1796=ORIENTED_EDGE('',*,*,#1320,.F.);
#1797=ORIENTED_EDGE('',*,*,#1276,.T.);
#1798=ORIENTED_EDGE('',*,*,#1207,.F.);
#1799=ORIENTED_EDGE('',*,*,#1189,.F.);
#1800=ORIENTED_EDGE('',*,*,#1321,.F.);
#1801=ORIENTED_EDGE('',*,*,#1320,.T.);
#1802=ORIENTED_EDGE('',*,*,#1295,.F.);
#1803=ORIENTED_EDGE('',*,*,#1206,.T.);
#1804=ORIENTED_EDGE('',*,*,#1204,.T.);
#1805=ORIENTED_EDGE('',*,*,#1192,.T.);
#1806=ORIENTED_EDGE('',*,*,#1275,.T.);
#1807=ORIENTED_EDGE('',*,*,#1312,.T.);
#1808=ORIENTED_EDGE('',*,*,#1225,.F.);
#1809=ORIENTED_EDGE('',*,*,#1176,.F.);
#1810=ORIENTED_EDGE('',*,*,#1200,.F.);
#1811=ORIENTED_EDGE('',*,*,#1201,.T.);
#1812=ORIENTED_EDGE('',*,*,#1157,.F.);
#1813=ORIENTED_EDGE('',*,*,#1162,.F.);
#1814=ORIENTED_EDGE('',*,*,#1322,.F.);
#1815=ORIENTED_EDGE('',*,*,#1317,.T.);
#1816=ORIENTED_EDGE('',*,*,#1321,.T.);
#1817=ORIENTED_EDGE('',*,*,#1186,.F.);
#1818=ORIENTED_EDGE('',*,*,#1203,.F.);
#1819=ORIENTED_EDGE('',*,*,#1110,.T.);
#1820=ORIENTED_EDGE('',*,*,#1323,.F.);
#1821=ORIENTED_EDGE('',*,*,#1324,.T.);
#1822=ORIENTED_EDGE('',*,*,#1300,.T.);
#1823=ORIENTED_EDGE('',*,*,#1325,.F.);
#1824=ORIENTED_EDGE('',*,*,#1319,.T.);
#1825=ORIENTED_EDGE('',*,*,#1326,.F.);
#1826=ORIENTED_EDGE('',*,*,#1325,.T.);
#1827=ORIENTED_EDGE('',*,*,#1299,.T.);
#1828=ORIENTED_EDGE('',*,*,#1297,.F.);
#1829=ORIENTED_EDGE('',*,*,#1284,.T.);
#1830=ORIENTED_EDGE('',*,*,#1327,.F.);
#1831=ORIENTED_EDGE('',*,*,#1328,.F.);
#1832=ORIENTED_EDGE('',*,*,#1329,.F.);
#1833=ORIENTED_EDGE('',*,*,#1315,.F.);
#1834=ORIENTED_EDGE('',*,*,#1313,.F.);
#1835=ORIENTED_EDGE('',*,*,#1228,.F.);
#1836=ORIENTED_EDGE('',*,*,#1316,.T.);
#1837=ORIENTED_EDGE('',*,*,#1329,.T.);
#1838=ORIENTED_EDGE('',*,*,#1330,.F.);
#1839=ORIENTED_EDGE('',*,*,#1286,.T.);
#1840=ORIENTED_EDGE('',*,*,#1331,.T.);
#1841=ORIENTED_EDGE('',*,*,#1332,.T.);
#1842=ORIENTED_EDGE('',*,*,#1327,.T.);
#1843=ORIENTED_EDGE('',*,*,#1330,.T.);
#1844=ORIENTED_EDGE('',*,*,#1328,.T.);
#1845=ORIENTED_EDGE('',*,*,#1332,.F.);
#1846=ORIENTED_EDGE('',*,*,#1333,.T.);
#1847=ORIENTED_EDGE('',*,*,#1334,.T.);
#1848=ORIENTED_EDGE('',*,*,#1229,.F.);
#1849=ORIENTED_EDGE('',*,*,#1335,.F.);
#1850=ORIENTED_EDGE('',*,*,#1336,.F.);
#1851=ORIENTED_EDGE('',*,*,#1337,.F.);
#1852=ORIENTED_EDGE('',*,*,#1338,.F.);
#1853=ORIENTED_EDGE('',*,*,#1339,.T.);
#1854=ORIENTED_EDGE('',*,*,#1340,.F.);
#1855=ORIENTED_EDGE('',*,*,#1306,.F.);
#1856=ORIENTED_EDGE('',*,*,#1341,.F.);
#1857=ORIENTED_EDGE('',*,*,#1182,.T.);
#1858=ORIENTED_EDGE('',*,*,#1132,.F.);
#1859=ORIENTED_EDGE('',*,*,#1220,.T.);
#1860=ORIENTED_EDGE('',*,*,#1342,.T.);
#1861=ORIENTED_EDGE('',*,*,#1335,.T.);
#1862=ORIENTED_EDGE('',*,*,#1343,.T.);
#1863=ORIENTED_EDGE('',*,*,#1323,.T.);
#1864=ORIENTED_EDGE('',*,*,#1326,.T.);
#1865=ORIENTED_EDGE('',*,*,#1318,.T.);
#1866=ORIENTED_EDGE('',*,*,#1322,.T.);
#1867=ORIENTED_EDGE('',*,*,#1161,.F.);
#1868=ORIENTED_EDGE('',*,*,#1336,.T.);
#1869=ORIENTED_EDGE('',*,*,#1342,.F.);
#1870=ORIENTED_EDGE('',*,*,#1224,.F.);
#1871=ORIENTED_EDGE('',*,*,#1344,.F.);
#1872=ORIENTED_EDGE('',*,*,#1345,.F.);
#1873=ORIENTED_EDGE('',*,*,#1346,.F.);
#1874=ORIENTED_EDGE('',*,*,#1347,.F.);
#1875=ORIENTED_EDGE('',*,*,#1348,.F.);
#1876=ORIENTED_EDGE('',*,*,#1349,.F.);
#1877=ORIENTED_EDGE('',*,*,#1350,.F.);
#1878=ORIENTED_EDGE('',*,*,#1230,.F.);
#1879=ORIENTED_EDGE('',*,*,#1334,.F.);
#1880=ORIENTED_EDGE('',*,*,#1288,.T.);
#1881=ORIENTED_EDGE('',*,*,#1351,.F.);
#1882=ORIENTED_EDGE('',*,*,#1352,.F.);
#1883=ORIENTED_EDGE('',*,*,#1353,.T.);
#1884=ORIENTED_EDGE('',*,*,#1345,.T.);
#1885=ORIENTED_EDGE('',*,*,#1333,.F.);
#1886=ORIENTED_EDGE('',*,*,#1331,.F.);
#1887=ORIENTED_EDGE('',*,*,#1346,.T.);
#1888=ORIENTED_EDGE('',*,*,#1353,.F.);
#1889=ORIENTED_EDGE('',*,*,#1354,.F.);
#1890=ORIENTED_EDGE('',*,*,#1355,.F.);
#1891=ORIENTED_EDGE('',*,*,#1356,.F.);
#1892=ORIENTED_EDGE('',*,*,#1347,.T.);
#1893=ORIENTED_EDGE('',*,*,#1340,.T.);
#1894=ORIENTED_EDGE('',*,*,#1339,.F.);
#1895=ORIENTED_EDGE('',*,*,#1357,.F.);
#1896=ORIENTED_EDGE('',*,*,#1358,.F.);
#1897=ORIENTED_EDGE('',*,*,#1359,.F.);
#1898=ORIENTED_EDGE('',*,*,#1307,.F.);
#1899=ORIENTED_EDGE('',*,*,#1359,.T.);
#1900=ORIENTED_EDGE('',*,*,#1360,.F.);
#1901=ORIENTED_EDGE('',*,*,#1308,.T.);
#1902=ORIENTED_EDGE('',*,*,#1354,.T.);
#1903=ORIENTED_EDGE('',*,*,#1352,.T.);
#1904=ORIENTED_EDGE('',*,*,#1361,.F.);
#1905=ORIENTED_EDGE('',*,*,#1324,.F.);
#1906=ORIENTED_EDGE('',*,*,#1343,.F.);
#1907=ORIENTED_EDGE('',*,*,#1341,.T.);
#1908=ORIENTED_EDGE('',*,*,#1305,.T.);
#1909=ORIENTED_EDGE('',*,*,#1303,.F.);
#1910=ORIENTED_EDGE('',*,*,#1301,.T.);
#1911=ORIENTED_EDGE('',*,*,#1350,.T.);
#1912=ORIENTED_EDGE('',*,*,#1362,.F.);
#1913=ORIENTED_EDGE('',*,*,#1222,.F.);
#1914=ORIENTED_EDGE('',*,*,#1231,.F.);
#1915=ORIENTED_EDGE('',*,*,#1338,.T.);
#1916=ORIENTED_EDGE('',*,*,#1363,.T.);
#1917=ORIENTED_EDGE('',*,*,#1364,.F.);
#1918=ORIENTED_EDGE('',*,*,#1365,.T.);
#1919=ORIENTED_EDGE('',*,*,#1357,.T.);
#1920=ORIENTED_EDGE('',*,*,#1348,.T.);
#1921=ORIENTED_EDGE('',*,*,#1356,.T.);
#1922=ORIENTED_EDGE('',*,*,#1366,.T.);
#1923=ORIENTED_EDGE('',*,*,#1367,.T.);
#1924=ORIENTED_EDGE('',*,*,#1368,.T.);
#1925=ORIENTED_EDGE('',*,*,#1358,.T.);
#1926=ORIENTED_EDGE('',*,*,#1365,.F.);
#1927=ORIENTED_EDGE('',*,*,#1369,.F.);
#1928=ORIENTED_EDGE('',*,*,#1370,.F.);
#1929=ORIENTED_EDGE('',*,*,#1371,.F.);
#1930=ORIENTED_EDGE('',*,*,#1372,.F.);
#1931=ORIENTED_EDGE('',*,*,#1213,.F.);
#1932=ORIENTED_EDGE('',*,*,#1293,.T.);
#1933=ORIENTED_EDGE('',*,*,#1309,.T.);
#1934=ORIENTED_EDGE('',*,*,#1360,.T.);
#1935=ORIENTED_EDGE('',*,*,#1355,.T.);
#1936=ORIENTED_EDGE('',*,*,#1361,.T.);
#1937=ORIENTED_EDGE('',*,*,#1351,.T.);
#1938=ORIENTED_EDGE('',*,*,#1287,.T.);
#1939=ORIENTED_EDGE('',*,*,#1246,.F.);
#1940=ORIENTED_EDGE('',*,*,#1373,.F.);
#1941=ORIENTED_EDGE('',*,*,#1374,.F.);
#1942=ORIENTED_EDGE('',*,*,#1375,.F.);
#1943=ORIENTED_EDGE('',*,*,#1376,.F.);
#1944=ORIENTED_EDGE('',*,*,#1366,.F.);
#1945=ORIENTED_EDGE('',*,*,#1377,.F.);
#1946=ORIENTED_EDGE('',*,*,#1378,.T.);
#1947=ORIENTED_EDGE('',*,*,#1379,.T.);
#1948=ORIENTED_EDGE('',*,*,#1380,.T.);
#1949=ORIENTED_EDGE('',*,*,#1369,.T.);
#1950=ORIENTED_EDGE('',*,*,#1364,.T.);
#1951=ORIENTED_EDGE('',*,*,#1381,.T.);
#1952=ORIENTED_EDGE('',*,*,#1382,.F.);
#1953=ORIENTED_EDGE('',*,*,#1383,.T.);
#1954=ORIENTED_EDGE('',*,*,#1367,.F.);
#1955=ORIENTED_EDGE('',*,*,#1376,.T.);
#1956=ORIENTED_EDGE('',*,*,#1384,.T.);
#1957=ORIENTED_EDGE('',*,*,#1385,.T.);
#1958=ORIENTED_EDGE('',*,*,#1386,.F.);
#1959=ORIENTED_EDGE('',*,*,#1349,.T.);
#1960=ORIENTED_EDGE('',*,*,#1368,.F.);
#1961=ORIENTED_EDGE('',*,*,#1383,.F.);
#1962=ORIENTED_EDGE('',*,*,#1387,.F.);
#1963=ORIENTED_EDGE('',*,*,#1119,.T.);
#1964=ORIENTED_EDGE('',*,*,#1388,.F.);
#1965=ORIENTED_EDGE('',*,*,#1381,.F.);
#1966=ORIENTED_EDGE('',*,*,#1363,.F.);
#1967=ORIENTED_EDGE('',*,*,#1337,.T.);
#1968=ORIENTED_EDGE('',*,*,#1344,.T.);
#1969=ORIENTED_EDGE('',*,*,#1223,.T.);
#1970=ORIENTED_EDGE('',*,*,#1362,.T.);
#1971=ORIENTED_EDGE('',*,*,#1386,.T.);
#1972=ORIENTED_EDGE('',*,*,#1389,.T.);
#1973=ORIENTED_EDGE('',*,*,#1390,.T.);
#1974=ORIENTED_EDGE('',*,*,#1233,.T.);
#1975=ORIENTED_EDGE('',*,*,#1391,.T.);
#1976=ORIENTED_EDGE('',*,*,#1269,.F.);
#1977=ORIENTED_EDGE('',*,*,#1392,.T.);
#1978=ORIENTED_EDGE('',*,*,#1393,.T.);
#1979=ORIENTED_EDGE('',*,*,#1243,.T.);
#1980=ORIENTED_EDGE('',*,*,#1394,.T.);
#1981=ORIENTED_EDGE('',*,*,#1244,.T.);
#1982=ORIENTED_EDGE('',*,*,#1393,.F.);
#1983=ORIENTED_EDGE('',*,*,#1395,.T.);
#1984=ORIENTED_EDGE('',*,*,#1373,.T.);
#1985=ORIENTED_EDGE('',*,*,#1245,.T.);
#1986=ORIENTED_EDGE('',*,*,#1394,.F.);
#1987=ORIENTED_EDGE('',*,*,#1396,.T.);
#1988=ORIENTED_EDGE('',*,*,#1397,.T.);
#1989=ORIENTED_EDGE('',*,*,#1398,.T.);
#1990=ORIENTED_EDGE('',*,*,#1268,.F.);
#1991=ORIENTED_EDGE('',*,*,#1216,.T.);
#1992=ORIENTED_EDGE('',*,*,#1397,.F.);
#1993=ORIENTED_EDGE('',*,*,#1215,.T.);
#1994=ORIENTED_EDGE('',*,*,#1399,.T.);
#1995=ORIENTED_EDGE('',*,*,#1400,.T.);
#1996=ORIENTED_EDGE('',*,*,#1372,.T.);
#1997=ORIENTED_EDGE('',*,*,#1401,.T.);
#1998=ORIENTED_EDGE('',*,*,#1399,.F.);
#1999=ORIENTED_EDGE('',*,*,#1214,.T.);
#2000=ORIENTED_EDGE('',*,*,#1398,.F.);
#2001=ORIENTED_EDGE('',*,*,#1402,.T.);
#2002=ORIENTED_EDGE('',*,*,#1403,.T.);
#2003=ORIENTED_EDGE('',*,*,#1404,.T.);
#2004=ORIENTED_EDGE('',*,*,#1171,.T.);
#2005=ORIENTED_EDGE('',*,*,#1267,.T.);
#2006=ORIENTED_EDGE('',*,*,#1400,.F.);
#2007=ORIENTED_EDGE('',*,*,#1405,.F.);
#2008=ORIENTED_EDGE('',*,*,#1406,.F.);
#2009=ORIENTED_EDGE('',*,*,#1402,.F.);
#2010=ORIENTED_EDGE('',*,*,#1401,.F.);
#2011=ORIENTED_EDGE('',*,*,#1371,.T.);
#2012=ORIENTED_EDGE('',*,*,#1407,.T.);
#2013=ORIENTED_EDGE('',*,*,#1379,.F.);
#2014=ORIENTED_EDGE('',*,*,#1408,.F.);
#2015=ORIENTED_EDGE('',*,*,#1409,.T.);
#2016=ORIENTED_EDGE('',*,*,#1405,.T.);
#2017=ORIENTED_EDGE('',*,*,#1165,.T.);
#2018=ORIENTED_EDGE('',*,*,#1172,.T.);
#2019=ORIENTED_EDGE('',*,*,#1404,.F.);
#2020=ORIENTED_EDGE('',*,*,#1410,.F.);
#2021=ORIENTED_EDGE('',*,*,#1392,.F.);
#2022=ORIENTED_EDGE('',*,*,#1260,.T.);
#2023=ORIENTED_EDGE('',*,*,#1265,.T.);
#2024=ORIENTED_EDGE('',*,*,#1411,.T.);
#2025=ORIENTED_EDGE('',*,*,#1412,.T.);
#2026=ORIENTED_EDGE('',*,*,#1413,.T.);
#2027=ORIENTED_EDGE('',*,*,#1235,.T.);
#2028=ORIENTED_EDGE('',*,*,#1414,.T.);
#2029=ORIENTED_EDGE('',*,*,#1411,.F.);
#2030=ORIENTED_EDGE('',*,*,#1264,.F.);
#2031=ORIENTED_EDGE('',*,*,#1395,.F.);
#2032=ORIENTED_EDGE('',*,*,#1413,.F.);
#2033=ORIENTED_EDGE('',*,*,#1415,.F.);
#2034=ORIENTED_EDGE('',*,*,#1416,.F.);
#2035=ORIENTED_EDGE('',*,*,#1414,.F.);
#2036=ORIENTED_EDGE('',*,*,#1234,.T.);
#2037=ORIENTED_EDGE('',*,*,#1390,.F.);
#2038=ORIENTED_EDGE('',*,*,#1417,.F.);
#2039=ORIENTED_EDGE('',*,*,#1415,.T.);
#2040=ORIENTED_EDGE('',*,*,#1412,.F.);
#2041=ORIENTED_EDGE('',*,*,#1418,.T.);
#2042=ORIENTED_EDGE('',*,*,#1167,.T.);
#2043=ORIENTED_EDGE('',*,*,#1419,.T.);
#2044=ORIENTED_EDGE('',*,*,#1408,.T.);
#2045=ORIENTED_EDGE('',*,*,#1378,.F.);
#2046=ORIENTED_EDGE('',*,*,#1121,.F.);
#2047=ORIENTED_EDGE('',*,*,#1168,.T.);
#2048=ORIENTED_EDGE('',*,*,#1418,.F.);
#2049=ORIENTED_EDGE('',*,*,#1377,.T.);
#2050=ORIENTED_EDGE('',*,*,#1388,.T.);
#2051=ORIENTED_EDGE('',*,*,#1118,.T.);
#2052=ORIENTED_EDGE('',*,*,#1396,.F.);
#2053=ORIENTED_EDGE('',*,*,#1416,.T.);
#2054=ORIENTED_EDGE('',*,*,#1417,.T.);
#2055=ORIENTED_EDGE('',*,*,#1389,.F.);
#2056=ORIENTED_EDGE('',*,*,#1385,.F.);
#2057=ORIENTED_EDGE('',*,*,#1420,.T.);
#2058=ORIENTED_EDGE('',*,*,#1374,.T.);
#2059=ORIENTED_EDGE('',*,*,#1380,.F.);
#2060=ORIENTED_EDGE('',*,*,#1407,.F.);
#2061=ORIENTED_EDGE('',*,*,#1370,.T.);
#2062=ORIENTED_EDGE('',*,*,#1384,.F.);
#2063=ORIENTED_EDGE('',*,*,#1375,.T.);
#2064=ORIENTED_EDGE('',*,*,#1420,.F.);
#2065=ORIENTED_EDGE('',*,*,#1410,.T.);
#2066=ORIENTED_EDGE('',*,*,#1403,.F.);
#2067=ORIENTED_EDGE('',*,*,#1406,.T.);
#2068=ORIENTED_EDGE('',*,*,#1409,.F.);
#2069=ORIENTED_EDGE('',*,*,#1419,.F.);
#2070=ORIENTED_EDGE('',*,*,#1166,.T.);
#2071=ORIENTED_EDGE('',*,*,#1122,.F.);
#2072=ORIENTED_EDGE('',*,*,#1120,.T.);
#2073=ORIENTED_EDGE('',*,*,#1387,.T.);
#2074=ORIENTED_EDGE('',*,*,#1382,.T.);
#2075=ORIENTED_EDGE('',*,*,#1391,.F.);
#2076=ORIENTED_EDGE('',*,*,#1232,.T.);
#2077=CONICAL_SURFACE('',#2215,1.85,0.785398163397447);
#2078=CONICAL_SURFACE('',#2225,1.85,0.78539816339743);
#2079=CONICAL_SURFACE('',#2328,19.5,0.785398163397464);
#2080=CONICAL_SURFACE('',#2331,31.5,0.785398163397471);
#2081=CONICAL_SURFACE('',#2333,19.5,0.785398163397462);
#2082=CONICAL_SURFACE('',#2336,31.5,0.785398163397471);
#2083=CONICAL_SURFACE('',#2400,18.4393398282202,0.785398163397464);
#2084=CONICAL_SURFACE('',#2403,32.5606601717798,0.785398163397471);
#2085=CONICAL_SURFACE('',#2405,18.4393398282202,0.785398163397462);
#2086=CONICAL_SURFACE('',#2408,32.5606601717798,0.785398163397471);
#2087=ADVANCED_FACE('',(#219),#2077,.F.);
#2088=ADVANCED_FACE('',(#220,#85),#155,.T.);
#2089=ADVANCED_FACE('',(#221),#45,.F.);
#2090=ADVANCED_FACE('',(#222),#2078,.F.);
#2091=ADVANCED_FACE('',(#223),#46,.F.);
#2092=ADVANCED_FACE('',(#224,#86),#156,.T.);
#2093=ADVANCED_FACE('',(#225),#47,.T.);
#2094=ADVANCED_FACE('',(#226),#48,.F.);
#2095=ADVANCED_FACE('',(#227),#157,.T.);
#2096=ADVANCED_FACE('',(#228),#158,.F.);
#2097=ADVANCED_FACE('',(#229),#159,.T.);
#2098=ADVANCED_FACE('',(#230),#49,.F.);
#2099=ADVANCED_FACE('',(#231),#50,.T.);
#2100=ADVANCED_FACE('',(#232),#160,.T.);
#2101=ADVANCED_FACE('',(#233),#51,.F.);
#2102=ADVANCED_FACE('',(#234),#161,.T.);
#2103=ADVANCED_FACE('',(#235),#162,.T.);
#2104=ADVANCED_FACE('',(#236),#52,.T.);
#2105=ADVANCED_FACE('',(#237),#53,.F.);
#2106=ADVANCED_FACE('',(#238),#163,.F.);
#2107=ADVANCED_FACE('',(#239),#164,.F.);
#2108=ADVANCED_FACE('',(#240),#54,.F.);
#2109=ADVANCED_FACE('',(#241),#165,.F.);
#2110=ADVANCED_FACE('',(#242),#166,.T.);
#2111=ADVANCED_FACE('',(#243),#55,.F.);
#2112=ADVANCED_FACE('',(#244),#167,.T.);
#2113=ADVANCED_FACE('',(#245),#168,.F.);
#2114=ADVANCED_FACE('',(#246),#169,.T.);
#2115=ADVANCED_FACE('',(#247),#170,.F.);
#2116=ADVANCED_FACE('',(#248),#171,.T.);
#2117=ADVANCED_FACE('',(#249),#172,.T.);
#2118=ADVANCED_FACE('',(#250),#173,.F.);
#2119=ADVANCED_FACE('',(#251),#174,.T.);
#2120=ADVANCED_FACE('',(#252,#87),#175,.F.);
#2121=ADVANCED_FACE('',(#253),#176,.F.);
#2122=ADVANCED_FACE('',(#254),#177,.T.);
#2123=ADVANCED_FACE('',(#255),#56,.T.);
#2124=ADVANCED_FACE('',(#256),#178,.T.);
#2125=ADVANCED_FACE('',(#257),#179,.T.);
#2126=ADVANCED_FACE('',(#258),#57,.T.);
#2127=ADVANCED_FACE('',(#259),#180,.F.);
#2128=ADVANCED_FACE('',(#260),#181,.T.);
#2129=ADVANCED_FACE('',(#261),#58,.T.);
#2130=ADVANCED_FACE('',(#262),#182,.T.);
#2131=ADVANCED_FACE('',(#263),#183,.F.);
#2132=ADVANCED_FACE('',(#264),#184,.T.);
#2133=ADVANCED_FACE('',(#265),#185,.T.);
#2134=ADVANCED_FACE('',(#266),#59,.F.);
#2135=ADVANCED_FACE('',(#267),#186,.F.);
#2136=ADVANCED_FACE('',(#268),#60,.F.);
#2137=ADVANCED_FACE('',(#269),#187,.F.);
#2138=ADVANCED_FACE('',(#270),#188,.F.);
#2139=ADVANCED_FACE('',(#271),#2079,.T.);
#2140=ADVANCED_FACE('',(#272),#189,.F.);
#2141=ADVANCED_FACE('',(#273),#2080,.F.);
#2142=ADVANCED_FACE('',(#274),#2081,.T.);
#2143=ADVANCED_FACE('',(#275),#190,.F.);
#2144=ADVANCED_FACE('',(#276),#2082,.F.);
#2145=ADVANCED_FACE('',(#277),#191,.T.);
#2146=ADVANCED_FACE('',(#278),#61,.T.);
#2147=ADVANCED_FACE('',(#279),#192,.T.);
#2148=ADVANCED_FACE('',(#280),#62,.F.);
#2149=ADVANCED_FACE('',(#281),#63,.F.);
#2150=ADVANCED_FACE('',(#282),#193,.T.);
#2151=ADVANCED_FACE('',(#283),#194,.F.);
#2152=ADVANCED_FACE('',(#284),#64,.F.);
#2153=ADVANCED_FACE('',(#285),#195,.F.);
#2154=ADVANCED_FACE('',(#286,#88),#196,.F.);
#2155=ADVANCED_FACE('',(#287),#65,.T.);
#2156=ADVANCED_FACE('',(#288),#197,.F.);
#2157=ADVANCED_FACE('',(#289),#66,.T.);
#2158=ADVANCED_FACE('',(#290),#67,.T.);
#2159=ADVANCED_FACE('',(#291),#198,.T.);
#2160=ADVANCED_FACE('',(#292),#199,.F.);
#2161=ADVANCED_FACE('',(#293),#68,.F.);
#2162=ADVANCED_FACE('',(#294),#200,.F.);
#2163=ADVANCED_FACE('',(#295),#201,.F.);
#2164=ADVANCED_FACE('',(#296),#69,.F.);
#2165=ADVANCED_FACE('',(#297),#70,.F.);
#2166=ADVANCED_FACE('',(#298),#71,.F.);
#2167=ADVANCED_FACE('',(#299),#72,.F.);
#2168=ADVANCED_FACE('',(#300),#202,.F.);
#2169=ADVANCED_FACE('',(#301),#203,.F.);
#2170=ADVANCED_FACE('',(#302),#204,.F.);
#2171=ADVANCED_FACE('',(#303),#205,.F.);
#2172=ADVANCED_FACE('',(#304),#73,.F.);
#2173=ADVANCED_FACE('',(#305),#74,.F.);
#2174=ADVANCED_FACE('',(#306),#206,.T.);
#2175=ADVANCED_FACE('',(#307),#207,.T.);
#2176=ADVANCED_FACE('',(#308),#75,.T.);
#2177=ADVANCED_FACE('',(#309),#76,.T.);
#2178=ADVANCED_FACE('',(#310),#208,.T.);
#2179=ADVANCED_FACE('',(#311),#77,.T.);
#2180=ADVANCED_FACE('',(#312),#2083,.F.);
#2181=ADVANCED_FACE('',(#313),#209,.T.);
#2182=ADVANCED_FACE('',(#314),#2084,.T.);
#2183=ADVANCED_FACE('',(#315),#2085,.F.);
#2184=ADVANCED_FACE('',(#316),#210,.T.);
#2185=ADVANCED_FACE('',(#317),#2086,.T.);
#2186=ADVANCED_FACE('',(#318),#78,.F.);
#2187=ADVANCED_FACE('',(#319),#211,.F.);
#2188=ADVANCED_FACE('',(#320),#79,.T.);
#2189=ADVANCED_FACE('',(#321),#80,.F.);
#2190=ADVANCED_FACE('',(#322),#81,.F.);
#2191=ADVANCED_FACE('',(#323),#82,.F.);
#2192=ADVANCED_FACE('',(#324),#212,.F.);
#2193=ADVANCED_FACE('',(#325),#213,.T.);
#2194=ADVANCED_FACE('',(#326),#83,.T.);
#2195=ADVANCED_FACE('',(#327),#214,.T.);
#2196=ADVANCED_FACE('',(#328),#84,.T.);
#2197=ADVANCED_FACE('',(#329),#215,.T.);
#2198=ADVANCED_FACE('',(#330),#216,.T.);
#2199=ADVANCED_FACE('',(#331),#217,.T.);
#2200=ADVANCED_FACE('',(#332),#218,.T.);
#2201=CLOSED_SHELL('',(#2087,#2088,#2089,#2090,#2091,#2092,#2093,#2094,
#2095,#2096,#2097,#2098,#2099,#2100,#2101,#2102,#2103,#2104,#2105,#2106,
#2107,#2108,#2109,#2110,#2111,#2112,#2113,#2114,#2115,#2116,#2117,#2118,
#2119,#2120,#2121,#2122,#2123,#2124,#2125,#2126,#2127,#2128,#2129,#2130,
#2131,#2132,#2133,#2134,#2135,#2136,#2137,#2138,#2139,#2140,#2141,#2142,
#2143,#2144,#2145,#2146,#2147,#2148,#2149,#2150,#2151,#2152,#2153,#2154,
#2155,#2156,#2157,#2158,#2159,#2160,#2161,#2162,#2163,#2164,#2165,#2166,
#2167,#2168,#2169,#2170,#2171,#2172,#2173,#2174,#2175,#2176,#2177,#2178,
#2179,#2180,#2181,#2182,#2183,#2184,#2185,#2186,#2187,#2188,#2189,#2190,
#2191,#2192,#2193,#2194,#2195,#2196,#2197,#2198,#2199,#2200));
#2202=DERIVED_UNIT_ELEMENT(#2204,1.);
#2203=DERIVED_UNIT_ELEMENT(#3869,-3.);
#2204=(
MASS_UNIT()
NAMED_UNIT(*)
SI_UNIT(.KILO.,.GRAM.)
);
#2205=DERIVED_UNIT((#2202,#2203));
#2206=MEASURE_REPRESENTATION_ITEM('density measure',
POSITIVE_RATIO_MEASURE(7850.),#2205);
#2207=PROPERTY_DEFINITION_REPRESENTATION(#2212,#2209);
#2208=PROPERTY_DEFINITION_REPRESENTATION(#2213,#2210);
#2209=REPRESENTATION('material name',(#2211),#3866);
#2210=REPRESENTATION('density',(#2206),#3866);
#2211=DESCRIPTIVE_REPRESENTATION_ITEM('Steel','Steel');
#2212=PROPERTY_DEFINITION('material property','material name',#3876);
#2213=PROPERTY_DEFINITION('material property','density of part',#3876);
#2214=AXIS2_PLACEMENT_3D('',#3061,#2431,#2432);
#2215=AXIS2_PLACEMENT_3D('',#3062,#2433,#2434);
#2216=AXIS2_PLACEMENT_3D('',#3064,#2435,#2436);
#2217=AXIS2_PLACEMENT_3D('',#3067,#2438,#2439);
#2218=AXIS2_PLACEMENT_3D('',#3068,#2440,#2441);
#2219=AXIS2_PLACEMENT_3D('',#3073,#2443,#2444);
#2220=AXIS2_PLACEMENT_3D('',#3081,#2448,#2449);
#2221=AXIS2_PLACEMENT_3D('',#3089,#2453,#2454);
#2222=AXIS2_PLACEMENT_3D('',#3096,#2458,#2459);
#2223=AXIS2_PLACEMENT_3D('',#3097,#2460,#2461);
#2224=AXIS2_PLACEMENT_3D('',#3099,#2462,#2463);
#2225=AXIS2_PLACEMENT_3D('',#3101,#2465,#2466);
#2226=AXIS2_PLACEMENT_3D('',#3103,#2467,#2468);
#2227=AXIS2_PLACEMENT_3D('',#3106,#2470,#2471);
#2228=AXIS2_PLACEMENT_3D('',#3107,#2472,#2473);
#2229=AXIS2_PLACEMENT_3D('',#3109,#2474,#2475);
#2230=AXIS2_PLACEMENT_3D('',#3111,#2477,#2478);
#2231=AXIS2_PLACEMENT_3D('',#3120,#2483,#2484);
#2232=AXIS2_PLACEMENT_3D('',#3122,#2485,#2486);
#2233=AXIS2_PLACEMENT_3D('',#3124,#2487,#2488);
#2234=AXIS2_PLACEMENT_3D('',#3135,#2490,#2491);
#2235=AXIS2_PLACEMENT_3D('',#3139,#2493,#2494);
#2236=AXIS2_PLACEMENT_3D('',#3148,#2496,#2497);
#2237=AXIS2_PLACEMENT_3D('',#3152,#2499,#2500);
#2238=AXIS2_PLACEMENT_3D('',#3154,#2501,#2502);
#2239=AXIS2_PLACEMENT_3D('',#3157,#2504,#2505);
#2240=AXIS2_PLACEMENT_3D('',#3158,#2506,#2507);
#2241=AXIS2_PLACEMENT_3D('',#3162,#2510,#2511);
#2242=AXIS2_PLACEMENT_3D('',#3166,#2514,#2515);
#2243=AXIS2_PLACEMENT_3D('',#3170,#2518,#2519);
#2244=AXIS2_PLACEMENT_3D('',#3172,#2520,#2521);
#2245=AXIS2_PLACEMENT_3D('',#3176,#2523,#2524);
#2246=AXIS2_PLACEMENT_3D('',#3177,#2525,#2526);
#2247=AXIS2_PLACEMENT_3D('',#3178,#2527,#2528);
#2248=AXIS2_PLACEMENT_3D('',#3194,#2529,#2530);
#2249=AXIS2_PLACEMENT_3D('',#3205,#2532,#2533);
#2250=AXIS2_PLACEMENT_3D('',#3209,#2535,#2536);
#2251=AXIS2_PLACEMENT_3D('',#3219,#2538,#2539);
#2252=AXIS2_PLACEMENT_3D('',#3220,#2540,#2541);
#2253=AXIS2_PLACEMENT_3D('',#3226,#2545,#2546);
#2254=AXIS2_PLACEMENT_3D('',#3228,#2547,#2548);
#2255=AXIS2_PLACEMENT_3D('',#3232,#2550,#2551);
#2256=AXIS2_PLACEMENT_3D('',#3233,#2552,#2553);
#2257=AXIS2_PLACEMENT_3D('',#3234,#2554,#2555);
#2258=AXIS2_PLACEMENT_3D('',#3239,#2558,#2559);
#2259=AXIS2_PLACEMENT_3D('',#3243,#2561,#2562);
#2260=AXIS2_PLACEMENT_3D('',#3245,#2564,#2565);
#2261=AXIS2_PLACEMENT_3D('',#3251,#2568,#2569);
#2262=AXIS2_PLACEMENT_3D('',#3253,#2571,#2572);
#2263=AXIS2_PLACEMENT_3D('',#3256,#2574,#2575);
#2264=AXIS2_PLACEMENT_3D('',#3257,#2576,#2577);
#2265=AXIS2_PLACEMENT_3D('',#3261,#2579,#2580);
#2266=AXIS2_PLACEMENT_3D('',#3263,#2581,#2582);
#2267=AXIS2_PLACEMENT_3D('',#3266,#2584,#2585);
#2268=AXIS2_PLACEMENT_3D('',#3267,#2586,#2587);
#2269=AXIS2_PLACEMENT_3D('',#3270,#2590,#2591);
#2270=AXIS2_PLACEMENT_3D('',#3272,#2593,#2594);
#2271=AXIS2_PLACEMENT_3D('',#3275,#2595,#2596);
#2272=AXIS2_PLACEMENT_3D('',#3279,#2599,#2600);
#2273=AXIS2_PLACEMENT_3D('',#3280,#2601,#2602);
#2274=AXIS2_PLACEMENT_3D('',#3284,#2605,#2606);
#2275=AXIS2_PLACEMENT_3D('',#3288,#2609,#2610);
#2276=AXIS2_PLACEMENT_3D('',#3291,#2611,#2612);
#2277=AXIS2_PLACEMENT_3D('',#3293,#2613,#2614);
#2278=AXIS2_PLACEMENT_3D('',#3296,#2617,#2618);
#2279=AXIS2_PLACEMENT_3D('',#3302,#2622,#2623);
#2280=AXIS2_PLACEMENT_3D('',#3304,#2625,#2626);
#2281=AXIS2_PLACEMENT_3D('',#3308,#2629,#2630);
#2282=AXIS2_PLACEMENT_3D('',#3310,#2632,#2633);
#2283=AXIS2_PLACEMENT_3D('',#3314,#2636,#2637);
#2284=AXIS2_PLACEMENT_3D('',#3318,#2640,#2641);
#2285=AXIS2_PLACEMENT_3D('',#3320,#2643,#2644);
#2286=AXIS2_PLACEMENT_3D('',#3324,#2646,#2647);
#2287=AXIS2_PLACEMENT_3D('',#3328,#2649,#2650);
#2288=AXIS2_PLACEMENT_3D('',#3332,#2652,#2653);
#2289=AXIS2_PLACEMENT_3D('',#3336,#2655,#2656);
#2290=AXIS2_PLACEMENT_3D('',#3340,#2658,#2659);
#2291=AXIS2_PLACEMENT_3D('',#3344,#2661,#2662);
#2292=AXIS2_PLACEMENT_3D('',#3346,#2664,#2665);
#2293=AXIS2_PLACEMENT_3D('',#3356,#2671,#2672);
#2294=AXIS2_PLACEMENT_3D('',#3360,#2674,#2675);
#2295=AXIS2_PLACEMENT_3D('',#3364,#2677,#2678);
#2296=AXIS2_PLACEMENT_3D('',#3368,#2680,#2681);
#2297=AXIS2_PLACEMENT_3D('',#3370,#2683,#2684);
#2298=AXIS2_PLACEMENT_3D('',#3374,#2686,#2687);
#2299=AXIS2_PLACEMENT_3D('',#3378,#2689,#2690);
#2300=AXIS2_PLACEMENT_3D('',#3380,#2692,#2693);
#2301=AXIS2_PLACEMENT_3D('',#3383,#2694,#2695);
#2302=AXIS2_PLACEMENT_3D('',#3386,#2698,#2699);
#2303=AXIS2_PLACEMENT_3D('',#3390,#2701,#2702);
#2304=AXIS2_PLACEMENT_3D('',#3394,#2704,#2705);
#2305=AXIS2_PLACEMENT_3D('',#3398,#2707,#2708);
#2306=AXIS2_PLACEMENT_3D('',#3402,#2710,#2711);
#2307=AXIS2_PLACEMENT_3D('',#3406,#2713,#2714);
#2308=AXIS2_PLACEMENT_3D('',#3410,#2716,#2717);
#2309=AXIS2_PLACEMENT_3D('',#3412,#2719,#2720);
#2310=AXIS2_PLACEMENT_3D('',#3414,#2722,#2723);
#2311=AXIS2_PLACEMENT_3D('',#3418,#2725,#2726);
#2312=AXIS2_PLACEMENT_3D('',#3420,#2728,#2729);
#2313=AXIS2_PLACEMENT_3D('',#3424,#2731,#2732);
#2314=AXIS2_PLACEMENT_3D('',#3430,#2736,#2737);
#2315=AXIS2_PLACEMENT_3D('',#3432,#2739,#2740);
#2316=AXIS2_PLACEMENT_3D('',#3434,#2742,#2743);
#2317=AXIS2_PLACEMENT_3D('',#3437,#2745,#2746);
#2318=AXIS2_PLACEMENT_3D('',#3438,#2747,#2748);
#2319=AXIS2_PLACEMENT_3D('',#3442,#2751,#2752);
#2320=AXIS2_PLACEMENT_3D('',#3444,#2754,#2755);
#2321=AXIS2_PLACEMENT_3D('',#3446,#2757,#2758);
#2322=AXIS2_PLACEMENT_3D('',#3449,#2759,#2760);
#2323=AXIS2_PLACEMENT_3D('',#3452,#2763,#2764);
#2324=AXIS2_PLACEMENT_3D('',#3458,#2768,#2769);
#2325=AXIS2_PLACEMENT_3D('',#3462,#2771,#2772);
#2326=AXIS2_PLACEMENT_3D('',#3464,#2774,#2775);
#2327=AXIS2_PLACEMENT_3D('',#3468,#2778,#2779);
#2328=AXIS2_PLACEMENT_3D('',#3472,#2782,#2783);
#2329=AXIS2_PLACEMENT_3D('',#3475,#2785,#2786);
#2330=AXIS2_PLACEMENT_3D('',#3476,#2787,#2788);
#2331=AXIS2_PLACEMENT_3D('',#3480,#2791,#2792);
#2332=AXIS2_PLACEMENT_3D('',#3485,#2793,#2794);
#2333=AXIS2_PLACEMENT_3D('',#3486,#2795,#2796);
#2334=AXIS2_PLACEMENT_3D('',#3489,#2798,#2799);
#2335=AXIS2_PLACEMENT_3D('',#3490,#2800,#2801);
#2336=AXIS2_PLACEMENT_3D('',#3494,#2804,#2805);
#2337=AXIS2_PLACEMENT_3D('',#3499,#2806,#2807);
#2338=AXIS2_PLACEMENT_3D('',#3500,#2808,#2809);
#2339=AXIS2_PLACEMENT_3D('',#3504,#2811,#2812);
#2340=AXIS2_PLACEMENT_3D('',#3508,#2815,#2816);
#2341=AXIS2_PLACEMENT_3D('',#3510,#2817,#2818);
#2342=AXIS2_PLACEMENT_3D('',#3512,#2819,#2820);
#2343=AXIS2_PLACEMENT_3D('',#3514,#2821,#2822);
#2344=AXIS2_PLACEMENT_3D('',#3516,#2824,#2825);
#2345=AXIS2_PLACEMENT_3D('',#3520,#2828,#2829);
#2346=AXIS2_PLACEMENT_3D('',#3522,#2830,#2831);
#2347=AXIS2_PLACEMENT_3D('',#3539,#2833,#2834);
#2348=AXIS2_PLACEMENT_3D('',#3540,#2835,#2836);
#2349=AXIS2_PLACEMENT_3D('',#3542,#2837,#2838);
#2350=AXIS2_PLACEMENT_3D('',#3544,#2840,#2841);
#2351=AXIS2_PLACEMENT_3D('',#3545,#2842,#2843);
#2352=AXIS2_PLACEMENT_3D('',#3549,#2846,#2847);
#2353=AXIS2_PLACEMENT_3D('',#3551,#2848,#2849);
#2354=AXIS2_PLACEMENT_3D('',#3553,#2851,#2852);
#2355=AXIS2_PLACEMENT_3D('',#3556,#2853,#2854);
#2356=AXIS2_PLACEMENT_3D('',#3558,#2855,#2856);
#2357=AXIS2_PLACEMENT_3D('',#3561,#2859,#2860);
#2358=AXIS2_PLACEMENT_3D('',#3563,#2862,#2863);
#2359=AXIS2_PLACEMENT_3D('',#3565,#2865,#2866);
#2360=AXIS2_PLACEMENT_3D('',#3568,#2867,#2868);
#2361=AXIS2_PLACEMENT_3D('',#3571,#2871,#2872);
#2362=AXIS2_PLACEMENT_3D('',#3573,#2874,#2875);
#2363=AXIS2_PLACEMENT_3D('',#3577,#2877,#2878);
#2364=AXIS2_PLACEMENT_3D('',#3578,#2879,#2880);
#2365=AXIS2_PLACEMENT_3D('',#3579,#2881,#2882);
#2366=AXIS2_PLACEMENT_3D('',#3581,#2884,#2885);
#2367=AXIS2_PLACEMENT_3D('',#3585,#2888,#2889);
#2368=AXIS2_PLACEMENT_3D('',#3587,#2890,#2891);
#2369=AXIS2_PLACEMENT_3D('',#3589,#2893,#2894);
#2370=AXIS2_PLACEMENT_3D('',#3592,#2895,#2896);
#2371=AXIS2_PLACEMENT_3D('',#3596,#2898,#2899);
#2372=AXIS2_PLACEMENT_3D('',#3618,#2901,#2902);
#2373=AXIS2_PLACEMENT_3D('',#3621,#2905,#2906);
#2374=AXIS2_PLACEMENT_3D('',#3623,#2908,#2909);
#2375=AXIS2_PLACEMENT_3D('',#3655,#2910,#2911);
#2376=AXIS2_PLACEMENT_3D('',#3657,#2913,#2914);
#2377=AXIS2_PLACEMENT_3D('',#3659,#2915,#2916);
#2378=AXIS2_PLACEMENT_3D('',#3666,#2918,#2919);
#2379=AXIS2_PLACEMENT_3D('',#3670,#2921,#2922);
#2380=AXIS2_PLACEMENT_3D('',#3679,#2923,#2924);
#2381=AXIS2_PLACEMENT_3D('',#3690,#2925,#2926);
#2382=AXIS2_PLACEMENT_3D('',#3692,#2928,#2929);
#2383=AXIS2_PLACEMENT_3D('',#3694,#2931,#2932);
#2384=AXIS2_PLACEMENT_3D('',#3696,#2934,#2935);
#2385=AXIS2_PLACEMENT_3D('',#3697,#2936,#2937);
#2386=AXIS2_PLACEMENT_3D('',#3699,#2939,#2940);
#2387=AXIS2_PLACEMENT_3D('',#3712,#2943,#2944);
#2388=AXIS2_PLACEMENT_3D('',#3725,#2947,#2948);
#2389=AXIS2_PLACEMENT_3D('',#3727,#2949,#2950);
#2390=AXIS2_PLACEMENT_3D('',#3731,#2952,#2953);
#2391=AXIS2_PLACEMENT_3D('',#3735,#2954,#2955);
#2392=AXIS2_PLACEMENT_3D('',#3741,#2956,#2957);
#2393=AXIS2_PLACEMENT_3D('',#3744,#2959,#2960);
#2394=AXIS2_PLACEMENT_3D('',#3745,#2961,#2962);
#2395=AXIS2_PLACEMENT_3D('',#3764,#2965,#2966);
#2396=AXIS2_PLACEMENT_3D('',#3765,#2967,#2968);
#2397=AXIS2_PLACEMENT_3D('',#3769,#2970,#2971);
#2398=AXIS2_PLACEMENT_3D('',#3785,#2973,#2974);
#2399=AXIS2_PLACEMENT_3D('',#3788,#2977,#2978);
#2400=AXIS2_PLACEMENT_3D('',#3798,#2981,#2982);
#2401=AXIS2_PLACEMENT_3D('',#3800,#2983,#2984);
#2402=AXIS2_PLACEMENT_3D('',#3802,#2986,#2987);
#2403=AXIS2_PLACEMENT_3D('',#3806,#2990,#2991);
#2404=AXIS2_PLACEMENT_3D('',#3807,#2992,#2993);
#2405=AXIS2_PLACEMENT_3D('',#3808,#2994,#2995);
#2406=AXIS2_PLACEMENT_3D('',#3811,#2997,#2998);
#2407=AXIS2_PLACEMENT_3D('',#3812,#2999,#3000);
#2408=AXIS2_PLACEMENT_3D('',#3816,#3003,#3004);
#2409=AXIS2_PLACEMENT_3D('',#3817,#3005,#3006);
#2410=AXIS2_PLACEMENT_3D('',#3818,#3007,#3008);
#2411=AXIS2_PLACEMENT_3D('',#3822,#3010,#3011);
#2412=AXIS2_PLACEMENT_3D('',#3823,#3012,#3013);
#2413=AXIS2_PLACEMENT_3D('',#3824,#3014,#3015);
#2414=AXIS2_PLACEMENT_3D('',#3828,#3018,#3019);
#2415=AXIS2_PLACEMENT_3D('',#3837,#3021,#3022);
#2416=AXIS2_PLACEMENT_3D('',#3838,#3023,#3024);
#2417=AXIS2_PLACEMENT_3D('',#3840,#3026,#3027);
#2418=AXIS2_PLACEMENT_3D('',#3842,#3028,#3029);
#2419=AXIS2_PLACEMENT_3D('',#3844,#3030,#3031);
#2420=AXIS2_PLACEMENT_3D('',#3846,#3033,#3034);
#2421=AXIS2_PLACEMENT_3D('',#3848,#3036,#3037);
#2422=AXIS2_PLACEMENT_3D('',#3852,#3040,#3041);
#2423=AXIS2_PLACEMENT_3D('',#3853,#3042,#3043);
#2424=AXIS2_PLACEMENT_3D('',#3854,#3044,#3045);
#2425=AXIS2_PLACEMENT_3D('',#3857,#3048,#3049);
#2426=AXIS2_PLACEMENT_3D('',#3858,#3050,#3051);
#2427=AXIS2_PLACEMENT_3D('',#3860,#3053,#3054);
#2428=AXIS2_PLACEMENT_3D('',#3861,#3055,#3056);
#2429=AXIS2_PLACEMENT_3D('',#3862,#3057,#3058);
#2430=AXIS2_PLACEMENT_3D('',#3863,#3059,#3060);
#2431=DIRECTION('axis',(0.,0.,1.));
#2432=DIRECTION('refdir',(1.,0.,0.));
#2433=DIRECTION('center_axis',(-1.,0.,7.9004263448772E-14));
#2434=DIRECTION('ref_axis',(0.,-1.,0.));
#2435=DIRECTION('center_axis',(-1.,0.,7.90478793533111E-14));
#2436=DIRECTION('ref_axis',(0.,-1.,0.));
#2437=DIRECTION('',(0.707106781186549,-0.707106781186546,-5.57778548216517E-14));
#2438=DIRECTION('center_axis',(1.,0.,-7.90478793533111E-14));
#2439=DIRECTION('ref_axis',(0.,-1.,0.));
#2440=DIRECTION('center_axis',(-1.,0.,7.90478793533111E-14));
#2441=DIRECTION('ref_axis',(-7.90478793533111E-14,0.,-1.));
#2442=DIRECTION('',(0.,-1.,0.));
#2443=DIRECTION('center_axis',(1.,0.,-7.90478793533111E-14));
#2444=DIRECTION('ref_axis',(-5.92957605283212E-14,0.66213430198676,-0.749385192095832));
#2445=DIRECTION('',(7.90478793533111E-14,-6.35389895315997E-16,1.));
#2446=DIRECTION('',(0.,-1.,0.));
#2447=DIRECTION('',(7.90478793533111E-14,0.,1.));
#2448=DIRECTION('center_axis',(-1.,0.,7.90478793533111E-14));
#2449=DIRECTION('ref_axis',(3.2045246465048E-14,0.923879532511287,0.38268343236509));
#2450=DIRECTION('',(-5.58952915291424E-14,0.707106781186548,-0.707106781186548));
#2451=DIRECTION('',(0.,-1.,0.));
#2452=DIRECTION('',(5.58952915291424E-14,0.707106781186548,0.707106781186547));
#2453=DIRECTION('center_axis',(-1.,0.,7.90478793533111E-14));
#2454=DIRECTION('ref_axis',(3.2045246465048E-14,-0.923879532511287,0.38268343236509));
#2455=DIRECTION('',(-7.90478793533111E-14,-5.6796222329976E-16,-1.));
#2456=DIRECTION('',(0.,-1.,0.));
#2457=DIRECTION('',(-7.90478793533111E-14,-7.76587649830662E-16,-1.));
#2458=DIRECTION('center_axis',(1.,0.,-7.90478793533111E-14));
#2459=DIRECTION('ref_axis',(-5.92957605283212E-14,-0.662134301986759,-0.749385192095832));
#2460=DIRECTION('center_axis',(-1.,0.,7.91628667380045E-14));
#2461=DIRECTION('ref_axis',(0.,-1.,0.));
#2462=DIRECTION('center_axis',(-1.,0.,7.90478793533111E-14));
#2463=DIRECTION('ref_axis',(0.,-1.,0.));
#2464=DIRECTION('',(-1.,0.,7.91628667380045E-14));
#2465=DIRECTION('center_axis',(-0.660112979002715,0.,0.751166329751381));
#2466=DIRECTION('ref_axis',(0.,-1.,0.));
#2467=DIRECTION('center_axis',(-0.660112979002716,0.,0.75116632975138));
#2468=DIRECTION('ref_axis',(0.,-1.,0.));
#2469=DIRECTION('',(0.466770363802082,-0.707106781186534,-0.531154805566222));
#2470=DIRECTION('center_axis',(0.660112979002716,0.,-0.75116632975138));
#2471=DIRECTION('ref_axis',(0.,-1.,0.));
#2472=DIRECTION('center_axis',(-0.660112979002718,0.,0.751166329751379));
#2473=DIRECTION('ref_axis',(0.,-1.,0.));
#2474=DIRECTION('center_axis',(-0.660112979002716,0.,0.75116632975138));
#2475=DIRECTION('ref_axis',(0.,-1.,0.));
#2476=DIRECTION('',(-0.660112979002718,0.,0.751166329751379));
#2477=DIRECTION('center_axis',(-0.660112979002716,0.,0.75116632975138));
#2478=DIRECTION('ref_axis',(-0.75116632975138,0.,-0.660112979002716));
#2479=DIRECTION('',(0.,1.,0.));
#2480=DIRECTION('',(0.75116632975138,0.,0.660112979002716));
#2481=DIRECTION('',(0.,1.,0.));
#2482=DIRECTION('',(-0.75116632975138,0.,-0.660112979002716));
#2483=DIRECTION('center_axis',(0.,-1.,0.));
#2484=DIRECTION('ref_axis',(-0.800252749022574,0.,0.599662853344956));
#2485=DIRECTION('center_axis',(0.507409790434507,0.639644191502393,-0.57739987257399));
#2486=DIRECTION('ref_axis',(-0.422237432754429,0.768671131419185,0.480479179677641));
#2487=DIRECTION('center_axis',(0.507409790434507,-0.639644191502393,-0.57739987257399));
#2488=DIRECTION('ref_axis',(-0.422237432754429,-0.768671131419185,0.480479179677641));
#2489=DIRECTION('',(0.,-1.,0.));
#2490=DIRECTION('center_axis',(0.298836238730172,0.707106781186549,0.640856382055763));
#2491=DIRECTION('ref_axis',(0.298836238730173,-0.707106781186546,0.640856382055765));
#2492=DIRECTION('',(0.,-1.,0.));
#2493=DIRECTION('center_axis',(0.298836238730171,-0.707106781186552,0.64085638205576));
#2494=DIRECTION('ref_axis',(0.298836238730175,0.707106781186543,0.640856382055768));
#2495=DIRECTION('',(0.,-1.,0.));
#2496=DIRECTION('center_axis',(-0.906307787036615,-6.97261119368423E-32,
0.422618261740775));
#2497=DIRECTION('ref_axis',(0.161729006983126,-0.923879532511288,0.346828974722377));
#2498=DIRECTION('',(0.906307787036615,6.97261119368423E-32,-0.422618261740775));
#2499=DIRECTION('center_axis',(0.660112979002716,0.,-0.75116632975138));
#2500=DIRECTION('ref_axis',(0.75116632975138,-1.6944263432199E-16,0.660112979002716));
#2501=DIRECTION('center_axis',(0.906307787036615,0.,-0.422618261740774));
#2502=DIRECTION('ref_axis',(0.161729006983126,-0.923879532511288,0.346828974722377));
#2503=DIRECTION('',(-0.906307787036615,-2.04223053605291E-32,0.422618261740775));
#2504=DIRECTION('center_axis',(-0.906307787036615,0.,0.422618261740774));
#2505=DIRECTION('ref_axis',(0.161729006983126,-0.923879532511288,0.346828974722377));
#2506=DIRECTION('center_axis',(-0.298836238730171,0.707106781186552,-0.64085638205576));
#2507=DIRECTION('ref_axis',(-0.906307787036615,0.,0.422618261740774));
#2508=DIRECTION('',(0.906307787036615,0.,-0.422618261740774));
#2509=DIRECTION('',(-0.553985936442826,-0.675346016091687,-0.486833997141379));
#2510=DIRECTION('center_axis',(0.422618261740775,0.,0.906307787036615));
#2511=DIRECTION('ref_axis',(0.,-1.,0.));
#2512=DIRECTION('',(-0.906307787036615,-4.93038065763132E-32,0.422618261740774));
#2513=DIRECTION('',(0.,1.,0.));
#2514=DIRECTION('center_axis',(-0.298836238730172,-0.707106781186549,-0.640856382055763));
#2515=DIRECTION('ref_axis',(-0.906307787036615,0.,0.422618261740774));
#2516=DIRECTION('',(-0.906307787036615,6.97261119368422E-32,0.422618261740774));
#2517=DIRECTION('',(0.553985936442824,-0.67534601609169,0.486833997141377));
#2518=DIRECTION('center_axis',(0.906307787036615,-6.97261119368422E-32,
-0.422618261740774));
#2519=DIRECTION('ref_axis',(0.161729006983126,0.923879532511287,0.34682897472238));
#2520=DIRECTION('center_axis',(-0.906307787036615,0.,0.422618261740774));
#2521=DIRECTION('ref_axis',(0.161729006983126,0.923879532511287,0.34682897472238));
#2522=DIRECTION('',(0.906307787036615,-1.19029918513155E-31,-0.422618261740774));
#2523=DIRECTION('center_axis',(0.906307787036615,0.,-0.422618261740774));
#2524=DIRECTION('ref_axis',(0.161729006983126,0.923879532511287,0.34682897472238));
#2525=DIRECTION('center_axis',(0.660112979002716,0.,-0.75116632975138));
#2526=DIRECTION('ref_axis',(0.75116632975138,-2.96524610063482E-16,0.660112979002716));
#2527=DIRECTION('center_axis',(0.,1.,0.));
#2528=DIRECTION('ref_axis',(-0.976296007119916,0.,0.216439613938182));
#2529=DIRECTION('center_axis',(0.530634648185522,0.810679228399881,-0.247439000131346));
#2530=DIRECTION('ref_axis',(-0.734724897487647,0.585490553844358,0.342607846335711));
#2531=DIRECTION('',(0.,1.,0.));
#2532=DIRECTION('center_axis',(-0.298836238730174,-0.707106781186546,-0.640856382055765));
#2533=DIRECTION('ref_axis',(-0.298836238730172,0.707106781186549,-0.640856382055762));
#2534=DIRECTION('',(0.,1.,0.));
#2535=DIRECTION('center_axis',(-0.298836238730174,0.707106781186545,-0.640856382055766));
#2536=DIRECTION('ref_axis',(-0.298836238730172,-0.70710678118655,-0.640856382055761));
#2537=DIRECTION('',(0.,1.,0.));
#2538=DIRECTION('center_axis',(0.530634648185523,-0.810679228399881,-0.247439000131346));
#2539=DIRECTION('ref_axis',(-0.734724897487647,-0.585490553844358,0.34260784633571));
#2540=DIRECTION('center_axis',(0.298836238730174,0.707106781186546,0.640856382055765));
#2541=DIRECTION('ref_axis',(0.906307787036615,0.,-0.422618261740775));
#2542=DIRECTION('',(-0.906307787036615,-3.92523114670943E-17,0.422618261740775));
#2543=DIRECTION('',(-5.85717629325112E-14,0.671542934237819,-0.740965645273288));
#2544=DIRECTION('',(-0.906307787036615,0.,0.422618261740774));
#2545=DIRECTION('center_axis',(0.906307787036615,6.97261119368419E-32,-0.422618261740775));
#2546=DIRECTION('ref_axis',(-0.161729006983127,-0.923879532511286,-0.346828974722382));
#2547=DIRECTION('center_axis',(-0.906307787036615,0.,0.422618261740774));
#2548=DIRECTION('ref_axis',(-0.161729006983127,-0.923879532511286,-0.346828974722382));
#2549=DIRECTION('',(0.906307787036615,1.68333725089468E-31,-0.422618261740775));
#2550=DIRECTION('center_axis',(0.906307787036615,0.,-0.422618261740774));
#2551=DIRECTION('ref_axis',(-0.161729006983127,-0.923879532511286,-0.346828974722382));
#2552=DIRECTION('center_axis',(1.,0.,-7.90478793533111E-14));
#2553=DIRECTION('ref_axis',(-7.90500617322758E-14,3.77326414711935E-16,
-1.));
#2554=DIRECTION('center_axis',(-0.906307787036615,0.,0.422618261740774));
#2555=DIRECTION('ref_axis',(-0.422618261740774,0.,-0.906307787036615));
#2556=DIRECTION('',(-0.422618261740774,1.02152834535495E-15,-0.906307787036615));
#2557=DIRECTION('',(-0.422618261740774,-8.21698387523644E-16,-0.906307787036615));
#2558=DIRECTION('center_axis',(-0.906307787036615,0.,0.422618261740774));
#2559=DIRECTION('ref_axis',(0.0551627524676805,0.99144486137381,0.118296904421271));
#2560=DIRECTION('',(0.408217893676807,-0.25881904510252,0.87542609806556));
#2561=DIRECTION('center_axis',(0.906307787036615,0.,-0.422618261740774));
#2562=DIRECTION('ref_axis',(0.200170863634053,-0.880716060498351,0.42926780234751));
#2563=DIRECTION('',(0.380573816680168,0.434826257099685,0.816143183635181));
#2564=DIRECTION('center_axis',(-0.530634648185522,-0.810679228399881,0.247439000131346));
#2565=DIRECTION('ref_axis',(0.422618261740775,0.,0.906307787036615));
#2566=DIRECTION('',(-0.552081194257137,0.552081194257189,0.624830144835514));
#2567=DIRECTION('',(0.422618261740774,8.56869664962129E-16,0.906307787036615));
#2568=DIRECTION('center_axis',(-0.530634648185522,-0.810679228399881,0.247439000131346));
#2569=DIRECTION('ref_axis',(-0.734724897487647,0.585490553844358,0.342607846335709));
#2570=DIRECTION('',(0.700072266465154,-0.583758912849179,-0.411247314149877));
#2571=DIRECTION('center_axis',(-0.552081194257137,0.552081194257189,0.624830144835514));
#2572=DIRECTION('ref_axis',(-0.627003635352854,-0.768866035437776,0.125345366107017));
#2573=DIRECTION('',(0.552081194257137,-0.552081194257189,-0.624830144835514));
#2574=DIRECTION('center_axis',(-3.62128768344694E-16,1.,-7.76587649830633E-16));
#2575=DIRECTION('ref_axis',(-0.662134301986698,3.69465244781402E-16,0.749385192095886));
#2576=DIRECTION('center_axis',(-0.906307787036615,-6.97261119368416E-32,
0.422618261740775));
#2577=DIRECTION('ref_axis',(-0.161729006983127,0.923879532511286,-0.346828974722382));
#2578=DIRECTION('',(0.906307787036615,-3.92523114670942E-17,-0.422618261740775));
#2579=DIRECTION('center_axis',(1.,0.,-7.90478793533111E-14));
#2580=DIRECTION('ref_axis',(-7.90887955269012E-14,5.45027043472795E-16,
-1.));
#2581=DIRECTION('center_axis',(0.906307787036615,0.,-0.422618261740774));
#2582=DIRECTION('ref_axis',(-0.161729006983127,0.923879532511286,-0.346828974722382));
#2583=DIRECTION('',(-0.906307787036615,-1.19029918513155E-31,0.422618261740775));
#2584=DIRECTION('center_axis',(-0.906307787036615,0.,0.422618261740774));
#2585=DIRECTION('ref_axis',(-0.161729006983127,0.923879532511286,-0.346828974722382));
#2586=DIRECTION('center_axis',(4.45207675308865E-16,1.,9.54750940763626E-16));
#2587=DIRECTION('ref_axis',(0.422618261740774,-1.05345110614729E-15,0.906307787036615));
#2588=DIRECTION('',(-0.422618261740774,1.05345110614729E-15,-0.906307787036615));
#2589=DIRECTION('',(0.422618261740774,-1.05345110614729E-15,0.906307787036615));
#2590=DIRECTION('center_axis',(-4.31716533632839E-16,-1.,-9.2581909407382E-16));
#2591=DIRECTION('ref_axis',(-0.422618261740774,1.02152834535495E-15,-0.906307787036615));
#2592=DIRECTION('',(0.422618261740774,-1.02152834535495E-15,0.906307787036615));
#2593=DIRECTION('center_axis',(-1.,-7.92694117272299E-45,7.92528436040111E-14));
#2594=DIRECTION('ref_axis',(3.2045246465048E-14,-0.923879532511287,0.38268343236509));
#2595=DIRECTION('center_axis',(-1.,0.,7.91637287124025E-14));
#2596=DIRECTION('ref_axis',(3.2045246465048E-14,-0.923879532511287,0.38268343236509));
#2597=DIRECTION('',(-1.,-2.32174731542372E-45,7.92528436040111E-14));
#2598=DIRECTION('',(1.,-4.46247116395788E-30,-7.92528436040111E-14));
#2599=DIRECTION('center_axis',(1.,0.,-7.90478793533111E-14));
#2600=DIRECTION('ref_axis',(3.2045246465048E-14,-0.923879532511287,0.38268343236509));
#2601=DIRECTION('center_axis',(4.50126212561623E-29,-1.,5.6796222329976E-16));
#2602=DIRECTION('ref_axis',(7.91637287124025E-14,5.6796222329976E-16,1.));
#2603=DIRECTION('',(7.91637287124025E-14,5.6796222329976E-16,1.));
#2604=DIRECTION('',(0.422618261740773,5.1474858571922E-16,0.906307787036615));
#2605=DIRECTION('center_axis',(-1.,0.,7.91637287124025E-14));
#2606=DIRECTION('ref_axis',(0.,-1.,0.));
#2607=DIRECTION('',(-7.90478793533111E-14,-7.76587649830662E-16,-1.));
#2608=DIRECTION('',(0.,1.,0.));
#2609=DIRECTION('center_axis',(1.,0.,-7.92528436040111E-14));
#2610=DIRECTION('ref_axis',(3.2045246465048E-14,0.923879532511287,0.38268343236509));
#2611=DIRECTION('center_axis',(-1.,0.,7.91637287124025E-14));
#2612=DIRECTION('ref_axis',(3.2045246465048E-14,0.923879532511287,0.38268343236509));
#2613=DIRECTION('center_axis',(1.,0.,-7.90478793533111E-14));
#2614=DIRECTION('ref_axis',(3.2045246465048E-14,0.923879532511287,0.38268343236509));
#2615=DIRECTION('',(-1.,0.,7.92528436040111E-14));
#2616=DIRECTION('',(1.,0.,-7.92528436040111E-14));
#2617=DIRECTION('center_axis',(-1.,0.,7.91637287124025E-14));
#2618=DIRECTION('ref_axis',(0.,-1.,0.));
#2619=DIRECTION('',(-7.91637287124025E-14,0.,-1.));
#2620=DIRECTION('',(0.,1.,0.));
#2621=DIRECTION('',(7.90478793533111E-14,-6.35389895315997E-16,1.));
#2622=DIRECTION('center_axis',(0.,1.,0.));
#2623=DIRECTION('ref_axis',(-7.91637287124025E-14,0.,-1.));
#2624=DIRECTION('',(-0.422618261740773,0.,-0.906307787036615));
#2625=DIRECTION('center_axis',(0.298836238730174,-0.707106781186545,0.640856382055766));
#2626=DIRECTION('ref_axis',(0.906307787036615,0.,-0.422618261740774));
#2627=DIRECTION('',(0.906307787036615,4.93038065763132E-32,-0.422618261740774));
#2628=DIRECTION('',(5.85717629325111E-14,0.67154293423782,0.740965645273287));
#2629=DIRECTION('center_axis',(-0.422618261740775,-2.53274144158269E-16,
-0.906307787036615));
#2630=DIRECTION('ref_axis',(-1.0703827854805E-16,1.,-2.29544329105674E-16));
#2631=DIRECTION('',(2.20904909756959E-29,-1.,2.79457098108358E-16));
#2632=DIRECTION('center_axis',(-5.60402231407132E-14,0.707106781186547,
-0.707106781186548));
#2633=DIRECTION('ref_axis',(-1.,0.,7.92528436040111E-14));
#2634=DIRECTION('',(1.,0.,-7.92528436040111E-14));
#2635=DIRECTION('',(-5.58952915291424E-14,-0.707106781186548,-0.707106781186547));
#2636=DIRECTION('center_axis',(-5.60402231407132E-14,-0.707106781186548,
-0.707106781186548));
#2637=DIRECTION('ref_axis',(-1.,0.,7.92528436040111E-14));
#2638=DIRECTION('',(5.58952915291424E-14,-0.707106781186548,0.707106781186548));
#2639=DIRECTION('',(-1.,0.,7.92528436040111E-14));
#2640=DIRECTION('center_axis',(7.92528436040111E-14,0.,1.));
#2641=DIRECTION('ref_axis',(0.,1.,0.));
#2642=DIRECTION('',(0.,1.,0.));
#2643=DIRECTION('center_axis',(0.906307787036616,0.,-0.422618261740773));
#2644=DIRECTION('ref_axis',(0.422618261740773,0.,0.906307787036615));
#2645=DIRECTION('',(0.389281620635093,-0.389281620635027,0.834817129478955));
#2646=DIRECTION('center_axis',(-0.906307787036616,0.,0.422618261740773));
#2647=DIRECTION('ref_axis',(0.412600521473484,-0.216439613938105,0.88482467370555));
#2648=DIRECTION('',(0.422618261740773,8.56869664962129E-16,0.906307787036615));
#2649=DIRECTION('center_axis',(0.906307787036616,0.,-0.422618261740773));
#2650=DIRECTION('ref_axis',(0.0551627524676798,0.99144486137381,0.11829690442127));
#2651=DIRECTION('',(0.408217893676806,-0.25881904510252,0.87542609806556));
#2652=DIRECTION('center_axis',(-0.906307787036616,0.,0.422618261740773));
#2653=DIRECTION('ref_axis',(-0.0551627524676801,-0.99144486137381,-0.11829690442127));
#2654=DIRECTION('',(0.,-1.,0.));
#2655=DIRECTION('center_axis',(-0.906307787036616,0.,0.422618261740773));
#2656=DIRECTION('ref_axis',(-0.0551627524676801,-0.99144486137381,-0.11829690442127));
#2657=DIRECTION('',(0.408217893676806,-0.25881904510252,0.87542609806556));
#2658=DIRECTION('center_axis',(0.906307787036616,0.,-0.422618261740773));
#2659=DIRECTION('ref_axis',(0.0551627524676797,0.991444861373811,0.11829690442127));
#2660=DIRECTION('',(0.422618261740773,8.63550852276081E-16,0.906307787036615));
#2661=DIRECTION('center_axis',(-0.906307787036616,0.,0.422618261740773));
#2662=DIRECTION('ref_axis',(0.412600521473484,-0.216439613938105,0.88482467370555));
#2663=DIRECTION('',(0.389281620635093,-0.389281620635027,0.834817129478955));
#2664=DIRECTION('center_axis',(-0.660112979002716,0.,0.75116632975138));
#2665=DIRECTION('ref_axis',(-0.75116632975138,0.,-0.660112979002716));
#2666=DIRECTION('',(0.,-1.,0.));
#2667=DIRECTION('',(0.,-1.,0.));
#2668=DIRECTION('',(0.75116632975138,0.,0.660112979002716));
#2669=DIRECTION('',(0.,1.,0.));
#2670=DIRECTION('',(-0.75116632975138,0.,-0.660112979002716));
#2671=DIRECTION('center_axis',(-0.906307787036615,0.,0.422618261740774));
#2672=DIRECTION('ref_axis',(-0.422618261740774,0.,-0.906307787036615));
#2673=DIRECTION('',(0.,1.,0.));
#2674=DIRECTION('center_axis',(0.906307787036615,0.,-0.422618261740774));
#2675=DIRECTION('ref_axis',(-0.218263813179931,0.856313618856469,-0.468068257861068));
#2676=DIRECTION('',(0.422618261740774,-7.01075180423561E-16,0.906307787036615));
#2677=DIRECTION('center_axis',(-0.906307787036615,0.,0.422618261740774));
#2678=DIRECTION('ref_axis',(0.0551627524676801,-0.99144486137381,0.11829690442127));
#2679=DIRECTION('',(0.408217893676807,0.258819045102519,0.87542609806556));
#2680=DIRECTION('center_axis',(0.906307787036615,0.,-0.422618261740774));
#2681=DIRECTION('ref_axis',(0.200170863634054,0.880716060498351,0.429267802347511));
#2682=DIRECTION('',(0.380573816680168,-0.434826257099685,0.816143183635181));
#2683=DIRECTION('center_axis',(-0.906307787036615,0.,0.422618261740774));
#2684=DIRECTION('ref_axis',(-0.422618261740774,0.,-0.906307787036615));
#2685=DIRECTION('',(-0.380573816680168,0.434826257099685,-0.816143183635181));
#2686=DIRECTION('center_axis',(-0.906307787036615,0.,0.422618261740774));
#2687=DIRECTION('ref_axis',(0.200170863634054,0.880716060498351,0.429267802347511));
#2688=DIRECTION('',(0.408217893676807,0.25881904510252,0.87542609806556));
#2689=DIRECTION('center_axis',(-0.906307787036615,0.,0.422618261740774));
#2690=DIRECTION('ref_axis',(0.0551627524676801,-0.99144486137381,0.118296904421271));
#2691=DIRECTION('',(0.422618261740774,-6.50511223456218E-16,0.906307787036615));
#2692=DIRECTION('center_axis',(0.211541378239923,-0.211541378239847,0.954201493702845));
#2693=DIRECTION('ref_axis',(-0.0457859342381811,-0.977369042528146,-0.206527002916207));
#2694=DIRECTION('center_axis',(-3.62128768344694E-16,1.,-7.76587649830633E-16));
#2695=DIRECTION('ref_axis',(-0.216439613938182,-8.45489191618146E-16,-0.976296007119916));
#2696=DIRECTION('',(-0.211541378239923,0.211541378239847,-0.954201493702845));
#2697=DIRECTION('',(0.211541378239923,-0.211541378239847,0.954201493702845));
#2698=DIRECTION('center_axis',(0.906307787036616,0.,-0.422618261740773));
#2699=DIRECTION('ref_axis',(0.422618261740773,0.,0.906307787036615));
#2700=DIRECTION('',(-0.389281620635093,-0.389281620635028,-0.834817129478955));
#2701=DIRECTION('center_axis',(-0.906307787036616,0.,0.422618261740773));
#2702=DIRECTION('ref_axis',(0.412600521473484,0.216439613938104,0.88482467370555));
#2703=DIRECTION('',(-0.422618261740773,7.06541606407699E-16,-0.906307787036615));
#2704=DIRECTION('center_axis',(0.906307787036616,0.,-0.422618261740773));
#2705=DIRECTION('ref_axis',(0.05516275246768,-0.99144486137381,0.11829690442127));
#2706=DIRECTION('',(-0.408217893676806,-0.258819045102519,-0.87542609806556));
#2707=DIRECTION('center_axis',(-0.906307787036616,0.,0.422618261740773));
#2708=DIRECTION('ref_axis',(-0.0551627524676801,0.99144486137381,-0.11829690442127));
#2709=DIRECTION('',(0.,-1.,0.));
#2710=DIRECTION('center_axis',(-0.906307787036616,0.,0.422618261740773));
#2711=DIRECTION('ref_axis',(-0.0551627524676801,0.99144486137381,-0.11829690442127));
#2712=DIRECTION('',(-0.408217893676806,-0.25881904510252,-0.87542609806556));
#2713=DIRECTION('center_axis',(0.906307787036616,0.,-0.422618261740773));
#2714=DIRECTION('ref_axis',(0.0551627524676799,-0.99144486137381,0.11829690442127));
#2715=DIRECTION('',(-0.422618261740773,7.01075180423561E-16,-0.906307787036615));
#2716=DIRECTION('center_axis',(-0.906307787036616,0.,0.422618261740773));
#2717=DIRECTION('ref_axis',(0.412600521473484,0.216439613938104,0.88482467370555));
#2718=DIRECTION('',(-0.389281620635093,-0.389281620635027,-0.834817129478955));
#2719=DIRECTION('center_axis',(-0.707106781186549,-0.707106781186546,5.64444219225235E-14));
#2720=DIRECTION('ref_axis',(7.98244670031418E-14,0.,1.));
#2721=DIRECTION('',(7.90478793533111E-14,7.76587649830662E-16,1.));
#2722=DIRECTION('center_axis',(-0.211541378239922,-0.211541378239846,-0.954201493702845));
#2723=DIRECTION('ref_axis',(-0.045785934238181,0.977369042528147,-0.206527002916206));
#2724=DIRECTION('',(0.211541378239922,0.211541378239846,0.954201493702845));
#2725=DIRECTION('center_axis',(-2.96287174100205E-16,-1.,-6.35389895315973E-16));
#2726=DIRECTION('ref_axis',(-0.216439613938181,6.8108851547017E-16,-0.976296007119916));
#2727=DIRECTION('',(-0.211541378239922,-0.211541378239846,-0.954201493702845));
#2728=DIRECTION('center_axis',(-2.96287174100205E-16,-1.,-6.35389895315973E-16));
#2729=DIRECTION('ref_axis',(-0.422618261740774,7.01075180423561E-16,-0.906307787036615));
#2730=DIRECTION('',(-7.90478793533111E-14,6.35389895315997E-16,-1.));
#2731=DIRECTION('center_axis',(-2.96287174100205E-16,-1.,-6.35389895315973E-16));
#2732=DIRECTION('ref_axis',(-0.662134301986699,-3.51900313330609E-16,0.749385192095885));
#2733=DIRECTION('',(-0.422618261740774,7.01075180423561E-16,-0.906307787036615));
#2734=DIRECTION('',(-0.906307787036615,0.,0.422618261740774));
#2735=DIRECTION('',(-0.422618261740773,7.01075180423561E-16,-0.906307787036615));
#2736=DIRECTION('center_axis',(-0.707106781186549,0.707106781186546,5.63445800328178E-14));
#2737=DIRECTION('ref_axis',(7.96832692486271E-14,0.,1.));
#2738=DIRECTION('',(-0.552081194257137,-0.552081194257189,0.624830144835513));
#2739=DIRECTION('center_axis',(0.552081194257137,0.552081194257189,-0.624830144835513));
#2740=DIRECTION('ref_axis',(-0.627003635352853,0.768866035437776,0.125345366107017));
#2741=DIRECTION('',(0.552081194257137,0.552081194257189,-0.624830144835513));
#2742=DIRECTION('center_axis',(-0.530634648185523,0.810679228399881,0.247439000131346));
#2743=DIRECTION('ref_axis',(0.422618261740775,0.,0.906307787036615));
#2744=DIRECTION('',(0.700072266465155,0.583758912849179,-0.411247314149875));
#2745=DIRECTION('center_axis',(0.530634648185523,-0.810679228399881,-0.247439000131346));
#2746=DIRECTION('ref_axis',(-0.734724897487647,-0.585490553844358,0.342607846335709));
#2747=DIRECTION('center_axis',(-3.62128768344694E-16,1.,-7.76587649830633E-16));
#2748=DIRECTION('ref_axis',(0.422618261740774,8.56869664962129E-16,0.906307787036615));
#2749=DIRECTION('',(0.422618261740773,8.56869664962129E-16,0.906307787036616));
#2750=DIRECTION('',(0.906307787036615,4.93038065763132E-32,-0.422618261740774));
#2751=DIRECTION('center_axis',(0.640856382055768,-0.707106781186544,-0.298836238730173));
#2752=DIRECTION('ref_axis',(-0.422618261740773,0.,-0.906307787036616));
#2753=DIRECTION('',(-0.640856382055761,-0.707106781186553,0.298836238730167));
#2754=DIRECTION('center_axis',(0.640856382055764,0.707106781186548,-0.298836238730172));
#2755=DIRECTION('ref_axis',(-0.422618261740773,0.,-0.906307787036616));
#2756=DIRECTION('',(0.640856382055764,-0.707106781186548,-0.298836238730171));
#2757=DIRECTION('center_axis',(0.211541378239922,0.211541378239846,0.954201493702845));
#2758=DIRECTION('ref_axis',(-0.0457859342381858,0.977369042528147,-0.206527002916206));
#2759=DIRECTION('center_axis',(-2.96287174100205E-16,-1.,-6.35389895315973E-16));
#2760=DIRECTION('ref_axis',(-0.216439613938182,6.75217062750598E-16,-0.976296007119916));
#2761=DIRECTION('',(0.211541378239922,0.211541378239846,0.954201493702845));
#2762=DIRECTION('',(-0.211541378239922,-0.211541378239846,-0.954201493702845));
#2763=DIRECTION('center_axis',(-0.707106781186548,0.707106781186547,5.63445800328178E-14));
#2764=DIRECTION('ref_axis',(7.96832692486272E-14,0.,1.));
#2765=DIRECTION('',(-7.90478793533111E-14,6.35389895315997E-16,-1.));
#2766=DIRECTION('',(-0.55208119425714,-0.55208119425719,0.624830144835511));
#2767=DIRECTION('',(7.90478793533111E-14,-6.35389895315997E-16,1.));
#2768=DIRECTION('center_axis',(-0.211541378239923,0.211541378239847,-0.954201493702845));
#2769=DIRECTION('ref_axis',(-0.0457859342381859,-0.977369042528146,-0.206527002916208));
#2770=DIRECTION('',(-0.211541378239923,0.211541378239847,-0.954201493702845));
#2771=DIRECTION('center_axis',(-3.62128768344694E-16,1.,-7.76587649830633E-16));
#2772=DIRECTION('ref_axis',(-0.216439613938183,-8.51360644337716E-16,-0.976296007119916));
#2773=DIRECTION('',(0.211541378239923,-0.211541378239847,0.954201493702845));
#2774=DIRECTION('center_axis',(0.640856382055768,-0.707106781186544,-0.298836238730173));
#2775=DIRECTION('ref_axis',(-0.422618261740773,0.,-0.906307787036616));
#2776=DIRECTION('',(-0.422618261740773,-8.56869664962129E-16,-0.906307787036615));
#2777=DIRECTION('',(-0.640856382055761,-0.707106781186553,0.298836238730167));
#2778=DIRECTION('center_axis',(0.640856382055764,0.707106781186548,-0.298836238730172));
#2779=DIRECTION('ref_axis',(-0.422618261740773,0.,-0.906307787036616));
#2780=DIRECTION('',(0.640856382055764,-0.707106781186548,-0.298836238730171));
#2781=DIRECTION('',(0.422618261740773,-7.01075180423561E-16,0.906307787036615));
#2782=DIRECTION('center_axis',(0.906307787036615,0.,-0.422618261740774));
#2783=DIRECTION('ref_axis',(0.05516275246768,-0.99144486137381,0.11829690442127));
#2784=DIRECTION('',(0.718200892005927,-0.68301270189223,-0.132970401878637));
#2785=DIRECTION('center_axis',(-0.906307787036616,0.,0.422618261740773));
#2786=DIRECTION('ref_axis',(0.0551627524676801,-0.991444861373811,0.11829690442127));
#2787=DIRECTION('center_axis',(0.563511872105593,0.683012701892219,-0.464702075581701));
#2788=DIRECTION('ref_axis',(-0.636223908572692,0.,-0.771504464122203));
#2789=DIRECTION('',(0.718200892005938,-0.683012701892219,-0.132970401878637));
#2790=DIRECTION('',(0.408217893676806,0.25881904510252,0.87542609806556));
#2791=DIRECTION('center_axis',(-0.906307787036616,0.,0.422618261740772));
#2792=DIRECTION('ref_axis',(-0.0551627524676801,0.99144486137381,-0.11829690442127));
#2793=DIRECTION('center_axis',(0.906307787036616,0.,-0.422618261740773));
#2794=DIRECTION('ref_axis',(-0.0551627524676801,0.99144486137381,-0.11829690442127));
#2795=DIRECTION('center_axis',(0.906307787036615,0.,-0.422618261740774));
#2796=DIRECTION('ref_axis',(0.0551627524676797,0.991444861373811,0.11829690442127));
#2797=DIRECTION('',(-0.718200892005928,-0.683012701892229,0.132970401878638));
#2798=DIRECTION('center_axis',(-0.906307787036616,0.,0.422618261740773));
#2799=DIRECTION('ref_axis',(0.0551627524676796,0.99144486137381,0.11829690442127));
#2800=DIRECTION('center_axis',(0.563511872105592,-0.68301270189222,-0.4647020755817));
#2801=DIRECTION('ref_axis',(-0.636223908572692,0.,-0.771504464122202));
#2802=DIRECTION('',(-0.408217893676806,0.25881904510252,-0.87542609806556));
#2803=DIRECTION('',(-0.718200892005937,-0.683012701892218,0.132970401878644));
#2804=DIRECTION('center_axis',(-0.906307787036616,0.,0.422618261740772));
#2805=DIRECTION('ref_axis',(-0.0551627524676801,-0.99144486137381,-0.11829690442127));
#2806=DIRECTION('center_axis',(0.906307787036616,0.,-0.422618261740773));
#2807=DIRECTION('ref_axis',(-0.0551627524676801,-0.99144486137381,-0.11829690442127));
#2808=DIRECTION('center_axis',(-3.62128768344694E-16,1.,-7.76587649830633E-16));
#2809=DIRECTION('ref_axis',(0.422618261740774,8.56869664962129E-16,0.906307787036615));
#2810=DIRECTION('',(7.90478793533111E-14,7.76587649830662E-16,1.));
#2811=DIRECTION('center_axis',(-3.62128768344694E-16,1.,-7.76587649830633E-16));
#2812=DIRECTION('ref_axis',(-0.662134301986701,2.91806528688641E-16,0.749385192095884));
#2813=DIRECTION('',(0.422618261740774,8.56869664962129E-16,0.906307787036615));
#2814=DIRECTION('',(0.906307787036615,4.93038065763132E-32,-0.422618261740774));
#2815=DIRECTION('center_axis',(0.906307787036615,0.,-0.422618261740774));
#2816=DIRECTION('ref_axis',(0.0551627524676796,0.991444861373811,0.11829690442127));
#2817=DIRECTION('center_axis',(-0.530634648185522,-0.810679228399881,0.247439000131346));
#2818=DIRECTION('ref_axis',(-0.734724897487647,0.585490553844358,0.342607846335709));
#2819=DIRECTION('center_axis',(-0.844695687250198,0.306962623821588,0.438478213275736));
#2820=DIRECTION('ref_axis',(-0.333055445900429,-0.942728413023124,0.0183632577438754));
#2821=DIRECTION('center_axis',(-0.619308083818762,-0.783056003547539,0.0572782037505466));
#2822=DIRECTION('ref_axis',(-0.67068297175253,0.565540447006557,0.479946199277398));
#2823=DIRECTION('',(-0.906307787036615,1.34049136553275E-17,0.422618261740774));
#2824=DIRECTION('center_axis',(0.109381654946634,0.965925826289069,0.234569716009794));
#2825=DIRECTION('ref_axis',(0.408217893676807,-0.25881904510252,0.87542609806556));
#2826=DIRECTION('',(0.408217893676807,-0.258819045102519,0.87542609806556));
#2827=DIRECTION('',(0.906307787036615,0.,-0.422618261740774));
#2828=DIRECTION('center_axis',(0.906307787036615,0.,-0.422618261740774));
#2829=DIRECTION('ref_axis',(-0.0551627524676801,-0.99144486137381,-0.11829690442127));
#2830=DIRECTION('center_axis',(0.619308083818762,0.783056003547539,-0.0572782037505466));
#2831=DIRECTION('ref_axis',(0.67068297175253,-0.565540447006557,-0.479946199277398));
#2832=DIRECTION('',(-0.906307787036615,0.,0.422618261740774));
#2833=DIRECTION('center_axis',(-0.906307787036681,0.,-0.422618261740634));
#2834=DIRECTION('ref_axis',(0.422618261740634,0.,-0.906307787036681));
#2835=DIRECTION('center_axis',(0.55208119425714,0.55208119425719,-0.624830144835511));
#2836=DIRECTION('ref_axis',(-0.627003635352853,0.768866035437777,0.125345366107017));
#2837=DIRECTION('center_axis',(-2.96287174100205E-16,-1.,-6.35389895315973E-16));
#2838=DIRECTION('ref_axis',(-0.662134301986702,-4.23227829548404E-16,0.749385192095883));
#2839=DIRECTION('',(0.55208119425714,0.55208119425719,-0.624830144835511));
#2840=DIRECTION('center_axis',(1.,0.,-7.90478793533111E-14));
#2841=DIRECTION('ref_axis',(-5.92327973007286E-14,0.662134301986762,-0.74938519209583));
#2842=DIRECTION('center_axis',(-2.96287174100205E-16,-1.,-6.35389895315973E-16));
#2843=DIRECTION('ref_axis',(-0.422618261740774,7.01075180423561E-16,-0.906307787036615));
#2844=DIRECTION('',(-0.906307787036615,0.,0.422618261740774));
#2845=DIRECTION('',(-0.422618261740774,7.01075180423561E-16,-0.906307787036615));
#2846=DIRECTION('center_axis',(-0.530634648185523,0.810679228399881,0.247439000131346));
#2847=DIRECTION('ref_axis',(0.422618261740775,0.,0.906307787036615));
#2848=DIRECTION('center_axis',(-0.530634648185523,0.810679228399881,0.247439000131346));
#2849=DIRECTION('ref_axis',(-0.734724897487647,-0.585490553844358,0.342607846335709));
#2850=DIRECTION('',(0.700072266465155,0.583758912849179,-0.411247314149875));
#2851=DIRECTION('center_axis',(-0.552081194257139,0.55208119425719,0.624830144835512));
#2852=DIRECTION('ref_axis',(-0.627003635352853,-0.768866035437776,0.125345366107017));
#2853=DIRECTION('center_axis',(1.,0.,-7.90478793533111E-14));
#2854=DIRECTION('ref_axis',(-5.92327973007285E-14,-0.662134301986761,-0.749385192095831));
#2855=DIRECTION('center_axis',(0.906307787036615,0.,-0.422618261740774));
#2856=DIRECTION('ref_axis',(-0.218263813179932,-0.856313618856468,-0.468068257861069));
#2857=DIRECTION('',(-0.552081194257139,0.55208119425719,0.624830144835512));
#2858=DIRECTION('',(0.552081194257139,-0.55208119425719,-0.624830144835512));
#2859=DIRECTION('center_axis',(-0.707106781186548,-0.707106781186547,5.64444219225234E-14));
#2860=DIRECTION('ref_axis',(7.98244670031418E-14,0.,1.));
#2861=DIRECTION('',(-7.90478793533111E-14,-7.76587649830662E-16,-1.));
#2862=DIRECTION('center_axis',(-1.,0.,7.90478793533111E-14));
#2863=DIRECTION('ref_axis',(-7.90478793533111E-14,0.,-1.));
#2864=DIRECTION('',(0.,1.,0.));
#2865=DIRECTION('center_axis',(0.700072266465154,-0.583758912849179,-0.411247314149877));
#2866=DIRECTION('ref_axis',(0.578217567901009,0.801366610742973,-0.15321879570393));
#2867=DIRECTION('center_axis',(-0.906307787036615,0.,0.422618261740774));
#2868=DIRECTION('ref_axis',(0.0551627524676805,0.99144486137381,0.118296904421271));
#2869=DIRECTION('',(0.700072266465154,-0.583758912849179,-0.411247314149877));
#2870=DIRECTION('',(0.700072266465154,-0.583758912849179,-0.411247314149877));
#2871=DIRECTION('center_axis',(-0.530634648185522,-0.810679228399881,0.247439000131346));
#2872=DIRECTION('ref_axis',(0.422618261740775,0.,0.906307787036615));
#2873=DIRECTION('',(-0.422618261740774,-8.56869664962129E-16,-0.906307787036615));
#2874=DIRECTION('center_axis',(0.906307787036615,0.,-0.422618261740774));
#2875=DIRECTION('ref_axis',(0.0551627524676801,-0.991444861373811,0.11829690442127));
#2876=DIRECTION('',(0.906307787036615,-1.34049136553275E-17,-0.422618261740774));
#2877=DIRECTION('center_axis',(-0.619308083818762,0.78305600354754,0.0572782037505464));
#2878=DIRECTION('ref_axis',(-0.67068297175253,-0.565540447006556,0.479946199277398));
#2879=DIRECTION('center_axis',(-0.844695687250199,-0.306962623821588,0.438478213275734));
#2880=DIRECTION('ref_axis',(-0.333055445900425,0.942728413023125,0.018363257743882));
#2881=DIRECTION('center_axis',(0.700072266465155,0.583758912849179,-0.411247314149875));
#2882=DIRECTION('ref_axis',(0.578217567901009,-0.801366610742973,-0.15321879570393));
#2883=DIRECTION('',(0.700072266465155,0.583758912849179,-0.411247314149875));
#2884=DIRECTION('center_axis',(0.109381654946634,-0.965925826289069,0.234569716009794));
#2885=DIRECTION('ref_axis',(-0.408217893676807,-0.25881904510252,-0.87542609806556));
#2886=DIRECTION('',(-0.906307787036615,0.,0.422618261740774));
#2887=DIRECTION('',(-0.408217893676807,-0.258819045102519,-0.87542609806556));
#2888=DIRECTION('center_axis',(-0.619308083818762,0.78305600354754,0.0572782037505464));
#2889=DIRECTION('ref_axis',(0.092094369688755,0.,0.99575028349061));
#2890=DIRECTION('center_axis',(0.619308083818762,-0.78305600354754,-0.0572782037505464));
#2891=DIRECTION('ref_axis',(0.67068297175253,0.565540447006556,-0.479946199277398));
#2892=DIRECTION('',(-0.784421886201215,-0.620223530496817,-0.00225314593230329));
#2893=DIRECTION('center_axis',(-0.784421886201215,0.620223530496817,-0.00225314593230287));
#2894=DIRECTION('ref_axis',(-0.586039067099601,-0.739988167510039,0.33011471305921));
#2895=DIRECTION('center_axis',(0.906307787036615,0.,-0.422618261740774));
#2896=DIRECTION('ref_axis',(0.200170863634053,-0.880716060498351,0.42926780234751));
#2897=DIRECTION('',(-0.784421886201215,0.620223530496817,-0.00225314593230287));
#2898=DIRECTION('center_axis',(-0.906307787036615,0.,0.422618261740774));
#2899=DIRECTION('ref_axis',(0.200170863634053,-0.880716060498352,0.42926780234751));
#2900=DIRECTION('',(0.784421886201215,-0.620223530496817,0.00225314593230287));
#2901=DIRECTION('center_axis',(-0.906307787036615,0.,0.422618261740774));
#2902=DIRECTION('ref_axis',(-0.422618261740774,0.,-0.906307787036615));
#2903=DIRECTION('',(-0.380573816680168,-0.434826257099685,-0.816143183635181));
#2904=DIRECTION('',(-0.408217893676807,0.258819045102519,-0.87542609806556));
#2905=DIRECTION('center_axis',(-0.507409790434507,-0.639644191502393,0.57739987257399));
#2906=DIRECTION('ref_axis',(0.75116632975138,0.,0.660112979002716));
#2907=DIRECTION('',(0.380573816680167,0.434826257099685,0.816143183635181));
#2908=DIRECTION('center_axis',(0.784421886201215,0.620223530496817,0.00225314593230329));
#2909=DIRECTION('ref_axis',(-0.586039067099601,0.739988167510039,0.33011471305921));
#2910=DIRECTION('center_axis',(-0.906307787036615,0.,0.422618261740774));
#2911=DIRECTION('ref_axis',(0.200170863634053,0.880716060498351,0.429267802347511));
#2912=DIRECTION('',(0.784421886201215,0.620223530496817,0.00225314593230327));
#2913=DIRECTION('center_axis',(-0.906307787036615,0.,0.422618261740774));
#2914=DIRECTION('ref_axis',(-0.0551627524676801,0.99144486137381,-0.11829690442127));
#2915=DIRECTION('center_axis',(-0.906307787036681,0.,-0.422618261740634));
#2916=DIRECTION('ref_axis',(0.422618261740634,0.,-0.906307787036681));
#2917=DIRECTION('',(0.906307787036615,0.,-0.422618261740774));
#2918=DIRECTION('center_axis',(-0.75116632975138,0.,-0.660112979002717));
#2919=DIRECTION('ref_axis',(-0.280200584819032,0.90544027729674,0.318850335605711));
#2920=DIRECTION('',(-0.75116632975138,0.,-0.660112979002716));
#2921=DIRECTION('center_axis',(-0.906307787036681,0.,-0.422618261740634));
#2922=DIRECTION('ref_axis',(-0.422618261740634,1.13214873544043E-15,0.906307787036681));
#2923=DIRECTION('center_axis',(0.75116632975138,0.,0.660112979002717));
#2924=DIRECTION('ref_axis',(-0.280200584819034,-0.905440277296739,0.318850335605713));
#2925=DIRECTION('center_axis',(-0.906307787036681,0.,-0.422618261740634));
#2926=DIRECTION('ref_axis',(-0.422618261740633,-5.32775875501378E-16,0.906307787036681));
#2927=DIRECTION('',(0.75116632975138,0.,0.660112979002716));
#2928=DIRECTION('center_axis',(0.,-1.,0.));
#2929=DIRECTION('ref_axis',(0.,0.,-1.));
#2930=DIRECTION('',(-0.422618261740634,0.,0.906307787036681));
#2931=DIRECTION('center_axis',(0.,1.,0.));
#2932=DIRECTION('ref_axis',(0.,0.,1.));
#2933=DIRECTION('',(0.422618261740634,0.,-0.906307787036681));
#2934=DIRECTION('center_axis',(-0.619308083818762,-0.783056003547539,0.0572782037505466));
#2935=DIRECTION('ref_axis',(0.0920943696887553,0.,0.99575028349061));
#2936=DIRECTION('center_axis',(-0.507409790434507,0.639644191502393,0.57739987257399));
#2937=DIRECTION('ref_axis',(0.75116632975138,0.,0.660112979002716));
#2938=DIRECTION('',(-0.380573816680167,0.434826257099685,-0.816143183635181));
#2939=DIRECTION('center_axis',(0.,-1.,0.));
#2940=DIRECTION('ref_axis',(-1.,0.,7.83997165116896E-14));
#2941=DIRECTION('',(0.,-1.,0.));
#2942=DIRECTION('',(0.,1.,0.));
#2943=DIRECTION('center_axis',(0.,-1.,0.));
#2944=DIRECTION('ref_axis',(-1.,0.,7.83997165116896E-14));
#2945=DIRECTION('',(0.,1.,0.));
#2946=DIRECTION('',(0.,-1.,0.));
#2947=DIRECTION('center_axis',(0.906307787036681,0.,0.422618261740634));
#2948=DIRECTION('ref_axis',(-0.422618261740634,0.,0.906307787036681));
#2949=DIRECTION('center_axis',(-0.906307787036681,0.,-0.422618261740634));
#2950=DIRECTION('ref_axis',(-0.422618261740634,-7.74946728002004E-16,0.906307787036681));
#2951=DIRECTION('',(-0.422618261740634,0.,0.906307787036681));
#2952=DIRECTION('center_axis',(-0.906307787036681,0.,-0.422618261740634));
#2953=DIRECTION('ref_axis',(0.422618261740634,1.04946706502611E-17,-0.906307787036681));
#2954=DIRECTION('center_axis',(0.906307787036681,0.,0.422618261740634));
#2955=DIRECTION('ref_axis',(-0.422618261740634,0.,0.906307787036681));
#2956=DIRECTION('center_axis',(-0.906307787036681,0.,-0.422618261740634));
#2957=DIRECTION('ref_axis',(0.422618261740634,-1.04946706502611E-17,-0.906307787036681));
#2958=DIRECTION('',(0.422618261740634,0.,-0.906307787036681));
#2959=DIRECTION('center_axis',(-0.906307787036681,0.,-0.422618261740634));
#2960=DIRECTION('ref_axis',(-0.422618261740634,2.42170852500626E-16,0.906307787036681));
#2961=DIRECTION('center_axis',(0.75116632975138,0.,0.660112979002717));
#2962=DIRECTION('ref_axis',(-0.280200584819034,-0.905440277296739,0.318850335605713));
#2963=DIRECTION('',(0.75116632975138,0.,0.660112979002716));
#2964=DIRECTION('',(0.75116632975138,0.,0.660112979002716));
#2965=DIRECTION('center_axis',(-0.906307787036615,0.,0.422618261740774));
#2966=DIRECTION('ref_axis',(0.422618261740774,0.,0.906307787036615));
#2967=DIRECTION('center_axis',(-0.75116632975138,0.,-0.660112979002717));
#2968=DIRECTION('ref_axis',(-0.280200584819032,0.90544027729674,0.318850335605711));
#2969=DIRECTION('',(-0.75116632975138,0.,-0.660112979002716));
#2970=DIRECTION('center_axis',(-0.906307787036615,0.,0.422618261740774));
#2971=DIRECTION('ref_axis',(0.422618261740774,0.,0.906307787036615));
#2972=DIRECTION('',(-0.75116632975138,0.,-0.660112979002716));
#2973=DIRECTION('center_axis',(0.906307787036615,0.,-0.422618261740774));
#2974=DIRECTION('ref_axis',(0.422618261740774,0.,0.906307787036615));
#2975=DIRECTION('',(-0.380573816680167,0.434826257099685,-0.816143183635181));
#2976=DIRECTION('',(0.380573816680167,0.434826257099685,0.816143183635181));
#2977=DIRECTION('center_axis',(0.784421886201215,0.620223530496817,0.00225314593230329));
#2978=DIRECTION('ref_axis',(-0.586039067099601,0.739988167510039,0.33011471305921));
#2979=DIRECTION('',(-0.784421886201215,-0.620223530496817,-0.00225314593230329));
#2980=DIRECTION('',(0.784421886201215,0.620223530496817,0.00225314593230327));
#2981=DIRECTION('center_axis',(0.906307787036615,0.,-0.422618261740774));
#2982=DIRECTION('ref_axis',(0.05516275246768,-0.991444861373811,0.11829690442127));
#2983=DIRECTION('center_axis',(-0.906307787036615,0.,0.422618261740774));
#2984=DIRECTION('ref_axis',(0.0551627524676801,-0.99144486137381,0.11829690442127));
#2985=DIRECTION('',(0.718200892005927,-0.68301270189223,-0.132970401878637));
#2986=DIRECTION('center_axis',(0.563511872105593,0.683012701892219,-0.464702075581701));
#2987=DIRECTION('ref_axis',(-0.636223908572692,0.,-0.771504464122203));
#2988=DIRECTION('',(0.718200892005938,-0.683012701892219,-0.132970401878637));
#2989=DIRECTION('',(-0.408217893676806,-0.258819045102519,-0.87542609806556));
#2990=DIRECTION('center_axis',(-0.906307787036616,0.,0.422618261740772));
#2991=DIRECTION('ref_axis',(-0.0551627524676801,0.99144486137381,-0.11829690442127));
#2992=DIRECTION('center_axis',(0.906307787036615,0.,-0.422618261740774));
#2993=DIRECTION('ref_axis',(-0.0551627524676801,0.99144486137381,-0.11829690442127));
#2994=DIRECTION('center_axis',(0.906307787036615,0.,-0.422618261740774));
#2995=DIRECTION('ref_axis',(0.0551627524676797,0.991444861373811,0.11829690442127));
#2996=DIRECTION('',(-0.718200892005928,-0.683012701892229,0.132970401878638));
#2997=DIRECTION('center_axis',(-0.906307787036615,0.,0.422618261740774));
#2998=DIRECTION('ref_axis',(0.0551627524676796,0.99144486137381,0.11829690442127));
#2999=DIRECTION('center_axis',(0.563511872105592,-0.68301270189222,-0.4647020755817));
#3000=DIRECTION('ref_axis',(-0.636223908572692,0.,-0.771504464122202));
#3001=DIRECTION('',(-0.718200892005937,-0.683012701892218,0.132970401878644));
#3002=DIRECTION('',(0.408217893676806,-0.25881904510252,0.87542609806556));
#3003=DIRECTION('center_axis',(-0.906307787036616,0.,0.422618261740772));
#3004=DIRECTION('ref_axis',(-0.0551627524676801,-0.99144486137381,-0.11829690442127));
#3005=DIRECTION('center_axis',(0.906307787036615,0.,-0.422618261740774));
#3006=DIRECTION('ref_axis',(-0.0551627524676801,-0.99144486137381,-0.11829690442127));
#3007=DIRECTION('center_axis',(0.906307787036615,0.,-0.422618261740774));
#3008=DIRECTION('ref_axis',(0.0551627524676796,0.99144486137381,0.11829690442127));
#3009=DIRECTION('',(-0.906307787036615,1.34049136553275E-17,0.422618261740774));
#3010=DIRECTION('center_axis',(-0.619308083818762,-0.783056003547539,0.0572782037505466));
#3011=DIRECTION('ref_axis',(-0.670682971752529,0.565540447006557,0.479946199277398));
#3012=DIRECTION('center_axis',(-0.844695687250198,0.306962623821588,0.438478213275736));
#3013=DIRECTION('ref_axis',(0.333055445900426,0.942728413023125,-0.018363257743882));
#3014=DIRECTION('center_axis',(0.109381654946634,0.965925826289069,0.234569716009794));
#3015=DIRECTION('ref_axis',(0.408217893676807,-0.25881904510252,0.87542609806556));
#3016=DIRECTION('',(0.906307787036615,0.,-0.422618261740774));
#3017=DIRECTION('',(0.408217893676807,-0.258819045102519,0.87542609806556));
#3018=DIRECTION('center_axis',(0.906307787036615,0.,-0.422618261740774));
#3019=DIRECTION('ref_axis',(-0.0551627524676801,-0.99144486137381,-0.11829690442127));
#3020=DIRECTION('',(-0.906307787036615,0.,0.422618261740774));
#3021=DIRECTION('center_axis',(0.619308083818762,0.783056003547539,-0.0572782037505466));
#3022=DIRECTION('ref_axis',(0.670682971752529,-0.565540447006557,-0.479946199277398));
#3023=DIRECTION('center_axis',(0.700072266465154,-0.583758912849179,-0.411247314149877));
#3024=DIRECTION('ref_axis',(0.578217567901009,0.801366610742973,-0.15321879570393));
#3025=DIRECTION('',(0.700072266465154,-0.583758912849179,-0.411247314149877));
#3026=DIRECTION('center_axis',(0.906307787036615,0.,-0.422618261740774));
#3027=DIRECTION('ref_axis',(0.0551627524676801,-0.99144486137381,0.11829690442127));
#3028=DIRECTION('center_axis',(-0.844695687250199,-0.306962623821587,0.438478213275735));
#3029=DIRECTION('ref_axis',(0.333055445900425,-0.942728413023126,-0.0183632577438815));
#3030=DIRECTION('center_axis',(-0.619308083818762,0.78305600354754,0.0572782037505464));
#3031=DIRECTION('ref_axis',(-0.67068297175253,-0.565540447006556,0.479946199277398));
#3032=DIRECTION('',(0.906307787036615,-1.34049136553275E-17,-0.422618261740774));
#3033=DIRECTION('center_axis',(0.700072266465155,0.583758912849179,-0.411247314149875));
#3034=DIRECTION('ref_axis',(0.578217567901009,-0.801366610742973,-0.15321879570393));
#3035=DIRECTION('',(0.700072266465155,0.583758912849179,-0.411247314149875));
#3036=DIRECTION('center_axis',(0.109381654946634,-0.965925826289069,0.234569716009794));
#3037=DIRECTION('ref_axis',(-0.408217893676807,-0.25881904510252,-0.87542609806556));
#3038=DIRECTION('',(-0.408217893676807,-0.25881904510252,-0.87542609806556));
#3039=DIRECTION('',(-0.906307787036615,0.,0.422618261740774));
#3040=DIRECTION('center_axis',(-0.619308083818762,0.78305600354754,0.0572782037505464));
#3041=DIRECTION('ref_axis',(0.092094369688755,0.,0.99575028349061));
#3042=DIRECTION('center_axis',(-0.619308083818762,0.78305600354754,0.0572782037505464));
#3043=DIRECTION('ref_axis',(0.67068297175253,0.565540447006556,-0.479946199277398));
#3044=DIRECTION('center_axis',(-0.784421886201215,0.620223530496817,-0.00225314593230287));
#3045=DIRECTION('ref_axis',(-0.586039067099601,-0.739988167510039,0.33011471305921));
#3046=DIRECTION('',(-0.784421886201215,0.620223530496817,-0.00225314593230287));
#3047=DIRECTION('',(0.784421886201215,-0.620223530496817,0.00225314593230287));
#3048=DIRECTION('center_axis',(-0.507409790434507,-0.639644191502393,0.57739987257399));
#3049=DIRECTION('ref_axis',(0.75116632975138,0.,0.660112979002716));
#3050=DIRECTION('center_axis',(-0.906307787036615,0.,0.422618261740774));
#3051=DIRECTION('ref_axis',(-0.0551627524676801,0.99144486137381,-0.11829690442127));
#3052=DIRECTION('',(0.906307787036615,0.,-0.422618261740774));
#3053=DIRECTION('center_axis',(0.,-1.,0.));
#3054=DIRECTION('ref_axis',(0.,0.,-1.));
#3055=DIRECTION('center_axis',(0.,1.,0.));
#3056=DIRECTION('ref_axis',(0.,0.,1.));
#3057=DIRECTION('center_axis',(-0.619308083818762,-0.783056003547539,0.0572782037505466));
#3058=DIRECTION('ref_axis',(0.0920943696887553,0.,0.99575028349061));
#3059=DIRECTION('center_axis',(-0.507409790434507,0.639644191502393,0.57739987257399));
#3060=DIRECTION('ref_axis',(0.75116632975138,0.,0.660112979002716));
#3061=CARTESIAN_POINT('',(0.,0.,0.));
#3062=CARTESIAN_POINT('Origin',(-87.9438314495541,-25.2,1.18327765311198));
#3063=CARTESIAN_POINT('',(-88.6438314495541,-22.65,1.18327765311204));
#3064=CARTESIAN_POINT('Origin',(-88.6438314495541,-25.2,1.18327765311204));
#3065=CARTESIAN_POINT('',(-87.2438314495541,-24.05,1.18327765311193));
#3066=CARTESIAN_POINT('',(-87.9438314495541,-23.35,1.18327765311198));
#3067=CARTESIAN_POINT('Origin',(-87.2438314495541,-25.2,1.18327765311193));
#3068=CARTESIAN_POINT('Origin',(-88.6438314495531,-25.2,13.183277653112));
#3069=CARTESIAN_POINT('',(-88.6438314495533,-15.9113926850831,10.6700088856781));
#3070=CARTESIAN_POINT('',(-88.6438314495533,-34.488607314917,10.6700088856781));
#3071=CARTESIAN_POINT('',(-88.6438314495533,-25.2,10.6700088856781));
#3072=CARTESIAN_POINT('',(-88.6438314495537,-15.2,5.59141100546861));
#3073=CARTESIAN_POINT('Origin',(-88.6438314495529,-34.2918830920368,16.3952422187647));
#3074=CARTESIAN_POINT('',(-88.6438314495566,-15.2,-31.1057361879071));
#3075=CARTESIAN_POINT('',(-88.6438314495524,-15.2,22.5895323483688));
#3076=CARTESIAN_POINT('',(-88.6438314495566,-16.6,-31.1057361879071));
#3077=CARTESIAN_POINT('',(-88.6438314495566,-25.2,-31.1057361879071));
#3078=CARTESIAN_POINT('',(-88.6438314495552,-16.6,-13.3020037211265));
#3079=CARTESIAN_POINT('',(-88.643831449554,-16.6,2.68327765311204));
#3080=CARTESIAN_POINT('',(-88.6438314495549,-18.3573593128807,-9.05936303400725));
#3081=CARTESIAN_POINT('Origin',(-88.6438314495552,-22.6,-13.3020037211265));
#3082=CARTESIAN_POINT('',(-88.6438314495548,-19.6,-7.81672234688796));
#3083=CARTESIAN_POINT('',(-88.6438314495543,-25.5,-1.91672234688796));
#3084=CARTESIAN_POINT('',(-88.6438314495548,-30.8,-7.81672234688796));
#3085=CARTESIAN_POINT('',(-88.6438314495548,-29.5,-7.81672234688796));
#3086=CARTESIAN_POINT('',(-88.6438314495549,-32.0426406871193,-9.05936303400724));
#3087=CARTESIAN_POINT('',(-88.6438314495543,-24.9,-1.91672234688796));
#3088=CARTESIAN_POINT('',(-88.6438314495552,-33.8,-13.3020037211265));
#3089=CARTESIAN_POINT('Origin',(-88.6438314495552,-27.8,-13.3020037211265));
#3090=CARTESIAN_POINT('',(-88.6438314495566,-33.8,-31.1057361879071));
#3091=CARTESIAN_POINT('',(-88.6438314495552,-33.8,-12.9547064110387));
#3092=CARTESIAN_POINT('',(-88.6438314495566,-35.2,-31.1057361879071));
#3093=CARTESIAN_POINT('',(-88.6438314495566,-25.2,-31.1057361879071));
#3094=CARTESIAN_POINT('',(-88.6438314495537,-35.2,5.59141100546858));
#3095=CARTESIAN_POINT('',(-88.6438314495544,-35.2,-3.24459844375331));
#3096=CARTESIAN_POINT('Origin',(-88.6438314495529,-16.1081169079632,16.3952422187647));
#3097=CARTESIAN_POINT('Origin',(-86.6438314495541,-25.2,1.18327765311188));
#3098=CARTESIAN_POINT('',(-86.6438314495541,-24.05,1.18327765311188));
#3099=CARTESIAN_POINT('Origin',(-86.6438314495541,-25.2,1.18327765311188));
#3100=CARTESIAN_POINT('',(-86.6438314495541,-24.05,1.18327765311188));
#3101=CARTESIAN_POINT('Origin',(-50.3913872234278,-25.2,82.3344923541801));
#3102=CARTESIAN_POINT('',(-50.8534663087297,-22.65,82.8603087850061));
#3103=CARTESIAN_POINT('Origin',(-50.8534663087297,-25.2,82.8603087850061));
#3104=CARTESIAN_POINT('',(-49.9293081381259,-24.05,81.8086759233541));
#3105=CARTESIAN_POINT('',(-50.3913872234278,-23.35,82.3344923541801));
#3106=CARTESIAN_POINT('Origin',(-49.9293081381259,-25.2,81.8086759233541));
#3107=CARTESIAN_POINT('Origin',(-49.5332403507243,-25.2,81.3579761255033));
#3108=CARTESIAN_POINT('',(-49.5332403507243,-24.05,81.3579761255033));
#3109=CARTESIAN_POINT('Origin',(-49.5332403507243,-25.2,81.3579761255033));
#3110=CARTESIAN_POINT('',(-49.5332403507243,-24.05,81.3579761255033));
#3111=CARTESIAN_POINT('Origin',(-43.3418030112159,-25.2,89.4614385750333));
#3112=CARTESIAN_POINT('',(-57.9874210415099,-33.1416202580521,76.5911032519456));
#3113=CARTESIAN_POINT('',(-57.9874210415099,-17.2583797419479,76.5911032519456));
#3114=CARTESIAN_POINT('',(-57.9874210415099,-25.2,76.5911032519456));
#3115=CARTESIAN_POINT('',(-39.918015374692,-33.1416202580521,92.4702084928309));
#3116=CARTESIAN_POINT('',(-53.6030870883067,-33.1416202580521,80.4439859387263));
#3117=CARTESIAN_POINT('',(-39.918015374692,-17.2583797419479,92.4702084928309));
#3118=CARTESIAN_POINT('',(-39.9180153746921,-25.2,92.4702084928309));
#3119=CARTESIAN_POINT('',(-53.6030870883067,-17.2583797419479,80.4439859387263));
#3120=CARTESIAN_POINT('Origin',(-52.7065172094882,-25.2,70.5817726139346));
#3121=CARTESIAN_POINT('',(-59.9569795057811,-33.9518451613822,73.9627187078608));
#3122=CARTESIAN_POINT('Origin',(-52.7065172094882,-42.7553541636315,70.5817726139346));
#3123=CARTESIAN_POINT('',(-59.9569795057811,-16.4481548386178,73.9627187078608));
#3124=CARTESIAN_POINT('Origin',(-52.7065172094882,-7.6446458363685,70.5817726139346));
#3125=CARTESIAN_POINT('',(-59.9569795057811,-19.4627302557482,73.9627187078608));
#3126=CARTESIAN_POINT('',(-59.9569795057811,-25.2,73.9627187078608));
#3127=CARTESIAN_POINT('',(-59.762265471791,-19.8573593128807,74.3522389589654));
#3128=CARTESIAN_POINT('Ctrl Pts',(-59.9569795057811,-19.4627302557482,73.9627187078608));
#3129=CARTESIAN_POINT('Ctrl Pts',(-59.9079417630168,-19.557996685152,74.0678804865851));
#3130=CARTESIAN_POINT('Ctrl Pts',(-59.8591221363437,-19.6557379095859,74.1665740628947));
#3131=CARTESIAN_POINT('Ctrl Pts',(-59.7954359574742,-19.7875120965896,74.2896716904193));
#3132=CARTESIAN_POINT('Ctrl Pts',(-59.7788811423833,-19.8221571877874,74.3211457258795));
#3133=CARTESIAN_POINT('Ctrl Pts',(-59.762265471791,-19.8573593128807,74.3522389589654));
#3134=CARTESIAN_POINT('',(-59.0865672679095,-21.1,75.4082580072657));
#3135=CARTESIAN_POINT('Origin',(-52.7065172094882,-19.4220443695147,70.5817726139346));
#3136=CARTESIAN_POINT('',(-59.0865672679095,-29.3,75.4082580072657));
#3137=CARTESIAN_POINT('',(-59.0865672679095,-25.2,75.4082580072657));
#3138=CARTESIAN_POINT('',(-59.762265471791,-30.5426406871193,74.3522389589654));
#3139=CARTESIAN_POINT('Origin',(-52.7065172094882,-30.9779556304854,70.5817726139346));
#3140=CARTESIAN_POINT('',(-59.9569795057811,-30.9372697442519,73.9627187078607));
#3141=CARTESIAN_POINT('Ctrl Pts',(-59.762265471791,-30.5426406871193,74.3522389589654));
#3142=CARTESIAN_POINT('Ctrl Pts',(-59.8273401229525,-30.6805084907607,74.2304634768801));
#3143=CARTESIAN_POINT('Ctrl Pts',(-59.8918154778496,-30.8105410395746,74.102184446283));
#3144=CARTESIAN_POINT('Ctrl Pts',(-59.9552158688826,-30.9338425774439,73.966498907582));
#3145=CARTESIAN_POINT('Ctrl Pts',(-59.9560976365618,-30.9355565224153,73.9646098825045));
#3146=CARTESIAN_POINT('Ctrl Pts',(-59.9569795057811,-30.9372697442519,73.9627187078608));
#3147=CARTESIAN_POINT('',(-59.9569795057811,-25.2,73.9627187078608));
#3148=CARTESIAN_POINT('Origin',(-61.566024893487,-26.3,70.5121097385122));
#3149=CARTESIAN_POINT('',(-58.2877438293318,-30.5426406871193,73.6646582249712));
#3150=CARTESIAN_POINT('',(-59.773007461106,-30.5426406871193,74.3572480308468));
#3151=CARTESIAN_POINT('',(-58.5472363077408,-30.8369761953516,73.4366203774708));
#3152=CARTESIAN_POINT('Origin',(-61.7679794686061,-26.3,70.6062827034897));
#3153=CARTESIAN_POINT('',(-60.2065632129321,-32.3,69.8781823459011));
#3154=CARTESIAN_POINT('Origin',(-60.2065632129321,-26.3,69.8781823459011));
#3155=CARTESIAN_POINT('',(-61.566024893487,-32.3,70.5121097385122));
#3156=CARTESIAN_POINT('',(-61.566024893487,-32.3,70.5121097385122));
#3157=CARTESIAN_POINT('Origin',(-61.566024893487,-26.3,70.5121097385122));
#3158=CARTESIAN_POINT('Origin',(-59.8817722065584,-30.8,74.1240012815166));
#3159=CARTESIAN_POINT('',(-57.2684064107154,-29.3,74.5604356757983));
#3160=CARTESIAN_POINT('',(-59.2478448139473,-29.3,75.4834629620716));
#3161=CARTESIAN_POINT('',(-53.0954746947192,-24.2129163315655,78.2275414513366));
#3162=CARTESIAN_POINT('Origin',(-59.2478448139473,-18.1,75.4834629620716));
#3163=CARTESIAN_POINT('',(-57.2684064107154,-21.1,74.5604356757983));
#3164=CARTESIAN_POINT('',(-59.2478448139472,-21.1,75.4834629620716));
#3165=CARTESIAN_POINT('',(-57.2684064107154,-21.65,74.5604356757983));
#3166=CARTESIAN_POINT('Origin',(-59.8817722065584,-19.6,74.1240012815166));
#3167=CARTESIAN_POINT('',(-58.2877438293318,-19.8573593128807,73.6646582249712));
#3168=CARTESIAN_POINT('',(-59.7730074611059,-19.8573593128807,74.3572480308468));
#3169=CARTESIAN_POINT('',(-53.0954746947193,-26.1870836684346,78.2275414513365));
#3170=CARTESIAN_POINT('Origin',(-61.566024893487,-24.1,70.5121097385122));
#3171=CARTESIAN_POINT('',(-61.566024893487,-18.1,70.5121097385122));
#3172=CARTESIAN_POINT('Origin',(-61.566024893487,-24.1,70.5121097385122));
#3173=CARTESIAN_POINT('',(-60.2065632129321,-18.1,69.8781823459011));
#3174=CARTESIAN_POINT('',(-61.566024893487,-18.1,70.5121097385122));
#3175=CARTESIAN_POINT('',(-58.5472363077408,-19.5630238046485,73.4366203774708));
#3176=CARTESIAN_POINT('Origin',(-60.2065632129321,-24.1,69.8781823459011));
#3177=CARTESIAN_POINT('Origin',(-61.7679794686061,-24.1,70.6062827034897));
#3178=CARTESIAN_POINT('Origin',(-80.6438314495533,-25.2,10.6700088856775));
#3179=CARTESIAN_POINT('',(-88.5929795302763,-16.1332938388567,11.570589137925));
#3180=CARTESIAN_POINT('Ctrl Pts',(-88.5929795302763,-16.1332938388566,11.570589137925));
#3181=CARTESIAN_POINT('Ctrl Pts',(-88.6065152466348,-16.1056868455534,11.4511134849292));
#3182=CARTESIAN_POINT('Ctrl Pts',(-88.6172446070926,-16.077601911507,11.3323054845244));
#3183=CARTESIAN_POINT('Ctrl Pts',(-88.6375582311483,-16.0053818579811,11.0345106626502));
#3184=CARTESIAN_POINT('Ctrl Pts',(-88.6438314495533,-15.9596030512469,10.8527274153732));
#3185=CARTESIAN_POINT('Ctrl Pts',(-88.6438314495533,-15.9113926850831,10.6700088856781));
#3186=CARTESIAN_POINT('',(-88.5929795302763,-34.2667061611434,11.570589137925));
#3187=CARTESIAN_POINT('Ctrl Pts',(-88.6438314495533,-34.488607314917,10.6700088856781));
#3188=CARTESIAN_POINT('Ctrl Pts',(-88.6438314495533,-34.4403969487531,10.8527274153732));
#3189=CARTESIAN_POINT('Ctrl Pts',(-88.6375582311483,-34.3946181420189,11.0345106626502));
#3190=CARTESIAN_POINT('Ctrl Pts',(-88.6172446070926,-34.322398088493,11.3323054845244));
#3191=CARTESIAN_POINT('Ctrl Pts',(-88.6065152466348,-34.2943131544466,11.4511134849291));
#3192=CARTESIAN_POINT('Ctrl Pts',(-88.5929795302763,-34.2667061611434,11.570589137925));
#3193=CARTESIAN_POINT('',(-87.8942937458462,-33.9669669425979,14.0509549796037));
#3194=CARTESIAN_POINT('Origin',(-80.6438314495533,-39.7447447203757,10.6700088856775));
#3195=CARTESIAN_POINT('',(-87.8942937458463,-31.0141387766173,14.0509549796037));
#3196=CARTESIAN_POINT('',(-87.8942937458462,-25.2,14.0509549796037));
#3197=CARTESIAN_POINT('',(-88.1026847336532,-30.5426406871192,13.5623276243839));
#3198=CARTESIAN_POINT('Ctrl Pts',(-87.8942937458462,-31.0141387766173,14.0509549796037));
#3199=CARTESIAN_POINT('Ctrl Pts',(-87.9568799072849,-30.8975374807814,13.9167385232704));
#3200=CARTESIAN_POINT('Ctrl Pts',(-88.0120737012426,-30.7762368247692,13.788571584139));
#3201=CARTESIAN_POINT('Ctrl Pts',(-88.0747011478488,-30.6181601653525,13.6337371143703));
#3202=CARTESIAN_POINT('Ctrl Pts',(-88.0888852898083,-30.5807250710526,13.59791430633));
#3203=CARTESIAN_POINT('Ctrl Pts',(-88.1026847336532,-30.5426406871192,13.5623276243839));
#3204=CARTESIAN_POINT('',(-88.4634119239091,-29.3,12.3594351803331));
#3205=CARTESIAN_POINT('Origin',(-80.6438314495533,-31.0735573011435,10.6700088856775));
#3206=CARTESIAN_POINT('',(-88.4634119239091,-21.1,12.3594351803331));
#3207=CARTESIAN_POINT('',(-88.4634119239091,-25.2,12.3594351803331));
#3208=CARTESIAN_POINT('',(-88.1026847336532,-19.8573593128807,13.5623276243838));
#3209=CARTESIAN_POINT('Origin',(-80.6438314495533,-19.3264426988564,10.6700088856775));
#3210=CARTESIAN_POINT('',(-87.8942937458463,-19.3858612233826,14.0509549796037));
#3211=CARTESIAN_POINT('Ctrl Pts',(-88.1026847336532,-19.8573593128807,13.5623276243838));
#3212=CARTESIAN_POINT('Ctrl Pts',(-88.0532222311348,-19.720850265314,13.6898839494917));
#3213=CARTESIAN_POINT('Ctrl Pts',(-87.9985494552836,-19.5920169991793,13.8211182168463));
#3214=CARTESIAN_POINT('Ctrl Pts',(-87.9242293878745,-19.4427083248755,13.9861844657984));
#3215=CARTESIAN_POINT('Ctrl Pts',(-87.9094847894933,-19.4141629331159,14.0183776813727));
#3216=CARTESIAN_POINT('Ctrl Pts',(-87.8942937458462,-19.3858612233826,14.0509549796037));
#3217=CARTESIAN_POINT('',(-87.8942937458462,-16.4330330574022,14.0509549796037));
#3218=CARTESIAN_POINT('',(-87.8942937458462,-25.2,14.0509549796037));
#3219=CARTESIAN_POINT('Origin',(-80.6438314495533,-10.6552552796244,10.6700088856775));
#3220=CARTESIAN_POINT('Origin',(-88.0099040569421,-30.8,13.8030278673766));
#3221=CARTESIAN_POINT('',(-86.6438314495531,-30.5426406871192,12.8820531658833));
#3222=CARTESIAN_POINT('',(-88.1186688023945,-30.5426406871192,13.5697811180464));
#3223=CARTESIAN_POINT('',(-86.6438314495532,-29.3,11.5109508705115));
#3224=CARTESIAN_POINT('',(-86.6438314495532,-29.7000634348868,11.9523720307499));
#3225=CARTESIAN_POINT('',(-88.6438314495532,-29.3,12.4435661868217));
#3226=CARTESIAN_POINT('Origin',(-86.3256513700135,-26.3,17.414919410381));
#3227=CARTESIAN_POINT('',(-86.3256513700134,-32.3,17.414919410381));
#3228=CARTESIAN_POINT('Origin',(-86.3256513700135,-26.3,17.414919410381));
#3229=CARTESIAN_POINT('',(-84.9661896894585,-32.3,16.7809920177698));
#3230=CARTESIAN_POINT('',(-86.3256513700135,-32.3,17.414919410381));
#3231=CARTESIAN_POINT('',(-86.6438314495531,-30.7991076309775,13.1832776531118));
#3232=CARTESIAN_POINT('Origin',(-84.9661896894585,-26.3,16.7809920177698));
#3233=CARTESIAN_POINT('Origin',(-86.6438314495528,-26.3,17.5632892181426));
#3234=CARTESIAN_POINT('Origin',(-59.9066979882957,-25.2,74.0705477700819));
#3235=CARTESIAN_POINT('',(-59.5772714011215,-32.3,74.7770053660767));
#3236=CARTESIAN_POINT('',(-79.6786851782583,-33.9669669425979,31.6693844089898));
#3237=CARTESIAN_POINT('',(-70.7610689893443,-33.9669669425978,50.7932740405598));
#3238=CARTESIAN_POINT('',(-78.1712367724932,-34.4365617650877,34.9021179474634));
#3239=CARTESIAN_POINT('Origin',(-80.0786456051077,-54.9370367364849,30.8116665056817));
#3240=CARTESIAN_POINT('',(-70.6041733726075,-39.2342449478323,51.1297377764496));
#3241=CARTESIAN_POINT('',(-66.2305030811583,-42.0072472732089,60.5091039844873));
#3242=CARTESIAN_POINT('',(-63.5655274059497,-38.0748071420113,66.2241627629607));
#3243=CARTESIAN_POINT('Origin',(-71.4038688157409,-1.69283242348765,49.4147853643503));
#3244=CARTESIAN_POINT('',(-60.9450462279639,-35.0807650600744,71.8438027842151));
#3245=CARTESIAN_POINT('Origin',(-76.9735452404516,-37.6660188425998,25.3514492407901));
#3246=CARTESIAN_POINT('',(-81.6596856914203,-41.2,3.72367995394391));
#3247=CARTESIAN_POINT('',(-85.0769086958952,-37.7827769955248,7.59119793324102));
#3248=CARTESIAN_POINT('',(-71.1835485468396,-41.2,26.1898285606998));
#3249=CARTESIAN_POINT('',(-83.393166736926,-41.2,0.00621785528555685));
#3250=CARTESIAN_POINT('',(-70.9981649462269,-41.2052640389851,26.5701385141744));
#3251=CARTESIAN_POINT('Origin',(-49.85045755967,-58.2,16.2420448612631));
#3252=CARTESIAN_POINT('',(-74.6304276228078,-38.1764828504804,28.7038586193474));
#3253=CARTESIAN_POINT('Origin',(-77.9133409453906,-26.8386074121264,4.25077143146784));
#3254=CARTESIAN_POINT('',(-82.6438314495543,-41.2,-1.19922216227995));
#3255=CARTESIAN_POINT('',(-87.4592824914091,-36.3845489581448,4.25077143146861));
#3256=CARTESIAN_POINT('Origin',(-63.5519483575184,-41.2,-12.0030533755775));
#3257=CARTESIAN_POINT('Origin',(-86.3256513700134,-24.1,17.414919410381));
#3258=CARTESIAN_POINT('',(-86.6438314495531,-19.8573593128807,12.8820531658832));
#3259=CARTESIAN_POINT('',(-88.1186688023945,-19.8573593128807,13.5697811180464));
#3260=CARTESIAN_POINT('',(-86.6438314495531,-19.6008923690223,13.183277653112));
#3261=CARTESIAN_POINT('Origin',(-86.6438314495528,-24.1,17.5632892181425));
#3262=CARTESIAN_POINT('',(-84.9661896894585,-18.1,16.7809920177698));
#3263=CARTESIAN_POINT('Origin',(-84.9661896894586,-24.1,16.7809920177698));
#3264=CARTESIAN_POINT('',(-86.3256513700134,-18.1,17.414919410381));
#3265=CARTESIAN_POINT('',(-86.3256513700134,-18.1,17.414919410381));
#3266=CARTESIAN_POINT('Origin',(-86.3256513700135,-24.1,17.414919410381));
#3267=CARTESIAN_POINT('Origin',(-88.6438314495532,-18.1,12.4435661868216));
#3268=CARTESIAN_POINT('',(-72.9158030383695,-18.1,42.6231295858406));
#3269=CARTESIAN_POINT('',(-74.2752647189244,-18.1,43.2570569784518));
#3270=CARTESIAN_POINT('Origin',(-59.2478448139473,-32.3,75.4834629620715));
#3271=CARTESIAN_POINT('',(-58.2178097205665,-32.3,74.1430779734656));
#3272=CARTESIAN_POINT('Origin',(-86.6438314495552,-27.8,-13.3020037211267));
#3273=CARTESIAN_POINT('',(-86.6438314495552,-33.8,-13.3020037211267));
#3274=CARTESIAN_POINT('',(-86.6438314495551,-33.7,-12.2111325096632));
#3275=CARTESIAN_POINT('Origin',(-86.6438314495552,-27.8,-13.3020037211267));
#3276=CARTESIAN_POINT('',(-86.6438314495552,-33.8,-13.3020037211267));
#3277=CARTESIAN_POINT('',(-86.6438314495549,-32.0426406871193,-9.0593630340074));
#3278=CARTESIAN_POINT('',(-86.6438314495549,-32.0426406871193,-9.0593630340074));
#3279=CARTESIAN_POINT('Origin',(-86.6438314495552,-27.8,-13.3020037211267));
#3280=CARTESIAN_POINT('Origin',(-86.6438314495572,-33.8,-39.0926904751895));
#3281=CARTESIAN_POINT('',(-86.6438314495563,-33.8,-26.8167223468881));
#3282=CARTESIAN_POINT('',(-86.6438314495572,-33.8,-39.0926904751895));
#3283=CARTESIAN_POINT('',(-88.9948157417044,-33.8,-31.858424431408));
#3284=CARTESIAN_POINT('Origin',(-86.643831449556,-25.2,-23.4547064110388));
#3285=CARTESIAN_POINT('',(-86.6438314495563,-33.7,-26.8167223468881));
#3286=CARTESIAN_POINT('',(-86.6438314495544,-33.7,-3.24459844375347));
#3287=CARTESIAN_POINT('',(-86.6438314495563,-25.2,-26.8167223468881));
#3288=CARTESIAN_POINT('Origin',(-86.6438314495552,-22.6,-13.3020037211267));
#3289=CARTESIAN_POINT('',(-86.6438314495551,-16.7,-12.2111325096631));
#3290=CARTESIAN_POINT('',(-86.6438314495552,-16.6,-13.3020037211267));
#3291=CARTESIAN_POINT('Origin',(-86.6438314495552,-22.6,-13.3020037211267));
#3292=CARTESIAN_POINT('',(-86.6438314495549,-18.3573593128807,-9.0593630340074));
#3293=CARTESIAN_POINT('Origin',(-86.6438314495552,-22.6,-13.3020037211267));
#3294=CARTESIAN_POINT('',(-86.6438314495549,-18.3573593128807,-9.0593630340074));
#3295=CARTESIAN_POINT('',(-86.6438314495552,-16.6,-13.3020037211267));
#3296=CARTESIAN_POINT('Origin',(-86.643831449556,-25.2,-23.4547064110388));
#3297=CARTESIAN_POINT('',(-86.6438314495563,-16.6,-26.8167223468881));
#3298=CARTESIAN_POINT('',(-86.6438314495548,-16.6,-7.81672234688812));
#3299=CARTESIAN_POINT('',(-86.6438314495563,-16.7,-26.8167223468881));
#3300=CARTESIAN_POINT('',(-86.6438314495563,-25.2,-26.8167223468881));
#3301=CARTESIAN_POINT('',(-86.6438314495524,-16.7,22.5895323483686));
#3302=CARTESIAN_POINT('Origin',(-86.6438314495548,-16.6,-7.81672234688812));
#3303=CARTESIAN_POINT('',(-83.0051203447405,-16.6,-19.0134812008774));
#3304=CARTESIAN_POINT('Origin',(-88.009904056942,-19.6,13.8030278673766));
#3305=CARTESIAN_POINT('',(-86.6438314495532,-21.1,11.5109508705115));
#3306=CARTESIAN_POINT('',(-88.6438314495532,-21.1,12.4435661868217));
#3307=CARTESIAN_POINT('',(-86.6438314495532,-20.6999365651131,11.9523720307499));
#3308=CARTESIAN_POINT('Origin',(-88.6438314495532,-32.3,12.4435661868217));
#3309=CARTESIAN_POINT('',(-86.6438314495532,-28.75,11.5109508705115));
#3310=CARTESIAN_POINT('Origin',(-86.6438314495549,-32.3,-9.31672234688812));
#3311=CARTESIAN_POINT('',(-86.6438314495548,-30.8,-7.81672234688812));
#3312=CARTESIAN_POINT('',(-86.6438314495548,-30.8,-7.81672234688812));
#3313=CARTESIAN_POINT('',(-86.6438314495543,-24.9,-1.91672234688812));
#3314=CARTESIAN_POINT('Origin',(-86.6438314495549,-18.1,-9.31672234688812));
#3315=CARTESIAN_POINT('',(-86.6438314495548,-19.6,-7.81672234688812));
#3316=CARTESIAN_POINT('',(-86.6438314495543,-25.5,-1.91672234688812));
#3317=CARTESIAN_POINT('',(-86.6438314495548,-19.6,-7.81672234688812));
#3318=CARTESIAN_POINT('Origin',(-86.6438314495548,-33.8,-7.81672234688812));
#3319=CARTESIAN_POINT('',(-86.6438314495548,-29.5,-7.81672234688812));
#3320=CARTESIAN_POINT('Origin',(-86.6438314495563,-25.2,-26.8167223468881));
#3321=CARTESIAN_POINT('',(-83.9917946127982,-36.3520368367577,-21.1294109970153));
#3322=CARTESIAN_POINT('',(-83.003034459166,-37.3407969903896,-19.0090080048276));
#3323=CARTESIAN_POINT('',(-81.295868286313,-37.7,-15.3479783326852));
#3324=CARTESIAN_POINT('Origin',(-82.6438314495556,-36.2857864376269,-18.2386946648503));
#3325=CARTESIAN_POINT('',(-63.5798422584212,-37.7,22.6441620880482));
#3326=CARTESIAN_POINT('',(-86.6438314495563,-37.7,-26.8167223468881));
#3327=CARTESIAN_POINT('',(-61.3375183320152,-38.3985205610741,27.452841266249));
#3328=CARTESIAN_POINT('Origin',(-63.5798422584212,-58.2,22.6441620880482));
#3329=CARTESIAN_POINT('',(-52.2491603127258,-44.1607377018166,46.9428879346794));
#3330=CARTESIAN_POINT('',(-74.3374379711902,-30.1562880682363,-0.425576366023984));
#3331=CARTESIAN_POINT('',(-49.8282099969366,-45.1230258858062,52.1346326410981));
#3332=CARTESIAN_POINT('Origin',(-48.9130198368535,-14.7,54.0972642729782));
#3333=CARTESIAN_POINT('',(-49.8282099969366,-47.2493632043021,52.1346326410981));
#3334=CARTESIAN_POINT('',(-49.8282099969366,-25.2,52.1346326410981));
#3335=CARTESIAN_POINT('',(-52.4811938425763,-46.2097758074933,46.4452904241248));
#3336=CARTESIAN_POINT('Origin',(-48.9130198368536,-14.7,54.0972642729782));
#3337=CARTESIAN_POINT('',(-61.5695518618657,-40.4475586667508,26.9552437556944));
#3338=CARTESIAN_POINT('',(-80.5723094469508,-28.3993960343202,-13.7963013942775));
#3339=CARTESIAN_POINT('',(-63.5798422584212,-39.8213203435596,22.6441620880482));
#3340=CARTESIAN_POINT('Origin',(-63.5798422584212,-58.2,22.6441620880482));
#3341=CARTESIAN_POINT('',(-80.6526031978898,-39.8213203435597,-13.9684918988397));
#3342=CARTESIAN_POINT('',(-86.6438314495563,-39.8213203435597,-26.8167223468881));
#3343=CARTESIAN_POINT('',(-87.3924190141026,-36.4514124354538,-28.4220735596649));
#3344=CARTESIAN_POINT('Origin',(-84.0225111059962,-36.2857864376269,-21.1952827292523));
#3345=CARTESIAN_POINT('',(-83.571310134782,-40.2725213147738,-20.227679123943));
#3346=CARTESIAN_POINT('Origin',(-42.0215770532104,-25.2,87.9591059155305));
#3347=CARTESIAN_POINT('',(-58.5472363077408,-33.2,73.4366203774708));
#3348=CARTESIAN_POINT('',(-58.5472363077408,-25.2,73.4366203774708));
#3349=CARTESIAN_POINT('',(-58.5472363077408,-17.2,73.4366203774708));
#3350=CARTESIAN_POINT('',(-58.5472363077408,-25.2,73.4366203774708));
#3351=CARTESIAN_POINT('',(-42.0215770532104,-17.2,87.9591059155305));
#3352=CARTESIAN_POINT('',(-62.5441452073922,-17.2,69.9242006429166));
#3353=CARTESIAN_POINT('',(-42.0215770532104,-33.2,87.9591059155305));
#3354=CARTESIAN_POINT('',(-42.0215770532104,-25.2,87.9591059155305));
#3355=CARTESIAN_POINT('',(-62.5441452073922,-33.2,69.9242006429166));
#3356=CARTESIAN_POINT('Origin',(-58.5472363077408,-25.2,73.4366203774707));
#3357=CARTESIAN_POINT('',(-86.6438314495531,-17.2366030616069,13.1832776531119));
#3358=CARTESIAN_POINT('',(-86.6438314495531,-25.2,13.1832776531119));
#3359=CARTESIAN_POINT('',(-86.269035220101,-17.2,13.9870307609526));
#3360=CARTESIAN_POINT('Origin',(-84.9756709085254,-32.0024022074497,16.760659477866));
#3361=CARTESIAN_POINT('',(-78.3442081839629,-17.2,30.9818771837885));
#3362=CARTESIAN_POINT('',(-68.2093252796915,-17.2000000000001,52.7162037105477));
#3363=CARTESIAN_POINT('',(-76.7037496247479,-16.6889703402317,34.4998519168333));
#3364=CARTESIAN_POINT('Origin',(-78.7794592367107,5.62037006981821,30.0484782890119));
#3365=CARTESIAN_POINT('',(-68.9882502722495,-11.7971755271319,51.0457936734496));
#3366=CARTESIAN_POINT('',(-62.9969542624152,-7.99856322666386,63.8941694293579));
#3367=CARTESIAN_POINT('',(-62.3136722004188,-12.8966424119622,65.3594725399688));
#3368=CARTESIAN_POINT('Origin',(-69.7465821579795,-47.3967908519415,49.4195456964589));
#3369=CARTESIAN_POINT('',(-59.7004955860491,-15.8823386332074,70.9634478739973));
#3370=CARTESIAN_POINT('Origin',(-59.9066979882957,-25.2,74.0705477700819));
#3371=CARTESIAN_POINT('',(-63.5655274059497,-12.3251928579887,66.2241627629607));
#3372=CARTESIAN_POINT('',(-60.9450462279639,-15.3192349399256,71.8438027842151));
#3373=CARTESIAN_POINT('',(-70.6041733726075,-11.1657550521677,51.1297377764495));
#3374=CARTESIAN_POINT('Origin',(-71.4038688157409,-48.7071675765123,49.4147853643503));
#3375=CARTESIAN_POINT('',(-78.1712367724933,-15.9634382349124,34.9021179474633));
#3376=CARTESIAN_POINT('',(-63.2731915342401,-6.51775272679106,66.8510790629548));
#3377=CARTESIAN_POINT('',(-79.6786851782584,-16.4330330574022,31.6693844089897));
#3378=CARTESIAN_POINT('Origin',(-80.0786456051077,4.53703673648487,30.8116665056815));
#3379=CARTESIAN_POINT('',(-64.7377424742711,-16.4330330574022,63.7103394366204));
#3380=CARTESIAN_POINT('Origin',(-82.7538686447584,-37.5544288988643,-15.4728063912422));
#3381=CARTESIAN_POINT('',(-79.273923541449,-41.2,-7.74966984870853));
#3382=CARTESIAN_POINT('',(-82.6438314495547,-41.2,-7.00257925188294));
#3383=CARTESIAN_POINT('Origin',(-79.1082975436214,-41.2,0.971302175354782));
#3384=CARTESIAN_POINT('',(-84.5216355977247,-39.3221958518307,-15.472806391242));
#3385=CARTESIAN_POINT('',(-81.151727689619,-39.3221958518307,-16.2198969880676));
#3386=CARTESIAN_POINT('Origin',(-86.6438314495563,-25.2,-26.8167223468881));
#3387=CARTESIAN_POINT('',(-87.3924190141026,-13.9485875645462,-28.4220735596648));
#3388=CARTESIAN_POINT('',(-79.3735355902732,-5.92970414071809,-11.2255225625068));
#3389=CARTESIAN_POINT('',(-80.6526031978898,-10.5786796564403,-13.9684918988397));
#3390=CARTESIAN_POINT('Origin',(-84.0225111059962,-14.1142135623731,-21.1952827292523));
#3391=CARTESIAN_POINT('',(-63.5798422584212,-10.5786796564404,22.6441620880481));
#3392=CARTESIAN_POINT('',(-80.620504934483,-10.5786796564403,-13.8996569508275));
#3393=CARTESIAN_POINT('',(-61.5695518618657,-9.95244133324925,26.9552437556943));
#3394=CARTESIAN_POINT('Origin',(-63.5798422584212,7.79999999999997,22.6441620880481));
#3395=CARTESIAN_POINT('',(-52.4811938425763,-4.19022419250675,46.4452904241248));
#3396=CARTESIAN_POINT('',(-77.6149979000327,-20.1256039656798,-7.45432631581002));
#3397=CARTESIAN_POINT('',(-49.8282099969366,-3.15063679569797,52.1346326410981));
#3398=CARTESIAN_POINT('Origin',(-48.9130198368537,-35.7,54.0972642729782));
#3399=CARTESIAN_POINT('',(-49.8282099969366,-5.27697411419386,52.1346326410981));
#3400=CARTESIAN_POINT('',(-49.8282099969366,-25.2,52.1346326410981));
#3401=CARTESIAN_POINT('',(-52.2491603127258,-6.23926229818341,46.9428879346794));
#3402=CARTESIAN_POINT('Origin',(-48.9130198368535,-35.7,54.0972642729781));
#3403=CARTESIAN_POINT('',(-61.3375183320152,-12.0014794389259,27.4528412662489));
#3404=CARTESIAN_POINT('',(-68.4228148773539,-16.4937119317637,12.258373790911));
#3405=CARTESIAN_POINT('',(-63.5798422584212,-12.7,22.6441620880481));
#3406=CARTESIAN_POINT('Origin',(-63.5798422584212,7.79999999999997,22.6441620880481));
#3407=CARTESIAN_POINT('',(-81.295868286313,-12.7,-15.3479783326853));
#3408=CARTESIAN_POINT('',(-74.5971784194097,-12.7,-0.982591554766947));
#3409=CARTESIAN_POINT('',(-83.9917946127982,-14.0479631632423,-21.1294109970153));
#3410=CARTESIAN_POINT('Origin',(-82.6438314495556,-14.1142135623731,-18.2386946648503));
#3411=CARTESIAN_POINT('',(-78.8052599146572,-8.86142846510224,-10.0068514433914));
#3412=CARTESIAN_POINT('Origin',(-85.6438314495544,-38.2,-3.24459844375355));
#3413=CARTESIAN_POINT('',(-82.6438314495544,-41.2,-3.24459844375378));
#3414=CARTESIAN_POINT('Origin',(-77.2696268978309,-7.36132935421017,9.26500949275275));
#3415=CARTESIAN_POINT('',(-82.6438314495547,-9.20000000000001,-7.0025792518829));
#3416=CARTESIAN_POINT('',(-79.0373938507973,-5.59356240124381,9.26500949275289));
#3417=CARTESIAN_POINT('',(-79.273923541449,-9.20000000000001,-7.74966984870848));
#3418=CARTESIAN_POINT('Origin',(-79.1082975436214,-9.20000000000001,0.971302175354887));
#3419=CARTESIAN_POINT('',(-75.6674859426915,-5.5935624012438,8.51791889592732));
#3420=CARTESIAN_POINT('Origin',(-77.8714142516422,-9.20000000000003,31.9957870436247));
#3421=CARTESIAN_POINT('',(-82.6438314495543,-9.20000000000001,-1.19922216227992));
#3422=CARTESIAN_POINT('',(-82.6438314495524,-9.20000000000003,22.5895323483683));
#3423=CARTESIAN_POINT('',(-81.6596856914203,-9.20000000000002,3.72367995394394));
#3424=CARTESIAN_POINT('Origin',(-63.5519483575184,-9.20000000000001,-12.0030533755775));
#3425=CARTESIAN_POINT('',(-71.1835485468396,-9.20000000000003,26.1898285606997));
#3426=CARTESIAN_POINT('',(-65.3231871917062,-9.20000000000004,38.7574140434673));
#3427=CARTESIAN_POINT('',(-64.8293503668821,-9.20000000000003,23.2268172879503));
#3428=CARTESIAN_POINT('',(-78.9007311208003,-9.20000000000003,29.7884098943186));
#3429=CARTESIAN_POINT('',(-69.8233600127973,-9.20000000000002,12.5171290411958));
#3430=CARTESIAN_POINT('Origin',(-85.6438314495524,-12.2,22.5895323483686));
#3431=CARTESIAN_POINT('',(-94.5350743945317,-21.0912429449785,12.2589559623745));
#3432=CARTESIAN_POINT('Origin',(-84.9891328485133,-30.6371844909969,12.2589559623738));
#3433=CARTESIAN_POINT('',(-92.1527005990178,-19.6930149075985,15.599382464147));
#3434=CARTESIAN_POINT('Origin',(-64.926892210305,-12.7339811574002,51.1855800329113));
#3435=CARTESIAN_POINT('',(-70.998164946227,-9.19473596101493,26.5701385141743));
#3436=CARTESIAN_POINT('',(-75.0074760894564,-12.537920981132,28.9253502804818));
#3437=CARTESIAN_POINT('Origin',(-49.85045755967,7.79999999999997,16.242044861263));
#3438=CARTESIAN_POINT('Origin',(-101.964720311935,-41.2,-19.6724745406176));
#3439=CARTESIAN_POINT('',(-64.829350366882,-41.2,23.2268172879504));
#3440=CARTESIAN_POINT('',(-87.8933395580171,-41.2,-26.2340671469859));
#3441=CARTESIAN_POINT('',(-78.9007311208002,-41.2,29.7884098943187));
#3442=CARTESIAN_POINT('Origin',(-86.5888546635092,-39.7606601717799,-26.8423584432426));
#3443=CARTESIAN_POINT('',(-62.6185576853375,-38.7606601717798,22.1959077299529));
#3444=CARTESIAN_POINT('Origin',(-74.5422016333627,-10.6393398282202,-1.00822765112143));
#3445=CARTESIAN_POINT('',(-64.4311732594108,-9.63933982822021,23.0411442534344));
#3446=CARTESIAN_POINT('Origin',(-76.5382518427107,-8.00863395553042,9.30179518752003));
#3447=CARTESIAN_POINT('',(-80.6438314495546,-10.7,-6.0277250866311));
#3448=CARTESIAN_POINT('',(-79.2958682863123,-10.7,-6.32656132536139));
#3449=CARTESIAN_POINT('Origin',(-79.2296178871813,-10.7,-2.83817251573601));
#3450=CARTESIAN_POINT('',(-77.2453586238973,-7.30152717434388,9.30179518752008));
#3451=CARTESIAN_POINT('',(-75.897395460655,-7.30152717434387,9.00295894878985));
#3452=CARTESIAN_POINT('Origin',(-83.6438314495524,-13.7,22.5895323483684));
#3453=CARTESIAN_POINT('',(-80.643831449554,-10.7,2.2545985036928));
#3454=CARTESIAN_POINT('',(-80.6438314495524,-10.7,22.5895323483682));
#3455=CARTESIAN_POINT('',(-86.6438314495534,-16.7,9.04523167144128));
#3456=CARTESIAN_POINT('',(-91.4198532850655,-21.4760218355125,14.450600385795));
#3457=CARTESIAN_POINT('',(-86.6438314495524,-16.7,22.5895323483686));
#3458=CARTESIAN_POINT('Origin',(-82.0224935896382,-36.9071242975441,-15.4360206964749));
#3459=CARTESIAN_POINT('',(-80.6438314495546,-39.7,-6.02772508663118));
#3460=CARTESIAN_POINT('',(-82.7296003708248,-37.6142310787306,-15.4360206964748));
#3461=CARTESIAN_POINT('',(-79.2958682863123,-39.7,-6.32656132536137));
#3462=CARTESIAN_POINT('Origin',(-79.2296178871813,-39.7,-2.83817251573604));
#3463=CARTESIAN_POINT('',(-81.3816372075825,-37.6142310787306,-15.7348569352051));
#3464=CARTESIAN_POINT('Origin',(-87.5501392365929,-38.7,-26.3941040851473));
#3465=CARTESIAN_POINT('',(-65.3924578324944,-39.7,23.4893986115297));
#3466=CARTESIAN_POINT('',(-88.4564470236295,-39.7,-25.9714858234066));
#3467=CARTESIAN_POINT('',(-63.5798422584212,-37.7,22.6441620880482));
#3468=CARTESIAN_POINT('Origin',(-75.5034862064464,-11.7,-0.559973293026173));
#3469=CARTESIAN_POINT('',(-65.3924578324944,-10.7,23.4893986115297));
#3470=CARTESIAN_POINT('',(-65.3924578324944,-10.7,23.4893986115297));
#3471=CARTESIAN_POINT('',(-76.409793993483,-10.7,-0.1373550312854));
#3472=CARTESIAN_POINT('Origin',(-64.4861500454578,7.79999999999997,23.0667803497889));
#3473=CARTESIAN_POINT('',(-63.3688972159817,-10.0696277863478,27.8289383577108));
#3474=CARTESIAN_POINT('',(-63.3688972159817,-10.0696277863478,27.8289383577108));
#3475=CARTESIAN_POINT('Origin',(-65.3924578324944,7.79999999999997,23.4893986115296));
#3476=CARTESIAN_POINT('Origin',(-69.4385043193371,-15.5277861054746,12.4464223366419));
#3477=CARTESIAN_POINT('',(-54.2805391966923,-4.30741064560527,47.3189850261414));
#3478=CARTESIAN_POINT('',(-54.2805391966923,-4.30741064560527,47.3189850261414));
#3479=CARTESIAN_POINT('',(-70.4541937613203,-14.5618602791855,12.6344708823729));
#3480=CARTESIAN_POINT('Origin',(-49.8193276238901,-35.7,54.5198825347189));
#3481=CARTESIAN_POINT('',(-50.9315879158989,-3.20365383301241,54.5008342242506));
#3482=CARTESIAN_POINT('Ctrl Pts',(-50.9315879158989,-3.20365383301241,54.5008342242506));
#3483=CARTESIAN_POINT('Ctrl Pts',(-50.3617196918879,-4.2497200372463,53.2787478740804));
#3484=CARTESIAN_POINT('Ctrl Pts',(-49.8282099969366,-5.27697411419384,52.1346326410981));
#3485=CARTESIAN_POINT('Origin',(-50.7256354109266,-35.7,54.9425007964596));
#3486=CARTESIAN_POINT('Origin',(-64.4861500454578,-58.2,23.066780349789));
#3487=CARTESIAN_POINT('',(-63.3688972159816,-40.3303722136522,27.8289383577109));
#3488=CARTESIAN_POINT('',(-61.3375183320152,-38.3985205610741,27.452841266249));
#3489=CARTESIAN_POINT('Origin',(-65.3924578324944,-58.2,23.4893986115297));
#3490=CARTESIAN_POINT('Origin',(-75.3531274131734,-31.1222138945254,-0.237527820293004));
#3491=CARTESIAN_POINT('',(-54.2805391966923,-46.0925893543947,47.3189850261414));
#3492=CARTESIAN_POINT('',(-76.3688168551567,-32.0881397208145,-0.0494792745620245));
#3493=CARTESIAN_POINT('',(-52.2491603127258,-44.1607377018166,46.9428879346794));
#3494=CARTESIAN_POINT('Origin',(-49.8193276238901,-14.7,54.5198825347189));
#3495=CARTESIAN_POINT('',(-50.9315879158989,-47.1963461669876,54.5008342242506));
#3496=CARTESIAN_POINT('Ctrl Pts',(-49.8282099969366,-45.1230258858062,52.1346326410981));
#3497=CARTESIAN_POINT('Ctrl Pts',(-50.361719691888,-46.1502799627538,53.2787478740805));
#3498=CARTESIAN_POINT('Ctrl Pts',(-50.9315879158989,-47.1963461669876,54.5008342242506));
#3499=CARTESIAN_POINT('Origin',(-50.7256354109266,-14.7,54.9425007964597));
#3500=CARTESIAN_POINT('Origin',(-101.964720311935,-39.7,-19.6724745406176));
#3501=CARTESIAN_POINT('',(-80.643831449554,-39.7,2.25459850369285));
#3502=CARTESIAN_POINT('',(-80.6438314495544,-39.7,-3.24459844375394));
#3503=CARTESIAN_POINT('',(-79.7690352201016,-39.7,6.63051149589182));
#3504=CARTESIAN_POINT('Origin',(-63.6732687010776,-39.7,-7.34880701923831));
#3505=CARTESIAN_POINT('',(-70.7439610374707,-39.7,25.9848455386517));
#3506=CARTESIAN_POINT('',(-72.0992082265085,-39.7,23.0785085627596));
#3507=CARTESIAN_POINT('',(-78.9007311208002,-39.7,29.7884098943187));
#3508=CARTESIAN_POINT('Origin',(-78.9007311208002,-58.2,29.7884098943187));
#3509=CARTESIAN_POINT('',(-70.5422200603334,-39.7057285130132,26.3987122527271));
#3510=CARTESIAN_POINT('Origin',(-47.5285384926097,-58.2,15.1593162186765));
#3511=CARTESIAN_POINT('',(-68.9017615011184,-40.2167581727815,29.9166869857719));
#3512=CARTESIAN_POINT('Origin',(-76.165540319687,-58.2,28.5129694772442));
#3513=CARTESIAN_POINT('',(-68.720400420958,-40.3303722136522,30.3243852848329));
#3514=CARTESIAN_POINT('Origin',(-47.5285384926097,-58.2,15.1593162186765));
#3515=CARTESIAN_POINT('',(-76.8771705042875,-40.3303722136522,34.1279496404999));
#3516=CARTESIAN_POINT('Origin',(-77.8714142516422,-39.7,31.9957870436248));
#3517=CARTESIAN_POINT('',(-59.6320424016686,-46.0925893543947,49.8144319532634));
#3518=CARTESIAN_POINT('',(-61.4657880300751,-44.9299546442151,45.8819517626924));
#3519=CARTESIAN_POINT('',(-61.9556804045866,-46.0925893543947,50.8979621488043));
#3520=CARTESIAN_POINT('Origin',(-58.400776618821,-14.7,58.5214779191226));
#3521=CARTESIAN_POINT('',(-59.0913689788818,-46.4280506230547,51.0742211283956));
#3522=CARTESIAN_POINT('Origin',(-96.8609890325506,-14.7,76.4557695019165));
#3523=CARTESIAN_POINT('',(-56.2988034947931,-47.1998872782132,57.446865546897));
#3524=CARTESIAN_POINT('Ctrl Pts',(-59.0913689788818,-46.4280506230547,51.0742211283956));
#3525=CARTESIAN_POINT('Ctrl Pts',(-58.9168978629112,-46.5336024157136,51.5176429873865));
#3526=CARTESIAN_POINT('Ctrl Pts',(-58.7399388718905,-46.627591954467,51.9582775706135));
#3527=CARTESIAN_POINT('Ctrl Pts',(-58.0179881422084,-46.9612106540571,53.718147740494));
#3528=CARTESIAN_POINT('Ctrl Pts',(-57.415910559461,-47.1253917799109,55.099724638891));
#3529=CARTESIAN_POINT('Ctrl Pts',(-56.6086508555567,-47.1921847561711,56.8082665585209));
#3530=CARTESIAN_POINT('Ctrl Pts',(-56.4551020858383,-47.1989513298448,57.1276479113428));
#3531=CARTESIAN_POINT('Ctrl Pts',(-56.298803494793,-47.1998872782133,57.4468655468969));
#3532=CARTESIAN_POINT('',(-56.1988674334303,-47.2,57.4947108034128));
#3533=CARTESIAN_POINT('Ctrl Pts',(-56.2988034947931,-47.1998872782133,57.446865546897));
#3534=CARTESIAN_POINT('Ctrl Pts',(-56.2654288777958,-47.1999625676885,57.4628440502784));
#3535=CARTESIAN_POINT('Ctrl Pts',(-56.2321163826727,-47.2,57.478792638198));
#3536=CARTESIAN_POINT('Ctrl Pts',(-56.1988674334303,-47.2,57.4947108034128));
#3537=CARTESIAN_POINT('',(-51.2519931350856,-47.2,55.1879454341641));
#3538=CARTESIAN_POINT('',(-58.400776618821,-47.2,58.5214779191226));
#3539=CARTESIAN_POINT('Origin',(-51.2519931350856,-14.7,55.1879454341641));
#3540=CARTESIAN_POINT('Origin',(-82.934571910827,-29.9613032097511,14.4506003857943));
#3541=CARTESIAN_POINT('',(-79.7690352201016,-10.7,6.63051149589179));
#3542=CARTESIAN_POINT('Origin',(-63.6732687010776,-10.7,-7.34880701923834));
#3543=CARTESIAN_POINT('',(-89.3021876890532,-20.2331524689525,17.4198683873705));
#3544=CARTESIAN_POINT('Origin',(-86.6438314495527,-33.6705627484772,18.6486371943711));
#3545=CARTESIAN_POINT('Origin',(-77.8714142516422,-10.7,31.9957870436247));
#3546=CARTESIAN_POINT('',(-70.7439610374707,-10.7,25.9848455386516));
#3547=CARTESIAN_POINT('',(-78.9007311208003,-10.7,29.7884098943186));
#3548=CARTESIAN_POINT('',(-60.052555196362,-10.7000000000001,48.9126393548808));
#3549=CARTESIAN_POINT('Origin',(-64.1309402380267,-13.9500000000001,50.8144215327142));
#3550=CARTESIAN_POINT('',(-70.5422200603334,-10.6942714869868,26.398712252727));
#3551=CARTESIAN_POINT('Origin',(-47.5285384926097,7.79999999999997,15.1593162186765));
#3552=CARTESIAN_POINT('',(-74.2115241171781,-13.7539398237318,28.5541917802847));
#3553=CARTESIAN_POINT('Origin',(-75.8587800077043,-27.5144886933722,6.44241585488853));
#3554=CARTESIAN_POINT('',(-86.6438314495531,-33.1633969383931,13.1832776531119));
#3555=CARTESIAN_POINT('',(-86.6438314495534,-33.7,9.04523167144136));
#3556=CARTESIAN_POINT('Origin',(-86.6438314495527,-16.7294372515228,18.6486371943712));
#3557=CARTESIAN_POINT('',(-86.269035220101,-33.2,13.9870307609527));
#3558=CARTESIAN_POINT('Origin',(-84.9756709085253,-18.3975977925503,16.7606594778661));
#3559=CARTESIAN_POINT('',(-82.2263957859306,-37.2426394341708,9.41168385646468));
#3560=CARTESIAN_POINT('',(-84.3440613819429,-35.9997700676108,6.44241585488921));
#3561=CARTESIAN_POINT('Origin',(-83.6438314495544,-36.7,-3.24459844375371));
#3562=CARTESIAN_POINT('',(-86.6438314495544,-33.7,-3.24459844375347));
#3563=CARTESIAN_POINT('Origin',(-86.6438314495531,-25.2,13.1832776531119));
#3564=CARTESIAN_POINT('',(-86.6438314495531,-25.2,13.1832776531119));
#3565=CARTESIAN_POINT('Origin',(-83.6512166419617,-51.9580297332783,32.9103216215803));
#3566=CARTESIAN_POINT('',(-76.7037496247479,-33.7110296597683,34.4998519168334));
#3567=CARTESIAN_POINT('',(-78.3442081839628,-33.2,30.9818771837886));
#3568=CARTESIAN_POINT('Origin',(-78.7794592367106,-56.0203700698182,30.048478289012));
#3569=CARTESIAN_POINT('',(-72.1940170913146,-37.4714936676488,31.8506748521952));
#3570=CARTESIAN_POINT('',(-73.8344756505296,-36.9604640078805,28.3327001191504));
#3571=CARTESIAN_POINT('Origin',(-76.1775932681733,-36.45,24.9802907405931));
#3572=CARTESIAN_POINT('',(-80.2559783098381,-33.2,26.8820729184266));
#3573=CARTESIAN_POINT('Origin',(-78.9007311208003,7.79999999999997,29.7884098943186));
#3574=CARTESIAN_POINT('',(-68.720400420958,-10.0696277863478,30.3243852848329));
#3575=CARTESIAN_POINT('',(-76.8771705042875,-10.0696277863478,34.1279496404998));
#3576=CARTESIAN_POINT('',(-68.9017615011185,-10.1832418272185,29.9166869857718));
#3577=CARTESIAN_POINT('Origin',(-47.5285384926097,7.79999999999997,15.1593162186765));
#3578=CARTESIAN_POINT('Origin',(-76.165540319687,7.79999999999997,28.5129694772441));
#3579=CARTESIAN_POINT('Origin',(-84.0282651086103,1.24362590166596,33.1318132827146));
#3580=CARTESIAN_POINT('',(-72.5710655579632,-13.2429101639635,32.0721665133295));
#3581=CARTESIAN_POINT('Origin',(-66.0421680639696,-3.2,57.3636873574947));
#3582=CARTESIAN_POINT('',(-59.6320424016686,-4.30741064560527,49.8144319532634));
#3583=CARTESIAN_POINT('',(-61.9556804045866,-4.30741064560527,50.8979621488042));
#3584=CARTESIAN_POINT('',(-55.5511649362387,-1.72004535578492,58.5659019196273));
#3585=CARTESIAN_POINT('Origin',(-59.274059599327,-4.85930429122439,61.2300356744926));
#3586=CARTESIAN_POINT('',(-59.0913689788819,-3.97194937694533,51.0742211283956));
#3587=CARTESIAN_POINT('Origin',(-96.8609890325507,-35.7,76.4557695019165));
#3588=CARTESIAN_POINT('',(-60.7359722117509,-5.27229762232161,51.0694972277121));
#3589=CARTESIAN_POINT('Origin',(-46.4481141566261,-21.4247477781776,49.4864673993456));
#3590=CARTESIAN_POINT('',(-62.3136722004188,-37.5033575880378,65.3594725399688));
#3591=CARTESIAN_POINT('',(-68.9882502722495,-38.6028244728681,51.0457936734496));
#3592=CARTESIAN_POINT('Origin',(-69.7465821579795,-3.00320914805853,49.4195456964589));
#3593=CARTESIAN_POINT('',(-52.546877466478,-45.2257274225387,65.387526338841));
#3594=CARTESIAN_POINT('',(-60.4018833935751,-39.0149630444934,65.3649638951303));
#3595=CARTESIAN_POINT('',(-53.4892261159893,-46.1383103889327,63.3666531384314));
#3596=CARTESIAN_POINT('Origin',(-59.9797874240386,-10.7255789825594,49.4475994953311));
#3597=CARTESIAN_POINT('',(-53.8230305559635,-46.6631937477716,62.2471767657326));
#3598=CARTESIAN_POINT('Ctrl Pts',(-53.823030556992,-46.6631937504024,62.247176767335));
#3599=CARTESIAN_POINT('Ctrl Pts',(-53.7801747237937,-46.4989862872254,62.5443199487326));
#3600=CARTESIAN_POINT('Ctrl Pts',(-53.7011853185742,-46.3483188286927,62.8503490576634));
#3601=CARTESIAN_POINT('Ctrl Pts',(-53.5542284627729,-46.1941924916541,63.2216219116303));
#3602=CARTESIAN_POINT('Ctrl Pts',(-53.5228819437764,-46.1653643467565,63.2944779828266));
#3603=CARTESIAN_POINT('Ctrl Pts',(-53.4892261159893,-46.1383103889327,63.3666531384314));
#3604=CARTESIAN_POINT('',(-54.215233704808,-46.8059395825232,61.5426353430696));
#3605=CARTESIAN_POINT('Ctrl Pts',(-53.8230305724537,-46.6631937348635,62.2471767722592));
#3606=CARTESIAN_POINT('Ctrl Pts',(-53.8846106825283,-46.6869088397592,62.1384357610853));
#3607=CARTESIAN_POINT('Ctrl Pts',(-53.9459134591223,-46.7099316645413,62.0292911658566));
#3608=CARTESIAN_POINT('Ctrl Pts',(-54.0767665560361,-46.7577652162057,61.7944691212929));
#3609=CARTESIAN_POINT('Ctrl Pts',(-54.1462219620777,-46.7823500771436,61.668691636836));
#3610=CARTESIAN_POINT('Ctrl Pts',(-54.215233704808,-46.8059395825232,61.5426353430696));
#3611=CARTESIAN_POINT('Ctrl Pts',(-56.298803494793,-47.1998872782133,57.4468655468969));
#3612=CARTESIAN_POINT('Ctrl Pts',(-55.9045267071923,-47.1972264753143,58.2651720104414));
#3613=CARTESIAN_POINT('Ctrl Pts',(-55.498641364649,-47.1469476965677,59.0916652840159));
#3614=CARTESIAN_POINT('Ctrl Pts',(-54.7976263299345,-46.9896640711066,60.4589638552687));
#3615=CARTESIAN_POINT('Ctrl Pts',(-54.5090756380131,-46.9063802552238,61.0059060331349));
#3616=CARTESIAN_POINT('Ctrl Pts',(-54.215233704808,-46.8059395825232,61.5426353430696));
#3617=CARTESIAN_POINT('',(-63.4790864616421,-42.9587878757349,51.0616180024856));
#3618=CARTESIAN_POINT('Origin',(-58.5472363077408,-25.2,73.4366203774707));
#3619=CARTESIAN_POINT('',(-59.7004955860491,-34.5176613667927,70.9634478739973));
#3620=CARTESIAN_POINT('',(-68.9115773562515,-38.6514367733361,51.210219272423));
#3621=CARTESIAN_POINT('Origin',(-58.6989871047013,-40.2,65.5486567721148));
#3622=CARTESIAN_POINT('',(-51.5962836292375,-44.1396223302994,67.4260814013963));
#3623=CARTESIAN_POINT('Origin',(-43.7049999067349,-26.8063377198789,49.494346624572));
#3624=CARTESIAN_POINT('',(-56.2988034947925,-3.20011272178682,57.4468655468983));
#3625=CARTESIAN_POINT('Ctrl Pts',(-56.2988034947923,-3.20011272178675,57.4468655468982));
#3626=CARTESIAN_POINT('Ctrl Pts',(-56.4551020858379,-3.2010486701552,57.1276479113437));
#3627=CARTESIAN_POINT('Ctrl Pts',(-56.6086508555565,-3.20781524382888,56.8082665585214));
#3628=CARTESIAN_POINT('Ctrl Pts',(-57.415910559461,-3.27460822008909,55.099724638891));
#3629=CARTESIAN_POINT('Ctrl Pts',(-58.0179881422083,-3.43878934594287,53.718147740494));
#3630=CARTESIAN_POINT('Ctrl Pts',(-58.7399388718905,-3.77240804553302,51.9582775706135));
#3631=CARTESIAN_POINT('Ctrl Pts',(-58.9168978629112,-3.86639758428644,51.5176429873865));
#3632=CARTESIAN_POINT('Ctrl Pts',(-59.0913689788819,-3.97194937694534,51.0742211283956));
#3633=CARTESIAN_POINT('',(-54.215233704808,-3.59406041747684,61.5426353430696));
#3634=CARTESIAN_POINT('Ctrl Pts',(-54.215233704808,-3.59406041747684,61.5426353430696));
#3635=CARTESIAN_POINT('Ctrl Pts',(-54.5090756380132,-3.49361974477622,61.0059060331349));
#3636=CARTESIAN_POINT('Ctrl Pts',(-54.7976263299345,-3.4103359288934,60.4589638552687));
#3637=CARTESIAN_POINT('Ctrl Pts',(-55.4986413646488,-3.25305230343241,59.0916652840164));
#3638=CARTESIAN_POINT('Ctrl Pts',(-55.9045267071919,-3.20277352468578,58.2651720104422));
#3639=CARTESIAN_POINT('Ctrl Pts',(-56.2988034947923,-3.20011272178675,57.4468655468982));
#3640=CARTESIAN_POINT('',(-53.8230305559635,-3.73680625222844,62.2471767657326));
#3641=CARTESIAN_POINT('Ctrl Pts',(-54.215233704808,-3.59406041747684,61.5426353430696));
#3642=CARTESIAN_POINT('Ctrl Pts',(-54.1080827396587,-3.63068662294289,61.7383564335079));
#3643=CARTESIAN_POINT('Ctrl Pts',(-54.000252637216,-3.66957821698929,61.9326917854512));
#3644=CARTESIAN_POINT('Ctrl Pts',(-53.8688755999846,-3.71923206853153,62.1660975933958));
#3645=CARTESIAN_POINT('Ctrl Pts',(-53.8459678784101,-3.72797288344678,62.2066730147912));
#3646=CARTESIAN_POINT('Ctrl Pts',(-53.8230305724546,-3.73680626513611,62.2471767722575));
#3647=CARTESIAN_POINT('',(-53.4892261159893,-4.26168961106731,63.3666531384314));
#3648=CARTESIAN_POINT('Ctrl Pts',(-53.4892261159893,-4.26168961106731,63.3666531384314));
#3649=CARTESIAN_POINT('Ctrl Pts',(-53.5228819437764,-4.23463565324348,63.2944779828267));
#3650=CARTESIAN_POINT('Ctrl Pts',(-53.5542284627729,-4.20580750834592,63.2216219116303));
#3651=CARTESIAN_POINT('Ctrl Pts',(-53.7011853185742,-4.05168117130725,62.8503490576634));
#3652=CARTESIAN_POINT('Ctrl Pts',(-53.7801747237937,-3.90101371277463,62.5443199487326));
#3653=CARTESIAN_POINT('Ctrl Pts',(-53.823030556992,-3.73680624959755,62.247176767335));
#3654=CARTESIAN_POINT('',(-52.546877466478,-5.17427257746134,65.387526338841));
#3655=CARTESIAN_POINT('Origin',(-59.9797874240387,-39.6744210174406,49.447599495331));
#3656=CARTESIAN_POINT('',(-57.6587691436838,-9.21612245356314,65.3728431203568));
#3657=CARTESIAN_POINT('Origin',(-58.400776618821,-35.7,58.5214779191226));
#3658=CARTESIAN_POINT('',(-51.2519931350856,-3.2,55.1879454341641));
#3659=CARTESIAN_POINT('Origin',(-51.2519931350856,-35.7,55.1879454341641));
#3660=CARTESIAN_POINT('',(-56.1988674334303,-3.2,57.4947108034128));
#3661=CARTESIAN_POINT('',(-58.400776618821,-3.2,58.5214779191226));
#3662=CARTESIAN_POINT('Ctrl Pts',(-56.1988674334303,-3.2,57.4947108034128));
#3663=CARTESIAN_POINT('Ctrl Pts',(-56.2321163826724,-3.2,57.4787926381982));
#3664=CARTESIAN_POINT('Ctrl Pts',(-56.2654288777959,-3.20003743231152,57.4628440502803));
#3665=CARTESIAN_POINT('Ctrl Pts',(-56.2988034947927,-3.20011272178675,57.4468655468986));
#3666=CARTESIAN_POINT('Origin',(-63.8772596641612,-7.2,50.747062288527));
#3667=CARTESIAN_POINT('',(-53.4529058578715,-3.2,59.9078179996167));
#3668=CARTESIAN_POINT('',(-63.8772596641612,-3.2,50.747062288527));
#3669=CARTESIAN_POINT('',(-53.4892261159896,-3.20085052318324,59.9857070445058));
#3670=CARTESIAN_POINT('Origin',(-53.4529058578715,-7.2,59.9078179996167));
#3671=CARTESIAN_POINT('Ctrl Pts',(-53.8230305574008,-3.73680625602515,62.2471767645004));
#3672=CARTESIAN_POINT('Ctrl Pts',(-53.857499584084,-3.64620023683244,62.0081839475167));
#3673=CARTESIAN_POINT('Ctrl Pts',(-53.8710552899445,-3.55738600351619,61.7582939862943));
#3674=CARTESIAN_POINT('Ctrl Pts',(-53.8428975555184,-3.35260171254895,61.0932475089635));
#3675=CARTESIAN_POINT('Ctrl Pts',(-53.7574526385764,-3.25814591746545,60.6747875287569));
#3676=CARTESIAN_POINT('Ctrl Pts',(-53.5807485157833,-3.20985728059832,60.1936437125041));
#3677=CARTESIAN_POINT('Ctrl Pts',(-53.5375303012674,-3.20311307308392,60.0892957041236));
#3678=CARTESIAN_POINT('Ctrl Pts',(-53.4892261159896,-3.20085052318324,59.9857070445058));
#3679=CARTESIAN_POINT('Origin',(-63.8772596641612,-43.2,50.747062288527));
#3680=CARTESIAN_POINT('',(-53.4892261159896,-47.1991494768168,59.9857070445058));
#3681=CARTESIAN_POINT('Ctrl Pts',(-53.4892261159896,-47.1991494768168,59.9857070445058));
#3682=CARTESIAN_POINT('Ctrl Pts',(-53.5375303012674,-47.1968869269161,60.0892957041236));
#3683=CARTESIAN_POINT('Ctrl Pts',(-53.5807485157833,-47.1901427194017,60.1936437125041));
#3684=CARTESIAN_POINT('Ctrl Pts',(-53.7574526385764,-47.1418540825346,60.6747875287569));
#3685=CARTESIAN_POINT('Ctrl Pts',(-53.8428975555184,-47.0473982874511,61.0932475089635));
#3686=CARTESIAN_POINT('Ctrl Pts',(-53.8710552899445,-46.8426139964838,61.7582939862943));
#3687=CARTESIAN_POINT('Ctrl Pts',(-53.857499584084,-46.7537997631676,62.0081839475168));
#3688=CARTESIAN_POINT('Ctrl Pts',(-53.8230305574008,-46.6631937439749,62.2471767645004));
#3689=CARTESIAN_POINT('',(-53.4529058578715,-47.2,59.9078179996167));
#3690=CARTESIAN_POINT('Origin',(-53.4529058578715,-43.2,59.9078179996167));
#3691=CARTESIAN_POINT('',(-63.8772596641612,-47.2,50.747062288527));
#3692=CARTESIAN_POINT('Origin',(-64.3327042513833,-47.2,30.5711917843212));
#3693=CARTESIAN_POINT('',(-49.8282099969366,-47.2,52.1346326410981));
#3694=CARTESIAN_POINT('Origin',(-64.3327042513833,-3.2,30.5711917843212));
#3695=CARTESIAN_POINT('',(-49.8282099969366,-3.2,52.1346326410981));
#3696=CARTESIAN_POINT('Origin',(-65.1886826931633,-41.7906957087756,48.5460855175577));
#3697=CARTESIAN_POINT('Origin',(-58.6989871047013,-10.2,65.5486567721148));
#3698=CARTESIAN_POINT('',(-51.5962836292375,-6.26037766970064,67.4260814013963));
#3699=CARTESIAN_POINT('Origin',(-49.8639949678429,-25.2,61.6761800914683));
#3700=CARTESIAN_POINT('',(-53.4892261159894,-48.0347081559969,63.3666531384314));
#3701=CARTESIAN_POINT('',(-53.4892261159893,-25.2,63.3666531384314));
#3702=CARTESIAN_POINT('',(-53.4892261159896,-48.6993814686677,59.9857070445058));
#3703=CARTESIAN_POINT('Ctrl Pts',(-53.4892261159895,-48.6993814686675,59.9857070445055));
#3704=CARTESIAN_POINT('Ctrl Pts',(-53.5506752612,-48.6972884020935,60.1174851616689));
#3705=CARTESIAN_POINT('Ctrl Pts',(-53.605125061234,-48.6898780970539,60.2530945233632));
#3706=CARTESIAN_POINT('Ctrl Pts',(-53.8237341461488,-48.6331698367821,60.8974553637695));
#3707=CARTESIAN_POINT('Ctrl Pts',(-53.8876634430214,-48.5220338890712,61.4382337156884));
#3708=CARTESIAN_POINT('Ctrl Pts',(-53.8249953388987,-48.2854846425169,62.4095565493906));
#3709=CARTESIAN_POINT('Ctrl Pts',(-53.7034581467157,-48.1451780900065,62.9072310659441));
#3710=CARTESIAN_POINT('Ctrl Pts',(-53.4892261159893,-48.0347081559969,63.3666531384314));
#3711=CARTESIAN_POINT('',(-53.4892261159896,-25.2,59.9857070445058));
#3712=CARTESIAN_POINT('Origin',(-49.8639949678429,-25.2,61.6761800914683));
#3713=CARTESIAN_POINT('',(-53.4892261159896,-1.70061853133236,59.9857070445058));
#3714=CARTESIAN_POINT('',(-53.4892261159896,-25.2,59.9857070445058));
#3715=CARTESIAN_POINT('',(-53.4892261159893,-2.36529184400307,63.3666531384314));
#3716=CARTESIAN_POINT('Ctrl Pts',(-53.4892261159893,-2.36529184400307,63.3666531384314));
#3717=CARTESIAN_POINT('Ctrl Pts',(-53.709373722543,-2.25177151053154,62.8945450726436));
#3718=CARTESIAN_POINT('Ctrl Pts',(-53.8317602721774,-2.106691423759,62.3816657275138));
#3719=CARTESIAN_POINT('Ctrl Pts',(-53.8845566285507,-1.87043467994435,61.402705701757));
#3720=CARTESIAN_POINT('Ctrl Pts',(-53.8172389688209,-1.76282309015568,60.869711449901));
#3721=CARTESIAN_POINT('Ctrl Pts',(-53.5997924343073,-1.70940887218266,60.2398585520332));
#3722=CARTESIAN_POINT('Ctrl Pts',(-53.5476750355888,-1.70260940491554,60.1110511570825));
#3723=CARTESIAN_POINT('Ctrl Pts',(-53.4892261159895,-1.70061853133248,59.9857070445055));
#3724=CARTESIAN_POINT('',(-53.4892261159893,-25.2,63.3666531384314));
#3725=CARTESIAN_POINT('Origin',(-49.8282099969366,-25.2,52.1346326410981));
#3726=CARTESIAN_POINT('',(-53.4529058578715,-48.7,59.9078179996167));
#3727=CARTESIAN_POINT('Origin',(-53.4529058578715,-43.2,59.9078179996167));
#3728=CARTESIAN_POINT('',(-51.2519931350856,-48.7,55.1879454341641));
#3729=CARTESIAN_POINT('',(-46.9938677519517,-48.7,46.0563660816343));
#3730=CARTESIAN_POINT('',(-50.5888123420559,-48.6850345758057,53.7657496339627));
#3731=CARTESIAN_POINT('Origin',(-51.2519931350856,-14.7,55.1879454341641));
#3732=CARTESIAN_POINT('Ctrl Pts',(-49.8282099969366,-47.2493632043021,52.1346326410982));
#3733=CARTESIAN_POINT('Ctrl Pts',(-50.200305075736,-47.9629720792694,52.9325931126713));
#3734=CARTESIAN_POINT('Ctrl Pts',(-50.5888123420412,-48.6850345757783,53.7657496339311));
#3735=CARTESIAN_POINT('Origin',(-49.8282099969366,-25.2,52.1346326410981));
#3736=CARTESIAN_POINT('',(-50.588812342056,-1.71496542419431,53.7657496339627));
#3737=CARTESIAN_POINT('Ctrl Pts',(-50.5888123420412,-1.71496542422175,53.7657496339309));
#3738=CARTESIAN_POINT('Ctrl Pts',(-50.2003050757361,-2.43702792073062,52.9325931126711));
#3739=CARTESIAN_POINT('Ctrl Pts',(-49.8282099969366,-3.15063679569789,52.1346326410981));
#3740=CARTESIAN_POINT('',(-51.2519931350856,-1.7,55.1879454341641));
#3741=CARTESIAN_POINT('Origin',(-51.2519931350856,-35.7,55.1879454341641));
#3742=CARTESIAN_POINT('',(-53.4529058578715,-1.7,59.9078179996167));
#3743=CARTESIAN_POINT('',(-46.9938677519517,-1.7,46.0563660816343));
#3744=CARTESIAN_POINT('Origin',(-53.4529058578715,-7.2,59.9078179996167));
#3745=CARTESIAN_POINT('Origin',(-63.8772596641612,-43.2,50.747062288527));
#3746=CARTESIAN_POINT('',(-52.6340759485124,-46.7180430532632,66.2555618809848));
#3747=CARTESIAN_POINT('',(-51.800533864951,-46.7180430532632,66.9880653573932));
#3748=CARTESIAN_POINT('',(-66.668013511551,-46.7180430532632,53.922761587684));
#3749=CARTESIAN_POINT('',(-57.0850590744041,-48.6922173779943,57.1053160329555));
#3750=CARTESIAN_POINT('Ctrl Pts',(-57.0850590744041,-48.6922173779943,57.1053160329555));
#3751=CARTESIAN_POINT('Ctrl Pts',(-57.0259287505421,-48.6884544507499,57.2513446284608));
#3752=CARTESIAN_POINT('Ctrl Pts',(-56.9671092457968,-48.6833686577183,57.3959653757613));
#3753=CARTESIAN_POINT('Ctrl Pts',(-56.318318607886,-48.613359427818,58.9833879878842));
#3754=CARTESIAN_POINT('Ctrl Pts',(-55.6486386017026,-48.4032457050612,60.5461364584971));
#3755=CARTESIAN_POINT('Ctrl Pts',(-54.1974863171781,-47.7108254164217,63.5563642166282));
#3756=CARTESIAN_POINT('Ctrl Pts',(-53.4124838674549,-47.2314070603276,65.0028042365403));
#3757=CARTESIAN_POINT('Ctrl Pts',(-52.6340759485124,-46.7180430532632,66.2555618809848));
#3758=CARTESIAN_POINT('',(-56.1988674334303,-48.7,57.4947108034128));
#3759=CARTESIAN_POINT('Ctrl Pts',(-56.1988674334303,-48.7,57.4947108034128));
#3760=CARTESIAN_POINT('Ctrl Pts',(-56.4902862949438,-48.7,57.3666862222571));
#3761=CARTESIAN_POINT('Ctrl Pts',(-56.7859215211848,-48.6974731093246,57.2368103501902));
#3762=CARTESIAN_POINT('Ctrl Pts',(-57.0850590744041,-48.6922173779943,57.1053160329556));
#3763=CARTESIAN_POINT('',(-63.8772596641612,-48.7,50.747062288527));
#3764=CARTESIAN_POINT('Origin',(-56.2471384874021,-43.2,57.4522909717792));
#3765=CARTESIAN_POINT('Origin',(-63.8772596641612,-7.2,50.747062288527));
#3766=CARTESIAN_POINT('',(-51.800533864951,-3.68195694673685,66.9880653573932));
#3767=CARTESIAN_POINT('',(-52.6340759485124,-3.68195694673684,66.2555618809848));
#3768=CARTESIAN_POINT('',(-66.668013511551,-3.68195694673684,53.922761587684));
#3769=CARTESIAN_POINT('Origin',(-56.2471384874021,-7.2,57.4522909717792));
#3770=CARTESIAN_POINT('',(-56.1988674334303,-1.7,57.4947108034128));
#3771=CARTESIAN_POINT('',(-63.8772596641612,-1.7,50.747062288527));
#3772=CARTESIAN_POINT('',(-57.085059074404,-1.70778262200575,57.1053160329558));
#3773=CARTESIAN_POINT('Ctrl Pts',(-57.085059074404,-1.70778262200575,57.1053160329558));
#3774=CARTESIAN_POINT('Ctrl Pts',(-56.7876826101551,-1.70255783232877,57.2360362140472));
#3775=CARTESIAN_POINT('Ctrl Pts',(-56.4921855735903,-1.7,57.3658518412841));
#3776=CARTESIAN_POINT('Ctrl Pts',(-56.1988674334303,-1.7,57.4947108034128));
#3777=CARTESIAN_POINT('Ctrl Pts',(-52.6340759485124,-3.68195694673684,66.2555618809848));
#3778=CARTESIAN_POINT('Ctrl Pts',(-53.3934414607692,-3.1811515043561,65.0334507908259));
#3779=CARTESIAN_POINT('Ctrl Pts',(-54.1223471643385,-2.73552164508562,63.6945330866114));
#3780=CARTESIAN_POINT('Ctrl Pts',(-55.4994195266348,-2.05905256658313,60.8707044714617));
#3781=CARTESIAN_POINT('Ctrl Pts',(-56.1480569819457,-1.82872006405924,59.3859018055206));
#3782=CARTESIAN_POINT('Ctrl Pts',(-56.8733954080629,-1.725528263982,57.626020224444));
#3783=CARTESIAN_POINT('Ctrl Pts',(-56.9795991849336,-1.71449386363873,57.3657603961128));
#3784=CARTESIAN_POINT('Ctrl Pts',(-57.085059074404,-1.70778262200575,57.1053160329558));
#3785=CARTESIAN_POINT('Origin',(-54.2775066436929,-25.2,61.6761800914687));
#3786=CARTESIAN_POINT('',(-51.2082159571107,-4.35871232924321,68.2582952098981));
#3787=CARTESIAN_POINT('',(-51.2082159571107,-46.0412876707568,68.2582952098981));
#3788=CARTESIAN_POINT('Origin',(-43.7049999067349,-26.8063377198789,49.494346624572));
#3789=CARTESIAN_POINT('',(-59.6016877273096,-2.46635411600261,51.1613409305851));
#3790=CARTESIAN_POINT('Ctrl Pts',(-57.085059074404,-1.70778262200575,57.1053160329558));
#3791=CARTESIAN_POINT('Ctrl Pts',(-57.4028731792758,-1.72384731553969,56.4252228199688));
#3792=CARTESIAN_POINT('Ctrl Pts',(-57.7040336878303,-1.7647307683085,55.7559014079242));
#3793=CARTESIAN_POINT('Ctrl Pts',(-58.5366397123622,-1.94377767979993,53.8470406947548));
#3794=CARTESIAN_POINT('Ctrl Pts',(-59.0820360394031,-2.15426358127649,52.5133408040479));
#3795=CARTESIAN_POINT('Ctrl Pts',(-59.6016877273096,-2.46635411600261,51.1613409305851));
#3796=CARTESIAN_POINT('',(-61.664934337479,-4.0977136170003,51.1554145333379));
#3797=CARTESIAN_POINT('',(-58.4198838293356,-8.25665616630955,66.2389429292178));
#3798=CARTESIAN_POINT('Origin',(-63.5248654723741,7.79999999999997,22.6185259916936));
#3799=CARTESIAN_POINT('',(-62.9698622327892,-8.6207390469142,27.2145024601168));
#3800=CARTESIAN_POINT('Origin',(-64.829350366882,7.79999999999997,23.2268172879503));
#3801=CARTESIAN_POINT('',(-62.5236294078233,-9.04510873350948,27.1318852443383));
#3802=CARTESIAN_POINT('Origin',(-68.5932365111787,-14.5032670526363,11.7493692232694));
#3803=CARTESIAN_POINT('',(-53.8815042134999,-2.85852190617167,46.7045491285473));
#3804=CARTESIAN_POINT('',(-53.4352713885339,-3.28289159276694,46.6219319127688));
#3805=CARTESIAN_POINT('',(-61.0950092852996,-7.43204140015916,31.2351375809453));
#3806=CARTESIAN_POINT('Origin',(-48.8580430508064,-35.7,54.0716281766236));
#3807=CARTESIAN_POINT('Origin',(-50.1625279453143,-35.7,54.6799194728803));
#3808=CARTESIAN_POINT('Origin',(-63.5248654723741,-58.2,22.6185259916937));
#3809=CARTESIAN_POINT('',(-62.9698622327892,-41.7792609530858,27.2145024601169));
#3810=CARTESIAN_POINT('',(-60.4922505238568,-39.4230396139124,26.7557881528764));
#3811=CARTESIAN_POINT('Origin',(-64.829350366882,-58.2,23.2268172879504));
#3812=CARTESIAN_POINT('Origin',(-74.507859605015,-32.1467329473637,-0.934580933665555));
#3813=CARTESIAN_POINT('',(-53.8815042134998,-47.5414780938283,46.7045491285473));
#3814=CARTESIAN_POINT('',(-51.4038925045674,-45.1852567546549,46.2458348213069));
#3815=CARTESIAN_POINT('',(-69.9669439260541,-37.3429585998408,12.2092123455429));
#3816=CARTESIAN_POINT('Origin',(-48.8580430508064,-14.7,54.0716281766236));
#3817=CARTESIAN_POINT('Origin',(-50.1625279453142,-14.7,54.6799194728803));
#3818=CARTESIAN_POINT('Origin',(-78.9007311208002,-58.2,29.7884098943187));
#3819=CARTESIAN_POINT('',(-69.3240604127468,-41.7792609530858,30.1775137328663));
#3820=CARTESIAN_POINT('',(-77.0412429867075,-41.7792609530858,33.7760950664852));
#3821=CARTESIAN_POINT('',(-69.4907165404618,-41.6748588614749,29.802872052648));
#3822=CARTESIAN_POINT('Origin',(-49.85045755967,-58.2,16.2420448612631));
#3823=CARTESIAN_POINT('Origin',(-76.165540319687,-58.2,28.5129694772442));
#3824=CARTESIAN_POINT('Origin',(-78.0354867340622,-41.1488887394336,31.6439324696101));
#3825=CARTESIAN_POINT('',(-60.2357023934574,-47.5414780938283,49.6675604012967));
#3826=CARTESIAN_POINT('',(-62.1197528870065,-47.5414780938283,50.5461075747896));
#3827=CARTESIAN_POINT('',(-66.1938760909827,-43.7638660615411,36.8902156733584));
#3828=CARTESIAN_POINT('Origin',(-58.400776618821,-14.7,58.5214779191226));
#3829=CARTESIAN_POINT('',(-58.400776618821,-48.7,58.5214779191226));
#3830=CARTESIAN_POINT('',(-59.6016877273095,-47.9336458839974,51.1613409305851));
#3831=CARTESIAN_POINT('Ctrl Pts',(-57.0850590744041,-48.6922173779942,57.1053160329555));
#3832=CARTESIAN_POINT('Ctrl Pts',(-57.3604342727654,-48.6782978630932,56.5160382112363));
#3833=CARTESIAN_POINT('Ctrl Pts',(-57.6307938876936,-48.6455586740099,55.9189468335599));
#3834=CARTESIAN_POINT('Ctrl Pts',(-58.496461471963,-48.4746869975473,53.9479141375616));
#3835=CARTESIAN_POINT('Ctrl Pts',(-59.0671173193189,-48.2546962497735,52.5521554719022));
#3836=CARTESIAN_POINT('Ctrl Pts',(-59.6016877273095,-47.9336458839974,51.1613409305851));
#3837=CARTESIAN_POINT('Origin',(-99.182908099611,-14.7,77.5384981445031));
#3838=CARTESIAN_POINT('Origin',(-83.6512166419617,-51.9580297332783,32.9103216215803));
#3839=CARTESIAN_POINT('',(-73.1229792170428,-38.6460776729702,31.936592157821));
#3840=CARTESIAN_POINT('Origin',(-78.9007311208003,7.79999999999997,29.7884098943186));
#3841=CARTESIAN_POINT('',(-69.4907165404619,-8.72514113852515,29.8028720526479));
#3842=CARTESIAN_POINT('Origin',(-76.165540319687,7.79999999999997,28.5129694772441));
#3843=CARTESIAN_POINT('',(-69.3240604127469,-8.62073904691421,30.1775137328662));
#3844=CARTESIAN_POINT('Origin',(-49.8504575596701,7.79999999999997,16.242044861263));
#3845=CARTESIAN_POINT('',(-77.0412429867075,-8.62073904691421,33.7760950664851));
#3846=CARTESIAN_POINT('Origin',(-84.0282651086103,1.24362590166596,33.1318132827146));
#3847=CARTESIAN_POINT('',(-73.5000276836913,-12.0683261586422,32.1580838189554));
#3848=CARTESIAN_POINT('Origin',(-66.2062405463895,-1.7511112605664,57.01183278348));
#3849=CARTESIAN_POINT('',(-60.2357023934574,-2.85852190617167,49.6675604012967));
#3850=CARTESIAN_POINT('',(-57.3219414502282,-1.01113393845885,55.9161409087609));
#3851=CARTESIAN_POINT('',(-62.1197528870065,-2.85852190617167,50.5461075747895));
#3852=CARTESIAN_POINT('Origin',(-60.2030217250551,-3.68472028590308,61.3159529801185));
#3853=CARTESIAN_POINT('Origin',(-99.182908099611,-35.7,77.5384981445031));
#3854=CARTESIAN_POINT('Origin',(-46.4481141566261,-21.4247477781776,49.4864673993456));
#3855=CARTESIAN_POINT('',(-61.1629980792268,-39.974429331747,66.2310637039913));
#3856=CARTESIAN_POINT('',(-64.4080485873702,-44.1333718810562,51.1475353081114));
#3857=CARTESIAN_POINT('Origin',(-59.4601017903531,-41.1594662872536,66.4147565809758));
#3858=CARTESIAN_POINT('Origin',(-58.400776618821,-35.7,58.5214779191226));
#3859=CARTESIAN_POINT('',(-58.400776618821,-1.7,58.5214779191226));
#3860=CARTESIAN_POINT('Origin',(-64.3327042513833,-48.7,30.5711917843212));
#3861=CARTESIAN_POINT('Origin',(-64.3327042513833,-1.7,30.5711917843212));
#3862=CARTESIAN_POINT('Origin',(-66.1176448188914,-42.9652797140969,48.6320028231835));
#3863=CARTESIAN_POINT('Origin',(-59.4601017903531,-9.24053371274642,66.4147565809758));
#3864=UNCERTAINTY_MEASURE_WITH_UNIT(LENGTH_MEASURE(0.01),#3868,
'DISTANCE_ACCURACY_VALUE',
'Maximum model space distance between geometric entities at asserted c
onnectivities');
#3865=UNCERTAINTY_MEASURE_WITH_UNIT(LENGTH_MEASURE(0.01),#3868,
'DISTANCE_ACCURACY_VALUE',
'Maximum model space distance between geometric entities at asserted c
onnectivities');
#3866=(
GEOMETRIC_REPRESENTATION_CONTEXT(3)
GLOBAL_UNCERTAINTY_ASSIGNED_CONTEXT((#3864))
GLOBAL_UNIT_ASSIGNED_CONTEXT((#3868,#3870,#3871))
REPRESENTATION_CONTEXT('','3D')
);
#3867=(
GEOMETRIC_REPRESENTATION_CONTEXT(3)
GLOBAL_UNCERTAINTY_ASSIGNED_CONTEXT((#3865))
GLOBAL_UNIT_ASSIGNED_CONTEXT((#3868,#3870,#3871))
REPRESENTATION_CONTEXT('','3D')
);
#3868=(
LENGTH_UNIT()
NAMED_UNIT(*)
SI_UNIT(.MILLI.,.METRE.)
);
#3869=(
LENGTH_UNIT()
NAMED_UNIT(*)
SI_UNIT($,.METRE.)
);
#3870=(
NAMED_UNIT(*)
PLANE_ANGLE_UNIT()
SI_UNIT($,.RADIAN.)
);
#3871=(
NAMED_UNIT(*)
SI_UNIT($,.STERADIAN.)
SOLID_ANGLE_UNIT()
);
#3872=SHAPE_DEFINITION_REPRESENTATION(#3873,#3874);
#3873=PRODUCT_DEFINITION_SHAPE('',$,#3876);
#3874=SHAPE_REPRESENTATION('',(#2214),#3866);
#3875=PRODUCT_DEFINITION_CONTEXT('part definition',#3880,'design');
#3876=PRODUCT_DEFINITION('(Unsaved)','(Unsaved)',#3877,#3875);
#3877=PRODUCT_DEFINITION_FORMATION('',$,#3882);
#3878=PRODUCT_RELATED_PRODUCT_CATEGORY('(Unsaved)','(Unsaved)',(#3882));
#3879=APPLICATION_PROTOCOL_DEFINITION('international standard',
'automotive_design',2009,#3880);
#3880=APPLICATION_CONTEXT(
'Core Data for Automotive Mechanical Design Process');
#3881=PRODUCT_CONTEXT('part definition',#3880,'mechanical');
#3882=PRODUCT('(Unsaved)','(Unsaved)',$,(#3881));
#3883=PRESENTATION_STYLE_ASSIGNMENT((#3884));
#3884=SURFACE_STYLE_USAGE(.BOTH.,#3885);
#3885=SURFACE_SIDE_STYLE('',(#3886));
#3886=SURFACE_STYLE_FILL_AREA(#3887);
#3887=FILL_AREA_STYLE('Steel - Satin',(#3888));
#3888=FILL_AREA_STYLE_COLOUR('Steel - Satin',#3889);
#3889=COLOUR_RGB('Steel - Satin',0.627450980392157,0.627450980392157,0.627450980392157);
ENDSEC;
END-ISO-10303-21;
