ISO-10303-21;
HEADER;
/* Generated by software containing ST-Developer
 * from STEP Tools, Inc. (www.steptools.com) 
 */

FILE_DESCRIPTION(
/* description */ (''),
/* implementation_level */ '2;1');

FILE_NAME(
/* name */ 'tibia-main-left-x3.step',
/* time_stamp */ '2026-09-30T23:19:28+03:00',
/* author */ (''),
/* organization */ (''),
/* preprocessor_version */ 'ST-DEVELOPER v20.1',
/* originating_system */ 'Autodesk Translation Framework v15.8.0.0',
/* authorisation */ '');

FILE_SCHEMA (('AUTOMOTIVE_DESIGN { 1 0 10303 214 3 1 1 }'));
ENDSEC;

DATA;
#10=MECHANICAL_DESIGN_GEOMETRIC_PRESENTATION_REPRESENTATION('',(#13),#3889);
#11=SHAPE_REPRESENTATION_RELATIONSHIP('SRR','None',#3896,#12);
#12=ADVANCED_BREP_SHAPE_REPRESENTATION('',(#14),#3888);
#13=STYLED_ITEM('',(#3905),#14);
#14=MANIFOLD_SOLID_BREP('tibia-main-left-x3',#2081);
#15=B_SPLINE_SURFACE_WITH_KNOTS('',3,3,((#3327,#3328,#3329,#3330),(#3331,
#3332,#3333,#3334),(#3335,#3336,#3337,#3338),(#3339,#3340,#3341,#3342)),
 .UNSPECIFIED.,.F.,.F.,.F.,(4,4),(4,4),(0.,1.),(0.523598775598308,0.809256426366407),
 .UNSPECIFIED.);
#16=B_SPLINE_SURFACE_WITH_KNOTS('',3,3,((#3348,#3349,#3350,#3351,#3352,
#3353,#3354),(#3355,#3356,#3357,#3358,#3359,#3360,#3361),(#3362,#3363,#3364,
#3365,#3366,#3367,#3368),(#3369,#3370,#3371,#3372,#3373,#3374,#3375)),
 .UNSPECIFIED.,.F.,.F.,.F.,(4,4),(4,1,1,1,4),(0.,1.),(0.,0.0340621224399012,
0.0681242448798024,0.113540408133004,0.158956571386206),.UNSPECIFIED.);
#17=B_SPLINE_SURFACE_WITH_KNOTS('',3,3,((#3393,#3394,#3395,#3396),(#3397,
#3398,#3399,#3400),(#3401,#3402,#3403,#3404),(#3405,#3406,#3407,#3408)),
 .UNSPECIFIED.,.F.,.F.,.F.,(4,4),(4,4),(0.,1.),(-0.809256426442956,-0.523598775598303),
 .UNSPECIFIED.);
#18=B_SPLINE_SURFACE_WITH_KNOTS('',3,3,((#3451,#3452,#3453,#3454,#3455),
(#3456,#3457,#3458,#3459,#3460),(#3461,#3462,#3463,#3464,#3465),(#3466,
#3467,#3468,#3469,#3470),(#3471,#3472,#3473,#3474,#3475)),.UNSPECIFIED.,
 .F.,.F.,.F.,(4,1,4),(4,1,4),(0.,0.571428571428571,1.),(0.523598775598306,
0.97239772611114,1.57079632679492),.UNSPECIFIED.);
#19=B_SPLINE_SURFACE_WITH_KNOTS('',3,3,((#3480,#3481,#3482,#3483,#3484,
#3485),(#3486,#3487,#3488,#3489,#3490,#3491),(#3492,#3493,#3494,#3495,#3496,
#3497),(#3498,#3499,#3500,#3501,#3502,#3503),(#3504,#3505,#3506,#3507,#3508,
#3509)),.UNSPECIFIED.,.F.,.F.,.F.,(4,1,4),(4,1,1,4),(0.,0.571428571428571,
1.),(-1.51981552363363E-15,0.673198425769252,1.12199737628209,1.57079632679492),
 .UNSPECIFIED.);
#20=B_SPLINE_SURFACE_WITH_KNOTS('',3,3,((#3554,#3555,#3556,#3557),(#3558,
#3559,#3560,#3561),(#3562,#3563,#3564,#3565),(#3566,#3567,#3568,#3569)),
 .UNSPECIFIED.,.F.,.F.,.F.,(4,4),(4,4),(0.,1.),(0.523598775598299,0.809256426366384),
 .UNSPECIFIED.);
#21=B_SPLINE_SURFACE_WITH_KNOTS('',3,3,((#3575,#3576,#3577,#3578,#3579,
#3580,#3581),(#3582,#3583,#3584,#3585,#3586,#3587,#3588),(#3589,#3590,#3591,
#3592,#3593,#3594,#3595),(#3596,#3597,#3598,#3599,#3600,#3601,#3602)),
 .UNSPECIFIED.,.F.,.F.,.F.,(4,4),(4,1,1,1,4),(0.,1.),(1.04541254806222E-15,
0.0454161632532023,0.0908323265064035,0.124894448946304,0.158956571386205),
 .UNSPECIFIED.);
#22=B_SPLINE_SURFACE_WITH_KNOTS('',3,3,((#3620,#3621,#3622,#3623),(#3624,
#3625,#3626,#3627),(#3628,#3629,#3630,#3631),(#3632,#3633,#3634,#3635)),
 .UNSPECIFIED.,.F.,.F.,.F.,(4,4),(4,4),(0.,1.),(-0.809256426442941,-0.523598775598294),
 .UNSPECIFIED.);
#23=B_SPLINE_SURFACE_WITH_KNOTS('',3,3,((#3750,#3751,#3752,#3753,#3754,
#3755),(#3756,#3757,#3758,#3759,#3760,#3761),(#3762,#3763,#3764,#3765,#3766,
#3767),(#3768,#3769,#3770,#3771,#3772,#3773),(#3774,#3775,#3776,#3777,#3778,
#3779)),.UNSPECIFIED.,.F.,.F.,.F.,(4,1,4),(4,1,1,4),(0.,0.571428571428571,
1.),(-1.57079632679489,-0.897597901025654,-0.448798950512827,0.),
 .UNSPECIFIED.);
#24=B_SPLINE_SURFACE_WITH_KNOTS('',3,3,((#3797,#3798,#3799,#3800,#3801),
(#3802,#3803,#3804,#3805,#3806),(#3807,#3808,#3809,#3810,#3811),(#3812,
#3813,#3814,#3815,#3816),(#3817,#3818,#3819,#3820,#3821)),.UNSPECIFIED.,
 .F.,.F.,.F.,(4,1,4),(4,1,4),(0.,0.571428571428571,1.),(1.57079632679486,
2.0195952773077,2.61799387799149),.UNSPECIFIED.);
#25=TOROIDAL_SURFACE('',#2185,9.,3.);
#26=TOROIDAL_SURFACE('',#2191,15.,3.);
#27=TOROIDAL_SURFACE('',#2226,15.,3.);
#28=TOROIDAL_SURFACE('',#2231,9.,3.);
#29=TOROIDAL_SURFACE('',#2254,7.5,3.);
#30=TOROIDAL_SURFACE('',#2260,7.,3.);
#31=TOROIDAL_SURFACE('',#2266,7.,3.);
#32=TOROIDAL_SURFACE('',#2284,7.,3.);
#33=TOROIDAL_SURFACE('',#2290,7.,3.);
#34=TOROIDAL_SURFACE('',#2296,7.5,3.);
#35=CONICAL_SURFACE('',#2145,1.7,0.785398163397447);
#36=CONICAL_SURFACE('',#2148,1.7,0.785398163397451);
#37=CONICAL_SURFACE('',#2151,2.49999999999999,0.785398163397346);
#38=CONICAL_SURFACE('',#2164,2.5,0.78539816339747);
#39=CONICAL_SURFACE('',#2169,2.49999999999999,0.785398163397346);
#40=CONICAL_SURFACE('',#2172,1.7,0.785398163397447);
#41=CONICAL_SURFACE('',#2175,1.7,0.785398163397451);
#42=CONICAL_SURFACE('',#2179,2.5,0.785398163397464);
#43=CONICAL_SURFACE('',#2239,13.25,0.785398163397448);
#44=CONICAL_SURFACE('',#2241,7.25,0.785398163397449);
#45=CONICAL_SURFACE('',#2275,9.25000000000001,0.785398163397446);
#46=CONICAL_SURFACE('',#2278,8.75,0.785398163397447);
#47=CONICAL_SURFACE('',#2281,8.75,0.78539816339745);
#48=CONICAL_SURFACE('',#2313,8.75,0.785398163397447);
#49=CONICAL_SURFACE('',#2315,9.25000000000001,0.785398163397446);
#50=CONICAL_SURFACE('',#2331,8.75,0.78539816339745);
#51=CONICAL_SURFACE('',#2339,7.25,0.785398163397449);
#52=CONICAL_SURFACE('',#2341,13.25,0.785398163397448);
#53=(
BOUNDED_CURVE()
B_SPLINE_CURVE(2,(#3179,#3180,#3181),.UNSPECIFIED.,.F.,.F.)
B_SPLINE_CURVE_WITH_KNOTS((3,3),(0.0651386047275996,0.15515324168755),
 .UNSPECIFIED.)
CURVE()
GEOMETRIC_REPRESENTATION_ITEM()
RATIONAL_B_SPLINE_CURVE((1.,1.,1.))
REPRESENTATION_ITEM('')
);
#54=(
BOUNDED_CURVE()
B_SPLINE_CURVE(2,(#3200,#3201,#3202),.UNSPECIFIED.,.F.,.F.)
B_SPLINE_CURVE_WITH_KNOTS((3,3),(0.112275014595255,0.20328534251699),
 .UNSPECIFIED.)
CURVE()
GEOMETRIC_REPRESENTATION_ITEM()
RATIONAL_B_SPLINE_CURVE((1.,1.,1.))
REPRESENTATION_ITEM('')
);
#55=CYLINDRICAL_SURFACE('',#2118,3.);
#56=CYLINDRICAL_SURFACE('',#2120,1.6);
#57=CYLINDRICAL_SURFACE('',#2124,1.85);
#58=CYLINDRICAL_SURFACE('',#2127,1.85);
#59=CYLINDRICAL_SURFACE('',#2130,1.85);
#60=CYLINDRICAL_SURFACE('',#2133,1.85);
#61=CYLINDRICAL_SURFACE('',#2136,1.6);
#62=CYLINDRICAL_SURFACE('',#2140,1.6);
#63=CYLINDRICAL_SURFACE('',#2156,1.2);
#64=CYLINDRICAL_SURFACE('',#2159,1.2);
#65=CYLINDRICAL_SURFACE('',#2183,3.);
#66=CYLINDRICAL_SURFACE('',#2189,3.);
#67=CYLINDRICAL_SURFACE('',#2195,3.);
#68=CYLINDRICAL_SURFACE('',#2204,3.);
#69=CYLINDRICAL_SURFACE('',#2207,4.);
#70=CYLINDRICAL_SURFACE('',#2210,12.);
#71=CYLINDRICAL_SURFACE('',#2213,6.);
#72=CYLINDRICAL_SURFACE('',#2216,3.);
#73=CYLINDRICAL_SURFACE('',#2224,3.);
#74=CYLINDRICAL_SURFACE('',#2229,3.);
#75=CYLINDRICAL_SURFACE('',#2234,3.);
#76=CYLINDRICAL_SURFACE('',#2235,3.);
#77=CYLINDRICAL_SURFACE('',#2236,3.5);
#78=CYLINDRICAL_SURFACE('',#2237,3.5);
#79=CYLINDRICAL_SURFACE('',#2243,3.);
#80=CYLINDRICAL_SURFACE('',#2252,3.);
#81=CYLINDRICAL_SURFACE('',#2258,3.);
#82=CYLINDRICAL_SURFACE('',#2264,3.);
#83=CYLINDRICAL_SURFACE('',#2270,3.);
#84=CYLINDRICAL_SURFACE('',#2272,6.);
#85=CYLINDRICAL_SURFACE('',#2288,3.);
#86=CYLINDRICAL_SURFACE('',#2294,3.);
#87=CYLINDRICAL_SURFACE('',#2300,3.);
#88=CYLINDRICAL_SURFACE('',#2305,3.);
#89=CYLINDRICAL_SURFACE('',#2307,3.);
#90=CYLINDRICAL_SURFACE('',#2317,3.5);
#91=CYLINDRICAL_SURFACE('',#2318,3.5);
#92=CYLINDRICAL_SURFACE('',#2320,4.);
#93=CYLINDRICAL_SURFACE('',#2321,6.);
#94=CYLINDRICAL_SURFACE('',#2332,10.5);
#95=CYLINDRICAL_SURFACE('',#2334,10.);
#96=CYLINDRICAL_SURFACE('',#2336,10.);
#97=FACE_BOUND('',#344,.T.);
#98=FACE_BOUND('',#345,.T.);
#99=FACE_BOUND('',#346,.T.);
#100=FACE_BOUND('',#347,.T.);
#101=FACE_BOUND('',#470,.T.);
#102=FACE_BOUND('',#475,.T.);
#103=FACE_BOUND('',#476,.T.);
#104=B_SPLINE_CURVE_WITH_KNOTS('',3,(#3048,#3049,#3050,#3051,#3052,#3053,
#3054,#3055,#3056,#3057,#3058,#3059,#3060,#3061,#3062,#3063,#3064,#3065),
 .UNSPECIFIED.,.F.,.F.,(4,2,2,2,2,2,2,2,4),(0.,0.0661203061348576,0.0905049591890427,
0.105116278083573,0.117760382099401,0.132810917581496,0.158977152770081,
0.209428866392901,0.213385508282608),.UNSPECIFIED.);
#105=B_SPLINE_CURVE_WITH_KNOTS('',3,(#3085,#3086,#3087,#3088,#3089,#3090,
#3091,#3092,#3093,#3094,#3095,#3096,#3097,#3098,#3099,#3100,#3101,#3102),
 .UNSPECIFIED.,.F.,.F.,(4,2,2,2,2,2,2,2,4),(0.,0.0602374056263466,0.0834684247951324,
0.0978017986352414,0.110485075686898,0.125930771568024,0.153641030450543,
0.186997562960638,0.213482197237625),.UNSPECIFIED.);
#106=B_SPLINE_CURVE_WITH_KNOTS('',3,(#3379,#3380,#3381,#3382,#3383,#3384,
#3385),.UNSPECIFIED.,.F.,.F.,(4,1,1,1,4),(0.,0.0340621224399012,0.0681242448798024,
0.113540408133004,0.158956571386206),.UNSPECIFIED.);
#107=B_SPLINE_CURVE_WITH_KNOTS('',3,(#3386,#3387,#3388,#3389,#3390,#3391,
#3392),.UNSPECIFIED.,.F.,.F.,(4,1,1,1,4),(-0.158956571386206,-0.113540408133004,
-0.0681242448798024,-0.0340621224399012,0.),.UNSPECIFIED.);
#108=B_SPLINE_CURVE_WITH_KNOTS('',3,(#3606,#3607,#3608,#3609,#3610,#3611,
#3612),.UNSPECIFIED.,.F.,.F.,(4,1,1,1,4),(1.04541254806222E-15,0.0454161632532023,
0.0908323265064035,0.124894448946304,0.158956571386205),.UNSPECIFIED.);
#109=B_SPLINE_CURVE_WITH_KNOTS('',3,(#3613,#3614,#3615,#3616,#3617,#3618,
#3619),.UNSPECIFIED.,.F.,.F.,(4,1,1,1,4),(-0.158956571386205,-0.124894448946304,
-0.0908323265064035,-0.0454161632532023,-1.04541254806222E-15),
 .UNSPECIFIED.);
#110=CIRCLE('',#2099,3.);
#111=CIRCLE('',#2100,3.);
#112=CIRCLE('',#2102,8.5);
#113=CIRCLE('',#2103,14.5);
#114=CIRCLE('',#2106,2.2);
#115=CIRCLE('',#2107,2.20000000000001);
#116=CIRCLE('',#2110,8.00000000000001);
#117=CIRCLE('',#2111,7.50000000000001);
#118=CIRCLE('',#2112,7.49999999999999);
#119=CIRCLE('',#2113,1.85);
#120=CIRCLE('',#2114,1.85);
#121=CIRCLE('',#2115,1.85);
#122=CIRCLE('',#2116,1.85);
#123=CIRCLE('',#2119,3.00000000000001);
#124=CIRCLE('',#2121,1.6);
#125=CIRCLE('',#2122,1.6);
#126=CIRCLE('',#2125,1.85);
#127=CIRCLE('',#2128,1.85);
#128=CIRCLE('',#2131,1.85);
#129=CIRCLE('',#2134,1.85);
#130=CIRCLE('',#2137,1.6);
#131=CIRCLE('',#2138,1.6);
#132=CIRCLE('',#2141,1.6);
#133=CIRCLE('',#2142,1.6);
#134=CIRCLE('',#2146,1.2);
#135=CIRCLE('',#2149,1.2);
#136=CIRCLE('',#2152,3.);
#137=CIRCLE('',#2153,1.99999999999998);
#138=CIRCLE('',#2155,1.99999999999998);
#139=CIRCLE('',#2157,1.2);
#140=CIRCLE('',#2160,1.2);
#141=CIRCLE('',#2162,2.);
#142=CIRCLE('',#2163,1.99999999999999);
#143=CIRCLE('',#2165,3.);
#144=CIRCLE('',#2170,3.);
#145=CIRCLE('',#2173,2.2);
#146=CIRCLE('',#2176,2.20000000000001);
#147=CIRCLE('',#2180,3.);
#148=CIRCLE('',#2184,3.);
#149=CIRCLE('',#2186,6.87867965644037);
#150=CIRCLE('',#2187,2.99999999999999);
#151=CIRCLE('',#2188,6.);
#152=CIRCLE('',#2190,3.00000000000001);
#153=CIRCLE('',#2192,12.8786796564404);
#154=CIRCLE('',#2193,3.);
#155=CIRCLE('',#2194,12.);
#156=CIRCLE('',#2196,3.);
#157=CIRCLE('',#2197,3.);
#158=CIRCLE('',#2200,2.99999999999999);
#159=CIRCLE('',#2201,3.);
#160=CIRCLE('',#2211,12.);
#161=CIRCLE('',#2214,6.);
#162=CIRCLE('',#2217,3.00000000000001);
#163=CIRCLE('',#2219,3.);
#164=CIRCLE('',#2221,3.);
#165=CIRCLE('',#2222,3.00000000000001);
#166=CIRCLE('',#2225,2.99999999999999);
#167=CIRCLE('',#2227,12.8786796564404);
#168=CIRCLE('',#2228,3.);
#169=CIRCLE('',#2230,3.00000000000001);
#170=CIRCLE('',#2232,6.87867965644037);
#171=CIRCLE('',#2233,3.);
#172=CIRCLE('',#2244,2.99999999999999);
#173=CIRCLE('',#2245,2.99999999999999);
#174=CIRCLE('',#2248,3.);
#175=CIRCLE('',#2249,3.);
#176=CIRCLE('',#2253,3.);
#177=CIRCLE('',#2255,9.62132034355965);
#178=CIRCLE('',#2256,3.);
#179=CIRCLE('',#2257,10.5);
#180=CIRCLE('',#2259,2.99999999999999);
#181=CIRCLE('',#2261,9.12132034355965);
#182=CIRCLE('',#2262,2.99999999999999);
#183=CIRCLE('',#2263,10.);
#184=CIRCLE('',#2265,3.);
#185=CIRCLE('',#2267,9.12132034355965);
#186=CIRCLE('',#2268,3.00000000000001);
#187=CIRCLE('',#2269,10.);
#188=CIRCLE('',#2276,8.00000000000001);
#189=CIRCLE('',#2279,7.50000000000001);
#190=CIRCLE('',#2282,7.49999999999999);
#191=CIRCLE('',#2285,9.12132034355965);
#192=CIRCLE('',#2286,2.99999999999999);
#193=CIRCLE('',#2287,10.);
#194=CIRCLE('',#2289,3.);
#195=CIRCLE('',#2291,9.12132034355965);
#196=CIRCLE('',#2292,2.99999999999999);
#197=CIRCLE('',#2293,10.);
#198=CIRCLE('',#2295,3.);
#199=CIRCLE('',#2297,9.62132034355965);
#200=CIRCLE('',#2298,3.);
#201=CIRCLE('',#2299,10.5);
#202=CIRCLE('',#2301,3.);
#203=CIRCLE('',#2302,2.99999999999999);
#204=CIRCLE('',#2306,2.99999999999999);
#205=CIRCLE('',#2308,2.99999999999999);
#206=CIRCLE('',#2325,14.5);
#207=CIRCLE('',#2326,8.5);
#208=FACE_OUTER_BOUND('',#341,.T.);
#209=FACE_OUTER_BOUND('',#342,.T.);
#210=FACE_OUTER_BOUND('',#343,.T.);
#211=FACE_OUTER_BOUND('',#348,.T.);
#212=FACE_OUTER_BOUND('',#349,.T.);
#213=FACE_OUTER_BOUND('',#350,.T.);
#214=FACE_OUTER_BOUND('',#351,.T.);
#215=FACE_OUTER_BOUND('',#352,.T.);
#216=FACE_OUTER_BOUND('',#353,.T.);
#217=FACE_OUTER_BOUND('',#354,.T.);
#218=FACE_OUTER_BOUND('',#355,.T.);
#219=FACE_OUTER_BOUND('',#356,.T.);
#220=FACE_OUTER_BOUND('',#357,.T.);
#221=FACE_OUTER_BOUND('',#358,.T.);
#222=FACE_OUTER_BOUND('',#359,.T.);
#223=FACE_OUTER_BOUND('',#360,.T.);
#224=FACE_OUTER_BOUND('',#361,.T.);
#225=FACE_OUTER_BOUND('',#362,.T.);
#226=FACE_OUTER_BOUND('',#363,.T.);
#227=FACE_OUTER_BOUND('',#364,.T.);
#228=FACE_OUTER_BOUND('',#365,.T.);
#229=FACE_OUTER_BOUND('',#366,.T.);
#230=FACE_OUTER_BOUND('',#367,.T.);
#231=FACE_OUTER_BOUND('',#368,.T.);
#232=FACE_OUTER_BOUND('',#369,.T.);
#233=FACE_OUTER_BOUND('',#370,.T.);
#234=FACE_OUTER_BOUND('',#371,.T.);
#235=FACE_OUTER_BOUND('',#372,.T.);
#236=FACE_OUTER_BOUND('',#373,.T.);
#237=FACE_OUTER_BOUND('',#374,.T.);
#238=FACE_OUTER_BOUND('',#375,.T.);
#239=FACE_OUTER_BOUND('',#376,.T.);
#240=FACE_OUTER_BOUND('',#377,.T.);
#241=FACE_OUTER_BOUND('',#378,.T.);
#242=FACE_OUTER_BOUND('',#379,.T.);
#243=FACE_OUTER_BOUND('',#380,.T.);
#244=FACE_OUTER_BOUND('',#381,.T.);
#245=FACE_OUTER_BOUND('',#382,.T.);
#246=FACE_OUTER_BOUND('',#383,.T.);
#247=FACE_OUTER_BOUND('',#384,.T.);
#248=FACE_OUTER_BOUND('',#385,.T.);
#249=FACE_OUTER_BOUND('',#386,.T.);
#250=FACE_OUTER_BOUND('',#387,.T.);
#251=FACE_OUTER_BOUND('',#388,.T.);
#252=FACE_OUTER_BOUND('',#389,.T.);
#253=FACE_OUTER_BOUND('',#390,.T.);
#254=FACE_OUTER_BOUND('',#391,.T.);
#255=FACE_OUTER_BOUND('',#392,.T.);
#256=FACE_OUTER_BOUND('',#393,.T.);
#257=FACE_OUTER_BOUND('',#394,.T.);
#258=FACE_OUTER_BOUND('',#395,.T.);
#259=FACE_OUTER_BOUND('',#396,.T.);
#260=FACE_OUTER_BOUND('',#397,.T.);
#261=FACE_OUTER_BOUND('',#398,.T.);
#262=FACE_OUTER_BOUND('',#399,.T.);
#263=FACE_OUTER_BOUND('',#400,.T.);
#264=FACE_OUTER_BOUND('',#401,.T.);
#265=FACE_OUTER_BOUND('',#402,.T.);
#266=FACE_OUTER_BOUND('',#403,.T.);
#267=FACE_OUTER_BOUND('',#404,.T.);
#268=FACE_OUTER_BOUND('',#405,.T.);
#269=FACE_OUTER_BOUND('',#406,.T.);
#270=FACE_OUTER_BOUND('',#407,.T.);
#271=FACE_OUTER_BOUND('',#408,.T.);
#272=FACE_OUTER_BOUND('',#409,.T.);
#273=FACE_OUTER_BOUND('',#410,.T.);
#274=FACE_OUTER_BOUND('',#411,.T.);
#275=FACE_OUTER_BOUND('',#412,.T.);
#276=FACE_OUTER_BOUND('',#413,.T.);
#277=FACE_OUTER_BOUND('',#414,.T.);
#278=FACE_OUTER_BOUND('',#415,.T.);
#279=FACE_OUTER_BOUND('',#416,.T.);
#280=FACE_OUTER_BOUND('',#417,.T.);
#281=FACE_OUTER_BOUND('',#418,.T.);
#282=FACE_OUTER_BOUND('',#419,.T.);
#283=FACE_OUTER_BOUND('',#420,.T.);
#284=FACE_OUTER_BOUND('',#421,.T.);
#285=FACE_OUTER_BOUND('',#422,.T.);
#286=FACE_OUTER_BOUND('',#423,.T.);
#287=FACE_OUTER_BOUND('',#424,.T.);
#288=FACE_OUTER_BOUND('',#425,.T.);
#289=FACE_OUTER_BOUND('',#426,.T.);
#290=FACE_OUTER_BOUND('',#427,.T.);
#291=FACE_OUTER_BOUND('',#428,.T.);
#292=FACE_OUTER_BOUND('',#429,.T.);
#293=FACE_OUTER_BOUND('',#430,.T.);
#294=FACE_OUTER_BOUND('',#431,.T.);
#295=FACE_OUTER_BOUND('',#432,.T.);
#296=FACE_OUTER_BOUND('',#433,.T.);
#297=FACE_OUTER_BOUND('',#434,.T.);
#298=FACE_OUTER_BOUND('',#435,.T.);
#299=FACE_OUTER_BOUND('',#436,.T.);
#300=FACE_OUTER_BOUND('',#437,.T.);
#301=FACE_OUTER_BOUND('',#438,.T.);
#302=FACE_OUTER_BOUND('',#439,.T.);
#303=FACE_OUTER_BOUND('',#440,.T.);
#304=FACE_OUTER_BOUND('',#441,.T.);
#305=FACE_OUTER_BOUND('',#442,.T.);
#306=FACE_OUTER_BOUND('',#443,.T.);
#307=FACE_OUTER_BOUND('',#444,.T.);
#308=FACE_OUTER_BOUND('',#445,.T.);
#309=FACE_OUTER_BOUND('',#446,.T.);
#310=FACE_OUTER_BOUND('',#447,.T.);
#311=FACE_OUTER_BOUND('',#448,.T.);
#312=FACE_OUTER_BOUND('',#449,.T.);
#313=FACE_OUTER_BOUND('',#450,.T.);
#314=FACE_OUTER_BOUND('',#451,.T.);
#315=FACE_OUTER_BOUND('',#452,.T.);
#316=FACE_OUTER_BOUND('',#453,.T.);
#317=FACE_OUTER_BOUND('',#454,.T.);
#318=FACE_OUTER_BOUND('',#455,.T.);
#319=FACE_OUTER_BOUND('',#456,.T.);
#320=FACE_OUTER_BOUND('',#457,.T.);
#321=FACE_OUTER_BOUND('',#458,.T.);
#322=FACE_OUTER_BOUND('',#459,.T.);
#323=FACE_OUTER_BOUND('',#460,.T.);
#324=FACE_OUTER_BOUND('',#461,.T.);
#325=FACE_OUTER_BOUND('',#462,.T.);
#326=FACE_OUTER_BOUND('',#463,.T.);
#327=FACE_OUTER_BOUND('',#464,.T.);
#328=FACE_OUTER_BOUND('',#465,.T.);
#329=FACE_OUTER_BOUND('',#466,.T.);
#330=FACE_OUTER_BOUND('',#467,.T.);
#331=FACE_OUTER_BOUND('',#468,.T.);
#332=FACE_OUTER_BOUND('',#469,.T.);
#333=FACE_OUTER_BOUND('',#471,.T.);
#334=FACE_OUTER_BOUND('',#472,.T.);
#335=FACE_OUTER_BOUND('',#473,.T.);
#336=FACE_OUTER_BOUND('',#474,.T.);
#337=FACE_OUTER_BOUND('',#477,.T.);
#338=FACE_OUTER_BOUND('',#478,.T.);
#339=FACE_OUTER_BOUND('',#479,.T.);
#340=FACE_OUTER_BOUND('',#480,.T.);
#341=EDGE_LOOP('',(#1303,#1304,#1305,#1306,#1307,#1308,#1309,#1310));
#342=EDGE_LOOP('',(#1311,#1312,#1313,#1314,#1315,#1316,#1317,#1318));
#343=EDGE_LOOP('',(#1319,#1320,#1321,#1322,#1323,#1324,#1325,#1326,#1327,
#1328,#1329,#1330,#1331,#1332,#1333,#1334,#1335,#1336,#1337,#1338,#1339,
#1340,#1341,#1342,#1343,#1344,#1345));
#344=EDGE_LOOP('',(#1346));
#345=EDGE_LOOP('',(#1347));
#346=EDGE_LOOP('',(#1348));
#347=EDGE_LOOP('',(#1349));
#348=EDGE_LOOP('',(#1350,#1351,#1352,#1353));
#349=EDGE_LOOP('',(#1354,#1355,#1356,#1357));
#350=EDGE_LOOP('',(#1358,#1359,#1360,#1361));
#351=EDGE_LOOP('',(#1362));
#352=EDGE_LOOP('',(#1363,#1364,#1365,#1366));
#353=EDGE_LOOP('',(#1367));
#354=EDGE_LOOP('',(#1368,#1369,#1370,#1371));
#355=EDGE_LOOP('',(#1372));
#356=EDGE_LOOP('',(#1373,#1374,#1375,#1376));
#357=EDGE_LOOP('',(#1377));
#358=EDGE_LOOP('',(#1378,#1379,#1380,#1381));
#359=EDGE_LOOP('',(#1382));
#360=EDGE_LOOP('',(#1383,#1384,#1385,#1386));
#361=EDGE_LOOP('',(#1387));
#362=EDGE_LOOP('',(#1388,#1389,#1390,#1391));
#363=EDGE_LOOP('',(#1392));
#364=EDGE_LOOP('',(#1393,#1394,#1395,#1396,#1397));
#365=EDGE_LOOP('',(#1398,#1399,#1400,#1401));
#366=EDGE_LOOP('',(#1402,#1403,#1404,#1405));
#367=EDGE_LOOP('',(#1406,#1407,#1408,#1409));
#368=EDGE_LOOP('',(#1410,#1411,#1412,#1413,#1414));
#369=EDGE_LOOP('',(#1415,#1416,#1417,#1418,#1419));
#370=EDGE_LOOP('',(#1420,#1421,#1422,#1423,#1424,#1425,#1426));
#371=EDGE_LOOP('',(#1427,#1428,#1429,#1430));
#372=EDGE_LOOP('',(#1431,#1432,#1433,#1434));
#373=EDGE_LOOP('',(#1435,#1436,#1437,#1438));
#374=EDGE_LOOP('',(#1439,#1440,#1441,#1442,#1443,#1444,#1445));
#375=EDGE_LOOP('',(#1446,#1447,#1448,#1449,#1450));
#376=EDGE_LOOP('',(#1451,#1452,#1453,#1454));
#377=EDGE_LOOP('',(#1455,#1456,#1457));
#378=EDGE_LOOP('',(#1458,#1459,#1460,#1461));
#379=EDGE_LOOP('',(#1462,#1463,#1464,#1465));
#380=EDGE_LOOP('',(#1466,#1467,#1468,#1469));
#381=EDGE_LOOP('',(#1470,#1471,#1472,#1473));
#382=EDGE_LOOP('',(#1474,#1475,#1476,#1477));
#383=EDGE_LOOP('',(#1478,#1479,#1480,#1481));
#384=EDGE_LOOP('',(#1482,#1483,#1484,#1485));
#385=EDGE_LOOP('',(#1486,#1487,#1488,#1489));
#386=EDGE_LOOP('',(#1490,#1491,#1492,#1493));
#387=EDGE_LOOP('',(#1494,#1495,#1496,#1497));
#388=EDGE_LOOP('',(#1498,#1499,#1500));
#389=EDGE_LOOP('',(#1501,#1502,#1503,#1504));
#390=EDGE_LOOP('',(#1505,#1506,#1507,#1508));
#391=EDGE_LOOP('',(#1509,#1510,#1511,#1512));
#392=EDGE_LOOP('',(#1513,#1514,#1515,#1516));
#393=EDGE_LOOP('',(#1517,#1518,#1519,#1520));
#394=EDGE_LOOP('',(#1521,#1522,#1523,#1524));
#395=EDGE_LOOP('',(#1525,#1526,#1527,#1528));
#396=EDGE_LOOP('',(#1529,#1530,#1531,#1532));
#397=EDGE_LOOP('',(#1533,#1534,#1535,#1536));
#398=EDGE_LOOP('',(#1537,#1538,#1539,#1540,#1541,#1542,#1543));
#399=EDGE_LOOP('',(#1544,#1545,#1546,#1547));
#400=EDGE_LOOP('',(#1548,#1549,#1550,#1551,#1552));
#401=EDGE_LOOP('',(#1553,#1554,#1555,#1556));
#402=EDGE_LOOP('',(#1557,#1558,#1559,#1560));
#403=EDGE_LOOP('',(#1561,#1562,#1563,#1564));
#404=EDGE_LOOP('',(#1565,#1566,#1567,#1568));
#405=EDGE_LOOP('',(#1569,#1570,#1571,#1572));
#406=EDGE_LOOP('',(#1573,#1574,#1575,#1576,#1577,#1578));
#407=EDGE_LOOP('',(#1579,#1580,#1581,#1582));
#408=EDGE_LOOP('',(#1583,#1584,#1585,#1586));
#409=EDGE_LOOP('',(#1587,#1588,#1589,#1590));
#410=EDGE_LOOP('',(#1591,#1592,#1593,#1594));
#411=EDGE_LOOP('',(#1595,#1596,#1597,#1598));
#412=EDGE_LOOP('',(#1599,#1600,#1601,#1602));
#413=EDGE_LOOP('',(#1603,#1604,#1605,#1606));
#414=EDGE_LOOP('',(#1607,#1608,#1609));
#415=EDGE_LOOP('',(#1610,#1611,#1612));
#416=EDGE_LOOP('',(#1613,#1614,#1615,#1616,#1617,#1618));
#417=EDGE_LOOP('',(#1619,#1620,#1621,#1622));
#418=EDGE_LOOP('',(#1623,#1624,#1625,#1626));
#419=EDGE_LOOP('',(#1627,#1628,#1629,#1630));
#420=EDGE_LOOP('',(#1631,#1632,#1633,#1634));
#421=EDGE_LOOP('',(#1635,#1636,#1637,#1638));
#422=EDGE_LOOP('',(#1639,#1640,#1641,#1642));
#423=EDGE_LOOP('',(#1643,#1644,#1645,#1646));
#424=EDGE_LOOP('',(#1647,#1648,#1649,#1650));
#425=EDGE_LOOP('',(#1651,#1652,#1653,#1654));
#426=EDGE_LOOP('',(#1655,#1656,#1657,#1658));
#427=EDGE_LOOP('',(#1659,#1660,#1661,#1662));
#428=EDGE_LOOP('',(#1663,#1664,#1665,#1666));
#429=EDGE_LOOP('',(#1667,#1668,#1669,#1670));
#430=EDGE_LOOP('',(#1671,#1672,#1673,#1674));
#431=EDGE_LOOP('',(#1675,#1676,#1677,#1678));
#432=EDGE_LOOP('',(#1679,#1680,#1681,#1682));
#433=EDGE_LOOP('',(#1683,#1684,#1685,#1686,#1687,#1688));
#434=EDGE_LOOP('',(#1689,#1690,#1691,#1692));
#435=EDGE_LOOP('',(#1693,#1694,#1695,#1696));
#436=EDGE_LOOP('',(#1697,#1698,#1699,#1700));
#437=EDGE_LOOP('',(#1701,#1702,#1703,#1704));
#438=EDGE_LOOP('',(#1705,#1706,#1707,#1708));
#439=EDGE_LOOP('',(#1709,#1710,#1711,#1712));
#440=EDGE_LOOP('',(#1713,#1714,#1715,#1716));
#441=EDGE_LOOP('',(#1717,#1718,#1719,#1720));
#442=EDGE_LOOP('',(#1721,#1722,#1723,#1724));
#443=EDGE_LOOP('',(#1725,#1726,#1727,#1728));
#444=EDGE_LOOP('',(#1729,#1730,#1731,#1732));
#445=EDGE_LOOP('',(#1733,#1734,#1735,#1736));
#446=EDGE_LOOP('',(#1737,#1738,#1739,#1740));
#447=EDGE_LOOP('',(#1741,#1742,#1743,#1744));
#448=EDGE_LOOP('',(#1745,#1746,#1747,#1748));
#449=EDGE_LOOP('',(#1749,#1750,#1751,#1752));
#450=EDGE_LOOP('',(#1753,#1754,#1755,#1756,#1757,#1758));
#451=EDGE_LOOP('',(#1759,#1760,#1761,#1762));
#452=EDGE_LOOP('',(#1763,#1764,#1765,#1766));
#453=EDGE_LOOP('',(#1767,#1768,#1769,#1770));
#454=EDGE_LOOP('',(#1771,#1772,#1773,#1774));
#455=EDGE_LOOP('',(#1775,#1776,#1777,#1778,#1779,#1780));
#456=EDGE_LOOP('',(#1781,#1782,#1783));
#457=EDGE_LOOP('',(#1784,#1785,#1786));
#458=EDGE_LOOP('',(#1787,#1788,#1789,#1790));
#459=EDGE_LOOP('',(#1791,#1792,#1793,#1794));
#460=EDGE_LOOP('',(#1795,#1796,#1797,#1798,#1799,#1800));
#461=EDGE_LOOP('',(#1801,#1802,#1803,#1804));
#462=EDGE_LOOP('',(#1805,#1806,#1807,#1808,#1809,#1810,#1811,#1812,#1813,
#1814,#1815,#1816,#1817,#1818,#1819,#1820,#1821,#1822,#1823,#1824,#1825,
#1826,#1827));
#463=EDGE_LOOP('',(#1828,#1829,#1830,#1831));
#464=EDGE_LOOP('',(#1832,#1833,#1834,#1835,#1836));
#465=EDGE_LOOP('',(#1837,#1838,#1839,#1840,#1841,#1842,#1843));
#466=EDGE_LOOP('',(#1844,#1845,#1846,#1847));
#467=EDGE_LOOP('',(#1848,#1849,#1850,#1851));
#468=EDGE_LOOP('',(#1852,#1853,#1854,#1855));
#469=EDGE_LOOP('',(#1856,#1857,#1858,#1859));
#470=EDGE_LOOP('',(#1860));
#471=EDGE_LOOP('',(#1861,#1862,#1863,#1864));
#472=EDGE_LOOP('',(#1865,#1866,#1867,#1868));
#473=EDGE_LOOP('',(#1869,#1870,#1871,#1872));
#474=EDGE_LOOP('',(#1873,#1874,#1875,#1876));
#475=EDGE_LOOP('',(#1877));
#476=EDGE_LOOP('',(#1878));
#477=EDGE_LOOP('',(#1879,#1880,#1881,#1882));
#478=EDGE_LOOP('',(#1883,#1884,#1885,#1886));
#479=EDGE_LOOP('',(#1887,#1888,#1889,#1890));
#480=EDGE_LOOP('',(#1891,#1892,#1893,#1894));
#481=LINE('',#3008,#645);
#482=LINE('',#3010,#646);
#483=LINE('',#3012,#647);
#484=LINE('',#3014,#648);
#485=LINE('',#3016,#649);
#486=LINE('',#3019,#650);
#487=LINE('',#3022,#651);
#488=LINE('',#3024,#652);
#489=LINE('',#3028,#653);
#490=LINE('',#3032,#654);
#491=LINE('',#3033,#655);
#492=LINE('',#3036,#656);
#493=LINE('',#3040,#657);
#494=LINE('',#3044,#658);
#495=LINE('',#3069,#659);
#496=LINE('',#3071,#660);
#497=LINE('',#3075,#661);
#498=LINE('',#3079,#662);
#499=LINE('',#3081,#663);
#500=LINE('',#3106,#664);
#501=LINE('',#3110,#665);
#502=LINE('',#3114,#666);
#503=LINE('',#3117,#667);
#504=LINE('',#3128,#668);
#505=LINE('',#3129,#669);
#506=LINE('',#3133,#670);
#507=LINE('',#3138,#671);
#508=LINE('',#3143,#672);
#509=LINE('',#3148,#673);
#510=LINE('',#3153,#674);
#511=LINE('',#3158,#675);
#512=LINE('',#3165,#676);
#513=LINE('',#3172,#677);
#514=LINE('',#3177,#678);
#515=LINE('',#3183,#679);
#516=LINE('',#3184,#680);
#517=LINE('',#3187,#681);
#518=LINE('',#3191,#682);
#519=LINE('',#3192,#683);
#520=LINE('',#3195,#684);
#521=LINE('',#3203,#685);
#522=LINE('',#3204,#686);
#523=LINE('',#3207,#687);
#524=LINE('',#3211,#688);
#525=LINE('',#3215,#689);
#526=LINE('',#3219,#690);
#527=LINE('',#3221,#691);
#528=LINE('',#3222,#692);
#529=LINE('',#3226,#693);
#530=LINE('',#3229,#694);
#531=LINE('',#3230,#695);
#532=LINE('',#3234,#696);
#533=LINE('',#3237,#697);
#534=LINE('',#3239,#698);
#535=LINE('',#3243,#699);
#536=LINE('',#3247,#700);
#537=LINE('',#3250,#701);
#538=LINE('',#3253,#702);
#539=LINE('',#3255,#703);
#540=LINE('',#3256,#704);
#541=LINE('',#3258,#705);
#542=LINE('',#3261,#706);
#543=LINE('',#3262,#707);
#544=LINE('',#3265,#708);
#545=LINE('',#3268,#709);
#546=LINE('',#3272,#710);
#547=LINE('',#3275,#711);
#548=LINE('',#3276,#712);
#549=LINE('',#3280,#713);
#550=LINE('',#3283,#714);
#551=LINE('',#3284,#715);
#552=LINE('',#3287,#716);
#553=LINE('',#3288,#717);
#554=LINE('',#3291,#718);
#555=LINE('',#3294,#719);
#556=LINE('',#3296,#720);
#557=LINE('',#3299,#721);
#558=LINE('',#3302,#722);
#559=LINE('',#3311,#723);
#560=LINE('',#3314,#724);
#561=LINE('',#3325,#725);
#562=LINE('',#3326,#726);
#563=LINE('',#3415,#727);
#564=LINE('',#3416,#728);
#565=LINE('',#3419,#729);
#566=LINE('',#3423,#730);
#567=LINE('',#3424,#731);
#568=LINE('',#3428,#732);
#569=LINE('',#3431,#733);
#570=LINE('',#3432,#734);
#571=LINE('',#3436,#735);
#572=LINE('',#3439,#736);
#573=LINE('',#3440,#737);
#574=LINE('',#3444,#738);
#575=LINE('',#3446,#739);
#576=LINE('',#3449,#740);
#577=LINE('',#3518,#741);
#578=LINE('',#3525,#742);
#579=LINE('',#3532,#743);
#580=LINE('',#3534,#744);
#581=LINE('',#3536,#745);
#582=LINE('',#3538,#746);
#583=LINE('',#3540,#747);
#584=LINE('',#3542,#748);
#585=LINE('',#3544,#749);
#586=LINE('',#3546,#750);
#587=LINE('',#3550,#751);
#588=LINE('',#3553,#752);
#589=LINE('',#3645,#753);
#590=LINE('',#3646,#754);
#591=LINE('',#3655,#755);
#592=LINE('',#3658,#756);
#593=LINE('',#3667,#757);
#594=LINE('',#3670,#758);
#595=LINE('',#3678,#759);
#596=LINE('',#3679,#760);
#597=LINE('',#3682,#761);
#598=LINE('',#3683,#762);
#599=LINE('',#3687,#763);
#600=LINE('',#3690,#764);
#601=LINE('',#3691,#765);
#602=LINE('',#3695,#766);
#603=LINE('',#3698,#767);
#604=LINE('',#3699,#768);
#605=LINE('',#3703,#769);
#606=LINE('',#3706,#770);
#607=LINE('',#3707,#771);
#608=LINE('',#3711,#772);
#609=LINE('',#3713,#773);
#610=LINE('',#3722,#774);
#611=LINE('',#3725,#775);
#612=LINE('',#3734,#776);
#613=LINE('',#3737,#777);
#614=LINE('',#3748,#778);
#615=LINE('',#3749,#779);
#616=LINE('',#3789,#780);
#617=LINE('',#3790,#781);
#618=LINE('',#3793,#782);
#619=LINE('',#3796,#783);
#620=LINE('',#3826,#784);
#621=LINE('',#3827,#785);
#622=LINE('',#3829,#786);
#623=LINE('',#3831,#787);
#624=LINE('',#3833,#788);
#625=LINE('',#3835,#789);
#626=LINE('',#3837,#790);
#627=LINE('',#3841,#791);
#628=LINE('',#3842,#792);
#629=LINE('',#3845,#793);
#630=LINE('',#3848,#794);
#631=LINE('',#3851,#795);
#632=LINE('',#3852,#796);
#633=LINE('',#3854,#797);
#634=LINE('',#3858,#798);
#635=LINE('',#3861,#799);
#636=LINE('',#3864,#800);
#637=LINE('',#3869,#801);
#638=LINE('',#3871,#802);
#639=LINE('',#3873,#803);
#640=LINE('',#3875,#804);
#641=LINE('',#3877,#805);
#642=LINE('',#3880,#806);
#643=LINE('',#3882,#807);
#644=LINE('',#3884,#808);
#645=VECTOR('',#2348,10.);
#646=VECTOR('',#2349,10.);
#647=VECTOR('',#2350,10.);
#648=VECTOR('',#2351,10.);
#649=VECTOR('',#2352,10.);
#650=VECTOR('',#2355,10.);
#651=VECTOR('',#2358,10.);
#652=VECTOR('',#2359,10.);
#653=VECTOR('',#2362,10.);
#654=VECTOR('',#2365,10.);
#655=VECTOR('',#2366,10.);
#656=VECTOR('',#2369,10.);
#657=VECTOR('',#2372,10.);
#658=VECTOR('',#2375,10.);
#659=VECTOR('',#2380,10.);
#660=VECTOR('',#2381,10.);
#661=VECTOR('',#2384,10.);
#662=VECTOR('',#2387,10.);
#663=VECTOR('',#2388,10.);
#664=VECTOR('',#2393,10.);
#665=VECTOR('',#2396,10.);
#666=VECTOR('',#2399,10.);
#667=VECTOR('',#2402,10.);
#668=VECTOR('',#2413,10.);
#669=VECTOR('',#2414,10.);
#670=VECTOR('',#2419,10.);
#671=VECTOR('',#2424,1.6);
#672=VECTOR('',#2431,1.85);
#673=VECTOR('',#2438,1.85);
#674=VECTOR('',#2445,1.85);
#675=VECTOR('',#2452,1.85);
#676=VECTOR('',#2461,1.6);
#677=VECTOR('',#2470,1.6);
#678=VECTOR('',#2477,10.);
#679=VECTOR('',#2478,10.);
#680=VECTOR('',#2479,10.);
#681=VECTOR('',#2482,10.);
#682=VECTOR('',#2487,10.);
#683=VECTOR('',#2488,10.);
#684=VECTOR('',#2491,10.);
#685=VECTOR('',#2496,10.);
#686=VECTOR('',#2497,10.);
#687=VECTOR('',#2500,10.);
#688=VECTOR('',#2503,10.);
#689=VECTOR('',#2508,10.);
#690=VECTOR('',#2511,10.);
#691=VECTOR('',#2512,10.);
#692=VECTOR('',#2513,10.);
#693=VECTOR('',#2518,10.);
#694=VECTOR('',#2521,10.);
#695=VECTOR('',#2522,10.);
#696=VECTOR('',#2527,10.);
#697=VECTOR('',#2530,10.);
#698=VECTOR('',#2531,10.);
#699=VECTOR('',#2534,10.);
#700=VECTOR('',#2539,10.);
#701=VECTOR('',#2542,10.);
#702=VECTOR('',#2545,10.);
#703=VECTOR('',#2546,10.);
#704=VECTOR('',#2547,10.);
#705=VECTOR('',#2550,10.);
#706=VECTOR('',#2553,10.);
#707=VECTOR('',#2554,10.);
#708=VECTOR('',#2557,10.);
#709=VECTOR('',#2562,10.);
#710=VECTOR('',#2567,10.);
#711=VECTOR('',#2570,10.);
#712=VECTOR('',#2571,10.);
#713=VECTOR('',#2576,10.);
#714=VECTOR('',#2579,10.);
#715=VECTOR('',#2580,10.);
#716=VECTOR('',#2583,10.);
#717=VECTOR('',#2584,10.);
#718=VECTOR('',#2587,10.);
#719=VECTOR('',#2592,10.);
#720=VECTOR('',#2595,10.);
#721=VECTOR('',#2598,10.);
#722=VECTOR('',#2601,10.);
#723=VECTOR('',#2612,10.);
#724=VECTOR('',#2615,10.);
#725=VECTOR('',#2628,10.);
#726=VECTOR('',#2629,10.);
#727=VECTOR('',#2646,10.);
#728=VECTOR('',#2647,10.);
#729=VECTOR('',#2650,10.);
#730=VECTOR('',#2653,10.);
#731=VECTOR('',#2654,10.);
#732=VECTOR('',#2659,10.);
#733=VECTOR('',#2662,10.);
#734=VECTOR('',#2663,10.);
#735=VECTOR('',#2668,10.);
#736=VECTOR('',#2671,10.);
#737=VECTOR('',#2672,10.);
#738=VECTOR('',#2677,10.);
#739=VECTOR('',#2680,10.);
#740=VECTOR('',#2683,10.);
#741=VECTOR('',#2702,10.);
#742=VECTOR('',#2711,10.);
#743=VECTOR('',#2722,10.);
#744=VECTOR('',#2725,10.);
#745=VECTOR('',#2728,10.);
#746=VECTOR('',#2731,10.);
#747=VECTOR('',#2734,10.);
#748=VECTOR('',#2737,10.);
#749=VECTOR('',#2740,10.);
#750=VECTOR('',#2743,10.);
#751=VECTOR('',#2748,10.);
#752=VECTOR('',#2751,10.);
#753=VECTOR('',#2770,10.);
#754=VECTOR('',#2771,10.);
#755=VECTOR('',#2782,10.);
#756=VECTOR('',#2785,10.);
#757=VECTOR('',#2796,10.);
#758=VECTOR('',#2799,10.);
#759=VECTOR('',#2810,10.);
#760=VECTOR('',#2811,10.);
#761=VECTOR('',#2814,10.);
#762=VECTOR('',#2815,10.);
#763=VECTOR('',#2820,10.);
#764=VECTOR('',#2823,10.);
#765=VECTOR('',#2824,10.);
#766=VECTOR('',#2829,10.);
#767=VECTOR('',#2832,10.);
#768=VECTOR('',#2833,10.);
#769=VECTOR('',#2838,10.);
#770=VECTOR('',#2841,10.);
#771=VECTOR('',#2842,10.);
#772=VECTOR('',#2847,10.);
#773=VECTOR('',#2850,10.);
#774=VECTOR('',#2861,10.);
#775=VECTOR('',#2864,10.);
#776=VECTOR('',#2875,10.);
#777=VECTOR('',#2878,10.);
#778=VECTOR('',#2891,10.);
#779=VECTOR('',#2892,10.);
#780=VECTOR('',#2903,10.);
#781=VECTOR('',#2904,10.);
#782=VECTOR('',#2907,10.);
#783=VECTOR('',#2910,10.);
#784=VECTOR('',#2919,10.);
#785=VECTOR('',#2920,10.);
#786=VECTOR('',#2923,10.);
#787=VECTOR('',#2926,10.);
#788=VECTOR('',#2929,10.);
#789=VECTOR('',#2932,10.);
#790=VECTOR('',#2935,10.);
#791=VECTOR('',#2942,10.);
#792=VECTOR('',#2943,10.);
#793=VECTOR('',#2946,10.);
#794=VECTOR('',#2949,10.);
#795=VECTOR('',#2952,10.);
#796=VECTOR('',#2953,10.);
#797=VECTOR('',#2956,10.);
#798=VECTOR('',#2959,10.);
#799=VECTOR('',#2962,10.);
#800=VECTOR('',#2967,10.);
#801=VECTOR('',#2976,10.);
#802=VECTOR('',#2979,10.);
#803=VECTOR('',#2982,10.);
#804=VECTOR('',#2985,10.);
#805=VECTOR('',#2988,10.);
#806=VECTOR('',#2993,10.);
#807=VECTOR('',#2996,10.);
#808=VECTOR('',#2999,10.);
#809=ELLIPSE('',#2096,4.2426406871191,3.);
#810=ELLIPSE('',#2097,4.2426406871191,3.);
#811=ELLIPSE('',#2104,6.06217782649112,3.5);
#812=ELLIPSE('',#2105,6.06217782649112,3.5);
#813=ELLIPSE('',#2108,6.06217782649109,3.5);
#814=ELLIPSE('',#2109,6.06217782649109,3.5);
#815=ELLIPSE('',#2198,5.19615242270667,3.);
#816=ELLIPSE('',#2199,7.34846922834956,6.00000000000001);
#817=ELLIPSE('',#2202,5.19615242270668,3.);
#818=ELLIPSE('',#2203,7.34846922834957,6.);
#819=ELLIPSE('',#2206,0.866025403784446,0.5);
#820=ELLIPSE('',#2208,4.12310562561766,4.);
#821=ELLIPSE('',#2218,3.57071421427143,3.50000000000001);
#822=ELLIPSE('',#2220,3.57071421427143,3.50000000000001);
#823=ELLIPSE('',#2223,1.41421356237309,1.);
#824=ELLIPSE('',#2246,5.19615242270662,3.);
#825=ELLIPSE('',#2247,7.34846922834952,6.00000000000001);
#826=ELLIPSE('',#2250,5.19615242270662,3.);
#827=ELLIPSE('',#2251,7.34846922834953,6.00000000000001);
#828=ELLIPSE('',#2273,10.3923048454133,6.);
#829=ELLIPSE('',#2303,4.12310562561766,4.);
#830=ELLIPSE('',#2304,1.4142135623731,1.);
#831=ELLIPSE('',#2309,3.57071421427143,3.50000000000003);
#832=ELLIPSE('',#2310,0.866025403784428,0.5);
#833=ELLIPSE('',#2311,3.57071421427143,3.50000000000003);
#834=ELLIPSE('',#2322,10.3923048454134,6.);
#835=VERTEX_POINT('',#3004);
#836=VERTEX_POINT('',#3005);
#837=VERTEX_POINT('',#3007);
#838=VERTEX_POINT('',#3009);
#839=VERTEX_POINT('',#3011);
#840=VERTEX_POINT('',#3013);
#841=VERTEX_POINT('',#3015);
#842=VERTEX_POINT('',#3017);
#843=VERTEX_POINT('',#3021);
#844=VERTEX_POINT('',#3023);
#845=VERTEX_POINT('',#3025);
#846=VERTEX_POINT('',#3027);
#847=VERTEX_POINT('',#3029);
#848=VERTEX_POINT('',#3031);
#849=VERTEX_POINT('',#3035);
#850=VERTEX_POINT('',#3037);
#851=VERTEX_POINT('',#3039);
#852=VERTEX_POINT('',#3041);
#853=VERTEX_POINT('',#3043);
#854=VERTEX_POINT('',#3045);
#855=VERTEX_POINT('',#3047);
#856=VERTEX_POINT('',#3066);
#857=VERTEX_POINT('',#3068);
#858=VERTEX_POINT('',#3070);
#859=VERTEX_POINT('',#3072);
#860=VERTEX_POINT('',#3074);
#861=VERTEX_POINT('',#3076);
#862=VERTEX_POINT('',#3078);
#863=VERTEX_POINT('',#3080);
#864=VERTEX_POINT('',#3082);
#865=VERTEX_POINT('',#3084);
#866=VERTEX_POINT('',#3103);
#867=VERTEX_POINT('',#3105);
#868=VERTEX_POINT('',#3107);
#869=VERTEX_POINT('',#3109);
#870=VERTEX_POINT('',#3111);
#871=VERTEX_POINT('',#3113);
#872=VERTEX_POINT('',#3115);
#873=VERTEX_POINT('',#3118);
#874=VERTEX_POINT('',#3120);
#875=VERTEX_POINT('',#3122);
#876=VERTEX_POINT('',#3124);
#877=VERTEX_POINT('',#3127);
#878=VERTEX_POINT('',#3131);
#879=VERTEX_POINT('',#3135);
#880=VERTEX_POINT('',#3137);
#881=VERTEX_POINT('',#3142);
#882=VERTEX_POINT('',#3147);
#883=VERTEX_POINT('',#3152);
#884=VERTEX_POINT('',#3157);
#885=VERTEX_POINT('',#3162);
#886=VERTEX_POINT('',#3164);
#887=VERTEX_POINT('',#3169);
#888=VERTEX_POINT('',#3171);
#889=VERTEX_POINT('',#3176);
#890=VERTEX_POINT('',#3178);
#891=VERTEX_POINT('',#3182);
#892=VERTEX_POINT('',#3186);
#893=VERTEX_POINT('',#3190);
#894=VERTEX_POINT('',#3194);
#895=VERTEX_POINT('',#3198);
#896=VERTEX_POINT('',#3199);
#897=VERTEX_POINT('',#3206);
#898=VERTEX_POINT('',#3208);
#899=VERTEX_POINT('',#3210);
#900=VERTEX_POINT('',#3214);
#901=VERTEX_POINT('',#3216);
#902=VERTEX_POINT('',#3218);
#903=VERTEX_POINT('',#3220);
#904=VERTEX_POINT('',#3224);
#905=VERTEX_POINT('',#3228);
#906=VERTEX_POINT('',#3232);
#907=VERTEX_POINT('',#3236);
#908=VERTEX_POINT('',#3238);
#909=VERTEX_POINT('',#3240);
#910=VERTEX_POINT('',#3242);
#911=VERTEX_POINT('',#3246);
#912=VERTEX_POINT('',#3248);
#913=VERTEX_POINT('',#3252);
#914=VERTEX_POINT('',#3254);
#915=VERTEX_POINT('',#3260);
#916=VERTEX_POINT('',#3264);
#917=VERTEX_POINT('',#3270);
#918=VERTEX_POINT('',#3274);
#919=VERTEX_POINT('',#3278);
#920=VERTEX_POINT('',#3282);
#921=VERTEX_POINT('',#3286);
#922=VERTEX_POINT('',#3290);
#923=VERTEX_POINT('',#3298);
#924=VERTEX_POINT('',#3300);
#925=VERTEX_POINT('',#3304);
#926=VERTEX_POINT('',#3306);
#927=VERTEX_POINT('',#3310);
#928=VERTEX_POINT('',#3312);
#929=VERTEX_POINT('',#3316);
#930=VERTEX_POINT('',#3318);
#931=VERTEX_POINT('',#3322);
#932=VERTEX_POINT('',#3323);
#933=VERTEX_POINT('',#3343);
#934=VERTEX_POINT('',#3344);
#935=VERTEX_POINT('',#3376);
#936=VERTEX_POINT('',#3377);
#937=VERTEX_POINT('',#3409);
#938=VERTEX_POINT('',#3410);
#939=VERTEX_POINT('',#3418);
#940=VERTEX_POINT('',#3420);
#941=VERTEX_POINT('',#3422);
#942=VERTEX_POINT('',#3426);
#943=VERTEX_POINT('',#3430);
#944=VERTEX_POINT('',#3434);
#945=VERTEX_POINT('',#3438);
#946=VERTEX_POINT('',#3442);
#947=VERTEX_POINT('',#3448);
#948=VERTEX_POINT('',#3476);
#949=VERTEX_POINT('',#3510);
#950=VERTEX_POINT('',#3512);
#951=VERTEX_POINT('',#3516);
#952=VERTEX_POINT('',#3520);
#953=VERTEX_POINT('',#3524);
#954=VERTEX_POINT('',#3528);
#955=VERTEX_POINT('',#3549);
#956=VERTEX_POINT('',#3551);
#957=VERTEX_POINT('',#3570);
#958=VERTEX_POINT('',#3571);
#959=VERTEX_POINT('',#3603);
#960=VERTEX_POINT('',#3604);
#961=VERTEX_POINT('',#3636);
#962=VERTEX_POINT('',#3637);
#963=VERTEX_POINT('',#3642);
#964=VERTEX_POINT('',#3643);
#965=VERTEX_POINT('',#3648);
#966=VERTEX_POINT('',#3650);
#967=VERTEX_POINT('',#3654);
#968=VERTEX_POINT('',#3656);
#969=VERTEX_POINT('',#3660);
#970=VERTEX_POINT('',#3662);
#971=VERTEX_POINT('',#3666);
#972=VERTEX_POINT('',#3668);
#973=VERTEX_POINT('',#3672);
#974=VERTEX_POINT('',#3674);
#975=VERTEX_POINT('',#3681);
#976=VERTEX_POINT('',#3685);
#977=VERTEX_POINT('',#3689);
#978=VERTEX_POINT('',#3693);
#979=VERTEX_POINT('',#3697);
#980=VERTEX_POINT('',#3701);
#981=VERTEX_POINT('',#3705);
#982=VERTEX_POINT('',#3709);
#983=VERTEX_POINT('',#3715);
#984=VERTEX_POINT('',#3717);
#985=VERTEX_POINT('',#3721);
#986=VERTEX_POINT('',#3723);
#987=VERTEX_POINT('',#3727);
#988=VERTEX_POINT('',#3729);
#989=VERTEX_POINT('',#3733);
#990=VERTEX_POINT('',#3735);
#991=VERTEX_POINT('',#3739);
#992=VERTEX_POINT('',#3741);
#993=VERTEX_POINT('',#3745);
#994=VERTEX_POINT('',#3746);
#995=VERTEX_POINT('',#3780);
#996=VERTEX_POINT('',#3781);
#997=VERTEX_POINT('',#3786);
#998=VERTEX_POINT('',#3787);
#999=VERTEX_POINT('',#3792);
#1000=VERTEX_POINT('',#3794);
#1001=VERTEX_POINT('',#3844);
#1002=VERTEX_POINT('',#3846);
#1003=VERTEX_POINT('',#3850);
#1004=VERTEX_POINT('',#3855);
#1005=VERTEX_POINT('',#3857);
#1006=VERTEX_POINT('',#3859);
#1007=EDGE_CURVE('',#835,#836,#809,.T.);
#1008=EDGE_CURVE('',#837,#835,#481,.T.);
#1009=EDGE_CURVE('',#838,#837,#482,.T.);
#1010=EDGE_CURVE('',#839,#838,#483,.T.);
#1011=EDGE_CURVE('',#840,#839,#484,.T.);
#1012=EDGE_CURVE('',#841,#840,#485,.T.);
#1013=EDGE_CURVE('',#842,#841,#810,.T.);
#1014=EDGE_CURVE('',#836,#842,#486,.T.);
#1015=EDGE_CURVE('',#838,#843,#487,.T.);
#1016=EDGE_CURVE('',#843,#844,#488,.T.);
#1017=EDGE_CURVE('',#844,#845,#110,.T.);
#1018=EDGE_CURVE('',#846,#845,#489,.T.);
#1019=EDGE_CURVE('',#846,#847,#111,.T.);
#1020=EDGE_CURVE('',#847,#848,#490,.T.);
#1021=EDGE_CURVE('',#848,#839,#491,.T.);
#1022=EDGE_CURVE('',#848,#849,#492,.T.);
#1023=EDGE_CURVE('',#849,#850,#112,.T.);
#1024=EDGE_CURVE('',#850,#851,#493,.T.);
#1025=EDGE_CURVE('',#851,#852,#113,.T.);
#1026=EDGE_CURVE('',#852,#853,#494,.T.);
#1027=EDGE_CURVE('',#853,#854,#811,.T.);
#1028=EDGE_CURVE('',#854,#855,#104,.T.);
#1029=EDGE_CURVE('',#855,#856,#812,.T.);
#1030=EDGE_CURVE('',#856,#857,#495,.T.);
#1031=EDGE_CURVE('',#857,#858,#496,.T.);
#1032=EDGE_CURVE('',#858,#859,#114,.T.);
#1033=EDGE_CURVE('',#859,#860,#497,.T.);
#1034=EDGE_CURVE('',#860,#861,#115,.T.);
#1035=EDGE_CURVE('',#861,#862,#498,.T.);
#1036=EDGE_CURVE('',#862,#863,#499,.T.);
#1037=EDGE_CURVE('',#863,#864,#813,.T.);
#1038=EDGE_CURVE('',#864,#865,#105,.T.);
#1039=EDGE_CURVE('',#865,#866,#814,.T.);
#1040=EDGE_CURVE('',#866,#867,#500,.T.);
#1041=EDGE_CURVE('',#867,#868,#116,.T.);
#1042=EDGE_CURVE('',#868,#869,#501,.T.);
#1043=EDGE_CURVE('',#869,#870,#117,.T.);
#1044=EDGE_CURVE('',#870,#871,#502,.T.);
#1045=EDGE_CURVE('',#871,#872,#118,.T.);
#1046=EDGE_CURVE('',#872,#840,#503,.T.);
#1047=EDGE_CURVE('',#873,#873,#119,.T.);
#1048=EDGE_CURVE('',#874,#874,#120,.T.);
#1049=EDGE_CURVE('',#875,#875,#121,.T.);
#1050=EDGE_CURVE('',#876,#876,#122,.T.);
#1051=EDGE_CURVE('',#872,#877,#504,.T.);
#1052=EDGE_CURVE('',#877,#841,#505,.T.);
#1053=EDGE_CURVE('',#878,#877,#123,.T.);
#1054=EDGE_CURVE('',#842,#878,#506,.T.);
#1055=EDGE_CURVE('',#879,#879,#124,.T.);
#1056=EDGE_CURVE('',#879,#880,#507,.T.);
#1057=EDGE_CURVE('',#880,#880,#125,.T.);
#1058=EDGE_CURVE('',#876,#881,#508,.T.);
#1059=EDGE_CURVE('',#881,#881,#126,.T.);
#1060=EDGE_CURVE('',#875,#882,#509,.T.);
#1061=EDGE_CURVE('',#882,#882,#127,.T.);
#1062=EDGE_CURVE('',#874,#883,#510,.T.);
#1063=EDGE_CURVE('',#883,#883,#128,.T.);
#1064=EDGE_CURVE('',#873,#884,#511,.T.);
#1065=EDGE_CURVE('',#884,#884,#129,.T.);
#1066=EDGE_CURVE('',#885,#885,#130,.T.);
#1067=EDGE_CURVE('',#885,#886,#512,.T.);
#1068=EDGE_CURVE('',#886,#886,#131,.T.);
#1069=EDGE_CURVE('',#887,#887,#132,.T.);
#1070=EDGE_CURVE('',#887,#888,#513,.T.);
#1071=EDGE_CURVE('',#888,#888,#133,.T.);
#1072=EDGE_CURVE('',#889,#857,#514,.T.);
#1073=EDGE_CURVE('',#890,#889,#53,.T.);
#1074=EDGE_CURVE('',#891,#890,#515,.T.);
#1075=EDGE_CURVE('',#858,#891,#516,.T.);
#1076=EDGE_CURVE('',#859,#892,#517,.T.);
#1077=EDGE_CURVE('',#892,#891,#134,.T.);
#1078=EDGE_CURVE('',#893,#892,#518,.T.);
#1079=EDGE_CURVE('',#860,#893,#519,.T.);
#1080=EDGE_CURVE('',#861,#894,#520,.T.);
#1081=EDGE_CURVE('',#894,#893,#135,.T.);
#1082=EDGE_CURVE('',#895,#896,#54,.T.);
#1083=EDGE_CURVE('',#862,#895,#521,.T.);
#1084=EDGE_CURVE('',#896,#894,#522,.T.);
#1085=EDGE_CURVE('',#889,#897,#523,.T.);
#1086=EDGE_CURVE('',#898,#897,#136,.T.);
#1087=EDGE_CURVE('',#899,#898,#524,.T.);
#1088=EDGE_CURVE('',#890,#899,#137,.T.);
#1089=EDGE_CURVE('',#899,#900,#525,.T.);
#1090=EDGE_CURVE('',#900,#901,#138,.T.);
#1091=EDGE_CURVE('',#901,#902,#526,.T.);
#1092=EDGE_CURVE('',#902,#903,#527,.T.);
#1093=EDGE_CURVE('',#903,#891,#528,.T.);
#1094=EDGE_CURVE('',#903,#904,#139,.T.);
#1095=EDGE_CURVE('',#892,#904,#529,.T.);
#1096=EDGE_CURVE('',#904,#905,#530,.T.);
#1097=EDGE_CURVE('',#905,#893,#531,.T.);
#1098=EDGE_CURVE('',#905,#906,#140,.T.);
#1099=EDGE_CURVE('',#894,#906,#532,.T.);
#1100=EDGE_CURVE('',#906,#907,#533,.T.);
#1101=EDGE_CURVE('',#907,#908,#534,.T.);
#1102=EDGE_CURVE('',#908,#909,#141,.T.);
#1103=EDGE_CURVE('',#909,#910,#535,.T.);
#1104=EDGE_CURVE('',#910,#896,#142,.T.);
#1105=EDGE_CURVE('',#910,#911,#536,.T.);
#1106=EDGE_CURVE('',#912,#911,#143,.T.);
#1107=EDGE_CURVE('',#895,#912,#537,.T.);
#1108=EDGE_CURVE('',#913,#902,#538,.T.);
#1109=EDGE_CURVE('',#914,#913,#539,.T.);
#1110=EDGE_CURVE('',#903,#914,#540,.T.);
#1111=EDGE_CURVE('',#897,#857,#541,.T.);
#1112=EDGE_CURVE('',#900,#915,#542,.T.);
#1113=EDGE_CURVE('',#915,#898,#543,.T.);
#1114=EDGE_CURVE('',#901,#916,#544,.T.);
#1115=EDGE_CURVE('',#916,#915,#144,.T.);
#1116=EDGE_CURVE('',#913,#916,#545,.T.);
#1117=EDGE_CURVE('',#917,#914,#145,.T.);
#1118=EDGE_CURVE('',#904,#917,#546,.T.);
#1119=EDGE_CURVE('',#905,#918,#547,.T.);
#1120=EDGE_CURVE('',#918,#917,#548,.T.);
#1121=EDGE_CURVE('',#919,#918,#146,.T.);
#1122=EDGE_CURVE('',#906,#919,#549,.T.);
#1123=EDGE_CURVE('',#920,#919,#550,.T.);
#1124=EDGE_CURVE('',#907,#920,#551,.T.);
#1125=EDGE_CURVE('',#921,#920,#552,.T.);
#1126=EDGE_CURVE('',#908,#921,#553,.T.);
#1127=EDGE_CURVE('',#909,#922,#554,.T.);
#1128=EDGE_CURVE('',#922,#921,#147,.T.);
#1129=EDGE_CURVE('',#911,#922,#555,.T.);
#1130=EDGE_CURVE('',#862,#912,#556,.T.);
#1131=EDGE_CURVE('',#923,#844,#557,.T.);
#1132=EDGE_CURVE('',#924,#923,#148,.T.);
#1133=EDGE_CURVE('',#845,#924,#558,.T.);
#1134=EDGE_CURVE('',#925,#923,#149,.T.);
#1135=EDGE_CURVE('',#926,#925,#150,.T.);
#1136=EDGE_CURVE('',#924,#926,#151,.T.);
#1137=EDGE_CURVE('',#927,#925,#559,.T.);
#1138=EDGE_CURVE('',#928,#927,#152,.T.);
#1139=EDGE_CURVE('',#926,#928,#560,.T.);
#1140=EDGE_CURVE('',#929,#927,#153,.T.);
#1141=EDGE_CURVE('',#930,#929,#154,.T.);
#1142=EDGE_CURVE('',#928,#930,#155,.T.);
#1143=EDGE_CURVE('',#931,#932,#156,.T.);
#1144=EDGE_CURVE('',#930,#931,#561,.T.);
#1145=EDGE_CURVE('',#932,#929,#562,.T.);
#1146=EDGE_CURVE('',#933,#934,#157,.T.);
#1147=EDGE_CURVE('',#931,#933,#815,.T.);
#1148=EDGE_CURVE('',#934,#932,#816,.T.);
#1149=EDGE_CURVE('',#935,#936,#158,.T.);
#1150=EDGE_CURVE('',#933,#935,#106,.T.);
#1151=EDGE_CURVE('',#936,#934,#107,.T.);
#1152=EDGE_CURVE('',#937,#938,#159,.T.);
#1153=EDGE_CURVE('',#935,#937,#817,.T.);
#1154=EDGE_CURVE('',#938,#936,#818,.T.);
#1155=EDGE_CURVE('',#937,#915,#563,.T.);
#1156=EDGE_CURVE('',#916,#938,#564,.T.);
#1157=EDGE_CURVE('',#898,#939,#565,.T.);
#1158=EDGE_CURVE('',#939,#940,#819,.T.);
#1159=EDGE_CURVE('',#940,#941,#566,.T.);
#1160=EDGE_CURVE('',#941,#935,#567,.T.);
#1161=EDGE_CURVE('',#941,#942,#820,.T.);
#1162=EDGE_CURVE('',#933,#942,#568,.T.);
#1163=EDGE_CURVE('',#942,#943,#569,.T.);
#1164=EDGE_CURVE('',#943,#930,#570,.T.);
#1165=EDGE_CURVE('',#943,#944,#160,.T.);
#1166=EDGE_CURVE('',#928,#944,#571,.T.);
#1167=EDGE_CURVE('',#944,#945,#572,.T.);
#1168=EDGE_CURVE('',#945,#926,#573,.T.);
#1169=EDGE_CURVE('',#945,#946,#161,.T.);
#1170=EDGE_CURVE('',#924,#946,#574,.T.);
#1171=EDGE_CURVE('',#946,#846,#575,.T.);
#1172=EDGE_CURVE('',#947,#897,#576,.T.);
#1173=EDGE_CURVE('',#939,#947,#162,.T.);
#1174=EDGE_CURVE('',#948,#854,#821,.T.);
#1175=EDGE_CURVE('',#940,#948,#163,.T.);
#1176=EDGE_CURVE('',#855,#947,#822,.T.);
#1177=EDGE_CURVE('',#942,#949,#164,.T.);
#1178=EDGE_CURVE('',#950,#941,#165,.T.);
#1179=EDGE_CURVE('',#949,#950,#823,.T.);
#1180=EDGE_CURVE('',#943,#951,#166,.T.);
#1181=EDGE_CURVE('',#951,#949,#577,.T.);
#1182=EDGE_CURVE('',#952,#951,#167,.T.);
#1183=EDGE_CURVE('',#944,#952,#168,.T.);
#1184=EDGE_CURVE('',#953,#952,#578,.T.);
#1185=EDGE_CURVE('',#945,#953,#169,.T.);
#1186=EDGE_CURVE('',#954,#953,#170,.T.);
#1187=EDGE_CURVE('',#946,#954,#171,.T.);
#1188=EDGE_CURVE('',#847,#954,#579,.T.);
#1189=EDGE_CURVE('',#950,#948,#580,.T.);
#1190=EDGE_CURVE('',#948,#853,#581,.T.);
#1191=EDGE_CURVE('',#856,#947,#582,.T.);
#1192=EDGE_CURVE('',#951,#852,#583,.T.);
#1193=EDGE_CURVE('',#952,#851,#584,.T.);
#1194=EDGE_CURVE('',#953,#850,#585,.T.);
#1195=EDGE_CURVE('',#954,#849,#586,.T.);
#1196=EDGE_CURVE('',#955,#921,#587,.T.);
#1197=EDGE_CURVE('',#956,#955,#172,.T.);
#1198=EDGE_CURVE('',#922,#956,#588,.T.);
#1199=EDGE_CURVE('',#957,#958,#173,.T.);
#1200=EDGE_CURVE('',#956,#957,#824,.T.);
#1201=EDGE_CURVE('',#958,#955,#825,.T.);
#1202=EDGE_CURVE('',#959,#960,#174,.T.);
#1203=EDGE_CURVE('',#957,#959,#108,.T.);
#1204=EDGE_CURVE('',#960,#958,#109,.T.);
#1205=EDGE_CURVE('',#961,#962,#175,.T.);
#1206=EDGE_CURVE('',#959,#961,#826,.T.);
#1207=EDGE_CURVE('',#962,#960,#827,.T.);
#1208=EDGE_CURVE('',#963,#964,#176,.T.);
#1209=EDGE_CURVE('',#961,#963,#589,.T.);
#1210=EDGE_CURVE('',#964,#962,#590,.T.);
#1211=EDGE_CURVE('',#965,#964,#177,.T.);
#1212=EDGE_CURVE('',#966,#965,#178,.T.);
#1213=EDGE_CURVE('',#963,#966,#179,.T.);
#1214=EDGE_CURVE('',#967,#965,#591,.T.);
#1215=EDGE_CURVE('',#968,#967,#180,.T.);
#1216=EDGE_CURVE('',#966,#968,#592,.T.);
#1217=EDGE_CURVE('',#969,#967,#181,.T.);
#1218=EDGE_CURVE('',#970,#969,#182,.T.);
#1219=EDGE_CURVE('',#968,#970,#183,.T.);
#1220=EDGE_CURVE('',#971,#969,#593,.T.);
#1221=EDGE_CURVE('',#972,#971,#184,.T.);
#1222=EDGE_CURVE('',#970,#972,#594,.T.);
#1223=EDGE_CURVE('',#973,#971,#185,.T.);
#1224=EDGE_CURVE('',#974,#973,#186,.T.);
#1225=EDGE_CURVE('',#972,#974,#187,.T.);
#1226=EDGE_CURVE('',#974,#836,#595,.T.);
#1227=EDGE_CURVE('',#835,#973,#596,.T.);
#1228=EDGE_CURVE('',#975,#920,#597,.T.);
#1229=EDGE_CURVE('',#975,#955,#598,.T.);
#1230=EDGE_CURVE('',#976,#975,#828,.T.);
#1231=EDGE_CURVE('',#962,#976,#599,.T.);
#1232=EDGE_CURVE('',#977,#976,#600,.T.);
#1233=EDGE_CURVE('',#964,#977,#601,.T.);
#1234=EDGE_CURVE('',#978,#977,#188,.T.);
#1235=EDGE_CURVE('',#965,#978,#602,.T.);
#1236=EDGE_CURVE('',#979,#978,#603,.T.);
#1237=EDGE_CURVE('',#967,#979,#604,.T.);
#1238=EDGE_CURVE('',#980,#979,#189,.T.);
#1239=EDGE_CURVE('',#969,#980,#605,.T.);
#1240=EDGE_CURVE('',#981,#980,#606,.T.);
#1241=EDGE_CURVE('',#971,#981,#607,.T.);
#1242=EDGE_CURVE('',#982,#981,#190,.T.);
#1243=EDGE_CURVE('',#973,#982,#608,.T.);
#1244=EDGE_CURVE('',#837,#982,#609,.T.);
#1245=EDGE_CURVE('',#983,#877,#191,.T.);
#1246=EDGE_CURVE('',#984,#983,#192,.T.);
#1247=EDGE_CURVE('',#878,#984,#193,.T.);
#1248=EDGE_CURVE('',#985,#983,#610,.T.);
#1249=EDGE_CURVE('',#986,#985,#194,.T.);
#1250=EDGE_CURVE('',#984,#986,#611,.T.);
#1251=EDGE_CURVE('',#987,#985,#195,.T.);
#1252=EDGE_CURVE('',#988,#987,#196,.T.);
#1253=EDGE_CURVE('',#986,#988,#197,.T.);
#1254=EDGE_CURVE('',#989,#987,#612,.T.);
#1255=EDGE_CURVE('',#990,#989,#198,.T.);
#1256=EDGE_CURVE('',#988,#990,#613,.T.);
#1257=EDGE_CURVE('',#991,#989,#199,.T.);
#1258=EDGE_CURVE('',#992,#991,#200,.T.);
#1259=EDGE_CURVE('',#990,#992,#201,.T.);
#1260=EDGE_CURVE('',#993,#994,#202,.T.);
#1261=EDGE_CURVE('',#992,#993,#614,.T.);
#1262=EDGE_CURVE('',#994,#991,#615,.T.);
#1263=EDGE_CURVE('',#995,#996,#203,.T.);
#1264=EDGE_CURVE('',#993,#995,#829,.T.);
#1265=EDGE_CURVE('',#996,#994,#830,.T.);
#1266=EDGE_CURVE('',#997,#998,#204,.T.);
#1267=EDGE_CURVE('',#995,#997,#616,.T.);
#1268=EDGE_CURVE('',#998,#996,#617,.T.);
#1269=EDGE_CURVE('',#999,#911,#618,.T.);
#1270=EDGE_CURVE('',#1000,#999,#205,.T.);
#1271=EDGE_CURVE('',#912,#1000,#619,.T.);
#1272=EDGE_CURVE('',#1000,#864,#831,.T.);
#1273=EDGE_CURVE('',#997,#999,#832,.T.);
#1274=EDGE_CURVE('',#865,#998,#833,.T.);
#1275=EDGE_CURVE('',#871,#983,#620,.T.);
#1276=EDGE_CURVE('',#870,#985,#621,.T.);
#1277=EDGE_CURVE('',#869,#987,#622,.T.);
#1278=EDGE_CURVE('',#868,#989,#623,.T.);
#1279=EDGE_CURVE('',#867,#991,#624,.T.);
#1280=EDGE_CURVE('',#866,#998,#625,.T.);
#1281=EDGE_CURVE('',#1000,#863,#626,.T.);
#1282=EDGE_CURVE('',#993,#959,#627,.T.);
#1283=EDGE_CURVE('',#957,#995,#628,.T.);
#1284=EDGE_CURVE('',#1001,#932,#629,.T.);
#1285=EDGE_CURVE('',#1002,#1001,#834,.T.);
#1286=EDGE_CURVE('',#938,#1002,#630,.T.);
#1287=EDGE_CURVE('',#929,#1003,#631,.T.);
#1288=EDGE_CURVE('',#1001,#1003,#632,.T.);
#1289=EDGE_CURVE('',#913,#1002,#633,.T.);
#1290=EDGE_CURVE('',#1003,#1004,#206,.T.);
#1291=EDGE_CURVE('',#1004,#1005,#634,.T.);
#1292=EDGE_CURVE('',#1005,#1006,#207,.T.);
#1293=EDGE_CURVE('',#1006,#843,#635,.T.);
#1294=EDGE_CURVE('',#963,#992,#636,.T.);
#1295=EDGE_CURVE('',#990,#966,#637,.T.);
#1296=EDGE_CURVE('',#968,#988,#638,.T.);
#1297=EDGE_CURVE('',#986,#970,#639,.T.);
#1298=EDGE_CURVE('',#972,#984,#640,.T.);
#1299=EDGE_CURVE('',#878,#974,#641,.T.);
#1300=EDGE_CURVE('',#923,#1006,#642,.T.);
#1301=EDGE_CURVE('',#925,#1005,#643,.T.);
#1302=EDGE_CURVE('',#927,#1004,#644,.T.);
#1303=ORIENTED_EDGE('',*,*,#1007,.F.);
#1304=ORIENTED_EDGE('',*,*,#1008,.F.);
#1305=ORIENTED_EDGE('',*,*,#1009,.F.);
#1306=ORIENTED_EDGE('',*,*,#1010,.F.);
#1307=ORIENTED_EDGE('',*,*,#1011,.F.);
#1308=ORIENTED_EDGE('',*,*,#1012,.F.);
#1309=ORIENTED_EDGE('',*,*,#1013,.F.);
#1310=ORIENTED_EDGE('',*,*,#1014,.F.);
#1311=ORIENTED_EDGE('',*,*,#1010,.T.);
#1312=ORIENTED_EDGE('',*,*,#1015,.T.);
#1313=ORIENTED_EDGE('',*,*,#1016,.T.);
#1314=ORIENTED_EDGE('',*,*,#1017,.T.);
#1315=ORIENTED_EDGE('',*,*,#1018,.F.);
#1316=ORIENTED_EDGE('',*,*,#1019,.T.);
#1317=ORIENTED_EDGE('',*,*,#1020,.T.);
#1318=ORIENTED_EDGE('',*,*,#1021,.T.);
#1319=ORIENTED_EDGE('',*,*,#1011,.T.);
#1320=ORIENTED_EDGE('',*,*,#1021,.F.);
#1321=ORIENTED_EDGE('',*,*,#1022,.T.);
#1322=ORIENTED_EDGE('',*,*,#1023,.T.);
#1323=ORIENTED_EDGE('',*,*,#1024,.T.);
#1324=ORIENTED_EDGE('',*,*,#1025,.T.);
#1325=ORIENTED_EDGE('',*,*,#1026,.T.);
#1326=ORIENTED_EDGE('',*,*,#1027,.T.);
#1327=ORIENTED_EDGE('',*,*,#1028,.T.);
#1328=ORIENTED_EDGE('',*,*,#1029,.T.);
#1329=ORIENTED_EDGE('',*,*,#1030,.T.);
#1330=ORIENTED_EDGE('',*,*,#1031,.T.);
#1331=ORIENTED_EDGE('',*,*,#1032,.T.);
#1332=ORIENTED_EDGE('',*,*,#1033,.T.);
#1333=ORIENTED_EDGE('',*,*,#1034,.T.);
#1334=ORIENTED_EDGE('',*,*,#1035,.T.);
#1335=ORIENTED_EDGE('',*,*,#1036,.T.);
#1336=ORIENTED_EDGE('',*,*,#1037,.T.);
#1337=ORIENTED_EDGE('',*,*,#1038,.T.);
#1338=ORIENTED_EDGE('',*,*,#1039,.T.);
#1339=ORIENTED_EDGE('',*,*,#1040,.T.);
#1340=ORIENTED_EDGE('',*,*,#1041,.T.);
#1341=ORIENTED_EDGE('',*,*,#1042,.T.);
#1342=ORIENTED_EDGE('',*,*,#1043,.T.);
#1343=ORIENTED_EDGE('',*,*,#1044,.T.);
#1344=ORIENTED_EDGE('',*,*,#1045,.T.);
#1345=ORIENTED_EDGE('',*,*,#1046,.T.);
#1346=ORIENTED_EDGE('',*,*,#1047,.F.);
#1347=ORIENTED_EDGE('',*,*,#1048,.F.);
#1348=ORIENTED_EDGE('',*,*,#1049,.F.);
#1349=ORIENTED_EDGE('',*,*,#1050,.F.);
#1350=ORIENTED_EDGE('',*,*,#1012,.T.);
#1351=ORIENTED_EDGE('',*,*,#1046,.F.);
#1352=ORIENTED_EDGE('',*,*,#1051,.T.);
#1353=ORIENTED_EDGE('',*,*,#1052,.T.);
#1354=ORIENTED_EDGE('',*,*,#1013,.T.);
#1355=ORIENTED_EDGE('',*,*,#1052,.F.);
#1356=ORIENTED_EDGE('',*,*,#1053,.F.);
#1357=ORIENTED_EDGE('',*,*,#1054,.F.);
#1358=ORIENTED_EDGE('',*,*,#1055,.T.);
#1359=ORIENTED_EDGE('',*,*,#1056,.T.);
#1360=ORIENTED_EDGE('',*,*,#1057,.F.);
#1361=ORIENTED_EDGE('',*,*,#1056,.F.);
#1362=ORIENTED_EDGE('',*,*,#1057,.T.);
#1363=ORIENTED_EDGE('',*,*,#1050,.T.);
#1364=ORIENTED_EDGE('',*,*,#1058,.T.);
#1365=ORIENTED_EDGE('',*,*,#1059,.F.);
#1366=ORIENTED_EDGE('',*,*,#1058,.F.);
#1367=ORIENTED_EDGE('',*,*,#1059,.T.);
#1368=ORIENTED_EDGE('',*,*,#1049,.T.);
#1369=ORIENTED_EDGE('',*,*,#1060,.T.);
#1370=ORIENTED_EDGE('',*,*,#1061,.F.);
#1371=ORIENTED_EDGE('',*,*,#1060,.F.);
#1372=ORIENTED_EDGE('',*,*,#1061,.T.);
#1373=ORIENTED_EDGE('',*,*,#1048,.T.);
#1374=ORIENTED_EDGE('',*,*,#1062,.T.);
#1375=ORIENTED_EDGE('',*,*,#1063,.F.);
#1376=ORIENTED_EDGE('',*,*,#1062,.F.);
#1377=ORIENTED_EDGE('',*,*,#1063,.T.);
#1378=ORIENTED_EDGE('',*,*,#1047,.T.);
#1379=ORIENTED_EDGE('',*,*,#1064,.T.);
#1380=ORIENTED_EDGE('',*,*,#1065,.F.);
#1381=ORIENTED_EDGE('',*,*,#1064,.F.);
#1382=ORIENTED_EDGE('',*,*,#1065,.T.);
#1383=ORIENTED_EDGE('',*,*,#1066,.T.);
#1384=ORIENTED_EDGE('',*,*,#1067,.T.);
#1385=ORIENTED_EDGE('',*,*,#1068,.F.);
#1386=ORIENTED_EDGE('',*,*,#1067,.F.);
#1387=ORIENTED_EDGE('',*,*,#1068,.T.);
#1388=ORIENTED_EDGE('',*,*,#1069,.T.);
#1389=ORIENTED_EDGE('',*,*,#1070,.T.);
#1390=ORIENTED_EDGE('',*,*,#1071,.F.);
#1391=ORIENTED_EDGE('',*,*,#1070,.F.);
#1392=ORIENTED_EDGE('',*,*,#1071,.T.);
#1393=ORIENTED_EDGE('',*,*,#1072,.F.);
#1394=ORIENTED_EDGE('',*,*,#1073,.F.);
#1395=ORIENTED_EDGE('',*,*,#1074,.F.);
#1396=ORIENTED_EDGE('',*,*,#1075,.F.);
#1397=ORIENTED_EDGE('',*,*,#1031,.F.);
#1398=ORIENTED_EDGE('',*,*,#1076,.F.);
#1399=ORIENTED_EDGE('',*,*,#1032,.F.);
#1400=ORIENTED_EDGE('',*,*,#1075,.T.);
#1401=ORIENTED_EDGE('',*,*,#1077,.F.);
#1402=ORIENTED_EDGE('',*,*,#1076,.T.);
#1403=ORIENTED_EDGE('',*,*,#1078,.F.);
#1404=ORIENTED_EDGE('',*,*,#1079,.F.);
#1405=ORIENTED_EDGE('',*,*,#1033,.F.);
#1406=ORIENTED_EDGE('',*,*,#1080,.F.);
#1407=ORIENTED_EDGE('',*,*,#1034,.F.);
#1408=ORIENTED_EDGE('',*,*,#1079,.T.);
#1409=ORIENTED_EDGE('',*,*,#1081,.F.);
#1410=ORIENTED_EDGE('',*,*,#1082,.F.);
#1411=ORIENTED_EDGE('',*,*,#1083,.F.);
#1412=ORIENTED_EDGE('',*,*,#1035,.F.);
#1413=ORIENTED_EDGE('',*,*,#1080,.T.);
#1414=ORIENTED_EDGE('',*,*,#1084,.F.);
#1415=ORIENTED_EDGE('',*,*,#1073,.T.);
#1416=ORIENTED_EDGE('',*,*,#1085,.T.);
#1417=ORIENTED_EDGE('',*,*,#1086,.F.);
#1418=ORIENTED_EDGE('',*,*,#1087,.F.);
#1419=ORIENTED_EDGE('',*,*,#1088,.F.);
#1420=ORIENTED_EDGE('',*,*,#1074,.T.);
#1421=ORIENTED_EDGE('',*,*,#1088,.T.);
#1422=ORIENTED_EDGE('',*,*,#1089,.T.);
#1423=ORIENTED_EDGE('',*,*,#1090,.T.);
#1424=ORIENTED_EDGE('',*,*,#1091,.T.);
#1425=ORIENTED_EDGE('',*,*,#1092,.T.);
#1426=ORIENTED_EDGE('',*,*,#1093,.T.);
#1427=ORIENTED_EDGE('',*,*,#1077,.T.);
#1428=ORIENTED_EDGE('',*,*,#1093,.F.);
#1429=ORIENTED_EDGE('',*,*,#1094,.T.);
#1430=ORIENTED_EDGE('',*,*,#1095,.F.);
#1431=ORIENTED_EDGE('',*,*,#1078,.T.);
#1432=ORIENTED_EDGE('',*,*,#1095,.T.);
#1433=ORIENTED_EDGE('',*,*,#1096,.T.);
#1434=ORIENTED_EDGE('',*,*,#1097,.T.);
#1435=ORIENTED_EDGE('',*,*,#1081,.T.);
#1436=ORIENTED_EDGE('',*,*,#1097,.F.);
#1437=ORIENTED_EDGE('',*,*,#1098,.T.);
#1438=ORIENTED_EDGE('',*,*,#1099,.F.);
#1439=ORIENTED_EDGE('',*,*,#1084,.T.);
#1440=ORIENTED_EDGE('',*,*,#1099,.T.);
#1441=ORIENTED_EDGE('',*,*,#1100,.T.);
#1442=ORIENTED_EDGE('',*,*,#1101,.T.);
#1443=ORIENTED_EDGE('',*,*,#1102,.T.);
#1444=ORIENTED_EDGE('',*,*,#1103,.T.);
#1445=ORIENTED_EDGE('',*,*,#1104,.T.);
#1446=ORIENTED_EDGE('',*,*,#1082,.T.);
#1447=ORIENTED_EDGE('',*,*,#1104,.F.);
#1448=ORIENTED_EDGE('',*,*,#1105,.T.);
#1449=ORIENTED_EDGE('',*,*,#1106,.F.);
#1450=ORIENTED_EDGE('',*,*,#1107,.F.);
#1451=ORIENTED_EDGE('',*,*,#1092,.F.);
#1452=ORIENTED_EDGE('',*,*,#1108,.F.);
#1453=ORIENTED_EDGE('',*,*,#1109,.F.);
#1454=ORIENTED_EDGE('',*,*,#1110,.F.);
#1455=ORIENTED_EDGE('',*,*,#1072,.T.);
#1456=ORIENTED_EDGE('',*,*,#1111,.F.);
#1457=ORIENTED_EDGE('',*,*,#1085,.F.);
#1458=ORIENTED_EDGE('',*,*,#1112,.F.);
#1459=ORIENTED_EDGE('',*,*,#1089,.F.);
#1460=ORIENTED_EDGE('',*,*,#1087,.T.);
#1461=ORIENTED_EDGE('',*,*,#1113,.F.);
#1462=ORIENTED_EDGE('',*,*,#1114,.F.);
#1463=ORIENTED_EDGE('',*,*,#1090,.F.);
#1464=ORIENTED_EDGE('',*,*,#1112,.T.);
#1465=ORIENTED_EDGE('',*,*,#1115,.F.);
#1466=ORIENTED_EDGE('',*,*,#1116,.F.);
#1467=ORIENTED_EDGE('',*,*,#1108,.T.);
#1468=ORIENTED_EDGE('',*,*,#1091,.F.);
#1469=ORIENTED_EDGE('',*,*,#1114,.T.);
#1470=ORIENTED_EDGE('',*,*,#1110,.T.);
#1471=ORIENTED_EDGE('',*,*,#1117,.F.);
#1472=ORIENTED_EDGE('',*,*,#1118,.F.);
#1473=ORIENTED_EDGE('',*,*,#1094,.F.);
#1474=ORIENTED_EDGE('',*,*,#1119,.F.);
#1475=ORIENTED_EDGE('',*,*,#1096,.F.);
#1476=ORIENTED_EDGE('',*,*,#1118,.T.);
#1477=ORIENTED_EDGE('',*,*,#1120,.F.);
#1478=ORIENTED_EDGE('',*,*,#1119,.T.);
#1479=ORIENTED_EDGE('',*,*,#1121,.F.);
#1480=ORIENTED_EDGE('',*,*,#1122,.F.);
#1481=ORIENTED_EDGE('',*,*,#1098,.F.);
#1482=ORIENTED_EDGE('',*,*,#1123,.F.);
#1483=ORIENTED_EDGE('',*,*,#1124,.F.);
#1484=ORIENTED_EDGE('',*,*,#1100,.F.);
#1485=ORIENTED_EDGE('',*,*,#1122,.T.);
#1486=ORIENTED_EDGE('',*,*,#1101,.F.);
#1487=ORIENTED_EDGE('',*,*,#1124,.T.);
#1488=ORIENTED_EDGE('',*,*,#1125,.F.);
#1489=ORIENTED_EDGE('',*,*,#1126,.F.);
#1490=ORIENTED_EDGE('',*,*,#1127,.F.);
#1491=ORIENTED_EDGE('',*,*,#1102,.F.);
#1492=ORIENTED_EDGE('',*,*,#1126,.T.);
#1493=ORIENTED_EDGE('',*,*,#1128,.F.);
#1494=ORIENTED_EDGE('',*,*,#1127,.T.);
#1495=ORIENTED_EDGE('',*,*,#1129,.F.);
#1496=ORIENTED_EDGE('',*,*,#1105,.F.);
#1497=ORIENTED_EDGE('',*,*,#1103,.F.);
#1498=ORIENTED_EDGE('',*,*,#1083,.T.);
#1499=ORIENTED_EDGE('',*,*,#1107,.T.);
#1500=ORIENTED_EDGE('',*,*,#1130,.F.);
#1501=ORIENTED_EDGE('',*,*,#1017,.F.);
#1502=ORIENTED_EDGE('',*,*,#1131,.F.);
#1503=ORIENTED_EDGE('',*,*,#1132,.F.);
#1504=ORIENTED_EDGE('',*,*,#1133,.F.);
#1505=ORIENTED_EDGE('',*,*,#1132,.T.);
#1506=ORIENTED_EDGE('',*,*,#1134,.F.);
#1507=ORIENTED_EDGE('',*,*,#1135,.F.);
#1508=ORIENTED_EDGE('',*,*,#1136,.F.);
#1509=ORIENTED_EDGE('',*,*,#1135,.T.);
#1510=ORIENTED_EDGE('',*,*,#1137,.F.);
#1511=ORIENTED_EDGE('',*,*,#1138,.F.);
#1512=ORIENTED_EDGE('',*,*,#1139,.F.);
#1513=ORIENTED_EDGE('',*,*,#1138,.T.);
#1514=ORIENTED_EDGE('',*,*,#1140,.F.);
#1515=ORIENTED_EDGE('',*,*,#1141,.F.);
#1516=ORIENTED_EDGE('',*,*,#1142,.F.);
#1517=ORIENTED_EDGE('',*,*,#1143,.F.);
#1518=ORIENTED_EDGE('',*,*,#1144,.F.);
#1519=ORIENTED_EDGE('',*,*,#1141,.T.);
#1520=ORIENTED_EDGE('',*,*,#1145,.F.);
#1521=ORIENTED_EDGE('',*,*,#1146,.F.);
#1522=ORIENTED_EDGE('',*,*,#1147,.F.);
#1523=ORIENTED_EDGE('',*,*,#1143,.T.);
#1524=ORIENTED_EDGE('',*,*,#1148,.F.);
#1525=ORIENTED_EDGE('',*,*,#1149,.F.);
#1526=ORIENTED_EDGE('',*,*,#1150,.F.);
#1527=ORIENTED_EDGE('',*,*,#1146,.T.);
#1528=ORIENTED_EDGE('',*,*,#1151,.F.);
#1529=ORIENTED_EDGE('',*,*,#1152,.F.);
#1530=ORIENTED_EDGE('',*,*,#1153,.F.);
#1531=ORIENTED_EDGE('',*,*,#1149,.T.);
#1532=ORIENTED_EDGE('',*,*,#1154,.F.);
#1533=ORIENTED_EDGE('',*,*,#1115,.T.);
#1534=ORIENTED_EDGE('',*,*,#1155,.F.);
#1535=ORIENTED_EDGE('',*,*,#1152,.T.);
#1536=ORIENTED_EDGE('',*,*,#1156,.F.);
#1537=ORIENTED_EDGE('',*,*,#1113,.T.);
#1538=ORIENTED_EDGE('',*,*,#1157,.T.);
#1539=ORIENTED_EDGE('',*,*,#1158,.T.);
#1540=ORIENTED_EDGE('',*,*,#1159,.T.);
#1541=ORIENTED_EDGE('',*,*,#1160,.T.);
#1542=ORIENTED_EDGE('',*,*,#1153,.T.);
#1543=ORIENTED_EDGE('',*,*,#1155,.T.);
#1544=ORIENTED_EDGE('',*,*,#1150,.T.);
#1545=ORIENTED_EDGE('',*,*,#1160,.F.);
#1546=ORIENTED_EDGE('',*,*,#1161,.T.);
#1547=ORIENTED_EDGE('',*,*,#1162,.F.);
#1548=ORIENTED_EDGE('',*,*,#1147,.T.);
#1549=ORIENTED_EDGE('',*,*,#1162,.T.);
#1550=ORIENTED_EDGE('',*,*,#1163,.T.);
#1551=ORIENTED_EDGE('',*,*,#1164,.T.);
#1552=ORIENTED_EDGE('',*,*,#1144,.T.);
#1553=ORIENTED_EDGE('',*,*,#1142,.T.);
#1554=ORIENTED_EDGE('',*,*,#1164,.F.);
#1555=ORIENTED_EDGE('',*,*,#1165,.T.);
#1556=ORIENTED_EDGE('',*,*,#1166,.F.);
#1557=ORIENTED_EDGE('',*,*,#1139,.T.);
#1558=ORIENTED_EDGE('',*,*,#1166,.T.);
#1559=ORIENTED_EDGE('',*,*,#1167,.T.);
#1560=ORIENTED_EDGE('',*,*,#1168,.T.);
#1561=ORIENTED_EDGE('',*,*,#1136,.T.);
#1562=ORIENTED_EDGE('',*,*,#1168,.F.);
#1563=ORIENTED_EDGE('',*,*,#1169,.T.);
#1564=ORIENTED_EDGE('',*,*,#1170,.F.);
#1565=ORIENTED_EDGE('',*,*,#1133,.T.);
#1566=ORIENTED_EDGE('',*,*,#1170,.T.);
#1567=ORIENTED_EDGE('',*,*,#1171,.T.);
#1568=ORIENTED_EDGE('',*,*,#1018,.T.);
#1569=ORIENTED_EDGE('',*,*,#1086,.T.);
#1570=ORIENTED_EDGE('',*,*,#1172,.F.);
#1571=ORIENTED_EDGE('',*,*,#1173,.F.);
#1572=ORIENTED_EDGE('',*,*,#1157,.F.);
#1573=ORIENTED_EDGE('',*,*,#1028,.F.);
#1574=ORIENTED_EDGE('',*,*,#1174,.F.);
#1575=ORIENTED_EDGE('',*,*,#1175,.F.);
#1576=ORIENTED_EDGE('',*,*,#1158,.F.);
#1577=ORIENTED_EDGE('',*,*,#1173,.T.);
#1578=ORIENTED_EDGE('',*,*,#1176,.F.);
#1579=ORIENTED_EDGE('',*,*,#1177,.F.);
#1580=ORIENTED_EDGE('',*,*,#1161,.F.);
#1581=ORIENTED_EDGE('',*,*,#1178,.F.);
#1582=ORIENTED_EDGE('',*,*,#1179,.F.);
#1583=ORIENTED_EDGE('',*,*,#1180,.F.);
#1584=ORIENTED_EDGE('',*,*,#1163,.F.);
#1585=ORIENTED_EDGE('',*,*,#1177,.T.);
#1586=ORIENTED_EDGE('',*,*,#1181,.F.);
#1587=ORIENTED_EDGE('',*,*,#1180,.T.);
#1588=ORIENTED_EDGE('',*,*,#1182,.F.);
#1589=ORIENTED_EDGE('',*,*,#1183,.F.);
#1590=ORIENTED_EDGE('',*,*,#1165,.F.);
#1591=ORIENTED_EDGE('',*,*,#1183,.T.);
#1592=ORIENTED_EDGE('',*,*,#1184,.F.);
#1593=ORIENTED_EDGE('',*,*,#1185,.F.);
#1594=ORIENTED_EDGE('',*,*,#1167,.F.);
#1595=ORIENTED_EDGE('',*,*,#1185,.T.);
#1596=ORIENTED_EDGE('',*,*,#1186,.F.);
#1597=ORIENTED_EDGE('',*,*,#1187,.F.);
#1598=ORIENTED_EDGE('',*,*,#1169,.F.);
#1599=ORIENTED_EDGE('',*,*,#1019,.F.);
#1600=ORIENTED_EDGE('',*,*,#1171,.F.);
#1601=ORIENTED_EDGE('',*,*,#1187,.T.);
#1602=ORIENTED_EDGE('',*,*,#1188,.F.);
#1603=ORIENTED_EDGE('',*,*,#1178,.T.);
#1604=ORIENTED_EDGE('',*,*,#1159,.F.);
#1605=ORIENTED_EDGE('',*,*,#1175,.T.);
#1606=ORIENTED_EDGE('',*,*,#1189,.F.);
#1607=ORIENTED_EDGE('',*,*,#1174,.T.);
#1608=ORIENTED_EDGE('',*,*,#1027,.F.);
#1609=ORIENTED_EDGE('',*,*,#1190,.F.);
#1610=ORIENTED_EDGE('',*,*,#1176,.T.);
#1611=ORIENTED_EDGE('',*,*,#1191,.F.);
#1612=ORIENTED_EDGE('',*,*,#1029,.F.);
#1613=ORIENTED_EDGE('',*,*,#1189,.T.);
#1614=ORIENTED_EDGE('',*,*,#1190,.T.);
#1615=ORIENTED_EDGE('',*,*,#1026,.F.);
#1616=ORIENTED_EDGE('',*,*,#1192,.F.);
#1617=ORIENTED_EDGE('',*,*,#1181,.T.);
#1618=ORIENTED_EDGE('',*,*,#1179,.T.);
#1619=ORIENTED_EDGE('',*,*,#1182,.T.);
#1620=ORIENTED_EDGE('',*,*,#1192,.T.);
#1621=ORIENTED_EDGE('',*,*,#1025,.F.);
#1622=ORIENTED_EDGE('',*,*,#1193,.F.);
#1623=ORIENTED_EDGE('',*,*,#1184,.T.);
#1624=ORIENTED_EDGE('',*,*,#1193,.T.);
#1625=ORIENTED_EDGE('',*,*,#1024,.F.);
#1626=ORIENTED_EDGE('',*,*,#1194,.F.);
#1627=ORIENTED_EDGE('',*,*,#1186,.T.);
#1628=ORIENTED_EDGE('',*,*,#1194,.T.);
#1629=ORIENTED_EDGE('',*,*,#1023,.F.);
#1630=ORIENTED_EDGE('',*,*,#1195,.F.);
#1631=ORIENTED_EDGE('',*,*,#1188,.T.);
#1632=ORIENTED_EDGE('',*,*,#1195,.T.);
#1633=ORIENTED_EDGE('',*,*,#1022,.F.);
#1634=ORIENTED_EDGE('',*,*,#1020,.F.);
#1635=ORIENTED_EDGE('',*,*,#1128,.T.);
#1636=ORIENTED_EDGE('',*,*,#1196,.F.);
#1637=ORIENTED_EDGE('',*,*,#1197,.F.);
#1638=ORIENTED_EDGE('',*,*,#1198,.F.);
#1639=ORIENTED_EDGE('',*,*,#1199,.F.);
#1640=ORIENTED_EDGE('',*,*,#1200,.F.);
#1641=ORIENTED_EDGE('',*,*,#1197,.T.);
#1642=ORIENTED_EDGE('',*,*,#1201,.F.);
#1643=ORIENTED_EDGE('',*,*,#1202,.F.);
#1644=ORIENTED_EDGE('',*,*,#1203,.F.);
#1645=ORIENTED_EDGE('',*,*,#1199,.T.);
#1646=ORIENTED_EDGE('',*,*,#1204,.F.);
#1647=ORIENTED_EDGE('',*,*,#1205,.F.);
#1648=ORIENTED_EDGE('',*,*,#1206,.F.);
#1649=ORIENTED_EDGE('',*,*,#1202,.T.);
#1650=ORIENTED_EDGE('',*,*,#1207,.F.);
#1651=ORIENTED_EDGE('',*,*,#1208,.F.);
#1652=ORIENTED_EDGE('',*,*,#1209,.F.);
#1653=ORIENTED_EDGE('',*,*,#1205,.T.);
#1654=ORIENTED_EDGE('',*,*,#1210,.F.);
#1655=ORIENTED_EDGE('',*,*,#1208,.T.);
#1656=ORIENTED_EDGE('',*,*,#1211,.F.);
#1657=ORIENTED_EDGE('',*,*,#1212,.F.);
#1658=ORIENTED_EDGE('',*,*,#1213,.F.);
#1659=ORIENTED_EDGE('',*,*,#1212,.T.);
#1660=ORIENTED_EDGE('',*,*,#1214,.F.);
#1661=ORIENTED_EDGE('',*,*,#1215,.F.);
#1662=ORIENTED_EDGE('',*,*,#1216,.F.);
#1663=ORIENTED_EDGE('',*,*,#1215,.T.);
#1664=ORIENTED_EDGE('',*,*,#1217,.F.);
#1665=ORIENTED_EDGE('',*,*,#1218,.F.);
#1666=ORIENTED_EDGE('',*,*,#1219,.F.);
#1667=ORIENTED_EDGE('',*,*,#1218,.T.);
#1668=ORIENTED_EDGE('',*,*,#1220,.F.);
#1669=ORIENTED_EDGE('',*,*,#1221,.F.);
#1670=ORIENTED_EDGE('',*,*,#1222,.F.);
#1671=ORIENTED_EDGE('',*,*,#1221,.T.);
#1672=ORIENTED_EDGE('',*,*,#1223,.F.);
#1673=ORIENTED_EDGE('',*,*,#1224,.F.);
#1674=ORIENTED_EDGE('',*,*,#1225,.F.);
#1675=ORIENTED_EDGE('',*,*,#1007,.T.);
#1676=ORIENTED_EDGE('',*,*,#1226,.F.);
#1677=ORIENTED_EDGE('',*,*,#1224,.T.);
#1678=ORIENTED_EDGE('',*,*,#1227,.F.);
#1679=ORIENTED_EDGE('',*,*,#1125,.T.);
#1680=ORIENTED_EDGE('',*,*,#1228,.F.);
#1681=ORIENTED_EDGE('',*,*,#1229,.T.);
#1682=ORIENTED_EDGE('',*,*,#1196,.T.);
#1683=ORIENTED_EDGE('',*,*,#1201,.T.);
#1684=ORIENTED_EDGE('',*,*,#1229,.F.);
#1685=ORIENTED_EDGE('',*,*,#1230,.F.);
#1686=ORIENTED_EDGE('',*,*,#1231,.F.);
#1687=ORIENTED_EDGE('',*,*,#1207,.T.);
#1688=ORIENTED_EDGE('',*,*,#1204,.T.);
#1689=ORIENTED_EDGE('',*,*,#1210,.T.);
#1690=ORIENTED_EDGE('',*,*,#1231,.T.);
#1691=ORIENTED_EDGE('',*,*,#1232,.F.);
#1692=ORIENTED_EDGE('',*,*,#1233,.F.);
#1693=ORIENTED_EDGE('',*,*,#1211,.T.);
#1694=ORIENTED_EDGE('',*,*,#1233,.T.);
#1695=ORIENTED_EDGE('',*,*,#1234,.F.);
#1696=ORIENTED_EDGE('',*,*,#1235,.F.);
#1697=ORIENTED_EDGE('',*,*,#1214,.T.);
#1698=ORIENTED_EDGE('',*,*,#1235,.T.);
#1699=ORIENTED_EDGE('',*,*,#1236,.F.);
#1700=ORIENTED_EDGE('',*,*,#1237,.F.);
#1701=ORIENTED_EDGE('',*,*,#1217,.T.);
#1702=ORIENTED_EDGE('',*,*,#1237,.T.);
#1703=ORIENTED_EDGE('',*,*,#1238,.F.);
#1704=ORIENTED_EDGE('',*,*,#1239,.F.);
#1705=ORIENTED_EDGE('',*,*,#1220,.T.);
#1706=ORIENTED_EDGE('',*,*,#1239,.T.);
#1707=ORIENTED_EDGE('',*,*,#1240,.F.);
#1708=ORIENTED_EDGE('',*,*,#1241,.F.);
#1709=ORIENTED_EDGE('',*,*,#1223,.T.);
#1710=ORIENTED_EDGE('',*,*,#1241,.T.);
#1711=ORIENTED_EDGE('',*,*,#1242,.F.);
#1712=ORIENTED_EDGE('',*,*,#1243,.F.);
#1713=ORIENTED_EDGE('',*,*,#1008,.T.);
#1714=ORIENTED_EDGE('',*,*,#1227,.T.);
#1715=ORIENTED_EDGE('',*,*,#1243,.T.);
#1716=ORIENTED_EDGE('',*,*,#1244,.F.);
#1717=ORIENTED_EDGE('',*,*,#1053,.T.);
#1718=ORIENTED_EDGE('',*,*,#1245,.F.);
#1719=ORIENTED_EDGE('',*,*,#1246,.F.);
#1720=ORIENTED_EDGE('',*,*,#1247,.F.);
#1721=ORIENTED_EDGE('',*,*,#1246,.T.);
#1722=ORIENTED_EDGE('',*,*,#1248,.F.);
#1723=ORIENTED_EDGE('',*,*,#1249,.F.);
#1724=ORIENTED_EDGE('',*,*,#1250,.F.);
#1725=ORIENTED_EDGE('',*,*,#1249,.T.);
#1726=ORIENTED_EDGE('',*,*,#1251,.F.);
#1727=ORIENTED_EDGE('',*,*,#1252,.F.);
#1728=ORIENTED_EDGE('',*,*,#1253,.F.);
#1729=ORIENTED_EDGE('',*,*,#1252,.T.);
#1730=ORIENTED_EDGE('',*,*,#1254,.F.);
#1731=ORIENTED_EDGE('',*,*,#1255,.F.);
#1732=ORIENTED_EDGE('',*,*,#1256,.F.);
#1733=ORIENTED_EDGE('',*,*,#1255,.T.);
#1734=ORIENTED_EDGE('',*,*,#1257,.F.);
#1735=ORIENTED_EDGE('',*,*,#1258,.F.);
#1736=ORIENTED_EDGE('',*,*,#1259,.F.);
#1737=ORIENTED_EDGE('',*,*,#1260,.F.);
#1738=ORIENTED_EDGE('',*,*,#1261,.F.);
#1739=ORIENTED_EDGE('',*,*,#1258,.T.);
#1740=ORIENTED_EDGE('',*,*,#1262,.F.);
#1741=ORIENTED_EDGE('',*,*,#1263,.F.);
#1742=ORIENTED_EDGE('',*,*,#1264,.F.);
#1743=ORIENTED_EDGE('',*,*,#1260,.T.);
#1744=ORIENTED_EDGE('',*,*,#1265,.F.);
#1745=ORIENTED_EDGE('',*,*,#1266,.F.);
#1746=ORIENTED_EDGE('',*,*,#1267,.F.);
#1747=ORIENTED_EDGE('',*,*,#1263,.T.);
#1748=ORIENTED_EDGE('',*,*,#1268,.F.);
#1749=ORIENTED_EDGE('',*,*,#1106,.T.);
#1750=ORIENTED_EDGE('',*,*,#1269,.F.);
#1751=ORIENTED_EDGE('',*,*,#1270,.F.);
#1752=ORIENTED_EDGE('',*,*,#1271,.F.);
#1753=ORIENTED_EDGE('',*,*,#1038,.F.);
#1754=ORIENTED_EDGE('',*,*,#1272,.F.);
#1755=ORIENTED_EDGE('',*,*,#1270,.T.);
#1756=ORIENTED_EDGE('',*,*,#1273,.F.);
#1757=ORIENTED_EDGE('',*,*,#1266,.T.);
#1758=ORIENTED_EDGE('',*,*,#1274,.F.);
#1759=ORIENTED_EDGE('',*,*,#1248,.T.);
#1760=ORIENTED_EDGE('',*,*,#1275,.F.);
#1761=ORIENTED_EDGE('',*,*,#1044,.F.);
#1762=ORIENTED_EDGE('',*,*,#1276,.T.);
#1763=ORIENTED_EDGE('',*,*,#1251,.T.);
#1764=ORIENTED_EDGE('',*,*,#1276,.F.);
#1765=ORIENTED_EDGE('',*,*,#1043,.F.);
#1766=ORIENTED_EDGE('',*,*,#1277,.T.);
#1767=ORIENTED_EDGE('',*,*,#1254,.T.);
#1768=ORIENTED_EDGE('',*,*,#1277,.F.);
#1769=ORIENTED_EDGE('',*,*,#1042,.F.);
#1770=ORIENTED_EDGE('',*,*,#1278,.T.);
#1771=ORIENTED_EDGE('',*,*,#1257,.T.);
#1772=ORIENTED_EDGE('',*,*,#1278,.F.);
#1773=ORIENTED_EDGE('',*,*,#1041,.F.);
#1774=ORIENTED_EDGE('',*,*,#1279,.T.);
#1775=ORIENTED_EDGE('',*,*,#1262,.T.);
#1776=ORIENTED_EDGE('',*,*,#1279,.F.);
#1777=ORIENTED_EDGE('',*,*,#1040,.F.);
#1778=ORIENTED_EDGE('',*,*,#1280,.T.);
#1779=ORIENTED_EDGE('',*,*,#1268,.T.);
#1780=ORIENTED_EDGE('',*,*,#1265,.T.);
#1781=ORIENTED_EDGE('',*,*,#1272,.T.);
#1782=ORIENTED_EDGE('',*,*,#1037,.F.);
#1783=ORIENTED_EDGE('',*,*,#1281,.F.);
#1784=ORIENTED_EDGE('',*,*,#1274,.T.);
#1785=ORIENTED_EDGE('',*,*,#1280,.F.);
#1786=ORIENTED_EDGE('',*,*,#1039,.F.);
#1787=ORIENTED_EDGE('',*,*,#1130,.T.);
#1788=ORIENTED_EDGE('',*,*,#1271,.T.);
#1789=ORIENTED_EDGE('',*,*,#1281,.T.);
#1790=ORIENTED_EDGE('',*,*,#1036,.F.);
#1791=ORIENTED_EDGE('',*,*,#1203,.T.);
#1792=ORIENTED_EDGE('',*,*,#1282,.F.);
#1793=ORIENTED_EDGE('',*,*,#1264,.T.);
#1794=ORIENTED_EDGE('',*,*,#1283,.F.);
#1795=ORIENTED_EDGE('',*,*,#1154,.T.);
#1796=ORIENTED_EDGE('',*,*,#1151,.T.);
#1797=ORIENTED_EDGE('',*,*,#1148,.T.);
#1798=ORIENTED_EDGE('',*,*,#1284,.F.);
#1799=ORIENTED_EDGE('',*,*,#1285,.F.);
#1800=ORIENTED_EDGE('',*,*,#1286,.F.);
#1801=ORIENTED_EDGE('',*,*,#1145,.T.);
#1802=ORIENTED_EDGE('',*,*,#1287,.T.);
#1803=ORIENTED_EDGE('',*,*,#1288,.F.);
#1804=ORIENTED_EDGE('',*,*,#1284,.T.);
#1805=ORIENTED_EDGE('',*,*,#1009,.T.);
#1806=ORIENTED_EDGE('',*,*,#1244,.T.);
#1807=ORIENTED_EDGE('',*,*,#1242,.T.);
#1808=ORIENTED_EDGE('',*,*,#1240,.T.);
#1809=ORIENTED_EDGE('',*,*,#1238,.T.);
#1810=ORIENTED_EDGE('',*,*,#1236,.T.);
#1811=ORIENTED_EDGE('',*,*,#1234,.T.);
#1812=ORIENTED_EDGE('',*,*,#1232,.T.);
#1813=ORIENTED_EDGE('',*,*,#1230,.T.);
#1814=ORIENTED_EDGE('',*,*,#1228,.T.);
#1815=ORIENTED_EDGE('',*,*,#1123,.T.);
#1816=ORIENTED_EDGE('',*,*,#1121,.T.);
#1817=ORIENTED_EDGE('',*,*,#1120,.T.);
#1818=ORIENTED_EDGE('',*,*,#1117,.T.);
#1819=ORIENTED_EDGE('',*,*,#1109,.T.);
#1820=ORIENTED_EDGE('',*,*,#1289,.T.);
#1821=ORIENTED_EDGE('',*,*,#1285,.T.);
#1822=ORIENTED_EDGE('',*,*,#1288,.T.);
#1823=ORIENTED_EDGE('',*,*,#1290,.T.);
#1824=ORIENTED_EDGE('',*,*,#1291,.T.);
#1825=ORIENTED_EDGE('',*,*,#1292,.T.);
#1826=ORIENTED_EDGE('',*,*,#1293,.T.);
#1827=ORIENTED_EDGE('',*,*,#1015,.F.);
#1828=ORIENTED_EDGE('',*,*,#1116,.T.);
#1829=ORIENTED_EDGE('',*,*,#1156,.T.);
#1830=ORIENTED_EDGE('',*,*,#1286,.T.);
#1831=ORIENTED_EDGE('',*,*,#1289,.F.);
#1832=ORIENTED_EDGE('',*,*,#1206,.T.);
#1833=ORIENTED_EDGE('',*,*,#1209,.T.);
#1834=ORIENTED_EDGE('',*,*,#1294,.T.);
#1835=ORIENTED_EDGE('',*,*,#1261,.T.);
#1836=ORIENTED_EDGE('',*,*,#1282,.T.);
#1837=ORIENTED_EDGE('',*,*,#1129,.T.);
#1838=ORIENTED_EDGE('',*,*,#1198,.T.);
#1839=ORIENTED_EDGE('',*,*,#1200,.T.);
#1840=ORIENTED_EDGE('',*,*,#1283,.T.);
#1841=ORIENTED_EDGE('',*,*,#1267,.T.);
#1842=ORIENTED_EDGE('',*,*,#1273,.T.);
#1843=ORIENTED_EDGE('',*,*,#1269,.T.);
#1844=ORIENTED_EDGE('',*,*,#1111,.T.);
#1845=ORIENTED_EDGE('',*,*,#1030,.F.);
#1846=ORIENTED_EDGE('',*,*,#1191,.T.);
#1847=ORIENTED_EDGE('',*,*,#1172,.T.);
#1848=ORIENTED_EDGE('',*,*,#1245,.T.);
#1849=ORIENTED_EDGE('',*,*,#1051,.F.);
#1850=ORIENTED_EDGE('',*,*,#1045,.F.);
#1851=ORIENTED_EDGE('',*,*,#1275,.T.);
#1852=ORIENTED_EDGE('',*,*,#1213,.T.);
#1853=ORIENTED_EDGE('',*,*,#1295,.F.);
#1854=ORIENTED_EDGE('',*,*,#1259,.T.);
#1855=ORIENTED_EDGE('',*,*,#1294,.F.);
#1856=ORIENTED_EDGE('',*,*,#1216,.T.);
#1857=ORIENTED_EDGE('',*,*,#1296,.T.);
#1858=ORIENTED_EDGE('',*,*,#1256,.T.);
#1859=ORIENTED_EDGE('',*,*,#1295,.T.);
#1860=ORIENTED_EDGE('',*,*,#1069,.F.);
#1861=ORIENTED_EDGE('',*,*,#1219,.T.);
#1862=ORIENTED_EDGE('',*,*,#1297,.F.);
#1863=ORIENTED_EDGE('',*,*,#1253,.T.);
#1864=ORIENTED_EDGE('',*,*,#1296,.F.);
#1865=ORIENTED_EDGE('',*,*,#1222,.T.);
#1866=ORIENTED_EDGE('',*,*,#1298,.T.);
#1867=ORIENTED_EDGE('',*,*,#1250,.T.);
#1868=ORIENTED_EDGE('',*,*,#1297,.T.);
#1869=ORIENTED_EDGE('',*,*,#1225,.T.);
#1870=ORIENTED_EDGE('',*,*,#1299,.F.);
#1871=ORIENTED_EDGE('',*,*,#1247,.T.);
#1872=ORIENTED_EDGE('',*,*,#1298,.F.);
#1873=ORIENTED_EDGE('',*,*,#1014,.T.);
#1874=ORIENTED_EDGE('',*,*,#1054,.T.);
#1875=ORIENTED_EDGE('',*,*,#1299,.T.);
#1876=ORIENTED_EDGE('',*,*,#1226,.T.);
#1877=ORIENTED_EDGE('',*,*,#1055,.F.);
#1878=ORIENTED_EDGE('',*,*,#1066,.F.);
#1879=ORIENTED_EDGE('',*,*,#1131,.T.);
#1880=ORIENTED_EDGE('',*,*,#1016,.F.);
#1881=ORIENTED_EDGE('',*,*,#1293,.F.);
#1882=ORIENTED_EDGE('',*,*,#1300,.F.);
#1883=ORIENTED_EDGE('',*,*,#1134,.T.);
#1884=ORIENTED_EDGE('',*,*,#1300,.T.);
#1885=ORIENTED_EDGE('',*,*,#1292,.F.);
#1886=ORIENTED_EDGE('',*,*,#1301,.F.);
#1887=ORIENTED_EDGE('',*,*,#1137,.T.);
#1888=ORIENTED_EDGE('',*,*,#1301,.T.);
#1889=ORIENTED_EDGE('',*,*,#1291,.F.);
#1890=ORIENTED_EDGE('',*,*,#1302,.F.);
#1891=ORIENTED_EDGE('',*,*,#1140,.T.);
#1892=ORIENTED_EDGE('',*,*,#1302,.T.);
#1893=ORIENTED_EDGE('',*,*,#1290,.F.);
#1894=ORIENTED_EDGE('',*,*,#1287,.F.);
#1895=PLANE('',#2095);
#1896=PLANE('',#2098);
#1897=PLANE('',#2101);
#1898=PLANE('',#2117);
#1899=PLANE('',#2123);
#1900=PLANE('',#2126);
#1901=PLANE('',#2129);
#1902=PLANE('',#2132);
#1903=PLANE('',#2135);
#1904=PLANE('',#2139);
#1905=PLANE('',#2143);
#1906=PLANE('',#2144);
#1907=PLANE('',#2147);
#1908=PLANE('',#2150);
#1909=PLANE('',#2154);
#1910=PLANE('',#2158);
#1911=PLANE('',#2161);
#1912=PLANE('',#2166);
#1913=PLANE('',#2167);
#1914=PLANE('',#2168);
#1915=PLANE('',#2171);
#1916=PLANE('',#2174);
#1917=PLANE('',#2177);
#1918=PLANE('',#2178);
#1919=PLANE('',#2181);
#1920=PLANE('',#2182);
#1921=PLANE('',#2205);
#1922=PLANE('',#2209);
#1923=PLANE('',#2212);
#1924=PLANE('',#2215);
#1925=PLANE('',#2238);
#1926=PLANE('',#2240);
#1927=PLANE('',#2242);
#1928=PLANE('',#2271);
#1929=PLANE('',#2274);
#1930=PLANE('',#2277);
#1931=PLANE('',#2280);
#1932=PLANE('',#2283);
#1933=PLANE('',#2312);
#1934=PLANE('',#2314);
#1935=PLANE('',#2316);
#1936=PLANE('',#2319);
#1937=PLANE('',#2323);
#1938=PLANE('',#2324);
#1939=PLANE('',#2327);
#1940=PLANE('',#2328);
#1941=PLANE('',#2329);
#1942=PLANE('',#2330);
#1943=PLANE('',#2333);
#1944=PLANE('',#2335);
#1945=PLANE('',#2337);
#1946=PLANE('',#2338);
#1947=PLANE('',#2340);
#1948=ADVANCED_FACE('',(#208),#1895,.F.);
#1949=ADVANCED_FACE('',(#209),#1896,.F.);
#1950=ADVANCED_FACE('',(#210,#97,#98,#99,#100),#1897,.T.);
#1951=ADVANCED_FACE('',(#211),#1898,.F.);
#1952=ADVANCED_FACE('',(#212),#55,.T.);
#1953=ADVANCED_FACE('',(#213),#56,.F.);
#1954=ADVANCED_FACE('',(#214),#1899,.F.);
#1955=ADVANCED_FACE('',(#215),#57,.F.);
#1956=ADVANCED_FACE('',(#216),#1900,.T.);
#1957=ADVANCED_FACE('',(#217),#58,.F.);
#1958=ADVANCED_FACE('',(#218),#1901,.T.);
#1959=ADVANCED_FACE('',(#219),#59,.F.);
#1960=ADVANCED_FACE('',(#220),#1902,.T.);
#1961=ADVANCED_FACE('',(#221),#60,.F.);
#1962=ADVANCED_FACE('',(#222),#1903,.T.);
#1963=ADVANCED_FACE('',(#223),#61,.F.);
#1964=ADVANCED_FACE('',(#224),#1904,.F.);
#1965=ADVANCED_FACE('',(#225),#62,.F.);
#1966=ADVANCED_FACE('',(#226),#1905,.F.);
#1967=ADVANCED_FACE('',(#227),#1906,.F.);
#1968=ADVANCED_FACE('',(#228),#35,.F.);
#1969=ADVANCED_FACE('',(#229),#1907,.F.);
#1970=ADVANCED_FACE('',(#230),#36,.F.);
#1971=ADVANCED_FACE('',(#231),#1908,.F.);
#1972=ADVANCED_FACE('',(#232),#37,.T.);
#1973=ADVANCED_FACE('',(#233),#1909,.F.);
#1974=ADVANCED_FACE('',(#234),#63,.F.);
#1975=ADVANCED_FACE('',(#235),#1910,.F.);
#1976=ADVANCED_FACE('',(#236),#64,.F.);
#1977=ADVANCED_FACE('',(#237),#1911,.F.);
#1978=ADVANCED_FACE('',(#238),#38,.T.);
#1979=ADVANCED_FACE('',(#239),#1912,.F.);
#1980=ADVANCED_FACE('',(#240),#1913,.F.);
#1981=ADVANCED_FACE('',(#241),#1914,.F.);
#1982=ADVANCED_FACE('',(#242),#39,.T.);
#1983=ADVANCED_FACE('',(#243),#1915,.F.);
#1984=ADVANCED_FACE('',(#244),#40,.F.);
#1985=ADVANCED_FACE('',(#245),#1916,.F.);
#1986=ADVANCED_FACE('',(#246),#41,.F.);
#1987=ADVANCED_FACE('',(#247),#1917,.F.);
#1988=ADVANCED_FACE('',(#248),#1918,.F.);
#1989=ADVANCED_FACE('',(#249),#42,.T.);
#1990=ADVANCED_FACE('',(#250),#1919,.F.);
#1991=ADVANCED_FACE('',(#251),#1920,.F.);
#1992=ADVANCED_FACE('',(#252),#65,.T.);
#1993=ADVANCED_FACE('',(#253),#25,.T.);
#1994=ADVANCED_FACE('',(#254),#66,.T.);
#1995=ADVANCED_FACE('',(#255),#26,.T.);
#1996=ADVANCED_FACE('',(#256),#67,.T.);
#1997=ADVANCED_FACE('',(#257),#15,.T.);
#1998=ADVANCED_FACE('',(#258),#16,.T.);
#1999=ADVANCED_FACE('',(#259),#17,.T.);
#2000=ADVANCED_FACE('',(#260),#68,.T.);
#2001=ADVANCED_FACE('',(#261),#1921,.F.);
#2002=ADVANCED_FACE('',(#262),#69,.T.);
#2003=ADVANCED_FACE('',(#263),#1922,.F.);
#2004=ADVANCED_FACE('',(#264),#70,.F.);
#2005=ADVANCED_FACE('',(#265),#1923,.F.);
#2006=ADVANCED_FACE('',(#266),#71,.F.);
#2007=ADVANCED_FACE('',(#267),#1924,.F.);
#2008=ADVANCED_FACE('',(#268),#72,.T.);
#2009=ADVANCED_FACE('',(#269),#18,.T.);
#2010=ADVANCED_FACE('',(#270),#19,.T.);
#2011=ADVANCED_FACE('',(#271),#73,.T.);
#2012=ADVANCED_FACE('',(#272),#27,.T.);
#2013=ADVANCED_FACE('',(#273),#74,.T.);
#2014=ADVANCED_FACE('',(#274),#28,.T.);
#2015=ADVANCED_FACE('',(#275),#75,.T.);
#2016=ADVANCED_FACE('',(#276),#76,.T.);
#2017=ADVANCED_FACE('',(#277),#77,.T.);
#2018=ADVANCED_FACE('',(#278),#78,.T.);
#2019=ADVANCED_FACE('',(#279),#1925,.F.);
#2020=ADVANCED_FACE('',(#280),#43,.F.);
#2021=ADVANCED_FACE('',(#281),#1926,.F.);
#2022=ADVANCED_FACE('',(#282),#44,.F.);
#2023=ADVANCED_FACE('',(#283),#1927,.F.);
#2024=ADVANCED_FACE('',(#284),#79,.T.);
#2025=ADVANCED_FACE('',(#285),#20,.T.);
#2026=ADVANCED_FACE('',(#286),#21,.T.);
#2027=ADVANCED_FACE('',(#287),#22,.T.);
#2028=ADVANCED_FACE('',(#288),#80,.T.);
#2029=ADVANCED_FACE('',(#289),#29,.T.);
#2030=ADVANCED_FACE('',(#290),#81,.T.);
#2031=ADVANCED_FACE('',(#291),#30,.T.);
#2032=ADVANCED_FACE('',(#292),#82,.T.);
#2033=ADVANCED_FACE('',(#293),#31,.T.);
#2034=ADVANCED_FACE('',(#294),#83,.T.);
#2035=ADVANCED_FACE('',(#295),#1928,.F.);
#2036=ADVANCED_FACE('',(#296),#84,.T.);
#2037=ADVANCED_FACE('',(#297),#1929,.F.);
#2038=ADVANCED_FACE('',(#298),#45,.T.);
#2039=ADVANCED_FACE('',(#299),#1930,.F.);
#2040=ADVANCED_FACE('',(#300),#46,.T.);
#2041=ADVANCED_FACE('',(#301),#1931,.F.);
#2042=ADVANCED_FACE('',(#302),#47,.T.);
#2043=ADVANCED_FACE('',(#303),#1932,.F.);
#2044=ADVANCED_FACE('',(#304),#32,.T.);
#2045=ADVANCED_FACE('',(#305),#85,.T.);
#2046=ADVANCED_FACE('',(#306),#33,.T.);
#2047=ADVANCED_FACE('',(#307),#86,.T.);
#2048=ADVANCED_FACE('',(#308),#34,.T.);
#2049=ADVANCED_FACE('',(#309),#87,.T.);
#2050=ADVANCED_FACE('',(#310),#23,.T.);
#2051=ADVANCED_FACE('',(#311),#88,.T.);
#2052=ADVANCED_FACE('',(#312),#89,.T.);
#2053=ADVANCED_FACE('',(#313),#24,.T.);
#2054=ADVANCED_FACE('',(#314),#1933,.F.);
#2055=ADVANCED_FACE('',(#315),#48,.T.);
#2056=ADVANCED_FACE('',(#316),#1934,.F.);
#2057=ADVANCED_FACE('',(#317),#49,.T.);
#2058=ADVANCED_FACE('',(#318),#1935,.F.);
#2059=ADVANCED_FACE('',(#319),#90,.T.);
#2060=ADVANCED_FACE('',(#320),#91,.T.);
#2061=ADVANCED_FACE('',(#321),#1936,.F.);
#2062=ADVANCED_FACE('',(#322),#92,.T.);
#2063=ADVANCED_FACE('',(#323),#93,.T.);
#2064=ADVANCED_FACE('',(#324),#1937,.F.);
#2065=ADVANCED_FACE('',(#325),#1938,.F.);
#2066=ADVANCED_FACE('',(#326),#1939,.F.);
#2067=ADVANCED_FACE('',(#327),#1940,.F.);
#2068=ADVANCED_FACE('',(#328),#1941,.F.);
#2069=ADVANCED_FACE('',(#329),#1942,.F.);
#2070=ADVANCED_FACE('',(#330),#50,.T.);
#2071=ADVANCED_FACE('',(#331),#94,.T.);
#2072=ADVANCED_FACE('',(#332,#101),#1943,.F.);
#2073=ADVANCED_FACE('',(#333),#95,.T.);
#2074=ADVANCED_FACE('',(#334),#1944,.F.);
#2075=ADVANCED_FACE('',(#335),#96,.T.);
#2076=ADVANCED_FACE('',(#336,#102,#103),#1945,.F.);
#2077=ADVANCED_FACE('',(#337),#1946,.F.);
#2078=ADVANCED_FACE('',(#338),#51,.F.);
#2079=ADVANCED_FACE('',(#339),#1947,.F.);
#2080=ADVANCED_FACE('',(#340),#52,.F.);
#2081=CLOSED_SHELL('',(#1948,#1949,#1950,#1951,#1952,#1953,#1954,#1955,
#1956,#1957,#1958,#1959,#1960,#1961,#1962,#1963,#1964,#1965,#1966,#1967,
#1968,#1969,#1970,#1971,#1972,#1973,#1974,#1975,#1976,#1977,#1978,#1979,
#1980,#1981,#1982,#1983,#1984,#1985,#1986,#1987,#1988,#1989,#1990,#1991,
#1992,#1993,#1994,#1995,#1996,#1997,#1998,#1999,#2000,#2001,#2002,#2003,
#2004,#2005,#2006,#2007,#2008,#2009,#2010,#2011,#2012,#2013,#2014,#2015,
#2016,#2017,#2018,#2019,#2020,#2021,#2022,#2023,#2024,#2025,#2026,#2027,
#2028,#2029,#2030,#2031,#2032,#2033,#2034,#2035,#2036,#2037,#2038,#2039,
#2040,#2041,#2042,#2043,#2044,#2045,#2046,#2047,#2048,#2049,#2050,#2051,
#2052,#2053,#2054,#2055,#2056,#2057,#2058,#2059,#2060,#2061,#2062,#2063,
#2064,#2065,#2066,#2067,#2068,#2069,#2070,#2071,#2072,#2073,#2074,#2075,
#2076,#2077,#2078,#2079,#2080));
#2082=DERIVED_UNIT_ELEMENT(#2084,1.);
#2083=DERIVED_UNIT_ELEMENT(#3891,-3.);
#2084=(
MASS_UNIT()
NAMED_UNIT(*)
SI_UNIT(.KILO.,.GRAM.)
);
#2085=DERIVED_UNIT((#2082,#2083));
#2086=MEASURE_REPRESENTATION_ITEM('density measure',
POSITIVE_RATIO_MEASURE(7850.),#2085);
#2087=PROPERTY_DEFINITION_REPRESENTATION(#2092,#2089);
#2088=PROPERTY_DEFINITION_REPRESENTATION(#2093,#2090);
#2089=REPRESENTATION('material name',(#2091),#3888);
#2090=REPRESENTATION('density',(#2086),#3888);
#2091=DESCRIPTIVE_REPRESENTATION_ITEM('Steel','Steel');
#2092=PROPERTY_DEFINITION('material property','material name',#3898);
#2093=PROPERTY_DEFINITION('material property','density of part',#3898);
#2094=AXIS2_PLACEMENT_3D('',#3002,#2342,#2343);
#2095=AXIS2_PLACEMENT_3D('',#3003,#2344,#2345);
#2096=AXIS2_PLACEMENT_3D('',#3006,#2346,#2347);
#2097=AXIS2_PLACEMENT_3D('',#3018,#2353,#2354);
#2098=AXIS2_PLACEMENT_3D('',#3020,#2356,#2357);
#2099=AXIS2_PLACEMENT_3D('',#3026,#2360,#2361);
#2100=AXIS2_PLACEMENT_3D('',#3030,#2363,#2364);
#2101=AXIS2_PLACEMENT_3D('',#3034,#2367,#2368);
#2102=AXIS2_PLACEMENT_3D('',#3038,#2370,#2371);
#2103=AXIS2_PLACEMENT_3D('',#3042,#2373,#2374);
#2104=AXIS2_PLACEMENT_3D('',#3046,#2376,#2377);
#2105=AXIS2_PLACEMENT_3D('',#3067,#2378,#2379);
#2106=AXIS2_PLACEMENT_3D('',#3073,#2382,#2383);
#2107=AXIS2_PLACEMENT_3D('',#3077,#2385,#2386);
#2108=AXIS2_PLACEMENT_3D('',#3083,#2389,#2390);
#2109=AXIS2_PLACEMENT_3D('',#3104,#2391,#2392);
#2110=AXIS2_PLACEMENT_3D('',#3108,#2394,#2395);
#2111=AXIS2_PLACEMENT_3D('',#3112,#2397,#2398);
#2112=AXIS2_PLACEMENT_3D('',#3116,#2400,#2401);
#2113=AXIS2_PLACEMENT_3D('',#3119,#2403,#2404);
#2114=AXIS2_PLACEMENT_3D('',#3121,#2405,#2406);
#2115=AXIS2_PLACEMENT_3D('',#3123,#2407,#2408);
#2116=AXIS2_PLACEMENT_3D('',#3125,#2409,#2410);
#2117=AXIS2_PLACEMENT_3D('',#3126,#2411,#2412);
#2118=AXIS2_PLACEMENT_3D('',#3130,#2415,#2416);
#2119=AXIS2_PLACEMENT_3D('',#3132,#2417,#2418);
#2120=AXIS2_PLACEMENT_3D('',#3134,#2420,#2421);
#2121=AXIS2_PLACEMENT_3D('',#3136,#2422,#2423);
#2122=AXIS2_PLACEMENT_3D('',#3139,#2425,#2426);
#2123=AXIS2_PLACEMENT_3D('',#3140,#2427,#2428);
#2124=AXIS2_PLACEMENT_3D('',#3141,#2429,#2430);
#2125=AXIS2_PLACEMENT_3D('',#3144,#2432,#2433);
#2126=AXIS2_PLACEMENT_3D('',#3145,#2434,#2435);
#2127=AXIS2_PLACEMENT_3D('',#3146,#2436,#2437);
#2128=AXIS2_PLACEMENT_3D('',#3149,#2439,#2440);
#2129=AXIS2_PLACEMENT_3D('',#3150,#2441,#2442);
#2130=AXIS2_PLACEMENT_3D('',#3151,#2443,#2444);
#2131=AXIS2_PLACEMENT_3D('',#3154,#2446,#2447);
#2132=AXIS2_PLACEMENT_3D('',#3155,#2448,#2449);
#2133=AXIS2_PLACEMENT_3D('',#3156,#2450,#2451);
#2134=AXIS2_PLACEMENT_3D('',#3159,#2453,#2454);
#2135=AXIS2_PLACEMENT_3D('',#3160,#2455,#2456);
#2136=AXIS2_PLACEMENT_3D('',#3161,#2457,#2458);
#2137=AXIS2_PLACEMENT_3D('',#3163,#2459,#2460);
#2138=AXIS2_PLACEMENT_3D('',#3166,#2462,#2463);
#2139=AXIS2_PLACEMENT_3D('',#3167,#2464,#2465);
#2140=AXIS2_PLACEMENT_3D('',#3168,#2466,#2467);
#2141=AXIS2_PLACEMENT_3D('',#3170,#2468,#2469);
#2142=AXIS2_PLACEMENT_3D('',#3173,#2471,#2472);
#2143=AXIS2_PLACEMENT_3D('',#3174,#2473,#2474);
#2144=AXIS2_PLACEMENT_3D('',#3175,#2475,#2476);
#2145=AXIS2_PLACEMENT_3D('',#3185,#2480,#2481);
#2146=AXIS2_PLACEMENT_3D('',#3188,#2483,#2484);
#2147=AXIS2_PLACEMENT_3D('',#3189,#2485,#2486);
#2148=AXIS2_PLACEMENT_3D('',#3193,#2489,#2490);
#2149=AXIS2_PLACEMENT_3D('',#3196,#2492,#2493);
#2150=AXIS2_PLACEMENT_3D('',#3197,#2494,#2495);
#2151=AXIS2_PLACEMENT_3D('',#3205,#2498,#2499);
#2152=AXIS2_PLACEMENT_3D('',#3209,#2501,#2502);
#2153=AXIS2_PLACEMENT_3D('',#3212,#2504,#2505);
#2154=AXIS2_PLACEMENT_3D('',#3213,#2506,#2507);
#2155=AXIS2_PLACEMENT_3D('',#3217,#2509,#2510);
#2156=AXIS2_PLACEMENT_3D('',#3223,#2514,#2515);
#2157=AXIS2_PLACEMENT_3D('',#3225,#2516,#2517);
#2158=AXIS2_PLACEMENT_3D('',#3227,#2519,#2520);
#2159=AXIS2_PLACEMENT_3D('',#3231,#2523,#2524);
#2160=AXIS2_PLACEMENT_3D('',#3233,#2525,#2526);
#2161=AXIS2_PLACEMENT_3D('',#3235,#2528,#2529);
#2162=AXIS2_PLACEMENT_3D('',#3241,#2532,#2533);
#2163=AXIS2_PLACEMENT_3D('',#3244,#2535,#2536);
#2164=AXIS2_PLACEMENT_3D('',#3245,#2537,#2538);
#2165=AXIS2_PLACEMENT_3D('',#3249,#2540,#2541);
#2166=AXIS2_PLACEMENT_3D('',#3251,#2543,#2544);
#2167=AXIS2_PLACEMENT_3D('',#3257,#2548,#2549);
#2168=AXIS2_PLACEMENT_3D('',#3259,#2551,#2552);
#2169=AXIS2_PLACEMENT_3D('',#3263,#2555,#2556);
#2170=AXIS2_PLACEMENT_3D('',#3266,#2558,#2559);
#2171=AXIS2_PLACEMENT_3D('',#3267,#2560,#2561);
#2172=AXIS2_PLACEMENT_3D('',#3269,#2563,#2564);
#2173=AXIS2_PLACEMENT_3D('',#3271,#2565,#2566);
#2174=AXIS2_PLACEMENT_3D('',#3273,#2568,#2569);
#2175=AXIS2_PLACEMENT_3D('',#3277,#2572,#2573);
#2176=AXIS2_PLACEMENT_3D('',#3279,#2574,#2575);
#2177=AXIS2_PLACEMENT_3D('',#3281,#2577,#2578);
#2178=AXIS2_PLACEMENT_3D('',#3285,#2581,#2582);
#2179=AXIS2_PLACEMENT_3D('',#3289,#2585,#2586);
#2180=AXIS2_PLACEMENT_3D('',#3292,#2588,#2589);
#2181=AXIS2_PLACEMENT_3D('',#3293,#2590,#2591);
#2182=AXIS2_PLACEMENT_3D('',#3295,#2593,#2594);
#2183=AXIS2_PLACEMENT_3D('',#3297,#2596,#2597);
#2184=AXIS2_PLACEMENT_3D('',#3301,#2599,#2600);
#2185=AXIS2_PLACEMENT_3D('',#3303,#2602,#2603);
#2186=AXIS2_PLACEMENT_3D('',#3305,#2604,#2605);
#2187=AXIS2_PLACEMENT_3D('',#3307,#2606,#2607);
#2188=AXIS2_PLACEMENT_3D('',#3308,#2608,#2609);
#2189=AXIS2_PLACEMENT_3D('',#3309,#2610,#2611);
#2190=AXIS2_PLACEMENT_3D('',#3313,#2613,#2614);
#2191=AXIS2_PLACEMENT_3D('',#3315,#2616,#2617);
#2192=AXIS2_PLACEMENT_3D('',#3317,#2618,#2619);
#2193=AXIS2_PLACEMENT_3D('',#3319,#2620,#2621);
#2194=AXIS2_PLACEMENT_3D('',#3320,#2622,#2623);
#2195=AXIS2_PLACEMENT_3D('',#3321,#2624,#2625);
#2196=AXIS2_PLACEMENT_3D('',#3324,#2626,#2627);
#2197=AXIS2_PLACEMENT_3D('',#3345,#2630,#2631);
#2198=AXIS2_PLACEMENT_3D('',#3346,#2632,#2633);
#2199=AXIS2_PLACEMENT_3D('',#3347,#2634,#2635);
#2200=AXIS2_PLACEMENT_3D('',#3378,#2636,#2637);
#2201=AXIS2_PLACEMENT_3D('',#3411,#2638,#2639);
#2202=AXIS2_PLACEMENT_3D('',#3412,#2640,#2641);
#2203=AXIS2_PLACEMENT_3D('',#3413,#2642,#2643);
#2204=AXIS2_PLACEMENT_3D('',#3414,#2644,#2645);
#2205=AXIS2_PLACEMENT_3D('',#3417,#2648,#2649);
#2206=AXIS2_PLACEMENT_3D('',#3421,#2651,#2652);
#2207=AXIS2_PLACEMENT_3D('',#3425,#2655,#2656);
#2208=AXIS2_PLACEMENT_3D('',#3427,#2657,#2658);
#2209=AXIS2_PLACEMENT_3D('',#3429,#2660,#2661);
#2210=AXIS2_PLACEMENT_3D('',#3433,#2664,#2665);
#2211=AXIS2_PLACEMENT_3D('',#3435,#2666,#2667);
#2212=AXIS2_PLACEMENT_3D('',#3437,#2669,#2670);
#2213=AXIS2_PLACEMENT_3D('',#3441,#2673,#2674);
#2214=AXIS2_PLACEMENT_3D('',#3443,#2675,#2676);
#2215=AXIS2_PLACEMENT_3D('',#3445,#2678,#2679);
#2216=AXIS2_PLACEMENT_3D('',#3447,#2681,#2682);
#2217=AXIS2_PLACEMENT_3D('',#3450,#2684,#2685);
#2218=AXIS2_PLACEMENT_3D('',#3477,#2686,#2687);
#2219=AXIS2_PLACEMENT_3D('',#3478,#2688,#2689);
#2220=AXIS2_PLACEMENT_3D('',#3479,#2690,#2691);
#2221=AXIS2_PLACEMENT_3D('',#3511,#2692,#2693);
#2222=AXIS2_PLACEMENT_3D('',#3513,#2694,#2695);
#2223=AXIS2_PLACEMENT_3D('',#3514,#2696,#2697);
#2224=AXIS2_PLACEMENT_3D('',#3515,#2698,#2699);
#2225=AXIS2_PLACEMENT_3D('',#3517,#2700,#2701);
#2226=AXIS2_PLACEMENT_3D('',#3519,#2703,#2704);
#2227=AXIS2_PLACEMENT_3D('',#3521,#2705,#2706);
#2228=AXIS2_PLACEMENT_3D('',#3522,#2707,#2708);
#2229=AXIS2_PLACEMENT_3D('',#3523,#2709,#2710);
#2230=AXIS2_PLACEMENT_3D('',#3526,#2712,#2713);
#2231=AXIS2_PLACEMENT_3D('',#3527,#2714,#2715);
#2232=AXIS2_PLACEMENT_3D('',#3529,#2716,#2717);
#2233=AXIS2_PLACEMENT_3D('',#3530,#2718,#2719);
#2234=AXIS2_PLACEMENT_3D('',#3531,#2720,#2721);
#2235=AXIS2_PLACEMENT_3D('',#3533,#2723,#2724);
#2236=AXIS2_PLACEMENT_3D('',#3535,#2726,#2727);
#2237=AXIS2_PLACEMENT_3D('',#3537,#2729,#2730);
#2238=AXIS2_PLACEMENT_3D('',#3539,#2732,#2733);
#2239=AXIS2_PLACEMENT_3D('',#3541,#2735,#2736);
#2240=AXIS2_PLACEMENT_3D('',#3543,#2738,#2739);
#2241=AXIS2_PLACEMENT_3D('',#3545,#2741,#2742);
#2242=AXIS2_PLACEMENT_3D('',#3547,#2744,#2745);
#2243=AXIS2_PLACEMENT_3D('',#3548,#2746,#2747);
#2244=AXIS2_PLACEMENT_3D('',#3552,#2749,#2750);
#2245=AXIS2_PLACEMENT_3D('',#3572,#2752,#2753);
#2246=AXIS2_PLACEMENT_3D('',#3573,#2754,#2755);
#2247=AXIS2_PLACEMENT_3D('',#3574,#2756,#2757);
#2248=AXIS2_PLACEMENT_3D('',#3605,#2758,#2759);
#2249=AXIS2_PLACEMENT_3D('',#3638,#2760,#2761);
#2250=AXIS2_PLACEMENT_3D('',#3639,#2762,#2763);
#2251=AXIS2_PLACEMENT_3D('',#3640,#2764,#2765);
#2252=AXIS2_PLACEMENT_3D('',#3641,#2766,#2767);
#2253=AXIS2_PLACEMENT_3D('',#3644,#2768,#2769);
#2254=AXIS2_PLACEMENT_3D('',#3647,#2772,#2773);
#2255=AXIS2_PLACEMENT_3D('',#3649,#2774,#2775);
#2256=AXIS2_PLACEMENT_3D('',#3651,#2776,#2777);
#2257=AXIS2_PLACEMENT_3D('',#3652,#2778,#2779);
#2258=AXIS2_PLACEMENT_3D('',#3653,#2780,#2781);
#2259=AXIS2_PLACEMENT_3D('',#3657,#2783,#2784);
#2260=AXIS2_PLACEMENT_3D('',#3659,#2786,#2787);
#2261=AXIS2_PLACEMENT_3D('',#3661,#2788,#2789);
#2262=AXIS2_PLACEMENT_3D('',#3663,#2790,#2791);
#2263=AXIS2_PLACEMENT_3D('',#3664,#2792,#2793);
#2264=AXIS2_PLACEMENT_3D('',#3665,#2794,#2795);
#2265=AXIS2_PLACEMENT_3D('',#3669,#2797,#2798);
#2266=AXIS2_PLACEMENT_3D('',#3671,#2800,#2801);
#2267=AXIS2_PLACEMENT_3D('',#3673,#2802,#2803);
#2268=AXIS2_PLACEMENT_3D('',#3675,#2804,#2805);
#2269=AXIS2_PLACEMENT_3D('',#3676,#2806,#2807);
#2270=AXIS2_PLACEMENT_3D('',#3677,#2808,#2809);
#2271=AXIS2_PLACEMENT_3D('',#3680,#2812,#2813);
#2272=AXIS2_PLACEMENT_3D('',#3684,#2816,#2817);
#2273=AXIS2_PLACEMENT_3D('',#3686,#2818,#2819);
#2274=AXIS2_PLACEMENT_3D('',#3688,#2821,#2822);
#2275=AXIS2_PLACEMENT_3D('',#3692,#2825,#2826);
#2276=AXIS2_PLACEMENT_3D('',#3694,#2827,#2828);
#2277=AXIS2_PLACEMENT_3D('',#3696,#2830,#2831);
#2278=AXIS2_PLACEMENT_3D('',#3700,#2834,#2835);
#2279=AXIS2_PLACEMENT_3D('',#3702,#2836,#2837);
#2280=AXIS2_PLACEMENT_3D('',#3704,#2839,#2840);
#2281=AXIS2_PLACEMENT_3D('',#3708,#2843,#2844);
#2282=AXIS2_PLACEMENT_3D('',#3710,#2845,#2846);
#2283=AXIS2_PLACEMENT_3D('',#3712,#2848,#2849);
#2284=AXIS2_PLACEMENT_3D('',#3714,#2851,#2852);
#2285=AXIS2_PLACEMENT_3D('',#3716,#2853,#2854);
#2286=AXIS2_PLACEMENT_3D('',#3718,#2855,#2856);
#2287=AXIS2_PLACEMENT_3D('',#3719,#2857,#2858);
#2288=AXIS2_PLACEMENT_3D('',#3720,#2859,#2860);
#2289=AXIS2_PLACEMENT_3D('',#3724,#2862,#2863);
#2290=AXIS2_PLACEMENT_3D('',#3726,#2865,#2866);
#2291=AXIS2_PLACEMENT_3D('',#3728,#2867,#2868);
#2292=AXIS2_PLACEMENT_3D('',#3730,#2869,#2870);
#2293=AXIS2_PLACEMENT_3D('',#3731,#2871,#2872);
#2294=AXIS2_PLACEMENT_3D('',#3732,#2873,#2874);
#2295=AXIS2_PLACEMENT_3D('',#3736,#2876,#2877);
#2296=AXIS2_PLACEMENT_3D('',#3738,#2879,#2880);
#2297=AXIS2_PLACEMENT_3D('',#3740,#2881,#2882);
#2298=AXIS2_PLACEMENT_3D('',#3742,#2883,#2884);
#2299=AXIS2_PLACEMENT_3D('',#3743,#2885,#2886);
#2300=AXIS2_PLACEMENT_3D('',#3744,#2887,#2888);
#2301=AXIS2_PLACEMENT_3D('',#3747,#2889,#2890);
#2302=AXIS2_PLACEMENT_3D('',#3782,#2893,#2894);
#2303=AXIS2_PLACEMENT_3D('',#3783,#2895,#2896);
#2304=AXIS2_PLACEMENT_3D('',#3784,#2897,#2898);
#2305=AXIS2_PLACEMENT_3D('',#3785,#2899,#2900);
#2306=AXIS2_PLACEMENT_3D('',#3788,#2901,#2902);
#2307=AXIS2_PLACEMENT_3D('',#3791,#2905,#2906);
#2308=AXIS2_PLACEMENT_3D('',#3795,#2908,#2909);
#2309=AXIS2_PLACEMENT_3D('',#3822,#2911,#2912);
#2310=AXIS2_PLACEMENT_3D('',#3823,#2913,#2914);
#2311=AXIS2_PLACEMENT_3D('',#3824,#2915,#2916);
#2312=AXIS2_PLACEMENT_3D('',#3825,#2917,#2918);
#2313=AXIS2_PLACEMENT_3D('',#3828,#2921,#2922);
#2314=AXIS2_PLACEMENT_3D('',#3830,#2924,#2925);
#2315=AXIS2_PLACEMENT_3D('',#3832,#2927,#2928);
#2316=AXIS2_PLACEMENT_3D('',#3834,#2930,#2931);
#2317=AXIS2_PLACEMENT_3D('',#3836,#2933,#2934);
#2318=AXIS2_PLACEMENT_3D('',#3838,#2936,#2937);
#2319=AXIS2_PLACEMENT_3D('',#3839,#2938,#2939);
#2320=AXIS2_PLACEMENT_3D('',#3840,#2940,#2941);
#2321=AXIS2_PLACEMENT_3D('',#3843,#2944,#2945);
#2322=AXIS2_PLACEMENT_3D('',#3847,#2947,#2948);
#2323=AXIS2_PLACEMENT_3D('',#3849,#2950,#2951);
#2324=AXIS2_PLACEMENT_3D('',#3853,#2954,#2955);
#2325=AXIS2_PLACEMENT_3D('',#3856,#2957,#2958);
#2326=AXIS2_PLACEMENT_3D('',#3860,#2960,#2961);
#2327=AXIS2_PLACEMENT_3D('',#3862,#2963,#2964);
#2328=AXIS2_PLACEMENT_3D('',#3863,#2965,#2966);
#2329=AXIS2_PLACEMENT_3D('',#3865,#2968,#2969);
#2330=AXIS2_PLACEMENT_3D('',#3866,#2970,#2971);
#2331=AXIS2_PLACEMENT_3D('',#3867,#2972,#2973);
#2332=AXIS2_PLACEMENT_3D('',#3868,#2974,#2975);
#2333=AXIS2_PLACEMENT_3D('',#3870,#2977,#2978);
#2334=AXIS2_PLACEMENT_3D('',#3872,#2980,#2981);
#2335=AXIS2_PLACEMENT_3D('',#3874,#2983,#2984);
#2336=AXIS2_PLACEMENT_3D('',#3876,#2986,#2987);
#2337=AXIS2_PLACEMENT_3D('',#3878,#2989,#2990);
#2338=AXIS2_PLACEMENT_3D('',#3879,#2991,#2992);
#2339=AXIS2_PLACEMENT_3D('',#3881,#2994,#2995);
#2340=AXIS2_PLACEMENT_3D('',#3883,#2997,#2998);
#2341=AXIS2_PLACEMENT_3D('',#3885,#3000,#3001);
#2342=DIRECTION('axis',(0.,0.,1.));
#2343=DIRECTION('refdir',(1.,0.,0.));
#2344=DIRECTION('center_axis',(0.707106781186573,0.,-0.707106781186522));
#2345=DIRECTION('ref_axis',(-0.707106781186522,0.,-0.707106781186573));
#2346=DIRECTION('center_axis',(0.707106781186573,0.,-0.707106781186522));
#2347=DIRECTION('ref_axis',(-0.707106781186522,3.27102595559134E-17,-0.707106781186573));
#2348=DIRECTION('',(-0.577350269189597,0.577350269189642,-0.577350269189638));
#2349=DIRECTION('',(-0.707106781186522,0.,-0.707106781186573));
#2350=DIRECTION('',(0.,-1.,0.));
#2351=DIRECTION('',(0.707106781186522,0.,0.707106781186573));
#2352=DIRECTION('',(0.577350269189598,0.577350269189639,0.57735026918964));
#2353=DIRECTION('center_axis',(0.707106781186573,0.,-0.707106781186522));
#2354=DIRECTION('ref_axis',(-0.707106781186522,3.27102595559134E-17,-0.707106781186573));
#2355=DIRECTION('',(0.,1.,0.));
#2356=DIRECTION('center_axis',(-1.66533453693773E-15,0.,-1.));
#2357=DIRECTION('ref_axis',(1.,0.,-1.66533453693773E-15));
#2358=DIRECTION('',(1.,0.,-1.66533453693773E-15));
#2359=DIRECTION('',(0.707106781186545,0.70710678118655,-1.17756934401282E-15));
#2360=DIRECTION('center_axis',(1.66533453693773E-15,0.,1.));
#2361=DIRECTION('ref_axis',(0.923879532511287,-0.382683432365089,7.6107460354489E-14));
#2362=DIRECTION('',(0.,-1.,0.));
#2363=DIRECTION('center_axis',(1.66533453693773E-15,0.,1.));
#2364=DIRECTION('ref_axis',(0.923879532511287,0.382683432365089,7.6107460354489E-14));
#2365=DIRECTION('',(-0.707106781186545,0.70710678118655,1.17756934401282E-15));
#2366=DIRECTION('',(-1.,0.,1.66533453693773E-15));
#2367=DIRECTION('center_axis',(0.,1.,0.));
#2368=DIRECTION('ref_axis',(-1.,0.,0.));
#2369=DIRECTION('',(8.18366827778621E-14,0.,-1.));
#2370=DIRECTION('center_axis',(0.,-1.,0.));
#2371=DIRECTION('ref_axis',(-0.976296007119916,0.,-0.216439613938183));
#2372=DIRECTION('',(0.422618261740773,0.,-0.906307787036616));
#2373=DIRECTION('center_axis',(0.,-1.,0.));
#2374=DIRECTION('ref_axis',(-0.216439613938065,0.,-0.976296007119942));
#2375=DIRECTION('',(0.766044443118981,0.,0.642787609686536));
#2376=DIRECTION('center_axis',(0.,1.,0.));
#2377=DIRECTION('ref_axis',(0.0871557427476725,0.,0.996194698091744));
#2378=DIRECTION('center_axis',(0.,1.,0.));
#2379=DIRECTION('ref_axis',(0.0871557427476725,0.,0.996194698091744));
#2380=DIRECTION('',(0.642787609686517,0.,-0.766044443118997));
#2381=DIRECTION('',(-0.766044443118976,0.,-0.642787609686542));
#2382=DIRECTION('center_axis',(0.,-1.,0.));
#2383=DIRECTION('ref_axis',(-0.996194698091745,0.,0.0871557427476576));
#2384=DIRECTION('',(0.642787609686539,0.,-0.766044443118978));
#2385=DIRECTION('center_axis',(0.,-1.,0.));
#2386=DIRECTION('ref_axis',(-0.0871557427476585,0.,-0.996194698091746));
#2387=DIRECTION('',(0.766044443118976,0.,0.642787609686542));
#2388=DIRECTION('',(0.642787609686543,0.,-0.766044443118975));
#2389=DIRECTION('center_axis',(0.,1.,0.));
#2390=DIRECTION('ref_axis',(0.996194698091746,0.,-0.0871557427476487));
#2391=DIRECTION('center_axis',(0.,1.,0.));
#2392=DIRECTION('ref_axis',(0.996194698091746,0.,-0.0871557427476487));
#2393=DIRECTION('',(-0.766044443118971,0.,-0.642787609686547));
#2394=DIRECTION('center_axis',(0.,1.,0.));
#2395=DIRECTION('ref_axis',(-0.0114184793133826,0.,-0.999934807040024));
#2396=DIRECTION('',(-0.75116632975138,0.,0.660112979002717));
#2397=DIRECTION('center_axis',(0.,1.,0.));
#2398=DIRECTION('ref_axis',(-0.800252749022599,0.,-0.599662853344922));
#2399=DIRECTION('',(-0.4226182617407,0.,0.90630778703665));
#2400=DIRECTION('center_axis',(0.,1.,0.));
#2401=DIRECTION('ref_axis',(-0.976296007119925,0.,-0.216439613938141));
#2402=DIRECTION('',(-7.90981536034828E-14,0.,1.));
#2403=DIRECTION('center_axis',(0.,1.,0.));
#2404=DIRECTION('ref_axis',(-1.,0.,0.));
#2405=DIRECTION('center_axis',(0.,1.,0.));
#2406=DIRECTION('ref_axis',(-1.,0.,0.));
#2407=DIRECTION('center_axis',(0.,1.,0.));
#2408=DIRECTION('ref_axis',(-1.,0.,0.));
#2409=DIRECTION('center_axis',(0.,1.,0.));
#2410=DIRECTION('ref_axis',(-1.,0.,0.));
#2411=DIRECTION('center_axis',(0.707106781186545,-0.70710678118655,5.59308407923577E-14));
#2412=DIRECTION('ref_axis',(7.90981536034828E-14,0.,-1.));
#2413=DIRECTION('',(-0.707106781186547,-0.707106781186547,-5.65233285126159E-14));
#2414=DIRECTION('',(-7.90981536034828E-14,0.,1.));
#2415=DIRECTION('center_axis',(-7.90981536034828E-14,0.,1.));
#2416=DIRECTION('ref_axis',(-0.923879532511286,0.382683432365092,-7.21018045463579E-14));
#2417=DIRECTION('center_axis',(7.84557604068442E-14,9.97865778444477E-16,
-1.));
#2418=DIRECTION('ref_axis',(-1.,0.,-7.84557604068442E-14));
#2419=DIRECTION('',(7.90981536034828E-14,0.,-1.));
#2420=DIRECTION('center_axis',(-1.,0.,1.11022302462516E-15));
#2421=DIRECTION('ref_axis',(5.54290221343802E-27,-1.,4.99260276029354E-12));
#2422=DIRECTION('center_axis',(-1.,0.,-7.90981536034828E-14));
#2423=DIRECTION('ref_axis',(5.54290221343802E-27,-1.,4.99260276029354E-12));
#2424=DIRECTION('',(1.,0.,-1.11022302462516E-15));
#2425=DIRECTION('center_axis',(-1.,-1.06570242644809E-17,1.0597583416882E-15));
#2426=DIRECTION('ref_axis',(1.06570242697718E-17,-1.,4.99260276029354E-12));
#2427=DIRECTION('center_axis',(1.,1.06570242644809E-17,-1.0597583416882E-15));
#2428=DIRECTION('ref_axis',(1.06570242697718E-17,-1.,4.99260276029354E-12));
#2429=DIRECTION('center_axis',(0.,1.,0.));
#2430=DIRECTION('ref_axis',(-1.,0.,0.));
#2431=DIRECTION('',(0.,-1.,0.));
#2432=DIRECTION('center_axis',(0.,1.,0.));
#2433=DIRECTION('ref_axis',(-1.,0.,0.));
#2434=DIRECTION('center_axis',(0.,1.,0.));
#2435=DIRECTION('ref_axis',(-1.,0.,0.));
#2436=DIRECTION('center_axis',(0.,1.,0.));
#2437=DIRECTION('ref_axis',(-1.,0.,0.));
#2438=DIRECTION('',(0.,-1.,0.));
#2439=DIRECTION('center_axis',(0.,1.,0.));
#2440=DIRECTION('ref_axis',(-1.,0.,0.));
#2441=DIRECTION('center_axis',(0.,1.,0.));
#2442=DIRECTION('ref_axis',(-1.,0.,0.));
#2443=DIRECTION('center_axis',(0.,1.,0.));
#2444=DIRECTION('ref_axis',(-1.,0.,0.));
#2445=DIRECTION('',(0.,-1.,0.));
#2446=DIRECTION('center_axis',(0.,1.,0.));
#2447=DIRECTION('ref_axis',(-1.,0.,0.));
#2448=DIRECTION('center_axis',(0.,1.,0.));
#2449=DIRECTION('ref_axis',(-1.,0.,0.));
#2450=DIRECTION('center_axis',(0.,1.,0.));
#2451=DIRECTION('ref_axis',(-1.,0.,0.));
#2452=DIRECTION('',(0.,-1.,0.));
#2453=DIRECTION('center_axis',(0.,1.,0.));
#2454=DIRECTION('ref_axis',(-1.,0.,0.));
#2455=DIRECTION('center_axis',(0.,1.,0.));
#2456=DIRECTION('ref_axis',(-1.,0.,0.));
#2457=DIRECTION('center_axis',(-1.,0.,-7.91727794435815E-14));
#2458=DIRECTION('ref_axis',(0.,-1.,0.));
#2459=DIRECTION('center_axis',(-1.,0.,-7.90981536034828E-14));
#2460=DIRECTION('ref_axis',(0.,-1.,0.));
#2461=DIRECTION('',(1.,0.,7.91727794435815E-14));
#2462=DIRECTION('center_axis',(-1.,0.,-7.91637287124025E-14));
#2463=DIRECTION('ref_axis',(0.,-1.,0.));
#2464=DIRECTION('center_axis',(1.,0.,7.91637287124025E-14));
#2465=DIRECTION('ref_axis',(0.,-1.,0.));
#2466=DIRECTION('center_axis',(-0.660112979002717,0.,-0.75116632975138));
#2467=DIRECTION('ref_axis',(0.,-1.,0.));
#2468=DIRECTION('center_axis',(-0.660112979002717,0.,-0.75116632975138));
#2469=DIRECTION('ref_axis',(0.,-1.,0.));
#2470=DIRECTION('',(0.660112979002717,0.,0.75116632975138));
#2471=DIRECTION('center_axis',(-0.660112979002717,0.,-0.75116632975138));
#2472=DIRECTION('ref_axis',(0.,-1.,0.));
#2473=DIRECTION('center_axis',(0.660112979002717,0.,0.75116632975138));
#2474=DIRECTION('ref_axis',(0.,-1.,0.));
#2475=DIRECTION('center_axis',(-0.454519477672046,-0.707106781186546,0.541675220419702));
#2476=DIRECTION('ref_axis',(0.766044443118976,0.,0.642787609686542));
#2477=DIRECTION('',(-0.220871283060308,0.678598344545846,0.700514213345404));
#2478=DIRECTION('',(0.766044443118976,0.,0.642787609686542));
#2479=DIRECTION('',(0.454519477672052,-0.707106781186549,-0.541675220419692));
#2480=DIRECTION('center_axis',(0.,1.,0.));
#2481=DIRECTION('ref_axis',(-0.996194698091746,0.,0.0871557427476576));
#2482=DIRECTION('',(0.541675220419703,-0.707106781186547,0.454519477672044));
#2483=DIRECTION('center_axis',(0.,1.,0.));
#2484=DIRECTION('ref_axis',(-0.996194698091746,0.,0.0871557427476576));
#2485=DIRECTION('center_axis',(-0.541675220419701,-0.707106781186548,-0.454519477672043));
#2486=DIRECTION('ref_axis',(-0.642787609686539,0.,0.766044443118978));
#2487=DIRECTION('',(-0.642787609686539,0.,0.766044443118978));
#2488=DIRECTION('',(0.541675220419697,-0.707106781186547,0.454519477672051));
#2489=DIRECTION('center_axis',(0.,1.,0.));
#2490=DIRECTION('ref_axis',(-0.0871557427476585,0.,-0.996194698091746));
#2491=DIRECTION('',(-0.454519477672045,-0.707106781186543,0.541675220419706));
#2492=DIRECTION('center_axis',(0.,1.,0.));
#2493=DIRECTION('ref_axis',(-0.0871557427476585,0.,-0.996194698091745));
#2494=DIRECTION('center_axis',(0.454519477672046,-0.707106781186547,-0.541675220419701));
#2495=DIRECTION('ref_axis',(-0.766044443118976,0.,-0.642787609686542));
#2496=DIRECTION('',(-0.651517932595423,-0.678598344545846,0.339158768552757));
#2497=DIRECTION('',(-0.766044443118976,0.,-0.642787609686542));
#2498=DIRECTION('center_axis',(-0.642787609686543,0.,0.766044443118975));
#2499=DIRECTION('ref_axis',(0.70773278199164,0.38268343236509,0.593858316341236));
#2500=DIRECTION('',(-0.0714972561125497,0.500000000000005,0.863069025262969));
#2501=DIRECTION('center_axis',(-0.642787609686542,0.,0.766044443118976));
#2502=DIRECTION('ref_axis',(0.707732781991648,0.38268343236509,0.593858316341227));
#2503=DIRECTION('',(0.0871557427475975,0.,0.996194698091751));
#2504=DIRECTION('center_axis',(0.642787609686542,0.,-0.766044443118976));
#2505=DIRECTION('ref_axis',(0.707732781991629,0.38268343236509,0.59385831634125));
#2506=DIRECTION('center_axis',(-0.642787609686542,0.,0.766044443118976));
#2507=DIRECTION('ref_axis',(-0.766044443118976,0.,-0.642787609686542));
#2508=DIRECTION('',(0.,-1.,0.));
#2509=DIRECTION('center_axis',(0.642787609686542,0.,-0.766044443118976));
#2510=DIRECTION('ref_axis',(0.707732781991629,-0.382683432365088,0.59385831634125));
#2511=DIRECTION('',(-0.5416752204197,-0.707106781186548,-0.454519477672045));
#2512=DIRECTION('',(-0.766044443118976,0.,-0.642787609686542));
#2513=DIRECTION('',(0.,1.,0.));
#2514=DIRECTION('center_axis',(0.,1.,0.));
#2515=DIRECTION('ref_axis',(-0.996194698091746,0.,0.0871557427476576));
#2516=DIRECTION('center_axis',(0.,-1.,0.));
#2517=DIRECTION('ref_axis',(-0.996194698091746,0.,0.0871557427476576));
#2518=DIRECTION('',(0.,-1.,0.));
#2519=DIRECTION('center_axis',(-0.766044443118978,0.,-0.642787609686539));
#2520=DIRECTION('ref_axis',(0.642787609686539,0.,-0.766044443118978));
#2521=DIRECTION('',(0.642787609686539,0.,-0.766044443118978));
#2522=DIRECTION('',(0.,1.,0.));
#2523=DIRECTION('center_axis',(0.,1.,0.));
#2524=DIRECTION('ref_axis',(-0.0871557427476585,0.,-0.996194698091746));
#2525=DIRECTION('center_axis',(0.,-1.,0.));
#2526=DIRECTION('ref_axis',(-0.0871557427476585,0.,-0.996194698091745));
#2527=DIRECTION('',(0.,-1.,0.));
#2528=DIRECTION('center_axis',(0.642787609686542,0.,-0.766044443118976));
#2529=DIRECTION('ref_axis',(0.766044443118976,0.,0.642787609686542));
#2530=DIRECTION('',(0.766044443118976,0.,0.642787609686542));
#2531=DIRECTION('',(0.541675220419701,0.707106781186547,0.454519477672046));
#2532=DIRECTION('center_axis',(-0.642787609686542,0.,0.766044443118976));
#2533=DIRECTION('ref_axis',(0.707732781991629,-0.38268343236509,0.59385831634125));
#2534=DIRECTION('',(0.,1.,0.));
#2535=DIRECTION('center_axis',(-0.642787609686542,0.,0.766044443118976));
#2536=DIRECTION('ref_axis',(0.707732781991627,0.382683432365095,0.593858316341248));
#2537=DIRECTION('center_axis',(0.642787609686541,0.,-0.766044443118976));
#2538=DIRECTION('ref_axis',(0.707732781991627,0.382683432365094,0.593858316341249));
#2539=DIRECTION('',(0.996194698091744,0.,-0.0871557427476759));
#2540=DIRECTION('center_axis',(0.642787609686542,0.,-0.766044443118976));
#2541=DIRECTION('ref_axis',(0.707732781991627,0.382683432365095,0.593858316341249));
#2542=DIRECTION('',(0.837541699231528,0.500000000000015,-0.220281415576414));
#2543=DIRECTION('center_axis',(-0.454519477672046,0.707106781186546,0.541675220419702));
#2544=DIRECTION('ref_axis',(0.766044443118976,0.,0.642787609686542));
#2545=DIRECTION('',(0.220871283060309,0.678598344545844,-0.700514213345406));
#2546=DIRECTION('',(0.766044443118976,0.,0.642787609686542));
#2547=DIRECTION('',(-0.454519477672052,-0.707106781186549,0.541675220419692));
#2548=DIRECTION('center_axis',(-0.837541699231534,-0.499999999999995,0.220281415576437));
#2549=DIRECTION('ref_axis',(0.254359069161055,0.,0.967109851017723));
#2550=DIRECTION('',(-0.5416752204197,0.707106781186548,-0.454519477672045));
#2551=DIRECTION('center_axis',(-0.996194698091744,0.,0.0871557427476789));
#2552=DIRECTION('ref_axis',(0.0871557427476789,0.,0.996194698091744));
#2553=DIRECTION('',(0.087155742747682,0.,0.996194698091743));
#2554=DIRECTION('',(0.,1.,0.));
#2555=DIRECTION('center_axis',(-0.642787609686543,0.,0.766044443118975));
#2556=DIRECTION('ref_axis',(0.70773278199164,-0.382683432365089,0.593858316341236));
#2557=DIRECTION('',(-0.0714972561126074,-0.499999999999974,0.863069025262982));
#2558=DIRECTION('center_axis',(-0.642787609686542,0.,0.766044443118976));
#2559=DIRECTION('ref_axis',(0.707732781991648,-0.382683432365088,0.593858316341227));
#2560=DIRECTION('center_axis',(-0.837541699231534,0.499999999999997,0.220281415576435));
#2561=DIRECTION('ref_axis',(0.254359069161052,0.,0.967109851017723));
#2562=DIRECTION('',(0.5416752204197,0.707106781186548,0.454519477672045));
#2563=DIRECTION('center_axis',(0.,-1.,0.));
#2564=DIRECTION('ref_axis',(-0.996194698091746,0.,0.0871557427476576));
#2565=DIRECTION('center_axis',(0.,1.,0.));
#2566=DIRECTION('ref_axis',(-0.996194698091745,0.,0.0871557427476576));
#2567=DIRECTION('',(-0.541675220419703,-0.707106781186547,-0.454519477672044));
#2568=DIRECTION('center_axis',(-0.541675220419701,0.707106781186548,-0.454519477672043));
#2569=DIRECTION('ref_axis',(-0.642787609686539,0.,0.766044443118978));
#2570=DIRECTION('',(-0.541675220419697,-0.707106781186547,-0.454519477672051));
#2571=DIRECTION('',(-0.642787609686539,0.,0.766044443118978));
#2572=DIRECTION('center_axis',(0.,-1.,0.));
#2573=DIRECTION('ref_axis',(-0.0871557427476585,0.,-0.996194698091746));
#2574=DIRECTION('center_axis',(0.,1.,0.));
#2575=DIRECTION('ref_axis',(-0.0871557427476585,0.,-0.996194698091746));
#2576=DIRECTION('',(0.454519477672045,-0.707106781186543,-0.541675220419706));
#2577=DIRECTION('center_axis',(0.454519477672046,0.707106781186547,-0.541675220419701));
#2578=DIRECTION('ref_axis',(-0.766044443118976,0.,-0.642787609686542));
#2579=DIRECTION('',(-0.766044443118976,0.,-0.642787609686542));
#2580=DIRECTION('',(0.651517932595417,-0.67859834454585,-0.339158768552762));
#2581=DIRECTION('center_axis',(0.0714972561125635,0.499999999999997,-0.863069025262973));
#2582=DIRECTION('ref_axis',(-0.996586268129608,0.,-0.0825579201258162));
#2583=DIRECTION('',(-0.541675220419701,-0.707106781186547,-0.454519477672046));
#2584=DIRECTION('',(0.837541699231533,-0.500000000000003,-0.220281415576423));
#2585=DIRECTION('center_axis',(0.642787609686541,0.,-0.766044443118977));
#2586=DIRECTION('ref_axis',(0.707732781991629,-0.38268343236509,0.593858316341249));
#2587=DIRECTION('',(0.996194698091747,0.,-0.0871557427476412));
#2588=DIRECTION('center_axis',(0.642787609686542,0.,-0.766044443118976));
#2589=DIRECTION('ref_axis',(0.707732781991629,-0.38268343236509,0.593858316341249));
#2590=DIRECTION('center_axis',(-0.0871557427476758,0.,-0.996194698091744));
#2591=DIRECTION('ref_axis',(-0.996194698091744,0.,0.0871557427476758));
#2592=DIRECTION('',(0.,-1.,0.));
#2593=DIRECTION('center_axis',(0.0714972561125668,-0.5,-0.863069025262971));
#2594=DIRECTION('ref_axis',(-0.996586268129608,0.,-0.0825579201258201));
#2595=DIRECTION('',(0.541675220419705,-0.707106781186542,0.454519477672049));
#2596=DIRECTION('center_axis',(-8.18366827778621E-14,0.,1.));
#2597=DIRECTION('ref_axis',(0.923879532511287,-0.382683432365089,7.6107460354489E-14));
#2598=DIRECTION('',(-8.18366827778621E-14,0.,1.));
#2599=DIRECTION('center_axis',(8.28966525053451E-14,-8.41611957789764E-16,
-1.));
#2600=DIRECTION('ref_axis',(1.,0.,8.28966525053451E-14));
#2601=DIRECTION('',(8.18366827778621E-14,0.,-1.));
#2602=DIRECTION('center_axis',(0.,1.,0.));
#2603=DIRECTION('ref_axis',(0.,0.,-1.));
#2604=DIRECTION('center_axis',(-1.39733934322797E-16,1.,6.30299045799755E-16));
#2605=DIRECTION('ref_axis',(-0.976296007119916,0.,-0.216439613938182));
#2606=DIRECTION('center_axis',(0.422618261740774,-2.6713378637328E-15,-0.906307787036615));
#2607=DIRECTION('ref_axis',(0.906307787036615,0.,0.422618261740774));
#2608=DIRECTION('center_axis',(0.,-1.,0.));
#2609=DIRECTION('ref_axis',(-0.976296007119916,0.,-0.216439613938182));
#2610=DIRECTION('center_axis',(-0.422618261740773,0.,0.906307787036616));
#2611=DIRECTION('ref_axis',(0.837319214598728,-0.382683432365087,0.390448362087798));
#2612=DIRECTION('',(-0.422618261740773,0.,0.906307787036616));
#2613=DIRECTION('center_axis',(0.422618261740772,1.09034198519707E-16,-0.906307787036616));
#2614=DIRECTION('ref_axis',(0.906307787036616,0.,0.422618261740772));
#2615=DIRECTION('',(0.422618261740773,0.,-0.906307787036616));
#2616=DIRECTION('center_axis',(0.,1.,0.));
#2617=DIRECTION('ref_axis',(0.,0.,-1.));
#2618=DIRECTION('center_axis',(0.,1.,0.));
#2619=DIRECTION('ref_axis',(-0.216439613938065,0.,-0.976296007119942));
#2620=DIRECTION('center_axis',(0.766044443118981,0.,0.642787609686536));
#2621=DIRECTION('ref_axis',(-0.642787609686536,0.,0.766044443118981));
#2622=DIRECTION('center_axis',(0.,-1.,0.));
#2623=DIRECTION('ref_axis',(-0.216439613938066,0.,-0.976296007119942));
#2624=DIRECTION('center_axis',(-0.766044443118981,-7.85046229341887E-17,
-0.642787609686536));
#2625=DIRECTION('ref_axis',(-0.593858316341244,-0.38268343236509,0.707732781991633));
#2626=DIRECTION('center_axis',(0.766044443118981,-2.61682076447297E-15,
0.642787609686536));
#2627=DIRECTION('ref_axis',(-0.642787609686536,0.,0.766044443118981));
#2628=DIRECTION('',(0.766044443118981,7.85046229341887E-17,0.642787609686536));
#2629=DIRECTION('',(-0.766044443118981,-1.17756934401283E-16,-0.642787609686536));
#2630=DIRECTION('center_axis',(0.735739672827039,0.278487229685499,0.617358888111655));
#2631=DIRECTION('ref_axis',(-0.642787609686536,1.48029736616688E-15,0.766044443118981));
#2632=DIRECTION('center_axis',(-0.642787609686536,0.,0.766044443118981));
#2633=DIRECTION('ref_axis',(-0.541675220419711,-0.707106781186539,-0.454519477672047));
#2634=DIRECTION('center_axis',(0.425467563422817,-0.235702260395512,-0.873740119783621));
#2635=DIRECTION('ref_axis',(-0.724958831974839,-0.666666666666659,-0.173176925418035));
#2636=DIRECTION('center_axis',(0.617358888165123,-0.27848722968276,-0.73573967278321));
#2637=DIRECTION('ref_axis',(0.766044443072714,0.,0.642787609741675));
#2638=DIRECTION('center_axis',(0.642787609686517,-4.03426534522915E-15,
-0.766044443118997));
#2639=DIRECTION('ref_axis',(0.766044443118997,0.,0.642787609686517));
#2640=DIRECTION('center_axis',(0.766044443118997,0.,0.642787609686517));
#2641=DIRECTION('ref_axis',(0.454519477672034,-0.707106781186538,-0.541675220419722));
#2642=DIRECTION('center_axis',(-0.570727134668942,-0.235702260395513,-0.786584377035945));
#2643=DIRECTION('ref_axis',(0.683873220830682,-0.666666666666658,-0.296433758850498));
#2644=DIRECTION('center_axis',(-0.642787609686517,-7.85046229341888E-17,
0.766044443118997));
#2645=DIRECTION('ref_axis',(0.707732781991648,-0.382683432365088,0.593858316341227));
#2646=DIRECTION('',(0.642787609686517,7.85046229341888E-17,-0.766044443118997));
#2647=DIRECTION('',(-0.642787609686517,-7.85046229341888E-17,0.766044443118997));
#2648=DIRECTION('center_axis',(-0.766044443118997,0.,-0.642787609686517));
#2649=DIRECTION('ref_axis',(0.642787609686517,0.,-0.766044443118997));
#2650=DIRECTION('',(-0.642787609686517,0.,0.766044443118997));
#2651=DIRECTION('center_axis',(0.766044443118997,0.,0.642787609686517));
#2652=DIRECTION('ref_axis',(0.454519477672034,0.707106781186538,-0.541675220419722));
#2653=DIRECTION('',(-0.454519477672028,-0.707106781186547,0.541675220419715));
#2654=DIRECTION('',(0.,-1.,0.));
#2655=DIRECTION('center_axis',(0.,1.,0.));
#2656=DIRECTION('ref_axis',(0.0871557427476754,0.,0.996194698091744));
#2657=DIRECTION('center_axis',(0.155898894680933,-0.970142500145332,-0.185793067817471));
#2658=DIRECTION('ref_axis',(-0.623595578723736,-0.242535625036332,0.743172271269888));
#2659=DIRECTION('',(0.,1.,0.));
#2660=DIRECTION('center_axis',(0.642787609686536,0.,-0.766044443118981));
#2661=DIRECTION('ref_axis',(0.766044443118981,0.,0.642787609686536));
#2662=DIRECTION('',(-0.766044443118981,7.85046229341887E-17,-0.642787609686536));
#2663=DIRECTION('',(0.,-1.,0.));
#2664=DIRECTION('center_axis',(0.,1.,0.));
#2665=DIRECTION('ref_axis',(-0.216439613938065,0.,-0.976296007119942));
#2666=DIRECTION('center_axis',(0.,1.,0.));
#2667=DIRECTION('ref_axis',(-0.216439613938066,0.,-0.976296007119942));
#2668=DIRECTION('',(0.,1.,0.));
#2669=DIRECTION('center_axis',(-0.906307787036616,0.,-0.422618261740773));
#2670=DIRECTION('ref_axis',(0.422618261740773,0.,-0.906307787036616));
#2671=DIRECTION('',(-0.422618261740773,0.,0.906307787036616));
#2672=DIRECTION('',(0.,-1.,0.));
#2673=DIRECTION('center_axis',(0.,1.,0.));
#2674=DIRECTION('ref_axis',(-0.976296007119916,0.,-0.216439613938182));
#2675=DIRECTION('center_axis',(0.,1.,0.));
#2676=DIRECTION('ref_axis',(-0.976296007119916,0.,-0.216439613938182));
#2677=DIRECTION('',(0.,1.,0.));
#2678=DIRECTION('center_axis',(-1.,0.,-8.18366827778621E-14));
#2679=DIRECTION('ref_axis',(8.18366827778621E-14,0.,-1.));
#2680=DIRECTION('',(-8.18366827778621E-14,0.,1.));
#2681=DIRECTION('center_axis',(0.642787609686517,0.,-0.766044443118997));
#2682=DIRECTION('ref_axis',(0.707732781991648,0.38268343236509,0.593858316341227));
#2683=DIRECTION('',(0.642787609686517,0.,-0.766044443118997));
#2684=DIRECTION('center_axis',(-0.642787609686518,8.72273588157649E-16,
0.766044443118996));
#2685=DIRECTION('ref_axis',(0.766044443118996,0.,0.642787609686518));
#2686=DIRECTION('center_axis',(-0.245581414090558,0.485071250072659,-0.839282819677747));
#2687=DIRECTION('ref_axis',(0.856213649429879,0.514495755427519,0.0468220479799234));
#2688=DIRECTION('center_axis',(-0.454519477672028,-0.707106781186546,0.541675220419718));
#2689=DIRECTION('ref_axis',(0.766044443118998,0.,0.642787609686515));
#2690=DIRECTION('center_axis',(-0.245581414090558,0.485071250072659,-0.839282819677747));
#2691=DIRECTION('ref_axis',(0.856213649429879,0.514495755427519,0.0468220479799234));
#2692=DIRECTION('center_axis',(-0.766044443118981,0.,-0.642787609686536));
#2693=DIRECTION('ref_axis',(-0.642787609686536,0.,0.766044443118981));
#2694=DIRECTION('center_axis',(0.454519477672028,0.707106781186547,-0.541675220419716));
#2695=DIRECTION('ref_axis',(-0.454519477672041,0.707106781186548,0.541675220419704));
#2696=DIRECTION('center_axis',(-0.454519477672041,0.707106781186548,0.541675220419704));
#2697=DIRECTION('ref_axis',(-0.454519477672042,-0.707106781186547,0.541675220419704));
#2698=DIRECTION('center_axis',(0.766044443118981,-7.85046229341887E-17,
0.642787609686536));
#2699=DIRECTION('ref_axis',(-0.593858316341244,0.38268343236509,0.707732781991633));
#2700=DIRECTION('center_axis',(-0.76604444311898,-6.54205191118243E-16,
-0.642787609686537));
#2701=DIRECTION('ref_axis',(-0.642787609686537,0.,0.76604444311898));
#2702=DIRECTION('',(0.766044443118981,-1.17756934401283E-16,0.642787609686536));
#2703=DIRECTION('center_axis',(0.,-1.,0.));
#2704=DIRECTION('ref_axis',(0.216439613938065,0.,-0.976296007119942));
#2705=DIRECTION('center_axis',(0.,-1.,0.));
#2706=DIRECTION('ref_axis',(-0.216439613938065,0.,-0.976296007119942));
#2707=DIRECTION('center_axis',(-0.422618261740773,-4.9065389333868E-16,
0.906307787036616));
#2708=DIRECTION('ref_axis',(0.906307787036616,0.,0.422618261740773));
#2709=DIRECTION('center_axis',(0.422618261740773,0.,-0.906307787036616));
#2710=DIRECTION('ref_axis',(0.837319214598727,0.38268343236509,0.390448362087798));
#2711=DIRECTION('',(0.422618261740773,0.,-0.906307787036616));
#2712=DIRECTION('center_axis',(-0.422618261740772,1.90809847409486E-15,
0.906307787036616));
#2713=DIRECTION('ref_axis',(0.906307787036616,0.,0.422618261740772));
#2714=DIRECTION('center_axis',(0.,-1.,0.));
#2715=DIRECTION('ref_axis',(0.,0.,1.));
#2716=DIRECTION('center_axis',(-6.30299045799754E-16,-1.,-1.39733934322798E-16));
#2717=DIRECTION('ref_axis',(-0.976296007119916,6.45602400504683E-16,-0.216439613938182));
#2718=DIRECTION('center_axis',(-8.14163551391782E-14,8.18275593410911E-16,
1.));
#2719=DIRECTION('ref_axis',(1.,0.,8.14163551391782E-14));
#2720=DIRECTION('center_axis',(8.18366827778621E-14,0.,-1.));
#2721=DIRECTION('ref_axis',(0.923879532511287,0.382683432365089,7.6107460354489E-14));
#2722=DIRECTION('',(8.18366827778621E-14,0.,-1.));
#2723=DIRECTION('center_axis',(-0.454519477672028,-0.707106781186547,0.541675220419715));
#2724=DIRECTION('ref_axis',(0.220281415576449,0.500000000000005,0.837541699231525));
#2725=DIRECTION('',(0.454519477672028,0.707106781186547,-0.541675220419716));
#2726=DIRECTION('center_axis',(-0.0711623659616925,0.577350269189621,-0.813389564930241));
#2727=DIRECTION('ref_axis',(0.0503193915367885,0.816496580927729,0.575153277108542));
#2728=DIRECTION('',(-0.0711623659616925,0.577350269189621,-0.813389564930241));
#2729=DIRECTION('center_axis',(-0.0711623659616925,0.577350269189621,-0.813389564930241));
#2730=DIRECTION('ref_axis',(0.0503193915367885,0.816496580927729,0.575153277108542));
#2731=DIRECTION('',(0.0711623659616925,-0.577350269189621,0.813389564930241));
#2732=DIRECTION('center_axis',(0.454519477672041,-0.707106781186548,-0.541675220419704));
#2733=DIRECTION('ref_axis',(-0.766044443118981,0.,-0.642787609686536));
#2734=DIRECTION('',(0.454519477672041,0.707106781186547,-0.541675220419705));
#2735=DIRECTION('center_axis',(0.,1.,0.));
#2736=DIRECTION('ref_axis',(-0.216439613938065,0.,-0.976296007119942));
#2737=DIRECTION('',(-0.640856382055765,0.707106781186547,-0.298836238730171));
#2738=DIRECTION('center_axis',(-0.640856382055765,-0.707106781186547,-0.298836238730172));
#2739=DIRECTION('ref_axis',(-0.422618261740773,0.,0.906307787036616));
#2740=DIRECTION('',(-0.640856382055762,0.70710678118655,-0.298836238730171));
#2741=DIRECTION('center_axis',(0.,1.,0.));
#2742=DIRECTION('ref_axis',(-0.976296007119916,0.,-0.216439613938183));
#2743=DIRECTION('',(-0.707106781186549,0.707106781186546,-5.71513654960893E-14));
#2744=DIRECTION('center_axis',(-0.70710678118655,-0.707106781186545,-5.78672733420388E-14));
#2745=DIRECTION('ref_axis',(-8.18366827778621E-14,0.,1.));
#2746=DIRECTION('center_axis',(-0.642787609686543,0.,0.766044443118975));
#2747=DIRECTION('ref_axis',(0.707732781991629,-0.38268343236509,0.593858316341249));
#2748=DIRECTION('',(-0.642787609686542,0.,0.766044443118975));
#2749=DIRECTION('center_axis',(0.642787609686541,-1.74454717631531E-15,
-0.766044443118977));
#2750=DIRECTION('ref_axis',(0.766044443118977,0.,0.64278760968654));
#2751=DIRECTION('',(0.642787609686542,0.,-0.766044443118975));
#2752=DIRECTION('center_axis',(0.617358888111662,0.278487229685487,-0.735739672827037));
#2753=DIRECTION('ref_axis',(0.766044443118977,0.,0.64278760968654));
#2754=DIRECTION('center_axis',(0.766044443118975,0.,0.642787609686543));
#2755=DIRECTION('ref_axis',(-0.454519477672045,-0.707106781186549,0.541675220419698));
#2756=DIRECTION('center_axis',(-0.873740119783615,-0.235702260395516,-0.425467563422829));
#2757=DIRECTION('ref_axis',(-0.173176925418036,-0.666666666666669,0.724958831974829));
#2758=DIRECTION('center_axis',(-0.735739672783188,-0.278487229682764,-0.617358888165148));
#2759=DIRECTION('ref_axis',(0.642787609741702,0.,-0.766044443072691));
#2760=DIRECTION('center_axis',(-0.766044443118971,-4.14329954374887E-15,
-0.642787609686548));
#2761=DIRECTION('ref_axis',(0.642787609686548,0.,-0.766044443118971));
#2762=DIRECTION('center_axis',(0.642787609686547,0.,-0.766044443118971));
#2763=DIRECTION('ref_axis',(-0.541675220419696,-0.707106781186549,-0.454519477672048));
#2764=DIRECTION('center_axis',(-0.786584377035964,-0.235702260395516,0.570727134668913));
#2765=DIRECTION('ref_axis',(-0.296433758850464,-0.666666666666669,-0.683873220830687));
#2766=DIRECTION('center_axis',(0.766044443118971,0.,0.642787609686547));
#2767=DIRECTION('ref_axis',(0.593858316341255,-0.382683432365091,-0.707732781991624));
#2768=DIRECTION('center_axis',(-0.766044443118971,-1.09034198519706E-16,
-0.642787609686548));
#2769=DIRECTION('ref_axis',(0.642787609686548,0.,-0.766044443118971));
#2770=DIRECTION('',(-0.766044443118971,0.,-0.642787609686547));
#2771=DIRECTION('',(0.766044443118971,0.,0.642787609686547));
#2772=DIRECTION('center_axis',(0.,-1.,0.));
#2773=DIRECTION('ref_axis',(0.0114184793133824,0.,-0.999934807040024));
#2774=DIRECTION('center_axis',(0.,-1.,0.));
#2775=DIRECTION('ref_axis',(-0.0114184793133827,0.,-0.999934807040024));
#2776=DIRECTION('center_axis',(-0.751166329751379,2.72585496299267E-15,
0.660112979002718));
#2777=DIRECTION('ref_axis',(-0.660112979002718,0.,-0.751166329751379));
#2778=DIRECTION('center_axis',(0.,1.,0.));
#2779=DIRECTION('ref_axis',(-0.0114184793133826,0.,-0.999934807040024));
#2780=DIRECTION('center_axis',(0.75116632975138,-7.85046229341889E-17,-0.660112979002717));
#2781=DIRECTION('ref_axis',(-0.609864870445661,-0.382683432365088,-0.693987197568926));
#2782=DIRECTION('',(0.75116632975138,-1.17756934401283E-16,-0.660112979002717));
#2783=DIRECTION('center_axis',(-0.751166329751379,-1.3084103822365E-15,
0.660112979002717));
#2784=DIRECTION('ref_axis',(-0.660112979002717,-1.48029736616688E-15,-0.751166329751379));
#2785=DIRECTION('',(-0.75116632975138,7.85046229341889E-17,0.660112979002717));
#2786=DIRECTION('center_axis',(0.,-1.,0.));
#2787=DIRECTION('ref_axis',(0.,0.,1.));
#2788=DIRECTION('center_axis',(0.,-1.,0.));
#2789=DIRECTION('ref_axis',(-0.800252749022599,0.,-0.599662853344922));
#2790=DIRECTION('center_axis',(-0.422618261740699,1.69003007705546E-15,
0.90630778703665));
#2791=DIRECTION('ref_axis',(-0.90630778703665,0.,-0.422618261740699));
#2792=DIRECTION('center_axis',(0.,1.,0.));
#2793=DIRECTION('ref_axis',(-0.800252749022599,0.,-0.599662853344922));
#2794=DIRECTION('center_axis',(0.4226182617407,7.85046229341889E-17,-0.90630778703665));
#2795=DIRECTION('ref_axis',(-0.837319214598758,-0.382683432365089,-0.390448362087732));
#2796=DIRECTION('',(0.4226182617407,3.92523114670946E-17,-0.90630778703665));
#2797=DIRECTION('center_axis',(-0.422618261740702,-1.85358137483502E-15,
0.906307787036649));
#2798=DIRECTION('ref_axis',(-0.906307787036648,0.,-0.422618261740702));
#2799=DIRECTION('',(-0.4226182617407,-7.85046229341889E-17,0.90630778703665));
#2800=DIRECTION('center_axis',(0.,-1.,0.));
#2801=DIRECTION('ref_axis',(0.,0.,1.));
#2802=DIRECTION('center_axis',(3.69950854193909E-16,-1.,5.80706520070525E-16));
#2803=DIRECTION('ref_axis',(-0.976296007119925,-4.86869436795544E-16,-0.216439613938141));
#2804=DIRECTION('center_axis',(-7.84557604068442E-14,9.97865778445144E-16,
1.));
#2805=DIRECTION('ref_axis',(-1.,0.,-7.84557604068442E-14));
#2806=DIRECTION('center_axis',(0.,1.,0.));
#2807=DIRECTION('ref_axis',(-0.976296007119925,0.,-0.216439613938141));
#2808=DIRECTION('center_axis',(7.90981536034828E-14,0.,-1.));
#2809=DIRECTION('ref_axis',(-0.923879532511287,-0.382683432365089,-7.37040668696104E-14));
#2810=DIRECTION('',(-7.90981536034828E-14,0.,1.));
#2811=DIRECTION('',(7.90981536034828E-14,0.,-1.));
#2812=DIRECTION('center_axis',(-0.5416752204197,0.707106781186548,-0.454519477672046));
#2813=DIRECTION('ref_axis',(-0.642787609686542,0.,0.766044443118975));
#2814=DIRECTION('',(-0.642787609686543,0.,0.766044443118975));
#2815=DIRECTION('',(0.813389564930239,0.577350269189627,-0.071162365961673));
#2816=DIRECTION('center_axis',(-0.813389564930239,-0.577350269189627,0.071162365961673));
#2817=DIRECTION('ref_axis',(0.575153277108548,-0.816496580927726,-0.0503193915367781));
#2818=DIRECTION('center_axis',(0.,-1.,0.));
#2819=DIRECTION('ref_axis',(0.996194698091746,-5.34156301773213E-17,-0.0871557427476505));
#2820=DIRECTION('',(-0.813389564930239,-0.577350269189627,0.0711623659616729));
#2821=DIRECTION('center_axis',(-0.454519477672049,0.707106781186548,0.541675220419697));
#2822=DIRECTION('ref_axis',(0.766044443118971,0.,0.642787609686547));
#2823=DIRECTION('',(0.766044443118971,0.,0.642787609686547));
#2824=DIRECTION('',(-0.45451947767205,-0.707106781186547,0.541675220419697));
#2825=DIRECTION('center_axis',(0.,1.,0.));
#2826=DIRECTION('ref_axis',(-0.0114184793133826,0.,-0.999934807040024));
#2827=DIRECTION('center_axis',(0.,-1.,0.));
#2828=DIRECTION('ref_axis',(-0.0114184793133826,0.,-0.999934807040024));
#2829=DIRECTION('',(0.466770363802073,-0.707106781186549,0.53115480556621));
#2830=DIRECTION('center_axis',(0.466770363802075,0.707106781186546,0.531154805566212));
#2831=DIRECTION('ref_axis',(0.75116632975138,0.,-0.660112979002717));
#2832=DIRECTION('',(0.75116632975138,0.,-0.660112979002717));
#2833=DIRECTION('',(0.466770363802074,-0.707106781186549,0.531154805566208));
#2834=DIRECTION('center_axis',(0.,1.,0.));
#2835=DIRECTION('ref_axis',(-0.800252749022599,0.,-0.599662853344922));
#2836=DIRECTION('center_axis',(0.,-1.,0.));
#2837=DIRECTION('ref_axis',(-0.800252749022599,0.,-0.599662853344922));
#2838=DIRECTION('',(0.640856382055787,-0.707106781186549,0.29883623873012));
#2839=DIRECTION('center_axis',(0.64085638205579,0.707106781186546,0.298836238730121));
#2840=DIRECTION('ref_axis',(0.4226182617407,0.,-0.90630778703665));
#2841=DIRECTION('',(0.4226182617407,0.,-0.90630778703665));
#2842=DIRECTION('',(0.640856382055787,-0.707106781186549,0.298836238730121));
#2843=DIRECTION('center_axis',(0.,1.,0.));
#2844=DIRECTION('ref_axis',(-0.976296007119925,0.,-0.216439613938141));
#2845=DIRECTION('center_axis',(0.,-1.,0.));
#2846=DIRECTION('ref_axis',(-0.976296007119925,0.,-0.216439613938141));
#2847=DIRECTION('',(0.707106781186547,-0.707106781186547,5.65233285126159E-14));
#2848=DIRECTION('center_axis',(0.707106781186548,0.707106781186548,5.59308407923579E-14));
#2849=DIRECTION('ref_axis',(7.90981536034828E-14,0.,-1.));
#2850=DIRECTION('',(7.90981536034828E-14,0.,-1.));
#2851=DIRECTION('center_axis',(0.,1.,0.));
#2852=DIRECTION('ref_axis',(0.,0.,-1.));
#2853=DIRECTION('center_axis',(2.10755665876616E-16,1.,-9.50657374264434E-16));
#2854=DIRECTION('ref_axis',(-0.976296007119925,0.,-0.216439613938141));
#2855=DIRECTION('center_axis',(0.422618261740699,-2.18068397039415E-16,
-0.90630778703665));
#2856=DIRECTION('ref_axis',(-0.90630778703665,0.,-0.422618261740699));
#2857=DIRECTION('center_axis',(0.,-1.,0.));
#2858=DIRECTION('ref_axis',(-0.976296007119925,0.,-0.216439613938141));
#2859=DIRECTION('center_axis',(-0.4226182617407,-7.85046229341886E-17,0.90630778703665));
#2860=DIRECTION('ref_axis',(-0.837319214598757,0.38268343236509,-0.390448362087733));
#2861=DIRECTION('',(-0.4226182617407,-7.85046229341886E-17,0.90630778703665));
#2862=DIRECTION('center_axis',(0.4226182617407,-7.08722290378089E-16,-0.90630778703665));
#2863=DIRECTION('ref_axis',(-0.90630778703665,0.,-0.4226182617407));
#2864=DIRECTION('',(0.4226182617407,7.85046229341886E-17,-0.90630778703665));
#2865=DIRECTION('center_axis',(0.,1.,0.));
#2866=DIRECTION('ref_axis',(0.,0.,-1.));
#2867=DIRECTION('center_axis',(0.,1.,0.));
#2868=DIRECTION('ref_axis',(-0.800252749022599,0.,-0.599662853344922));
#2869=DIRECTION('center_axis',(0.751166329751379,-1.74454717631531E-15,
-0.660112979002717));
#2870=DIRECTION('ref_axis',(-0.660112979002717,0.,-0.751166329751379));
#2871=DIRECTION('center_axis',(0.,-1.,0.));
#2872=DIRECTION('ref_axis',(-0.800252749022599,0.,-0.599662853344922));
#2873=DIRECTION('center_axis',(-0.75116632975138,-7.85046229341889E-17,
0.660112979002717));
#2874=DIRECTION('ref_axis',(-0.609864870445661,0.382683432365088,-0.693987197568926));
#2875=DIRECTION('',(-0.75116632975138,-1.17756934401283E-16,0.660112979002717));
#2876=DIRECTION('center_axis',(0.75116632975138,-1.74454717631531E-15,-0.660112979002717));
#2877=DIRECTION('ref_axis',(-0.660112979002717,0.,-0.75116632975138));
#2878=DIRECTION('',(0.75116632975138,7.85046229341889E-17,-0.660112979002717));
#2879=DIRECTION('center_axis',(0.,1.,0.));
#2880=DIRECTION('ref_axis',(0.,0.,-1.));
#2881=DIRECTION('center_axis',(0.,1.,0.));
#2882=DIRECTION('ref_axis',(-0.0114184793133827,0.,-0.999934807040024));
#2883=DIRECTION('center_axis',(0.766044443118971,-1.30841038223648E-15,
0.642787609686547));
#2884=DIRECTION('ref_axis',(0.642787609686547,0.,-0.766044443118971));
#2885=DIRECTION('center_axis',(0.,-1.,0.));
#2886=DIRECTION('ref_axis',(-0.0114184793133826,0.,-0.999934807040024));
#2887=DIRECTION('center_axis',(-0.766044443118971,0.,-0.642787609686547));
#2888=DIRECTION('ref_axis',(0.593858316341255,0.382683432365089,-0.707732781991624));
#2889=DIRECTION('center_axis',(0.766044443118971,-1.30841038223648E-15,
0.642787609686547));
#2890=DIRECTION('ref_axis',(0.642787609686547,0.,-0.766044443118971));
#2891=DIRECTION('',(0.766044443118971,0.,0.642787609686547));
#2892=DIRECTION('',(-0.766044443118971,0.,-0.642787609686547));
#2893=DIRECTION('center_axis',(-0.454519477672044,0.707106781186547,0.541675220419702));
#2894=DIRECTION('ref_axis',(0.766044443118977,-1.48029736616688E-15,0.642787609686541));
#2895=DIRECTION('center_axis',(-0.155898894680938,-0.970142500145332,0.185793067817469));
#2896=DIRECTION('ref_axis',(0.623595578723749,-0.242535625036333,-0.743172271269877));
#2897=DIRECTION('center_axis',(0.454519477672049,0.707106781186548,-0.541675220419697));
#2898=DIRECTION('ref_axis',(0.454519477672049,-0.707106781186547,-0.541675220419697));
#2899=DIRECTION('center_axis',(0.454519477672046,-0.707106781186548,-0.5416752204197));
#2900=DIRECTION('ref_axis',(0.863069025262972,0.499999999999999,0.0714972561125582));
#2901=DIRECTION('center_axis',(-0.454519477672045,0.707106781186547,0.541675220419702));
#2902=DIRECTION('ref_axis',(0.766044443118977,0.,0.64278760968654));
#2903=DIRECTION('',(-0.454519477672046,0.707106781186547,0.5416752204197));
#2904=DIRECTION('',(0.454519477672046,-0.707106781186547,-0.5416752204197));
#2905=DIRECTION('center_axis',(0.642787609686543,0.,-0.766044443118975));
#2906=DIRECTION('ref_axis',(0.707732781991627,0.382683432365095,0.593858316341249));
#2907=DIRECTION('',(-0.642787609686542,0.,0.766044443118975));
#2908=DIRECTION('center_axis',(0.642787609686541,6.54205191118236E-16,-0.766044443118977));
#2909=DIRECTION('ref_axis',(0.541675220419695,0.707106781186555,0.45451947767204));
#2910=DIRECTION('',(0.642787609686542,0.,-0.766044443118975));
#2911=DIRECTION('center_axis',(-0.869176992814282,0.485071250072667,-0.0961105484078734));
#2912=DIRECTION('ref_axis',(-0.194790655779605,-0.514495755427528,-0.835075276887065));
#2913=DIRECTION('center_axis',(0.766044443118975,0.,0.642787609686543));
#2914=DIRECTION('ref_axis',(0.454519477672045,-0.70710678118655,-0.541675220419698));
#2915=DIRECTION('center_axis',(-0.869176992814282,0.485071250072667,-0.0961105484078734));
#2916=DIRECTION('ref_axis',(-0.194790655779605,-0.514495755427528,-0.835075276887065));
#2917=DIRECTION('center_axis',(0.640856382055787,-0.707106781186549,0.298836238730119));
#2918=DIRECTION('ref_axis',(0.422618261740699,0.,-0.90630778703665));
#2919=DIRECTION('',(-0.64085638205579,-0.707106781186546,-0.29883623873012));
#2920=DIRECTION('',(-0.640856382055787,-0.707106781186549,-0.29883623873012));
#2921=DIRECTION('center_axis',(0.,-1.,0.));
#2922=DIRECTION('ref_axis',(-0.800252749022599,0.,-0.599662853344922));
#2923=DIRECTION('',(-0.466770363802074,-0.707106781186549,-0.531154805566208));
#2924=DIRECTION('center_axis',(0.466770363802075,-0.707106781186546,0.531154805566212));
#2925=DIRECTION('ref_axis',(0.75116632975138,0.,-0.660112979002717));
#2926=DIRECTION('',(-0.466770363802073,-0.707106781186549,-0.53115480556621));
#2927=DIRECTION('center_axis',(0.,-1.,0.));
#2928=DIRECTION('ref_axis',(-0.0114184793133826,0.,-0.999934807040024));
#2929=DIRECTION('',(0.45451947767205,-0.707106781186547,-0.541675220419697));
#2930=DIRECTION('center_axis',(-0.454519477672049,-0.707106781186548,0.541675220419697));
#2931=DIRECTION('ref_axis',(0.766044443118971,0.,0.642787609686547));
#2932=DIRECTION('',(0.813389564930241,-0.577350269189624,-0.0711623659616677));
#2933=DIRECTION('center_axis',(0.813389564930241,-0.577350269189624,-0.0711623659616677));
#2934=DIRECTION('ref_axis',(0.575153277108545,0.816496580927727,-0.0503193915367824));
#2935=DIRECTION('',(-0.813389564930241,0.577350269189624,0.0711623659616677));
#2936=DIRECTION('center_axis',(0.813389564930241,-0.577350269189624,-0.0711623659616677));
#2937=DIRECTION('ref_axis',(0.575153277108545,0.816496580927727,-0.0503193915367824));
#2938=DIRECTION('center_axis',(-0.541675220419696,-0.707106781186553,-0.454519477672043));
#2939=DIRECTION('ref_axis',(-0.642787609686542,0.,0.766044443118975));
#2940=DIRECTION('center_axis',(0.,1.,0.));
#2941=DIRECTION('ref_axis',(0.996194698091746,0.,-0.0871557427476519));
#2942=DIRECTION('',(0.,-1.,0.));
#2943=DIRECTION('',(0.,1.,0.));
#2944=DIRECTION('center_axis',(-0.0711623659616928,-0.577350269189621,-0.813389564930241));
#2945=DIRECTION('ref_axis',(0.050319391536792,-0.816496580927729,0.575153277108542));
#2946=DIRECTION('',(0.0711623659616928,0.577350269189621,0.813389564930241));
#2947=DIRECTION('center_axis',(0.,-1.,0.));
#2948=DIRECTION('ref_axis',(0.0871557427476748,0.,0.996194698091744));
#2949=DIRECTION('',(-0.0711623659616928,-0.577350269189621,-0.813389564930241));
#2950=DIRECTION('center_axis',(0.454519477672041,0.707106781186548,-0.541675220419704));
#2951=DIRECTION('ref_axis',(-0.766044443118981,0.,-0.642787609686536));
#2952=DIRECTION('',(0.45451947767204,-0.707106781186549,-0.541675220419703));
#2953=DIRECTION('',(-0.766044443118981,0.,-0.642787609686536));
#2954=DIRECTION('center_axis',(0.,1.,0.));
#2955=DIRECTION('ref_axis',(0.,0.,1.));
#2956=DIRECTION('',(-0.642787609686517,0.,0.766044443118997));
#2957=DIRECTION('center_axis',(0.,1.,0.));
#2958=DIRECTION('ref_axis',(-0.216439613938065,0.,-0.976296007119942));
#2959=DIRECTION('',(-0.422618261740773,0.,0.906307787036616));
#2960=DIRECTION('center_axis',(0.,1.,0.));
#2961=DIRECTION('ref_axis',(-0.976296007119916,0.,-0.216439613938183));
#2962=DIRECTION('',(-8.18366827778621E-14,0.,1.));
#2963=DIRECTION('center_axis',(-0.541675220419715,0.707106781186547,-0.454519477672028));
#2964=DIRECTION('ref_axis',(-0.642787609686517,0.,0.766044443118997));
#2965=DIRECTION('center_axis',(-0.642787609686547,0.,0.766044443118971));
#2966=DIRECTION('ref_axis',(-0.766044443118971,0.,-0.642787609686547));
#2967=DIRECTION('',(0.,1.,0.));
#2968=DIRECTION('center_axis',(-0.766044443118975,0.,-0.642787609686543));
#2969=DIRECTION('ref_axis',(0.642787609686543,0.,-0.766044443118975));
#2970=DIRECTION('center_axis',(-0.541675220419715,-0.707106781186547,-0.454519477672028));
#2971=DIRECTION('ref_axis',(-0.642787609686517,0.,0.766044443118997));
#2972=DIRECTION('center_axis',(0.,-1.,0.));
#2973=DIRECTION('ref_axis',(-0.976296007119925,0.,-0.216439613938141));
#2974=DIRECTION('center_axis',(0.,1.,0.));
#2975=DIRECTION('ref_axis',(-0.0114184793133826,0.,-0.999934807040024));
#2976=DIRECTION('',(0.,-1.,0.));
#2977=DIRECTION('center_axis',(0.660112979002717,0.,0.75116632975138));
#2978=DIRECTION('ref_axis',(-0.75116632975138,0.,0.660112979002717));
#2979=DIRECTION('',(0.,1.,0.));
#2980=DIRECTION('center_axis',(0.,1.,0.));
#2981=DIRECTION('ref_axis',(-0.800252749022599,0.,-0.599662853344922));
#2982=DIRECTION('',(0.,-1.,0.));
#2983=DIRECTION('center_axis',(0.90630778703665,0.,0.4226182617407));
#2984=DIRECTION('ref_axis',(-0.4226182617407,0.,0.90630778703665));
#2985=DIRECTION('',(0.,1.,0.));
#2986=DIRECTION('center_axis',(0.,1.,0.));
#2987=DIRECTION('ref_axis',(-0.976296007119925,0.,-0.216439613938141));
#2988=DIRECTION('',(0.,-1.,0.));
#2989=DIRECTION('center_axis',(1.,0.,7.90981536034828E-14));
#2990=DIRECTION('ref_axis',(-7.90981536034828E-14,0.,1.));
#2991=DIRECTION('center_axis',(-0.70710678118655,0.707106781186545,-5.78672733420388E-14));
#2992=DIRECTION('ref_axis',(-8.18366827778621E-14,0.,1.));
#2993=DIRECTION('',(-0.707106781186546,-0.707106781186549,-5.7779402479563E-14));
#2994=DIRECTION('center_axis',(0.,-1.,0.));
#2995=DIRECTION('ref_axis',(-0.976296007119916,0.,-0.216439613938183));
#2996=DIRECTION('',(-0.640856382055765,-0.707106781186547,-0.298836238730172));
#2997=DIRECTION('center_axis',(-0.640856382055765,0.707106781186547,-0.298836238730172));
#2998=DIRECTION('ref_axis',(-0.422618261740773,0.,0.906307787036616));
#2999=DIRECTION('',(-0.640856382055764,-0.707106781186548,-0.298836238730171));
#3000=DIRECTION('center_axis',(0.,-1.,0.));
#3001=DIRECTION('ref_axis',(-0.216439613938065,0.,-0.976296007119942));
#3002=CARTESIAN_POINT('',(0.,0.,0.));
#3003=CARTESIAN_POINT('Origin',(-85.1438314495565,-19.1,30.0350168058544));
#3004=CARTESIAN_POINT('',(-85.7651517931161,-29.6786796564404,29.4136964622948));
#3005=CARTESIAN_POINT('',(-86.6438314495564,-27.5573593128807,28.5350168058544));
#3006=CARTESIAN_POINT('Origin',(-83.6438314495566,-27.5573593128807,31.5350168058544));
#3007=CARTESIAN_POINT('',(-84.1438314495566,-31.3,31.0350168058544));
#3008=CARTESIAN_POINT('',(-96.7758812559544,-18.6679501936012,18.4029669994556));
#3009=CARTESIAN_POINT('',(-83.6438314495566,-31.3,31.5350168058544));
#3010=CARTESIAN_POINT('',(-91.7097863062378,-31.3,23.4690619491726));
#3011=CARTESIAN_POINT('',(-83.6438314495566,-19.1,31.5350168058544));
#3012=CARTESIAN_POINT('',(-83.6438314495566,-19.1,31.5350168058544));
#3013=CARTESIAN_POINT('',(-84.1438314495566,-19.1,31.0350168058544));
#3014=CARTESIAN_POINT('',(-91.7097863062378,-19.1,23.4690619491726));
#3015=CARTESIAN_POINT('',(-85.7651517931161,-20.7213203435596,29.4136964622947));
#3016=CARTESIAN_POINT('',(-94.7425479226212,-29.6987164730654,20.436300332789));
#3017=CARTESIAN_POINT('',(-86.6438314495564,-22.8426406871193,28.5350168058544));
#3018=CARTESIAN_POINT('Origin',(-83.6438314495566,-22.8426406871193,31.5350168058544));
#3019=CARTESIAN_POINT('',(-86.6438314495564,-19.1,28.5350168058544));
#3020=CARTESIAN_POINT('Origin',(-86.6438314495566,-19.1,31.5350168058544));
#3021=CARTESIAN_POINT('',(-81.1438314495566,-31.3,31.5350168058544));
#3022=CARTESIAN_POINT('',(-78.6438314495566,-31.3,31.5350168058544));
#3023=CARTESIAN_POINT('',(-79.522511105997,-29.6786796564404,31.5350168058544));
#3024=CARTESIAN_POINT('',(-78.8438314495559,-28.9999999999993,31.5350168058544));
#3025=CARTESIAN_POINT('',(-78.6438314495566,-27.5573593128807,31.5350168058544));
#3026=CARTESIAN_POINT('Origin',(-81.6438314495566,-27.5573593128807,31.5350168058548));
#3027=CARTESIAN_POINT('',(-78.6438314495566,-22.8426406871193,31.5350168058544));
#3028=CARTESIAN_POINT('',(-78.6438314495566,-19.1,31.5350168058544));
#3029=CARTESIAN_POINT('',(-79.522511105997,-20.7213203435597,31.5350168058544));
#3030=CARTESIAN_POINT('Origin',(-81.6438314495566,-22.8426406871193,31.5350168058548));
#3031=CARTESIAN_POINT('',(-81.1438314495566,-19.1,31.5350168058544));
#3032=CARTESIAN_POINT('',(-81.8938314495559,-18.3500000000007,31.5350168058544));
#3033=CARTESIAN_POINT('',(-78.6438314495566,-19.1,31.5350168058544));
#3034=CARTESIAN_POINT('Origin',(-46.7230531994941,-19.1,-34.6495808709306));
#3035=CARTESIAN_POINT('',(-81.1438314495526,-19.1,-18.361257917144));
#3036=CARTESIAN_POINT('',(-81.1438314495539,-19.1,-1.5572820325396));
#3037=CARTESIAN_POINT('',(-80.3474476393638,-19.1,-21.9535131419399));
#3038=CARTESIAN_POINT('Origin',(-72.6438314495525,-19.1,-18.3612579171433));
#3039=CARTESIAN_POINT('',(-71.8480113729238,-19.1,-40.1806130357464));
#3040=CARTESIAN_POINT('',(-75.1943236672615,-19.1,-33.0044231623546));
#3041=CARTESIAN_POINT('',(-49.3861281204381,-19.1,-45.1602926657304));
#3042=CARTESIAN_POINT('Origin',(-58.7065484608929,-19.1,-34.0526482405052));
#3043=CARTESIAN_POINT('',(-45.9745188942145,-19.1,-42.2976126222852));
#3044=CARTESIAN_POINT('',(-52.0069635771295,-19.1,-47.3594347308165));
#3045=CARTESIAN_POINT('',(-44.7905865736416,-19.1,-41.6834396642269));
#3046=CARTESIAN_POINT('Origin',(-44.6887458219792,-19.1,-47.6801573370753));
#3047=CARTESIAN_POINT('',(-42.8167622448972,-19.1,-42.2609977393529));
#3048=CARTESIAN_POINT('Ctrl Pts',(-44.7905865736416,-19.1,-41.6834396642268));
#3049=CARTESIAN_POINT('Ctrl Pts',(-44.5753485564665,-19.1,-41.6360138719012));
#3050=CARTESIAN_POINT('Ctrl Pts',(-44.3538686232179,-19.1,-41.6269477595958));
#3051=CARTESIAN_POINT('Ctrl Pts',(-44.0538224130479,-19.1,-41.6615188192831));
#3052=CARTESIAN_POINT('Ctrl Pts',(-43.9735644933733,-19.1,-41.6754696227423));
#3053=CARTESIAN_POINT('Ctrl Pts',(-43.8467524078979,-19.1,-41.7047195274766));
#3054=CARTESIAN_POINT('Ctrl Pts',(-43.7996014809038,-19.1,-41.7172327729002));
#3055=CARTESIAN_POINT('Ctrl Pts',(-43.7124706201431,-19.1,-41.7433479413973));
#3056=CARTESIAN_POINT('Ctrl Pts',(-43.6723846191877,-19.1,-41.7565750467881));
#3057=CARTESIAN_POINT('Ctrl Pts',(-43.5854234667956,-19.1,-41.7878864393688));
#3058=CARTESIAN_POINT('Ctrl Pts',(-43.5387095431496,-19.1000000000015,-41.8064155434606));
#3059=CARTESIAN_POINT('Ctrl Pts',(-43.4124922161634,-19.1000000000015,-41.861101079233));
#3060=CARTESIAN_POINT('Ctrl Pts',(-43.3342338262144,-19.1,-41.9001774587627));
#3061=CARTESIAN_POINT('Ctrl Pts',(-43.1117780396813,-19.1,-42.0262627854078));
#3062=CARTESIAN_POINT('Ctrl Pts',(-42.9735108997168,-19.1,-42.1242559440531));
#3063=CARTESIAN_POINT('Ctrl Pts',(-42.8364867345392,-19.1,-42.2434315755702));
#3064=CARTESIAN_POINT('Ctrl Pts',(-42.8265899004258,-19.1,-42.2521761941146));
#3065=CARTESIAN_POINT('Ctrl Pts',(-42.8167622448972,-19.1,-42.2609977393529));
#3066=CARTESIAN_POINT('',(-42.4878374508933,-19.1,-42.602657721902));
#3067=CARTESIAN_POINT('Origin',(-44.6887458219792,-19.1,-47.6801573370753));
#3068=CARTESIAN_POINT('',(-40.4469056280166,-19.1,-45.0349455540553));
#3069=CARTESIAN_POINT('',(-46.9197385476696,-19.1,-37.3209236677964));
#3070=CARTESIAN_POINT('',(-54.733634492186,-19.1,-57.0229344747097));
#3071=CARTESIAN_POINT('',(-39.3484837820154,-19.1,-44.1132601881986));
#3072=CARTESIAN_POINT('',(-55.0047995257373,-19.1,-60.1223649908818));
#3073=CARTESIAN_POINT('Origin',(-53.3195017508756,-19.1,-58.7082322495714));
#3074=CARTESIAN_POINT('',(-30.1931977918369,-19.1,-89.6916804952744));
#3075=CARTESIAN_POINT('',(-59.951011872385,-19.1,-54.2276986570306));
#3076=CARTESIAN_POINT('',(-27.0937672756647,-19.1,-89.9628455288258));
#3077=CARTESIAN_POINT('Origin',(-28.5079000169751,-19.1,-88.277547753964));
#3078=CARTESIAN_POINT('',(-12.8070384114959,-19.1,-77.9748566081717));
#3079=CARTESIAN_POINT('',(-19.6946298850096,-19.1,-83.754232073297));
#3080=CARTESIAN_POINT('',(-10.766106588619,-19.1,-80.4071444403251));
#3081=CARTESIAN_POINT('',(-30.8018392347803,-19.1,-56.5294880790054));
#3082=CARTESIAN_POINT('',(-10.4867543799788,-19.1,-80.7904007609696));
#3083=CARTESIAN_POINT('Origin',(-16.1486513034091,-19.1,-81.6929175125605));
#3084=CARTESIAN_POINT('',(-10.2607217075011,-19.1,-82.8345301702433));
#3085=CARTESIAN_POINT('Ctrl Pts',(-10.4867543799788,-19.1,-80.7904007609696));
#3086=CARTESIAN_POINT('Ctrl Pts',(-10.3806130415683,-19.1,-80.9608448378796));
#3087=CARTESIAN_POINT('Ctrl Pts',(-10.2945607103199,-19.1000000000049,-81.1442732697944));
#3088=CARTESIAN_POINT('Ctrl Pts',(-10.2076168367996,-19.1000000000049,-81.4085185049393));
#3089=CARTESIAN_POINT('Ctrl Pts',(-10.186863590187,-19.1000000000001,-81.4832126470199));
#3090=CARTESIAN_POINT('Ctrl Pts',(-10.1592149172061,-19.1000000000001,-81.6053141120507));
#3091=CARTESIAN_POINT('Ctrl Pts',(-10.1500552883589,-19.1,-81.6522194940755));
#3092=CARTESIAN_POINT('Ctrl Pts',(-10.1355057110612,-19.1,-81.7410756617603));
#3093=CARTESIAN_POINT('Ctrl Pts',(-10.129803444064,-19.1,-81.782973608666));
#3094=CARTESIAN_POINT('Ctrl Pts',(-10.119736197791,-19.1,-81.8761777835547));
#3095=CARTESIAN_POINT('Ctrl Pts',(-10.1159339077797,-19.1000000000014,-81.9275370788336));
#3096=CARTESIAN_POINT('Ctrl Pts',(-10.1103031595176,-19.1000000000014,-82.0712529378215));
#3097=CARTESIAN_POINT('Ctrl Pts',(-10.1124428317132,-19.1,-82.1636940605866));
#3098=CARTESIAN_POINT('Ctrl Pts',(-10.1305519201692,-19.1,-82.3663918412702));
#3099=CARTESIAN_POINT('Ctrl Pts',(-10.1492237457194,-19.1,-82.4761334130861));
#3100=CARTESIAN_POINT('Ctrl Pts',(-10.1992101605904,-19.1,-82.6691576599225));
#3101=CARTESIAN_POINT('Ctrl Pts',(-10.2270589402301,-19.1,-82.7529635005948));
#3102=CARTESIAN_POINT('Ctrl Pts',(-10.2607217075011,-19.1,-82.8345301702433));
#3103=CARTESIAN_POINT('',(-11.0711516882358,-19.1,-83.8938258836461));
#3104=CARTESIAN_POINT('Origin',(-16.1486513034091,-19.1,-81.6929175125605));
#3105=CARTESIAN_POINT('',(-22.0702323719614,-19.1,-93.1231504286496));
#3106=CARTESIAN_POINT('',(-8.07686657076517,-19.1,-81.3813223459368));
#3107=CARTESIAN_POINT('',(-32.4934370814756,-19.1,-93.0041255217089));
#3108=CARTESIAN_POINT('Origin',(-27.2125332494538,-19.1,-86.9947948836979));
#3109=CARTESIAN_POINT('',(-61.8644879090466,-19.1,-67.193314932468));
#3110=CARTESIAN_POINT('',(-47.5890839530912,-19.1,-79.7383120371064));
#3111=CARTESIAN_POINT('',(-63.7109489693012,-19.1,-64.7292044223879));
#3112=CARTESIAN_POINT('Origin',(-56.9136405665263,-19.1,-61.5595674593326));
#3113=CARTESIAN_POINT('',(-83.4411398523275,-19.1,-22.4176735307633));
#3114=CARTESIAN_POINT('',(-67.5112502035209,-19.1,-56.5794321255825));
#3115=CARTESIAN_POINT('',(-84.1438314495526,-19.1,-19.2480365677086));
#3116=CARTESIAN_POINT('Origin',(-76.6438314495526,-19.1,-19.248036567708));
#3117=CARTESIAN_POINT('',(-84.1438314495519,-19.1,-28.0572820325395));
#3118=CARTESIAN_POINT('',(-51.1966124109907,-19.1,-52.3438366452601));
#3119=CARTESIAN_POINT('Origin',(-53.0466124109907,-19.1,-52.3438366452601));
#3120=CARTESIAN_POINT('',(-12.682362714847,-19.1,-82.6860938181057));
#3121=CARTESIAN_POINT('Origin',(-14.532362714847,-19.1,-82.6860938181057));
#3122=CARTESIAN_POINT('',(-43.536167979801,-19.1,-45.9159605483947));
#3123=CARTESIAN_POINT('Origin',(-45.386167979801,-19.1,-45.9159605483947));
#3124=CARTESIAN_POINT('',(-20.3428071460368,-19.1,-89.1139699149711));
#3125=CARTESIAN_POINT('Origin',(-22.1928071460368,-19.1,-89.1139699149711));
#3126=CARTESIAN_POINT('Origin',(-85.3938314495519,-20.35,-28.0572820325396));
#3127=CARTESIAN_POINT('',(-85.7651517931123,-20.7213203435596,-19.2480365677087));
#3128=CARTESIAN_POINT('',(-84.1438314495526,-19.1,-19.2480365677086));
#3129=CARTESIAN_POINT('',(-85.7651517931118,-20.7213203435596,-24.7611326133426));
#3130=CARTESIAN_POINT('Origin',(-83.6438314495522,-22.8426406871193,-24.7611326133424));
#3131=CARTESIAN_POINT('',(-86.6438314495526,-22.8426406871193,-19.2480365677088));
#3132=CARTESIAN_POINT('Origin',(-83.6438314495526,-22.8426406871193,-19.2480365677086));
#3133=CARTESIAN_POINT('',(-86.6438314495522,-22.8426406871193,-24.7611326133426));
#3134=CARTESIAN_POINT('Origin',(-88.7938314495566,-25.2000000000044,20.1478414635737));
#3135=CARTESIAN_POINT('',(-86.6438314495524,-23.6000000000044,20.1478414635657));
#3136=CARTESIAN_POINT('Origin',(-86.6438314495524,-25.2000000000044,20.1478414635737));
#3137=CARTESIAN_POINT('',(-80.7938314495566,-23.6000000000044,20.1478414635657));
#3138=CARTESIAN_POINT('',(-88.7938314495566,-23.6000000000044,20.1478414635657));
#3139=CARTESIAN_POINT('Origin',(-80.7938314495566,-25.2000000000044,20.1478414635737));
#3140=CARTESIAN_POINT('Origin',(-80.7938314495566,-25.2000000000044,20.1478414635737));
#3141=CARTESIAN_POINT('Origin',(-22.1928071460368,-19.1,-89.1139699149711));
#3142=CARTESIAN_POINT('',(-20.3428071460368,-25.3,-89.1139699149711));
#3143=CARTESIAN_POINT('',(-20.3428071460368,-19.1,-89.1139699149711));
#3144=CARTESIAN_POINT('Origin',(-22.1928071460368,-25.3,-89.1139699149711));
#3145=CARTESIAN_POINT('Origin',(-22.1928071460368,-25.3,-89.1139699149711));
#3146=CARTESIAN_POINT('Origin',(-45.386167979801,-19.1,-45.9159605483947));
#3147=CARTESIAN_POINT('',(-43.536167979801,-25.3,-45.9159605483947));
#3148=CARTESIAN_POINT('',(-43.536167979801,-19.1,-45.9159605483947));
#3149=CARTESIAN_POINT('Origin',(-45.386167979801,-25.3,-45.9159605483947));
#3150=CARTESIAN_POINT('Origin',(-45.386167979801,-25.3,-45.9159605483947));
#3151=CARTESIAN_POINT('Origin',(-14.532362714847,-19.1,-82.6860938181057));
#3152=CARTESIAN_POINT('',(-12.682362714847,-25.3,-82.6860938181057));
#3153=CARTESIAN_POINT('',(-12.682362714847,-19.1,-82.6860938181057));
#3154=CARTESIAN_POINT('Origin',(-14.532362714847,-25.3,-82.6860938181057));
#3155=CARTESIAN_POINT('Origin',(-14.532362714847,-25.3,-82.6860938181057));
#3156=CARTESIAN_POINT('Origin',(-53.0466124109907,-19.1,-52.3438366452601));
#3157=CARTESIAN_POINT('',(-51.1966124109907,-25.3,-52.3438366452601));
#3158=CARTESIAN_POINT('',(-51.1966124109907,-19.1,-52.3438366452601));
#3159=CARTESIAN_POINT('Origin',(-53.0466124109907,-25.3,-52.3438366452601));
#3160=CARTESIAN_POINT('Origin',(-53.0466124109907,-25.3,-52.3438366452601));
#3161=CARTESIAN_POINT('Origin',(-86.6438314495541,-25.2,-1.18327765311188));
#3162=CARTESIAN_POINT('',(-86.6438314495541,-23.6,-1.18327765311188));
#3163=CARTESIAN_POINT('Origin',(-86.6438314495541,-25.2,-1.18327765311188));
#3164=CARTESIAN_POINT('',(-80.6438314495541,-23.6,-1.1832776531114));
#3165=CARTESIAN_POINT('',(-86.6438314495541,-23.6,-1.18327765311188));
#3166=CARTESIAN_POINT('Origin',(-80.6438314495541,-25.2,-1.1832776531114));
#3167=CARTESIAN_POINT('Origin',(-80.6438314495541,-25.2,-1.18327765311141));
#3168=CARTESIAN_POINT('Origin',(-49.5332403507243,-25.2,-81.3579761255033));
#3169=CARTESIAN_POINT('',(-49.5332403507243,-23.6,-81.3579761255033));
#3170=CARTESIAN_POINT('Origin',(-49.5332403507243,-25.2,-81.3579761255033));
#3171=CARTESIAN_POINT('',(-45.572562476708,-23.6,-76.850978146995));
#3172=CARTESIAN_POINT('',(-49.5332403507243,-23.6,-81.3579761255033));
#3173=CARTESIAN_POINT('Origin',(-45.572562476708,-25.2,-76.850978146995));
#3174=CARTESIAN_POINT('Origin',(-45.572562476708,-25.2,-76.850978146995));
#3175=CARTESIAN_POINT('Origin',(-39.0270899771721,-19.6,-44.496282409758));
#3176=CARTESIAN_POINT('',(-40.3120867300372,-19.5142135623731,-45.4625364701472));
#3177=CARTESIAN_POINT('',(-40.3195833072213,-19.4911813021516,-45.4387603649145));
#3178=CARTESIAN_POINT('',(-40.1357284626002,-20.1,-46.0792441986558));
#3179=CARTESIAN_POINT('Ctrl Pts',(-40.1357284626002,-20.1,-46.0792441986558));
#3180=CARTESIAN_POINT('Ctrl Pts',(-40.2094188676599,-19.8296472415818,-45.7881573288326));
#3181=CARTESIAN_POINT('Ctrl Pts',(-40.3120867300372,-19.5142135623731,-45.4625364701472));
#3182=CARTESIAN_POINT('',(-54.0908468824994,-20.1,-57.7889789178286));
#3183=CARTESIAN_POINT('',(-38.7056961723288,-20.1,-44.8793046313175));
#3184=CARTESIAN_POINT('',(-54.733634492186,-19.1,-57.0229344747097));
#3185=CARTESIAN_POINT('Origin',(-53.3195017508756,-19.6,-58.7082322495714));
#3186=CARTESIAN_POINT('',(-54.2387550826183,-20.1,-59.4795773811953));
#3187=CARTESIAN_POINT('',(-55.0047995257373,-19.1,-60.1223649908818));
#3188=CARTESIAN_POINT('Origin',(-53.3195017508756,-20.1,-58.7082322495714));
#3189=CARTESIAN_POINT('Origin',(-59.5679896508255,-19.6,-53.9063048521873));
#3190=CARTESIAN_POINT('',(-29.4271533487179,-20.1,-89.0488928855878));
#3191=CARTESIAN_POINT('',(-59.184967429266,-20.1,-53.5849110473441));
#3192=CARTESIAN_POINT('',(-30.1931977918369,-19.1,-89.6916804952744));
#3193=CARTESIAN_POINT('Origin',(-28.5079000169751,-19.6,-88.277547753964));
#3194=CARTESIAN_POINT('',(-27.7365548853513,-20.1,-89.1968010857068));
#3195=CARTESIAN_POINT('',(-27.0937672756647,-19.1,-89.9628455288258));
#3196=CARTESIAN_POINT('Origin',(-28.5079000169751,-20.1,-88.277547753964));
#3197=CARTESIAN_POINT('Origin',(-20.0160236898529,-19.6,-83.3712098517375));
#3198=CARTESIAN_POINT('',(-13.2047222048314,-19.514213562373,-77.7678355288228));
#3199=CARTESIAN_POINT('',(-13.7814364654525,-20.1,-77.4870663665343));
#3200=CARTESIAN_POINT('Ctrl Pts',(-13.2047222048314,-19.514213562373,-77.7678355288228));
#3201=CARTESIAN_POINT('Ctrl Pts',(-13.5075680638018,-19.8296472415829,-77.610183953247));
#3202=CARTESIAN_POINT('Ctrl Pts',(-13.7814364654525,-20.1,-77.4870663665343));
#3203=CARTESIAN_POINT('',(-13.4621972990502,-19.7823906361837,-77.6338024784349));
#3204=CARTESIAN_POINT('',(-20.3374174946962,-20.1,-82.988187630178));
#3205=CARTESIAN_POINT('Origin',(-41.6576007094114,-21.3426406871193,-46.7035429949878));
#3206=CARTESIAN_POINT('',(-40.3539688529955,-19.2213203435596,-44.9569623404123));
#3207=CARTESIAN_POINT('',(-40.2528564637287,-19.9284271247462,-46.1775262612033));
#3208=CARTESIAN_POINT('',(-39.6808611848978,-21.3426406871193,-44.3921579443687));
#3209=CARTESIAN_POINT('Origin',(-41.9789945142547,-21.3426406871193,-46.3205207734283));
#3210=CARTESIAN_POINT('',(-39.8041180183301,-21.3426406871193,-45.8009899971743));
#3211=CARTESIAN_POINT('',(-39.8041180183301,-21.3426406871193,-45.8009899971743));
#3212=CARTESIAN_POINT('Origin',(-41.3362069045681,-21.3426406871193,-47.0865652165474));
#3213=CARTESIAN_POINT('Origin',(-39.0380735752111,-19.1,-45.1582023874878));
#3214=CARTESIAN_POINT('',(-39.8041180183301,-27.5573593128807,-45.8009899971743));
#3215=CARTESIAN_POINT('',(-39.8041180183301,-19.1,-45.8009899971743));
#3216=CARTESIAN_POINT('',(-40.2528564637286,-28.9715728752538,-46.1775262612033));
#3217=CARTESIAN_POINT('Origin',(-41.336206904568,-27.5573593128807,-47.0865652165474));
#3218=CARTESIAN_POINT('',(-41.270490680729,-30.3,-47.0314227573617));
#3219=CARTESIAN_POINT('',(-38.2008687980166,-26.2928932188134,-44.455704167724));
#3220=CARTESIAN_POINT('',(-54.0908468824994,-30.3,-57.7889789178286));
#3221=CARTESIAN_POINT('',(-38.7056961723288,-30.3,-44.8793046313175));
#3222=CARTESIAN_POINT('',(-54.0908468824994,-19.1,-57.7889789178286));
#3223=CARTESIAN_POINT('Origin',(-53.3195017508756,-19.1,-58.7082322495714));
#3224=CARTESIAN_POINT('',(-54.2387550826183,-30.3,-59.4795773811953));
#3225=CARTESIAN_POINT('Origin',(-53.3195017508756,-30.3,-58.7082322495714));
#3226=CARTESIAN_POINT('',(-54.2387550826183,-19.1,-59.4795773811953));
#3227=CARTESIAN_POINT('Origin',(-55.0101002142422,-19.1,-58.5603240494525));
#3228=CARTESIAN_POINT('',(-29.4271533487179,-30.3,-89.0488928855878));
#3229=CARTESIAN_POINT('',(-59.184967429266,-30.3,-53.5849110473441));
#3230=CARTESIAN_POINT('',(-29.4271533487179,-19.1,-89.0488928855878));
#3231=CARTESIAN_POINT('Origin',(-28.5079000169751,-19.1,-88.277547753964));
#3232=CARTESIAN_POINT('',(-27.7365548853513,-30.3,-89.1968010857068));
#3233=CARTESIAN_POINT('Origin',(-28.5079000169751,-30.3,-88.277547753964));
#3234=CARTESIAN_POINT('',(-27.7365548853513,-19.1,-89.1968010857068));
#3235=CARTESIAN_POINT('Origin',(-28.6558082170941,-19.1,-89.9681462173306));
#3236=CARTESIAN_POINT('',(-14.9161986835813,-30.3,-78.4392449252401));
#3237=CARTESIAN_POINT('',(-20.3374174946962,-30.3,-82.988187630178));
#3238=CARTESIAN_POINT('',(-13.898564466581,-28.9715728752538,-77.5853484290818));
#3239=CARTESIAN_POINT('',(-15.8395834606266,-31.5053932188135,-79.2140567510936));
#3240=CARTESIAN_POINT('',(-13.4498260211824,-27.5573593128807,-77.2088121650528));
#3241=CARTESIAN_POINT('Origin',(-14.9819149074203,-27.5573593128807,-78.4943873844258));
#3242=CARTESIAN_POINT('',(-13.4498260211824,-21.3426406871193,-77.2088121650528));
#3243=CARTESIAN_POINT('',(-13.4498260211824,-19.1,-77.2088121650528));
#3244=CARTESIAN_POINT('Origin',(-14.9819149074203,-21.3426406871193,-78.4943873844258));
#3245=CARTESIAN_POINT('Origin',(-14.6605211025771,-21.3426406871193,-78.8774096059853));
#3246=CARTESIAN_POINT('',(-12.0409939683769,-21.3426406871193,-77.3320689984852));
#3247=CARTESIAN_POINT('',(-13.4498260211824,-21.3426406871193,-77.2088121650528));
#3248=CARTESIAN_POINT('',(-12.7141016364747,-19.2213203435596,-77.8968733945287));
#3249=CARTESIAN_POINT('Origin',(-14.3391272977338,-21.3426406871193,-79.2604318275448));
#3250=CARTESIAN_POINT('',(-13.898564466581,-19.9284271247462,-77.5853484290818));
#3251=CARTESIAN_POINT('Origin',(-39.0270899771721,-30.8,-44.496282409758));
#3252=CARTESIAN_POINT('',(-41.5959722926951,-31.3,-45.9991269685851));
#3253=CARTESIAN_POINT('',(-41.5959722926951,-31.3,-45.9991269685851));
#3254=CARTESIAN_POINT('',(-54.733634492186,-31.3,-57.0229344747097));
#3255=CARTESIAN_POINT('',(-39.3484837820154,-31.3,-44.1132601881986));
#3256=CARTESIAN_POINT('',(-54.0908468824994,-30.3,-57.7889789178286));
#3257=CARTESIAN_POINT('Origin',(-40.0133272118237,-19.9535533905934,-45.3238337096075));
#3258=CARTESIAN_POINT('',(-40.0638834064571,-19.6000000000001,-44.713551749212));
#3259=CARTESIAN_POINT('Origin',(-39.7424896016139,-19.1,-45.0965739707715));
#3260=CARTESIAN_POINT('',(-39.6808611848977,-27.5573593128807,-44.3921579443688));
#3261=CARTESIAN_POINT('',(-39.8041180183301,-27.5573593128807,-45.8009899971743));
#3262=CARTESIAN_POINT('',(-39.6808611848977,-19.1,-44.3921579443688));
#3263=CARTESIAN_POINT('Origin',(-41.6576007094114,-27.5573593128807,-46.7035429949878));
#3264=CARTESIAN_POINT('',(-40.3539688529956,-29.6786796564404,-44.9569623404122));
#3265=CARTESIAN_POINT('',(-40.2528564637286,-28.9715728752538,-46.1775262612033));
#3266=CARTESIAN_POINT('Origin',(-41.9789945142547,-27.5573593128807,-46.3205207734283));
#3267=CARTESIAN_POINT('Origin',(-38.25142499265,-26.6464466094066,-43.8454222073285));
#3268=CARTESIAN_POINT('',(-38.3019811872834,-26.9999999999999,-43.2351402469329));
#3269=CARTESIAN_POINT('Origin',(-53.3195017508756,-30.8,-58.7082322495714));
#3270=CARTESIAN_POINT('',(-55.0047995257373,-31.3,-60.1223649908818));
#3271=CARTESIAN_POINT('Origin',(-53.3195017508756,-31.3,-58.7082322495714));
#3272=CARTESIAN_POINT('',(-54.2387550826183,-30.3,-59.4795773811953));
#3273=CARTESIAN_POINT('Origin',(-59.5679896508255,-30.8,-53.9063048521873));
#3274=CARTESIAN_POINT('',(-30.1931977918369,-31.3,-89.6916804952744));
#3275=CARTESIAN_POINT('',(-29.4271533487179,-30.3,-89.0488928855878));
#3276=CARTESIAN_POINT('',(-59.951011872385,-31.3,-54.2276986570306));
#3277=CARTESIAN_POINT('Origin',(-28.5079000169751,-30.8,-88.277547753964));
#3278=CARTESIAN_POINT('',(-27.0937672756647,-31.3,-89.9628455288258));
#3279=CARTESIAN_POINT('Origin',(-28.5079000169751,-31.3,-88.277547753964));
#3280=CARTESIAN_POINT('',(-27.7365548853513,-30.3,-89.1968010857068));
#3281=CARTESIAN_POINT('Origin',(-20.0160236898529,-30.8,-83.3712098517375));
#3282=CARTESIAN_POINT('',(-13.9561050761743,-31.3,-78.9390380227016));
#3283=CARTESIAN_POINT('',(-19.6946298850096,-31.3,-83.754232073297));
#3284=CARTESIAN_POINT('',(-14.9161986835813,-30.3,-78.4392449252401));
#3285=CARTESIAN_POINT('Origin',(-15.2473520455735,-31.8589466094067,-79.3698192338171));
#3286=CARTESIAN_POINT('',(-12.7141016364747,-29.6786796564404,-77.8968733945287));
#3287=CARTESIAN_POINT('',(-14.6551206305204,-32.2125,-79.5255817165405));
#3288=CARTESIAN_POINT('',(-13.898564466581,-28.9715728752538,-77.5853484290818));
#3289=CARTESIAN_POINT('Origin',(-14.6605211025771,-27.5573593128807,-78.8774096059853));
#3290=CARTESIAN_POINT('',(-12.0409939683769,-27.5573593128807,-77.3320689984852));
#3291=CARTESIAN_POINT('',(-13.4498260211824,-27.5573593128807,-77.2088121650528));
#3292=CARTESIAN_POINT('Origin',(-14.3391272977338,-27.5573593128807,-79.2604318275448));
#3293=CARTESIAN_POINT('Origin',(-12.7454099947796,-19.1,-77.270440581769));
#3294=CARTESIAN_POINT('',(-12.0409939683769,-19.1,-77.3320689984852));
#3295=CARTESIAN_POINT('Origin',(-17.0092542647472,-14.7410533905933,-80.8482307360962));
#3296=CARTESIAN_POINT('',(-16.4170228496941,-14.3875,-81.0039932188196));
#3297=CARTESIAN_POINT('Origin',(-81.6438314495553,-27.5573593128807,14.9888673866572));
#3298=CARTESIAN_POINT('',(-79.5225111059929,-29.6786796564404,-18.3612579171439));
#3299=CARTESIAN_POINT('',(-79.5225111059956,-29.6786796564404,14.9888673866574));
#3300=CARTESIAN_POINT('',(-78.6438314495525,-27.5573593128807,-18.3612579171438));
#3301=CARTESIAN_POINT('Origin',(-81.6438314495525,-27.5573593128807,-18.3612579171441));
#3302=CARTESIAN_POINT('',(-78.6438314495553,-27.5573593128807,14.9888673866575));
#3303=CARTESIAN_POINT('Origin',(-72.6438314495525,-27.5573593128807,-18.3612579171433));
#3304=CARTESIAN_POINT('',(-78.8780323867148,-29.6786796564404,-21.2683135566198));
#3305=CARTESIAN_POINT('Origin',(-72.6438314495525,-29.6786796564404,-18.3612579171433));
#3306=CARTESIAN_POINT('',(-78.0816781717722,-27.5573593128807,-20.896967487588));
#3307=CARTESIAN_POINT('Origin',(-80.8006015328821,-27.5573593128807,-22.1648222728103));
#3308=CARTESIAN_POINT('Origin',(-72.6438314495525,-27.5573593128807,-18.3612579171433));
#3309=CARTESIAN_POINT('Origin',(-78.5051161857211,-27.5573593128807,-27.0875064857244));
#3310=CARTESIAN_POINT('',(-70.3785961202748,-29.6786796564404,-39.4954134504263));
#3311=CARTESIAN_POINT('',(-76.5825470395538,-29.6786796564404,-26.1909977695338));
#3312=CARTESIAN_POINT('',(-69.5822419053323,-27.5573593128807,-39.1240673813945));
#3313=CARTESIAN_POINT('Origin',(-72.3011652664421,-27.5573593128807,-40.3919221666168));
#3314=CARTESIAN_POINT('',(-75.7861928246112,-27.5573593128807,-25.819651700502));
#3315=CARTESIAN_POINT('Origin',(-58.7065484608929,-27.5573593128807,-34.0526482405052));
#3316=CARTESIAN_POINT('',(-50.428292748611,-29.6786796564404,-43.9182892260308));
#3317=CARTESIAN_POINT('Origin',(-58.7065484608929,-29.6786796564404,-34.0526482405052));
#3318=CARTESIAN_POINT('',(-50.9930971446545,-27.5573593128807,-43.245181557933));
#3319=CARTESIAN_POINT('Origin',(-49.0647343155948,-27.5573593128807,-45.5433148872899));
#3320=CARTESIAN_POINT('Origin',(-58.7065484608929,-27.5573593128807,-34.0526482405052));
#3321=CARTESIAN_POINT('Origin',(-56.36512337392,-27.5573593128807,-51.6690686535812));
#3322=CARTESIAN_POINT('',(-48.8427391944589,-27.5573593128807,-41.4408169950248));
#3323=CARTESIAN_POINT('',(-48.2779347984154,-29.6786796564404,-42.1139246631226));
#3324=CARTESIAN_POINT('Origin',(-46.9143763653993,-27.5573593128807,-43.7389503243817));
#3325=CARTESIAN_POINT('',(-58.2934862029796,-27.5573593128807,-49.3709353242242));
#3326=CARTESIAN_POINT('',(-57.7286818069362,-29.6786796564404,-50.0440429923221));
#3327=CARTESIAN_POINT('Ctrl Pts',(-48.8427391944589,-27.5573593128807,-41.4408169950248));
#3328=CARTESIAN_POINT('Ctrl Pts',(-48.5747326147416,-27.5573593128807,-41.2159327728309));
#3329=CARTESIAN_POINT('Ctrl Pts',(-48.2845061735819,-27.4992700237298,-40.9724038730959));
#3330=CARTESIAN_POINT('Ctrl Pts',(-47.9837579763187,-27.3854328400328,-40.7200461716951));
#3331=CARTESIAN_POINT('Ctrl Pts',(-48.8427391944589,-28.3427574762782,-41.4408169950248));
#3332=CARTESIAN_POINT('Ctrl Pts',(-48.5090512575417,-28.3981133248205,-41.159677102022));
#3333=CARTESIAN_POINT('Ctrl Pts',(-48.1483957398408,-28.3885120817623,-40.8607388009188));
#3334=CARTESIAN_POINT('Ctrl Pts',(-47.7763367923132,-28.319254763666,-40.5459991326978));
#3335=CARTESIAN_POINT('Ctrl Pts',(-48.6349135614074,-29.1233192891706,-41.688493939847));
#3336=CARTESIAN_POINT('Ctrl Pts',(-48.2050533865707,-29.2321140907133,-41.3883821774136));
#3337=CARTESIAN_POINT('Ctrl Pts',(-47.7373366255425,-29.2693624717055,-41.0784593567602));
#3338=CARTESIAN_POINT('Ctrl Pts',(-47.2463074929003,-29.2397818604622,-40.7624186981636));
#3339=CARTESIAN_POINT('Ctrl Pts',(-48.2779347984154,-29.6786796564404,-42.1139246631226));
#3340=CARTESIAN_POINT('Ctrl Pts',(-47.7562957581553,-29.7952989040244,-41.8284531527052));
#3341=CARTESIAN_POINT('Ctrl Pts',(-47.1937953569232,-29.8247713260551,-41.546593151027));
#3342=CARTESIAN_POINT('Ctrl Pts',(-46.6131061979474,-29.7659089828805,-41.2797055388446));
#3343=CARTESIAN_POINT('',(-47.9837579763188,-27.3854328400328,-40.7200461716952));
#3344=CARTESIAN_POINT('',(-46.6131061979474,-29.7659089828805,-41.2797055388446));
#3345=CARTESIAN_POINT('Origin',(-46.0553951472591,-27.3854328400328,-43.0181795010521));
#3346=CARTESIAN_POINT('Origin',(-47.2177135331998,-23.3147186257614,-40.0772585620086));
#3347=CARTESIAN_POINT('Origin',(-45.2893507041402,-23.3147186257614,-42.3753918913656));
#3348=CARTESIAN_POINT('Ctrl Pts',(-47.9837579763187,-27.3854328400328,-40.7200461716951));
#3349=CARTESIAN_POINT('Ctrl Pts',(-47.649613245389,-27.3538132863145,-40.4396654512122));
#3350=CARTESIAN_POINT('Ctrl Pts',(-46.8731775158292,-27.3068563567855,-39.9785464799315));
#3351=CARTESIAN_POINT('Ctrl Pts',(-45.370342082829,-27.2750571171166,-39.6765699009692));
#3352=CARTESIAN_POINT('Ctrl Pts',(-43.6930285581169,-27.2883434862488,-40.0189355073875));
#3353=CARTESIAN_POINT('Ctrl Pts',(-42.7222707264028,-27.3432734350266,-40.767547196925));
#3354=CARTESIAN_POINT('Ctrl Pts',(-42.348429765652,-27.3854328399702,-41.2130735047631));
#3355=CARTESIAN_POINT('Ctrl Pts',(-47.7763367923132,-28.319254763666,-40.5459991326978));
#3356=CARTESIAN_POINT('Ctrl Pts',(-47.4600135423657,-28.2897874608719,-40.319670132602));
#3357=CARTESIAN_POINT('Ctrl Pts',(-46.7417184129875,-28.2521481720706,-39.9413496802572));
#3358=CARTESIAN_POINT('Ctrl Pts',(-45.3494303320307,-28.2333171935091,-39.6900644541872));
#3359=CARTESIAN_POINT('Ctrl Pts',(-43.7899963670373,-28.2398978628054,-39.997054429913));
#3360=CARTESIAN_POINT('Ctrl Pts',(-42.8854314321665,-28.2799650265676,-40.635226307676));
#3361=CARTESIAN_POINT('Ctrl Pts',(-42.5224768046318,-28.3192547636078,-41.0056523208695));
#3362=CARTESIAN_POINT('Ctrl Pts',(-47.2463074929003,-29.2397818604622,-40.7624186981636));
#3363=CARTESIAN_POINT('Ctrl Pts',(-46.9986845783693,-29.2131341265832,-40.6152126485898));
#3364=CARTESIAN_POINT('Ctrl Pts',(-46.4339740309608,-29.1851454075688,-40.3668808631933));
#3365=CARTESIAN_POINT('Ctrl Pts',(-45.3335935483422,-29.17885314908,-40.2077914098389));
#3366=CARTESIAN_POINT('Ctrl Pts',(-44.0956891446319,-29.1790307544078,-40.4333415075214));
#3367=CARTESIAN_POINT('Ctrl Pts',(-43.3730998362047,-29.2042515485931,-40.8761201294068));
#3368=CARTESIAN_POINT('Ctrl Pts',(-43.0820346310653,-29.2397818604097,-41.1267453650685));
#3369=CARTESIAN_POINT('Ctrl Pts',(-46.6131061979474,-29.7659089828805,-41.2797055388446));
#3370=CARTESIAN_POINT('Ctrl Pts',(-46.4518132753755,-29.749559307304,-41.2055745131457));
#3371=CARTESIAN_POINT('Ctrl Pts',(-46.0731803541111,-29.7334094411127,-41.0845714332101));
#3372=CARTESIAN_POINT('Ctrl Pts',(-45.329341556283,-29.7312997933546,-41.020210580548));
#3373=CARTESIAN_POINT('Ctrl Pts',(-44.4873081651389,-29.730477468044,-41.1527983401041));
#3374=CARTESIAN_POINT('Ctrl Pts',(-43.9900684968559,-29.7441094154271,-41.391535164294));
#3375=CARTESIAN_POINT('Ctrl Pts',(-43.7954420926255,-29.7659089828481,-41.5262192055094));
#3376=CARTESIAN_POINT('',(-42.3484297653743,-27.3854328399702,-41.2130735050941));
#3377=CARTESIAN_POINT('',(-43.7954420926255,-29.7659089828481,-41.5262192055094));
#3378=CARTESIAN_POINT('Origin',(-44.6465630945925,-27.3854328399702,-43.1414363343191));
#3379=CARTESIAN_POINT('Ctrl Pts',(-47.9837579763187,-27.3854328400328,-40.7200461716951));
#3380=CARTESIAN_POINT('Ctrl Pts',(-47.649613245389,-27.3538132863145,-40.4396654512122));
#3381=CARTESIAN_POINT('Ctrl Pts',(-46.8731775158292,-27.3068563567855,-39.9785464799315));
#3382=CARTESIAN_POINT('Ctrl Pts',(-45.370342082829,-27.2750571171166,-39.6765699009692));
#3383=CARTESIAN_POINT('Ctrl Pts',(-43.6930285581169,-27.2883434862488,-40.0189355073875));
#3384=CARTESIAN_POINT('Ctrl Pts',(-42.7222707264028,-27.3432734350266,-40.767547196925));
#3385=CARTESIAN_POINT('Ctrl Pts',(-42.348429765652,-27.3854328399702,-41.2130735047631));
#3386=CARTESIAN_POINT('Ctrl Pts',(-43.7954420926255,-29.7659089828481,-41.5262192055094));
#3387=CARTESIAN_POINT('Ctrl Pts',(-43.9900684968559,-29.7441094154271,-41.391535164294));
#3388=CARTESIAN_POINT('Ctrl Pts',(-44.4873081651389,-29.730477468044,-41.1527983401041));
#3389=CARTESIAN_POINT('Ctrl Pts',(-45.329341556283,-29.7312997933546,-41.020210580548));
#3390=CARTESIAN_POINT('Ctrl Pts',(-46.0731803541111,-29.7334094411127,-41.0845714332101));
#3391=CARTESIAN_POINT('Ctrl Pts',(-46.4518132753755,-29.749559307304,-41.2055745131457));
#3392=CARTESIAN_POINT('Ctrl Pts',(-46.6131061979474,-29.7659089828805,-41.2797055388446));
#3393=CARTESIAN_POINT('Ctrl Pts',(-42.3484297652995,-27.3854328399413,-41.2130735051832));
#3394=CARTESIAN_POINT('Ctrl Pts',(-42.0960720638265,-27.4992700236984,-41.5138217025326));
#3395=CARTESIAN_POINT('Ctrl Pts',(-41.8525431640212,-27.5573593128807,-41.804048143776));
#3396=CARTESIAN_POINT('Ctrl Pts',(-41.627658941767,-27.5573593128807,-42.0720547235652));
#3397=CARTESIAN_POINT('Ctrl Pts',(-42.5224768043456,-28.3192547636095,-41.0056523211197));
#3398=CARTESIAN_POINT('Ctrl Pts',(-42.2107242379795,-28.3885120817572,-41.3802177448951));
#3399=CARTESIAN_POINT('Ctrl Pts',(-41.9074579791153,-28.3981133248354,-41.7372416750102));
#3400=CARTESIAN_POINT('Ctrl Pts',(-41.627658941767,-28.3427574762782,-42.0720547235652));
#3401=CARTESIAN_POINT('Ctrl Pts',(-43.0820346309794,-29.2397818604374,-41.1267453651232));
#3402=CARTESIAN_POINT('Ctrl Pts',(-42.6533452185048,-29.2693624717256,-41.5232509701507));
#3403=CARTESIAN_POINT('Ctrl Pts',(-42.2465516589362,-29.2321140907425,-41.9096835300909));
#3404=CARTESIAN_POINT('Ctrl Pts',(-41.8753358865893,-29.1233192891706,-42.2798803566167));
#3405=CARTESIAN_POINT('Ctrl Pts',(-43.7954420927589,-29.7659089828332,-41.5262192054171));
#3406=CARTESIAN_POINT('Ctrl Pts',(-43.2699194542551,-29.8247713260705,-41.8898878094157));
#3407=CARTESIAN_POINT('Ctrl Pts',(-42.7649091735515,-29.7952989040556,-42.2651428940448));
#3408=CARTESIAN_POINT('Ctrl Pts',(-42.3007666098649,-29.6786796564404,-42.6368591196087));
#3409=CARTESIAN_POINT('',(-41.627658941767,-27.5573593128807,-42.0720547235652));
#3410=CARTESIAN_POINT('',(-42.3007666098649,-29.6786796564404,-42.6368591196087));
#3411=CARTESIAN_POINT('Origin',(-43.925792271124,-27.5573593128807,-44.0004175526247));
#3412=CARTESIAN_POINT('Origin',(-42.9912173747832,-23.3147186257614,-40.447029062306));
#3413=CARTESIAN_POINT('Origin',(-45.2893507041402,-23.3147186257614,-42.3753918913656));
#3414=CARTESIAN_POINT('Origin',(-47.8347704835537,-27.5573593128807,-39.341878724589));
#3415=CARTESIAN_POINT('',(-45.5366371541967,-27.5573593128807,-37.4135158955294));
#3416=CARTESIAN_POINT('',(-46.2097448222945,-29.6786796564404,-37.9783202915729));
#3417=CARTESIAN_POINT('Origin',(-44.9195802038428,-19.1,-38.148895732949));
#3418=CARTESIAN_POINT('',(-41.7997762214174,-21.3426406871193,-41.8669333371944));
#3419=CARTESIAN_POINT('',(-45.5366371541967,-21.3426406871193,-37.4135158955294));
#3420=CARTESIAN_POINT('',(-42.2542956990894,-21.6961940777126,-41.3252581167747));
#3421=CARTESIAN_POINT('Origin',(-42.0270359602534,-22.0497474683058,-41.5960957269845));
#3422=CARTESIAN_POINT('',(-42.3484297650966,-21.8426406871193,-41.213073505425));
#3423=CARTESIAN_POINT('',(-42.7525372587185,-22.4713203435596,-40.7314769481069));
#3424=CARTESIAN_POINT('',(-42.3484297650966,-19.1,-41.213073505425));
#3425=CARTESIAN_POINT('Origin',(-45.4126075375726,-19.1,-43.7842239441711));
#3426=CARTESIAN_POINT('',(-47.9837579763188,-22.8426406871193,-40.7200461716952));
#3427=CARTESIAN_POINT('Origin',(-45.4126075375726,-21.8426406871193,-43.7842239441711));
#3428=CARTESIAN_POINT('',(-47.9837579763188,-19.1,-40.7200461716952));
#3429=CARTESIAN_POINT('Origin',(-62.9730398046134,-19.1,-53.2975470254294));
#3430=CARTESIAN_POINT('',(-50.9930971446545,-22.8426406871193,-43.245181557933));
#3431=CARTESIAN_POINT('',(-58.2934862029796,-22.8426406871193,-49.3709353242242));
#3432=CARTESIAN_POINT('',(-50.9930971446545,-19.1,-43.245181557933));
#3433=CARTESIAN_POINT('Origin',(-58.7065484608929,-19.1,-34.0526482405052));
#3434=CARTESIAN_POINT('',(-69.5822419053323,-22.8426406871193,-39.1240673813945));
#3435=CARTESIAN_POINT('Origin',(-58.7065484608929,-22.8426406871193,-34.0526482405052));
#3436=CARTESIAN_POINT('',(-69.5822419053323,-19.1,-39.1240673813945));
#3437=CARTESIAN_POINT('Origin',(-78.6438314495524,-19.1,-19.6914258930014));
#3438=CARTESIAN_POINT('',(-78.0816781717722,-22.8426406871193,-20.896967487588));
#3439=CARTESIAN_POINT('',(-75.7861928246112,-22.8426406871193,-25.819651700502));
#3440=CARTESIAN_POINT('',(-78.0816781717722,-19.1,-20.896967487588));
#3441=CARTESIAN_POINT('Origin',(-72.6438314495525,-19.1,-18.3612579171433));
#3442=CARTESIAN_POINT('',(-78.6438314495525,-22.8426406871193,-18.3612579171438));
#3443=CARTESIAN_POINT('Origin',(-72.6438314495525,-22.8426406871193,-18.3612579171433));
#3444=CARTESIAN_POINT('',(-78.6438314495525,-19.1,-18.3612579171438));
#3445=CARTESIAN_POINT('Origin',(-78.6438314495566,-19.1,31.5350168058544));
#3446=CARTESIAN_POINT('',(-78.6438314495553,-22.8426406871193,14.9888673866575));
#3447=CARTESIAN_POINT('Origin',(-47.8347704835537,-21.3426406871193,-39.3418787245889));
#3448=CARTESIAN_POINT('',(-42.4728838895152,-19.2213203435596,-42.4317377332378));
#3449=CARTESIAN_POINT('',(-46.2097448222945,-19.2213203435596,-37.9783202915729));
#3450=CARTESIAN_POINT('Origin',(-44.0979095507743,-21.3426406871193,-43.7952961662539));
#3451=CARTESIAN_POINT('Ctrl Pts',(-41.7997762214173,-21.3426406871193,-41.8669333371944));
#3452=CARTESIAN_POINT('Ctrl Pts',(-41.8586624456769,-21.3426406871193,-41.7967554678788));
#3453=CARTESIAN_POINT('Ctrl Pts',(-42.0141884726625,-21.3988550275787,-41.6114067664768));
#3454=CARTESIAN_POINT('Ctrl Pts',(-42.17578073341,-21.57404647484,-41.4188286091955));
#3455=CARTESIAN_POINT('Ctrl Pts',(-42.2542956990894,-21.6961940777126,-41.3252581167746));
#3456=CARTESIAN_POINT('Ctrl Pts',(-41.7997762214173,-20.8938417366064,-41.8669333371944));
#3457=CARTESIAN_POINT('Ctrl Pts',(-41.9083145393555,-20.8444244786619,-41.7371889860923));
#3458=CARTESIAN_POINT('Ctrl Pts',(-42.1890027245326,-20.8030714677594,-41.4050254308192));
#3459=CARTESIAN_POINT('Ctrl Pts',(-42.496122474352,-20.9330876312909,-41.0425138479921));
#3460=CARTESIAN_POINT('Ctrl Pts',(-42.6622714282231,-21.0614965151185,-40.8390515758883));
#3461=CARTESIAN_POINT('Ctrl Pts',(-41.9371956492442,-20.108967404574,-41.9822419284004));
#3462=CARTESIAN_POINT('Ctrl Pts',(-42.1638443897552,-19.9735501036919,-41.7746494328586));
#3463=CARTESIAN_POINT('Ctrl Pts',(-42.7639464933781,-19.7610297400828,-41.2679327861056));
#3464=CARTESIAN_POINT('Ctrl Pts',(-43.4994652754822,-19.8153889223289,-40.7547718095588));
#3465=CARTESIAN_POINT('Ctrl Pts',(-43.945620223023,-19.9626025689526,-40.4814049087486));
#3466=CARTESIAN_POINT('Ctrl Pts',(-42.2905564366828,-19.4593319295324,-42.2787468348127));
#3467=CARTESIAN_POINT('Ctrl Pts',(-42.6631442704176,-19.2816784299112,-42.0470892235343));
#3468=CARTESIAN_POINT('Ctrl Pts',(-43.6609075104169,-19.0472914204059,-41.5540977713952));
#3469=CARTESIAN_POINT('Ctrl Pts',(-44.792562603326,-19.2863892651641,-41.2664987993046));
#3470=CARTESIAN_POINT('Ctrl Pts',(-45.4002875482855,-19.5748737341529,-41.1958716776302));
#3471=CARTESIAN_POINT('Ctrl Pts',(-42.4728838895152,-19.2213203435596,-42.4317377332379));
#3472=CARTESIAN_POINT('Ctrl Pts',(-42.9076707494442,-19.0380989392508,-42.1986208351788));
#3473=CARTESIAN_POINT('Ctrl Pts',(-44.0698558903731,-18.8352595497912,-41.7413225114733));
#3474=CARTESIAN_POINT('Ctrl Pts',(-45.306160594741,-19.2084309255352,-41.59524689912));
#3475=CARTESIAN_POINT('Ctrl Pts',(-45.9159874614625,-19.5748737341529,-41.6285952845751));
#3476=CARTESIAN_POINT('',(-45.9159874614625,-19.5748737341529,-41.6285952845751));
#3477=CARTESIAN_POINT('Origin',(-44.3251692896104,-22.0497474683058,-43.5244585560441));
#3478=CARTESIAN_POINT('Origin',(-44.5524290284464,-21.6961940777126,-43.2536209458342));
#3479=CARTESIAN_POINT('Origin',(-44.3251692896104,-22.0497474683058,-43.5244585560441));
#3480=CARTESIAN_POINT('Ctrl Pts',(-47.4189535802753,-20.7213203435597,-41.393153839793));
#3481=CARTESIAN_POINT('Ctrl Pts',(-47.2470536092163,-20.7213203435597,-41.248912637478));
#3482=CARTESIAN_POINT('Ctrl Pts',(-46.8773160403074,-20.5901743232513,-41.1098649506517));
#3483=CARTESIAN_POINT('Ctrl Pts',(-46.350702891185,-20.1697065877576,-41.2168656982924));
#3484=CARTESIAN_POINT('Ctrl Pts',(-46.1062823290131,-19.8709199937306,-41.4018106925194));
#3485=CARTESIAN_POINT('Ctrl Pts',(-46.0101215274697,-19.7213203435596,-41.5164106732254));
#3486=CARTESIAN_POINT('Ctrl Pts',(-47.6229414448421,-21.0386691248567,-41.1500505693498));
#3487=CARTESIAN_POINT('Ctrl Pts',(-47.3419094862324,-21.0386691248567,-40.9142367565314));
#3488=CARTESIAN_POINT('Ctrl Pts',(-46.7712963695906,-20.8823262121476,-40.6476720378267));
#3489=CARTESIAN_POINT('Ctrl Pts',(-45.936225498635,-20.3457826974647,-40.6428787380381));
#3490=CARTESIAN_POINT('Ctrl Pts',(-45.5082110425093,-19.9399399649116,-40.814073597791));
#3491=CARTESIAN_POINT('Ctrl Pts',(-45.3225216432338,-19.7213203435596,-40.9394458639655));
#3492=CARTESIAN_POINT('Ctrl Pts',(-47.8981457116547,-21.720506494358,-40.8220748956786));
#3493=CARTESIAN_POINT('Ctrl Pts',(-47.4263452940254,-21.720506494358,-40.4261873392566));
#3494=CARTESIAN_POINT('Ctrl Pts',(-46.4786973424486,-21.5519577193904,-39.9576724457986));
#3495=CARTESIAN_POINT('Ctrl Pts',(-45.0046602571401,-20.9713586113007,-39.885205650153));
#3496=CARTESIAN_POINT('Ctrl Pts',(-44.1754785357133,-20.5105717012661,-40.1381068635718));
#3497=CARTESIAN_POINT('Ctrl Pts',(-43.7896875126696,-20.2539347779274,-40.3485240753805));
#3498=CARTESIAN_POINT('Ctrl Pts',(-47.9837579763188,-22.5060414742347,-40.7200461716952));
#3499=CARTESIAN_POINT('Ctrl Pts',(-47.3539967658452,-22.5060414742347,-40.1916137722571));
#3500=CARTESIAN_POINT('Ctrl Pts',(-46.0303446833794,-22.3630318738783,-39.643297242809));
#3501=CARTESIAN_POINT('Ctrl Pts',(-44.0640987178212,-21.8950274492837,-39.8776431128047));
#3502=CARTESIAN_POINT('Ctrl Pts',(-43.0739248831687,-21.5478085853284,-40.4601096395794));
#3503=CARTESIAN_POINT('Ctrl Pts',(-42.6544115619469,-21.3666175151737,-40.8484185997603));
#3504=CARTESIAN_POINT('Ctrl Pts',(-47.9837579763188,-22.8426406871193,-40.7200461716952));
#3505=CARTESIAN_POINT('Ctrl Pts',(-47.2961580920828,-22.8426406871193,-40.1430813624352));
#3506=CARTESIAN_POINT('Ctrl Pts',(-45.8172078164475,-22.7114946668109,-39.58689061513));
#3507=CARTESIAN_POINT('Ctrl Pts',(-43.7107552199576,-22.2910269313173,-40.0148936056928));
#3508=CARTESIAN_POINT('Ctrl Pts',(-42.7330729712699,-21.9922403372902,-40.754673582601));
#3509=CARTESIAN_POINT('Ctrl Pts',(-42.3484297650966,-21.8426406871193,-41.213073505425));
#3510=CARTESIAN_POINT('',(-47.4189535802753,-20.7213203435597,-41.393153839793));
#3511=CARTESIAN_POINT('Origin',(-46.0553951472591,-22.8426406871193,-43.0181795010521));
#3512=CARTESIAN_POINT('',(-46.0101215274697,-19.7213203435596,-41.5164106732254));
#3513=CARTESIAN_POINT('Origin',(-44.6465630944536,-21.8426406871193,-43.1414363344846));
#3514=CARTESIAN_POINT('Origin',(-46.7761659705887,-19.7213203435597,-42.159198282912));
#3515=CARTESIAN_POINT('Origin',(-56.36512337392,-22.8426406871193,-51.6690686535812));
#3516=CARTESIAN_POINT('',(-50.428292748611,-20.7213203435597,-43.9182892260308));
#3517=CARTESIAN_POINT('Origin',(-49.0647343155948,-22.8426406871193,-45.5433148872899));
#3518=CARTESIAN_POINT('',(-57.7286818069362,-20.7213203435597,-50.044042992322));
#3519=CARTESIAN_POINT('Origin',(-58.7065484608929,-22.8426406871193,-34.0526482405052));
#3520=CARTESIAN_POINT('',(-70.3785961202748,-20.7213203435597,-39.4954134504263));
#3521=CARTESIAN_POINT('Origin',(-58.7065484608929,-20.7213203435597,-34.0526482405052));
#3522=CARTESIAN_POINT('Origin',(-72.3011652664421,-22.8426406871193,-40.3919221666168));
#3523=CARTESIAN_POINT('Origin',(-78.5051161857211,-22.8426406871193,-27.0875064857244));
#3524=CARTESIAN_POINT('',(-78.8780323867148,-20.7213203435596,-21.2683135566198));
#3525=CARTESIAN_POINT('',(-76.5825470395538,-20.7213203435596,-26.1909977695338));
#3526=CARTESIAN_POINT('Origin',(-80.8006015328821,-22.8426406871193,-22.1648222728103));
#3527=CARTESIAN_POINT('Origin',(-72.6438314495525,-22.8426406871193,-18.3612579171433));
#3528=CARTESIAN_POINT('',(-79.5225111059929,-20.7213203435597,-18.3612579171439));
#3529=CARTESIAN_POINT('Origin',(-72.6438314495525,-20.7213203435597,-18.3612579171433));
#3530=CARTESIAN_POINT('Origin',(-81.6438314495525,-22.8426406871193,-18.3612579171441));
#3531=CARTESIAN_POINT('Origin',(-81.6438314495553,-22.8426406871193,14.9888673866572));
#3532=CARTESIAN_POINT('',(-79.5225111059956,-20.7213203435597,14.9888673866574));
#3533=CARTESIAN_POINT('Origin',(-45.0506705880755,-22.4713203435596,-42.6598397771665));
#3534=CARTESIAN_POINT('',(-46.4142290210916,-20.35,-41.0348141159074));
#3535=CARTESIAN_POINT('Origin',(-44.3319325057025,-21.9948765463151,-43.6017624697117));
#3536=CARTESIAN_POINT('',(-45.9227506775546,-19.5200028121621,-41.7058991982427));
#3537=CARTESIAN_POINT('Origin',(-44.3319325057025,-21.9948765463151,-43.6017624697117));
#3538=CARTESIAN_POINT('',(-42.4360692342335,-19.5200028121621,-42.0109442978596));
#3539=CARTESIAN_POINT('Origin',(-52.8104480892377,-20.35,-46.4018791769178));
#3540=CARTESIAN_POINT('',(-50.9930971446545,-21.6,-43.245181557933));
#3541=CARTESIAN_POINT('Origin',(-58.7065484608929,-20.35,-34.0526482405052));
#3542=CARTESIAN_POINT('',(-69.5822419053323,-21.6,-39.1240673813945));
#3543=CARTESIAN_POINT('Origin',(-74.0614389334657,-20.35,-32.4761503351786));
#3544=CARTESIAN_POINT('',(-78.0816781717722,-21.6,-20.896967487588));
#3545=CARTESIAN_POINT('Origin',(-72.6438314495525,-20.35,-18.3612579171433));
#3546=CARTESIAN_POINT('',(-78.6438314495525,-21.6,-18.3612579171438));
#3547=CARTESIAN_POINT('Origin',(-79.8938314495539,-20.35,-1.5572820325395));
#3548=CARTESIAN_POINT('Origin',(-23.6579215142193,-27.5573593128807,-68.1547253414022));
#3549=CARTESIAN_POINT('',(-10.7673038796051,-29.6786796564404,-80.2169766153324));
#3550=CARTESIAN_POINT('',(-22.0328958529602,-29.6786796564404,-66.7911669083861));
#3551=CARTESIAN_POINT('',(-10.0941962115073,-27.5573593128807,-79.6521722192889));
#3552=CARTESIAN_POINT('Origin',(-12.3923295408642,-27.5573593128807,-81.5805350483485));
#3553=CARTESIAN_POINT('',(-21.3597881848624,-27.5573593128807,-66.2263625123426));
#3554=CARTESIAN_POINT('Ctrl Pts',(-10.0941962115073,-27.5573593128807,-79.6521722192889));
#3555=CARTESIAN_POINT('Ctrl Pts',(-9.86931198931342,-27.5573593128807,-79.9201787990062));
#3556=CARTESIAN_POINT('Ctrl Pts',(-9.62578308957847,-27.4992700237298,-80.2104052401658));
#3557=CARTESIAN_POINT('Ctrl Pts',(-9.37342538817772,-27.3854328400329,-80.511153437429));
#3558=CARTESIAN_POINT('Ctrl Pts',(-10.0941962115073,-28.3427574762782,-79.6521722192889));
#3559=CARTESIAN_POINT('Ctrl Pts',(-9.81305631850457,-28.3981133248205,-79.985860156206));
#3560=CARTESIAN_POINT('Ctrl Pts',(-9.5141180174014,-28.3885120817623,-80.3465156739069));
#3561=CARTESIAN_POINT('Ctrl Pts',(-9.19937834918034,-28.319254763666,-80.7185746214345));
#3562=CARTESIAN_POINT('Ctrl Pts',(-10.3418731563296,-29.1233192891705,-79.8599978523404));
#3563=CARTESIAN_POINT('Ctrl Pts',(-10.0417613938962,-29.2321140907133,-80.289858027177));
#3564=CARTESIAN_POINT('Ctrl Pts',(-9.73183857324275,-29.2693624717054,-80.7575747882052));
#3565=CARTESIAN_POINT('Ctrl Pts',(-9.41579791464617,-29.2397818604622,-81.2486039208474));
#3566=CARTESIAN_POINT('Ctrl Pts',(-10.7673038796051,-29.6786796564403,-80.2169766153324));
#3567=CARTESIAN_POINT('Ctrl Pts',(-10.4818323691878,-29.7952989040243,-80.7386156555925));
#3568=CARTESIAN_POINT('Ctrl Pts',(-10.1999723675096,-29.824771326055,-81.3011160568245));
#3569=CARTESIAN_POINT('Ctrl Pts',(-9.93308475532714,-29.7659089828805,-81.8818052158002));
#3570=CARTESIAN_POINT('',(-9.37342538817772,-27.3854328400329,-80.511153437429));
#3571=CARTESIAN_POINT('',(-9.93308475532715,-29.7659089828805,-81.8818052158002));
#3572=CARTESIAN_POINT('Origin',(-11.6715587175346,-27.3854328400329,-82.4395162664886));
#3573=CARTESIAN_POINT('Origin',(-8.73063777849117,-23.3147186257614,-81.277197880548));
#3574=CARTESIAN_POINT('Origin',(-11.0287711078481,-23.3147186257614,-83.2055607096076));
#3575=CARTESIAN_POINT('Ctrl Pts',(-9.37342538817767,-27.3854328400328,-80.511153437429));
#3576=CARTESIAN_POINT('Ctrl Pts',(-8.99958442753365,-27.3432734350751,-80.9566797453354));
#3577=CARTESIAN_POINT('Ctrl Pts',(-8.43089485551752,-27.2883415531684,-82.0427517769554));
#3578=CARTESIAN_POINT('Ctrl Pts',(-8.38502918302536,-27.2750578990162,-83.7540226814507));
#3579=CARTESIAN_POINT('Ctrl Pts',(-8.94339686976022,-27.3068584667733,-85.1815805752013));
#3580=CARTESIAN_POINT('Ctrl Pts',(-9.53230799036703,-27.3538132862625,-85.8661009275326));
#3581=CARTESIAN_POINT('Ctrl Pts',(-9.86645272124557,-27.3854328399702,-86.1464816480957));
#3582=CARTESIAN_POINT('Ctrl Pts',(-9.19937834918029,-28.319254763666,-80.7185746214345));
#3583=CARTESIAN_POINT('Ctrl Pts',(-8.8976063490524,-28.2799650266071,-81.1403389546981));
#3584=CARTESIAN_POINT('Ctrl Pts',(-8.42618553181004,-28.2398964172964,-82.1420418585516));
#3585=CARTESIAN_POINT('Ctrl Pts',(-8.39468374501506,-28.2333174329475,-83.7310820064377));
#3586=CARTESIAN_POINT('Ctrl Pts',(-8.88393156106454,-28.2521494414493,-85.0585753486207));
#3587=CARTESIAN_POINT('Ctrl Pts',(-9.38121202745691,-28.2897874608277,-85.7002186384649));
#3588=CARTESIAN_POINT('Ctrl Pts',(-9.65903153735199,-28.3192547636079,-85.9724346091159));
#3589=CARTESIAN_POINT('Ctrl Pts',(-9.41579791464614,-29.2397818604622,-81.2486039208474));
#3590=CARTESIAN_POINT('Ctrl Pts',(-9.21952318188072,-29.2042515486234,-81.5787678068892));
#3591=CARTESIAN_POINT('Ctrl Pts',(-8.90893448763773,-29.1790300158756,-82.3673167449355));
#3592=CARTESIAN_POINT('Ctrl Pts',(-8.90179226283168,-29.1788530397008,-83.6255727409028));
#3593=CARTESIAN_POINT('Ctrl Pts',(-9.24955183737873,-29.1851460459859,-84.6816045322812));
#3594=CARTESIAN_POINT('Ctrl Pts',(-9.59215565480469,-29.2131341265473,-85.1945778788279));
#3595=CARTESIAN_POINT('Ctrl Pts',(-9.78012458155093,-29.2397818604098,-85.4128767826824));
#3596=CARTESIAN_POINT('Ctrl Pts',(-9.93308475532713,-29.7659089828805,-81.8818052158003));
#3597=CARTESIAN_POINT('Ctrl Pts',(-9.83424338772823,-29.744109415445,-82.0968624458967));
#3598=CARTESIAN_POINT('Ctrl Pts',(-9.68547302542888,-29.730477436988,-82.6280372365682));
#3599=CARTESIAN_POINT('Ctrl Pts',(-9.7011278031338,-29.731299918598,-83.4802967100425));
#3600=CARTESIAN_POINT('Ctrl Pts',(-9.89368111954174,-29.7334100291267,-84.2016548459421));
#3601=CARTESIAN_POINT('Ctrl Pts',(-10.0785853910804,-29.7495593072824,-84.5534995179494));
#3602=CARTESIAN_POINT('Ctrl Pts',(-10.1795984219919,-29.7659089828481,-84.6994693211221));
#3603=CARTESIAN_POINT('',(-9.8664527215765,-27.3854328399702,-86.1464816483733));
#3604=CARTESIAN_POINT('',(-10.1795984219919,-29.7659089828481,-84.6994693211221));
#3605=CARTESIAN_POINT('Origin',(-11.7948155508016,-27.3854328399702,-83.8483483191553));
#3606=CARTESIAN_POINT('Ctrl Pts',(-9.37342538817767,-27.3854328400328,-80.511153437429));
#3607=CARTESIAN_POINT('Ctrl Pts',(-8.99958442753365,-27.3432734350751,-80.9566797453354));
#3608=CARTESIAN_POINT('Ctrl Pts',(-8.43089485551752,-27.2883415531684,-82.0427517769554));
#3609=CARTESIAN_POINT('Ctrl Pts',(-8.38502918302536,-27.2750578990162,-83.7540226814507));
#3610=CARTESIAN_POINT('Ctrl Pts',(-8.94339686976022,-27.3068584667733,-85.1815805752013));
#3611=CARTESIAN_POINT('Ctrl Pts',(-9.53230799036703,-27.3538132862625,-85.8661009275326));
#3612=CARTESIAN_POINT('Ctrl Pts',(-9.86645272124557,-27.3854328399702,-86.1464816480957));
#3613=CARTESIAN_POINT('Ctrl Pts',(-10.1795984219919,-29.7659089828481,-84.6994693211221));
#3614=CARTESIAN_POINT('Ctrl Pts',(-10.0785853910804,-29.7495593072824,-84.5534995179494));
#3615=CARTESIAN_POINT('Ctrl Pts',(-9.89368111954174,-29.7334100291267,-84.2016548459421));
#3616=CARTESIAN_POINT('Ctrl Pts',(-9.7011278031338,-29.731299918598,-83.4802967100425));
#3617=CARTESIAN_POINT('Ctrl Pts',(-9.68547302542888,-29.730477436988,-82.6280372365682));
#3618=CARTESIAN_POINT('Ctrl Pts',(-9.83424338772823,-29.744109415445,-82.0968624458967));
#3619=CARTESIAN_POINT('Ctrl Pts',(-9.93308475532713,-29.7659089828805,-81.8818052158003));
#3620=CARTESIAN_POINT('Ctrl Pts',(-9.86645272166564,-27.3854328399413,-86.1464816484481));
#3621=CARTESIAN_POINT('Ctrl Pts',(-10.167200919015,-27.4992700236985,-86.3988393499212));
#3622=CARTESIAN_POINT('Ctrl Pts',(-10.4574273602584,-27.5573593128807,-86.6423682497265));
#3623=CARTESIAN_POINT('Ctrl Pts',(-10.7254339400476,-27.5573593128807,-86.8672524719806));
#3624=CARTESIAN_POINT('Ctrl Pts',(-9.65903153760213,-28.3192547636095,-85.9724346094021));
#3625=CARTESIAN_POINT('Ctrl Pts',(-10.0335969613775,-28.3885120817572,-86.2841871757682));
#3626=CARTESIAN_POINT('Ctrl Pts',(-10.3906208914926,-28.3981133248354,-86.5874534346324));
#3627=CARTESIAN_POINT('Ctrl Pts',(-10.7254339400476,-28.3427574762782,-86.8672524719806));
#3628=CARTESIAN_POINT('Ctrl Pts',(-9.78012458160564,-29.2397818604374,-85.4128767827682));
#3629=CARTESIAN_POINT('Ctrl Pts',(-10.1766301866332,-29.2693624717256,-85.8415661952429));
#3630=CARTESIAN_POINT('Ctrl Pts',(-10.5630627465733,-29.2321140907425,-86.2483597548115));
#3631=CARTESIAN_POINT('Ctrl Pts',(-10.9332595730991,-29.1233192891706,-86.6195755271584));
#3632=CARTESIAN_POINT('Ctrl Pts',(-10.1795984218996,-29.7659089828332,-84.6994693209888));
#3633=CARTESIAN_POINT('Ctrl Pts',(-10.5432670258981,-29.8247713260705,-85.2249919594926));
#3634=CARTESIAN_POINT('Ctrl Pts',(-10.9185221105272,-29.7952989040556,-85.7300022401962));
#3635=CARTESIAN_POINT('Ctrl Pts',(-11.2902383360911,-29.6786796564404,-86.1941448038828));
#3636=CARTESIAN_POINT('',(-10.7254339400476,-27.5573593128807,-86.8672524719806));
#3637=CARTESIAN_POINT('',(-11.2902383360911,-29.6786796564404,-86.1941448038828));
#3638=CARTESIAN_POINT('Origin',(-12.6537967691072,-27.5573593128807,-84.5691191426237));
#3639=CARTESIAN_POINT('Origin',(-9.10040827878847,-23.3147186257614,-85.5036940389645));
#3640=CARTESIAN_POINT('Origin',(-11.0287711078481,-23.3147186257615,-83.2055607096076));
#3641=CARTESIAN_POINT('Origin',(-8.56444907704983,-27.5573593128807,-81.1377490024626));
#3642=CARTESIAN_POINT('',(-20.4632633477451,-27.5573593128807,-95.0382615364471));
#3643=CARTESIAN_POINT('',(-21.0280677437886,-29.6786796564404,-94.3651538683492));
#3644=CARTESIAN_POINT('Origin',(-22.3916261768047,-27.5573593128807,-92.7401282070902));
#3645=CARTESIAN_POINT('',(-6.63608624799018,-27.5573593128807,-83.4358823318196));
#3646=CARTESIAN_POINT('',(-7.20089064403368,-29.6786796564404,-82.7627746637217));
#3647=CARTESIAN_POINT('Origin',(-27.2125332494538,-27.5573593128807,-86.9947948836979));
#3648=CARTESIAN_POINT('',(-33.5636916833804,-29.6786796564404,-94.2220067735318));
#3649=CARTESIAN_POINT('Origin',(-27.2125332494538,-29.6786796564404,-86.9947948836979));
#3650=CARTESIAN_POINT('',(-34.1437195289823,-27.5573593128807,-94.8820413460873));
#3651=CARTESIAN_POINT('Origin',(-32.1633805919742,-27.5573593128807,-92.6285423568332));
#3652=CARTESIAN_POINT('Origin',(-27.2125332494538,-27.5573593128807,-86.9947948836979));
#3653=CARTESIAN_POINT('Origin',(-36.3246283974419,-27.5573593128807,-88.971704215346));
#3654=CARTESIAN_POINT('',(-62.9347425109515,-29.6786796564403,-68.4111961842909));
#3655=CARTESIAN_POINT('',(-37.7249394888481,-29.6786796564404,-90.5651686320447));
#3656=CARTESIAN_POINT('',(-63.5147703565534,-27.5573593128807,-69.0712307568464));
#3657=CARTESIAN_POINT('Origin',(-61.5344314195453,-27.5573593128807,-66.8177317675923));
#3658=CARTESIAN_POINT('',(-38.30496733445,-27.5573593128807,-91.2252032046001));
#3659=CARTESIAN_POINT('Origin',(-56.9136405665263,-27.5573593128807,-61.5595674593326));
#3660=CARTESIAN_POINT('',(-65.1803642219502,-29.6786796564404,-65.4144040077079));
#3661=CARTESIAN_POINT('Origin',(-56.9136405665263,-29.6786796564404,-61.5595674593326));
#3662=CARTESIAN_POINT('',(-65.9767184368928,-27.5573593128807,-65.7857500767396));
#3663=CARTESIAN_POINT('Origin',(-63.2577950757828,-27.5573593128807,-64.5178952915175));
#3664=CARTESIAN_POINT('Origin',(-56.9136405665263,-27.5573593128807,-61.5595674593326));
#3665=CARTESIAN_POINT('Origin',(-64.7147365225185,-27.5573593128807,-61.3934742762155));
#3666=CARTESIAN_POINT('',(-84.9105551049765,-29.6786796564404,-23.1028731160833));
#3667=CARTESIAN_POINT('',(-66.6373056686859,-29.6786796564404,-62.2899829924059));
#3668=CARTESIAN_POINT('',(-85.7069093199191,-27.5573593128807,-23.474219185115));
#3669=CARTESIAN_POINT('Origin',(-82.9879859588092,-27.5573593128807,-22.2063643998929));
#3670=CARTESIAN_POINT('',(-67.4336598836285,-27.5573593128807,-62.6613290614377));
#3671=CARTESIAN_POINT('Origin',(-76.6438314495526,-27.5573593128807,-19.248036567708));
#3672=CARTESIAN_POINT('',(-85.7651517931123,-29.6786796564404,-19.2480365677087));
#3673=CARTESIAN_POINT('Origin',(-76.6438314495526,-29.6786796564404,-19.248036567708));
#3674=CARTESIAN_POINT('',(-86.6438314495526,-27.5573593128807,-19.2480365677088));
#3675=CARTESIAN_POINT('Origin',(-83.6438314495526,-27.5573593128807,-19.2480365677086));
#3676=CARTESIAN_POINT('Origin',(-76.6438314495526,-27.5573593128807,-19.248036567708));
#3677=CARTESIAN_POINT('Origin',(-83.6438314495522,-27.5573593128807,-24.7611326133424));
#3678=CARTESIAN_POINT('',(-86.6438314495522,-27.5573593128807,-24.7611326133426));
#3679=CARTESIAN_POINT('',(-85.7651517931118,-29.6786796564404,-24.7611326133426));
#3680=CARTESIAN_POINT('Origin',(-30.9933503455601,-30.05,-56.6901849814271));
#3681=CARTESIAN_POINT('',(-13.0514719474776,-31.3,-80.0171378038056));
#3682=CARTESIAN_POINT('',(-31.9509058994588,-31.3,-57.4936694935352));
#3683=CARTESIAN_POINT('',(-17.096175033912,-34.1709618569366,-79.6632721364143));
#3684=CARTESIAN_POINT('Origin',(-20.3462263564302,-29.9283211698173,-82.3903890024466));
#3685=CARTESIAN_POINT('',(-13.5744064039635,-31.3,-85.9943059923561));
#3686=CARTESIAN_POINT('Origin',(-22.2786914585463,-31.3,-82.221320213352));
#3687=CARTESIAN_POINT('',(-17.6191094903979,-34.1709618569366,-85.6404403249648));
#3688=CARTESIAN_POINT('Origin',(-7.27338205865699,-30.05,-82.3388778998356));
#3689=CARTESIAN_POINT('',(-22.0702323719614,-31.3,-93.1231504286496));
#3690=CARTESIAN_POINT('',(-8.07686657076518,-31.3,-81.3813223459368));
#3691=CARTESIAN_POINT('',(-20.4632633477451,-28.8,-95.0382615364471));
#3692=CARTESIAN_POINT('Origin',(-27.2125332494538,-30.05,-86.9947948836979));
#3693=CARTESIAN_POINT('',(-32.4934370814756,-31.3,-93.0041255217089));
#3694=CARTESIAN_POINT('Origin',(-27.2125332494538,-31.3,-86.9947948836979));
#3695=CARTESIAN_POINT('',(-34.1437195289823,-28.8,-94.8820413460873));
#3696=CARTESIAN_POINT('Origin',(-48.4142251768446,-30.05,-80.6772699492956));
#3697=CARTESIAN_POINT('',(-61.8644879090466,-31.3,-67.193314932468));
#3698=CARTESIAN_POINT('',(-47.5890839530912,-31.3,-79.7383120371064));
#3699=CARTESIAN_POINT('',(-63.5147703565534,-28.8,-69.0712307568464));
#3700=CARTESIAN_POINT('Origin',(-56.9136405665263,-30.05,-61.5595674593326));
#3701=CARTESIAN_POINT('',(-63.7109489693012,-31.3,-64.7292044223879));
#3702=CARTESIAN_POINT('Origin',(-56.9136405665263,-31.3,-61.5595674593326));
#3703=CARTESIAN_POINT('',(-65.9767184368928,-28.8,-65.7857500767396));
#3704=CARTESIAN_POINT('Origin',(-68.6441349373168,-30.05,-57.1077049527584));
#3705=CARTESIAN_POINT('',(-83.4411398523275,-31.3,-22.4176735307633));
#3706=CARTESIAN_POINT('',(-67.5112502035209,-31.3,-56.5794321255825));
#3707=CARTESIAN_POINT('',(-85.7069093199191,-28.8,-23.474219185115));
#3708=CARTESIAN_POINT('Origin',(-76.6438314495526,-30.05,-19.248036567708));
#3709=CARTESIAN_POINT('',(-84.1438314495526,-31.3,-19.2480365677086));
#3710=CARTESIAN_POINT('Origin',(-76.6438314495526,-31.3,-19.248036567708));
#3711=CARTESIAN_POINT('',(-86.6438314495526,-28.8,-19.2480365677088));
#3712=CARTESIAN_POINT('Origin',(-85.3938314495519,-30.05,-28.0572820325396));
#3713=CARTESIAN_POINT('',(-84.1438314495519,-31.3,-28.0572820325395));
#3714=CARTESIAN_POINT('Origin',(-76.6438314495526,-22.8426406871193,-19.248036567708));
#3715=CARTESIAN_POINT('',(-84.9105551049765,-20.7213203435597,-23.1028731160833));
#3716=CARTESIAN_POINT('Origin',(-76.6438314495526,-20.7213203435596,-19.248036567708));
#3717=CARTESIAN_POINT('',(-85.7069093199191,-22.8426406871193,-23.474219185115));
#3718=CARTESIAN_POINT('Origin',(-82.9879859588092,-22.8426406871193,-22.2063643998929));
#3719=CARTESIAN_POINT('Origin',(-76.6438314495526,-22.8426406871193,-19.248036567708));
#3720=CARTESIAN_POINT('Origin',(-64.7147365225185,-22.8426406871193,-61.3934742762156));
#3721=CARTESIAN_POINT('',(-65.1803642219502,-20.7213203435596,-65.4144040077079));
#3722=CARTESIAN_POINT('',(-66.6373056686859,-20.7213203435596,-62.2899829924059));
#3723=CARTESIAN_POINT('',(-65.9767184368928,-22.8426406871193,-65.7857500767396));
#3724=CARTESIAN_POINT('Origin',(-63.2577950757828,-22.8426406871193,-64.5178952915175));
#3725=CARTESIAN_POINT('',(-67.4336598836285,-22.8426406871193,-62.6613290614377));
#3726=CARTESIAN_POINT('Origin',(-56.9136405665263,-22.8426406871193,-61.5595674593326));
#3727=CARTESIAN_POINT('',(-62.9347425109515,-20.7213203435596,-68.4111961842909));
#3728=CARTESIAN_POINT('Origin',(-56.9136405665263,-20.7213203435596,-61.5595674593326));
#3729=CARTESIAN_POINT('',(-63.5147703565534,-22.8426406871193,-69.0712307568464));
#3730=CARTESIAN_POINT('Origin',(-61.5344314195453,-22.8426406871193,-66.8177317675923));
#3731=CARTESIAN_POINT('Origin',(-56.9136405665263,-22.8426406871193,-61.5595674593326));
#3732=CARTESIAN_POINT('Origin',(-36.3246283974419,-22.8426406871193,-88.971704215346));
#3733=CARTESIAN_POINT('',(-33.5636916833804,-20.7213203435597,-94.2220067735319));
#3734=CARTESIAN_POINT('',(-37.7249394888481,-20.7213203435597,-90.5651686320447));
#3735=CARTESIAN_POINT('',(-34.1437195289823,-22.8426406871193,-94.8820413460873));
#3736=CARTESIAN_POINT('Origin',(-32.1633805919742,-22.8426406871193,-92.6285423568332));
#3737=CARTESIAN_POINT('',(-38.30496733445,-22.8426406871193,-91.2252032046001));
#3738=CARTESIAN_POINT('Origin',(-27.2125332494538,-22.8426406871193,-86.9947948836979));
#3739=CARTESIAN_POINT('',(-21.0280677437886,-20.7213203435597,-94.3651538683492));
#3740=CARTESIAN_POINT('Origin',(-27.2125332494538,-20.7213203435597,-86.9947948836979));
#3741=CARTESIAN_POINT('',(-20.4632633477451,-22.8426406871193,-95.0382615364471));
#3742=CARTESIAN_POINT('Origin',(-22.3916261768047,-22.8426406871193,-92.7401282070902));
#3743=CARTESIAN_POINT('Origin',(-27.2125332494538,-22.8426406871193,-86.9947948836979));
#3744=CARTESIAN_POINT('Origin',(-8.56444907704983,-22.8426406871193,-81.1377490024626));
#3745=CARTESIAN_POINT('',(-9.86645272190742,-22.8426406871193,-86.146481648651));
#3746=CARTESIAN_POINT('',(-10.4312571179509,-20.7213203435596,-85.4733739805532));
#3747=CARTESIAN_POINT('Origin',(-11.7948155509671,-22.8426406871193,-83.8483483192941));
#3748=CARTESIAN_POINT('',(-6.63608624799018,-22.8426406871193,-83.4358823318196));
#3749=CARTESIAN_POINT('',(-7.20089064403368,-20.7213203435596,-82.7627746637217));
#3750=CARTESIAN_POINT('Ctrl Pts',(-10.3080002845185,-19.7213203435596,-84.0645419277477));
#3751=CARTESIAN_POINT('Ctrl Pts',(-10.1637590822035,-19.9457198188161,-84.2364418988066));
#3752=CARTESIAN_POINT('Ctrl Pts',(-10.0246255339358,-20.3183634596607,-84.6061467148528));
#3753=CARTESIAN_POINT('Ctrl Pts',(-10.1318599767874,-20.6529195609357,-85.132859069594));
#3754=CARTESIAN_POINT('Ctrl Pts',(-10.3166571372449,-20.7213203435596,-85.3772131790099));
#3755=CARTESIAN_POINT('Ctrl Pts',(-10.4312571179509,-20.7213203435596,-85.4733739805532));
#3756=CARTESIAN_POINT('Ctrl Pts',(-9.62040040028254,-19.7213203435596,-83.4875771184877));
#3757=CARTESIAN_POINT('Ctrl Pts',(-9.48356596936495,-20.0492497755875,-83.7945356569026));
#3758=CARTESIAN_POINT('Ctrl Pts',(-9.42231537497718,-20.5379344173225,-84.3849338231297));
#3759=CARTESIAN_POINT('Ctrl Pts',(-9.72088881077787,-20.9566484318325,-85.1803035350907));
#3760=CARTESIAN_POINT('Ctrl Pts',(-10.0399146143109,-21.0386691248567,-85.5592680424507));
#3761=CARTESIAN_POINT('Ctrl Pts',(-10.2272692533841,-21.0386691248567,-85.7164772509964));
#3762=CARTESIAN_POINT('Ctrl Pts',(-8.77231199678155,-20.2539552149881,-82.080641008189));
#3763=CARTESIAN_POINT('Ctrl Pts',(-8.56196910661454,-20.6389105999961,-82.7053438420634));
#3764=CARTESIAN_POINT('Ctrl Pts',(-8.5376774867044,-21.1830952694502,-83.7956798569159));
#3765=CARTESIAN_POINT('Ctrl Pts',(-9.09290153948831,-21.6318721726662,-85.1505293544592));
#3766=CARTESIAN_POINT('Ctrl Pts',(-9.63753275720435,-21.7205075598393,-85.7805262395896));
#3767=CARTESIAN_POINT('Ctrl Pts',(-9.95206636895722,-21.7205075598393,-86.0444512772043));
#3768=CARTESIAN_POINT('Ctrl Pts',(-9.06744359132744,-21.3666175151737,-80.8758083430937));
#3769=CARTESIAN_POINT('Ctrl Pts',(-8.60310066510785,-21.6384041204058,-81.596662014901));
#3770=CARTESIAN_POINT('Ctrl Pts',(-8.24277641753094,-22.0626413095098,-83.0151798380011));
#3771=CARTESIAN_POINT('Ctrl Pts',(-8.75357681691311,-22.4312392414962,-84.9173193413468));
#3772=CARTESIAN_POINT('Ctrl Pts',(-9.44661191492509,-22.5060414742347,-85.794193382359));
#3773=CARTESIAN_POINT('Ctrl Pts',(-9.86645272190742,-22.5060414742347,-86.146481648651));
#3774=CARTESIAN_POINT('Ctrl Pts',(-9.37342538817772,-21.8426406871193,-80.5111534374289));
#3775=CARTESIAN_POINT('Ctrl Pts',(-8.79646057891779,-22.0670401623757,-81.1987533216649));
#3776=CARTESIAN_POINT('Ctrl Pts',(-8.23992638584698,-22.4396838032204,-82.6775725858496));
#3777=CARTESIAN_POINT('Ctrl Pts',(-8.66886415725341,-22.7742399044953,-84.7844220048143));
#3778=CARTESIAN_POINT('Ctrl Pts',(-9.40805279908345,-22.8426406871193,-85.7618384424777));
#3779=CARTESIAN_POINT('Ctrl Pts',(-9.86645272190742,-22.8426406871193,-86.146481648651));
#3780=CARTESIAN_POINT('',(-9.37342538817772,-21.8426406871193,-80.511153437429));
#3781=CARTESIAN_POINT('',(-10.3080002845185,-19.7213203435596,-84.0645419277477));
#3782=CARTESIAN_POINT('Origin',(-11.6715587175346,-21.8426406871193,-82.4395162664886));
#3783=CARTESIAN_POINT('Origin',(-12.4376031606536,-21.8426406871193,-83.0823038761751));
#3784=CARTESIAN_POINT('Origin',(-11.0740447276375,-19.7213203435596,-84.7073295374342));
#3785=CARTESIAN_POINT('Origin',(-12.7378278810708,-20.1838203435597,-81.168786160172));
#3786=CARTESIAN_POINT('',(-9.46755945418495,-21.6961940777126,-80.3989688260794));
#3787=CARTESIAN_POINT('',(-10.4021343505257,-19.574873734153,-83.9523573163981));
#3788=CARTESIAN_POINT('Origin',(-11.7656927835419,-21.6961940777126,-82.327331655139));
#3789=CARTESIAN_POINT('',(-10.4396945517138,-20.1838203435597,-79.2404233311124));
#3790=CARTESIAN_POINT('',(-11.3742694480546,-18.0625,-82.7938118214311));
#3791=CARTESIAN_POINT('Origin',(-23.6579215142193,-21.3426406871193,-68.1547253414022));
#3792=CARTESIAN_POINT('',(-9.92207893185699,-21.3426406871193,-79.8572936056597));
#3793=CARTESIAN_POINT('',(-21.3597881848624,-21.3426406871193,-66.2263625123426));
#3794=CARTESIAN_POINT('',(-10.5951865999548,-19.2213203435596,-80.4220980017031));
#3795=CARTESIAN_POINT('Origin',(-12.2202122612139,-21.3426406871193,-81.7856564347193));
#3796=CARTESIAN_POINT('',(-22.0328958529602,-19.2213203435596,-66.7911669083861));
#3797=CARTESIAN_POINT('Ctrl Pts',(-9.46755945418494,-21.6961940777126,-80.3989688260794));
#3798=CARTESIAN_POINT('Ctrl Pts',(-9.52644567844449,-21.6045833755582,-80.3287909567638));
#3799=CARTESIAN_POINT('Ctrl Pts',(-9.68197175058464,-21.418843174984,-80.1434422015487));
#3800=CARTESIAN_POINT('Ctrl Pts',(-9.8435639661776,-21.3426406871193,-79.9508640980805));
#3801=CARTESIAN_POINT('Ctrl Pts',(-9.922078931857,-21.3426406871193,-79.8572936056596));
#3802=CARTESIAN_POINT('Ctrl Pts',(-9.05958372505123,-21.0614965151186,-80.8851753669657));
#3803=CARTESIAN_POINT('Ctrl Pts',(-9.1882235450155,-20.9651898522479,-80.7359586439393));
#3804=CARTESIAN_POINT('Ctrl Pts',(-9.49181999415769,-20.811795615808,-80.3752486873369));
#3805=CARTESIAN_POINT('Ctrl Pts',(-9.7768445828465,-20.8279520593471,-80.0298526018408));
#3806=CARTESIAN_POINT('Ctrl Pts',(-9.92207893185699,-20.8938417366065,-79.8572936056596));
#3807=CARTESIAN_POINT('Ctrl Pts',(-8.93025380508286,-19.9626179960519,-82.2111387077004));
#3808=CARTESIAN_POINT('Ctrl Pts',(-9.0740586923858,-19.8522077610841,-81.8460038210431));
#3809=CARTESIAN_POINT('Ctrl Pts',(-9.4410543349964,-19.7485041632271,-81.0224327364114));
#3810=CARTESIAN_POINT('Ctrl Pts',(-9.83939136161107,-19.9284117725818,-80.3182749894453));
#3811=CARTESIAN_POINT('Ctrl Pts',(-10.0595001060331,-20.1089681737579,-79.9726036622268));
#3812=CARTESIAN_POINT('Ctrl Pts',(-9.88643443734876,-19.574873734153,-83.5196337094532));
#3813=CARTESIAN_POINT('Ctrl Pts',(-9.85945229318595,-19.3585103824114,-83.0615663281024));
#3814=CARTESIAN_POINT('Ctrl Pts',(-9.90733504293351,-19.0511215971484,-81.920133820084));
#3815=CARTESIAN_POINT('Ctrl Pts',(-10.1949404627459,-19.2224605967042,-80.8119795157863));
#3816=CARTESIAN_POINT('Ctrl Pts',(-10.4128591471225,-19.4593319295324,-80.269107103278));
#3817=CARTESIAN_POINT('Ctrl Pts',(-10.4021343505257,-19.574873734153,-83.9523573163981));
#3818=CARTESIAN_POINT('Ctrl Pts',(-10.2980815460419,-19.3000416276897,-83.5062788114131));
#3819=CARTESIAN_POINT('Ctrl Pts',(-10.1816609001855,-18.8552518570715,-82.3142703889851));
#3820=CARTESIAN_POINT('Ctrl Pts',(-10.3897527563995,-18.9770251378146,-81.0469803951661));
#3821=CARTESIAN_POINT('Ctrl Pts',(-10.5951865999548,-19.2213203435597,-80.4220980017031));
#3822=CARTESIAN_POINT('Origin',(-11.9929525223779,-22.0497474683059,-82.0564940449291));
#3823=CARTESIAN_POINT('Origin',(-9.69481919302098,-22.0497474683059,-80.1281312158695));
#3824=CARTESIAN_POINT('Origin',(-11.9929525223779,-22.0497474683059,-82.0564940449291));
#3825=CARTESIAN_POINT('Origin',(-68.6441349373167,-20.35,-57.1077049527584));
#3826=CARTESIAN_POINT('',(-83.4411398523275,-19.1,-22.4176735307633));
#3827=CARTESIAN_POINT('',(-63.7109489693012,-19.1,-64.7292044223879));
#3828=CARTESIAN_POINT('Origin',(-56.9136405665263,-20.35,-61.5595674593326));
#3829=CARTESIAN_POINT('',(-61.8644879090466,-19.1,-67.193314932468));
#3830=CARTESIAN_POINT('Origin',(-48.4142251768446,-20.35,-80.6772699492956));
#3831=CARTESIAN_POINT('',(-32.4934370814756,-19.1,-93.0041255217089));
#3832=CARTESIAN_POINT('Origin',(-27.2125332494538,-20.35,-86.9947948836979));
#3833=CARTESIAN_POINT('',(-22.0702323719614,-19.1,-93.1231504286496));
#3834=CARTESIAN_POINT('Origin',(-7.27338205865699,-20.35,-82.3388778998356));
#3835=CARTESIAN_POINT('',(-16.6504330494827,-15.1397824920746,-83.4057020139156));
#3836=CARTESIAN_POINT('Origin',(-18.2412512213349,-17.6146562262276,-81.5098387424467));
#3837=CARTESIAN_POINT('',(-16.3453879498659,-15.1397824920746,-79.9190205705945));
#3838=CARTESIAN_POINT('Origin',(-18.2412512213349,-17.6146562262276,-81.5098387424467));
#3839=CARTESIAN_POINT('Origin',(-30.4188170132208,-19.6,-56.2080942741621));
#3840=CARTESIAN_POINT('Origin',(-12.4376031606536,-19.1,-83.0823038761751));
#3841=CARTESIAN_POINT('',(-9.86645272190742,-19.1,-86.146481648651));
#3842=CARTESIAN_POINT('',(-9.37342538817772,-19.1,-80.511153437429));
#3843=CARTESIAN_POINT('Origin',(-45.5646303249108,-25.5481008497298,-45.5218523546583));
#3844=CARTESIAN_POINT('',(-48.4777736099422,-31.3,-44.3980927309951));
#3845=CARTESIAN_POINT('',(-48.2917471909431,-29.7907415368491,-42.27180103214));
#3846=CARTESIAN_POINT('',(-42.5006054213917,-31.3,-44.9210271874812));
#3847=CARTESIAN_POINT('Origin',(-46.273591200396,-31.3,-53.6253122420639));
#3848=CARTESIAN_POINT('',(-42.3145790023926,-29.7907415368491,-42.7947354886261));
#3849=CARTESIAN_POINT('Origin',(-52.8104480892377,-30.05,-46.4018791769178));
#3850=CARTESIAN_POINT('',(-49.3861281204381,-31.3,-45.1602926657304));
#3851=CARTESIAN_POINT('',(-50.9930971446545,-28.8,-43.245181557933));
#3852=CARTESIAN_POINT('',(-52.0069635771295,-31.3,-47.3594347308165));
#3853=CARTESIAN_POINT('Origin',(-46.7230531994941,-31.3,-34.6495808709306));
#3854=CARTESIAN_POINT('',(-48.0688052123481,-31.3,-38.2851050823261));
#3855=CARTESIAN_POINT('',(-71.8480113729238,-31.3,-40.1806130357464));
#3856=CARTESIAN_POINT('Origin',(-58.7065484608929,-31.3,-34.0526482405052));
#3857=CARTESIAN_POINT('',(-80.3474476393638,-31.3,-21.9535131419399));
#3858=CARTESIAN_POINT('',(-75.1943236672615,-31.3,-33.0044231623546));
#3859=CARTESIAN_POINT('',(-81.1438314495525,-31.3,-18.361257917144));
#3860=CARTESIAN_POINT('Origin',(-72.6438314495525,-31.3,-18.3612579171433));
#3861=CARTESIAN_POINT('',(-81.1438314495539,-31.3,-1.5572820325396));
#3862=CARTESIAN_POINT('Origin',(-47.1112496584493,-30.05,-37.481620570218));
#3863=CARTESIAN_POINT('Origin',(-6.80227494943156,-19.1,-83.5753312099048));
#3864=CARTESIAN_POINT('',(-20.4632633477451,-19.1,-95.0382615364471));
#3865=CARTESIAN_POINT('Origin',(-12.6837815780634,-19.1,-76.5660245553663));
#3866=CARTESIAN_POINT('Origin',(-46.5367163261101,-19.6,-36.9995298629531));
#3867=CARTESIAN_POINT('Origin',(-76.6438314495526,-20.35,-19.248036567708));
#3868=CARTESIAN_POINT('Origin',(-27.2125332494538,-19.1,-86.9947948836979));
#3869=CARTESIAN_POINT('',(-34.1437195289823,-19.1,-94.8820413460873));
#3870=CARTESIAN_POINT('Origin',(-27.3705682683021,-19.1,-100.834178547716));
#3871=CARTESIAN_POINT('',(-63.5147703565534,-19.1,-69.0712307568464));
#3872=CARTESIAN_POINT('Origin',(-56.9136405665263,-19.1,-61.5595674593326));
#3873=CARTESIAN_POINT('',(-65.9767184368928,-19.1,-65.7857500767396));
#3874=CARTESIAN_POINT('Origin',(-65.0903000961444,-19.1,-67.6866803429411));
#3875=CARTESIAN_POINT('',(-85.7069093199191,-19.1,-23.474219185115));
#3876=CARTESIAN_POINT('Origin',(-76.6438314495526,-19.1,-19.248036567708));
#3877=CARTESIAN_POINT('',(-86.6438314495526,-19.1,-19.2480365677088));
#3878=CARTESIAN_POINT('Origin',(-86.6438314495525,-19.1,-21.4649831941456));
#3879=CARTESIAN_POINT('Origin',(-79.8938314495539,-30.05,-1.5572820325395));
#3880=CARTESIAN_POINT('',(-78.6438314495525,-28.8,-18.3612579171438));
#3881=CARTESIAN_POINT('Origin',(-72.6438314495525,-30.05,-18.3612579171433));
#3882=CARTESIAN_POINT('',(-78.0816781717722,-28.8,-20.896967487588));
#3883=CARTESIAN_POINT('Origin',(-74.0614389334657,-30.05,-32.4761503351786));
#3884=CARTESIAN_POINT('',(-69.5822419053323,-28.8,-39.1240673813945));
#3885=CARTESIAN_POINT('Origin',(-58.7065484608929,-30.05,-34.0526482405052));
#3886=UNCERTAINTY_MEASURE_WITH_UNIT(LENGTH_MEASURE(0.01),#3890,
'DISTANCE_ACCURACY_VALUE',
'Maximum model space distance between geometric entities at asserted c
onnectivities');
#3887=UNCERTAINTY_MEASURE_WITH_UNIT(LENGTH_MEASURE(0.01),#3890,
'DISTANCE_ACCURACY_VALUE',
'Maximum model space distance between geometric entities at asserted c
onnectivities');
#3888=(
GEOMETRIC_REPRESENTATION_CONTEXT(3)
GLOBAL_UNCERTAINTY_ASSIGNED_CONTEXT((#3886))
GLOBAL_UNIT_ASSIGNED_CONTEXT((#3890,#3892,#3893))
REPRESENTATION_CONTEXT('','3D')
);
#3889=(
GEOMETRIC_REPRESENTATION_CONTEXT(3)
GLOBAL_UNCERTAINTY_ASSIGNED_CONTEXT((#3887))
GLOBAL_UNIT_ASSIGNED_CONTEXT((#3890,#3892,#3893))
REPRESENTATION_CONTEXT('','3D')
);
#3890=(
LENGTH_UNIT()
NAMED_UNIT(*)
SI_UNIT(.MILLI.,.METRE.)
);
#3891=(
LENGTH_UNIT()
NAMED_UNIT(*)
SI_UNIT($,.METRE.)
);
#3892=(
NAMED_UNIT(*)
PLANE_ANGLE_UNIT()
SI_UNIT($,.RADIAN.)
);
#3893=(
NAMED_UNIT(*)
SI_UNIT($,.STERADIAN.)
SOLID_ANGLE_UNIT()
);
#3894=SHAPE_DEFINITION_REPRESENTATION(#3895,#3896);
#3895=PRODUCT_DEFINITION_SHAPE('',$,#3898);
#3896=SHAPE_REPRESENTATION('',(#2094),#3888);
#3897=PRODUCT_DEFINITION_CONTEXT('part definition',#3902,'design');
#3898=PRODUCT_DEFINITION('(Unsaved)','(Unsaved)',#3899,#3897);
#3899=PRODUCT_DEFINITION_FORMATION('',$,#3904);
#3900=PRODUCT_RELATED_PRODUCT_CATEGORY('(Unsaved)','(Unsaved)',(#3904));
#3901=APPLICATION_PROTOCOL_DEFINITION('international standard',
'automotive_design',2009,#3902);
#3902=APPLICATION_CONTEXT(
'Core Data for Automotive Mechanical Design Process');
#3903=PRODUCT_CONTEXT('part definition',#3902,'mechanical');
#3904=PRODUCT('(Unsaved)','(Unsaved)',$,(#3903));
#3905=PRESENTATION_STYLE_ASSIGNMENT((#3906));
#3906=SURFACE_STYLE_USAGE(.BOTH.,#3907);
#3907=SURFACE_SIDE_STYLE('',(#3908));
#3908=SURFACE_STYLE_FILL_AREA(#3909);
#3909=FILL_AREA_STYLE('Steel - Satin',(#3910));
#3910=FILL_AREA_STYLE_COLOUR('Steel - Satin',#3911);
#3911=COLOUR_RGB('Steel - Satin',0.627450980392157,0.627450980392157,0.627450980392157);
ENDSEC;
END-ISO-10303-21;
