ISO-10303-21;
HEADER;
/* Generated by software containing ST-Developer
 * from STEP Tools, Inc. (www.steptools.com) 
 */

FILE_DESCRIPTION(
/* description */ (''),
/* implementation_level */ '2;1');

FILE_NAME(
/* name */ 'coxa-top-left-x3.step',
/* time_stamp */ '2026-09-30T23:19:26+03:00',
/* author */ (''),
/* organization */ (''),
/* preprocessor_version */ 'ST-DEVELOPER v20.1',
/* originating_system */ 'Autodesk Translation Framework v15.8.0.0',
/* authorisation */ '');

FILE_SCHEMA (('AUTOMOTIVE_DESIGN { 1 0 10303 214 3 1 1 }'));
ENDSEC;

DATA;
#10=MECHANICAL_DESIGN_GEOMETRIC_PRESENTATION_REPRESENTATION('',(#13),#2531);
#11=SHAPE_REPRESENTATION_RELATIONSHIP('SRR','None',#2538,#12);
#12=ADVANCED_BREP_SHAPE_REPRESENTATION('',(#14),#2530);
#13=STYLED_ITEM('',(#2547),#14);
#14=MANIFOLD_SOLID_BREP('coxa-top-left-x3',#1447);
#15=ELLIPSE('',#1570,0.707106781186546,0.5);
#16=ELLIPSE('',#1583,0.707106781186548,0.5);
#17=B_SPLINE_SURFACE_WITH_KNOTS('',3,3,((#2070,#2071,#2072,#2073),(#2074,
#2075,#2076,#2077),(#2078,#2079,#2080,#2081),(#2082,#2083,#2084,#2085)),
 .UNSPECIFIED.,.F.,.F.,.F.,(4,4),(4,4),(0.,1.),(0.0024883798870923,0.145479433465533),
 .UNSPECIFIED.);
#18=B_SPLINE_SURFACE_WITH_KNOTS('',3,3,((#2126,#2127,#2128,#2129),(#2130,
#2131,#2132,#2133),(#2134,#2135,#2136,#2137),(#2138,#2139,#2140,#2141)),
 .UNSPECIFIED.,.F.,.F.,.F.,(4,4),(4,4),(0.,1.),(0.00529706786479267,0.148288121393508),
 .UNSPECIFIED.);
#19=CONICAL_SURFACE('',#1472,0.349999999998101,0.785398163730686);
#20=CONICAL_SURFACE('',#1484,6.49999999999999,0.785398163397448);
#21=CONICAL_SURFACE('',#1515,1.7,0.785398163397438);
#22=CONICAL_SURFACE('',#1518,1.7,0.785398163397454);
#23=CONICAL_SURFACE('',#1541,6.49999999994846,0.785398163378219);
#24=CONICAL_SURFACE('',#1543,4.5000000000012,0.785398163335184);
#25=CONICAL_SURFACE('',#1546,6.50000000006251,0.785398163305668);
#26=CONICAL_SURFACE('',#1548,7.4999999999988,0.785398163230268);
#27=CONICAL_SURFACE('',#1550,11.0000000000131,0.785398163342985);
#28=CONICAL_SURFACE('',#1552,7.49999999999333,0.78539816320111);
#29=CONICAL_SURFACE('',#1554,4.50000000000517,0.785398163348689);
#30=CONICAL_SURFACE('',#1556,6.49999999999998,0.78539816339745);
#31=CONICAL_SURFACE('',#1566,2.49999999999999,0.785398163397451);
#32=CONICAL_SURFACE('',#1571,1.50000000039658,0.785398162954712);
#33=CONICAL_SURFACE('',#1584,4.50000000016209,0.785398163222266);
#34=CONICAL_SURFACE('',#1586,7.49999999991389,0.785398163326816);
#35=CONICAL_SURFACE('',#1589,2.49999999999999,0.785398163397453);
#36=CONICAL_SURFACE('',#1590,11.0000000003711,0.785398163242873);
#37=CONICAL_SURFACE('',#1593,4.50000000021362,0.785398163127097);
#38=CONICAL_SURFACE('',#1594,7.49999999986099,0.785398163345031);
#39=(
BOUNDED_CURVE()
B_SPLINE_CURVE(2,(#2058,#2059,#2060),.UNSPECIFIED.,.F.,.F.)
B_SPLINE_CURVE_WITH_KNOTS((3,3),(0.504588545660935,0.518007435670738),
 .UNSPECIFIED.)
CURVE()
GEOMETRIC_REPRESENTATION_ITEM()
RATIONAL_B_SPLINE_CURVE((1.,1.,1.))
REPRESENTATION_ITEM('')
);
#40=(
BOUNDED_CURVE()
B_SPLINE_CURVE(2,(#2168,#2169,#2170),.UNSPECIFIED.,.F.,.F.)
B_SPLINE_CURVE_WITH_KNOTS((3,3),(2.11603888130186,2.12945777131255),
 .UNSPECIFIED.)
CURVE()
GEOMETRIC_REPRESENTATION_ITEM()
RATIONAL_B_SPLINE_CURVE((1.,1.,1.))
REPRESENTATION_ITEM('')
);
#41=(
BOUNDED_CURVE()
B_SPLINE_CURVE(2,(#2278,#2279,#2280),.UNSPECIFIED.,.F.,.F.)
B_SPLINE_CURVE_WITH_KNOTS((3,3),(0.212623670563795,0.42524734112759),
 .UNSPECIFIED.)
CURVE()
GEOMETRIC_REPRESENTATION_ITEM()
RATIONAL_B_SPLINE_CURVE((1.,1.19023807142387,1.))
REPRESENTATION_ITEM('')
);
#42=(
BOUNDED_CURVE()
B_SPLINE_CURVE(2,(#2282,#2283,#2284),.UNSPECIFIED.,.F.,.F.)
B_SPLINE_CURVE_WITH_KNOTS((3,3),(0.845171579801966,0.93210827189227),
 .UNSPECIFIED.)
CURVE()
GEOMETRIC_REPRESENTATION_ITEM()
RATIONAL_B_SPLINE_CURVE((1.55882352941257,1.40088669836014,1.20454545454551))
REPRESENTATION_ITEM('')
);
#43=(
BOUNDED_CURVE()
B_SPLINE_CURVE(2,(#2449,#2450,#2451),.UNSPECIFIED.,.F.,.F.)
B_SPLINE_CURVE_WITH_KNOTS((3,3),(0.200079763099098,0.213403531502557),
 .UNSPECIFIED.)
CURVE()
GEOMETRIC_REPRESENTATION_ITEM()
RATIONAL_B_SPLINE_CURVE((1.,1.,1.))
REPRESENTATION_ITEM('')
);
#44=B_SPLINE_CURVE_WITH_KNOTS('',3,(#2050,#2051,#2052,#2053,#2054,#2055,
#2056),.UNSPECIFIED.,.F.,.F.,(4,3,4),(-0.0336408065939438,-0.0168002924983241,
0.),.UNSPECIFIED.);
#45=B_SPLINE_CURVE_WITH_KNOTS('',3,(#2087,#2088,#2089,#2090),
 .UNSPECIFIED.,.F.,.F.,(4,4),(-0.136018449834367,-0.0106288505902866),
 .UNSPECIFIED.);
#46=B_SPLINE_CURVE_WITH_KNOTS('',3,(#2092,#2093,#2094,#2095),
 .UNSPECIFIED.,.F.,.F.,(4,4),(0.,0.0287004592660641),.UNSPECIFIED.);
#47=B_SPLINE_CURVE_WITH_KNOTS('',3,(#2097,#2098,#2099,#2100),
 .UNSPECIFIED.,.F.,.F.,(4,4),(0.,0.00578025111057128),.UNSPECIFIED.);
#48=B_SPLINE_CURVE_WITH_KNOTS('',3,(#2101,#2102,#2103,#2104),
 .UNSPECIFIED.,.F.,.F.,(4,4),(0.0024883798870923,0.140853717976719),
 .UNSPECIFIED.);
#49=B_SPLINE_CURVE_WITH_KNOTS('',3,(#2115,#2116,#2117,#2118),
 .UNSPECIFIED.,.F.,.F.,(4,4),(-0.0287004381188146,0.),.UNSPECIFIED.);
#50=B_SPLINE_CURVE_WITH_KNOTS('',3,(#2143,#2144,#2145,#2146),
 .UNSPECIFIED.,.F.,.F.,(4,4),(-0.140147650710394,-0.0147580514984718),
 .UNSPECIFIED.);
#51=B_SPLINE_CURVE_WITH_KNOTS('',3,(#2148,#2149,#2150,#2151,#2152,#2153,
#2154),.UNSPECIFIED.,.F.,.F.,(4,3,4),(0.,0.0168431361018887,0.0336545804867113),
 .UNSPECIFIED.);
#52=B_SPLINE_CURVE_WITH_KNOTS('',3,(#2156,#2157,#2158,#2159),
 .UNSPECIFIED.,.F.,.F.,(4,4),(0.00992278335724947,0.148288121393508),
 .UNSPECIFIED.);
#53=B_SPLINE_CURVE_WITH_KNOTS('',3,(#2160,#2161,#2162,#2163),
 .UNSPECIFIED.,.F.,.F.,(4,4),(0.0412339513050195,0.0470125886644544),
 .UNSPECIFIED.);
#54=B_SPLINE_CURVE_WITH_KNOTS('',3,(#2286,#2287,#2288,#2289,#2290,#2291,
#2292,#2293,#2294,#2295,#2296,#2297,#2298),.UNSPECIFIED.,.F.,.F.,(4,3,2,
2,2,4),(-0.0512452683612127,0.,0.0357416421325783,0.0714832842651565,0.100707221688847,
0.12374347592861),.UNSPECIFIED.);
#55=FACE_BOUND('',#203,.T.);
#56=FACE_BOUND('',#206,.T.);
#57=FACE_BOUND('',#219,.T.);
#58=FACE_BOUND('',#220,.T.);
#59=FACE_BOUND('',#223,.T.);
#60=FACE_BOUND('',#247,.T.);
#61=FACE_BOUND('',#266,.T.);
#62=FACE_BOUND('',#267,.T.);
#63=FACE_BOUND('',#275,.T.);
#64=PLANE('',#1464);
#65=PLANE('',#1469);
#66=PLANE('',#1471);
#67=PLANE('',#1475);
#68=PLANE('',#1476);
#69=PLANE('',#1477);
#70=PLANE('',#1478);
#71=PLANE('',#1479);
#72=PLANE('',#1488);
#73=PLANE('',#1492);
#74=PLANE('',#1498);
#75=PLANE('',#1501);
#76=PLANE('',#1502);
#77=PLANE('',#1506);
#78=PLANE('',#1510);
#79=PLANE('',#1514);
#80=PLANE('',#1517);
#81=PLANE('',#1519);
#82=PLANE('',#1523);
#83=PLANE('',#1530);
#84=PLANE('',#1534);
#85=PLANE('',#1540);
#86=PLANE('',#1544);
#87=PLANE('',#1545);
#88=PLANE('',#1549);
#89=PLANE('',#1551);
#90=PLANE('',#1553);
#91=PLANE('',#1555);
#92=PLANE('',#1557);
#93=PLANE('',#1560);
#94=PLANE('',#1564);
#95=PLANE('',#1565);
#96=PLANE('',#1568);
#97=PLANE('',#1569);
#98=PLANE('',#1573);
#99=PLANE('',#1581);
#100=PLANE('',#1582);
#101=PLANE('',#1585);
#102=PLANE('',#1587);
#103=PLANE('',#1588);
#104=PLANE('',#1591);
#105=PLANE('',#1592);
#106=PLANE('',#1595);
#107=PLANE('',#1596);
#108=PLANE('',#1597);
#109=PLANE('',#1600);
#110=PLANE('',#1603);
#111=PLANE('',#1604);
#112=FACE_OUTER_BOUND('',#201,.T.);
#113=FACE_OUTER_BOUND('',#202,.T.);
#114=FACE_OUTER_BOUND('',#204,.T.);
#115=FACE_OUTER_BOUND('',#205,.T.);
#116=FACE_OUTER_BOUND('',#207,.T.);
#117=FACE_OUTER_BOUND('',#208,.T.);
#118=FACE_OUTER_BOUND('',#209,.T.);
#119=FACE_OUTER_BOUND('',#210,.T.);
#120=FACE_OUTER_BOUND('',#211,.T.);
#121=FACE_OUTER_BOUND('',#212,.T.);
#122=FACE_OUTER_BOUND('',#213,.T.);
#123=FACE_OUTER_BOUND('',#214,.T.);
#124=FACE_OUTER_BOUND('',#215,.T.);
#125=FACE_OUTER_BOUND('',#216,.T.);
#126=FACE_OUTER_BOUND('',#217,.T.);
#127=FACE_OUTER_BOUND('',#218,.T.);
#128=FACE_OUTER_BOUND('',#221,.T.);
#129=FACE_OUTER_BOUND('',#222,.T.);
#130=FACE_OUTER_BOUND('',#224,.T.);
#131=FACE_OUTER_BOUND('',#225,.T.);
#132=FACE_OUTER_BOUND('',#226,.T.);
#133=FACE_OUTER_BOUND('',#227,.T.);
#134=FACE_OUTER_BOUND('',#228,.T.);
#135=FACE_OUTER_BOUND('',#229,.T.);
#136=FACE_OUTER_BOUND('',#230,.T.);
#137=FACE_OUTER_BOUND('',#231,.T.);
#138=FACE_OUTER_BOUND('',#232,.T.);
#139=FACE_OUTER_BOUND('',#233,.T.);
#140=FACE_OUTER_BOUND('',#234,.T.);
#141=FACE_OUTER_BOUND('',#235,.T.);
#142=FACE_OUTER_BOUND('',#236,.T.);
#143=FACE_OUTER_BOUND('',#237,.T.);
#144=FACE_OUTER_BOUND('',#238,.T.);
#145=FACE_OUTER_BOUND('',#239,.T.);
#146=FACE_OUTER_BOUND('',#240,.T.);
#147=FACE_OUTER_BOUND('',#241,.T.);
#148=FACE_OUTER_BOUND('',#242,.T.);
#149=FACE_OUTER_BOUND('',#243,.T.);
#150=FACE_OUTER_BOUND('',#244,.T.);
#151=FACE_OUTER_BOUND('',#245,.T.);
#152=FACE_OUTER_BOUND('',#246,.T.);
#153=FACE_OUTER_BOUND('',#248,.T.);
#154=FACE_OUTER_BOUND('',#249,.T.);
#155=FACE_OUTER_BOUND('',#250,.T.);
#156=FACE_OUTER_BOUND('',#251,.T.);
#157=FACE_OUTER_BOUND('',#252,.T.);
#158=FACE_OUTER_BOUND('',#253,.T.);
#159=FACE_OUTER_BOUND('',#254,.T.);
#160=FACE_OUTER_BOUND('',#255,.T.);
#161=FACE_OUTER_BOUND('',#256,.T.);
#162=FACE_OUTER_BOUND('',#257,.T.);
#163=FACE_OUTER_BOUND('',#258,.T.);
#164=FACE_OUTER_BOUND('',#259,.T.);
#165=FACE_OUTER_BOUND('',#260,.T.);
#166=FACE_OUTER_BOUND('',#261,.T.);
#167=FACE_OUTER_BOUND('',#262,.T.);
#168=FACE_OUTER_BOUND('',#263,.T.);
#169=FACE_OUTER_BOUND('',#264,.T.);
#170=FACE_OUTER_BOUND('',#265,.T.);
#171=FACE_OUTER_BOUND('',#268,.T.);
#172=FACE_OUTER_BOUND('',#269,.T.);
#173=FACE_OUTER_BOUND('',#270,.T.);
#174=FACE_OUTER_BOUND('',#271,.T.);
#175=FACE_OUTER_BOUND('',#272,.T.);
#176=FACE_OUTER_BOUND('',#273,.T.);
#177=FACE_OUTER_BOUND('',#274,.T.);
#178=FACE_OUTER_BOUND('',#276,.T.);
#179=FACE_OUTER_BOUND('',#277,.T.);
#180=FACE_OUTER_BOUND('',#278,.T.);
#181=FACE_OUTER_BOUND('',#279,.T.);
#182=FACE_OUTER_BOUND('',#280,.T.);
#183=FACE_OUTER_BOUND('',#281,.T.);
#184=FACE_OUTER_BOUND('',#282,.T.);
#185=FACE_OUTER_BOUND('',#283,.T.);
#186=FACE_OUTER_BOUND('',#284,.T.);
#187=FACE_OUTER_BOUND('',#285,.T.);
#188=FACE_OUTER_BOUND('',#286,.T.);
#189=FACE_OUTER_BOUND('',#287,.T.);
#190=FACE_OUTER_BOUND('',#288,.T.);
#191=FACE_OUTER_BOUND('',#289,.T.);
#192=FACE_OUTER_BOUND('',#290,.T.);
#193=FACE_OUTER_BOUND('',#291,.T.);
#194=FACE_OUTER_BOUND('',#292,.T.);
#195=FACE_OUTER_BOUND('',#293,.T.);
#196=FACE_OUTER_BOUND('',#294,.T.);
#197=FACE_OUTER_BOUND('',#295,.T.);
#198=FACE_OUTER_BOUND('',#296,.T.);
#199=FACE_OUTER_BOUND('',#297,.T.);
#200=FACE_OUTER_BOUND('',#298,.T.);
#201=EDGE_LOOP('',(#935,#936,#937,#938));
#202=EDGE_LOOP('',(#939));
#203=EDGE_LOOP('',(#940));
#204=EDGE_LOOP('',(#941,#942,#943,#944));
#205=EDGE_LOOP('',(#945));
#206=EDGE_LOOP('',(#946));
#207=EDGE_LOOP('',(#947,#948,#949,#950,#951));
#208=EDGE_LOOP('',(#952,#953,#954,#955));
#209=EDGE_LOOP('',(#956,#957,#958,#959,#960));
#210=EDGE_LOOP('',(#961,#962,#963,#964));
#211=EDGE_LOOP('',(#965,#966,#967,#968));
#212=EDGE_LOOP('',(#969,#970,#971,#972));
#213=EDGE_LOOP('',(#973,#974,#975,#976,#977));
#214=EDGE_LOOP('',(#978,#979,#980,#981,#982));
#215=EDGE_LOOP('',(#983,#984,#985,#986,#987,#988,#989,#990,#991,#992,#993,
#994));
#216=EDGE_LOOP('',(#995,#996,#997,#998,#999));
#217=EDGE_LOOP('',(#1000,#1001,#1002,#1003,#1004,#1005));
#218=EDGE_LOOP('',(#1006,#1007,#1008,#1009,#1010,#1011,#1012,#1013));
#219=EDGE_LOOP('',(#1014));
#220=EDGE_LOOP('',(#1015));
#221=EDGE_LOOP('',(#1016,#1017,#1018,#1019));
#222=EDGE_LOOP('',(#1020));
#223=EDGE_LOOP('',(#1021));
#224=EDGE_LOOP('',(#1022,#1023,#1024,#1025));
#225=EDGE_LOOP('',(#1026,#1027,#1028,#1029));
#226=EDGE_LOOP('',(#1030));
#227=EDGE_LOOP('',(#1031,#1032,#1033,#1034));
#228=EDGE_LOOP('',(#1035));
#229=EDGE_LOOP('',(#1036,#1037,#1038,#1039));
#230=EDGE_LOOP('',(#1040,#1041,#1042,#1043));
#231=EDGE_LOOP('',(#1044,#1045,#1046,#1047));
#232=EDGE_LOOP('',(#1048,#1049,#1050,#1051));
#233=EDGE_LOOP('',(#1052,#1053,#1054,#1055));
#234=EDGE_LOOP('',(#1056,#1057,#1058,#1059));
#235=EDGE_LOOP('',(#1060,#1061,#1062,#1063));
#236=EDGE_LOOP('',(#1064,#1065,#1066,#1067,#1068,#1069));
#237=EDGE_LOOP('',(#1070,#1071,#1072,#1073,#1074));
#238=EDGE_LOOP('',(#1075,#1076,#1077,#1078));
#239=EDGE_LOOP('',(#1079,#1080,#1081,#1082,#1083,#1084));
#240=EDGE_LOOP('',(#1085,#1086,#1087,#1088));
#241=EDGE_LOOP('',(#1089,#1090,#1091,#1092));
#242=EDGE_LOOP('',(#1093,#1094,#1095,#1096));
#243=EDGE_LOOP('',(#1097,#1098,#1099,#1100));
#244=EDGE_LOOP('',(#1101,#1102,#1103,#1104));
#245=EDGE_LOOP('',(#1105,#1106,#1107,#1108));
#246=EDGE_LOOP('',(#1109,#1110,#1111,#1112,#1113,#1114,#1115,#1116,#1117,
#1118,#1119,#1120));
#247=EDGE_LOOP('',(#1121));
#248=EDGE_LOOP('',(#1122,#1123,#1124,#1125));
#249=EDGE_LOOP('',(#1126,#1127,#1128,#1129));
#250=EDGE_LOOP('',(#1130,#1131,#1132,#1133));
#251=EDGE_LOOP('',(#1134,#1135,#1136,#1137));
#252=EDGE_LOOP('',(#1138,#1139,#1140,#1141));
#253=EDGE_LOOP('',(#1142,#1143,#1144,#1145,#1146));
#254=EDGE_LOOP('',(#1147,#1148,#1149,#1150));
#255=EDGE_LOOP('',(#1151,#1152,#1153,#1154));
#256=EDGE_LOOP('',(#1155,#1156,#1157,#1158));
#257=EDGE_LOOP('',(#1159,#1160,#1161,#1162));
#258=EDGE_LOOP('',(#1163,#1164,#1165,#1166));
#259=EDGE_LOOP('',(#1167,#1168,#1169,#1170));
#260=EDGE_LOOP('',(#1171,#1172,#1173,#1174));
#261=EDGE_LOOP('',(#1175,#1176,#1177,#1178));
#262=EDGE_LOOP('',(#1179,#1180,#1181,#1182));
#263=EDGE_LOOP('',(#1183,#1184,#1185,#1186));
#264=EDGE_LOOP('',(#1187,#1188,#1189,#1190));
#265=EDGE_LOOP('',(#1191,#1192,#1193,#1194,#1195,#1196));
#266=EDGE_LOOP('',(#1197));
#267=EDGE_LOOP('',(#1198));
#268=EDGE_LOOP('',(#1199,#1200,#1201,#1202,#1203));
#269=EDGE_LOOP('',(#1204,#1205,#1206,#1207,#1208));
#270=EDGE_LOOP('',(#1209,#1210,#1211,#1212));
#271=EDGE_LOOP('',(#1213,#1214,#1215,#1216));
#272=EDGE_LOOP('',(#1217,#1218,#1219,#1220));
#273=EDGE_LOOP('',(#1221,#1222,#1223,#1224,#1225));
#274=EDGE_LOOP('',(#1226,#1227,#1228,#1229,#1230,#1231,#1232,#1233,#1234,
#1235,#1236,#1237,#1238,#1239));
#275=EDGE_LOOP('',(#1240));
#276=EDGE_LOOP('',(#1241,#1242,#1243,#1244));
#277=EDGE_LOOP('',(#1245,#1246,#1247,#1248));
#278=EDGE_LOOP('',(#1249,#1250,#1251,#1252,#1253,#1254));
#279=EDGE_LOOP('',(#1255,#1256,#1257,#1258));
#280=EDGE_LOOP('',(#1259,#1260,#1261,#1262));
#281=EDGE_LOOP('',(#1263,#1264,#1265,#1266));
#282=EDGE_LOOP('',(#1267,#1268,#1269,#1270,#1271));
#283=EDGE_LOOP('',(#1272,#1273,#1274,#1275));
#284=EDGE_LOOP('',(#1276,#1277,#1278,#1279));
#285=EDGE_LOOP('',(#1280,#1281,#1282,#1283));
#286=EDGE_LOOP('',(#1284,#1285,#1286,#1287));
#287=EDGE_LOOP('',(#1288,#1289,#1290,#1291));
#288=EDGE_LOOP('',(#1292,#1293,#1294,#1295));
#289=EDGE_LOOP('',(#1296,#1297,#1298,#1299));
#290=EDGE_LOOP('',(#1300,#1301,#1302,#1303));
#291=EDGE_LOOP('',(#1304,#1305,#1306,#1307,#1308,#1309,#1310,#1311));
#292=EDGE_LOOP('',(#1312));
#293=EDGE_LOOP('',(#1313,#1314,#1315,#1316));
#294=EDGE_LOOP('',(#1317));
#295=EDGE_LOOP('',(#1318,#1319,#1320,#1321));
#296=EDGE_LOOP('',(#1322,#1323,#1324,#1325));
#297=EDGE_LOOP('',(#1326,#1327,#1328,#1329,#1330,#1331,#1332,#1333));
#298=EDGE_LOOP('',(#1334,#1335,#1336,#1337,#1338));
#299=LINE('',#2031,#427);
#300=LINE('',#2040,#428);
#301=LINE('',#2048,#429);
#302=LINE('',#2062,#430);
#303=LINE('',#2063,#431);
#304=LINE('',#2068,#432);
#305=LINE('',#2107,#433);
#306=LINE('',#2109,#434);
#307=LINE('',#2110,#435);
#308=LINE('',#2113,#436);
#309=LINE('',#2119,#437);
#310=LINE('',#2122,#438);
#311=LINE('',#2124,#439);
#312=LINE('',#2125,#440);
#313=LINE('',#2165,#441);
#314=LINE('',#2167,#442);
#315=LINE('',#2173,#443);
#316=LINE('',#2177,#444);
#317=LINE('',#2179,#445);
#318=LINE('',#2183,#446);
#319=LINE('',#2185,#447);
#320=LINE('',#2187,#448);
#321=LINE('',#2191,#449);
#322=LINE('',#2195,#450);
#323=LINE('',#2199,#451);
#324=LINE('',#2206,#452);
#325=LINE('',#2213,#453);
#326=LINE('',#2217,#454);
#327=LINE('',#2222,#455);
#328=LINE('',#2227,#456);
#329=LINE('',#2229,#457);
#330=LINE('',#2230,#458);
#331=LINE('',#2236,#459);
#332=LINE('',#2240,#460);
#333=LINE('',#2242,#461);
#334=LINE('',#2244,#462);
#335=LINE('',#2245,#463);
#336=LINE('',#2250,#464);
#337=LINE('',#2255,#465);
#338=LINE('',#2257,#466);
#339=LINE('',#2259,#467);
#340=LINE('',#2260,#468);
#341=LINE('',#2266,#469);
#342=LINE('',#2269,#470);
#343=LINE('',#2272,#471);
#344=LINE('',#2274,#472);
#345=LINE('',#2275,#473);
#346=LINE('',#2301,#474);
#347=LINE('',#2304,#475);
#348=LINE('',#2305,#476);
#349=LINE('',#2306,#477);
#350=LINE('',#2308,#478);
#351=LINE('',#2311,#479);
#352=LINE('',#2313,#480);
#353=LINE('',#2315,#481);
#354=LINE('',#2316,#482);
#355=LINE('',#2322,#483);
#356=LINE('',#2325,#484);
#357=LINE('',#2327,#485);
#358=LINE('',#2328,#486);
#359=LINE('',#2336,#487);
#360=LINE('',#2340,#488);
#361=LINE('',#2342,#489);
#362=LINE('',#2343,#490);
#363=LINE('',#2349,#491);
#364=LINE('',#2351,#492);
#365=LINE('',#2355,#493);
#366=LINE('',#2359,#494);
#367=LINE('',#2363,#495);
#368=LINE('',#2367,#496);
#369=LINE('',#2371,#497);
#370=LINE('',#2372,#498);
#371=LINE('',#2373,#499);
#372=LINE('',#2377,#500);
#373=LINE('',#2379,#501);
#374=LINE('',#2382,#502);
#375=LINE('',#2383,#503);
#376=LINE('',#2385,#504);
#377=LINE('',#2389,#505);
#378=LINE('',#2391,#506);
#379=LINE('',#2393,#507);
#380=LINE('',#2395,#508);
#381=LINE('',#2397,#509);
#382=LINE('',#2399,#510);
#383=LINE('',#2401,#511);
#384=LINE('',#2403,#512);
#385=LINE('',#2405,#513);
#386=LINE('',#2411,#514);
#387=LINE('',#2412,#515);
#388=LINE('',#2416,#516);
#389=LINE('',#2417,#517);
#390=LINE('',#2419,#518);
#391=LINE('',#2426,#519);
#392=LINE('',#2429,#520);
#393=LINE('',#2430,#521);
#394=LINE('',#2433,#522);
#395=LINE('',#2437,#523);
#396=LINE('',#2438,#524);
#397=LINE('',#2444,#525);
#398=LINE('',#2445,#526);
#399=LINE('',#2446,#527);
#400=LINE('',#2456,#528);
#401=LINE('',#2457,#529);
#402=LINE('',#2459,#530);
#403=LINE('',#2463,#531);
#404=LINE('',#2467,#532);
#405=LINE('',#2471,#533);
#406=LINE('',#2475,#534);
#407=LINE('',#2480,#535);
#408=LINE('',#2482,#536);
#409=LINE('',#2486,#537);
#410=LINE('',#2487,#538);
#411=LINE('',#2489,#539);
#412=LINE('',#2491,#540);
#413=LINE('',#2493,#541);
#414=LINE('',#2495,#542);
#415=LINE('',#2497,#543);
#416=LINE('',#2499,#544);
#417=LINE('',#2501,#545);
#418=LINE('',#2503,#546);
#419=LINE('',#2505,#547);
#420=LINE('',#2507,#548);
#421=LINE('',#2509,#549);
#422=LINE('',#2512,#550);
#423=LINE('',#2517,#551);
#424=LINE('',#2522,#552);
#425=LINE('',#2524,#553);
#426=LINE('',#2526,#554);
#427=VECTOR('',#1612,2.35);
#428=VECTOR('',#1623,2.35);
#429=VECTOR('',#1632,10.);
#430=VECTOR('',#1633,10.);
#431=VECTOR('',#1634,10.);
#432=VECTOR('',#1639,10.);
#433=VECTOR('',#1644,10.);
#434=VECTOR('',#1645,10.);
#435=VECTOR('',#1646,10.);
#436=VECTOR('',#1649,10.);
#437=VECTOR('',#1650,10.);
#438=VECTOR('',#1653,10.);
#439=VECTOR('',#1654,10.);
#440=VECTOR('',#1655,10.);
#441=VECTOR('',#1658,10.);
#442=VECTOR('',#1659,10.);
#443=VECTOR('',#1662,10.);
#444=VECTOR('',#1665,10.);
#445=VECTOR('',#1666,10.);
#446=VECTOR('',#1669,10.);
#447=VECTOR('',#1670,10.);
#448=VECTOR('',#1671,10.);
#449=VECTOR('',#1674,10.);
#450=VECTOR('',#1679,10.);
#451=VECTOR('',#1684,10.);
#452=VECTOR('',#1693,7.);
#453=VECTOR('',#1702,8.05);
#454=VECTOR('',#1707,1.45);
#455=VECTOR('',#1714,1.45);
#456=VECTOR('',#1721,10.);
#457=VECTOR('',#1722,10.);
#458=VECTOR('',#1723,10.);
#459=VECTOR('',#1730,10.);
#460=VECTOR('',#1733,10.);
#461=VECTOR('',#1734,10.);
#462=VECTOR('',#1735,10.);
#463=VECTOR('',#1736,10.);
#464=VECTOR('',#1741,10.);
#465=VECTOR('',#1746,10.);
#466=VECTOR('',#1747,10.);
#467=VECTOR('',#1748,10.);
#468=VECTOR('',#1749,10.);
#469=VECTOR('',#1754,10.);
#470=VECTOR('',#1757,10.);
#471=VECTOR('',#1760,10.);
#472=VECTOR('',#1761,10.);
#473=VECTOR('',#1762,10.);
#474=VECTOR('',#1767,10.);
#475=VECTOR('',#1770,10.);
#476=VECTOR('',#1771,10.);
#477=VECTOR('',#1772,10.);
#478=VECTOR('',#1775,10.);
#479=VECTOR('',#1778,10.);
#480=VECTOR('',#1779,10.);
#481=VECTOR('',#1780,10.);
#482=VECTOR('',#1781,10.);
#483=VECTOR('',#1788,10.);
#484=VECTOR('',#1791,10.);
#485=VECTOR('',#1792,10.);
#486=VECTOR('',#1793,10.);
#487=VECTOR('',#1804,10.);
#488=VECTOR('',#1809,10.);
#489=VECTOR('',#1810,10.);
#490=VECTOR('',#1811,10.);
#491=VECTOR('',#1820,10.);
#492=VECTOR('',#1821,10.);
#493=VECTOR('',#1824,10.);
#494=VECTOR('',#1827,10.);
#495=VECTOR('',#1830,10.);
#496=VECTOR('',#1833,10.);
#497=VECTOR('',#1838,10.);
#498=VECTOR('',#1839,10.);
#499=VECTOR('',#1840,10.);
#500=VECTOR('',#1845,10.);
#501=VECTOR('',#1848,10.);
#502=VECTOR('',#1851,10.);
#503=VECTOR('',#1852,10.);
#504=VECTOR('',#1855,10.);
#505=VECTOR('',#1862,10.);
#506=VECTOR('',#1865,10.);
#507=VECTOR('',#1868,10.);
#508=VECTOR('',#1871,10.);
#509=VECTOR('',#1874,10.);
#510=VECTOR('',#1877,10.);
#511=VECTOR('',#1880,10.);
#512=VECTOR('',#1883,10.);
#513=VECTOR('',#1886,10.);
#514=VECTOR('',#1893,10.);
#515=VECTOR('',#1894,10.);
#516=VECTOR('',#1897,10.);
#517=VECTOR('',#1898,10.);
#518=VECTOR('',#1899,10.);
#519=VECTOR('',#1908,10.);
#520=VECTOR('',#1911,10.);
#521=VECTOR('',#1912,10.);
#522=VECTOR('',#1915,10.);
#523=VECTOR('',#1920,10.);
#524=VECTOR('',#1921,10.);
#525=VECTOR('',#1926,10.);
#526=VECTOR('',#1927,10.);
#527=VECTOR('',#1928,10.);
#528=VECTOR('',#1935,10.);
#529=VECTOR('',#1936,10.);
#530=VECTOR('',#1937,10.);
#531=VECTOR('',#1940,10.);
#532=VECTOR('',#1943,10.);
#533=VECTOR('',#1946,10.);
#534=VECTOR('',#1949,10.);
#535=VECTOR('',#1956,10.);
#536=VECTOR('',#1959,10.);
#537=VECTOR('',#1964,10.);
#538=VECTOR('',#1965,10.);
#539=VECTOR('',#1968,10.);
#540=VECTOR('',#1971,10.);
#541=VECTOR('',#1974,10.);
#542=VECTOR('',#1977,10.);
#543=VECTOR('',#1980,10.);
#544=VECTOR('',#1983,10.);
#545=VECTOR('',#1986,10.);
#546=VECTOR('',#1989,10.);
#547=VECTOR('',#1992,10.);
#548=VECTOR('',#1995,10.);
#549=VECTOR('',#1998,10.);
#550=VECTOR('',#2003,10.);
#551=VECTOR('',#2010,1.7);
#552=VECTOR('',#2017,1.7);
#553=VECTOR('',#2020,10.);
#554=VECTOR('',#2023,10.);
#555=CIRCLE('',#1462,2.35);
#556=CIRCLE('',#1463,2.35);
#557=CIRCLE('',#1465,1.45);
#558=CIRCLE('',#1467,2.35);
#559=CIRCLE('',#1468,2.35);
#560=CIRCLE('',#1470,1.45);
#561=CIRCLE('',#1473,0.5);
#562=CIRCLE('',#1474,0.199999999996203);
#563=CIRCLE('',#1480,2.2);
#564=CIRCLE('',#1481,1.99999999999999);
#565=CIRCLE('',#1482,6.99999999999999);
#566=CIRCLE('',#1483,6.99999999999999);
#567=CIRCLE('',#1485,5.99999999999999);
#568=CIRCLE('',#1487,5.99999999999999);
#569=CIRCLE('',#1490,7.);
#570=CIRCLE('',#1491,7.);
#571=CIRCLE('',#1493,8.05);
#572=CIRCLE('',#1495,8.05);
#573=CIRCLE('',#1497,1.45);
#574=CIRCLE('',#1500,1.45);
#575=CIRCLE('',#1504,5.99999999999998);
#576=CIRCLE('',#1505,5.99999999999998);
#577=CIRCLE('',#1508,11.5);
#578=CIRCLE('',#1509,11.5);
#579=CIRCLE('',#1512,1.2);
#580=CIRCLE('',#1513,1.2);
#581=CIRCLE('',#1516,2.2);
#582=CIRCLE('',#1521,8.);
#583=CIRCLE('',#1522,8.);
#584=CIRCLE('',#1525,8.);
#585=CIRCLE('',#1526,8.);
#586=CIRCLE('',#1528,4.);
#587=CIRCLE('',#1529,4.);
#588=CIRCLE('',#1532,4.);
#589=CIRCLE('',#1533,4.);
#590=CIRCLE('',#1535,5.00000000001033);
#591=CIRCLE('',#1536,6.99999999998665);
#592=CIRCLE('',#1537,10.5000000000262);
#593=CIRCLE('',#1538,6.9999999999976);
#594=CIRCLE('',#1539,5.00000000000241);
#595=CIRCLE('',#1542,6.99999999989693);
#596=CIRCLE('',#1547,7.00000000012504);
#597=CIRCLE('',#1559,1.);
#598=CIRCLE('',#1561,1.99999999999999);
#599=CIRCLE('',#1562,1.7);
#600=CIRCLE('',#1563,1.7);
#601=CIRCLE('',#1567,2.99999999999999);
#602=CIRCLE('',#1572,2.00000000079316);
#603=CIRCLE('',#1574,5.00000000032419);
#604=CIRCLE('',#1575,6.99999999982778);
#605=CIRCLE('',#1576,10.5000000007422);
#606=CIRCLE('',#1577,6.99999999972198);
#607=CIRCLE('',#1578,5.00000000042724);
#608=CIRCLE('',#1580,2.99999999999999);
#609=CIRCLE('',#1598,1.7);
#610=CIRCLE('',#1601,1.7);
#611=VERTEX_POINT('',#2028);
#612=VERTEX_POINT('',#2030);
#613=VERTEX_POINT('',#2034);
#614=VERTEX_POINT('',#2037);
#615=VERTEX_POINT('',#2039);
#616=VERTEX_POINT('',#2043);
#617=VERTEX_POINT('',#2046);
#618=VERTEX_POINT('',#2047);
#619=VERTEX_POINT('',#2049);
#620=VERTEX_POINT('',#2057);
#621=VERTEX_POINT('',#2061);
#622=VERTEX_POINT('',#2065);
#623=VERTEX_POINT('',#2067);
#624=VERTEX_POINT('',#2086);
#625=VERTEX_POINT('',#2091);
#626=VERTEX_POINT('',#2096);
#627=VERTEX_POINT('',#2106);
#628=VERTEX_POINT('',#2108);
#629=VERTEX_POINT('',#2112);
#630=VERTEX_POINT('',#2114);
#631=VERTEX_POINT('',#2121);
#632=VERTEX_POINT('',#2123);
#633=VERTEX_POINT('',#2142);
#634=VERTEX_POINT('',#2147);
#635=VERTEX_POINT('',#2155);
#636=VERTEX_POINT('',#2166);
#637=VERTEX_POINT('',#2172);
#638=VERTEX_POINT('',#2174);
#639=VERTEX_POINT('',#2176);
#640=VERTEX_POINT('',#2178);
#641=VERTEX_POINT('',#2180);
#642=VERTEX_POINT('',#2182);
#643=VERTEX_POINT('',#2184);
#644=VERTEX_POINT('',#2186);
#645=VERTEX_POINT('',#2188);
#646=VERTEX_POINT('',#2190);
#647=VERTEX_POINT('',#2194);
#648=VERTEX_POINT('',#2198);
#649=VERTEX_POINT('',#2203);
#650=VERTEX_POINT('',#2205);
#651=VERTEX_POINT('',#2209);
#652=VERTEX_POINT('',#2212);
#653=VERTEX_POINT('',#2216);
#654=VERTEX_POINT('',#2221);
#655=VERTEX_POINT('',#2226);
#656=VERTEX_POINT('',#2228);
#657=VERTEX_POINT('',#2232);
#658=VERTEX_POINT('',#2234);
#659=VERTEX_POINT('',#2238);
#660=VERTEX_POINT('',#2239);
#661=VERTEX_POINT('',#2241);
#662=VERTEX_POINT('',#2243);
#663=VERTEX_POINT('',#2247);
#664=VERTEX_POINT('',#2249);
#665=VERTEX_POINT('',#2253);
#666=VERTEX_POINT('',#2254);
#667=VERTEX_POINT('',#2256);
#668=VERTEX_POINT('',#2258);
#669=VERTEX_POINT('',#2262);
#670=VERTEX_POINT('',#2263);
#671=VERTEX_POINT('',#2265);
#672=VERTEX_POINT('',#2267);
#673=VERTEX_POINT('',#2271);
#674=VERTEX_POINT('',#2273);
#675=VERTEX_POINT('',#2277);
#676=VERTEX_POINT('',#2281);
#677=VERTEX_POINT('',#2285);
#678=VERTEX_POINT('',#2299);
#679=VERTEX_POINT('',#2303);
#680=VERTEX_POINT('',#2310);
#681=VERTEX_POINT('',#2312);
#682=VERTEX_POINT('',#2314);
#683=VERTEX_POINT('',#2318);
#684=VERTEX_POINT('',#2320);
#685=VERTEX_POINT('',#2324);
#686=VERTEX_POINT('',#2326);
#687=VERTEX_POINT('',#2333);
#688=VERTEX_POINT('',#2335);
#689=VERTEX_POINT('',#2339);
#690=VERTEX_POINT('',#2341);
#691=VERTEX_POINT('',#2348);
#692=VERTEX_POINT('',#2350);
#693=VERTEX_POINT('',#2352);
#694=VERTEX_POINT('',#2354);
#695=VERTEX_POINT('',#2356);
#696=VERTEX_POINT('',#2358);
#697=VERTEX_POINT('',#2360);
#698=VERTEX_POINT('',#2362);
#699=VERTEX_POINT('',#2364);
#700=VERTEX_POINT('',#2366);
#701=VERTEX_POINT('',#2370);
#702=VERTEX_POINT('',#2375);
#703=VERTEX_POINT('',#2381);
#704=VERTEX_POINT('',#2408);
#705=VERTEX_POINT('',#2409);
#706=VERTEX_POINT('',#2414);
#707=VERTEX_POINT('',#2415);
#708=VERTEX_POINT('',#2418);
#709=VERTEX_POINT('',#2421);
#710=VERTEX_POINT('',#2423);
#711=VERTEX_POINT('',#2428);
#712=VERTEX_POINT('',#2432);
#713=VERTEX_POINT('',#2436);
#714=VERTEX_POINT('',#2440);
#715=VERTEX_POINT('',#2441);
#716=VERTEX_POINT('',#2443);
#717=VERTEX_POINT('',#2448);
#718=VERTEX_POINT('',#2454);
#719=VERTEX_POINT('',#2455);
#720=VERTEX_POINT('',#2458);
#721=VERTEX_POINT('',#2460);
#722=VERTEX_POINT('',#2462);
#723=VERTEX_POINT('',#2464);
#724=VERTEX_POINT('',#2466);
#725=VERTEX_POINT('',#2468);
#726=VERTEX_POINT('',#2470);
#727=VERTEX_POINT('',#2472);
#728=VERTEX_POINT('',#2474);
#729=VERTEX_POINT('',#2478);
#730=VERTEX_POINT('',#2484);
#731=VERTEX_POINT('',#2514);
#732=VERTEX_POINT('',#2519);
#733=EDGE_CURVE('',#611,#611,#555,.T.);
#734=EDGE_CURVE('',#611,#612,#299,.T.);
#735=EDGE_CURVE('',#612,#612,#556,.T.);
#736=EDGE_CURVE('',#613,#613,#557,.T.);
#737=EDGE_CURVE('',#614,#614,#558,.T.);
#738=EDGE_CURVE('',#614,#615,#300,.T.);
#739=EDGE_CURVE('',#615,#615,#559,.T.);
#740=EDGE_CURVE('',#616,#616,#560,.T.);
#741=EDGE_CURVE('',#617,#618,#301,.T.);
#742=EDGE_CURVE('',#619,#617,#44,.T.);
#743=EDGE_CURVE('',#620,#619,#39,.T.);
#744=EDGE_CURVE('',#621,#620,#302,.T.);
#745=EDGE_CURVE('',#618,#621,#303,.T.);
#746=EDGE_CURVE('',#622,#621,#561,.T.);
#747=EDGE_CURVE('',#623,#622,#304,.T.);
#748=EDGE_CURVE('',#618,#623,#562,.T.);
#749=EDGE_CURVE('',#624,#617,#45,.T.);
#750=EDGE_CURVE('',#625,#624,#46,.T.);
#751=EDGE_CURVE('',#626,#625,#47,.T.);
#752=EDGE_CURVE('',#619,#626,#48,.T.);
#753=EDGE_CURVE('',#627,#622,#305,.T.);
#754=EDGE_CURVE('',#628,#627,#306,.T.);
#755=EDGE_CURVE('',#623,#628,#307,.T.);
#756=EDGE_CURVE('',#629,#624,#308,.T.);
#757=EDGE_CURVE('',#630,#629,#49,.T.);
#758=EDGE_CURVE('',#625,#630,#309,.T.);
#759=EDGE_CURVE('',#631,#627,#310,.T.);
#760=EDGE_CURVE('',#631,#632,#311,.T.);
#761=EDGE_CURVE('',#628,#632,#312,.T.);
#762=EDGE_CURVE('',#633,#629,#50,.T.);
#763=EDGE_CURVE('',#634,#633,#51,.T.);
#764=EDGE_CURVE('',#635,#634,#52,.T.);
#765=EDGE_CURVE('',#630,#635,#53,.T.);
#766=EDGE_CURVE('',#632,#633,#313,.T.);
#767=EDGE_CURVE('',#636,#631,#314,.T.);
#768=EDGE_CURVE('',#634,#636,#40,.T.);
#769=EDGE_CURVE('',#631,#637,#315,.T.);
#770=EDGE_CURVE('',#637,#638,#563,.T.);
#771=EDGE_CURVE('',#638,#639,#316,.T.);
#772=EDGE_CURVE('',#639,#640,#317,.T.);
#773=EDGE_CURVE('',#640,#641,#564,.T.);
#774=EDGE_CURVE('',#641,#642,#318,.T.);
#775=EDGE_CURVE('',#642,#643,#319,.T.);
#776=EDGE_CURVE('',#643,#644,#320,.T.);
#777=EDGE_CURVE('',#644,#645,#565,.T.);
#778=EDGE_CURVE('',#645,#646,#321,.T.);
#779=EDGE_CURVE('',#646,#636,#566,.T.);
#780=EDGE_CURVE('',#647,#646,#322,.T.);
#781=EDGE_CURVE('',#635,#647,#567,.T.);
#782=EDGE_CURVE('',#647,#648,#323,.T.);
#783=EDGE_CURVE('',#648,#626,#568,.T.);
#784=EDGE_CURVE('',#649,#649,#569,.T.);
#785=EDGE_CURVE('',#649,#650,#324,.T.);
#786=EDGE_CURVE('',#650,#650,#570,.T.);
#787=EDGE_CURVE('',#651,#651,#571,.T.);
#788=EDGE_CURVE('',#651,#652,#325,.T.);
#789=EDGE_CURVE('',#652,#652,#572,.T.);
#790=EDGE_CURVE('',#616,#653,#326,.T.);
#791=EDGE_CURVE('',#653,#653,#573,.T.);
#792=EDGE_CURVE('',#613,#654,#327,.T.);
#793=EDGE_CURVE('',#654,#654,#574,.T.);
#794=EDGE_CURVE('',#655,#648,#328,.T.);
#795=EDGE_CURVE('',#647,#656,#329,.T.);
#796=EDGE_CURVE('',#656,#655,#330,.T.);
#797=EDGE_CURVE('',#657,#655,#575,.T.);
#798=EDGE_CURVE('',#656,#658,#576,.T.);
#799=EDGE_CURVE('',#657,#658,#331,.T.);
#800=EDGE_CURVE('',#659,#660,#332,.T.);
#801=EDGE_CURVE('',#661,#660,#333,.T.);
#802=EDGE_CURVE('',#661,#662,#334,.T.);
#803=EDGE_CURVE('',#662,#659,#335,.T.);
#804=EDGE_CURVE('',#660,#663,#577,.T.);
#805=EDGE_CURVE('',#664,#663,#336,.T.);
#806=EDGE_CURVE('',#664,#661,#578,.T.);
#807=EDGE_CURVE('',#665,#666,#337,.T.);
#808=EDGE_CURVE('',#666,#667,#338,.T.);
#809=EDGE_CURVE('',#667,#668,#339,.T.);
#810=EDGE_CURVE('',#668,#665,#340,.T.);
#811=EDGE_CURVE('',#669,#670,#579,.T.);
#812=EDGE_CURVE('',#671,#670,#341,.T.);
#813=EDGE_CURVE('',#671,#672,#580,.T.);
#814=EDGE_CURVE('',#669,#672,#342,.T.);
#815=EDGE_CURVE('',#673,#669,#343,.T.);
#816=EDGE_CURVE('',#672,#674,#344,.T.);
#817=EDGE_CURVE('',#674,#673,#345,.T.);
#818=EDGE_CURVE('',#675,#671,#41,.F.);
#819=EDGE_CURVE('',#675,#676,#42,.T.);
#820=EDGE_CURVE('',#676,#677,#54,.T.);
#821=EDGE_CURVE('',#678,#677,#581,.T.);
#822=EDGE_CURVE('',#678,#672,#346,.T.);
#823=EDGE_CURVE('',#679,#639,#347,.T.);
#824=EDGE_CURVE('',#638,#669,#348,.T.);
#825=EDGE_CURVE('',#673,#679,#349,.T.);
#826=EDGE_CURVE('',#637,#670,#350,.T.);
#827=EDGE_CURVE('',#680,#679,#351,.T.);
#828=EDGE_CURVE('',#674,#681,#352,.T.);
#829=EDGE_CURVE('',#681,#682,#353,.T.);
#830=EDGE_CURVE('',#680,#682,#354,.T.);
#831=EDGE_CURVE('',#683,#659,#582,.T.);
#832=EDGE_CURVE('',#662,#684,#583,.T.);
#833=EDGE_CURVE('',#683,#684,#355,.T.);
#834=EDGE_CURVE('',#663,#685,#356,.T.);
#835=EDGE_CURVE('',#685,#686,#357,.T.);
#836=EDGE_CURVE('',#686,#664,#358,.T.);
#837=EDGE_CURVE('',#685,#665,#584,.T.);
#838=EDGE_CURVE('',#668,#686,#585,.T.);
#839=EDGE_CURVE('',#666,#687,#586,.T.);
#840=EDGE_CURVE('',#688,#687,#359,.T.);
#841=EDGE_CURVE('',#688,#667,#587,.T.);
#842=EDGE_CURVE('',#689,#683,#360,.T.);
#843=EDGE_CURVE('',#684,#690,#361,.T.);
#844=EDGE_CURVE('',#690,#689,#362,.T.);
#845=EDGE_CURVE('',#642,#689,#588,.T.);
#846=EDGE_CURVE('',#690,#643,#589,.T.);
#847=EDGE_CURVE('',#691,#657,#363,.T.);
#848=EDGE_CURVE('',#658,#692,#364,.T.);
#849=EDGE_CURVE('',#692,#693,#590,.T.);
#850=EDGE_CURVE('',#693,#694,#365,.T.);
#851=EDGE_CURVE('',#694,#695,#591,.T.);
#852=EDGE_CURVE('',#695,#696,#366,.T.);
#853=EDGE_CURVE('',#696,#697,#592,.T.);
#854=EDGE_CURVE('',#697,#698,#367,.T.);
#855=EDGE_CURVE('',#698,#699,#593,.T.);
#856=EDGE_CURVE('',#699,#700,#368,.T.);
#857=EDGE_CURVE('',#700,#691,#594,.T.);
#858=EDGE_CURVE('',#701,#657,#369,.T.);
#859=EDGE_CURVE('',#691,#688,#370,.T.);
#860=EDGE_CURVE('',#701,#688,#371,.T.);
#861=EDGE_CURVE('',#702,#701,#595,.T.);
#862=EDGE_CURVE('',#702,#655,#372,.T.);
#863=EDGE_CURVE('',#700,#667,#373,.T.);
#864=EDGE_CURVE('',#703,#702,#374,.T.);
#865=EDGE_CURVE('',#703,#648,#375,.T.);
#866=EDGE_CURVE('',#699,#668,#376,.T.);
#867=EDGE_CURVE('',#620,#703,#596,.T.);
#868=EDGE_CURVE('',#698,#686,#377,.T.);
#869=EDGE_CURVE('',#697,#664,#378,.T.);
#870=EDGE_CURVE('',#696,#661,#379,.T.);
#871=EDGE_CURVE('',#695,#662,#380,.T.);
#872=EDGE_CURVE('',#694,#684,#381,.T.);
#873=EDGE_CURVE('',#693,#690,#382,.T.);
#874=EDGE_CURVE('',#692,#643,#383,.T.);
#875=EDGE_CURVE('',#658,#644,#384,.T.);
#876=EDGE_CURVE('',#656,#645,#385,.T.);
#877=EDGE_CURVE('',#704,#705,#597,.T.);
#878=EDGE_CURVE('',#677,#705,#386,.T.);
#879=EDGE_CURVE('',#704,#676,#387,.T.);
#880=EDGE_CURVE('',#706,#707,#388,.T.);
#881=EDGE_CURVE('',#707,#678,#389,.T.);
#882=EDGE_CURVE('',#705,#708,#390,.T.);
#883=EDGE_CURVE('',#708,#706,#598,.T.);
#884=EDGE_CURVE('',#709,#709,#599,.T.);
#885=EDGE_CURVE('',#710,#710,#600,.T.);
#886=EDGE_CURVE('',#707,#681,#391,.T.);
#887=EDGE_CURVE('',#706,#711,#392,.T.);
#888=EDGE_CURVE('',#682,#711,#393,.T.);
#889=EDGE_CURVE('',#708,#712,#394,.T.);
#890=EDGE_CURVE('',#711,#712,#601,.T.);
#891=EDGE_CURVE('',#705,#713,#395,.T.);
#892=EDGE_CURVE('',#712,#713,#396,.T.);
#893=EDGE_CURVE('',#714,#715,#15,.T.);
#894=EDGE_CURVE('',#715,#716,#397,.T.);
#895=EDGE_CURVE('',#704,#716,#398,.T.);
#896=EDGE_CURVE('',#714,#704,#399,.T.);
#897=EDGE_CURVE('',#716,#717,#43,.T.);
#898=EDGE_CURVE('',#713,#717,#602,.T.);
#899=EDGE_CURVE('',#718,#719,#400,.T.);
#900=EDGE_CURVE('',#712,#719,#401,.T.);
#901=EDGE_CURVE('',#717,#720,#402,.T.);
#902=EDGE_CURVE('',#720,#721,#603,.T.);
#903=EDGE_CURVE('',#721,#722,#403,.T.);
#904=EDGE_CURVE('',#722,#723,#604,.T.);
#905=EDGE_CURVE('',#723,#724,#404,.T.);
#906=EDGE_CURVE('',#724,#725,#605,.T.);
#907=EDGE_CURVE('',#725,#726,#405,.T.);
#908=EDGE_CURVE('',#726,#727,#606,.T.);
#909=EDGE_CURVE('',#727,#728,#406,.T.);
#910=EDGE_CURVE('',#728,#718,#607,.T.);
#911=EDGE_CURVE('',#719,#729,#608,.T.);
#912=EDGE_CURVE('',#711,#729,#407,.T.);
#913=EDGE_CURVE('',#729,#680,#408,.T.);
#914=EDGE_CURVE('',#715,#730,#16,.T.);
#915=EDGE_CURVE('',#687,#730,#409,.T.);
#916=EDGE_CURVE('',#687,#720,#410,.T.);
#917=EDGE_CURVE('',#666,#721,#411,.T.);
#918=EDGE_CURVE('',#665,#722,#412,.T.);
#919=EDGE_CURVE('',#685,#723,#413,.T.);
#920=EDGE_CURVE('',#729,#640,#414,.T.);
#921=EDGE_CURVE('',#663,#724,#415,.T.);
#922=EDGE_CURVE('',#719,#641,#416,.T.);
#923=EDGE_CURVE('',#660,#725,#417,.T.);
#924=EDGE_CURVE('',#718,#642,#418,.T.);
#925=EDGE_CURVE('',#659,#726,#419,.T.);
#926=EDGE_CURVE('',#728,#689,#420,.T.);
#927=EDGE_CURVE('',#683,#727,#421,.T.);
#928=EDGE_CURVE('',#730,#621,#422,.T.);
#929=EDGE_CURVE('',#731,#731,#609,.T.);
#930=EDGE_CURVE('',#710,#731,#423,.T.);
#931=EDGE_CURVE('',#732,#732,#610,.T.);
#932=EDGE_CURVE('',#709,#732,#424,.T.);
#933=EDGE_CURVE('',#670,#627,#425,.T.);
#934=EDGE_CURVE('',#622,#714,#426,.T.);
#935=ORIENTED_EDGE('',*,*,#733,.T.);
#936=ORIENTED_EDGE('',*,*,#734,.T.);
#937=ORIENTED_EDGE('',*,*,#735,.F.);
#938=ORIENTED_EDGE('',*,*,#734,.F.);
#939=ORIENTED_EDGE('',*,*,#735,.T.);
#940=ORIENTED_EDGE('',*,*,#736,.T.);
#941=ORIENTED_EDGE('',*,*,#737,.T.);
#942=ORIENTED_EDGE('',*,*,#738,.T.);
#943=ORIENTED_EDGE('',*,*,#739,.F.);
#944=ORIENTED_EDGE('',*,*,#738,.F.);
#945=ORIENTED_EDGE('',*,*,#739,.T.);
#946=ORIENTED_EDGE('',*,*,#740,.T.);
#947=ORIENTED_EDGE('',*,*,#741,.F.);
#948=ORIENTED_EDGE('',*,*,#742,.F.);
#949=ORIENTED_EDGE('',*,*,#743,.F.);
#950=ORIENTED_EDGE('',*,*,#744,.F.);
#951=ORIENTED_EDGE('',*,*,#745,.F.);
#952=ORIENTED_EDGE('',*,*,#745,.T.);
#953=ORIENTED_EDGE('',*,*,#746,.F.);
#954=ORIENTED_EDGE('',*,*,#747,.F.);
#955=ORIENTED_EDGE('',*,*,#748,.F.);
#956=ORIENTED_EDGE('',*,*,#749,.F.);
#957=ORIENTED_EDGE('',*,*,#750,.F.);
#958=ORIENTED_EDGE('',*,*,#751,.F.);
#959=ORIENTED_EDGE('',*,*,#752,.F.);
#960=ORIENTED_EDGE('',*,*,#742,.T.);
#961=ORIENTED_EDGE('',*,*,#753,.F.);
#962=ORIENTED_EDGE('',*,*,#754,.F.);
#963=ORIENTED_EDGE('',*,*,#755,.F.);
#964=ORIENTED_EDGE('',*,*,#747,.T.);
#965=ORIENTED_EDGE('',*,*,#756,.F.);
#966=ORIENTED_EDGE('',*,*,#757,.F.);
#967=ORIENTED_EDGE('',*,*,#758,.F.);
#968=ORIENTED_EDGE('',*,*,#750,.T.);
#969=ORIENTED_EDGE('',*,*,#759,.F.);
#970=ORIENTED_EDGE('',*,*,#760,.T.);
#971=ORIENTED_EDGE('',*,*,#761,.F.);
#972=ORIENTED_EDGE('',*,*,#754,.T.);
#973=ORIENTED_EDGE('',*,*,#762,.F.);
#974=ORIENTED_EDGE('',*,*,#763,.F.);
#975=ORIENTED_EDGE('',*,*,#764,.F.);
#976=ORIENTED_EDGE('',*,*,#765,.F.);
#977=ORIENTED_EDGE('',*,*,#757,.T.);
#978=ORIENTED_EDGE('',*,*,#766,.F.);
#979=ORIENTED_EDGE('',*,*,#760,.F.);
#980=ORIENTED_EDGE('',*,*,#767,.F.);
#981=ORIENTED_EDGE('',*,*,#768,.F.);
#982=ORIENTED_EDGE('',*,*,#763,.T.);
#983=ORIENTED_EDGE('',*,*,#767,.T.);
#984=ORIENTED_EDGE('',*,*,#769,.T.);
#985=ORIENTED_EDGE('',*,*,#770,.T.);
#986=ORIENTED_EDGE('',*,*,#771,.T.);
#987=ORIENTED_EDGE('',*,*,#772,.T.);
#988=ORIENTED_EDGE('',*,*,#773,.T.);
#989=ORIENTED_EDGE('',*,*,#774,.T.);
#990=ORIENTED_EDGE('',*,*,#775,.T.);
#991=ORIENTED_EDGE('',*,*,#776,.T.);
#992=ORIENTED_EDGE('',*,*,#777,.T.);
#993=ORIENTED_EDGE('',*,*,#778,.T.);
#994=ORIENTED_EDGE('',*,*,#779,.T.);
#995=ORIENTED_EDGE('',*,*,#768,.T.);
#996=ORIENTED_EDGE('',*,*,#779,.F.);
#997=ORIENTED_EDGE('',*,*,#780,.F.);
#998=ORIENTED_EDGE('',*,*,#781,.F.);
#999=ORIENTED_EDGE('',*,*,#764,.T.);
#1000=ORIENTED_EDGE('',*,*,#765,.T.);
#1001=ORIENTED_EDGE('',*,*,#781,.T.);
#1002=ORIENTED_EDGE('',*,*,#782,.T.);
#1003=ORIENTED_EDGE('',*,*,#783,.T.);
#1004=ORIENTED_EDGE('',*,*,#751,.T.);
#1005=ORIENTED_EDGE('',*,*,#758,.T.);
#1006=ORIENTED_EDGE('',*,*,#741,.T.);
#1007=ORIENTED_EDGE('',*,*,#748,.T.);
#1008=ORIENTED_EDGE('',*,*,#755,.T.);
#1009=ORIENTED_EDGE('',*,*,#761,.T.);
#1010=ORIENTED_EDGE('',*,*,#766,.T.);
#1011=ORIENTED_EDGE('',*,*,#762,.T.);
#1012=ORIENTED_EDGE('',*,*,#756,.T.);
#1013=ORIENTED_EDGE('',*,*,#749,.T.);
#1014=ORIENTED_EDGE('',*,*,#733,.F.);
#1015=ORIENTED_EDGE('',*,*,#737,.F.);
#1016=ORIENTED_EDGE('',*,*,#784,.T.);
#1017=ORIENTED_EDGE('',*,*,#785,.T.);
#1018=ORIENTED_EDGE('',*,*,#786,.T.);
#1019=ORIENTED_EDGE('',*,*,#785,.F.);
#1020=ORIENTED_EDGE('',*,*,#787,.T.);
#1021=ORIENTED_EDGE('',*,*,#784,.F.);
#1022=ORIENTED_EDGE('',*,*,#787,.F.);
#1023=ORIENTED_EDGE('',*,*,#788,.T.);
#1024=ORIENTED_EDGE('',*,*,#789,.T.);
#1025=ORIENTED_EDGE('',*,*,#788,.F.);
#1026=ORIENTED_EDGE('',*,*,#740,.F.);
#1027=ORIENTED_EDGE('',*,*,#790,.T.);
#1028=ORIENTED_EDGE('',*,*,#791,.F.);
#1029=ORIENTED_EDGE('',*,*,#790,.F.);
#1030=ORIENTED_EDGE('',*,*,#791,.T.);
#1031=ORIENTED_EDGE('',*,*,#736,.F.);
#1032=ORIENTED_EDGE('',*,*,#792,.T.);
#1033=ORIENTED_EDGE('',*,*,#793,.F.);
#1034=ORIENTED_EDGE('',*,*,#792,.F.);
#1035=ORIENTED_EDGE('',*,*,#793,.T.);
#1036=ORIENTED_EDGE('',*,*,#794,.T.);
#1037=ORIENTED_EDGE('',*,*,#782,.F.);
#1038=ORIENTED_EDGE('',*,*,#795,.T.);
#1039=ORIENTED_EDGE('',*,*,#796,.T.);
#1040=ORIENTED_EDGE('',*,*,#797,.T.);
#1041=ORIENTED_EDGE('',*,*,#796,.F.);
#1042=ORIENTED_EDGE('',*,*,#798,.T.);
#1043=ORIENTED_EDGE('',*,*,#799,.F.);
#1044=ORIENTED_EDGE('',*,*,#800,.T.);
#1045=ORIENTED_EDGE('',*,*,#801,.F.);
#1046=ORIENTED_EDGE('',*,*,#802,.T.);
#1047=ORIENTED_EDGE('',*,*,#803,.T.);
#1048=ORIENTED_EDGE('',*,*,#804,.T.);
#1049=ORIENTED_EDGE('',*,*,#805,.F.);
#1050=ORIENTED_EDGE('',*,*,#806,.T.);
#1051=ORIENTED_EDGE('',*,*,#801,.T.);
#1052=ORIENTED_EDGE('',*,*,#807,.T.);
#1053=ORIENTED_EDGE('',*,*,#808,.T.);
#1054=ORIENTED_EDGE('',*,*,#809,.T.);
#1055=ORIENTED_EDGE('',*,*,#810,.T.);
#1056=ORIENTED_EDGE('',*,*,#811,.T.);
#1057=ORIENTED_EDGE('',*,*,#812,.F.);
#1058=ORIENTED_EDGE('',*,*,#813,.T.);
#1059=ORIENTED_EDGE('',*,*,#814,.F.);
#1060=ORIENTED_EDGE('',*,*,#815,.T.);
#1061=ORIENTED_EDGE('',*,*,#814,.T.);
#1062=ORIENTED_EDGE('',*,*,#816,.T.);
#1063=ORIENTED_EDGE('',*,*,#817,.T.);
#1064=ORIENTED_EDGE('',*,*,#818,.F.);
#1065=ORIENTED_EDGE('',*,*,#819,.T.);
#1066=ORIENTED_EDGE('',*,*,#820,.T.);
#1067=ORIENTED_EDGE('',*,*,#821,.F.);
#1068=ORIENTED_EDGE('',*,*,#822,.T.);
#1069=ORIENTED_EDGE('',*,*,#813,.F.);
#1070=ORIENTED_EDGE('',*,*,#823,.T.);
#1071=ORIENTED_EDGE('',*,*,#771,.F.);
#1072=ORIENTED_EDGE('',*,*,#824,.T.);
#1073=ORIENTED_EDGE('',*,*,#815,.F.);
#1074=ORIENTED_EDGE('',*,*,#825,.T.);
#1075=ORIENTED_EDGE('',*,*,#824,.F.);
#1076=ORIENTED_EDGE('',*,*,#770,.F.);
#1077=ORIENTED_EDGE('',*,*,#826,.T.);
#1078=ORIENTED_EDGE('',*,*,#811,.F.);
#1079=ORIENTED_EDGE('',*,*,#827,.T.);
#1080=ORIENTED_EDGE('',*,*,#825,.F.);
#1081=ORIENTED_EDGE('',*,*,#817,.F.);
#1082=ORIENTED_EDGE('',*,*,#828,.T.);
#1083=ORIENTED_EDGE('',*,*,#829,.T.);
#1084=ORIENTED_EDGE('',*,*,#830,.F.);
#1085=ORIENTED_EDGE('',*,*,#831,.T.);
#1086=ORIENTED_EDGE('',*,*,#803,.F.);
#1087=ORIENTED_EDGE('',*,*,#832,.T.);
#1088=ORIENTED_EDGE('',*,*,#833,.F.);
#1089=ORIENTED_EDGE('',*,*,#834,.T.);
#1090=ORIENTED_EDGE('',*,*,#835,.T.);
#1091=ORIENTED_EDGE('',*,*,#836,.T.);
#1092=ORIENTED_EDGE('',*,*,#805,.T.);
#1093=ORIENTED_EDGE('',*,*,#837,.T.);
#1094=ORIENTED_EDGE('',*,*,#810,.F.);
#1095=ORIENTED_EDGE('',*,*,#838,.T.);
#1096=ORIENTED_EDGE('',*,*,#835,.F.);
#1097=ORIENTED_EDGE('',*,*,#839,.T.);
#1098=ORIENTED_EDGE('',*,*,#840,.F.);
#1099=ORIENTED_EDGE('',*,*,#841,.T.);
#1100=ORIENTED_EDGE('',*,*,#808,.F.);
#1101=ORIENTED_EDGE('',*,*,#842,.T.);
#1102=ORIENTED_EDGE('',*,*,#833,.T.);
#1103=ORIENTED_EDGE('',*,*,#843,.T.);
#1104=ORIENTED_EDGE('',*,*,#844,.T.);
#1105=ORIENTED_EDGE('',*,*,#845,.T.);
#1106=ORIENTED_EDGE('',*,*,#844,.F.);
#1107=ORIENTED_EDGE('',*,*,#846,.T.);
#1108=ORIENTED_EDGE('',*,*,#775,.F.);
#1109=ORIENTED_EDGE('',*,*,#847,.T.);
#1110=ORIENTED_EDGE('',*,*,#799,.T.);
#1111=ORIENTED_EDGE('',*,*,#848,.T.);
#1112=ORIENTED_EDGE('',*,*,#849,.T.);
#1113=ORIENTED_EDGE('',*,*,#850,.T.);
#1114=ORIENTED_EDGE('',*,*,#851,.T.);
#1115=ORIENTED_EDGE('',*,*,#852,.T.);
#1116=ORIENTED_EDGE('',*,*,#853,.T.);
#1117=ORIENTED_EDGE('',*,*,#854,.T.);
#1118=ORIENTED_EDGE('',*,*,#855,.T.);
#1119=ORIENTED_EDGE('',*,*,#856,.T.);
#1120=ORIENTED_EDGE('',*,*,#857,.T.);
#1121=ORIENTED_EDGE('',*,*,#789,.F.);
#1122=ORIENTED_EDGE('',*,*,#858,.T.);
#1123=ORIENTED_EDGE('',*,*,#847,.F.);
#1124=ORIENTED_EDGE('',*,*,#859,.T.);
#1125=ORIENTED_EDGE('',*,*,#860,.F.);
#1126=ORIENTED_EDGE('',*,*,#858,.F.);
#1127=ORIENTED_EDGE('',*,*,#861,.F.);
#1128=ORIENTED_EDGE('',*,*,#862,.T.);
#1129=ORIENTED_EDGE('',*,*,#797,.F.);
#1130=ORIENTED_EDGE('',*,*,#859,.F.);
#1131=ORIENTED_EDGE('',*,*,#857,.F.);
#1132=ORIENTED_EDGE('',*,*,#863,.T.);
#1133=ORIENTED_EDGE('',*,*,#841,.F.);
#1134=ORIENTED_EDGE('',*,*,#862,.F.);
#1135=ORIENTED_EDGE('',*,*,#864,.F.);
#1136=ORIENTED_EDGE('',*,*,#865,.T.);
#1137=ORIENTED_EDGE('',*,*,#794,.F.);
#1138=ORIENTED_EDGE('',*,*,#863,.F.);
#1139=ORIENTED_EDGE('',*,*,#856,.F.);
#1140=ORIENTED_EDGE('',*,*,#866,.T.);
#1141=ORIENTED_EDGE('',*,*,#809,.F.);
#1142=ORIENTED_EDGE('',*,*,#743,.T.);
#1143=ORIENTED_EDGE('',*,*,#752,.T.);
#1144=ORIENTED_EDGE('',*,*,#783,.F.);
#1145=ORIENTED_EDGE('',*,*,#865,.F.);
#1146=ORIENTED_EDGE('',*,*,#867,.F.);
#1147=ORIENTED_EDGE('',*,*,#866,.F.);
#1148=ORIENTED_EDGE('',*,*,#855,.F.);
#1149=ORIENTED_EDGE('',*,*,#868,.T.);
#1150=ORIENTED_EDGE('',*,*,#838,.F.);
#1151=ORIENTED_EDGE('',*,*,#868,.F.);
#1152=ORIENTED_EDGE('',*,*,#854,.F.);
#1153=ORIENTED_EDGE('',*,*,#869,.T.);
#1154=ORIENTED_EDGE('',*,*,#836,.F.);
#1155=ORIENTED_EDGE('',*,*,#870,.T.);
#1156=ORIENTED_EDGE('',*,*,#806,.F.);
#1157=ORIENTED_EDGE('',*,*,#869,.F.);
#1158=ORIENTED_EDGE('',*,*,#853,.F.);
#1159=ORIENTED_EDGE('',*,*,#871,.T.);
#1160=ORIENTED_EDGE('',*,*,#802,.F.);
#1161=ORIENTED_EDGE('',*,*,#870,.F.);
#1162=ORIENTED_EDGE('',*,*,#852,.F.);
#1163=ORIENTED_EDGE('',*,*,#871,.F.);
#1164=ORIENTED_EDGE('',*,*,#851,.F.);
#1165=ORIENTED_EDGE('',*,*,#872,.T.);
#1166=ORIENTED_EDGE('',*,*,#832,.F.);
#1167=ORIENTED_EDGE('',*,*,#873,.T.);
#1168=ORIENTED_EDGE('',*,*,#843,.F.);
#1169=ORIENTED_EDGE('',*,*,#872,.F.);
#1170=ORIENTED_EDGE('',*,*,#850,.F.);
#1171=ORIENTED_EDGE('',*,*,#873,.F.);
#1172=ORIENTED_EDGE('',*,*,#849,.F.);
#1173=ORIENTED_EDGE('',*,*,#874,.T.);
#1174=ORIENTED_EDGE('',*,*,#846,.F.);
#1175=ORIENTED_EDGE('',*,*,#875,.T.);
#1176=ORIENTED_EDGE('',*,*,#776,.F.);
#1177=ORIENTED_EDGE('',*,*,#874,.F.);
#1178=ORIENTED_EDGE('',*,*,#848,.F.);
#1179=ORIENTED_EDGE('',*,*,#875,.F.);
#1180=ORIENTED_EDGE('',*,*,#798,.F.);
#1181=ORIENTED_EDGE('',*,*,#876,.T.);
#1182=ORIENTED_EDGE('',*,*,#777,.F.);
#1183=ORIENTED_EDGE('',*,*,#876,.F.);
#1184=ORIENTED_EDGE('',*,*,#795,.F.);
#1185=ORIENTED_EDGE('',*,*,#780,.T.);
#1186=ORIENTED_EDGE('',*,*,#778,.F.);
#1187=ORIENTED_EDGE('',*,*,#877,.T.);
#1188=ORIENTED_EDGE('',*,*,#878,.F.);
#1189=ORIENTED_EDGE('',*,*,#820,.F.);
#1190=ORIENTED_EDGE('',*,*,#879,.F.);
#1191=ORIENTED_EDGE('',*,*,#880,.T.);
#1192=ORIENTED_EDGE('',*,*,#881,.T.);
#1193=ORIENTED_EDGE('',*,*,#821,.T.);
#1194=ORIENTED_EDGE('',*,*,#878,.T.);
#1195=ORIENTED_EDGE('',*,*,#882,.T.);
#1196=ORIENTED_EDGE('',*,*,#883,.T.);
#1197=ORIENTED_EDGE('',*,*,#884,.F.);
#1198=ORIENTED_EDGE('',*,*,#885,.F.);
#1199=ORIENTED_EDGE('',*,*,#886,.T.);
#1200=ORIENTED_EDGE('',*,*,#828,.F.);
#1201=ORIENTED_EDGE('',*,*,#816,.F.);
#1202=ORIENTED_EDGE('',*,*,#822,.F.);
#1203=ORIENTED_EDGE('',*,*,#881,.F.);
#1204=ORIENTED_EDGE('',*,*,#829,.F.);
#1205=ORIENTED_EDGE('',*,*,#886,.F.);
#1206=ORIENTED_EDGE('',*,*,#880,.F.);
#1207=ORIENTED_EDGE('',*,*,#887,.T.);
#1208=ORIENTED_EDGE('',*,*,#888,.F.);
#1209=ORIENTED_EDGE('',*,*,#889,.T.);
#1210=ORIENTED_EDGE('',*,*,#890,.F.);
#1211=ORIENTED_EDGE('',*,*,#887,.F.);
#1212=ORIENTED_EDGE('',*,*,#883,.F.);
#1213=ORIENTED_EDGE('',*,*,#891,.T.);
#1214=ORIENTED_EDGE('',*,*,#892,.F.);
#1215=ORIENTED_EDGE('',*,*,#889,.F.);
#1216=ORIENTED_EDGE('',*,*,#882,.F.);
#1217=ORIENTED_EDGE('',*,*,#893,.T.);
#1218=ORIENTED_EDGE('',*,*,#894,.T.);
#1219=ORIENTED_EDGE('',*,*,#895,.F.);
#1220=ORIENTED_EDGE('',*,*,#896,.F.);
#1221=ORIENTED_EDGE('',*,*,#897,.T.);
#1222=ORIENTED_EDGE('',*,*,#898,.F.);
#1223=ORIENTED_EDGE('',*,*,#891,.F.);
#1224=ORIENTED_EDGE('',*,*,#877,.F.);
#1225=ORIENTED_EDGE('',*,*,#895,.T.);
#1226=ORIENTED_EDGE('',*,*,#899,.T.);
#1227=ORIENTED_EDGE('',*,*,#900,.F.);
#1228=ORIENTED_EDGE('',*,*,#892,.T.);
#1229=ORIENTED_EDGE('',*,*,#898,.T.);
#1230=ORIENTED_EDGE('',*,*,#901,.T.);
#1231=ORIENTED_EDGE('',*,*,#902,.T.);
#1232=ORIENTED_EDGE('',*,*,#903,.T.);
#1233=ORIENTED_EDGE('',*,*,#904,.T.);
#1234=ORIENTED_EDGE('',*,*,#905,.T.);
#1235=ORIENTED_EDGE('',*,*,#906,.T.);
#1236=ORIENTED_EDGE('',*,*,#907,.T.);
#1237=ORIENTED_EDGE('',*,*,#908,.T.);
#1238=ORIENTED_EDGE('',*,*,#909,.T.);
#1239=ORIENTED_EDGE('',*,*,#910,.T.);
#1240=ORIENTED_EDGE('',*,*,#786,.F.);
#1241=ORIENTED_EDGE('',*,*,#911,.T.);
#1242=ORIENTED_EDGE('',*,*,#912,.F.);
#1243=ORIENTED_EDGE('',*,*,#890,.T.);
#1244=ORIENTED_EDGE('',*,*,#900,.T.);
#1245=ORIENTED_EDGE('',*,*,#913,.T.);
#1246=ORIENTED_EDGE('',*,*,#830,.T.);
#1247=ORIENTED_EDGE('',*,*,#888,.T.);
#1248=ORIENTED_EDGE('',*,*,#912,.T.);
#1249=ORIENTED_EDGE('',*,*,#914,.T.);
#1250=ORIENTED_EDGE('',*,*,#915,.F.);
#1251=ORIENTED_EDGE('',*,*,#916,.T.);
#1252=ORIENTED_EDGE('',*,*,#901,.F.);
#1253=ORIENTED_EDGE('',*,*,#897,.F.);
#1254=ORIENTED_EDGE('',*,*,#894,.F.);
#1255=ORIENTED_EDGE('',*,*,#917,.T.);
#1256=ORIENTED_EDGE('',*,*,#902,.F.);
#1257=ORIENTED_EDGE('',*,*,#916,.F.);
#1258=ORIENTED_EDGE('',*,*,#839,.F.);
#1259=ORIENTED_EDGE('',*,*,#918,.T.);
#1260=ORIENTED_EDGE('',*,*,#903,.F.);
#1261=ORIENTED_EDGE('',*,*,#917,.F.);
#1262=ORIENTED_EDGE('',*,*,#807,.F.);
#1263=ORIENTED_EDGE('',*,*,#919,.T.);
#1264=ORIENTED_EDGE('',*,*,#904,.F.);
#1265=ORIENTED_EDGE('',*,*,#918,.F.);
#1266=ORIENTED_EDGE('',*,*,#837,.F.);
#1267=ORIENTED_EDGE('',*,*,#823,.F.);
#1268=ORIENTED_EDGE('',*,*,#827,.F.);
#1269=ORIENTED_EDGE('',*,*,#913,.F.);
#1270=ORIENTED_EDGE('',*,*,#920,.T.);
#1271=ORIENTED_EDGE('',*,*,#772,.F.);
#1272=ORIENTED_EDGE('',*,*,#921,.T.);
#1273=ORIENTED_EDGE('',*,*,#905,.F.);
#1274=ORIENTED_EDGE('',*,*,#919,.F.);
#1275=ORIENTED_EDGE('',*,*,#834,.F.);
#1276=ORIENTED_EDGE('',*,*,#920,.F.);
#1277=ORIENTED_EDGE('',*,*,#911,.F.);
#1278=ORIENTED_EDGE('',*,*,#922,.T.);
#1279=ORIENTED_EDGE('',*,*,#773,.F.);
#1280=ORIENTED_EDGE('',*,*,#923,.T.);
#1281=ORIENTED_EDGE('',*,*,#906,.F.);
#1282=ORIENTED_EDGE('',*,*,#921,.F.);
#1283=ORIENTED_EDGE('',*,*,#804,.F.);
#1284=ORIENTED_EDGE('',*,*,#922,.F.);
#1285=ORIENTED_EDGE('',*,*,#899,.F.);
#1286=ORIENTED_EDGE('',*,*,#924,.T.);
#1287=ORIENTED_EDGE('',*,*,#774,.F.);
#1288=ORIENTED_EDGE('',*,*,#925,.T.);
#1289=ORIENTED_EDGE('',*,*,#907,.F.);
#1290=ORIENTED_EDGE('',*,*,#923,.F.);
#1291=ORIENTED_EDGE('',*,*,#800,.F.);
#1292=ORIENTED_EDGE('',*,*,#924,.F.);
#1293=ORIENTED_EDGE('',*,*,#910,.F.);
#1294=ORIENTED_EDGE('',*,*,#926,.T.);
#1295=ORIENTED_EDGE('',*,*,#845,.F.);
#1296=ORIENTED_EDGE('',*,*,#927,.T.);
#1297=ORIENTED_EDGE('',*,*,#908,.F.);
#1298=ORIENTED_EDGE('',*,*,#925,.F.);
#1299=ORIENTED_EDGE('',*,*,#831,.F.);
#1300=ORIENTED_EDGE('',*,*,#926,.F.);
#1301=ORIENTED_EDGE('',*,*,#909,.F.);
#1302=ORIENTED_EDGE('',*,*,#927,.F.);
#1303=ORIENTED_EDGE('',*,*,#842,.F.);
#1304=ORIENTED_EDGE('',*,*,#744,.T.);
#1305=ORIENTED_EDGE('',*,*,#867,.T.);
#1306=ORIENTED_EDGE('',*,*,#864,.T.);
#1307=ORIENTED_EDGE('',*,*,#861,.T.);
#1308=ORIENTED_EDGE('',*,*,#860,.T.);
#1309=ORIENTED_EDGE('',*,*,#840,.T.);
#1310=ORIENTED_EDGE('',*,*,#915,.T.);
#1311=ORIENTED_EDGE('',*,*,#928,.T.);
#1312=ORIENTED_EDGE('',*,*,#929,.T.);
#1313=ORIENTED_EDGE('',*,*,#885,.T.);
#1314=ORIENTED_EDGE('',*,*,#930,.T.);
#1315=ORIENTED_EDGE('',*,*,#929,.F.);
#1316=ORIENTED_EDGE('',*,*,#930,.F.);
#1317=ORIENTED_EDGE('',*,*,#931,.T.);
#1318=ORIENTED_EDGE('',*,*,#884,.T.);
#1319=ORIENTED_EDGE('',*,*,#932,.T.);
#1320=ORIENTED_EDGE('',*,*,#931,.F.);
#1321=ORIENTED_EDGE('',*,*,#932,.F.);
#1322=ORIENTED_EDGE('',*,*,#759,.T.);
#1323=ORIENTED_EDGE('',*,*,#933,.F.);
#1324=ORIENTED_EDGE('',*,*,#826,.F.);
#1325=ORIENTED_EDGE('',*,*,#769,.F.);
#1326=ORIENTED_EDGE('',*,*,#753,.T.);
#1327=ORIENTED_EDGE('',*,*,#934,.T.);
#1328=ORIENTED_EDGE('',*,*,#896,.T.);
#1329=ORIENTED_EDGE('',*,*,#879,.T.);
#1330=ORIENTED_EDGE('',*,*,#819,.F.);
#1331=ORIENTED_EDGE('',*,*,#818,.T.);
#1332=ORIENTED_EDGE('',*,*,#812,.T.);
#1333=ORIENTED_EDGE('',*,*,#933,.T.);
#1334=ORIENTED_EDGE('',*,*,#746,.T.);
#1335=ORIENTED_EDGE('',*,*,#928,.F.);
#1336=ORIENTED_EDGE('',*,*,#914,.F.);
#1337=ORIENTED_EDGE('',*,*,#893,.F.);
#1338=ORIENTED_EDGE('',*,*,#934,.F.);
#1339=CYLINDRICAL_SURFACE('',#1461,2.35);
#1340=CYLINDRICAL_SURFACE('',#1466,2.35);
#1341=CYLINDRICAL_SURFACE('',#1486,5.99999999999999);
#1342=CYLINDRICAL_SURFACE('',#1489,7.);
#1343=CYLINDRICAL_SURFACE('',#1494,8.05);
#1344=CYLINDRICAL_SURFACE('',#1496,1.45);
#1345=CYLINDRICAL_SURFACE('',#1499,1.45);
#1346=CYLINDRICAL_SURFACE('',#1503,5.99999999999998);
#1347=CYLINDRICAL_SURFACE('',#1507,11.5);
#1348=CYLINDRICAL_SURFACE('',#1511,1.2);
#1349=CYLINDRICAL_SURFACE('',#1520,8.);
#1350=CYLINDRICAL_SURFACE('',#1524,8.);
#1351=CYLINDRICAL_SURFACE('',#1527,4.);
#1352=CYLINDRICAL_SURFACE('',#1531,4.);
#1353=CYLINDRICAL_SURFACE('',#1558,1.);
#1354=CYLINDRICAL_SURFACE('',#1579,2.99999999999999);
#1355=CYLINDRICAL_SURFACE('',#1599,1.7);
#1356=CYLINDRICAL_SURFACE('',#1602,1.7);
#1357=CYLINDRICAL_SURFACE('',#1605,0.5);
#1358=ADVANCED_FACE('',(#112),#1339,.F.);
#1359=ADVANCED_FACE('',(#113,#55),#64,.F.);
#1360=ADVANCED_FACE('',(#114),#1340,.F.);
#1361=ADVANCED_FACE('',(#115,#56),#65,.F.);
#1362=ADVANCED_FACE('',(#116),#66,.F.);
#1363=ADVANCED_FACE('',(#117),#19,.T.);
#1364=ADVANCED_FACE('',(#118),#17,.F.);
#1365=ADVANCED_FACE('',(#119),#67,.F.);
#1366=ADVANCED_FACE('',(#120),#68,.F.);
#1367=ADVANCED_FACE('',(#121),#69,.F.);
#1368=ADVANCED_FACE('',(#122),#18,.F.);
#1369=ADVANCED_FACE('',(#123),#70,.F.);
#1370=ADVANCED_FACE('',(#124),#71,.T.);
#1371=ADVANCED_FACE('',(#125),#20,.F.);
#1372=ADVANCED_FACE('',(#126),#1341,.F.);
#1373=ADVANCED_FACE('',(#127,#57,#58),#72,.F.);
#1374=ADVANCED_FACE('',(#128),#1342,.F.);
#1375=ADVANCED_FACE('',(#129,#59),#73,.T.);
#1376=ADVANCED_FACE('',(#130),#1343,.F.);
#1377=ADVANCED_FACE('',(#131),#1344,.F.);
#1378=ADVANCED_FACE('',(#132),#74,.F.);
#1379=ADVANCED_FACE('',(#133),#1345,.F.);
#1380=ADVANCED_FACE('',(#134),#75,.F.);
#1381=ADVANCED_FACE('',(#135),#76,.F.);
#1382=ADVANCED_FACE('',(#136),#1346,.F.);
#1383=ADVANCED_FACE('',(#137),#77,.F.);
#1384=ADVANCED_FACE('',(#138),#1347,.T.);
#1385=ADVANCED_FACE('',(#139),#78,.F.);
#1386=ADVANCED_FACE('',(#140),#1348,.F.);
#1387=ADVANCED_FACE('',(#141),#79,.F.);
#1388=ADVANCED_FACE('',(#142),#21,.F.);
#1389=ADVANCED_FACE('',(#143),#80,.F.);
#1390=ADVANCED_FACE('',(#144),#22,.F.);
#1391=ADVANCED_FACE('',(#145),#81,.F.);
#1392=ADVANCED_FACE('',(#146),#1349,.T.);
#1393=ADVANCED_FACE('',(#147),#82,.F.);
#1394=ADVANCED_FACE('',(#148),#1350,.T.);
#1395=ADVANCED_FACE('',(#149),#1351,.F.);
#1396=ADVANCED_FACE('',(#150),#83,.F.);
#1397=ADVANCED_FACE('',(#151),#1352,.F.);
#1398=ADVANCED_FACE('',(#152,#60),#84,.F.);
#1399=ADVANCED_FACE('',(#153),#85,.F.);
#1400=ADVANCED_FACE('',(#154),#23,.F.);
#1401=ADVANCED_FACE('',(#155),#24,.F.);
#1402=ADVANCED_FACE('',(#156),#86,.F.);
#1403=ADVANCED_FACE('',(#157),#87,.F.);
#1404=ADVANCED_FACE('',(#158),#25,.F.);
#1405=ADVANCED_FACE('',(#159),#26,.T.);
#1406=ADVANCED_FACE('',(#160),#88,.F.);
#1407=ADVANCED_FACE('',(#161),#27,.T.);
#1408=ADVANCED_FACE('',(#162),#89,.F.);
#1409=ADVANCED_FACE('',(#163),#28,.T.);
#1410=ADVANCED_FACE('',(#164),#90,.F.);
#1411=ADVANCED_FACE('',(#165),#29,.F.);
#1412=ADVANCED_FACE('',(#166),#91,.F.);
#1413=ADVANCED_FACE('',(#167),#30,.F.);
#1414=ADVANCED_FACE('',(#168),#92,.F.);
#1415=ADVANCED_FACE('',(#169),#1353,.F.);
#1416=ADVANCED_FACE('',(#170,#61,#62),#93,.F.);
#1417=ADVANCED_FACE('',(#171),#94,.F.);
#1418=ADVANCED_FACE('',(#172),#95,.F.);
#1419=ADVANCED_FACE('',(#173),#31,.T.);
#1420=ADVANCED_FACE('',(#174),#96,.F.);
#1421=ADVANCED_FACE('',(#175),#97,.F.);
#1422=ADVANCED_FACE('',(#176),#32,.F.);
#1423=ADVANCED_FACE('',(#177,#63),#98,.F.);
#1424=ADVANCED_FACE('',(#178),#1354,.T.);
#1425=ADVANCED_FACE('',(#179),#99,.F.);
#1426=ADVANCED_FACE('',(#180),#100,.F.);
#1427=ADVANCED_FACE('',(#181),#33,.F.);
#1428=ADVANCED_FACE('',(#182),#101,.F.);
#1429=ADVANCED_FACE('',(#183),#34,.T.);
#1430=ADVANCED_FACE('',(#184),#102,.F.);
#1431=ADVANCED_FACE('',(#185),#103,.F.);
#1432=ADVANCED_FACE('',(#186),#35,.T.);
#1433=ADVANCED_FACE('',(#187),#36,.T.);
#1434=ADVANCED_FACE('',(#188),#104,.F.);
#1435=ADVANCED_FACE('',(#189),#105,.F.);
#1436=ADVANCED_FACE('',(#190),#37,.F.);
#1437=ADVANCED_FACE('',(#191),#38,.T.);
#1438=ADVANCED_FACE('',(#192),#106,.F.);
#1439=ADVANCED_FACE('',(#193),#107,.F.);
#1440=ADVANCED_FACE('',(#194),#108,.F.);
#1441=ADVANCED_FACE('',(#195),#1355,.F.);
#1442=ADVANCED_FACE('',(#196),#109,.F.);
#1443=ADVANCED_FACE('',(#197),#1356,.F.);
#1444=ADVANCED_FACE('',(#198),#110,.F.);
#1445=ADVANCED_FACE('',(#199),#111,.F.);
#1446=ADVANCED_FACE('',(#200),#1357,.T.);
#1447=CLOSED_SHELL('',(#1358,#1359,#1360,#1361,#1362,#1363,#1364,#1365,
#1366,#1367,#1368,#1369,#1370,#1371,#1372,#1373,#1374,#1375,#1376,#1377,
#1378,#1379,#1380,#1381,#1382,#1383,#1384,#1385,#1386,#1387,#1388,#1389,
#1390,#1391,#1392,#1393,#1394,#1395,#1396,#1397,#1398,#1399,#1400,#1401,
#1402,#1403,#1404,#1405,#1406,#1407,#1408,#1409,#1410,#1411,#1412,#1413,
#1414,#1415,#1416,#1417,#1418,#1419,#1420,#1421,#1422,#1423,#1424,#1425,
#1426,#1427,#1428,#1429,#1430,#1431,#1432,#1433,#1434,#1435,#1436,#1437,
#1438,#1439,#1440,#1441,#1442,#1443,#1444,#1445,#1446));
#1448=DERIVED_UNIT_ELEMENT(#1450,1.);
#1449=DERIVED_UNIT_ELEMENT(#2533,-3.);
#1450=(
MASS_UNIT()
NAMED_UNIT(*)
SI_UNIT(.KILO.,.GRAM.)
);
#1451=DERIVED_UNIT((#1448,#1449));
#1452=MEASURE_REPRESENTATION_ITEM('density measure',
POSITIVE_RATIO_MEASURE(7850.),#1451);
#1453=PROPERTY_DEFINITION_REPRESENTATION(#1458,#1455);
#1454=PROPERTY_DEFINITION_REPRESENTATION(#1459,#1456);
#1455=REPRESENTATION('material name',(#1457),#2530);
#1456=REPRESENTATION('density',(#1452),#2530);
#1457=DESCRIPTIVE_REPRESENTATION_ITEM('Steel','Steel');
#1458=PROPERTY_DEFINITION('material property','material name',#2540);
#1459=PROPERTY_DEFINITION('material property','density of part',#2540);
#1460=AXIS2_PLACEMENT_3D('',#2026,#1606,#1607);
#1461=AXIS2_PLACEMENT_3D('',#2027,#1608,#1609);
#1462=AXIS2_PLACEMENT_3D('',#2029,#1610,#1611);
#1463=AXIS2_PLACEMENT_3D('',#2032,#1613,#1614);
#1464=AXIS2_PLACEMENT_3D('',#2033,#1615,#1616);
#1465=AXIS2_PLACEMENT_3D('',#2035,#1617,#1618);
#1466=AXIS2_PLACEMENT_3D('',#2036,#1619,#1620);
#1467=AXIS2_PLACEMENT_3D('',#2038,#1621,#1622);
#1468=AXIS2_PLACEMENT_3D('',#2041,#1624,#1625);
#1469=AXIS2_PLACEMENT_3D('',#2042,#1626,#1627);
#1470=AXIS2_PLACEMENT_3D('',#2044,#1628,#1629);
#1471=AXIS2_PLACEMENT_3D('',#2045,#1630,#1631);
#1472=AXIS2_PLACEMENT_3D('',#2064,#1635,#1636);
#1473=AXIS2_PLACEMENT_3D('',#2066,#1637,#1638);
#1474=AXIS2_PLACEMENT_3D('',#2069,#1640,#1641);
#1475=AXIS2_PLACEMENT_3D('',#2105,#1642,#1643);
#1476=AXIS2_PLACEMENT_3D('',#2111,#1647,#1648);
#1477=AXIS2_PLACEMENT_3D('',#2120,#1651,#1652);
#1478=AXIS2_PLACEMENT_3D('',#2164,#1656,#1657);
#1479=AXIS2_PLACEMENT_3D('',#2171,#1660,#1661);
#1480=AXIS2_PLACEMENT_3D('',#2175,#1663,#1664);
#1481=AXIS2_PLACEMENT_3D('',#2181,#1667,#1668);
#1482=AXIS2_PLACEMENT_3D('',#2189,#1672,#1673);
#1483=AXIS2_PLACEMENT_3D('',#2192,#1675,#1676);
#1484=AXIS2_PLACEMENT_3D('',#2193,#1677,#1678);
#1485=AXIS2_PLACEMENT_3D('',#2196,#1680,#1681);
#1486=AXIS2_PLACEMENT_3D('',#2197,#1682,#1683);
#1487=AXIS2_PLACEMENT_3D('',#2200,#1685,#1686);
#1488=AXIS2_PLACEMENT_3D('',#2201,#1687,#1688);
#1489=AXIS2_PLACEMENT_3D('',#2202,#1689,#1690);
#1490=AXIS2_PLACEMENT_3D('',#2204,#1691,#1692);
#1491=AXIS2_PLACEMENT_3D('',#2207,#1694,#1695);
#1492=AXIS2_PLACEMENT_3D('',#2208,#1696,#1697);
#1493=AXIS2_PLACEMENT_3D('',#2210,#1698,#1699);
#1494=AXIS2_PLACEMENT_3D('',#2211,#1700,#1701);
#1495=AXIS2_PLACEMENT_3D('',#2214,#1703,#1704);
#1496=AXIS2_PLACEMENT_3D('',#2215,#1705,#1706);
#1497=AXIS2_PLACEMENT_3D('',#2218,#1708,#1709);
#1498=AXIS2_PLACEMENT_3D('',#2219,#1710,#1711);
#1499=AXIS2_PLACEMENT_3D('',#2220,#1712,#1713);
#1500=AXIS2_PLACEMENT_3D('',#2223,#1715,#1716);
#1501=AXIS2_PLACEMENT_3D('',#2224,#1717,#1718);
#1502=AXIS2_PLACEMENT_3D('',#2225,#1719,#1720);
#1503=AXIS2_PLACEMENT_3D('',#2231,#1724,#1725);
#1504=AXIS2_PLACEMENT_3D('',#2233,#1726,#1727);
#1505=AXIS2_PLACEMENT_3D('',#2235,#1728,#1729);
#1506=AXIS2_PLACEMENT_3D('',#2237,#1731,#1732);
#1507=AXIS2_PLACEMENT_3D('',#2246,#1737,#1738);
#1508=AXIS2_PLACEMENT_3D('',#2248,#1739,#1740);
#1509=AXIS2_PLACEMENT_3D('',#2251,#1742,#1743);
#1510=AXIS2_PLACEMENT_3D('',#2252,#1744,#1745);
#1511=AXIS2_PLACEMENT_3D('',#2261,#1750,#1751);
#1512=AXIS2_PLACEMENT_3D('',#2264,#1752,#1753);
#1513=AXIS2_PLACEMENT_3D('',#2268,#1755,#1756);
#1514=AXIS2_PLACEMENT_3D('',#2270,#1758,#1759);
#1515=AXIS2_PLACEMENT_3D('',#2276,#1763,#1764);
#1516=AXIS2_PLACEMENT_3D('',#2300,#1765,#1766);
#1517=AXIS2_PLACEMENT_3D('',#2302,#1768,#1769);
#1518=AXIS2_PLACEMENT_3D('',#2307,#1773,#1774);
#1519=AXIS2_PLACEMENT_3D('',#2309,#1776,#1777);
#1520=AXIS2_PLACEMENT_3D('',#2317,#1782,#1783);
#1521=AXIS2_PLACEMENT_3D('',#2319,#1784,#1785);
#1522=AXIS2_PLACEMENT_3D('',#2321,#1786,#1787);
#1523=AXIS2_PLACEMENT_3D('',#2323,#1789,#1790);
#1524=AXIS2_PLACEMENT_3D('',#2329,#1794,#1795);
#1525=AXIS2_PLACEMENT_3D('',#2330,#1796,#1797);
#1526=AXIS2_PLACEMENT_3D('',#2331,#1798,#1799);
#1527=AXIS2_PLACEMENT_3D('',#2332,#1800,#1801);
#1528=AXIS2_PLACEMENT_3D('',#2334,#1802,#1803);
#1529=AXIS2_PLACEMENT_3D('',#2337,#1805,#1806);
#1530=AXIS2_PLACEMENT_3D('',#2338,#1807,#1808);
#1531=AXIS2_PLACEMENT_3D('',#2344,#1812,#1813);
#1532=AXIS2_PLACEMENT_3D('',#2345,#1814,#1815);
#1533=AXIS2_PLACEMENT_3D('',#2346,#1816,#1817);
#1534=AXIS2_PLACEMENT_3D('',#2347,#1818,#1819);
#1535=AXIS2_PLACEMENT_3D('',#2353,#1822,#1823);
#1536=AXIS2_PLACEMENT_3D('',#2357,#1825,#1826);
#1537=AXIS2_PLACEMENT_3D('',#2361,#1828,#1829);
#1538=AXIS2_PLACEMENT_3D('',#2365,#1831,#1832);
#1539=AXIS2_PLACEMENT_3D('',#2368,#1834,#1835);
#1540=AXIS2_PLACEMENT_3D('',#2369,#1836,#1837);
#1541=AXIS2_PLACEMENT_3D('',#2374,#1841,#1842);
#1542=AXIS2_PLACEMENT_3D('',#2376,#1843,#1844);
#1543=AXIS2_PLACEMENT_3D('',#2378,#1846,#1847);
#1544=AXIS2_PLACEMENT_3D('',#2380,#1849,#1850);
#1545=AXIS2_PLACEMENT_3D('',#2384,#1853,#1854);
#1546=AXIS2_PLACEMENT_3D('',#2386,#1856,#1857);
#1547=AXIS2_PLACEMENT_3D('',#2387,#1858,#1859);
#1548=AXIS2_PLACEMENT_3D('',#2388,#1860,#1861);
#1549=AXIS2_PLACEMENT_3D('',#2390,#1863,#1864);
#1550=AXIS2_PLACEMENT_3D('',#2392,#1866,#1867);
#1551=AXIS2_PLACEMENT_3D('',#2394,#1869,#1870);
#1552=AXIS2_PLACEMENT_3D('',#2396,#1872,#1873);
#1553=AXIS2_PLACEMENT_3D('',#2398,#1875,#1876);
#1554=AXIS2_PLACEMENT_3D('',#2400,#1878,#1879);
#1555=AXIS2_PLACEMENT_3D('',#2402,#1881,#1882);
#1556=AXIS2_PLACEMENT_3D('',#2404,#1884,#1885);
#1557=AXIS2_PLACEMENT_3D('',#2406,#1887,#1888);
#1558=AXIS2_PLACEMENT_3D('',#2407,#1889,#1890);
#1559=AXIS2_PLACEMENT_3D('',#2410,#1891,#1892);
#1560=AXIS2_PLACEMENT_3D('',#2413,#1895,#1896);
#1561=AXIS2_PLACEMENT_3D('',#2420,#1900,#1901);
#1562=AXIS2_PLACEMENT_3D('',#2422,#1902,#1903);
#1563=AXIS2_PLACEMENT_3D('',#2424,#1904,#1905);
#1564=AXIS2_PLACEMENT_3D('',#2425,#1906,#1907);
#1565=AXIS2_PLACEMENT_3D('',#2427,#1909,#1910);
#1566=AXIS2_PLACEMENT_3D('',#2431,#1913,#1914);
#1567=AXIS2_PLACEMENT_3D('',#2434,#1916,#1917);
#1568=AXIS2_PLACEMENT_3D('',#2435,#1918,#1919);
#1569=AXIS2_PLACEMENT_3D('',#2439,#1922,#1923);
#1570=AXIS2_PLACEMENT_3D('',#2442,#1924,#1925);
#1571=AXIS2_PLACEMENT_3D('',#2447,#1929,#1930);
#1572=AXIS2_PLACEMENT_3D('',#2452,#1931,#1932);
#1573=AXIS2_PLACEMENT_3D('',#2453,#1933,#1934);
#1574=AXIS2_PLACEMENT_3D('',#2461,#1938,#1939);
#1575=AXIS2_PLACEMENT_3D('',#2465,#1941,#1942);
#1576=AXIS2_PLACEMENT_3D('',#2469,#1944,#1945);
#1577=AXIS2_PLACEMENT_3D('',#2473,#1947,#1948);
#1578=AXIS2_PLACEMENT_3D('',#2476,#1950,#1951);
#1579=AXIS2_PLACEMENT_3D('',#2477,#1952,#1953);
#1580=AXIS2_PLACEMENT_3D('',#2479,#1954,#1955);
#1581=AXIS2_PLACEMENT_3D('',#2481,#1957,#1958);
#1582=AXIS2_PLACEMENT_3D('',#2483,#1960,#1961);
#1583=AXIS2_PLACEMENT_3D('',#2485,#1962,#1963);
#1584=AXIS2_PLACEMENT_3D('',#2488,#1966,#1967);
#1585=AXIS2_PLACEMENT_3D('',#2490,#1969,#1970);
#1586=AXIS2_PLACEMENT_3D('',#2492,#1972,#1973);
#1587=AXIS2_PLACEMENT_3D('',#2494,#1975,#1976);
#1588=AXIS2_PLACEMENT_3D('',#2496,#1978,#1979);
#1589=AXIS2_PLACEMENT_3D('',#2498,#1981,#1982);
#1590=AXIS2_PLACEMENT_3D('',#2500,#1984,#1985);
#1591=AXIS2_PLACEMENT_3D('',#2502,#1987,#1988);
#1592=AXIS2_PLACEMENT_3D('',#2504,#1990,#1991);
#1593=AXIS2_PLACEMENT_3D('',#2506,#1993,#1994);
#1594=AXIS2_PLACEMENT_3D('',#2508,#1996,#1997);
#1595=AXIS2_PLACEMENT_3D('',#2510,#1999,#2000);
#1596=AXIS2_PLACEMENT_3D('',#2511,#2001,#2002);
#1597=AXIS2_PLACEMENT_3D('',#2513,#2004,#2005);
#1598=AXIS2_PLACEMENT_3D('',#2515,#2006,#2007);
#1599=AXIS2_PLACEMENT_3D('',#2516,#2008,#2009);
#1600=AXIS2_PLACEMENT_3D('',#2518,#2011,#2012);
#1601=AXIS2_PLACEMENT_3D('',#2520,#2013,#2014);
#1602=AXIS2_PLACEMENT_3D('',#2521,#2015,#2016);
#1603=AXIS2_PLACEMENT_3D('',#2523,#2018,#2019);
#1604=AXIS2_PLACEMENT_3D('',#2525,#2021,#2022);
#1605=AXIS2_PLACEMENT_3D('',#2527,#2024,#2025);
#1606=DIRECTION('axis',(0.,0.,1.));
#1607=DIRECTION('refdir',(1.,0.,0.));
#1608=DIRECTION('center_axis',(0.,0.,1.));
#1609=DIRECTION('ref_axis',(1.,0.,0.));
#1610=DIRECTION('center_axis',(1.52872593794196E-12,-9.75276778283853E-13,
1.));
#1611=DIRECTION('ref_axis',(1.,0.,0.));
#1612=DIRECTION('',(0.,0.,-1.));
#1613=DIRECTION('center_axis',(1.52872593794196E-12,-9.75276778283853E-13,
1.));
#1614=DIRECTION('ref_axis',(1.,0.,0.));
#1615=DIRECTION('center_axis',(-1.52872593794196E-12,9.75276778283853E-13,
-1.));
#1616=DIRECTION('ref_axis',(-1.,0.,1.52872593794196E-12));
#1617=DIRECTION('center_axis',(-1.52872593794196E-12,9.75276778283853E-13,
-1.));
#1618=DIRECTION('ref_axis',(1.,0.,0.));
#1619=DIRECTION('center_axis',(0.,0.,1.));
#1620=DIRECTION('ref_axis',(1.,0.,0.));
#1621=DIRECTION('center_axis',(1.52872593794196E-12,-9.75276778283853E-13,
1.));
#1622=DIRECTION('ref_axis',(1.,0.,0.));
#1623=DIRECTION('',(0.,0.,-1.));
#1624=DIRECTION('center_axis',(1.52872593794196E-12,-9.75276778283853E-13,
1.));
#1625=DIRECTION('ref_axis',(1.,0.,0.));
#1626=DIRECTION('center_axis',(-1.52872593794196E-12,9.75276778283853E-13,
-1.));
#1627=DIRECTION('ref_axis',(-1.,0.,1.52872593794196E-12));
#1628=DIRECTION('center_axis',(-1.52872593794196E-12,9.75276778283853E-13,
-1.));
#1629=DIRECTION('ref_axis',(1.,0.,0.));
#1630=DIRECTION('center_axis',(-1.08725234407634E-12,-0.707106781185861,
-0.707106781187234));
#1631=DIRECTION('ref_axis',(-1.,0.,1.53760701071321E-12));
#1632=DIRECTION('',(-1.,8.88107277125993E-15,1.52872593794197E-12));
#1633=DIRECTION('',(1.,-8.88107277125993E-15,-1.52872593794197E-12));
#1634=DIRECTION('',(-1.06766287191212E-12,0.707106781187229,-0.707106781185866));
#1635=DIRECTION('center_axis',(-1.53210777501676E-12,9.76996262329531E-13,
-1.));
#1636=DIRECTION('ref_axis',(-0.707106781186544,0.707106781186551,1.08146634289937E-11));
#1637=DIRECTION('center_axis',(-1.52872593794196E-12,9.75276778283853E-13,
-1.));
#1638=DIRECTION('ref_axis',(-0.707106781186544,0.707106781186551,1.44322898802214E-11));
#1639=DIRECTION('',(-0.70710678143072,6.8560704051893E-13,-0.707106780942375));
#1640=DIRECTION('center_axis',(1.52872593794196E-12,-9.75276778283853E-13,
1.));
#1641=DIRECTION('ref_axis',(-0.707106781186544,0.707106781186551,1.7705973007528E-12));
#1642=DIRECTION('center_axis',(0.707106781185467,6.92148105804195E-13,-0.707106781187628));
#1643=DIRECTION('ref_axis',(-0.707106781187628,0.,-0.707106781185467));
#1644=DIRECTION('',(-3.56846011379652E-15,1.,9.75276778283858E-13));
#1645=DIRECTION('',(-0.678598344550122,-0.281084637709237,-0.678598344543884));
#1646=DIRECTION('',(3.56846011379652E-15,-1.,-9.75276778283858E-13));
#1647=DIRECTION('center_axis',(-0.707106781188222,0.,-0.707106781184873));
#1648=DIRECTION('ref_axis',(-0.707106781184873,0.,0.707106781188222));
#1649=DIRECTION('',(1.49093090763499E-24,1.,9.75276778283853E-13));
#1650=DIRECTION('',(0.,-1.,0.));
#1651=DIRECTION('center_axis',(0.499999999998915,0.500000000000685,-0.707106781186831));
#1652=DIRECTION('ref_axis',(-0.816496580928426,0.,-0.577350269188636));
#1653=DIRECTION('',(-0.707106781186548,0.707106781186548,1.7705973007528E-12));
#1654=DIRECTION('',(0.281084637731005,0.678598344542054,0.678598344542936));
#1655=DIRECTION('',(0.707106781186547,-0.707106781186547,-1.7705973007528E-12));
#1656=DIRECTION('center_axis',(-1.08097247729347E-12,0.707106781187237,
-0.707106781185858));
#1657=DIRECTION('ref_axis',(-1.,0.,1.52872593794196E-12));
#1658=DIRECTION('',(1.,0.,-1.52872593794196E-12));
#1659=DIRECTION('',(-1.,0.,1.52872593794196E-12));
#1660=DIRECTION('center_axis',(0.,-1.,0.));
#1661=DIRECTION('ref_axis',(1.,0.,0.));
#1662=DIRECTION('',(-2.61551242424613E-11,0.,-1.));
#1663=DIRECTION('center_axis',(0.,1.,0.));
#1664=DIRECTION('ref_axis',(0.7071067811773,0.,-0.707106781195795));
#1665=DIRECTION('',(-1.,0.,-1.2779545607196E-15));
#1666=DIRECTION('',(3.34260695586075E-15,0.,-1.));
#1667=DIRECTION('center_axis',(0.,-1.,0.));
#1668=DIRECTION('ref_axis',(-1.,0.,0.));
#1669=DIRECTION('',(1.,0.,-4.58937177352648E-14));
#1670=DIRECTION('',(3.4347541902768E-11,0.,1.));
#1671=DIRECTION('',(-1.,0.,-1.33226762955019E-14));
#1672=DIRECTION('center_axis',(0.,1.,0.));
#1673=DIRECTION('ref_axis',(-1.,0.,-7.4014868308344E-16));
#1674=DIRECTION('',(-5.43228391253899E-16,0.,1.));
#1675=DIRECTION('center_axis',(0.,1.,0.));
#1676=DIRECTION('ref_axis',(-7.40148683083439E-16,0.,1.));
#1677=DIRECTION('center_axis',(0.,-1.,0.));
#1678=DIRECTION('ref_axis',(-7.40148683083439E-16,0.,1.));
#1679=DIRECTION('',(-0.707106781186547,-0.707106781186547,-7.85046229341887E-16));
#1680=DIRECTION('center_axis',(0.,-1.,0.));
#1681=DIRECTION('ref_axis',(-7.40148683083439E-16,0.,1.));
#1682=DIRECTION('center_axis',(0.,1.,0.));
#1683=DIRECTION('ref_axis',(-7.40148683083439E-16,0.,1.));
#1684=DIRECTION('',(0.,1.,0.));
#1685=DIRECTION('center_axis',(8.88107276249056E-15,1.,-5.73639260190939E-12));
#1686=DIRECTION('ref_axis',(-7.40148683083439E-16,0.,1.));
#1687=DIRECTION('center_axis',(-1.52872593794196E-12,9.75276778283853E-13,
-1.));
#1688=DIRECTION('ref_axis',(-1.,0.,1.52872593794196E-12));
#1689=DIRECTION('center_axis',(-4.09928501400058E-14,0.,-1.));
#1690=DIRECTION('ref_axis',(-1.,0.,4.09928501400058E-14));
#1691=DIRECTION('center_axis',(4.22942104619107E-14,0.,1.));
#1692=DIRECTION('ref_axis',(-1.,0.,4.22942104619107E-14));
#1693=DIRECTION('',(-4.09928501400058E-14,0.,-1.));
#1694=DIRECTION('center_axis',(-4.22942104619107E-14,0.,-1.));
#1695=DIRECTION('ref_axis',(-1.,0.,4.22942104619107E-14));
#1696=DIRECTION('center_axis',(4.22942104619107E-14,0.,1.));
#1697=DIRECTION('ref_axis',(-1.,0.,4.22942104619107E-14));
#1698=DIRECTION('center_axis',(4.22942104619107E-14,0.,1.));
#1699=DIRECTION('ref_axis',(-1.,0.,4.20404451991393E-14));
#1700=DIRECTION('center_axis',(-4.20404451991393E-14,0.,-1.));
#1701=DIRECTION('ref_axis',(-1.,0.,4.20404451991393E-14));
#1702=DIRECTION('',(4.20404451991393E-14,0.,1.));
#1703=DIRECTION('center_axis',(-1.33226762955019E-14,0.,1.));
#1704=DIRECTION('ref_axis',(-1.,0.,4.20404451991393E-14));
#1705=DIRECTION('center_axis',(0.,0.,1.));
#1706=DIRECTION('ref_axis',(1.,0.,0.));
#1707=DIRECTION('',(0.,0.,-1.));
#1708=DIRECTION('center_axis',(-4.24153973113718E-17,0.,1.));
#1709=DIRECTION('ref_axis',(1.,0.,4.24153973113718E-17));
#1710=DIRECTION('center_axis',(4.24153973113718E-17,0.,-1.));
#1711=DIRECTION('ref_axis',(1.,0.,4.24153973113718E-17));
#1712=DIRECTION('center_axis',(0.,0.,1.));
#1713=DIRECTION('ref_axis',(1.,0.,0.));
#1714=DIRECTION('',(0.,0.,-1.));
#1715=DIRECTION('center_axis',(-4.24153973113718E-17,0.,1.));
#1716=DIRECTION('ref_axis',(1.,0.,4.24153973113718E-17));
#1717=DIRECTION('center_axis',(4.24153973113718E-17,0.,-1.));
#1718=DIRECTION('ref_axis',(1.,0.,4.24153973113718E-17));
#1719=DIRECTION('center_axis',(-1.,0.,-5.43228391253899E-16));
#1720=DIRECTION('ref_axis',(5.43228391253899E-16,0.,-1.));
#1721=DIRECTION('',(-5.43228391253899E-16,5.73639260190939E-12,1.));
#1722=DIRECTION('',(5.43228391253899E-16,0.,-1.));
#1723=DIRECTION('',(0.,1.,0.));
#1724=DIRECTION('center_axis',(0.,1.,0.));
#1725=DIRECTION('ref_axis',(-1.,0.,-7.4014868308344E-16));
#1726=DIRECTION('center_axis',(8.88107276249056E-15,1.,-5.73639260190939E-12));
#1727=DIRECTION('ref_axis',(-1.,0.,-7.4014868308344E-16));
#1728=DIRECTION('center_axis',(0.,-1.,0.));
#1729=DIRECTION('ref_axis',(-1.,0.,-7.4014868308344E-16));
#1730=DIRECTION('',(0.,-1.,0.));
#1731=DIRECTION('center_axis',(3.25807894384967E-23,1.,-5.73639260190915E-12));
#1732=DIRECTION('ref_axis',(1.,0.,5.67966520067913E-12));
#1733=DIRECTION('',(1.,-3.28440538213873E-23,-4.58937177352648E-14));
#1734=DIRECTION('',(-2.61551242424612E-11,-5.73639260190915E-12,-1.));
#1735=DIRECTION('',(-1.,3.25043653367575E-23,-1.33226762955019E-14));
#1736=DIRECTION('',(-2.61551242424612E-11,-5.73639260190915E-12,-1.));
#1737=DIRECTION('center_axis',(2.61551242424612E-11,5.73639260190915E-12,
1.));
#1738=DIRECTION('ref_axis',(1.,-1.93082265152185E-15,-2.61551242424612E-11));
#1739=DIRECTION('center_axis',(4.58937177352648E-14,0.,1.));
#1740=DIRECTION('ref_axis',(1.,-1.93082265152185E-15,-2.61551242424612E-11));
#1741=DIRECTION('',(-2.61551242424612E-11,-5.73639260190915E-12,-1.));
#1742=DIRECTION('center_axis',(1.33226762955019E-14,0.,-1.));
#1743=DIRECTION('ref_axis',(1.,-1.93082265152185E-15,-2.61551242424612E-11));
#1744=DIRECTION('center_axis',(0.573576436351047,-0.819152044288991,-1.03029852286117E-11));
#1745=DIRECTION('ref_axis',(-0.819152044288991,-0.573576436351047,-1.21583780320959E-11));
#1746=DIRECTION('',(-0.819152044288991,-0.573576436351047,3.75939327028641E-14));
#1747=DIRECTION('',(2.61551242424612E-11,5.73639260190915E-12,1.));
#1748=DIRECTION('',(0.819152044288991,0.573576436351047,1.09132975228608E-14));
#1749=DIRECTION('',(-2.61551242424612E-11,-5.73639260190915E-12,-1.));
#1750=DIRECTION('center_axis',(-3.568460139305E-15,1.,-4.56032990977094E-30));
#1751=DIRECTION('ref_axis',(0.7071067811773,2.61682076443873E-15,-0.707106781195795));
#1752=DIRECTION('center_axis',(0.,-1.,0.));
#1753=DIRECTION('ref_axis',(0.7071067811773,2.61682076443873E-15,-0.707106781195795));
#1754=DIRECTION('',(3.568460139305E-15,-1.,4.56032990977094E-30));
#1755=DIRECTION('center_axis',(0.,1.,0.));
#1756=DIRECTION('ref_axis',(0.7071067811773,2.61682076443873E-15,-0.707106781195795));
#1757=DIRECTION('',(-3.568460139305E-15,1.,-4.56032990977094E-30));
#1758=DIRECTION('center_axis',(1.2779545607196E-15,0.,-1.));
#1759=DIRECTION('ref_axis',(1.,0.,1.2779545607196E-15));
#1760=DIRECTION('',(1.,0.,1.2779545607196E-15));
#1761=DIRECTION('',(-1.,0.,-1.2779545607196E-15));
#1762=DIRECTION('',(0.,-1.,0.));
#1763=DIRECTION('center_axis',(0.,1.,0.));
#1764=DIRECTION('ref_axis',(0.7071067811773,9.2358379921367E-16,-0.707106781195796));
#1765=DIRECTION('center_axis',(0.,-1.,0.));
#1766=DIRECTION('ref_axis',(0.7071067811773,0.,-0.707106781195795));
#1767=DIRECTION('',(-1.57009245868377E-15,-0.707106781186547,0.707106781186547));
#1768=DIRECTION('center_axis',(9.03650335933106E-16,0.707106781186548,-0.707106781186548));
#1769=DIRECTION('ref_axis',(-1.,0.,-1.2779545607196E-15));
#1770=DIRECTION('',(0.577350269189627,-0.577350269189625,-0.577350269189625));
#1771=DIRECTION('',(0.,0.707106781186544,0.707106781186551));
#1772=DIRECTION('',(-0.577350269189623,-0.577350269189626,-0.577350269189628));
#1773=DIRECTION('center_axis',(0.,-1.,0.));
#1774=DIRECTION('ref_axis',(0.7071067811773,9.2358379921367E-16,-0.707106781195796));
#1775=DIRECTION('',(-0.707106781186547,0.707106781186547,1.84956891496752E-11));
#1776=DIRECTION('center_axis',(0.707106781186549,0.,-0.707106781186546));
#1777=DIRECTION('ref_axis',(-0.707106781186546,0.,-0.707106781186549));
#1778=DIRECTION('',(0.577350269189624,-0.577350269189626,0.577350269189627));
#1779=DIRECTION('',(-0.577350269189623,0.577350269189627,-0.577350269189627));
#1780=DIRECTION('',(-0.577350269189624,-0.577350269189626,-0.577350269189627));
#1781=DIRECTION('',(0.,1.,0.));
#1782=DIRECTION('center_axis',(2.61551242424612E-11,5.73639260190915E-12,
1.));
#1783=DIRECTION('ref_axis',(-0.300705799504273,-0.953716950748227,1.33359430805204E-11));
#1784=DIRECTION('center_axis',(4.58937177352648E-14,0.,1.));
#1785=DIRECTION('ref_axis',(-0.300705799504273,-0.953716950748227,1.33359430805204E-11));
#1786=DIRECTION('center_axis',(1.33226762955019E-14,0.,-1.));
#1787=DIRECTION('ref_axis',(-0.300705799504273,-0.953716950748227,1.33359430805204E-11));
#1788=DIRECTION('',(2.61551242424612E-11,5.73639260190915E-12,1.));
#1789=DIRECTION('center_axis',(-1.38777866622462E-15,-1.,5.73639260190919E-12));
#1790=DIRECTION('ref_axis',(-1.,1.38777878078156E-15,1.997020499536E-11));
#1791=DIRECTION('',(-1.,1.38777866648789E-15,4.58937177352648E-14));
#1792=DIRECTION('',(2.61551242424612E-11,5.73639260190915E-12,1.));
#1793=DIRECTION('',(1.,-1.3877786661482E-15,1.33226762955019E-14));
#1794=DIRECTION('center_axis',(2.61551242424612E-11,5.73639260190915E-12,
1.));
#1795=DIRECTION('ref_axis',(-0.300705799504273,0.953716950748227,2.39397406992756E-12));
#1796=DIRECTION('center_axis',(4.58937177352648E-14,0.,1.));
#1797=DIRECTION('ref_axis',(-0.300705799504273,0.953716950748227,2.39397406992756E-12));
#1798=DIRECTION('center_axis',(1.33226762955019E-14,0.,-1.));
#1799=DIRECTION('ref_axis',(-0.300705799504273,0.953716950748227,2.39397406992756E-12));
#1800=DIRECTION('center_axis',(2.61551242424612E-11,5.73639260190915E-12,
1.));
#1801=DIRECTION('ref_axis',(0.300705799504269,-0.953716950748228,-2.3933920193392E-12));
#1802=DIRECTION('center_axis',(-4.58937177352648E-14,0.,-1.));
#1803=DIRECTION('ref_axis',(0.300705799504269,-0.953716950748228,-2.3933920193392E-12));
#1804=DIRECTION('',(-2.61551242424612E-11,-5.73639260190915E-12,-1.));
#1805=DIRECTION('center_axis',(-1.33226762955019E-14,0.,1.));
#1806=DIRECTION('ref_axis',(0.300705799504269,-0.953716950748228,-2.3933920193392E-12));
#1807=DIRECTION('center_axis',(0.573576436351046,0.819152044288992,-1.97009406820079E-11));
#1808=DIRECTION('ref_axis',(0.819152044288992,-0.573576436351046,-2.41279421571522E-12));
#1809=DIRECTION('',(0.819152044288992,-0.573576436351046,-3.75939327028642E-14));
#1810=DIRECTION('',(-0.819152044288992,0.573576436351046,-1.09132975228609E-14));
#1811=DIRECTION('',(-3.4347541902768E-11,-2.64682300691029E-27,-1.));
#1812=DIRECTION('center_axis',(3.4347541902768E-11,0.,1.));
#1813=DIRECTION('ref_axis',(0.300705799504273,0.953716950748227,-1.03279056398723E-11));
#1814=DIRECTION('center_axis',(-4.58937177352648E-14,0.,-1.));
#1815=DIRECTION('ref_axis',(0.300705799504273,0.953716950748227,-1.03279056398723E-11));
#1816=DIRECTION('center_axis',(-1.33226762955019E-14,0.,1.));
#1817=DIRECTION('ref_axis',(0.300705799504273,0.953716950748227,-1.03279056398723E-11));
#1818=DIRECTION('center_axis',(1.33226762955019E-14,0.,-1.));
#1819=DIRECTION('ref_axis',(1.,0.,1.33226762955019E-14));
#1820=DIRECTION('',(-1.,8.88107276241413E-15,-1.33226762955019E-14));
#1821=DIRECTION('',(1.,0.,1.33226762955019E-14));
#1822=DIRECTION('center_axis',(1.33226762955019E-14,0.,-1.));
#1823=DIRECTION('ref_axis',(0.300705799504273,0.953716950748227,4.0062060269758E-15));
#1824=DIRECTION('',(0.819152044288992,-0.573576436351046,1.09132975228609E-14));
#1825=DIRECTION('center_axis',(-1.33226762955019E-14,0.,1.));
#1826=DIRECTION('ref_axis',(-0.300705799504273,-0.953716950748227,-4.00620602697441E-15));
#1827=DIRECTION('',(1.,-3.25043653367575E-23,1.33226762955019E-14));
#1828=DIRECTION('center_axis',(-1.33226762955019E-14,0.,1.));
#1829=DIRECTION('ref_axis',(1.,-1.93082265152185E-15,1.33226762955025E-14));
#1830=DIRECTION('',(-1.,1.3877786661482E-15,-1.33226762955019E-14));
#1831=DIRECTION('center_axis',(-1.33226762955019E-14,0.,1.));
#1832=DIRECTION('ref_axis',(-0.300705799504273,0.953716950748227,-4.00620602697565E-15));
#1833=DIRECTION('',(-0.819152044288991,-0.573576436351047,-1.09132975228608E-14));
#1834=DIRECTION('center_axis',(1.33226762955019E-14,0.,-1.));
#1835=DIRECTION('ref_axis',(0.300705799504269,-0.953716950748228,4.00620602697529E-15));
#1836=DIRECTION('center_axis',(3.14068797758852E-15,-0.707106781186545,
-0.70710678118655));
#1837=DIRECTION('ref_axis',(-1.,0.,-4.4416035330878E-15));
#1838=DIRECTION('',(-1.57009245881534E-14,-0.707106781196108,0.707106781176987));
#1839=DIRECTION('',(1.57009245857471E-14,0.707106781139129,-0.707106781233966));
#1840=DIRECTION('',(1.,-8.88107276241413E-15,1.33226762955019E-14));
#1841=DIRECTION('center_axis',(8.88178419757445E-15,1.,-5.7376325916331E-12));
#1842=DIRECTION('ref_axis',(-1.,4.78211610284475E-15,-7.40148683110872E-16));
#1843=DIRECTION('center_axis',(-8.88107276249056E-15,-1.,5.73639260190939E-12));
#1844=DIRECTION('ref_axis',(-1.,8.88107276248631E-15,-7.40148683134385E-16));
#1845=DIRECTION('',(0.707106781186548,-0.707106781186547,4.05397872832142E-12));
#1846=DIRECTION('center_axis',(-1.3322676293683E-14,0.,1.));
#1847=DIRECTION('ref_axis',(0.300705799504269,-0.953716950748228,-1.06150411635771E-12));
#1848=DIRECTION('',(-0.405579787672629,0.57922796533957,-0.707106781186553));
#1849=DIRECTION('center_axis',(-0.707106781186547,-0.707106781186548,4.05585798787929E-12));
#1850=DIRECTION('ref_axis',(5.73584937351814E-12,0.,1.));
#1851=DIRECTION('',(5.43228391253899E-16,-5.73639260190939E-12,-1.));
#1852=DIRECTION('',(0.707106781109474,-0.707106781263621,4.05711891228932E-12));
#1853=DIRECTION('center_axis',(0.405579787672649,-0.579227965339569,-0.707106781186542));
#1854=DIRECTION('ref_axis',(-0.86743942155254,0.,-0.497542812164535));
#1855=DIRECTION('',(-0.405579787608716,0.579227965248289,-0.707106781297985));
#1856=DIRECTION('center_axis',(8.88178419395449E-15,1.,-5.73652236627035E-12));
#1857=DIRECTION('ref_axis',(-7.40148683056007E-16,3.08882678566899E-12,
1.));
#1858=DIRECTION('center_axis',(-8.88107276249056E-15,-1.,5.73639260190939E-12));
#1859=DIRECTION('ref_axis',(-7.40148683032494E-16,5.73639260190939E-12,
1.));
#1860=DIRECTION('center_axis',(1.33226762912709E-14,0.,-1.));
#1861=DIRECTION('ref_axis',(-0.300705799504273,0.953716950748227,1.27491660781565E-12));
#1862=DIRECTION('',(9.42055475215668E-15,0.707106781186548,-0.707106781186547));
#1863=DIRECTION('center_axis',(8.43924704648324E-15,-0.707106781186548,
-0.707106781186548));
#1864=DIRECTION('ref_axis',(-1.,0.,-1.19348976293537E-14));
#1865=DIRECTION('',(1.88411095008373E-14,0.707106781041637,-0.707106781331458));
#1866=DIRECTION('center_axis',(1.77635683871867E-14,0.,-1.));
#1867=DIRECTION('ref_axis',(1.,-1.93082265152185E-15,-1.36656382130383E-11));
#1868=DIRECTION('',(6.28036983469906E-15,-0.707106781186548,-0.707106781186548));
#1869=DIRECTION('center_axis',(9.42055477508671E-15,0.707106781186548,-0.707106781186548));
#1870=DIRECTION('ref_axis',(-1.,0.,-1.33226763280062E-14));
#1871=DIRECTION('',(9.42055475062996E-15,-0.707106781085448,-0.707106781287647));
#1872=DIRECTION('center_axis',(1.33226762915144E-14,0.,-1.));
#1873=DIRECTION('ref_axis',(-0.300705799504273,-0.953716950748227,7.11063341347127E-12));
#1874=DIRECTION('',(-0.40557978767263,-0.579227965339567,-0.707106781186554));
#1875=DIRECTION('center_axis',(0.405579787672649,0.579227965339571,-0.70710678118654));
#1876=DIRECTION('ref_axis',(-0.86743942155254,0.,-0.497542812164537));
#1877=DIRECTION('',(-0.405579787644474,-0.579227965299358,-0.707106781235642));
#1878=DIRECTION('center_axis',(-1.33226762935144E-14,0.,1.));
#1879=DIRECTION('ref_axis',(0.300705799504273,0.953716950748227,-4.58795461436741E-12));
#1880=DIRECTION('',(9.4205547548424E-15,-0.707106781186549,-0.707106781186546));
#1881=DIRECTION('center_axis',(9.42055475210265E-15,0.707106781186548,-0.707106781186548));
#1882=DIRECTION('ref_axis',(-1.,0.,-1.33226762955019E-14));
#1883=DIRECTION('',(9.42055475210264E-15,-0.707106781186547,-0.707106781186547));
#1884=DIRECTION('center_axis',(0.,-1.,0.));
#1885=DIRECTION('ref_axis',(-1.,0.,-7.4014868308344E-16));
#1886=DIRECTION('',(-0.707106781186547,-0.707106781186547,0.));
#1887=DIRECTION('center_axis',(-0.707106781186548,0.707106781186548,-3.84120479188691E-16));
#1888=DIRECTION('ref_axis',(-5.43228391253899E-16,0.,1.));
#1889=DIRECTION('center_axis',(-2.61551242424613E-11,0.,-1.));
#1890=DIRECTION('ref_axis',(0.707106781186548,-0.707106781186547,-1.84956891632949E-11));
#1891=DIRECTION('center_axis',(-4.58937177352648E-14,0.,-1.));
#1892=DIRECTION('ref_axis',(0.707106781186548,-0.707106781186547,-1.84956891632949E-11));
#1893=DIRECTION('',(-2.61551242424613E-11,0.,-1.));
#1894=DIRECTION('',(2.61551242424613E-11,0.,1.));
#1895=DIRECTION('center_axis',(0.,-1.,0.));
#1896=DIRECTION('ref_axis',(1.,0.,0.));
#1897=DIRECTION('',(-3.34260695586075E-15,0.,1.));
#1898=DIRECTION('',(1.,0.,1.2779545607196E-15));
#1899=DIRECTION('',(-1.,0.,4.58937177352648E-14));
#1900=DIRECTION('center_axis',(0.,1.,0.));
#1901=DIRECTION('ref_axis',(-1.,0.,0.));
#1902=DIRECTION('center_axis',(0.,1.,0.));
#1903=DIRECTION('ref_axis',(1.,0.,0.));
#1904=DIRECTION('center_axis',(0.,1.,0.));
#1905=DIRECTION('ref_axis',(1.,0.,0.));
#1906=DIRECTION('center_axis',(9.03650335933106E-16,-0.707106781186548,
-0.707106781186548));
#1907=DIRECTION('ref_axis',(-1.,0.,-1.2779545607196E-15));
#1908=DIRECTION('',(-0.577350269189627,-0.577350269189625,0.577350269189625));
#1909=DIRECTION('center_axis',(0.707106781186548,-0.707106781186548,2.36358004533046E-15));
#1910=DIRECTION('ref_axis',(3.34260695586075E-15,0.,-1.));
#1911=DIRECTION('',(-0.707106781186549,-0.707106781186546,0.));
#1912=DIRECTION('',(3.34260695586075E-15,0.,-1.));
#1913=DIRECTION('center_axis',(0.,-1.,0.));
#1914=DIRECTION('ref_axis',(-1.,0.,0.));
#1915=DIRECTION('',(-3.06168029443336E-14,-0.707106781186547,-0.707106781186547));
#1916=DIRECTION('center_axis',(0.,-1.,0.));
#1917=DIRECTION('ref_axis',(-1.,0.,0.));
#1918=DIRECTION('center_axis',(3.24517590244671E-14,-0.707106781186548,
0.707106781186548));
#1919=DIRECTION('ref_axis',(1.,0.,-4.58937177352648E-14));
#1920=DIRECTION('',(-3.21868953635348E-14,-0.707106780880014,-0.707106781493081));
#1921=DIRECTION('',(1.,0.,-4.58937177352648E-14));
#1922=DIRECTION('center_axis',(0.707106781205041,2.52328236296234E-15,0.707106781168054));
#1923=DIRECTION('ref_axis',(0.707106781168054,0.,-0.707106781205041));
#1924=DIRECTION('center_axis',(-0.707106781205041,-2.52328236296234E-15,
-0.707106781168054));
#1925=DIRECTION('ref_axis',(-0.707106781168054,8.10992007221638E-12,0.707106781205041));
#1926=DIRECTION('',(0.577350269167293,-0.577350269204093,-0.577350269197491));
#1927=DIRECTION('',(0.707106781168054,3.14018491744952E-15,-0.707106781205041));
#1928=DIRECTION('',(3.568460139305E-15,-1.,-1.63769902382808E-28));
#1929=DIRECTION('center_axis',(-4.55191439340619E-14,0.,-1.));
#1930=DIRECTION('ref_axis',(0.707106781186548,-0.707106781186547,-6.18686422548747E-12));
#1931=DIRECTION('center_axis',(4.58937177352648E-14,0.,1.));
#1932=DIRECTION('ref_axis',(0.707106781186548,-0.707106781186547,-3.24517590244667E-14));
#1933=DIRECTION('center_axis',(4.58937177352648E-14,0.,1.));
#1934=DIRECTION('ref_axis',(-1.,0.,4.58937177352648E-14));
#1935=DIRECTION('',(-1.,0.,4.58937177352648E-14));
#1936=DIRECTION('',(0.,-1.,0.));
#1937=DIRECTION('',(1.,-8.88107276275382E-15,-4.58937177352648E-14));
#1938=DIRECTION('center_axis',(4.58937177352648E-14,0.,1.));
#1939=DIRECTION('ref_axis',(0.300705799504269,-0.953716950748228,-1.38005070838059E-14));
#1940=DIRECTION('',(0.819152044288991,0.573576436351047,-3.75939327028641E-14));
#1941=DIRECTION('center_axis',(-4.58937177352648E-14,0.,-1.));
#1942=DIRECTION('ref_axis',(-0.300705799504273,0.953716950748227,1.38005070838063E-14));
#1943=DIRECTION('',(1.,-1.38777866648789E-15,-4.58937177352648E-14));
#1944=DIRECTION('center_axis',(-4.58937177352648E-14,0.,-1.));
#1945=DIRECTION('ref_axis',(1.,-1.93082265152185E-15,-4.58937177352635E-14));
#1946=DIRECTION('',(-1.,3.28440538213873E-23,4.58937177352648E-14));
#1947=DIRECTION('center_axis',(-4.58937177352648E-14,0.,-1.));
#1948=DIRECTION('ref_axis',(-0.300705799504273,-0.953716950748227,1.38005070838054E-14));
#1949=DIRECTION('',(-0.819152044288992,0.573576436351046,3.75939327028642E-14));
#1950=DIRECTION('center_axis',(4.58937177352648E-14,0.,1.));
#1951=DIRECTION('ref_axis',(0.300705799504273,0.953716950748227,-1.3800507083807E-14));
#1952=DIRECTION('center_axis',(0.,1.,0.));
#1953=DIRECTION('ref_axis',(-1.,0.,0.));
#1954=DIRECTION('center_axis',(0.,1.,0.));
#1955=DIRECTION('ref_axis',(-1.,0.,0.));
#1956=DIRECTION('',(0.,-1.,0.));
#1957=DIRECTION('center_axis',(1.,0.,3.34260695586075E-15));
#1958=DIRECTION('ref_axis',(-3.34260695586075E-15,0.,1.));
#1959=DIRECTION('',(-3.34260695586075E-15,0.,1.));
#1960=DIRECTION('center_axis',(2.61718922499349E-14,-0.707106781182491,
0.707106781190604));
#1961=DIRECTION('ref_axis',(1.,0.,-3.70126449726129E-14));
#1962=DIRECTION('center_axis',(-2.61718922499349E-14,0.707106781182491,
-0.707106781190604));
#1963=DIRECTION('ref_axis',(3.69628222699974E-11,0.707106781190604,0.707106781182491));
#1964=DIRECTION('',(-1.,8.88107276275382E-15,4.58937177352648E-14));
#1965=DIRECTION('',(-3.76822189897727E-14,-0.707106781066039,-0.707106781307056));
#1966=DIRECTION('center_axis',(-4.44089209554728E-14,0.,-1.));
#1967=DIRECTION('ref_axis',(0.300705799504269,-0.953716950748228,-1.07139673471478E-12));
#1968=DIRECTION('',(0.405579787668441,-0.579227965333617,-0.707106781193831));
#1969=DIRECTION('center_axis',(0.405579787676838,-0.57922796534552,0.707106781179265));
#1970=DIRECTION('ref_axis',(0.867439421548112,0.,-0.497542812172255));
#1971=DIRECTION('',(0.405579787640102,-0.579227965293144,-0.707106781243239));
#1972=DIRECTION('center_axis',(4.44089209702391E-14,0.,1.));
#1973=DIRECTION('ref_axis',(-0.300705799504273,0.953716950748227,1.28322640728172E-12));
#1974=DIRECTION('',(-3.14018491734952E-14,-0.707106781190604,-0.707106781182491));
#1975=DIRECTION('center_axis',(0.707106781186548,0.707106781186548,2.36358004533046E-15));
#1976=DIRECTION('ref_axis',(3.34260695586075E-15,0.,-1.));
#1977=DIRECTION('',(0.707106781186551,-0.707106781186544,0.));
#1978=DIRECTION('center_axis',(3.14704513187992E-14,-0.707106781182492,
0.707106781190603));
#1979=DIRECTION('ref_axis',(1.,0.,-4.45059390687929E-14));
#1980=DIRECTION('',(-3.76822190362093E-14,-0.707106781183402,-0.707106781189693));
#1981=DIRECTION('center_axis',(0.,1.,0.));
#1982=DIRECTION('ref_axis',(-1.,0.,0.));
#1983=DIRECTION('',(3.06168029443336E-14,-0.707106781186547,0.707106781186547));
#1984=DIRECTION('center_axis',(4.44089210175698E-14,0.,1.));
#1985=DIRECTION('ref_axis',(1.,-1.93082265152185E-15,-1.36939005824725E-11));
#1986=DIRECTION('',(-3.14018491738555E-14,0.70710678118249,-0.707106781190605));
#1987=DIRECTION('center_axis',(3.24517590244671E-14,0.707106781186548,0.707106781186548));
#1988=DIRECTION('ref_axis',(1.,0.,-4.58937177352648E-14));
#1989=DIRECTION('',(3.14018491524174E-14,-0.707106781009967,0.707106781363128));
#1990=DIRECTION('center_axis',(3.24517590475051E-14,0.707106781190605,0.70710678118249));
#1991=DIRECTION('ref_axis',(1.,0.,-4.58937177681089E-14));
#1992=DIRECTION('',(-3.14018491616258E-14,0.707106781111803,-0.707106781261292));
#1993=DIRECTION('center_axis',(-4.44089209438529E-14,0.,-1.));
#1994=DIRECTION('ref_axis',(0.300705799504273,0.953716950748227,-4.59784723254995E-12));
#1995=DIRECTION('',(-0.405579787664627,-0.579227965328169,0.707106781200481));
#1996=DIRECTION('center_axis',(4.44089209632711E-14,0.,1.));
#1997=DIRECTION('ref_axis',(-0.300705799504273,-0.953716950748227,7.11894321304833E-12));
#1998=DIRECTION('',(0.405579787664628,0.579227965328171,-0.70710678120048));
#1999=DIRECTION('center_axis',(0.405579787680652,0.579227965350967,0.707106781172615));
#2000=DIRECTION('ref_axis',(0.867439421544074,0.,-0.497542812179296));
#2001=DIRECTION('center_axis',(-8.88107276249056E-15,-1.,5.73639260190939E-12));
#2002=DIRECTION('ref_axis',(-1.,8.88107276239209E-15,-1.71660942176441E-14));
#2003=DIRECTION('',(2.61551242424612E-11,5.73639260190915E-12,1.));
#2004=DIRECTION('center_axis',(0.,-1.,0.));
#2005=DIRECTION('ref_axis',(1.,0.,0.));
#2006=DIRECTION('center_axis',(0.,1.,0.));
#2007=DIRECTION('ref_axis',(1.,0.,0.));
#2008=DIRECTION('center_axis',(0.,1.,0.));
#2009=DIRECTION('ref_axis',(1.,0.,0.));
#2010=DIRECTION('',(0.,-1.,0.));
#2011=DIRECTION('center_axis',(0.,-1.,0.));
#2012=DIRECTION('ref_axis',(1.,0.,0.));
#2013=DIRECTION('center_axis',(0.,1.,0.));
#2014=DIRECTION('ref_axis',(1.,0.,0.));
#2015=DIRECTION('center_axis',(0.,1.,0.));
#2016=DIRECTION('ref_axis',(1.,0.,0.));
#2017=DIRECTION('',(0.,-1.,0.));
#2018=DIRECTION('center_axis',(0.707106781186548,0.707106781186548,-1.8494465714621E-11));
#2019=DIRECTION('ref_axis',(-2.61551242424613E-11,0.,-1.));
#2020=DIRECTION('',(2.61551242424613E-11,0.,1.));
#2021=DIRECTION('center_axis',(1.,3.568460139305E-15,-2.61551242424613E-11));
#2022=DIRECTION('ref_axis',(3.56846013971042E-15,-1.,1.55003218002654E-14));
#2023=DIRECTION('',(-2.61551242424612E-11,-5.73639260190915E-12,-1.));
#2024=DIRECTION('center_axis',(2.61551242424612E-11,5.73639260190915E-12,
1.));
#2025=DIRECTION('ref_axis',(-0.707106781186544,0.707106781186551,1.44322898802214E-11));
#2026=CARTESIAN_POINT('',(0.,0.,0.));
#2027=CARTESIAN_POINT('Origin',(14.2499999999739,-21.8504394487357,9.14999999995238));
#2028=CARTESIAN_POINT('',(11.8999999999739,-21.8504394487357,9.14999999995238));
#2029=CARTESIAN_POINT('Origin',(14.2499999999739,-21.8504394487357,9.14999999994118));
#2030=CARTESIAN_POINT('',(11.8999999999739,-21.8504394487357,2.94999999995238));
#2031=CARTESIAN_POINT('',(11.8999999999739,-21.8504394487357,9.14999999995238));
#2032=CARTESIAN_POINT('Origin',(14.2499999999739,-21.8504394487357,2.94999999995238));
#2033=CARTESIAN_POINT('Origin',(14.2499999999739,-25.2,2.94999999995238));
#2034=CARTESIAN_POINT('',(12.7999999999739,-21.8504394487357,2.94999999995238));
#2035=CARTESIAN_POINT('Origin',(14.2499999999739,-21.8504394487357,2.94999999995238));
#2036=CARTESIAN_POINT('Origin',(14.2499999999739,-28.5495605512643,9.14999999995238));
#2037=CARTESIAN_POINT('',(11.8999999999739,-28.5495605512643,9.14999999995238));
#2038=CARTESIAN_POINT('Origin',(14.2499999999739,-28.5495605512643,9.14999999994118));
#2039=CARTESIAN_POINT('',(11.8999999999739,-28.5495605512643,2.94999999995238));
#2040=CARTESIAN_POINT('',(11.8999999999739,-28.5495605512643,9.14999999995238));
#2041=CARTESIAN_POINT('Origin',(14.2499999999739,-28.5495605512643,2.94999999995238));
#2042=CARTESIAN_POINT('Origin',(14.2499999999739,-25.2,2.94999999995238));
#2043=CARTESIAN_POINT('',(12.7999999999739,-28.5495605512643,2.94999999995238));
#2044=CARTESIAN_POINT('Origin',(14.2499999999739,-28.5495605512643,2.94999999995238));
#2045=CARTESIAN_POINT('Origin',(25.2882409875784,-17.3500000000524,8.99999999994417));
#2046=CARTESIAN_POINT('',(17.5600984896718,-17.5000000000515,9.14999999995483));
#2047=CARTESIAN_POINT('',(10.9999999997572,-17.5000000000515,9.14999999996486));
#2048=CARTESIAN_POINT('',(25.2882409875786,-17.5000000000516,9.14999999994302));
#2049=CARTESIAN_POINT('',(17.6483435103047,-17.2704360738798,8.92043607503387));
#2050=CARTESIAN_POINT('Ctrl Pts',(17.6483435104591,-17.2704360740208,8.92043607503508));
#2051=CARTESIAN_POINT('Ctrl Pts',(17.6336035896471,-17.3087535502088,8.95875355122306));
#2052=CARTESIAN_POINT('Ctrl Pts',(17.618874654823,-17.3470566797918,8.99705651220094));
#2053=CARTESIAN_POINT('Ctrl Pts',(17.6041508718526,-17.385360677255,9.03536020268349));
#2054=CARTESIAN_POINT('Ctrl Pts',(17.5894622549149,-17.4235731901025,9.0735724092835));
#2055=CARTESIAN_POINT('Ctrl Pts',(17.5747785578739,-17.4617871143833,9.11178588844754));
#2056=CARTESIAN_POINT('Ctrl Pts',(17.5601000659244,-17.5000017836538,9.14999999995483));
#2057=CARTESIAN_POINT('',(17.5416720428619,-17.2000000000532,8.84999999995716));
#2058=CARTESIAN_POINT('Ctrl Pts',(17.5416720428619,-17.2000000000532,8.84999999995716));
#2059=CARTESIAN_POINT('Ctrl Pts',(17.5950077764905,-17.2355113048165,8.88551130597077));
#2060=CARTESIAN_POINT('Ctrl Pts',(17.6483435103047,-17.2704360738798,8.92043607503387));
#2061=CARTESIAN_POINT('',(10.9999999997568,-17.2000000000532,8.84999999996716));
#2062=CARTESIAN_POINT('',(25.2882409875782,-17.2000000000533,8.84999999994532));
#2063=CARTESIAN_POINT('',(10.9999999997572,-17.5000000000515,9.14999999996486));
#2064=CARTESIAN_POINT('Origin',(10.999999999757,-17.7000000000533,9.0000000000659));
#2065=CARTESIAN_POINT('',(10.4999999997568,-17.7000000000532,8.8500000001679));
#2066=CARTESIAN_POINT('Origin',(10.9999999997568,-17.7000000000532,8.85000000016714));
#2067=CARTESIAN_POINT('',(10.799999999761,-17.7000000000535,9.14999999996497));
#2068=CARTESIAN_POINT('',(10.799999999761,-17.7000000000535,9.14999999996497));
#2069=CARTESIAN_POINT('Origin',(10.9999999997572,-17.7000000000535,9.14999999996466));
#2070=CARTESIAN_POINT('Ctrl Pts',(17.4944931884608,-17.4408170414015,9.14999999995499));
#2071=CARTESIAN_POINT('Ctrl Pts',(17.8803000191449,-17.7891922498177,9.14999999995406));
#2072=CARTESIAN_POINT('Ctrl Pts',(18.2364747084906,-18.1049667750371,9.14999999995321));
#2073=CARTESIAN_POINT('Ctrl Pts',(18.570429495684,-18.3946884566275,9.14999999995241));
#2074=CARTESIAN_POINT('Ctrl Pts',(17.5457766290755,-17.3840233855609,9.07347869164795));
#2075=CARTESIAN_POINT('Ctrl Pts',(17.9305983713239,-17.7328499114237,9.0744738483388));
#2076=CARTESIAN_POINT('Ctrl Pts',(18.2857207463259,-18.0490728945087,9.0755085742033));
#2077=CARTESIAN_POINT('Ctrl Pts',(18.6185381603798,-18.3392348268111,9.07658645434511));
#2078=CARTESIAN_POINT('Ctrl Pts',(17.5970600696901,-17.3272297297204,8.99695738334091));
#2079=CARTESIAN_POINT('Ctrl Pts',(17.9808967235028,-17.6765075730296,8.99894769672354));
#2080=CARTESIAN_POINT('Ctrl Pts',(18.3349667841611,-17.9931790139803,9.0010171484534));
#2081=CARTESIAN_POINT('Ctrl Pts',(18.6666468250756,-18.2837811969947,9.00317290873781));
#2082=CARTESIAN_POINT('Ctrl Pts',(17.6483435103047,-17.2704360738798,8.92043607503387));
#2083=CARTESIAN_POINT('Ctrl Pts',(18.0311950756818,-17.6201652346356,8.92342154510829));
#2084=CARTESIAN_POINT('Ctrl Pts',(18.3842128219963,-17.9372851334519,8.92652572270349));
#2085=CARTESIAN_POINT('Ctrl Pts',(18.7147554897714,-18.2283275671782,8.92975936313051));
#2086=CARTESIAN_POINT('',(18.5038475772684,-18.3368359009781,9.14999999995257));
#2087=CARTESIAN_POINT('Ctrl Pts',(18.5038473071837,-18.3368362113419,9.14999999995257));
#2088=CARTESIAN_POINT('Ctrl Pts',(18.2083937495616,-18.0797294356997,9.14999999995327));
#2089=CARTESIAN_POINT('Ctrl Pts',(17.8954767928632,-17.8022558509985,9.14999999995402));
#2090=CARTESIAN_POINT('Ctrl Pts',(17.5600983091369,-17.5000002003711,9.14999999995483));
#2091=CARTESIAN_POINT('',(18.6970124738505,-18.2487794887379,8.9568351033688));
#2092=CARTESIAN_POINT('Ctrl Pts',(18.6970124738505,-18.2487794887379,8.9568351033688));
#2093=CARTESIAN_POINT('Ctrl Pts',(18.6326333314519,-18.2781573047075,9.02121424576773));
#2094=CARTESIAN_POINT('Ctrl Pts',(18.5682389547914,-18.307511838522,9.08560862242931));
#2095=CARTESIAN_POINT('Ctrl Pts',(18.5038475772684,-18.3368359009781,9.14999999995257));
#2096=CARTESIAN_POINT('',(18.6826058901018,-18.2000000109886,8.92944595495352));
#2097=CARTESIAN_POINT('Ctrl Pts',(18.6826063849599,-18.2000005786949,8.92944595570147));
#2098=CARTESIAN_POINT('Ctrl Pts',(18.6873866733663,-18.2162697279044,8.93859179756869));
#2099=CARTESIAN_POINT('Ctrl Pts',(18.692184985884,-18.2325250972645,8.94772069536395));
#2100=CARTESIAN_POINT('Ctrl Pts',(18.6970124738261,-18.2487794887118,8.95683510336506));
#2101=CARTESIAN_POINT('Ctrl Pts',(17.6483435103047,-17.2704360738798,8.92043607503387));
#2102=CARTESIAN_POINT('Ctrl Pts',(18.01880994828,-17.6088516065777,8.92332496609289));
#2103=CARTESIAN_POINT('Ctrl Pts',(18.3613415753149,-17.9167335503549,8.92632500859865));
#2104=CARTESIAN_POINT('Ctrl Pts',(18.6826058268158,-18.2000000828462,8.92944594747166));
#2105=CARTESIAN_POINT('Origin',(10.6499999997607,-21.2000000002556,8.99999999995809));
#2106=CARTESIAN_POINT('',(10.4999999997568,-32.1999999992636,8.8499999999439));
#2107=CARTESIAN_POINT('',(10.4999999997568,-21.2000000002555,8.84999999995463));
#2108=CARTESIAN_POINT('',(10.7999999997647,-32.0757359305517,9.14999999995095));
#2109=CARTESIAN_POINT('',(10.7999999997647,-32.0757359305517,9.14999999995095));
#2110=CARTESIAN_POINT('',(10.7999999997646,-21.2000000002558,9.14999999996155));
#2111=CARTESIAN_POINT('Origin',(18.6004300255595,-19.1,9.05341755166031));
#2112=CARTESIAN_POINT('',(18.5038475772684,-32.0631640993899,9.14999999993918));
#2113=CARTESIAN_POINT('',(18.5038475772684,-19.1000000000001,9.14999999995183));
#2114=CARTESIAN_POINT('',(18.6970124738505,-32.1512205116244,8.9568351033688));
#2115=CARTESIAN_POINT('Ctrl Pts',(18.6970124738505,-32.1512205116244,8.9568351033688));
#2116=CARTESIAN_POINT('Ctrl Pts',(18.6326333159694,-32.1218426885858,9.02121426125025));
#2117=CARTESIAN_POINT('Ctrl Pts',(18.5682389227725,-32.0924881472685,9.08560865443476));
#2118=CARTESIAN_POINT('Ctrl Pts',(18.5038475772684,-32.0631640993899,9.14999999993919));
#2119=CARTESIAN_POINT('',(18.6970124738505,-19.1,8.9568351033688));
#2120=CARTESIAN_POINT('Origin',(11.8748160172367,-33.3626839823836,8.99999999994534));
#2121=CARTESIAN_POINT('',(11.5000000004932,-33.2,8.84999999994336));
#2122=CARTESIAN_POINT('',(11.7687500000566,-33.4687499995634,8.84999999994268));
#2123=CARTESIAN_POINT('',(11.624264069213,-32.9,9.14999999994889));
#2124=CARTESIAN_POINT('',(11.5000000004932,-33.2,8.8499999999485));
#2125=CARTESIAN_POINT('',(11.9808820344168,-33.2566179652039,9.14999999994799));
#2126=CARTESIAN_POINT('Ctrl Pts',(18.5704294957088,-32.0053115437317,9.14999999993914));
#2127=CARTESIAN_POINT('Ctrl Pts',(18.2364747085964,-32.2950332251878,9.14999999993937));
#2128=CARTESIAN_POINT('Ctrl Pts',(17.8803000193413,-32.6108077502559,9.1499999999396));
#2129=CARTESIAN_POINT('Ctrl Pts',(17.4944931887649,-32.9591829584953,9.14999999993985));
#2130=CARTESIAN_POINT('Ctrl Pts',(18.6185381604013,-32.0607651735564,9.07658645432752));
#2131=CARTESIAN_POINT('Ctrl Pts',(18.285720746428,-32.3509271057245,9.07550857418547));
#2132=CARTESIAN_POINT('Ctrl Pts',(17.9305983715163,-32.6671500886581,9.07447384832065));
#2133=CARTESIAN_POINT('Ctrl Pts',(17.5457766293753,-33.015976614344,9.0734786916294));
#2134=CARTESIAN_POINT('Ctrl Pts',(18.6666468250938,-32.1162188033811,9.00317290871591));
#2135=CARTESIAN_POINT('Ctrl Pts',(18.3349667842596,-32.4068209862611,9.00101714843158));
#2136=CARTESIAN_POINT('Ctrl Pts',(17.9808967236913,-32.7234924270603,8.99894769670171));
#2137=CARTESIAN_POINT('Ctrl Pts',(17.5970600699857,-33.0727702701927,8.99695738331895));
#2138=CARTESIAN_POINT('Ctrl Pts',(18.7147554897863,-32.1716724332058,8.92975936310429));
#2139=CARTESIAN_POINT('Ctrl Pts',(18.3842128220912,-32.4627148667977,8.92652572267768));
#2140=CARTESIAN_POINT('Ctrl Pts',(18.0311950758663,-32.7798347654626,8.92342154508276));
#2141=CARTESIAN_POINT('Ctrl Pts',(17.6483435105961,-33.1295639260414,8.92043607500849));
#2142=CARTESIAN_POINT('',(17.5600984898193,-32.9,9.14999999993981));
#2143=CARTESIAN_POINT('Ctrl Pts',(17.5600983092844,-32.8999997996804,9.14999999993981));
#2144=CARTESIAN_POINT('Ctrl Pts',(17.8954767929547,-32.5977441491711,9.14999999993959));
#2145=CARTESIAN_POINT('Ctrl Pts',(18.2083937496052,-32.3202705645739,9.14999999993939));
#2146=CARTESIAN_POINT('Ctrl Pts',(18.5038473071837,-32.0631637890261,9.14999999993919));
#2147=CARTESIAN_POINT('',(17.6483435104418,-33.1295639258698,8.92043607469467));
#2148=CARTESIAN_POINT('Ctrl Pts',(17.6483435105961,-33.1295639260414,8.92043607500849));
#2149=CARTESIAN_POINT('Ctrl Pts',(17.6336073255943,-33.0912561613521,8.95874383969796));
#2150=CARTESIAN_POINT('Ctrl Pts',(17.6188821256814,-33.052962748134,8.99703708439589));
#2151=CARTESIAN_POINT('Ctrl Pts',(17.6041620749457,-33.0146684673337,9.03533105836437));
#2152=CARTESIAN_POINT('Ctrl Pts',(17.589469721171,-32.9764462403069,9.07355297913676));
#2153=CARTESIAN_POINT('Ctrl Pts',(17.5747822897364,-32.9382226009953,9.11177617324708));
#2154=CARTESIAN_POINT('Ctrl Pts',(17.5601000660719,-32.8999982163978,9.14999999993981));
#2155=CARTESIAN_POINT('',(18.6826058900879,-32.1999999894146,8.92944595492698));
#2156=CARTESIAN_POINT('Ctrl Pts',(18.6826058268019,-32.199999917557,8.92944594744513));
#2157=CARTESIAN_POINT('Ctrl Pts',(18.3613415753895,-32.4832664499083,8.92632500857264));
#2158=CARTESIAN_POINT('Ctrl Pts',(18.0188099484539,-32.7911483935276,8.92332496606726));
#2159=CARTESIAN_POINT('Ctrl Pts',(17.6483435105961,-33.1295639260414,8.92043607500849));
#2160=CARTESIAN_POINT('Ctrl Pts',(18.6970124738262,-32.1512205116505,8.95683510336505));
#2161=CARTESIAN_POINT('Ctrl Pts',(18.6921849559354,-32.1674750265496,8.94772062173751));
#2162=CARTESIAN_POINT('Ctrl Pts',(18.687386624407,-32.1837304352527,8.93859170678757));
#2163=CARTESIAN_POINT('Ctrl Pts',(18.6826063849461,-32.1999994217083,8.92944595567494));
#2164=CARTESIAN_POINT('Origin',(18.7000000000225,-33.05,8.99999999993778));
#2165=CARTESIAN_POINT('',(18.7000000000227,-32.9,9.14999999993807));
#2166=CARTESIAN_POINT('',(17.5416720429876,-33.2,8.84999999993926));
#2167=CARTESIAN_POINT('',(18.7000000000223,-33.2,8.84999999993749));
#2168=CARTESIAN_POINT('Ctrl Pts',(17.6483435104418,-33.1295639258698,8.92043607469467));
#2169=CARTESIAN_POINT('Ctrl Pts',(17.5950077768091,-33.1644886947578,8.88551130518191));
#2170=CARTESIAN_POINT('Ctrl Pts',(17.5416720429876,-33.2,8.84999999993926));
#2171=CARTESIAN_POINT('Origin',(15.825,-33.2,-10.000000000001));
#2172=CARTESIAN_POINT('',(11.4999999994954,-33.2,-29.3000000000576));
#2173=CARTESIAN_POINT('',(11.4999999997053,-33.2,-21.2749999999569));
#2174=CARTESIAN_POINT('',(9.299999998759,-33.2,-31.5));
#2175=CARTESIAN_POINT('Origin',(9.299999998759,-33.2,-29.3));
#2176=CARTESIAN_POINT('',(-9.35000000000002,-33.2,-31.5));
#2177=CARTESIAN_POINT('',(2.7375,-33.2,-31.5));
#2178=CARTESIAN_POINT('',(-9.35,-33.2,-35.1499999999999));
#2179=CARTESIAN_POINT('',(-9.35000000000005,-33.2,-22.5750000000005));
#2180=CARTESIAN_POINT('',(-7.34999999999995,-33.2,-37.1499999999999));
#2181=CARTESIAN_POINT('Origin',(-7.35000000000001,-33.2,-35.1499999999999));
#2182=CARTESIAN_POINT('',(27.7402868189873,-33.2,-37.1499999990749));
#2183=CARTESIAN_POINT('',(28.9124999999994,-33.2,-37.1500000000016));
#2184=CARTESIAN_POINT('',(27.7402868191109,-33.2,-33.5499999997091));
#2185=CARTESIAN_POINT('',(27.7402868195325,-33.2,-21.2750000001752));
#2186=CARTESIAN_POINT('',(24.0000000000001,-33.2,-33.55));
#2187=CARTESIAN_POINT('',(19.9125000000002,-33.2,-33.5499999997092));
#2188=CARTESIAN_POINT('',(17.,-33.2,-26.55));
#2189=CARTESIAN_POINT('Origin',(24.,-33.2,-26.55));
#2190=CARTESIAN_POINT('',(17.,-33.2,6.15000000000001));
#2191=CARTESIAN_POINT('',(17.,-33.2,-1.92500000000048));
#2192=CARTESIAN_POINT('Origin',(24.,-33.2,6.15000000000001));
#2193=CARTESIAN_POINT('Origin',(24.,-32.7,6.15000000000001));
#2194=CARTESIAN_POINT('',(18.,-32.2,6.15000000000001));
#2195=CARTESIAN_POINT('',(18.,-32.2,6.15000000000001));
#2196=CARTESIAN_POINT('Origin',(24.,-32.2,6.15000000000001));
#2197=CARTESIAN_POINT('Origin',(24.,-19.1,6.15000000000001));
#2198=CARTESIAN_POINT('',(18.,-18.2000000004118,6.15000000000001));
#2199=CARTESIAN_POINT('',(18.,-19.1,6.15000000000001));
#2200=CARTESIAN_POINT('Origin',(24.,-18.2000000004118,6.15000000000001));
#2201=CARTESIAN_POINT('Origin',(21.5750000000162,-25.2000000001802,9.14999999994118));
#2202=CARTESIAN_POINT('Origin',(41.9999999999986,-25.,-38.150000000002));
#2203=CARTESIAN_POINT('',(48.9999999999986,-25.,-36.8500000000023));
#2204=CARTESIAN_POINT('Origin',(41.9999999999986,-25.,-36.850000000002));
#2205=CARTESIAN_POINT('',(48.9999999999986,-25.,-38.1500000000023));
#2206=CARTESIAN_POINT('',(48.9999999999986,-25.,-38.1500000000023));
#2207=CARTESIAN_POINT('Origin',(41.9999999999986,-25.,-38.150000000002));
#2208=CARTESIAN_POINT('Origin',(41.9999999999986,-25.,-36.850000000002));
#2209=CARTESIAN_POINT('',(50.0499999999986,-25.,-36.8500000000024));
#2210=CARTESIAN_POINT('Origin',(41.9999999999986,-25.,-36.850000000002));
#2211=CARTESIAN_POINT('Origin',(41.9999999999986,-25.,-38.150000000002));
#2212=CARTESIAN_POINT('',(50.0499999999988,-25.,-32.5500000000011));
#2213=CARTESIAN_POINT('',(50.0499999999986,-25.,-38.1500000000024));
#2214=CARTESIAN_POINT('Origin',(41.9999999999988,-25.,-32.5500000000008));
#2215=CARTESIAN_POINT('Origin',(14.2499999999739,-28.5495605512643,18.1500000000015));
#2216=CARTESIAN_POINT('',(12.7999999999739,-28.5495605512643,-1.8499999999985));
#2217=CARTESIAN_POINT('',(12.7999999999739,-28.5495605512643,18.1500000000015));
#2218=CARTESIAN_POINT('Origin',(14.2499999999739,-28.5495605512643,-1.8499999999985));
#2219=CARTESIAN_POINT('Origin',(14.2499999999739,-28.5495605512643,-1.8499999999985));
#2220=CARTESIAN_POINT('Origin',(14.2499999999739,-21.8504394487357,18.1500000000015));
#2221=CARTESIAN_POINT('',(12.7999999999739,-21.8504394487357,-1.8499999999985));
#2222=CARTESIAN_POINT('',(12.7999999999739,-21.8504394487357,18.1500000000015));
#2223=CARTESIAN_POINT('Origin',(14.2499999999739,-21.8504394487357,-1.8499999999985));
#2224=CARTESIAN_POINT('Origin',(14.2499999999739,-21.8504394487357,-1.8499999999985));
#2225=CARTESIAN_POINT('Origin',(18.,-19.1,6.15000000000001));
#2226=CARTESIAN_POINT('',(18.,-18.2000000002563,-26.55));
#2227=CARTESIAN_POINT('',(18.,-18.2000000001797,-13.1999999999995));
#2228=CARTESIAN_POINT('',(18.,-32.2,-26.55));
#2229=CARTESIAN_POINT('',(18.,-32.2,-1.92500000000048));
#2230=CARTESIAN_POINT('',(18.,-19.1,-26.55));
#2231=CARTESIAN_POINT('Origin',(24.,-19.1,-26.55));
#2232=CARTESIAN_POINT('',(24.0000000000001,-18.2000000002262,-32.55));
#2233=CARTESIAN_POINT('Origin',(24.,-18.2000000001918,-26.55));
#2234=CARTESIAN_POINT('',(24.0000000000001,-32.2,-32.55));
#2235=CARTESIAN_POINT('Origin',(24.,-32.2,-26.55));
#2236=CARTESIAN_POINT('',(24.0000000000001,-19.1,-32.55));
#2237=CARTESIAN_POINT('Origin',(33.9999999986739,-36.7000000002908,-32.549999999979));
#2238=CARTESIAN_POINT('',(36.5223903095855,-36.7000000003172,-37.1499999995125));
#2239=CARTESIAN_POINT('',(41.9999999985536,-36.7000000003172,-37.1500000000022));
#2240=CARTESIAN_POINT('',(37.9999999993369,-36.7000000003172,-37.150000000002));
#2241=CARTESIAN_POINT('',(41.9999999986478,-36.7000000002966,-33.5500000000055));
#2242=CARTESIAN_POINT('',(41.9999999986739,-36.7000000002908,-32.5499999999336));
#2243=CARTESIAN_POINT('',(36.5223903096797,-36.7000000002966,-33.5500000002991));
#2244=CARTESIAN_POINT('',(28.999999999337,-36.7000000002966,-33.5500000000057));
#2245=CARTESIAN_POINT('',(36.5223903097058,-36.7000000002908,-32.5500000001025));
#2246=CARTESIAN_POINT('Origin',(41.9999999986739,-25.2000000002908,-32.5499999999998));
#2247=CARTESIAN_POINT('',(41.9999999985537,-13.7000000003172,-37.1500000007355));
#2248=CARTESIAN_POINT('Origin',(41.9999999985536,-25.2000000003172,-37.1500000007355));
#2249=CARTESIAN_POINT('',(41.9999999986478,-13.7000000002966,-33.5500000003835));
#2250=CARTESIAN_POINT('',(41.999999998674,-13.7000000002908,-32.5500000000657));
#2251=CARTESIAN_POINT('Origin',(41.9999999986478,-25.2000000002966,-33.5500000003835));
#2252=CARTESIAN_POINT('Origin',(33.9999999986746,-13.7000000002908,-32.549999999899));
#2253=CARTESIAN_POINT('',(31.9337788187778,-15.1467836460053,-37.1499999996692));
#2254=CARTESIAN_POINT('',(30.0345925648452,-16.4766081774732,-37.1500000000017));
#2255=CARTESIAN_POINT('',(35.4154552477507,-12.7088875648314,-37.1500000000019));
#2256=CARTESIAN_POINT('',(30.0345925649393,-16.4766081774525,-33.5500000000102));
#2257=CARTESIAN_POINT('',(30.0345925649655,-16.4766081774468,-32.549999999905));
#2258=CARTESIAN_POINT('',(31.9337788188719,-15.1467836459846,-33.5500000003175));
#2259=CARTESIAN_POINT('',(29.3763646028066,-16.9375043583983,-33.5500000000102));
#2260=CARTESIAN_POINT('',(31.9337788188981,-15.1467836459789,-32.5499999998154));
#2261=CARTESIAN_POINT('Origin',(9.29999999875895,-18.1500000001453,-29.3));
#2262=CARTESIAN_POINT('',(9.299999998759,-32.2,-30.5));
#2263=CARTESIAN_POINT('',(10.499999998759,-32.1999999992636,-29.3000000000314));
#2264=CARTESIAN_POINT('Origin',(9.299999998759,-32.2,-29.3));
#2265=CARTESIAN_POINT('',(10.499999998759,-20.1,-29.3000000000314));
#2266=CARTESIAN_POINT('',(10.4999999987589,-18.1500000001453,-29.3000000000314));
#2267=CARTESIAN_POINT('',(9.29999999875896,-20.1,-30.5));
#2268=CARTESIAN_POINT('Origin',(9.29999999875896,-20.1,-29.3));
#2269=CARTESIAN_POINT('',(9.29999999875895,-18.1500000001453,-30.5));
#2270=CARTESIAN_POINT('Origin',(-10.35,-19.1,-30.5));
#2271=CARTESIAN_POINT('',(-9.35000000000002,-32.2,-30.5));
#2272=CARTESIAN_POINT('',(2.7375,-32.2,-30.5));
#2273=CARTESIAN_POINT('',(-9.35000000000002,-20.1,-30.5));
#2274=CARTESIAN_POINT('',(2.7375,-20.1,-30.5));
#2275=CARTESIAN_POINT('',(-9.35000000000002,-19.1,-30.5));
#2276=CARTESIAN_POINT('Origin',(9.29999999875896,-19.6,-29.3));
#2277=CARTESIAN_POINT('',(10.4999999987107,-19.1,-31.14390889149));
#2278=CARTESIAN_POINT('Ctrl Pts',(10.499999998759,-20.1,-29.3000000000314));
#2279=CARTESIAN_POINT('Ctrl Pts',(10.4999999987419,-20.1,-29.9507913734873));
#2280=CARTESIAN_POINT('Ctrl Pts',(10.4999999987107,-19.1,-31.14390889149));
#2281=CARTESIAN_POINT('',(10.4999999986814,-18.1,-32.2664793948696));
#2282=CARTESIAN_POINT('Ctrl Pts',(10.4999999987107,-19.1,-31.14390889149));
#2283=CARTESIAN_POINT('Ctrl Pts',(10.4999999986988,-18.7166819013949,-31.6012524299033));
#2284=CARTESIAN_POINT('Ctrl Pts',(10.4999999986814,-18.1,-32.2664793948697));
#2285=CARTESIAN_POINT('',(9.49999999870165,-19.1,-31.4908902300259));
#2286=CARTESIAN_POINT('Ctrl Pts',(10.4999999986814,-18.1000000000003,-32.2664793948693));
#2287=CARTESIAN_POINT('Ctrl Pts',(10.4999999986848,-18.2237361174959,-32.1330027974337));
#2288=CARTESIAN_POINT('Ctrl Pts',(10.477000037946,-18.3497645075966,-32.0052837870342));
#2289=CARTESIAN_POINT('Ctrl Pts',(10.4288122142072,-18.4705507634698,-31.8945261541091));
#2290=CARTESIAN_POINT('Ctrl Pts',(10.3952030243971,-18.5547946218787,-31.8172768820094));
#2291=CARTESIAN_POINT('Ctrl Pts',(10.3446020264344,-18.6465904966099,-31.7394675668839));
#2292=CARTESIAN_POINT('Ctrl Pts',(10.2055071728589,-18.8171980387822,-31.6121366159496));
#2293=CARTESIAN_POINT('Ctrl Pts',(10.1164308538884,-18.8957696165123,-31.5629305409764));
#2294=CARTESIAN_POINT('Ctrl Pts',(9.9375579459883,-19.0040973665152,-31.5066782469034));
#2295=CARTESIAN_POINT('Ctrl Pts',(9.84147337917944,-19.0456192730996,-31.4905741829216));
#2296=CARTESIAN_POINT('Ctrl Pts',(9.66109169732718,-19.090333337858,-31.481327541211));
#2297=CARTESIAN_POINT('Ctrl Pts',(9.57861029507723,-19.1,-31.4837141245985));
#2298=CARTESIAN_POINT('Ctrl Pts',(9.49999999870165,-19.1,-31.4908902300259));
#2299=CARTESIAN_POINT('',(9.29999999875896,-19.1,-31.5));
#2300=CARTESIAN_POINT('Origin',(9.29999999875896,-19.1,-29.3));
#2301=CARTESIAN_POINT('',(9.29999999875896,-19.1,-31.5));
#2302=CARTESIAN_POINT('Origin',(2.7375,-32.7,-31.));
#2303=CARTESIAN_POINT('',(-9.85000000000002,-32.7,-31.));
#2304=CARTESIAN_POINT('',(-9.15624999999994,-33.3937500000001,-31.6937500000001));
#2305=CARTESIAN_POINT('',(9.299999998759,-33.2,-31.5));
#2306=CARTESIAN_POINT('',(-9.35000000000002,-32.2,-30.5));
#2307=CARTESIAN_POINT('Origin',(9.299999998759,-32.7,-29.3));
#2308=CARTESIAN_POINT('',(11.4999999994954,-33.2,-29.3000000000576));
#2309=CARTESIAN_POINT('Origin',(-9.85000000000002,-19.1,-31.));
#2310=CARTESIAN_POINT('',(-10.35,-32.2,-31.5));
#2311=CARTESIAN_POINT('',(-10.7125000000001,-31.8374999999999,-31.8625000000001));
#2312=CARTESIAN_POINT('',(-9.85000000000002,-19.6,-31.));
#2313=CARTESIAN_POINT('',(-9.35000000000002,-20.1,-30.5));
#2314=CARTESIAN_POINT('',(-10.35,-20.1,-31.5));
#2315=CARTESIAN_POINT('',(-8.3625000000001,-18.1125000000001,-29.5125000000001));
#2316=CARTESIAN_POINT('',(-10.35,-19.1,-31.5));
#2317=CARTESIAN_POINT('Origin',(36.5223903097058,-28.7000000002908,-32.5500000001484));
#2318=CARTESIAN_POINT('',(31.9337788187771,-35.2532163546291,-37.1500000000017));
#2319=CARTESIAN_POINT('Origin',(36.5223903095855,-28.7000000003172,-37.1499999995125));
#2320=CARTESIAN_POINT('',(31.9337788188713,-35.2532163546085,-33.5500000000196));
#2321=CARTESIAN_POINT('Origin',(36.5223903096797,-28.7000000002966,-33.5500000002991));
#2322=CARTESIAN_POINT('',(31.9337788188974,-35.2532163546028,-32.5499999999908));
#2323=CARTESIAN_POINT('Origin',(41.999999998674,-13.7000000002908,-32.5500000000657));
#2324=CARTESIAN_POINT('',(36.5223903095862,-13.7000000003172,-37.1500000000019));
#2325=CARTESIAN_POINT('',(41.9999999993369,-13.7000000003172,-37.1500000000022));
#2326=CARTESIAN_POINT('',(36.5223903096803,-13.7000000002966,-33.5499999999941));
#2327=CARTESIAN_POINT('',(36.5223903097065,-13.7000000002908,-32.5499999999437));
#2328=CARTESIAN_POINT('',(32.999999999337,-13.7000000002966,-33.5499999999941));
#2329=CARTESIAN_POINT('Origin',(36.5223903097065,-21.7000000002908,-32.5499999998978));
#2330=CARTESIAN_POINT('Origin',(36.5223903095862,-21.7000000003172,-37.1499999996694));
#2331=CARTESIAN_POINT('Origin',(36.5223903096803,-21.7000000002966,-33.5500000003174));
#2332=CARTESIAN_POINT('Origin',(27.7402868195613,-13.2000000002908,-32.5499999998638));
#2333=CARTESIAN_POINT('',(27.7402868194409,-17.2000000003172,-37.1499999993365));
#2334=CARTESIAN_POINT('Origin',(27.740286819441,-13.2000000003172,-37.1499999993365));
#2335=CARTESIAN_POINT('',(27.7402868195351,-17.2000000002965,-33.5500000001365));
#2336=CARTESIAN_POINT('',(27.7402868195613,-17.2000000002908,-32.5499999998409));
#2337=CARTESIAN_POINT('Origin',(27.7402868195351,-13.2000000002965,-33.5500000001365));
#2338=CARTESIAN_POINT('Origin',(29.0014819750765,-33.2000000002908,-32.5499999999834));
#2339=CARTESIAN_POINT('',(30.0345925643915,-33.923391822844,-37.1500000000017));
#2340=CARTESIAN_POINT('',(30.0501337423931,-33.9342738728335,-37.1500000000017));
#2341=CARTESIAN_POINT('',(30.0345925645151,-33.923391822844,-33.5500000001491));
#2342=CARTESIAN_POINT('',(24.0110430974684,-29.7056570792388,-33.5500000000197));
#2343=CARTESIAN_POINT('',(30.0345925649367,-33.923391822844,-21.275000000254));
#2344=CARTESIAN_POINT('Origin',(27.7402868195325,-37.2,-21.2750000001752));
#2345=CARTESIAN_POINT('Origin',(27.7402868189873,-37.2,-37.1499999990749));
#2346=CARTESIAN_POINT('Origin',(27.7402868191109,-37.2,-33.5500000001491));
#2347=CARTESIAN_POINT('Origin',(24.,-19.1,-32.55));
#2348=CARTESIAN_POINT('',(27.7402868195351,-18.2000000002989,-32.55));
#2349=CARTESIAN_POINT('',(26.5007409875386,-18.2000000002908,-32.55));
#2350=CARTESIAN_POINT('',(27.7402868191109,-32.2000000002908,-32.55));
#2351=CARTESIAN_POINT('',(19.9125000000001,-32.2000000002908,-32.5500000000001));
#2352=CARTESIAN_POINT('',(30.6081690008721,-33.1042397785466,-32.5499999999999));
#2353=CARTESIAN_POINT('Origin',(27.7402868191109,-37.2,-32.55));
#2354=CARTESIAN_POINT('',(32.5073552552336,-34.4340643103034,-32.5499999999999));
#2355=CARTESIAN_POINT('',(24.5846195338307,-28.8865050349337,-32.55));
#2356=CARTESIAN_POINT('',(36.5223903096796,-35.7000000002832,-32.5499999999998));
#2357=CARTESIAN_POINT('Origin',(36.5223903096796,-28.7000000002966,-32.5499999999998));
#2358=CARTESIAN_POINT('',(41.9999999986478,-35.7000000002908,-32.5499999999998));
#2359=CARTESIAN_POINT('',(28.999999999337,-35.7000000002908,-32.5499999999999));
#2360=CARTESIAN_POINT('',(41.9999999986478,-14.7000000002704,-32.5499999999998));
#2361=CARTESIAN_POINT('Origin',(41.9999999986478,-25.2000000002966,-32.5499999999998));
#2362=CARTESIAN_POINT('',(36.5223903096803,-14.7000000002908,-32.5499999999998));
#2363=CARTESIAN_POINT('',(32.999999999337,-14.7000000002908,-32.5499999999999));
#2364=CARTESIAN_POINT('',(32.5073552552244,-15.9659356902756,-32.5499999999999));
#2365=CARTESIAN_POINT('Origin',(36.5223903096803,-21.7000000002966,-32.5499999999998));
#2366=CARTESIAN_POINT('',(30.6081690012963,-17.2957602217499,-32.5499999999999));
#2367=CARTESIAN_POINT('',(29.9499410391635,-17.7566564026957,-32.5499999999999));
#2368=CARTESIAN_POINT('Origin',(27.7402868195351,-13.2000000002965,-32.55));
#2369=CARTESIAN_POINT('Origin',(26.5007409875386,-17.7000000002937,-33.0499999999971));
#2370=CARTESIAN_POINT('',(24.0000000000001,-17.2000000002965,-33.5499999999027));
#2371=CARTESIAN_POINT('',(24.0000000000001,-17.2000000002965,-33.5499999999027));
#2372=CARTESIAN_POINT('',(27.7402868195351,-18.2000000002989,-32.55));
#2373=CARTESIAN_POINT('',(26.5007409875386,-17.2000000002965,-33.5499999999942));
#2374=CARTESIAN_POINT('Origin',(24.,-17.7000000002241,-26.5500000000029));
#2375=CARTESIAN_POINT('',(17.,-17.2000000002563,-26.5500000000058));
#2376=CARTESIAN_POINT('Origin',(24.,-17.2000000002564,-26.5500000000058));
#2377=CARTESIAN_POINT('',(17.,-17.2000000002563,-26.5500000000058));
#2378=CARTESIAN_POINT('Origin',(27.7402868195351,-13.2000000002965,-33.0500000000682));
#2379=CARTESIAN_POINT('',(30.6081690012963,-17.2957602217499,-32.5499999999999));
#2380=CARTESIAN_POINT('Origin',(17.5,-17.7000000001797,-13.2000000000024));
#2381=CARTESIAN_POINT('',(16.9999999998749,-17.2000000000687,6.14999999999427));
#2382=CARTESIAN_POINT('',(17.,-17.2000000001797,-13.2000000000052));
#2383=CARTESIAN_POINT('',(16.9999999998749,-17.2000000000687,6.14999999999427));
#2384=CARTESIAN_POINT('Origin',(29.663152820985,-17.347080380547,-33.0500000000051));
#2385=CARTESIAN_POINT('',(32.5073552552244,-15.9659356902756,-32.5499999999999));
#2386=CARTESIAN_POINT('Origin',(24.,-17.7000000002403,6.14999999999714));
#2387=CARTESIAN_POINT('Origin',(24.,-17.2000000000688,6.14999999999427));
#2388=CARTESIAN_POINT('Origin',(36.5223903096803,-21.7000000002966,-33.0500000001586));
#2389=CARTESIAN_POINT('',(36.5223903096803,-14.7000000002908,-32.5499999999998));
#2390=CARTESIAN_POINT('Origin',(32.999999999337,-14.2000000002937,-33.049999999997));
#2391=CARTESIAN_POINT('',(41.9999999986478,-14.7000000002704,-32.5499999999998));
#2392=CARTESIAN_POINT('Origin',(41.9999999986478,-25.2000000002966,-33.0500000001916));
#2393=CARTESIAN_POINT('',(41.9999999986478,-35.7000000002908,-32.5499999999998));
#2394=CARTESIAN_POINT('Origin',(28.999999999337,-36.2000000002937,-33.0500000000028));
#2395=CARTESIAN_POINT('',(36.5223903096796,-35.7000000002832,-32.5499999999998));
#2396=CARTESIAN_POINT('Origin',(36.5223903096797,-28.7000000002966,-33.0500000001495));
#2397=CARTESIAN_POINT('',(32.5073552552336,-34.4340643103034,-32.5499999999999));
#2398=CARTESIAN_POINT('Origin',(24.2978313156495,-29.2960810570862,-33.0500000000099));
#2399=CARTESIAN_POINT('',(30.6081690008721,-33.1042397785466,-32.5499999999999));
#2400=CARTESIAN_POINT('Origin',(27.7402868191109,-37.2,-33.0500000000745));
#2401=CARTESIAN_POINT('',(27.7402868191109,-32.2000000002908,-32.55));
#2402=CARTESIAN_POINT('Origin',(19.9125000000002,-32.7000000001454,-33.0499999998546));
#2403=CARTESIAN_POINT('',(24.0000000000001,-32.2,-32.55));
#2404=CARTESIAN_POINT('Origin',(24.,-32.7,-26.55));
#2405=CARTESIAN_POINT('',(18.,-32.2,-26.55));
#2406=CARTESIAN_POINT('Origin',(17.5,-32.7,-1.92500000000048));
#2407=CARTESIAN_POINT('Origin',(9.49999999896884,-18.1,-21.2749999999046));
#2408=CARTESIAN_POINT('',(10.4999999985536,-18.1,-37.1500000000008));
#2409=CARTESIAN_POINT('',(9.49999999855363,-19.1,-37.1499999983405));
#2410=CARTESIAN_POINT('Origin',(9.49999999855363,-18.1,-37.1499999983405));
#2411=CARTESIAN_POINT('',(9.49999999896884,-19.1,-21.2749999999046));
#2412=CARTESIAN_POINT('',(10.4999999989688,-18.1,-21.2749999999308));
#2413=CARTESIAN_POINT('Origin',(15.825,-19.1,-10.000000000001));
#2414=CARTESIAN_POINT('',(-9.35,-19.1,-35.1499999999999));
#2415=CARTESIAN_POINT('',(-9.35000000000002,-19.1,-31.5));
#2416=CARTESIAN_POINT('',(-9.35000000000005,-19.1,-22.5750000000005));
#2417=CARTESIAN_POINT('',(2.7375,-19.1,-31.5));
#2418=CARTESIAN_POINT('',(-7.34999999999995,-19.1,-37.1499999999999));
#2419=CARTESIAN_POINT('',(28.9124999999994,-19.1,-37.1500000000016));
#2420=CARTESIAN_POINT('Origin',(-7.35000000000001,-19.1,-35.1499999999999));
#2421=CARTESIAN_POINT('',(-6.69870268618858,-19.1,-34.));
#2422=CARTESIAN_POINT('Origin',(-4.99870268618858,-19.1,-34.));
#2423=CARTESIAN_POINT('',(3.29870268618864,-19.1,-34.));
#2424=CARTESIAN_POINT('Origin',(4.99870268618864,-19.1,-34.));
#2425=CARTESIAN_POINT('Origin',(2.7375,-19.6,-31.));
#2426=CARTESIAN_POINT('',(-9.15624999999993,-18.9062499999999,-31.6937500000001));
#2427=CARTESIAN_POINT('Origin',(-9.85000000000005,-19.6,-22.5750000000005));
#2428=CARTESIAN_POINT('',(-10.35,-20.1,-35.1499999999999));
#2429=CARTESIAN_POINT('',(-9.35,-19.1,-35.1499999999999));
#2430=CARTESIAN_POINT('',(-10.35,-20.1,-22.5750000000005));
#2431=CARTESIAN_POINT('Origin',(-7.35000000000001,-19.6,-35.1499999999999));
#2432=CARTESIAN_POINT('',(-7.35,-20.1,-38.1499999999999));
#2433=CARTESIAN_POINT('',(-7.34999999999995,-19.1,-37.1499999999999));
#2434=CARTESIAN_POINT('Origin',(-7.35000000000001,-20.1,-35.1499999999999));
#2435=CARTESIAN_POINT('Origin',(28.9124999999994,-19.6,-37.6500000000016));
#2436=CARTESIAN_POINT('',(9.49999999855359,-20.1000000007932,-38.1500000000007));
#2437=CARTESIAN_POINT('',(9.49999999855363,-19.1,-37.1499999983405));
#2438=CARTESIAN_POINT('',(28.9124999999994,-20.1,-38.1500000000016));
#2439=CARTESIAN_POINT('Origin',(10.9999999985275,-18.1500000001454,-37.6500000000008));
#2440=CARTESIAN_POINT('',(10.4999999985536,-17.7000000003171,-37.1500000000008));
#2441=CARTESIAN_POINT('',(10.6464466079542,-17.3464466097269,-37.296446609409));
#2442=CARTESIAN_POINT('Origin',(10.9999999985406,-17.7000000003199,-37.6500000000138));
#2443=CARTESIAN_POINT('',(11.3999999981792,-18.1,-38.0499999996734));
#2444=CARTESIAN_POINT('',(15.1584568296831,-21.8584568317434,-41.8084568313738));
#2445=CARTESIAN_POINT('',(10.4999999985536,-18.1,-37.1500000000008));
#2446=CARTESIAN_POINT('',(10.4999999985536,-18.1500000001454,-37.1500000000008));
#2447=CARTESIAN_POINT('Origin',(9.49999999855361,-18.1,-37.6499999991706));
#2448=CARTESIAN_POINT('',(11.4974984348751,-18.2000000003285,-38.1500000000008));
#2449=CARTESIAN_POINT('Ctrl Pts',(11.3999999981792,-18.1,-38.0499999996734));
#2450=CARTESIAN_POINT('Ctrl Pts',(11.4487492162265,-18.1487492180825,-38.0987492177553));
#2451=CARTESIAN_POINT('Ctrl Pts',(11.4974984348752,-18.2000000003286,-38.1500000000009));
#2452=CARTESIAN_POINT('Origin',(9.49999999855359,-18.1,-38.1500000000007));
#2453=CARTESIAN_POINT('Origin',(42.,-19.1,-38.1500000000022));
#2454=CARTESIAN_POINT('',(27.7402868189872,-32.1999999995728,-38.1500000000016));
#2455=CARTESIAN_POINT('',(-7.35,-32.2,-38.1499999999999));
#2456=CARTESIAN_POINT('',(28.9124999999994,-32.2,-38.1500000000016));
#2457=CARTESIAN_POINT('',(-7.35,-19.1,-38.1499999999999));
#2458=CARTESIAN_POINT('',(27.7402868194409,-18.2000000006414,-38.1500000000016));
#2459=CARTESIAN_POINT('',(35.5007409875385,-18.2000000003287,-38.1500000000019));
#2460=CARTESIAN_POINT('',(30.6081690011844,-17.2957602217453,-38.1500000000017));
#2461=CARTESIAN_POINT('Origin',(27.7402868194409,-13.2000000003172,-38.1500000000016));
#2462=CARTESIAN_POINT('',(32.5073552552276,-15.9659356904353,-38.1500000000018));
#2463=CARTESIAN_POINT('',(35.9890316840899,-13.5280396091035,-38.1500000000019));
#2464=CARTESIAN_POINT('',(36.5223903095861,-14.7000000003287,-38.150000000002));
#2465=CARTESIAN_POINT('Origin',(36.5223903095861,-21.7000000003172,-38.150000000002));
#2466=CARTESIAN_POINT('',(41.9999999985536,-14.6999999995751,-38.1500000000022));
#2467=CARTESIAN_POINT('',(41.9999999993369,-14.7000000003287,-38.1500000000022));
#2468=CARTESIAN_POINT('',(41.9999999985536,-35.7000000003287,-38.1500000000022));
#2469=CARTESIAN_POINT('Origin',(41.9999999985536,-25.2000000003172,-38.1500000000022));
#2470=CARTESIAN_POINT('',(36.5223903095855,-35.7000000000392,-38.150000000002));
#2471=CARTESIAN_POINT('',(37.9999999993369,-35.7000000003287,-38.150000000002));
#2472=CARTESIAN_POINT('',(32.5073552551056,-34.4340643103724,-38.1500000000018));
#2473=CARTESIAN_POINT('Origin',(36.5223903095855,-28.7000000003172,-38.150000000002));
#2474=CARTESIAN_POINT('',(30.6081690007199,-33.1042397785873,-38.1500000000017));
#2475=CARTESIAN_POINT('',(30.6237101787216,-33.1151218285767,-38.1500000000017));
#2476=CARTESIAN_POINT('Origin',(27.7402868189872,-37.2,-38.1500000000016));
#2477=CARTESIAN_POINT('Origin',(-7.35000000000001,-19.1,-35.1499999999999));
#2478=CARTESIAN_POINT('',(-10.35,-32.2,-35.1499999999999));
#2479=CARTESIAN_POINT('Origin',(-7.35000000000001,-32.2,-35.1499999999999));
#2480=CARTESIAN_POINT('',(-10.35,-19.1,-35.1499999999999));
#2481=CARTESIAN_POINT('Origin',(-10.35,-19.1,-35.1499999999999));
#2482=CARTESIAN_POINT('',(-10.35,-32.2,-22.5750000000005));
#2483=CARTESIAN_POINT('Origin',(35.5007409875385,-17.700000000323,-37.6500000000019));
#2484=CARTESIAN_POINT('',(10.9999999985536,-17.200000000317,-37.1500000000008));
#2485=CARTESIAN_POINT('Origin',(10.9999999985406,-17.7000000003199,-37.6499999999979));
#2486=CARTESIAN_POINT('',(35.5007409875385,-17.2000000003173,-37.1500000000019));
#2487=CARTESIAN_POINT('',(27.7402868194409,-17.2000000003172,-37.1499999993365));
#2488=CARTESIAN_POINT('Origin',(27.740286819441,-13.2000000003172,-37.649999999669));
#2489=CARTESIAN_POINT('',(30.0345925648452,-16.4766081774732,-37.1500000000017));
#2490=CARTESIAN_POINT('Origin',(35.7022434659203,-13.1184635869674,-37.6500000000019));
#2491=CARTESIAN_POINT('',(31.9337788187778,-15.1467836460053,-37.1499999996692));
#2492=CARTESIAN_POINT('Origin',(36.5223903095861,-21.7000000003172,-37.6499999998357));
#2493=CARTESIAN_POINT('',(36.5223903095862,-13.7000000003172,-37.1500000000019));
#2494=CARTESIAN_POINT('Origin',(-9.85000000000005,-32.7,-22.5750000000005));
#2495=CARTESIAN_POINT('',(-10.35,-32.2,-35.1499999999999));
#2496=CARTESIAN_POINT('Origin',(41.9999999993369,-14.200000000323,-37.6500000000022));
#2497=CARTESIAN_POINT('',(41.9999999985537,-13.7000000003172,-37.1500000007355));
#2498=CARTESIAN_POINT('Origin',(-7.35000000000001,-32.7,-35.1499999999999));
#2499=CARTESIAN_POINT('',(-7.35,-32.2,-38.1499999999999));
#2500=CARTESIAN_POINT('Origin',(41.9999999985536,-25.2000000003172,-37.6500000003688));
#2501=CARTESIAN_POINT('',(41.9999999985536,-36.7000000003172,-37.1500000000022));
#2502=CARTESIAN_POINT('Origin',(28.9124999999994,-32.7,-37.6500000000016));
#2503=CARTESIAN_POINT('',(27.7402868189872,-32.1999999995728,-38.1500000000016));
#2504=CARTESIAN_POINT('Origin',(37.9999999993369,-36.2000000003229,-37.650000000002));
#2505=CARTESIAN_POINT('',(36.5223903095855,-36.7000000003172,-37.1499999995125));
#2506=CARTESIAN_POINT('Origin',(27.7402868189873,-37.2,-37.6499999995382));
#2507=CARTESIAN_POINT('',(30.6081690007199,-33.1042397785873,-38.1500000000017));
#2508=CARTESIAN_POINT('Origin',(36.5223903095855,-28.7000000003172,-37.6499999997572));
#2509=CARTESIAN_POINT('',(31.9337788187771,-35.2532163546291,-37.1500000000017));
#2510=CARTESIAN_POINT('Origin',(30.3369219605573,-33.5246978507051,-37.6500000000017));
#2511=CARTESIAN_POINT('Origin',(29.0014819750772,-17.2000000002908,-32.5499999999996));
#2512=CARTESIAN_POINT('',(10.9999999986739,-17.2000000002907,-32.5499999997709));
#2513=CARTESIAN_POINT('Origin',(4.99870268618864,-25.3,-34.));
#2514=CARTESIAN_POINT('',(3.29870268618864,-25.3,-34.));
#2515=CARTESIAN_POINT('Origin',(4.99870268618864,-25.3,-34.));
#2516=CARTESIAN_POINT('Origin',(4.99870268618864,-19.1,-34.));
#2517=CARTESIAN_POINT('',(3.29870268618864,-19.1,-34.));
#2518=CARTESIAN_POINT('Origin',(-4.99870268618858,-25.3,-34.));
#2519=CARTESIAN_POINT('',(-6.69870268618858,-25.3,-34.));
#2520=CARTESIAN_POINT('Origin',(-4.99870268618858,-25.3,-34.));
#2521=CARTESIAN_POINT('Origin',(-4.99870268618858,-19.1,-34.));
#2522=CARTESIAN_POINT('',(-6.69870268618858,-19.1,-34.));
#2523=CARTESIAN_POINT('Origin',(10.9999999993371,-32.6999999996318,-21.2749999999439));
#2524=CARTESIAN_POINT('',(10.4999999989689,-32.1999999992636,-21.2749999999308));
#2525=CARTESIAN_POINT('Origin',(10.4999999986739,-17.2000000002907,-32.5499999999999));
#2526=CARTESIAN_POINT('',(10.4999999986739,-17.7000000002907,-32.5499999997549));
#2527=CARTESIAN_POINT('Origin',(10.9999999986739,-17.7000000002907,-32.549999999768));
#2528=UNCERTAINTY_MEASURE_WITH_UNIT(LENGTH_MEASURE(0.01),#2532,
'DISTANCE_ACCURACY_VALUE',
'Maximum model space distance between geometric entities at asserted c
onnectivities');
#2529=UNCERTAINTY_MEASURE_WITH_UNIT(LENGTH_MEASURE(0.01),#2532,
'DISTANCE_ACCURACY_VALUE',
'Maximum model space distance between geometric entities at asserted c
onnectivities');
#2530=(
GEOMETRIC_REPRESENTATION_CONTEXT(3)
GLOBAL_UNCERTAINTY_ASSIGNED_CONTEXT((#2528))
GLOBAL_UNIT_ASSIGNED_CONTEXT((#2532,#2534,#2535))
REPRESENTATION_CONTEXT('','3D')
);
#2531=(
GEOMETRIC_REPRESENTATION_CONTEXT(3)
GLOBAL_UNCERTAINTY_ASSIGNED_CONTEXT((#2529))
GLOBAL_UNIT_ASSIGNED_CONTEXT((#2532,#2534,#2535))
REPRESENTATION_CONTEXT('','3D')
);
#2532=(
LENGTH_UNIT()
NAMED_UNIT(*)
SI_UNIT(.MILLI.,.METRE.)
);
#2533=(
LENGTH_UNIT()
NAMED_UNIT(*)
SI_UNIT($,.METRE.)
);
#2534=(
NAMED_UNIT(*)
PLANE_ANGLE_UNIT()
SI_UNIT($,.RADIAN.)
);
#2535=(
NAMED_UNIT(*)
SI_UNIT($,.STERADIAN.)
SOLID_ANGLE_UNIT()
);
#2536=SHAPE_DEFINITION_REPRESENTATION(#2537,#2538);
#2537=PRODUCT_DEFINITION_SHAPE('',$,#2540);
#2538=SHAPE_REPRESENTATION('',(#1460),#2530);
#2539=PRODUCT_DEFINITION_CONTEXT('part definition',#2544,'design');
#2540=PRODUCT_DEFINITION('(Unsaved)','(Unsaved)',#2541,#2539);
#2541=PRODUCT_DEFINITION_FORMATION('',$,#2546);
#2542=PRODUCT_RELATED_PRODUCT_CATEGORY('(Unsaved)','(Unsaved)',(#2546));
#2543=APPLICATION_PROTOCOL_DEFINITION('international standard',
'automotive_design',2009,#2544);
#2544=APPLICATION_CONTEXT(
'Core Data for Automotive Mechanical Design Process');
#2545=PRODUCT_CONTEXT('part definition',#2544,'mechanical');
#2546=PRODUCT('(Unsaved)','(Unsaved)',$,(#2545));
#2547=PRESENTATION_STYLE_ASSIGNMENT((#2548));
#2548=SURFACE_STYLE_USAGE(.BOTH.,#2549);
#2549=SURFACE_SIDE_STYLE('',(#2550));
#2550=SURFACE_STYLE_FILL_AREA(#2551);
#2551=FILL_AREA_STYLE('Steel - Satin',(#2552));
#2552=FILL_AREA_STYLE_COLOUR('Steel - Satin',#2553);
#2553=COLOUR_RGB('Steel - Satin',0.627450980392157,0.627450980392157,0.627450980392157);
ENDSEC;
END-ISO-10303-21;
