ISO-10303-21;
HEADER;
/* Generated by software containing ST-Developer
 * from STEP Tools, Inc. (www.steptools.com) 
 */

FILE_DESCRIPTION(
/* description */ (''),
/* implementation_level */ '2;1');

FILE_NAME(
/* name */ 'coxa-bottom-right-x3.step',
/* time_stamp */ '2026-09-30T23:19:25+03:00',
/* author */ (''),
/* organization */ (''),
/* preprocessor_version */ 'ST-DEVELOPER v20.1',
/* originating_system */ 'Autodesk Translation Framework v15.8.0.0',
/* authorisation */ '');

FILE_SCHEMA (('AUTOMOTIVE_DESIGN { 1 0 10303 214 3 1 1 }'));
ENDSEC;

DATA;
#10=MECHANICAL_DESIGN_GEOMETRIC_PRESENTATION_REPRESENTATION('',(#13),#2832);
#11=SHAPE_REPRESENTATION_RELATIONSHIP('SRR','None',#2839,#12);
#12=ADVANCED_BREP_SHAPE_REPRESENTATION('',(#14),#2831);
#13=STYLED_ITEM('',(#2848),#14);
#14=MANIFOLD_SOLID_BREP('coxa-bottom-right-x3',#1550);
#15=ELLIPSE('',#1588,0.707106781182491,0.5);
#16=ELLIPSE('',#1589,0.707106781205041,0.5);
#17=CONICAL_SURFACE('',#1581,0.399999999894327,0.785398162881741);
#18=CONICAL_SURFACE('',#1594,6.50000000006251,0.785398163305668);
#19=CONICAL_SURFACE('',#1598,6.49999999999999,0.785398163397448);
#20=CONICAL_SURFACE('',#1611,4.50000000000516,0.785398162810299);
#21=CONICAL_SURFACE('',#1614,2.5,0.785398163397449);
#22=CONICAL_SURFACE('',#1619,7.49999999999333,0.785398162791205);
#23=CONICAL_SURFACE('',#1623,11.0000000000131,0.785398162933014);
#24=CONICAL_SURFACE('',#1627,7.4999999999988,0.785398162820366);
#25=CONICAL_SURFACE('',#1631,4.5000000000012,0.785398162925202);
#26=CONICAL_SURFACE('',#1651,1.50000000000925,0.785398163177089);
#27=CONICAL_SURFACE('',#1655,2.5,0.785398163397448);
#28=CONICAL_SURFACE('',#1665,4.49999999999483,0.785398163136962);
#29=CONICAL_SURFACE('',#1668,7.50000000000667,0.785398163358274);
#30=CONICAL_SURFACE('',#1671,10.9999999999869,0.785398163216399);
#31=CONICAL_SURFACE('',#1674,7.5000000000012,0.785398163329114);
#32=CONICAL_SURFACE('',#1677,4.4999999999988,0.785398163224191);
#33=CONICAL_SURFACE('',#1686,1.7,0.785398163397458);
#34=CONICAL_SURFACE('',#1688,1.7,0.785398163397438);
#35=CYLINDRICAL_SURFACE('',#1569,3.1);
#36=CYLINDRICAL_SURFACE('',#1573,3.1);
#37=CYLINDRICAL_SURFACE('',#1587,0.5);
#38=CYLINDRICAL_SURFACE('',#1592,1.7);
#39=CYLINDRICAL_SURFACE('',#1593,1.7);
#40=CYLINDRICAL_SURFACE('',#1596,5.99999999999999);
#41=CYLINDRICAL_SURFACE('',#1600,1.7);
#42=CYLINDRICAL_SURFACE('',#1604,1.7);
#43=CYLINDRICAL_SURFACE('',#1637,4.);
#44=CYLINDRICAL_SURFACE('',#1640,8.);
#45=CYLINDRICAL_SURFACE('',#1643,11.5);
#46=CYLINDRICAL_SURFACE('',#1646,8.);
#47=CYLINDRICAL_SURFACE('',#1649,4.);
#48=CYLINDRICAL_SURFACE('',#1659,1.);
#49=CYLINDRICAL_SURFACE('',#1690,1.2);
#50=CYLINDRICAL_SURFACE('',#1699,10.2);
#51=CYLINDRICAL_SURFACE('',#1702,1.7);
#52=CYLINDRICAL_SURFACE('',#1703,1.7);
#53=CYLINDRICAL_SURFACE('',#1704,1.7);
#54=CYLINDRICAL_SURFACE('',#1705,1.7);
#55=CYLINDRICAL_SURFACE('',#1706,3.1);
#56=CYLINDRICAL_SURFACE('',#1707,3.);
#57=FACE_BOUND('',#279,.T.);
#58=FACE_BOUND('',#280,.T.);
#59=FACE_BOUND('',#287,.T.);
#60=FACE_BOUND('',#288,.T.);
#61=FACE_BOUND('',#343,.T.);
#62=FACE_BOUND('',#344,.T.);
#63=FACE_BOUND('',#359,.T.);
#64=FACE_BOUND('',#360,.T.);
#65=FACE_BOUND('',#361,.T.);
#66=FACE_BOUND('',#362,.T.);
#67=FACE_BOUND('',#363,.T.);
#68=FACE_BOUND('',#364,.T.);
#69=FACE_BOUND('',#370,.T.);
#70=FACE_BOUND('',#371,.T.);
#71=FACE_BOUND('',#372,.T.);
#72=FACE_BOUND('',#373,.T.);
#73=FACE_BOUND('',#374,.T.);
#74=FACE_BOUND('',#377,.T.);
#75=(
BOUNDED_CURVE()
B_SPLINE_CURVE(2,(#2232,#2233,#2234),.UNSPECIFIED.,.F.,.F.)
B_SPLINE_CURVE_WITH_KNOTS((3,3),(0.619475718438446,0.624851802752151),
 .UNSPECIFIED.)
CURVE()
GEOMETRIC_REPRESENTATION_ITEM()
RATIONAL_B_SPLINE_CURVE((1.82619102489608,1.71078786718077,1.5933194452856))
REPRESENTATION_ITEM('')
);
#76=(
BOUNDED_CURVE()
B_SPLINE_CURVE(2,(#2242,#2243,#2244),.UNSPECIFIED.,.F.,.F.)
B_SPLINE_CURVE_WITH_KNOTS((3,3),(0.198399808142494,0.205321646374177),
 .UNSPECIFIED.)
CURVE()
GEOMETRIC_REPRESENTATION_ITEM()
RATIONAL_B_SPLINE_CURVE((1.,1.,1.))
REPRESENTATION_ITEM('')
);
#77=(
BOUNDED_CURVE()
B_SPLINE_CURVE(2,(#2248,#2249,#2250),.UNSPECIFIED.,.F.,.F.)
B_SPLINE_CURVE_WITH_KNOTS((3,3),(0.335777627525723,0.336894605825851),
 .UNSPECIFIED.)
CURVE()
GEOMETRIC_REPRESENTATION_ITEM()
RATIONAL_B_SPLINE_CURVE((1.,1.,1.))
REPRESENTATION_ITEM('')
);
#78=(
BOUNDED_CURVE()
B_SPLINE_CURVE(2,(#2424,#2425,#2426),.UNSPECIFIED.,.F.,.F.)
B_SPLINE_CURVE_WITH_KNOTS((3,3),(2.58392719631209,2.58504417461214),
 .UNSPECIFIED.)
CURVE()
GEOMETRIC_REPRESENTATION_ITEM()
RATIONAL_B_SPLINE_CURVE((0.999999999798656,0.999999999798946,0.999999999799236))
REPRESENTATION_ITEM('')
);
#79=(
BOUNDED_CURVE()
B_SPLINE_CURVE(2,(#2449,#2450,#2451),.UNSPECIFIED.,.F.,.F.)
B_SPLINE_CURVE_WITH_KNOTS((3,3),(0.140623703763607,0.185725737670711),
 .UNSPECIFIED.)
CURVE()
GEOMETRIC_REPRESENTATION_ITEM()
RATIONAL_B_SPLINE_CURVE((1.78244977699918,1.87990842074751,1.95939450247167))
REPRESENTATION_ITEM('')
);
#80=(
BOUNDED_CURVE()
B_SPLINE_CURVE(2,(#2493,#2494,#2495),.UNSPECIFIED.,.F.,.F.)
B_SPLINE_CURVE_WITH_KNOTS((3,3),(0.0431865553267044,0.130123247417015),
 .UNSPECIFIED.)
CURVE()
GEOMETRIC_REPRESENTATION_ITEM()
RATIONAL_B_SPLINE_CURVE((1.20454545454549,1.40088669836015,1.55882352941258))
REPRESENTATION_ITEM('')
);
#81=(
BOUNDED_CURVE()
B_SPLINE_CURVE(2,(#2496,#2497,#2498),.UNSPECIFIED.,.F.,.F.)
B_SPLINE_CURVE_WITH_KNOTS((3,3),(0.,0.205721889072285),.UNSPECIFIED.)
CURVE()
GEOMETRIC_REPRESENTATION_ITEM()
RATIONAL_B_SPLINE_CURVE((1.,1.18406292828543,1.01194939498829))
REPRESENTATION_ITEM('')
);
#82=(
BOUNDED_CURVE()
B_SPLINE_CURVE(2,(#2501,#2502,#2503),.UNSPECIFIED.,.F.,.F.)
B_SPLINE_CURVE_WITH_KNOTS((3,3),(0.229836966666526,0.255109380616352),
 .UNSPECIFIED.)
CURVE()
GEOMETRIC_REPRESENTATION_ITEM()
RATIONAL_B_SPLINE_CURVE((1.47183836034042,1.47183836034042,1.46613347478719))
REPRESENTATION_ITEM('')
);
#83=(
BOUNDED_CURVE()
B_SPLINE_CURVE(2,(#2558,#2559,#2560),.UNSPECIFIED.,.F.,.F.)
B_SPLINE_CURVE_WITH_KNOTS((3,3),(0.,0.0133237683229625),.UNSPECIFIED.)
CURVE()
GEOMETRIC_REPRESENTATION_ITEM()
RATIONAL_B_SPLINE_CURVE((1.,1.,1.))
REPRESENTATION_ITEM('')
);
#84=CIRCLE('',#1565,0.299999999788654);
#85=CIRCLE('',#1566,1.7);
#86=CIRCLE('',#1567,1.7);
#87=CIRCLE('',#1570,3.1);
#88=CIRCLE('',#1571,3.1);
#89=CIRCLE('',#1574,3.1);
#90=CIRCLE('',#1575,3.1);
#91=CIRCLE('',#1578,1.7);
#92=CIRCLE('',#1579,1.7);
#93=CIRCLE('',#1582,0.5);
#94=CIRCLE('',#1591,7.00000000012504);
#95=CIRCLE('',#1595,5.99999999999999);
#96=CIRCLE('',#1597,5.99999999999999);
#97=CIRCLE('',#1599,6.99999999999999);
#98=CIRCLE('',#1601,1.7);
#99=CIRCLE('',#1602,1.7);
#100=CIRCLE('',#1605,1.7);
#101=CIRCLE('',#1606,1.7);
#102=CIRCLE('',#1612,4.);
#103=CIRCLE('',#1613,5.00000000001033);
#104=CIRCLE('',#1615,2.);
#105=CIRCLE('',#1616,3.);
#106=CIRCLE('',#1620,8.);
#107=CIRCLE('',#1621,6.99999999998666);
#108=CIRCLE('',#1624,10.5000000000262);
#109=CIRCLE('',#1625,11.5);
#110=CIRCLE('',#1628,8.);
#111=CIRCLE('',#1629,6.9999999999976);
#112=CIRCLE('',#1632,4.);
#113=CIRCLE('',#1633,5.0000000000024);
#114=CIRCLE('',#1636,2.2);
#115=CIRCLE('',#1638,4.);
#116=CIRCLE('',#1641,8.);
#117=CIRCLE('',#1644,11.5);
#118=CIRCLE('',#1647,8.);
#119=CIRCLE('',#1650,4.);
#120=CIRCLE('',#1652,2.0000000000185);
#121=CIRCLE('',#1653,1.);
#122=CIRCLE('',#1656,2.);
#123=CIRCLE('',#1657,3.);
#124=CIRCLE('',#1661,2.2);
#125=CIRCLE('',#1666,4.99999999998967);
#126=CIRCLE('',#1669,7.00000000001334);
#127=CIRCLE('',#1672,10.4999999999738);
#128=CIRCLE('',#1675,7.0000000000024);
#129=CIRCLE('',#1678,4.9999999999976);
#130=CIRCLE('',#1681,1.7);
#131=CIRCLE('',#1682,1.7);
#132=CIRCLE('',#1683,3.1);
#133=CIRCLE('',#1684,1.7);
#134=CIRCLE('',#1685,1.7);
#135=CIRCLE('',#1687,1.2);
#136=CIRCLE('',#1689,1.2);
#137=CIRCLE('',#1693,10.2);
#138=CIRCLE('',#1694,1.7);
#139=CIRCLE('',#1695,1.7);
#140=CIRCLE('',#1696,1.7);
#141=CIRCLE('',#1697,3.1);
#142=CIRCLE('',#1698,1.7);
#143=CIRCLE('',#1700,10.2);
#144=PLANE('',#1564);
#145=PLANE('',#1568);
#146=PLANE('',#1572);
#147=PLANE('',#1576);
#148=PLANE('',#1577);
#149=PLANE('',#1580);
#150=PLANE('',#1583);
#151=PLANE('',#1584);
#152=PLANE('',#1585);
#153=PLANE('',#1586);
#154=PLANE('',#1590);
#155=PLANE('',#1603);
#156=PLANE('',#1607);
#157=PLANE('',#1608);
#158=PLANE('',#1609);
#159=PLANE('',#1610);
#160=PLANE('',#1617);
#161=PLANE('',#1618);
#162=PLANE('',#1622);
#163=PLANE('',#1626);
#164=PLANE('',#1630);
#165=PLANE('',#1634);
#166=PLANE('',#1635);
#167=PLANE('',#1639);
#168=PLANE('',#1642);
#169=PLANE('',#1645);
#170=PLANE('',#1648);
#171=PLANE('',#1654);
#172=PLANE('',#1658);
#173=PLANE('',#1660);
#174=PLANE('',#1662);
#175=PLANE('',#1663);
#176=PLANE('',#1664);
#177=PLANE('',#1667);
#178=PLANE('',#1670);
#179=PLANE('',#1673);
#180=PLANE('',#1676);
#181=PLANE('',#1679);
#182=PLANE('',#1680);
#183=PLANE('',#1691);
#184=PLANE('',#1692);
#185=PLANE('',#1701);
#186=PLANE('',#1708);
#187=FACE_OUTER_BOUND('',#277,.T.);
#188=FACE_OUTER_BOUND('',#278,.T.);
#189=FACE_OUTER_BOUND('',#281,.T.);
#190=FACE_OUTER_BOUND('',#282,.T.);
#191=FACE_OUTER_BOUND('',#283,.T.);
#192=FACE_OUTER_BOUND('',#284,.T.);
#193=FACE_OUTER_BOUND('',#285,.T.);
#194=FACE_OUTER_BOUND('',#286,.T.);
#195=FACE_OUTER_BOUND('',#289,.T.);
#196=FACE_OUTER_BOUND('',#290,.T.);
#197=FACE_OUTER_BOUND('',#291,.T.);
#198=FACE_OUTER_BOUND('',#292,.T.);
#199=FACE_OUTER_BOUND('',#293,.T.);
#200=FACE_OUTER_BOUND('',#294,.T.);
#201=FACE_OUTER_BOUND('',#295,.T.);
#202=FACE_OUTER_BOUND('',#296,.T.);
#203=FACE_OUTER_BOUND('',#297,.T.);
#204=FACE_OUTER_BOUND('',#298,.T.);
#205=FACE_OUTER_BOUND('',#299,.T.);
#206=FACE_OUTER_BOUND('',#300,.T.);
#207=FACE_OUTER_BOUND('',#301,.T.);
#208=FACE_OUTER_BOUND('',#302,.T.);
#209=FACE_OUTER_BOUND('',#303,.T.);
#210=FACE_OUTER_BOUND('',#304,.T.);
#211=FACE_OUTER_BOUND('',#305,.T.);
#212=FACE_OUTER_BOUND('',#306,.T.);
#213=FACE_OUTER_BOUND('',#307,.T.);
#214=FACE_OUTER_BOUND('',#308,.T.);
#215=FACE_OUTER_BOUND('',#309,.T.);
#216=FACE_OUTER_BOUND('',#310,.T.);
#217=FACE_OUTER_BOUND('',#311,.T.);
#218=FACE_OUTER_BOUND('',#312,.T.);
#219=FACE_OUTER_BOUND('',#313,.T.);
#220=FACE_OUTER_BOUND('',#314,.T.);
#221=FACE_OUTER_BOUND('',#315,.T.);
#222=FACE_OUTER_BOUND('',#316,.T.);
#223=FACE_OUTER_BOUND('',#317,.T.);
#224=FACE_OUTER_BOUND('',#318,.T.);
#225=FACE_OUTER_BOUND('',#319,.T.);
#226=FACE_OUTER_BOUND('',#320,.T.);
#227=FACE_OUTER_BOUND('',#321,.T.);
#228=FACE_OUTER_BOUND('',#322,.T.);
#229=FACE_OUTER_BOUND('',#323,.T.);
#230=FACE_OUTER_BOUND('',#324,.T.);
#231=FACE_OUTER_BOUND('',#325,.T.);
#232=FACE_OUTER_BOUND('',#326,.T.);
#233=FACE_OUTER_BOUND('',#327,.T.);
#234=FACE_OUTER_BOUND('',#328,.T.);
#235=FACE_OUTER_BOUND('',#329,.T.);
#236=FACE_OUTER_BOUND('',#330,.T.);
#237=FACE_OUTER_BOUND('',#331,.T.);
#238=FACE_OUTER_BOUND('',#332,.T.);
#239=FACE_OUTER_BOUND('',#333,.T.);
#240=FACE_OUTER_BOUND('',#334,.T.);
#241=FACE_OUTER_BOUND('',#335,.T.);
#242=FACE_OUTER_BOUND('',#336,.T.);
#243=FACE_OUTER_BOUND('',#337,.T.);
#244=FACE_OUTER_BOUND('',#338,.T.);
#245=FACE_OUTER_BOUND('',#339,.T.);
#246=FACE_OUTER_BOUND('',#340,.T.);
#247=FACE_OUTER_BOUND('',#341,.T.);
#248=FACE_OUTER_BOUND('',#342,.T.);
#249=FACE_OUTER_BOUND('',#345,.T.);
#250=FACE_OUTER_BOUND('',#346,.T.);
#251=FACE_OUTER_BOUND('',#347,.T.);
#252=FACE_OUTER_BOUND('',#348,.T.);
#253=FACE_OUTER_BOUND('',#349,.T.);
#254=FACE_OUTER_BOUND('',#350,.T.);
#255=FACE_OUTER_BOUND('',#351,.T.);
#256=FACE_OUTER_BOUND('',#352,.T.);
#257=FACE_OUTER_BOUND('',#353,.T.);
#258=FACE_OUTER_BOUND('',#354,.T.);
#259=FACE_OUTER_BOUND('',#355,.T.);
#260=FACE_OUTER_BOUND('',#356,.T.);
#261=FACE_OUTER_BOUND('',#357,.T.);
#262=FACE_OUTER_BOUND('',#358,.T.);
#263=FACE_OUTER_BOUND('',#365,.T.);
#264=FACE_OUTER_BOUND('',#366,.T.);
#265=FACE_OUTER_BOUND('',#367,.T.);
#266=FACE_OUTER_BOUND('',#368,.T.);
#267=FACE_OUTER_BOUND('',#369,.T.);
#268=FACE_OUTER_BOUND('',#375,.T.);
#269=FACE_OUTER_BOUND('',#376,.T.);
#270=FACE_OUTER_BOUND('',#378,.T.);
#271=FACE_OUTER_BOUND('',#379,.T.);
#272=FACE_OUTER_BOUND('',#380,.T.);
#273=FACE_OUTER_BOUND('',#381,.T.);
#274=FACE_OUTER_BOUND('',#382,.T.);
#275=FACE_OUTER_BOUND('',#383,.T.);
#276=FACE_OUTER_BOUND('',#384,.T.);
#277=EDGE_LOOP('',(#1013,#1014,#1015,#1016));
#278=EDGE_LOOP('',(#1017,#1018,#1019,#1020,#1021,#1022,#1023,#1024,#1025,
#1026,#1027,#1028));
#279=EDGE_LOOP('',(#1029));
#280=EDGE_LOOP('',(#1030));
#281=EDGE_LOOP('',(#1031,#1032,#1033,#1034,#1035,#1036,#1037));
#282=EDGE_LOOP('',(#1038,#1039,#1040,#1041));
#283=EDGE_LOOP('',(#1042,#1043,#1044,#1045));
#284=EDGE_LOOP('',(#1046,#1047,#1048,#1049));
#285=EDGE_LOOP('',(#1050,#1051,#1052,#1053));
#286=EDGE_LOOP('',(#1054,#1055,#1056,#1057));
#287=EDGE_LOOP('',(#1058));
#288=EDGE_LOOP('',(#1059));
#289=EDGE_LOOP('',(#1060,#1061,#1062));
#290=EDGE_LOOP('',(#1063,#1064,#1065,#1066,#1067,#1068));
#291=EDGE_LOOP('',(#1069,#1070,#1071,#1072));
#292=EDGE_LOOP('',(#1073,#1074,#1075,#1076,#1077,#1078));
#293=EDGE_LOOP('',(#1079,#1080,#1081,#1082,#1083,#1084));
#294=EDGE_LOOP('',(#1085,#1086,#1087,#1088));
#295=EDGE_LOOP('',(#1089,#1090,#1091));
#296=EDGE_LOOP('',(#1092,#1093,#1094,#1095));
#297=EDGE_LOOP('',(#1096,#1097,#1098,#1099,#1100,#1101));
#298=EDGE_LOOP('',(#1102,#1103,#1104,#1105));
#299=EDGE_LOOP('',(#1106,#1107,#1108,#1109,#1110,#1111));
#300=EDGE_LOOP('',(#1112,#1113,#1114,#1115));
#301=EDGE_LOOP('',(#1116,#1117,#1118,#1119,#1120));
#302=EDGE_LOOP('',(#1121,#1122,#1123,#1124,#1125,#1126));
#303=EDGE_LOOP('',(#1127,#1128,#1129,#1130));
#304=EDGE_LOOP('',(#1131,#1132,#1133,#1134));
#305=EDGE_LOOP('',(#1135,#1136,#1137,#1138,#1139,#1140));
#306=EDGE_LOOP('',(#1141,#1142,#1143,#1144,#1145,#1146));
#307=EDGE_LOOP('',(#1147,#1148,#1149,#1150,#1151,#1152));
#308=EDGE_LOOP('',(#1153,#1154,#1155,#1156));
#309=EDGE_LOOP('',(#1157));
#310=EDGE_LOOP('',(#1158,#1159,#1160,#1161));
#311=EDGE_LOOP('',(#1162));
#312=EDGE_LOOP('',(#1163,#1164,#1165,#1166));
#313=EDGE_LOOP('',(#1167,#1168,#1169,#1170,#1171,#1172));
#314=EDGE_LOOP('',(#1173,#1174,#1175,#1176));
#315=EDGE_LOOP('',(#1177,#1178,#1179,#1180));
#316=EDGE_LOOP('',(#1181,#1182,#1183,#1184));
#317=EDGE_LOOP('',(#1185,#1186,#1187,#1188));
#318=EDGE_LOOP('',(#1189,#1190,#1191,#1192,#1193));
#319=EDGE_LOOP('',(#1194,#1195,#1196,#1197));
#320=EDGE_LOOP('',(#1198,#1199,#1200,#1201));
#321=EDGE_LOOP('',(#1202,#1203,#1204,#1205));
#322=EDGE_LOOP('',(#1206,#1207,#1208,#1209));
#323=EDGE_LOOP('',(#1210,#1211,#1212,#1213));
#324=EDGE_LOOP('',(#1214,#1215,#1216,#1217));
#325=EDGE_LOOP('',(#1218,#1219,#1220,#1221));
#326=EDGE_LOOP('',(#1222,#1223,#1224,#1225,#1226));
#327=EDGE_LOOP('',(#1227,#1228,#1229,#1230,#1231,#1232,#1233,#1234,#1235));
#328=EDGE_LOOP('',(#1236,#1237,#1238,#1239));
#329=EDGE_LOOP('',(#1240,#1241,#1242,#1243));
#330=EDGE_LOOP('',(#1244,#1245,#1246,#1247));
#331=EDGE_LOOP('',(#1248,#1249,#1250,#1251));
#332=EDGE_LOOP('',(#1252,#1253,#1254,#1255));
#333=EDGE_LOOP('',(#1256,#1257,#1258,#1259));
#334=EDGE_LOOP('',(#1260,#1261,#1262,#1263));
#335=EDGE_LOOP('',(#1264,#1265,#1266,#1267));
#336=EDGE_LOOP('',(#1268,#1269,#1270,#1271));
#337=EDGE_LOOP('',(#1272,#1273,#1274,#1275,#1276));
#338=EDGE_LOOP('',(#1277,#1278,#1279,#1280));
#339=EDGE_LOOP('',(#1281,#1282,#1283,#1284));
#340=EDGE_LOOP('',(#1285,#1286,#1287,#1288,#1289));
#341=EDGE_LOOP('',(#1290,#1291,#1292,#1293));
#342=EDGE_LOOP('',(#1294,#1295,#1296,#1297,#1298,#1299));
#343=EDGE_LOOP('',(#1300));
#344=EDGE_LOOP('',(#1301));
#345=EDGE_LOOP('',(#1302,#1303,#1304,#1305,#1306));
#346=EDGE_LOOP('',(#1307,#1308,#1309,#1310,#1311,#1312));
#347=EDGE_LOOP('',(#1313,#1314,#1315,#1316));
#348=EDGE_LOOP('',(#1317,#1318,#1319,#1320));
#349=EDGE_LOOP('',(#1321,#1322,#1323,#1324));
#350=EDGE_LOOP('',(#1325,#1326,#1327,#1328));
#351=EDGE_LOOP('',(#1329,#1330,#1331,#1332));
#352=EDGE_LOOP('',(#1333,#1334,#1335,#1336));
#353=EDGE_LOOP('',(#1337,#1338,#1339,#1340));
#354=EDGE_LOOP('',(#1341,#1342,#1343,#1344));
#355=EDGE_LOOP('',(#1345,#1346,#1347,#1348));
#356=EDGE_LOOP('',(#1349,#1350,#1351,#1352));
#357=EDGE_LOOP('',(#1353,#1354,#1355,#1356));
#358=EDGE_LOOP('',(#1357,#1358,#1359,#1360,#1361,#1362,#1363,#1364,#1365,
#1366,#1367,#1368,#1369,#1370));
#359=EDGE_LOOP('',(#1371));
#360=EDGE_LOOP('',(#1372));
#361=EDGE_LOOP('',(#1373));
#362=EDGE_LOOP('',(#1374));
#363=EDGE_LOOP('',(#1375));
#364=EDGE_LOOP('',(#1376,#1377,#1378,#1379));
#365=EDGE_LOOP('',(#1380,#1381,#1382,#1383,#1384));
#366=EDGE_LOOP('',(#1385,#1386,#1387,#1388,#1389,#1390,#1391,#1392,#1393));
#367=EDGE_LOOP('',(#1394,#1395,#1396,#1397));
#368=EDGE_LOOP('',(#1398,#1399,#1400,#1401));
#369=EDGE_LOOP('',(#1402));
#370=EDGE_LOOP('',(#1403));
#371=EDGE_LOOP('',(#1404));
#372=EDGE_LOOP('',(#1405));
#373=EDGE_LOOP('',(#1406));
#374=EDGE_LOOP('',(#1407));
#375=EDGE_LOOP('',(#1408,#1409,#1410,#1411));
#376=EDGE_LOOP('',(#1412,#1413,#1414,#1415,#1416,#1417,#1418,#1419,#1420,
#1421,#1422,#1423));
#377=EDGE_LOOP('',(#1424));
#378=EDGE_LOOP('',(#1425,#1426,#1427,#1428));
#379=EDGE_LOOP('',(#1429,#1430,#1431,#1432));
#380=EDGE_LOOP('',(#1433,#1434,#1435,#1436));
#381=EDGE_LOOP('',(#1437,#1438,#1439,#1440));
#382=EDGE_LOOP('',(#1441,#1442,#1443,#1444));
#383=EDGE_LOOP('',(#1445,#1446,#1447,#1448));
#384=EDGE_LOOP('',(#1449,#1450,#1451,#1452));
#385=LINE('',#2178,#508);
#386=LINE('',#2202,#509);
#387=LINE('',#2214,#510);
#388=LINE('',#2226,#511);
#389=LINE('',#2230,#512);
#390=LINE('',#2235,#513);
#391=LINE('',#2246,#514);
#392=LINE('',#2268,#515);
#393=LINE('',#2271,#516);
#394=LINE('',#2274,#517);
#395=LINE('',#2276,#518);
#396=LINE('',#2277,#519);
#397=LINE('',#2282,#520);
#398=LINE('',#2285,#521);
#399=LINE('',#2286,#522);
#400=LINE('',#2418,#523);
#401=LINE('',#2419,#524);
#402=LINE('',#2430,#525);
#403=LINE('',#2452,#526);
#404=LINE('',#2455,#527);
#405=LINE('',#2487,#528);
#406=LINE('',#2489,#529);
#407=LINE('',#2491,#530);
#408=LINE('',#2504,#531);
#409=LINE('',#2507,#532);
#410=LINE('',#2515,#533);
#411=LINE('',#2517,#534);
#412=LINE('',#2518,#535);
#413=LINE('',#2520,#536);
#414=LINE('',#2522,#537);
#415=LINE('',#2526,#538);
#416=LINE('',#2530,#539);
#417=LINE('',#2534,#540);
#418=LINE('',#2539,#541);
#419=LINE('',#2546,#542);
#420=LINE('',#2551,#543);
#421=LINE('',#2552,#544);
#422=LINE('',#2555,#545);
#423=LINE('',#2557,#546);
#424=LINE('',#2564,#547);
#425=LINE('',#2566,#548);
#426=LINE('',#2568,#549);
#427=LINE('',#2569,#550);
#428=LINE('',#2573,#551);
#429=LINE('',#2580,#552);
#430=LINE('',#2584,#553);
#431=LINE('',#2586,#554);
#432=LINE('',#2587,#555);
#433=LINE('',#2591,#556);
#434=LINE('',#2592,#557);
#435=LINE('',#2594,#558);
#436=LINE('',#2595,#559);
#437=LINE('',#2599,#560);
#438=LINE('',#2604,#561);
#439=LINE('',#2606,#562);
#440=LINE('',#2607,#563);
#441=LINE('',#2612,#564);
#442=LINE('',#2617,#565);
#443=LINE('',#2618,#566);
#444=LINE('',#2619,#567);
#445=LINE('',#2623,#568);
#446=LINE('',#2629,#569);
#447=LINE('',#2630,#570);
#448=LINE('',#2631,#571);
#449=LINE('',#2637,#572);
#450=LINE('',#2639,#573);
#451=LINE('',#2641,#574);
#452=LINE('',#2642,#575);
#453=LINE('',#2646,#576);
#454=LINE('',#2647,#577);
#455=LINE('',#2650,#578);
#456=LINE('',#2654,#579);
#457=LINE('',#2655,#580);
#458=LINE('',#2658,#581);
#459=LINE('',#2662,#582);
#460=LINE('',#2663,#583);
#461=LINE('',#2666,#584);
#462=LINE('',#2670,#585);
#463=LINE('',#2671,#586);
#464=LINE('',#2674,#587);
#465=LINE('',#2678,#588);
#466=LINE('',#2679,#589);
#467=LINE('',#2686,#590);
#468=LINE('',#2690,#591);
#469=LINE('',#2692,#592);
#470=LINE('',#2693,#593);
#471=LINE('',#2697,#594);
#472=LINE('',#2703,#595);
#473=LINE('',#2704,#596);
#474=LINE('',#2706,#597);
#475=LINE('',#2707,#598);
#476=LINE('',#2710,#599);
#477=LINE('',#2726,#600);
#478=LINE('',#2730,#601);
#479=LINE('',#2732,#602);
#480=LINE('',#2733,#603);
#481=LINE('',#2735,#604);
#482=LINE('',#2736,#605);
#483=LINE('',#2739,#606);
#484=LINE('',#2740,#607);
#485=LINE('',#2743,#608);
#486=LINE('',#2747,#609);
#487=LINE('',#2748,#610);
#488=LINE('',#2751,#611);
#489=LINE('',#2755,#612);
#490=LINE('',#2756,#613);
#491=LINE('',#2759,#614);
#492=LINE('',#2763,#615);
#493=LINE('',#2764,#616);
#494=LINE('',#2767,#617);
#495=LINE('',#2771,#618);
#496=LINE('',#2772,#619);
#497=LINE('',#2775,#620);
#498=LINE('',#2778,#621);
#499=LINE('',#2780,#622);
#500=LINE('',#2796,#623);
#501=LINE('',#2813,#624);
#502=LINE('',#2817,#625);
#503=LINE('',#2819,#626);
#504=LINE('',#2821,#627);
#505=LINE('',#2823,#628);
#506=LINE('',#2825,#629);
#507=LINE('',#2827,#630);
#508=VECTOR('',#1711,10.);
#509=VECTOR('',#1714,10.);
#510=VECTOR('',#1715,10.);
#511=VECTOR('',#1716,10.);
#512=VECTOR('',#1719,10.);
#513=VECTOR('',#1720,10.);
#514=VECTOR('',#1727,10.);
#515=VECTOR('',#1732,10.);
#516=VECTOR('',#1735,10.);
#517=VECTOR('',#1738,10.);
#518=VECTOR('',#1739,10.);
#519=VECTOR('',#1740,10.);
#520=VECTOR('',#1745,10.);
#521=VECTOR('',#1750,10.);
#522=VECTOR('',#1751,10.);
#523=VECTOR('',#1760,10.);
#524=VECTOR('',#1761,10.);
#525=VECTOR('',#1766,10.);
#526=VECTOR('',#1769,10.);
#527=VECTOR('',#1772,10.);
#528=VECTOR('',#1775,10.);
#529=VECTOR('',#1776,10.);
#530=VECTOR('',#1777,10.);
#531=VECTOR('',#1780,10.);
#532=VECTOR('',#1783,10.);
#533=VECTOR('',#1792,10.);
#534=VECTOR('',#1793,10.);
#535=VECTOR('',#1794,10.);
#536=VECTOR('',#1797,1.7);
#537=VECTOR('',#1800,1.7);
#538=VECTOR('',#1805,10.);
#539=VECTOR('',#1810,10.);
#540=VECTOR('',#1815,10.);
#541=VECTOR('',#1820,1.7);
#542=VECTOR('',#1829,1.7);
#543=VECTOR('',#1836,10.);
#544=VECTOR('',#1837,10.);
#545=VECTOR('',#1840,10.);
#546=VECTOR('',#1841,10.);
#547=VECTOR('',#1844,10.);
#548=VECTOR('',#1845,10.);
#549=VECTOR('',#1846,10.);
#550=VECTOR('',#1847,10.);
#551=VECTOR('',#1850,10.);
#552=VECTOR('',#1859,10.);
#553=VECTOR('',#1864,10.);
#554=VECTOR('',#1865,10.);
#555=VECTOR('',#1866,10.);
#556=VECTOR('',#1869,10.);
#557=VECTOR('',#1870,10.);
#558=VECTOR('',#1871,10.);
#559=VECTOR('',#1872,10.);
#560=VECTOR('',#1875,10.);
#561=VECTOR('',#1882,10.);
#562=VECTOR('',#1883,10.);
#563=VECTOR('',#1884,10.);
#564=VECTOR('',#1889,10.);
#565=VECTOR('',#1894,10.);
#566=VECTOR('',#1895,10.);
#567=VECTOR('',#1896,10.);
#568=VECTOR('',#1899,10.);
#569=VECTOR('',#1906,10.);
#570=VECTOR('',#1907,10.);
#571=VECTOR('',#1908,10.);
#572=VECTOR('',#1917,10.);
#573=VECTOR('',#1918,10.);
#574=VECTOR('',#1919,10.);
#575=VECTOR('',#1920,10.);
#576=VECTOR('',#1925,10.);
#577=VECTOR('',#1926,10.);
#578=VECTOR('',#1929,10.);
#579=VECTOR('',#1934,10.);
#580=VECTOR('',#1935,10.);
#581=VECTOR('',#1938,10.);
#582=VECTOR('',#1943,10.);
#583=VECTOR('',#1944,10.);
#584=VECTOR('',#1947,10.);
#585=VECTOR('',#1952,10.);
#586=VECTOR('',#1953,10.);
#587=VECTOR('',#1956,10.);
#588=VECTOR('',#1961,10.);
#589=VECTOR('',#1962,10.);
#590=VECTOR('',#1971,10.);
#591=VECTOR('',#1976,10.);
#592=VECTOR('',#1977,10.);
#593=VECTOR('',#1978,10.);
#594=VECTOR('',#1981,10.);
#595=VECTOR('',#1988,10.);
#596=VECTOR('',#1989,10.);
#597=VECTOR('',#1990,10.);
#598=VECTOR('',#1991,10.);
#599=VECTOR('',#1994,10.);
#600=VECTOR('',#1997,10.);
#601=VECTOR('',#2002,10.);
#602=VECTOR('',#2003,10.);
#603=VECTOR('',#2004,10.);
#604=VECTOR('',#2007,10.);
#605=VECTOR('',#2008,10.);
#606=VECTOR('',#2011,10.);
#607=VECTOR('',#2012,10.);
#608=VECTOR('',#2015,10.);
#609=VECTOR('',#2020,10.);
#610=VECTOR('',#2021,10.);
#611=VECTOR('',#2024,10.);
#612=VECTOR('',#2029,10.);
#613=VECTOR('',#2030,10.);
#614=VECTOR('',#2033,10.);
#615=VECTOR('',#2038,10.);
#616=VECTOR('',#2039,10.);
#617=VECTOR('',#2042,10.);
#618=VECTOR('',#2047,10.);
#619=VECTOR('',#2048,10.);
#620=VECTOR('',#2051,10.);
#621=VECTOR('',#2056,10.);
#622=VECTOR('',#2059,10.);
#623=VECTOR('',#2080,10.);
#624=VECTOR('',#2099,10.2);
#625=VECTOR('',#2106,1.7);
#626=VECTOR('',#2109,1.7);
#627=VECTOR('',#2112,1.7);
#628=VECTOR('',#2115,1.7);
#629=VECTOR('',#2118,3.1);
#630=VECTOR('',#2121,10.);
#631=B_SPLINE_CURVE_WITH_KNOTS('',3,(#2163,#2164,#2165,#2166,#2167,#2168,
#2169,#2170,#2171,#2172,#2173,#2174,#2175,#2176),.UNSPECIFIED.,.F.,.F.,
(4,2,2,2,2,2,4),(0.,0.00139219552042315,0.0061821627085399,0.0136498557273768,
0.0168390740727078,0.0179569036827721,0.0186407846594455),.UNSPECIFIED.);
#632=B_SPLINE_CURVE_WITH_KNOTS('',3,(#2180,#2181,#2182,#2183,#2184,#2185,
#2186,#2187,#2188,#2189,#2190,#2191,#2192,#2193,#2194,#2195),
 .UNSPECIFIED.,.F.,.F.,(4,2,2,2,2,2,2,4),(0.,0.00170199413440864,0.00518656764389989,
0.0115764815822461,0.0162748839273445,0.0179581515539295,0.0185827751305713,
0.0191062922932833),.UNSPECIFIED.);
#633=B_SPLINE_CURVE_WITH_KNOTS('',3,(#2196,#2197,#2198,#2199),
 .UNSPECIFIED.,.F.,.F.,(4,4),(0.0512912606736907,0.194428345768248),
 .UNSPECIFIED.);
#634=B_SPLINE_CURVE_WITH_KNOTS('',3,(#2204,#2205,#2206,#2207),
 .UNSPECIFIED.,.F.,.F.,(4,4),(0.150776501295899,0.155951966867878),
 .UNSPECIFIED.);
#635=B_SPLINE_CURVE_WITH_KNOTS('',3,(#2209,#2210,#2211,#2212),
 .UNSPECIFIED.,.F.,.F.,(4,4),(0.0569712730116005,0.150776501295899),
 .UNSPECIFIED.);
#636=B_SPLINE_CURVE_WITH_KNOTS('',3,(#2216,#2217,#2218,#2219),
 .UNSPECIFIED.,.F.,.F.,(4,4),(0.,0.093805228319763),.UNSPECIFIED.);
#637=B_SPLINE_CURVE_WITH_KNOTS('',3,(#2221,#2222,#2223,#2224),
 .UNSPECIFIED.,.F.,.F.,(4,4),(-0.00517546556647974,0.),.UNSPECIFIED.);
#638=B_SPLINE_CURVE_WITH_KNOTS('',3,(#2252,#2253,#2254,#2255,#2256,#2257,
#2258),.UNSPECIFIED.,.F.,.F.,(4,3,4),(0.0182220534471265,0.0223378291513247,
0.0448183652130489),.UNSPECIFIED.);
#639=B_SPLINE_CURVE_WITH_KNOTS('',3,(#2259,#2260,#2261,#2262),
 .UNSPECIFIED.,.F.,.F.,(4,4),(0.,0.0182220534471265),.UNSPECIFIED.);
#640=B_SPLINE_CURVE_WITH_KNOTS('',3,(#2308,#2309,#2310,#2311),
 .UNSPECIFIED.,.F.,.F.,(4,4),(-1.,-0.592118444536673),.UNSPECIFIED.);
#641=B_SPLINE_CURVE_WITH_KNOTS('',3,(#2329,#2330,#2331,#2332),
 .UNSPECIFIED.,.F.,.F.,(4,4),(-0.142967576997846,0.),.UNSPECIFIED.);
#642=B_SPLINE_CURVE_WITH_KNOTS('',3,(#2334,#2335,#2336,#2337),
 .UNSPECIFIED.,.F.,.F.,(4,4),(-0.23099062806216,0.),.UNSPECIFIED.);
#643=B_SPLINE_CURVE_WITH_KNOTS('',3,(#2338,#2339,#2340,#2341),
 .UNSPECIFIED.,.F.,.F.,(4,4),(-0.0761870761996352,-0.0125142093907634),
 .UNSPECIFIED.);
#644=B_SPLINE_CURVE_WITH_KNOTS('',3,(#2360,#2361,#2362,#2363),
 .UNSPECIFIED.,.F.,.F.,(4,4),(-0.2309906280088,0.),.UNSPECIFIED.);
#645=B_SPLINE_CURVE_WITH_KNOTS('',3,(#2365,#2366,#2367,#2368),
 .UNSPECIFIED.,.F.,.F.,(4,4),(0.0641465563406203,0.0767538642330965),
 .UNSPECIFIED.);
#646=B_SPLINE_CURVE_WITH_KNOTS('',3,(#2370,#2371,#2372,#2373),
 .UNSPECIFIED.,.F.,.F.,(4,4),(0.04996504209997,0.0540734469353747),
 .UNSPECIFIED.);
#647=B_SPLINE_CURVE_WITH_KNOTS('',3,(#2374,#2375,#2376,#2377),
 .UNSPECIFIED.,.F.,.F.,(4,4),(-0.160003590052811,-0.150776501334903),
 .UNSPECIFIED.);
#648=B_SPLINE_CURVE_WITH_KNOTS('',3,(#2395,#2396,#2397,#2398),
 .UNSPECIFIED.,.F.,.F.,(4,4),(-0.150776501334903,-0.00780892429963201),
 .UNSPECIFIED.);
#649=B_SPLINE_CURVE_WITH_KNOTS('',3,(#2400,#2401,#2402,#2403,#2404,#2405,
#2406),.UNSPECIFIED.,.F.,.F.,(4,3,4),(-0.0267890268528502,-0.0226347517192282,
0.),.UNSPECIFIED.);
#650=B_SPLINE_CURVE_WITH_KNOTS('',3,(#2407,#2408,#2409,#2410),
 .UNSPECIFIED.,.F.,.F.,(4,4),(-1.,-0.592118444840892),.UNSPECIFIED.);
#651=B_SPLINE_CURVE_WITH_KNOTS('',3,(#2411,#2412,#2413,#2414),
 .UNSPECIFIED.,.F.,.F.,(4,4),(0.,0.0641465563406203),.UNSPECIFIED.);
#652=B_SPLINE_CURVE_WITH_KNOTS('',3,(#2420,#2421,#2422,#2423),
 .UNSPECIFIED.,.F.,.F.,(4,4),(-0.0451429066439019,-0.0267890268528502),
 .UNSPECIFIED.);
#653=B_SPLINE_CURVE_WITH_KNOTS('',3,(#2456,#2457,#2458,#2459),
 .UNSPECIFIED.,.F.,.F.,(4,4),(-0.0125142093907634,0.),.UNSPECIFIED.);
#654=B_SPLINE_CURVE_WITH_KNOTS('',3,(#2477,#2478,#2479,#2480),
 .UNSPECIFIED.,.F.,.F.,(4,4),(0.,0.00922708872038418),.UNSPECIFIED.);
#655=B_SPLINE_CURVE_WITH_KNOTS('',3,(#2481,#2482,#2483,#2484),
 .UNSPECIFIED.,.F.,.F.,(4,4),(0.,0.00410837567947571),.UNSPECIFIED.);
#656=B_SPLINE_CURVE_WITH_KNOTS('',3,(#2711,#2712,#2713,#2714,#2715,#2716,
#2717,#2718,#2719,#2720,#2721,#2722,#2723),.UNSPECIFIED.,.F.,.F.,(4,2,2,
2,3,4),(-0.12374347592861,-0.100707221688847,-0.0714832842651566,-0.0357416421325784,
0.,0.0512452683929795),.UNSPECIFIED.);
#657=VERTEX_POINT('',#2161);
#658=VERTEX_POINT('',#2162);
#659=VERTEX_POINT('',#2177);
#660=VERTEX_POINT('',#2179);
#661=VERTEX_POINT('',#2201);
#662=VERTEX_POINT('',#2203);
#663=VERTEX_POINT('',#2208);
#664=VERTEX_POINT('',#2213);
#665=VERTEX_POINT('',#2215);
#666=VERTEX_POINT('',#2220);
#667=VERTEX_POINT('',#2225);
#668=VERTEX_POINT('',#2227);
#669=VERTEX_POINT('',#2229);
#670=VERTEX_POINT('',#2231);
#671=VERTEX_POINT('',#2236);
#672=VERTEX_POINT('',#2238);
#673=VERTEX_POINT('',#2241);
#674=VERTEX_POINT('',#2245);
#675=VERTEX_POINT('',#2247);
#676=VERTEX_POINT('',#2251);
#677=VERTEX_POINT('',#2264);
#678=VERTEX_POINT('',#2265);
#679=VERTEX_POINT('',#2267);
#680=VERTEX_POINT('',#2269);
#681=VERTEX_POINT('',#2273);
#682=VERTEX_POINT('',#2275);
#683=VERTEX_POINT('',#2279);
#684=VERTEX_POINT('',#2281);
#685=VERTEX_POINT('',#2288);
#686=VERTEX_POINT('',#2290);
#687=VERTEX_POINT('',#2328);
#688=VERTEX_POINT('',#2333);
#689=VERTEX_POINT('',#2358);
#690=VERTEX_POINT('',#2359);
#691=VERTEX_POINT('',#2364);
#692=VERTEX_POINT('',#2369);
#693=VERTEX_POINT('',#2394);
#694=VERTEX_POINT('',#2399);
#695=VERTEX_POINT('',#2416);
#696=VERTEX_POINT('',#2417);
#697=VERTEX_POINT('',#2428);
#698=VERTEX_POINT('',#2448);
#699=VERTEX_POINT('',#2454);
#700=VERTEX_POINT('',#2476);
#701=VERTEX_POINT('',#2486);
#702=VERTEX_POINT('',#2488);
#703=VERTEX_POINT('',#2490);
#704=VERTEX_POINT('',#2492);
#705=VERTEX_POINT('',#2500);
#706=VERTEX_POINT('',#2506);
#707=VERTEX_POINT('',#2508);
#708=VERTEX_POINT('',#2512);
#709=VERTEX_POINT('',#2514);
#710=VERTEX_POINT('',#2516);
#711=VERTEX_POINT('',#2524);
#712=VERTEX_POINT('',#2528);
#713=VERTEX_POINT('',#2532);
#714=VERTEX_POINT('',#2536);
#715=VERTEX_POINT('',#2538);
#716=VERTEX_POINT('',#2543);
#717=VERTEX_POINT('',#2545);
#718=VERTEX_POINT('',#2550);
#719=VERTEX_POINT('',#2554);
#720=VERTEX_POINT('',#2556);
#721=VERTEX_POINT('',#2562);
#722=VERTEX_POINT('',#2563);
#723=VERTEX_POINT('',#2565);
#724=VERTEX_POINT('',#2567);
#725=VERTEX_POINT('',#2571);
#726=VERTEX_POINT('',#2572);
#727=VERTEX_POINT('',#2577);
#728=VERTEX_POINT('',#2579);
#729=VERTEX_POINT('',#2583);
#730=VERTEX_POINT('',#2585);
#731=VERTEX_POINT('',#2589);
#732=VERTEX_POINT('',#2590);
#733=VERTEX_POINT('',#2593);
#734=VERTEX_POINT('',#2597);
#735=VERTEX_POINT('',#2598);
#736=VERTEX_POINT('',#2603);
#737=VERTEX_POINT('',#2605);
#738=VERTEX_POINT('',#2609);
#739=VERTEX_POINT('',#2611);
#740=VERTEX_POINT('',#2615);
#741=VERTEX_POINT('',#2616);
#742=VERTEX_POINT('',#2621);
#743=VERTEX_POINT('',#2622);
#744=VERTEX_POINT('',#2627);
#745=VERTEX_POINT('',#2628);
#746=VERTEX_POINT('',#2636);
#747=VERTEX_POINT('',#2638);
#748=VERTEX_POINT('',#2640);
#749=VERTEX_POINT('',#2645);
#750=VERTEX_POINT('',#2649);
#751=VERTEX_POINT('',#2653);
#752=VERTEX_POINT('',#2657);
#753=VERTEX_POINT('',#2661);
#754=VERTEX_POINT('',#2665);
#755=VERTEX_POINT('',#2669);
#756=VERTEX_POINT('',#2673);
#757=VERTEX_POINT('',#2677);
#758=VERTEX_POINT('',#2683);
#759=VERTEX_POINT('',#2685);
#760=VERTEX_POINT('',#2689);
#761=VERTEX_POINT('',#2691);
#762=VERTEX_POINT('',#2695);
#763=VERTEX_POINT('',#2696);
#764=VERTEX_POINT('',#2701);
#765=VERTEX_POINT('',#2702);
#766=VERTEX_POINT('',#2705);
#767=VERTEX_POINT('',#2709);
#768=VERTEX_POINT('',#2725);
#769=VERTEX_POINT('',#2729);
#770=VERTEX_POINT('',#2731);
#771=VERTEX_POINT('',#2738);
#772=VERTEX_POINT('',#2742);
#773=VERTEX_POINT('',#2746);
#774=VERTEX_POINT('',#2750);
#775=VERTEX_POINT('',#2754);
#776=VERTEX_POINT('',#2758);
#777=VERTEX_POINT('',#2762);
#778=VERTEX_POINT('',#2766);
#779=VERTEX_POINT('',#2770);
#780=VERTEX_POINT('',#2774);
#781=VERTEX_POINT('',#2781);
#782=VERTEX_POINT('',#2783);
#783=VERTEX_POINT('',#2785);
#784=VERTEX_POINT('',#2787);
#785=VERTEX_POINT('',#2789);
#786=VERTEX_POINT('',#2799);
#787=VERTEX_POINT('',#2801);
#788=VERTEX_POINT('',#2803);
#789=VERTEX_POINT('',#2805);
#790=VERTEX_POINT('',#2807);
#791=VERTEX_POINT('',#2809);
#792=VERTEX_POINT('',#2812);
#793=EDGE_CURVE('',#657,#658,#631,.T.);
#794=EDGE_CURVE('',#658,#659,#385,.T.);
#795=EDGE_CURVE('',#659,#660,#632,.T.);
#796=EDGE_CURVE('',#660,#657,#633,.T.);
#797=EDGE_CURVE('',#661,#660,#386,.T.);
#798=EDGE_CURVE('',#662,#661,#634,.T.);
#799=EDGE_CURVE('',#663,#662,#635,.T.);
#800=EDGE_CURVE('',#664,#663,#387,.T.);
#801=EDGE_CURVE('',#665,#664,#636,.T.);
#802=EDGE_CURVE('',#666,#665,#637,.T.);
#803=EDGE_CURVE('',#667,#666,#388,.T.);
#804=EDGE_CURVE('',#668,#667,#84,.T.);
#805=EDGE_CURVE('',#669,#668,#389,.T.);
#806=EDGE_CURVE('',#670,#669,#75,.T.);
#807=EDGE_CURVE('',#657,#670,#390,.T.);
#808=EDGE_CURVE('',#671,#671,#85,.T.);
#809=EDGE_CURVE('',#672,#672,#86,.T.);
#810=EDGE_CURVE('',#659,#673,#76,.T.);
#811=EDGE_CURVE('',#673,#674,#391,.T.);
#812=EDGE_CURVE('',#674,#675,#77,.T.);
#813=EDGE_CURVE('',#676,#675,#638,.T.);
#814=EDGE_CURVE('',#661,#676,#639,.T.);
#815=EDGE_CURVE('',#677,#678,#87,.T.);
#816=EDGE_CURVE('',#677,#679,#392,.T.);
#817=EDGE_CURVE('',#679,#680,#88,.T.);
#818=EDGE_CURVE('',#678,#680,#393,.T.);
#819=EDGE_CURVE('',#681,#677,#394,.T.);
#820=EDGE_CURVE('',#681,#682,#395,.T.);
#821=EDGE_CURVE('',#682,#679,#396,.T.);
#822=EDGE_CURVE('',#683,#681,#89,.T.);
#823=EDGE_CURVE('',#683,#684,#397,.T.);
#824=EDGE_CURVE('',#684,#682,#90,.T.);
#825=EDGE_CURVE('',#678,#683,#398,.T.);
#826=EDGE_CURVE('',#680,#684,#399,.T.);
#827=EDGE_CURVE('',#685,#685,#91,.T.);
#828=EDGE_CURVE('',#686,#686,#92,.T.);
#829=EDGE_CURVE('',#662,#676,#640,.T.);
#830=EDGE_CURVE('',#675,#687,#641,.T.);
#831=EDGE_CURVE('',#688,#687,#642,.T.);
#832=EDGE_CURVE('',#663,#688,#643,.T.);
#833=EDGE_CURVE('',#689,#690,#644,.T.);
#834=EDGE_CURVE('',#689,#691,#645,.T.);
#835=EDGE_CURVE('',#691,#692,#646,.T.);
#836=EDGE_CURVE('',#692,#690,#647,.T.);
#837=EDGE_CURVE('',#690,#693,#648,.T.);
#838=EDGE_CURVE('',#694,#693,#649,.T.);
#839=EDGE_CURVE('',#665,#694,#650,.T.);
#840=EDGE_CURVE('',#664,#689,#651,.T.);
#841=EDGE_CURVE('',#695,#696,#400,.T.);
#842=EDGE_CURVE('',#696,#667,#401,.T.);
#843=EDGE_CURVE('',#666,#694,#652,.T.);
#844=EDGE_CURVE('',#693,#695,#78,.T.);
#845=EDGE_CURVE('',#696,#697,#93,.T.);
#846=EDGE_CURVE('',#697,#668,#402,.T.);
#847=EDGE_CURVE('',#669,#698,#79,.T.);
#848=EDGE_CURVE('',#697,#698,#403,.T.);
#849=EDGE_CURVE('',#699,#691,#404,.T.);
#850=EDGE_CURVE('',#688,#699,#653,.T.);
#851=EDGE_CURVE('',#687,#700,#654,.T.);
#852=EDGE_CURVE('',#700,#699,#655,.T.);
#853=EDGE_CURVE('',#701,#697,#405,.T.);
#854=EDGE_CURVE('',#702,#701,#406,.T.);
#855=EDGE_CURVE('',#703,#702,#407,.T.);
#856=EDGE_CURVE('',#703,#704,#80,.T.);
#857=EDGE_CURVE('',#698,#704,#81,.F.);
#858=EDGE_CURVE('',#705,#670,#82,.T.);
#859=EDGE_CURVE('',#658,#705,#408,.T.);
#860=EDGE_CURVE('',#696,#706,#409,.T.);
#861=EDGE_CURVE('',#706,#707,#15,.T.);
#862=EDGE_CURVE('',#707,#701,#16,.T.);
#863=EDGE_CURVE('',#708,#695,#94,.T.);
#864=EDGE_CURVE('',#709,#708,#410,.T.);
#865=EDGE_CURVE('',#710,#709,#411,.T.);
#866=EDGE_CURVE('',#706,#710,#412,.T.);
#867=EDGE_CURVE('',#686,#671,#413,.T.);
#868=EDGE_CURVE('',#685,#672,#414,.T.);
#869=EDGE_CURVE('',#692,#711,#95,.T.);
#870=EDGE_CURVE('',#708,#711,#415,.T.);
#871=EDGE_CURVE('',#712,#700,#96,.T.);
#872=EDGE_CURVE('',#711,#712,#416,.T.);
#873=EDGE_CURVE('',#674,#713,#97,.T.);
#874=EDGE_CURVE('',#712,#713,#417,.T.);
#875=EDGE_CURVE('',#714,#714,#98,.T.);
#876=EDGE_CURVE('',#714,#715,#418,.T.);
#877=EDGE_CURVE('',#715,#715,#99,.T.);
#878=EDGE_CURVE('',#716,#716,#100,.T.);
#879=EDGE_CURVE('',#716,#717,#419,.T.);
#880=EDGE_CURVE('',#717,#717,#101,.T.);
#881=EDGE_CURVE('',#718,#707,#420,.T.);
#882=EDGE_CURVE('',#718,#702,#421,.T.);
#883=EDGE_CURVE('',#719,#710,#422,.T.);
#884=EDGE_CURVE('',#719,#720,#423,.T.);
#885=EDGE_CURVE('',#720,#718,#83,.T.);
#886=EDGE_CURVE('',#721,#722,#424,.T.);
#887=EDGE_CURVE('',#722,#723,#425,.T.);
#888=EDGE_CURVE('',#723,#724,#426,.T.);
#889=EDGE_CURVE('',#724,#721,#427,.T.);
#890=EDGE_CURVE('',#725,#726,#428,.T.);
#891=EDGE_CURVE('',#726,#724,#102,.T.);
#892=EDGE_CURVE('',#723,#725,#103,.T.);
#893=EDGE_CURVE('',#721,#727,#104,.T.);
#894=EDGE_CURVE('',#727,#728,#429,.T.);
#895=EDGE_CURVE('',#728,#722,#105,.T.);
#896=EDGE_CURVE('',#725,#729,#430,.T.);
#897=EDGE_CURVE('',#729,#730,#431,.T.);
#898=EDGE_CURVE('',#730,#726,#432,.T.);
#899=EDGE_CURVE('',#731,#732,#433,.T.);
#900=EDGE_CURVE('',#732,#728,#434,.T.);
#901=EDGE_CURVE('',#727,#733,#435,.T.);
#902=EDGE_CURVE('',#733,#731,#436,.T.);
#903=EDGE_CURVE('',#734,#735,#437,.T.);
#904=EDGE_CURVE('',#735,#730,#106,.T.);
#905=EDGE_CURVE('',#729,#734,#107,.T.);
#906=EDGE_CURVE('',#734,#736,#438,.T.);
#907=EDGE_CURVE('',#736,#737,#439,.T.);
#908=EDGE_CURVE('',#737,#735,#440,.T.);
#909=EDGE_CURVE('',#736,#738,#108,.T.);
#910=EDGE_CURVE('',#738,#739,#441,.T.);
#911=EDGE_CURVE('',#739,#737,#109,.T.);
#912=EDGE_CURVE('',#740,#741,#442,.T.);
#913=EDGE_CURVE('',#741,#739,#443,.T.);
#914=EDGE_CURVE('',#738,#740,#444,.T.);
#915=EDGE_CURVE('',#742,#743,#445,.T.);
#916=EDGE_CURVE('',#743,#741,#110,.T.);
#917=EDGE_CURVE('',#740,#742,#111,.T.);
#918=EDGE_CURVE('',#744,#745,#446,.T.);
#919=EDGE_CURVE('',#745,#743,#447,.T.);
#920=EDGE_CURVE('',#742,#744,#448,.T.);
#921=EDGE_CURVE('',#710,#745,#112,.T.);
#922=EDGE_CURVE('',#744,#719,#113,.T.);
#923=EDGE_CURVE('',#733,#746,#449,.T.);
#924=EDGE_CURVE('',#747,#746,#450,.T.);
#925=EDGE_CURVE('',#747,#748,#451,.T.);
#926=EDGE_CURVE('',#731,#748,#452,.T.);
#927=EDGE_CURVE('',#746,#673,#114,.T.);
#928=EDGE_CURVE('',#749,#724,#453,.T.);
#929=EDGE_CURVE('',#713,#749,#454,.T.);
#930=EDGE_CURVE('',#726,#750,#455,.T.);
#931=EDGE_CURVE('',#749,#750,#115,.T.);
#932=EDGE_CURVE('',#751,#730,#456,.T.);
#933=EDGE_CURVE('',#750,#751,#457,.T.);
#934=EDGE_CURVE('',#735,#752,#458,.T.);
#935=EDGE_CURVE('',#751,#752,#116,.T.);
#936=EDGE_CURVE('',#737,#753,#459,.T.);
#937=EDGE_CURVE('',#752,#753,#460,.T.);
#938=EDGE_CURVE('',#739,#754,#461,.T.);
#939=EDGE_CURVE('',#753,#754,#117,.T.);
#940=EDGE_CURVE('',#755,#741,#462,.T.);
#941=EDGE_CURVE('',#754,#755,#463,.T.);
#942=EDGE_CURVE('',#743,#756,#464,.T.);
#943=EDGE_CURVE('',#755,#756,#118,.T.);
#944=EDGE_CURVE('',#757,#745,#465,.T.);
#945=EDGE_CURVE('',#756,#757,#466,.T.);
#946=EDGE_CURVE('',#757,#709,#119,.T.);
#947=EDGE_CURVE('',#720,#758,#120,.T.);
#948=EDGE_CURVE('',#758,#759,#467,.T.);
#949=EDGE_CURVE('',#759,#702,#121,.T.);
#950=EDGE_CURVE('',#758,#760,#468,.T.);
#951=EDGE_CURVE('',#760,#761,#469,.T.);
#952=EDGE_CURVE('',#761,#759,#470,.T.);
#953=EDGE_CURVE('',#762,#763,#471,.T.);
#954=EDGE_CURVE('',#763,#761,#122,.T.);
#955=EDGE_CURVE('',#760,#762,#123,.T.);
#956=EDGE_CURVE('',#764,#765,#472,.T.);
#957=EDGE_CURVE('',#765,#763,#473,.T.);
#958=EDGE_CURVE('',#762,#766,#474,.T.);
#959=EDGE_CURVE('',#766,#764,#475,.T.);
#960=EDGE_CURVE('',#759,#767,#476,.T.);
#961=EDGE_CURVE('',#767,#703,#656,.T.);
#962=EDGE_CURVE('',#768,#765,#477,.T.);
#963=EDGE_CURVE('',#767,#768,#124,.T.);
#964=EDGE_CURVE('',#769,#764,#478,.T.);
#965=EDGE_CURVE('',#769,#770,#479,.T.);
#966=EDGE_CURVE('',#770,#768,#480,.T.);
#967=EDGE_CURVE('',#748,#769,#481,.T.);
#968=EDGE_CURVE('',#766,#732,#482,.T.);
#969=EDGE_CURVE('',#749,#771,#483,.T.);
#970=EDGE_CURVE('',#771,#712,#484,.T.);
#971=EDGE_CURVE('',#750,#772,#485,.T.);
#972=EDGE_CURVE('',#772,#771,#125,.T.);
#973=EDGE_CURVE('',#751,#773,#486,.T.);
#974=EDGE_CURVE('',#773,#772,#487,.T.);
#975=EDGE_CURVE('',#752,#774,#488,.T.);
#976=EDGE_CURVE('',#774,#773,#126,.T.);
#977=EDGE_CURVE('',#753,#775,#489,.T.);
#978=EDGE_CURVE('',#775,#774,#490,.T.);
#979=EDGE_CURVE('',#754,#776,#491,.T.);
#980=EDGE_CURVE('',#776,#775,#127,.T.);
#981=EDGE_CURVE('',#755,#777,#492,.T.);
#982=EDGE_CURVE('',#777,#776,#493,.T.);
#983=EDGE_CURVE('',#756,#778,#494,.T.);
#984=EDGE_CURVE('',#778,#777,#128,.T.);
#985=EDGE_CURVE('',#757,#779,#495,.T.);
#986=EDGE_CURVE('',#779,#778,#496,.T.);
#987=EDGE_CURVE('',#709,#780,#497,.T.);
#988=EDGE_CURVE('',#780,#779,#129,.T.);
#989=EDGE_CURVE('',#711,#780,#498,.T.);
#990=EDGE_CURVE('',#760,#722,#499,.T.);
#991=EDGE_CURVE('',#781,#781,#130,.T.);
#992=EDGE_CURVE('',#782,#782,#131,.T.);
#993=EDGE_CURVE('',#783,#783,#132,.T.);
#994=EDGE_CURVE('',#784,#784,#133,.T.);
#995=EDGE_CURVE('',#785,#785,#134,.T.);
#996=EDGE_CURVE('',#658,#747,#135,.T.);
#997=EDGE_CURVE('',#770,#705,#136,.T.);
#998=EDGE_CURVE('',#770,#747,#500,.T.);
#999=EDGE_CURVE('',#786,#786,#137,.T.);
#1000=EDGE_CURVE('',#787,#787,#138,.T.);
#1001=EDGE_CURVE('',#788,#788,#139,.T.);
#1002=EDGE_CURVE('',#789,#789,#140,.T.);
#1003=EDGE_CURVE('',#790,#790,#141,.T.);
#1004=EDGE_CURVE('',#791,#791,#142,.T.);
#1005=EDGE_CURVE('',#786,#792,#501,.T.);
#1006=EDGE_CURVE('',#792,#792,#143,.T.);
#1007=EDGE_CURVE('',#781,#789,#502,.T.);
#1008=EDGE_CURVE('',#791,#782,#503,.T.);
#1009=EDGE_CURVE('',#787,#785,#504,.T.);
#1010=EDGE_CURVE('',#788,#784,#505,.T.);
#1011=EDGE_CURVE('',#790,#783,#506,.T.);
#1012=EDGE_CURVE('',#762,#728,#507,.T.);
#1013=ORIENTED_EDGE('',*,*,#793,.T.);
#1014=ORIENTED_EDGE('',*,*,#794,.T.);
#1015=ORIENTED_EDGE('',*,*,#795,.T.);
#1016=ORIENTED_EDGE('',*,*,#796,.T.);
#1017=ORIENTED_EDGE('',*,*,#796,.F.);
#1018=ORIENTED_EDGE('',*,*,#797,.F.);
#1019=ORIENTED_EDGE('',*,*,#798,.F.);
#1020=ORIENTED_EDGE('',*,*,#799,.F.);
#1021=ORIENTED_EDGE('',*,*,#800,.F.);
#1022=ORIENTED_EDGE('',*,*,#801,.F.);
#1023=ORIENTED_EDGE('',*,*,#802,.F.);
#1024=ORIENTED_EDGE('',*,*,#803,.F.);
#1025=ORIENTED_EDGE('',*,*,#804,.F.);
#1026=ORIENTED_EDGE('',*,*,#805,.F.);
#1027=ORIENTED_EDGE('',*,*,#806,.F.);
#1028=ORIENTED_EDGE('',*,*,#807,.F.);
#1029=ORIENTED_EDGE('',*,*,#808,.T.);
#1030=ORIENTED_EDGE('',*,*,#809,.T.);
#1031=ORIENTED_EDGE('',*,*,#795,.F.);
#1032=ORIENTED_EDGE('',*,*,#810,.T.);
#1033=ORIENTED_EDGE('',*,*,#811,.T.);
#1034=ORIENTED_EDGE('',*,*,#812,.T.);
#1035=ORIENTED_EDGE('',*,*,#813,.F.);
#1036=ORIENTED_EDGE('',*,*,#814,.F.);
#1037=ORIENTED_EDGE('',*,*,#797,.T.);
#1038=ORIENTED_EDGE('',*,*,#815,.F.);
#1039=ORIENTED_EDGE('',*,*,#816,.T.);
#1040=ORIENTED_EDGE('',*,*,#817,.T.);
#1041=ORIENTED_EDGE('',*,*,#818,.F.);
#1042=ORIENTED_EDGE('',*,*,#819,.F.);
#1043=ORIENTED_EDGE('',*,*,#820,.T.);
#1044=ORIENTED_EDGE('',*,*,#821,.T.);
#1045=ORIENTED_EDGE('',*,*,#816,.F.);
#1046=ORIENTED_EDGE('',*,*,#822,.F.);
#1047=ORIENTED_EDGE('',*,*,#823,.T.);
#1048=ORIENTED_EDGE('',*,*,#824,.T.);
#1049=ORIENTED_EDGE('',*,*,#820,.F.);
#1050=ORIENTED_EDGE('',*,*,#825,.F.);
#1051=ORIENTED_EDGE('',*,*,#818,.T.);
#1052=ORIENTED_EDGE('',*,*,#826,.T.);
#1053=ORIENTED_EDGE('',*,*,#823,.F.);
#1054=ORIENTED_EDGE('',*,*,#826,.F.);
#1055=ORIENTED_EDGE('',*,*,#817,.F.);
#1056=ORIENTED_EDGE('',*,*,#821,.F.);
#1057=ORIENTED_EDGE('',*,*,#824,.F.);
#1058=ORIENTED_EDGE('',*,*,#827,.F.);
#1059=ORIENTED_EDGE('',*,*,#828,.F.);
#1060=ORIENTED_EDGE('',*,*,#829,.F.);
#1061=ORIENTED_EDGE('',*,*,#798,.T.);
#1062=ORIENTED_EDGE('',*,*,#814,.T.);
#1063=ORIENTED_EDGE('',*,*,#829,.T.);
#1064=ORIENTED_EDGE('',*,*,#813,.T.);
#1065=ORIENTED_EDGE('',*,*,#830,.T.);
#1066=ORIENTED_EDGE('',*,*,#831,.F.);
#1067=ORIENTED_EDGE('',*,*,#832,.F.);
#1068=ORIENTED_EDGE('',*,*,#799,.T.);
#1069=ORIENTED_EDGE('',*,*,#833,.F.);
#1070=ORIENTED_EDGE('',*,*,#834,.T.);
#1071=ORIENTED_EDGE('',*,*,#835,.T.);
#1072=ORIENTED_EDGE('',*,*,#836,.T.);
#1073=ORIENTED_EDGE('',*,*,#833,.T.);
#1074=ORIENTED_EDGE('',*,*,#837,.T.);
#1075=ORIENTED_EDGE('',*,*,#838,.F.);
#1076=ORIENTED_EDGE('',*,*,#839,.F.);
#1077=ORIENTED_EDGE('',*,*,#801,.T.);
#1078=ORIENTED_EDGE('',*,*,#840,.T.);
#1079=ORIENTED_EDGE('',*,*,#841,.T.);
#1080=ORIENTED_EDGE('',*,*,#842,.T.);
#1081=ORIENTED_EDGE('',*,*,#803,.T.);
#1082=ORIENTED_EDGE('',*,*,#843,.T.);
#1083=ORIENTED_EDGE('',*,*,#838,.T.);
#1084=ORIENTED_EDGE('',*,*,#844,.T.);
#1085=ORIENTED_EDGE('',*,*,#842,.F.);
#1086=ORIENTED_EDGE('',*,*,#845,.T.);
#1087=ORIENTED_EDGE('',*,*,#846,.T.);
#1088=ORIENTED_EDGE('',*,*,#804,.T.);
#1089=ORIENTED_EDGE('',*,*,#839,.T.);
#1090=ORIENTED_EDGE('',*,*,#843,.F.);
#1091=ORIENTED_EDGE('',*,*,#802,.T.);
#1092=ORIENTED_EDGE('',*,*,#847,.F.);
#1093=ORIENTED_EDGE('',*,*,#805,.T.);
#1094=ORIENTED_EDGE('',*,*,#846,.F.);
#1095=ORIENTED_EDGE('',*,*,#848,.T.);
#1096=ORIENTED_EDGE('',*,*,#849,.T.);
#1097=ORIENTED_EDGE('',*,*,#834,.F.);
#1098=ORIENTED_EDGE('',*,*,#840,.F.);
#1099=ORIENTED_EDGE('',*,*,#800,.T.);
#1100=ORIENTED_EDGE('',*,*,#832,.T.);
#1101=ORIENTED_EDGE('',*,*,#850,.T.);
#1102=ORIENTED_EDGE('',*,*,#831,.T.);
#1103=ORIENTED_EDGE('',*,*,#851,.T.);
#1104=ORIENTED_EDGE('',*,*,#852,.T.);
#1105=ORIENTED_EDGE('',*,*,#850,.F.);
#1106=ORIENTED_EDGE('',*,*,#848,.F.);
#1107=ORIENTED_EDGE('',*,*,#853,.F.);
#1108=ORIENTED_EDGE('',*,*,#854,.F.);
#1109=ORIENTED_EDGE('',*,*,#855,.F.);
#1110=ORIENTED_EDGE('',*,*,#856,.T.);
#1111=ORIENTED_EDGE('',*,*,#857,.F.);
#1112=ORIENTED_EDGE('',*,*,#793,.F.);
#1113=ORIENTED_EDGE('',*,*,#807,.T.);
#1114=ORIENTED_EDGE('',*,*,#858,.F.);
#1115=ORIENTED_EDGE('',*,*,#859,.F.);
#1116=ORIENTED_EDGE('',*,*,#845,.F.);
#1117=ORIENTED_EDGE('',*,*,#860,.T.);
#1118=ORIENTED_EDGE('',*,*,#861,.T.);
#1119=ORIENTED_EDGE('',*,*,#862,.T.);
#1120=ORIENTED_EDGE('',*,*,#853,.T.);
#1121=ORIENTED_EDGE('',*,*,#841,.F.);
#1122=ORIENTED_EDGE('',*,*,#863,.F.);
#1123=ORIENTED_EDGE('',*,*,#864,.F.);
#1124=ORIENTED_EDGE('',*,*,#865,.F.);
#1125=ORIENTED_EDGE('',*,*,#866,.F.);
#1126=ORIENTED_EDGE('',*,*,#860,.F.);
#1127=ORIENTED_EDGE('',*,*,#828,.T.);
#1128=ORIENTED_EDGE('',*,*,#867,.T.);
#1129=ORIENTED_EDGE('',*,*,#808,.F.);
#1130=ORIENTED_EDGE('',*,*,#867,.F.);
#1131=ORIENTED_EDGE('',*,*,#827,.T.);
#1132=ORIENTED_EDGE('',*,*,#868,.T.);
#1133=ORIENTED_EDGE('',*,*,#809,.F.);
#1134=ORIENTED_EDGE('',*,*,#868,.F.);
#1135=ORIENTED_EDGE('',*,*,#836,.F.);
#1136=ORIENTED_EDGE('',*,*,#869,.T.);
#1137=ORIENTED_EDGE('',*,*,#870,.F.);
#1138=ORIENTED_EDGE('',*,*,#863,.T.);
#1139=ORIENTED_EDGE('',*,*,#844,.F.);
#1140=ORIENTED_EDGE('',*,*,#837,.F.);
#1141=ORIENTED_EDGE('',*,*,#852,.F.);
#1142=ORIENTED_EDGE('',*,*,#871,.F.);
#1143=ORIENTED_EDGE('',*,*,#872,.F.);
#1144=ORIENTED_EDGE('',*,*,#869,.F.);
#1145=ORIENTED_EDGE('',*,*,#835,.F.);
#1146=ORIENTED_EDGE('',*,*,#849,.F.);
#1147=ORIENTED_EDGE('',*,*,#812,.F.);
#1148=ORIENTED_EDGE('',*,*,#873,.T.);
#1149=ORIENTED_EDGE('',*,*,#874,.F.);
#1150=ORIENTED_EDGE('',*,*,#871,.T.);
#1151=ORIENTED_EDGE('',*,*,#851,.F.);
#1152=ORIENTED_EDGE('',*,*,#830,.F.);
#1153=ORIENTED_EDGE('',*,*,#875,.F.);
#1154=ORIENTED_EDGE('',*,*,#876,.T.);
#1155=ORIENTED_EDGE('',*,*,#877,.T.);
#1156=ORIENTED_EDGE('',*,*,#876,.F.);
#1157=ORIENTED_EDGE('',*,*,#877,.F.);
#1158=ORIENTED_EDGE('',*,*,#878,.F.);
#1159=ORIENTED_EDGE('',*,*,#879,.T.);
#1160=ORIENTED_EDGE('',*,*,#880,.T.);
#1161=ORIENTED_EDGE('',*,*,#879,.F.);
#1162=ORIENTED_EDGE('',*,*,#880,.F.);
#1163=ORIENTED_EDGE('',*,*,#862,.F.);
#1164=ORIENTED_EDGE('',*,*,#881,.F.);
#1165=ORIENTED_EDGE('',*,*,#882,.T.);
#1166=ORIENTED_EDGE('',*,*,#854,.T.);
#1167=ORIENTED_EDGE('',*,*,#861,.F.);
#1168=ORIENTED_EDGE('',*,*,#866,.T.);
#1169=ORIENTED_EDGE('',*,*,#883,.F.);
#1170=ORIENTED_EDGE('',*,*,#884,.T.);
#1171=ORIENTED_EDGE('',*,*,#885,.T.);
#1172=ORIENTED_EDGE('',*,*,#881,.T.);
#1173=ORIENTED_EDGE('',*,*,#886,.T.);
#1174=ORIENTED_EDGE('',*,*,#887,.T.);
#1175=ORIENTED_EDGE('',*,*,#888,.T.);
#1176=ORIENTED_EDGE('',*,*,#889,.T.);
#1177=ORIENTED_EDGE('',*,*,#890,.T.);
#1178=ORIENTED_EDGE('',*,*,#891,.T.);
#1179=ORIENTED_EDGE('',*,*,#888,.F.);
#1180=ORIENTED_EDGE('',*,*,#892,.T.);
#1181=ORIENTED_EDGE('',*,*,#886,.F.);
#1182=ORIENTED_EDGE('',*,*,#893,.T.);
#1183=ORIENTED_EDGE('',*,*,#894,.T.);
#1184=ORIENTED_EDGE('',*,*,#895,.T.);
#1185=ORIENTED_EDGE('',*,*,#890,.F.);
#1186=ORIENTED_EDGE('',*,*,#896,.T.);
#1187=ORIENTED_EDGE('',*,*,#897,.T.);
#1188=ORIENTED_EDGE('',*,*,#898,.T.);
#1189=ORIENTED_EDGE('',*,*,#899,.T.);
#1190=ORIENTED_EDGE('',*,*,#900,.T.);
#1191=ORIENTED_EDGE('',*,*,#894,.F.);
#1192=ORIENTED_EDGE('',*,*,#901,.T.);
#1193=ORIENTED_EDGE('',*,*,#902,.T.);
#1194=ORIENTED_EDGE('',*,*,#903,.T.);
#1195=ORIENTED_EDGE('',*,*,#904,.T.);
#1196=ORIENTED_EDGE('',*,*,#897,.F.);
#1197=ORIENTED_EDGE('',*,*,#905,.T.);
#1198=ORIENTED_EDGE('',*,*,#903,.F.);
#1199=ORIENTED_EDGE('',*,*,#906,.T.);
#1200=ORIENTED_EDGE('',*,*,#907,.T.);
#1201=ORIENTED_EDGE('',*,*,#908,.T.);
#1202=ORIENTED_EDGE('',*,*,#907,.F.);
#1203=ORIENTED_EDGE('',*,*,#909,.T.);
#1204=ORIENTED_EDGE('',*,*,#910,.T.);
#1205=ORIENTED_EDGE('',*,*,#911,.T.);
#1206=ORIENTED_EDGE('',*,*,#912,.T.);
#1207=ORIENTED_EDGE('',*,*,#913,.T.);
#1208=ORIENTED_EDGE('',*,*,#910,.F.);
#1209=ORIENTED_EDGE('',*,*,#914,.T.);
#1210=ORIENTED_EDGE('',*,*,#915,.T.);
#1211=ORIENTED_EDGE('',*,*,#916,.T.);
#1212=ORIENTED_EDGE('',*,*,#912,.F.);
#1213=ORIENTED_EDGE('',*,*,#917,.T.);
#1214=ORIENTED_EDGE('',*,*,#918,.T.);
#1215=ORIENTED_EDGE('',*,*,#919,.T.);
#1216=ORIENTED_EDGE('',*,*,#915,.F.);
#1217=ORIENTED_EDGE('',*,*,#920,.T.);
#1218=ORIENTED_EDGE('',*,*,#883,.T.);
#1219=ORIENTED_EDGE('',*,*,#921,.T.);
#1220=ORIENTED_EDGE('',*,*,#918,.F.);
#1221=ORIENTED_EDGE('',*,*,#922,.T.);
#1222=ORIENTED_EDGE('',*,*,#902,.F.);
#1223=ORIENTED_EDGE('',*,*,#923,.T.);
#1224=ORIENTED_EDGE('',*,*,#924,.F.);
#1225=ORIENTED_EDGE('',*,*,#925,.T.);
#1226=ORIENTED_EDGE('',*,*,#926,.F.);
#1227=ORIENTED_EDGE('',*,*,#811,.F.);
#1228=ORIENTED_EDGE('',*,*,#927,.F.);
#1229=ORIENTED_EDGE('',*,*,#923,.F.);
#1230=ORIENTED_EDGE('',*,*,#901,.F.);
#1231=ORIENTED_EDGE('',*,*,#893,.F.);
#1232=ORIENTED_EDGE('',*,*,#889,.F.);
#1233=ORIENTED_EDGE('',*,*,#928,.F.);
#1234=ORIENTED_EDGE('',*,*,#929,.F.);
#1235=ORIENTED_EDGE('',*,*,#873,.F.);
#1236=ORIENTED_EDGE('',*,*,#891,.F.);
#1237=ORIENTED_EDGE('',*,*,#930,.T.);
#1238=ORIENTED_EDGE('',*,*,#931,.F.);
#1239=ORIENTED_EDGE('',*,*,#928,.T.);
#1240=ORIENTED_EDGE('',*,*,#898,.F.);
#1241=ORIENTED_EDGE('',*,*,#932,.F.);
#1242=ORIENTED_EDGE('',*,*,#933,.F.);
#1243=ORIENTED_EDGE('',*,*,#930,.F.);
#1244=ORIENTED_EDGE('',*,*,#904,.F.);
#1245=ORIENTED_EDGE('',*,*,#934,.T.);
#1246=ORIENTED_EDGE('',*,*,#935,.F.);
#1247=ORIENTED_EDGE('',*,*,#932,.T.);
#1248=ORIENTED_EDGE('',*,*,#908,.F.);
#1249=ORIENTED_EDGE('',*,*,#936,.T.);
#1250=ORIENTED_EDGE('',*,*,#937,.F.);
#1251=ORIENTED_EDGE('',*,*,#934,.F.);
#1252=ORIENTED_EDGE('',*,*,#911,.F.);
#1253=ORIENTED_EDGE('',*,*,#938,.T.);
#1254=ORIENTED_EDGE('',*,*,#939,.F.);
#1255=ORIENTED_EDGE('',*,*,#936,.F.);
#1256=ORIENTED_EDGE('',*,*,#913,.F.);
#1257=ORIENTED_EDGE('',*,*,#940,.F.);
#1258=ORIENTED_EDGE('',*,*,#941,.F.);
#1259=ORIENTED_EDGE('',*,*,#938,.F.);
#1260=ORIENTED_EDGE('',*,*,#916,.F.);
#1261=ORIENTED_EDGE('',*,*,#942,.T.);
#1262=ORIENTED_EDGE('',*,*,#943,.F.);
#1263=ORIENTED_EDGE('',*,*,#940,.T.);
#1264=ORIENTED_EDGE('',*,*,#919,.F.);
#1265=ORIENTED_EDGE('',*,*,#944,.F.);
#1266=ORIENTED_EDGE('',*,*,#945,.F.);
#1267=ORIENTED_EDGE('',*,*,#942,.F.);
#1268=ORIENTED_EDGE('',*,*,#921,.F.);
#1269=ORIENTED_EDGE('',*,*,#865,.T.);
#1270=ORIENTED_EDGE('',*,*,#946,.F.);
#1271=ORIENTED_EDGE('',*,*,#944,.T.);
#1272=ORIENTED_EDGE('',*,*,#885,.F.);
#1273=ORIENTED_EDGE('',*,*,#947,.T.);
#1274=ORIENTED_EDGE('',*,*,#948,.T.);
#1275=ORIENTED_EDGE('',*,*,#949,.T.);
#1276=ORIENTED_EDGE('',*,*,#882,.F.);
#1277=ORIENTED_EDGE('',*,*,#948,.F.);
#1278=ORIENTED_EDGE('',*,*,#950,.T.);
#1279=ORIENTED_EDGE('',*,*,#951,.T.);
#1280=ORIENTED_EDGE('',*,*,#952,.T.);
#1281=ORIENTED_EDGE('',*,*,#953,.T.);
#1282=ORIENTED_EDGE('',*,*,#954,.T.);
#1283=ORIENTED_EDGE('',*,*,#951,.F.);
#1284=ORIENTED_EDGE('',*,*,#955,.T.);
#1285=ORIENTED_EDGE('',*,*,#956,.T.);
#1286=ORIENTED_EDGE('',*,*,#957,.T.);
#1287=ORIENTED_EDGE('',*,*,#953,.F.);
#1288=ORIENTED_EDGE('',*,*,#958,.T.);
#1289=ORIENTED_EDGE('',*,*,#959,.T.);
#1290=ORIENTED_EDGE('',*,*,#949,.F.);
#1291=ORIENTED_EDGE('',*,*,#960,.T.);
#1292=ORIENTED_EDGE('',*,*,#961,.T.);
#1293=ORIENTED_EDGE('',*,*,#855,.T.);
#1294=ORIENTED_EDGE('',*,*,#952,.F.);
#1295=ORIENTED_EDGE('',*,*,#954,.F.);
#1296=ORIENTED_EDGE('',*,*,#957,.F.);
#1297=ORIENTED_EDGE('',*,*,#962,.F.);
#1298=ORIENTED_EDGE('',*,*,#963,.F.);
#1299=ORIENTED_EDGE('',*,*,#960,.F.);
#1300=ORIENTED_EDGE('',*,*,#875,.T.);
#1301=ORIENTED_EDGE('',*,*,#878,.T.);
#1302=ORIENTED_EDGE('',*,*,#956,.F.);
#1303=ORIENTED_EDGE('',*,*,#964,.F.);
#1304=ORIENTED_EDGE('',*,*,#965,.T.);
#1305=ORIENTED_EDGE('',*,*,#966,.T.);
#1306=ORIENTED_EDGE('',*,*,#962,.T.);
#1307=ORIENTED_EDGE('',*,*,#899,.F.);
#1308=ORIENTED_EDGE('',*,*,#926,.T.);
#1309=ORIENTED_EDGE('',*,*,#967,.T.);
#1310=ORIENTED_EDGE('',*,*,#964,.T.);
#1311=ORIENTED_EDGE('',*,*,#959,.F.);
#1312=ORIENTED_EDGE('',*,*,#968,.T.);
#1313=ORIENTED_EDGE('',*,*,#969,.T.);
#1314=ORIENTED_EDGE('',*,*,#970,.T.);
#1315=ORIENTED_EDGE('',*,*,#874,.T.);
#1316=ORIENTED_EDGE('',*,*,#929,.T.);
#1317=ORIENTED_EDGE('',*,*,#969,.F.);
#1318=ORIENTED_EDGE('',*,*,#931,.T.);
#1319=ORIENTED_EDGE('',*,*,#971,.T.);
#1320=ORIENTED_EDGE('',*,*,#972,.T.);
#1321=ORIENTED_EDGE('',*,*,#973,.T.);
#1322=ORIENTED_EDGE('',*,*,#974,.T.);
#1323=ORIENTED_EDGE('',*,*,#971,.F.);
#1324=ORIENTED_EDGE('',*,*,#933,.T.);
#1325=ORIENTED_EDGE('',*,*,#973,.F.);
#1326=ORIENTED_EDGE('',*,*,#935,.T.);
#1327=ORIENTED_EDGE('',*,*,#975,.T.);
#1328=ORIENTED_EDGE('',*,*,#976,.T.);
#1329=ORIENTED_EDGE('',*,*,#977,.T.);
#1330=ORIENTED_EDGE('',*,*,#978,.T.);
#1331=ORIENTED_EDGE('',*,*,#975,.F.);
#1332=ORIENTED_EDGE('',*,*,#937,.T.);
#1333=ORIENTED_EDGE('',*,*,#979,.T.);
#1334=ORIENTED_EDGE('',*,*,#980,.T.);
#1335=ORIENTED_EDGE('',*,*,#977,.F.);
#1336=ORIENTED_EDGE('',*,*,#939,.T.);
#1337=ORIENTED_EDGE('',*,*,#981,.T.);
#1338=ORIENTED_EDGE('',*,*,#982,.T.);
#1339=ORIENTED_EDGE('',*,*,#979,.F.);
#1340=ORIENTED_EDGE('',*,*,#941,.T.);
#1341=ORIENTED_EDGE('',*,*,#981,.F.);
#1342=ORIENTED_EDGE('',*,*,#943,.T.);
#1343=ORIENTED_EDGE('',*,*,#983,.T.);
#1344=ORIENTED_EDGE('',*,*,#984,.T.);
#1345=ORIENTED_EDGE('',*,*,#985,.T.);
#1346=ORIENTED_EDGE('',*,*,#986,.T.);
#1347=ORIENTED_EDGE('',*,*,#983,.F.);
#1348=ORIENTED_EDGE('',*,*,#945,.T.);
#1349=ORIENTED_EDGE('',*,*,#985,.F.);
#1350=ORIENTED_EDGE('',*,*,#946,.T.);
#1351=ORIENTED_EDGE('',*,*,#987,.T.);
#1352=ORIENTED_EDGE('',*,*,#988,.T.);
#1353=ORIENTED_EDGE('',*,*,#870,.T.);
#1354=ORIENTED_EDGE('',*,*,#989,.T.);
#1355=ORIENTED_EDGE('',*,*,#987,.F.);
#1356=ORIENTED_EDGE('',*,*,#864,.T.);
#1357=ORIENTED_EDGE('',*,*,#887,.F.);
#1358=ORIENTED_EDGE('',*,*,#990,.F.);
#1359=ORIENTED_EDGE('',*,*,#950,.F.);
#1360=ORIENTED_EDGE('',*,*,#947,.F.);
#1361=ORIENTED_EDGE('',*,*,#884,.F.);
#1362=ORIENTED_EDGE('',*,*,#922,.F.);
#1363=ORIENTED_EDGE('',*,*,#920,.F.);
#1364=ORIENTED_EDGE('',*,*,#917,.F.);
#1365=ORIENTED_EDGE('',*,*,#914,.F.);
#1366=ORIENTED_EDGE('',*,*,#909,.F.);
#1367=ORIENTED_EDGE('',*,*,#906,.F.);
#1368=ORIENTED_EDGE('',*,*,#905,.F.);
#1369=ORIENTED_EDGE('',*,*,#896,.F.);
#1370=ORIENTED_EDGE('',*,*,#892,.F.);
#1371=ORIENTED_EDGE('',*,*,#991,.T.);
#1372=ORIENTED_EDGE('',*,*,#992,.T.);
#1373=ORIENTED_EDGE('',*,*,#993,.T.);
#1374=ORIENTED_EDGE('',*,*,#994,.T.);
#1375=ORIENTED_EDGE('',*,*,#995,.T.);
#1376=ORIENTED_EDGE('',*,*,#815,.T.);
#1377=ORIENTED_EDGE('',*,*,#825,.T.);
#1378=ORIENTED_EDGE('',*,*,#822,.T.);
#1379=ORIENTED_EDGE('',*,*,#819,.T.);
#1380=ORIENTED_EDGE('',*,*,#810,.F.);
#1381=ORIENTED_EDGE('',*,*,#794,.F.);
#1382=ORIENTED_EDGE('',*,*,#996,.T.);
#1383=ORIENTED_EDGE('',*,*,#924,.T.);
#1384=ORIENTED_EDGE('',*,*,#927,.T.);
#1385=ORIENTED_EDGE('',*,*,#857,.T.);
#1386=ORIENTED_EDGE('',*,*,#856,.F.);
#1387=ORIENTED_EDGE('',*,*,#961,.F.);
#1388=ORIENTED_EDGE('',*,*,#963,.T.);
#1389=ORIENTED_EDGE('',*,*,#966,.F.);
#1390=ORIENTED_EDGE('',*,*,#997,.T.);
#1391=ORIENTED_EDGE('',*,*,#858,.T.);
#1392=ORIENTED_EDGE('',*,*,#806,.T.);
#1393=ORIENTED_EDGE('',*,*,#847,.T.);
#1394=ORIENTED_EDGE('',*,*,#996,.F.);
#1395=ORIENTED_EDGE('',*,*,#859,.T.);
#1396=ORIENTED_EDGE('',*,*,#997,.F.);
#1397=ORIENTED_EDGE('',*,*,#998,.T.);
#1398=ORIENTED_EDGE('',*,*,#925,.F.);
#1399=ORIENTED_EDGE('',*,*,#998,.F.);
#1400=ORIENTED_EDGE('',*,*,#965,.F.);
#1401=ORIENTED_EDGE('',*,*,#967,.F.);
#1402=ORIENTED_EDGE('',*,*,#999,.T.);
#1403=ORIENTED_EDGE('',*,*,#1000,.F.);
#1404=ORIENTED_EDGE('',*,*,#1001,.T.);
#1405=ORIENTED_EDGE('',*,*,#1002,.F.);
#1406=ORIENTED_EDGE('',*,*,#1003,.F.);
#1407=ORIENTED_EDGE('',*,*,#1004,.T.);
#1408=ORIENTED_EDGE('',*,*,#999,.F.);
#1409=ORIENTED_EDGE('',*,*,#1005,.T.);
#1410=ORIENTED_EDGE('',*,*,#1006,.F.);
#1411=ORIENTED_EDGE('',*,*,#1005,.F.);
#1412=ORIENTED_EDGE('',*,*,#989,.F.);
#1413=ORIENTED_EDGE('',*,*,#872,.T.);
#1414=ORIENTED_EDGE('',*,*,#970,.F.);
#1415=ORIENTED_EDGE('',*,*,#972,.F.);
#1416=ORIENTED_EDGE('',*,*,#974,.F.);
#1417=ORIENTED_EDGE('',*,*,#976,.F.);
#1418=ORIENTED_EDGE('',*,*,#978,.F.);
#1419=ORIENTED_EDGE('',*,*,#980,.F.);
#1420=ORIENTED_EDGE('',*,*,#982,.F.);
#1421=ORIENTED_EDGE('',*,*,#984,.F.);
#1422=ORIENTED_EDGE('',*,*,#986,.F.);
#1423=ORIENTED_EDGE('',*,*,#988,.F.);
#1424=ORIENTED_EDGE('',*,*,#1006,.T.);
#1425=ORIENTED_EDGE('',*,*,#991,.F.);
#1426=ORIENTED_EDGE('',*,*,#1007,.T.);
#1427=ORIENTED_EDGE('',*,*,#1002,.T.);
#1428=ORIENTED_EDGE('',*,*,#1007,.F.);
#1429=ORIENTED_EDGE('',*,*,#1004,.F.);
#1430=ORIENTED_EDGE('',*,*,#1008,.T.);
#1431=ORIENTED_EDGE('',*,*,#992,.F.);
#1432=ORIENTED_EDGE('',*,*,#1008,.F.);
#1433=ORIENTED_EDGE('',*,*,#1000,.T.);
#1434=ORIENTED_EDGE('',*,*,#1009,.T.);
#1435=ORIENTED_EDGE('',*,*,#995,.F.);
#1436=ORIENTED_EDGE('',*,*,#1009,.F.);
#1437=ORIENTED_EDGE('',*,*,#1001,.F.);
#1438=ORIENTED_EDGE('',*,*,#1010,.T.);
#1439=ORIENTED_EDGE('',*,*,#994,.F.);
#1440=ORIENTED_EDGE('',*,*,#1010,.F.);
#1441=ORIENTED_EDGE('',*,*,#1003,.T.);
#1442=ORIENTED_EDGE('',*,*,#1011,.T.);
#1443=ORIENTED_EDGE('',*,*,#993,.F.);
#1444=ORIENTED_EDGE('',*,*,#1011,.F.);
#1445=ORIENTED_EDGE('',*,*,#895,.F.);
#1446=ORIENTED_EDGE('',*,*,#1012,.F.);
#1447=ORIENTED_EDGE('',*,*,#955,.F.);
#1448=ORIENTED_EDGE('',*,*,#990,.T.);
#1449=ORIENTED_EDGE('',*,*,#900,.F.);
#1450=ORIENTED_EDGE('',*,*,#968,.F.);
#1451=ORIENTED_EDGE('',*,*,#958,.F.);
#1452=ORIENTED_EDGE('',*,*,#1012,.T.);
#1453=B_SPLINE_SURFACE_WITH_KNOTS('',3,3,((#2125,#2126,#2127,#2128),(#2129,
#2130,#2131,#2132),(#2133,#2134,#2135,#2136),(#2137,#2138,#2139,#2140),
(#2141,#2142,#2143,#2144),(#2145,#2146,#2147,#2148),(#2149,#2150,#2151,
#2152),(#2153,#2154,#2155,#2156),(#2157,#2158,#2159,#2160)),
 .UNSPECIFIED.,.F.,.F.,.F.,(4,1,1,1,1,1,4),(4,4),(0.,0.285714285714286,
0.5,0.642857142857143,0.785714285714286,0.857142857142857,1.),(0.0450780572377533,
0.194428345768248),.UNSPECIFIED.);
#1454=B_SPLINE_SURFACE_WITH_KNOTS('',3,3,((#2292,#2293,#2294,#2295),(#2296,
#2297,#2298,#2299),(#2300,#2301,#2302,#2303),(#2304,#2305,#2306,#2307)),
 .UNSPECIFIED.,.F.,.F.,.F.,(4,4),(4,4),(0.592118444536673,1.),(0.150776501295899,
0.155951966867878),.UNSPECIFIED.);
#1455=B_SPLINE_SURFACE_WITH_KNOTS('',3,3,((#2312,#2313,#2314,#2315),(#2316,
#2317,#2318,#2319),(#2320,#2321,#2322,#2323),(#2324,#2325,#2326,#2327)),
 .UNSPECIFIED.,.F.,.F.,.F.,(4,4),(4,4),(0.,1.),(0.,0.150776501295899),
 .UNSPECIFIED.);
#1456=B_SPLINE_SURFACE_WITH_KNOTS('',3,3,((#2342,#2343,#2344,#2345),(#2346,
#2347,#2348,#2349),(#2350,#2351,#2352,#2353),(#2354,#2355,#2356,#2357)),
 .UNSPECIFIED.,.F.,.F.,.F.,(4,4),(4,4),(0.,0.230990628928927),(0.150776501334904,
0.161917144747838),.UNSPECIFIED.);
#1457=B_SPLINE_SURFACE_WITH_KNOTS('',3,3,((#2378,#2379,#2380,#2381),(#2382,
#2383,#2384,#2385),(#2386,#2387,#2388,#2389),(#2390,#2391,#2392,#2393)),
 .UNSPECIFIED.,.F.,.F.,.F.,(4,4),(4,4),(0.,1.),(0.,0.150776501334904),
 .UNSPECIFIED.);
#1458=B_SPLINE_SURFACE_WITH_KNOTS('',3,3,((#2431,#2432,#2433,#2434),(#2435,
#2436,#2437,#2438),(#2439,#2440,#2441,#2442),(#2443,#2444,#2445,#2446)),
 .UNSPECIFIED.,.F.,.F.,.F.,(4,4),(4,4),(0.592118444839198,1.),(-0.00517546556647974,
0.),.UNSPECIFIED.);
#1459=B_SPLINE_SURFACE_WITH_KNOTS('',3,3,((#2460,#2461,#2462,#2463),(#2464,
#2465,#2466,#2467),(#2468,#2469,#2470,#2471),(#2472,#2473,#2474,#2475)),
 .UNSPECIFIED.,.F.,.F.,.F.,(4,4),(4,4),(0.,0.230990628982275),(-0.0111406434135748,
0.),.UNSPECIFIED.);
#1460=ADVANCED_FACE('',(#187),#1453,.T.);
#1461=ADVANCED_FACE('',(#188,#57,#58),#144,.F.);
#1462=ADVANCED_FACE('',(#189),#145,.T.);
#1463=ADVANCED_FACE('',(#190),#35,.F.);
#1464=ADVANCED_FACE('',(#191),#146,.F.);
#1465=ADVANCED_FACE('',(#192),#36,.F.);
#1466=ADVANCED_FACE('',(#193),#147,.F.);
#1467=ADVANCED_FACE('',(#194,#59,#60),#148,.T.);
#1468=ADVANCED_FACE('',(#195),#1454,.T.);
#1469=ADVANCED_FACE('',(#196),#1455,.T.);
#1470=ADVANCED_FACE('',(#197),#1456,.T.);
#1471=ADVANCED_FACE('',(#198),#1457,.T.);
#1472=ADVANCED_FACE('',(#199),#149,.T.);
#1473=ADVANCED_FACE('',(#200),#17,.T.);
#1474=ADVANCED_FACE('',(#201),#1458,.T.);
#1475=ADVANCED_FACE('',(#202),#150,.T.);
#1476=ADVANCED_FACE('',(#203),#151,.T.);
#1477=ADVANCED_FACE('',(#204),#1459,.T.);
#1478=ADVANCED_FACE('',(#205),#152,.T.);
#1479=ADVANCED_FACE('',(#206),#153,.T.);
#1480=ADVANCED_FACE('',(#207),#37,.T.);
#1481=ADVANCED_FACE('',(#208),#154,.T.);
#1482=ADVANCED_FACE('',(#209),#38,.F.);
#1483=ADVANCED_FACE('',(#210),#39,.F.);
#1484=ADVANCED_FACE('',(#211),#18,.F.);
#1485=ADVANCED_FACE('',(#212),#40,.F.);
#1486=ADVANCED_FACE('',(#213),#19,.F.);
#1487=ADVANCED_FACE('',(#214),#41,.F.);
#1488=ADVANCED_FACE('',(#215),#155,.T.);
#1489=ADVANCED_FACE('',(#216),#42,.F.);
#1490=ADVANCED_FACE('',(#217),#156,.T.);
#1491=ADVANCED_FACE('',(#218),#157,.T.);
#1492=ADVANCED_FACE('',(#219),#158,.T.);
#1493=ADVANCED_FACE('',(#220),#159,.T.);
#1494=ADVANCED_FACE('',(#221),#20,.F.);
#1495=ADVANCED_FACE('',(#222),#21,.T.);
#1496=ADVANCED_FACE('',(#223),#160,.T.);
#1497=ADVANCED_FACE('',(#224),#161,.T.);
#1498=ADVANCED_FACE('',(#225),#22,.T.);
#1499=ADVANCED_FACE('',(#226),#162,.T.);
#1500=ADVANCED_FACE('',(#227),#23,.T.);
#1501=ADVANCED_FACE('',(#228),#163,.T.);
#1502=ADVANCED_FACE('',(#229),#24,.T.);
#1503=ADVANCED_FACE('',(#230),#164,.T.);
#1504=ADVANCED_FACE('',(#231),#25,.F.);
#1505=ADVANCED_FACE('',(#232),#165,.T.);
#1506=ADVANCED_FACE('',(#233),#166,.F.);
#1507=ADVANCED_FACE('',(#234),#43,.F.);
#1508=ADVANCED_FACE('',(#235),#167,.T.);
#1509=ADVANCED_FACE('',(#236),#44,.T.);
#1510=ADVANCED_FACE('',(#237),#168,.T.);
#1511=ADVANCED_FACE('',(#238),#45,.T.);
#1512=ADVANCED_FACE('',(#239),#169,.T.);
#1513=ADVANCED_FACE('',(#240),#46,.T.);
#1514=ADVANCED_FACE('',(#241),#170,.T.);
#1515=ADVANCED_FACE('',(#242),#47,.F.);
#1516=ADVANCED_FACE('',(#243),#26,.F.);
#1517=ADVANCED_FACE('',(#244),#171,.T.);
#1518=ADVANCED_FACE('',(#245),#27,.T.);
#1519=ADVANCED_FACE('',(#246),#172,.T.);
#1520=ADVANCED_FACE('',(#247),#48,.F.);
#1521=ADVANCED_FACE('',(#248,#61,#62),#173,.T.);
#1522=ADVANCED_FACE('',(#249),#174,.T.);
#1523=ADVANCED_FACE('',(#250),#175,.T.);
#1524=ADVANCED_FACE('',(#251),#176,.T.);
#1525=ADVANCED_FACE('',(#252),#28,.F.);
#1526=ADVANCED_FACE('',(#253),#177,.T.);
#1527=ADVANCED_FACE('',(#254),#29,.T.);
#1528=ADVANCED_FACE('',(#255),#178,.T.);
#1529=ADVANCED_FACE('',(#256),#30,.T.);
#1530=ADVANCED_FACE('',(#257),#179,.T.);
#1531=ADVANCED_FACE('',(#258),#31,.T.);
#1532=ADVANCED_FACE('',(#259),#180,.T.);
#1533=ADVANCED_FACE('',(#260),#32,.F.);
#1534=ADVANCED_FACE('',(#261),#181,.T.);
#1535=ADVANCED_FACE('',(#262,#63,#64,#65,#66,#67,#68),#182,.T.);
#1536=ADVANCED_FACE('',(#263),#33,.F.);
#1537=ADVANCED_FACE('',(#264),#34,.F.);
#1538=ADVANCED_FACE('',(#265),#49,.F.);
#1539=ADVANCED_FACE('',(#266),#183,.T.);
#1540=ADVANCED_FACE('',(#267,#69,#70,#71,#72,#73),#184,.F.);
#1541=ADVANCED_FACE('',(#268),#50,.F.);
#1542=ADVANCED_FACE('',(#269,#74),#185,.T.);
#1543=ADVANCED_FACE('',(#270),#51,.F.);
#1544=ADVANCED_FACE('',(#271),#52,.F.);
#1545=ADVANCED_FACE('',(#272),#53,.F.);
#1546=ADVANCED_FACE('',(#273),#54,.F.);
#1547=ADVANCED_FACE('',(#274),#55,.F.);
#1548=ADVANCED_FACE('',(#275),#56,.T.);
#1549=ADVANCED_FACE('',(#276),#186,.T.);
#1550=CLOSED_SHELL('',(#1460,#1461,#1462,#1463,#1464,#1465,#1466,#1467,
#1468,#1469,#1470,#1471,#1472,#1473,#1474,#1475,#1476,#1477,#1478,#1479,
#1480,#1481,#1482,#1483,#1484,#1485,#1486,#1487,#1488,#1489,#1490,#1491,
#1492,#1493,#1494,#1495,#1496,#1497,#1498,#1499,#1500,#1501,#1502,#1503,
#1504,#1505,#1506,#1507,#1508,#1509,#1510,#1511,#1512,#1513,#1514,#1515,
#1516,#1517,#1518,#1519,#1520,#1521,#1522,#1523,#1524,#1525,#1526,#1527,
#1528,#1529,#1530,#1531,#1532,#1533,#1534,#1535,#1536,#1537,#1538,#1539,
#1540,#1541,#1542,#1543,#1544,#1545,#1546,#1547,#1548,#1549));
#1551=DERIVED_UNIT_ELEMENT(#1553,1.);
#1552=DERIVED_UNIT_ELEMENT(#2834,-3.);
#1553=(
MASS_UNIT()
NAMED_UNIT(*)
SI_UNIT(.KILO.,.GRAM.)
);
#1554=DERIVED_UNIT((#1551,#1552));
#1555=MEASURE_REPRESENTATION_ITEM('density measure',
POSITIVE_RATIO_MEASURE(7850.),#1554);
#1556=PROPERTY_DEFINITION_REPRESENTATION(#1561,#1558);
#1557=PROPERTY_DEFINITION_REPRESENTATION(#1562,#1559);
#1558=REPRESENTATION('material name',(#1560),#2831);
#1559=REPRESENTATION('density',(#1555),#2831);
#1560=DESCRIPTIVE_REPRESENTATION_ITEM('Steel','Steel');
#1561=PROPERTY_DEFINITION('material property','material name',#2841);
#1562=PROPERTY_DEFINITION('material property','density of part',#2841);
#1563=AXIS2_PLACEMENT_3D('',#2124,#1709,#1710);
#1564=AXIS2_PLACEMENT_3D('',#2200,#1712,#1713);
#1565=AXIS2_PLACEMENT_3D('',#2228,#1717,#1718);
#1566=AXIS2_PLACEMENT_3D('',#2237,#1721,#1722);
#1567=AXIS2_PLACEMENT_3D('',#2239,#1723,#1724);
#1568=AXIS2_PLACEMENT_3D('',#2240,#1725,#1726);
#1569=AXIS2_PLACEMENT_3D('',#2263,#1728,#1729);
#1570=AXIS2_PLACEMENT_3D('',#2266,#1730,#1731);
#1571=AXIS2_PLACEMENT_3D('',#2270,#1733,#1734);
#1572=AXIS2_PLACEMENT_3D('',#2272,#1736,#1737);
#1573=AXIS2_PLACEMENT_3D('',#2278,#1741,#1742);
#1574=AXIS2_PLACEMENT_3D('',#2280,#1743,#1744);
#1575=AXIS2_PLACEMENT_3D('',#2283,#1746,#1747);
#1576=AXIS2_PLACEMENT_3D('',#2284,#1748,#1749);
#1577=AXIS2_PLACEMENT_3D('',#2287,#1752,#1753);
#1578=AXIS2_PLACEMENT_3D('',#2289,#1754,#1755);
#1579=AXIS2_PLACEMENT_3D('',#2291,#1756,#1757);
#1580=AXIS2_PLACEMENT_3D('',#2415,#1758,#1759);
#1581=AXIS2_PLACEMENT_3D('',#2427,#1762,#1763);
#1582=AXIS2_PLACEMENT_3D('',#2429,#1764,#1765);
#1583=AXIS2_PLACEMENT_3D('',#2447,#1767,#1768);
#1584=AXIS2_PLACEMENT_3D('',#2453,#1770,#1771);
#1585=AXIS2_PLACEMENT_3D('',#2485,#1773,#1774);
#1586=AXIS2_PLACEMENT_3D('',#2499,#1778,#1779);
#1587=AXIS2_PLACEMENT_3D('',#2505,#1781,#1782);
#1588=AXIS2_PLACEMENT_3D('',#2509,#1784,#1785);
#1589=AXIS2_PLACEMENT_3D('',#2510,#1786,#1787);
#1590=AXIS2_PLACEMENT_3D('',#2511,#1788,#1789);
#1591=AXIS2_PLACEMENT_3D('',#2513,#1790,#1791);
#1592=AXIS2_PLACEMENT_3D('',#2519,#1795,#1796);
#1593=AXIS2_PLACEMENT_3D('',#2521,#1798,#1799);
#1594=AXIS2_PLACEMENT_3D('',#2523,#1801,#1802);
#1595=AXIS2_PLACEMENT_3D('',#2525,#1803,#1804);
#1596=AXIS2_PLACEMENT_3D('',#2527,#1806,#1807);
#1597=AXIS2_PLACEMENT_3D('',#2529,#1808,#1809);
#1598=AXIS2_PLACEMENT_3D('',#2531,#1811,#1812);
#1599=AXIS2_PLACEMENT_3D('',#2533,#1813,#1814);
#1600=AXIS2_PLACEMENT_3D('',#2535,#1816,#1817);
#1601=AXIS2_PLACEMENT_3D('',#2537,#1818,#1819);
#1602=AXIS2_PLACEMENT_3D('',#2540,#1821,#1822);
#1603=AXIS2_PLACEMENT_3D('',#2541,#1823,#1824);
#1604=AXIS2_PLACEMENT_3D('',#2542,#1825,#1826);
#1605=AXIS2_PLACEMENT_3D('',#2544,#1827,#1828);
#1606=AXIS2_PLACEMENT_3D('',#2547,#1830,#1831);
#1607=AXIS2_PLACEMENT_3D('',#2548,#1832,#1833);
#1608=AXIS2_PLACEMENT_3D('',#2549,#1834,#1835);
#1609=AXIS2_PLACEMENT_3D('',#2553,#1838,#1839);
#1610=AXIS2_PLACEMENT_3D('',#2561,#1842,#1843);
#1611=AXIS2_PLACEMENT_3D('',#2570,#1848,#1849);
#1612=AXIS2_PLACEMENT_3D('',#2574,#1851,#1852);
#1613=AXIS2_PLACEMENT_3D('',#2575,#1853,#1854);
#1614=AXIS2_PLACEMENT_3D('',#2576,#1855,#1856);
#1615=AXIS2_PLACEMENT_3D('',#2578,#1857,#1858);
#1616=AXIS2_PLACEMENT_3D('',#2581,#1860,#1861);
#1617=AXIS2_PLACEMENT_3D('',#2582,#1862,#1863);
#1618=AXIS2_PLACEMENT_3D('',#2588,#1867,#1868);
#1619=AXIS2_PLACEMENT_3D('',#2596,#1873,#1874);
#1620=AXIS2_PLACEMENT_3D('',#2600,#1876,#1877);
#1621=AXIS2_PLACEMENT_3D('',#2601,#1878,#1879);
#1622=AXIS2_PLACEMENT_3D('',#2602,#1880,#1881);
#1623=AXIS2_PLACEMENT_3D('',#2608,#1885,#1886);
#1624=AXIS2_PLACEMENT_3D('',#2610,#1887,#1888);
#1625=AXIS2_PLACEMENT_3D('',#2613,#1890,#1891);
#1626=AXIS2_PLACEMENT_3D('',#2614,#1892,#1893);
#1627=AXIS2_PLACEMENT_3D('',#2620,#1897,#1898);
#1628=AXIS2_PLACEMENT_3D('',#2624,#1900,#1901);
#1629=AXIS2_PLACEMENT_3D('',#2625,#1902,#1903);
#1630=AXIS2_PLACEMENT_3D('',#2626,#1904,#1905);
#1631=AXIS2_PLACEMENT_3D('',#2632,#1909,#1910);
#1632=AXIS2_PLACEMENT_3D('',#2633,#1911,#1912);
#1633=AXIS2_PLACEMENT_3D('',#2634,#1913,#1914);
#1634=AXIS2_PLACEMENT_3D('',#2635,#1915,#1916);
#1635=AXIS2_PLACEMENT_3D('',#2643,#1921,#1922);
#1636=AXIS2_PLACEMENT_3D('',#2644,#1923,#1924);
#1637=AXIS2_PLACEMENT_3D('',#2648,#1927,#1928);
#1638=AXIS2_PLACEMENT_3D('',#2651,#1930,#1931);
#1639=AXIS2_PLACEMENT_3D('',#2652,#1932,#1933);
#1640=AXIS2_PLACEMENT_3D('',#2656,#1936,#1937);
#1641=AXIS2_PLACEMENT_3D('',#2659,#1939,#1940);
#1642=AXIS2_PLACEMENT_3D('',#2660,#1941,#1942);
#1643=AXIS2_PLACEMENT_3D('',#2664,#1945,#1946);
#1644=AXIS2_PLACEMENT_3D('',#2667,#1948,#1949);
#1645=AXIS2_PLACEMENT_3D('',#2668,#1950,#1951);
#1646=AXIS2_PLACEMENT_3D('',#2672,#1954,#1955);
#1647=AXIS2_PLACEMENT_3D('',#2675,#1957,#1958);
#1648=AXIS2_PLACEMENT_3D('',#2676,#1959,#1960);
#1649=AXIS2_PLACEMENT_3D('',#2680,#1963,#1964);
#1650=AXIS2_PLACEMENT_3D('',#2681,#1965,#1966);
#1651=AXIS2_PLACEMENT_3D('',#2682,#1967,#1968);
#1652=AXIS2_PLACEMENT_3D('',#2684,#1969,#1970);
#1653=AXIS2_PLACEMENT_3D('',#2687,#1972,#1973);
#1654=AXIS2_PLACEMENT_3D('',#2688,#1974,#1975);
#1655=AXIS2_PLACEMENT_3D('',#2694,#1979,#1980);
#1656=AXIS2_PLACEMENT_3D('',#2698,#1982,#1983);
#1657=AXIS2_PLACEMENT_3D('',#2699,#1984,#1985);
#1658=AXIS2_PLACEMENT_3D('',#2700,#1986,#1987);
#1659=AXIS2_PLACEMENT_3D('',#2708,#1992,#1993);
#1660=AXIS2_PLACEMENT_3D('',#2724,#1995,#1996);
#1661=AXIS2_PLACEMENT_3D('',#2727,#1998,#1999);
#1662=AXIS2_PLACEMENT_3D('',#2728,#2000,#2001);
#1663=AXIS2_PLACEMENT_3D('',#2734,#2005,#2006);
#1664=AXIS2_PLACEMENT_3D('',#2737,#2009,#2010);
#1665=AXIS2_PLACEMENT_3D('',#2741,#2013,#2014);
#1666=AXIS2_PLACEMENT_3D('',#2744,#2016,#2017);
#1667=AXIS2_PLACEMENT_3D('',#2745,#2018,#2019);
#1668=AXIS2_PLACEMENT_3D('',#2749,#2022,#2023);
#1669=AXIS2_PLACEMENT_3D('',#2752,#2025,#2026);
#1670=AXIS2_PLACEMENT_3D('',#2753,#2027,#2028);
#1671=AXIS2_PLACEMENT_3D('',#2757,#2031,#2032);
#1672=AXIS2_PLACEMENT_3D('',#2760,#2034,#2035);
#1673=AXIS2_PLACEMENT_3D('',#2761,#2036,#2037);
#1674=AXIS2_PLACEMENT_3D('',#2765,#2040,#2041);
#1675=AXIS2_PLACEMENT_3D('',#2768,#2043,#2044);
#1676=AXIS2_PLACEMENT_3D('',#2769,#2045,#2046);
#1677=AXIS2_PLACEMENT_3D('',#2773,#2049,#2050);
#1678=AXIS2_PLACEMENT_3D('',#2776,#2052,#2053);
#1679=AXIS2_PLACEMENT_3D('',#2777,#2054,#2055);
#1680=AXIS2_PLACEMENT_3D('',#2779,#2057,#2058);
#1681=AXIS2_PLACEMENT_3D('',#2782,#2060,#2061);
#1682=AXIS2_PLACEMENT_3D('',#2784,#2062,#2063);
#1683=AXIS2_PLACEMENT_3D('',#2786,#2064,#2065);
#1684=AXIS2_PLACEMENT_3D('',#2788,#2066,#2067);
#1685=AXIS2_PLACEMENT_3D('',#2790,#2068,#2069);
#1686=AXIS2_PLACEMENT_3D('',#2791,#2070,#2071);
#1687=AXIS2_PLACEMENT_3D('',#2792,#2072,#2073);
#1688=AXIS2_PLACEMENT_3D('',#2793,#2074,#2075);
#1689=AXIS2_PLACEMENT_3D('',#2794,#2076,#2077);
#1690=AXIS2_PLACEMENT_3D('',#2795,#2078,#2079);
#1691=AXIS2_PLACEMENT_3D('',#2797,#2081,#2082);
#1692=AXIS2_PLACEMENT_3D('',#2798,#2083,#2084);
#1693=AXIS2_PLACEMENT_3D('',#2800,#2085,#2086);
#1694=AXIS2_PLACEMENT_3D('',#2802,#2087,#2088);
#1695=AXIS2_PLACEMENT_3D('',#2804,#2089,#2090);
#1696=AXIS2_PLACEMENT_3D('',#2806,#2091,#2092);
#1697=AXIS2_PLACEMENT_3D('',#2808,#2093,#2094);
#1698=AXIS2_PLACEMENT_3D('',#2810,#2095,#2096);
#1699=AXIS2_PLACEMENT_3D('',#2811,#2097,#2098);
#1700=AXIS2_PLACEMENT_3D('',#2814,#2100,#2101);
#1701=AXIS2_PLACEMENT_3D('',#2815,#2102,#2103);
#1702=AXIS2_PLACEMENT_3D('',#2816,#2104,#2105);
#1703=AXIS2_PLACEMENT_3D('',#2818,#2107,#2108);
#1704=AXIS2_PLACEMENT_3D('',#2820,#2110,#2111);
#1705=AXIS2_PLACEMENT_3D('',#2822,#2113,#2114);
#1706=AXIS2_PLACEMENT_3D('',#2824,#2116,#2117);
#1707=AXIS2_PLACEMENT_3D('',#2826,#2119,#2120);
#1708=AXIS2_PLACEMENT_3D('',#2828,#2122,#2123);
#1709=DIRECTION('axis',(0.,0.,1.));
#1710=DIRECTION('refdir',(1.,0.,0.));
#1711=DIRECTION('',(0.707106781186547,-0.707106781186547,1.84941190572177E-11));
#1712=DIRECTION('center_axis',(1.52872593794196E-12,-9.75276778283853E-13,
-1.));
#1713=DIRECTION('ref_axis',(-1.,0.,-1.52872593794196E-12));
#1714=DIRECTION('',(-1.,0.,-1.52872593794196E-12));
#1715=DIRECTION('',(-1.49093090763499E-24,-1.,9.75276778283853E-13));
#1716=DIRECTION('',(1.,-8.88107277125993E-15,1.52872593794197E-12));
#1717=DIRECTION('center_axis',(1.52872593794196E-12,-9.75276778283853E-13,
-1.));
#1718=DIRECTION('ref_axis',(-0.707106781186544,0.707106781186551,-1.7705973007528E-12));
#1719=DIRECTION('',(-3.56846011379652E-15,1.,-9.75276778283858E-13));
#1720=DIRECTION('',(-3.56846011379652E-15,1.,-9.75276778283858E-13));
#1721=DIRECTION('center_axis',(1.52872593794196E-12,-9.75276778283853E-13,
-1.));
#1722=DIRECTION('ref_axis',(1.,0.,0.));
#1723=DIRECTION('center_axis',(1.52872593794196E-12,-9.75276778283853E-13,
-1.));
#1724=DIRECTION('ref_axis',(1.,0.,0.));
#1725=DIRECTION('center_axis',(-1.08097247729452E-12,-0.707106781186548,
0.707106781186548));
#1726=DIRECTION('ref_axis',(1.,0.,1.52872593794196E-12));
#1727=DIRECTION('',(1.,0.,1.52872593794196E-12));
#1728=DIRECTION('center_axis',(0.,0.,1.));
#1729=DIRECTION('ref_axis',(1.,0.,0.));
#1730=DIRECTION('center_axis',(6.29913772836968E-16,0.,1.));
#1731=DIRECTION('ref_axis',(1.,0.,0.));
#1732=DIRECTION('',(0.,0.,1.));
#1733=DIRECTION('center_axis',(4.24153973113718E-17,0.,1.));
#1734=DIRECTION('ref_axis',(1.,0.,-4.24153973113718E-17));
#1735=DIRECTION('',(0.,0.,1.));
#1736=DIRECTION('center_axis',(-1.,0.,0.));
#1737=DIRECTION('ref_axis',(0.,-1.,0.));
#1738=DIRECTION('',(0.,-1.,0.));
#1739=DIRECTION('',(0.,0.,1.));
#1740=DIRECTION('',(0.,-1.,0.));
#1741=DIRECTION('center_axis',(0.,0.,1.));
#1742=DIRECTION('ref_axis',(1.,0.,0.));
#1743=DIRECTION('center_axis',(6.29913772836968E-16,0.,1.));
#1744=DIRECTION('ref_axis',(1.,0.,0.));
#1745=DIRECTION('',(0.,0.,1.));
#1746=DIRECTION('center_axis',(4.24153973113718E-17,0.,1.));
#1747=DIRECTION('ref_axis',(1.,0.,-4.24153973113718E-17));
#1748=DIRECTION('center_axis',(1.,0.,0.));
#1749=DIRECTION('ref_axis',(0.,1.,0.));
#1750=DIRECTION('',(0.,1.,0.));
#1751=DIRECTION('',(0.,1.,0.));
#1752=DIRECTION('center_axis',(-4.24153973113718E-17,0.,-1.));
#1753=DIRECTION('ref_axis',(1.,0.,-4.24153973113718E-17));
#1754=DIRECTION('center_axis',(-4.24153973113718E-17,0.,-1.));
#1755=DIRECTION('ref_axis',(1.,0.,0.));
#1756=DIRECTION('center_axis',(-4.24153973113718E-17,0.,-1.));
#1757=DIRECTION('ref_axis',(1.,0.,0.));
#1758=DIRECTION('center_axis',(-1.07469261052E-12,0.707106781182489,0.707106781190606));
#1759=DIRECTION('ref_axis',(1.,0.,1.51984486517081E-12));
#1760=DIRECTION('',(-1.,8.88107277125993E-15,-1.52872593794197E-12));
#1761=DIRECTION('',(-1.08336379648453E-12,-0.707106781190616,0.707106781182479));
#1762=DIRECTION('center_axis',(1.53210777073496E-12,-9.76996259599107E-13,
-1.));
#1763=DIRECTION('ref_axis',(-0.707106781186544,0.707106781186551,-9.68415516501128E-12));
#1764=DIRECTION('center_axis',(-1.52872593794196E-12,9.75276778283853E-13,
1.));
#1765=DIRECTION('ref_axis',(-0.707106781186544,0.707106781186551,-1.44322898802214E-11));
#1766=DIRECTION('',(0.707106780809621,6.90840680723637E-13,0.707106781563474));
#1767=DIRECTION('center_axis',(-0.707106781205039,6.87101541095326E-13,
0.707106781168056));
#1768=DIRECTION('ref_axis',(0.707106781168056,0.,0.707106781205039));
#1769=DIRECTION('',(3.56846011379652E-15,-1.,9.75276778283858E-13));
#1770=DIRECTION('center_axis',(0.226482201398889,9.49934507695615E-13,0.974015304011961));
#1771=DIRECTION('ref_axis',(0.974015304011961,0.,-0.226482201398889));
#1772=DIRECTION('',(0.,1.,0.));
#1773=DIRECTION('center_axis',(-1.,-3.568460139305E-15,-2.61551242424613E-11));
#1774=DIRECTION('ref_axis',(3.56846013971042E-15,-1.,-1.55003218002654E-14));
#1775=DIRECTION('',(-2.61551242424612E-11,-5.73639260190915E-12,1.));
#1776=DIRECTION('',(-3.568460139305E-15,1.,2.24782218956795E-30));
#1777=DIRECTION('',(2.61551242424613E-11,0.,-1.));
#1778=DIRECTION('center_axis',(-1.,-3.568460139305E-15,-2.61551242424613E-11));
#1779=DIRECTION('ref_axis',(3.56846013971042E-15,-1.,-1.55003218002654E-14));
#1780=DIRECTION('',(-3.568460139305E-15,1.,0.));
#1781=DIRECTION('center_axis',(-2.61551242424612E-11,-5.73639260190915E-12,
1.));
#1782=DIRECTION('ref_axis',(-0.707106781186544,0.707106781186551,-1.44322898802214E-11));
#1783=DIRECTION('',(2.61551242424612E-11,5.73639260190915E-12,-1.));
#1784=DIRECTION('center_axis',(-5.83445047422984E-15,-0.707106781186548,
0.707106781186548));
#1785=DIRECTION('ref_axis',(-3.69832334721725E-11,0.707106781186548,0.707106781186548));
#1786=DIRECTION('center_axis',(0.707106781186546,2.52328236289645E-15,0.707106781186549));
#1787=DIRECTION('ref_axis',(-0.707106781186549,-8.11507193788419E-12,0.707106781186546));
#1788=DIRECTION('center_axis',(8.88107276249056E-15,1.,5.73639260190939E-12));
#1789=DIRECTION('ref_axis',(-1.,8.88107276239209E-15,1.71660942176441E-14));
#1790=DIRECTION('center_axis',(8.88107276249056E-15,1.,5.73639260190939E-12));
#1791=DIRECTION('ref_axis',(-7.40148683032494E-16,5.73639260190939E-12,
-1.));
#1792=DIRECTION('',(-1.,8.88107276241343E-15,1.34460344093491E-14));
#1793=DIRECTION('',(-2.61557173582116E-11,-5.73639260190915E-12,1.));
#1794=DIRECTION('',(1.,-8.88107276248694E-15,-6.29913772836968E-16));
#1795=DIRECTION('center_axis',(0.,0.,1.));
#1796=DIRECTION('ref_axis',(1.,0.,0.));
#1797=DIRECTION('',(0.,0.,1.));
#1798=DIRECTION('center_axis',(0.,0.,1.));
#1799=DIRECTION('ref_axis',(1.,0.,0.));
#1800=DIRECTION('',(0.,0.,1.));
#1801=DIRECTION('center_axis',(8.88178419395449E-15,1.,5.73652236627035E-12));
#1802=DIRECTION('ref_axis',(-7.40148683056007E-16,3.08882678566899E-12,
-1.));
#1803=DIRECTION('center_axis',(-8.88107276249056E-15,-1.,-5.73639260190939E-12));
#1804=DIRECTION('ref_axis',(-7.40148683083439E-16,0.,-1.));
#1805=DIRECTION('',(3.14018491734948E-15,-0.707106781186548,0.707106781186547));
#1806=DIRECTION('center_axis',(0.,-1.,0.));
#1807=DIRECTION('ref_axis',(-7.40148683083439E-16,0.,-1.));
#1808=DIRECTION('center_axis',(0.,1.,0.));
#1809=DIRECTION('ref_axis',(-7.40148683083439E-16,0.,-1.));
#1810=DIRECTION('',(0.,-1.,0.));
#1811=DIRECTION('center_axis',(0.,-1.,0.));
#1812=DIRECTION('ref_axis',(-7.40148683083439E-16,0.,-1.));
#1813=DIRECTION('center_axis',(0.,-1.,0.));
#1814=DIRECTION('ref_axis',(-7.40148683083439E-16,0.,-1.));
#1815=DIRECTION('',(-9.42055475242691E-15,-0.707106781186547,-0.707106781186547));
#1816=DIRECTION('center_axis',(0.,-1.,0.));
#1817=DIRECTION('ref_axis',(1.,0.,0.));
#1818=DIRECTION('center_axis',(0.,-1.,0.));
#1819=DIRECTION('ref_axis',(1.,0.,0.));
#1820=DIRECTION('',(0.,-1.,0.));
#1821=DIRECTION('center_axis',(0.,-1.,0.));
#1822=DIRECTION('ref_axis',(1.,0.,0.));
#1823=DIRECTION('center_axis',(0.,1.,0.));
#1824=DIRECTION('ref_axis',(1.,0.,0.));
#1825=DIRECTION('center_axis',(0.,-1.,0.));
#1826=DIRECTION('ref_axis',(1.,0.,0.));
#1827=DIRECTION('center_axis',(0.,-1.,0.));
#1828=DIRECTION('ref_axis',(1.,0.,0.));
#1829=DIRECTION('',(0.,-1.,0.));
#1830=DIRECTION('center_axis',(0.,-1.,0.));
#1831=DIRECTION('ref_axis',(1.,0.,0.));
#1832=DIRECTION('center_axis',(0.,1.,0.));
#1833=DIRECTION('ref_axis',(1.,0.,0.));
#1834=DIRECTION('center_axis',(-0.707106781186546,-2.52328236289645E-15,
-0.707106781186549));
#1835=DIRECTION('ref_axis',(-0.707106781186549,0.,0.707106781186546));
#1836=DIRECTION('',(-0.577350269189627,0.577350269189627,0.577350269189623));
#1837=DIRECTION('',(-0.707106781186548,-3.14018491728541E-15,0.707106781186547));
#1838=DIRECTION('center_axis',(5.83445047422984E-15,0.707106781186548,-0.707106781186548));
#1839=DIRECTION('ref_axis',(-1.,0.,-8.25115898964998E-15));
#1840=DIRECTION('',(3.14018491586205E-15,0.707106780849232,0.707106781523863));
#1841=DIRECTION('',(-1.,8.88107276248694E-15,6.29913772836968E-16));
#1842=DIRECTION('center_axis',(-4.45416300335823E-16,-0.707106781186548,
-0.707106781186548));
#1843=DIRECTION('ref_axis',(-1.,0.,6.29913772836968E-16));
#1844=DIRECTION('',(0.,0.707106781186547,-0.707106781186547));
#1845=DIRECTION('',(1.,0.,-6.29913772836968E-16));
#1846=DIRECTION('',(0.,-0.707106781186547,0.707106781186547));
#1847=DIRECTION('',(-1.,0.,6.29913772836968E-16));
#1848=DIRECTION('center_axis',(0.,0.,-1.));
#1849=DIRECTION('ref_axis',(0.300705799504272,0.953716950748227,4.59033374090797E-12));
#1850=DIRECTION('',(-0.405579787426125,-0.579227964987512,0.70710678161633));
#1851=DIRECTION('center_axis',(6.29913772836968E-16,0.,1.));
#1852=DIRECTION('ref_axis',(0.300705799504272,0.953716950748227,1.03284876904606E-11));
#1853=DIRECTION('center_axis',(-6.29913772836968E-16,0.,-1.));
#1854=DIRECTION('ref_axis',(0.300705799504272,0.953716950748227,-1.89418724679814E-16));
#1855=DIRECTION('center_axis',(0.,1.,0.));
#1856=DIRECTION('ref_axis',(0.,0.,-1.));
#1857=DIRECTION('center_axis',(0.,1.,0.));
#1858=DIRECTION('ref_axis',(0.,0.,-1.));
#1859=DIRECTION('',(-0.707106781186547,0.707106781186547,0.));
#1860=DIRECTION('center_axis',(0.,-1.,0.));
#1861=DIRECTION('ref_axis',(0.,0.,-1.));
#1862=DIRECTION('center_axis',(-0.405579787672639,-0.579227965339569,-0.707106781186547));
#1863=DIRECTION('ref_axis',(-0.867439421552547,0.,0.497542812164523));
#1864=DIRECTION('',(0.819152044288992,-0.573576436351046,-5.15995154745194E-16));
#1865=DIRECTION('',(-0.405579787672642,-0.579227965339568,0.707106781186547));
#1866=DIRECTION('',(-0.819152044288992,0.573576436351046,5.15995154745194E-16));
#1867=DIRECTION('center_axis',(-0.707106781186548,-0.707106781186548,0.));
#1868=DIRECTION('ref_axis',(0.,0.,1.));
#1869=DIRECTION('',(-0.577350269189626,0.577350269189626,-0.577350269189626));
#1870=DIRECTION('',(0.,0.,-1.));
#1871=DIRECTION('',(0.,0.,1.));
#1872=DIRECTION('',(-0.577350269189626,0.577350269189626,0.577350269189625));
#1873=DIRECTION('center_axis',(0.,0.,1.));
#1874=DIRECTION('ref_axis',(-0.300705799504273,-0.953716950748227,-7.112414580879E-12));
#1875=DIRECTION('',(0.,-0.707106780795588,0.707106781577507));
#1876=DIRECTION('center_axis',(-6.29913772836968E-16,0.,-1.));
#1877=DIRECTION('ref_axis',(-0.300705799504273,-0.953716950748227,-1.33359430805204E-11));
#1878=DIRECTION('center_axis',(6.29913772836968E-16,0.,1.));
#1879=DIRECTION('ref_axis',(-0.300705799504273,-0.953716950748227,1.89418724680105E-16));
#1880=DIRECTION('center_axis',(-4.454163233704E-16,-0.707106781186547,-0.707106781186548));
#1881=DIRECTION('ref_axis',(-1.,0.,6.2991380541278E-16));
#1882=DIRECTION('',(1.,-3.25758112881075E-23,-6.29913772836968E-16));
#1883=DIRECTION('',(0.,-0.707106781186548,0.707106781186547));
#1884=DIRECTION('',(-1.,3.25758112881075E-23,6.29913772836968E-16));
#1885=DIRECTION('center_axis',(0.,0.,1.));
#1886=DIRECTION('ref_axis',(1.,-1.93082265152406E-15,1.36718971073121E-11));
#1887=DIRECTION('center_axis',(6.29913772836968E-16,0.,1.));
#1888=DIRECTION('ref_axis',(1.,-1.93082265152406E-15,-6.29913772836315E-16));
#1889=DIRECTION('',(0.,0.707106780751794,0.707106781621301));
#1890=DIRECTION('center_axis',(-6.29913772836968E-16,0.,-1.));
#1891=DIRECTION('ref_axis',(1.,-1.93082265152406E-15,2.61555087352903E-11));
#1892=DIRECTION('center_axis',(5.35891405338466E-16,0.707106781186547,-0.707106781186548));
#1893=DIRECTION('ref_axis',(-1.,0.,-7.57864893388835E-16));
#1894=DIRECTION('',(0.,0.707106781186548,0.707106781186547));
#1895=DIRECTION('',(1.,-1.38777866622581E-15,-6.29913772836968E-16));
#1896=DIRECTION('',(-1.,1.38777866622581E-15,6.29913772836968E-16));
#1897=DIRECTION('center_axis',(0.,0.,1.));
#1898=DIRECTION('ref_axis',(-0.300705799504273,0.953716950748227,-1.27700820220384E-12));
#1899=DIRECTION('',(-0.405579787442471,0.579227965010856,0.707106781587832));
#1900=DIRECTION('center_axis',(-6.29913772836968E-16,0.,-1.));
#1901=DIRECTION('ref_axis',(-0.300705799504273,0.953716950748227,-2.39455612051592E-12));
#1902=DIRECTION('center_axis',(6.29913772836968E-16,0.,1.));
#1903=DIRECTION('ref_axis',(-0.300705799504273,0.953716950748227,1.89418724679809E-16));
#1904=DIRECTION('center_axis',(-0.405579787672639,0.579227965339568,-0.707106781186549));
#1905=DIRECTION('ref_axis',(-0.867439421552548,0.,0.497542812164522));
#1906=DIRECTION('',(-0.40557978767264,0.579227965339572,0.707106781186545));
#1907=DIRECTION('',(0.819152044288991,0.573576436351047,-5.15995154745194E-16));
#1908=DIRECTION('',(-0.819152044288991,-0.573576436351047,5.15995154745194E-16));
#1909=DIRECTION('center_axis',(0.,0.,-1.));
#1910=DIRECTION('ref_axis',(0.300705799504269,-0.953716950748228,1.06401258747345E-12));
#1911=DIRECTION('center_axis',(6.29913772836968E-16,0.,1.));
#1912=DIRECTION('ref_axis',(0.300705799504269,-0.953716950748228,2.39426509522174E-12));
#1913=DIRECTION('center_axis',(-6.29913772836968E-16,0.,-1.));
#1914=DIRECTION('ref_axis',(0.300705799504269,-0.953716950748228,-1.89418724679711E-16));
#1915=DIRECTION('center_axis',(0.,-0.707106781186547,0.707106781186548));
#1916=DIRECTION('ref_axis',(1.,0.,0.));
#1917=DIRECTION('',(1.,0.,0.));
#1918=DIRECTION('',(0.,-0.707106781186541,-0.707106781186554));
#1919=DIRECTION('',(-1.,0.,0.));
#1920=DIRECTION('',(0.577350269189626,0.577350269189626,0.577350269189625));
#1921=DIRECTION('center_axis',(0.,1.,0.));
#1922=DIRECTION('ref_axis',(1.,0.,0.));
#1923=DIRECTION('center_axis',(0.,-1.,0.));
#1924=DIRECTION('ref_axis',(0.707106781195795,0.,-0.7071067811773));
#1925=DIRECTION('',(3.43474486277002E-11,0.,-1.));
#1926=DIRECTION('',(1.,0.,-1.34460344093491E-14));
#1927=DIRECTION('center_axis',(-3.43474486277002E-11,0.,1.));
#1928=DIRECTION('ref_axis',(0.300705799504272,0.953716950748227,1.03284876904606E-11));
#1929=DIRECTION('',(-3.43474486277002E-11,0.,1.));
#1930=DIRECTION('center_axis',(-1.34460344093491E-14,0.,-1.));
#1931=DIRECTION('ref_axis',(0.300705799504272,0.953716950748227,1.03284876904606E-11));
#1932=DIRECTION('center_axis',(-0.573576436351046,-0.819152044288992,-1.97008871816269E-11));
#1933=DIRECTION('ref_axis',(0.819152044288992,-0.573576436351046,2.41279421571522E-12));
#1934=DIRECTION('',(2.61553741628025E-11,5.73615229389664E-12,-1.));
#1935=DIRECTION('',(0.819152044288992,-0.573576436351046,-1.10143465739984E-14));
#1936=DIRECTION('center_axis',(-2.61553741628025E-11,-5.73615229389664E-12,
1.));
#1937=DIRECTION('ref_axis',(-0.300705799504273,-0.953716950748227,-1.33359430805204E-11));
#1938=DIRECTION('',(-2.61553741628025E-11,-5.73615229389664E-12,1.));
#1939=DIRECTION('center_axis',(1.34460344093491E-14,0.,1.));
#1940=DIRECTION('ref_axis',(-0.300705799504273,-0.953716950748227,-1.33359430805204E-11));
#1941=DIRECTION('center_axis',(-3.25794245694405E-23,-1.,-5.73615229389664E-12));
#1942=DIRECTION('ref_axis',(1.,0.,-5.67966520067913E-12));
#1943=DIRECTION('',(-2.61555087352903E-11,-5.73547943145747E-12,1.));
#1944=DIRECTION('',(1.,-3.25022960683195E-23,-1.34460344093491E-14));
#1945=DIRECTION('center_axis',(-2.61555087352903E-11,-5.73547943145747E-12,
1.));
#1946=DIRECTION('ref_axis',(1.,-1.93082265152406E-15,2.61555087352903E-11));
#1947=DIRECTION('',(-2.61555087352903E-11,-5.73547943145747E-12,1.));
#1948=DIRECTION('center_axis',(1.34460344093491E-14,0.,1.));
#1949=DIRECTION('ref_axis',(1.,-1.93082265152406E-15,2.61555087352903E-11));
#1950=DIRECTION('center_axis',(1.38777866622942E-15,1.,5.73615229389668E-12));
#1951=DIRECTION('ref_axis',(-1.,1.38777878078156E-15,-1.997020499536E-11));
#1952=DIRECTION('',(2.61553741628025E-11,5.73615229389664E-12,-1.));
#1953=DIRECTION('',(-1.,1.38777866615229E-15,1.34460344093491E-14));
#1954=DIRECTION('center_axis',(-2.61553741628025E-11,-5.73615229389664E-12,
1.));
#1955=DIRECTION('ref_axis',(-0.300705799504273,0.953716950748227,-2.39455612051592E-12));
#1956=DIRECTION('',(-2.61553741628025E-11,-5.73615229389664E-12,1.));
#1957=DIRECTION('center_axis',(1.34460344093491E-14,0.,1.));
#1958=DIRECTION('ref_axis',(-0.300705799504273,0.953716950748227,-2.39455612051592E-12));
#1959=DIRECTION('center_axis',(-0.573576436351047,0.819152044288991,-1.03033254258301E-11));
#1960=DIRECTION('ref_axis',(-0.819152044288991,-0.573576436351047,1.21583780320959E-11));
#1961=DIRECTION('',(2.61557173582116E-11,5.73639260190915E-12,-1.));
#1962=DIRECTION('',(-0.819152044288991,-0.573576436351047,1.10143465739984E-14));
#1963=DIRECTION('center_axis',(-2.61557173582116E-11,-5.73639260190915E-12,
1.));
#1964=DIRECTION('ref_axis',(0.300705799504269,-0.953716950748228,2.39426509522174E-12));
#1965=DIRECTION('center_axis',(-1.34460344093491E-14,0.,-1.));
#1966=DIRECTION('ref_axis',(0.300705799504269,-0.953716950748228,2.39426509522174E-12));
#1967=DIRECTION('center_axis',(-1.11022302409479E-15,0.,-1.));
#1968=DIRECTION('ref_axis',(0.707106781186548,-0.707106781186547,6.16493277686007E-12));
#1969=DIRECTION('center_axis',(-6.29913772836968E-16,0.,-1.));
#1970=DIRECTION('ref_axis',(0.707106781186548,-0.707106781186547,-4.45416300334873E-16));
#1971=DIRECTION('',(1.57009245829423E-15,0.707106781024191,0.707106781348904));
#1972=DIRECTION('center_axis',(6.29913772836968E-16,0.,1.));
#1973=DIRECTION('ref_axis',(0.707106781186548,-0.707106781186547,1.84956891632949E-11));
#1974=DIRECTION('center_axis',(-4.45416300335823E-16,0.707106781186548,
-0.707106781186548));
#1975=DIRECTION('ref_axis',(-1.,0.,6.29913772836968E-16));
#1976=DIRECTION('',(-1.,0.,6.29913772836968E-16));
#1977=DIRECTION('',(0.,0.707106781186547,0.707106781186547));
#1978=DIRECTION('',(1.,0.,-6.29913772836968E-16));
#1979=DIRECTION('center_axis',(0.,-1.,0.));
#1980=DIRECTION('ref_axis',(0.,0.,-1.));
#1981=DIRECTION('',(0.707106781186547,0.707106781186547,0.));
#1982=DIRECTION('center_axis',(0.,-1.,0.));
#1983=DIRECTION('ref_axis',(0.,0.,-1.));
#1984=DIRECTION('center_axis',(0.,1.,0.));
#1985=DIRECTION('ref_axis',(0.,0.,-1.));
#1986=DIRECTION('center_axis',(-0.707106781186548,0.707106781186548,0.));
#1987=DIRECTION('ref_axis',(0.,0.,1.));
#1988=DIRECTION('',(0.577350269189625,0.577350269189625,-0.577350269189627));
#1989=DIRECTION('',(0.,0.,-1.));
#1990=DIRECTION('',(0.,0.,1.));
#1991=DIRECTION('',(0.577350269189626,0.577350269189626,0.577350269189626));
#1992=DIRECTION('center_axis',(2.61551242424613E-11,0.,-1.));
#1993=DIRECTION('ref_axis',(0.707106781186548,-0.707106781186547,1.84956891632949E-11));
#1994=DIRECTION('',(-2.61551242424613E-11,0.,1.));
#1995=DIRECTION('center_axis',(0.,1.,0.));
#1996=DIRECTION('ref_axis',(1.,0.,0.));
#1997=DIRECTION('',(-1.,0.,0.));
#1998=DIRECTION('center_axis',(0.,1.,0.));
#1999=DIRECTION('ref_axis',(0.707106781195795,0.,-0.7071067811773));
#2000=DIRECTION('center_axis',(0.,0.707106781186548,0.707106781186547));
#2001=DIRECTION('ref_axis',(1.,0.,0.));
#2002=DIRECTION('',(-0.577350269189626,0.577350269189626,-0.577350269189626));
#2003=DIRECTION('',(1.,0.,0.));
#2004=DIRECTION('',(0.,0.707106781186547,-0.707106781186548));
#2005=DIRECTION('center_axis',(-0.707106781186548,0.,0.707106781186548));
#2006=DIRECTION('ref_axis',(0.707106781186548,0.,0.707106781186548));
#2007=DIRECTION('',(0.,1.,0.));
#2008=DIRECTION('',(0.,-1.,0.));
#2009=DIRECTION('center_axis',(9.5077821109184E-15,-0.707106781186548,0.707106781186548));
#2010=DIRECTION('ref_axis',(1.,0.,-1.34460344093491E-14));
#2011=DIRECTION('',(9.42055475242691E-15,0.707106781186547,0.707106781186547));
#2012=DIRECTION('',(-1.,0.,1.34460344093491E-14));
#2013=DIRECTION('center_axis',(1.33226762892494E-14,0.,1.));
#2014=DIRECTION('ref_axis',(0.300705799504272,0.953716950748227,4.58819269547265E-12));
#2015=DIRECTION('',(0.40557978757538,0.579227965200658,0.707106781356122));
#2016=DIRECTION('center_axis',(1.34460344093491E-14,0.,1.));
#2017=DIRECTION('ref_axis',(0.300705799504272,0.953716950748227,-4.04330052722567E-15));
#2018=DIRECTION('center_axis',(-0.405579787672629,-0.57922796533957,0.707106781186553));
#2019=DIRECTION('ref_axis',(0.867439421552554,0.,0.497542812164511));
#2020=DIRECTION('',(0.405579787672648,0.57922796533957,0.707106781186542));
#2021=DIRECTION('',(-0.819152044288992,0.573576436351046,1.10143465739984E-14));
#2022=DIRECTION('center_axis',(-1.3322676293214E-14,0.,-1.));
#2023=DIRECTION('ref_axis',(-0.300705799504273,-0.953716950748227,-7.11061610269182E-12));
#2024=DIRECTION('',(9.42055475135662E-15,0.707106781121115,0.70710678125198));
#2025=DIRECTION('center_axis',(-1.34460344093491E-14,0.,-1.));
#2026=DIRECTION('ref_axis',(-0.300705799504273,-0.953716950748227,4.04330052722553E-15));
#2027=DIRECTION('center_axis',(9.5077820879358E-15,-0.707106781186548,0.707106781186547));
#2028=DIRECTION('ref_axis',(1.,0.,-1.34460343768468E-14));
#2029=DIRECTION('',(1.25607396695422E-14,0.707106781186547,0.707106781186548));
#2030=DIRECTION('',(-1.,3.25022960683195E-23,1.34460344093491E-14));
#2031=DIRECTION('center_axis',(-1.77635683924514E-14,0.,-1.));
#2032=DIRECTION('ref_axis',(1.,-1.93082265152406E-15,1.36657803224954E-11));
#2033=DIRECTION('',(1.25607396687575E-14,-0.707106781164926,0.707106781208169));
#2034=DIRECTION('center_axis',(-1.34460344093491E-14,0.,-1.));
#2035=DIRECTION('ref_axis',(1.,-1.93082265152406E-15,-1.34460344093477E-14));
#2036=DIRECTION('center_axis',(1.04890898165407E-14,0.707106781186547,0.707106781186548));
#2037=DIRECTION('ref_axis',(1.,0.,-1.48338130755014E-14));
#2038=DIRECTION('',(1.25607396693981E-14,-0.707106781186548,0.707106781186547));
#2039=DIRECTION('',(1.,-1.38777866615229E-15,-1.34460344093491E-14));
#2040=DIRECTION('center_axis',(-1.33226762934574E-14,0.,-1.));
#2041=DIRECTION('ref_axis',(-0.300705799504273,0.953716950748227,-1.27520972402892E-12));
#2042=DIRECTION('',(0.405579787641043,-0.579227965294431,0.707106781241645));
#2043=DIRECTION('center_axis',(-1.34460344093491E-14,0.,-1.));
#2044=DIRECTION('ref_axis',(-0.300705799504273,0.953716950748227,4.04330052722522E-15));
#2045=DIRECTION('center_axis',(-0.405579787672629,0.579227965339568,0.707106781186554));
#2046=DIRECTION('ref_axis',(0.867439421552554,0.,0.497542812164511));
#2047=DIRECTION('',(0.405579787672649,-0.579227965339571,0.70710678118654));
#2048=DIRECTION('',(0.819152044288991,0.573576436351047,-1.10143465739984E-14));
#2049=DIRECTION('center_axis',(1.33226762910451E-14,0.,1.));
#2050=DIRECTION('ref_axis',(0.300705799504269,-0.953716950748228,1.06187154202816E-12));
#2051=DIRECTION('',(3.14018491684608E-15,-0.707106781067427,0.707106781305668));
#2052=DIRECTION('center_axis',(1.34460344093491E-14,0.,1.));
#2053=DIRECTION('ref_axis',(0.300705799504269,-0.953716950748228,-4.04330052722531E-15));
#2054=DIRECTION('center_axis',(1.57876488854321E-14,0.707106781186547,0.707106781186548));
#2055=DIRECTION('ref_axis',(1.,0.,-2.23271071717625E-14));
#2056=DIRECTION('',(1.,-8.88107276241343E-15,-1.34460344093491E-14));
#2057=DIRECTION('center_axis',(-6.29913772836968E-16,0.,-1.));
#2058=DIRECTION('ref_axis',(1.,0.,-6.29913772836968E-16));
#2059=DIRECTION('',(0.,-1.,0.));
#2060=DIRECTION('center_axis',(6.29913772836968E-16,0.,1.));
#2061=DIRECTION('ref_axis',(1.,0.,0.));
#2062=DIRECTION('center_axis',(6.29913772836968E-16,0.,1.));
#2063=DIRECTION('ref_axis',(1.,0.,0.));
#2064=DIRECTION('center_axis',(1.34981522750779E-16,0.,1.));
#2065=DIRECTION('ref_axis',(1.,0.,-1.34981522750779E-16));
#2066=DIRECTION('center_axis',(-1.52872593794196E-12,9.75276778283853E-13,
1.));
#2067=DIRECTION('ref_axis',(1.,0.,1.52872593794196E-12));
#2068=DIRECTION('center_axis',(-9.75141796761101E-13,-1.52886091946471E-12,
1.));
#2069=DIRECTION('ref_axis',(1.,0.,9.75141796761105E-13));
#2070=DIRECTION('center_axis',(0.,-1.,0.));
#2071=DIRECTION('ref_axis',(0.707106781195795,9.23583799237828E-16,-0.7071067811773));
#2072=DIRECTION('center_axis',(0.,1.,0.));
#2073=DIRECTION('ref_axis',(0.707106781195795,2.61682076450718E-15,-0.7071067811773));
#2074=DIRECTION('center_axis',(0.,1.,0.));
#2075=DIRECTION('ref_axis',(0.707106781195795,9.23583799237829E-16,-0.7071067811773));
#2076=DIRECTION('center_axis',(0.,-1.,0.));
#2077=DIRECTION('ref_axis',(0.707106781195795,2.61682076450718E-15,-0.7071067811773));
#2078=DIRECTION('center_axis',(3.568460139305E-15,-1.,0.));
#2079=DIRECTION('ref_axis',(0.707106781195795,2.61682076450718E-15,-0.7071067811773));
#2080=DIRECTION('',(3.568460139305E-15,-1.,0.));
#2081=DIRECTION('center_axis',(0.,0.,1.));
#2082=DIRECTION('ref_axis',(-1.,0.,0.));
#2083=DIRECTION('center_axis',(2.61551514797526E-11,5.73607862856672E-12,
-1.));
#2084=DIRECTION('ref_axis',(1.,0.,2.61551514797526E-11));
#2085=DIRECTION('center_axis',(-2.61551514797526E-11,-5.73607862856672E-12,
1.));
#2086=DIRECTION('ref_axis',(1.,-1.34751373407164E-22,2.61553741628025E-11));
#2087=DIRECTION('center_axis',(-2.66377796677031E-12,-4.98278574328341E-12,
1.));
#2088=DIRECTION('ref_axis',(1.,-1.44421476652486E-22,2.61555087352903E-11));
#2089=DIRECTION('center_axis',(1.52872593794196E-12,-9.75276778283853E-13,
-1.));
#2090=DIRECTION('ref_axis',(1.,0.,1.52872593794196E-12));
#2091=DIRECTION('center_axis',(-2.66377796677031E-12,-4.98278574328341E-12,
1.));
#2092=DIRECTION('ref_axis',(1.,0.,0.));
#2093=DIRECTION('center_axis',(-2.66377796677031E-12,-4.98278574328341E-12,
1.));
#2094=DIRECTION('ref_axis',(1.,-1.50015156554311E-22,2.61555087352903E-11));
#2095=DIRECTION('center_axis',(-9.75411759806604E-13,-1.52886091946471E-12,
-1.));
#2096=DIRECTION('ref_axis',(1.,0.,-9.75411759806607E-13));
#2097=DIRECTION('center_axis',(-2.66379511041729E-12,-4.9826809345177E-12,
1.));
#2098=DIRECTION('ref_axis',(1.,-8.54213229386395E-29,2.66379511041729E-12));
#2099=DIRECTION('',(-2.66379511041729E-12,-4.9826809345177E-12,1.));
#2100=DIRECTION('center_axis',(-1.34460344093491E-14,0.,-1.));
#2101=DIRECTION('ref_axis',(1.,-8.54213229386395E-29,2.66379511041729E-12));
#2102=DIRECTION('center_axis',(1.34460344093491E-14,0.,1.));
#2103=DIRECTION('ref_axis',(-1.,0.,1.34460344093491E-14));
#2104=DIRECTION('center_axis',(0.,0.,1.));
#2105=DIRECTION('ref_axis',(1.,0.,0.));
#2106=DIRECTION('',(0.,0.,1.));
#2107=DIRECTION('center_axis',(-2.61555087352903E-11,-5.73547943145747E-12,
1.));
#2108=DIRECTION('ref_axis',(1.,-1.55608836456137E-22,2.61555087352903E-11));
#2109=DIRECTION('',(2.61555087352903E-11,5.73547943145747E-12,-1.));
#2110=DIRECTION('center_axis',(-2.61555087352903E-11,-5.73547943145747E-12,
1.));
#2111=DIRECTION('ref_axis',(1.,-1.44421476652486E-22,2.61555087352903E-11));
#2112=DIRECTION('',(2.61555087352903E-11,5.73547943145747E-12,-1.));
#2113=DIRECTION('center_axis',(-2.61555087352903E-11,-5.73547943145747E-12,
1.));
#2114=DIRECTION('ref_axis',(1.,-1.41246406197162E-22,2.61555087352903E-11));
#2115=DIRECTION('',(2.61555087352903E-11,5.73547943145747E-12,-1.));
#2116=DIRECTION('center_axis',(-2.61555087352903E-11,-5.73547943145747E-12,
1.));
#2117=DIRECTION('ref_axis',(1.,-1.50015156554311E-22,2.61555087352903E-11));
#2118=DIRECTION('',(2.61555087352903E-11,5.73547943145747E-12,-1.));
#2119=DIRECTION('center_axis',(0.,-1.,0.));
#2120=DIRECTION('ref_axis',(0.,0.,-1.));
#2121=DIRECTION('',(0.,-1.,0.));
#2122=DIRECTION('center_axis',(-1.,0.,0.));
#2123=DIRECTION('ref_axis',(0.,0.,-1.));
#2124=CARTESIAN_POINT('',(0.,0.,0.));
#2125=CARTESIAN_POINT('Ctrl Pts',(11.4500000005077,-33.1500000000028,-9.29999999995162));
#2126=CARTESIAN_POINT('Ctrl Pts',(11.0979779945341,-32.7979779940292,-9.2999999999525));
#2127=CARTESIAN_POINT('Ctrl Pts',(10.7459559885605,-32.4459559880556,-9.29999999995339));
#2128=CARTESIAN_POINT('Ctrl Pts',(10.3939339825869,-32.093933982082,-9.29999999995427));
#2129=CARTESIAN_POINT('Ctrl Pts',(11.4500000005076,-33.1500000000028,-9.29393908468425));
#2130=CARTESIAN_POINT('Ctrl Pts',(11.097977994534,-32.7979779940292,-9.29393908468514));
#2131=CARTESIAN_POINT('Ctrl Pts',(10.7459559885604,-32.4459559880556,-9.29393908468602));
#2132=CARTESIAN_POINT('Ctrl Pts',(10.3939339825868,-32.093933982082,-9.2939390846869));
#2133=CARTESIAN_POINT('Ctrl Pts',(11.4550925542301,-33.1449074462802,-9.27341298633628));
#2134=CARTESIAN_POINT('Ctrl Pts',(11.1030705482565,-32.7928854403066,-9.27341298633716));
#2135=CARTESIAN_POINT('Ctrl Pts',(10.7510485422829,-32.4408634343331,-9.27341298633804));
#2136=CARTESIAN_POINT('Ctrl Pts',(10.3990265363093,-32.0888414283595,-9.27341298633892));
#2137=CARTESIAN_POINT('Ctrl Pts',(11.4887450517371,-33.1112549487732,-9.216900916864));
#2138=CARTESIAN_POINT('Ctrl Pts',(11.1367230457635,-32.7592329427996,-9.21690091686489));
#2139=CARTESIAN_POINT('Ctrl Pts',(10.7847010397899,-32.407210936826,-9.21690091686577));
#2140=CARTESIAN_POINT('Ctrl Pts',(10.4326790338163,-32.0551889308524,-9.21690091686665));
#2141=CARTESIAN_POINT('Ctrl Pts',(11.519648199128,-33.0803518013821,-9.17775255076841));
#2142=CARTESIAN_POINT('Ctrl Pts',(11.1676261931544,-32.7283297954085,-9.17775255076929));
#2143=CARTESIAN_POINT('Ctrl Pts',(10.8156041871808,-32.3763077894349,-9.17775255077017));
#2144=CARTESIAN_POINT('Ctrl Pts',(10.4635821812072,-32.0242857834613,-9.17775255077106));
#2145=CARTESIAN_POINT('Ctrl Pts',(11.5369773520823,-33.0630226484278,-9.16066268891975));
#2146=CARTESIAN_POINT('Ctrl Pts',(11.1849553461087,-32.7110006424542,-9.16066268892063));
#2147=CARTESIAN_POINT('Ctrl Pts',(10.8329333401351,-32.3589786364806,-9.16066268892151));
#2148=CARTESIAN_POINT('Ctrl Pts',(10.4809113341615,-32.006956630507,-9.16066268892239));
#2149=CARTESIAN_POINT('Ctrl Pts',(11.5493402007489,-33.0506597997612,-9.15151080465215));
#2150=CARTESIAN_POINT('Ctrl Pts',(11.1973181947753,-32.6986377937876,-9.15151080465303));
#2151=CARTESIAN_POINT('Ctrl Pts',(10.8452961888017,-32.346615787814,-9.15151080465391));
#2152=CARTESIAN_POINT('Ctrl Pts',(10.4932741828281,-31.9945937818404,-9.15151080465479));
#2153=CARTESIAN_POINT('Ctrl Pts',(11.5539231605426,-33.0460768399675,-9.14999999994885));
#2154=CARTESIAN_POINT('Ctrl Pts',(11.201901154569,-32.6940548339939,-9.14999999994973));
#2155=CARTESIAN_POINT('Ctrl Pts',(10.8498791485954,-32.3420328280203,-9.14999999995061));
#2156=CARTESIAN_POINT('Ctrl Pts',(10.4978571426218,-31.9900108220467,-9.1499999999515));
#2157=CARTESIAN_POINT('Ctrl Pts',(11.5560660176855,-33.0439339828246,-9.14999999994885));
#2158=CARTESIAN_POINT('Ctrl Pts',(11.2040440117119,-32.691911976851,-9.14999999994973));
#2159=CARTESIAN_POINT('Ctrl Pts',(10.8520220057383,-32.3398899708774,-9.14999999995061));
#2160=CARTESIAN_POINT('Ctrl Pts',(10.4999999997647,-31.9878679649038,-9.14999999995149));
#2161=CARTESIAN_POINT('',(10.4999999997647,-31.9878679649038,-9.14999999995149));
#2162=CARTESIAN_POINT('',(10.4999999997686,-32.1999999992636,-9.29999999996862));
#2163=CARTESIAN_POINT('Ctrl Pts',(10.4999999997647,-31.9878679649038,-9.14999999995149));
#2164=CARTESIAN_POINT('Ctrl Pts',(10.4999999997647,-31.9925086166386,-9.14999999995149));
#2165=CARTESIAN_POINT('Ctrl Pts',(10.4999999997647,-31.9979442517776,-9.15119678221383));
#2166=CARTESIAN_POINT('Ctrl Pts',(10.4999999997648,-32.0177864227501,-9.15673644257597));
#2167=CARTESIAN_POINT('Ctrl Pts',(10.4999999997651,-32.0390579475146,-9.16647208085551));
#2168=CARTESIAN_POINT('Ctrl Pts',(10.499999999766,-32.1000339231496,-9.20139481301298));
#2169=CARTESIAN_POINT('Ctrl Pts',(10.4999999997669,-32.1392691195909,-9.22980050767748));
#2170=CARTESIAN_POINT('Ctrl Pts',(10.4999999997679,-32.178321741426,-9.26613896213158));
#2171=CARTESIAN_POINT('Ctrl Pts',(10.499999999768,-32.1873433709495,-9.2760159268867));
#2172=CARTESIAN_POINT('Ctrl Pts',(10.4999999997682,-32.1950437773461,-9.28704650952332));
#2173=CARTESIAN_POINT('Ctrl Pts',(10.4999999997683,-32.1970973876501,-9.29036250137943));
#2174=CARTESIAN_POINT('Ctrl Pts',(10.4999999997685,-32.1992780046905,-9.29555241874262));
#2175=CARTESIAN_POINT('Ctrl Pts',(10.4999999997685,-32.1999999992636,-9.2978588065912));
#2176=CARTESIAN_POINT('Ctrl Pts',(10.4999999997686,-32.1999999992636,-9.299999999954));
#2177=CARTESIAN_POINT('',(11.4500000004999,-33.1499999999949,-9.29999999994377));
#2178=CARTESIAN_POINT('',(10.4999999997686,-32.1999999992636,-9.29999999996862));
#2179=CARTESIAN_POINT('',(11.512132034861,-33.0000000000002,-9.14999999994896));
#2180=CARTESIAN_POINT('Ctrl Pts',(11.4500000005077,-33.1500000000028,-9.29999999995162));
#2181=CARTESIAN_POINT('Ctrl Pts',(11.4467245112688,-33.1467245107639,-9.29672451071279));
#2182=CARTESIAN_POINT('Ctrl Pts',(11.4444281418824,-33.1427489177423,-9.29274891769119));
#2183=CARTESIAN_POINT('Ctrl Pts',(11.4395183194592,-33.1309838956963,-9.28098389564518));
#2184=CARTESIAN_POINT('Ctrl Pts',(11.4380017827505,-33.1209492463641,-9.27094924631298));
#2185=CARTESIAN_POINT('Ctrl Pts',(11.4391073065923,-33.088792299237,-9.23879229918586));
#2186=CARTESIAN_POINT('Ctrl Pts',(11.4461777921638,-33.0651057743984,-9.21510577434725));
#2187=CARTESIAN_POINT('Ctrl Pts',(11.4662871434487,-33.0296479275149,-9.17964792746373));
#2188=CARTESIAN_POINT('Ctrl Pts',(11.4767565874307,-33.0172516857561,-9.1672516857049));
#2189=CARTESIAN_POINT('Ctrl Pts',(11.4915958185693,-33.0064960116903,-9.15649601163907));
#2190=CARTESIAN_POINT('Ctrl Pts',(11.4961843449402,-33.0037882627801,-9.15378826272887));
#2191=CARTESIAN_POINT('Ctrl Pts',(11.5030322819713,-33.0013622615936,-9.15136226154237));
#2192=CARTESIAN_POINT('Ctrl Pts',(11.5049796372959,-33.0008219724786,-9.15082197242739));
#2193=CARTESIAN_POINT('Ctrl Pts',(11.5086747422497,-33.0001674885036,-9.1501674884524));
#2194=CARTESIAN_POINT('Ctrl Pts',(11.5103954854114,-33.0000000000002,-9.14999999994896));
#2195=CARTESIAN_POINT('Ctrl Pts',(11.512132034861,-33.0000000000002,-9.14999999994896));
#2196=CARTESIAN_POINT('Ctrl Pts',(11.512132034861,-33.0000000000002,-9.14999999994896));
#2197=CARTESIAN_POINT('Ctrl Pts',(11.1747546898289,-32.6626226549681,-9.1499999999498));
#2198=CARTESIAN_POINT('Ctrl Pts',(10.8373773447968,-32.325245309936,-9.14999999995065));
#2199=CARTESIAN_POINT('Ctrl Pts',(10.4999999997647,-31.9878679649038,-9.14999999995149));
#2200=CARTESIAN_POINT('Origin',(21.5750000000162,-25.2000000001802,-9.14999999994118));
#2201=CARTESIAN_POINT('',(17.4186928208082,-33.0000000000002,-9.14999999993993));
#2202=CARTESIAN_POINT('',(18.7000000000227,-33.0000000000002,-9.14999999993797));
#2203=CARTESIAN_POINT('',(17.4597619552209,-32.9612829686171,-9.1499999999399));
#2204=CARTESIAN_POINT('Ctrl Pts',(17.4597619552209,-32.9612829686171,-9.1499999999399));
#2205=CARTESIAN_POINT('Ctrl Pts',(17.4460689618098,-32.9741850133027,-9.14999999993991));
#2206=CARTESIAN_POINT('Ctrl Pts',(17.4323792792337,-32.9870907224111,-9.14999999993992));
#2207=CARTESIAN_POINT('Ctrl Pts',(17.4186928208082,-33.0000000000002,-9.14999999993993));
#2208=CARTESIAN_POINT('',(18.1691012937269,-32.2957116219989,-9.14999999993947));
#2209=CARTESIAN_POINT('Ctrl Pts',(18.1691420807906,-32.2956845242135,-9.14999999993947));
#2210=CARTESIAN_POINT('Ctrl Pts',(17.944661085057,-32.5055215722982,-9.14999999993961));
#2211=CARTESIAN_POINT('Ctrl Pts',(17.7088414700467,-32.7266696261099,-9.14999999993975));
#2212=CARTESIAN_POINT('Ctrl Pts',(17.4597619552209,-32.9612829686171,-9.1499999999399));
#2213=CARTESIAN_POINT('',(18.1691012937269,-18.1042883783499,-9.14999999995331));
#2214=CARTESIAN_POINT('',(18.1691012937269,-19.0999999999994,-9.14999999995234));
#2215=CARTESIAN_POINT('',(17.4597619550291,-17.4387170314,-9.14999999995504));
#2216=CARTESIAN_POINT('Ctrl Pts',(17.4597619550291,-17.4387170314,-9.14999999995504));
#2217=CARTESIAN_POINT('Ctrl Pts',(17.7088414699264,-17.6733303740279,-9.14999999995443));
#2218=CARTESIAN_POINT('Ctrl Pts',(17.944661085,-17.8944784279492,-9.14999999995386));
#2219=CARTESIAN_POINT('Ctrl Pts',(18.1691420807906,-18.1043154761353,-9.14999999995331));
#2220=CARTESIAN_POINT('',(17.4186928206637,-17.4000000000529,-9.14999999995514));
#2221=CARTESIAN_POINT('Ctrl Pts',(17.4186928206637,-17.4000000000529,-9.14999999995514));
#2222=CARTESIAN_POINT('Ctrl Pts',(17.4323792790735,-17.41290927763,-9.14999999995511));
#2223=CARTESIAN_POINT('Ctrl Pts',(17.4460689616338,-17.4258149867264,-9.14999999995508));
#2224=CARTESIAN_POINT('Ctrl Pts',(17.4597619550291,-17.4387170314,-9.14999999995504));
#2225=CARTESIAN_POINT('',(10.9999999997695,-17.4000000000528,-9.14999999996496));
#2226=CARTESIAN_POINT('',(25.2882409875786,-17.4000000000529,-9.14999999994311));
#2227=CARTESIAN_POINT('',(10.6999999999809,-17.7000000000501,-9.14999999996512));
#2228=CARTESIAN_POINT('Origin',(10.9999999997695,-17.7000000000501,-9.14999999996466));
#2229=CARTESIAN_POINT('',(10.6999999997597,-19.891987215972,-9.14999999996298));
#2230=CARTESIAN_POINT('',(10.6999999997597,-21.2000000002558,-9.14999999996171));
#2231=CARTESIAN_POINT('',(10.4999999997646,-20.0906613377546,-9.1499999999631));
#2232=CARTESIAN_POINT('Ctrl Pts',(10.4999999997646,-20.0906613377546,-9.1499999999631));
#2233=CARTESIAN_POINT('Ctrl Pts',(10.592409344634,-19.9989655892394,-9.14999999996304));
#2234=CARTESIAN_POINT('Ctrl Pts',(10.6999999997597,-19.891987215972,-9.14999999996298));
#2235=CARTESIAN_POINT('',(10.4999999997646,-21.2000000002558,-9.14999999996201));
#2236=CARTESIAN_POINT('',(12.5499999999739,-21.8504394487357,-9.14999999994118));
#2237=CARTESIAN_POINT('Origin',(14.2499999999739,-21.8504394487357,-9.14999999994118));
#2238=CARTESIAN_POINT('',(12.5499999999739,-28.5495605512643,-9.14999999994118));
#2239=CARTESIAN_POINT('Origin',(14.2499999999739,-28.5495605512643,-9.14999999994118));
#2240=CARTESIAN_POINT('Origin',(18.7000000000229,-33.1000000000001,-9.24999999993787));
#2241=CARTESIAN_POINT('',(11.499431744562,-33.2,-9.34999999994878));
#2242=CARTESIAN_POINT('Ctrl Pts',(11.4500000004999,-33.1499999999949,-9.29999999994377));
#2243=CARTESIAN_POINT('Ctrl Pts',(11.4747158727764,-33.1747158722736,-9.32471587222244));
#2244=CARTESIAN_POINT('Ctrl Pts',(11.499431744562,-33.2,-9.34999999994879));
#2245=CARTESIAN_POINT('',(17.7742470334594,-33.2,-9.34999999993919));
#2246=CARTESIAN_POINT('',(18.700000000023,-33.2,-9.34999999993778));
#2247=CARTESIAN_POINT('',(17.7804304099629,-33.1898744585356,-9.33987445846604));
#2248=CARTESIAN_POINT('Ctrl Pts',(17.7742470334594,-33.2,-9.34999999993919));
#2249=CARTESIAN_POINT('Ctrl Pts',(17.7773387217081,-33.1949347138648,-9.34493471379524));
#2250=CARTESIAN_POINT('Ctrl Pts',(17.7804304099629,-33.1898744585356,-9.33987445846604));
#2251=CARTESIAN_POINT('',(17.5647776865934,-33.0775140840664,-9.22751408400592));
#2252=CARTESIAN_POINT('Ctrl Pts',(17.5647776865938,-33.0775140840669,-9.22751408400624));
#2253=CARTESIAN_POINT('Ctrl Pts',(17.575841930051,-33.0833380589974,-9.23334059656189));
#2254=CARTESIAN_POINT('Ctrl Pts',(17.5869165570431,-33.0891658857489,-9.23916589886869));
#2255=CARTESIAN_POINT('Ctrl Pts',(17.5980112871045,-33.0949905518574,-9.24499059225956));
#2256=CARTESIAN_POINT('Ctrl Pts',(17.6586116924484,-33.1268053977542,-9.27680558717508));
#2257=CARTESIAN_POINT('Ctrl Pts',(17.7194289902714,-33.158443881352,-9.30844464179515));
#2258=CARTESIAN_POINT('Ctrl Pts',(17.7804320942542,-33.1898725961028,-9.33987446208526));
#2259=CARTESIAN_POINT('Ctrl Pts',(17.4186928208082,-33.0000000000002,-9.14999999993993));
#2260=CARTESIAN_POINT('Ctrl Pts',(17.467149940972,-33.0258968277788,-9.17589682771843));
#2261=CARTESIAN_POINT('Ctrl Pts',(17.5158025966505,-33.0517207568528,-9.20171772102373));
#2262=CARTESIAN_POINT('Ctrl Pts',(17.5647776865938,-33.0775140840669,-9.22751408400624));
#2263=CARTESIAN_POINT('Origin',(14.2499999999739,-28.5495605512643,-18.1500000000015));
#2264=CARTESIAN_POINT('',(11.1499999999739,-28.5495605512643,-18.1500000000015));
#2265=CARTESIAN_POINT('',(17.3499999999739,-28.5495605512643,-18.1500000000015));
#2266=CARTESIAN_POINT('Origin',(14.2499999999739,-28.5495605512643,-18.1500000000002));
#2267=CARTESIAN_POINT('',(11.1499999999739,-28.5495605512643,-15.1500000000015));
#2268=CARTESIAN_POINT('',(11.1499999999739,-28.5495605512643,-18.1500000000015));
#2269=CARTESIAN_POINT('',(17.3499999999739,-28.5495605512643,-15.1500000000015));
#2270=CARTESIAN_POINT('Origin',(14.2499999999739,-28.5495605512643,-15.1500000000015));
#2271=CARTESIAN_POINT('',(17.3499999999739,-28.5495605512643,-18.1500000000015));
#2272=CARTESIAN_POINT('Origin',(11.1499999999739,-21.8504394487357,-18.1500000000015));
#2273=CARTESIAN_POINT('',(11.1499999999739,-21.8504394487357,-18.1500000000015));
#2274=CARTESIAN_POINT('',(11.1499999999739,-20.4752197243679,-18.1500000000002));
#2275=CARTESIAN_POINT('',(11.1499999999739,-21.8504394487357,-15.1500000000015));
#2276=CARTESIAN_POINT('',(11.1499999999739,-21.8504394487357,-18.1500000000015));
#2277=CARTESIAN_POINT('',(11.1499999999739,-28.5495605512643,-15.1500000000015));
#2278=CARTESIAN_POINT('Origin',(14.2499999999739,-21.8504394487357,-18.1500000000015));
#2279=CARTESIAN_POINT('',(17.3499999999739,-21.8504394487357,-18.1500000000015));
#2280=CARTESIAN_POINT('Origin',(14.2499999999739,-21.8504394487357,-18.1500000000002));
#2281=CARTESIAN_POINT('',(17.3499999999739,-21.8504394487357,-15.1500000000015));
#2282=CARTESIAN_POINT('',(17.3499999999739,-21.8504394487357,-18.1500000000015));
#2283=CARTESIAN_POINT('Origin',(14.2499999999739,-21.8504394487357,-15.1500000000015));
#2284=CARTESIAN_POINT('Origin',(17.3499999999739,-28.5495605512643,-18.1500000000015));
#2285=CARTESIAN_POINT('',(17.3499999999739,-23.8247802756322,-18.1500000000003));
#2286=CARTESIAN_POINT('',(17.3499999999739,-21.8504394487357,-15.1500000000015));
#2287=CARTESIAN_POINT('Origin',(14.2499999999739,-25.2,-15.1500000000015));
#2288=CARTESIAN_POINT('',(12.5499999999739,-28.5495605512643,-15.1500000000015));
#2289=CARTESIAN_POINT('Origin',(14.2499999999739,-28.5495605512643,-15.1500000000015));
#2290=CARTESIAN_POINT('',(12.5499999999739,-21.8504394487357,-15.1500000000015));
#2291=CARTESIAN_POINT('Origin',(14.2499999999739,-21.8504394487357,-15.1500000000015));
#2292=CARTESIAN_POINT('Ctrl Pts',(17.5647776865938,-33.0775140840669,-9.22751408400624));
#2293=CARTESIAN_POINT('Ctrl Pts',(17.5509466813418,-33.0902633776359,-9.22752896211614));
#2294=CARTESIAN_POINT('Ctrl Pts',(17.5371191897282,-33.1030165600902,-9.22754303641025));
#2295=CARTESIAN_POINT('Ctrl Pts',(17.5232951383177,-33.1157735501514,-9.22755633046584));
#2296=CARTESIAN_POINT('Ctrl Pts',(17.5297724428028,-33.038770378917,-9.20167605598413));
#2297=CARTESIAN_POINT('Ctrl Pts',(17.5159874414978,-33.0515705895249,-9.20168597472406));
#2298=CARTESIAN_POINT('Ctrl Pts',(17.5022058862301,-33.0643746141971,-9.20169535758681));
#2299=CARTESIAN_POINT('Ctrl Pts',(17.4884276991479,-33.0771823667677,-9.20170422029054));
#2300=CARTESIAN_POINT('Ctrl Pts',(17.4947671990119,-33.0000266737671,-9.17583802796202));
#2301=CARTESIAN_POINT('Ctrl Pts',(17.4810282016538,-33.0128778014138,-9.17584298733199));
#2302=CARTESIAN_POINT('Ctrl Pts',(17.4672925827319,-33.0257326683041,-9.17584767876336));
#2303=CARTESIAN_POINT('Ctrl Pts',(17.453560259978,-33.0385911833839,-9.17585211011524));
#2304=CARTESIAN_POINT('Ctrl Pts',(17.4597619552209,-32.9612829686171,-9.1499999999399));
#2305=CARTESIAN_POINT('Ctrl Pts',(17.4460689618098,-32.9741850133027,-9.14999999993991));
#2306=CARTESIAN_POINT('Ctrl Pts',(17.4323792792337,-32.9870907224111,-9.14999999993992));
#2307=CARTESIAN_POINT('Ctrl Pts',(17.4186928208082,-33.0000000000002,-9.14999999993993));
#2308=CARTESIAN_POINT('Ctrl Pts',(17.4597619552209,-32.9612829686171,-9.1499999999399));
#2309=CARTESIAN_POINT('Ctrl Pts',(17.4947671990119,-33.0000266737671,-9.17583802796202));
#2310=CARTESIAN_POINT('Ctrl Pts',(17.5297724428028,-33.038770378917,-9.20167605598413));
#2311=CARTESIAN_POINT('Ctrl Pts',(17.5647776865938,-33.0775140840669,-9.22751408400624));
#2312=CARTESIAN_POINT('Ctrl Pts',(18.8513623948313,-32.2548653854325,-9.33636558579691));
#2313=CARTESIAN_POINT('Ctrl Pts',(18.5009448225196,-32.5535739383073,-9.33776749235735));
#2314=CARTESIAN_POINT('Ctrl Pts',(18.1257296827942,-32.8815255238495,-9.3389787110428));
#2315=CARTESIAN_POINT('Ctrl Pts',(17.7172281974824,-33.2462458797684,-9.34004066990422));
#2316=CARTESIAN_POINT('Ctrl Pts',(18.7562521096641,-32.1450414879453,-9.27424372384435));
#2317=CARTESIAN_POINT('Ctrl Pts',(18.4093677045303,-32.4496713177008,-9.27517832821804));
#2318=CARTESIAN_POINT('Ctrl Pts',(18.0371919136997,-32.7824105308761,-9.27598580734175));
#2319=CARTESIAN_POINT('Ctrl Pts',(17.6314061167285,-33.151258242718,-9.27669377991611));
#2320=CARTESIAN_POINT('Ctrl Pts',(18.6611418244968,-32.0352175904581,-9.21212186189179));
#2321=CARTESIAN_POINT('Ctrl Pts',(18.3177905865409,-32.3457686970943,-9.21258916407874));
#2322=CARTESIAN_POINT('Ctrl Pts',(17.9486541446052,-32.6832955379028,-9.21299290364071));
#2323=CARTESIAN_POINT('Ctrl Pts',(17.5455840359747,-33.0562706056676,-9.21334688992801));
#2324=CARTESIAN_POINT('Ctrl Pts',(18.5660315393296,-31.925393692971,-9.14999999993922));
#2325=CARTESIAN_POINT('Ctrl Pts',(18.2262134685516,-32.2418660764878,-9.14999999993943));
#2326=CARTESIAN_POINT('Ctrl Pts',(17.8601163755107,-32.5841805449295,-9.14999999993966));
#2327=CARTESIAN_POINT('Ctrl Pts',(17.4597619552209,-32.9612829686171,-9.1499999999399));
#2328=CARTESIAN_POINT('',(18.8513623948313,-32.2548653854325,-9.33636558579691));
#2329=CARTESIAN_POINT('Ctrl Pts',(17.7804320970096,-33.1898725936477,-9.33987446207793));
#2330=CARTESIAN_POINT('Ctrl Pts',(18.1645289929521,-32.8476338281332,-9.33885273815751));
#2331=CARTESIAN_POINT('Ctrl Pts',(18.5190934350114,-32.5381034077105,-9.33769488567057));
#2332=CARTESIAN_POINT('Ctrl Pts',(18.8513623948313,-32.2548653854325,-9.33636558579691));
#2333=CARTESIAN_POINT('',(18.7854536413134,-32.1787605122621,-9.29331688207047));
#2334=CARTESIAN_POINT('Ctrl Pts',(18.7854536413134,-32.1787605122621,-9.29331688207047));
#2335=CARTESIAN_POINT('Ctrl Pts',(18.8074232258194,-32.2041288033189,-9.30766644997929));
#2336=CARTESIAN_POINT('Ctrl Pts',(18.8293928103253,-32.2294970943757,-9.3220160178881));
#2337=CARTESIAN_POINT('Ctrl Pts',(18.8513623948313,-32.2548653854325,-9.33636558579691));
#2338=CARTESIAN_POINT('Ctrl Pts',(18.1691012937269,-32.2957116219989,-9.14999999993947));
#2339=CARTESIAN_POINT('Ctrl Pts',(18.3721909761233,-32.248337279234,-9.19722328088908));
#2340=CARTESIAN_POINT('Ctrl Pts',(18.5794708436383,-32.2082559066373,-9.24542088159117));
#2341=CARTESIAN_POINT('Ctrl Pts',(18.7854536413134,-32.1787605122621,-9.29331688207047));
#2342=CARTESIAN_POINT('Ctrl Pts',(18.8513623948677,-18.1451346149819,-9.33636558580912));
#2343=CARTESIAN_POINT('Ctrl Pts',(18.8772880766756,-18.1672345994254,-9.33626186560128));
#2344=CARTESIAN_POINT('Ctrl Pts',(18.903233246135,-18.1893120814673,-9.3361459051751));
#2345=CARTESIAN_POINT('Ctrl Pts',(18.929198444043,-18.2113664366488,-9.33601687708111));
#2346=CARTESIAN_POINT('Ctrl Pts',(18.8293928102746,-18.1705029061337,-9.32201601784653));
#2347=CARTESIAN_POINT('Ctrl Pts',(18.8552421293572,-18.1926910666573,-9.3219202837707));
#2348=CARTESIAN_POINT('Ctrl Pts',(18.8811107033855,-18.2148569934846,-9.32181325193511));
#2349=CARTESIAN_POINT('Ctrl Pts',(18.9069991214275,-18.2370000064187,-9.32169415860131));
#2350=CARTESIAN_POINT('Ctrl Pts',(18.8074232256816,-18.1958711972855,-9.30766644988394));
#2351=CARTESIAN_POINT('Ctrl Pts',(18.8331961820387,-18.2181475338892,-9.30757870194012));
#2352=CARTESIAN_POINT('Ctrl Pts',(18.8589881606361,-18.2404019055019,-9.30748059869512));
#2353=CARTESIAN_POINT('Ctrl Pts',(18.884799798812,-18.2626335761887,-9.3073714401215));
#2354=CARTESIAN_POINT('Ctrl Pts',(18.7854536410885,-18.2212394884372,-9.29331688192135));
#2355=CARTESIAN_POINT('Ctrl Pts',(18.8111502347203,-18.243604001121,-9.29323712010954));
#2356=CARTESIAN_POINT('Ctrl Pts',(18.8368656178866,-18.2659468175192,-9.29314794545512));
#2357=CARTESIAN_POINT('Ctrl Pts',(18.8626004761964,-18.2882671459586,-9.2930487216417));
#2358=CARTESIAN_POINT('',(18.7854536413511,-18.2212394881341,-9.29331688209283));
#2359=CARTESIAN_POINT('',(18.8513623948677,-18.1451346149819,-9.33636558580912));
#2360=CARTESIAN_POINT('Ctrl Pts',(18.7854536413511,-18.2212394881341,-9.29331688209283));
#2361=CARTESIAN_POINT('Ctrl Pts',(18.8074232258566,-18.1958711970833,-9.30766644999826));
#2362=CARTESIAN_POINT('Ctrl Pts',(18.8293928103622,-18.1705029060326,-9.32201601790369));
#2363=CARTESIAN_POINT('Ctrl Pts',(18.8513623948677,-18.1451346149819,-9.33636558580912));
#2364=CARTESIAN_POINT('',(18.9067204387593,-18.2373218014432,-9.32151435611573));
#2365=CARTESIAN_POINT('Ctrl Pts',(18.7854536413511,-18.2212394881341,-9.29331688209283));
#2366=CARTESIAN_POINT('Ctrl Pts',(18.825937022197,-18.2270386767143,-9.30273025083179));
#2367=CARTESIAN_POINT('Ctrl Pts',(18.8663735946952,-18.2324047110047,-9.31213273549368));
#2368=CARTESIAN_POINT('Ctrl Pts',(18.9067204387182,-18.2373218014356,-9.32151435610701));
#2369=CARTESIAN_POINT('',(18.9158206026016,-18.2000000004069,-9.33608221096695));
#2370=CARTESIAN_POINT('Ctrl Pts',(18.9067204387593,-18.2373218014432,-9.32151435611573));
#2371=CARTESIAN_POINT('Ctrl Pts',(18.9097371424935,-18.2248724408435,-9.32635902439925));
#2372=CARTESIAN_POINT('Ctrl Pts',(18.912770499811,-18.212431795095,-9.33121502055723));
#2373=CARTESIAN_POINT('Ctrl Pts',(18.9158206026222,-18.2000000003738,-9.33608221159026));
#2374=CARTESIAN_POINT('Ctrl Pts',(18.915820602628,-18.2000000003788,-9.33608221159023));
#2375=CARTESIAN_POINT('Ctrl Pts',(18.89432096048,-18.1817272112092,-9.3361853795682));
#2376=CARTESIAN_POINT('Ctrl Pts',(18.872834993645,-18.1634386311484,-9.33627968093593));
#2377=CARTESIAN_POINT('Ctrl Pts',(18.8513623948688,-18.1451346149828,-9.33636558580911));
#2378=CARTESIAN_POINT('Ctrl Pts',(17.7172281973348,-17.1537541202642,-9.34004066991947));
#2379=CARTESIAN_POINT('Ctrl Pts',(18.1257296827182,-17.5184744763291,-9.33897871105705));
#2380=CARTESIAN_POINT('Ctrl Pts',(18.5009448225028,-17.8464260619961,-9.3377674923706));
#2381=CARTESIAN_POINT('Ctrl Pts',(18.8513623948677,-18.1451346149819,-9.33636558580912));
#2382=CARTESIAN_POINT('Ctrl Pts',(17.6314061165662,-17.2487417573095,-9.27669377993132));
#2383=CARTESIAN_POINT('Ctrl Pts',(18.0371919136075,-17.6175894692983,-9.27598580735605));
#2384=CARTESIAN_POINT('Ctrl Pts',(18.4093677044955,-17.9503286825997,-9.27517832823146));
#2385=CARTESIAN_POINT('Ctrl Pts',(18.7562521096802,-18.2549585124682,-9.27424372385686));
#2386=CARTESIAN_POINT('Ctrl Pts',(17.5455840357977,-17.3437293943548,-9.21334688994318));
#2387=CARTESIAN_POINT('Ctrl Pts',(17.9486541444968,-17.7167044622674,-9.21299290365506));
#2388=CARTESIAN_POINT('Ctrl Pts',(18.3177905864883,-18.0542313032033,-9.21258916409231));
#2389=CARTESIAN_POINT('Ctrl Pts',(18.6611418244928,-18.3647824099545,-9.2121218619046));
#2390=CARTESIAN_POINT('Ctrl Pts',(17.4597619550291,-17.4387170314,-9.14999999995504));
#2391=CARTESIAN_POINT('Ctrl Pts',(17.8601163753861,-17.8158194552366,-9.14999999995406));
#2392=CARTESIAN_POINT('Ctrl Pts',(18.226213468481,-18.1581339238069,-9.14999999995317));
#2393=CARTESIAN_POINT('Ctrl Pts',(18.5660315393053,-18.4746063074408,-9.14999999995234));
#2394=CARTESIAN_POINT('',(17.7804304098217,-17.2101255415176,-9.33987445848333));
#2395=CARTESIAN_POINT('Ctrl Pts',(18.8513623948688,-18.1451346149828,-9.33636558580911));
#2396=CARTESIAN_POINT('Ctrl Pts',(18.5190934349971,-17.8618965925985,-9.33769488568377));
#2397=CARTESIAN_POINT('Ctrl Pts',(18.1645289928804,-17.5523661720567,-9.33885273817166));
#2398=CARTESIAN_POINT('Ctrl Pts',(17.7804320968694,-17.2101274064042,-9.33987446209303));
#2399=CARTESIAN_POINT('',(17.5647776863417,-17.3224859160433,-9.22751408396361));
#2400=CARTESIAN_POINT('Ctrl Pts',(17.5647776863421,-17.3224859160428,-9.22751408396393));
#2401=CARTESIAN_POINT('Ctrl Pts',(17.5758650884102,-17.3166497543108,-9.23335279078278));
#2402=CARTESIAN_POINT('Ctrl Pts',(17.5869629027409,-17.3108097423759,-9.23919027086634));
#2403=CARTESIAN_POINT('Ctrl Pts',(17.5980808871764,-17.3049729086312,-9.24502713200946));
#2404=CARTESIAN_POINT('Ctrl Pts',(17.6586582500732,-17.2731703820154,-9.27682980790792));
#2405=CARTESIAN_POINT('Ctrl Pts',(17.7194523364871,-17.2415440906884,-9.3084566702442));
#2406=CARTESIAN_POINT('Ctrl Pts',(17.780432094113,-17.2101274039482,-9.33987446210037));
#2407=CARTESIAN_POINT('Ctrl Pts',(17.4597619550291,-17.4387170314,-9.14999999995504));
#2408=CARTESIAN_POINT('Ctrl Pts',(17.4947671988,-17.3999733262811,-9.1758380279579));
#2409=CARTESIAN_POINT('Ctrl Pts',(17.5297724425708,-17.3612296211622,-9.20167605596076));
#2410=CARTESIAN_POINT('Ctrl Pts',(17.5647776863417,-17.3224859160433,-9.22751408396361));
#2411=CARTESIAN_POINT('Ctrl Pts',(18.1691012937269,-18.1042883783499,-9.14999999995331));
#2412=CARTESIAN_POINT('Ctrl Pts',(18.3721909755348,-18.1516627209934,-9.19722328076599));
#2413=CARTESIAN_POINT('Ctrl Pts',(18.5794708433486,-18.1917440937014,-9.2454208815375));
#2414=CARTESIAN_POINT('Ctrl Pts',(18.7854536413511,-18.2212394881341,-9.29331688209283));
#2415=CARTESIAN_POINT('Origin',(25.2882409875788,-17.3000000000517,-9.24999999994321));
#2416=CARTESIAN_POINT('',(17.7742470333298,-17.2000000000504,-9.3499999999548));
#2417=CARTESIAN_POINT('',(10.9999999997698,-17.2000000000503,-9.34999999996515));
#2418=CARTESIAN_POINT('',(25.2882409875789,-17.2000000000504,-9.34999999994331));
#2419=CARTESIAN_POINT('',(10.9999999997698,-17.2000000000503,-9.34999999996515));
#2420=CARTESIAN_POINT('Ctrl Pts',(17.4186928206637,-17.4000000000529,-9.14999999995514));
#2421=CARTESIAN_POINT('Ctrl Pts',(17.4671506387651,-17.3741027992772,-9.1758972007304));
#2422=CARTESIAN_POINT('Ctrl Pts',(17.515803135294,-17.3482789217683,-9.20171801855823));
#2423=CARTESIAN_POINT('Ctrl Pts',(17.5647776863421,-17.3224859160428,-9.22751408396393));
#2424=CARTESIAN_POINT('Ctrl Pts',(17.7804304098217,-17.2101255415176,-9.33987445848333));
#2425=CARTESIAN_POINT('Ctrl Pts',(17.7773387215827,-17.2050652861872,-9.34493471381801));
#2426=CARTESIAN_POINT('Ctrl Pts',(17.7742470333298,-17.2000000000504,-9.3499999999548));
#2427=CARTESIAN_POINT('Origin',(10.9999999997697,-17.7000000000502,-9.25000000017664));
#2428=CARTESIAN_POINT('',(10.4999999997698,-17.7000000000503,-9.35000000038938));
#2429=CARTESIAN_POINT('Origin',(10.9999999997698,-17.7000000000503,-9.35000000038862));
#2430=CARTESIAN_POINT('',(10.4999999997698,-17.7000000000503,-9.35000000038938));
#2431=CARTESIAN_POINT('Ctrl Pts',(17.5232951381141,-17.2842264499933,-9.22755633042354));
#2432=CARTESIAN_POINT('Ctrl Pts',(17.5371191895086,-17.2969834400429,-9.22754303636794));
#2433=CARTESIAN_POINT('Ctrl Pts',(17.5509466811061,-17.3097366224854,-9.22752896207383));
#2434=CARTESIAN_POINT('Ctrl Pts',(17.5647776863421,-17.3224859160428,-9.22751408396393));
#2435=CARTESIAN_POINT('Ctrl Pts',(17.4884276989639,-17.3228176333465,-9.20170422026741));
#2436=CARTESIAN_POINT('Ctrl Pts',(17.5022058860302,-17.3356253859053,-9.20169535756366));
#2437=CARTESIAN_POINT('Ctrl Pts',(17.515987441282,-17.3484294105658,-9.20168597470091));
#2438=CARTESIAN_POINT('Ctrl Pts',(17.5297724425711,-17.3612296211619,-9.20167605596097));
#2439=CARTESIAN_POINT('Ctrl Pts',(17.4535602598138,-17.3614088166997,-9.17585211011128));
#2440=CARTESIAN_POINT('Ctrl Pts',(17.4672925825519,-17.3742673317676,-9.17584767875939));
#2441=CARTESIAN_POINT('Ctrl Pts',(17.4810282014579,-17.3871221986461,-9.175842987328));
#2442=CARTESIAN_POINT('Ctrl Pts',(17.4947671988001,-17.399973326281,-9.17583802795801));
#2443=CARTESIAN_POINT('Ctrl Pts',(17.4186928206637,-17.4000000000529,-9.14999999995514));
#2444=CARTESIAN_POINT('Ctrl Pts',(17.4323792790735,-17.41290927763,-9.14999999995511));
#2445=CARTESIAN_POINT('Ctrl Pts',(17.4460689616338,-17.4258149867264,-9.14999999995508));
#2446=CARTESIAN_POINT('Ctrl Pts',(17.4597619550291,-17.4387170314,-9.14999999995504));
#2447=CARTESIAN_POINT('Origin',(10.5999999997648,-21.2000000002559,-9.24999999996186));
#2448=CARTESIAN_POINT('',(10.4999999997698,-20.0989587850538,-9.34999999996309));
#2449=CARTESIAN_POINT('Ctrl Pts',(10.6999999997635,-19.8919872159678,-9.14999999995915));
#2450=CARTESIAN_POINT('Ctrl Pts',(10.592067179323,-20.0108042278477,-9.25793282040519));
#2451=CARTESIAN_POINT('Ctrl Pts',(10.499999999774,-20.0989587850499,-9.34999999995897));
#2452=CARTESIAN_POINT('',(10.4999999997699,-21.200000000256,-9.34999999996201));
#2453=CARTESIAN_POINT('Origin',(18.5379108662431,-19.0999999999997,-9.23575717803404));
#2454=CARTESIAN_POINT('',(18.9067204387593,-32.1626781989963,-9.32151435611573));
#2455=CARTESIAN_POINT('',(18.9067204387593,-19.1,-9.32151435611573));
#2456=CARTESIAN_POINT('Ctrl Pts',(18.7854536413134,-32.1787605122621,-9.29331688207047));
#2457=CARTESIAN_POINT('Ctrl Pts',(18.8259370221701,-32.1729613236824,-9.30273025081192));
#2458=CARTESIAN_POINT('Ctrl Pts',(18.8663735946786,-32.1675952893928,-9.31213273547622));
#2459=CARTESIAN_POINT('Ctrl Pts',(18.9067204387164,-32.1626781989621,-9.321514356093));
#2460=CARTESIAN_POINT('Ctrl Pts',(18.9291984440194,-32.1886335637693,-9.33601687706903));
#2461=CARTESIAN_POINT('Ctrl Pts',(18.9032332461072,-32.2106879189495,-9.33614590516298));
#2462=CARTESIAN_POINT('Ctrl Pts',(18.8772880766435,-32.2327654009901,-9.33626186558911));
#2463=CARTESIAN_POINT('Ctrl Pts',(18.8513623948313,-32.2548653854324,-9.33636558579691));
#2464=CARTESIAN_POINT('Ctrl Pts',(18.9069991214035,-32.1629999939932,-9.32169415858585));
#2465=CARTESIAN_POINT('Ctrl Pts',(18.8811107033573,-32.1851430069261,-9.32181325191961));
#2466=CARTESIAN_POINT('Ctrl Pts',(18.8552421293246,-32.2073089337522,-9.32192028375515));
#2467=CARTESIAN_POINT('Ctrl Pts',(18.8293928102378,-32.2294970942746,-9.32201601783094));
#2468=CARTESIAN_POINT('Ctrl Pts',(18.8847997987876,-32.1373664242171,-9.30737144010267));
#2469=CARTESIAN_POINT('Ctrl Pts',(18.8589881606074,-32.1595980949027,-9.30748059867624));
#2470=CARTESIAN_POINT('Ctrl Pts',(18.8331961820058,-32.1818524665142,-9.30757870192119));
#2471=CARTESIAN_POINT('Ctrl Pts',(18.8074232256444,-32.2041288031168,-9.30766644986497));
#2472=CARTESIAN_POINT('Ctrl Pts',(18.8626004761716,-32.111732854441,-9.29304872161948));
#2473=CARTESIAN_POINT('Ctrl Pts',(18.8368656178575,-32.1340531828793,-9.29314794543286));
#2474=CARTESIAN_POINT('Ctrl Pts',(18.8111502346869,-32.1563959992763,-9.29323712008723));
#2475=CARTESIAN_POINT('Ctrl Pts',(18.7854536410509,-32.1787605119589,-9.29331688189899));
#2476=CARTESIAN_POINT('',(18.9158206025902,-32.2,-9.33608221095349));
#2477=CARTESIAN_POINT('Ctrl Pts',(18.8513623948313,-32.2548653854324,-9.33636558579691));
#2478=CARTESIAN_POINT('Ctrl Pts',(18.8728349936155,-32.2365613692641,-9.33627968092374));
#2479=CARTESIAN_POINT('Ctrl Pts',(18.8943209604586,-32.2182727892005,-9.33618537955603));
#2480=CARTESIAN_POINT('Ctrl Pts',(18.9158206026146,-32.2000000000281,-9.33608221157807));
#2481=CARTESIAN_POINT('Ctrl Pts',(18.9158206026146,-32.2000000000281,-9.33608221157807));
#2482=CARTESIAN_POINT('Ctrl Pts',(18.9127704997003,-32.1875682048889,-9.33121502038055));
#2483=CARTESIAN_POINT('Ctrl Pts',(18.9097371424016,-32.1751275591222,-9.32635902422178));
#2484=CARTESIAN_POINT('Ctrl Pts',(18.9067204387593,-32.1626781989963,-9.32151435611573));
#2485=CARTESIAN_POINT('Origin',(10.4999999986739,-17.2000000002907,32.5499999999999));
#2486=CARTESIAN_POINT('',(10.4999999999739,-17.7000000000056,-17.1499999999741));
#2487=CARTESIAN_POINT('',(10.4999999986739,-17.7000000002907,32.5499999997549));
#2488=CARTESIAN_POINT('',(10.4999999999739,-18.1,-17.1499999999741));
#2489=CARTESIAN_POINT('',(10.4999999999739,-18.1500000001453,-17.1499999999741));
#2490=CARTESIAN_POINT('',(10.4999999998461,-18.1,-12.2664793948069));
#2491=CARTESIAN_POINT('',(10.4999999989688,-18.1,21.2749999999308));
#2492=CARTESIAN_POINT('',(10.4999999998168,-19.1,-11.1439088914272));
#2493=CARTESIAN_POINT('Ctrl Pts',(10.4999999998461,-18.1,-12.2664793948069));
#2494=CARTESIAN_POINT('Ctrl Pts',(10.4999999998287,-18.7166819013939,-11.6012524298417));
#2495=CARTESIAN_POINT('Ctrl Pts',(10.4999999998168,-19.1,-11.1439088914272));
#2496=CARTESIAN_POINT('Ctrl Pts',(10.4999999998168,-19.1,-11.1439088914272));
#2497=CARTESIAN_POINT('Ctrl Pts',(10.4999999997864,-20.0725858483869,-9.98349967795534));
#2498=CARTESIAN_POINT('Ctrl Pts',(10.4999999997699,-20.0989587850538,-9.34999999996308));
#2499=CARTESIAN_POINT('Origin',(10.4999999986739,-17.2000000002907,32.5499999999999));
#2500=CARTESIAN_POINT('',(10.4999999997685,-20.1,-9.29999999996862));
#2501=CARTESIAN_POINT('Ctrl Pts',(10.4999999997685,-20.1,-9.29999999996862));
#2502=CARTESIAN_POINT('Ctrl Pts',(10.4999999997666,-20.1,-9.22529070200742));
#2503=CARTESIAN_POINT('Ctrl Pts',(10.4999999997646,-20.0906613377546,-9.14999999996309));
#2504=CARTESIAN_POINT('',(10.4999999997685,-18.1500000001453,-9.29999999996862));
#2505=CARTESIAN_POINT('Origin',(10.9999999986739,-17.7000000002907,32.549999999768));
#2506=CARTESIAN_POINT('',(10.9999999999739,-17.2000000000056,-17.150000000006));
#2507=CARTESIAN_POINT('',(10.9999999986739,-17.2000000002907,32.5499999997709));
#2508=CARTESIAN_POINT('',(10.646446609398,-17.3464466093978,-17.2964466093982));
#2509=CARTESIAN_POINT('Origin',(10.9999999999869,-17.7000000000027,-17.6500000000031));
#2510=CARTESIAN_POINT('Origin',(10.9999999999869,-17.7000000000027,-17.6499999999872));
#2511=CARTESIAN_POINT('Origin',(29.0014819750772,-17.2000000002908,32.5499999999996));
#2512=CARTESIAN_POINT('',(24.,-17.2000000000286,-13.1500000000057));
#2513=CARTESIAN_POINT('Origin',(24.,-17.2000000000688,-6.14999999999427));
#2514=CARTESIAN_POINT('',(27.7402868207566,-17.2000000000287,-13.1500000003346));
#2515=CARTESIAN_POINT('',(35.5007409875383,-17.2000000000287,-13.1500000000059));
#2516=CARTESIAN_POINT('',(27.7402868208612,-17.2000000000057,-17.1499999990438));
#2517=CARTESIAN_POINT('',(27.7402868202243,-17.2000000001454,7.19999999984086));
#2518=CARTESIAN_POINT('',(10.8257409875386,-17.2000000000056,-17.150000000006));
#2519=CARTESIAN_POINT('Origin',(14.2499999999739,-21.8504394487357,-18.1500000000015));
#2520=CARTESIAN_POINT('',(12.5499999999739,-21.8504394487357,-18.1500000000015));
#2521=CARTESIAN_POINT('Origin',(14.2499999999739,-28.5495605512643,-18.1500000000015));
#2522=CARTESIAN_POINT('',(12.5499999999739,-28.5495605512643,-18.1500000000015));
#2523=CARTESIAN_POINT('Origin',(24.,-17.7000000002403,-6.14999999999714));
#2524=CARTESIAN_POINT('',(24.,-18.2000000000344,-12.15));
#2525=CARTESIAN_POINT('Origin',(24.,-18.2000000004118,-6.15000000000001));
#2526=CARTESIAN_POINT('',(24.,-17.2000000000286,-13.1500000000057));
#2527=CARTESIAN_POINT('Origin',(24.,-19.1,-6.15000000000001));
#2528=CARTESIAN_POINT('',(24.,-32.2000000000344,-12.15));
#2529=CARTESIAN_POINT('Origin',(24.,-32.2,-6.15000000000001));
#2530=CARTESIAN_POINT('',(24.,-19.1,-12.15));
#2531=CARTESIAN_POINT('Origin',(24.,-32.7,-6.15000000000001));
#2532=CARTESIAN_POINT('',(24.,-33.2,-13.1499999999656));
#2533=CARTESIAN_POINT('Origin',(24.,-33.2,-6.15000000000001));
#2534=CARTESIAN_POINT('',(24.,-32.2000000000344,-12.15));
#2535=CARTESIAN_POINT('Origin',(-4.99870268618861,-19.1,-14.));
#2536=CARTESIAN_POINT('',(-6.69870268618861,-19.1,-14.));
#2537=CARTESIAN_POINT('Origin',(-4.99870268618861,-19.1,-14.));
#2538=CARTESIAN_POINT('',(-6.69870268618861,-25.3,-14.));
#2539=CARTESIAN_POINT('',(-6.69870268618861,-19.1,-14.));
#2540=CARTESIAN_POINT('Origin',(-4.99870268618861,-25.3,-14.));
#2541=CARTESIAN_POINT('Origin',(-4.99870268618861,-25.3,-14.));
#2542=CARTESIAN_POINT('Origin',(4.99870268618861,-19.1,-14.));
#2543=CARTESIAN_POINT('',(3.29870268618861,-19.1,-14.));
#2544=CARTESIAN_POINT('Origin',(4.99870268618861,-19.1,-14.));
#2545=CARTESIAN_POINT('',(3.29870268618861,-25.3,-14.));
#2546=CARTESIAN_POINT('',(3.29870268618861,-19.1,-14.));
#2547=CARTESIAN_POINT('Origin',(4.99870268618861,-25.3,-14.));
#2548=CARTESIAN_POINT('Origin',(4.99870268618861,-25.3,-14.));
#2549=CARTESIAN_POINT('Origin',(10.9999999999869,-18.1500000001453,-17.6499999999872));
#2550=CARTESIAN_POINT('',(11.4000000000002,-18.1,-18.0500000000004));
#2551=CARTESIAN_POINT('',(11.0459568312773,-17.7459568312771,-17.6959568312775));
#2552=CARTESIAN_POINT('',(11.5,-18.1,-18.1500000000002));
#2553=CARTESIAN_POINT('Origin',(10.8257409875386,-17.7000000000027,-17.6500000000031));
#2554=CARTESIAN_POINT('',(27.7402868208612,-18.2000000000081,-18.1500000000003));
#2555=CARTESIAN_POINT('',(27.7402868208612,-18.2000000000081,-18.1500000000003));
#2556=CARTESIAN_POINT('',(11.4974984355362,-18.1999999999998,-18.1500000000002));
#2557=CARTESIAN_POINT('',(10.8257409875386,-18.1999999999998,-18.1500000000002));
#2558=CARTESIAN_POINT('Ctrl Pts',(11.4974984355362,-18.1999999999999,-18.1500000000002));
#2559=CARTESIAN_POINT('Ctrl Pts',(11.448749217756,-18.1487492177783,-18.0987492177787));
#2560=CARTESIAN_POINT('Ctrl Pts',(11.4000000000002,-18.1,-18.0500000000004));
#2561=CARTESIAN_POINT('Origin',(4.23749999999999,-32.7,-17.6500000000003));
#2562=CARTESIAN_POINT('',(-7.35,-33.2,-17.1500000000003));
#2563=CARTESIAN_POINT('',(-7.35,-32.2000000000001,-18.1500000000002));
#2564=CARTESIAN_POINT('',(-7.35,-33.2,-17.1500000000003));
#2565=CARTESIAN_POINT('',(27.7402868208523,-32.2000000000001,-18.1500000000003));
#2566=CARTESIAN_POINT('',(4.23749999999999,-32.2000000000001,-18.1500000000002));
#2567=CARTESIAN_POINT('',(27.7402868208523,-33.2,-17.1500000000003));
#2568=CARTESIAN_POINT('',(27.7402868208523,-32.2000000000001,-18.1500000000003));
#2569=CARTESIAN_POINT('',(4.23749999999999,-33.2,-17.1500000000003));
#2570=CARTESIAN_POINT('Origin',(27.7402868208523,-37.2,-17.6499999993873));
#2571=CARTESIAN_POINT('',(30.6081690026135,-33.1042397785466,-18.1500000000003));
#2572=CARTESIAN_POINT('',(30.0345925662565,-33.923391822844,-17.1499999987743));
#2573=CARTESIAN_POINT('',(30.6081690026135,-33.1042397785466,-18.1500000000003));
#2574=CARTESIAN_POINT('Origin',(27.7402868208523,-37.2,-17.1499999987743));
#2575=CARTESIAN_POINT('Origin',(27.7402868208523,-37.2,-18.1500000000003));
#2576=CARTESIAN_POINT('Origin',(-7.35,-32.7,-15.1500000000002));
#2577=CARTESIAN_POINT('',(-9.35,-33.2,-15.1500000000002));
#2578=CARTESIAN_POINT('Origin',(-7.35,-33.2,-15.1500000000002));
#2579=CARTESIAN_POINT('',(-10.35,-32.2,-15.1500000000002));
#2580=CARTESIAN_POINT('',(-9.35,-33.2,-15.1500000000002));
#2581=CARTESIAN_POINT('Origin',(-7.35,-32.2,-15.1500000000002));
#2582=CARTESIAN_POINT('Origin',(13.7797484432841,-21.9312401411222,-17.6499999999904));
#2583=CARTESIAN_POINT('',(32.5073552565597,-34.4340643100125,-18.1500000000003));
#2584=CARTESIAN_POINT('',(14.0665366614652,-21.5216641189696,-18.1500000000002));
#2585=CARTESIAN_POINT('',(31.9337788201974,-35.2532163543177,-17.1499999999806));
#2586=CARTESIAN_POINT('',(32.5073552565597,-34.4340643100125,-18.1500000000003));
#2587=CARTESIAN_POINT('',(13.4929602251029,-22.3408161632748,-17.1499999999805));
#2588=CARTESIAN_POINT('Origin',(-9.85,-32.7,-0.249999999999516));
#2589=CARTESIAN_POINT('',(-9.85,-32.7,-11.));
#2590=CARTESIAN_POINT('',(-10.35,-32.2,-11.5));
#2591=CARTESIAN_POINT('',(-10.3249999999999,-32.2250000000001,-11.4749999999999));
#2592=CARTESIAN_POINT('',(-10.35,-32.2,-0.249999999999516));
#2593=CARTESIAN_POINT('',(-9.35,-33.2,-11.5));
#2594=CARTESIAN_POINT('',(-9.35,-33.2,-0.249999999999516));
#2595=CARTESIAN_POINT('',(-7.80625000000008,-34.7437499999999,-13.0437499999999));
#2596=CARTESIAN_POINT('Origin',(36.5223903110057,-28.7000000000057,-17.6499999994407));
#2597=CARTESIAN_POINT('',(36.5223903110057,-35.6999999999924,-18.1500000000003));
#2598=CARTESIAN_POINT('',(36.5223903110057,-36.7000000000057,-17.1499999988811));
#2599=CARTESIAN_POINT('',(36.5223903110057,-35.6999999999924,-18.1500000000003));
#2600=CARTESIAN_POINT('Origin',(36.5223903110057,-28.7000000000057,-17.1499999988811));
#2601=CARTESIAN_POINT('Origin',(36.5223903110057,-28.7000000000057,-18.1500000000003));
#2602=CARTESIAN_POINT('Origin',(13.325,-36.2000000000029,-17.6499999999974));
#2603=CARTESIAN_POINT('',(41.9999999999739,-35.7,-18.1500000000003));
#2604=CARTESIAN_POINT('',(13.325,-35.7,-18.1500000000002));
#2605=CARTESIAN_POINT('',(41.9999999999739,-36.7000000000057,-17.1499999999945));
#2606=CARTESIAN_POINT('',(41.9999999999739,-35.7,-18.1500000000003));
#2607=CARTESIAN_POINT('',(13.325,-36.7000000000057,-17.1499999999945));
#2608=CARTESIAN_POINT('Origin',(41.9999999999739,-25.2000000000057,-17.6499999993985));
#2609=CARTESIAN_POINT('',(41.9999999999739,-14.6999999999796,-18.1500000000003));
#2610=CARTESIAN_POINT('Origin',(41.9999999999739,-25.2000000000057,-18.1500000000003));
#2611=CARTESIAN_POINT('',(41.9999999999739,-13.7000000000057,-17.1499999987968));
#2612=CARTESIAN_POINT('',(41.9999999999739,-14.6999999999796,-18.1500000000003));
#2613=CARTESIAN_POINT('Origin',(41.9999999999739,-25.2000000000057,-17.1499999987968));
#2614=CARTESIAN_POINT('Origin',(17.325,-14.2000000000028,-17.6500000000031));
#2615=CARTESIAN_POINT('',(36.5223903110064,-14.7,-18.1500000000003));
#2616=CARTESIAN_POINT('',(36.5223903110064,-13.7000000000057,-17.150000000006));
#2617=CARTESIAN_POINT('',(36.5223903110064,-14.7,-18.1500000000003));
#2618=CARTESIAN_POINT('',(17.325,-13.7000000000057,-17.150000000006));
#2619=CARTESIAN_POINT('',(17.325,-14.7,-18.1500000000003));
#2620=CARTESIAN_POINT('Origin',(36.5223903110064,-21.7000000000057,-17.6499999994316));
#2621=CARTESIAN_POINT('',(32.5073552565504,-15.9659356899848,-18.1500000000003));
#2622=CARTESIAN_POINT('',(31.933778820198,-15.1467836456938,-17.1499999988629));
#2623=CARTESIAN_POINT('',(32.5073552565504,-15.9659356899848,-18.1500000000003));
#2624=CARTESIAN_POINT('Origin',(36.5223903110064,-21.7000000000057,-17.1499999988629));
#2625=CARTESIAN_POINT('Origin',(36.5223903110064,-21.7000000000057,-18.1500000000003));
#2626=CARTESIAN_POINT('Origin',(19.145069948483,-24.7119212960251,-17.6499999999951));
#2627=CARTESIAN_POINT('',(30.6081690026224,-17.2957602214591,-18.1500000000003));
#2628=CARTESIAN_POINT('',(30.0345925662654,-16.4766081771617,-17.14999999999));
#2629=CARTESIAN_POINT('',(30.6081690026224,-17.2957602214591,-18.1500000000003));
#2630=CARTESIAN_POINT('',(18.8582817303045,-24.3023452738764,-17.1499999999899));
#2631=CARTESIAN_POINT('',(19.4318581666614,-25.1214973181738,-18.1500000000003));
#2632=CARTESIAN_POINT('Origin',(27.7402868208612,-13.2000000000057,-17.649999999522));
#2633=CARTESIAN_POINT('Origin',(27.7402868208612,-13.2000000000057,-17.1499999990438));
#2634=CARTESIAN_POINT('Origin',(27.7402868208612,-13.2000000000057,-18.1500000000003));
#2635=CARTESIAN_POINT('Origin',(13.1625,-32.7,-11.));
#2636=CARTESIAN_POINT('',(9.29999999976859,-33.2,-11.5));
#2637=CARTESIAN_POINT('',(13.1625,-33.2,-11.5));
#2638=CARTESIAN_POINT('',(9.29999999976859,-32.2,-10.5));
#2639=CARTESIAN_POINT('',(9.29999999976859,-32.2,-10.5));
#2640=CARTESIAN_POINT('',(-9.35,-32.2,-10.5));
#2641=CARTESIAN_POINT('',(13.1625,-32.2,-10.5));
#2642=CARTESIAN_POINT('',(-10.35,-33.2,-11.5));
#2643=CARTESIAN_POINT('Origin',(15.825,-33.2,10.000000000001));
#2644=CARTESIAN_POINT('Origin',(9.29999999976859,-33.2,-9.3));
#2645=CARTESIAN_POINT('',(27.7402868207149,-33.2,-13.1499999999656));
#2646=CARTESIAN_POINT('',(27.7402868204032,-33.2,-4.07499999982482));
#2647=CARTESIAN_POINT('',(28.9124999999998,-33.2,-13.1499999999656));
#2648=CARTESIAN_POINT('Origin',(27.7402868204032,-37.2,-4.07499999982482));
#2649=CARTESIAN_POINT('',(30.0345925661191,-33.923391822844,-13.1500000004694));
#2650=CARTESIAN_POINT('',(30.0345925658074,-33.923391822844,-4.07499999974602));
#2651=CARTESIAN_POINT('Origin',(27.7402868207149,-37.2,-13.1500000004694));
#2652=CARTESIAN_POINT('Origin',(29.0014819764026,-33.2,-18.1500000000166));
#2653=CARTESIAN_POINT('',(31.9337788200927,-35.2532163543406,-13.1499999999804));
#2654=CARTESIAN_POINT('',(31.9337788202235,-35.2532163543119,-18.1500000000092));
#2655=CARTESIAN_POINT('',(30.0501337433382,-33.9342738722855,-13.1499999999804));
#2656=CARTESIAN_POINT('Origin',(36.5223903110319,-28.7,-18.1499999998516));
#2657=CARTESIAN_POINT('',(36.5223903109011,-36.7000000000287,-13.1500000001719));
#2658=CARTESIAN_POINT('',(36.5223903110319,-36.7,-18.1499999998975));
#2659=CARTESIAN_POINT('Origin',(36.5223903109011,-28.7000000000287,-13.1500000001719));
#2660=CARTESIAN_POINT('Origin',(34.,-36.7,-18.150000000021));
#2661=CARTESIAN_POINT('',(41.9999999998692,-36.7000000000287,-13.1499999999945));
#2662=CARTESIAN_POINT('',(42.,-36.7,-18.1500000000662));
#2663=CARTESIAN_POINT('',(38.,-36.7000000000287,-13.1499999999945));
#2664=CARTESIAN_POINT('Origin',(42.,-25.2,-18.1500000000002));
#2665=CARTESIAN_POINT('',(41.9999999998693,-13.7000000000287,-13.1500000000876));
#2666=CARTESIAN_POINT('',(42.,-13.7,-18.1499999999343));
#2667=CARTESIAN_POINT('Origin',(41.9999999998692,-25.2000000000287,-13.1500000000876));
#2668=CARTESIAN_POINT('Origin',(42.,-13.7,-18.1499999999343));
#2669=CARTESIAN_POINT('',(36.5223903109018,-13.7000000000287,-13.1500000000059));
#2670=CARTESIAN_POINT('',(36.5223903110326,-13.7,-18.1500000000563));
#2671=CARTESIAN_POINT('',(42.,-13.7000000000287,-13.150000000006));
#2672=CARTESIAN_POINT('Origin',(36.5223903110326,-21.7,-18.1500000001022));
#2673=CARTESIAN_POINT('',(31.9337788200934,-15.1467836457167,-13.1500000001536));
#2674=CARTESIAN_POINT('',(31.9337788202242,-15.1467836456881,-18.1500000001846));
#2675=CARTESIAN_POINT('Origin',(36.5223903109018,-21.7000000000287,-13.1500000001536));
#2676=CARTESIAN_POINT('Origin',(34.0000000000007,-13.7,-18.1500000001011));
#2677=CARTESIAN_POINT('',(30.0345925661608,-16.4766081771846,-13.1499999999898));
#2678=CARTESIAN_POINT('',(30.0345925656285,-16.4766081773014,7.19999999990502));
#2679=CARTESIAN_POINT('',(35.4154552485613,-12.7088875648965,-13.1499999999898));
#2680=CARTESIAN_POINT('Origin',(27.7402868202243,-13.2000000001454,7.19999999986381));
#2681=CARTESIAN_POINT('Origin',(27.7402868207566,-13.2000000000287,-13.1500000003346));
#2682=CARTESIAN_POINT('Origin',(9.49999999997385,-18.1,-17.6499999997614));
#2683=CARTESIAN_POINT('',(9.49999999997385,-20.1000000000185,-18.1500000000002));
#2684=CARTESIAN_POINT('Origin',(9.49999999997385,-18.1,-18.1500000000002));
#2685=CARTESIAN_POINT('',(9.49999999997386,-19.1,-17.1499999995225));
#2686=CARTESIAN_POINT('',(9.49999999997385,-20.1000000000185,-18.1500000000002));
#2687=CARTESIAN_POINT('Origin',(9.49999999997386,-18.1,-17.1499999995225));
#2688=CARTESIAN_POINT('Origin',(4.23749999999999,-19.6,-17.6500000000002));
#2689=CARTESIAN_POINT('',(-7.35,-20.1,-18.1500000000002));
#2690=CARTESIAN_POINT('',(4.23749999999999,-20.1,-18.1500000000002));
#2691=CARTESIAN_POINT('',(-7.35,-19.1,-17.1500000000002));
#2692=CARTESIAN_POINT('',(-7.35,-20.1,-18.1500000000002));
#2693=CARTESIAN_POINT('',(4.23749999999999,-19.1,-17.1500000000002));
#2694=CARTESIAN_POINT('Origin',(-7.35,-19.6,-15.1500000000002));
#2695=CARTESIAN_POINT('',(-10.35,-20.1,-15.1500000000002));
#2696=CARTESIAN_POINT('',(-9.35,-19.1,-15.1500000000002));
#2697=CARTESIAN_POINT('',(-10.35,-20.1,-15.1500000000002));
#2698=CARTESIAN_POINT('Origin',(-7.35,-19.1,-15.1500000000002));
#2699=CARTESIAN_POINT('Origin',(-7.35,-20.1,-15.1500000000002));
#2700=CARTESIAN_POINT('Origin',(-9.85,-19.6,-0.249999999999516));
#2701=CARTESIAN_POINT('',(-9.85,-19.6,-11.));
#2702=CARTESIAN_POINT('',(-9.35,-19.1,-11.5));
#2703=CARTESIAN_POINT('',(-7.80625000000009,-17.5562500000001,-13.0437499999999));
#2704=CARTESIAN_POINT('',(-9.35,-19.1,-0.249999999999516));
#2705=CARTESIAN_POINT('',(-10.35,-20.1,-11.5));
#2706=CARTESIAN_POINT('',(-10.35,-20.1,-0.249999999999516));
#2707=CARTESIAN_POINT('',(-7.97499999999992,-17.7249999999999,-9.12499999999992));
#2708=CARTESIAN_POINT('Origin',(9.49999999896884,-18.1,21.2749999999046));
#2709=CARTESIAN_POINT('',(9.49999999982584,-19.1,-11.4908902300154));
#2710=CARTESIAN_POINT('',(9.49999999896884,-19.1,21.2749999999046));
#2711=CARTESIAN_POINT('Ctrl Pts',(9.49999999982584,-19.1,-11.4908902300154));
#2712=CARTESIAN_POINT('Ctrl Pts',(9.57861029620105,-19.1,-11.4837141245839));
#2713=CARTESIAN_POINT('Ctrl Pts',(9.66109169845087,-19.090333337858,-11.4813275411921));
#2714=CARTESIAN_POINT('Ctrl Pts',(9.84147338030362,-19.0456192730996,-11.4905741828932));
#2715=CARTESIAN_POINT('Ctrl Pts',(9.93755794711332,-19.0040973665152,-11.5066782468701));
#2716=CARTESIAN_POINT('Ctrl Pts',(10.1164308550164,-18.8957696165123,-11.5629305409336));
#2717=CARTESIAN_POINT('Ctrl Pts',(10.2055071739894,-18.8171980387822,-11.6121366159022));
#2718=CARTESIAN_POINT('Ctrl Pts',(10.3446020275716,-18.6465904966099,-11.7394675668292));
#2719=CARTESIAN_POINT('Ctrl Pts',(10.3952030255384,-18.5547946218787,-11.8172768819521));
#2720=CARTESIAN_POINT('Ctrl Pts',(10.4288122153525,-18.4705507634698,-11.8945261540501));
#2721=CARTESIAN_POINT('Ctrl Pts',(10.477000039127,-18.3497645075218,-12.0052837870413));
#2722=CARTESIAN_POINT('Ctrl Pts',(10.4999999998426,-18.2237361176985,-12.1330027971524));
#2723=CARTESIAN_POINT('Ctrl Pts',(10.4999999998461,-18.1000000000003,-12.2664793948066));
#2724=CARTESIAN_POINT('Origin',(15.825,-19.1,10.000000000001));
#2725=CARTESIAN_POINT('',(9.29999999976854,-19.1,-11.5));
#2726=CARTESIAN_POINT('',(13.1625,-19.1,-11.5));
#2727=CARTESIAN_POINT('Origin',(9.29999999976854,-19.1,-9.3));
#2728=CARTESIAN_POINT('Origin',(13.1625,-19.6,-11.));
#2729=CARTESIAN_POINT('',(-9.35,-20.1,-10.5));
#2730=CARTESIAN_POINT('',(-9.35,-20.1,-10.5));
#2731=CARTESIAN_POINT('',(9.29999999976854,-20.1,-10.5));
#2732=CARTESIAN_POINT('',(13.1625,-20.1,-10.5));
#2733=CARTESIAN_POINT('',(9.29999999976854,-20.1,-10.5));
#2734=CARTESIAN_POINT('Origin',(-9.85,-19.1,-11.));
#2735=CARTESIAN_POINT('',(-9.35,-19.1,-10.5));
#2736=CARTESIAN_POINT('',(-10.35,-19.1,-11.5));
#2737=CARTESIAN_POINT('Origin',(28.9124999999998,-32.7000000000172,-12.6499999999829));
#2738=CARTESIAN_POINT('',(27.7402868207149,-32.2000000000344,-12.15));
#2739=CARTESIAN_POINT('',(27.7402868207149,-33.2,-13.1499999999656));
#2740=CARTESIAN_POINT('',(28.9124999999998,-32.2000000000344,-12.1500000000001));
#2741=CARTESIAN_POINT('Origin',(27.7402868207149,-37.2,-12.6500000002347));
#2742=CARTESIAN_POINT('',(30.6081690024642,-33.1042397785635,-12.1500000000001));
#2743=CARTESIAN_POINT('',(30.0345925661191,-33.923391822844,-13.1500000004694));
#2744=CARTESIAN_POINT('Origin',(27.7402868207149,-37.2,-12.15));
#2745=CARTESIAN_POINT('Origin',(30.336921961508,-33.524697850149,-12.6499999999902));
#2746=CARTESIAN_POINT('',(32.5073552564325,-34.4340643100678,-12.1500000000001));
#2747=CARTESIAN_POINT('',(31.9337788200927,-35.2532163543406,-13.1499999999804));
#2748=CARTESIAN_POINT('',(30.6237101796779,-33.1151218280126,-12.1500000000001));
#2749=CARTESIAN_POINT('Origin',(36.5223903109011,-28.7000000000287,-12.650000000086));
#2750=CARTESIAN_POINT('',(36.5223903109011,-35.700000000042,-12.1500000000002));
#2751=CARTESIAN_POINT('',(36.5223903109011,-36.7000000000287,-13.1500000001719));
#2752=CARTESIAN_POINT('Origin',(36.5223903109011,-28.7000000000287,-12.1500000000002));
#2753=CARTESIAN_POINT('Origin',(38.,-36.2000000000316,-12.6499999999973));
#2754=CARTESIAN_POINT('',(41.9999999998693,-35.7000000000344,-12.1500000000002));
#2755=CARTESIAN_POINT('',(41.9999999998692,-36.7000000000287,-13.1499999999945));
#2756=CARTESIAN_POINT('',(38.,-35.7000000000344,-12.1500000000002));
#2757=CARTESIAN_POINT('Origin',(41.9999999998692,-25.2000000000287,-12.6500000000439));
#2758=CARTESIAN_POINT('',(41.9999999998693,-14.7000000000548,-12.1500000000002));
#2759=CARTESIAN_POINT('',(41.9999999998693,-13.7000000000287,-13.1500000000876));
#2760=CARTESIAN_POINT('Origin',(41.9999999998693,-25.2000000000287,-12.1500000000002));
#2761=CARTESIAN_POINT('Origin',(42.0000000000001,-14.2000000000316,-12.6500000000031));
#2762=CARTESIAN_POINT('',(36.5223903109018,-14.7000000000344,-12.1500000000002));
#2763=CARTESIAN_POINT('',(36.5223903109018,-13.7000000000287,-13.1500000000059));
#2764=CARTESIAN_POINT('',(42.0000000000001,-14.7000000000344,-12.1500000000002));
#2765=CARTESIAN_POINT('Origin',(36.5223903109018,-21.7000000000287,-12.6500000000769));
#2766=CARTESIAN_POINT('',(32.5073552564431,-15.9659356900038,-12.1500000000001));
#2767=CARTESIAN_POINT('',(31.9337788200934,-15.1467836457167,-13.1500000001536));
#2768=CARTESIAN_POINT('Origin',(36.5223903109018,-21.7000000000287,-12.1500000000002));
#2769=CARTESIAN_POINT('Origin',(35.7022434667338,-13.1184635870367,-12.649999999995));
#2770=CARTESIAN_POINT('',(30.6081690025059,-17.2957602214652,-12.1500000000001));
#2771=CARTESIAN_POINT('',(30.0345925661608,-16.4766081771846,-13.1499999999898));
#2772=CARTESIAN_POINT('',(35.9890316849064,-13.528039609177,-12.1500000000002));
#2773=CARTESIAN_POINT('Origin',(27.7402868207566,-13.2000000000287,-12.6500000001673));
#2774=CARTESIAN_POINT('',(27.7402868207566,-18.2000000000263,-12.15));
#2775=CARTESIAN_POINT('',(27.7402868207566,-17.2000000000287,-13.1500000003346));
#2776=CARTESIAN_POINT('Origin',(27.7402868207566,-13.2000000000287,-12.15));
#2777=CARTESIAN_POINT('Origin',(35.5007409875383,-17.7000000000316,-12.650000000003));
#2778=CARTESIAN_POINT('',(35.5007409875383,-18.2000000000345,-12.1500000000002));
#2779=CARTESIAN_POINT('Origin',(-7.35,-19.1,-18.1500000000002));
#2780=CARTESIAN_POINT('',(-7.35,-19.1,-18.1500000000002));
#2781=CARTESIAN_POINT('',(33.3,-25.2,-18.1499999998967));
#2782=CARTESIAN_POINT('Origin',(35.,-25.2,-18.1500000000002));
#2783=CARTESIAN_POINT('',(40.3,-32.2,-18.1500000000943));
#2784=CARTESIAN_POINT('Origin',(42.,-32.2,-18.1500000000002));
#2785=CARTESIAN_POINT('',(38.9,-25.2,-18.1500000001717));
#2786=CARTESIAN_POINT('Origin',(42.,-25.2,-18.1500000000002));
#2787=CARTESIAN_POINT('',(47.3,-25.2,-18.1499999999019));
#2788=CARTESIAN_POINT('Origin',(49.,-25.2,-18.1499999998993));
#2789=CARTESIAN_POINT('',(40.3,-18.2,-18.1499999999925));
#2790=CARTESIAN_POINT('Origin',(42.,-18.2,-18.1499999998993));
#2791=CARTESIAN_POINT('Origin',(9.29999999976859,-32.7,-9.3));
#2792=CARTESIAN_POINT('Origin',(9.29999999976859,-32.2,-9.3));
#2793=CARTESIAN_POINT('Origin',(9.29999999976854,-19.6,-9.3));
#2794=CARTESIAN_POINT('Origin',(9.29999999976854,-20.1,-9.3));
#2795=CARTESIAN_POINT('Origin',(9.29999999976854,-18.1500000001453,-9.3));
#2796=CARTESIAN_POINT('',(9.29999999976854,-18.1500000001453,-10.5));
#2797=CARTESIAN_POINT('Origin',(10.5,-19.1,-10.5));
#2798=CARTESIAN_POINT('Origin',(41.9999999999137,-25.2000000000189,-14.8500000000002));
#2799=CARTESIAN_POINT('',(31.7999999999912,-25.2000000000164,-14.8500000002931));
#2800=CARTESIAN_POINT('Origin',(41.9999999999137,-25.2000000000189,-14.8500000000002));
#2801=CARTESIAN_POINT('',(40.2999999999137,-18.2000000000189,-14.8500000000033));
#2802=CARTESIAN_POINT('Origin',(41.9999999999137,-18.2000000000189,-14.8499999999601));
#2803=CARTESIAN_POINT('',(47.2999999999137,-25.2000000000189,-14.8499999999019));
#2804=CARTESIAN_POINT('Origin',(48.9999999999137,-25.2000000000189,-14.8499999998993));
#2805=CARTESIAN_POINT('',(33.3,-25.2,-14.8500000000002));
#2806=CARTESIAN_POINT('Origin',(35.,-25.2,-14.8500000000002));
#2807=CARTESIAN_POINT('',(38.8999999999137,-25.2000000000189,-14.850000000079));
#2808=CARTESIAN_POINT('Origin',(41.9999999999137,-25.2000000000189,-14.8500000000002));
#2809=CARTESIAN_POINT('',(40.2999999999137,-32.2000000000189,-14.8499999998911));
#2810=CARTESIAN_POINT('Origin',(41.9999999999137,-32.2000000000189,-14.8499999998993));
#2811=CARTESIAN_POINT('Origin',(41.9999999999912,-25.2000000000164,-14.8500000000002));
#2812=CARTESIAN_POINT('',(31.799999999984,-25.2000000000299,-12.1500000000012));
#2813=CARTESIAN_POINT('',(31.7999999999912,-25.2000000000164,-14.8500000000274));
#2814=CARTESIAN_POINT('Origin',(41.999999999984,-25.2000000000299,-12.1500000000306));
#2815=CARTESIAN_POINT('Origin',(42.,-19.1,-12.1500000000002));
#2816=CARTESIAN_POINT('Origin',(35.,-25.2,-18.1499999998993));
#2817=CARTESIAN_POINT('',(33.3,-25.2,-18.1499999998993));
#2818=CARTESIAN_POINT('Origin',(42.,-32.2,-18.1499999998993));
#2819=CARTESIAN_POINT('',(40.3,-32.2,-18.1499999999437));
#2820=CARTESIAN_POINT('Origin',(42.,-18.2,-18.1499999998993));
#2821=CARTESIAN_POINT('',(40.3,-18.2,-18.1499999999437));
#2822=CARTESIAN_POINT('Origin',(49.,-25.2,-18.1499999998993));
#2823=CARTESIAN_POINT('',(47.3,-25.2,-18.1499999999437));
#2824=CARTESIAN_POINT('Origin',(42.,-25.2,-18.1500000000002));
#2825=CARTESIAN_POINT('',(38.9,-25.2,-18.1500000000813));
#2826=CARTESIAN_POINT('Origin',(-7.35,-19.1,-15.1500000000002));
#2827=CARTESIAN_POINT('',(-10.35,-19.1,-15.1500000000002));
#2828=CARTESIAN_POINT('Origin',(-10.35,-19.1,-10.5));
#2829=UNCERTAINTY_MEASURE_WITH_UNIT(LENGTH_MEASURE(0.01),#2833,
'DISTANCE_ACCURACY_VALUE',
'Maximum model space distance between geometric entities at asserted c
onnectivities');
#2830=UNCERTAINTY_MEASURE_WITH_UNIT(LENGTH_MEASURE(0.01),#2833,
'DISTANCE_ACCURACY_VALUE',
'Maximum model space distance between geometric entities at asserted c
onnectivities');
#2831=(
GEOMETRIC_REPRESENTATION_CONTEXT(3)
GLOBAL_UNCERTAINTY_ASSIGNED_CONTEXT((#2829))
GLOBAL_UNIT_ASSIGNED_CONTEXT((#2833,#2835,#2836))
REPRESENTATION_CONTEXT('','3D')
);
#2832=(
GEOMETRIC_REPRESENTATION_CONTEXT(3)
GLOBAL_UNCERTAINTY_ASSIGNED_CONTEXT((#2830))
GLOBAL_UNIT_ASSIGNED_CONTEXT((#2833,#2835,#2836))
REPRESENTATION_CONTEXT('','3D')
);
#2833=(
LENGTH_UNIT()
NAMED_UNIT(*)
SI_UNIT(.MILLI.,.METRE.)
);
#2834=(
LENGTH_UNIT()
NAMED_UNIT(*)
SI_UNIT($,.METRE.)
);
#2835=(
NAMED_UNIT(*)
PLANE_ANGLE_UNIT()
SI_UNIT($,.RADIAN.)
);
#2836=(
NAMED_UNIT(*)
SI_UNIT($,.STERADIAN.)
SOLID_ANGLE_UNIT()
);
#2837=SHAPE_DEFINITION_REPRESENTATION(#2838,#2839);
#2838=PRODUCT_DEFINITION_SHAPE('',$,#2841);
#2839=SHAPE_REPRESENTATION('',(#1563),#2831);
#2840=PRODUCT_DEFINITION_CONTEXT('part definition',#2845,'design');
#2841=PRODUCT_DEFINITION('(Unsaved)','(Unsaved)',#2842,#2840);
#2842=PRODUCT_DEFINITION_FORMATION('',$,#2847);
#2843=PRODUCT_RELATED_PRODUCT_CATEGORY('(Unsaved)','(Unsaved)',(#2847));
#2844=APPLICATION_PROTOCOL_DEFINITION('international standard',
'automotive_design',2009,#2845);
#2845=APPLICATION_CONTEXT(
'Core Data for Automotive Mechanical Design Process');
#2846=PRODUCT_CONTEXT('part definition',#2845,'mechanical');
#2847=PRODUCT('(Unsaved)','(Unsaved)',$,(#2846));
#2848=PRESENTATION_STYLE_ASSIGNMENT((#2849));
#2849=SURFACE_STYLE_USAGE(.BOTH.,#2850);
#2850=SURFACE_SIDE_STYLE('',(#2851));
#2851=SURFACE_STYLE_FILL_AREA(#2852);
#2852=FILL_AREA_STYLE('Steel - Satin',(#2853));
#2853=FILL_AREA_STYLE_COLOUR('Steel - Satin',#2854);
#2854=COLOUR_RGB('Steel - Satin',0.627450980392157,0.627450980392157,0.627450980392157);
ENDSEC;
END-ISO-10303-21;
