ISO-10303-21;
HEADER;
/* Generated by software containing ST-Developer
 * from STEP Tools, Inc. (www.steptools.com) 
 */

FILE_DESCRIPTION(
/* description */ (''),
/* implementation_level */ '2;1');

FILE_NAME(
/* name */ 'tip-frame-x6.step',
/* time_stamp */ '2026-09-30T23:19:29+03:00',
/* author */ (''),
/* organization */ (''),
/* preprocessor_version */ 'ST-DEVELOPER v20.1',
/* originating_system */ 'Autodesk Translation Framework v15.8.0.0',
/* authorisation */ '');

FILE_SCHEMA (('AUTOMOTIVE_DESIGN { 1 0 10303 214 3 1 1 }'));
ENDSEC;

DATA;
#10=MECHANICAL_DESIGN_GEOMETRIC_PRESENTATION_REPRESENTATION('',(#13),#1980);
#11=SHAPE_REPRESENTATION_RELATIONSHIP('SRR','None',#1987,#12);
#12=ADVANCED_BREP_SHAPE_REPRESENTATION('',(#14),#1979);
#13=STYLED_ITEM('',(#1996),#14);
#14=MANIFOLD_SOLID_BREP('tip-frame-x6',#1157);
#15=SPHERICAL_SURFACE('',#1233,4.);
#16=SPHERICAL_SURFACE('',#1243,4.);
#17=(
BOUNDED_SURFACE()
B_SPLINE_SURFACE(2,2,((#1723,#1724,#1725),(#1726,#1727,#1728),(#1729,#1730,
#1731)),.UNSPECIFIED.,.F.,.F.,.F.)
B_SPLINE_SURFACE_WITH_KNOTS((3,3),(3,3),(-1.77269310341899E-11,0.785398163413888),
(-3.81449954037234E-15,1.5707963267949),.UNSPECIFIED.)
GEOMETRIC_REPRESENTATION_ITEM()
RATIONAL_B_SPLINE_SURFACE(((1.,0.707106781186546,1.),(0.923879532504765,
0.653281482433575,0.923879532504765),(1.,0.707106781186546,1.)))
REPRESENTATION_ITEM('')
SURFACE()
);
#18=(
BOUNDED_SURFACE()
B_SPLINE_SURFACE(2,2,((#1762,#1763,#1764),(#1765,#1766,#1767),(#1768,#1769,
#1770)),.UNSPECIFIED.,.F.,.F.,.F.)
B_SPLINE_SURFACE_WITH_KNOTS((3,3),(3,3),(0.,0.785398163816326),(1.57079632677462,
3.1415926535898),.UNSPECIFIED.)
GEOMETRIC_REPRESENTATION_ITEM()
RATIONAL_B_SPLINE_SURFACE(((1.,0.707106781179376,1.),(0.923879532431132,
0.653281482374884,0.923879532431132),(1.,0.707106781179376,1.)))
REPRESENTATION_ITEM('')
SURFACE()
);
#19=TOROIDAL_SURFACE('',#1190,9.,4.);
#20=TOROIDAL_SURFACE('',#1213,9.,4.);
#21=CYLINDRICAL_SURFACE('',#1184,1.15);
#22=CYLINDRICAL_SURFACE('',#1187,4.);
#23=CYLINDRICAL_SURFACE('',#1194,4.);
#24=CYLINDRICAL_SURFACE('',#1199,4.);
#25=CYLINDRICAL_SURFACE('',#1206,4.);
#26=CYLINDRICAL_SURFACE('',#1211,4.);
#27=CYLINDRICAL_SURFACE('',#1217,4.);
#28=CYLINDRICAL_SURFACE('',#1231,4.);
#29=CYLINDRICAL_SURFACE('',#1237,4.);
#30=CYLINDRICAL_SURFACE('',#1238,4.);
#31=CYLINDRICAL_SURFACE('',#1241,4.);
#32=CYLINDRICAL_SURFACE('',#1246,4.);
#33=CYLINDRICAL_SURFACE('',#1252,5.2);
#34=CYLINDRICAL_SURFACE('',#1256,3.5);
#35=CYLINDRICAL_SURFACE('',#1258,5.);
#36=CYLINDRICAL_SURFACE('',#1274,3.1499999999999);
#37=CYLINDRICAL_SURFACE('',#1276,3.15000000000003);
#38=CYLINDRICAL_SURFACE('',#1280,3.14999999999997);
#39=CYLINDRICAL_SURFACE('',#1282,3.14999999999995);
#40=CONICAL_SURFACE('',#1181,1.75,0.785398163397437);
#41=CONICAL_SURFACE('',#1201,6.75000000004988,0.785398163520099);
#42=CONICAL_SURFACE('',#1204,3.5,0.785398163395578);
#43=CONICAL_SURFACE('',#1219,3.5,0.785398163399319);
#44=CONICAL_SURFACE('',#1221,6.74999999995012,0.785398163274803);
#45=CONICAL_SURFACE('',#1261,2.250000000027,0.785398163416529);
#46=CONICAL_SURFACE('',#1265,2.24999999997301,0.785398163378366);
#47=FACE_BOUND('',#172,.T.);
#48=FACE_BOUND('',#178,.T.);
#49=FACE_BOUND('',#199,.T.);
#50=FACE_BOUND('',#215,.T.);
#51=FACE_BOUND('',#231,.T.);
#52=ELLIPSE('',#1176,5.65685424949238,4.);
#53=ELLIPSE('',#1177,5.65685424949237,4.);
#54=CIRCLE('',#1174,4.);
#55=CIRCLE('',#1175,4.);
#56=CIRCLE('',#1178,5.2);
#57=CIRCLE('',#1182,2.35);
#58=CIRCLE('',#1183,1.15);
#59=CIRCLE('',#1185,1.15);
#60=CIRCLE('',#1188,4.);
#61=CIRCLE('',#1189,3.99999999999999);
#62=CIRCLE('',#1191,5.);
#63=CIRCLE('',#1192,4.);
#64=CIRCLE('',#1193,6.17157287560072);
#65=CIRCLE('',#1195,4.);
#66=CIRCLE('',#1196,3.5);
#67=CIRCLE('',#1197,3.99999999999999);
#68=CIRCLE('',#1198,2.32842712471117);
#69=CIRCLE('',#1202,8.50000000009975);
#70=CIRCLE('',#1207,4.);
#71=CIRCLE('',#1208,3.5);
#72=CIRCLE('',#1209,4.);
#73=CIRCLE('',#1210,2.32842712478121);
#74=CIRCLE('',#1212,4.);
#75=CIRCLE('',#1214,5.);
#76=CIRCLE('',#1215,3.99999999999999);
#77=CIRCLE('',#1216,6.17157287490692);
#78=CIRCLE('',#1218,4.);
#79=CIRCLE('',#1222,8.49999999990025);
#80=CIRCLE('',#1225,4.);
#81=CIRCLE('',#1226,4.);
#82=CIRCLE('',#1227,3.1499999999999);
#83=CIRCLE('',#1228,3.15000000000003);
#84=CIRCLE('',#1229,3.14999999999997);
#85=CIRCLE('',#1230,3.14999999999995);
#86=CIRCLE('',#1232,3.99999999999999);
#87=CIRCLE('',#1234,4.);
#88=CIRCLE('',#1235,4.);
#89=CIRCLE('',#1236,2.82842712469223);
#90=CIRCLE('',#1239,4.);
#91=CIRCLE('',#1242,4.);
#92=CIRCLE('',#1244,4.00000000004724);
#93=CIRCLE('',#1245,2.82842712480017);
#94=CIRCLE('',#1253,5.2);
#95=CIRCLE('',#1262,0.500000000053993);
#96=CIRCLE('',#1266,0.499999999946015);
#97=CIRCLE('',#1269,3.14999999999995);
#98=CIRCLE('',#1270,3.14999999999997);
#99=CIRCLE('',#1271,3.15000000000003);
#100=CIRCLE('',#1272,3.1499999999999);
#101=FACE_OUTER_BOUND('',#169,.T.);
#102=FACE_OUTER_BOUND('',#170,.T.);
#103=FACE_OUTER_BOUND('',#171,.T.);
#104=FACE_OUTER_BOUND('',#173,.T.);
#105=FACE_OUTER_BOUND('',#174,.T.);
#106=FACE_OUTER_BOUND('',#175,.T.);
#107=FACE_OUTER_BOUND('',#176,.T.);
#108=FACE_OUTER_BOUND('',#177,.T.);
#109=FACE_OUTER_BOUND('',#179,.T.);
#110=FACE_OUTER_BOUND('',#180,.T.);
#111=FACE_OUTER_BOUND('',#181,.T.);
#112=FACE_OUTER_BOUND('',#182,.T.);
#113=FACE_OUTER_BOUND('',#183,.T.);
#114=FACE_OUTER_BOUND('',#184,.T.);
#115=FACE_OUTER_BOUND('',#185,.T.);
#116=FACE_OUTER_BOUND('',#186,.T.);
#117=FACE_OUTER_BOUND('',#187,.T.);
#118=FACE_OUTER_BOUND('',#188,.T.);
#119=FACE_OUTER_BOUND('',#189,.T.);
#120=FACE_OUTER_BOUND('',#190,.T.);
#121=FACE_OUTER_BOUND('',#191,.T.);
#122=FACE_OUTER_BOUND('',#192,.T.);
#123=FACE_OUTER_BOUND('',#193,.T.);
#124=FACE_OUTER_BOUND('',#194,.T.);
#125=FACE_OUTER_BOUND('',#195,.T.);
#126=FACE_OUTER_BOUND('',#196,.T.);
#127=FACE_OUTER_BOUND('',#197,.T.);
#128=FACE_OUTER_BOUND('',#198,.T.);
#129=FACE_OUTER_BOUND('',#200,.T.);
#130=FACE_OUTER_BOUND('',#201,.T.);
#131=FACE_OUTER_BOUND('',#202,.T.);
#132=FACE_OUTER_BOUND('',#203,.T.);
#133=FACE_OUTER_BOUND('',#204,.T.);
#134=FACE_OUTER_BOUND('',#205,.T.);
#135=FACE_OUTER_BOUND('',#206,.T.);
#136=FACE_OUTER_BOUND('',#207,.T.);
#137=FACE_OUTER_BOUND('',#208,.T.);
#138=FACE_OUTER_BOUND('',#209,.T.);
#139=FACE_OUTER_BOUND('',#210,.T.);
#140=FACE_OUTER_BOUND('',#211,.T.);
#141=FACE_OUTER_BOUND('',#212,.T.);
#142=FACE_OUTER_BOUND('',#213,.T.);
#143=FACE_OUTER_BOUND('',#214,.T.);
#144=FACE_OUTER_BOUND('',#216,.T.);
#145=FACE_OUTER_BOUND('',#217,.T.);
#146=FACE_OUTER_BOUND('',#218,.T.);
#147=FACE_OUTER_BOUND('',#219,.T.);
#148=FACE_OUTER_BOUND('',#220,.T.);
#149=FACE_OUTER_BOUND('',#221,.T.);
#150=FACE_OUTER_BOUND('',#222,.T.);
#151=FACE_OUTER_BOUND('',#223,.T.);
#152=FACE_OUTER_BOUND('',#224,.T.);
#153=FACE_OUTER_BOUND('',#225,.T.);
#154=FACE_OUTER_BOUND('',#226,.T.);
#155=FACE_OUTER_BOUND('',#227,.T.);
#156=FACE_OUTER_BOUND('',#228,.T.);
#157=FACE_OUTER_BOUND('',#229,.T.);
#158=FACE_OUTER_BOUND('',#230,.T.);
#159=FACE_OUTER_BOUND('',#232,.T.);
#160=FACE_OUTER_BOUND('',#233,.T.);
#161=FACE_OUTER_BOUND('',#234,.T.);
#162=FACE_OUTER_BOUND('',#235,.T.);
#163=FACE_OUTER_BOUND('',#236,.T.);
#164=FACE_OUTER_BOUND('',#237,.T.);
#165=FACE_OUTER_BOUND('',#238,.T.);
#166=FACE_OUTER_BOUND('',#239,.T.);
#167=FACE_OUTER_BOUND('',#240,.T.);
#168=FACE_OUTER_BOUND('',#241,.T.);
#169=EDGE_LOOP('',(#729,#730,#731,#732));
#170=EDGE_LOOP('',(#733,#734,#735,#736,#737));
#171=EDGE_LOOP('',(#738,#739,#740,#741,#742,#743,#744,#745,#746,#747,#748,
#749));
#172=EDGE_LOOP('',(#750));
#173=EDGE_LOOP('',(#751,#752,#753,#754));
#174=EDGE_LOOP('',(#755,#756,#757,#758,#759));
#175=EDGE_LOOP('',(#760,#761,#762,#763));
#176=EDGE_LOOP('',(#764,#765,#766,#767));
#177=EDGE_LOOP('',(#768,#769,#770,#771));
#178=EDGE_LOOP('',(#772));
#179=EDGE_LOOP('',(#773,#774,#775,#776));
#180=EDGE_LOOP('',(#777,#778,#779,#780));
#181=EDGE_LOOP('',(#781,#782,#783,#784));
#182=EDGE_LOOP('',(#785,#786,#787,#788));
#183=EDGE_LOOP('',(#789,#790,#791,#792));
#184=EDGE_LOOP('',(#793,#794,#795,#796));
#185=EDGE_LOOP('',(#797,#798,#799,#800));
#186=EDGE_LOOP('',(#801,#802,#803,#804));
#187=EDGE_LOOP('',(#805,#806,#807));
#188=EDGE_LOOP('',(#808,#809,#810,#811,#812));
#189=EDGE_LOOP('',(#813,#814,#815,#816));
#190=EDGE_LOOP('',(#817,#818,#819,#820));
#191=EDGE_LOOP('',(#821,#822,#823,#824));
#192=EDGE_LOOP('',(#825,#826,#827,#828));
#193=EDGE_LOOP('',(#829,#830,#831,#832));
#194=EDGE_LOOP('',(#833,#834,#835));
#195=EDGE_LOOP('',(#836,#837,#838,#839));
#196=EDGE_LOOP('',(#840,#841,#842,#843));
#197=EDGE_LOOP('',(#844,#845,#846,#847));
#198=EDGE_LOOP('',(#848,#849,#850,#851,#852,#853,#854,#855,#856,#857,#858,
#859));
#199=EDGE_LOOP('',(#860,#861,#862,#863,#864,#865,#866,#867,#868,#869,#870,
#871));
#200=EDGE_LOOP('',(#872,#873,#874,#875));
#201=EDGE_LOOP('',(#876,#877,#878,#879));
#202=EDGE_LOOP('',(#880,#881,#882,#883));
#203=EDGE_LOOP('',(#884,#885,#886,#887));
#204=EDGE_LOOP('',(#888,#889,#890,#891));
#205=EDGE_LOOP('',(#892,#893,#894,#895));
#206=EDGE_LOOP('',(#896,#897,#898,#899));
#207=EDGE_LOOP('',(#900,#901,#902,#903));
#208=EDGE_LOOP('',(#904,#905,#906,#907));
#209=EDGE_LOOP('',(#908,#909,#910,#911));
#210=EDGE_LOOP('',(#912,#913,#914,#915));
#211=EDGE_LOOP('',(#916,#917,#918,#919));
#212=EDGE_LOOP('',(#920,#921,#922,#923));
#213=EDGE_LOOP('',(#924,#925,#926,#927));
#214=EDGE_LOOP('',(#928));
#215=EDGE_LOOP('',(#929,#930,#931,#932));
#216=EDGE_LOOP('',(#933,#934,#935,#936));
#217=EDGE_LOOP('',(#937,#938,#939,#940));
#218=EDGE_LOOP('',(#941,#942,#943,#944));
#219=EDGE_LOOP('',(#945,#946,#947,#948));
#220=EDGE_LOOP('',(#949,#950,#951,#952));
#221=EDGE_LOOP('',(#953,#954,#955,#956));
#222=EDGE_LOOP('',(#957,#958,#959,#960));
#223=EDGE_LOOP('',(#961,#962,#963,#964,#965,#966,#967,#968,#969));
#224=EDGE_LOOP('',(#970,#971,#972,#973));
#225=EDGE_LOOP('',(#974,#975,#976,#977));
#226=EDGE_LOOP('',(#978,#979,#980,#981,#982));
#227=EDGE_LOOP('',(#983,#984,#985,#986,#987,#988,#989,#990,#991,#992,#993,
#994));
#228=EDGE_LOOP('',(#995,#996,#997,#998));
#229=EDGE_LOOP('',(#999,#1000,#1001,#1002));
#230=EDGE_LOOP('',(#1003,#1004,#1005,#1006));
#231=EDGE_LOOP('',(#1007));
#232=EDGE_LOOP('',(#1008,#1009,#1010,#1011));
#233=EDGE_LOOP('',(#1012,#1013,#1014,#1015));
#234=EDGE_LOOP('',(#1016,#1017,#1018,#1019));
#235=EDGE_LOOP('',(#1020,#1021,#1022,#1023));
#236=EDGE_LOOP('',(#1024,#1025,#1026,#1027));
#237=EDGE_LOOP('',(#1028,#1029,#1030,#1031));
#238=EDGE_LOOP('',(#1032,#1033,#1034,#1035));
#239=EDGE_LOOP('',(#1036,#1037,#1038,#1039));
#240=EDGE_LOOP('',(#1040,#1041,#1042,#1043));
#241=EDGE_LOOP('',(#1044,#1045,#1046,#1047,#1048,#1049,#1050,#1051,#1052));
#242=LINE('',#1635,#355);
#243=LINE('',#1637,#356);
#244=LINE('',#1639,#357);
#245=LINE('',#1640,#358);
#246=LINE('',#1643,#359);
#247=LINE('',#1645,#360);
#248=LINE('',#1647,#361);
#249=LINE('',#1648,#362);
#250=LINE('',#1651,#363);
#251=LINE('',#1655,#364);
#252=LINE('',#1659,#365);
#253=LINE('',#1661,#366);
#254=LINE('',#1663,#367);
#255=LINE('',#1667,#368);
#256=LINE('',#1673,#369);
#257=LINE('',#1675,#370);
#258=LINE('',#1676,#371);
#259=LINE('',#1679,#372);
#260=LINE('',#1681,#373);
#261=LINE('',#1682,#374);
#262=LINE('',#1687,#375);
#263=LINE('',#1691,#376);
#264=LINE('',#1696,#377);
#265=LINE('',#1698,#378);
#266=LINE('',#1700,#379);
#267=LINE('',#1701,#380);
#268=LINE('',#1707,#381);
#269=LINE('',#1710,#382);
#270=LINE('',#1719,#383);
#271=LINE('',#1722,#384);
#272=LINE('',#1738,#385);
#273=LINE('',#1739,#386);
#274=LINE('',#1742,#387);
#275=LINE('',#1744,#388);
#276=LINE('',#1745,#389);
#277=LINE('',#1748,#390);
#278=LINE('',#1752,#391);
#279=LINE('',#1753,#392);
#280=LINE('',#1755,#393);
#281=LINE('',#1757,#394);
#282=LINE('',#1760,#395);
#283=LINE('',#1778,#396);
#284=LINE('',#1781,#397);
#285=LINE('',#1792,#398);
#286=LINE('',#1793,#399);
#287=LINE('',#1795,#400);
#288=LINE('',#1798,#401);
#289=LINE('',#1799,#402);
#290=LINE('',#1802,#403);
#291=LINE('',#1806,#404);
#292=LINE('',#1807,#405);
#293=LINE('',#1810,#406);
#294=LINE('',#1812,#407);
#295=LINE('',#1817,#408);
#296=LINE('',#1818,#409);
#297=LINE('',#1819,#410);
#298=LINE('',#1822,#411);
#299=LINE('',#1826,#412);
#300=LINE('',#1830,#413);
#301=LINE('',#1832,#414);
#302=LINE('',#1834,#415);
#303=LINE('',#1838,#416);
#304=LINE('',#1842,#417);
#305=LINE('',#1843,#418);
#306=LINE('',#1846,#419);
#307=LINE('',#1854,#420);
#308=LINE('',#1857,#421);
#309=LINE('',#1860,#422);
#310=LINE('',#1864,#423);
#311=LINE('',#1870,#424);
#312=LINE('',#1874,#425);
#313=LINE('',#1876,#426);
#314=LINE('',#1878,#427);
#315=LINE('',#1879,#428);
#316=LINE('',#1882,#429);
#317=LINE('',#1884,#430);
#318=LINE('',#1885,#431);
#319=LINE('',#1888,#432);
#320=LINE('',#1890,#433);
#321=LINE('',#1891,#434);
#322=LINE('',#1893,#435);
#323=LINE('',#1894,#436);
#324=LINE('',#1898,#437);
#325=LINE('',#1902,#438);
#326=LINE('',#1904,#439);
#327=LINE('',#1906,#440);
#328=LINE('',#1908,#441);
#329=LINE('',#1912,#442);
#330=LINE('',#1913,#443);
#331=LINE('',#1919,#444);
#332=LINE('',#1920,#445);
#333=LINE('',#1923,#446);
#334=LINE('',#1926,#447);
#335=LINE('',#1930,#448);
#336=LINE('',#1932,#449);
#337=LINE('',#1934,#450);
#338=LINE('',#1938,#451);
#339=LINE('',#1942,#452);
#340=LINE('',#1944,#453);
#341=LINE('',#1946,#454);
#342=LINE('',#1950,#455);
#343=LINE('',#1953,#456);
#344=LINE('',#1954,#457);
#345=LINE('',#1956,#458);
#346=LINE('',#1958,#459);
#347=LINE('',#1960,#460);
#348=LINE('',#1962,#461);
#349=LINE('',#1964,#462);
#350=LINE('',#1966,#463);
#351=LINE('',#1968,#464);
#352=LINE('',#1970,#465);
#353=LINE('',#1972,#466);
#354=LINE('',#1974,#467);
#355=VECTOR('',#1290,10.);
#356=VECTOR('',#1291,10.);
#357=VECTOR('',#1292,10.);
#358=VECTOR('',#1293,10.);
#359=VECTOR('',#1296,10.);
#360=VECTOR('',#1297,10.);
#361=VECTOR('',#1298,10.);
#362=VECTOR('',#1299,10.);
#363=VECTOR('',#1302,10.);
#364=VECTOR('',#1305,10.);
#365=VECTOR('',#1308,10.);
#366=VECTOR('',#1309,10.);
#367=VECTOR('',#1310,10.);
#368=VECTOR('',#1313,10.);
#369=VECTOR('',#1320,10.);
#370=VECTOR('',#1321,10.);
#371=VECTOR('',#1322,10.);
#372=VECTOR('',#1325,10.);
#373=VECTOR('',#1326,10.);
#374=VECTOR('',#1327,10.);
#375=VECTOR('',#1332,1.75);
#376=VECTOR('',#1337,1.15);
#377=VECTOR('',#1342,10.);
#378=VECTOR('',#1343,10.);
#379=VECTOR('',#1344,10.);
#380=VECTOR('',#1345,10.);
#381=VECTOR('',#1350,10.);
#382=VECTOR('',#1353,10.);
#383=VECTOR('',#1364,10.);
#384=VECTOR('',#1367,10.);
#385=VECTOR('',#1376,10.);
#386=VECTOR('',#1377,10.);
#387=VECTOR('',#1380,10.);
#388=VECTOR('',#1381,10.);
#389=VECTOR('',#1382,10.);
#390=VECTOR('',#1385,10.);
#391=VECTOR('',#1390,10.);
#392=VECTOR('',#1391,10.);
#393=VECTOR('',#1394,10.);
#394=VECTOR('',#1397,10.);
#395=VECTOR('',#1400,10.);
#396=VECTOR('',#1411,10.);
#397=VECTOR('',#1414,10.);
#398=VECTOR('',#1427,10.);
#399=VECTOR('',#1428,10.);
#400=VECTOR('',#1431,10.);
#401=VECTOR('',#1434,10.);
#402=VECTOR('',#1435,10.);
#403=VECTOR('',#1438,10.);
#404=VECTOR('',#1443,10.);
#405=VECTOR('',#1444,10.);
#406=VECTOR('',#1447,10.);
#407=VECTOR('',#1448,10.);
#408=VECTOR('',#1453,10.);
#409=VECTOR('',#1454,10.);
#410=VECTOR('',#1455,10.);
#411=VECTOR('',#1456,10.);
#412=VECTOR('',#1459,10.);
#413=VECTOR('',#1462,10.);
#414=VECTOR('',#1463,10.);
#415=VECTOR('',#1464,10.);
#416=VECTOR('',#1467,10.);
#417=VECTOR('',#1470,10.);
#418=VECTOR('',#1471,10.);
#419=VECTOR('',#1474,10.);
#420=VECTOR('',#1487,10.);
#421=VECTOR('',#1490,10.);
#422=VECTOR('',#1495,10.);
#423=VECTOR('',#1500,10.);
#424=VECTOR('',#1509,10.);
#425=VECTOR('',#1512,10.);
#426=VECTOR('',#1513,10.);
#427=VECTOR('',#1514,10.);
#428=VECTOR('',#1515,10.);
#429=VECTOR('',#1518,10.);
#430=VECTOR('',#1519,10.);
#431=VECTOR('',#1520,10.);
#432=VECTOR('',#1523,10.);
#433=VECTOR('',#1524,10.);
#434=VECTOR('',#1525,10.);
#435=VECTOR('',#1528,10.);
#436=VECTOR('',#1529,10.);
#437=VECTOR('',#1534,5.2);
#438=VECTOR('',#1541,10.);
#439=VECTOR('',#1544,10.);
#440=VECTOR('',#1547,10.);
#441=VECTOR('',#1550,10.);
#442=VECTOR('',#1555,10.);
#443=VECTOR('',#1556,10.);
#444=VECTOR('',#1565,10.);
#445=VECTOR('',#1566,10.);
#446=VECTOR('',#1569,10.);
#447=VECTOR('',#1574,10.);
#448=VECTOR('',#1577,10.);
#449=VECTOR('',#1578,10.);
#450=VECTOR('',#1579,10.);
#451=VECTOR('',#1582,10.);
#452=VECTOR('',#1585,10.);
#453=VECTOR('',#1586,10.);
#454=VECTOR('',#1587,10.);
#455=VECTOR('',#1590,10.);
#456=VECTOR('',#1595,10.);
#457=VECTOR('',#1596,10.);
#458=VECTOR('',#1599,10.);
#459=VECTOR('',#1602,10.);
#460=VECTOR('',#1605,10.);
#461=VECTOR('',#1608,10.);
#462=VECTOR('',#1611,10.);
#463=VECTOR('',#1614,10.);
#464=VECTOR('',#1617,10.);
#465=VECTOR('',#1620,10.);
#466=VECTOR('',#1623,10.);
#467=VECTOR('',#1626,10.);
#468=VERTEX_POINT('',#1633);
#469=VERTEX_POINT('',#1634);
#470=VERTEX_POINT('',#1636);
#471=VERTEX_POINT('',#1638);
#472=VERTEX_POINT('',#1642);
#473=VERTEX_POINT('',#1644);
#474=VERTEX_POINT('',#1646);
#475=VERTEX_POINT('',#1650);
#476=VERTEX_POINT('',#1652);
#477=VERTEX_POINT('',#1654);
#478=VERTEX_POINT('',#1656);
#479=VERTEX_POINT('',#1658);
#480=VERTEX_POINT('',#1660);
#481=VERTEX_POINT('',#1662);
#482=VERTEX_POINT('',#1664);
#483=VERTEX_POINT('',#1666);
#484=VERTEX_POINT('',#1669);
#485=VERTEX_POINT('',#1672);
#486=VERTEX_POINT('',#1674);
#487=VERTEX_POINT('',#1678);
#488=VERTEX_POINT('',#1680);
#489=VERTEX_POINT('',#1684);
#490=VERTEX_POINT('',#1686);
#491=VERTEX_POINT('',#1690);
#492=VERTEX_POINT('',#1694);
#493=VERTEX_POINT('',#1695);
#494=VERTEX_POINT('',#1697);
#495=VERTEX_POINT('',#1699);
#496=VERTEX_POINT('',#1703);
#497=VERTEX_POINT('',#1704);
#498=VERTEX_POINT('',#1706);
#499=VERTEX_POINT('',#1708);
#500=VERTEX_POINT('',#1712);
#501=VERTEX_POINT('',#1714);
#502=VERTEX_POINT('',#1718);
#503=VERTEX_POINT('',#1720);
#504=VERTEX_POINT('',#1732);
#505=VERTEX_POINT('',#1734);
#506=VERTEX_POINT('',#1741);
#507=VERTEX_POINT('',#1743);
#508=VERTEX_POINT('',#1747);
#509=VERTEX_POINT('',#1751);
#510=VERTEX_POINT('',#1759);
#511=VERTEX_POINT('',#1771);
#512=VERTEX_POINT('',#1773);
#513=VERTEX_POINT('',#1777);
#514=VERTEX_POINT('',#1779);
#515=VERTEX_POINT('',#1783);
#516=VERTEX_POINT('',#1785);
#517=VERTEX_POINT('',#1789);
#518=VERTEX_POINT('',#1790);
#519=VERTEX_POINT('',#1797);
#520=VERTEX_POINT('',#1801);
#521=VERTEX_POINT('',#1805);
#522=VERTEX_POINT('',#1809);
#523=VERTEX_POINT('',#1811);
#524=VERTEX_POINT('',#1814);
#525=VERTEX_POINT('',#1816);
#526=VERTEX_POINT('',#1820);
#527=VERTEX_POINT('',#1821);
#528=VERTEX_POINT('',#1823);
#529=VERTEX_POINT('',#1825);
#530=VERTEX_POINT('',#1827);
#531=VERTEX_POINT('',#1829);
#532=VERTEX_POINT('',#1831);
#533=VERTEX_POINT('',#1833);
#534=VERTEX_POINT('',#1835);
#535=VERTEX_POINT('',#1837);
#536=VERTEX_POINT('',#1839);
#537=VERTEX_POINT('',#1841);
#538=VERTEX_POINT('',#1845);
#539=VERTEX_POINT('',#1850);
#540=VERTEX_POINT('',#1856);
#541=VERTEX_POINT('',#1862);
#542=VERTEX_POINT('',#1866);
#543=VERTEX_POINT('',#1872);
#544=VERTEX_POINT('',#1873);
#545=VERTEX_POINT('',#1875);
#546=VERTEX_POINT('',#1877);
#547=VERTEX_POINT('',#1881);
#548=VERTEX_POINT('',#1883);
#549=VERTEX_POINT('',#1887);
#550=VERTEX_POINT('',#1889);
#551=VERTEX_POINT('',#1897);
#552=VERTEX_POINT('',#1911);
#553=VERTEX_POINT('',#1918);
#554=VERTEX_POINT('',#1922);
#555=VERTEX_POINT('',#1928);
#556=VERTEX_POINT('',#1929);
#557=VERTEX_POINT('',#1931);
#558=VERTEX_POINT('',#1933);
#559=VERTEX_POINT('',#1935);
#560=VERTEX_POINT('',#1937);
#561=VERTEX_POINT('',#1939);
#562=VERTEX_POINT('',#1941);
#563=VERTEX_POINT('',#1943);
#564=VERTEX_POINT('',#1945);
#565=VERTEX_POINT('',#1947);
#566=VERTEX_POINT('',#1949);
#567=EDGE_CURVE('',#468,#469,#242,.T.);
#568=EDGE_CURVE('',#469,#470,#243,.T.);
#569=EDGE_CURVE('',#470,#471,#244,.T.);
#570=EDGE_CURVE('',#471,#468,#245,.T.);
#571=EDGE_CURVE('',#470,#472,#246,.T.);
#572=EDGE_CURVE('',#473,#472,#247,.T.);
#573=EDGE_CURVE('',#474,#473,#248,.T.);
#574=EDGE_CURVE('',#474,#471,#249,.T.);
#575=EDGE_CURVE('',#475,#469,#250,.T.);
#576=EDGE_CURVE('',#476,#475,#54,.T.);
#577=EDGE_CURVE('',#477,#476,#251,.T.);
#578=EDGE_CURVE('',#478,#477,#55,.T.);
#579=EDGE_CURVE('',#479,#478,#252,.T.);
#580=EDGE_CURVE('',#480,#479,#253,.T.);
#581=EDGE_CURVE('',#481,#480,#254,.T.);
#582=EDGE_CURVE('',#482,#481,#52,.T.);
#583=EDGE_CURVE('',#482,#483,#255,.T.);
#584=EDGE_CURVE('',#472,#483,#53,.T.);
#585=EDGE_CURVE('',#484,#484,#56,.T.);
#586=EDGE_CURVE('',#479,#485,#256,.T.);
#587=EDGE_CURVE('',#485,#486,#257,.T.);
#588=EDGE_CURVE('',#486,#480,#258,.T.);
#589=EDGE_CURVE('',#487,#478,#259,.T.);
#590=EDGE_CURVE('',#487,#488,#260,.T.);
#591=EDGE_CURVE('',#488,#485,#261,.T.);
#592=EDGE_CURVE('',#489,#489,#57,.T.);
#593=EDGE_CURVE('',#489,#490,#262,.T.);
#594=EDGE_CURVE('',#490,#490,#58,.T.);
#595=EDGE_CURVE('',#490,#491,#263,.T.);
#596=EDGE_CURVE('',#491,#491,#59,.T.);
#597=EDGE_CURVE('',#492,#493,#264,.T.);
#598=EDGE_CURVE('',#494,#492,#265,.T.);
#599=EDGE_CURVE('',#495,#494,#266,.T.);
#600=EDGE_CURVE('',#493,#495,#267,.T.);
#601=EDGE_CURVE('',#496,#497,#60,.T.);
#602=EDGE_CURVE('',#497,#498,#268,.T.);
#603=EDGE_CURVE('',#498,#499,#61,.T.);
#604=EDGE_CURVE('',#499,#496,#269,.T.);
#605=EDGE_CURVE('',#498,#500,#62,.T.);
#606=EDGE_CURVE('',#500,#501,#63,.T.);
#607=EDGE_CURVE('',#501,#499,#64,.T.);
#608=EDGE_CURVE('',#500,#502,#270,.T.);
#609=EDGE_CURVE('',#502,#503,#65,.T.);
#610=EDGE_CURVE('',#503,#501,#271,.T.);
#611=EDGE_CURVE('',#502,#504,#66,.T.);
#612=EDGE_CURVE('',#504,#505,#67,.T.);
#613=EDGE_CURVE('',#505,#503,#68,.T.);
#614=EDGE_CURVE('',#475,#505,#272,.T.);
#615=EDGE_CURVE('',#504,#476,#273,.T.);
#616=EDGE_CURVE('',#506,#499,#274,.T.);
#617=EDGE_CURVE('',#506,#507,#275,.T.);
#618=EDGE_CURVE('',#507,#496,#276,.T.);
#619=EDGE_CURVE('',#508,#501,#277,.T.);
#620=EDGE_CURVE('',#508,#506,#69,.T.);
#621=EDGE_CURVE('',#503,#509,#278,.T.);
#622=EDGE_CURVE('',#509,#508,#279,.T.);
#623=EDGE_CURVE('',#509,#505,#280,.T.);
#624=EDGE_CURVE('',#468,#509,#281,.T.);
#625=EDGE_CURVE('',#477,#510,#282,.T.);
#626=EDGE_CURVE('',#510,#487,#70,.T.);
#627=EDGE_CURVE('',#510,#511,#71,.T.);
#628=EDGE_CURVE('',#511,#512,#72,.T.);
#629=EDGE_CURVE('',#512,#487,#73,.T.);
#630=EDGE_CURVE('',#511,#513,#283,.T.);
#631=EDGE_CURVE('',#513,#514,#74,.T.);
#632=EDGE_CURVE('',#514,#512,#284,.T.);
#633=EDGE_CURVE('',#513,#515,#75,.T.);
#634=EDGE_CURVE('',#515,#516,#76,.T.);
#635=EDGE_CURVE('',#516,#514,#77,.T.);
#636=EDGE_CURVE('',#517,#518,#78,.T.);
#637=EDGE_CURVE('',#518,#516,#285,.T.);
#638=EDGE_CURVE('',#515,#517,#286,.T.);
#639=EDGE_CURVE('',#488,#512,#287,.T.);
#640=EDGE_CURVE('',#514,#519,#288,.T.);
#641=EDGE_CURVE('',#519,#488,#289,.T.);
#642=EDGE_CURVE('',#516,#520,#290,.T.);
#643=EDGE_CURVE('',#520,#519,#79,.T.);
#644=EDGE_CURVE('',#518,#521,#291,.T.);
#645=EDGE_CURVE('',#521,#520,#292,.T.);
#646=EDGE_CURVE('',#507,#522,#293,.T.);
#647=EDGE_CURVE('',#523,#522,#294,.T.);
#648=EDGE_CURVE('',#493,#523,#80,.T.);
#649=EDGE_CURVE('',#524,#495,#81,.T.);
#650=EDGE_CURVE('',#525,#524,#295,.T.);
#651=EDGE_CURVE('',#525,#521,#296,.T.);
#652=EDGE_CURVE('',#517,#497,#297,.T.);
#653=EDGE_CURVE('',#526,#527,#298,.T.);
#654=EDGE_CURVE('',#527,#528,#82,.T.);
#655=EDGE_CURVE('',#528,#529,#299,.T.);
#656=EDGE_CURVE('',#529,#530,#83,.T.);
#657=EDGE_CURVE('',#530,#531,#300,.T.);
#658=EDGE_CURVE('',#531,#532,#301,.T.);
#659=EDGE_CURVE('',#532,#533,#302,.T.);
#660=EDGE_CURVE('',#533,#534,#84,.T.);
#661=EDGE_CURVE('',#534,#535,#303,.T.);
#662=EDGE_CURVE('',#535,#536,#85,.T.);
#663=EDGE_CURVE('',#536,#537,#304,.T.);
#664=EDGE_CURVE('',#537,#526,#305,.T.);
#665=EDGE_CURVE('',#483,#538,#306,.T.);
#666=EDGE_CURVE('',#538,#473,#86,.T.);
#667=EDGE_CURVE('',#538,#492,#87,.T.);
#668=EDGE_CURVE('',#492,#539,#88,.T.);
#669=EDGE_CURVE('',#539,#473,#89,.T.);
#670=EDGE_CURVE('',#523,#539,#307,.T.);
#671=EDGE_CURVE('',#538,#540,#308,.T.);
#672=EDGE_CURVE('',#494,#540,#90,.T.);
#673=EDGE_CURVE('',#540,#482,#309,.T.);
#674=EDGE_CURVE('',#494,#541,#91,.T.);
#675=EDGE_CURVE('',#541,#524,#310,.T.);
#676=EDGE_CURVE('',#540,#542,#92,.T.);
#677=EDGE_CURVE('',#542,#541,#93,.T.);
#678=EDGE_CURVE('',#481,#542,#311,.T.);
#679=EDGE_CURVE('',#543,#544,#312,.T.);
#680=EDGE_CURVE('',#543,#545,#313,.T.);
#681=EDGE_CURVE('',#545,#546,#314,.T.);
#682=EDGE_CURVE('',#544,#546,#315,.T.);
#683=EDGE_CURVE('',#547,#543,#316,.T.);
#684=EDGE_CURVE('',#547,#548,#317,.T.);
#685=EDGE_CURVE('',#548,#545,#318,.T.);
#686=EDGE_CURVE('',#549,#547,#319,.T.);
#687=EDGE_CURVE('',#549,#550,#320,.T.);
#688=EDGE_CURVE('',#550,#548,#321,.T.);
#689=EDGE_CURVE('',#544,#549,#322,.T.);
#690=EDGE_CURVE('',#546,#550,#323,.T.);
#691=EDGE_CURVE('',#484,#551,#324,.T.);
#692=EDGE_CURVE('',#551,#551,#94,.T.);
#693=EDGE_CURVE('',#510,#504,#325,.T.);
#694=EDGE_CURVE('',#502,#511,#326,.T.);
#695=EDGE_CURVE('',#513,#500,#327,.T.);
#696=EDGE_CURVE('',#498,#515,#328,.T.);
#697=EDGE_CURVE('',#522,#552,#329,.T.);
#698=EDGE_CURVE('',#552,#539,#330,.T.);
#699=EDGE_CURVE('',#552,#474,#95,.T.);
#700=EDGE_CURVE('',#541,#553,#331,.T.);
#701=EDGE_CURVE('',#553,#525,#332,.T.);
#702=EDGE_CURVE('',#542,#554,#333,.T.);
#703=EDGE_CURVE('',#554,#553,#96,.T.);
#704=EDGE_CURVE('',#486,#554,#334,.T.);
#705=EDGE_CURVE('',#555,#556,#335,.T.);
#706=EDGE_CURVE('',#556,#557,#336,.T.);
#707=EDGE_CURVE('',#557,#558,#337,.T.);
#708=EDGE_CURVE('',#558,#559,#97,.T.);
#709=EDGE_CURVE('',#559,#560,#338,.T.);
#710=EDGE_CURVE('',#560,#561,#98,.T.);
#711=EDGE_CURVE('',#561,#562,#339,.T.);
#712=EDGE_CURVE('',#562,#563,#340,.T.);
#713=EDGE_CURVE('',#563,#564,#341,.T.);
#714=EDGE_CURVE('',#564,#565,#99,.T.);
#715=EDGE_CURVE('',#565,#566,#342,.T.);
#716=EDGE_CURVE('',#566,#555,#100,.T.);
#717=EDGE_CURVE('',#555,#527,#343,.T.);
#718=EDGE_CURVE('',#556,#526,#344,.T.);
#719=EDGE_CURVE('',#566,#528,#345,.T.);
#720=EDGE_CURVE('',#565,#529,#346,.T.);
#721=EDGE_CURVE('',#564,#530,#347,.T.);
#722=EDGE_CURVE('',#563,#531,#348,.T.);
#723=EDGE_CURVE('',#562,#532,#349,.T.);
#724=EDGE_CURVE('',#561,#533,#350,.T.);
#725=EDGE_CURVE('',#560,#534,#351,.T.);
#726=EDGE_CURVE('',#559,#535,#352,.T.);
#727=EDGE_CURVE('',#558,#536,#353,.T.);
#728=EDGE_CURVE('',#557,#537,#354,.T.);
#729=ORIENTED_EDGE('',*,*,#567,.T.);
#730=ORIENTED_EDGE('',*,*,#568,.T.);
#731=ORIENTED_EDGE('',*,*,#569,.T.);
#732=ORIENTED_EDGE('',*,*,#570,.T.);
#733=ORIENTED_EDGE('',*,*,#569,.F.);
#734=ORIENTED_EDGE('',*,*,#571,.T.);
#735=ORIENTED_EDGE('',*,*,#572,.F.);
#736=ORIENTED_EDGE('',*,*,#573,.F.);
#737=ORIENTED_EDGE('',*,*,#574,.T.);
#738=ORIENTED_EDGE('',*,*,#568,.F.);
#739=ORIENTED_EDGE('',*,*,#575,.F.);
#740=ORIENTED_EDGE('',*,*,#576,.F.);
#741=ORIENTED_EDGE('',*,*,#577,.F.);
#742=ORIENTED_EDGE('',*,*,#578,.F.);
#743=ORIENTED_EDGE('',*,*,#579,.F.);
#744=ORIENTED_EDGE('',*,*,#580,.F.);
#745=ORIENTED_EDGE('',*,*,#581,.F.);
#746=ORIENTED_EDGE('',*,*,#582,.F.);
#747=ORIENTED_EDGE('',*,*,#583,.T.);
#748=ORIENTED_EDGE('',*,*,#584,.F.);
#749=ORIENTED_EDGE('',*,*,#571,.F.);
#750=ORIENTED_EDGE('',*,*,#585,.T.);
#751=ORIENTED_EDGE('',*,*,#586,.T.);
#752=ORIENTED_EDGE('',*,*,#587,.T.);
#753=ORIENTED_EDGE('',*,*,#588,.T.);
#754=ORIENTED_EDGE('',*,*,#580,.T.);
#755=ORIENTED_EDGE('',*,*,#586,.F.);
#756=ORIENTED_EDGE('',*,*,#579,.T.);
#757=ORIENTED_EDGE('',*,*,#589,.F.);
#758=ORIENTED_EDGE('',*,*,#590,.T.);
#759=ORIENTED_EDGE('',*,*,#591,.T.);
#760=ORIENTED_EDGE('',*,*,#592,.T.);
#761=ORIENTED_EDGE('',*,*,#593,.T.);
#762=ORIENTED_EDGE('',*,*,#594,.T.);
#763=ORIENTED_EDGE('',*,*,#593,.F.);
#764=ORIENTED_EDGE('',*,*,#594,.F.);
#765=ORIENTED_EDGE('',*,*,#595,.T.);
#766=ORIENTED_EDGE('',*,*,#596,.F.);
#767=ORIENTED_EDGE('',*,*,#595,.F.);
#768=ORIENTED_EDGE('',*,*,#597,.F.);
#769=ORIENTED_EDGE('',*,*,#598,.F.);
#770=ORIENTED_EDGE('',*,*,#599,.F.);
#771=ORIENTED_EDGE('',*,*,#600,.F.);
#772=ORIENTED_EDGE('',*,*,#592,.F.);
#773=ORIENTED_EDGE('',*,*,#601,.T.);
#774=ORIENTED_EDGE('',*,*,#602,.T.);
#775=ORIENTED_EDGE('',*,*,#603,.T.);
#776=ORIENTED_EDGE('',*,*,#604,.T.);
#777=ORIENTED_EDGE('',*,*,#603,.F.);
#778=ORIENTED_EDGE('',*,*,#605,.T.);
#779=ORIENTED_EDGE('',*,*,#606,.T.);
#780=ORIENTED_EDGE('',*,*,#607,.T.);
#781=ORIENTED_EDGE('',*,*,#606,.F.);
#782=ORIENTED_EDGE('',*,*,#608,.T.);
#783=ORIENTED_EDGE('',*,*,#609,.T.);
#784=ORIENTED_EDGE('',*,*,#610,.T.);
#785=ORIENTED_EDGE('',*,*,#609,.F.);
#786=ORIENTED_EDGE('',*,*,#611,.T.);
#787=ORIENTED_EDGE('',*,*,#612,.T.);
#788=ORIENTED_EDGE('',*,*,#613,.T.);
#789=ORIENTED_EDGE('',*,*,#576,.T.);
#790=ORIENTED_EDGE('',*,*,#614,.T.);
#791=ORIENTED_EDGE('',*,*,#612,.F.);
#792=ORIENTED_EDGE('',*,*,#615,.T.);
#793=ORIENTED_EDGE('',*,*,#604,.F.);
#794=ORIENTED_EDGE('',*,*,#616,.F.);
#795=ORIENTED_EDGE('',*,*,#617,.T.);
#796=ORIENTED_EDGE('',*,*,#618,.T.);
#797=ORIENTED_EDGE('',*,*,#607,.F.);
#798=ORIENTED_EDGE('',*,*,#619,.F.);
#799=ORIENTED_EDGE('',*,*,#620,.T.);
#800=ORIENTED_EDGE('',*,*,#616,.T.);
#801=ORIENTED_EDGE('',*,*,#610,.F.);
#802=ORIENTED_EDGE('',*,*,#621,.T.);
#803=ORIENTED_EDGE('',*,*,#622,.T.);
#804=ORIENTED_EDGE('',*,*,#619,.T.);
#805=ORIENTED_EDGE('',*,*,#613,.F.);
#806=ORIENTED_EDGE('',*,*,#623,.F.);
#807=ORIENTED_EDGE('',*,*,#621,.F.);
#808=ORIENTED_EDGE('',*,*,#567,.F.);
#809=ORIENTED_EDGE('',*,*,#624,.T.);
#810=ORIENTED_EDGE('',*,*,#623,.T.);
#811=ORIENTED_EDGE('',*,*,#614,.F.);
#812=ORIENTED_EDGE('',*,*,#575,.T.);
#813=ORIENTED_EDGE('',*,*,#578,.T.);
#814=ORIENTED_EDGE('',*,*,#625,.T.);
#815=ORIENTED_EDGE('',*,*,#626,.T.);
#816=ORIENTED_EDGE('',*,*,#589,.T.);
#817=ORIENTED_EDGE('',*,*,#626,.F.);
#818=ORIENTED_EDGE('',*,*,#627,.T.);
#819=ORIENTED_EDGE('',*,*,#628,.T.);
#820=ORIENTED_EDGE('',*,*,#629,.T.);
#821=ORIENTED_EDGE('',*,*,#628,.F.);
#822=ORIENTED_EDGE('',*,*,#630,.T.);
#823=ORIENTED_EDGE('',*,*,#631,.T.);
#824=ORIENTED_EDGE('',*,*,#632,.T.);
#825=ORIENTED_EDGE('',*,*,#631,.F.);
#826=ORIENTED_EDGE('',*,*,#633,.T.);
#827=ORIENTED_EDGE('',*,*,#634,.T.);
#828=ORIENTED_EDGE('',*,*,#635,.T.);
#829=ORIENTED_EDGE('',*,*,#636,.T.);
#830=ORIENTED_EDGE('',*,*,#637,.T.);
#831=ORIENTED_EDGE('',*,*,#634,.F.);
#832=ORIENTED_EDGE('',*,*,#638,.T.);
#833=ORIENTED_EDGE('',*,*,#629,.F.);
#834=ORIENTED_EDGE('',*,*,#639,.F.);
#835=ORIENTED_EDGE('',*,*,#590,.F.);
#836=ORIENTED_EDGE('',*,*,#632,.F.);
#837=ORIENTED_EDGE('',*,*,#640,.T.);
#838=ORIENTED_EDGE('',*,*,#641,.T.);
#839=ORIENTED_EDGE('',*,*,#639,.T.);
#840=ORIENTED_EDGE('',*,*,#635,.F.);
#841=ORIENTED_EDGE('',*,*,#642,.T.);
#842=ORIENTED_EDGE('',*,*,#643,.T.);
#843=ORIENTED_EDGE('',*,*,#640,.F.);
#844=ORIENTED_EDGE('',*,*,#637,.F.);
#845=ORIENTED_EDGE('',*,*,#644,.T.);
#846=ORIENTED_EDGE('',*,*,#645,.T.);
#847=ORIENTED_EDGE('',*,*,#642,.F.);
#848=ORIENTED_EDGE('',*,*,#601,.F.);
#849=ORIENTED_EDGE('',*,*,#618,.F.);
#850=ORIENTED_EDGE('',*,*,#646,.T.);
#851=ORIENTED_EDGE('',*,*,#647,.F.);
#852=ORIENTED_EDGE('',*,*,#648,.F.);
#853=ORIENTED_EDGE('',*,*,#600,.T.);
#854=ORIENTED_EDGE('',*,*,#649,.F.);
#855=ORIENTED_EDGE('',*,*,#650,.F.);
#856=ORIENTED_EDGE('',*,*,#651,.T.);
#857=ORIENTED_EDGE('',*,*,#644,.F.);
#858=ORIENTED_EDGE('',*,*,#636,.F.);
#859=ORIENTED_EDGE('',*,*,#652,.T.);
#860=ORIENTED_EDGE('',*,*,#653,.T.);
#861=ORIENTED_EDGE('',*,*,#654,.T.);
#862=ORIENTED_EDGE('',*,*,#655,.T.);
#863=ORIENTED_EDGE('',*,*,#656,.T.);
#864=ORIENTED_EDGE('',*,*,#657,.T.);
#865=ORIENTED_EDGE('',*,*,#658,.T.);
#866=ORIENTED_EDGE('',*,*,#659,.T.);
#867=ORIENTED_EDGE('',*,*,#660,.T.);
#868=ORIENTED_EDGE('',*,*,#661,.T.);
#869=ORIENTED_EDGE('',*,*,#662,.T.);
#870=ORIENTED_EDGE('',*,*,#663,.T.);
#871=ORIENTED_EDGE('',*,*,#664,.T.);
#872=ORIENTED_EDGE('',*,*,#584,.T.);
#873=ORIENTED_EDGE('',*,*,#665,.T.);
#874=ORIENTED_EDGE('',*,*,#666,.T.);
#875=ORIENTED_EDGE('',*,*,#572,.T.);
#876=ORIENTED_EDGE('',*,*,#666,.F.);
#877=ORIENTED_EDGE('',*,*,#667,.T.);
#878=ORIENTED_EDGE('',*,*,#668,.T.);
#879=ORIENTED_EDGE('',*,*,#669,.T.);
#880=ORIENTED_EDGE('',*,*,#648,.T.);
#881=ORIENTED_EDGE('',*,*,#670,.T.);
#882=ORIENTED_EDGE('',*,*,#668,.F.);
#883=ORIENTED_EDGE('',*,*,#597,.T.);
#884=ORIENTED_EDGE('',*,*,#667,.F.);
#885=ORIENTED_EDGE('',*,*,#671,.T.);
#886=ORIENTED_EDGE('',*,*,#672,.F.);
#887=ORIENTED_EDGE('',*,*,#598,.T.);
#888=ORIENTED_EDGE('',*,*,#665,.F.);
#889=ORIENTED_EDGE('',*,*,#583,.F.);
#890=ORIENTED_EDGE('',*,*,#673,.F.);
#891=ORIENTED_EDGE('',*,*,#671,.F.);
#892=ORIENTED_EDGE('',*,*,#649,.T.);
#893=ORIENTED_EDGE('',*,*,#599,.T.);
#894=ORIENTED_EDGE('',*,*,#674,.T.);
#895=ORIENTED_EDGE('',*,*,#675,.T.);
#896=ORIENTED_EDGE('',*,*,#674,.F.);
#897=ORIENTED_EDGE('',*,*,#672,.T.);
#898=ORIENTED_EDGE('',*,*,#676,.T.);
#899=ORIENTED_EDGE('',*,*,#677,.T.);
#900=ORIENTED_EDGE('',*,*,#582,.T.);
#901=ORIENTED_EDGE('',*,*,#678,.T.);
#902=ORIENTED_EDGE('',*,*,#676,.F.);
#903=ORIENTED_EDGE('',*,*,#673,.T.);
#904=ORIENTED_EDGE('',*,*,#679,.F.);
#905=ORIENTED_EDGE('',*,*,#680,.T.);
#906=ORIENTED_EDGE('',*,*,#681,.T.);
#907=ORIENTED_EDGE('',*,*,#682,.F.);
#908=ORIENTED_EDGE('',*,*,#683,.F.);
#909=ORIENTED_EDGE('',*,*,#684,.T.);
#910=ORIENTED_EDGE('',*,*,#685,.T.);
#911=ORIENTED_EDGE('',*,*,#680,.F.);
#912=ORIENTED_EDGE('',*,*,#686,.F.);
#913=ORIENTED_EDGE('',*,*,#687,.T.);
#914=ORIENTED_EDGE('',*,*,#688,.T.);
#915=ORIENTED_EDGE('',*,*,#684,.F.);
#916=ORIENTED_EDGE('',*,*,#689,.F.);
#917=ORIENTED_EDGE('',*,*,#682,.T.);
#918=ORIENTED_EDGE('',*,*,#690,.T.);
#919=ORIENTED_EDGE('',*,*,#687,.F.);
#920=ORIENTED_EDGE('',*,*,#690,.F.);
#921=ORIENTED_EDGE('',*,*,#681,.F.);
#922=ORIENTED_EDGE('',*,*,#685,.F.);
#923=ORIENTED_EDGE('',*,*,#688,.F.);
#924=ORIENTED_EDGE('',*,*,#585,.F.);
#925=ORIENTED_EDGE('',*,*,#691,.T.);
#926=ORIENTED_EDGE('',*,*,#692,.T.);
#927=ORIENTED_EDGE('',*,*,#691,.F.);
#928=ORIENTED_EDGE('',*,*,#692,.F.);
#929=ORIENTED_EDGE('',*,*,#679,.T.);
#930=ORIENTED_EDGE('',*,*,#689,.T.);
#931=ORIENTED_EDGE('',*,*,#686,.T.);
#932=ORIENTED_EDGE('',*,*,#683,.T.);
#933=ORIENTED_EDGE('',*,*,#615,.F.);
#934=ORIENTED_EDGE('',*,*,#693,.F.);
#935=ORIENTED_EDGE('',*,*,#625,.F.);
#936=ORIENTED_EDGE('',*,*,#577,.T.);
#937=ORIENTED_EDGE('',*,*,#611,.F.);
#938=ORIENTED_EDGE('',*,*,#694,.T.);
#939=ORIENTED_EDGE('',*,*,#627,.F.);
#940=ORIENTED_EDGE('',*,*,#693,.T.);
#941=ORIENTED_EDGE('',*,*,#608,.F.);
#942=ORIENTED_EDGE('',*,*,#695,.F.);
#943=ORIENTED_EDGE('',*,*,#630,.F.);
#944=ORIENTED_EDGE('',*,*,#694,.F.);
#945=ORIENTED_EDGE('',*,*,#605,.F.);
#946=ORIENTED_EDGE('',*,*,#696,.T.);
#947=ORIENTED_EDGE('',*,*,#633,.F.);
#948=ORIENTED_EDGE('',*,*,#695,.T.);
#949=ORIENTED_EDGE('',*,*,#602,.F.);
#950=ORIENTED_EDGE('',*,*,#652,.F.);
#951=ORIENTED_EDGE('',*,*,#638,.F.);
#952=ORIENTED_EDGE('',*,*,#696,.F.);
#953=ORIENTED_EDGE('',*,*,#670,.F.);
#954=ORIENTED_EDGE('',*,*,#647,.T.);
#955=ORIENTED_EDGE('',*,*,#697,.T.);
#956=ORIENTED_EDGE('',*,*,#698,.T.);
#957=ORIENTED_EDGE('',*,*,#669,.F.);
#958=ORIENTED_EDGE('',*,*,#698,.F.);
#959=ORIENTED_EDGE('',*,*,#699,.T.);
#960=ORIENTED_EDGE('',*,*,#573,.T.);
#961=ORIENTED_EDGE('',*,*,#570,.F.);
#962=ORIENTED_EDGE('',*,*,#574,.F.);
#963=ORIENTED_EDGE('',*,*,#699,.F.);
#964=ORIENTED_EDGE('',*,*,#697,.F.);
#965=ORIENTED_EDGE('',*,*,#646,.F.);
#966=ORIENTED_EDGE('',*,*,#617,.F.);
#967=ORIENTED_EDGE('',*,*,#620,.F.);
#968=ORIENTED_EDGE('',*,*,#622,.F.);
#969=ORIENTED_EDGE('',*,*,#624,.F.);
#970=ORIENTED_EDGE('',*,*,#675,.F.);
#971=ORIENTED_EDGE('',*,*,#700,.T.);
#972=ORIENTED_EDGE('',*,*,#701,.T.);
#973=ORIENTED_EDGE('',*,*,#650,.T.);
#974=ORIENTED_EDGE('',*,*,#677,.F.);
#975=ORIENTED_EDGE('',*,*,#702,.T.);
#976=ORIENTED_EDGE('',*,*,#703,.T.);
#977=ORIENTED_EDGE('',*,*,#700,.F.);
#978=ORIENTED_EDGE('',*,*,#588,.F.);
#979=ORIENTED_EDGE('',*,*,#704,.T.);
#980=ORIENTED_EDGE('',*,*,#702,.F.);
#981=ORIENTED_EDGE('',*,*,#678,.F.);
#982=ORIENTED_EDGE('',*,*,#581,.T.);
#983=ORIENTED_EDGE('',*,*,#705,.T.);
#984=ORIENTED_EDGE('',*,*,#706,.T.);
#985=ORIENTED_EDGE('',*,*,#707,.T.);
#986=ORIENTED_EDGE('',*,*,#708,.T.);
#987=ORIENTED_EDGE('',*,*,#709,.T.);
#988=ORIENTED_EDGE('',*,*,#710,.T.);
#989=ORIENTED_EDGE('',*,*,#711,.T.);
#990=ORIENTED_EDGE('',*,*,#712,.T.);
#991=ORIENTED_EDGE('',*,*,#713,.T.);
#992=ORIENTED_EDGE('',*,*,#714,.T.);
#993=ORIENTED_EDGE('',*,*,#715,.T.);
#994=ORIENTED_EDGE('',*,*,#716,.T.);
#995=ORIENTED_EDGE('',*,*,#705,.F.);
#996=ORIENTED_EDGE('',*,*,#717,.T.);
#997=ORIENTED_EDGE('',*,*,#653,.F.);
#998=ORIENTED_EDGE('',*,*,#718,.F.);
#999=ORIENTED_EDGE('',*,*,#716,.F.);
#1000=ORIENTED_EDGE('',*,*,#719,.T.);
#1001=ORIENTED_EDGE('',*,*,#654,.F.);
#1002=ORIENTED_EDGE('',*,*,#717,.F.);
#1003=ORIENTED_EDGE('',*,*,#715,.F.);
#1004=ORIENTED_EDGE('',*,*,#720,.T.);
#1005=ORIENTED_EDGE('',*,*,#655,.F.);
#1006=ORIENTED_EDGE('',*,*,#719,.F.);
#1007=ORIENTED_EDGE('',*,*,#596,.T.);
#1008=ORIENTED_EDGE('',*,*,#714,.F.);
#1009=ORIENTED_EDGE('',*,*,#721,.T.);
#1010=ORIENTED_EDGE('',*,*,#656,.F.);
#1011=ORIENTED_EDGE('',*,*,#720,.F.);
#1012=ORIENTED_EDGE('',*,*,#713,.F.);
#1013=ORIENTED_EDGE('',*,*,#722,.T.);
#1014=ORIENTED_EDGE('',*,*,#657,.F.);
#1015=ORIENTED_EDGE('',*,*,#721,.F.);
#1016=ORIENTED_EDGE('',*,*,#712,.F.);
#1017=ORIENTED_EDGE('',*,*,#723,.T.);
#1018=ORIENTED_EDGE('',*,*,#658,.F.);
#1019=ORIENTED_EDGE('',*,*,#722,.F.);
#1020=ORIENTED_EDGE('',*,*,#711,.F.);
#1021=ORIENTED_EDGE('',*,*,#724,.T.);
#1022=ORIENTED_EDGE('',*,*,#659,.F.);
#1023=ORIENTED_EDGE('',*,*,#723,.F.);
#1024=ORIENTED_EDGE('',*,*,#710,.F.);
#1025=ORIENTED_EDGE('',*,*,#725,.T.);
#1026=ORIENTED_EDGE('',*,*,#660,.F.);
#1027=ORIENTED_EDGE('',*,*,#724,.F.);
#1028=ORIENTED_EDGE('',*,*,#709,.F.);
#1029=ORIENTED_EDGE('',*,*,#726,.T.);
#1030=ORIENTED_EDGE('',*,*,#661,.F.);
#1031=ORIENTED_EDGE('',*,*,#725,.F.);
#1032=ORIENTED_EDGE('',*,*,#708,.F.);
#1033=ORIENTED_EDGE('',*,*,#727,.T.);
#1034=ORIENTED_EDGE('',*,*,#662,.F.);
#1035=ORIENTED_EDGE('',*,*,#726,.F.);
#1036=ORIENTED_EDGE('',*,*,#707,.F.);
#1037=ORIENTED_EDGE('',*,*,#728,.T.);
#1038=ORIENTED_EDGE('',*,*,#663,.F.);
#1039=ORIENTED_EDGE('',*,*,#727,.F.);
#1040=ORIENTED_EDGE('',*,*,#706,.F.);
#1041=ORIENTED_EDGE('',*,*,#718,.T.);
#1042=ORIENTED_EDGE('',*,*,#664,.F.);
#1043=ORIENTED_EDGE('',*,*,#728,.F.);
#1044=ORIENTED_EDGE('',*,*,#587,.F.);
#1045=ORIENTED_EDGE('',*,*,#591,.F.);
#1046=ORIENTED_EDGE('',*,*,#641,.F.);
#1047=ORIENTED_EDGE('',*,*,#643,.F.);
#1048=ORIENTED_EDGE('',*,*,#645,.F.);
#1049=ORIENTED_EDGE('',*,*,#651,.F.);
#1050=ORIENTED_EDGE('',*,*,#701,.F.);
#1051=ORIENTED_EDGE('',*,*,#703,.F.);
#1052=ORIENTED_EDGE('',*,*,#704,.F.);
#1053=PLANE('',#1171);
#1054=PLANE('',#1172);
#1055=PLANE('',#1173);
#1056=PLANE('',#1179);
#1057=PLANE('',#1180);
#1058=PLANE('',#1186);
#1059=PLANE('',#1200);
#1060=PLANE('',#1203);
#1061=PLANE('',#1205);
#1062=PLANE('',#1220);
#1063=PLANE('',#1223);
#1064=PLANE('',#1224);
#1065=PLANE('',#1240);
#1066=PLANE('',#1247);
#1067=PLANE('',#1248);
#1068=PLANE('',#1249);
#1069=PLANE('',#1250);
#1070=PLANE('',#1251);
#1071=PLANE('',#1254);
#1072=PLANE('',#1255);
#1073=PLANE('',#1257);
#1074=PLANE('',#1259);
#1075=PLANE('',#1260);
#1076=PLANE('',#1263);
#1077=PLANE('',#1264);
#1078=PLANE('',#1267);
#1079=PLANE('',#1268);
#1080=PLANE('',#1273);
#1081=PLANE('',#1275);
#1082=PLANE('',#1277);
#1083=PLANE('',#1278);
#1084=PLANE('',#1279);
#1085=PLANE('',#1281);
#1086=PLANE('',#1283);
#1087=PLANE('',#1284);
#1088=PLANE('',#1285);
#1089=ADVANCED_FACE('',(#101),#1053,.T.);
#1090=ADVANCED_FACE('',(#102),#1054,.T.);
#1091=ADVANCED_FACE('',(#103,#47),#1055,.T.);
#1092=ADVANCED_FACE('',(#104),#1056,.T.);
#1093=ADVANCED_FACE('',(#105),#1057,.T.);
#1094=ADVANCED_FACE('',(#106),#40,.F.);
#1095=ADVANCED_FACE('',(#107),#21,.F.);
#1096=ADVANCED_FACE('',(#108,#48),#1058,.T.);
#1097=ADVANCED_FACE('',(#109),#22,.T.);
#1098=ADVANCED_FACE('',(#110),#19,.T.);
#1099=ADVANCED_FACE('',(#111),#23,.T.);
#1100=ADVANCED_FACE('',(#112),#17,.F.);
#1101=ADVANCED_FACE('',(#113),#24,.T.);
#1102=ADVANCED_FACE('',(#114),#1059,.T.);
#1103=ADVANCED_FACE('',(#115),#41,.F.);
#1104=ADVANCED_FACE('',(#116),#1060,.T.);
#1105=ADVANCED_FACE('',(#117),#42,.T.);
#1106=ADVANCED_FACE('',(#118),#1061,.T.);
#1107=ADVANCED_FACE('',(#119),#25,.T.);
#1108=ADVANCED_FACE('',(#120),#18,.F.);
#1109=ADVANCED_FACE('',(#121),#26,.T.);
#1110=ADVANCED_FACE('',(#122),#20,.T.);
#1111=ADVANCED_FACE('',(#123),#27,.T.);
#1112=ADVANCED_FACE('',(#124),#43,.T.);
#1113=ADVANCED_FACE('',(#125),#1062,.T.);
#1114=ADVANCED_FACE('',(#126),#44,.F.);
#1115=ADVANCED_FACE('',(#127),#1063,.T.);
#1116=ADVANCED_FACE('',(#128,#49),#1064,.T.);
#1117=ADVANCED_FACE('',(#129),#28,.T.);
#1118=ADVANCED_FACE('',(#130),#15,.T.);
#1119=ADVANCED_FACE('',(#131),#29,.T.);
#1120=ADVANCED_FACE('',(#132),#30,.T.);
#1121=ADVANCED_FACE('',(#133),#1065,.T.);
#1122=ADVANCED_FACE('',(#134),#31,.T.);
#1123=ADVANCED_FACE('',(#135),#16,.T.);
#1124=ADVANCED_FACE('',(#136),#32,.T.);
#1125=ADVANCED_FACE('',(#137),#1066,.F.);
#1126=ADVANCED_FACE('',(#138),#1067,.F.);
#1127=ADVANCED_FACE('',(#139),#1068,.F.);
#1128=ADVANCED_FACE('',(#140),#1069,.F.);
#1129=ADVANCED_FACE('',(#141),#1070,.F.);
#1130=ADVANCED_FACE('',(#142),#33,.F.);
#1131=ADVANCED_FACE('',(#143,#50),#1071,.T.);
#1132=ADVANCED_FACE('',(#144),#1072,.T.);
#1133=ADVANCED_FACE('',(#145),#34,.T.);
#1134=ADVANCED_FACE('',(#146),#1073,.T.);
#1135=ADVANCED_FACE('',(#147),#35,.F.);
#1136=ADVANCED_FACE('',(#148),#1074,.T.);
#1137=ADVANCED_FACE('',(#149),#1075,.T.);
#1138=ADVANCED_FACE('',(#150),#45,.T.);
#1139=ADVANCED_FACE('',(#151),#1076,.T.);
#1140=ADVANCED_FACE('',(#152),#1077,.T.);
#1141=ADVANCED_FACE('',(#153),#46,.T.);
#1142=ADVANCED_FACE('',(#154),#1078,.T.);
#1143=ADVANCED_FACE('',(#155),#1079,.T.);
#1144=ADVANCED_FACE('',(#156),#1080,.F.);
#1145=ADVANCED_FACE('',(#157),#36,.F.);
#1146=ADVANCED_FACE('',(#158,#51),#1081,.F.);
#1147=ADVANCED_FACE('',(#159),#37,.F.);
#1148=ADVANCED_FACE('',(#160),#1082,.F.);
#1149=ADVANCED_FACE('',(#161),#1083,.F.);
#1150=ADVANCED_FACE('',(#162),#1084,.F.);
#1151=ADVANCED_FACE('',(#163),#38,.F.);
#1152=ADVANCED_FACE('',(#164),#1085,.F.);
#1153=ADVANCED_FACE('',(#165),#39,.F.);
#1154=ADVANCED_FACE('',(#166),#1086,.F.);
#1155=ADVANCED_FACE('',(#167),#1087,.F.);
#1156=ADVANCED_FACE('',(#168),#1088,.T.);
#1157=CLOSED_SHELL('',(#1089,#1090,#1091,#1092,#1093,#1094,#1095,#1096,
#1097,#1098,#1099,#1100,#1101,#1102,#1103,#1104,#1105,#1106,#1107,#1108,
#1109,#1110,#1111,#1112,#1113,#1114,#1115,#1116,#1117,#1118,#1119,#1120,
#1121,#1122,#1123,#1124,#1125,#1126,#1127,#1128,#1129,#1130,#1131,#1132,
#1133,#1134,#1135,#1136,#1137,#1138,#1139,#1140,#1141,#1142,#1143,#1144,
#1145,#1146,#1147,#1148,#1149,#1150,#1151,#1152,#1153,#1154,#1155,#1156));
#1158=DERIVED_UNIT_ELEMENT(#1160,1.);
#1159=DERIVED_UNIT_ELEMENT(#1982,-3.);
#1160=(
MASS_UNIT()
NAMED_UNIT(*)
SI_UNIT(.KILO.,.GRAM.)
);
#1161=DERIVED_UNIT((#1158,#1159));
#1162=MEASURE_REPRESENTATION_ITEM('density measure',
POSITIVE_RATIO_MEASURE(7850.),#1161);
#1163=PROPERTY_DEFINITION_REPRESENTATION(#1168,#1165);
#1164=PROPERTY_DEFINITION_REPRESENTATION(#1169,#1166);
#1165=REPRESENTATION('material name',(#1167),#1979);
#1166=REPRESENTATION('density',(#1162),#1979);
#1167=DESCRIPTIVE_REPRESENTATION_ITEM('Steel','Steel');
#1168=PROPERTY_DEFINITION('material property','material name',#1989);
#1169=PROPERTY_DEFINITION('material property','density of part',#1989);
#1170=AXIS2_PLACEMENT_3D('',#1631,#1286,#1287);
#1171=AXIS2_PLACEMENT_3D('',#1632,#1288,#1289);
#1172=AXIS2_PLACEMENT_3D('',#1641,#1294,#1295);
#1173=AXIS2_PLACEMENT_3D('',#1649,#1300,#1301);
#1174=AXIS2_PLACEMENT_3D('',#1653,#1303,#1304);
#1175=AXIS2_PLACEMENT_3D('',#1657,#1306,#1307);
#1176=AXIS2_PLACEMENT_3D('',#1665,#1311,#1312);
#1177=AXIS2_PLACEMENT_3D('',#1668,#1314,#1315);
#1178=AXIS2_PLACEMENT_3D('',#1670,#1316,#1317);
#1179=AXIS2_PLACEMENT_3D('',#1671,#1318,#1319);
#1180=AXIS2_PLACEMENT_3D('',#1677,#1323,#1324);
#1181=AXIS2_PLACEMENT_3D('',#1683,#1328,#1329);
#1182=AXIS2_PLACEMENT_3D('',#1685,#1330,#1331);
#1183=AXIS2_PLACEMENT_3D('',#1688,#1333,#1334);
#1184=AXIS2_PLACEMENT_3D('',#1689,#1335,#1336);
#1185=AXIS2_PLACEMENT_3D('',#1692,#1338,#1339);
#1186=AXIS2_PLACEMENT_3D('',#1693,#1340,#1341);
#1187=AXIS2_PLACEMENT_3D('',#1702,#1346,#1347);
#1188=AXIS2_PLACEMENT_3D('',#1705,#1348,#1349);
#1189=AXIS2_PLACEMENT_3D('',#1709,#1351,#1352);
#1190=AXIS2_PLACEMENT_3D('',#1711,#1354,#1355);
#1191=AXIS2_PLACEMENT_3D('',#1713,#1356,#1357);
#1192=AXIS2_PLACEMENT_3D('',#1715,#1358,#1359);
#1193=AXIS2_PLACEMENT_3D('',#1716,#1360,#1361);
#1194=AXIS2_PLACEMENT_3D('',#1717,#1362,#1363);
#1195=AXIS2_PLACEMENT_3D('',#1721,#1365,#1366);
#1196=AXIS2_PLACEMENT_3D('',#1733,#1368,#1369);
#1197=AXIS2_PLACEMENT_3D('',#1735,#1370,#1371);
#1198=AXIS2_PLACEMENT_3D('',#1736,#1372,#1373);
#1199=AXIS2_PLACEMENT_3D('',#1737,#1374,#1375);
#1200=AXIS2_PLACEMENT_3D('',#1740,#1378,#1379);
#1201=AXIS2_PLACEMENT_3D('',#1746,#1383,#1384);
#1202=AXIS2_PLACEMENT_3D('',#1749,#1386,#1387);
#1203=AXIS2_PLACEMENT_3D('',#1750,#1388,#1389);
#1204=AXIS2_PLACEMENT_3D('',#1754,#1392,#1393);
#1205=AXIS2_PLACEMENT_3D('',#1756,#1395,#1396);
#1206=AXIS2_PLACEMENT_3D('',#1758,#1398,#1399);
#1207=AXIS2_PLACEMENT_3D('',#1761,#1401,#1402);
#1208=AXIS2_PLACEMENT_3D('',#1772,#1403,#1404);
#1209=AXIS2_PLACEMENT_3D('',#1774,#1405,#1406);
#1210=AXIS2_PLACEMENT_3D('',#1775,#1407,#1408);
#1211=AXIS2_PLACEMENT_3D('',#1776,#1409,#1410);
#1212=AXIS2_PLACEMENT_3D('',#1780,#1412,#1413);
#1213=AXIS2_PLACEMENT_3D('',#1782,#1415,#1416);
#1214=AXIS2_PLACEMENT_3D('',#1784,#1417,#1418);
#1215=AXIS2_PLACEMENT_3D('',#1786,#1419,#1420);
#1216=AXIS2_PLACEMENT_3D('',#1787,#1421,#1422);
#1217=AXIS2_PLACEMENT_3D('',#1788,#1423,#1424);
#1218=AXIS2_PLACEMENT_3D('',#1791,#1425,#1426);
#1219=AXIS2_PLACEMENT_3D('',#1794,#1429,#1430);
#1220=AXIS2_PLACEMENT_3D('',#1796,#1432,#1433);
#1221=AXIS2_PLACEMENT_3D('',#1800,#1436,#1437);
#1222=AXIS2_PLACEMENT_3D('',#1803,#1439,#1440);
#1223=AXIS2_PLACEMENT_3D('',#1804,#1441,#1442);
#1224=AXIS2_PLACEMENT_3D('',#1808,#1445,#1446);
#1225=AXIS2_PLACEMENT_3D('',#1813,#1449,#1450);
#1226=AXIS2_PLACEMENT_3D('',#1815,#1451,#1452);
#1227=AXIS2_PLACEMENT_3D('',#1824,#1457,#1458);
#1228=AXIS2_PLACEMENT_3D('',#1828,#1460,#1461);
#1229=AXIS2_PLACEMENT_3D('',#1836,#1465,#1466);
#1230=AXIS2_PLACEMENT_3D('',#1840,#1468,#1469);
#1231=AXIS2_PLACEMENT_3D('',#1844,#1472,#1473);
#1232=AXIS2_PLACEMENT_3D('',#1847,#1475,#1476);
#1233=AXIS2_PLACEMENT_3D('',#1848,#1477,#1478);
#1234=AXIS2_PLACEMENT_3D('',#1849,#1479,#1480);
#1235=AXIS2_PLACEMENT_3D('',#1851,#1481,#1482);
#1236=AXIS2_PLACEMENT_3D('',#1852,#1483,#1484);
#1237=AXIS2_PLACEMENT_3D('',#1853,#1485,#1486);
#1238=AXIS2_PLACEMENT_3D('',#1855,#1488,#1489);
#1239=AXIS2_PLACEMENT_3D('',#1858,#1491,#1492);
#1240=AXIS2_PLACEMENT_3D('',#1859,#1493,#1494);
#1241=AXIS2_PLACEMENT_3D('',#1861,#1496,#1497);
#1242=AXIS2_PLACEMENT_3D('',#1863,#1498,#1499);
#1243=AXIS2_PLACEMENT_3D('',#1865,#1501,#1502);
#1244=AXIS2_PLACEMENT_3D('',#1867,#1503,#1504);
#1245=AXIS2_PLACEMENT_3D('',#1868,#1505,#1506);
#1246=AXIS2_PLACEMENT_3D('',#1869,#1507,#1508);
#1247=AXIS2_PLACEMENT_3D('',#1871,#1510,#1511);
#1248=AXIS2_PLACEMENT_3D('',#1880,#1516,#1517);
#1249=AXIS2_PLACEMENT_3D('',#1886,#1521,#1522);
#1250=AXIS2_PLACEMENT_3D('',#1892,#1526,#1527);
#1251=AXIS2_PLACEMENT_3D('',#1895,#1530,#1531);
#1252=AXIS2_PLACEMENT_3D('',#1896,#1532,#1533);
#1253=AXIS2_PLACEMENT_3D('',#1899,#1535,#1536);
#1254=AXIS2_PLACEMENT_3D('',#1900,#1537,#1538);
#1255=AXIS2_PLACEMENT_3D('',#1901,#1539,#1540);
#1256=AXIS2_PLACEMENT_3D('',#1903,#1542,#1543);
#1257=AXIS2_PLACEMENT_3D('',#1905,#1545,#1546);
#1258=AXIS2_PLACEMENT_3D('',#1907,#1548,#1549);
#1259=AXIS2_PLACEMENT_3D('',#1909,#1551,#1552);
#1260=AXIS2_PLACEMENT_3D('',#1910,#1553,#1554);
#1261=AXIS2_PLACEMENT_3D('',#1914,#1557,#1558);
#1262=AXIS2_PLACEMENT_3D('',#1915,#1559,#1560);
#1263=AXIS2_PLACEMENT_3D('',#1916,#1561,#1562);
#1264=AXIS2_PLACEMENT_3D('',#1917,#1563,#1564);
#1265=AXIS2_PLACEMENT_3D('',#1921,#1567,#1568);
#1266=AXIS2_PLACEMENT_3D('',#1924,#1570,#1571);
#1267=AXIS2_PLACEMENT_3D('',#1925,#1572,#1573);
#1268=AXIS2_PLACEMENT_3D('',#1927,#1575,#1576);
#1269=AXIS2_PLACEMENT_3D('',#1936,#1580,#1581);
#1270=AXIS2_PLACEMENT_3D('',#1940,#1583,#1584);
#1271=AXIS2_PLACEMENT_3D('',#1948,#1588,#1589);
#1272=AXIS2_PLACEMENT_3D('',#1951,#1591,#1592);
#1273=AXIS2_PLACEMENT_3D('',#1952,#1593,#1594);
#1274=AXIS2_PLACEMENT_3D('',#1955,#1597,#1598);
#1275=AXIS2_PLACEMENT_3D('',#1957,#1600,#1601);
#1276=AXIS2_PLACEMENT_3D('',#1959,#1603,#1604);
#1277=AXIS2_PLACEMENT_3D('',#1961,#1606,#1607);
#1278=AXIS2_PLACEMENT_3D('',#1963,#1609,#1610);
#1279=AXIS2_PLACEMENT_3D('',#1965,#1612,#1613);
#1280=AXIS2_PLACEMENT_3D('',#1967,#1615,#1616);
#1281=AXIS2_PLACEMENT_3D('',#1969,#1618,#1619);
#1282=AXIS2_PLACEMENT_3D('',#1971,#1621,#1622);
#1283=AXIS2_PLACEMENT_3D('',#1973,#1624,#1625);
#1284=AXIS2_PLACEMENT_3D('',#1975,#1627,#1628);
#1285=AXIS2_PLACEMENT_3D('',#1976,#1629,#1630);
#1286=DIRECTION('axis',(0.,0.,1.));
#1287=DIRECTION('refdir',(1.,0.,0.));
#1288=DIRECTION('center_axis',(-2.81435328994668E-17,0.987052734630242,
-0.160396069337628));
#1289=DIRECTION('ref_axis',(0.,0.160396069337628,0.987052734630242));
#1290=DIRECTION('',(0.158371798612446,-0.158371798573161,-0.974595683768895));
#1291=DIRECTION('',(-1.,-2.85126943192246E-17,4.4054382286864E-33));
#1292=DIRECTION('',(-0.605193488502429,0.127687848514059,0.785771375666046));
#1293=DIRECTION('',(1.,2.85126943192246E-17,-4.4054382286864E-33));
#1294=DIRECTION('center_axis',(-0.500000000007127,0.707106781196623,-0.499999999978624));
#1295=DIRECTION('ref_axis',(-0.707106781166393,0.,0.707106781206702));
#1296=DIRECTION('',(-0.816496580927725,-0.577350269189627,3.59702525121074E-33));
#1297=DIRECTION('',(0.707106781186547,2.85022416728836E-11,-0.707106781186548));
#1298=DIRECTION('',(-0.500000000005131,-0.707106781159136,-0.500000000033636));
#1299=DIRECTION('',(0.707106781186547,2.85021940353622E-11,-0.707106781186548));
#1300=DIRECTION('center_axis',(-4.4054382286864E-33,0.,-1.));
#1301=DIRECTION('ref_axis',(-1.,1.11022302462516E-16,4.4054382286864E-33));
#1302=DIRECTION('',(-0.707106781186549,0.707106781186546,3.11511524560261E-33));
#1303=DIRECTION('center_axis',(4.4054382286864E-33,0.,1.));
#1304=DIRECTION('ref_axis',(0.923879532511287,0.38268343236509,1.54249793859509E-11));
#1305=DIRECTION('',(0.,1.,0.));
#1306=DIRECTION('center_axis',(4.4054382286864E-33,0.,1.));
#1307=DIRECTION('ref_axis',(0.923879532466901,-0.382683432472246,-1.54249793866919E-11));
#1308=DIRECTION('',(0.707106781350576,0.707106781022519,-3.11511524632523E-33));
#1309=DIRECTION('',(1.,2.85126943192245E-17,-4.4054382286864E-33));
#1310=DIRECTION('',(0.8164965810592,-0.577350269003694,-3.59702525178995E-33));
#1311=DIRECTION('center_axis',(4.4054382286864E-33,0.,1.));
#1312=DIRECTION('ref_axis',(-1.,-4.03082967763379E-11,0.));
#1313=DIRECTION('',(0.,1.,0.));
#1314=DIRECTION('center_axis',(4.4054382286864E-33,0.,1.));
#1315=DIRECTION('ref_axis',(-1.,-4.03084439725059E-11,-9.38825580111455E-18));
#1316=DIRECTION('center_axis',(4.4054382286864E-33,0.,1.));
#1317=DIRECTION('ref_axis',(1.,6.82037755548022E-49,0.));
#1318=DIRECTION('center_axis',(2.81435329001522E-17,-0.987052734654284,
-0.160396069189677));
#1319=DIRECTION('ref_axis',(0.,0.160396069189677,-0.987052734654284));
#1320=DIRECTION('',(-0.158371798465061,-0.15837179843087,0.974595683815968));
#1321=DIRECTION('',(-1.,-2.85126943192245E-17,4.4054382286864E-33));
#1322=DIRECTION('',(0.60519348862161,0.127687848381747,-0.785771375595755));
#1323=DIRECTION('center_axis',(0.707106781022519,-0.707106781350576,-2.85021738804544E-11));
#1324=DIRECTION('ref_axis',(-4.03081608682051E-11,0.,-1.));
#1325=DIRECTION('',(-4.83902550437232E-33,4.03081608495044E-11,-1.));
#1326=DIRECTION('',(-0.707106781350576,-0.707106781022519,-2.85021127080209E-11));
#1327=DIRECTION('',(-4.83902550437232E-33,4.03081608495044E-11,-1.));
#1328=DIRECTION('center_axis',(-1.,0.,-3.7007434154171E-15));
#1329=DIRECTION('ref_axis',(1.91442376444902E-17,-1.,-4.53008408058206E-11));
#1330=DIRECTION('center_axis',(-1.,-2.85126942215859E-17,-2.42230478100149E-15));
#1331=DIRECTION('ref_axis',(2.85126943313183E-17,-1.,-4.53008408058206E-11));
#1332=DIRECTION('',(0.707106781186555,-0.70710678118654,-3.20298283108775E-11));
#1333=DIRECTION('center_axis',(1.,2.85126942215859E-17,2.42230478100149E-15));
#1334=DIRECTION('ref_axis',(6.70587169231392E-26,-1.,-4.53008408058206E-11));
#1335=DIRECTION('center_axis',(1.,0.,1.48029736616687E-15));
#1336=DIRECTION('ref_axis',(6.70587169231392E-26,-1.,-4.53008408058206E-11));
#1337=DIRECTION('',(1.,0.,1.48029736616687E-15));
#1338=DIRECTION('center_axis',(-1.,3.7391709798245E-15,-2.42230478084962E-15));
#1339=DIRECTION('ref_axis',(6.70587169231392E-26,-1.,-4.53008408058206E-11));
#1340=DIRECTION('center_axis',(-1.,-2.85126942215859E-17,-2.42230478100149E-15));
#1341=DIRECTION('ref_axis',(2.85126943192254E-17,-1.,-4.03085266235045E-11));
#1342=DIRECTION('',(-2.42230478100034E-15,-4.03081608495044E-11,1.));
#1343=DIRECTION('',(-2.8512694221586E-17,1.,2.8512694221586E-17));
#1344=DIRECTION('',(2.42230478100034E-15,4.03081608495044E-11,-1.));
#1345=DIRECTION('',(2.85126943192254E-17,-1.,-4.03085266235045E-11));
#1346=DIRECTION('center_axis',(2.42230478100034E-15,4.03081608495044E-11,
-1.));
#1347=DIRECTION('ref_axis',(0.923879532511287,0.382683432365088,1.54273827794357E-11));
#1348=DIRECTION('center_axis',(2.42230478100034E-15,4.03081608495044E-11,
-1.));
#1349=DIRECTION('ref_axis',(0.923879532511287,0.382683432365088,1.54273827794357E-11));
#1350=DIRECTION('',(2.42230478100034E-15,4.03081608495044E-11,-1.));
#1351=DIRECTION('center_axis',(-2.22044604928739E-15,-1.6695712850941E-11,
1.));
#1352=DIRECTION('ref_axis',(1.,-2.22044604925032E-15,2.22044604925032E-15));
#1353=DIRECTION('',(-2.42230478100034E-15,-4.03081608495044E-11,1.));
#1354=DIRECTION('center_axis',(-1.67952272827866E-15,-1.,-2.68777629306843E-30));
#1355=DIRECTION('ref_axis',(0.,0.,-1.));
#1356=DIRECTION('center_axis',(-1.67952272827866E-15,-1.,-2.68777629306843E-30));
#1357=DIRECTION('ref_axis',(-0.707106781186546,1.16573417585641E-15,-0.707106781186548));
#1358=DIRECTION('center_axis',(-1.,2.22044604912238E-15,-2.22044604925031E-15));
#1359=DIRECTION('ref_axis',(-2.22044604925031E-15,0.,1.));
#1360=DIRECTION('center_axis',(-2.02101064728109E-12,1.,3.48537838211142E-12));
#1361=DIRECTION('ref_axis',(-0.707106781186546,1.03546435544932E-12,-0.707106781186549));
#1362=DIRECTION('center_axis',(1.,2.85126942547182E-17,1.60032147693716E-15));
#1363=DIRECTION('ref_axis',(-2.40339348486857E-15,0.38268343235578,0.923879532515143));
#1364=DIRECTION('',(1.,2.85126942547182E-17,1.60032147693716E-15));
#1365=DIRECTION('center_axis',(-1.,-9.19738868091019E-16,-2.22044604925031E-15));
#1366=DIRECTION('ref_axis',(-2.22044604925031E-15,0.,1.));
#1367=DIRECTION('',(-1.,-2.85126942547182E-17,-1.60032147693716E-15));
#1368=DIRECTION('center_axis',(0.,1.,0.));
#1369=DIRECTION('ref_axis',(0.707106781186548,0.,0.707106781186547));
#1370=DIRECTION('center_axis',(0.,-1.6696363205301E-11,1.));
#1371=DIRECTION('ref_axis',(1.,0.,0.));
#1372=DIRECTION('center_axis',(0.,-1.,0.));
#1373=DIRECTION('ref_axis',(0.707106781186548,0.,0.707106781186547));
#1374=DIRECTION('center_axis',(-4.83902550437232E-33,4.03081608495044E-11,
-1.));
#1375=DIRECTION('ref_axis',(0.923879532511287,0.38268343236509,1.54249793859509E-11));
#1376=DIRECTION('',(-2.28478039692093E-27,-4.03081608495044E-11,1.));
#1377=DIRECTION('',(-4.83902550437232E-33,4.03081608495044E-11,-1.));
#1378=DIRECTION('center_axis',(0.707106781186548,0.707106781186548,2.85038867019794E-11));
#1379=DIRECTION('ref_axis',(4.03105831542854E-11,0.,-1.));
#1380=DIRECTION('',(0.707106781258879,-0.707106781114217,-2.8500318312131E-11));
#1381=DIRECTION('',(-2.42230478100034E-15,-4.03081608495044E-11,1.));
#1382=DIRECTION('',(0.707106781186548,-0.707106781186548,-2.85004610457059E-11));
#1383=DIRECTION('center_axis',(0.,1.,4.0308074345717E-11));
#1384=DIRECTION('ref_axis',(-0.707106781186546,1.79462656981952E-11,-0.707106781186549));
#1385=DIRECTION('',(-1.79439138131672E-15,-0.707106781200799,0.707106781172296));
#1386=DIRECTION('center_axis',(-2.85126943192246E-17,1.,4.03081608495044E-11));
#1387=DIRECTION('ref_axis',(-0.707106781186546,2.85021537123232E-11,-0.707106781186549));
#1388=DIRECTION('center_axis',(-1.15175968790055E-15,0.707106781172296,
0.707106781200799));
#1389=DIRECTION('ref_axis',(1.,0.,1.62883417119073E-15));
#1390=DIRECTION('',(1.79439138131672E-15,0.707106781200799,-0.707106781172296));
#1391=DIRECTION('',(-1.,-2.85126942547185E-17,-1.60032147693716E-15));
#1392=DIRECTION('center_axis',(0.,-1.,0.));
#1393=DIRECTION('ref_axis',(0.707106781186548,0.,0.707106781186547));
#1394=DIRECTION('',(0.707106781186549,-0.707106781186546,-2.85021127014093E-11));
#1395=DIRECTION('center_axis',(0.707106781186546,0.707106781186549,2.85021738738427E-11));
#1396=DIRECTION('ref_axis',(4.03081608495046E-11,0.,-1.));
#1397=DIRECTION('',(4.83902550437232E-33,-4.03081608495044E-11,1.));
#1398=DIRECTION('center_axis',(4.83902550437232E-33,-4.03081608495044E-11,
1.));
#1399=DIRECTION('ref_axis',(0.923879532466901,-0.382683432472246,-1.54249793866919E-11));
#1400=DIRECTION('',(4.83902550437232E-33,-4.03081608495044E-11,1.));
#1401=DIRECTION('center_axis',(-1.85366868541094E-26,1.66963632017702E-11,
-1.));
#1402=DIRECTION('ref_axis',(1.,1.11022302462516E-15,0.));
#1403=DIRECTION('center_axis',(0.,-1.,0.));
#1404=DIRECTION('ref_axis',(0.707106781186548,0.,0.707106781186547));
#1405=DIRECTION('center_axis',(1.,-1.83947773480536E-15,4.44089209850063E-15));
#1406=DIRECTION('ref_axis',(-4.44089209850063E-15,0.,1.));
#1407=DIRECTION('center_axis',(0.,1.,0.));
#1408=DIRECTION('ref_axis',(0.707106781186548,0.,0.707106781186547));
#1409=DIRECTION('center_axis',(-1.,-2.85126942547185E-17,-1.60032147693716E-15));
#1410=DIRECTION('ref_axis',(-2.40339348497615E-15,-0.382683432455621,0.923879532473788));
#1411=DIRECTION('',(-1.,-2.85126942547185E-17,-1.60032147693716E-15));
#1412=DIRECTION('center_axis',(1.,-9.19738868372146E-16,2.22044604925031E-15));
#1413=DIRECTION('ref_axis',(-2.22044604925031E-15,0.,1.));
#1414=DIRECTION('',(1.,2.85126942547184E-17,1.60032147693716E-15));
#1415=DIRECTION('center_axis',(1.67952272827866E-15,1.,2.68777629306843E-30));
#1416=DIRECTION('ref_axis',(0.,0.,1.));
#1417=DIRECTION('center_axis',(1.67952272827866E-15,1.,2.68777629306843E-30));
#1418=DIRECTION('ref_axis',(-0.707106781186546,1.16573417585641E-15,-0.707106781186549));
#1419=DIRECTION('center_axis',(2.2204460492874E-15,1.66970135605284E-11,
-1.));
#1420=DIRECTION('ref_axis',(1.,-2.22044604925032E-15,2.22044604925032E-15));
#1421=DIRECTION('center_axis',(2.02101064750829E-12,-1.,-3.48537838250324E-12));
#1422=DIRECTION('ref_axis',(-0.707106781186546,1.03546435556573E-12,-0.707106781186549));
#1423=DIRECTION('center_axis',(-2.42230478100034E-15,-4.03081608495044E-11,
1.));
#1424=DIRECTION('ref_axis',(0.923879532511287,-0.382683432365091,-1.54237776892084E-11));
#1425=DIRECTION('center_axis',(2.42230478100034E-15,4.03081608495044E-11,
-1.));
#1426=DIRECTION('ref_axis',(0.923879532511287,-0.382683432365091,-1.54237776892084E-11));
#1427=DIRECTION('',(2.42230478100034E-15,4.03081608495044E-11,-1.));
#1428=DIRECTION('',(-2.42230478100034E-15,-4.03081608495044E-11,1.));
#1429=DIRECTION('center_axis',(0.,1.,0.));
#1430=DIRECTION('ref_axis',(0.707106781186548,0.,0.707106781186547));
#1431=DIRECTION('',(0.,0.707106781047968,0.707106781325127));
#1432=DIRECTION('center_axis',(-1.1114366487376E-15,-0.707106781325127,
0.707106781047968));
#1433=DIRECTION('ref_axis',(1.,0.,1.57180878267127E-15));
#1434=DIRECTION('',(0.,-0.707106781047968,-0.707106781325127));
#1435=DIRECTION('',(1.,2.85126942547185E-17,1.60032147693716E-15));
#1436=DIRECTION('center_axis',(0.,-1.,-4.03080743315222E-11));
#1437=DIRECTION('ref_axis',(-0.707106781186546,1.79462656980392E-11,-0.707106781186549));
#1438=DIRECTION('',(-0.707106781114218,-0.707106781258877,-2.8504804286378E-11));
#1439=DIRECTION('center_axis',(2.85126943192245E-17,-1.,-4.03081608495044E-11));
#1440=DIRECTION('ref_axis',(-0.707106781186546,2.85021537123232E-11,-0.707106781186549));
#1441=DIRECTION('center_axis',(0.707106781186547,-0.707106781186548,-2.8500461045706E-11));
#1442=DIRECTION('ref_axis',(-4.03057385447235E-11,0.,-1.));
#1443=DIRECTION('',(-0.707106781186548,-0.707106781186547,-2.85038867019794E-11));
#1444=DIRECTION('',(2.42230478100034E-15,4.03081608495044E-11,-1.));
#1445=DIRECTION('center_axis',(-2.42230478100034E-15,-4.03081608495044E-11,
1.));
#1446=DIRECTION('ref_axis',(1.,0.,2.42230478100034E-15));
#1447=DIRECTION('',(-1.,-2.85126942224504E-17,-2.40085729612086E-15));
#1448=DIRECTION('',(0.707106781186547,0.707106781186548,2.85038867019795E-11));
#1449=DIRECTION('center_axis',(2.42230478100034E-15,4.03081608495044E-11,
-1.));
#1450=DIRECTION('ref_axis',(-0.923879532511287,0.382683432365089,1.54237776892085E-11));
#1451=DIRECTION('center_axis',(2.42230478100034E-15,4.03081608495044E-11,
-1.));
#1452=DIRECTION('ref_axis',(-0.923879532511287,-0.38268343236509,-1.54273827794358E-11));
#1453=DIRECTION('',(-0.707106781186548,0.707106781186548,2.85004610457059E-11));
#1454=DIRECTION('',(1.,2.85126942073446E-17,2.77561612299855E-15));
#1455=DIRECTION('',(1.67952272818102E-15,1.,4.03082419509341E-11));
#1456=DIRECTION('',(-0.707106781186552,0.707106781186543,2.85004610457058E-11));
#1457=DIRECTION('center_axis',(2.42230478100034E-15,4.03081608495044E-11,
-1.));
#1458=DIRECTION('ref_axis',(-0.707106781186535,-0.70710678118656,-2.850388670198E-11));
#1459=DIRECTION('',(3.73917097972686E-15,1.,4.03081608495044E-11));
#1460=DIRECTION('center_axis',(2.42230478100034E-15,4.03081608495044E-11,
-1.));
#1461=DIRECTION('ref_axis',(-1.,-5.66774075580963E-15,-2.4223047812288E-15));
#1462=DIRECTION('',(0.707106781186549,0.707106781186546,2.85038867019794E-11));
#1463=DIRECTION('',(1.,5.00348344026356E-15,2.42230478120202E-15));
#1464=DIRECTION('',(0.70710678118654,-0.707106781186555,-2.85004610457062E-11));
#1465=DIRECTION('center_axis',(2.42230478100034E-15,4.03081608495044E-11,
-1.));
#1466=DIRECTION('ref_axis',(0.707106781186547,0.707106781186548,2.85038867019795E-11));
#1467=DIRECTION('',(2.85126943192246E-17,-1.,-4.03081608495044E-11));
#1468=DIRECTION('center_axis',(2.42230478100034E-15,4.03081608495044E-11,
-1.));
#1469=DIRECTION('ref_axis',(1.,9.89716180200091E-15,2.42230478139928E-15));
#1470=DIRECTION('',(-0.707106781186539,-0.707106781186556,-2.85038867019798E-11));
#1471=DIRECTION('',(-1.,-2.85126942215859E-17,-2.42230478100149E-15));
#1472=DIRECTION('center_axis',(-0.707106781186547,-2.85022809251951E-11,
0.707106781186548));
#1473=DIRECTION('ref_axis',(-0.653281482443974,0.382683432371673,-0.653281482428546));
#1474=DIRECTION('',(-0.707106781186547,-2.85022809251951E-11,0.707106781186548));
#1475=DIRECTION('center_axis',(0.707106781186548,1.18061139812043E-11,-0.707106781186548));
#1476=DIRECTION('ref_axis',(-0.707106781186548,0.,-0.707106781186548));
#1477=DIRECTION('center_axis',(0.,0.,1.));
#1478=DIRECTION('ref_axis',(1.,0.,0.));
#1479=DIRECTION('center_axis',(-2.8512694221586E-17,1.,2.8512694221586E-17));
#1480=DIRECTION('ref_axis',(-0.923879532511287,0.,-0.382683432365091));
#1481=DIRECTION('center_axis',(-1.66944236212885E-11,2.36114198867169E-11,
-1.));
#1482=DIRECTION('ref_axis',(-1.,0.,1.66944236212885E-11));
#1483=DIRECTION('center_axis',(0.,-1.,-4.03080743400688E-11));
#1484=DIRECTION('ref_axis',(-0.923879532511286,1.5425373360633E-11,-0.382683432365091));
#1485=DIRECTION('center_axis',(-2.42230478100034E-15,-4.03081608495044E-11,
1.));
#1486=DIRECTION('ref_axis',(-0.923879532511287,0.382683432365089,1.54237776892085E-11));
#1487=DIRECTION('',(2.42230478100034E-15,4.03081608495044E-11,-1.));
#1488=DIRECTION('center_axis',(2.8512694221586E-17,-1.,-2.8512694221586E-17));
#1489=DIRECTION('ref_axis',(-0.923879532511286,0.,-0.382683432365091));
#1490=DIRECTION('',(2.8512694221586E-17,-1.,-2.8512694221586E-17));
#1491=DIRECTION('center_axis',(2.8512694221586E-17,-1.,-2.8512694221586E-17));
#1492=DIRECTION('ref_axis',(-0.923879532511287,0.,-0.382683432365091));
#1493=DIRECTION('center_axis',(-0.707106781186548,0.,-0.707106781186547));
#1494=DIRECTION('ref_axis',(-0.707106781186547,8.1266162697582E-17,0.707106781186548));
#1495=DIRECTION('',(0.707106781186547,2.85022024145003E-11,-0.707106781186548));
#1496=DIRECTION('center_axis',(2.42230478100034E-15,4.03081608495044E-11,
-1.));
#1497=DIRECTION('ref_axis',(-0.923879532511287,-0.38268343236509,-1.54273827794358E-11));
#1498=DIRECTION('center_axis',(-2.22044604925031E-15,-1.66957128520527E-11,
1.));
#1499=DIRECTION('ref_axis',(-1.,0.,-2.22044604925031E-15));
#1500=DIRECTION('',(-2.42230478100034E-15,-4.03081608495044E-11,1.));
#1501=DIRECTION('center_axis',(0.,0.,1.));
#1502=DIRECTION('ref_axis',(1.,0.,0.));
#1503=DIRECTION('center_axis',(-0.707106781194896,-1.66952960334994E-11,
0.707106781178199));
#1504=DIRECTION('ref_axis',(-0.7071067811782,0.,-0.707106781194895));
#1505=DIRECTION('center_axis',(0.,1.,4.03080743371699E-11));
#1506=DIRECTION('ref_axis',(-0.923879532511287,1.5424588313815E-11,-0.382683432365089));
#1507=DIRECTION('center_axis',(0.707106781186547,2.85022024145003E-11,-0.707106781186548));
#1508=DIRECTION('ref_axis',(-0.653281482399724,-0.382683432470083,-0.653281482415149));
#1509=DIRECTION('',(-0.707106781186547,-2.85021239098773E-11,0.707106781186548));
#1510=DIRECTION('center_axis',(-7.04903507698513E-16,1.,0.));
#1511=DIRECTION('ref_axis',(-1.,-7.04903507698513E-16,1.21891586928036E-33));
#1512=DIRECTION('',(-1.,-7.04903507698513E-16,1.21891586928036E-33));
#1513=DIRECTION('',(0.,0.,1.));
#1514=DIRECTION('',(-1.,-7.04903507698513E-16,1.21891586928036E-33));
#1515=DIRECTION('',(0.,0.,1.));
#1516=DIRECTION('center_axis',(1.,6.66526061087141E-49,0.));
#1517=DIRECTION('ref_axis',(-6.66526061087141E-49,1.,3.90540698642339E-18));
#1518=DIRECTION('',(-6.66526061087141E-49,1.,3.90540698642339E-18));
#1519=DIRECTION('',(0.,0.,1.));
#1520=DIRECTION('',(-6.66526061087141E-49,1.,3.90540698642339E-18));
#1521=DIRECTION('center_axis',(6.82037755548021E-49,-1.,0.));
#1522=DIRECTION('ref_axis',(1.,6.82037755548021E-49,-3.97185095300049E-33));
#1523=DIRECTION('',(1.,6.82037755548021E-49,-3.97185095300049E-33));
#1524=DIRECTION('',(0.,0.,1.));
#1525=DIRECTION('',(1.,6.82037755548021E-49,-3.97185095300049E-33));
#1526=DIRECTION('center_axis',(-1.,-6.66526061087141E-49,0.));
#1527=DIRECTION('ref_axis',(6.66526061087141E-49,-1.,-3.90540698642339E-18));
#1528=DIRECTION('',(6.66526061087141E-49,-1.,-3.90540698642339E-18));
#1529=DIRECTION('',(6.66526061087141E-49,-1.,-3.90540698642339E-18));
#1530=DIRECTION('center_axis',(0.,0.,1.));
#1531=DIRECTION('ref_axis',(1.,0.,0.));
#1532=DIRECTION('center_axis',(0.,0.,1.));
#1533=DIRECTION('ref_axis',(1.,6.82037755548022E-49,0.));
#1534=DIRECTION('',(0.,0.,1.));
#1535=DIRECTION('center_axis',(3.97185095300049E-33,-3.90540698642339E-18,
1.));
#1536=DIRECTION('ref_axis',(1.,6.82037755548022E-49,-3.97185095300049E-33));
#1537=DIRECTION('center_axis',(-3.97185095300049E-33,3.90540698642339E-18,
-1.));
#1538=DIRECTION('ref_axis',(1.,6.82037755548021E-49,-3.97185095300049E-33));
#1539=DIRECTION('center_axis',(1.,0.,-4.83902550437232E-33));
#1540=DIRECTION('ref_axis',(-4.83902550437232E-33,-3.90540698642339E-18,
-1.));
#1541=DIRECTION('',(0.,1.,0.));
#1542=DIRECTION('center_axis',(0.,1.,0.));
#1543=DIRECTION('ref_axis',(0.707106781186548,0.,0.707106781186548));
#1544=DIRECTION('',(0.,-1.,0.));
#1545=DIRECTION('center_axis',(-1.60032147693716E-15,0.,1.));
#1546=DIRECTION('ref_axis',(1.,-1.11022302462516E-16,1.60032147693716E-15));
#1547=DIRECTION('',(1.67952272827866E-15,1.,2.68777629306843E-30));
#1548=DIRECTION('center_axis',(1.67952272827866E-15,1.,2.68777629306843E-30));
#1549=DIRECTION('ref_axis',(-0.707106781186546,1.25607396694702E-15,-0.707106781186549));
#1550=DIRECTION('',(-1.67952272827866E-15,-1.,-2.68777629306843E-30));
#1551=DIRECTION('center_axis',(1.,-1.67952272827866E-15,2.42230478093264E-15));
#1552=DIRECTION('ref_axis',(1.67952272818102E-15,1.,4.03082419509341E-11));
#1553=DIRECTION('center_axis',(-0.707106781186548,0.707106781186547,2.85004610457059E-11));
#1554=DIRECTION('ref_axis',(4.03057385447234E-11,0.,1.));
#1555=DIRECTION('',(2.42230478100034E-15,4.03081608495044E-11,-1.));
#1556=DIRECTION('',(-0.707106781186547,-0.707106781186548,-2.85039070927906E-11));
#1557=DIRECTION('center_axis',(0.,-1.,-4.03080743400688E-11));
#1558=DIRECTION('ref_axis',(-0.923879532511286,1.71391544504428E-12,-0.382683432365091));
#1559=DIRECTION('center_axis',(2.85126943192246E-17,-1.,-4.03081608495044E-11));
#1560=DIRECTION('ref_axis',(-0.923879532511286,1.54252390039178E-11,-0.382683432365091));
#1561=DIRECTION('center_axis',(-2.85126943192246E-17,1.,4.03081608495044E-11));
#1562=DIRECTION('ref_axis',(-1.,-2.85126942224504E-17,-2.40085729612086E-15));
#1563=DIRECTION('center_axis',(-0.707106781186548,-0.707106781186548,-2.85038867019794E-11));
#1564=DIRECTION('ref_axis',(-4.03105831542854E-11,0.,1.));
#1565=DIRECTION('',(0.707106781186548,-0.707106781186548,-2.85003183100279E-11));
#1566=DIRECTION('',(-2.42230478100034E-15,-4.03081608495044E-11,1.));
#1567=DIRECTION('center_axis',(0.,1.,4.03080743371699E-11));
#1568=DIRECTION('ref_axis',(-0.923879532511286,1.71391544471527E-12,-0.382683432365091));
#1569=DIRECTION('',(0.499999999994866,-0.707106781213962,0.499999999966364));
#1570=DIRECTION('center_axis',(-2.85126943192245E-17,1.,4.03081608495044E-11));
#1571=DIRECTION('ref_axis',(-0.923879532511286,1.54252390039178E-11,-0.382683432365091));
#1572=DIRECTION('center_axis',(-0.499999999872108,-0.70710678134726,-0.49999999990061));
#1573=DIRECTION('ref_axis',(-0.707106781206701,0.,0.707106781166394));
#1574=DIRECTION('',(-0.707106781186547,-2.85021940353622E-11,0.707106781186548));
#1575=DIRECTION('center_axis',(-2.62331178814384E-15,0.,1.));
#1576=DIRECTION('ref_axis',(1.,-1.11022302462516E-16,2.62331178814384E-15));
#1577=DIRECTION('',(0.707106781186552,-0.707106781186543,-2.85005335587386E-11));
#1578=DIRECTION('',(1.,2.85126942224505E-17,2.40085729612086E-15));
#1579=DIRECTION('',(0.707106781186539,0.707106781186556,2.85039288836887E-11));
#1580=DIRECTION('center_axis',(-2.40085729611971E-15,-4.03082419509341E-11,
1.));
#1581=DIRECTION('ref_axis',(1.,9.89716180200091E-15,2.42230478139928E-15));
#1582=DIRECTION('',(-2.85126943192248E-17,1.,4.03082419509341E-11));
#1583=DIRECTION('center_axis',(-2.40085729611971E-15,-4.03082419509341E-11,
1.));
#1584=DIRECTION('ref_axis',(0.707106781186547,0.707106781186548,2.85038867019795E-11));
#1585=DIRECTION('',(-0.70710678118654,0.707106781186555,2.85005335587391E-11));
#1586=DIRECTION('',(-1.,-5.00348344026442E-15,-2.40085729632139E-15));
#1587=DIRECTION('',(-0.707106781186549,-0.707106781186546,-2.85039288836882E-11));
#1588=DIRECTION('center_axis',(-2.40085729611971E-15,-4.03082419509341E-11,
1.));
#1589=DIRECTION('ref_axis',(-1.,-5.66774075580963E-15,-2.4223047812288E-15));
#1590=DIRECTION('',(-3.73917097972686E-15,-1.,-4.03082419509341E-11));
#1591=DIRECTION('center_axis',(-2.40085729611971E-15,-4.03082419509341E-11,
1.));
#1592=DIRECTION('ref_axis',(-0.707106781186535,-0.70710678118656,-2.850388670198E-11));
#1593=DIRECTION('center_axis',(-0.707106781186543,-0.707106781186552,-2.85038867019796E-11));
#1594=DIRECTION('ref_axis',(0.707106781186552,-0.707106781186543,-2.85005335587386E-11));
#1595=DIRECTION('',(-2.42230478100034E-15,-4.03081608495044E-11,1.));
#1596=DIRECTION('',(-2.42230478100034E-15,-4.03081608495044E-11,1.));
#1597=DIRECTION('center_axis',(-2.42230478100034E-15,-4.03081608495044E-11,
1.));
#1598=DIRECTION('ref_axis',(-0.707106781186535,-0.70710678118656,-2.850388670198E-11));
#1599=DIRECTION('',(-2.42230478100034E-15,-4.03081608495044E-11,1.));
#1600=DIRECTION('center_axis',(-1.,3.7391709798245E-15,-2.42230478084962E-15));
#1601=DIRECTION('ref_axis',(-3.73917097972686E-15,-1.,-4.03082397537156E-11));
#1602=DIRECTION('',(-2.42230478100034E-15,-4.03081608495044E-11,1.));
#1603=DIRECTION('center_axis',(-2.42230478100034E-15,-4.03081608495044E-11,
1.));
#1604=DIRECTION('ref_axis',(-1.,-5.66774075580963E-15,-2.4223047812288E-15));
#1605=DIRECTION('',(-2.42230478100034E-15,-4.03081608495044E-11,1.));
#1606=DIRECTION('center_axis',(-0.707106781186546,0.707106781186549,2.8500461045706E-11));
#1607=DIRECTION('ref_axis',(-0.707106781186549,-0.707106781186546,-2.85039378899104E-11));
#1608=DIRECTION('',(-2.42230478100034E-15,-4.03081608495044E-11,1.));
#1609=DIRECTION('center_axis',(-5.0034834403612E-15,1.,4.03081608495044E-11));
#1610=DIRECTION('ref_axis',(-1.,-5.00348344026442E-15,-2.40085729632137E-15));
#1611=DIRECTION('',(-2.42230478100034E-15,-4.03081608495044E-11,1.));
#1612=DIRECTION('center_axis',(0.707106781186555,0.70710678118654,2.85038867019792E-11));
#1613=DIRECTION('ref_axis',(-0.70710678118654,0.707106781186555,2.85005335587391E-11));
#1614=DIRECTION('',(-2.42230478100034E-15,-4.03081608495044E-11,1.));
#1615=DIRECTION('center_axis',(-2.42230478100034E-15,-4.03081608495044E-11,
1.));
#1616=DIRECTION('ref_axis',(0.707106781186547,0.707106781186548,2.85038867019795E-11));
#1617=DIRECTION('',(-2.42230478100034E-15,-4.03081608495044E-11,1.));
#1618=DIRECTION('center_axis',(1.,2.85126942215859E-17,2.42230478100149E-15));
#1619=DIRECTION('ref_axis',(-2.85126943192249E-17,1.,4.03082809607654E-11));
#1620=DIRECTION('',(-2.42230478100034E-15,-4.03081608495044E-11,1.));
#1621=DIRECTION('center_axis',(-2.42230478100034E-15,-4.03081608495044E-11,
1.));
#1622=DIRECTION('ref_axis',(1.,9.89716180200091E-15,2.42230478139928E-15));
#1623=DIRECTION('',(-2.42230478100034E-15,-4.03081608495044E-11,1.));
#1624=DIRECTION('center_axis',(0.707106781186556,-0.707106781186539,-2.85004610457056E-11));
#1625=DIRECTION('ref_axis',(0.707106781186539,0.707106781186556,2.85039325774284E-11));
#1626=DIRECTION('',(-2.42230478100034E-15,-4.03081608495044E-11,1.));
#1627=DIRECTION('center_axis',(2.85126943192246E-17,-1.,-4.03081608495044E-11));
#1628=DIRECTION('ref_axis',(1.,2.85126942224505E-17,2.40085729612085E-15));
#1629=DIRECTION('center_axis',(2.85126943192245E-17,-1.,-4.03081608495044E-11));
#1630=DIRECTION('ref_axis',(1.,2.85126942073446E-17,2.77561612299855E-15));
#1631=CARTESIAN_POINT('',(0.,0.,0.));
#1632=CARTESIAN_POINT('Origin',(-71.393831449418,-17.5499999990075,-42.5350168024223));
#1633=CARTESIAN_POINT('',(-69.343831449418,-16.8999999991687,-38.5350168024223));
#1634=CARTESIAN_POINT('',(-68.043831449418,-18.1999999988463,-46.5350168024223));
#1635=CARTESIAN_POINT('',(-69.4081754684655,-16.8356559801372,-38.1390536082839));
#1636=CARTESIAN_POINT('',(-75.3325616121972,-18.1999999988463,-46.5350168024223));
#1637=CARTESIAN_POINT('',(-71.393831449418,-18.1999999988463,-46.5350168024223));
#1638=CARTESIAN_POINT('',(-81.4940839811122,-16.8999999991687,-38.5350168024223));
#1639=CARTESIAN_POINT('',(-77.1387049835469,-17.8189275557731,-44.1899556136983));
#1640=CARTESIAN_POINT('',(-71.393831449418,-16.8999999991687,-38.5350168024223));
#1641=CARTESIAN_POINT('Origin',(-79.4188945826207,-18.6499999989853,-43.0850799350667));
#1642=CARTESIAN_POINT('',(-76.7869771998687,-19.2284271235522,-46.5350168024223));
#1643=CARTESIAN_POINT('',(-77.0083708893874,-19.3849761027228,-46.5350168024223));
#1644=CARTESIAN_POINT('',(-86.7938314494373,-19.2284271239213,-36.528162552902));
#1645=CARTESIAN_POINT('',(-78.7216543249108,-19.2284271236301,-44.6003396773802));
#1646=CARTESIAN_POINT('',(-85.1473848400495,-16.899999999316,-34.8817159434203));
#1647=CARTESIAN_POINT('',(-85.1473848400495,-16.899999999316,-34.8817159434203));
#1648=CARTESIAN_POINT('',(-78.1814577155795,-16.8999999990352,-41.847643067955));
#1649=CARTESIAN_POINT('Origin',(-65.843831449418,-32.500000000722,-46.5350168024223));
#1650=CARTESIAN_POINT('',(-67.0154043246718,-19.2284271235924,-46.5350168024223));
#1651=CARTESIAN_POINT('',(-63.6938314488163,-22.5499999994479,-46.5350168024223));
#1652=CARTESIAN_POINT('',(-65.843831449418,-22.0568542483386,-46.5350168024223));
#1653=CARTESIAN_POINT('Origin',(-69.843831449418,-22.0568542483386,-46.5350168020014));
#1654=CARTESIAN_POINT('',(-65.843831449418,-27.3431457504341,-46.5350168024223));
#1655=CARTESIAN_POINT('',(-65.843831449418,-32.500000000722,-46.5350168024223));
#1656=CARTESIAN_POINT('',(-67.015404325328,-30.1715728758364,-46.5350168024223));
#1657=CARTESIAN_POINT('Origin',(-69.843831449418,-27.3431457504341,-46.5350168022145));
#1658=CARTESIAN_POINT('',(-68.0438314506906,-31.200000000722,-46.5350168024223));
#1659=CARTESIAN_POINT('',(-67.5938314496138,-30.7499999998539,-46.5350168024223));
#1660=CARTESIAN_POINT('',(-75.3325616104327,-31.200000000722,-46.5350168024223));
#1661=CARTESIAN_POINT('',(-77.318831449418,-31.200000000722,-46.5350168024223));
#1662=CARTESIAN_POINT('',(-76.7869771990165,-30.1715728758677,-46.5350168024223));
#1663=CARTESIAN_POINT('',(-74.3189156260253,-31.9167559496727,-46.5350168024223));
#1664=CARTESIAN_POINT('',(-78.443831449418,-27.343145750512,-46.5350168024223));
#1665=CARTESIAN_POINT('Origin',(-72.7869771999257,-27.343145750398,-46.5350168024223));
#1666=CARTESIAN_POINT('',(-78.443831449418,-22.056854248372,-46.5350168024223));
#1667=CARTESIAN_POINT('',(-78.443831449418,-32.500000000722,-46.5350168024223));
#1668=CARTESIAN_POINT('Origin',(-72.7869771999257,-22.056854248258,-46.5350168024223));
#1669=CARTESIAN_POINT('',(-77.3438314494182,-24.6999999996749,-46.5350168024223));
#1670=CARTESIAN_POINT('Origin',(-72.1438314494182,-24.6999999996749,-46.5350168024223));
#1671=CARTESIAN_POINT('Origin',(-77.318831449418,-31.8499999999453,-42.5350168024223));
#1672=CARTESIAN_POINT('',(-69.343831449418,-32.4999999991687,-38.5350168024223));
#1673=CARTESIAN_POINT('',(-69.4824797870706,-32.6386483367914,-37.6817962621864));
#1674=CARTESIAN_POINT('',(-81.4940839811122,-32.4999999991687,-38.5350168024223));
#1675=CARTESIAN_POINT('',(-77.318831449418,-32.4999999991687,-38.5350168024223));
#1676=CARTESIAN_POINT('',(-79.4706682541447,-32.0730859536347,-41.1621801626934));
#1677=CARTESIAN_POINT('Origin',(-67.593831449418,-30.7500000001892,-33.3600168023518));
#1678=CARTESIAN_POINT('',(-67.015404325328,-30.1715728763403,-34.0350168024695));
#1679=CARTESIAN_POINT('',(-67.015404325328,-30.1715728764244,-31.9475168023285));
#1680=CARTESIAN_POINT('',(-69.343831449418,-32.4999999993501,-34.0350168024223));
#1681=CARTESIAN_POINT('',(-65.843831449418,-29.0000000009739,-34.0350168024223));
#1682=CARTESIAN_POINT('',(-69.343831449418,-32.4999999993773,-33.3600168024223));
#1683=CARTESIAN_POINT('Origin',(-88.193831449418,-24.6999999997268,-24.797841459807));
#1684=CARTESIAN_POINT('',(-88.793831449418,-22.3499999997268,-24.7978414597005));
#1685=CARTESIAN_POINT('Origin',(-88.793831449418,-24.6999999997268,-24.797841459807));
#1686=CARTESIAN_POINT('',(-87.593831449418,-23.5499999997268,-24.7978414597549));
#1687=CARTESIAN_POINT('',(-88.193831449418,-22.9499999997268,-24.7978414597277));
#1688=CARTESIAN_POINT('Origin',(-87.593831449418,-24.6999999997268,-24.797841459807));
#1689=CARTESIAN_POINT('Origin',(-88.7938314494181,-24.6999999997268,-24.797841459807));
#1690=CARTESIAN_POINT('',(-86.7938314494181,-23.5499999997268,-24.7978414597549));
#1691=CARTESIAN_POINT('',(-88.7938314494181,-23.5499999997268,-24.7978414597549));
#1692=CARTESIAN_POINT('Origin',(-86.7938314494181,-24.6999999997268,-24.797841459807));
#1693=CARTESIAN_POINT('Origin',(-88.793831449418,-16.8999999992634,-36.1850168017935));
#1694=CARTESIAN_POINT('',(-88.793831449418,-22.056854248671,-34.52816255293));
#1695=CARTESIAN_POINT('',(-88.7938314494181,-22.0568542496426,-14.1850168020014));
#1696=CARTESIAN_POINT('',(-88.793831449418,-22.0568542487558,-36.1850168020014));
#1697=CARTESIAN_POINT('',(-88.793831449418,-27.3431457498379,-34.52816255293));
#1698=CARTESIAN_POINT('',(-88.793831449418,-24.6999999999927,-34.52816255293));
#1699=CARTESIAN_POINT('',(-88.7938314494181,-27.3431457506579,-14.1850168022145));
#1700=CARTESIAN_POINT('',(-88.793831449418,-27.3431457497711,-36.1850168022145));
#1701=CARTESIAN_POINT('',(-88.7938314494181,-16.9000000001502,-14.1850168017935));
#1702=CARTESIAN_POINT('Origin',(-80.943831449418,-22.0568542487558,-36.1850168020014));
#1703=CARTESIAN_POINT('',(-78.1154043246719,-19.2284271248964,-14.1850168018874));
#1704=CARTESIAN_POINT('',(-76.9438314494181,-22.0568542496426,-14.1850168020014));
#1705=CARTESIAN_POINT('Origin',(-80.9438314494181,-22.0568542496426,-14.1850168020014));
#1706=CARTESIAN_POINT('',(-76.9438314494181,-22.0568542491851,-25.5350168024223));
#1707=CARTESIAN_POINT('',(-76.943831449418,-22.0568542487558,-36.1850168020014));
#1708=CARTESIAN_POINT('',(-78.1154043244836,-19.2284271242506,-25.5350168023751));
#1709=CARTESIAN_POINT('Origin',(-80.943831449418,-22.0568542491851,-25.5350168024223));
#1710=CARTESIAN_POINT('',(-78.1154043246718,-19.2284271240096,-36.1850168018874));
#1711=CARTESIAN_POINT('Origin',(-71.943831449418,-22.0568542486933,-25.5350168024223));
#1712=CARTESIAN_POINT('',(-71.943831449418,-22.0568542486933,-30.5350168024223));
#1713=CARTESIAN_POINT('Origin',(-71.943831449418,-22.0568542486933,-25.5350168024223));
#1714=CARTESIAN_POINT('',(-71.943831449418,-19.2284271239872,-31.7065896778791));
#1715=CARTESIAN_POINT('Origin',(-71.943831449418,-22.0568542486933,-34.5350168024223));
#1716=CARTESIAN_POINT('Origin',(-71.9438314493672,-19.2284271237154,-25.5350168022784));
#1717=CARTESIAN_POINT('Origin',(-76.943831449418,-22.0568542489364,-34.5350168024223));
#1718=CARTESIAN_POINT('',(-69.343831449418,-22.0568542489364,-30.5350168024223));
#1719=CARTESIAN_POINT('',(-76.943831449418,-22.0568542489364,-30.5350168024223));
#1720=CARTESIAN_POINT('',(-69.343831449418,-19.2284271242472,-31.7065896776191));
#1721=CARTESIAN_POINT('Origin',(-69.343831449418,-22.0568542489364,-34.5350168024223));
#1722=CARTESIAN_POINT('',(-76.943831449418,-19.2284271242472,-31.7065896776191));
#1723=CARTESIAN_POINT('Ctrl Pts',(-69.343831449418,-22.0568542489364,-30.5350168024223));
#1724=CARTESIAN_POINT('Ctrl Pts',(-65.843831449418,-22.0568542489364,-30.5350168024223));
#1725=CARTESIAN_POINT('Ctrl Pts',(-65.843831449418,-22.0568542489364,-34.0350168024223));
#1726=CARTESIAN_POINT('Ctrl Pts',(-69.343831449418,-20.3999999993639,-30.5350168023929));
#1727=CARTESIAN_POINT('Ctrl Pts',(-65.8438314493887,-20.3999999993639,-30.5350168023929));
#1728=CARTESIAN_POINT('Ctrl Pts',(-65.8438314493887,-20.3999999993639,-34.0350168024223));
#1729=CARTESIAN_POINT('Ctrl Pts',(-69.343831449418,-19.2284271240728,-31.7065896777226));
#1730=CARTESIAN_POINT('Ctrl Pts',(-67.0154043247183,-19.2284271240728,-31.7065896777226));
#1731=CARTESIAN_POINT('Ctrl Pts',(-67.0154043247183,-19.2284271240728,-34.0350168024223));
#1732=CARTESIAN_POINT('',(-65.843831449418,-22.0568542488654,-34.0350168024223));
#1733=CARTESIAN_POINT('Origin',(-69.343831449418,-22.0568542488654,-34.0350168024223));
#1734=CARTESIAN_POINT('',(-67.0154043247069,-19.2284271240613,-34.0350168023751));
#1735=CARTESIAN_POINT('Origin',(-69.843831449418,-22.0568542488654,-34.0350168024223));
#1736=CARTESIAN_POINT('Origin',(-69.343831449418,-19.2284271240842,-34.0350168024223));
#1737=CARTESIAN_POINT('Origin',(-69.843831449418,-22.0568542489266,-31.9475168020014));
#1738=CARTESIAN_POINT('',(-67.0154043246719,-19.2284271241804,-31.9475168018874));
#1739=CARTESIAN_POINT('',(-65.843831449418,-22.0568542489266,-31.9475168020014));
#1740=CARTESIAN_POINT('Origin',(-78.693831449418,-18.6499999992634,-36.1850168018641));
#1741=CARTESIAN_POINT('',(-80.4438314495178,-16.8999999996927,-25.5350168022813));
#1742=CARTESIAN_POINT('',(-80.4438314495178,-16.8999999996927,-25.5350168022813));
#1743=CARTESIAN_POINT('',(-80.4438314494181,-16.9000000001502,-14.1850168017935));
#1744=CARTESIAN_POINT('',(-80.443831449418,-16.8999999992634,-36.1850168017935));
#1745=CARTESIAN_POINT('',(-78.2250814494181,-19.1187500001502,-14.185016801883));
#1746=CARTESIAN_POINT('Origin',(-71.943831449418,-18.6499999993846,-25.5350168023518));
#1747=CARTESIAN_POINT('',(-71.943831449418,-16.8999999993501,-34.0350168024223));
#1748=CARTESIAN_POINT('',(-71.943831449418,-16.8999999993501,-34.0350168024223));
#1749=CARTESIAN_POINT('Origin',(-71.943831449418,-16.8999999996927,-25.5350168022812));
#1750=CARTESIAN_POINT('Origin',(-76.943831449418,-18.6499999994207,-32.2850168024223));
#1751=CARTESIAN_POINT('',(-69.343831449418,-16.8999999993501,-34.0350168022812));
#1752=CARTESIAN_POINT('',(-69.343831449418,-20.3999999994912,-30.5350168024223));
#1753=CARTESIAN_POINT('',(-76.943831449418,-16.8999999993501,-34.0350168024223));
#1754=CARTESIAN_POINT('Origin',(-69.343831449418,-20.3999999992634,-34.0350168024223));
#1755=CARTESIAN_POINT('',(-69.343831449418,-16.8999999993501,-34.0350168022812));
#1756=CARTESIAN_POINT('Origin',(-67.593831449418,-18.6499999993773,-33.360016801864));
#1757=CARTESIAN_POINT('',(-69.343831449418,-16.8999999993773,-33.3600168017935));
#1758=CARTESIAN_POINT('Origin',(-69.843831449418,-27.3431457510221,-31.9475168022145));
#1759=CARTESIAN_POINT('',(-65.843831449418,-27.343145750938,-34.0350168024223));
#1760=CARTESIAN_POINT('',(-65.843831449418,-27.3431457510221,-31.9475168022145));
#1761=CARTESIAN_POINT('Origin',(-69.843831449418,-27.343145750938,-34.0350168024223));
#1762=CARTESIAN_POINT('Ctrl Pts',(-65.843831449418,-27.3431457498807,-34.0350168024933));
#1763=CARTESIAN_POINT('Ctrl Pts',(-65.8438314493471,-27.3431457498807,-30.5350168024223));
#1764=CARTESIAN_POINT('Ctrl Pts',(-69.343831449418,-27.3431457498807,-30.5350168024223));
#1765=CARTESIAN_POINT('Ctrl Pts',(-65.843831449418,-29.0000000003545,-34.0350168024933));
#1766=CARTESIAN_POINT('Ctrl Pts',(-65.8438314493471,-29.0000000003545,-30.5350168024223));
#1767=CARTESIAN_POINT('Ctrl Pts',(-69.343831449418,-29.0000000003545,-30.5350168024223));
#1768=CARTESIAN_POINT('Ctrl Pts',(-67.0154043258566,-30.1715728758116,-34.0350168024695));
#1769=CARTESIAN_POINT('Ctrl Pts',(-67.0154043258094,-30.1715728758116,-31.7065896788609));
#1770=CARTESIAN_POINT('Ctrl Pts',(-69.343831449418,-30.1715728758116,-31.7065896788609));
#1771=CARTESIAN_POINT('',(-69.343831449418,-27.3431457498807,-30.5350168024223));
#1772=CARTESIAN_POINT('Origin',(-69.343831449418,-27.3431457498807,-34.0350168024223));
#1773=CARTESIAN_POINT('',(-69.343831449418,-30.1715728745918,-31.7065896767514));
#1774=CARTESIAN_POINT('Origin',(-69.343831449418,-27.3431457498807,-34.5350168024223));
#1775=CARTESIAN_POINT('Origin',(-69.343831449418,-30.1715728745918,-34.0350168024223));
#1776=CARTESIAN_POINT('Origin',(-79.906331449418,-27.3431457507704,-34.5350168024223));
#1777=CARTESIAN_POINT('',(-71.943831449418,-27.3431457507704,-30.5350168024223));
#1778=CARTESIAN_POINT('',(-79.906331449418,-27.3431457507704,-30.5350168024223));
#1779=CARTESIAN_POINT('',(-71.943831449418,-30.1715728760709,-31.7065896782304));
#1780=CARTESIAN_POINT('Origin',(-71.943831449418,-27.3431457507704,-34.5350168024223));
#1781=CARTESIAN_POINT('',(-79.906331449418,-30.1715728760709,-31.7065896782304));
#1782=CARTESIAN_POINT('Origin',(-71.9438314494181,-27.3431457497086,-25.5350168024223));
#1783=CARTESIAN_POINT('',(-76.9438314494181,-27.3431457497086,-25.5350168024223));
#1784=CARTESIAN_POINT('Origin',(-71.9438314494181,-27.3431457497086,-25.5350168024223));
#1785=CARTESIAN_POINT('',(-78.1154043243374,-30.1715728742355,-25.5350168024696));
#1786=CARTESIAN_POINT('Origin',(-80.943831449418,-27.3431457497086,-25.5350168024223));
#1787=CARTESIAN_POINT('Origin',(-71.943831449469,-30.1715728742231,-25.5350168025662));
#1788=CARTESIAN_POINT('Origin',(-80.943831449418,-27.3431457497711,-36.1850168022145));
#1789=CARTESIAN_POINT('',(-76.9438314494181,-27.3431457506579,-14.1850168022145));
#1790=CARTESIAN_POINT('',(-78.1154043246719,-30.171572875404,-14.1850168023285));
#1791=CARTESIAN_POINT('Origin',(-80.9438314494181,-27.3431457506578,-14.1850168022145));
#1792=CARTESIAN_POINT('',(-78.1154043246719,-30.1715728745173,-36.1850168023285));
#1793=CARTESIAN_POINT('',(-76.943831449418,-27.3431457497711,-36.1850168022145));
#1794=CARTESIAN_POINT('Origin',(-69.343831449418,-28.9999999992634,-34.0350168024223));
#1795=CARTESIAN_POINT('',(-69.343831449418,-32.4999999993501,-34.0350168024223));
#1796=CARTESIAN_POINT('Origin',(-82.868831449418,-30.750000000036,-32.2850168024223));
#1797=CARTESIAN_POINT('',(-71.943831449418,-32.4999999993501,-34.0350168024223));
#1798=CARTESIAN_POINT('',(-71.943831449418,-29.000000000722,-30.5350168024223));
#1799=CARTESIAN_POINT('',(-82.868831449418,-32.4999999993501,-34.0350168024223));
#1800=CARTESIAN_POINT('Origin',(-71.9438314494181,-30.7499999993846,-25.5350168024929));
#1801=CARTESIAN_POINT('',(-80.4438314493183,-32.4999999996927,-25.5350168025634));
#1802=CARTESIAN_POINT('',(-76.9438314494181,-28.9999999990765,-25.5350168024223));
#1803=CARTESIAN_POINT('Origin',(-71.9438314494181,-32.4999999996927,-25.5350168025634));
#1804=CARTESIAN_POINT('Origin',(-78.693831449418,-30.7499999992634,-36.1850168023518));
#1805=CARTESIAN_POINT('',(-80.4438314494181,-32.5000000001502,-14.1850168024223));
#1806=CARTESIAN_POINT('',(-78.2250814494181,-30.2812500001502,-14.1850168023329));
#1807=CARTESIAN_POINT('',(-80.443831449418,-32.4999999992634,-36.1850168024223));
#1808=CARTESIAN_POINT('Origin',(-82.8688314494181,-24.7000000001502,-14.1850168021079));
#1809=CARTESIAN_POINT('',(-85.2938314494181,-16.9000000001502,-14.1850168017935));
#1810=CARTESIAN_POINT('',(-76.9438314494181,-16.9000000001502,-14.1850168017935));
#1811=CARTESIAN_POINT('',(-87.6222585741642,-19.2284271248964,-14.1850168018874));
#1812=CARTESIAN_POINT('',(-87.5125814494181,-19.1187500001502,-14.185016801883));
#1813=CARTESIAN_POINT('Origin',(-84.7938314494181,-22.0568542496426,-14.1850168020014));
#1814=CARTESIAN_POINT('',(-87.6222585741642,-30.171572875404,-14.1850168023285));
#1815=CARTESIAN_POINT('Origin',(-84.7938314494181,-27.3431457506579,-14.1850168022145));
#1816=CARTESIAN_POINT('',(-85.2938314494181,-32.5000000001502,-14.1850168024223));
#1817=CARTESIAN_POINT('',(-87.512581449418,-30.2812500001502,-14.1850168023329));
#1818=CARTESIAN_POINT('',(-76.9438314494181,-32.5000000001502,-14.1850168024223));
#1819=CARTESIAN_POINT('',(-76.9438314494181,-32.5000000001502,-14.1850168024223));
#1820=CARTESIAN_POINT('',(-84.2059634837741,-30.9500000001502,-14.1850168023396));
#1821=CARTESIAN_POINT('',(-85.8712178101557,-29.2847456737686,-14.1850168022725));
#1822=CARTESIAN_POINT('',(-86.2668076383759,-28.8891558455484,-14.1850168022768));
#1823=CARTESIAN_POINT('',(-86.7938314494181,-27.057359313031,-14.1850168021827));
#1824=CARTESIAN_POINT('Origin',(-83.6438314494182,-27.057359313031,-14.185016802203));
#1825=CARTESIAN_POINT('',(-86.7938314494181,-22.3426406872695,-14.1850168019927));
#1826=CARTESIAN_POINT('',(-86.7938314494181,-23.5213203437099,-14.1850168020604));
#1827=CARTESIAN_POINT('',(-85.8712178101557,-20.1152543265319,-14.1850168019029));
#1828=CARTESIAN_POINT('Origin',(-83.6438314494181,-22.3426406872695,-14.1850168020129));
#1829=CARTESIAN_POINT('',(-84.2059634837741,-18.4500000001502,-14.1850168018358));
#1830=CARTESIAN_POINT('',(-85.434180475185,-19.6782169915612,-14.1850168019055));
#1831=CARTESIAN_POINT('',(-81.0816994150621,-18.4500000001502,-14.1850168018357));
#1832=CARTESIAN_POINT('',(-81.9752654322401,-18.4500000001502,-14.185016801856));
#1833=CARTESIAN_POINT('',(-79.4164450886804,-20.1152543265319,-14.1850168019029));
#1834=CARTESIAN_POINT('',(-79.1333552604602,-20.3983441547521,-14.1850168019345));
#1835=CARTESIAN_POINT('',(-78.4938314494181,-22.3426406872695,-14.1850168019926));
#1836=CARTESIAN_POINT('Origin',(-81.6438314494181,-22.3426406872695,-14.1850168020129));
#1837=CARTESIAN_POINT('',(-78.4938314494181,-27.0573593130309,-14.1850168021827));
#1838=CARTESIAN_POINT('',(-78.4938314494181,-25.8786796565906,-14.1850168021554));
#1839=CARTESIAN_POINT('',(-79.4164450886805,-29.2847456737686,-14.1850168022725));
#1840=CARTESIAN_POINT('Origin',(-81.6438314494181,-27.057359313031,-14.1850168022029));
#1841=CARTESIAN_POINT('',(-81.0816994150621,-30.9500000001502,-14.1850168023396));
#1842=CARTESIAN_POINT('',(-79.9659824236511,-29.8342830087392,-14.1850168023149));
#1843=CARTESIAN_POINT('',(-83.5373974665961,-30.9500000001502,-14.1850168023599));
#1844=CARTESIAN_POINT('Origin',(-76.7216543248823,-22.0568542484166,-42.6003396774657));
#1845=CARTESIAN_POINT('',(-87.6222585741642,-22.056854248742,-37.3565896776762));
#1846=CARTESIAN_POINT('',(-79.5500814496285,-22.0568542484166,-45.4287668022118));
#1847=CARTESIAN_POINT('Origin',(-84.793831449418,-22.056854248742,-34.52816255293));
#1848=CARTESIAN_POINT('Origin',(-84.793831449418,-22.056854248671,-34.5281625529968));
#1849=CARTESIAN_POINT('Origin',(-84.793831449418,-22.056854248671,-34.52816255293));
#1850=CARTESIAN_POINT('',(-87.6222585741102,-19.2284271240225,-34.5281625528828));
#1851=CARTESIAN_POINT('Origin',(-84.793831449418,-22.056854248671,-34.5281625529968));
#1852=CARTESIAN_POINT('Origin',(-84.793831449418,-19.2284271239594,-34.5281625528827));
#1853=CARTESIAN_POINT('Origin',(-84.793831449418,-22.0568542487558,-36.1850168020014));
#1854=CARTESIAN_POINT('',(-87.6222585741642,-19.2284271240096,-36.1850168018874));
#1855=CARTESIAN_POINT('Origin',(-84.793831449418,-24.6999999999927,-34.52816255293));
#1856=CARTESIAN_POINT('',(-87.6222585741642,-27.3431457496862,-37.3565896776762));
#1857=CARTESIAN_POINT('',(-87.6222585741642,-24.6999999999927,-37.3565896776762));
#1858=CARTESIAN_POINT('Origin',(-84.793831449418,-27.3431457496862,-34.52816255293));
#1859=CARTESIAN_POINT('Origin',(-78.443831449418,-32.500000000722,-46.5350168024223));
#1860=CARTESIAN_POINT('',(-81.031331449522,-27.3431457506163,-43.9475168023184));
#1861=CARTESIAN_POINT('Origin',(-84.793831449418,-27.3431457497711,-36.1850168022145));
#1862=CARTESIAN_POINT('',(-87.6222585741642,-30.171572874584,-34.5281625529772));
#1863=CARTESIAN_POINT('Origin',(-84.793831449418,-27.3431457498379,-34.52816255293));
#1864=CARTESIAN_POINT('',(-87.6222585741642,-30.1715728745173,-36.1850168023285));
#1865=CARTESIAN_POINT('Origin',(-84.793831449418,-27.3431457496862,-34.5281625528632));
#1866=CARTESIAN_POINT('',(-86.7938314494288,-30.1715728743864,-36.5281625529879));
#1867=CARTESIAN_POINT('Origin',(-84.793831449418,-27.3431457496862,-34.5281625528632));
#1868=CARTESIAN_POINT('Origin',(-84.793831449418,-30.171572874467,-34.5281625529772));
#1869=CARTESIAN_POINT('Origin',(-78.2029043247758,-27.3431457506163,-41.1190896775722));
#1870=CARTESIAN_POINT('',(-80.2029043242642,-30.1715728760054,-43.1190896771746));
#1871=CARTESIAN_POINT('Origin',(-68.9938314494182,-21.5499999996749,-42.5350168024223));
#1872=CARTESIAN_POINT('',(-68.9938314494182,-21.5499999996749,-42.5350168024223));
#1873=CARTESIAN_POINT('',(-75.2938314494182,-21.5499999996749,-42.5350168024223));
#1874=CARTESIAN_POINT('',(-70.5688314494182,-21.5499999996749,-42.5350168024223));
#1875=CARTESIAN_POINT('',(-68.9938314494182,-21.5499999996749,-32.5350168024223));
#1876=CARTESIAN_POINT('',(-68.9938314494182,-21.5499999996749,-42.5350168024223));
#1877=CARTESIAN_POINT('',(-75.2938314494182,-21.5499999996749,-32.5350168024223));
#1878=CARTESIAN_POINT('',(-70.5688314494182,-21.5499999996749,-32.5350168024223));
#1879=CARTESIAN_POINT('',(-75.2938314494182,-21.5499999996749,-42.5350168024223));
#1880=CARTESIAN_POINT('Origin',(-68.9938314494182,-27.8499999996749,-42.5350168024223));
#1881=CARTESIAN_POINT('',(-68.9938314494182,-27.8499999996749,-42.5350168024223));
#1882=CARTESIAN_POINT('',(-68.9938314494182,-26.2749999996749,-42.5350168024223));
#1883=CARTESIAN_POINT('',(-68.9938314494182,-27.8499999996749,-32.5350168024223));
#1884=CARTESIAN_POINT('',(-68.9938314494182,-27.8499999996749,-42.5350168024223));
#1885=CARTESIAN_POINT('',(-68.9938314494182,-26.2749999996749,-32.5350168024223));
#1886=CARTESIAN_POINT('Origin',(-75.2938314494182,-27.8499999996749,-42.5350168024223));
#1887=CARTESIAN_POINT('',(-75.2938314494182,-27.8499999996749,-42.5350168024223));
#1888=CARTESIAN_POINT('',(-73.7188314494182,-27.8499999996749,-42.5350168024223));
#1889=CARTESIAN_POINT('',(-75.2938314494182,-27.8499999996749,-32.5350168024223));
#1890=CARTESIAN_POINT('',(-75.2938314494182,-27.8499999996749,-42.5350168024223));
#1891=CARTESIAN_POINT('',(-73.7188314494182,-27.8499999996749,-32.5350168024223));
#1892=CARTESIAN_POINT('Origin',(-75.2938314494182,-21.5499999996749,-42.5350168024223));
#1893=CARTESIAN_POINT('',(-75.2938314494182,-23.1249999996749,-42.5350168024223));
#1894=CARTESIAN_POINT('',(-75.2938314494182,-23.1249999996749,-32.5350168024223));
#1895=CARTESIAN_POINT('Origin',(-72.1438314494182,-24.6999999996749,-32.5350168024223));
#1896=CARTESIAN_POINT('Origin',(-72.1438314494182,-24.6999999996749,-46.5350168024223));
#1897=CARTESIAN_POINT('',(-77.3438314494182,-24.6999999996749,-42.5350168024223));
#1898=CARTESIAN_POINT('',(-77.3438314494182,-24.6999999996749,-46.5350168024223));
#1899=CARTESIAN_POINT('Origin',(-72.1438314494182,-24.6999999996749,-42.5350168024223));
#1900=CARTESIAN_POINT('Origin',(-72.1438314494182,-24.6999999996749,-42.5350168024223));
#1901=CARTESIAN_POINT('Origin',(-65.843831449418,-32.500000000722,-30.5350168024223));
#1902=CARTESIAN_POINT('',(-65.843831449418,-32.500000000722,-34.0350168024223));
#1903=CARTESIAN_POINT('Origin',(-69.343831449418,-32.500000000722,-34.0350168024223));
#1904=CARTESIAN_POINT('',(-69.343831449418,-32.500000000722,-30.5350168024223));
#1905=CARTESIAN_POINT('Origin',(-76.9438314494181,-32.500000000722,-30.5350168024223));
#1906=CARTESIAN_POINT('',(-71.9438314494181,-32.4999999999927,-30.5350168024223));
#1907=CARTESIAN_POINT('Origin',(-71.9438314494181,-32.4999999999927,-25.5350168024223));
#1908=CARTESIAN_POINT('',(-76.9438314494181,-32.4999999999927,-25.5350168024223));
#1909=CARTESIAN_POINT('Origin',(-76.943831449418,-32.4999999992634,-36.1850168024223));
#1910=CARTESIAN_POINT('Origin',(-87.043831449418,-18.6499999992634,-36.1850168018641));
#1911=CARTESIAN_POINT('',(-85.293831449418,-16.8999999993302,-34.5281625527889));
#1912=CARTESIAN_POINT('',(-85.293831449418,-16.8999999992634,-36.1850168017935));
#1913=CARTESIAN_POINT('',(-85.293831449418,-16.8999999993302,-34.5281625527889));
#1914=CARTESIAN_POINT('Origin',(-84.793831449418,-18.6499999992673,-34.5281625528594));
#1915=CARTESIAN_POINT('Origin',(-84.793831449418,-16.8999999993302,-34.5281625527889));
#1916=CARTESIAN_POINT('Origin',(-76.943831449418,-16.8999999992634,-36.1850168017935));
#1917=CARTESIAN_POINT('Origin',(-87.043831449418,-30.7499999992634,-36.1850168023518));
#1918=CARTESIAN_POINT('',(-85.293831449418,-32.4999999993302,-34.528162553071));
#1919=CARTESIAN_POINT('',(-88.793831449418,-28.9999999993302,-34.52816255293));
#1920=CARTESIAN_POINT('',(-85.293831449418,-32.4999999992634,-36.1850168024223));
#1921=CARTESIAN_POINT('Origin',(-84.793831449418,-30.7499999992673,-34.5281625530005));
#1922=CARTESIAN_POINT('',(-85.1473848399731,-32.499999999316,-34.8817159436261));
#1923=CARTESIAN_POINT('',(-87.6222585741642,-28.9999999990903,-37.3565896776762));
#1924=CARTESIAN_POINT('Origin',(-84.793831449418,-32.4999999993302,-34.528162553071));
#1925=CARTESIAN_POINT('Origin',(-82.3813945823768,-30.7499999999501,-40.1225799353106));
#1926=CARTESIAN_POINT('',(-81.1439577152651,-32.4999999991546,-38.8851430682694));
#1927=CARTESIAN_POINT('Origin',(-88.793831449418,-32.500000000722,-36.1850168024224));
#1928=CARTESIAN_POINT('',(-85.8712178101557,-29.2847456728818,-36.1850168022725));
#1929=CARTESIAN_POINT('',(-84.205963483774,-30.9499999992634,-36.1850168023396));
#1930=CARTESIAN_POINT('',(-86.2668076383758,-28.8891558446617,-36.1850168022768));
#1931=CARTESIAN_POINT('',(-81.081699415062,-30.9499999992634,-36.1850168023396));
#1932=CARTESIAN_POINT('',(-83.537397466596,-30.9499999992634,-36.1850168023599));
#1933=CARTESIAN_POINT('',(-79.4164450886804,-29.2847456728818,-36.1850168022725));
#1934=CARTESIAN_POINT('',(-79.965982423651,-29.8342830078524,-36.1850168023149));
#1935=CARTESIAN_POINT('',(-78.4938314494181,-27.0573593121442,-36.1850168021827));
#1936=CARTESIAN_POINT('Origin',(-81.643831449418,-27.0573593121442,-36.1850168022029));
#1937=CARTESIAN_POINT('',(-78.493831449418,-22.3426406863827,-36.1850168019926));
#1938=CARTESIAN_POINT('',(-78.493831449418,-25.8786796557038,-36.1850168021554));
#1939=CARTESIAN_POINT('',(-79.4164450886804,-20.1152543256451,-36.1850168019029));
#1940=CARTESIAN_POINT('Origin',(-81.643831449418,-22.3426406863827,-36.1850168020129));
#1941=CARTESIAN_POINT('',(-81.081699415062,-18.4499999992634,-36.1850168018357));
#1942=CARTESIAN_POINT('',(-79.1333552604602,-20.3983441538653,-36.1850168019345));
#1943=CARTESIAN_POINT('',(-84.205963483774,-18.4499999992634,-36.1850168018358));
#1944=CARTESIAN_POINT('',(-81.97526543224,-18.4499999992634,-36.185016801856));
#1945=CARTESIAN_POINT('',(-85.8712178101557,-20.1152543256451,-36.1850168019029));
#1946=CARTESIAN_POINT('',(-85.434180475185,-19.6782169906744,-36.1850168019055));
#1947=CARTESIAN_POINT('',(-86.7938314494181,-22.3426406863827,-36.1850168019927));
#1948=CARTESIAN_POINT('Origin',(-83.643831449418,-22.3426406863827,-36.1850168020129));
#1949=CARTESIAN_POINT('',(-86.7938314494181,-27.0573593121442,-36.1850168021827));
#1950=CARTESIAN_POINT('',(-86.7938314494181,-23.5213203428231,-36.1850168020604));
#1951=CARTESIAN_POINT('Origin',(-83.6438314494182,-27.0573593121442,-36.185016802203));
#1952=CARTESIAN_POINT('Origin',(-85.8712178101557,-29.2847456728818,-36.1850168022725));
#1953=CARTESIAN_POINT('',(-85.8712178101557,-29.2847456728818,-36.1850168022725));
#1954=CARTESIAN_POINT('',(-84.205963483774,-30.9499999992634,-36.1850168023396));
#1955=CARTESIAN_POINT('Origin',(-83.6438314494182,-27.0573593121442,-36.1850168021827));
#1956=CARTESIAN_POINT('',(-86.7938314494181,-27.0573593121442,-36.1850168021827));
#1957=CARTESIAN_POINT('Origin',(-86.7938314494181,-22.3426406863827,-36.1850168019927));
#1958=CARTESIAN_POINT('',(-86.7938314494181,-22.3426406863827,-36.1850168019927));
#1959=CARTESIAN_POINT('Origin',(-83.643831449418,-22.3426406863827,-36.1850168019927));
#1960=CARTESIAN_POINT('',(-85.8712178101557,-20.1152543256451,-36.1850168019029));
#1961=CARTESIAN_POINT('Origin',(-84.205963483774,-18.4499999992634,-36.1850168018358));
#1962=CARTESIAN_POINT('',(-84.205963483774,-18.4499999992634,-36.1850168018358));
#1963=CARTESIAN_POINT('Origin',(-81.081699415062,-18.4499999992634,-36.1850168018357));
#1964=CARTESIAN_POINT('',(-81.081699415062,-18.4499999992634,-36.1850168018357));
#1965=CARTESIAN_POINT('Origin',(-79.4164450886804,-20.1152543256451,-36.1850168019029));
#1966=CARTESIAN_POINT('',(-79.4164450886804,-20.1152543256451,-36.1850168019029));
#1967=CARTESIAN_POINT('Origin',(-81.643831449418,-22.3426406863827,-36.1850168019927));
#1968=CARTESIAN_POINT('',(-78.493831449418,-22.3426406863827,-36.1850168019926));
#1969=CARTESIAN_POINT('Origin',(-78.493831449418,-27.0573593121442,-36.1850168021827));
#1970=CARTESIAN_POINT('',(-78.4938314494181,-27.0573593121442,-36.1850168021827));
#1971=CARTESIAN_POINT('Origin',(-81.643831449418,-27.0573593121442,-36.1850168021827));
#1972=CARTESIAN_POINT('',(-79.4164450886804,-29.2847456728818,-36.1850168022725));
#1973=CARTESIAN_POINT('Origin',(-81.081699415062,-30.9499999992634,-36.1850168023396));
#1974=CARTESIAN_POINT('',(-81.081699415062,-30.9499999992634,-36.1850168023396));
#1975=CARTESIAN_POINT('Origin',(-84.205963483774,-30.9499999992634,-36.1850168023396));
#1976=CARTESIAN_POINT('Origin',(-88.793831449418,-32.4999999992634,-36.1850168024224));
#1977=UNCERTAINTY_MEASURE_WITH_UNIT(LENGTH_MEASURE(0.01),#1981,
'DISTANCE_ACCURACY_VALUE',
'Maximum model space distance between geometric entities at asserted c
onnectivities');
#1978=UNCERTAINTY_MEASURE_WITH_UNIT(LENGTH_MEASURE(0.01),#1981,
'DISTANCE_ACCURACY_VALUE',
'Maximum model space distance between geometric entities at asserted c
onnectivities');
#1979=(
GEOMETRIC_REPRESENTATION_CONTEXT(3)
GLOBAL_UNCERTAINTY_ASSIGNED_CONTEXT((#1977))
GLOBAL_UNIT_ASSIGNED_CONTEXT((#1981,#1983,#1984))
REPRESENTATION_CONTEXT('','3D')
);
#1980=(
GEOMETRIC_REPRESENTATION_CONTEXT(3)
GLOBAL_UNCERTAINTY_ASSIGNED_CONTEXT((#1978))
GLOBAL_UNIT_ASSIGNED_CONTEXT((#1981,#1983,#1984))
REPRESENTATION_CONTEXT('','3D')
);
#1981=(
LENGTH_UNIT()
NAMED_UNIT(*)
SI_UNIT(.MILLI.,.METRE.)
);
#1982=(
LENGTH_UNIT()
NAMED_UNIT(*)
SI_UNIT($,.METRE.)
);
#1983=(
NAMED_UNIT(*)
PLANE_ANGLE_UNIT()
SI_UNIT($,.RADIAN.)
);
#1984=(
NAMED_UNIT(*)
SI_UNIT($,.STERADIAN.)
SOLID_ANGLE_UNIT()
);
#1985=SHAPE_DEFINITION_REPRESENTATION(#1986,#1987);
#1986=PRODUCT_DEFINITION_SHAPE('',$,#1989);
#1987=SHAPE_REPRESENTATION('',(#1170),#1979);
#1988=PRODUCT_DEFINITION_CONTEXT('part definition',#1993,'design');
#1989=PRODUCT_DEFINITION('(Unsaved)','(Unsaved)',#1990,#1988);
#1990=PRODUCT_DEFINITION_FORMATION('',$,#1995);
#1991=PRODUCT_RELATED_PRODUCT_CATEGORY('(Unsaved)','(Unsaved)',(#1995));
#1992=APPLICATION_PROTOCOL_DEFINITION('international standard',
'automotive_design',2009,#1993);
#1993=APPLICATION_CONTEXT(
'Core Data for Automotive Mechanical Design Process');
#1994=PRODUCT_CONTEXT('part definition',#1993,'mechanical');
#1995=PRODUCT('(Unsaved)','(Unsaved)',$,(#1994));
#1996=PRESENTATION_STYLE_ASSIGNMENT((#1997));
#1997=SURFACE_STYLE_USAGE(.BOTH.,#1998);
#1998=SURFACE_SIDE_STYLE('',(#1999));
#1999=SURFACE_STYLE_FILL_AREA(#2000);
#2000=FILL_AREA_STYLE('Steel - Satin',(#2001));
#2001=FILL_AREA_STYLE_COLOUR('Steel - Satin',#2002);
#2002=COLOUR_RGB('Steel - Satin',0.627450980392157,0.627450980392157,0.627450980392157);
ENDSEC;
END-ISO-10303-21;
