ISO-10303-21;
HEADER;
FILE_DESCRIPTION(('FreeCAD Model'),'2;1');
FILE_NAME('Open CASCADE Shape Model','2026-10-01T21:34:28',('FreeCAD'),(
    'FreeCAD'),'Open CASCADE STEP processor 7.9','FreeCAD','Unknown');
FILE_SCHEMA(('AUTOMOTIVE_DESIGN { 1 0 10303 214 1 1 1 1 }'));
ENDSEC;
DATA;
#1 = APPLICATION_PROTOCOL_DEFINITION('international standard',
  'automotive_design',2000,#2);
#2 = APPLICATION_CONTEXT(
  'core data for automotive mechanical design processes');
#3 = SHAPE_DEFINITION_REPRESENTATION(#4,#10);
#4 = PRODUCT_DEFINITION_SHAPE('','',#5);
#5 = PRODUCT_DEFINITION('design','',#6,#9);
#6 = PRODUCT_DEFINITION_FORMATION('','',#7);
#7 = PRODUCT('Open CASCADE STEP translator 7.9 1',
  'Open CASCADE STEP translator 7.9 1','',(#8));
#8 = PRODUCT_CONTEXT('',#2,'mechanical');
#9 = PRODUCT_DEFINITION_CONTEXT('part definition',#2,'design');
#10 = ADVANCED_BREP_SHAPE_REPRESENTATION('',(#11,#15),#2328);
#11 = AXIS2_PLACEMENT_3D('',#12,#13,#14);
#12 = CARTESIAN_POINT('',(0.,0.,0.));
#13 = DIRECTION('',(0.,0.,1.));
#14 = DIRECTION('',(1.,0.,-0.));
#15 = MANIFOLD_SOLID_BREP('',#16);
#16 = CLOSED_SHELL('',(#17,#108,#271,#295,#327,#359,#409,#434,#469,#494,
    #518,#542,#574,#599,#624,#649,#681,#752,#776,#819,#851,#875,#900,
    #925,#950,#1059,#1076,#1101,#1125,#1150,#1174,#1199,#1223,#1266,
    #1283,#1321,#1338,#1356,#1430,#1455,#1480,#1522,#1572,#1596,#1627,
    #1647,#1671,#1689,#1714,#1739,#1756,#1773,#1815,#1832,#1888,#1900,
    #1925,#1943,#1993,#2016,#2033,#2051,#2068,#2086,#2108,#2126,#2138,
    #2163,#2183,#2203,#2215,#2232,#2257,#2269,#2294,#2311));
#17 = ADVANCED_FACE('',(#18),#91,.F.);
#18 = FACE_BOUND('',#19,.F.);
#19 = EDGE_LOOP('',(#20,#31,#40,#49,#60,#69,#78));
#20 = ORIENTED_EDGE('',*,*,#21,.F.);
#21 = EDGE_CURVE('',#22,#24,#26,.T.);
#22 = VERTEX_POINT('',#23);
#23 = CARTESIAN_POINT('',(-8.599554443876,-43.59999999984,8.150445556076
    ));
#24 = VERTEX_POINT('',#25);
#25 = CARTESIAN_POINT('',(-9.443560050574,-43.59999999984,7.286892594472
    ));
#26 = B_SPLINE_CURVE_WITH_KNOTS('',3,(#27,#28,#29,#30),.UNSPECIFIED.,.F.
  ,.F.,(4,4),(0.,0.119920393183),.PIECEWISE_BEZIER_KNOTS.);
#27 = CARTESIAN_POINT('',(-8.599554443877,-43.59999999984,8.150445556075
    ));
#28 = CARTESIAN_POINT('',(-8.882209521286,-43.59999999984,7.867790478667
    ));
#29 = CARTESIAN_POINT('',(-9.164680199227,-43.59999999984,7.578274483254
    ));
#30 = CARTESIAN_POINT('',(-9.443560050574,-43.59999999984,7.286892594472
    ));
#31 = ORIENTED_EDGE('',*,*,#32,.F.);
#32 = EDGE_CURVE('',#33,#22,#35,.T.);
#33 = VERTEX_POINT('',#34);
#34 = CARTESIAN_POINT('',(-10.98625230689,-44.5999999996,5.763747693068)
  );
#35 = B_SPLINE_CURVE_WITH_KNOTS('',3,(#36,#37,#38,#39),.UNSPECIFIED.,.F.
  ,.F.,(4,4),(0.957692346135,1.309803489151),.PIECEWISE_BEZIER_KNOTS.);
#36 = CARTESIAN_POINT('',(-10.9859909201,-44.60141984322,5.764009079849)
  );
#37 = CARTESIAN_POINT('',(-10.1827788861,-44.30470693916,6.567221113855)
  );
#38 = CARTESIAN_POINT('',(-9.385199381463,-43.97830736313,7.364800618491
    ));
#39 = CARTESIAN_POINT('',(-8.599554443876,-43.59999999984,8.150445556076
    ));
#40 = ORIENTED_EDGE('',*,*,#41,.F.);
#41 = EDGE_CURVE('',#42,#33,#44,.T.);
#42 = VERTEX_POINT('',#43);
#43 = CARTESIAN_POINT('',(-11.18789309644,-44.60051019082,5.561385384527
    ));
#44 = B_SPLINE_CURVE_WITH_KNOTS('',3,(#45,#46,#47,#48),.UNSPECIFIED.,.F.
  ,.F.,(4,4),(0.101818776362,0.130304778256),.PIECEWISE_BEZIER_KNOTS.);
#45 = CARTESIAN_POINT('',(-11.18789309644,-44.60051019082,5.561385384527
    ));
#46 = CARTESIAN_POINT('',(-11.12067453767,-44.60017425555,5.629079027515
    ));
#47 = CARTESIAN_POINT('',(-11.05343749553,-44.59999999985,5.69656250442)
  );
#48 = CARTESIAN_POINT('',(-10.98625230825,-44.59999999985,5.763747691706
    ));
#49 = ORIENTED_EDGE('',*,*,#50,.F.);
#50 = EDGE_CURVE('',#51,#42,#53,.T.);
#51 = VERTEX_POINT('',#52);
#52 = CARTESIAN_POINT('',(-12.19999999986,-43.09999999986,3.977942831315
    ));
#53 = B_SPLINE_CURVE_WITH_KNOTS('',3,(#54,#55,#56,#57,#58,#59),
  .UNSPECIFIED.,.F.,.F.,(4,2,4),(3.193399998899E-02,0.138540606989,
    0.273646988371),.UNSPECIFIED.);
#54 = CARTESIAN_POINT('',(-12.19999999986,-43.09999999986,3.977942831315
    ));
#55 = CARTESIAN_POINT('',(-12.07422380313,-43.2864708799,4.253739580604)
  );
#56 = CARTESIAN_POINT('',(-11.9382590343,-43.48804693967,4.515344064773)
  );
#57 = CARTESIAN_POINT('',(-11.60751809439,-43.97839054786,5.061661476908
    ));
#58 = CARTESIAN_POINT('',(-11.40542951494,-44.27799918753,5.335958136185
    ));
#59 = CARTESIAN_POINT('',(-11.18789309644,-44.60051019082,5.561385384527
    ));
#60 = ORIENTED_EDGE('',*,*,#61,.F.);
#61 = EDGE_CURVE('',#62,#51,#64,.T.);
#62 = VERTEX_POINT('',#63);
#63 = CARTESIAN_POINT('',(-12.19999999986,-42.88627154911,3.826752088848
    ));
#64 = B_SPLINE_CURVE_WITH_KNOTS('',3,(#65,#66,#67,#68),.UNSPECIFIED.,.F.
  ,.F.,(4,4),(0.,2.623808092552E-02),.PIECEWISE_BEZIER_KNOTS.);
#65 = CARTESIAN_POINT('',(-12.19999999986,-42.88627154911,3.826752088847
    ));
#66 = CARTESIAN_POINT('',(-12.19999999986,-42.95584391807,3.879759085707
    ));
#67 = CARTESIAN_POINT('',(-12.19997192041,-43.02710847067,3.930171786159
    ));
#68 = CARTESIAN_POINT('',(-12.19993193612,-43.10002793123,3.977894277684
    ));
#69 = ORIENTED_EDGE('',*,*,#70,.F.);
#70 = EDGE_CURVE('',#71,#62,#73,.T.);
#71 = VERTEX_POINT('',#72);
#72 = CARTESIAN_POINT('',(-11.19999999986,-42.40461257738,4.721713333518
    ));
#73 = B_SPLINE_CURVE_WITH_KNOTS('',3,(#74,#75,#76,#77),.UNSPECIFIED.,.F.
  ,.F.,(4,4),(-0.926231889366,-0.780800139553),
  .PIECEWISE_BEZIER_KNOTS.);
#74 = CARTESIAN_POINT('',(-11.20141769406,-42.40728824352,4.724838513833
    ));
#75 = CARTESIAN_POINT('',(-11.53356166619,-42.57494877492,4.430621188868
    ));
#76 = CARTESIAN_POINT('',(-11.8665704472,-42.73358542728,4.12960004356)
  );
#77 = CARTESIAN_POINT('',(-12.19999999986,-42.88627154911,3.826752088847
    ));
#78 = ORIENTED_EDGE('',*,*,#79,.F.);
#79 = EDGE_CURVE('',#24,#71,#80,.T.);
#80 = B_SPLINE_CURVE_WITH_KNOTS('',3,(#81,#82,#83,#84,#85,#86,#87,#88,
    #89,#90),.UNSPECIFIED.,.F.,.F.,(4,2,2,2,4),(0.,0.128779276319,
    0.269276730243,0.326592518653,0.378031479639),.UNSPECIFIED.);
#81 = CARTESIAN_POINT('',(-9.443560050562,-43.59999999984,7.286892594484
    ));
#82 = CARTESIAN_POINT('',(-9.740369882961,-43.59999999985,6.976776933006
    ));
#83 = CARTESIAN_POINT('',(-10.03770569217,-43.55683658369,6.65616230241)
  );
#84 = CARTESIAN_POINT('',(-10.59862374885,-43.35983875649,5.989620703343
    ));
#85 = CARTESIAN_POINT('',(-10.84018477319,-43.2017219452,5.662503943337)
  );
#86 = CARTESIAN_POINT('',(-11.06262252128,-42.91233184151,5.248284118585
    ));
#87 = CARTESIAN_POINT('',(-11.1153819701,-42.81770784751,5.129650574016)
  );
#88 = CARTESIAN_POINT('',(-11.18261201176,-42.61704821678,4.912199241352
    ));
#89 = CARTESIAN_POINT('',(-11.19999999986,-42.51449392071,4.814007750518
    ));
#90 = CARTESIAN_POINT('',(-11.19999999986,-42.40461257738,4.721713333518
    ));
#91 = B_SPLINE_SURFACE_WITH_KNOTS('',3,3,(
    (#92,#93,#94,#95)
    ,(#96,#97,#98,#99)
    ,(#100,#101,#102,#103)
    ,(#104,#105,#106,#107
    )),.UNSPECIFIED.,.F.,.F.,.F.,(4,4),(4,4),(0.,1.),(0.780800139553,
    1.309803489151),.PIECEWISE_BEZIER_KNOTS.);
#92 = CARTESIAN_POINT('',(-12.19999999986,-45.02894452557,4.550000000098
    ));
#93 = CARTESIAN_POINT('',(-10.98716064092,-44.61955702562,5.762839359032
    ));
#94 = CARTESIAN_POINT('',(-9.779888585017,-44.16835992348,6.970111414939
    ));
#95 = CARTESIAN_POINT('',(-8.599554443876,-43.59999999984,8.150445556076
    ));
#96 = CARTESIAN_POINT('',(-12.32482694739,-44.2893272434,4.425173052557)
  );
#97 = CARTESIAN_POINT('',(-11.13202197188,-43.82542237482,5.618254729467
    ));
#98 = CARTESIAN_POINT('',(-9.946063384923,-43.30759375313,6.802229382278
    ));
#99 = CARTESIAN_POINT('',(-8.836435334017,-42.61612133286,7.913564665931
    ));
#100 = CARTESIAN_POINT('',(-12.32482694739,-43.55023877832,
    4.175697656884));
#101 = CARTESIAN_POINT('',(-11.13202197188,-43.03204948779,
    5.329083375932));
#102 = CARTESIAN_POINT('',(-9.946063384923,-42.44734015045,
    6.468191744939));
#103 = CARTESIAN_POINT('',(-8.836435334017,-41.63467703205,
    7.440975092838));
#104 = CARTESIAN_POINT('',(-12.19999999986,-42.88627154911,
    3.826752088847));
#105 = CARTESIAN_POINT('',(-10.98716064092,-42.33088065279,
    4.928351861028));
#106 = CARTESIAN_POINT('',(-9.779888585017,-41.69675725068,
    6.005780799883));
#107 = CARTESIAN_POINT('',(-8.599554443877,-40.83598730802,
    6.819505453848));
#108 = ADVANCED_FACE('',(#109,#255),#266,.T.);
#109 = FACE_BOUND('',#110,.T.);
#110 = EDGE_LOOP('',(#111,#112,#120,#129,#137,#146,#154,#167,#175,#183,
    #191,#200,#208,#216,#224,#233,#241,#249));
#111 = ORIENTED_EDGE('',*,*,#21,.F.);
#112 = ORIENTED_EDGE('',*,*,#113,.F.);
#113 = EDGE_CURVE('',#114,#22,#116,.T.);
#114 = VERTEX_POINT('',#115);
#115 = CARTESIAN_POINT('',(-7.371572875115,-43.59999999983,
    9.378427124837));
#116 = LINE('',#117,#118);
#117 = CARTESIAN_POINT('',(-9.587499999861,-43.59999999985,
    7.162500000091));
#118 = VECTOR('',#119,1.);
#119 = DIRECTION('',(-0.707106781187,-3.523735150805E-12,-0.707106781187
    ));
#120 = ORIENTED_EDGE('',*,*,#121,.F.);
#121 = EDGE_CURVE('',#122,#114,#124,.T.);
#122 = VERTEX_POINT('',#123);
#123 = CARTESIAN_POINT('',(-4.543145750369,-43.59999999983,
    10.550000000091));
#124 = CIRCLE('',#125,4.);
#125 = AXIS2_PLACEMENT_3D('',#126,#127,#128);
#126 = CARTESIAN_POINT('',(-4.543145750369,-43.59999999985,
    6.550000000091));
#127 = DIRECTION('',(1.266166167602E-16,-1.,4.983187423863E-12));
#128 = DIRECTION('',(-0.382683432365,4.603816413493E-12,0.923879532511)
  );
#129 = ORIENTED_EDGE('',*,*,#130,.F.);
#130 = EDGE_CURVE('',#131,#122,#133,.T.);
#131 = VERTEX_POINT('',#132);
#132 = CARTESIAN_POINT('',(4.543145750646,-43.59999999983,
    10.550000000091));
#133 = LINE('',#134,#135);
#134 = CARTESIAN_POINT('',(11.200000000139,-43.59999999983,
    10.550000000091));
#135 = VECTOR('',#136,1.);
#136 = DIRECTION('',(-1.,-1.7080354225E-16,1.66533453694E-16));
#137 = ORIENTED_EDGE('',*,*,#138,.F.);
#138 = EDGE_CURVE('',#139,#131,#141,.T.);
#139 = VERTEX_POINT('',#140);
#140 = CARTESIAN_POINT('',(7.371572875392,-43.59999999983,9.378427124837
    ));
#141 = CIRCLE('',#142,4.);
#142 = AXIS2_PLACEMENT_3D('',#143,#144,#145);
#143 = CARTESIAN_POINT('',(4.543145750646,-43.59999999985,6.550000000091
    ));
#144 = DIRECTION('',(1.266166167604E-16,-1.,4.983187423863E-12));
#145 = DIRECTION('',(0.382683432365,4.603913321656E-12,0.923879532511));
#146 = ORIENTED_EDGE('',*,*,#147,.F.);
#147 = EDGE_CURVE('',#148,#139,#150,.T.);
#148 = VERTEX_POINT('',#149);
#149 = CARTESIAN_POINT('',(8.599554444147,-43.59999999984,8.150445556082
    ));
#150 = LINE('',#151,#152);
#151 = CARTESIAN_POINT('',(9.587500000139,-43.59999999985,7.162500000091
    ));
#152 = VECTOR('',#153,1.);
#153 = DIRECTION('',(-0.707106781187,3.523556087869E-12,0.707106781187)
  );
#154 = ORIENTED_EDGE('',*,*,#155,.F.);
#155 = EDGE_CURVE('',#156,#148,#158,.T.);
#156 = VERTEX_POINT('',#157);
#157 = CARTESIAN_POINT('',(9.443560050851,-43.59999999984,7.286892594472
    ));
#158 = B_SPLINE_CURVE_WITH_KNOTS('',3,(#159,#160,#161,#162,#163,#164,
    #165,#166),.UNSPECIFIED.,.F.,.F.,(4,2,2,4),(7.548059807364E-02,
    9.569023252048E-02,0.145299665481,0.196167960161),.UNSPECIFIED.);
#159 = CARTESIAN_POINT('',(9.443560050851,-43.59999999984,7.286892594472
    ));
#160 = CARTESIAN_POINT('',(9.396917916832,-43.59999999984,7.33562567089)
  );
#161 = CARTESIAN_POINT('',(9.350220060877,-43.59999999984,7.384259863419
    ));
#162 = CARTESIAN_POINT('',(9.188746899887,-43.59999999984,7.551866126248
    ));
#163 = CARTESIAN_POINT('',(9.073374566061,-43.59999999984,7.670640463912
    ));
#164 = CARTESIAN_POINT('',(8.83891050187,-43.59999999984,7.909822139004)
  );
#165 = CARTESIAN_POINT('',(8.719457002568,-43.59999999984,8.030542997662
    ));
#166 = CARTESIAN_POINT('',(8.599554444153,-43.59999999984,8.150445556077
    ));
#167 = ORIENTED_EDGE('',*,*,#168,.F.);
#168 = EDGE_CURVE('',#169,#156,#171,.T.);
#169 = VERTEX_POINT('',#170);
#170 = CARTESIAN_POINT('',(9.323138928243,-43.59999999984,7.286892594472
    ));
#171 = LINE('',#172,#173);
#172 = CARTESIAN_POINT('',(6.100000000139,-43.59999999984,7.286892594472
    ));
#173 = VECTOR('',#174,1.);
#174 = DIRECTION('',(1.,1.266166167821E-16,4.360293322013E-15));
#175 = ORIENTED_EDGE('',*,*,#176,.T.);
#176 = EDGE_CURVE('',#169,#177,#179,.T.);
#177 = VERTEX_POINT('',#178);
#178 = CARTESIAN_POINT('',(9.323138928243,-43.59999999993,-10.0499999999
    ));
#179 = LINE('',#180,#181);
#180 = CARTESIAN_POINT('',(9.323138928243,-43.59999999991,
    -5.749999999909));
#181 = VECTOR('',#182,1.);
#182 = DIRECTION('',(-9.082273323575E-16,-4.983187423863E-12,-1.));
#183 = ORIENTED_EDGE('',*,*,#184,.T.);
#184 = EDGE_CURVE('',#177,#185,#187,.T.);
#185 = VERTEX_POINT('',#186);
#186 = CARTESIAN_POINT('',(7.500000000139,-43.59999999993,-10.0499999999
    ));
#187 = LINE('',#188,#189);
#188 = CARTESIAN_POINT('',(3.750000000139,-43.59999999993,-10.0499999999
    ));
#189 = VECTOR('',#190,1.);
#190 = DIRECTION('',(-1.,-1.266166167596E-16,1.665334536938E-16));
#191 = ORIENTED_EDGE('',*,*,#192,.T.);
#192 = EDGE_CURVE('',#185,#193,#195,.T.);
#193 = VERTEX_POINT('',#194);
#194 = CARTESIAN_POINT('',(5.350000000139,-43.59999999994,-12.1999999999
    ));
#195 = CIRCLE('',#196,2.15);
#196 = AXIS2_PLACEMENT_3D('',#197,#198,#199);
#197 = CARTESIAN_POINT('',(7.500000000139,-43.59999999994,-12.1999999999
    ));
#198 = DIRECTION('',(1.266166167604E-16,-1.,4.983187423863E-12));
#199 = DIRECTION('',(-1.,-1.266166167596E-16,1.665334536938E-16));
#200 = ORIENTED_EDGE('',*,*,#201,.T.);
#201 = EDGE_CURVE('',#193,#202,#204,.T.);
#202 = VERTEX_POINT('',#203);
#203 = CARTESIAN_POINT('',(5.350000000139,-43.59999999995,
    -13.52313892801));
#204 = LINE('',#205,#206);
#205 = CARTESIAN_POINT('',(5.350000000139,-43.59999999993,
    -8.799999999909));
#206 = VECTOR('',#207,1.);
#207 = DIRECTION('',(-1.665334536931E-16,-4.983187423863E-12,-1.));
#208 = ORIENTED_EDGE('',*,*,#209,.F.);
#209 = EDGE_CURVE('',#210,#202,#212,.T.);
#210 = VERTEX_POINT('',#211);
#211 = CARTESIAN_POINT('',(-5.349999999861,-43.59999999995,
    -13.52313892801));
#212 = LINE('',#213,#214);
#213 = CARTESIAN_POINT('',(-4.599999999861,-43.59999999995,
    -13.52313892801));
#214 = VECTOR('',#215,1.);
#215 = DIRECTION('',(1.,1.266166167596E-16,-1.665334536938E-16));
#216 = ORIENTED_EDGE('',*,*,#217,.T.);
#217 = EDGE_CURVE('',#210,#218,#220,.T.);
#218 = VERTEX_POINT('',#219);
#219 = CARTESIAN_POINT('',(-5.349999999861,-43.59999999994,
    -12.1999999999));
#220 = LINE('',#221,#222);
#221 = CARTESIAN_POINT('',(-5.349999999861,-43.59999999992,
    -7.699999999909));
#222 = VECTOR('',#223,1.);
#223 = DIRECTION('',(1.665334536931E-16,4.983187423863E-12,1.));
#224 = ORIENTED_EDGE('',*,*,#225,.T.);
#225 = EDGE_CURVE('',#218,#226,#228,.T.);
#226 = VERTEX_POINT('',#227);
#227 = CARTESIAN_POINT('',(-7.499999999861,-43.59999999993,
    -10.0499999999));
#228 = CIRCLE('',#229,2.15);
#229 = AXIS2_PLACEMENT_3D('',#230,#231,#232);
#230 = CARTESIAN_POINT('',(-7.499999999861,-43.59999999994,
    -12.1999999999));
#231 = DIRECTION('',(1.266166167604E-16,-1.,4.983187423863E-12));
#232 = DIRECTION('',(1.665334536931E-16,4.983187423863E-12,1.));
#233 = ORIENTED_EDGE('',*,*,#234,.T.);
#234 = EDGE_CURVE('',#226,#235,#237,.T.);
#235 = VERTEX_POINT('',#236);
#236 = CARTESIAN_POINT('',(-9.323138927966,-43.59999999993,
    -10.0499999999));
#237 = LINE('',#238,#239);
#238 = CARTESIAN_POINT('',(-5.099999999861,-43.59999999993,
    -10.0499999999));
#239 = VECTOR('',#240,1.);
#240 = DIRECTION('',(-1.,-1.266166179071E-16,-2.301019457278E-13));
#241 = ORIENTED_EDGE('',*,*,#242,.T.);
#242 = EDGE_CURVE('',#235,#243,#245,.T.);
#243 = VERTEX_POINT('',#244);
#244 = CARTESIAN_POINT('',(-9.323138927966,-43.59999999984,
    7.286892594472));
#245 = LINE('',#246,#247);
#246 = CARTESIAN_POINT('',(-9.323138927966,-43.59999999988,
    0.237500000091));
#247 = VECTOR('',#248,1.);
#248 = DIRECTION('',(-1.316854303635E-15,4.983187423863E-12,1.));
#249 = ORIENTED_EDGE('',*,*,#250,.F.);
#250 = EDGE_CURVE('',#24,#243,#251,.T.);
#251 = LINE('',#252,#253);
#252 = CARTESIAN_POINT('',(6.100000000139,-43.59999999984,7.286892594472
    ));
#253 = VECTOR('',#254,1.);
#254 = DIRECTION('',(1.,1.266166167821E-16,4.360293322013E-15));
#255 = FACE_BOUND('',#256,.T.);
#256 = EDGE_LOOP('',(#257));
#257 = ORIENTED_EDGE('',*,*,#258,.F.);
#258 = EDGE_CURVE('',#259,#259,#261,.T.);
#259 = VERTEX_POINT('',#260);
#260 = CARTESIAN_POINT('',(-3.673940397442E-16,-43.5999999999,-2.8));
#261 = CIRCLE('',#262,1.5);
#262 = AXIS2_PLACEMENT_3D('',#263,#264,#265);
#263 = CARTESIAN_POINT('',(0.,-43.5999999999,-4.3));
#264 = DIRECTION('',(0.,1.,0.));
#265 = DIRECTION('',(0.,-0.,1.));
#266 = PLANE('',#267);
#267 = AXIS2_PLACEMENT_3D('',#268,#269,#270);
#268 = CARTESIAN_POINT('',(1.386030095256E-10,-43.5999999999,
    -3.199999999909));
#269 = DIRECTION('',(-1.266166167604E-16,1.,-4.983187423863E-12));
#270 = DIRECTION('',(1.,1.266166167596E-16,-1.665334536938E-16));
#271 = ADVANCED_FACE('',(#272),#290,.T.);
#272 = FACE_BOUND('',#273,.T.);
#273 = EDGE_LOOP('',(#274,#275,#283,#289));
#274 = ORIENTED_EDGE('',*,*,#32,.F.);
#275 = ORIENTED_EDGE('',*,*,#276,.F.);
#276 = EDGE_CURVE('',#277,#33,#279,.T.);
#277 = VERTEX_POINT('',#278);
#278 = CARTESIAN_POINT('',(-7.371572875115,-44.59999999983,
    9.378427124842));
#279 = LINE('',#280,#281);
#280 = CARTESIAN_POINT('',(-9.587499999861,-44.59999999985,
    7.162500000096));
#281 = VECTOR('',#282,1.);
#282 = DIRECTION('',(-0.707106781187,-3.523735150805E-12,-0.707106781187
    ));
#283 = ORIENTED_EDGE('',*,*,#284,.F.);
#284 = EDGE_CURVE('',#114,#277,#285,.T.);
#285 = LINE('',#286,#287);
#286 = CARTESIAN_POINT('',(-7.371572875115,-43.59999999983,
    9.378427124837));
#287 = VECTOR('',#288,1.);
#288 = DIRECTION('',(1.423362852075E-16,-1.,4.983193345144E-12));
#289 = ORIENTED_EDGE('',*,*,#113,.T.);
#290 = PLANE('',#291);
#291 = AXIS2_PLACEMENT_3D('',#292,#293,#294);
#292 = CARTESIAN_POINT('',(-9.199999999861,-43.59999999984,
    7.550000000091));
#293 = DIRECTION('',(-0.707106781187,3.523549159363E-12,0.707106781187)
  );
#294 = DIRECTION('',(0.707106781187,0.,0.707106781187));
#295 = ADVANCED_FACE('',(#296),#322,.T.);
#296 = FACE_BOUND('',#297,.T.);
#297 = EDGE_LOOP('',(#298,#299,#307,#315,#321));
#298 = ORIENTED_EDGE('',*,*,#41,.F.);
#299 = ORIENTED_EDGE('',*,*,#300,.T.);
#300 = EDGE_CURVE('',#42,#301,#303,.T.);
#301 = VERTEX_POINT('',#302);
#302 = CARTESIAN_POINT('',(-10.51372870775,-45.59999999986,
    4.822057729834));
#303 = LINE('',#304,#305);
#304 = CARTESIAN_POINT('',(-9.371437760109,-47.29351597353,
    3.569355419436));
#305 = VECTOR('',#306,1.);
#306 = DIRECTION('',(0.476696333553,-0.706731377961,-0.522772766107));
#307 = ORIENTED_EDGE('',*,*,#308,.T.);
#308 = EDGE_CURVE('',#301,#309,#311,.T.);
#309 = VERTEX_POINT('',#310);
#310 = CARTESIAN_POINT('',(-6.664466093929,-45.59999999984,
    8.671320343661));
#311 = LINE('',#312,#313);
#312 = CARTESIAN_POINT('',(-8.880393218675,-45.59999999985,
    6.455393218915));
#313 = VECTOR('',#314,1.);
#314 = DIRECTION('',(0.707106781187,3.523735150805E-12,0.707106781187));
#315 = ORIENTED_EDGE('',*,*,#316,.T.);
#316 = EDGE_CURVE('',#309,#277,#317,.T.);
#317 = LINE('',#318,#319);
#318 = CARTESIAN_POINT('',(-6.664466093929,-45.59999999984,
    8.671320343661));
#319 = VECTOR('',#320,1.);
#320 = DIRECTION('',(-0.5,0.707106781189,0.499999999996));
#321 = ORIENTED_EDGE('',*,*,#276,.T.);
#322 = PLANE('',#323);
#323 = AXIS2_PLACEMENT_3D('',#324,#325,#326);
#324 = CARTESIAN_POINT('',(-9.233946609268,-45.09999999985,
    6.808946609505));
#325 = DIRECTION('',(-0.5,-0.707106781184,0.500000000004));
#326 = DIRECTION('',(0.707106781189,5.551115123126E-17,0.707106781184));
#327 = ADVANCED_FACE('',(#328),#354,.T.);
#328 = FACE_BOUND('',#329,.T.);
#329 = EDGE_LOOP('',(#330,#331,#339,#347,#353));
#330 = ORIENTED_EDGE('',*,*,#50,.F.);
#331 = ORIENTED_EDGE('',*,*,#332,.T.);
#332 = EDGE_CURVE('',#51,#333,#335,.T.);
#333 = VERTEX_POINT('',#334);
#334 = CARTESIAN_POINT('',(-12.19999999986,-43.09999999995,
    -13.39999999991));
#335 = LINE('',#336,#337);
#336 = CARTESIAN_POINT('',(-12.19999999986,-43.09999999992,
    -8.299999999911));
#337 = VECTOR('',#338,1.);
#338 = DIRECTION('',(-9.082273323571E-16,-4.983187423863E-12,-1.));
#339 = ORIENTED_EDGE('',*,*,#340,.T.);
#340 = EDGE_CURVE('',#333,#341,#343,.T.);
#341 = VERTEX_POINT('',#342);
#342 = CARTESIAN_POINT('',(-10.51372870775,-45.59999999995,
    -13.39999999989));
#343 = LINE('',#344,#345);
#344 = CARTESIAN_POINT('',(-12.19999999986,-43.09999999995,
    -13.39999999991));
#345 = VECTOR('',#346,1.);
#346 = DIRECTION('',(0.559192903471,-0.829037572555,4.130829706769E-12)
  );
#347 = ORIENTED_EDGE('',*,*,#348,.T.);
#348 = EDGE_CURVE('',#341,#301,#349,.T.);
#349 = LINE('',#350,#351);
#350 = CARTESIAN_POINT('',(-10.51372870775,-45.59999999992,
    -8.299999999899));
#351 = VECTOR('',#352,1.);
#352 = DIRECTION('',(9.082273323571E-16,4.983187423863E-12,1.));
#353 = ORIENTED_EDGE('',*,*,#300,.F.);
#354 = PLANE('',#355);
#355 = AXIS2_PLACEMENT_3D('',#356,#357,#358);
#356 = CARTESIAN_POINT('',(-11.3568643538,-44.34999999992,
    -8.299999999905));
#357 = DIRECTION('',(-0.829037572555,-0.559192903471,2.787315998672E-12)
  );
#358 = DIRECTION('',(3.36211058575E-12,-2.423380700839E-27,1.));
#359 = ADVANCED_FACE('',(#360),#404,.T.);
#360 = FACE_BOUND('',#361,.T.);
#361 = EDGE_LOOP('',(#362,#363,#372,#380,#389,#397,#403));
#362 = ORIENTED_EDGE('',*,*,#61,.F.);
#363 = ORIENTED_EDGE('',*,*,#364,.F.);
#364 = EDGE_CURVE('',#365,#62,#367,.T.);
#365 = VERTEX_POINT('',#366);
#366 = CARTESIAN_POINT('',(-12.19999999986,-42.75678216051,
    3.731819712083));
#367 = CIRCLE('',#368,4.35);
#368 = AXIS2_PLACEMENT_3D('',#369,#370,#371);
#369 = CARTESIAN_POINT('',(-12.19999999986,-40.24999999984,
    7.286892594455));
#370 = DIRECTION('',(-1.,-1.423362852038E-16,9.082273323578E-16));
#371 = DIRECTION('',(-2.916833226836E-16,-0.887770173265,-0.460286996842
    ));
#372 = ORIENTED_EDGE('',*,*,#373,.F.);
#373 = EDGE_CURVE('',#374,#365,#376,.T.);
#374 = VERTEX_POINT('',#375);
#375 = CARTESIAN_POINT('',(-12.19999999986,-37.22372823881,
    -0.169692668625));
#376 = LINE('',#377,#378);
#377 = CARTESIAN_POINT('',(-12.19999999986,-35.81389938199,
    -1.163802759981));
#378 = VECTOR('',#379,1.);
#379 = DIRECTION('',(6.397112511006E-16,-0.817258133879,0.576271761072)
  );
#380 = ORIENTED_EDGE('',*,*,#381,.F.);
#381 = EDGE_CURVE('',#382,#374,#384,.T.);
#382 = VERTEX_POINT('',#383);
#383 = CARTESIAN_POINT('',(-12.19999999986,-36.79999999989,
    -0.986950802509));
#384 = CIRCLE('',#385,1.);
#385 = AXIS2_PLACEMENT_3D('',#386,#387,#388);
#386 = CARTESIAN_POINT('',(-12.19999999986,-37.79999999989,
    -0.986950802504));
#387 = DIRECTION('',(1.,1.423362852038E-16,-9.082273323578E-16));
#388 = DIRECTION('',(2.916833226836E-16,0.887770173265,0.460286996842));
#389 = ORIENTED_EDGE('',*,*,#390,.F.);
#390 = EDGE_CURVE('',#391,#382,#393,.T.);
#391 = VERTEX_POINT('',#392);
#392 = CARTESIAN_POINT('',(-12.19999999986,-36.79999999995,
    -13.39999999994));
#393 = LINE('',#394,#395);
#394 = CARTESIAN_POINT('',(-12.19999999986,-36.79999999992,
    -8.299999999943));
#395 = VECTOR('',#396,1.);
#396 = DIRECTION('',(9.082273323571E-16,4.983187423863E-12,1.));
#397 = ORIENTED_EDGE('',*,*,#398,.F.);
#398 = EDGE_CURVE('',#333,#391,#399,.T.);
#399 = LINE('',#400,#401);
#400 = CARTESIAN_POINT('',(-12.19999999986,-43.59999999995,
    -13.3999999999));
#401 = VECTOR('',#402,1.);
#402 = DIRECTION('',(-1.423362852084E-16,1.,-4.983193345144E-12));
#403 = ORIENTED_EDGE('',*,*,#332,.F.);
#404 = PLANE('',#405);
#405 = AXIS2_PLACEMENT_3D('',#406,#407,#408);
#406 = CARTESIAN_POINT('',(-12.19999999986,-43.59999999995,
    -13.3999999999));
#407 = DIRECTION('',(-1.,-1.423362852038E-16,9.082273323578E-16));
#408 = DIRECTION('',(9.082273323571E-16,4.983187423863E-12,1.));
#409 = ADVANCED_FACE('',(#410),#429,.F.);
#410 = FACE_BOUND('',#411,.F.);
#411 = EDGE_LOOP('',(#412,#413,#421,#428));
#412 = ORIENTED_EDGE('',*,*,#364,.F.);
#413 = ORIENTED_EDGE('',*,*,#414,.T.);
#414 = EDGE_CURVE('',#365,#415,#417,.T.);
#415 = VERTEX_POINT('',#416);
#416 = CARTESIAN_POINT('',(-11.19999999986,-42.18051039944,
    4.549077845962));
#417 = LINE('',#418,#419);
#418 = CARTESIAN_POINT('',(-12.19999999986,-42.75678216051,
    3.731819712083));
#419 = VECTOR('',#420,1.);
#420 = DIRECTION('',(0.707106781187,0.40748567006,0.577888768445));
#421 = ORIENTED_EDGE('',*,*,#422,.F.);
#422 = EDGE_CURVE('',#71,#415,#423,.T.);
#423 = CIRCLE('',#424,3.35);
#424 = AXIS2_PLACEMENT_3D('',#425,#426,#427);
#425 = CARTESIAN_POINT('',(-11.19999999986,-40.24999999984,
    7.286892594455));
#426 = DIRECTION('',(1.,1.423362852038E-16,-9.082273323578E-16));
#427 = DIRECTION('',(-2.916833226836E-16,-0.887770173265,-0.460286996842
    ));
#428 = ORIENTED_EDGE('',*,*,#70,.T.);
#429 = CONICAL_SURFACE('',#430,3.85,0.785398163398);
#430 = AXIS2_PLACEMENT_3D('',#431,#432,#433);
#431 = CARTESIAN_POINT('',(-11.69999999986,-40.24999999984,
    7.286892594455));
#432 = DIRECTION('',(-1.,0.,1.110223024625E-15));
#433 = DIRECTION('',(-5.110212218297E-16,-0.887770173265,-0.460286996842
    ));
#434 = ADVANCED_FACE('',(#435),#464,.F.);
#435 = FACE_BOUND('',#436,.F.);
#436 = EDGE_LOOP('',(#437,#438,#446,#455,#462,#463));
#437 = ORIENTED_EDGE('',*,*,#422,.T.);
#438 = ORIENTED_EDGE('',*,*,#439,.F.);
#439 = EDGE_CURVE('',#440,#415,#442,.T.);
#440 = VERTEX_POINT('',#441);
#441 = CARTESIAN_POINT('',(-10.19999999986,-42.18051039944,
    4.549077845962));
#442 = LINE('',#443,#444);
#443 = CARTESIAN_POINT('',(6.100000000139,-42.18051039944,4.549077845962
    ));
#444 = VECTOR('',#445,1.);
#445 = DIRECTION('',(-1.,-1.266166167821E-16,-4.360293322013E-15));
#446 = ORIENTED_EDGE('',*,*,#447,.F.);
#447 = EDGE_CURVE('',#448,#440,#450,.T.);
#448 = VERTEX_POINT('',#449);
#449 = CARTESIAN_POINT('',(-10.19999999986,-42.29999999986,
    4.637364334567));
#450 = CIRCLE('',#451,3.35);
#451 = AXIS2_PLACEMENT_3D('',#452,#453,#454);
#452 = CARTESIAN_POINT('',(-10.19999999986,-40.24999999984,
    7.286892594455));
#453 = DIRECTION('',(1.,1.423362852149E-16,1.316854303634E-15));
#454 = DIRECTION('',(7.324928212854E-16,-0.887770173265,-0.460286996842)
  );
#455 = ORIENTED_EDGE('',*,*,#456,.F.);
#456 = EDGE_CURVE('',#243,#448,#457,.T.);
#457 = ELLIPSE('',#458,4.040830127488,3.35);
#458 = AXIS2_PLACEMENT_3D('',#459,#460,#461);
#459 = CARTESIAN_POINT('',(-11.58274245938,-40.24999999984,
    7.286892594455));
#460 = DIRECTION('',(0.829037572555,0.559192903471,-2.785471322394E-12)
  );
#461 = DIRECTION('',(0.559192903471,-0.829037572555,4.137478686396E-12)
  );
#462 = ORIENTED_EDGE('',*,*,#250,.F.);
#463 = ORIENTED_EDGE('',*,*,#79,.T.);
#464 = CYLINDRICAL_SURFACE('',#465,3.35);
#465 = AXIS2_PLACEMENT_3D('',#466,#467,#468);
#466 = CARTESIAN_POINT('',(6.100000000139,-40.24999999984,7.286892594455
    ));
#467 = DIRECTION('',(-1.,-1.266166167821E-16,-4.360293322013E-15));
#468 = DIRECTION('',(2.119392774359E-15,-0.887770173265,-0.460286996842)
  );
#469 = ADVANCED_FACE('',(#470),#489,.T.);
#470 = FACE_BOUND('',#471,.T.);
#471 = EDGE_LOOP('',(#472,#481,#487,#488));
#472 = ORIENTED_EDGE('',*,*,#473,.F.);
#473 = EDGE_CURVE('',#474,#277,#476,.T.);
#474 = VERTEX_POINT('',#475);
#475 = CARTESIAN_POINT('',(-4.543145750369,-44.59999999983,
    10.550000000096));
#476 = CIRCLE('',#477,4.);
#477 = AXIS2_PLACEMENT_3D('',#478,#479,#480);
#478 = CARTESIAN_POINT('',(-4.543145750369,-44.59999999985,
    6.550000000096));
#479 = DIRECTION('',(1.266166167602E-16,-1.,4.983187423863E-12));
#480 = DIRECTION('',(-0.382683432365,4.603816413493E-12,0.923879532511)
  );
#481 = ORIENTED_EDGE('',*,*,#482,.T.);
#482 = EDGE_CURVE('',#474,#122,#483,.T.);
#483 = LINE('',#484,#485);
#484 = CARTESIAN_POINT('',(-4.543145750369,-43.59999999983,
    10.550000000091));
#485 = VECTOR('',#486,1.);
#486 = DIRECTION('',(-1.423362852075E-16,1.,-4.983193345144E-12));
#487 = ORIENTED_EDGE('',*,*,#121,.T.);
#488 = ORIENTED_EDGE('',*,*,#284,.T.);
#489 = CYLINDRICAL_SURFACE('',#490,4.);
#490 = AXIS2_PLACEMENT_3D('',#491,#492,#493);
#491 = CARTESIAN_POINT('',(-4.543145750369,-43.59999999985,
    6.550000000091));
#492 = DIRECTION('',(-1.423362852075E-16,1.,-4.983193345144E-12));
#493 = DIRECTION('',(-0.382683432365,4.603815868387E-12,0.923879532511)
  );
#494 = ADVANCED_FACE('',(#495),#513,.T.);
#495 = FACE_BOUND('',#496,.T.);
#496 = EDGE_LOOP('',(#497,#505,#511,#512));
#497 = ORIENTED_EDGE('',*,*,#498,.T.);
#498 = EDGE_CURVE('',#235,#499,#501,.T.);
#499 = VERTEX_POINT('',#500);
#500 = CARTESIAN_POINT('',(-10.19999999986,-42.29999999993,
    -10.04999999991));
#501 = LINE('',#502,#503);
#502 = CARTESIAN_POINT('',(-9.679449979153,-43.07174714279,
    -10.04999999991));
#503 = VECTOR('',#504,1.);
#504 = DIRECTION('',(-0.559192903471,0.829037572555,-4.260191394346E-12)
  );
#505 = ORIENTED_EDGE('',*,*,#506,.T.);
#506 = EDGE_CURVE('',#499,#448,#507,.T.);
#507 = LINE('',#508,#509);
#508 = CARTESIAN_POINT('',(-10.19999999986,-42.29999999986,
    3.675000000085));
#509 = VECTOR('',#510,1.);
#510 = DIRECTION('',(-1.316854303635E-15,4.983187423863E-12,1.));
#511 = ORIENTED_EDGE('',*,*,#456,.F.);
#512 = ORIENTED_EDGE('',*,*,#242,.F.);
#513 = PLANE('',#514);
#514 = AXIS2_PLACEMENT_3D('',#515,#516,#517);
#515 = CARTESIAN_POINT('',(-9.761569463914,-42.94999999986,
    3.675000000088));
#516 = DIRECTION('',(0.829037572555,0.559192903471,-2.785471322394E-12)
  );
#517 = DIRECTION('',(-3.359885504114E-12,4.644813009941E-27,-1.));
#518 = ADVANCED_FACE('',(#519),#537,.T.);
#519 = FACE_BOUND('',#520,.T.);
#520 = EDGE_LOOP('',(#521,#529,#535,#536));
#521 = ORIENTED_EDGE('',*,*,#522,.F.);
#522 = EDGE_CURVE('',#523,#474,#525,.T.);
#523 = VERTEX_POINT('',#524);
#524 = CARTESIAN_POINT('',(4.543145750646,-44.59999999983,
    10.550000000096));
#525 = LINE('',#526,#527);
#526 = CARTESIAN_POINT('',(5.100000000139,-44.59999999983,
    10.550000000096));
#527 = VECTOR('',#528,1.);
#528 = DIRECTION('',(-1.,-1.266166167596E-16,1.665334536938E-16));
#529 = ORIENTED_EDGE('',*,*,#530,.F.);
#530 = EDGE_CURVE('',#131,#523,#531,.T.);
#531 = LINE('',#532,#533);
#532 = CARTESIAN_POINT('',(4.543145750646,-43.59999999983,
    10.550000000091));
#533 = VECTOR('',#534,1.);
#534 = DIRECTION('',(1.423362852075E-16,-1.,4.983193345144E-12));
#535 = ORIENTED_EDGE('',*,*,#130,.T.);
#536 = ORIENTED_EDGE('',*,*,#482,.F.);
#537 = PLANE('',#538);
#538 = AXIS2_PLACEMENT_3D('',#539,#540,#541);
#539 = CARTESIAN_POINT('',(10.200000000139,-43.59999999983,
    10.550000000091));
#540 = DIRECTION('',(1.665334536931E-16,4.983193345144E-12,1.));
#541 = DIRECTION('',(1.,1.266166167596E-16,-1.665334536938E-16));
#542 = ADVANCED_FACE('',(#543),#569,.T.);
#543 = FACE_BOUND('',#544,.T.);
#544 = EDGE_LOOP('',(#545,#546,#547,#555,#563));
#545 = ORIENTED_EDGE('',*,*,#498,.F.);
#546 = ORIENTED_EDGE('',*,*,#234,.F.);
#547 = ORIENTED_EDGE('',*,*,#548,.T.);
#548 = EDGE_CURVE('',#226,#549,#551,.T.);
#549 = VERTEX_POINT('',#550);
#550 = CARTESIAN_POINT('',(-7.499999999861,-41.99999999993,
    -10.04999999991));
#551 = LINE('',#552,#553);
#552 = CARTESIAN_POINT('',(-7.499999999861,-43.59999999993,
    -10.0499999999));
#553 = VECTOR('',#554,1.);
#554 = DIRECTION('',(0.,1.,-4.983513601786E-12));
#555 = ORIENTED_EDGE('',*,*,#556,.F.);
#556 = EDGE_CURVE('',#557,#549,#559,.T.);
#557 = VERTEX_POINT('',#558);
#558 = CARTESIAN_POINT('',(-10.19999999986,-41.99999999993,
    -10.04999999991));
#559 = LINE('',#560,#561);
#560 = CARTESIAN_POINT('',(-10.19999999986,-41.99999999993,
    -10.04999999991));
#561 = VECTOR('',#562,1.);
#562 = DIRECTION('',(1.,1.266166179071E-16,2.301019457278E-13));
#563 = ORIENTED_EDGE('',*,*,#564,.F.);
#564 = EDGE_CURVE('',#499,#557,#565,.T.);
#565 = LINE('',#566,#567);
#566 = CARTESIAN_POINT('',(-10.19999999986,-43.59999999993,
    -10.0499999999));
#567 = VECTOR('',#568,1.);
#568 = DIRECTION('',(-1.423362852084E-16,1.,-4.983513601786E-12));
#569 = PLANE('',#570);
#570 = AXIS2_PLACEMENT_3D('',#571,#572,#573);
#571 = CARTESIAN_POINT('',(-10.19999999986,-43.59999999993,
    -10.0499999999));
#572 = DIRECTION('',(-2.301019457278E-13,4.983513601786E-12,1.));
#573 = DIRECTION('',(1.,1.266166179071E-16,2.301019457278E-13));
#574 = ADVANCED_FACE('',(#575),#594,.T.);
#575 = FACE_BOUND('',#576,.T.);
#576 = EDGE_LOOP('',(#577,#586,#592,#593));
#577 = ORIENTED_EDGE('',*,*,#578,.F.);
#578 = EDGE_CURVE('',#579,#523,#581,.T.);
#579 = VERTEX_POINT('',#580);
#580 = CARTESIAN_POINT('',(7.371572875392,-44.59999999983,9.378427124842
    ));
#581 = CIRCLE('',#582,4.);
#582 = AXIS2_PLACEMENT_3D('',#583,#584,#585);
#583 = CARTESIAN_POINT('',(4.543145750646,-44.59999999985,6.550000000096
    ));
#584 = DIRECTION('',(1.266166167604E-16,-1.,4.983187423863E-12));
#585 = DIRECTION('',(0.382683432365,4.603913321656E-12,0.923879532511));
#586 = ORIENTED_EDGE('',*,*,#587,.T.);
#587 = EDGE_CURVE('',#579,#139,#588,.T.);
#588 = LINE('',#589,#590);
#589 = CARTESIAN_POINT('',(7.371572875392,-43.59999999983,9.378427124837
    ));
#590 = VECTOR('',#591,1.);
#591 = DIRECTION('',(-1.423362852073E-16,1.,-4.983193345144E-12));
#592 = ORIENTED_EDGE('',*,*,#138,.T.);
#593 = ORIENTED_EDGE('',*,*,#530,.T.);
#594 = CYLINDRICAL_SURFACE('',#595,4.);
#595 = AXIS2_PLACEMENT_3D('',#596,#597,#598);
#596 = CARTESIAN_POINT('',(4.543145750646,-43.59999999985,6.550000000091
    ));
#597 = DIRECTION('',(1.423362852075E-16,-1.,4.983193345144E-12));
#598 = DIRECTION('',(0.382683432365,4.603924807864E-12,0.923879532511));
#599 = ADVANCED_FACE('',(#600),#619,.T.);
#600 = FACE_BOUND('',#601,.T.);
#601 = EDGE_LOOP('',(#602,#603,#611,#618));
#602 = ORIENTED_EDGE('',*,*,#225,.F.);
#603 = ORIENTED_EDGE('',*,*,#604,.T.);
#604 = EDGE_CURVE('',#218,#605,#607,.T.);
#605 = VERTEX_POINT('',#606);
#606 = CARTESIAN_POINT('',(-5.349999999861,-41.99999999994,
    -12.19999999991));
#607 = LINE('',#608,#609);
#608 = CARTESIAN_POINT('',(-5.349999999861,-43.59999999994,
    -12.1999999999));
#609 = VECTOR('',#610,1.);
#610 = DIRECTION('',(0.,1.,-4.983513601786E-12));
#611 = ORIENTED_EDGE('',*,*,#612,.F.);
#612 = EDGE_CURVE('',#549,#605,#613,.T.);
#613 = CIRCLE('',#614,2.15);
#614 = AXIS2_PLACEMENT_3D('',#615,#616,#617);
#615 = CARTESIAN_POINT('',(-7.499999999861,-41.99999999994,
    -12.19999999991));
#616 = DIRECTION('',(-1.266166167604E-16,1.,-4.983187423863E-12));
#617 = DIRECTION('',(1.665334536931E-16,4.983187423863E-12,1.));
#618 = ORIENTED_EDGE('',*,*,#548,.F.);
#619 = CYLINDRICAL_SURFACE('',#620,2.15);
#620 = AXIS2_PLACEMENT_3D('',#621,#622,#623);
#621 = CARTESIAN_POINT('',(-7.499999999861,-43.59999999994,
    -12.1999999999));
#622 = DIRECTION('',(0.,1.,-4.983513601786E-12));
#623 = DIRECTION('',(1.665334536931E-16,4.983513601786E-12,1.));
#624 = ADVANCED_FACE('',(#625),#644,.T.);
#625 = FACE_BOUND('',#626,.T.);
#626 = EDGE_LOOP('',(#627,#636,#637,#638));
#627 = ORIENTED_EDGE('',*,*,#628,.F.);
#628 = EDGE_CURVE('',#148,#629,#631,.T.);
#629 = VERTEX_POINT('',#630);
#630 = CARTESIAN_POINT('',(10.986252307092,-44.59999999959,
    5.763747693143));
#631 = B_SPLINE_CURVE_WITH_KNOTS('',3,(#632,#633,#634,#635),
  .UNSPECIFIED.,.F.,.F.,(4,4),(0.843910265208,1.196000245303),
  .PIECEWISE_BEZIER_KNOTS.);
#632 = CARTESIAN_POINT('',(8.599554444148,-43.59999999984,8.150445556082
    ));
#633 = CARTESIAN_POINT('',(9.385731174798,-43.97856343457,7.364268825434
    ));
#634 = CARTESIAN_POINT('',(10.183278421337,-44.30491505984,
    6.566721578896));
#635 = CARTESIAN_POINT('',(10.985988513188,-44.60143297319,
    5.764011487047));
#636 = ORIENTED_EDGE('',*,*,#147,.T.);
#637 = ORIENTED_EDGE('',*,*,#587,.F.);
#638 = ORIENTED_EDGE('',*,*,#639,.F.);
#639 = EDGE_CURVE('',#629,#579,#640,.T.);
#640 = LINE('',#641,#642);
#641 = CARTESIAN_POINT('',(9.587500000139,-44.59999999985,7.162500000096
    ));
#642 = VECTOR('',#643,1.);
#643 = DIRECTION('',(-0.707106781187,3.523556087869E-12,0.707106781187)
  );
#644 = PLANE('',#645);
#645 = AXIS2_PLACEMENT_3D('',#646,#647,#648);
#646 = CARTESIAN_POINT('',(9.200000000139,-43.59999999984,7.550000000091
    ));
#647 = DIRECTION('',(0.707106781187,3.523750453268E-12,0.707106781187));
#648 = DIRECTION('',(0.707106781187,0.,-0.707106781187));
#649 = ADVANCED_FACE('',(#650),#676,.T.);
#650 = FACE_BOUND('',#651,.T.);
#651 = EDGE_LOOP('',(#652,#660,#668,#674,#675));
#652 = ORIENTED_EDGE('',*,*,#653,.F.);
#653 = EDGE_CURVE('',#654,#210,#656,.T.);
#654 = VERTEX_POINT('',#655);
#655 = CARTESIAN_POINT('',(-5.349999999861,-42.29999999995,
    -14.39999999991));
#656 = LINE('',#657,#658);
#657 = CARTESIAN_POINT('',(-5.349999999861,-43.58169826282,
    -13.53548360558));
#658 = VECTOR('',#659,1.);
#659 = DIRECTION('',(9.312432549568E-17,-0.829037572552,0.559192903475)
  );
#660 = ORIENTED_EDGE('',*,*,#661,.F.);
#661 = EDGE_CURVE('',#662,#654,#664,.T.);
#662 = VERTEX_POINT('',#663);
#663 = CARTESIAN_POINT('',(-5.349999999861,-41.99999999995,
    -14.39999999991));
#664 = LINE('',#665,#666);
#665 = CARTESIAN_POINT('',(-5.349999999861,-43.59999999995,
    -14.3999999999));
#666 = VECTOR('',#667,1.);
#667 = DIRECTION('',(-5.333344461325E-32,-1.,4.983193345144E-12));
#668 = ORIENTED_EDGE('',*,*,#669,.F.);
#669 = EDGE_CURVE('',#605,#662,#670,.T.);
#670 = LINE('',#671,#672);
#671 = CARTESIAN_POINT('',(-5.349999999861,-41.99999999995,
    -14.39999999991));
#672 = VECTOR('',#673,1.);
#673 = DIRECTION('',(-1.665334536931E-16,-4.983187423863E-12,-1.));
#674 = ORIENTED_EDGE('',*,*,#604,.F.);
#675 = ORIENTED_EDGE('',*,*,#217,.F.);
#676 = PLANE('',#677);
#677 = AXIS2_PLACEMENT_3D('',#678,#679,#680);
#678 = CARTESIAN_POINT('',(-5.349999999861,-43.59999999994,
    -12.1999999999));
#679 = DIRECTION('',(1.,-8.299217316322E-28,-1.665334536931E-16));
#680 = DIRECTION('',(-1.665334536931E-16,-4.983187423863E-12,-1.));
#681 = ADVANCED_FACE('',(#682),#735,.F.);
#682 = FACE_BOUND('',#683,.F.);
#683 = EDGE_LOOP('',(#684,#697,#704,#705,#706,#719,#728));
#684 = ORIENTED_EDGE('',*,*,#685,.F.);
#685 = EDGE_CURVE('',#686,#688,#690,.T.);
#686 = VERTEX_POINT('',#687);
#687 = CARTESIAN_POINT('',(11.187893096722,-44.60051019082,
    5.561385384527));
#688 = VERTEX_POINT('',#689);
#689 = CARTESIAN_POINT('',(12.200000000139,-43.09999999986,
    3.977942831315));
#690 = B_SPLINE_CURVE_WITH_KNOTS('',3,(#691,#692,#693,#694,#695,#696),
  .UNSPECIFIED.,.F.,.F.,(4,2,4),(8.199685991432E-03,0.139941891654,
    0.24948496036),.UNSPECIFIED.);
#691 = CARTESIAN_POINT('',(11.187893096722,-44.60051019082,
    5.561385384527));
#692 = CARTESIAN_POINT('',(11.400391348134,-44.2854685774,5.341179055746
    ));
#693 = CARTESIAN_POINT('',(11.59814117947,-43.99229239593,5.074344710777
    ));
#694 = CARTESIAN_POINT('',(11.930244845603,-43.49992846303,4.53073777073
    ));
#695 = CARTESIAN_POINT('',(12.07052480051,-43.29195487722,4.261850598442
    ));
#696 = CARTESIAN_POINT('',(12.200000000139,-43.09999999986,
    3.977942831315));
#697 = ORIENTED_EDGE('',*,*,#698,.F.);
#698 = EDGE_CURVE('',#629,#686,#699,.T.);
#699 = B_SPLINE_CURVE_WITH_KNOTS('',3,(#700,#701,#702,#703),
  .UNSPECIFIED.,.F.,.F.,(4,4),(0.,2.850426091492E-02),
  .PIECEWISE_BEZIER_KNOTS.);
#700 = CARTESIAN_POINT('',(10.986252308529,-44.59999999985,
    5.763747691706));
#701 = CARTESIAN_POINT('',(11.053437495814,-44.59999999985,
    5.696562504421));
#702 = CARTESIAN_POINT('',(11.120674537951,-44.60017425555,
    5.629079027515));
#703 = CARTESIAN_POINT('',(11.187893096722,-44.60051019082,
    5.561385384527));
#704 = ORIENTED_EDGE('',*,*,#628,.F.);
#705 = ORIENTED_EDGE('',*,*,#155,.F.);
#706 = ORIENTED_EDGE('',*,*,#707,.F.);
#707 = EDGE_CURVE('',#708,#156,#710,.T.);
#708 = VERTEX_POINT('',#709);
#709 = CARTESIAN_POINT('',(11.200000000139,-42.40461257738,
    4.721713333518));
#710 = B_SPLINE_CURVE_WITH_KNOTS('',3,(#711,#712,#713,#714,#715,#716,
    #717,#718),.UNSPECIFIED.,.F.,.F.,(4,2,2,4),(0.,6.512514187959E-02,
    0.157712063908,0.330216198141),.UNSPECIFIED.);
#711 = CARTESIAN_POINT('',(11.200000000139,-42.40461257738,
    4.721713333518));
#712 = CARTESIAN_POINT('',(11.200000000139,-42.57083910804,4.86133467661
    ));
#713 = CARTESIAN_POINT('',(11.160249726668,-42.7192912573,5.013646574217
    ));
#714 = CARTESIAN_POINT('',(10.995523083642,-43.0343880866,5.401242287298
    ));
#715 = CARTESIAN_POINT('',(10.843874112498,-43.17874341303,
    5.640235844099));
#716 = CARTESIAN_POINT('',(10.353276607536,-43.49016435824,
    6.309785919633));
#717 = CARTESIAN_POINT('',(9.917354880489,-43.59999999985,6.791857791175
    ));
#718 = CARTESIAN_POINT('',(9.443560050839,-43.59999999984,7.286892594484
    ));
#719 = ORIENTED_EDGE('',*,*,#720,.F.);
#720 = EDGE_CURVE('',#721,#708,#723,.T.);
#721 = VERTEX_POINT('',#722);
#722 = CARTESIAN_POINT('',(12.200000000139,-42.88627154911,
    3.826752088848));
#723 = B_SPLINE_CURVE_WITH_KNOTS('',3,(#724,#725,#726,#727),
  .UNSPECIFIED.,.F.,.F.,(4,4),(-1.373042299044,-1.227481409472),
  .PIECEWISE_BEZIER_KNOTS.);
#724 = CARTESIAN_POINT('',(12.200000000139,-42.88627154911,
    3.826752088848));
#725 = CARTESIAN_POINT('',(11.866646307214,-42.73362016544,
    4.129531141552));
#726 = CARTESIAN_POINT('',(11.533641526966,-42.57500118641,4.43056595947
    ));
#727 = CARTESIAN_POINT('',(11.201424292864,-42.40731283756,4.72485976993
    ));
#728 = ORIENTED_EDGE('',*,*,#729,.F.);
#729 = EDGE_CURVE('',#688,#721,#730,.T.);
#730 = B_SPLINE_CURVE_WITH_KNOTS('',3,(#731,#732,#733,#734),
  .UNSPECIFIED.,.F.,.F.,(4,4),(5.719919399253E-02,8.343145485252E-02),
  .PIECEWISE_BEZIER_KNOTS.);
#731 = CARTESIAN_POINT('',(12.199931400525,-43.10002774845,
    3.977894831637));
#732 = CARTESIAN_POINT('',(12.199971690361,-43.02710838959,
    3.930172025215));
#733 = CARTESIAN_POINT('',(12.200000000139,-42.95584391826,3.87975908585
    ));
#734 = CARTESIAN_POINT('',(12.200000000139,-42.88627154911,
    3.826752088848));
#735 = B_SPLINE_SURFACE_WITH_KNOTS('',3,3,(
    (#736,#737,#738,#739)
    ,(#740,#741,#742,#743)
    ,(#744,#745,#746,#747)
    ,(#748,#749,#750,#751
    )),.UNSPECIFIED.,.F.,.F.,.F.,(4,4),(4,4),(0.,1.),(0.843910265208,
    1.373042299044),.PIECEWISE_BEZIER_KNOTS.);
#736 = CARTESIAN_POINT('',(8.599554444148,-43.59999999984,8.150445556082
    ));
#737 = CARTESIAN_POINT('',(9.781045869524,-44.16891718431,6.968954130709
    ));
#738 = CARTESIAN_POINT('',(10.988217645398,-44.61991381179,
    5.761782354837));
#739 = CARTESIAN_POINT('',(12.200000000139,-45.02894452556,
    4.550000000098));
#740 = CARTESIAN_POINT('',(8.836435334289,-42.61612133285,7.913564665936
    ));
#741 = CARTESIAN_POINT('',(9.947151344109,-43.30827172227,6.801139749475
    ));
#742 = CARTESIAN_POINT('',(11.133061516147,-43.82582667353,
    5.617214944332));
#743 = CARTESIAN_POINT('',(12.324826947676,-44.2893272434,4.425173052557
    ));
#744 = CARTESIAN_POINT('',(8.836435334289,-41.63467703204,7.440975092843
    ));
#745 = CARTESIAN_POINT('',(9.947151344109,-42.44813694365,6.46723795839)
  );
#746 = CARTESIAN_POINT('',(11.133061516147,-43.03250109604,
    5.328078186305));
#747 = CARTESIAN_POINT('',(12.324826947676,-43.55023877832,
    4.175697656884));
#748 = CARTESIAN_POINT('',(8.599554444148,-40.83598730801,6.819505453852
    ));
#749 = CARTESIAN_POINT('',(9.781045869524,-41.69760121126,6.004982965884
    ));
#750 = CARTESIAN_POINT('',(10.988217645398,-42.33136468269,
    4.927391803481));
#751 = CARTESIAN_POINT('',(12.200000000139,-42.88627154911,
    3.826752088848));
#752 = ADVANCED_FACE('',(#753),#771,.T.);
#753 = FACE_BOUND('',#754,.T.);
#754 = EDGE_LOOP('',(#755,#763,#769,#770));
#755 = ORIENTED_EDGE('',*,*,#756,.T.);
#756 = EDGE_CURVE('',#202,#757,#759,.T.);
#757 = VERTEX_POINT('',#758);
#758 = CARTESIAN_POINT('',(5.350000000139,-42.29999999995,
    -14.39999999991));
#759 = LINE('',#760,#761);
#760 = CARTESIAN_POINT('',(5.350000000139,-43.07174714281,-13.8794499792
    ));
#761 = VECTOR('',#762,1.);
#762 = DIRECTION('',(-9.312432549568E-17,0.829037572552,-0.559192903475)
  );
#763 = ORIENTED_EDGE('',*,*,#764,.T.);
#764 = EDGE_CURVE('',#757,#654,#765,.T.);
#765 = LINE('',#766,#767);
#766 = CARTESIAN_POINT('',(-4.599999999861,-42.29999999995,
    -14.39999999991));
#767 = VECTOR('',#768,1.);
#768 = DIRECTION('',(-1.,-1.266166167596E-16,1.665334536938E-16));
#769 = ORIENTED_EDGE('',*,*,#653,.T.);
#770 = ORIENTED_EDGE('',*,*,#209,.T.);
#771 = PLANE('',#772);
#772 = AXIS2_PLACEMENT_3D('',#773,#774,#775);
#773 = CARTESIAN_POINT('',(-4.599999999861,-42.94999999995,
    -13.96156946396));
#774 = DIRECTION('',(6.725937664507E-17,0.559192903475,0.829037572552));
#775 = DIRECTION('',(1.,-3.08148791102E-32,-8.112946731474E-17));
#776 = ADVANCED_FACE('',(#777),#814,.F.);
#777 = FACE_BOUND('',#778,.F.);
#778 = EDGE_LOOP('',(#779,#780,#789,#798,#806,#813));
#779 = ORIENTED_EDGE('',*,*,#168,.F.);
#780 = ORIENTED_EDGE('',*,*,#781,.F.);
#781 = EDGE_CURVE('',#782,#169,#784,.T.);
#782 = VERTEX_POINT('',#783);
#783 = CARTESIAN_POINT('',(10.200000000139,-42.29999999986,
    4.637364334567));
#784 = ELLIPSE('',#785,4.040830127488,3.35);
#785 = AXIS2_PLACEMENT_3D('',#786,#787,#788);
#786 = CARTESIAN_POINT('',(11.582742459666,-40.24999999984,
    7.286892594455));
#787 = DIRECTION('',(-0.829037572555,0.559192903471,-2.785810089506E-12)
  );
#788 = DIRECTION('',(-0.559192903471,-0.829037572555,4.122298681255E-12)
  );
#789 = ORIENTED_EDGE('',*,*,#790,.F.);
#790 = EDGE_CURVE('',#791,#782,#793,.T.);
#791 = VERTEX_POINT('',#792);
#792 = CARTESIAN_POINT('',(10.200000000139,-42.18051039944,
    4.549077845962));
#793 = CIRCLE('',#794,3.35);
#794 = AXIS2_PLACEMENT_3D('',#795,#796,#797);
#795 = CARTESIAN_POINT('',(10.200000000139,-40.24999999984,
    7.286892594455));
#796 = DIRECTION('',(-1.,-1.423362852038E-16,9.082273323578E-16));
#797 = DIRECTION('',(-2.916833226836E-16,-0.887770173265,-0.460286996842
    ));
#798 = ORIENTED_EDGE('',*,*,#799,.F.);
#799 = EDGE_CURVE('',#800,#791,#802,.T.);
#800 = VERTEX_POINT('',#801);
#801 = CARTESIAN_POINT('',(11.200000000139,-42.18051039944,
    4.549077845962));
#802 = LINE('',#803,#804);
#803 = CARTESIAN_POINT('',(6.100000000139,-42.18051039944,4.549077845962
    ));
#804 = VECTOR('',#805,1.);
#805 = DIRECTION('',(-1.,-1.266166167821E-16,-4.360293322013E-15));
#806 = ORIENTED_EDGE('',*,*,#807,.T.);
#807 = EDGE_CURVE('',#800,#708,#808,.T.);
#808 = CIRCLE('',#809,3.35);
#809 = AXIS2_PLACEMENT_3D('',#810,#811,#812);
#810 = CARTESIAN_POINT('',(11.200000000139,-40.24999999984,
    7.286892594455));
#811 = DIRECTION('',(-1.,-1.423362852297E-16,-4.28362981829E-15));
#812 = DIRECTION('',(2.098061013244E-15,-0.887770173265,-0.460286996842)
  );
#813 = ORIENTED_EDGE('',*,*,#707,.T.);
#814 = CYLINDRICAL_SURFACE('',#815,3.35);
#815 = AXIS2_PLACEMENT_3D('',#816,#817,#818);
#816 = CARTESIAN_POINT('',(6.100000000139,-40.24999999984,7.286892594455
    ));
#817 = DIRECTION('',(-1.,-1.266166167821E-16,-4.360293322013E-15));
#818 = DIRECTION('',(2.119392774359E-15,-0.887770173265,-0.460286996842)
  );
#819 = ADVANCED_FACE('',(#820),#846,.T.);
#820 = FACE_BOUND('',#821,.T.);
#821 = EDGE_LOOP('',(#822,#823,#824,#832,#840));
#822 = ORIENTED_EDGE('',*,*,#756,.F.);
#823 = ORIENTED_EDGE('',*,*,#201,.F.);
#824 = ORIENTED_EDGE('',*,*,#825,.T.);
#825 = EDGE_CURVE('',#193,#826,#828,.T.);
#826 = VERTEX_POINT('',#827);
#827 = CARTESIAN_POINT('',(5.350000000139,-41.99999999994,
    -12.19999999991));
#828 = LINE('',#829,#830);
#829 = CARTESIAN_POINT('',(5.350000000139,-43.59999999994,-12.1999999999
    ));
#830 = VECTOR('',#831,1.);
#831 = DIRECTION('',(0.,1.,-4.983513601786E-12));
#832 = ORIENTED_EDGE('',*,*,#833,.F.);
#833 = EDGE_CURVE('',#834,#826,#836,.T.);
#834 = VERTEX_POINT('',#835);
#835 = CARTESIAN_POINT('',(5.350000000139,-41.99999999995,
    -14.39999999991));
#836 = LINE('',#837,#838);
#837 = CARTESIAN_POINT('',(5.350000000139,-41.99999999995,
    -14.39999999991));
#838 = VECTOR('',#839,1.);
#839 = DIRECTION('',(1.665334536931E-16,4.983187423863E-12,1.));
#840 = ORIENTED_EDGE('',*,*,#841,.F.);
#841 = EDGE_CURVE('',#757,#834,#842,.T.);
#842 = LINE('',#843,#844);
#843 = CARTESIAN_POINT('',(5.350000000139,-43.59999999995,-14.3999999999
    ));
#844 = VECTOR('',#845,1.);
#845 = DIRECTION('',(5.333344461325E-32,1.,-4.983193345144E-12));
#846 = PLANE('',#847);
#847 = AXIS2_PLACEMENT_3D('',#848,#849,#850);
#848 = CARTESIAN_POINT('',(5.350000000139,-43.59999999995,-14.3999999999
    ));
#849 = DIRECTION('',(-1.,8.299217316322E-28,1.665334536931E-16));
#850 = DIRECTION('',(1.665334536931E-16,4.983187423863E-12,1.));
#851 = ADVANCED_FACE('',(#852),#870,.T.);
#852 = FACE_BOUND('',#853,.T.);
#853 = EDGE_LOOP('',(#854,#862,#863,#864));
#854 = ORIENTED_EDGE('',*,*,#855,.T.);
#855 = EDGE_CURVE('',#856,#177,#858,.T.);
#856 = VERTEX_POINT('',#857);
#857 = CARTESIAN_POINT('',(10.200000000139,-42.29999999993,
    -10.04999999991));
#858 = LINE('',#859,#860);
#859 = CARTESIAN_POINT('',(9.257309429986,-43.69759624462,-10.0499999999
    ));
#860 = VECTOR('',#861,1.);
#861 = DIRECTION('',(-0.559192903471,-0.829037572555,4.131613143545E-12)
  );
#862 = ORIENTED_EDGE('',*,*,#176,.F.);
#863 = ORIENTED_EDGE('',*,*,#781,.F.);
#864 = ORIENTED_EDGE('',*,*,#865,.T.);
#865 = EDGE_CURVE('',#782,#856,#866,.T.);
#866 = LINE('',#867,#868);
#867 = CARTESIAN_POINT('',(10.200000000139,-42.29999999994,
    -10.84999999991));
#868 = VECTOR('',#869,1.);
#869 = DIRECTION('',(-9.082273323571E-16,-4.983187423863E-12,-1.));
#870 = PLANE('',#871);
#871 = AXIS2_PLACEMENT_3D('',#872,#873,#874);
#872 = CARTESIAN_POINT('',(9.761569464191,-42.94999999992,
    -8.299999999912));
#873 = DIRECTION('',(-0.829037572555,0.559192903471,-2.785810089506E-12)
  );
#874 = DIRECTION('',(-3.360294131085E-12,0.,1.));
#875 = ADVANCED_FACE('',(#876),#895,.T.);
#876 = FACE_BOUND('',#877,.T.);
#877 = EDGE_LOOP('',(#878,#879,#887,#894));
#878 = ORIENTED_EDGE('',*,*,#192,.F.);
#879 = ORIENTED_EDGE('',*,*,#880,.T.);
#880 = EDGE_CURVE('',#185,#881,#883,.T.);
#881 = VERTEX_POINT('',#882);
#882 = CARTESIAN_POINT('',(7.500000000139,-41.99999999993,
    -10.04999999991));
#883 = LINE('',#884,#885);
#884 = CARTESIAN_POINT('',(7.500000000139,-43.59999999993,-10.0499999999
    ));
#885 = VECTOR('',#886,1.);
#886 = DIRECTION('',(0.,1.,-4.983513601786E-12));
#887 = ORIENTED_EDGE('',*,*,#888,.F.);
#888 = EDGE_CURVE('',#826,#881,#889,.T.);
#889 = CIRCLE('',#890,2.15);
#890 = AXIS2_PLACEMENT_3D('',#891,#892,#893);
#891 = CARTESIAN_POINT('',(7.500000000139,-41.99999999994,
    -12.19999999991));
#892 = DIRECTION('',(-1.266166167604E-16,1.,-4.983187423863E-12));
#893 = DIRECTION('',(-1.,-1.266166167596E-16,1.665334536938E-16));
#894 = ORIENTED_EDGE('',*,*,#825,.F.);
#895 = CYLINDRICAL_SURFACE('',#896,2.15);
#896 = AXIS2_PLACEMENT_3D('',#897,#898,#899);
#897 = CARTESIAN_POINT('',(7.500000000139,-43.59999999994,-12.1999999999
    ));
#898 = DIRECTION('',(0.,1.,-4.983513601786E-12));
#899 = DIRECTION('',(-1.,8.299217316322E-28,1.665334536931E-16));
#900 = ADVANCED_FACE('',(#901),#920,.T.);
#901 = FACE_BOUND('',#902,.T.);
#902 = EDGE_LOOP('',(#903,#904,#912,#918,#919));
#903 = ORIENTED_EDGE('',*,*,#855,.F.);
#904 = ORIENTED_EDGE('',*,*,#905,.F.);
#905 = EDGE_CURVE('',#906,#856,#908,.T.);
#906 = VERTEX_POINT('',#907);
#907 = CARTESIAN_POINT('',(10.200000000139,-41.99999999993,
    -10.04999999991));
#908 = LINE('',#909,#910);
#909 = CARTESIAN_POINT('',(10.200000000139,-43.59999999993,
    -10.0499999999));
#910 = VECTOR('',#911,1.);
#911 = DIRECTION('',(1.423362852084E-16,-1.,4.983513601786E-12));
#912 = ORIENTED_EDGE('',*,*,#913,.F.);
#913 = EDGE_CURVE('',#881,#906,#914,.T.);
#914 = LINE('',#915,#916);
#915 = CARTESIAN_POINT('',(10.200000000139,-41.99999999993,
    -10.04999999991));
#916 = VECTOR('',#917,1.);
#917 = DIRECTION('',(1.,1.266166167596E-16,-1.665334536938E-16));
#918 = ORIENTED_EDGE('',*,*,#880,.F.);
#919 = ORIENTED_EDGE('',*,*,#184,.F.);
#920 = PLANE('',#921);
#921 = AXIS2_PLACEMENT_3D('',#922,#923,#924);
#922 = CARTESIAN_POINT('',(7.500000000139,-43.59999999993,-10.0499999999
    ));
#923 = DIRECTION('',(1.665334536931E-16,4.983513601786E-12,1.));
#924 = DIRECTION('',(1.,1.266166167596E-16,-1.665334536938E-16));
#925 = ADVANCED_FACE('',(#926),#945,.F.);
#926 = FACE_BOUND('',#927,.F.);
#927 = EDGE_LOOP('',(#928,#929,#937,#944));
#928 = ORIENTED_EDGE('',*,*,#258,.F.);
#929 = ORIENTED_EDGE('',*,*,#930,.F.);
#930 = EDGE_CURVE('',#931,#259,#933,.T.);
#931 = VERTEX_POINT('',#932);
#932 = CARTESIAN_POINT('',(-3.673940397442E-16,-44.59999999988,-2.8));
#933 = LINE('',#934,#935);
#934 = CARTESIAN_POINT('',(-3.673940397442E-16,-50.,-2.8));
#935 = VECTOR('',#936,1.);
#936 = DIRECTION('',(0.,1.,0.));
#937 = ORIENTED_EDGE('',*,*,#938,.T.);
#938 = EDGE_CURVE('',#931,#931,#939,.T.);
#939 = CIRCLE('',#940,1.5);
#940 = AXIS2_PLACEMENT_3D('',#941,#942,#943);
#941 = CARTESIAN_POINT('',(0.,-44.59999999988,-4.3));
#942 = DIRECTION('',(0.,1.,0.));
#943 = DIRECTION('',(0.,-0.,1.));
#944 = ORIENTED_EDGE('',*,*,#930,.T.);
#945 = CYLINDRICAL_SURFACE('',#946,1.5);
#946 = AXIS2_PLACEMENT_3D('',#947,#948,#949);
#947 = CARTESIAN_POINT('',(0.,-50.,-4.3));
#948 = DIRECTION('',(0.,1.,0.));
#949 = DIRECTION('',(0.,-0.,1.));
#950 = ADVANCED_FACE('',(#951,#1021,#1032,#1043),#1054,.F.);
#951 = FACE_BOUND('',#952,.T.);
#952 = EDGE_LOOP('',(#953,#954,#955,#964,#972,#981,#989,#997,#1006,#1014
    ));
#953 = ORIENTED_EDGE('',*,*,#308,.F.);
#954 = ORIENTED_EDGE('',*,*,#348,.F.);
#955 = ORIENTED_EDGE('',*,*,#956,.F.);
#956 = EDGE_CURVE('',#957,#341,#959,.T.);
#957 = VERTEX_POINT('',#958);
#958 = CARTESIAN_POINT('',(-8.649999999861,-45.59999999996,
    -15.26372870779));
#959 = CIRCLE('',#960,1.863728707894);
#960 = AXIS2_PLACEMENT_3D('',#961,#962,#963);
#961 = CARTESIAN_POINT('',(-8.649999999861,-45.59999999995,
    -13.39999999989));
#962 = DIRECTION('',(-1.266166167604E-16,1.,-4.983187423863E-12));
#963 = DIRECTION('',(-1.665334536931E-16,-4.983187423863E-12,-1.));
#964 = ORIENTED_EDGE('',*,*,#965,.F.);
#965 = EDGE_CURVE('',#966,#957,#968,.T.);
#966 = VERTEX_POINT('',#967);
#967 = CARTESIAN_POINT('',(8.650000000139,-45.59999999996,
    -15.26372870779));
#968 = LINE('',#969,#970);
#969 = CARTESIAN_POINT('',(4.325000000139,-45.59999999996,
    -15.26372870779));
#970 = VECTOR('',#971,1.);
#971 = DIRECTION('',(-1.,-1.26616616757E-16,6.799313841563E-16));
#972 = ORIENTED_EDGE('',*,*,#973,.F.);
#973 = EDGE_CURVE('',#974,#966,#976,.T.);
#974 = VERTEX_POINT('',#975);
#975 = CARTESIAN_POINT('',(10.513728708033,-45.59999999995,
    -13.39999999989));
#976 = CIRCLE('',#977,1.863728707894);
#977 = AXIS2_PLACEMENT_3D('',#978,#979,#980);
#978 = CARTESIAN_POINT('',(8.650000000139,-45.59999999995,
    -13.39999999989));
#979 = DIRECTION('',(-1.266166167604E-16,1.,-4.983187423863E-12));
#980 = DIRECTION('',(1.,1.266166167627E-16,4.589443066584E-16));
#981 = ORIENTED_EDGE('',*,*,#982,.F.);
#982 = EDGE_CURVE('',#983,#974,#985,.T.);
#983 = VERTEX_POINT('',#984);
#984 = CARTESIAN_POINT('',(10.513728708033,-45.59999999986,
    4.822057729834));
#985 = LINE('',#986,#987);
#986 = CARTESIAN_POINT('',(10.513728708033,-45.59999999986,
    3.675000000101));
#987 = VECTOR('',#988,1.);
#988 = DIRECTION('',(4.283629818291E-15,-4.983187423863E-12,-1.));
#989 = ORIENTED_EDGE('',*,*,#990,.F.);
#990 = EDGE_CURVE('',#991,#983,#993,.T.);
#991 = VERTEX_POINT('',#992);
#992 = CARTESIAN_POINT('',(6.664466094206,-45.59999999984,8.671320343661
    ));
#993 = LINE('',#994,#995);
#994 = CARTESIAN_POINT('',(8.880393218952,-45.59999999985,6.455393218915
    ));
#995 = VECTOR('',#996,1.);
#996 = DIRECTION('',(0.707106781187,-3.523556087869E-12,-0.707106781187)
  );
#997 = ORIENTED_EDGE('',*,*,#998,.F.);
#998 = EDGE_CURVE('',#999,#991,#1001,.T.);
#999 = VERTEX_POINT('',#1000);
#1000 = CARTESIAN_POINT('',(4.543145750646,-45.59999999983,
    9.550000000101));
#1001 = CIRCLE('',#1002,3.);
#1002 = AXIS2_PLACEMENT_3D('',#1003,#1004,#1005);
#1003 = CARTESIAN_POINT('',(4.543145750646,-45.59999999985,
    6.550000000101));
#1004 = DIRECTION('',(-1.266166167604E-16,1.,-4.983187423863E-12));
#1005 = DIRECTION('',(0.382683432365,4.603913321656E-12,0.923879532511)
  );
#1006 = ORIENTED_EDGE('',*,*,#1007,.F.);
#1007 = EDGE_CURVE('',#1008,#999,#1010,.T.);
#1008 = VERTEX_POINT('',#1009);
#1009 = CARTESIAN_POINT('',(-4.543145750369,-45.59999999983,
    9.550000000101));
#1010 = LINE('',#1011,#1012);
#1011 = CARTESIAN_POINT('',(5.100000000139,-45.59999999983,
    9.550000000101));
#1012 = VECTOR('',#1013,1.);
#1013 = DIRECTION('',(1.,1.266166167596E-16,-1.665334536938E-16));
#1014 = ORIENTED_EDGE('',*,*,#1015,.F.);
#1015 = EDGE_CURVE('',#309,#1008,#1016,.T.);
#1016 = CIRCLE('',#1017,3.);
#1017 = AXIS2_PLACEMENT_3D('',#1018,#1019,#1020);
#1018 = CARTESIAN_POINT('',(-4.543145750369,-45.59999999985,
    6.550000000101));
#1019 = DIRECTION('',(-1.266166167602E-16,1.,-4.983187423863E-12));
#1020 = DIRECTION('',(-0.382683432365,4.603816413493E-12,0.923879532511)
  );
#1021 = FACE_BOUND('',#1022,.T.);
#1022 = EDGE_LOOP('',(#1023));
#1023 = ORIENTED_EDGE('',*,*,#1024,.T.);
#1024 = EDGE_CURVE('',#1025,#1025,#1027,.T.);
#1025 = VERTEX_POINT('',#1026);
#1026 = CARTESIAN_POINT('',(-9.849999999861,-45.59999999988,
    -12.19999999989));
#1027 = CIRCLE('',#1028,2.35);
#1028 = AXIS2_PLACEMENT_3D('',#1029,#1030,#1031);
#1029 = CARTESIAN_POINT('',(-7.499999999861,-45.5999999999,
    -12.19999999989));
#1030 = DIRECTION('',(-1.266166167604E-16,1.,-4.983187423863E-12));
#1031 = DIRECTION('',(1.,1.266166167604E-16,-6.309587377308E-28));
#1032 = FACE_BOUND('',#1033,.T.);
#1033 = EDGE_LOOP('',(#1034));
#1034 = ORIENTED_EDGE('',*,*,#1035,.T.);
#1035 = EDGE_CURVE('',#1036,#1036,#1038,.T.);
#1036 = VERTEX_POINT('',#1037);
#1037 = CARTESIAN_POINT('',(5.150000000139,-45.59999999988,
    -12.19999999989));
#1038 = CIRCLE('',#1039,2.35);
#1039 = AXIS2_PLACEMENT_3D('',#1040,#1041,#1042);
#1040 = CARTESIAN_POINT('',(7.500000000139,-45.5999999999,
    -12.19999999989));
#1041 = DIRECTION('',(-1.266166167604E-16,1.,-4.983187423863E-12));
#1042 = DIRECTION('',(1.,1.266166167604E-16,-6.309587377308E-28));
#1043 = FACE_BOUND('',#1044,.T.);
#1044 = EDGE_LOOP('',(#1045));
#1045 = ORIENTED_EDGE('',*,*,#1046,.T.);
#1046 = EDGE_CURVE('',#1047,#1047,#1049,.T.);
#1047 = VERTEX_POINT('',#1048);
#1048 = CARTESIAN_POINT('',(-7.299999999861,-45.59999999988,
    -4.300000000126));
#1049 = CIRCLE('',#1050,7.3);
#1050 = AXIS2_PLACEMENT_3D('',#1051,#1052,#1053);
#1051 = CARTESIAN_POINT('',(1.386268877468E-10,-45.5999999999,
    -4.300000000126));
#1052 = DIRECTION('',(-1.266166167604E-16,1.,-4.983187423863E-12));
#1053 = DIRECTION('',(1.,1.266166167604E-16,-6.309587377308E-28));
#1054 = PLANE('',#1055);
#1055 = AXIS2_PLACEMENT_3D('',#1056,#1057,#1058);
#1056 = CARTESIAN_POINT('',(1.386030095256E-10,-45.5999999999,
    -3.199999999899));
#1057 = DIRECTION('',(-1.266166167604E-16,1.,-4.983187423863E-12));
#1058 = DIRECTION('',(1.,1.266166167596E-16,-1.665334536938E-16));
#1059 = ADVANCED_FACE('',(#1060),#1071,.T.);
#1060 = FACE_BOUND('',#1061,.T.);
#1061 = EDGE_LOOP('',(#1062,#1068,#1069,#1070));
#1062 = ORIENTED_EDGE('',*,*,#1063,.T.);
#1063 = EDGE_CURVE('',#1008,#474,#1064,.T.);
#1064 = LINE('',#1065,#1066);
#1065 = CARTESIAN_POINT('',(-4.543145750369,-45.59999999983,
    9.550000000101));
#1066 = VECTOR('',#1067,1.);
#1067 = DIRECTION('',(3.925231146709E-16,0.70710678119,0.707106781183));
#1068 = ORIENTED_EDGE('',*,*,#473,.T.);
#1069 = ORIENTED_EDGE('',*,*,#316,.F.);
#1070 = ORIENTED_EDGE('',*,*,#1015,.T.);
#1071 = CONICAL_SURFACE('',#1072,3.5,0.785398163397);
#1072 = AXIS2_PLACEMENT_3D('',#1073,#1074,#1075);
#1073 = CARTESIAN_POINT('',(-4.543145750369,-45.09999999985,
    6.550000000099));
#1074 = DIRECTION('',(0.,1.,-4.982680934518E-12));
#1075 = DIRECTION('',(-0.382683432365,4.603396932435E-12,0.923879532511)
  );
#1076 = ADVANCED_FACE('',(#1077),#1096,.T.);
#1077 = FACE_BOUND('',#1078,.T.);
#1078 = EDGE_LOOP('',(#1079,#1087,#1088,#1089));
#1079 = ORIENTED_EDGE('',*,*,#1080,.T.);
#1080 = EDGE_CURVE('',#1081,#957,#1083,.T.);
#1081 = VERTEX_POINT('',#1082);
#1082 = CARTESIAN_POINT('',(-8.649999999861,-43.09999999997,
    -16.94999999991));
#1083 = LINE('',#1084,#1085);
#1084 = CARTESIAN_POINT('',(-8.649999999861,-43.09999999997,
    -16.94999999991));
#1085 = VECTOR('',#1086,1.);
#1086 = DIRECTION('',(3.68166640532E-16,-0.829037572552,0.559192903475)
  );
#1087 = ORIENTED_EDGE('',*,*,#956,.T.);
#1088 = ORIENTED_EDGE('',*,*,#340,.F.);
#1089 = ORIENTED_EDGE('',*,*,#1090,.T.);
#1090 = EDGE_CURVE('',#333,#1081,#1091,.T.);
#1091 = CIRCLE('',#1092,3.55);
#1092 = AXIS2_PLACEMENT_3D('',#1093,#1094,#1095);
#1093 = CARTESIAN_POINT('',(-8.649999999861,-43.09999999995,
    -13.39999999991));
#1094 = DIRECTION('',(1.266166167604E-16,-1.,4.983187423863E-12));
#1095 = DIRECTION('',(-1.665334536931E-16,-4.983187423863E-12,-1.));
#1096 = CONICAL_SURFACE('',#1097,2.706864353947,0.593411945678);
#1097 = AXIS2_PLACEMENT_3D('',#1098,#1099,#1100);
#1098 = CARTESIAN_POINT('',(-8.649999999861,-44.34999999995,
    -13.3999999999));
#1099 = DIRECTION('',(0.,1.,-4.983569112937E-12));
#1100 = DIRECTION('',(-1.665334536931E-16,-4.983569112937E-12,-1.));
#1101 = ADVANCED_FACE('',(#1102),#1120,.T.);
#1102 = FACE_BOUND('',#1103,.T.);
#1103 = EDGE_LOOP('',(#1104,#1112,#1113,#1114));
#1104 = ORIENTED_EDGE('',*,*,#1105,.F.);
#1105 = EDGE_CURVE('',#374,#1106,#1108,.T.);
#1106 = VERTEX_POINT('',#1107);
#1107 = CARTESIAN_POINT('',(-11.19999999986,-36.64745647774,
    0.647565465253));
#1108 = LINE('',#1109,#1110);
#1109 = CARTESIAN_POINT('',(-12.19999999986,-37.22372823881,
    -0.169692668625));
#1110 = VECTOR('',#1111,1.);
#1111 = DIRECTION('',(0.707106781186,0.40748567006,0.577888768445));
#1112 = ORIENTED_EDGE('',*,*,#373,.T.);
#1113 = ORIENTED_EDGE('',*,*,#414,.T.);
#1114 = ORIENTED_EDGE('',*,*,#1115,.T.);
#1115 = EDGE_CURVE('',#415,#1106,#1116,.T.);
#1116 = LINE('',#1117,#1118);
#1117 = CARTESIAN_POINT('',(-11.19999999986,-35.23762762092,
    -0.346544626103));
#1118 = VECTOR('',#1119,1.);
#1119 = DIRECTION('',(-6.397112511006E-16,0.817258133879,-0.576271761072
    ));
#1120 = PLANE('',#1121);
#1121 = AXIS2_PLACEMENT_3D('',#1122,#1123,#1124);
#1122 = CARTESIAN_POINT('',(-11.69999999986,-35.52576350145,
    -0.755173693042));
#1123 = DIRECTION('',(-0.707106781187,0.40748567006,0.577888768445));
#1124 = DIRECTION('',(0.63280927185,8.326672684689E-17,0.77430770722));
#1125 = ADVANCED_FACE('',(#1126),#1145,.T.);
#1126 = FACE_BOUND('',#1127,.T.);
#1127 = EDGE_LOOP('',(#1128,#1129,#1138,#1144));
#1128 = ORIENTED_EDGE('',*,*,#1105,.T.);
#1129 = ORIENTED_EDGE('',*,*,#1130,.T.);
#1130 = EDGE_CURVE('',#1106,#1131,#1133,.T.);
#1131 = VERTEX_POINT('',#1132);
#1132 = CARTESIAN_POINT('',(-11.19999999986,-35.79999999989,
    -0.986950802514));
#1133 = CIRCLE('',#1134,2.);
#1134 = AXIS2_PLACEMENT_3D('',#1135,#1136,#1137);
#1135 = CARTESIAN_POINT('',(-11.19999999986,-37.79999999989,
    -0.986950802504));
#1136 = DIRECTION('',(-1.,-1.423362852038E-16,9.082273323578E-16));
#1137 = DIRECTION('',(2.916833226836E-16,0.887770173265,0.460286996842)
  );
#1138 = ORIENTED_EDGE('',*,*,#1139,.F.);
#1139 = EDGE_CURVE('',#382,#1131,#1140,.T.);
#1140 = LINE('',#1141,#1142);
#1141 = CARTESIAN_POINT('',(-12.19999999986,-36.79999999989,
    -0.986950802509));
#1142 = VECTOR('',#1143,1.);
#1143 = DIRECTION('',(0.707106781187,0.707106781187,-3.524366915852E-12)
  );
#1144 = ORIENTED_EDGE('',*,*,#381,.T.);
#1145 = CONICAL_SURFACE('',#1146,1.5,0.785398163398);
#1146 = AXIS2_PLACEMENT_3D('',#1147,#1148,#1149);
#1147 = CARTESIAN_POINT('',(-11.69999999986,-37.79999999989,
    -0.986950802504));
#1148 = DIRECTION('',(1.,0.,-9.714451465471E-16));
#1149 = DIRECTION('',(4.47143569101E-16,0.887770173265,0.460286996842));
#1150 = ADVANCED_FACE('',(#1151),#1169,.T.);
#1151 = FACE_BOUND('',#1152,.T.);
#1152 = EDGE_LOOP('',(#1153,#1154,#1162,#1168));
#1153 = ORIENTED_EDGE('',*,*,#1139,.T.);
#1154 = ORIENTED_EDGE('',*,*,#1155,.T.);
#1155 = EDGE_CURVE('',#1131,#1156,#1158,.T.);
#1156 = VERTEX_POINT('',#1157);
#1157 = CARTESIAN_POINT('',(-11.19999999986,-35.79999999995,
    -13.39999999994));
#1158 = LINE('',#1159,#1160);
#1159 = CARTESIAN_POINT('',(-11.19999999986,-35.79999999992,
    -8.299999999948));
#1160 = VECTOR('',#1161,1.);
#1161 = DIRECTION('',(-9.082273323571E-16,-4.983187423863E-12,-1.));
#1162 = ORIENTED_EDGE('',*,*,#1163,.F.);
#1163 = EDGE_CURVE('',#391,#1156,#1164,.T.);
#1164 = LINE('',#1165,#1166);
#1165 = CARTESIAN_POINT('',(-12.19999999986,-36.79999999995,
    -13.39999999994));
#1166 = VECTOR('',#1167,1.);
#1167 = DIRECTION('',(0.707106781187,0.707106781187,-3.523287477286E-12)
  );
#1168 = ORIENTED_EDGE('',*,*,#390,.T.);
#1169 = PLANE('',#1170);
#1170 = AXIS2_PLACEMENT_3D('',#1171,#1172,#1173);
#1171 = CARTESIAN_POINT('',(-11.69999999986,-36.29999999992,
    -8.299999999945));
#1172 = DIRECTION('',(-0.707106781187,0.707106781187,-3.523003405632E-12
    ));
#1173 = DIRECTION('',(-4.982279196531E-12,5.654554968624E-27,1.));
#1174 = ADVANCED_FACE('',(#1175),#1194,.T.);
#1175 = FACE_BOUND('',#1176,.T.);
#1176 = EDGE_LOOP('',(#1177,#1186,#1192,#1193));
#1177 = ORIENTED_EDGE('',*,*,#1178,.F.);
#1178 = EDGE_CURVE('',#1179,#391,#1181,.T.);
#1179 = VERTEX_POINT('',#1180);
#1180 = CARTESIAN_POINT('',(-8.649999999861,-36.79999999997,
    -16.94999999994));
#1181 = CIRCLE('',#1182,3.55);
#1182 = AXIS2_PLACEMENT_3D('',#1183,#1184,#1185);
#1183 = CARTESIAN_POINT('',(-8.649999999861,-36.79999999995,
    -13.39999999994));
#1184 = DIRECTION('',(-1.266166167604E-16,1.,-4.983187423863E-12));
#1185 = DIRECTION('',(-1.665334536931E-16,-4.983187423863E-12,-1.));
#1186 = ORIENTED_EDGE('',*,*,#1187,.F.);
#1187 = EDGE_CURVE('',#1081,#1179,#1188,.T.);
#1188 = LINE('',#1189,#1190);
#1189 = CARTESIAN_POINT('',(-8.649999999861,-43.59999999997,
    -16.9499999999));
#1190 = VECTOR('',#1191,1.);
#1191 = DIRECTION('',(-1.423362852084E-16,1.,-4.983193345144E-12));
#1192 = ORIENTED_EDGE('',*,*,#1090,.F.);
#1193 = ORIENTED_EDGE('',*,*,#398,.T.);
#1194 = CYLINDRICAL_SURFACE('',#1195,3.55);
#1195 = AXIS2_PLACEMENT_3D('',#1196,#1197,#1198);
#1196 = CARTESIAN_POINT('',(-8.649999999861,-43.59999999995,
    -13.3999999999));
#1197 = DIRECTION('',(-1.423362852084E-16,1.,-4.983193345144E-12));
#1198 = DIRECTION('',(-1.665334536931E-16,-4.983193345144E-12,-1.));
#1199 = ADVANCED_FACE('',(#1200),#1218,.F.);
#1200 = FACE_BOUND('',#1201,.T.);
#1201 = EDGE_LOOP('',(#1202,#1203,#1204,#1212));
#1202 = ORIENTED_EDGE('',*,*,#1115,.F.);
#1203 = ORIENTED_EDGE('',*,*,#439,.F.);
#1204 = ORIENTED_EDGE('',*,*,#1205,.F.);
#1205 = EDGE_CURVE('',#1206,#440,#1208,.T.);
#1206 = VERTEX_POINT('',#1207);
#1207 = CARTESIAN_POINT('',(-10.19999999986,-36.64745647774,
    0.647565465253));
#1208 = LINE('',#1209,#1210);
#1209 = CARTESIAN_POINT('',(-10.19999999986,-40.87740696001,
    3.630222856614));
#1210 = VECTOR('',#1211,1.);
#1211 = DIRECTION('',(-6.425404617927E-16,-0.817258133879,0.576271761072
    ));
#1212 = ORIENTED_EDGE('',*,*,#1213,.F.);
#1213 = EDGE_CURVE('',#1106,#1206,#1214,.T.);
#1214 = LINE('',#1215,#1216);
#1215 = CARTESIAN_POINT('',(6.100000000139,-36.64745647774,
    0.647565465254));
#1216 = VECTOR('',#1217,1.);
#1217 = DIRECTION('',(1.,1.266166167821E-16,4.360293322013E-15));
#1218 = PLANE('',#1219);
#1219 = AXIS2_PLACEMENT_3D('',#1220,#1221,#1222);
#1220 = CARTESIAN_POINT('',(12.200000000139,-35.79999999988,
    5.000000009122E-02));
#1221 = DIRECTION('',(3.636450764246E-15,-0.576271761072,-0.817258133879
    ));
#1222 = DIRECTION('',(-2.406694463901E-15,-0.817258133879,0.576271761072
    ));
#1223 = ADVANCED_FACE('',(#1224),#1261,.T.);
#1224 = FACE_BOUND('',#1225,.T.);
#1225 = EDGE_LOOP('',(#1226,#1234,#1242,#1250,#1257,#1258,#1259,#1260));
#1226 = ORIENTED_EDGE('',*,*,#1227,.T.);
#1227 = EDGE_CURVE('',#557,#1228,#1230,.T.);
#1228 = VERTEX_POINT('',#1229);
#1229 = CARTESIAN_POINT('',(-10.19999999986,-41.99999999995,
    -13.39999999991));
#1230 = LINE('',#1231,#1232);
#1231 = CARTESIAN_POINT('',(-10.19999999986,-41.99999999989,
    -0.837499999917));
#1232 = VECTOR('',#1233,1.);
#1233 = DIRECTION('',(1.316854303635E-15,-4.983187423863E-12,-1.));
#1234 = ORIENTED_EDGE('',*,*,#1235,.T.);
#1235 = EDGE_CURVE('',#1228,#1236,#1238,.T.);
#1236 = VERTEX_POINT('',#1237);
#1237 = CARTESIAN_POINT('',(-10.19999999986,-35.79999999995,
    -13.39999999994));
#1238 = LINE('',#1239,#1240);
#1239 = CARTESIAN_POINT('',(-10.19999999986,-43.59999999995,
    -13.3999999999));
#1240 = VECTOR('',#1241,1.);
#1241 = DIRECTION('',(-1.423362852084E-16,1.,-4.983193345144E-12));
#1242 = ORIENTED_EDGE('',*,*,#1243,.F.);
#1243 = EDGE_CURVE('',#1244,#1236,#1246,.T.);
#1244 = VERTEX_POINT('',#1245);
#1245 = CARTESIAN_POINT('',(-10.19999999986,-35.79999999989,
    -0.986950802514));
#1246 = LINE('',#1247,#1248);
#1247 = CARTESIAN_POINT('',(-10.19999999986,-35.79999999995,
    -13.39999999994));
#1248 = VECTOR('',#1249,1.);
#1249 = DIRECTION('',(1.316854303635E-15,-4.983187423863E-12,-1.));
#1250 = ORIENTED_EDGE('',*,*,#1251,.F.);
#1251 = EDGE_CURVE('',#1206,#1244,#1252,.T.);
#1252 = CIRCLE('',#1253,2.);
#1253 = AXIS2_PLACEMENT_3D('',#1254,#1255,#1256);
#1254 = CARTESIAN_POINT('',(-10.19999999986,-37.79999999989,
    -0.986950802504));
#1255 = DIRECTION('',(-1.,-1.423362852149E-16,-1.316854303634E-15));
#1256 = DIRECTION('',(-7.324928212854E-16,0.887770173265,0.460286996842)
  );
#1257 = ORIENTED_EDGE('',*,*,#1205,.T.);
#1258 = ORIENTED_EDGE('',*,*,#447,.F.);
#1259 = ORIENTED_EDGE('',*,*,#506,.F.);
#1260 = ORIENTED_EDGE('',*,*,#564,.T.);
#1261 = PLANE('',#1262);
#1262 = AXIS2_PLACEMENT_3D('',#1263,#1264,#1265);
#1263 = CARTESIAN_POINT('',(-10.19999999986,-43.59999999983,
    10.550000000091));
#1264 = DIRECTION('',(1.,1.423362852149E-16,1.316854303634E-15));
#1265 = DIRECTION('',(1.316854303635E-15,-4.983187423863E-12,-1.));
#1266 = ADVANCED_FACE('',(#1267),#1278,.T.);
#1267 = FACE_BOUND('',#1268,.T.);
#1268 = EDGE_LOOP('',(#1269,#1270,#1271,#1277));
#1269 = ORIENTED_EDGE('',*,*,#1063,.F.);
#1270 = ORIENTED_EDGE('',*,*,#1007,.T.);
#1271 = ORIENTED_EDGE('',*,*,#1272,.T.);
#1272 = EDGE_CURVE('',#999,#523,#1273,.T.);
#1273 = LINE('',#1274,#1275);
#1274 = CARTESIAN_POINT('',(4.543145750646,-45.59999999983,
    9.550000000101));
#1275 = VECTOR('',#1276,1.);
#1276 = DIRECTION('',(0.,0.70710678119,0.707106781183));
#1277 = ORIENTED_EDGE('',*,*,#522,.T.);
#1278 = PLANE('',#1279);
#1279 = AXIS2_PLACEMENT_3D('',#1280,#1281,#1282);
#1280 = CARTESIAN_POINT('',(5.100000000139,-45.09999999983,
    10.050000000099));
#1281 = DIRECTION('',(2.07288402723E-16,-0.707106781183,0.70710678119));
#1282 = DIRECTION('',(1.,1.232595164408E-31,-2.931500704521E-16));
#1283 = ADVANCED_FACE('',(#1284,#1305),#1316,.T.);
#1284 = FACE_BOUND('',#1285,.T.);
#1285 = EDGE_LOOP('',(#1286,#1295,#1296,#1297,#1298,#1299));
#1286 = ORIENTED_EDGE('',*,*,#1287,.F.);
#1287 = EDGE_CURVE('',#1228,#1288,#1290,.T.);
#1288 = VERTEX_POINT('',#1289);
#1289 = CARTESIAN_POINT('',(-9.199999999861,-41.99999999995,
    -14.39999999991));
#1290 = CIRCLE('',#1291,1.);
#1291 = AXIS2_PLACEMENT_3D('',#1292,#1293,#1294);
#1292 = CARTESIAN_POINT('',(-9.199999999861,-41.99999999995,
    -13.39999999991));
#1293 = DIRECTION('',(1.266166167604E-16,-1.,4.983187423863E-12));
#1294 = DIRECTION('',(-1.665334536931E-16,-4.983187423863E-12,-1.));
#1295 = ORIENTED_EDGE('',*,*,#1227,.F.);
#1296 = ORIENTED_EDGE('',*,*,#556,.T.);
#1297 = ORIENTED_EDGE('',*,*,#612,.T.);
#1298 = ORIENTED_EDGE('',*,*,#669,.T.);
#1299 = ORIENTED_EDGE('',*,*,#1300,.F.);
#1300 = EDGE_CURVE('',#1288,#662,#1301,.T.);
#1301 = LINE('',#1302,#1303);
#1302 = CARTESIAN_POINT('',(-8.487499999861,-41.99999999995,
    -14.39999999991));
#1303 = VECTOR('',#1304,1.);
#1304 = DIRECTION('',(1.,1.266166167596E-16,-1.665334536938E-16));
#1305 = FACE_BOUND('',#1306,.T.);
#1306 = EDGE_LOOP('',(#1307));
#1307 = ORIENTED_EDGE('',*,*,#1308,.T.);
#1308 = EDGE_CURVE('',#1309,#1309,#1311,.T.);
#1309 = VERTEX_POINT('',#1310);
#1310 = CARTESIAN_POINT('',(-8.599999999861,-41.99999999994,
    -12.19999999991));
#1311 = CIRCLE('',#1312,1.1);
#1312 = AXIS2_PLACEMENT_3D('',#1313,#1314,#1315);
#1313 = CARTESIAN_POINT('',(-7.499999999861,-41.99999999994,
    -12.19999999991));
#1314 = DIRECTION('',(1.266166167604E-16,-1.,4.983187423863E-12));
#1315 = DIRECTION('',(1.,1.266166167596E-16,-1.665334536938E-16));
#1316 = PLANE('',#1317);
#1317 = AXIS2_PLACEMENT_3D('',#1318,#1319,#1320);
#1318 = CARTESIAN_POINT('',(-7.774999999861,-41.99999999994,
    -12.22499999991));
#1319 = DIRECTION('',(-1.266166167604E-16,1.,-4.983187423863E-12));
#1320 = DIRECTION('',(1.,1.266166167596E-16,-1.665334536938E-16));
#1321 = ADVANCED_FACE('',(#1322),#1333,.T.);
#1322 = FACE_BOUND('',#1323,.T.);
#1323 = EDGE_LOOP('',(#1324,#1330,#1331,#1332));
#1324 = ORIENTED_EDGE('',*,*,#1325,.T.);
#1325 = EDGE_CURVE('',#991,#579,#1326,.T.);
#1326 = LINE('',#1327,#1328);
#1327 = CARTESIAN_POINT('',(6.664466094206,-45.59999999984,
    8.671320343661));
#1328 = VECTOR('',#1329,1.);
#1329 = DIRECTION('',(0.5,0.707106781189,0.499999999996));
#1330 = ORIENTED_EDGE('',*,*,#578,.T.);
#1331 = ORIENTED_EDGE('',*,*,#1272,.F.);
#1332 = ORIENTED_EDGE('',*,*,#998,.T.);
#1333 = CONICAL_SURFACE('',#1334,3.5,0.785398163397);
#1334 = AXIS2_PLACEMENT_3D('',#1335,#1336,#1337);
#1335 = CARTESIAN_POINT('',(4.543145750646,-45.09999999985,
    6.550000000099));
#1336 = DIRECTION('',(0.,1.,-4.982680934518E-12));
#1337 = DIRECTION('',(0.382683432365,4.603396932435E-12,0.923879532511)
  );
#1338 = ADVANCED_FACE('',(#1339),#1351,.T.);
#1339 = FACE_BOUND('',#1340,.T.);
#1340 = EDGE_LOOP('',(#1341,#1342,#1343,#1344,#1345));
#1341 = ORIENTED_EDGE('',*,*,#698,.F.);
#1342 = ORIENTED_EDGE('',*,*,#639,.T.);
#1343 = ORIENTED_EDGE('',*,*,#1325,.F.);
#1344 = ORIENTED_EDGE('',*,*,#990,.T.);
#1345 = ORIENTED_EDGE('',*,*,#1346,.T.);
#1346 = EDGE_CURVE('',#983,#686,#1347,.T.);
#1347 = LINE('',#1348,#1349);
#1348 = CARTESIAN_POINT('',(10.863545877442,-45.08137471837,
    5.205687467283));
#1349 = VECTOR('',#1350,1.);
#1350 = DIRECTION('',(0.476696333553,0.706731377961,0.522772766107));
#1351 = PLANE('',#1352);
#1352 = AXIS2_PLACEMENT_3D('',#1353,#1354,#1355);
#1353 = CARTESIAN_POINT('',(9.233946609545,-45.09999999985,
    6.808946609505));
#1354 = DIRECTION('',(0.5,-0.707106781184,0.500000000004));
#1355 = DIRECTION('',(0.707106781189,-1.387778780781E-16,-0.707106781184
    ));
#1356 = ADVANCED_FACE('',(#1357),#1425,.T.);
#1357 = FACE_BOUND('',#1358,.T.);
#1358 = EDGE_LOOP('',(#1359,#1367,#1375,#1383,#1391,#1399,#1407,#1415,
    #1421,#1422,#1423,#1424));
#1359 = ORIENTED_EDGE('',*,*,#1360,.T.);
#1360 = EDGE_CURVE('',#834,#1361,#1363,.T.);
#1361 = VERTEX_POINT('',#1362);
#1362 = CARTESIAN_POINT('',(9.200000000139,-41.99999999995,
    -14.39999999991));
#1363 = LINE('',#1364,#1365);
#1364 = CARTESIAN_POINT('',(-0.712499999861,-41.99999999995,
    -14.39999999991));
#1365 = VECTOR('',#1366,1.);
#1366 = DIRECTION('',(1.,1.266166167596E-16,-1.665334536938E-16));
#1367 = ORIENTED_EDGE('',*,*,#1368,.T.);
#1368 = EDGE_CURVE('',#1361,#1369,#1371,.T.);
#1369 = VERTEX_POINT('',#1370);
#1370 = CARTESIAN_POINT('',(9.200000000139,-35.79999999995,
    -14.39999999994));
#1371 = LINE('',#1372,#1373);
#1372 = CARTESIAN_POINT('',(9.200000000139,-43.59999999995,
    -14.3999999999));
#1373 = VECTOR('',#1374,1.);
#1374 = DIRECTION('',(-1.423362852084E-16,1.,-4.983193345144E-12));
#1375 = ORIENTED_EDGE('',*,*,#1376,.F.);
#1376 = EDGE_CURVE('',#1377,#1369,#1379,.T.);
#1377 = VERTEX_POINT('',#1378);
#1378 = CARTESIAN_POINT('',(3.500000000139,-35.79999999997,
    -14.39999999994));
#1379 = LINE('',#1380,#1381);
#1380 = CARTESIAN_POINT('',(-9.199999999861,-35.79999999995,
    -14.39999999994));
#1381 = VECTOR('',#1382,1.);
#1382 = DIRECTION('',(1.,1.266166167596E-16,-1.665334536938E-16));
#1383 = ORIENTED_EDGE('',*,*,#1384,.T.);
#1384 = EDGE_CURVE('',#1377,#1385,#1387,.T.);
#1385 = VERTEX_POINT('',#1386);
#1386 = CARTESIAN_POINT('',(3.500000000139,-39.79999999997,
    -14.39999999992));
#1387 = LINE('',#1388,#1389);
#1388 = CARTESIAN_POINT('',(3.500000000139,-41.69999999995,
    -14.39999999991));
#1389 = VECTOR('',#1390,1.);
#1390 = DIRECTION('',(2.766227993969E-27,-1.,4.983193345144E-12));
#1391 = ORIENTED_EDGE('',*,*,#1392,.T.);
#1392 = EDGE_CURVE('',#1385,#1393,#1395,.T.);
#1393 = VERTEX_POINT('',#1394);
#1394 = CARTESIAN_POINT('',(-3.499999999861,-39.79999999997,
    -14.39999999992));
#1395 = LINE('',#1396,#1397);
#1396 = CARTESIAN_POINT('',(-6.349999999861,-39.79999999997,
    -14.39999999992));
#1397 = VECTOR('',#1398,1.);
#1398 = DIRECTION('',(-1.,0.,1.665334536931E-16));
#1399 = ORIENTED_EDGE('',*,*,#1400,.T.);
#1400 = EDGE_CURVE('',#1393,#1401,#1403,.T.);
#1401 = VERTEX_POINT('',#1402);
#1402 = CARTESIAN_POINT('',(-3.499999999861,-35.79999999997,
    -14.39999999994));
#1403 = LINE('',#1404,#1405);
#1404 = CARTESIAN_POINT('',(-3.499999999861,-39.69999999995,
    -14.39999999992));
#1405 = VECTOR('',#1406,1.);
#1406 = DIRECTION('',(-2.766227993969E-27,1.,-4.983193345144E-12));
#1407 = ORIENTED_EDGE('',*,*,#1408,.F.);
#1408 = EDGE_CURVE('',#1409,#1401,#1411,.T.);
#1409 = VERTEX_POINT('',#1410);
#1410 = CARTESIAN_POINT('',(-9.199999999861,-35.79999999995,
    -14.39999999994));
#1411 = LINE('',#1412,#1413);
#1412 = CARTESIAN_POINT('',(-9.199999999861,-35.79999999995,
    -14.39999999994));
#1413 = VECTOR('',#1414,1.);
#1414 = DIRECTION('',(1.,1.266166167596E-16,-1.665334536938E-16));
#1415 = ORIENTED_EDGE('',*,*,#1416,.F.);
#1416 = EDGE_CURVE('',#1288,#1409,#1417,.T.);
#1417 = LINE('',#1418,#1419);
#1418 = CARTESIAN_POINT('',(-9.199999999861,-43.59999999995,
    -14.3999999999));
#1419 = VECTOR('',#1420,1.);
#1420 = DIRECTION('',(-1.423362852084E-16,1.,-4.983193345144E-12));
#1421 = ORIENTED_EDGE('',*,*,#1300,.T.);
#1422 = ORIENTED_EDGE('',*,*,#661,.T.);
#1423 = ORIENTED_EDGE('',*,*,#764,.F.);
#1424 = ORIENTED_EDGE('',*,*,#841,.T.);
#1425 = PLANE('',#1426);
#1426 = AXIS2_PLACEMENT_3D('',#1427,#1428,#1429);
#1427 = CARTESIAN_POINT('',(-9.199999999861,-43.59999999995,
    -14.3999999999));
#1428 = DIRECTION('',(1.665334536931E-16,4.983193345144E-12,1.));
#1429 = DIRECTION('',(1.,1.266166167596E-16,-1.665334536938E-16));
#1430 = ADVANCED_FACE('',(#1431),#1450,.T.);
#1431 = FACE_BOUND('',#1432,.T.);
#1432 = EDGE_LOOP('',(#1433,#1434,#1435,#1436,#1444));
#1433 = ORIENTED_EDGE('',*,*,#685,.F.);
#1434 = ORIENTED_EDGE('',*,*,#1346,.F.);
#1435 = ORIENTED_EDGE('',*,*,#982,.T.);
#1436 = ORIENTED_EDGE('',*,*,#1437,.F.);
#1437 = EDGE_CURVE('',#1438,#974,#1440,.T.);
#1438 = VERTEX_POINT('',#1439);
#1439 = CARTESIAN_POINT('',(12.200000000139,-43.09999999995,
    -13.39999999991));
#1440 = LINE('',#1441,#1442);
#1441 = CARTESIAN_POINT('',(12.200000000139,-43.09999999995,
    -13.39999999991));
#1442 = VECTOR('',#1443,1.);
#1443 = DIRECTION('',(-0.559192903471,-0.829037572555,4.130829706769E-12
    ));
#1444 = ORIENTED_EDGE('',*,*,#1445,.T.);
#1445 = EDGE_CURVE('',#1438,#688,#1446,.T.);
#1446 = LINE('',#1447,#1448);
#1447 = CARTESIAN_POINT('',(12.200000000139,-43.09999999986,
    3.675000000089));
#1448 = VECTOR('',#1449,1.);
#1449 = DIRECTION('',(-4.283629818291E-15,4.983187423863E-12,1.));
#1450 = PLANE('',#1451);
#1451 = AXIS2_PLACEMENT_3D('',#1452,#1453,#1454);
#1452 = CARTESIAN_POINT('',(11.356864354086,-44.34999999986,
    3.675000000095));
#1453 = DIRECTION('',(0.829037572555,-0.559192903471,2.790114334155E-12)
  );
#1454 = DIRECTION('',(3.365485988236E-12,2.827277484312E-27,-1.));
#1455 = ADVANCED_FACE('',(#1456),#1475,.F.);
#1456 = FACE_BOUND('',#1457,.F.);
#1457 = EDGE_LOOP('',(#1458,#1459,#1467,#1474));
#1458 = ORIENTED_EDGE('',*,*,#807,.F.);
#1459 = ORIENTED_EDGE('',*,*,#1460,.F.);
#1460 = EDGE_CURVE('',#1461,#800,#1463,.T.);
#1461 = VERTEX_POINT('',#1462);
#1462 = CARTESIAN_POINT('',(12.200000000139,-42.75678216051,
    3.731819712083));
#1463 = LINE('',#1464,#1465);
#1464 = CARTESIAN_POINT('',(12.200000000139,-42.75678216051,
    3.731819712083));
#1465 = VECTOR('',#1466,1.);
#1466 = DIRECTION('',(-0.707106781187,0.40748567006,0.577888768445));
#1467 = ORIENTED_EDGE('',*,*,#1468,.F.);
#1468 = EDGE_CURVE('',#721,#1461,#1469,.T.);
#1469 = CIRCLE('',#1470,4.35);
#1470 = AXIS2_PLACEMENT_3D('',#1471,#1472,#1473);
#1471 = CARTESIAN_POINT('',(12.200000000139,-40.24999999984,
    7.286892594455));
#1472 = DIRECTION('',(1.,1.423362852297E-16,4.28362981829E-15));
#1473 = DIRECTION('',(2.098061013244E-15,-0.887770173265,-0.460286996842
    ));
#1474 = ORIENTED_EDGE('',*,*,#720,.T.);
#1475 = CONICAL_SURFACE('',#1476,3.85,0.785398163397);
#1476 = AXIS2_PLACEMENT_3D('',#1477,#1478,#1479);
#1477 = CARTESIAN_POINT('',(11.700000000139,-40.24999999984,
    7.286892594455));
#1478 = DIRECTION('',(1.,0.,4.440892098501E-15));
#1479 = DIRECTION('',(2.044084887319E-15,-0.887770173265,-0.460286996842
    ));
#1480 = ADVANCED_FACE('',(#1481),#1517,.T.);
#1481 = FACE_BOUND('',#1482,.T.);
#1482 = EDGE_LOOP('',(#1483,#1484,#1485,#1493,#1501,#1510,#1516));
#1483 = ORIENTED_EDGE('',*,*,#729,.F.);
#1484 = ORIENTED_EDGE('',*,*,#1445,.F.);
#1485 = ORIENTED_EDGE('',*,*,#1486,.T.);
#1486 = EDGE_CURVE('',#1438,#1487,#1489,.T.);
#1487 = VERTEX_POINT('',#1488);
#1488 = CARTESIAN_POINT('',(12.200000000139,-36.79999999995,
    -13.39999999994));
#1489 = LINE('',#1490,#1491);
#1490 = CARTESIAN_POINT('',(12.200000000139,-43.59999999995,
    -13.3999999999));
#1491 = VECTOR('',#1492,1.);
#1492 = DIRECTION('',(-1.423362852084E-16,1.,-4.983193345144E-12));
#1493 = ORIENTED_EDGE('',*,*,#1494,.F.);
#1494 = EDGE_CURVE('',#1495,#1487,#1497,.T.);
#1495 = VERTEX_POINT('',#1496);
#1496 = CARTESIAN_POINT('',(12.200000000139,-36.79999999989,
    -0.986950802509));
#1497 = LINE('',#1498,#1499);
#1498 = CARTESIAN_POINT('',(12.200000000139,-36.79999999986,
    3.675000000057));
#1499 = VECTOR('',#1500,1.);
#1500 = DIRECTION('',(4.283629818291E-15,-4.983187423863E-12,-1.));
#1501 = ORIENTED_EDGE('',*,*,#1502,.F.);
#1502 = EDGE_CURVE('',#1503,#1495,#1505,.T.);
#1503 = VERTEX_POINT('',#1504);
#1504 = CARTESIAN_POINT('',(12.200000000139,-37.22372823881,
    -0.169692668625));
#1505 = CIRCLE('',#1506,1.);
#1506 = AXIS2_PLACEMENT_3D('',#1507,#1508,#1509);
#1507 = CARTESIAN_POINT('',(12.200000000139,-37.79999999989,
    -0.986950802504));
#1508 = DIRECTION('',(-1.,-1.423362852297E-16,-4.28362981829E-15));
#1509 = DIRECTION('',(-2.098061013244E-15,0.887770173265,0.460286996842)
  );
#1510 = ORIENTED_EDGE('',*,*,#1511,.F.);
#1511 = EDGE_CURVE('',#1461,#1503,#1512,.T.);
#1512 = LINE('',#1513,#1514);
#1513 = CARTESIAN_POINT('',(12.200000000139,-41.45367872108,
    2.812964722736));
#1514 = VECTOR('',#1515,1.);
#1515 = DIRECTION('',(2.352209412317E-15,0.817258133879,-0.576271761072)
  );
#1516 = ORIENTED_EDGE('',*,*,#1468,.F.);
#1517 = PLANE('',#1518);
#1518 = AXIS2_PLACEMENT_3D('',#1519,#1520,#1521);
#1519 = CARTESIAN_POINT('',(12.200000000139,-43.59999999983,
    10.550000000091));
#1520 = DIRECTION('',(1.,1.423362852297E-16,4.28362981829E-15));
#1521 = DIRECTION('',(4.283629818291E-15,-4.983187423863E-12,-1.));
#1522 = ADVANCED_FACE('',(#1523),#1567,.T.);
#1523 = FACE_BOUND('',#1524,.T.);
#1524 = EDGE_LOOP('',(#1525,#1526,#1527,#1528,#1536,#1545,#1553,#1561));
#1525 = ORIENTED_EDGE('',*,*,#905,.T.);
#1526 = ORIENTED_EDGE('',*,*,#865,.F.);
#1527 = ORIENTED_EDGE('',*,*,#790,.F.);
#1528 = ORIENTED_EDGE('',*,*,#1529,.T.);
#1529 = EDGE_CURVE('',#791,#1530,#1532,.T.);
#1530 = VERTEX_POINT('',#1531);
#1531 = CARTESIAN_POINT('',(10.200000000139,-36.64745647774,
    0.647565465254));
#1532 = LINE('',#1533,#1534);
#1533 = CARTESIAN_POINT('',(10.200000000139,-35.23762762092,
    -0.346544626103));
#1534 = VECTOR('',#1535,1.);
#1535 = DIRECTION('',(-6.397112511006E-16,0.817258133879,-0.576271761072
    ));
#1536 = ORIENTED_EDGE('',*,*,#1537,.F.);
#1537 = EDGE_CURVE('',#1538,#1530,#1540,.T.);
#1538 = VERTEX_POINT('',#1539);
#1539 = CARTESIAN_POINT('',(10.200000000139,-35.79999999989,
    -0.986950802514));
#1540 = CIRCLE('',#1541,2.);
#1541 = AXIS2_PLACEMENT_3D('',#1542,#1543,#1544);
#1542 = CARTESIAN_POINT('',(10.200000000139,-37.79999999989,
    -0.986950802504));
#1543 = DIRECTION('',(1.,1.423362852038E-16,-9.082273323578E-16));
#1544 = DIRECTION('',(2.916833226836E-16,0.887770173265,0.460286996842)
  );
#1545 = ORIENTED_EDGE('',*,*,#1546,.F.);
#1546 = EDGE_CURVE('',#1547,#1538,#1549,.T.);
#1547 = VERTEX_POINT('',#1548);
#1548 = CARTESIAN_POINT('',(10.200000000139,-35.79999999995,
    -13.39999999994));
#1549 = LINE('',#1550,#1551);
#1550 = CARTESIAN_POINT('',(10.200000000139,-35.79999999995,
    -13.39999999994));
#1551 = VECTOR('',#1552,1.);
#1552 = DIRECTION('',(9.082273323571E-16,4.983187423863E-12,1.));
#1553 = ORIENTED_EDGE('',*,*,#1554,.F.);
#1554 = EDGE_CURVE('',#1555,#1547,#1557,.T.);
#1555 = VERTEX_POINT('',#1556);
#1556 = CARTESIAN_POINT('',(10.200000000139,-41.99999999995,
    -13.39999999991));
#1557 = LINE('',#1558,#1559);
#1558 = CARTESIAN_POINT('',(10.200000000139,-43.59999999995,
    -13.3999999999));
#1559 = VECTOR('',#1560,1.);
#1560 = DIRECTION('',(-1.423362852084E-16,1.,-4.983193345144E-12));
#1561 = ORIENTED_EDGE('',*,*,#1562,.T.);
#1562 = EDGE_CURVE('',#1555,#906,#1563,.T.);
#1563 = LINE('',#1564,#1565);
#1564 = CARTESIAN_POINT('',(10.200000000139,-41.99999999995,
    -12.81249999991));
#1565 = VECTOR('',#1566,1.);
#1566 = DIRECTION('',(9.082273323571E-16,4.983187423863E-12,1.));
#1567 = PLANE('',#1568);
#1568 = AXIS2_PLACEMENT_3D('',#1569,#1570,#1571);
#1569 = CARTESIAN_POINT('',(10.200000000139,-43.59999999995,
    -13.3999999999));
#1570 = DIRECTION('',(-1.,-1.423362852038E-16,9.082273323578E-16));
#1571 = DIRECTION('',(9.082273323571E-16,4.983187423863E-12,1.));
#1572 = ADVANCED_FACE('',(#1573),#1591,.F.);
#1573 = FACE_BOUND('',#1574,.T.);
#1574 = EDGE_LOOP('',(#1575,#1583,#1589,#1590));
#1575 = ORIENTED_EDGE('',*,*,#1576,.F.);
#1576 = EDGE_CURVE('',#1577,#800,#1579,.T.);
#1577 = VERTEX_POINT('',#1578);
#1578 = CARTESIAN_POINT('',(11.200000000139,-36.64745647774,
    0.647565465254));
#1579 = LINE('',#1580,#1581);
#1580 = CARTESIAN_POINT('',(11.200000000139,-40.87740696001,
    3.630222856614));
#1581 = VECTOR('',#1582,1.);
#1582 = DIRECTION('',(-2.352209412317E-15,-0.817258133879,0.576271761072
    ));
#1583 = ORIENTED_EDGE('',*,*,#1584,.F.);
#1584 = EDGE_CURVE('',#1530,#1577,#1585,.T.);
#1585 = LINE('',#1586,#1587);
#1586 = CARTESIAN_POINT('',(6.100000000139,-36.64745647774,
    0.647565465254));
#1587 = VECTOR('',#1588,1.);
#1588 = DIRECTION('',(1.,1.266166167821E-16,4.360293322013E-15));
#1589 = ORIENTED_EDGE('',*,*,#1529,.F.);
#1590 = ORIENTED_EDGE('',*,*,#799,.F.);
#1591 = PLANE('',#1592);
#1592 = AXIS2_PLACEMENT_3D('',#1593,#1594,#1595);
#1593 = CARTESIAN_POINT('',(12.200000000139,-35.79999999988,
    5.000000009122E-02));
#1594 = DIRECTION('',(3.636450764246E-15,-0.576271761072,-0.817258133879
    ));
#1595 = DIRECTION('',(-2.406694463901E-15,-0.817258133879,0.576271761072
    ));
#1596 = ADVANCED_FACE('',(#1597,#1611),#1622,.T.);
#1597 = FACE_BOUND('',#1598,.T.);
#1598 = EDGE_LOOP('',(#1599,#1606,#1607,#1608,#1609,#1610));
#1599 = ORIENTED_EDGE('',*,*,#1600,.F.);
#1600 = EDGE_CURVE('',#1361,#1555,#1601,.T.);
#1601 = CIRCLE('',#1602,1.);
#1602 = AXIS2_PLACEMENT_3D('',#1603,#1604,#1605);
#1603 = CARTESIAN_POINT('',(9.200000000139,-41.99999999995,
    -13.39999999991));
#1604 = DIRECTION('',(1.266166167604E-16,-1.,4.983187423863E-12));
#1605 = DIRECTION('',(1.,1.266166167596E-16,-1.665334536938E-16));
#1606 = ORIENTED_EDGE('',*,*,#1360,.F.);
#1607 = ORIENTED_EDGE('',*,*,#833,.T.);
#1608 = ORIENTED_EDGE('',*,*,#888,.T.);
#1609 = ORIENTED_EDGE('',*,*,#913,.T.);
#1610 = ORIENTED_EDGE('',*,*,#1562,.F.);
#1611 = FACE_BOUND('',#1612,.T.);
#1612 = EDGE_LOOP('',(#1613));
#1613 = ORIENTED_EDGE('',*,*,#1614,.T.);
#1614 = EDGE_CURVE('',#1615,#1615,#1617,.T.);
#1615 = VERTEX_POINT('',#1616);
#1616 = CARTESIAN_POINT('',(6.400000000139,-41.99999999994,
    -12.19999999991));
#1617 = CIRCLE('',#1618,1.1);
#1618 = AXIS2_PLACEMENT_3D('',#1619,#1620,#1621);
#1619 = CARTESIAN_POINT('',(7.500000000139,-41.99999999994,
    -12.19999999991));
#1620 = DIRECTION('',(1.266166167604E-16,-1.,4.983187423863E-12));
#1621 = DIRECTION('',(1.,1.266166167596E-16,-1.665334536938E-16));
#1622 = PLANE('',#1623);
#1623 = AXIS2_PLACEMENT_3D('',#1624,#1625,#1626);
#1624 = CARTESIAN_POINT('',(7.775000000139,-41.99999999994,
    -12.22499999991));
#1625 = DIRECTION('',(-1.266166167604E-16,1.,-4.983187423863E-12));
#1626 = DIRECTION('',(1.,1.266166167596E-16,-1.665334536938E-16));
#1627 = ADVANCED_FACE('',(#1628,#1639),#1642,.T.);
#1628 = FACE_BOUND('',#1629,.T.);
#1629 = EDGE_LOOP('',(#1630));
#1630 = ORIENTED_EDGE('',*,*,#1631,.F.);
#1631 = EDGE_CURVE('',#1632,#1632,#1634,.T.);
#1632 = VERTEX_POINT('',#1633);
#1633 = CARTESIAN_POINT('',(-7.299999999861,-44.59999999988,
    -4.300000000126));
#1634 = CIRCLE('',#1635,7.3);
#1635 = AXIS2_PLACEMENT_3D('',#1636,#1637,#1638);
#1636 = CARTESIAN_POINT('',(1.386268877468E-10,-44.59999999988,
    -4.300000000126));
#1637 = DIRECTION('',(1.110223024625E-16,1.,-3.905406986423E-18));
#1638 = DIRECTION('',(1.,-1.110223024625E-16,-4.405438228686E-33));
#1639 = FACE_BOUND('',#1640,.T.);
#1640 = EDGE_LOOP('',(#1641));
#1641 = ORIENTED_EDGE('',*,*,#938,.T.);
#1642 = PLANE('',#1643);
#1643 = AXIS2_PLACEMENT_3D('',#1644,#1645,#1646);
#1644 = CARTESIAN_POINT('',(1.386268877468E-10,-44.59999999988,
    -4.300000000126));
#1645 = DIRECTION('',(-1.110223024625E-16,-1.,3.905406986423E-18));
#1646 = DIRECTION('',(1.,-1.110223024625E-16,-4.405438228686E-33));
#1647 = ADVANCED_FACE('',(#1648),#1666,.T.);
#1648 = FACE_BOUND('',#1649,.T.);
#1649 = EDGE_LOOP('',(#1650,#1658,#1659,#1660));
#1650 = ORIENTED_EDGE('',*,*,#1651,.T.);
#1651 = EDGE_CURVE('',#1652,#966,#1654,.T.);
#1652 = VERTEX_POINT('',#1653);
#1653 = CARTESIAN_POINT('',(8.650000000139,-43.09999999997,
    -16.94999999991));
#1654 = LINE('',#1655,#1656);
#1655 = CARTESIAN_POINT('',(8.650000000139,-43.09999999997,
    -16.94999999991));
#1656 = VECTOR('',#1657,1.);
#1657 = DIRECTION('',(7.36333281064E-16,-0.829037572552,0.559192903475)
  );
#1658 = ORIENTED_EDGE('',*,*,#965,.T.);
#1659 = ORIENTED_EDGE('',*,*,#1080,.F.);
#1660 = ORIENTED_EDGE('',*,*,#1661,.T.);
#1661 = EDGE_CURVE('',#1081,#1652,#1662,.T.);
#1662 = LINE('',#1663,#1664);
#1663 = CARTESIAN_POINT('',(4.325000000139,-43.09999999997,
    -16.94999999991));
#1664 = VECTOR('',#1665,1.);
#1665 = DIRECTION('',(1.,1.26616616757E-16,-6.799313841563E-16));
#1666 = PLANE('',#1667);
#1667 = AXIS2_PLACEMENT_3D('',#1668,#1669,#1670);
#1668 = CARTESIAN_POINT('',(4.325000000139,-44.34999999996,
    -16.10686435385));
#1669 = DIRECTION('',(-4.928855506705E-16,-0.559192903475,
    -0.829037572552));
#1670 = DIRECTION('',(-1.,4.930380657631E-32,5.94527397779E-16));
#1671 = ADVANCED_FACE('',(#1672),#1684,.T.);
#1672 = FACE_BOUND('',#1673,.T.);
#1673 = EDGE_LOOP('',(#1674,#1675,#1676,#1677));
#1674 = ORIENTED_EDGE('',*,*,#1437,.T.);
#1675 = ORIENTED_EDGE('',*,*,#973,.T.);
#1676 = ORIENTED_EDGE('',*,*,#1651,.F.);
#1677 = ORIENTED_EDGE('',*,*,#1678,.T.);
#1678 = EDGE_CURVE('',#1652,#1438,#1679,.T.);
#1679 = CIRCLE('',#1680,3.55);
#1680 = AXIS2_PLACEMENT_3D('',#1681,#1682,#1683);
#1681 = CARTESIAN_POINT('',(8.650000000139,-43.09999999995,
    -13.39999999991));
#1682 = DIRECTION('',(1.266166167604E-16,-1.,4.983187423863E-12));
#1683 = DIRECTION('',(1.,1.266166167627E-16,4.589443066584E-16));
#1684 = CONICAL_SURFACE('',#1685,2.706864353947,0.593411945678);
#1685 = AXIS2_PLACEMENT_3D('',#1686,#1687,#1688);
#1686 = CARTESIAN_POINT('',(8.650000000139,-44.34999999995,
    -13.3999999999));
#1687 = DIRECTION('',(0.,1.,-4.983569112937E-12));
#1688 = DIRECTION('',(1.,2.287180671225E-27,4.58944306659E-16));
#1689 = ADVANCED_FACE('',(#1690),#1709,.F.);
#1690 = FACE_BOUND('',#1691,.F.);
#1691 = EDGE_LOOP('',(#1692,#1700,#1707,#1708));
#1692 = ORIENTED_EDGE('',*,*,#1693,.T.);
#1693 = EDGE_CURVE('',#1025,#1694,#1696,.T.);
#1694 = VERTEX_POINT('',#1695);
#1695 = CARTESIAN_POINT('',(-9.849999999861,-44.39999999988,
    -12.19999999989));
#1696 = LINE('',#1697,#1698);
#1697 = CARTESIAN_POINT('',(-9.849999999861,-45.59999999988,
    -12.19999999989));
#1698 = VECTOR('',#1699,1.);
#1699 = DIRECTION('',(0.,1.,0.));
#1700 = ORIENTED_EDGE('',*,*,#1701,.F.);
#1701 = EDGE_CURVE('',#1694,#1694,#1702,.T.);
#1702 = CIRCLE('',#1703,2.35);
#1703 = AXIS2_PLACEMENT_3D('',#1704,#1705,#1706);
#1704 = CARTESIAN_POINT('',(-7.499999999861,-44.39999999988,
    -12.19999999989));
#1705 = DIRECTION('',(1.110223024625E-16,1.,-3.905406986423E-18));
#1706 = DIRECTION('',(1.,-1.110223024625E-16,-4.405438228686E-33));
#1707 = ORIENTED_EDGE('',*,*,#1693,.F.);
#1708 = ORIENTED_EDGE('',*,*,#1024,.T.);
#1709 = CYLINDRICAL_SURFACE('',#1710,2.35);
#1710 = AXIS2_PLACEMENT_3D('',#1711,#1712,#1713);
#1711 = CARTESIAN_POINT('',(-7.499999999861,-45.59999999988,
    -12.19999999989));
#1712 = DIRECTION('',(0.,1.,0.));
#1713 = DIRECTION('',(1.,0.,-4.405438228686E-33));
#1714 = ADVANCED_FACE('',(#1715),#1734,.F.);
#1715 = FACE_BOUND('',#1716,.F.);
#1716 = EDGE_LOOP('',(#1717,#1725,#1732,#1733));
#1717 = ORIENTED_EDGE('',*,*,#1718,.T.);
#1718 = EDGE_CURVE('',#1036,#1719,#1721,.T.);
#1719 = VERTEX_POINT('',#1720);
#1720 = CARTESIAN_POINT('',(5.150000000139,-44.39999999988,
    -12.19999999989));
#1721 = LINE('',#1722,#1723);
#1722 = CARTESIAN_POINT('',(5.150000000139,-45.59999999988,
    -12.19999999989));
#1723 = VECTOR('',#1724,1.);
#1724 = DIRECTION('',(0.,1.,0.));
#1725 = ORIENTED_EDGE('',*,*,#1726,.F.);
#1726 = EDGE_CURVE('',#1719,#1719,#1727,.T.);
#1727 = CIRCLE('',#1728,2.35);
#1728 = AXIS2_PLACEMENT_3D('',#1729,#1730,#1731);
#1729 = CARTESIAN_POINT('',(7.500000000139,-44.39999999988,
    -12.19999999989));
#1730 = DIRECTION('',(1.110223024625E-16,1.,-3.905406986423E-18));
#1731 = DIRECTION('',(1.,-1.110223024625E-16,-4.405438228686E-33));
#1732 = ORIENTED_EDGE('',*,*,#1718,.F.);
#1733 = ORIENTED_EDGE('',*,*,#1035,.T.);
#1734 = CYLINDRICAL_SURFACE('',#1735,2.35);
#1735 = AXIS2_PLACEMENT_3D('',#1736,#1737,#1738);
#1736 = CARTESIAN_POINT('',(7.500000000139,-45.59999999988,
    -12.19999999989));
#1737 = DIRECTION('',(0.,1.,0.));
#1738 = DIRECTION('',(1.,0.,-4.405438228686E-33));
#1739 = ADVANCED_FACE('',(#1740),#1751,.F.);
#1740 = FACE_BOUND('',#1741,.F.);
#1741 = EDGE_LOOP('',(#1742,#1748,#1749,#1750));
#1742 = ORIENTED_EDGE('',*,*,#1743,.T.);
#1743 = EDGE_CURVE('',#1047,#1632,#1744,.T.);
#1744 = LINE('',#1745,#1746);
#1745 = CARTESIAN_POINT('',(-7.299999999861,-45.59999999988,
    -4.300000000126));
#1746 = VECTOR('',#1747,1.);
#1747 = DIRECTION('',(0.,1.,0.));
#1748 = ORIENTED_EDGE('',*,*,#1631,.F.);
#1749 = ORIENTED_EDGE('',*,*,#1743,.F.);
#1750 = ORIENTED_EDGE('',*,*,#1046,.T.);
#1751 = CYLINDRICAL_SURFACE('',#1752,7.3);
#1752 = AXIS2_PLACEMENT_3D('',#1753,#1754,#1755);
#1753 = CARTESIAN_POINT('',(1.386268877468E-10,-45.59999999988,
    -4.300000000126));
#1754 = DIRECTION('',(0.,1.,0.));
#1755 = DIRECTION('',(1.,0.,-4.405438228686E-33));
#1756 = ADVANCED_FACE('',(#1757),#1768,.T.);
#1757 = FACE_BOUND('',#1758,.T.);
#1758 = EDGE_LOOP('',(#1759,#1760,#1761,#1762));
#1759 = ORIENTED_EDGE('',*,*,#1130,.F.);
#1760 = ORIENTED_EDGE('',*,*,#1213,.T.);
#1761 = ORIENTED_EDGE('',*,*,#1251,.T.);
#1762 = ORIENTED_EDGE('',*,*,#1763,.T.);
#1763 = EDGE_CURVE('',#1244,#1131,#1764,.T.);
#1764 = LINE('',#1765,#1766);
#1765 = CARTESIAN_POINT('',(6.100000000139,-35.79999999989,
    -0.986950802514));
#1766 = VECTOR('',#1767,1.);
#1767 = DIRECTION('',(-1.,-1.266166167821E-16,-4.360293322013E-15));
#1768 = CYLINDRICAL_SURFACE('',#1769,2.);
#1769 = AXIS2_PLACEMENT_3D('',#1770,#1771,#1772);
#1770 = CARTESIAN_POINT('',(6.100000000139,-37.79999999989,
    -0.986950802504));
#1771 = DIRECTION('',(1.,1.266166167821E-16,4.360293322013E-15));
#1772 = DIRECTION('',(-2.119392774359E-15,0.887770173265,0.460286996842)
  );
#1773 = ADVANCED_FACE('',(#1774),#1810,.T.);
#1774 = FACE_BOUND('',#1775,.T.);
#1775 = EDGE_LOOP('',(#1776,#1786,#1793,#1794,#1795,#1796,#1803,#1804));
#1776 = ORIENTED_EDGE('',*,*,#1777,.F.);
#1777 = EDGE_CURVE('',#1778,#1780,#1782,.T.);
#1778 = VERTEX_POINT('',#1779);
#1779 = CARTESIAN_POINT('',(-8.649999999861,-35.79999999996,
    -15.94999999994));
#1780 = VERTEX_POINT('',#1781);
#1781 = CARTESIAN_POINT('',(-3.499999999861,-35.79999999996,
    -15.94999999994));
#1782 = LINE('',#1783,#1784);
#1783 = CARTESIAN_POINT('',(4.325000000139,-35.79999999996,
    -15.94999999994));
#1784 = VECTOR('',#1785,1.);
#1785 = DIRECTION('',(1.,1.26616616757E-16,-6.799313841563E-16));
#1786 = ORIENTED_EDGE('',*,*,#1787,.F.);
#1787 = EDGE_CURVE('',#1156,#1778,#1788,.T.);
#1788 = CIRCLE('',#1789,2.55);
#1789 = AXIS2_PLACEMENT_3D('',#1790,#1791,#1792);
#1790 = CARTESIAN_POINT('',(-8.649999999861,-35.79999999995,
    -13.39999999994));
#1791 = DIRECTION('',(1.266166167604E-16,-1.,4.983187423863E-12));
#1792 = DIRECTION('',(-1.665334536931E-16,-4.983187423863E-12,-1.));
#1793 = ORIENTED_EDGE('',*,*,#1155,.F.);
#1794 = ORIENTED_EDGE('',*,*,#1763,.F.);
#1795 = ORIENTED_EDGE('',*,*,#1243,.T.);
#1796 = ORIENTED_EDGE('',*,*,#1797,.T.);
#1797 = EDGE_CURVE('',#1236,#1409,#1798,.T.);
#1798 = CIRCLE('',#1799,1.);
#1799 = AXIS2_PLACEMENT_3D('',#1800,#1801,#1802);
#1800 = CARTESIAN_POINT('',(-9.199999999861,-35.79999999995,
    -13.39999999994));
#1801 = DIRECTION('',(1.266166167604E-16,-1.,4.983187423863E-12));
#1802 = DIRECTION('',(-1.665334536931E-16,-4.983187423863E-12,-1.));
#1803 = ORIENTED_EDGE('',*,*,#1408,.T.);
#1804 = ORIENTED_EDGE('',*,*,#1805,.T.);
#1805 = EDGE_CURVE('',#1401,#1780,#1806,.T.);
#1806 = LINE('',#1807,#1808);
#1807 = CARTESIAN_POINT('',(-3.499999999861,-35.79999999993,
    -10.07500000003));
#1808 = VECTOR('',#1809,1.);
#1809 = DIRECTION('',(-5.551115123126E-16,-4.983187423863E-12,-1.));
#1810 = PLANE('',#1811);
#1811 = AXIS2_PLACEMENT_3D('',#1812,#1813,#1814);
#1812 = CARTESIAN_POINT('',(1.386018993026E-10,-35.7999999999,
    -3.199999999948));
#1813 = DIRECTION('',(-1.266166167604E-16,1.,-4.983187423863E-12));
#1814 = DIRECTION('',(1.,1.266166167596E-16,-1.665334536938E-16));
#1815 = ADVANCED_FACE('',(#1816),#1827,.T.);
#1816 = FACE_BOUND('',#1817,.T.);
#1817 = EDGE_LOOP('',(#1818,#1819,#1820,#1826));
#1818 = ORIENTED_EDGE('',*,*,#1163,.T.);
#1819 = ORIENTED_EDGE('',*,*,#1787,.T.);
#1820 = ORIENTED_EDGE('',*,*,#1821,.F.);
#1821 = EDGE_CURVE('',#1179,#1778,#1822,.T.);
#1822 = LINE('',#1823,#1824);
#1823 = CARTESIAN_POINT('',(-8.649999999861,-36.79999999997,
    -16.94999999994));
#1824 = VECTOR('',#1825,1.);
#1825 = DIRECTION('',(7.850462293419E-16,0.70710678119,0.707106781183));
#1826 = ORIENTED_EDGE('',*,*,#1178,.T.);
#1827 = CONICAL_SURFACE('',#1828,3.05,0.785398163397);
#1828 = AXIS2_PLACEMENT_3D('',#1829,#1830,#1831);
#1829 = CARTESIAN_POINT('',(-8.649999999861,-36.29999999995,
    -13.39999999994));
#1830 = DIRECTION('',(0.,-1.,4.982680934518E-12));
#1831 = DIRECTION('',(-1.665334536931E-16,-4.982680934518E-12,-1.));
#1832 = ADVANCED_FACE('',(#1833),#1883,.T.);
#1833 = FACE_BOUND('',#1834,.T.);
#1834 = EDGE_LOOP('',(#1835,#1845,#1851,#1852,#1853,#1861,#1869,#1877));
#1835 = ORIENTED_EDGE('',*,*,#1836,.F.);
#1836 = EDGE_CURVE('',#1837,#1839,#1841,.T.);
#1837 = VERTEX_POINT('',#1838);
#1838 = CARTESIAN_POINT('',(8.650000000139,-36.79999999997,
    -16.94999999994));
#1839 = VERTEX_POINT('',#1840);
#1840 = CARTESIAN_POINT('',(3.500000000139,-36.79999999997,
    -16.94999999994));
#1841 = LINE('',#1842,#1843);
#1842 = CARTESIAN_POINT('',(4.325000000139,-36.79999999997,
    -16.94999999994));
#1843 = VECTOR('',#1844,1.);
#1844 = DIRECTION('',(-1.,-1.26616616757E-16,6.799313841563E-16));
#1845 = ORIENTED_EDGE('',*,*,#1846,.F.);
#1846 = EDGE_CURVE('',#1652,#1837,#1847,.T.);
#1847 = LINE('',#1848,#1849);
#1848 = CARTESIAN_POINT('',(8.650000000139,-43.59999999997,
    -16.9499999999));
#1849 = VECTOR('',#1850,1.);
#1850 = DIRECTION('',(-1.423362852084E-16,1.,-4.983193345144E-12));
#1851 = ORIENTED_EDGE('',*,*,#1661,.F.);
#1852 = ORIENTED_EDGE('',*,*,#1187,.T.);
#1853 = ORIENTED_EDGE('',*,*,#1854,.F.);
#1854 = EDGE_CURVE('',#1855,#1179,#1857,.T.);
#1855 = VERTEX_POINT('',#1856);
#1856 = CARTESIAN_POINT('',(-3.499999999861,-36.79999999997,
    -16.94999999994));
#1857 = LINE('',#1858,#1859);
#1858 = CARTESIAN_POINT('',(4.325000000139,-36.79999999997,
    -16.94999999994));
#1859 = VECTOR('',#1860,1.);
#1860 = DIRECTION('',(-1.,-1.26616616757E-16,6.799313841563E-16));
#1861 = ORIENTED_EDGE('',*,*,#1862,.T.);
#1862 = EDGE_CURVE('',#1855,#1863,#1865,.T.);
#1863 = VERTEX_POINT('',#1864);
#1864 = CARTESIAN_POINT('',(-3.499999999861,-39.79999999997,
    -16.95000000012));
#1865 = LINE('',#1866,#1867);
#1866 = CARTESIAN_POINT('',(-3.499999999861,-39.69999999997,
    -16.94999999992));
#1867 = VECTOR('',#1868,1.);
#1868 = DIRECTION('',(2.766227993969E-27,-1.,4.983193345144E-12));
#1869 = ORIENTED_EDGE('',*,*,#1870,.T.);
#1870 = EDGE_CURVE('',#1863,#1871,#1873,.T.);
#1871 = VERTEX_POINT('',#1872);
#1872 = CARTESIAN_POINT('',(3.500000000139,-39.79999999997,
    -16.95000000012));
#1873 = LINE('',#1874,#1875);
#1874 = CARTESIAN_POINT('',(2.575000000139,-39.79999999997,
    -16.94999999992));
#1875 = VECTOR('',#1876,1.);
#1876 = DIRECTION('',(1.,0.,-6.799313841556E-16));
#1877 = ORIENTED_EDGE('',*,*,#1878,.T.);
#1878 = EDGE_CURVE('',#1871,#1839,#1879,.T.);
#1879 = LINE('',#1880,#1881);
#1880 = CARTESIAN_POINT('',(3.500000000139,-41.69999999997,
    -16.94999999991));
#1881 = VECTOR('',#1882,1.);
#1882 = DIRECTION('',(-2.766227993969E-27,1.,-4.983193345144E-12));
#1883 = PLANE('',#1884);
#1884 = AXIS2_PLACEMENT_3D('',#1885,#1886,#1887);
#1885 = CARTESIAN_POINT('',(8.650000000139,-43.59999999997,
    -16.9499999999));
#1886 = DIRECTION('',(-6.799313841556E-16,-4.983193345144E-12,-1.));
#1887 = DIRECTION('',(-1.,-1.26616616757E-16,6.799313841563E-16));
#1888 = ADVANCED_FACE('',(#1889),#1895,.F.);
#1889 = FACE_BOUND('',#1890,.F.);
#1890 = EDGE_LOOP('',(#1891,#1892,#1893,#1894));
#1891 = ORIENTED_EDGE('',*,*,#1235,.T.);
#1892 = ORIENTED_EDGE('',*,*,#1797,.T.);
#1893 = ORIENTED_EDGE('',*,*,#1416,.F.);
#1894 = ORIENTED_EDGE('',*,*,#1287,.F.);
#1895 = CYLINDRICAL_SURFACE('',#1896,1.);
#1896 = AXIS2_PLACEMENT_3D('',#1897,#1898,#1899);
#1897 = CARTESIAN_POINT('',(-9.199999999861,-43.59999999995,
    -13.3999999999));
#1898 = DIRECTION('',(-1.423362852084E-16,1.,-4.983193345144E-12));
#1899 = DIRECTION('',(-1.665334536931E-16,-4.983193345144E-12,-1.));
#1900 = ADVANCED_FACE('',(#1901),#1920,.F.);
#1901 = FACE_BOUND('',#1902,.F.);
#1902 = EDGE_LOOP('',(#1903,#1911,#1912,#1913));
#1903 = ORIENTED_EDGE('',*,*,#1904,.T.);
#1904 = EDGE_CURVE('',#1905,#1309,#1907,.T.);
#1905 = VERTEX_POINT('',#1906);
#1906 = CARTESIAN_POINT('',(-8.599999999861,-43.6823871369,
    -12.1999999999));
#1907 = LINE('',#1908,#1909);
#1908 = CARTESIAN_POINT('',(-8.599999999861,-43.59999999994,
    -12.1999999999));
#1909 = VECTOR('',#1910,1.);
#1910 = DIRECTION('',(0.,1.,-4.982680934518E-12));
#1911 = ORIENTED_EDGE('',*,*,#1308,.T.);
#1912 = ORIENTED_EDGE('',*,*,#1904,.F.);
#1913 = ORIENTED_EDGE('',*,*,#1914,.T.);
#1914 = EDGE_CURVE('',#1905,#1905,#1915,.T.);
#1915 = CIRCLE('',#1916,1.1);
#1916 = AXIS2_PLACEMENT_3D('',#1917,#1918,#1919);
#1917 = CARTESIAN_POINT('',(-7.499999999861,-43.6823871369,
    -12.1999999999));
#1918 = DIRECTION('',(0.,1.,-4.982680934518E-12));
#1919 = DIRECTION('',(1.,-8.297830646762E-28,-1.665334536931E-16));
#1920 = CYLINDRICAL_SURFACE('',#1921,1.1);
#1921 = AXIS2_PLACEMENT_3D('',#1922,#1923,#1924);
#1922 = CARTESIAN_POINT('',(-7.499999999861,-43.59999999994,
    -12.1999999999));
#1923 = DIRECTION('',(0.,-1.,4.982680934518E-12));
#1924 = DIRECTION('',(1.,-8.297830646762E-28,-1.665334536931E-16));
#1925 = ADVANCED_FACE('',(#1926),#1938,.F.);
#1926 = FACE_BOUND('',#1927,.F.);
#1927 = EDGE_LOOP('',(#1928,#1929,#1936,#1937));
#1928 = ORIENTED_EDGE('',*,*,#1368,.T.);
#1929 = ORIENTED_EDGE('',*,*,#1930,.T.);
#1930 = EDGE_CURVE('',#1369,#1547,#1931,.T.);
#1931 = CIRCLE('',#1932,1.);
#1932 = AXIS2_PLACEMENT_3D('',#1933,#1934,#1935);
#1933 = CARTESIAN_POINT('',(9.200000000139,-35.79999999995,
    -13.39999999994));
#1934 = DIRECTION('',(1.266166167604E-16,-1.,4.983187423863E-12));
#1935 = DIRECTION('',(1.,1.266166167596E-16,-1.665334536938E-16));
#1936 = ORIENTED_EDGE('',*,*,#1554,.F.);
#1937 = ORIENTED_EDGE('',*,*,#1600,.F.);
#1938 = CYLINDRICAL_SURFACE('',#1939,1.);
#1939 = AXIS2_PLACEMENT_3D('',#1940,#1941,#1942);
#1940 = CARTESIAN_POINT('',(9.200000000139,-43.59999999995,
    -13.3999999999));
#1941 = DIRECTION('',(-1.423362852084E-16,1.,-4.983193345144E-12));
#1942 = DIRECTION('',(1.,1.423362852075E-16,-1.665334536939E-16));
#1943 = ADVANCED_FACE('',(#1944),#1988,.T.);
#1944 = FACE_BOUND('',#1945,.T.);
#1945 = EDGE_LOOP('',(#1946,#1956,#1962,#1963,#1964,#1965,#1973,#1981));
#1946 = ORIENTED_EDGE('',*,*,#1947,.F.);
#1947 = EDGE_CURVE('',#1948,#1950,#1952,.T.);
#1948 = VERTEX_POINT('',#1949);
#1949 = CARTESIAN_POINT('',(3.500000000139,-35.79999999996,
    -15.94999999994));
#1950 = VERTEX_POINT('',#1951);
#1951 = CARTESIAN_POINT('',(8.650000000139,-35.79999999996,
    -15.94999999994));
#1952 = LINE('',#1953,#1954);
#1953 = CARTESIAN_POINT('',(4.325000000139,-35.79999999996,
    -15.94999999994));
#1954 = VECTOR('',#1955,1.);
#1955 = DIRECTION('',(1.,1.26616616757E-16,-6.799313841563E-16));
#1956 = ORIENTED_EDGE('',*,*,#1957,.T.);
#1957 = EDGE_CURVE('',#1948,#1377,#1958,.T.);
#1958 = LINE('',#1959,#1960);
#1959 = CARTESIAN_POINT('',(3.500000000139,-35.79999999993,
    -10.07500000004));
#1960 = VECTOR('',#1961,1.);
#1961 = DIRECTION('',(5.551115123126E-16,4.983187423863E-12,1.));
#1962 = ORIENTED_EDGE('',*,*,#1376,.T.);
#1963 = ORIENTED_EDGE('',*,*,#1930,.T.);
#1964 = ORIENTED_EDGE('',*,*,#1546,.T.);
#1965 = ORIENTED_EDGE('',*,*,#1966,.F.);
#1966 = EDGE_CURVE('',#1967,#1538,#1969,.T.);
#1967 = VERTEX_POINT('',#1968);
#1968 = CARTESIAN_POINT('',(11.200000000139,-35.79999999989,
    -0.986950802514));
#1969 = LINE('',#1970,#1971);
#1970 = CARTESIAN_POINT('',(6.100000000139,-35.79999999989,
    -0.986950802514));
#1971 = VECTOR('',#1972,1.);
#1972 = DIRECTION('',(-1.,-1.266166167821E-16,-4.360293322013E-15));
#1973 = ORIENTED_EDGE('',*,*,#1974,.F.);
#1974 = EDGE_CURVE('',#1975,#1967,#1977,.T.);
#1975 = VERTEX_POINT('',#1976);
#1976 = CARTESIAN_POINT('',(11.200000000139,-35.79999999995,
    -13.39999999994));
#1977 = LINE('',#1978,#1979);
#1978 = CARTESIAN_POINT('',(11.200000000139,-35.79999999986,
    3.675000000052));
#1979 = VECTOR('',#1980,1.);
#1980 = DIRECTION('',(-4.283629818291E-15,4.983187423863E-12,1.));
#1981 = ORIENTED_EDGE('',*,*,#1982,.F.);
#1982 = EDGE_CURVE('',#1950,#1975,#1983,.T.);
#1983 = CIRCLE('',#1984,2.55);
#1984 = AXIS2_PLACEMENT_3D('',#1985,#1986,#1987);
#1985 = CARTESIAN_POINT('',(8.650000000139,-35.79999999995,
    -13.39999999994));
#1986 = DIRECTION('',(1.266166167604E-16,-1.,4.983187423863E-12));
#1987 = DIRECTION('',(1.,1.266166167627E-16,4.589443066584E-16));
#1988 = PLANE('',#1989);
#1989 = AXIS2_PLACEMENT_3D('',#1990,#1991,#1992);
#1990 = CARTESIAN_POINT('',(1.386018993026E-10,-35.7999999999,
    -3.199999999948));
#1991 = DIRECTION('',(-1.266166167604E-16,1.,-4.983187423863E-12));
#1992 = DIRECTION('',(1.,1.266166167596E-16,-1.665334536938E-16));
#1993 = ADVANCED_FACE('',(#1994),#2011,.F.);
#1994 = FACE_BOUND('',#1995,.T.);
#1995 = EDGE_LOOP('',(#1996,#2002,#2003,#2009,#2010));
#1996 = ORIENTED_EDGE('',*,*,#1997,.F.);
#1997 = EDGE_CURVE('',#1839,#1948,#1998,.T.);
#1998 = LINE('',#1999,#2000);
#1999 = CARTESIAN_POINT('',(3.500000000139,-37.30000000002,
    -17.44999999999));
#2000 = VECTOR('',#2001,1.);
#2001 = DIRECTION('',(3.92523114669E-16,0.70710678119,0.707106781183));
#2002 = ORIENTED_EDGE('',*,*,#1878,.F.);
#2003 = ORIENTED_EDGE('',*,*,#2004,.T.);
#2004 = EDGE_CURVE('',#1871,#1385,#2005,.T.);
#2005 = LINE('',#2006,#2007);
#2006 = CARTESIAN_POINT('',(3.500000000139,-39.79999999997,
    -16.95000000012));
#2007 = VECTOR('',#2008,1.);
#2008 = DIRECTION('',(5.551115123126E-16,0.,1.));
#2009 = ORIENTED_EDGE('',*,*,#1384,.F.);
#2010 = ORIENTED_EDGE('',*,*,#1957,.F.);
#2011 = PLANE('',#2012);
#2012 = AXIS2_PLACEMENT_3D('',#2013,#2014,#2015);
#2013 = CARTESIAN_POINT('',(3.500000000139,-39.79999999997,
    -16.95000000012));
#2014 = DIRECTION('',(1.,0.,-5.551115123126E-16));
#2015 = DIRECTION('',(0.,1.,0.));
#2016 = ADVANCED_FACE('',(#2017),#2028,.F.);
#2017 = FACE_BOUND('',#2018,.T.);
#2018 = EDGE_LOOP('',(#2019,#2020,#2021,#2022));
#2019 = ORIENTED_EDGE('',*,*,#1392,.F.);
#2020 = ORIENTED_EDGE('',*,*,#2004,.F.);
#2021 = ORIENTED_EDGE('',*,*,#1870,.F.);
#2022 = ORIENTED_EDGE('',*,*,#2023,.T.);
#2023 = EDGE_CURVE('',#1863,#1393,#2024,.T.);
#2024 = LINE('',#2025,#2026);
#2025 = CARTESIAN_POINT('',(-3.499999999861,-39.79999999997,
    -16.95000000012));
#2026 = VECTOR('',#2027,1.);
#2027 = DIRECTION('',(5.551115123126E-16,0.,1.));
#2028 = PLANE('',#2029);
#2029 = AXIS2_PLACEMENT_3D('',#2030,#2031,#2032);
#2030 = CARTESIAN_POINT('',(-3.499999999861,-39.79999999997,
    -16.95000000012));
#2031 = DIRECTION('',(0.,-1.,0.));
#2032 = DIRECTION('',(1.,0.,-5.133979304625E-16));
#2033 = ADVANCED_FACE('',(#2034),#2046,.F.);
#2034 = FACE_BOUND('',#2035,.T.);
#2035 = EDGE_LOOP('',(#2036,#2042,#2043,#2044,#2045));
#2036 = ORIENTED_EDGE('',*,*,#2037,.F.);
#2037 = EDGE_CURVE('',#1780,#1855,#2038,.T.);
#2038 = LINE('',#2039,#2040);
#2039 = CARTESIAN_POINT('',(-3.499999999861,-36.30000000001,
    -16.44999999999));
#2040 = VECTOR('',#2041,1.);
#2041 = DIRECTION('',(-3.92523114669E-16,-0.70710678119,-0.707106781183)
  );
#2042 = ORIENTED_EDGE('',*,*,#1805,.F.);
#2043 = ORIENTED_EDGE('',*,*,#1400,.F.);
#2044 = ORIENTED_EDGE('',*,*,#2023,.F.);
#2045 = ORIENTED_EDGE('',*,*,#1862,.F.);
#2046 = PLANE('',#2047);
#2047 = AXIS2_PLACEMENT_3D('',#2048,#2049,#2050);
#2048 = CARTESIAN_POINT('',(-3.499999999861,-35.79999999997,
    -16.95000000012));
#2049 = DIRECTION('',(-1.,0.,5.551115123126E-16));
#2050 = DIRECTION('',(0.,-1.,0.));
#2051 = ADVANCED_FACE('',(#2052),#2063,.T.);
#2052 = FACE_BOUND('',#2053,.T.);
#2053 = EDGE_LOOP('',(#2054,#2055,#2056,#2062));
#2054 = ORIENTED_EDGE('',*,*,#1460,.F.);
#2055 = ORIENTED_EDGE('',*,*,#1511,.T.);
#2056 = ORIENTED_EDGE('',*,*,#2057,.T.);
#2057 = EDGE_CURVE('',#1503,#1577,#2058,.T.);
#2058 = LINE('',#2059,#2060);
#2059 = CARTESIAN_POINT('',(12.200000000139,-37.22372823881,
    -0.169692668625));
#2060 = VECTOR('',#2061,1.);
#2061 = DIRECTION('',(-0.707106781187,0.40748567006,0.577888768445));
#2062 = ORIENTED_EDGE('',*,*,#1576,.T.);
#2063 = PLANE('',#2064);
#2064 = AXIS2_PLACEMENT_3D('',#2065,#2066,#2067);
#2065 = CARTESIAN_POINT('',(11.700000000139,-41.16554284054,
    3.221593789675));
#2066 = DIRECTION('',(0.707106781187,0.40748567006,0.577888768445));
#2067 = DIRECTION('',(0.63280927185,2.775557561563E-17,-0.77430770722));
#2068 = ADVANCED_FACE('',(#2069),#2081,.T.);
#2069 = FACE_BOUND('',#2070,.T.);
#2070 = EDGE_LOOP('',(#2071,#2078,#2079,#2080));
#2071 = ORIENTED_EDGE('',*,*,#2072,.F.);
#2072 = EDGE_CURVE('',#1487,#1837,#2073,.T.);
#2073 = CIRCLE('',#2074,3.55);
#2074 = AXIS2_PLACEMENT_3D('',#2075,#2076,#2077);
#2075 = CARTESIAN_POINT('',(8.650000000139,-36.79999999995,
    -13.39999999994));
#2076 = DIRECTION('',(-1.266166167604E-16,1.,-4.983187423863E-12));
#2077 = DIRECTION('',(1.,1.266166167627E-16,4.589443066584E-16));
#2078 = ORIENTED_EDGE('',*,*,#1486,.F.);
#2079 = ORIENTED_EDGE('',*,*,#1678,.F.);
#2080 = ORIENTED_EDGE('',*,*,#1846,.T.);
#2081 = CYLINDRICAL_SURFACE('',#2082,3.55);
#2082 = AXIS2_PLACEMENT_3D('',#2083,#2084,#2085);
#2083 = CARTESIAN_POINT('',(8.650000000139,-43.59999999995,
    -13.3999999999));
#2084 = DIRECTION('',(-1.423362852084E-16,1.,-4.983193345144E-12));
#2085 = DIRECTION('',(1.,1.423362852106E-16,4.589443066583E-16));
#2086 = ADVANCED_FACE('',(#2087),#2103,.T.);
#2087 = FACE_BOUND('',#2088,.T.);
#2088 = EDGE_LOOP('',(#2089,#2095,#2096,#2102));
#2089 = ORIENTED_EDGE('',*,*,#2090,.T.);
#2090 = EDGE_CURVE('',#1487,#1975,#2091,.T.);
#2091 = LINE('',#2092,#2093);
#2092 = CARTESIAN_POINT('',(12.200000000139,-36.79999999995,
    -13.39999999994));
#2093 = VECTOR('',#2094,1.);
#2094 = DIRECTION('',(-0.707106781187,0.707106781187,-3.527997754662E-12
    ));
#2095 = ORIENTED_EDGE('',*,*,#1974,.T.);
#2096 = ORIENTED_EDGE('',*,*,#2097,.F.);
#2097 = EDGE_CURVE('',#1495,#1967,#2098,.T.);
#2098 = LINE('',#2099,#2100);
#2099 = CARTESIAN_POINT('',(12.200000000139,-36.79999999989,
    -0.986950802509));
#2100 = VECTOR('',#2101,1.);
#2101 = DIRECTION('',(-0.707106781187,0.707106781187,-3.52672205454E-12)
  );
#2102 = ORIENTED_EDGE('',*,*,#1494,.T.);
#2103 = PLANE('',#2104);
#2104 = AXIS2_PLACEMENT_3D('',#2105,#2106,#2107);
#2105 = CARTESIAN_POINT('',(11.700000000139,-36.29999999986,
    3.675000000055));
#2106 = DIRECTION('',(0.707106781187,0.707106781187,-3.520616635645E-12)
  );
#2107 = DIRECTION('',(-4.978903794045E-12,0.,-1.));
#2108 = ADVANCED_FACE('',(#2109),#2121,.T.);
#2109 = FACE_BOUND('',#2110,.T.);
#2110 = EDGE_LOOP('',(#2111,#2112,#2119,#2120));
#2111 = ORIENTED_EDGE('',*,*,#2097,.T.);
#2112 = ORIENTED_EDGE('',*,*,#2113,.T.);
#2113 = EDGE_CURVE('',#1967,#1577,#2114,.T.);
#2114 = CIRCLE('',#2115,2.);
#2115 = AXIS2_PLACEMENT_3D('',#2116,#2117,#2118);
#2116 = CARTESIAN_POINT('',(11.200000000139,-37.79999999989,
    -0.986950802504));
#2117 = DIRECTION('',(1.,1.423362852297E-16,4.28362981829E-15));
#2118 = DIRECTION('',(-2.098061013244E-15,0.887770173265,0.460286996842)
  );
#2119 = ORIENTED_EDGE('',*,*,#2057,.F.);
#2120 = ORIENTED_EDGE('',*,*,#1502,.T.);
#2121 = CONICAL_SURFACE('',#2122,1.5,0.785398163397);
#2122 = AXIS2_PLACEMENT_3D('',#2123,#2124,#2125);
#2123 = CARTESIAN_POINT('',(11.700000000139,-37.79999999989,
    -0.986950802504));
#2124 = DIRECTION('',(-1.,0.,-4.302114220422E-15));
#2125 = DIRECTION('',(-1.98020723459E-15,0.887770173265,0.460286996842)
  );
#2126 = ADVANCED_FACE('',(#2127),#2133,.T.);
#2127 = FACE_BOUND('',#2128,.T.);
#2128 = EDGE_LOOP('',(#2129,#2130,#2131,#2132));
#2129 = ORIENTED_EDGE('',*,*,#2113,.F.);
#2130 = ORIENTED_EDGE('',*,*,#1966,.T.);
#2131 = ORIENTED_EDGE('',*,*,#1537,.T.);
#2132 = ORIENTED_EDGE('',*,*,#1584,.T.);
#2133 = CYLINDRICAL_SURFACE('',#2134,2.);
#2134 = AXIS2_PLACEMENT_3D('',#2135,#2136,#2137);
#2135 = CARTESIAN_POINT('',(6.100000000139,-37.79999999989,
    -0.986950802504));
#2136 = DIRECTION('',(1.,1.266166167821E-16,4.360293322013E-15));
#2137 = DIRECTION('',(-2.119392774359E-15,0.887770173265,0.460286996842)
  );
#2138 = ADVANCED_FACE('',(#2139),#2158,.F.);
#2139 = FACE_BOUND('',#2140,.F.);
#2140 = EDGE_LOOP('',(#2141,#2149,#2150,#2151));
#2141 = ORIENTED_EDGE('',*,*,#2142,.T.);
#2142 = EDGE_CURVE('',#2143,#1615,#2145,.T.);
#2143 = VERTEX_POINT('',#2144);
#2144 = CARTESIAN_POINT('',(6.400000000139,-43.6823871369,-12.1999999999
    ));
#2145 = LINE('',#2146,#2147);
#2146 = CARTESIAN_POINT('',(6.400000000139,-43.59999999994,
    -12.1999999999));
#2147 = VECTOR('',#2148,1.);
#2148 = DIRECTION('',(0.,1.,-4.982680934518E-12));
#2149 = ORIENTED_EDGE('',*,*,#1614,.T.);
#2150 = ORIENTED_EDGE('',*,*,#2142,.F.);
#2151 = ORIENTED_EDGE('',*,*,#2152,.T.);
#2152 = EDGE_CURVE('',#2143,#2143,#2153,.T.);
#2153 = CIRCLE('',#2154,1.1);
#2154 = AXIS2_PLACEMENT_3D('',#2155,#2156,#2157);
#2155 = CARTESIAN_POINT('',(7.500000000139,-43.6823871369,-12.1999999999
    ));
#2156 = DIRECTION('',(0.,1.,-4.982680934518E-12));
#2157 = DIRECTION('',(1.,-8.297830646762E-28,-1.665334536931E-16));
#2158 = CYLINDRICAL_SURFACE('',#2159,1.1);
#2159 = AXIS2_PLACEMENT_3D('',#2160,#2161,#2162);
#2160 = CARTESIAN_POINT('',(7.500000000139,-43.59999999994,
    -12.1999999999));
#2161 = DIRECTION('',(0.,-1.,4.982680934518E-12));
#2162 = DIRECTION('',(1.,-8.297830646762E-28,-1.665334536931E-16));
#2163 = ADVANCED_FACE('',(#2164,#2167),#2178,.T.);
#2164 = FACE_BOUND('',#2165,.T.);
#2165 = EDGE_LOOP('',(#2166));
#2166 = ORIENTED_EDGE('',*,*,#1701,.F.);
#2167 = FACE_BOUND('',#2168,.T.);
#2168 = EDGE_LOOP('',(#2169));
#2169 = ORIENTED_EDGE('',*,*,#2170,.F.);
#2170 = EDGE_CURVE('',#2171,#2171,#2173,.T.);
#2171 = VERTEX_POINT('',#2172);
#2172 = CARTESIAN_POINT('',(-9.847682000177,-44.39999999988,
    -12.1999999999));
#2173 = CIRCLE('',#2174,2.347682000316);
#2174 = AXIS2_PLACEMENT_3D('',#2175,#2176,#2177);
#2175 = CARTESIAN_POINT('',(-7.499999999861,-44.39999999988,
    -12.1999999999));
#2176 = DIRECTION('',(-1.110223024625E-16,-1.,3.905406986423E-18));
#2177 = DIRECTION('',(1.,-1.110223024625E-16,-1.665334536931E-16));
#2178 = PLANE('',#2179);
#2179 = AXIS2_PLACEMENT_3D('',#2180,#2181,#2182);
#2180 = CARTESIAN_POINT('',(-7.499999999861,-44.39999999988,
    -12.19999999989));
#2181 = DIRECTION('',(-1.110223024625E-16,-1.,3.905406986423E-18));
#2182 = DIRECTION('',(1.,-1.110223024625E-16,-4.405438228686E-33));
#2183 = ADVANCED_FACE('',(#2184,#2187),#2198,.T.);
#2184 = FACE_BOUND('',#2185,.T.);
#2185 = EDGE_LOOP('',(#2186));
#2186 = ORIENTED_EDGE('',*,*,#1726,.F.);
#2187 = FACE_BOUND('',#2188,.T.);
#2188 = EDGE_LOOP('',(#2189));
#2189 = ORIENTED_EDGE('',*,*,#2190,.F.);
#2190 = EDGE_CURVE('',#2191,#2191,#2193,.T.);
#2191 = VERTEX_POINT('',#2192);
#2192 = CARTESIAN_POINT('',(5.152317999823,-44.39999999988,
    -12.1999999999));
#2193 = CIRCLE('',#2194,2.347682000316);
#2194 = AXIS2_PLACEMENT_3D('',#2195,#2196,#2197);
#2195 = CARTESIAN_POINT('',(7.500000000139,-44.39999999988,
    -12.1999999999));
#2196 = DIRECTION('',(-1.110223024625E-16,-1.,3.905406986423E-18));
#2197 = DIRECTION('',(1.,-1.110223024625E-16,-1.665334536931E-16));
#2198 = PLANE('',#2199);
#2199 = AXIS2_PLACEMENT_3D('',#2200,#2201,#2202);
#2200 = CARTESIAN_POINT('',(7.500000000139,-44.39999999988,
    -12.19999999989));
#2201 = DIRECTION('',(-1.110223024625E-16,-1.,3.905406986423E-18));
#2202 = DIRECTION('',(1.,-1.110223024625E-16,-4.405438228686E-33));
#2203 = ADVANCED_FACE('',(#2204),#2210,.T.);
#2204 = FACE_BOUND('',#2205,.T.);
#2205 = EDGE_LOOP('',(#2206,#2207,#2208,#2209));
#2206 = ORIENTED_EDGE('',*,*,#2037,.T.);
#2207 = ORIENTED_EDGE('',*,*,#1854,.T.);
#2208 = ORIENTED_EDGE('',*,*,#1821,.T.);
#2209 = ORIENTED_EDGE('',*,*,#1777,.T.);
#2210 = PLANE('',#2211);
#2211 = AXIS2_PLACEMENT_3D('',#2212,#2213,#2214);
#2212 = CARTESIAN_POINT('',(4.325000000139,-36.29999999996,
    -16.44999999994));
#2213 = DIRECTION('',(-5.703155608002E-16,0.707106781183,-0.70710678119)
  );
#2214 = DIRECTION('',(-1.,9.860761315263E-32,8.06548000912E-16));
#2215 = ADVANCED_FACE('',(#2216),#2227,.T.);
#2216 = FACE_BOUND('',#2217,.T.);
#2217 = EDGE_LOOP('',(#2218,#2219,#2220,#2226));
#2218 = ORIENTED_EDGE('',*,*,#1997,.T.);
#2219 = ORIENTED_EDGE('',*,*,#1947,.T.);
#2220 = ORIENTED_EDGE('',*,*,#2221,.F.);
#2221 = EDGE_CURVE('',#1837,#1950,#2222,.T.);
#2222 = LINE('',#2223,#2224);
#2223 = CARTESIAN_POINT('',(8.650000000139,-36.79999999997,
    -16.94999999994));
#2224 = VECTOR('',#2225,1.);
#2225 = DIRECTION('',(0.,0.70710678119,0.707106781183));
#2226 = ORIENTED_EDGE('',*,*,#1836,.T.);
#2227 = PLANE('',#2228);
#2228 = AXIS2_PLACEMENT_3D('',#2229,#2230,#2231);
#2229 = CARTESIAN_POINT('',(4.325000000139,-36.29999999996,
    -16.44999999994));
#2230 = DIRECTION('',(-5.703155608002E-16,0.707106781183,-0.70710678119)
  );
#2231 = DIRECTION('',(-1.,9.860761315263E-32,8.06548000912E-16));
#2232 = ADVANCED_FACE('',(#2233),#2252,.F.);
#2233 = FACE_BOUND('',#2234,.F.);
#2234 = EDGE_LOOP('',(#2235,#2243,#2244,#2245));
#2235 = ORIENTED_EDGE('',*,*,#2236,.T.);
#2236 = EDGE_CURVE('',#2237,#1905,#2239,.T.);
#2237 = VERTEX_POINT('',#2238);
#2238 = CARTESIAN_POINT('',(-9.840857768657,-44.39879670374,
    -12.1999999999));
#2239 = LINE('',#2240,#2241);
#2240 = CARTESIAN_POINT('',(-9.220428884259,-44.04059192032,
    -12.1999999999));
#2241 = VECTOR('',#2242,1.);
#2242 = DIRECTION('',(0.866025403784,0.5,-8.982290104727E-14));
#2243 = ORIENTED_EDGE('',*,*,#1914,.F.);
#2244 = ORIENTED_EDGE('',*,*,#2236,.F.);
#2245 = ORIENTED_EDGE('',*,*,#2246,.F.);
#2246 = EDGE_CURVE('',#2237,#2237,#2247,.T.);
#2247 = CIRCLE('',#2248,2.340857768795);
#2248 = AXIS2_PLACEMENT_3D('',#2249,#2250,#2251);
#2249 = CARTESIAN_POINT('',(-7.499999999861,-44.39879670374,
    -12.1999999999));
#2250 = DIRECTION('',(0.,-1.,3.41481908207E-13));
#2251 = DIRECTION('',(1.,0.,0.));
#2252 = CONICAL_SURFACE('',#2253,1.720428884398,1.047197551197);
#2253 = AXIS2_PLACEMENT_3D('',#2254,#2255,#2256);
#2254 = CARTESIAN_POINT('',(-7.499999999861,-44.04059192032,
    -12.1999999999));
#2255 = DIRECTION('',(0.,-1.,1.797657050067E-13));
#2256 = DIRECTION('',(1.,-9.570492677733E-30,-5.323870132725E-17));
#2257 = ADVANCED_FACE('',(#2258),#2264,.T.);
#2258 = FACE_BOUND('',#2259,.T.);
#2259 = EDGE_LOOP('',(#2260,#2261,#2262,#2263));
#2260 = ORIENTED_EDGE('',*,*,#2221,.T.);
#2261 = ORIENTED_EDGE('',*,*,#1982,.T.);
#2262 = ORIENTED_EDGE('',*,*,#2090,.F.);
#2263 = ORIENTED_EDGE('',*,*,#2072,.T.);
#2264 = CONICAL_SURFACE('',#2265,3.05,0.785398163397);
#2265 = AXIS2_PLACEMENT_3D('',#2266,#2267,#2268);
#2266 = CARTESIAN_POINT('',(8.650000000139,-36.29999999995,
    -13.39999999994));
#2267 = DIRECTION('',(0.,-1.,4.982680934518E-12));
#2268 = DIRECTION('',(1.,2.286773046795E-27,4.58944306659E-16));
#2269 = ADVANCED_FACE('',(#2270),#2289,.F.);
#2270 = FACE_BOUND('',#2271,.F.);
#2271 = EDGE_LOOP('',(#2272,#2280,#2281,#2282));
#2272 = ORIENTED_EDGE('',*,*,#2273,.T.);
#2273 = EDGE_CURVE('',#2274,#2143,#2276,.T.);
#2274 = VERTEX_POINT('',#2275);
#2275 = CARTESIAN_POINT('',(5.159142231343,-44.39879670374,
    -12.1999999999));
#2276 = LINE('',#2277,#2278);
#2277 = CARTESIAN_POINT('',(5.779571115741,-44.04059192032,
    -12.1999999999));
#2278 = VECTOR('',#2279,1.);
#2279 = DIRECTION('',(0.866025403784,0.5,-8.982290104727E-14));
#2280 = ORIENTED_EDGE('',*,*,#2152,.F.);
#2281 = ORIENTED_EDGE('',*,*,#2273,.F.);
#2282 = ORIENTED_EDGE('',*,*,#2283,.F.);
#2283 = EDGE_CURVE('',#2274,#2274,#2284,.T.);
#2284 = CIRCLE('',#2285,2.340857768795);
#2285 = AXIS2_PLACEMENT_3D('',#2286,#2287,#2288);
#2286 = CARTESIAN_POINT('',(7.500000000139,-44.39879670374,
    -12.1999999999));
#2287 = DIRECTION('',(0.,-1.,3.41481908207E-13));
#2288 = DIRECTION('',(1.,0.,0.));
#2289 = CONICAL_SURFACE('',#2290,1.720428884398,1.047197551197);
#2290 = AXIS2_PLACEMENT_3D('',#2291,#2292,#2293);
#2291 = CARTESIAN_POINT('',(7.500000000139,-44.04059192032,
    -12.1999999999));
#2292 = DIRECTION('',(0.,-1.,1.797657050067E-13));
#2293 = DIRECTION('',(1.,-9.570492677733E-30,-5.323870132725E-17));
#2294 = ADVANCED_FACE('',(#2295),#2306,.F.);
#2295 = FACE_BOUND('',#2296,.F.);
#2296 = EDGE_LOOP('',(#2297,#2303,#2304,#2305));
#2297 = ORIENTED_EDGE('',*,*,#2298,.T.);
#2298 = EDGE_CURVE('',#2237,#2171,#2299,.T.);
#2299 = LINE('',#2300,#2301);
#2300 = CARTESIAN_POINT('',(-9.223841000019,-44.28999999988,
    -12.1999999999));
#2301 = VECTOR('',#2302,1.);
#2302 = DIRECTION('',(-0.984807753012,-0.173648177667,2.846076025831E-16
    ));
#2303 = ORIENTED_EDGE('',*,*,#2170,.F.);
#2304 = ORIENTED_EDGE('',*,*,#2298,.F.);
#2305 = ORIENTED_EDGE('',*,*,#2246,.T.);
#2306 = CONICAL_SURFACE('',#2307,1.723841000158,1.396263401595);
#2307 = AXIS2_PLACEMENT_3D('',#2308,#2309,#2310);
#2308 = CARTESIAN_POINT('',(-7.499999999861,-44.28999999988,
    -12.1999999999));
#2309 = DIRECTION('',(0.,-1.,0.));
#2310 = DIRECTION('',(1.,0.,-1.665334536931E-16));
#2311 = ADVANCED_FACE('',(#2312),#2323,.F.);
#2312 = FACE_BOUND('',#2313,.F.);
#2313 = EDGE_LOOP('',(#2314,#2320,#2321,#2322));
#2314 = ORIENTED_EDGE('',*,*,#2315,.T.);
#2315 = EDGE_CURVE('',#2274,#2191,#2316,.T.);
#2316 = LINE('',#2317,#2318);
#2317 = CARTESIAN_POINT('',(5.776158999981,-44.28999999988,
    -12.1999999999));
#2318 = VECTOR('',#2319,1.);
#2319 = DIRECTION('',(-0.984807753012,-0.173648177667,2.846076025831E-16
    ));
#2320 = ORIENTED_EDGE('',*,*,#2190,.F.);
#2321 = ORIENTED_EDGE('',*,*,#2315,.F.);
#2322 = ORIENTED_EDGE('',*,*,#2283,.T.);
#2323 = CONICAL_SURFACE('',#2324,1.723841000158,1.396263401595);
#2324 = AXIS2_PLACEMENT_3D('',#2325,#2326,#2327);
#2325 = CARTESIAN_POINT('',(7.500000000139,-44.28999999988,
    -12.1999999999));
#2326 = DIRECTION('',(0.,-1.,0.));
#2327 = DIRECTION('',(1.,0.,-1.665334536931E-16));
#2328 = ( GEOMETRIC_REPRESENTATION_CONTEXT(3) 
GLOBAL_UNCERTAINTY_ASSIGNED_CONTEXT((#2332)) 
GLOBAL_UNIT_ASSIGNED_CONTEXT((#2329,#2330,#2331)) REPRESENTATION_CONTEXT
('Context #1','3D Context with UNIT and UNCERTAINTY') );
#2329 = ( LENGTH_UNIT() NAMED_UNIT(*) SI_UNIT(.MILLI.,.METRE.) );
#2330 = ( NAMED_UNIT(*) PLANE_ANGLE_UNIT() SI_UNIT($,.RADIAN.) );
#2331 = ( NAMED_UNIT(*) SI_UNIT($,.STERADIAN.) SOLID_ANGLE_UNIT() );
#2332 = UNCERTAINTY_MEASURE_WITH_UNIT(LENGTH_MEASURE(2.E-04),#2329,
  'distance_accuracy_value','confusion accuracy');
#2333 = PRODUCT_RELATED_PRODUCT_CATEGORY('part',$,(#7));
ENDSEC;
END-ISO-10303-21;
